recall,precision
0.0,1.0
0.00025075225677031093,1.0
0.0005015045135406219,1.0
0.0007522567703109327,1.0
0.0010030090270812437,1.0
0.0012537612838515546,1.0
0.0015045135406218655,1.0
0.0017552657973921766,1.0
0.0020060180541624875,1.0
0.0022567703109327986,1.0
0.0025075225677031092,1.0
0.0027582748244734203,1.0
0.003009027081243731,1.0
0.003259779338014042,1.0
0.003510531594784353,1.0
0.003761283851554664,1.0
0.004012036108324975,1.0
0.004262788365095286,1.0
0.004513540621865597,1.0
0.004764292878635908,1.0
0.0050150451354062184,1.0
0.00526579739217653,1.0
0.005516549648946841,1.0
0.005767301905717151,1.0
0.006018054162487462,1.0
0.0062688064192577735,1.0
0.006519558676028084,1.0
0.006770310932798395,1.0
0.007021063189568706,1.0
0.007271815446339017,1.0
0.007522567703109328,1.0
0.007773319959879639,1.0
0.00802407221664995,1.0
0.008274824473420261,1.0
0.008525576730190571,1.0
0.008776328986960883,1.0
0.009027081243731194,1.0
0.009277833500501504,1.0
0.009528585757271816,1.0
0.009779338014042127,1.0
0.010030090270812437,1.0
0.010280842527582748,1.0
0.01053159478435306,1.0
0.01078234704112337,1.0
0.011033099297893681,1.0
0.011283851554663993,1.0
0.011534603811434303,1.0
0.011785356068204614,1.0
0.012036108324974924,1.0
0.012286860581745235,1.0
0.012537612838515547,1.0
0.012788365095285857,1.0
0.013039117352056168,1.0
0.01328986960882648,1.0
0.01354062186559679,1.0
0.013791374122367101,1.0
0.014042126379137413,1.0
0.014292878635907722,1.0
0.014543630892678034,1.0
0.014794383149448346,1.0
0.015045135406218655,1.0
0.015295887662988967,1.0
0.015546639919759278,1.0
0.01579739217652959,1.0
0.0160481444332999,1.0
0.01629889669007021,1.0
0.016549648946840523,1.0
0.016800401203610833,1.0
0.017051153460381142,1.0
0.017301905717151456,1.0
0.017552657973921765,1.0
0.017803410230692075,1.0
0.01805416248746239,1.0
0.0183049147442327,1.0
0.018555667001003008,1.0
0.01880641925777332,1.0
0.01905717151454363,1.0
0.01930792377131394,1.0
0.019558676028084254,1.0
0.019809428284854564,1.0
0.020060180541624874,1.0
0.020310932798395187,1.0
0.020561685055165497,1.0
0.020812437311935807,1.0
0.02106318956870612,1.0
0.02131394182547643,1.0
0.02156469408224674,1.0
0.021815446339017053,1.0
0.022066198595787363,1.0
0.022316950852557672,1.0
0.022567703109327986,1.0
0.022818455366098295,1.0
0.023069207622868605,1.0
0.02331995987963892,1.0
0.02357071213640923,1.0
0.023821464393179538,1.0
0.024072216649949848,1.0
0.02432296890672016,1.0
0.02457372116349047,1.0
0.02482447342026078,1.0
0.025075225677031094,1.0
0.025325977933801404,1.0
0.025576730190571714,1.0
0.025827482447342027,1.0
0.026078234704112337,1.0
0.026328986960882646,1.0
0.02657973921765296,1.0
0.02683049147442327,1.0
0.02708124373119358,1.0
0.027331995987963893,1.0
0.027582748244734202,1.0
0.027833500501504512,1.0
0.028084252758274825,1.0
0.028335005015045135,1.0
0.028585757271815445,1.0
0.028836509528585758,1.0
0.029087261785356068,1.0
0.029338014042126378,1.0
0.02958876629889669,1.0
0.029839518555667,1.0
0.03009027081243731,1.0
0.030341023069207624,1.0
0.030591775325977934,1.0
0.030842527582748244,1.0
0.031093279839518557,1.0
0.03134403209628887,1.0
0.03159478435305918,1.0
0.031845536609829486,1.0
0.0320962888665998,1.0
0.03234704112337011,1.0
0.03259779338014042,1.0
0.03284854563691073,1.0
0.033099297893681046,1.0
0.03335005015045135,1.0
0.033600802407221665,1.0
0.03385155466399198,1.0
0.034102306920762285,1.0
0.0343530591775326,1.0
0.03460381143430291,1.0
0.03485456369107322,1.0
0.03510531594784353,1.0
0.035356068204613844,1.0
0.03560682046138415,1.0
0.035857572718154464,1.0
0.03610832497492478,1.0
0.03635907723169508,1.0
0.0366098294884654,1.0
0.03686058174523571,1.0
0.037111334002006016,1.0
0.03736208625877633,1.0
0.03761283851554664,1.0
0.03786359077231695,1.0
0.03811434302908726,1.0
0.038365095285857576,1.0
0.03861584754262788,1.0
0.038866599799398195,1.0
0.03911735205616851,1.0
0.039368104312938815,1.0
0.03961885656970913,1.0
0.03986960882647944,1.0
0.04012036108324975,1.0
0.04037111334002006,1.0
0.040621865596790374,1.0
0.04087261785356068,1.0
0.041123370110330994,1.0
0.04137412236710131,1.0
0.04162487462387161,1.0
0.04187562688064193,1.0
0.04212637913741224,1.0
0.042377131394182546,1.0
0.04262788365095286,1.0
0.04287863590772317,1.0
0.04312938816449348,1.0
0.04338014042126379,1.0
0.043630892678034106,1.0
0.04388164493480441,1.0
0.044132397191574725,1.0
0.04438314944834504,1.0
0.044633901705115345,1.0
0.04488465396188566,1.0
0.04513540621865597,1.0
0.04538615847542628,1.0
0.04563691073219659,1.0
0.045887662988966904,1.0
0.04613841524573721,1.0
0.046389167502507524,1.0
0.04663991975927784,1.0
0.04689067201604814,1.0
0.04714142427281846,1.0
0.04739217652958876,1.0
0.047642928786359076,1.0
0.04789368104312939,1.0
0.048144433299899696,1.0
0.04839518555667001,1.0
0.04864593781344032,1.0
0.04889669007021063,1.0
0.04914744232698094,1.0
0.049398194583751255,1.0
0.04964894684052156,1.0
0.049899699097291875,1.0
0.05015045135406219,1.0
0.050401203610832494,1.0
0.05065195586760281,1.0
0.05090270812437312,1.0
0.05115346038114343,1.0
0.05140421263791374,1.0
0.051654964894684054,1.0
0.05190571715145436,1.0
0.05215646940822467,1.0
0.052407221664994987,1.0
0.05265797392176529,1.0
0.052908726178535606,1.0
0.05315947843530592,1.0
0.053410230692076226,1.0
0.05366098294884654,1.0
0.05391173520561685,1.0
0.05416248746238716,1.0
0.05441323971915747,1.0
0.054663991975927785,1.0
0.05491474423269809,1.0
0.055165496489468405,1.0
0.05541624874623872,1.0
0.055667001003009024,1.0
0.05591775325977934,1.0
0.05616850551654965,1.0
0.05641925777331996,1.0
0.05667001003009027,1.0
0.056920762286860584,1.0
0.05717151454363089,1.0
0.0574222668004012,1.0
0.057673019057171516,1.0
0.05792377131394182,1.0
0.058174523570712136,1.0
0.05842527582748245,1.0
0.058676028084252756,1.0
0.05892678034102307,1.0
0.05917753259779338,1.0
0.05942828485456369,1.0
0.059679037111334,1.0
0.059929789368104315,1.0
0.06018054162487462,1.0
0.060431293881644935,1.0
0.06068204613841525,1.0
0.060932798395185554,1.0
0.06118355065195587,1.0
0.06143430290872618,1.0
0.06168505516549649,1.0
0.0619358074222668,1.0
0.062186559679037114,1.0
0.06243731193580742,1.0
0.06268806419257773,1.0
0.06293881644934804,1.0
0.06318956870611836,1.0
0.06344032096288867,1.0
0.06369107321965897,1.0
0.06394182547642929,1.0
0.0641925777331996,1.0
0.0644433299899699,1.0
0.06469408224674023,1.0
0.06494483450351053,1.0
0.06519558676028084,1.0
0.06544633901705116,1.0
0.06569709127382146,1.0
0.06594784353059177,1.0
0.06619859578736209,1.0
0.0664493480441324,1.0
0.0667001003009027,1.0
0.06695085255767302,1.0
0.06720160481444333,1.0
0.06745235707121364,1.0
0.06770310932798396,1.0
0.06795386158475426,1.0
0.06820461384152457,1.0
0.06845536609829489,1.0
0.0687061183550652,1.0
0.0689568706118355,1.0
0.06920762286860582,1.0
0.06945837512537613,1.0
0.06970912738214644,1.0
0.06995987963891676,1.0
0.07021063189568706,1.0
0.07046138415245737,1.0
0.07071213640922769,1.0
0.070962888665998,1.0
0.0712136409227683,1.0
0.07146439317953862,1.0
0.07171514543630893,1.0
0.07196589769307923,1.0
0.07221664994984955,1.0
0.07246740220661986,1.0
0.07271815446339017,1.0
0.07296890672016049,1.0
0.0732196589769308,1.0
0.0734704112337011,1.0
0.07372116349047142,1.0
0.07397191574724173,1.0
0.07422266800401203,1.0
0.07447342026078235,1.0
0.07472417251755266,1.0
0.07497492477432297,1.0
0.07522567703109329,1.0
0.07547642928786359,1.0
0.0757271815446339,1.0
0.07597793380140422,1.0
0.07622868605817452,1.0
0.07647943831494483,1.0
0.07673019057171515,1.0
0.07698094282848546,1.0
0.07723169508525576,1.0
0.07748244734202608,1.0
0.07773319959879639,1.0
0.0779839518555667,1.0
0.07823470411233702,1.0
0.07848545636910732,1.0
0.07873620862587763,1.0
0.07898696088264795,1.0
0.07923771313941826,1.0
0.07923771313941826,0.997907949790795
0.07948846539618856,0.997907949790795
0.07973921765295888,0.997907949790795
0.07998996990972919,0.997907949790795
0.0802407221664995,0.997907949790795
0.08049147442326982,0.997907949790795
0.08074222668004012,0.997907949790795
0.08099297893681043,0.997907949790795
0.08124373119358075,0.997907949790795
0.08149448345035105,0.997907949790795
0.08174523570712136,0.997907949790795
0.08199598796389168,0.997907949790795
0.08224674022066199,0.997907949790795
0.0824974924774323,0.997907949790795
0.08274824473420261,0.997907949790795
0.08299899699097292,0.997907949790795
0.08324974924774323,0.997907949790795
0.08350050150451355,0.997907949790795
0.08375125376128385,0.997907949790795
0.08400200601805416,0.997907949790795
0.08425275827482448,0.997907949790795
0.08450351053159479,0.997907949790795
0.08475426278836509,0.997907949790795
0.08500501504513541,0.997907949790795
0.08525576730190572,0.997907949790795
0.08550651955867603,0.997907949790795
0.08575727181544635,0.997907949790795
0.08600802407221665,0.997907949790795
0.08625877632898696,0.997907949790795
0.08650952858575728,0.997907949790795
0.08676028084252758,0.997907949790795
0.08701103309929789,0.997907949790795
0.08726178535606821,0.997907949790795
0.08751253761283852,0.997907949790795
0.08776328986960882,0.997907949790795
0.08801404212637914,0.997907949790795
0.08826479438314945,0.997907949790795
0.08851554663991976,0.997907949790795
0.08876629889669008,0.997907949790795
0.08901705115346038,0.997907949790795
0.08926780341023069,0.997907949790795
0.08951855566700101,0.997907949790795
0.08976930792377132,0.997907949790795
0.09002006018054162,0.997907949790795
0.09027081243731194,0.997907949790795
0.09052156469408225,0.997907949790795
0.09077231695085256,0.997907949790795
0.09102306920762288,0.997907949790795
0.09127382146439318,0.997907949790795
0.09152457372116349,0.997907949790795
0.09177532597793381,0.997907949790795
0.09202607823470411,0.997907949790795
0.09227683049147442,0.997907949790795
0.09252758274824474,0.997907949790795
0.09277833500501505,0.997907949790795
0.09302908726178535,0.997907949790795
0.09327983951855567,0.997907949790795
0.09353059177532598,0.997907949790795
0.09378134403209629,0.997907949790795
0.09403209628886659,0.997907949790795
0.09428284854563691,0.997907949790795
0.09453360080240722,0.997907949790795
0.09478435305917753,0.997907949790795
0.09503510531594785,0.997907949790795
0.09528585757271815,0.997907949790795
0.09553660982948846,0.997907949790795
0.09578736208625878,0.997907949790795
0.09603811434302909,0.997907949790795
0.09628886659979939,0.997907949790795
0.09653961885656971,0.997907949790795
0.09679037111334002,0.997907949790795
0.09704112337011032,0.997907949790795
0.09729187562688064,0.997907949790795
0.09754262788365095,0.997907949790795
0.09779338014042126,0.997907949790795
0.09804413239719158,0.997907949790795
0.09829488465396188,0.997907949790795
0.09854563691073219,0.997907949790795
0.09879638916750251,0.997907949790795
0.09904714142427282,0.997907949790795
0.09929789368104312,0.997907949790795
0.09954864593781344,0.997907949790795
0.09979939819458375,0.997907949790795
0.10005015045135406,0.997907949790795
0.10030090270812438,0.997907949790795
0.10055165496489468,0.997907949790795
0.10080240722166499,0.997907949790795
0.10105315947843531,0.997907949790795
0.10130391173520562,0.997907949790795
0.10155466399197592,0.997907949790795
0.10180541624874624,0.997907949790795
0.10205616850551655,0.997907949790795
0.10230692076228685,0.997907949790795
0.10255767301905717,0.997907949790795
0.10280842527582748,0.997907949790795
0.10305917753259779,0.997907949790795
0.10330992978936811,0.997907949790795
0.10356068204613841,0.997907949790795
0.10381143430290872,0.997907949790795
0.10406218655967904,0.997907949790795
0.10431293881644935,0.997907949790795
0.10456369107321965,0.997907949790795
0.10481444332998997,0.997907949790795
0.10506519558676028,0.997907949790795
0.10531594784353059,0.997907949790795
0.1055667001003009,0.997907949790795
0.10581745235707121,0.997907949790795
0.10606820461384152,0.997907949790795
0.10631895687061184,0.997907949790795
0.10656970912738215,0.997907949790795
0.10682046138415245,0.997907949790795
0.10707121364092277,0.997907949790795
0.10732196589769308,0.997907949790795
0.10757271815446338,0.997907949790795
0.1078234704112337,0.997907949790795
0.10807422266800401,0.997907949790795
0.10832497492477432,0.997907949790795
0.10857572718154464,0.997907949790795
0.10882647943831494,0.997907949790795
0.10907723169508525,0.997907949790795
0.10932798395185557,0.997907949790795
0.10957873620862588,0.997907949790795
0.10982948846539618,0.997907949790795
0.1100802407221665,0.997907949790795
0.11033099297893681,0.997907949790795
0.11058174523570712,0.997907949790795
0.11083249749247744,0.997907949790795
0.11108324974924774,0.997907949790795
0.11133400200601805,0.997907949790795
0.11158475426278837,0.997907949790795
0.11183550651955868,0.997907949790795
0.11208625877632898,0.997907949790795
0.1123370110330993,0.997907949790795
0.11258776328986961,0.997907949790795
0.11283851554663991,0.997907949790795
0.11308926780341023,0.997907949790795
0.11334002006018054,0.997907949790795
0.11359077231695085,0.997907949790795
0.11384152457372117,0.997907949790795
0.11409227683049147,0.997907949790795
0.11434302908726178,0.997907949790795
0.1145937813440321,0.997907949790795
0.1148445336008024,0.997907949790795
0.11509528585757271,0.997907949790795
0.11534603811434303,0.997907949790795
0.11559679037111334,0.997907949790795
0.11584754262788365,0.997907949790795
0.11609829488465397,0.997907949790795
0.11634904714142427,0.997907949790795
0.11659979939819458,0.997907949790795
0.1168505516549649,0.997907949790795
0.1171013039117352,0.997907949790795
0.11735205616850551,0.997907949790795
0.11760280842527583,0.997907949790795
0.11785356068204614,0.997907949790795
0.11810431293881644,0.997907949790795
0.11835506519558676,0.997907949790795
0.11860581745235707,0.997907949790795
0.11885656970912738,0.997907949790795
0.1191073219658977,0.997907949790795
0.119358074222668,0.997907949790795
0.11960882647943831,0.997907949790795
0.11960882647943831,0.9961612284069098
0.11985957873620863,0.9961612284069098
0.12011033099297894,0.9961612284069098
0.12036108324974924,0.9961612284069098
0.12061183550651956,0.9961612284069098
0.12086258776328987,0.9961612284069098
0.12111334002006018,0.9961612284069098
0.1213640922768305,0.9961612284069098
0.1216148445336008,0.9961612284069098
0.12186559679037111,0.9961612284069098
0.12211634904714143,0.9961612284069098
0.12236710130391174,0.9961612284069098
0.12261785356068204,0.9961612284069098
0.12286860581745236,0.9961612284069098
0.12311935807422267,0.9961612284069098
0.12337011033099297,0.9961612284069098
0.1236208625877633,0.9961612284069098
0.1238716148445336,0.9961612284069098
0.12412236710130391,0.9961612284069098
0.12437311935807423,0.9961612284069098
0.12462387161484453,0.9961612284069098
0.12487462387161484,0.9961612284069098
0.12512537612838515,0.9961612284069098
0.12537612838515547,0.9961612284069098
0.1256268806419258,0.9961612284069098
0.12587763289869608,0.9961612284069098
0.1261283851554664,0.9961612284069098
0.12637913741223672,0.9961612284069098
0.126629889669007,0.9961612284069098
0.12688064192577733,0.9961612284069098
0.12713139418254765,0.9961612284069098
0.12738214643931794,0.9961612284069098
0.12763289869608826,0.9961612284069098
0.12788365095285859,0.9961612284069098
0.12813440320962888,0.9961612284069098
0.1283851554663992,0.9961612284069098
0.12863590772316952,0.9961612284069098
0.1288866599799398,0.9961612284069098
0.12913741223671013,0.9961612284069098
0.12938816449348045,0.9961612284069098
0.12963891675025074,0.9961612284069098
0.12988966900702106,0.9961612284069098
0.13014042126379138,0.9961612284069098
0.13014042126379138,0.9954058192955589
0.13039117352056168,0.9954058192955589
0.130641925777332,0.9954058192955589
0.13089267803410232,0.9954058192955589
0.1311434302908726,0.9954058192955589
0.13139418254764293,0.9954058192955589
0.13164493480441325,0.9954058192955589
0.13189568706118354,0.9954058192955589
0.13214643931795386,0.9954058192955589
0.13239719157472418,0.9954058192955589
0.13264794383149447,0.9954058192955589
0.1328986960882648,0.9954058192955589
0.13314944834503512,0.9954058192955589
0.1334002006018054,0.9954058192955589
0.13365095285857573,0.9954058192955589
0.13390170511534605,0.9954058192955589
0.13415245737211634,0.9954058192955589
0.13440320962888666,0.9954058192955589
0.13465396188565698,0.9954058192955589
0.13490471414242727,0.9954058192955589
0.1351554663991976,0.9954058192955589
0.1354062186559679,0.9954058192955589
0.1356569709127382,0.9954058192955589
0.13590772316950853,0.9954058192955589
0.13615847542627885,0.9954058192955589
0.13640922768304914,0.9954058192955589
0.13665997993981946,0.9954058192955589
0.13691073219658978,0.9954058192955589
0.13716148445336007,0.9954058192955589
0.1374122367101304,0.9954058192955589
0.1376629889669007,0.9954058192955589
0.137913741223671,0.9954058192955589
0.13816449348044132,0.9954058192955589
0.13841524573721165,0.9954058192955589
0.13866599799398194,0.9954058192955589
0.13891675025075226,0.9954058192955589
0.13916750250752258,0.9954058192955589
0.13941825476429287,0.9954058192955589
0.1396690070210632,0.9954058192955589
0.1399197592778335,0.9954058192955589
0.1401705115346038,0.9954058192955589
0.14042126379137412,0.9954058192955589
0.14067201604814444,0.9954058192955589
0.14092276830491474,0.9954058192955589
0.14117352056168506,0.9954058192955589
0.14142427281845538,0.9954058192955589
0.14167502507522567,0.9954058192955589
0.141925777331996,0.9954058192955589
0.1421765295887663,0.9954058192955589
0.1424272818455366,0.9954058192955589
0.14267803410230692,0.9954058192955589
0.14292878635907724,0.9954058192955589
0.14317953861584753,0.9954058192955589
0.14343029087261785,0.9954058192955589
0.14368104312938818,0.9954058192955589
0.14393179538615847,0.9954058192955589
0.1441825476429288,0.9954058192955589
0.1444332998996991,0.9954058192955589
0.1446840521564694,0.9954058192955589
0.14493480441323972,0.9954058192955589
0.14518555667001004,0.9954058192955589
0.14543630892678033,0.9954058192955589
0.14568706118355065,0.9954058192955589
0.14593781344032097,0.9954058192955589
0.14618856569709127,0.9954058192955589
0.1464393179538616,0.9954058192955589
0.1466900702106319,0.9954058192955589
0.1469408224674022,0.9954058192955589
0.14719157472417252,0.9954058192955589
0.14744232698094284,0.9954058192955589
0.14769307923771313,0.9954058192955589
0.14794383149448345,0.9954058192955589
0.14819458375125377,0.9954058192955589
0.14844533600802406,0.9954058192955589
0.14869608826479438,0.9954058192955589
0.1489468405215647,0.9954058192955589
0.149197592778335,0.9954058192955589
0.14944834503510532,0.9954058192955589
0.14969909729187564,0.9954058192955589
0.14994984954864593,0.9954058192955589
0.15020060180541625,0.9954058192955589
0.15045135406218657,0.9954058192955589
0.15070210631895686,0.9954058192955589
0.15095285857572718,0.9954058192955589
0.1512036108324975,0.9954058192955589
0.1514543630892678,0.9954058192955589
0.15170511534603812,0.9954058192955589
0.15195586760280844,0.9954058192955589
0.15220661985957873,0.9954058192955589
0.15245737211634905,0.9954058192955589
0.15270812437311937,0.9954058192955589
0.15295887662988966,0.9954058192955589
0.15320962888665998,0.9954058192955589
0.1534603811434303,0.9954058192955589
0.1537111334002006,0.9954058192955589
0.15396188565697091,0.9954058192955589
0.15421263791374124,0.9954058192955589
0.15446339017051153,0.9954058192955589
0.15471414242728185,0.9954058192955589
0.15496489468405217,0.9954058192955589
0.15521564694082246,0.9954058192955589
0.15546639919759278,0.9954058192955589
0.1557171514543631,0.9954058192955589
0.1559679037111334,0.9954058192955589
0.1562186559679037,0.9954058192955589
0.15646940822467403,0.9954058192955589
0.15672016048144433,0.9954058192955589
0.15697091273821465,0.9954058192955589
0.15722166499498497,0.9954058192955589
0.15747241725175526,0.9954058192955589
0.15772316950852558,0.9954058192955589
0.1579739217652959,0.9954058192955589
0.1582246740220662,0.9954058192955589
0.1584754262788365,0.9954058192955589
0.15872617853560683,0.9954058192955589
0.15897693079237712,0.9954058192955589
0.15922768304914744,0.9954058192955589
0.15947843530591777,0.9954058192955589
0.15972918756268806,0.9954058192955589
0.15997993981945838,0.9954058192955589
0.1602306920762287,0.9954058192955589
0.160481444332999,0.9954058192955589
0.1607321965897693,0.9954058192955589
0.16098294884653963,0.9954058192955589
0.16123370110330992,0.9954058192955589
0.16148445336008024,0.9954058192955589
0.16173520561685056,0.9954058192955589
0.16198595787362086,0.9954058192955589
0.16223671013039118,0.9954058192955589
0.1624874623871615,0.9954058192955589
0.1627382146439318,0.9954058192955589
0.1629889669007021,0.9954058192955589
0.1629889669007021,0.9950124688279302
0.16323971915747243,0.9950124688279302
0.16349047141424272,0.9950124688279302
0.16374122367101304,0.9950124688279302
0.16399197592778336,0.9950124688279302
0.16424272818455365,0.9950124688279302
0.16449348044132397,0.9950124688279302
0.1647442326980943,0.9950124688279302
0.1649949849548646,0.9950124688279302
0.1652457372116349,0.9950124688279302
0.16549648946840523,0.9950124688279302
0.16574724172517552,0.9950124688279302
0.16599799398194584,0.9950124688279302
0.16624874623871616,0.9950124688279302
0.16649949849548645,0.9950124688279302
0.16675025075225677,0.9950124688279302
0.1670010030090271,0.9950124688279302
0.16725175526579739,0.9950124688279302
0.1675025075225677,0.9950124688279302
0.16775325977933803,0.9950124688279302
0.16800401203610832,0.9950124688279302
0.16825476429287864,0.9950124688279302
0.16850551654964896,0.9950124688279302
0.16875626880641925,0.9950124688279302
0.16900702106318957,0.9950124688279302
0.1692577733199599,0.9950124688279302
0.16950852557673018,0.9950124688279302
0.1697592778335005,0.9950124688279302
0.17001003009027083,0.9950124688279302
0.17026078234704112,0.9950124688279302
0.17051153460381144,0.9950124688279302
0.17076228686058176,0.9950124688279302
0.17101303911735205,0.9950124688279302
0.17126379137412237,0.9950124688279302
0.1715145436308927,0.9950124688279302
0.17176529588766298,0.9950124688279302
0.1720160481444333,0.9950124688279302
0.17226680040120362,0.9950124688279302
0.17251755265797392,0.9950124688279302
0.17276830491474424,0.9950124688279302
0.17301905717151456,0.9950124688279302
0.17326980942828485,0.9950124688279302
0.17352056168505517,0.9950124688279302
0.1737713139418255,0.9950124688279302
0.17402206619859578,0.9950124688279302
0.1742728184553661,0.9950124688279302
0.17452357071213642,0.9950124688279302
0.17477432296890671,0.9950124688279302
0.17502507522567703,0.9950124688279302
0.17527582748244735,0.9950124688279302
0.17552657973921765,0.9950124688279302
0.17577733199598797,0.9950124688279302
0.1760280842527583,0.9950124688279302
0.17627883650952858,0.9950124688279302
0.1765295887662989,0.9950124688279302
0.17678034102306922,0.9950124688279302
0.1770310932798395,0.9950124688279302
0.17728184553660983,0.9950124688279302
0.17753259779338015,0.9950124688279302
0.17778335005015045,0.9950124688279302
0.17803410230692077,0.9950124688279302
0.1782848545636911,0.9950124688279302
0.17853560682046138,0.9950124688279302
0.1787863590772317,0.9950124688279302
0.17903711133400202,0.9950124688279302
0.1792878635907723,0.9950124688279302
0.17953861584754263,0.9950124688279302
0.17978936810431295,0.9950124688279302
0.18004012036108324,0.9950124688279302
0.18029087261785356,0.9950124688279302
0.18054162487462388,0.9950124688279302
0.18079237713139418,0.9950124688279302
0.1810431293881645,0.9950124688279302
0.18129388164493482,0.9950124688279302
0.1815446339017051,0.9950124688279302
0.18179538615847543,0.9950124688279302
0.18204613841524575,0.9950124688279302
0.18229689067201604,0.9950124688279302
0.18254764292878636,0.9950124688279302
0.18279839518555668,0.9950124688279302
0.18304914744232698,0.9950124688279302
0.1832998996990973,0.9950124688279302
0.18355065195586762,0.9950124688279302
0.1838014042126379,0.9950124688279302
0.18405215646940823,0.9950124688279302
0.18430290872617855,0.9950124688279302
0.18455366098294884,0.9950124688279302
0.18480441323971916,0.9950124688279302
0.18505516549648948,0.9950124688279302
0.18530591775325977,0.9950124688279302
0.1855566700100301,0.9950124688279302
0.18580742226680041,0.9950124688279302
0.1860581745235707,0.9950124688279302
0.18630892678034103,0.9950124688279302
0.18655967903711135,0.9950124688279302
0.18681043129388164,0.9950124688279302
0.18706118355065196,0.9950124688279302
0.18731193580742228,0.9950124688279302
0.18756268806419257,0.9950124688279302
0.1878134403209629,0.9950124688279302
0.18806419257773319,0.9950124688279302
0.1883149448345035,0.9950124688279302
0.18856569709127383,0.9950124688279302
0.18881644934804412,0.9950124688279302
0.18906720160481444,0.9950124688279302
0.18931795386158476,0.9950124688279302
0.18956870611835505,0.9950124688279302
0.18981945837512537,0.9950124688279302
0.1900702106318957,0.9950124688279302
0.19032096288866598,0.9950124688279302
0.1905717151454363,0.9950124688279302
0.19082246740220662,0.9950124688279302
0.19107321965897692,0.9950124688279302
0.19132397191574724,0.9950124688279302
0.19157472417251756,0.9950124688279302
0.19182547642928785,0.9950124688279302
0.19207622868605817,0.9950124688279302
0.1923269809428285,0.9950124688279302
0.19257773319959878,0.9950124688279302
0.1928284854563691,0.9950124688279302
0.19307923771313942,0.9950124688279302
0.19332998996990972,0.9950124688279302
0.19358074222668004,0.9950124688279302
0.19383149448345036,0.9950124688279302
0.19408224674022065,0.9950124688279302
0.19433299899699097,0.9950124688279302
0.1945837512537613,0.9950124688279302
0.19483450351053158,0.9950124688279302
0.1950852557673019,0.9950124688279302
0.19533600802407222,0.9950124688279302
0.19558676028084251,0.9950124688279302
0.19583751253761283,0.9950124688279302
0.19608826479438315,0.9950124688279302
0.19633901705115345,0.9950124688279302
0.19658976930792377,0.9950124688279302
0.1968405215646941,0.9950124688279302
0.19709127382146438,0.9950124688279302
0.1973420260782347,0.9950124688279302
0.19759277833500502,0.9950124688279302
0.1978435305917753,0.9950124688279302
0.19809428284854563,0.9950124688279302
0.19834503510531595,0.9950124688279302
0.19859578736208625,0.9950124688279302
0.19884653961885657,0.9950124688279302
0.1990972918756269,0.9950124688279302
0.19934804413239718,0.9950124688279302
0.1995987963891675,0.9950124688279302
0.19984954864593782,0.9950124688279302
0.2001003009027081,0.9950124688279302
0.2001003009027081,0.9944567627494457
0.20035105315947843,0.9944567627494457
0.20060180541624875,0.9944567627494457
0.20085255767301904,0.9944567627494457
0.20110330992978936,0.9944567627494457
0.20135406218655968,0.9944567627494457
0.20160481444332998,0.9944567627494457
0.2018555667001003,0.9944567627494457
0.20210631895687062,0.9944567627494457
0.2023570712136409,0.9944567627494457
0.20260782347041123,0.9944567627494457
0.20285857572718155,0.9944567627494457
0.20310932798395184,0.9944567627494457
0.20336008024072216,0.9944567627494457
0.20361083249749248,0.9944567627494457
0.20386158475426278,0.9944567627494457
0.2041123370110331,0.9944567627494457
0.20436308926780342,0.9944567627494457
0.2046138415245737,0.9944567627494457
0.20486459378134403,0.9944567627494457
0.20511534603811435,0.9944567627494457
0.20536609829488464,0.9944567627494457
0.20561685055165496,0.9944567627494457
0.20586760280842528,0.9944567627494457
0.20611835506519557,0.9944567627494457
0.2063691073219659,0.9944567627494457
0.20661985957873621,0.9944567627494457
0.2068706118355065,0.9944567627494457
0.20712136409227683,0.9944567627494457
0.20737211634904715,0.9944567627494457
0.20762286860581744,0.9944567627494457
0.20787362086258776,0.9944567627494457
0.20812437311935808,0.9944567627494457
0.20837512537612837,0.9944567627494457
0.2086258776328987,0.9944567627494457
0.208876629889669,0.9944567627494457
0.2091273821464393,0.9944567627494457
0.20937813440320963,0.9944567627494457
0.20962888665997995,0.9944567627494457
0.20987963891675024,0.9944567627494457
0.21013039117352056,0.9944567627494457
0.21038114343029088,0.9944567627494457
0.21063189568706117,0.9944567627494457
0.2108826479438315,0.9944567627494457
0.2111334002006018,0.9944567627494457
0.2113841524573721,0.9944567627494457
0.21163490471414242,0.9944567627494457
0.21188565697091274,0.9944567627494457
0.21213640922768304,0.9944567627494457
0.21238716148445336,0.9944567627494457
0.21263791374122368,0.9944567627494457
0.21288866599799397,0.9944567627494457
0.2131394182547643,0.9944567627494457
0.2133901705115346,0.9944567627494457
0.2136409227683049,0.9944567627494457
0.21389167502507522,0.9944567627494457
0.21414242728184554,0.9944567627494457
0.21439317953861584,0.9944567627494457
0.21464393179538616,0.9944567627494457
0.21489468405215648,0.9944567627494457
0.21514543630892677,0.9944567627494457
0.2153961885656971,0.9944567627494457
0.2156469408224674,0.9944567627494457
0.2158976930792377,0.9944567627494457
0.21614844533600802,0.9944567627494457
0.21639919759277834,0.9944567627494457
0.21664994984954863,0.9944567627494457
0.21690070210631895,0.9944567627494457
0.21715145436308927,0.9944567627494457
0.21740220661985957,0.9944567627494457
0.2176529588766299,0.9944567627494457
0.2179037111334002,0.9944567627494457
0.2181544633901705,0.9944567627494457
0.21840521564694082,0.9944567627494457
0.21865596790371114,0.9944567627494457
0.21890672016048143,0.9944567627494457
0.21915747241725175,0.9944567627494457
0.21940822467402207,0.9944567627494457
0.21965897693079237,0.9944567627494457
0.21990972918756269,0.9944567627494457
0.220160481444333,0.9944567627494457
0.2204112337011033,0.9944567627494457
0.22066198595787362,0.9944567627494457
0.22091273821464394,0.9944567627494457
0.22116349047141423,0.9944567627494457
0.22141424272818455,0.9944567627494457
0.22166499498495487,0.9944567627494457
0.22191574724172516,0.9944567627494457
0.22216649949849548,0.9944567627494457
0.2224172517552658,0.9944567627494457
0.2226680040120361,0.9944567627494457
0.22291875626880642,0.9944567627494457
0.22316950852557674,0.9944567627494457
0.22342026078234703,0.9944567627494457
0.22367101303911735,0.9944567627494457
0.22392176529588767,0.9944567627494457
0.22417251755265796,0.9944567627494457
0.22442326980942828,0.9944567627494457
0.2246740220661986,0.9944567627494457
0.2249247743229689,0.9944567627494457
0.2249247743229689,0.9939516129032258
0.22517552657973922,0.9939516129032258
0.22542627883650954,0.9939516129032258
0.22567703109327983,0.9939516129032258
0.22592778335005015,0.9939516129032258
0.22617853560682047,0.9939516129032258
0.22642928786359076,0.9939516129032258
0.22668004012036108,0.9939516129032258
0.2269307923771314,0.9939516129032258
0.2271815446339017,0.9939516129032258
0.22743229689067201,0.9939516129032258
0.22768304914744233,0.9939516129032258
0.22793380140421263,0.9939516129032258
0.22818455366098295,0.9939516129032258
0.22843530591775327,0.9939516129032258
0.22868605817452356,0.9939516129032258
0.22893681043129388,0.9939516129032258
0.2291875626880642,0.9939516129032258
0.2294383149448345,0.9939516129032258
0.2296890672016048,0.9939516129032258
0.22993981945837513,0.9939516129032258
0.23019057171514543,0.9939516129032258
0.23044132397191575,0.9939516129032258
0.23069207622868607,0.9939516129032258
0.23094282848545636,0.9939516129032258
0.23119358074222668,0.9939516129032258
0.231444332998997,0.9939516129032258
0.2316950852557673,0.9939516129032258
0.2319458375125376,0.9939516129032258
0.23219658976930793,0.9939516129032258
0.23244734202607822,0.9939516129032258
0.23269809428284854,0.9939516129032258
0.23294884653961886,0.9939516129032258
0.23319959879638916,0.9939516129032258
0.23345035105315948,0.9939516129032258
0.2337011033099298,0.9939516129032258
0.2339518555667001,0.9939516129032258
0.2342026078234704,0.9939516129032258
0.23445336008024073,0.9939516129032258
0.23470411233701102,0.9939516129032258
0.23495486459378134,0.9939516129032258
0.23520561685055166,0.9939516129032258
0.23545636910732196,0.9939516129032258
0.23570712136409228,0.9939516129032258
0.2359578736208626,0.9939516129032258
0.2362086258776329,0.9939516129032258
0.2364593781344032,0.9939516129032258
0.23671013039117353,0.9939516129032258
0.23696088264794382,0.9939516129032258
0.23721163490471414,0.9939516129032258
0.23746238716148446,0.9939516129032258
0.23771313941825475,0.9939516129032258
0.23796389167502507,0.9939516129032258
0.2382146439317954,0.9939516129032258
0.2384653961885657,0.9939516129032258
0.238716148445336,0.9939516129032258
0.23896690070210633,0.9939516129032258
0.23921765295887662,0.9939516129032258
0.23946840521564694,0.9939516129032258
0.23971915747241726,0.9939516129032258
0.23996990972918755,0.9939516129032258
0.24022066198595787,0.9939516129032258
0.2404714142427282,0.9939516129032258
0.24072216649949849,0.9939516129032258
0.2409729187562688,0.9939516129032258
0.24122367101303913,0.9939516129032258
0.24147442326980942,0.9939516129032258
0.24172517552657974,0.9939516129032258
0.24197592778335006,0.9939516129032258
0.24222668004012035,0.9939516129032258
0.24247743229689067,0.9939516129032258
0.242728184553661,0.9939516129032258
0.24297893681043128,0.9939516129032258
0.2432296890672016,0.9939516129032258
0.24348044132397192,0.9939516129032258
0.24373119358074222,0.9939516129032258
0.24398194583751254,0.9939516129032258
0.24423269809428286,0.9939516129032258
0.24448345035105315,0.9939516129032258
0.24473420260782347,0.9939516129032258
0.2449849548645938,0.9939516129032258
0.24523570712136408,0.9939516129032258
0.2454864593781344,0.9939516129032258
0.24573721163490472,0.9939516129032258
0.24598796389167502,0.9939516129032258
0.24623871614844534,0.9939516129032258
0.24648946840521566,0.9939516129032258
0.24674022066198595,0.9939516129032258
0.24699097291875627,0.9939516129032258
0.2472417251755266,0.9939516129032258
0.2472417251755266,0.9932236205227493
0.24749247743229688,0.9932236205227493
0.2477432296890672,0.9932236205227493
0.24799398194583752,0.9932236205227493
0.24824473420260781,0.9932236205227493
0.24849548645937813,0.9932236205227493
0.24874623871614845,0.9932236205227493
0.24899699097291875,0.9932236205227493
0.24924774322968907,0.9932236205227493
0.2494984954864594,0.9932236205227493
0.24974924774322968,0.9932236205227493
0.25,0.9932236205227493
0.2502507522567703,0.9932236205227493
0.25050150451354064,0.9932236205227493
0.25075225677031093,0.9932236205227493
0.2510030090270812,0.9932236205227493
0.2512537612838516,0.9932236205227493
0.25150451354062187,0.9932236205227493
0.25175526579739216,0.9932236205227493
0.2520060180541625,0.9932236205227493
0.2522567703109328,0.9932236205227493
0.2525075225677031,0.9932236205227493
0.25275827482447344,0.9932236205227493
0.25300902708124373,0.9932236205227493
0.253259779338014,0.9932236205227493
0.25351053159478437,0.9932236205227493
0.25376128385155466,0.9932236205227493
0.25401203610832496,0.9932236205227493
0.2542627883650953,0.9932236205227493
0.2545135406218656,0.9932236205227493
0.2547642928786359,0.9932236205227493
0.25501504513540624,0.9932236205227493
0.25526579739217653,0.9932236205227493
0.2555165496489468,0.9932236205227493
0.25576730190571717,0.9932236205227493
0.25601805416248746,0.9932236205227493
0.25626880641925776,0.9932236205227493
0.2565195586760281,0.9932236205227493
0.2567703109327984,0.9932236205227493
0.2570210631895687,0.9932236205227493
0.25727181544633904,0.9932236205227493
0.25727181544633904,0.9923371647509579
0.25752256770310933,0.9923371647509579
0.2577733199598796,0.9923371647509579
0.25802407221664997,0.9923371647509579
0.25827482447342026,0.9923371647509579
0.25852557673019055,0.9923371647509579
0.2587763289869609,0.9923371647509579
0.2590270812437312,0.9923371647509579
0.2592778335005015,0.9923371647509579
0.25952858575727183,0.9923371647509579
0.2597793380140421,0.9923371647509579
0.2597793380140421,0.9917883211678832
0.2600300902708124,0.9917883211678832
0.26028084252758277,0.9917883211678832
0.26053159478435306,0.9917883211678832
0.26078234704112335,0.9917883211678832
0.2610330992978937,0.9917883211678832
0.261283851554664,0.9917883211678832
0.2615346038114343,0.9917883211678832
0.26178535606820463,0.9917883211678832
0.2620361083249749,0.9917883211678832
0.2622868605817452,0.9917883211678832
0.26253761283851557,0.9917883211678832
0.26278836509528586,0.9917883211678832
0.26303911735205615,0.9917883211678832
0.2632898696088265,0.9917883211678832
0.2635406218655968,0.9917883211678832
0.2637913741223671,0.9917883211678832
0.26404212637913743,0.9917883211678832
0.2642928786359077,0.9917883211678832
0.264543630892678,0.9917883211678832
0.26479438314944836,0.9917883211678832
0.26504513540621866,0.9917883211678832
0.26529588766298895,0.9917883211678832
0.2655466399197593,0.9917883211678832
0.2657973921765296,0.9917883211678832
0.2660481444332999,0.9917883211678832
0.26629889669007023,0.9917883211678832
0.2665496489468405,0.9917883211678832
0.2668004012036108,0.9917883211678832
0.26705115346038116,0.9917883211678832
0.26730190571715146,0.9917883211678832
0.26755265797392175,0.9917883211678832
0.2678034102306921,0.9917883211678832
0.2680541624874624,0.9917883211678832
0.2683049147442327,0.9917883211678832
0.26855566700100303,0.9917883211678832
0.2688064192577733,0.9917883211678832
0.2690571715145436,0.9917883211678832
0.26930792377131396,0.9917883211678832
0.26955867602808425,0.9917883211678832
0.26980942828485455,0.9917883211678832
0.2700601805416249,0.9917883211678832
0.2703109327983952,0.9917883211678832
0.2705616850551655,0.9917883211678832
0.2708124373119358,0.9917883211678832
0.2710631895687061,0.9917883211678832
0.2713139418254764,0.9917883211678832
0.27156469408224676,0.9917883211678832
0.27181544633901705,0.9917883211678832
0.27206619859578735,0.9917883211678832
0.2723169508525577,0.9917883211678832
0.272567703109328,0.9917883211678832
0.272567703109328,0.9912854030501089
0.2728184553660983,0.9912854030501089
0.2730692076228686,0.9912854030501089
0.2733199598796389,0.9912854030501089
0.2735707121364092,0.9912854030501089
0.27382146439317956,0.9912854030501089
0.27407221664994985,0.9912854030501089
0.27432296890672014,0.9912854030501089
0.2745737211634905,0.9912854030501089
0.2748244734202608,0.9912854030501089
0.2750752256770311,0.9912854030501089
0.2753259779338014,0.9912854030501089
0.2755767301905717,0.9912854030501089
0.275827482447342,0.9912854030501089
0.27607823470411236,0.9912854030501089
0.27632898696088265,0.9912854030501089
0.27657973921765294,0.9912854030501089
0.2768304914744233,0.9912854030501089
0.2770812437311936,0.9912854030501089
0.2773319959879639,0.9912854030501089
0.2775827482447342,0.9912854030501089
0.2778335005015045,0.9912854030501089
0.2780842527582748,0.9912854030501089
0.27833500501504516,0.9912854030501089
0.27858575727181545,0.9912854030501089
0.27883650952858574,0.9912854030501089
0.2790872617853561,0.9912854030501089
0.2793380140421264,0.9912854030501089
0.2795887662988967,0.9912854030501089
0.279839518555667,0.9912854030501089
0.2800902708124373,0.9912854030501089
0.2803410230692076,0.9912854030501089
0.28059177532597795,0.9912854030501089
0.28084252758274825,0.9912854030501089
0.28109327983951854,0.9912854030501089
0.2813440320962889,0.9912854030501089
0.2815947843530592,0.9912854030501089
0.2818455366098295,0.9912854030501089
0.2820962888665998,0.9912854030501089
0.2820962888665998,0.9912854030501089
0.2823470411233701,0.9912854030501089
0.2825977933801404,0.9912854030501089
0.28284854563691075,0.9912854030501089
0.28309929789368105,0.9912854030501089
0.28335005015045134,0.9912854030501089
0.2836008024072217,0.9912854030501089
0.283851554663992,0.9912854030501089
0.28410230692076227,0.9912854030501089
0.2843530591775326,0.9912854030501089
0.2846038114343029,0.9912854030501089
0.2848545636910732,0.9912854030501089
0.28510531594784355,0.9912854030501089
0.28535606820461384,0.9912854030501089
0.28560682046138414,0.9912854030501089
0.2858575727181545,0.9912854030501089
0.2861083249749248,0.9912854030501089
0.28635907723169507,0.9912854030501089
0.2866098294884654,0.9912854030501089
0.2868605817452357,0.9912854030501089
0.2868605817452357,0.9912854030501089
0.287111334002006,0.9912854030501089
0.28736208625877635,0.9912854030501089
0.28761283851554664,0.9912854030501089
0.28786359077231694,0.9912854030501089
0.2881143430290873,0.9912854030501089
0.2883650952858576,0.9912854030501089
0.28861584754262787,0.9912854030501089
0.2888665997993982,0.9912854030501089
0.2891173520561685,0.9912854030501089
0.2893681043129388,0.9912854030501089
0.28961885656970915,0.9912854030501089
0.28986960882647944,0.9912854030501089
0.29012036108324973,0.9912854030501089
0.2903711133400201,0.9912854030501089
0.2906218655967904,0.9912854030501089
0.29087261785356067,0.9912854030501089
0.291123370110331,0.9912854030501089
0.2913741223671013,0.9912854030501089
0.2916248746238716,0.9912854030501089
0.29187562688064195,0.9912854030501089
0.29212637913741224,0.9912854030501089
0.29237713139418253,0.9912854030501089
0.2926278836509529,0.9912854030501089
0.2928786359077232,0.9912854030501089
0.29312938816449347,0.9912854030501089
0.2933801404212638,0.9912854030501089
0.2936308926780341,0.9912854030501089
0.2938816449348044,0.9912854030501089
0.29413239719157475,0.9912854030501089
0.29438314944834504,0.9912854030501089
0.29463390170511533,0.9912854030501089
0.2948846539618857,0.9912854030501089
0.29513540621865597,0.9912854030501089
0.29538615847542626,0.9912854030501089
0.2956369107321966,0.9912854030501089
0.2958876629889669,0.9912854030501089
0.2961384152457372,0.9912854030501089
0.29638916750250754,0.9912854030501089
0.29663991975927784,0.9912854030501089
0.29689067201604813,0.9912854030501089
0.2971414242728185,0.9912854030501089
0.29739217652958877,0.9912854030501089
0.29764292878635906,0.9912854030501089
0.2978936810431294,0.9912854030501089
0.2981444332998997,0.9912854030501089
0.29839518555667,0.9912854030501089
0.29864593781344034,0.9912854030501089
0.29889669007021064,0.9912854030501089
0.29914744232698093,0.9912854030501089
0.2993981945837513,0.9912854030501089
0.29964894684052157,0.9912854030501089
0.29989969909729186,0.9912854030501089
0.3001504513540622,0.9912854030501089
0.3004012036108325,0.9912854030501089
0.3006519558676028,0.9912854030501089
0.30090270812437314,0.9912854030501089
0.30115346038114343,0.9912854030501089
0.3014042126379137,0.9912854030501089
0.3016549648946841,0.9912854030501089
0.30190571715145437,0.9912854030501089
0.30215646940822466,0.9912854030501089
0.302407221664995,0.9912854030501089
0.3026579739217653,0.9912854030501089
0.3029087261785356,0.9912854030501089
0.30315947843530594,0.9912854030501089
0.30341023069207623,0.9912854030501089
0.3036609829488465,0.9912854030501089
0.3039117352056169,0.9912854030501089
0.30416248746238717,0.9912854030501089
0.30441323971915746,0.9912854030501089
0.3046639919759278,0.9912854030501089
0.3049147442326981,0.9912854030501089
0.3051654964894684,0.9912854030501089
0.30541624874623874,0.9912854030501089
0.30566700100300903,0.9912854030501089
0.3059177532597793,0.9912854030501089
0.30616850551654967,0.9912854030501089
0.30641925777331996,0.9912854030501089
0.30667001003009026,0.9912854030501089
0.3069207622868606,0.9912854030501089
0.3071715145436309,0.9912854030501089
0.3074222668004012,0.9912854030501089
0.30767301905717154,0.9912854030501089
0.30792377131394183,0.9912854030501089
0.3081745235707121,0.9912854030501089
0.30842527582748247,0.9912854030501089
0.30867602808425276,0.9912854030501089
0.30892678034102306,0.9912854030501089
0.3091775325977934,0.9912854030501089
0.3094282848545637,0.9912854030501089
0.309679037111334,0.9912854030501089
0.30992978936810434,0.9912854030501089
0.31018054162487463,0.9912854030501089
0.3104312938816449,0.9912854030501089
0.31068204613841527,0.9912854030501089
0.31093279839518556,0.9912854030501089
0.31118355065195585,0.9912854030501089
0.3114343029087262,0.9912854030501089
0.3116850551654965,0.9912854030501089
0.3119358074222668,0.9912854030501089
0.31218655967903713,0.9912854030501089
0.3124373119358074,0.9912854030501089
0.3126880641925777,0.9912854030501089
0.31293881644934807,0.9912854030501089
0.31318956870611836,0.9912854030501089
0.31344032096288865,0.9912854030501089
0.313691073219659,0.9912854030501089
0.3139418254764293,0.9912854030501089
0.3141925777331996,0.9912854030501089
0.31444332998996993,0.9912854030501089
0.3146940822467402,0.9912854030501089
0.3149448345035105,0.9912854030501089
0.31519558676028087,0.9912854030501089
0.31544633901705116,0.9912854030501089
0.31569709127382145,0.9912854030501089
0.3159478435305918,0.9912854030501089
0.3161985957873621,0.9912854030501089
0.3164493480441324,0.9912854030501089
0.31670010030090273,0.9912854030501089
0.316950852557673,0.9912854030501089
0.3172016048144433,0.9912854030501089
0.31745235707121366,0.9912854030501089
0.31770310932798396,0.9912854030501089
0.31795386158475425,0.9912854030501089
0.3182046138415246,0.9912854030501089
0.3184553660982949,0.9912854030501089
0.3187061183550652,0.9912854030501089
0.31895687061183553,0.9912854030501089
0.3192076228686058,0.9912854030501089
0.3194583751253761,0.9912854030501089
0.31970912738214646,0.9912854030501089
0.31995987963891676,0.9912854030501089
0.32021063189568705,0.9912854030501089
0.3204613841524574,0.9912854030501089
0.3207121364092277,0.9912854030501089
0.320962888665998,0.9912854030501089
0.32121364092276833,0.9912854030501089
0.3214643931795386,0.9912854030501089
0.3217151454363089,0.9912854030501089
0.32196589769307926,0.9912854030501089
0.32221664994984955,0.9912854030501089
0.32246740220661985,0.9912854030501089
0.3227181544633902,0.9912854030501089
0.3229689067201605,0.9912854030501089
0.3232196589769308,0.9912854030501089
0.3234704112337011,0.9912854030501089
0.3237211634904714,0.9912854030501089
0.3239719157472417,0.9912854030501089
0.32422266800401206,0.9912854030501089
0.32447342026078235,0.9912854030501089
0.32472417251755265,0.9912854030501089
0.324974924774323,0.9912854030501089
0.3252256770310933,0.9912854030501089
0.3254764292878636,0.9912854030501089
0.3257271815446339,0.9912854030501089
0.3259779338014042,0.9912854030501089
0.3262286860581745,0.9912854030501089
0.32647943831494486,0.9912854030501089
0.32673019057171515,0.9912854030501089
0.32698094282848544,0.9912854030501089
0.3272316950852558,0.9912854030501089
0.3274824473420261,0.9912854030501089
0.3277331995987964,0.9912854030501089
0.3279839518555667,0.9912854030501089
0.328234704112337,0.9912854030501089
0.3284854563691073,0.9912854030501089
0.32873620862587766,0.9912854030501089
0.32898696088264795,0.9912854030501089
0.32923771313941824,0.9912854030501089
0.3294884653961886,0.9912854030501089
0.3297392176529589,0.9912854030501089
0.3299899699097292,0.9912854030501089
0.3302407221664995,0.9912854030501089
0.3304914744232698,0.9912854030501089
0.3307422266800401,0.9912854030501089
0.33099297893681046,0.9912854030501089
0.33124373119358075,0.9912854030501089
0.33149448345035104,0.9912854030501089
0.3317452357071214,0.9912854030501089
0.3319959879638917,0.9912854030501089
0.332246740220662,0.9912854030501089
0.3324974924774323,0.9912854030501089
0.3327482447342026,0.9912854030501089
0.3329989969909729,0.9912854030501089
0.33324974924774325,0.9912854030501089
0.33350050150451355,0.9912854030501089
0.33375125376128384,0.9912854030501089
0.3340020060180542,0.9912854030501089
0.3342527582748245,0.9912854030501089
0.33450351053159477,0.9912854030501089
0.3347542627883651,0.9912854030501089
0.3350050150451354,0.9912854030501089
0.3352557673019057,0.9912854030501089
0.33550651955867605,0.9912854030501089
0.33575727181544635,0.9912854030501089
0.33600802407221664,0.9912854030501089
0.336258776328987,0.9912854030501089
0.3365095285857573,0.9912854030501089
0.33676028084252757,0.9912854030501089
0.3370110330992979,0.9912854030501089
0.3372617853560682,0.9912854030501089
0.3375125376128385,0.9912854030501089
0.33776328986960885,0.9912854030501089
0.33801404212637914,0.9912854030501089
0.33826479438314944,0.9912854030501089
0.3385155466399198,0.9912854030501089
0.3387662988966901,0.9912854030501089
0.33901705115346037,0.9912854030501089
0.3392678034102307,0.9912854030501089
0.339518555667001,0.9912854030501089
0.3397693079237713,0.9912854030501089
0.34002006018054165,0.9912854030501089
0.34027081243731194,0.9912854030501089
0.34052156469408223,0.9912854030501089
0.3407723169508526,0.9912854030501089
0.3410230692076229,0.9912854030501089
0.34127382146439317,0.9912854030501089
0.3415245737211635,0.9912854030501089
0.3417753259779338,0.9912854030501089
0.3420260782347041,0.9912854030501089
0.34227683049147445,0.9912854030501089
0.34227683049147445,0.9907275320970043
0.34252758274824474,0.9907275320970043
0.34277833500501503,0.9907275320970043
0.3430290872617854,0.9907275320970043
0.3432798395185557,0.9907275320970043
0.34353059177532597,0.9907275320970043
0.3437813440320963,0.9907275320970043
0.3440320962888666,0.9907275320970043
0.3442828485456369,0.9907275320970043
0.34453360080240725,0.9907275320970043
0.34478435305917754,0.9907275320970043
0.34503510531594783,0.9907275320970043
0.3452858575727182,0.9907275320970043
0.3455366098294885,0.9907275320970043
0.34578736208625876,0.9907275320970043
0.3460381143430291,0.9907275320970043
0.3462888665997994,0.9907275320970043
0.3465396188565697,0.9907275320970043
0.34679037111334005,0.9907275320970043
0.34704112337011034,0.9907275320970043
0.34729187562688063,0.9907275320970043
0.347542627883651,0.9907275320970043
0.34779338014042127,0.9907275320970043
0.34804413239719156,0.9907275320970043
0.3482948846539619,0.9907275320970043
0.3482948846539619,0.9901199717713479
0.3485456369107322,0.9901199717713479
0.3487963891675025,0.9901199717713479
0.34904714142427284,0.9901199717713479
0.34929789368104314,0.9901199717713479
0.34954864593781343,0.9901199717713479
0.3497993981945838,0.9901199717713479
0.35005015045135407,0.9901199717713479
0.35030090270812436,0.9901199717713479
0.3505516549648947,0.9901199717713479
0.350802407221665,0.9901199717713479
0.3510531594784353,0.9901199717713479
0.35130391173520564,0.9901199717713479
0.35155466399197594,0.9901199717713479
0.3518054162487462,0.9901199717713479
0.3518054162487462,0.989451476793249
0.3520561685055166,0.989451476793249
0.35230692076228687,0.989451476793249
0.35255767301905716,0.989451476793249
0.3528084252758275,0.989451476793249
0.3528084252758275,0.988795518207283
0.3530591775325978,0.988795518207283
0.3533099297893681,0.988795518207283
0.35356068204613844,0.988795518207283
0.35381143430290873,0.988795518207283
0.354062186559679,0.988795518207283
0.354062186559679,0.9885350318471338
0.3543129388164494,0.9885350318471338
0.35456369107321967,0.9885350318471338
0.35481444332998996,0.9885350318471338
0.3550651955867603,0.9885350318471338
0.3553159478435306,0.9885350318471338
0.3555667001003009,0.9885350318471338
0.35581745235707124,0.9885350318471338
0.35606820461384153,0.9885350318471338
0.3563189568706118,0.9885350318471338
0.3565697091273822,0.9885350318471338
0.35682046138415247,0.9885350318471338
0.35682046138415247,0.9885350318471338
0.35707121364092276,0.9885350318471338
0.3573219658976931,0.9885350318471338
0.3575727181544634,0.9885350318471338
0.3578234704112337,0.9885350318471338
0.35807422266800404,0.9885350318471338
0.35832497492477433,0.9885350318471338
0.3585757271815446,0.9885350318471338
0.35882647943831497,0.9885350318471338
0.35907723169508526,0.9885350318471338
0.35932798395185556,0.9885350318471338
0.3595787362086259,0.9885350318471338
0.3598294884653962,0.9885350318471338
0.3600802407221665,0.9885350318471338
0.36033099297893684,0.9885350318471338
0.36058174523570713,0.9885350318471338
0.3608324974924774,0.9885350318471338
0.36108324974924777,0.9885350318471338
0.36133400200601806,0.9885350318471338
0.36158475426278835,0.9885350318471338
0.3618355065195587,0.9885350318471338
0.362086258776329,0.9885350318471338
0.3623370110330993,0.9885350318471338
0.36258776328986964,0.9885350318471338
0.36283851554663993,0.9885350318471338
0.3630892678034102,0.9885350318471338
0.36334002006018057,0.9885350318471338
0.36359077231695086,0.9885350318471338
0.36384152457372115,0.9885350318471338
0.3640922768304915,0.9885350318471338
0.3643430290872618,0.9885350318471338
0.3645937813440321,0.9885350318471338
0.36484453360080243,0.9885350318471338
0.3650952858575727,0.9885350318471338
0.365346038114343,0.9885350318471338
0.36559679037111337,0.9885350318471338
0.36584754262788366,0.9885350318471338
0.36609829488465395,0.9885350318471338
0.3663490471414243,0.9885350318471338
0.3665997993981946,0.9885350318471338
0.3668505516549649,0.9885350318471338
0.36710130391173523,0.9885350318471338
0.3673520561685055,0.9885350318471338
0.3676028084252758,0.9885350318471338
0.36785356068204617,0.9885350318471338
0.36810431293881646,0.9885350318471338
0.36835506519558675,0.9885350318471338
0.3686058174523571,0.9885350318471338
0.3688565697091274,0.9885350318471338
0.3691073219658977,0.9885350318471338
0.36935807422266803,0.9885350318471338
0.3696088264794383,0.9885350318471338
0.3698595787362086,0.9885350318471338
0.37011033099297896,0.9885350318471338
0.37036108324974926,0.9885350318471338
0.37061183550651955,0.9885350318471338
0.3708625877632899,0.9885350318471338
0.3711133400200602,0.9885350318471338
0.3713640922768305,0.9885350318471338
0.37161484453360083,0.9885350318471338
0.3718655967903711,0.9885350318471338
0.3721163490471414,0.9885350318471338
0.37236710130391176,0.9885350318471338
0.37261785356068206,0.9885350318471338
0.37286860581745235,0.9885350318471338
0.3731193580742227,0.9885350318471338
0.373370110330993,0.9885350318471338
0.3736208625877633,0.9885350318471338
0.37387161484453363,0.9885350318471338
0.3741223671013039,0.9885350318471338
0.3743731193580742,0.9885350318471338
0.37462387161484456,0.9885350318471338
0.37487462387161485,0.9885350318471338
0.37512537612838515,0.9885350318471338
0.37537612838515544,0.9885350318471338
0.3756268806419258,0.9885350318471338
0.3758776328986961,0.9885350318471338
0.37612838515546637,0.9885350318471338
0.3763791374122367,0.9885350318471338
0.376629889669007,0.9885350318471338
0.3768806419257773,0.9885350318471338
0.37713139418254765,0.9885350318471338
0.37738214643931794,0.9885350318471338
0.37763289869608824,0.9885350318471338
0.3778836509528586,0.9885350318471338
0.3781344032096289,0.9885350318471338
0.37838515546639917,0.9885350318471338
0.3786359077231695,0.9885350318471338
0.3788866599799398,0.9885350318471338
0.3791374122367101,0.9885350318471338
0.37938816449348045,0.9885350318471338
0.37963891675025074,0.9885350318471338
0.37988966900702104,0.9885350318471338
0.3801404212637914,0.9885350318471338
0.3803911735205617,0.9885350318471338
0.38064192577733197,0.9885350318471338
0.3808926780341023,0.9885350318471338
0.3811434302908726,0.9885350318471338
0.3813941825476429,0.9885350318471338
0.38164493480441325,0.9885350318471338
0.38189568706118354,0.9885350318471338
0.38214643931795383,0.9885350318471338
0.3823971915747242,0.9885350318471338
0.3826479438314945,0.9885350318471338
0.38289869608826477,0.9885350318471338
0.3831494483450351,0.9885350318471338
0.3834002006018054,0.9885350318471338
0.3836509528585757,0.9885350318471338
0.38390170511534605,0.9885350318471338
0.38415245737211634,0.9885350318471338
0.38440320962888663,0.9885350318471338
0.384653961885657,0.9885350318471338
0.3849047141424273,0.9885350318471338
0.38515546639919757,0.9885350318471338
0.3854062186559679,0.9885350318471338
0.3856569709127382,0.9885350318471338
0.3859077231695085,0.9885350318471338
0.38615847542627885,0.9885350318471338
0.38640922768304914,0.9885350318471338
0.38665997993981943,0.9885350318471338
0.3869107321965898,0.9885350318471338
0.38716148445336007,0.9885350318471338
0.38741223671013036,0.9885350318471338
0.3876629889669007,0.9885350318471338
0.387913741223671,0.9885350318471338
0.3881644934804413,0.9885350318471338
0.38841524573721165,0.9885350318471338
0.38866599799398194,0.9885350318471338
0.38891675025075223,0.9885350318471338
0.3891675025075226,0.9885350318471338
0.3891675025075226,0.9883934025656689
0.38941825476429287,0.9883934025656689
0.38966900702106316,0.9883934025656689
0.3899197592778335,0.9883934025656689
0.3901705115346038,0.9883934025656689
0.3904212637913741,0.9883934025656689
0.39067201604814444,0.9883934025656689
0.39092276830491474,0.9883934025656689
0.39117352056168503,0.9883934025656689
0.3914242728184554,0.9883934025656689
0.39167502507522567,0.9883934025656689
0.39192577733199596,0.9883934025656689
0.3921765295887663,0.9883934025656689
0.3924272818455366,0.9883934025656689
0.3926780341023069,0.9883934025656689
0.39292878635907724,0.9883934025656689
0.39317953861584753,0.9883934025656689
0.3934302908726178,0.9883934025656689
0.3936810431293882,0.9883934025656689
0.39393179538615847,0.9883934025656689
0.39418254764292876,0.9883934025656689
0.3944332998996991,0.9883934025656689
0.3946840521564694,0.9883934025656689
0.3949348044132397,0.9883934025656689
0.39518555667001004,0.9883934025656689
0.39543630892678033,0.9883934025656689
0.3956870611835506,0.9883934025656689
0.395937813440321,0.9883934025656689
0.39618856569709127,0.9883934025656689
0.39643931795386156,0.9883934025656689
0.3966900702106319,0.9883934025656689
0.3969408224674022,0.9883934025656689
0.3971915747241725,0.9883934025656689
0.39744232698094284,0.9883934025656689
0.39769307923771313,0.9883934025656689
0.3979438314944834,0.9883934025656689
0.3981945837512538,0.9883934025656689
0.39844533600802406,0.9883934025656689
0.39869608826479436,0.9883934025656689
0.3989468405215647,0.9883934025656689
0.399197592778335,0.9883934025656689
0.3994483450351053,0.9883934025656689
0.39969909729187564,0.9883934025656689
0.39994984954864593,0.9883934025656689
0.4002006018054162,0.9883934025656689
0.40045135406218657,0.9883934025656689
0.40070210631895686,0.9883934025656689
0.40095285857572716,0.9883934025656689
0.4012036108324975,0.9883934025656689
0.4014543630892678,0.9883934025656689
0.4017051153460381,0.9883934025656689
0.40195586760280844,0.9883934025656689
0.40220661985957873,0.9883934025656689
0.402457372116349,0.9883934025656689
0.40270812437311937,0.9883934025656689
0.40295887662988966,0.9883934025656689
0.40320962888665995,0.9883934025656689
0.4034603811434303,0.9883934025656689
0.4037111334002006,0.9883934025656689
0.4039618856569709,0.9883934025656689
0.40421263791374124,0.9883934025656689
0.4044633901705115,0.9883934025656689
0.4047141424272818,0.9883934025656689
0.40496489468405217,0.9883934025656689
0.40521564694082246,0.9883934025656689
0.40546639919759275,0.9883934025656689
0.4057171514543631,0.9883934025656689
0.4057171514543631,0.98828125
0.4057171514543631,0.98828125
0.4059679037111334,0.98828125
0.4062186559679037,0.98828125
0.40646940822467403,0.98828125
0.4067201604814443,0.98828125
0.4069709127382146,0.98828125
0.40722166499498497,0.98828125
0.40747241725175526,0.98828125
0.40772316950852555,0.98828125
0.4079739217652959,0.98828125
0.4082246740220662,0.98828125
0.4084754262788365,0.98828125
0.40872617853560683,0.98828125
0.4089769307923771,0.98828125
0.4092276830491474,0.98828125
0.40947843530591777,0.98828125
0.40972918756268806,0.98828125
0.40997993981945835,0.98828125
0.4102306920762287,0.98828125
0.410481444332999,0.98828125
0.4107321965897693,0.98828125
0.41098294884653963,0.98828125
0.4112337011033099,0.98828125
0.4114844533600802,0.98828125
0.41173520561685056,0.98828125
0.41198595787362086,0.98828125
0.41223671013039115,0.98828125
0.4124874623871615,0.98828125
0.4127382146439318,0.98828125
0.4129889669007021,0.98828125
0.41323971915747243,0.98828125
0.4134904714142427,0.98828125
0.413741223671013,0.98828125
0.41399197592778336,0.98828125
0.41424272818455365,0.98828125
0.41449348044132395,0.98828125
0.4147442326980943,0.98828125
0.4149949849548646,0.98828125
0.4152457372116349,0.98828125
0.41549648946840523,0.98828125
0.4157472417251755,0.98828125
0.4159979939819458,0.98828125
0.41624874623871616,0.98828125
0.41649949849548645,0.98828125
0.41675025075225675,0.98828125
0.4170010030090271,0.98828125
0.4172517552657974,0.98828125
0.4175025075225677,0.98828125
0.417753259779338,0.98828125
0.4180040120361083,0.98828125
0.4182547642928786,0.98828125
0.41850551654964896,0.98828125
0.41875626880641925,0.98828125
0.41900702106318954,0.98828125
0.4192577733199599,0.98828125
0.4195085255767302,0.98828125
0.4197592778335005,0.98828125
0.4200100300902708,0.98828125
0.4202607823470411,0.98828125
0.4205115346038114,0.98828125
0.42076228686058176,0.98828125
0.42101303911735205,0.98828125
0.42126379137412234,0.98828125
0.4215145436308927,0.98828125
0.421765295887663,0.98828125
0.4220160481444333,0.98828125
0.4222668004012036,0.98828125
0.4225175526579739,0.98828125
0.4227683049147442,0.98828125
0.42301905717151456,0.98828125
0.42326980942828485,0.98828125
0.42352056168505514,0.98828125
0.4237713139418255,0.98828125
0.4240220661985958,0.98828125
0.4242728184553661,0.98828125
0.4245235707121364,0.98828125
0.4247743229689067,0.98828125
0.425025075225677,0.98828125
0.42527582748244735,0.98828125
0.42552657973921765,0.98828125
0.42577733199598794,0.98828125
0.4260280842527583,0.98828125
0.4262788365095286,0.98828125
0.4265295887662989,0.98828125
0.4267803410230692,0.98828125
0.4270310932798395,0.98828125
0.4272818455366098,0.98828125
0.42753259779338015,0.98828125
0.42778335005015045,0.98828125
0.42803410230692074,0.98828125
0.4282848545636911,0.98828125
0.4285356068204614,0.98828125
0.42878635907723167,0.98828125
0.429037111334002,0.98828125
0.4292878635907723,0.98828125
0.4295386158475426,0.98828125
0.42978936810431295,0.98828125
0.43004012036108324,0.98828125
0.43029087261785354,0.98828125
0.4305416248746239,0.98828125
0.4307923771313942,0.98828125
0.43104312938816447,0.98828125
0.4312938816449348,0.98828125
0.4315446339017051,0.98828125
0.4317953861584754,0.98828125
0.43204613841524575,0.98828125
0.43229689067201604,0.98828125
0.43254764292878634,0.98828125
0.4327983951855567,0.98828125
0.433049147442327,0.98828125
0.43329989969909727,0.98828125
0.4335506519558676,0.98828125
0.4338014042126379,0.98828125
0.4340521564694082,0.98828125
0.43430290872617855,0.98828125
0.43455366098294884,0.98828125
0.43480441323971913,0.98828125
0.4350551654964895,0.98828125
0.4353059177532598,0.98828125
0.43555667001003007,0.98828125
0.4358074222668004,0.98828125
0.4360581745235707,0.98828125
0.436308926780341,0.98828125
0.43655967903711135,0.98828125
0.43681043129388164,0.98828125
0.43706118355065193,0.98828125
0.4373119358074223,0.98828125
0.4375626880641926,0.98828125
0.43781344032096287,0.98828125
0.4380641925777332,0.98828125
0.4383149448345035,0.98828125
0.4385656970912738,0.98828125
0.43881644934804415,0.98828125
0.43906720160481444,0.98828125
0.43931795386158473,0.98828125
0.4395687061183551,0.98828125
0.43981945837512537,0.98828125
0.44007021063189566,0.98828125
0.440320962888666,0.98828125
0.4405717151454363,0.98828125
0.4408224674022066,0.98828125
0.44107321965897694,0.98828125
0.44132397191574724,0.98828125
0.44157472417251753,0.98828125
0.4418254764292879,0.98828125
0.44207622868605817,0.98828125
0.44232698094282846,0.98828125
0.4425777331995988,0.98828125
0.4428284854563691,0.98828125
0.4430792377131394,0.98828125
0.44332998996990974,0.98828125
0.44358074222668004,0.98828125
0.44383149448345033,0.98828125
0.4440822467402207,0.98828125
0.4440822467402207,0.9878921298844249
0.44433299899699097,0.9878921298844249
0.44458375125376126,0.9878921298844249
0.4448345035105316,0.9878921298844249
0.4450852557673019,0.9878921298844249
0.4453360080240722,0.9878921298844249
0.44558676028084254,0.9878921298844249
0.44583751253761283,0.9878921298844249
0.4460882647943831,0.9878921298844249
0.4463390170511535,0.9878921298844249
0.44658976930792377,0.9878921298844249
0.44684052156469406,0.9878921298844249
0.4470912738214644,0.9878921298844249
0.4473420260782347,0.9878921298844249
0.447592778335005,0.9878921298844249
0.44784353059177534,0.9878921298844249
0.44809428284854563,0.9878921298844249
0.4483450351053159,0.9878921298844249
0.4485957873620863,0.9878921298844249
0.44884653961885657,0.9878921298844249
0.44909729187562686,0.9878921298844249
0.4493480441323972,0.9878921298844249
0.4495987963891675,0.9878921298844249
0.4498495486459378,0.9878921298844249
0.45010030090270814,0.9878921298844249
0.45010030090270814,0.9875203472599023
0.45035105315947843,0.9875203472599023
0.4506018054162487,0.9875203472599023
0.45085255767301907,0.9875203472599023
0.45110330992978936,0.9875203472599023
0.45135406218655966,0.9875203472599023
0.45160481444333,0.9875203472599023
0.4518555667001003,0.9875203472599023
0.4521063189568706,0.9875203472599023
0.45235707121364094,0.9875203472599023
0.45260782347041123,0.9875203472599023
0.4528585757271815,0.9875203472599023
0.45310932798395187,0.9875203472599023
0.45336008024072216,0.9875203472599023
0.45361083249749246,0.9875203472599023
0.4538615847542628,0.9875203472599023
0.4541123370110331,0.9875203472599023
0.4543630892678034,0.9875203472599023
0.45461384152457374,0.9875203472599023
0.45486459378134403,0.9875203472599023
0.4551153460381143,0.9875203472599023
0.45536609829488467,0.9875203472599023
0.45561685055165496,0.9875203472599023
0.45586760280842525,0.9875203472599023
0.4561183550651956,0.9875203472599023
0.4563691073219659,0.9875203472599023
0.4563691073219659,0.9872068230277186
0.4566198595787362,0.9872068230277186
0.45687061183550653,0.9872068230277186
0.4571213640922768,0.9872068230277186
0.4573721163490471,0.9872068230277186
0.45762286860581747,0.9872068230277186
0.45787362086258776,0.9872068230277186
0.45812437311935805,0.9872068230277186
0.4583751253761284,0.9872068230277186
0.4586258776328987,0.9872068230277186
0.458876629889669,0.9872068230277186
0.45912738214643933,0.9872068230277186
0.4593781344032096,0.9872068230277186
0.4596288866599799,0.9872068230277186
0.45987963891675027,0.9872068230277186
0.46013039117352056,0.9872068230277186
0.46038114343029085,0.9872068230277186
0.4606318956870612,0.9872068230277186
0.4608826479438315,0.9872068230277186
0.4611334002006018,0.9872068230277186
0.46138415245737213,0.9872068230277186
0.4616349047141424,0.9872068230277186
0.4618856569709127,0.9872068230277186
0.46213640922768306,0.9872068230277186
0.46238716148445336,0.9872068230277186
0.46263791374122365,0.9872068230277186
0.462888665997994,0.9872068230277186
0.4631394182547643,0.9872068230277186
0.4633901705115346,0.9872068230277186
0.46364092276830493,0.9872068230277186
0.4638916750250752,0.9872068230277186
0.4641424272818455,0.9872068230277186
0.46439317953861586,0.9872068230277186
0.46439317953861586,0.9867233138608603
0.46464393179538616,0.9867233138608603
0.46489468405215645,0.9867233138608603
0.4651454363089268,0.9867233138608603
0.4653961885656971,0.9867233138608603
0.4656469408224674,0.9867233138608603
0.46589769307923773,0.9867233138608603
0.46589769307923773,0.9862941486557723
0.466148445336008,0.9862941486557723
0.4663991975927783,0.9862941486557723
0.46664994984954866,0.9862941486557723
0.46690070210631895,0.9862941486557723
0.46715145436308925,0.9862941486557723
0.4674022066198596,0.9862941486557723
0.4676529588766299,0.9862941486557723
0.4679037111334002,0.9862941486557723
0.4681544633901705,0.9862941486557723
0.4684052156469408,0.9862941486557723
0.4686559679037111,0.9862941486557723
0.46890672016048146,0.9862941486557723
0.46915747241725175,0.9862941486557723
0.46915747241725175,0.9861325115562404
0.46940822467402205,0.9861325115562404
0.4696589769307924,0.9861325115562404
0.4699097291875627,0.9861325115562404
0.470160481444333,0.9861325115562404
0.4704112337011033,0.9861325115562404
0.4706619859578736,0.9861325115562404
0.4709127382146439,0.9861325115562404
0.47116349047141426,0.9861325115562404
0.47141424272818455,0.9861325115562404
0.47166499498495484,0.9861325115562404
0.4719157472417252,0.9861325115562404
0.4721664994984955,0.9861325115562404
0.4724172517552658,0.9861325115562404
0.4726680040120361,0.9861325115562404
0.4729187562688064,0.9861325115562404
0.4731695085255767,0.9861325115562404
0.47342026078234706,0.9861325115562404
0.47367101303911735,0.9861325115562404
0.47392176529588764,0.9861325115562404
0.474172517552658,0.9861325115562404
0.4744232698094283,0.9861325115562404
0.4746740220661986,0.9861325115562404
0.4749247743229689,0.9861325115562404
0.4751755265797392,0.9861325115562404
0.4754262788365095,0.9861325115562404
0.47567703109327986,0.9861325115562404
0.47592778335005015,0.9861325115562404
0.47617853560682044,0.9861325115562404
0.4764292878635908,0.9861325115562404
0.4766800401203611,0.9861325115562404
0.4769307923771314,0.9861325115562404
0.4771815446339017,0.9861325115562404
0.477432296890672,0.9861325115562404
0.4776830491474423,0.9861325115562404
0.47793380140421265,0.9861325115562404
0.47818455366098295,0.9861325115562404
0.47843530591775324,0.9861325115562404
0.4786860581745236,0.9861325115562404
0.4789368104312939,0.9861325115562404
0.4791875626880642,0.9861325115562404
0.4794383149448345,0.9861325115562404
0.4796890672016048,0.9861325115562404
0.4799398194583751,0.9861325115562404
0.48019057171514545,0.9861325115562404
0.48044132397191575,0.9861325115562404
0.48069207622868604,0.9861325115562404
0.4809428284854564,0.9861325115562404
0.4811935807422267,0.9861325115562404
0.48144433299899697,0.9861325115562404
0.48144433299899697,0.9857940131912735
0.4816950852557673,0.9857940131912735
0.4819458375125376,0.9857940131912735
0.4821965897693079,0.9857940131912735
0.48244734202607825,0.9857940131912735
0.48269809428284854,0.9857940131912735
0.48294884653961884,0.9857940131912735
0.4831995987963892,0.9857940131912735
0.4834503510531595,0.9857940131912735
0.48370110330992977,0.9857940131912735
0.4839518555667001,0.9857940131912735
0.4842026078234704,0.9857940131912735
0.4844533600802407,0.9857940131912735
0.48470411233701105,0.9857940131912735
0.48495486459378134,0.9857940131912735
0.48520561685055164,0.9857940131912735
0.485456369107322,0.9857940131912735
0.4857071213640923,0.9857940131912735
0.48595787362086257,0.9857940131912735
0.4862086258776329,0.9857940131912735
0.4864593781344032,0.9857940131912735
0.4867101303911735,0.9857940131912735
0.48696088264794385,0.9857940131912735
0.48721163490471414,0.9857940131912735
0.48721163490471414,0.9855505729945192
0.48746238716148443,0.9855505729945192
0.4877131394182548,0.9855505729945192
0.4879638916750251,0.9855505729945192
0.48821464393179537,0.9855505729945192
0.4884653961885657,0.9855505729945192
0.488716148445336,0.9855505729945192
0.4889669007021063,0.9855505729945192
0.48921765295887665,0.9855505729945192
0.48946840521564694,0.9855505729945192
0.48971915747241723,0.9855505729945192
0.4899699097291876,0.9855505729945192
0.4902206619859579,0.9855505729945192
0.49047141424272817,0.9855505729945192
0.4907221664994985,0.9855505729945192
0.4909729187562688,0.9855505729945192
0.4912236710130391,0.9855505729945192
0.49147442326980945,0.9855505729945192
0.49172517552657974,0.9855505729945192
0.49197592778335003,0.9855505729945192
0.4922266800401204,0.9855505729945192
0.49247743229689067,0.9855505729945192
0.49272818455366096,0.9855505729945192
0.4929789368104313,0.9855505729945192
0.4932296890672016,0.9855505729945192
0.4934804413239719,0.9855505729945192
0.49373119358074224,0.9855505729945192
0.49398194583751254,0.9855505729945192
0.49423269809428283,0.9855505729945192
0.4944834503510532,0.9855505729945192
0.49473420260782347,0.9855505729945192
0.49498495486459376,0.9855505729945192
0.4952357071213641,0.9855505729945192
0.4954864593781344,0.9855505729945192
0.4957372116349047,0.9855505729945192
0.49598796389167504,0.9855505729945192
0.49598796389167504,0.9851411589895989
0.49623871614844534,0.9851411589895989
0.49648946840521563,0.9851411589895989
0.496740220661986,0.9851411589895989
0.49699097291875627,0.9851411589895989
0.49724172517552656,0.9851411589895989
0.4974924774322969,0.9851411589895989
0.4977432296890672,0.9851411589895989
0.4979939819458375,0.9851411589895989
0.49824473420260784,0.9851411589895989
0.49849548645937813,0.9851411589895989
0.4987462387161484,0.9851411589895989
0.4987462387161484,0.9846762234305487
0.4989969909729188,0.9846762234305487
0.49924774322968907,0.9846762234305487
0.49949849548645936,0.9846762234305487
0.49949849548645936,0.9843520782396088
0.4997492477432297,0.9843520782396088
0.5,0.9843520782396088
0.5002507522567703,0.9843520782396088
0.5005015045135406,0.9843520782396088
0.5007522567703109,0.9843520782396088
0.5010030090270813,0.9843520782396088
0.5012537612838516,0.9843520782396088
0.5015045135406219,0.9843520782396088
0.5017552657973922,0.9843520782396088
0.5020060180541625,0.9843520782396088
0.5022567703109327,0.9843520782396088
0.5025075225677031,0.9843520782396088
0.5027582748244734,0.9843520782396088
0.5030090270812437,0.9843520782396088
0.503259779338014,0.9843520782396088
0.5035105315947843,0.9843520782396088
0.5037612838515546,0.9843520782396088
0.504012036108325,0.9843520782396088
0.5042627883650953,0.9843520782396088
0.5045135406218656,0.9843520782396088
0.5047642928786359,0.9843520782396088
0.5047642928786359,0.9842406876790831
0.5050150451354062,0.9842406876790831
0.5052657973921765,0.9842406876790831
0.5055165496489469,0.9842406876790831
0.5057673019057172,0.9842406876790831
0.5060180541624875,0.9842406876790831
0.5062688064192578,0.9842406876790831
0.506519558676028,0.9842406876790831
0.5067703109327983,0.9842406876790831
0.5070210631895687,0.9842406876790831
0.507271815446339,0.9842406876790831
0.5075225677031093,0.9842406876790831
0.5077733199598796,0.9842406876790831
0.5080240722166499,0.9842406876790831
0.5082748244734202,0.9842406876790831
0.5085255767301906,0.9842406876790831
0.5087763289869609,0.9842406876790831
0.5090270812437312,0.9842406876790831
0.5092778335005015,0.9842406876790831
0.5095285857572718,0.9842406876790831
0.5097793380140421,0.9842406876790831
0.5100300902708125,0.9842406876790831
0.5102808425275828,0.9842406876790831
0.5105315947843531,0.9842406876790831
0.5107823470411234,0.9842406876790831
0.5110330992978936,0.9842406876790831
0.5112838515546639,0.9842406876790831
0.5115346038114343,0.9842406876790831
0.5117853560682046,0.9842406876790831
0.5120361083249749,0.9842406876790831
0.5122868605817452,0.9842406876790831
0.5125376128385155,0.9842406876790831
0.5127883650952858,0.9842406876790831
0.5130391173520562,0.9842406876790831
0.5132898696088265,0.9842406876790831
0.5135406218655968,0.9842406876790831
0.5137913741223671,0.9842406876790831
0.5140421263791374,0.9842406876790831
0.5142928786359077,0.9842406876790831
0.5145436308926781,0.9842406876790831
0.5147943831494484,0.9842406876790831
0.5150451354062187,0.9842406876790831
0.515295887662989,0.9842406876790831
0.5155466399197592,0.9842406876790831
0.5157973921765295,0.9842406876790831
0.5160481444332999,0.9842406876790831
0.5162988966900702,0.9842406876790831
0.5165496489468405,0.9842406876790831
0.5168004012036108,0.9842406876790831
0.5168004012036108,0.9838786154575628
0.5170511534603811,0.9838786154575628
0.5173019057171514,0.9838786154575628
0.5175526579739218,0.9838786154575628
0.5178034102306921,0.9838786154575628
0.5180541624874624,0.9838786154575628
0.5183049147442327,0.9838786154575628
0.518555667001003,0.9838786154575628
0.5188064192577733,0.9838786154575628
0.5190571715145437,0.9838786154575628
0.519307923771314,0.9838786154575628
0.5195586760280843,0.9838786154575628
0.5198094282848545,0.9838786154575628
0.5200601805416248,0.9838786154575628
0.5203109327983951,0.9838786154575628
0.5203109327983951,0.9834201800094742
0.5205616850551655,0.9834201800094742
0.5205616850551655,0.9830747531734838
0.5208124373119358,0.9830747531734838
0.5210631895687061,0.9830747531734838
0.5213139418254764,0.9830747531734838
0.5215646940822467,0.9830747531734838
0.521815446339017,0.9830747531734838
0.5220661985957874,0.9830747531734838
0.5223169508525577,0.9830747531734838
0.522567703109328,0.9830747531734838
0.5228184553660983,0.9830747531734838
0.5230692076228686,0.9830747531734838
0.5233199598796389,0.9830747531734838
0.5235707121364093,0.9830747531734838
0.5238214643931796,0.9830747531734838
0.5240722166499499,0.9830747531734838
0.5243229689067201,0.9830747531734838
0.5243229689067201,0.9829885057471265
0.5245737211634904,0.9829885057471265
0.5248244734202607,0.9829885057471265
0.5250752256770311,0.9829885057471265
0.5253259779338014,0.9829885057471265
0.5255767301905717,0.9829885057471265
0.525827482447342,0.9829885057471265
0.5260782347041123,0.9829885057471265
0.5263289869608826,0.9829885057471265
0.526579739217653,0.9829885057471265
0.5268304914744233,0.9829885057471265
0.5270812437311936,0.9829885057471265
0.5273319959879639,0.9829885057471265
0.5275827482447342,0.9829885057471265
0.5278335005015045,0.9829885057471265
0.5280842527582749,0.9829885057471265
0.5283350050150452,0.9829885057471265
0.5285857572718154,0.9829885057471265
0.5288365095285857,0.9829885057471265
0.529087261785356,0.9829885057471265
0.5293380140421263,0.9829885057471265
0.5295887662988967,0.9829885057471265
0.529839518555667,0.9829885057471265
0.5300902708124373,0.9829885057471265
0.5303410230692076,0.9829885057471265
0.5305917753259779,0.9829885057471265
0.5308425275827482,0.9829885057471265
0.5310932798395186,0.9829885057471265
0.5313440320962889,0.9829885057471265
0.5315947843530592,0.9829885057471265
0.5318455366098295,0.9829885057471265
0.5320962888665998,0.9829885057471265
0.5323470411233701,0.9829885057471265
0.5325977933801405,0.9829885057471265
0.5328485456369108,0.9829885057471265
0.533099297893681,0.9829885057471265
0.5333500501504513,0.9829885057471265
0.5336008024072216,0.9829885057471265
0.5338515546639919,0.9829885057471265
0.5341023069207623,0.9829885057471265
0.5343530591775326,0.9829885057471265
0.5346038114343029,0.9829885057471265
0.5348545636910732,0.9829885057471265
0.5351053159478435,0.9829885057471265
0.5353560682046138,0.9829885057471265
0.5356068204613842,0.9829885057471265
0.5358575727181545,0.9829885057471265
0.5361083249749248,0.9829885057471265
0.5361083249749248,0.9825367647058824
0.5361083249749248,0.9821999087174806
0.5363590772316951,0.9821999087174806
0.5366098294884654,0.9821999087174806
0.5368605817452357,0.9821999087174806
0.5371113340020061,0.9821999087174806
0.5373620862587764,0.9821999087174806
0.5376128385155466,0.9821999087174806
0.5378635907723169,0.9821999087174806
0.5381143430290872,0.9821999087174806
0.5383650952858575,0.9821999087174806
0.5386158475426279,0.9821999087174806
0.5388665997993982,0.9821999087174806
0.5391173520561685,0.9821999087174806
0.5393681043129388,0.9821999087174806
0.5396188565697091,0.9821999087174806
0.5396188565697091,0.9820547330641544
0.5398696088264794,0.9820547330641544
0.5401203610832498,0.9820547330641544
0.5403711133400201,0.9820547330641544
0.5406218655967904,0.9820547330641544
0.5408726178535607,0.9820547330641544
0.541123370110331,0.9820547330641544
0.5413741223671013,0.9820547330641544
0.5416248746238717,0.9820547330641544
0.541875626880642,0.9820547330641544
0.5421263791374122,0.9820547330641544
0.5423771313941825,0.9820547330641544
0.5426278836509528,0.9820547330641544
0.5428786359077231,0.9820547330641544
0.5431293881644935,0.9820547330641544
0.5433801404212638,0.9820547330641544
0.5436308926780341,0.9820547330641544
0.5438816449348044,0.9820547330641544
0.5441323971915747,0.9820547330641544
0.544383149448345,0.9820547330641544
0.5446339017051154,0.9820547330641544
0.5448846539618857,0.9820547330641544
0.545135406218656,0.9820547330641544
0.5453861584754263,0.9820547330641544
0.5456369107321966,0.9820547330641544
0.5458876629889668,0.9820547330641544
0.5461384152457373,0.9820547330641544
0.5463891675025075,0.9820547330641544
0.5466399197592778,0.9820547330641544
0.5468906720160481,0.9820547330641544
0.5471414242728184,0.9820547330641544
0.5473921765295887,0.9820547330641544
0.5476429287863591,0.9820547330641544
0.5478936810431294,0.9820547330641544
0.5481444332998997,0.9820547330641544
0.54839518555667,0.9820547330641544
0.5486459378134403,0.9820547330641544
0.5488966900702106,0.9820547330641544
0.5488966900702106,0.981671881984801
0.549147442326981,0.981671881984801
0.5493981945837513,0.981671881984801
0.5496489468405216,0.981671881984801
0.5498996990972919,0.981671881984801
0.5501504513540622,0.981671881984801
0.5504012036108324,0.981671881984801
0.5506519558676028,0.981671881984801
0.5506519558676028,0.9812667261373773
0.5509027081243731,0.9812667261373773
0.5511534603811434,0.9812667261373773
0.5514042126379137,0.9812667261373773
0.551654964894684,0.9812667261373773
0.551654964894684,0.9809228039041704
0.5519057171514543,0.9809228039041704
0.5521564694082247,0.9809228039041704
0.552407221664995,0.9809228039041704
0.5526579739217653,0.9809228039041704
0.5529087261785356,0.9809228039041704
0.5531594784353059,0.9809228039041704
0.5534102306920762,0.9809228039041704
0.5536609829488466,0.9809228039041704
0.5539117352056169,0.9809228039041704
0.5541624874623872,0.9809228039041704
0.5544132397191575,0.9809228039041704
0.5544132397191575,0.9804964539007093
0.5546639919759278,0.9804964539007093
0.5546639919759278,0.9802110817941952
0.554914744232698,0.9802110817941952
0.5551654964894684,0.9802110817941952
0.5554162487462387,0.9802110817941952
0.555667001003009,0.9802110817941952
0.5559177532597793,0.9802110817941952
0.5561685055165496,0.9802110817941952
0.5564192577733199,0.9802110817941952
0.5566700100300903,0.9802110817941952
0.5569207622868606,0.9802110817941952
0.5571715145436309,0.9802110817941952
0.5574222668004012,0.9802110817941952
0.5576730190571715,0.9802110817941952
0.5579237713139418,0.9802110817941952
0.5581745235707122,0.9802110817941952
0.5584252758274825,0.9802110817941952
0.5586760280842528,0.9802110817941952
0.558926780341023,0.9802110817941952
0.558926780341023,0.9798245614035088
0.5591775325977933,0.9798245614035088
0.5594282848545636,0.9798245614035088
0.559679037111334,0.9798245614035088
0.5599297893681043,0.9798245614035088
0.5601805416248746,0.9798245614035088
0.5601805416248746,0.979538528515455
0.5604312938816449,0.979538528515455
0.5606820461384152,0.979538528515455
0.5609327983951855,0.979538528515455
0.5611835506519559,0.979538528515455
0.5614343029087262,0.979538528515455
0.5616850551654965,0.979538528515455
0.5619358074222668,0.979538528515455
0.5621865596790371,0.979538528515455
0.5624373119358074,0.979538528515455
0.5626880641925778,0.979538528515455
0.5629388164493481,0.979538528515455
0.5631895687061184,0.979538528515455
0.5634403209628887,0.979538528515455
0.563691073219659,0.979538528515455
0.5639418254764292,0.979538528515455
0.5641925777331996,0.979538528515455
0.5641925777331996,0.97911227154047
0.5641925777331996,0.9787418655097614
0.5644433299899699,0.9787418655097614
0.5646940822467402,0.9787418655097614
0.5649448345035105,0.9787418655097614
0.5651955867602808,0.9787418655097614
0.5654463390170511,0.9787418655097614
0.5656970912738215,0.9787418655097614
0.5656970912738215,0.978345604157644
0.5659478435305918,0.978345604157644
0.5661985957873621,0.978345604157644
0.5664493480441324,0.978345604157644
0.5664493480441324,0.9780645161290322
0.5667001003009027,0.9780645161290322
0.566950852557673,0.9780645161290322
0.5672016048144434,0.9780645161290322
0.5674523570712137,0.9780645161290322
0.567703109327984,0.9780645161290322
0.5679538615847542,0.9780645161290322
0.5682046138415245,0.9780645161290322
0.5684553660982948,0.9780645161290322
0.5687061183550652,0.9780645161290322
0.5689568706118355,0.9780645161290322
0.5692076228686058,0.9780645161290322
0.5694583751253761,0.9780645161290322
0.5697091273821464,0.9780645161290322
0.5699598796389167,0.9780645161290322
0.5702106318956871,0.9780645161290322
0.5702106318956871,0.9780498100464331
0.5704613841524574,0.9780498100464331
0.5707121364092277,0.9780498100464331
0.570962888665998,0.9780498100464331
0.5712136409227683,0.9780498100464331
0.5714643931795386,0.9780498100464331
0.571715145436309,0.9780498100464331
0.5719658976930793,0.9780498100464331
0.5722166499498496,0.9780498100464331
0.5724674022066198,0.9780498100464331
0.5727181544633901,0.9780498100464331
0.5729689067201604,0.9780498100464331
0.5732196589769308,0.9780498100464331
0.5734704112337011,0.9780498100464331
0.5737211634904714,0.9780498100464331
0.5739719157472417,0.9780498100464331
0.574222668004012,0.9780498100464331
0.5744734202607823,0.9780498100464331
0.5747241725175527,0.9780498100464331
0.574974924774323,0.9780498100464331
0.5752256770310933,0.9780498100464331
0.5754764292878636,0.9780498100464331
0.5757271815446339,0.9780498100464331
0.5759779338014042,0.9780498100464331
0.5762286860581746,0.9780498100464331
0.5764794383149449,0.9780498100464331
0.5767301905717152,0.9780498100464331
0.5769809428284854,0.9780498100464331
0.5772316950852557,0.9780498100464331
0.577482447342026,0.9780498100464331
0.5777331995987964,0.9780498100464331
0.5779839518555667,0.9780498100464331
0.578234704112337,0.9780498100464331
0.5784854563691073,0.9780498100464331
0.5787362086258776,0.9780498100464331
0.5789869608826479,0.9780498100464331
0.5792377131394183,0.9780498100464331
0.5794884653961886,0.9780498100464331
0.5797392176529589,0.9780498100464331
0.5799899699097292,0.9780498100464331
0.5802407221664995,0.9780498100464331
0.5804914744232698,0.9780498100464331
0.5807422266800402,0.9780498100464331
0.5809929789368105,0.9780498100464331
0.5809929789368105,0.9779258642232403
0.5812437311935807,0.9779258642232403
0.581494483450351,0.9779258642232403
0.5817452357071213,0.9779258642232403
0.5819959879638916,0.9779258642232403
0.582246740220662,0.9779258642232403
0.5824974924774323,0.9779258642232403
0.5827482447342026,0.9779258642232403
0.5829989969909729,0.9779258642232403
0.5832497492477432,0.9779258642232403
0.5835005015045135,0.9779258642232403
0.5837512537612839,0.9779258642232403
0.5840020060180542,0.9779258642232403
0.5842527582748245,0.9779258642232403
0.5845035105315948,0.9779258642232403
0.5847542627883651,0.9779258642232403
0.5850050150451354,0.9779258642232403
0.5852557673019058,0.9779258642232403
0.585506519558676,0.9779258642232403
0.5857572718154463,0.9779258642232403
0.5860080240722166,0.9779258642232403
0.5862587763289869,0.9779258642232403
0.5865095285857572,0.9779258642232403
0.5867602808425276,0.9779258642232403
0.5870110330992979,0.9779258642232403
0.5872617853560682,0.9779258642232403
0.5875125376128385,0.9779258642232403
0.5877632898696088,0.9779258642232403
0.5880140421263791,0.9779258642232403
0.5882647943831495,0.9779258642232403
0.5885155466399198,0.9779258642232403
0.5887662988966901,0.9779258642232403
0.5887662988966901,0.9775933609958506
0.5890170511534604,0.9775933609958506
0.5892678034102307,0.9775933609958506
0.589518555667001,0.9775933609958506
0.5897693079237714,0.9775933609958506
0.5900200601805417,0.9775933609958506
0.5902708124373119,0.9775933609958506
0.5905215646940822,0.9775933609958506
0.5907723169508525,0.9775933609958506
0.5907723169508525,0.9771973466003316
0.5910230692076228,0.9771973466003316
0.5910230692076228,0.9770491803278688
0.5912738214643932,0.9770491803278688
0.5915245737211635,0.9770491803278688
0.5917753259779338,0.9770491803278688
0.5920260782347041,0.9770491803278688
0.5922768304914744,0.9770491803278688
0.5925275827482447,0.9770491803278688
0.5927783350050151,0.9770491803278688
0.5930290872617854,0.9770491803278688
0.5932798395185557,0.9770491803278688
0.593530591775326,0.9770491803278688
0.5937813440320963,0.9770491803278688
0.5940320962888666,0.9770491803278688
0.594282848545637,0.9770491803278688
0.5945336008024072,0.9770491803278688
0.5947843530591775,0.9770491803278688
0.5950351053159478,0.9770491803278688
0.5952858575727181,0.9770491803278688
0.5955366098294884,0.9770491803278688
0.5957873620862588,0.9770491803278688
0.5960381143430291,0.9770491803278688
0.5962888665997994,0.9770491803278688
0.5965396188565697,0.9770491803278688
0.59679037111334,0.9770491803278688
0.5970411233701103,0.9770491803278688
0.5972918756268807,0.9770491803278688
0.597542627883651,0.9770491803278688
0.5977933801404213,0.9770491803278688
0.5977933801404213,0.9766680311092919
0.5980441323971916,0.9766680311092919
0.5982948846539619,0.9766680311092919
0.5982948846539619,0.9763939763939764
0.5985456369107321,0.9763939763939764
0.5987963891675026,0.9763939763939764
0.5990471414242728,0.9763939763939764
0.5992978936810431,0.9763939763939764
0.5995486459378134,0.9763939763939764
0.5997993981945837,0.9763939763939764
0.600050150451354,0.9763939763939764
0.6003009027081244,0.9763939763939764
0.6005516549648947,0.9763939763939764
0.600802407221665,0.9763939763939764
0.6010531594784353,0.9763939763939764
0.6013039117352056,0.9763939763939764
0.6015546639919759,0.9763939763939764
0.6015546639919759,0.9761230271145286
0.6018054162487463,0.9761230271145286
0.6020561685055166,0.9761230271145286
0.6023069207622869,0.9761230271145286
0.6025576730190572,0.9761230271145286
0.6028084252758275,0.9761230271145286
0.6030591775325977,0.9761230271145286
0.6033099297893681,0.9761230271145286
0.6035606820461384,0.9761230271145286
0.6038114343029087,0.9761230271145286
0.604062186559679,0.9761230271145286
0.6043129388164493,0.9761230271145286
0.6045636910732196,0.9761230271145286
0.60481444332999,0.9761230271145286
0.60481444332999,0.9758162031438936
0.6050651955867603,0.9758162031438936
0.6053159478435306,0.9758162031438936
0.6055667001003009,0.9758162031438936
0.6058174523570712,0.9758162031438936
0.6060682046138415,0.9758162031438936
0.6063189568706119,0.9758162031438936
0.6065697091273822,0.9758162031438936
0.6068204613841525,0.9758162031438936
0.6070712136409228,0.9758162031438936
0.6070712136409228,0.9754625905068383
0.607321965897693,0.9754625905068383
0.6075727181544633,0.9754625905068383
0.6078234704112337,0.9754625905068383
0.608074222668004,0.9754625905068383
0.608074222668004,0.9750903977501004
0.6083249749247743,0.9750903977501004
0.6085757271815446,0.9750903977501004
0.6085757271815446,0.974749498997996
0.6088264794383149,0.974749498997996
0.6090772316950852,0.974749498997996
0.6093279839518556,0.974749498997996
0.6095787362086259,0.974749498997996
0.6098294884653962,0.974749498997996
0.6098294884653962,0.9745830023828436
0.6100802407221665,0.9745830023828436
0.6103309929789368,0.9745830023828436
0.6105817452357071,0.9745830023828436
0.6108324974924775,0.9745830023828436
0.6110832497492478,0.9745830023828436
0.6113340020060181,0.9745830023828436
0.6115847542627884,0.9745830023828436
0.6118355065195586,0.9745830023828436
0.6120862587763289,0.9745830023828436
0.6123370110330993,0.9745830023828436
0.6125877632898696,0.9745830023828436
0.6128385155466399,0.9745830023828436
0.6130892678034102,0.9745830023828436
0.6133400200601805,0.9745830023828436
0.6135907723169508,0.9745830023828436
0.6138415245737212,0.9745830023828436
0.6140922768304915,0.9745830023828436
0.6143430290872618,0.9745830023828436
0.6145937813440321,0.9745830023828436
0.6148445336008024,0.9745830023828436
0.6150952858575727,0.9745830023828436
0.6153460381143431,0.9745830023828436
0.6153460381143431,0.9742268041237113
0.6155967903711134,0.9742268041237113
0.6158475426278837,0.9742268041237113
0.616098294884654,0.9742268041237113
0.616098294884654,0.9738613861386138
0.6163490471414242,0.9738613861386138
0.6165997993981945,0.9738613861386138
0.6165997993981945,0.9735387045813586
0.6168505516549649,0.9735387045813586
0.6171013039117352,0.9735387045813586
0.6173520561685055,0.9735387045813586
0.6176028084252758,0.9735387045813586
0.6178535606820461,0.9735387045813586
0.6181043129388164,0.9735387045813586
0.6181043129388164,0.9731755424063117
0.6183550651955868,0.9731755424063117
0.6186058174523571,0.9731755424063117
0.6186058174523571,0.9728560188827695
0.6188565697091274,0.9728560188827695
0.6191073219658977,0.9728560188827695
0.619358074222668,0.9728560188827695
0.6196088264794383,0.9728560188827695
0.6198595787362087,0.9728560188827695
0.620110330992979,0.9728560188827695
0.620110330992979,0.97265625
0.6203610832497493,0.97265625
0.6206118355065195,0.97265625
0.6208625877632898,0.97265625
0.6211133400200601,0.97265625
0.6213640922768305,0.97265625
0.6216148445336008,0.97265625
0.6218655967903711,0.97265625
0.6221163490471414,0.97265625
0.6223671013039117,0.97265625
0.622617853560682,0.97265625
0.6228686058174524,0.97265625
0.6231193580742227,0.97265625
0.623370110330993,0.97265625
0.6236208625877633,0.97265625
0.6238716148445336,0.97265625
0.6241223671013039,0.97265625
0.6243731193580743,0.97265625
0.6243731193580743,0.9723520249221184
0.6246238716148446,0.9723520249221184
0.6248746238716149,0.9723520249221184
0.6251253761283851,0.9723520249221184
0.6253761283851554,0.9723520249221184
0.6256268806419257,0.9723520249221184
0.6258776328986961,0.9723520249221184
0.6261283851554664,0.9723520249221184
0.6261283851554664,0.9721254355400697
0.6263791374122367,0.9721254355400697
0.626629889669007,0.9721254355400697
0.6268806419257773,0.9721254355400697
0.6271313941825476,0.9721254355400697
0.627382146439318,0.9721254355400697
0.6276328986960883,0.9721254355400697
0.6278836509528586,0.9721254355400697
0.6281344032096289,0.9721254355400697
0.6283851554663992,0.9721254355400697
0.6286359077231695,0.9721254355400697
0.6288866599799399,0.9721254355400697
0.6291374122367102,0.9721254355400697
0.6293881644934805,0.9721254355400697
0.6296389167502507,0.9721254355400697
0.6296389167502507,0.9718255499807025
0.629889669007021,0.9718255499807025
0.6301404212637913,0.9718255499807025
0.6303911735205617,0.9718255499807025
0.630641925777332,0.9718255499807025
0.6308926780341023,0.9718255499807025
0.6311434302908726,0.9718255499807025
0.6313941825476429,0.9718255499807025
0.6313941825476429,0.9716257668711656
0.6316449348044132,0.9716257668711656
0.6318956870611836,0.9716257668711656
0.6321464393179539,0.9716257668711656
0.6323971915747242,0.9716257668711656
0.6326479438314945,0.9716257668711656
0.6328986960882648,0.9716257668711656
0.6331494483450351,0.9716257668711656
0.6334002006018055,0.9716257668711656
0.6336509528585758,0.9716257668711656
0.633901705115346,0.9716257668711656
0.6341524573721163,0.9716257668711656
0.6344032096288866,0.9716257668711656
0.6346539618856569,0.9716257668711656
0.6349047141424273,0.9716257668711656
0.6351554663991976,0.9716257668711656
0.6354062186559679,0.9716257668711656
0.6354062186559679,0.9713855421686747
0.6356569709127382,0.9713855421686747
0.6359077231695085,0.9713855421686747
0.6361584754262788,0.9713855421686747
0.6364092276830492,0.9713855421686747
0.6366599799398195,0.9713855421686747
0.6369107321965898,0.9713855421686747
0.6371614844533601,0.9713855421686747
0.6374122367101304,0.9713855421686747
0.6376629889669007,0.9713855421686747
0.6379137412236711,0.9713855421686747
0.6381644934804414,0.9713855421686747
0.6384152457372116,0.9713855421686747
0.6384152457372116,0.9713855421686747
0.6386659979939819,0.9713855421686747
0.6389167502507522,0.9713855421686747
0.6391675025075225,0.9713855421686747
0.6394182547642929,0.9713855421686747
0.6396690070210632,0.9713855421686747
0.6399197592778335,0.9713855421686747
0.6401705115346038,0.9713855421686747
0.6404212637913741,0.9713855421686747
0.6406720160481444,0.9713855421686747
0.6409227683049148,0.9713855421686747
0.6411735205616851,0.9713855421686747
0.6414242728184554,0.9713855421686747
0.6416750250752257,0.9713855421686747
0.641925777331996,0.9713855421686747
0.6421765295887663,0.9713855421686747
0.6424272818455367,0.9713855421686747
0.642678034102307,0.9713855421686747
0.6429287863590772,0.9713855421686747
0.6431795386158475,0.9713855421686747
0.6434302908726178,0.9713855421686747
0.6436810431293881,0.9713855421686747
0.6439317953861585,0.9713855421686747
0.6441825476429288,0.9713855421686747
0.6444332998996991,0.9713855421686747
0.6446840521564694,0.9713855421686747
0.6449348044132397,0.9713855421686747
0.64518555667001,0.9713855421686747
0.6454363089267804,0.9713855421686747
0.6456870611835507,0.9713855421686747
0.645937813440321,0.9713855421686747
0.6461885656970913,0.9713855421686747
0.6464393179538616,0.9713855421686747
0.6466900702106319,0.9713855421686747
0.6469408224674023,0.9713855421686747
0.6469408224674023,0.971085242208036
0.6471915747241725,0.971085242208036
0.6474423269809428,0.971085242208036
0.6476930792377131,0.971085242208036
0.6479438314944834,0.971085242208036
0.6481945837512537,0.971085242208036
0.6484453360080241,0.971085242208036
0.6484453360080241,0.9707646176911544
0.6486960882647944,0.9707646176911544
0.6489468405215647,0.9707646176911544
0.649197592778335,0.9707646176911544
0.6494483450351053,0.9707646176911544
0.6494483450351053,0.9705882352941176
0.6496990972918756,0.9705882352941176
0.649949849548646,0.9705882352941176
0.6502006018054163,0.9705882352941176
0.6504513540621866,0.9705882352941176
0.6507021063189569,0.9705882352941176
0.6509528585757272,0.9705882352941176
0.6512036108324974,0.9705882352941176
0.6514543630892679,0.9705882352941176
0.6517051153460381,0.9705882352941176
0.6519558676028084,0.9705882352941176
0.6522066198595787,0.9705882352941176
0.652457372116349,0.9705882352941176
0.6527081243731193,0.9705882352941176
0.6529588766298897,0.9705882352941176
0.65320962888666,0.9705882352941176
0.6534603811434303,0.9705882352941176
0.6537111334002006,0.9705882352941176
0.6537111334002006,0.9703593923675435
0.6539618856569709,0.9703593923675435
0.6542126379137412,0.9703593923675435
0.6544633901705116,0.9703593923675435
0.6547141424272819,0.9703593923675435
0.6549648946840522,0.9703593923675435
0.6552156469408225,0.9703593923675435
0.6554663991975928,0.9703593923675435
0.655717151454363,0.9703593923675435
0.6559679037111334,0.9703593923675435
0.6562186559679037,0.9703593923675435
0.656469408224674,0.9703593923675435
0.6567201604814443,0.9703593923675435
0.6567201604814443,0.9700443786982249
0.6569709127382146,0.9700443786982249
0.6572216649949849,0.9700443786982249
0.6574724172517553,0.9700443786982249
0.6577231695085256,0.9700443786982249
0.6577231695085256,0.9697528587237182
0.6579739217652959,0.9697528587237182
0.6582246740220662,0.9697528587237182
0.6584754262788365,0.9697528587237182
0.6587261785356068,0.9697528587237182
0.6589769307923772,0.9697528587237182
0.6592276830491475,0.9697528587237182
0.6592276830491475,0.9695301027900147
0.6594784353059178,0.9695301027900147
0.6597291875626881,0.9695301027900147
0.6599799398194583,0.9695301027900147
0.6602306920762286,0.9695301027900147
0.660481444332999,0.9695301027900147
0.6607321965897693,0.9695301027900147
0.6609829488465396,0.9695301027900147
0.6612337011033099,0.9695301027900147
0.6614844533600802,0.9695301027900147
0.6617352056168505,0.9695301027900147
0.6619859578736209,0.9695301027900147
0.6622367101303912,0.9695301027900147
0.6622367101303912,0.969208211143695
0.6624874623871615,0.969208211143695
0.6627382146439318,0.969208211143695
0.6629889669007021,0.969208211143695
0.6629889669007021,0.9690424766018718
0.6632397191574724,0.9690424766018718
0.6634904714142428,0.9690424766018718
0.6637412236710131,0.9690424766018718
0.6639919759277834,0.9690424766018718
0.6642427281845537,0.9690424766018718
0.664493480441324,0.9690424766018718
0.664493480441324,0.9690424766018718
0.6647442326980942,0.9690424766018718
0.6649949849548646,0.9690424766018718
0.6652457372116349,0.9690424766018718
0.6654964894684052,0.9690424766018718
0.6657472417251755,0.9690424766018718
0.6659979939819458,0.9690424766018718
0.6662487462387161,0.9690424766018718
0.6664994984954865,0.9690424766018718
0.6667502507522568,0.9690424766018718
0.6670010030090271,0.9690424766018718
0.6672517552657974,0.9690424766018718
0.6675025075225677,0.9690424766018718
0.667753259779338,0.9690424766018718
0.6680040120361084,0.9690424766018718
0.6682547642928787,0.9690424766018718
0.668505516549649,0.9690424766018718
0.6687562688064193,0.9690424766018718
0.6690070210631895,0.9690424766018718
0.6692577733199598,0.9690424766018718
0.6695085255767302,0.9690424766018718
0.6697592778335005,0.9690424766018718
0.6700100300902708,0.9690424766018718
0.6702607823470411,0.9690424766018718
0.6705115346038114,0.9690424766018718
0.6707622868605817,0.9690424766018718
0.6710130391173521,0.9690424766018718
0.6712637913741224,0.9690424766018718
0.6715145436308927,0.9690424766018718
0.671765295887663,0.9690424766018718
0.6720160481444333,0.9690424766018718
0.6722668004012036,0.9690424766018718
0.672517552657974,0.9690424766018718
0.6727683049147443,0.9690424766018718
0.6730190571715146,0.9690424766018718
0.6732698094282848,0.9690424766018718
0.6735205616850551,0.9690424766018718
0.6737713139418254,0.9690424766018718
0.6740220661985958,0.9690424766018718
0.6742728184553661,0.9690424766018718
0.6745235707121364,0.9690424766018718
0.6747743229689067,0.9690424766018718
0.675025075225677,0.9690424766018718
0.675025075225677,0.9688826025459689
0.6752758274824473,0.9688826025459689
0.6755265797392177,0.9688826025459689
0.675777331995988,0.9688826025459689
0.6760280842527583,0.9688826025459689
0.6762788365095286,0.9688826025459689
0.6765295887662989,0.9688826025459689
0.6767803410230692,0.9688826025459689
0.6770310932798396,0.9688826025459689
0.6772818455366099,0.9688826025459689
0.6772818455366099,0.9688826025459689
0.6775325977933802,0.9688826025459689
0.6777833500501504,0.9688826025459689
0.6780341023069207,0.9688826025459689
0.678284854563691,0.9688826025459689
0.6785356068204614,0.9688826025459689
0.6787863590772317,0.9688826025459689
0.679037111334002,0.9688826025459689
0.6792878635907723,0.9688826025459689
0.6795386158475426,0.9688826025459689
0.6797893681043129,0.9688826025459689
0.6800401203610833,0.9688826025459689
0.6802908726178536,0.9688826025459689
0.6805416248746239,0.9688826025459689
0.6807923771313942,0.9688826025459689
0.6810431293881645,0.9688826025459689
0.6812938816449348,0.9688826025459689
0.6815446339017052,0.9688826025459689
0.6817953861584755,0.9688826025459689
0.6820461384152458,0.9688826025459689
0.682296890672016,0.9688826025459689
0.6825476429287863,0.9688826025459689
0.6827983951855566,0.9688826025459689
0.683049147442327,0.9688826025459689
0.6832998996990973,0.9688826025459689
0.6835506519558676,0.9688826025459689
0.6838014042126379,0.9688826025459689
0.6840521564694082,0.9688826025459689
0.6843029087261785,0.9688826025459689
0.6845536609829489,0.9688826025459689
0.6848044132397192,0.9688826025459689
0.6850551654964895,0.9688826025459689
0.6853059177532598,0.9688826025459689
0.6855566700100301,0.9688826025459689
0.6858074222668004,0.9688826025459689
0.6860581745235708,0.9688826025459689
0.686308926780341,0.9688826025459689
0.6865596790371113,0.9688826025459689
0.6868104312938816,0.9688826025459689
0.6870611835506519,0.9688826025459689
0.6870611835506519,0.9687280393534786
0.6873119358074222,0.9687280393534786
0.6875626880641926,0.9687280393534786
0.6878134403209629,0.9687280393534786
0.6880641925777332,0.9687280393534786
0.6883149448345035,0.9687280393534786
0.6885656970912738,0.9687280393534786
0.6888164493480441,0.9687280393534786
0.6890672016048145,0.9687280393534786
0.6893179538615848,0.9687280393534786
0.6895687061183551,0.9687280393534786
0.6898194583751254,0.9687280393534786
0.6900702106318957,0.9687280393534786
0.690320962888666,0.9687280393534786
0.6905717151454364,0.9687280393534786
0.6908224674022067,0.9687280393534786
0.691073219658977,0.9687280393534786
0.6913239719157472,0.9687280393534786
0.6913239719157472,0.9685314685314685
0.6915747241725175,0.9685314685314685
0.6918254764292878,0.9685314685314685
0.6920762286860582,0.9685314685314685
0.6923269809428285,0.9685314685314685
0.6925777331995988,0.9685314685314685
0.6928284854563691,0.9685314685314685
0.6930792377131394,0.9685314685314685
0.6933299899699097,0.9685314685314685
0.6935807422266801,0.9685314685314685
0.6938314944834504,0.9685314685314685
0.6940822467402207,0.9685314685314685
0.694332998996991,0.9685314685314685
0.6945837512537613,0.9685314685314685
0.6945837512537613,0.968248429867411
0.6948345035105316,0.968248429867411
0.695085255767302,0.968248429867411
0.6953360080240722,0.968248429867411
0.6955867602808425,0.968248429867411
0.6958375125376128,0.968248429867411
0.6958375125376128,0.9679554162312783
0.6960882647943831,0.9679554162312783
0.6963390170511534,0.9679554162312783
0.6965897693079238,0.9679554162312783
0.6968405215646941,0.9679554162312783
0.6968405215646941,0.967741935483871
0.6970912738214644,0.967741935483871
0.6973420260782347,0.967741935483871
0.697592778335005,0.967741935483871
0.6978435305917753,0.967741935483871
0.6980942828485457,0.967741935483871
0.698345035105316,0.967741935483871
0.6985957873620863,0.967741935483871
0.6988465396188566,0.967741935483871
0.6990972918756269,0.967741935483871
0.6993480441323972,0.967741935483871
0.6995987963891676,0.967741935483871
0.6995987963891676,0.9674063800277393
0.6995987963891676,0.9670938690682369
0.6998495486459378,0.9670938690682369
0.7001003009027081,0.9670938690682369
0.7001003009027081,0.9667590027700831
0.7001003009027081,0.9665862900447812
0.7003510531594784,0.9665862900447812
0.7006018054162487,0.9665862900447812
0.700852557673019,0.9665862900447812
0.7011033099297894,0.9665862900447812
0.7013540621865597,0.9665862900447812
0.70160481444333,0.9665862900447812
0.7018555667001003,0.9665862900447812
0.7021063189568706,0.9665862900447812
0.7023570712136409,0.9665862900447812
0.7026078234704113,0.9665862900447812
0.7028585757271816,0.9665862900447812
0.7031093279839519,0.9665862900447812
0.7033600802407222,0.9665862900447812
0.7036108324974925,0.9665862900447812
0.7036108324974925,0.9662534435261708
0.7036108324974925,0.96592082616179
0.7036108324974925,0.9656002751977985
0.7038615847542627,0.9656002751977985
0.7038615847542627,0.9653278407140405
0.7041123370110332,0.9653278407140405
0.7043630892678034,0.9653278407140405
0.7046138415245737,0.9653278407140405
0.704864593781344,0.9653278407140405
0.7051153460381143,0.9653278407140405
0.7051153460381143,0.9651401230348599
0.7053660982948846,0.9651401230348599
0.705616850551655,0.9651401230348599
0.7058676028084253,0.9651401230348599
0.7061183550651956,0.9651401230348599
0.7063691073219659,0.9651401230348599
0.7066198595787362,0.9651401230348599
0.7068706118355065,0.9651401230348599
0.7071213640922769,0.9651401230348599
0.7073721163490472,0.9651401230348599
0.7076228686058175,0.9651401230348599
0.7078736208625878,0.9651401230348599
0.708124373119358,0.9651401230348599
0.708124373119358,0.965025466893039
0.7083751253761283,0.965025466893039
0.7086258776328987,0.965025466893039
0.708876629889669,0.965025466893039
0.7091273821464393,0.965025466893039
0.7093781344032096,0.965025466893039
0.7096288866599799,0.965025466893039
0.7098796389167502,0.965025466893039
0.7101303911735206,0.965025466893039
0.7103811434302909,0.965025466893039
0.7106318956870612,0.965025466893039
0.7108826479438315,0.965025466893039
0.7111334002006018,0.965025466893039
0.7113841524573721,0.965025466893039
0.7116349047141425,0.965025466893039
0.7118856569709128,0.965025466893039
0.7121364092276831,0.965025466893039
0.7123871614844534,0.965025466893039
0.7126379137412236,0.965025466893039
0.7126379137412236,0.964781578056214
0.7128886659979939,0.964781578056214
0.7131394182547643,0.964781578056214
0.7133901705115346,0.964781578056214
0.7136409227683049,0.964781578056214
0.7138916750250752,0.964781578056214
0.7141424272818455,0.964781578056214
0.7143931795386158,0.964781578056214
0.7143931795386158,0.9645509790681972
0.7146439317953862,0.9645509790681972
0.7148946840521565,0.9645509790681972
0.7151454363089268,0.9645509790681972
0.7153961885656971,0.9645509790681972
0.7156469408224674,0.9645509790681972
0.7158976930792377,0.9645509790681972
0.7161484453360081,0.9645509790681972
0.7163991975927784,0.9645509790681972
0.7163991975927784,0.9642375168690959
0.7166499498495487,0.9642375168690959
0.7166499498495487,0.9639244774106541
0.716900702106319,0.9639244774106541
0.716900702106319,0.9638433210579176
0.7171514543630892,0.9638433210579176
0.7174022066198595,0.9638433210579176
0.7176529588766299,0.9638433210579176
0.7179037111334002,0.9638433210579176
0.7181544633901705,0.9638433210579176
0.7184052156469408,0.9638433210579176
0.7186559679037111,0.9638433210579176
0.7189067201604814,0.9638433210579176
0.7191574724172518,0.9638433210579176
0.7194082246740221,0.9638433210579176
0.7196589769307924,0.9638433210579176
0.7199097291875627,0.9638433210579176
0.720160481444333,0.9638433210579176
0.7204112337011033,0.9638433210579176
0.7206619859578737,0.9638433210579176
0.720912738214644,0.9638433210579176
0.7211634904714143,0.9638433210579176
0.7214142427281846,0.9638433210579176
0.7216649949849548,0.9638433210579176
0.7219157472417251,0.9638433210579176
0.7219157472417251,0.9637271214642263
0.7221664994984955,0.9637271214642263
0.7224172517552658,0.9637271214642263
0.7226680040120361,0.9637271214642263
0.7229187562688064,0.9637271214642263
0.7231695085255767,0.9637271214642263
0.723420260782347,0.9637271214642263
0.7236710130391174,0.9637271214642263
0.7239217652958877,0.9637271214642263
0.724172517552658,0.9637271214642263
0.7244232698094283,0.9637271214642263
0.7246740220661986,0.9637271214642263
0.7249247743229689,0.9637271214642263
0.7251755265797393,0.9637271214642263
0.7254262788365096,0.9637271214642263
0.7256770310932799,0.9637271214642263
0.7259277833500501,0.9637271214642263
0.7261785356068204,0.9637271214642263
0.7261785356068204,0.9634551495016611
0.7264292878635907,0.9634551495016611
0.7266800401203611,0.9634551495016611
0.7269307923771314,0.9634551495016611
0.7271815446339017,0.9634551495016611
0.7271815446339017,0.9631596415532692
0.727432296890672,0.9631596415532692
0.7276830491474423,0.9631596415532692
0.7276830491474423,0.9628893306825712
0.7279338014042126,0.9628893306825712
0.728184553660983,0.9628893306825712
0.7284353059177533,0.9628893306825712
0.7286860581745236,0.9628893306825712
0.7286860581745236,0.9625827814569536
0.7289368104312939,0.9625827814569536
0.7289368104312939,0.9625
0.7291875626880642,0.9625
0.7294383149448345,0.9625
0.7296890672016049,0.9625
0.7299398194583752,0.9625
0.7301905717151455,0.9625
0.7304413239719157,0.9625
0.730692076228686,0.9625
0.7309428284854563,0.9625
0.7311935807422267,0.9625
0.731444332998997,0.9625
0.7316950852557673,0.9625
0.7319458375125376,0.9625
0.7321965897693079,0.9625
0.7324473420260782,0.9625
0.7326980942828486,0.9625
0.7329488465396189,0.9625
0.7331995987963892,0.9625
0.7334503510531595,0.9625
0.7337011033099298,0.9625
0.7337011033099298,0.9622207621550591
0.7339518555667001,0.9622207621550591
0.7342026078234705,0.9622207621550591
0.7344533600802408,0.9622207621550591
0.7344533600802408,0.9620745542949757
0.734704112337011,0.9620745542949757
0.7349548645937813,0.9620745542949757
0.7352056168505516,0.9620745542949757
0.7354563691073219,0.9620745542949757
0.7354563691073219,0.9620745542949757
0.7357071213640923,0.9620745542949757
0.7359578736208626,0.9620745542949757
0.7362086258776329,0.9620745542949757
0.7364593781344032,0.9620745542949757
0.7367101303911735,0.9620745542949757
0.7369608826479438,0.9620745542949757
0.7372116349047142,0.9620745542949757
0.7374623871614845,0.9620745542949757
0.7377131394182548,0.9620745542949757
0.7379638916750251,0.9620745542949757
0.7382146439317954,0.9620745542949757
0.7384653961885657,0.9620745542949757
0.7387161484453361,0.9620745542949757
0.7389669007021064,0.9620745542949757
0.7392176529588766,0.9620745542949757
0.7394684052156469,0.9620745542949757
0.7397191574724172,0.9620745542949757
0.7399699097291875,0.9620745542949757
0.7402206619859579,0.9620745542949757
0.7404714142427282,0.9620745542949757
0.7407221664994985,0.9620745542949757
0.7409729187562688,0.9620745542949757
0.7412236710130391,0.9620745542949757
0.7414744232698094,0.9620745542949757
0.7417251755265798,0.9620745542949757
0.7419759277833501,0.9620745542949757
0.7422266800401204,0.9620745542949757
0.7424774322968907,0.9620745542949757
0.742728184553661,0.9620745542949757
0.7429789368104313,0.9620745542949757
0.7432296890672017,0.9620745542949757
0.743480441323972,0.9620745542949757
0.7437311935807422,0.9620745542949757
0.7439819458375125,0.9620745542949757
0.7442326980942828,0.9620745542949757
0.7442326980942828,0.9617875647668394
0.7444834503510531,0.9617875647668394
0.7447342026078235,0.9617875647668394
0.7447342026078235,0.9615011323196376
0.7449849548645938,0.9615011323196376
0.7452357071213641,0.9615011323196376
0.7452357071213641,0.961265332472563
0.7454864593781344,0.961265332472563
0.7457372116349047,0.961265332472563
0.745987963891675,0.961265332472563
0.7462387161484454,0.961265332472563
0.7464894684052157,0.961265332472563
0.746740220661986,0.961265332472563
0.746740220661986,0.9612303748798462
0.7469909729187563,0.9612303748798462
0.7472417251755266,0.9612303748798462
0.7474924774322969,0.9612303748798462
0.7477432296890673,0.9612303748798462
0.7479939819458375,0.9612303748798462
0.7482447342026078,0.9612303748798462
0.7484954864593781,0.9612303748798462
0.7487462387161484,0.9612303748798462
0.7489969909729187,0.9612303748798462
0.7492477432296891,0.9612303748798462
0.7494984954864594,0.9612303748798462
0.7497492477432297,0.9612303748798462
0.75,0.9612303748798462
0.7502507522567703,0.9612303748798462
0.7505015045135406,0.9612303748798462
0.7507522567703109,0.9612303748798462
0.7510030090270813,0.9612303748798462
0.7512537612838516,0.9612303748798462
0.7515045135406219,0.9612303748798462
0.7517552657973922,0.9612303748798462
0.7520060180541625,0.9612303748798462
0.7522567703109327,0.9612303748798462
0.7522567703109327,0.9610348131587352
0.7525075225677031,0.9610348131587352
0.7527582748244734,0.9610348131587352
0.7530090270812437,0.9610348131587352
0.753259779338014,0.9610348131587352
0.7535105315947843,0.9610348131587352
0.7537612838515546,0.9610348131587352
0.754012036108325,0.9610348131587352
0.7542627883650953,0.9610348131587352
0.7545135406218656,0.9610348131587352
0.7545135406218656,0.9607530312699426
0.7547642928786359,0.9607530312699426
0.7550150451354062,0.9607530312699426
0.7550150451354062,0.9604465709728868
0.7550150451354062,0.9602037567653614
0.7552657973921765,0.9602037567653614
0.7555165496489469,0.9602037567653614
0.7557673019057172,0.9602037567653614
0.7560180541624875,0.9602037567653614
0.7562688064192578,0.9602037567653614
0.7562688064192578,0.9599491417673236
0.756519558676028,0.9599491417673236
0.7567703109327983,0.9599491417673236
0.7570210631895687,0.9599491417673236
0.757271815446339,0.9599491417673236
0.757271815446339,0.9596697364242617
0.7575225677031093,0.9596697364242617
0.7577733199598796,0.9596697364242617
0.7577733199598796,0.9595576619273302
0.7580240722166499,0.9595576619273302
0.7582748244734202,0.9595576619273302
0.7585255767301906,0.9595576619273302
0.7587763289869609,0.9595576619273302
0.7590270812437312,0.9595576619273302
0.7592778335005015,0.9595576619273302
0.7595285857572718,0.9595576619273302
0.7597793380140421,0.9595576619273302
0.7600300902708125,0.9595576619273302
0.7602808425275828,0.9595576619273302
0.7605315947843531,0.9595576619273302
0.7607823470411234,0.9595576619273302
0.7610330992978936,0.9595576619273302
0.7612838515546639,0.9595576619273302
0.7615346038114343,0.9595576619273302
0.7615346038114343,0.9592545799115604
0.7615346038114343,0.9590034689372438
0.7617853560682046,0.9590034689372438
0.7620361083249749,0.9590034689372438
0.7622868605817452,0.9590034689372438
0.7625376128385155,0.9590034689372438
0.7625376128385155,0.9588567839195979
0.7627883650952858,0.9588567839195979
0.7630391173520562,0.9588567839195979
0.7632898696088265,0.9588567839195979
0.7635406218655968,0.9588567839195979
0.7637913741223671,0.9588567839195979
0.7640421263791374,0.9588567839195979
0.7642928786359077,0.9588567839195979
0.7645436308926781,0.9588567839195979
0.7647943831494484,0.9588567839195979
0.7650451354062187,0.9588567839195979
0.765295887662989,0.9588567839195979
0.7655466399197592,0.9588567839195979
0.7655466399197592,0.9585817383118921
0.7657973921765295,0.9585817383118921
0.7660481444332999,0.9585817383118921
0.7660481444332999,0.9583594239198497
0.7662988966900702,0.9583594239198497
0.7665496489468405,0.9583594239198497
0.7668004012036108,0.9583594239198497
0.7670511534603811,0.9583594239198497
0.7673019057171514,0.9583594239198497
0.7675526579739218,0.9583594239198497
0.7675526579739218,0.9581772784019975
0.7678034102306921,0.9581772784019975
0.7680541624874624,0.9581772784019975
0.7683049147442327,0.9581772784019975
0.768555667001003,0.9581772784019975
0.7688064192577733,0.9581772784019975
0.7690571715145437,0.9581772784019975
0.769307923771314,0.9581772784019975
0.7695586760280843,0.9581772784019975
0.7698094282848545,0.9581772784019975
0.7698094282848545,0.9578783151326054
0.7698094282848545,0.9576455932731236
0.7700601805416248,0.9576455932731236
0.7703109327983951,0.9576455932731236
0.7705616850551655,0.9576455932731236
0.7708124373119358,0.9576455932731236
0.7710631895687061,0.9576455932731236
0.7710631895687061,0.9573474470734745
0.7710631895687061,0.9571295433364398
0.7713139418254764,0.9571295433364398
0.7715646940822467,0.9571295433364398
0.771815446339017,0.9571295433364398
0.7720661985957874,0.9571295433364398
0.7723169508525577,0.9571295433364398
0.772567703109328,0.9571295433364398
0.772567703109328,0.9568590937306021
0.7728184553660983,0.9568590937306021
0.7730692076228686,0.9568590937306021
0.7730692076228686,0.956575682382134
0.7733199598796389,0.956575682382134
0.7733199598796389,0.9563332301021988
0.7735707121364093,0.9563332301021988
0.7738214643931796,0.9563332301021988
0.7740722166499499,0.9563332301021988
0.7743229689067201,0.9563332301021988
0.7743229689067201,0.9560779461800185
0.7745737211634904,0.9560779461800185
0.7748244734202607,0.9560779461800185
0.7750752256770311,0.9560779461800185
0.7750752256770311,0.9558369363804817
0.7753259779338014,0.9558369363804817
0.7755767301905717,0.9558369363804817
0.775827482447342,0.9558369363804817
0.7760782347041123,0.9558369363804817
0.7760782347041123,0.9555829734731647
0.7763289869608826,0.9555829734731647
0.776579739217653,0.9555829734731647
0.7768304914744233,0.9555829734731647
0.7768304914744233,0.9553020961775586
0.7770812437311936,0.9553020961775586
0.7770812437311936,0.9551045510455105
0.7773319959879639,0.9551045510455105
0.7775827482447342,0.9551045510455105
0.7778335005015045,0.9551045510455105
0.7780842527582749,0.9551045510455105
0.7783350050150452,0.9551045510455105
0.7785857572718154,0.9551045510455105
0.7788365095285857,0.9551045510455105
0.7788365095285857,0.955045871559633
0.779087261785356,0.955045871559633
0.7793380140421263,0.955045871559633
0.7795887662988967,0.955045871559633
0.779839518555667,0.955045871559633
0.7800902708124373,0.955045871559633
0.7803410230692076,0.955045871559633
0.7805917753259779,0.955045871559633
0.7808425275827482,0.955045871559633
0.7810932798395186,0.955045871559633
0.7813440320962889,0.955045871559633
0.7815947843530592,0.955045871559633
0.7818455366098295,0.955045871559633
0.7820962888665998,0.955045871559633
0.7823470411233701,0.955045871559633
0.7825977933801405,0.955045871559633
0.7828485456369108,0.955045871559633
0.783099297893681,0.955045871559633
0.783099297893681,0.9548780487804878
0.7833500501504513,0.9548780487804878
0.7836008024072216,0.9548780487804878
0.7838515546639919,0.9548780487804878
0.7841023069207623,0.9548780487804878
0.7843530591775326,0.9548780487804878
0.7846038114343029,0.9548780487804878
0.7848545636910732,0.9548780487804878
0.7851053159478435,0.9548780487804878
0.7853560682046138,0.9548780487804878
0.7853560682046138,0.9545870161536117
0.7853560682046138,0.954337899543379
0.7856068204613842,0.954337899543379
0.7858575727181545,0.954337899543379
0.7861083249749248,0.954337899543379
0.7861083249749248,0.9540754257907542
0.7863590772316951,0.9540754257907542
0.7866098294884654,0.9540754257907542
0.7866098294884654,0.9538134305682163
0.7868605817452357,0.9538134305682163
0.7871113340020061,0.9538134305682163
0.7871113340020061,0.953551912568306
0.7873620862587764,0.953551912568306
0.7876128385155466,0.953551912568306
0.7876128385155466,0.9532625189681335
0.7876128385155466,0.9531013615733737
0.7878635907723169,0.9531013615733737
0.7881143430290872,0.9531013615733737
0.7883650952858575,0.9531013615733737
0.7886158475426279,0.9531013615733737
0.7888665997993982,0.9531013615733737
0.7891173520561685,0.9531013615733737
0.7893681043129388,0.9531013615733737
0.7896188565697091,0.9531013615733737
0.7898696088264794,0.9531013615733737
0.7898696088264794,0.9528415961305925
0.7901203610832498,0.9528415961305925
0.7903711133400201,0.9528415961305925
0.7903711133400201,0.9525823014195107
0.7906218655967904,0.9525823014195107
0.7908726178535607,0.9525823014195107
0.7908726178535607,0.9522946859903382
0.7908726178535607,0.952021726010863
0.791123370110331,0.952021726010863
0.791123370110331,0.9517490952955368
0.7913741223671013,0.9517490952955368
0.7913741223671013,0.9514621646065722
0.7913741223671013,0.9511901175052727
0.7916248746238717,0.9511901175052727
0.7916248746238717,0.9509183980728696
0.791875626880642,0.9509183980728696
0.791875626880642,0.9506915213469633
0.7921263791374122,0.9506915213469633
0.7923771313941825,0.9506915213469633
0.7926278836509528,0.9506915213469633
0.7928786359077231,0.9506915213469633
0.7928786359077231,0.9504206730769231
0.7931293881644935,0.9504206730769231
0.7931293881644935,0.950135175728447
0.7931293881644935,0.9498498498498499
0.7931293881644935,0.9495949594959496
0.7933801404212638,0.9495949594959496
0.7936308926780341,0.9495949594959496
0.7936308926780341,0.9493708807669263
0.7938816449348044,0.9493708807669263
0.7941323971915747,0.9493708807669263
0.794383149448345,0.9493708807669263
0.7946339017051154,0.9493708807669263
0.7946339017051154,0.9490865528601378
0.7946339017051154,0.9488330341113106
0.7948846539618857,0.9488330341113106
0.795135406218656,0.9488330341113106
0.795135406218656,0.9485492072988334
0.795135406218656,0.9482655502392344
0.795135406218656,0.9480597014925373
0.7953861584754263,0.9480597014925373
0.7956369107321966,0.9480597014925373
0.7958876629889668,0.9480597014925373
0.7961384152457373,0.9480597014925373
0.7963891675025075,0.9480597014925373
0.7963891675025075,0.9478545887961859
0.7966399197592778,0.9478545887961859
0.7968906720160481,0.9478545887961859
0.7971414242728184,0.9478545887961859
0.7973921765295887,0.9478545887961859
0.7976429287863591,0.9478545887961859
0.7976429287863591,0.9475722371164731
0.7976429287863591,0.947305745757666
0.7978936810431294,0.947305745757666
0.7978936810431294,0.9470553242117787
0.7981444332998997,0.9470553242117787
0.79839518555667,0.9470553242117787
0.79839518555667,0.9468211527035056
0.7986459378134403,0.9468211527035056
0.7988966900702106,0.9468211527035056
0.799147442326981,0.9468211527035056
0.799147442326981,0.9465558194774347
0.7993981945837513,0.9465558194774347
0.7993981945837513,0.94633857100504
0.7996489468405216,0.94633857100504
0.7998996990972919,0.94633857100504
0.8001504513540622,0.94633857100504
0.8004012036108324,0.94633857100504
0.8004012036108324,0.9460740740740741
0.8006519558676028,0.9460740740740741
0.8006519558676028,0.9457938388625592
0.8006519558676028,0.9455621301775148
0.8009027081243731,0.9455621301775148
0.8011534603811434,0.9455621301775148
0.8014042126379137,0.9455621301775148
0.8014042126379137,0.9452824608104111
0.8014042126379137,0.945019213715637
0.801654964894684,0.945019213715637
0.801654964894684,0.9448051948051948
0.8019057171514543,0.9448051948051948
0.8021564694082247,0.9448051948051948
0.802407221664995,0.9448051948051948
0.8026579739217653,0.9448051948051948
0.8026579739217653,0.9445427728613569
0.8029087261785356,0.9445427728613569
0.8029087261785356,0.9442642288410499
0.8029087261785356,0.9441520467836257
0.8031594784353059,0.9441520467836257
0.8034102306920762,0.9441520467836257
0.8036609829488466,0.9441520467836257
0.8039117352056169,0.9441520467836257
0.8041624874623872,0.9441520467836257
0.8044132397191575,0.9441520467836257
0.8046639919759278,0.9441520467836257
0.804914744232698,0.9441520467836257
0.804914744232698,0.9441520467836257
0.8051654964894684,0.9441520467836257
0.8054162487462387,0.9441520467836257
0.805667001003009,0.9441520467836257
0.8059177532597793,0.9441520467836257
0.8061685055165496,0.9441520467836257
0.8064192577733199,0.9441520467836257
0.8066700100300903,0.9441520467836257
0.8069207622868606,0.9441520467836257
0.8071715145436309,0.9441520467836257
0.8074222668004012,0.9441520467836257
0.8076730190571715,0.9441520467836257
0.8079237713139418,0.9441520467836257
0.8081745235707122,0.9441520467836257
0.8084252758274825,0.9441520467836257
0.8086760280842528,0.9441520467836257
0.808926780341023,0.9441520467836257
0.8091775325977933,0.9441520467836257
0.8094282848545636,0.9441520467836257
0.809679037111334,0.9441520467836257
0.809679037111334,0.9439416058394161
0.8099297893681043,0.9439416058394161
0.8101805416248746,0.9439416058394161
0.8104312938816449,0.9439416058394161
0.8106820461384152,0.9439416058394161
0.8106820461384152,0.943731778425656
0.8109327983951855,0.943731778425656
0.8111835506519559,0.943731778425656
0.8114343029087262,0.943731778425656
0.8116850551654965,0.943731778425656
0.8116850551654965,0.9434567181579714
0.8116850551654965,0.9431983687736674
0.8119358074222668,0.9431983687736674
0.8119358074222668,0.9429237041351194
0.8119358074222668,0.942782457159454
0.8121865596790371,0.942782457159454
0.8124373119358074,0.942782457159454
0.8126880641925778,0.942782457159454
0.8129388164493481,0.942782457159454
0.8131895687061184,0.942782457159454
0.8134403209628887,0.942782457159454
0.813691073219659,0.942782457159454
0.8139418254764292,0.942782457159454
0.8139418254764292,0.9425253991291728
0.8141925777331996,0.9425253991291728
0.8141925777331996,0.9422686393965767
0.8144433299899699,0.9422686393965767
0.8144433299899699,0.942012177442737
0.8146940822467402,0.942012177442737
0.8146940822467402,0.9417560127499276
0.8149448345035105,0.9417560127499276
0.8149448345035105,0.9415509259259259
0.8151955867602808,0.9415509259259259
0.8154463390170511,0.9415509259259259
0.8156970912738215,0.9415509259259259
0.8159478435305918,0.9415509259259259
0.8159478435305918,0.9412785652299682
0.8159478435305918,0.9410574978329962
0.8161985957873621,0.9410574978329962
0.8164493480441324,0.9410574978329962
0.8167001003009027,0.9410574978329962
0.8167001003009027,0.9408540103866128
0.816950852557673,0.9408540103866128
0.8172016048144434,0.9408540103866128
0.8174523570712137,0.9408540103866128
0.817703109327984,0.9408540103866128
0.817703109327984,0.9406168924762179
0.8179538615847542,0.9406168924762179
0.8182046138415245,0.9406168924762179
0.8182046138415245,0.9403630077787382
0.8184553660982948,0.9403630077787382
0.8184553660982948,0.9401266551525619
0.8187061183550652,0.9401266551525619
0.8189568706118355,0.9401266551525619
0.8189568706118355,0.9398561151079137
0.8189568706118355,0.9396725079000288
0.8192076228686058,0.9396725079000288
0.8194583751253761,0.9396725079000288
0.8197091273821464,0.9396725079000288
0.8199598796389167,0.9396725079000288
0.8202106318956871,0.9396725079000288
0.8202106318956871,0.939420040195234
0.8204613841524574,0.939420040195234
0.8204613841524574,0.9391853126792886
0.8207121364092277,0.9391853126792886
0.820962888665998,0.9391853126792886
0.820962888665998,0.9389334862385321
0.8212136409227683,0.9389334862385321
0.8212136409227683,0.9386819484240687
0.8214643931795386,0.9386819484240687
0.8214643931795386,0.9384130621598396
0.8214643931795386,0.9381797366914711
0.821715145436309,0.9381797366914711
0.8219658976930793,0.9381797366914711
0.8219658976930793,0.9379822806516147
0.8222166499498496,0.9379822806516147
0.8224674022066198,0.9379822806516147
0.8227181544633901,0.9379822806516147
0.8229689067201604,0.9379822806516147
0.8229689067201604,0.9377498572244432
0.8232196589769308,0.9377498572244432
0.8234704112337011,0.9377498572244432
0.8234704112337011,0.9375534644995723
0.8237211634904714,0.9375534644995723
0.8239719157472417,0.9375534644995723
0.824222668004012,0.9375534644995723
0.8244734202607823,0.9375534644995723
0.8244734202607823,0.9373040752351097
0.8247241725175527,0.9373040752351097
0.8247241725175527,0.9370728929384966
0.824974924774323,0.9370728929384966
0.8252256770310933,0.9370728929384966
0.8252256770310933,0.9368421052631579
0.8254764292878636,0.9368421052631579
0.8257271815446339,0.9368421052631579
0.8257271815446339,0.9366297243535096
0.8259779338014042,0.9366297243535096
0.8262286860581746,0.9366297243535096
0.8264794383149449,0.9366297243535096
0.8264794383149449,0.9363636363636364
0.8264794383149449,0.9361339767243826
0.8267301905717152,0.9361339767243826
0.8269809428284854,0.9361339767243826
0.8269809428284854,0.9359773371104816
0.8272316950852557,0.9359773371104816
0.827482447342026,0.9359773371104816
0.8277331995987964,0.9359773371104816
0.8279839518555667,0.9359773371104816
0.828234704112337,0.9359773371104816
0.8284854563691073,0.9359773371104816
0.8284854563691073,0.9357486555335409
0.8287362086258776,0.9357486555335409
0.8289869608826479,0.9357486555335409
0.8289869608826479,0.9355021216407355
0.8292377131394183,0.9355021216407355
0.8292377131394183,0.935237556561086
0.8292377131394183,0.9349915206331261
0.8294884653961886,0.9349915206331261
0.8294884653961886,0.934801016088061
0.8297392176529589,0.934801016088061
0.8299899699097292,0.934801016088061
0.8302407221664995,0.934801016088061
0.8304914744232698,0.934801016088061
0.8304914744232698,0.9345741680767061
0.8307422266800402,0.9345741680767061
0.8309929789368105,0.9345741680767061
0.8309929789368105,0.9343106850859881
0.8309929789368105,0.9340473506200676
0.8309929789368105,0.9337841645533953
0.8309929789368105,0.9335398479301605
0.8312437311935807,0.9335398479301605
0.8312437311935807,0.933277027027027
0.8312437311935807,0.9330332020258864
0.831494483450351,0.9330332020258864
0.831494483450351,0.9327707454289733
0.831494483450351,0.9325084364454443
0.831494483450351,0.9322843495363866
0.8317452357071213,0.9322843495363866
0.8319959879638916,0.9322843495363866
0.8319959879638916,0.9320415613591688
0.832246740220662,0.9320415613591688
0.832246740220662,0.9317798989331836
0.832246740220662,0.9315183833847881
0.832246740220662,0.9313148303896832
0.8324974924774323,0.9313148303896832
0.8327482447342026,0.9313148303896832
0.8329989969909729,0.9313148303896832
0.8329989969909729,0.9310731297282152
0.8332497492477432,0.9310731297282152
0.8332497492477432,0.9310441094360692
0.8335005015045135,0.9310441094360692
0.8337512537612839,0.9310441094360692
0.8340020060180542,0.9310441094360692
0.8342527582748245,0.9310441094360692
0.8345035105315948,0.9310441094360692
0.8347542627883651,0.9310441094360692
0.8350050150451354,0.9310441094360692
0.8352557673019058,0.9310441094360692
0.835506519558676,0.9310441094360692
0.8357572718154463,0.9310441094360692
0.8360080240722166,0.9310441094360692
0.8362587763289869,0.9310441094360692
0.8362587763289869,0.9308421639709983
0.8365095285857572,0.9308421639709983
0.8367602808425276,0.9308421639709983
0.8370110330992979,0.9308421639709983
0.8370110330992979,0.930582659604126
0.8370110330992979,0.9303232998885173
0.8370110330992979,0.93008356545961
0.8372617853560682,0.93008356545961
0.8372617853560682,0.9298440979955457
0.8375125376128385,0.9298440979955457
0.8375125376128385,0.9296831573096165
0.8377632898696088,0.9296831573096165
0.8380140421263791,0.9296831573096165
0.8382647943831495,0.9296831573096165
0.8385155466399198,0.9296831573096165
0.8387662988966901,0.9296831573096165
0.8387662988966901,0.9294248402333982
0.8387662988966901,0.9291666666666667
0.8387662988966901,0.9289086364898639
0.8387662988966901,0.9287891382654475
0.8390170511534604,0.9287891382654475
0.8392678034102307,0.9287891382654475
0.839518555667001,0.9287891382654475
0.8397693079237714,0.9287891382654475
0.8400200601805417,0.9287891382654475
0.8402708124373119,0.9287891382654475
0.8405215646940822,0.9287891382654475
0.8405215646940822,0.9285318559556787
0.8405215646940822,0.9282747161451121
0.8405215646940822,0.9280177187153932
0.8405215646940822,0.9277808522412839
0.8407723169508525,0.9277808522412839
0.8407723169508525,0.927524204702628
0.8407723169508525,0.9273079049198453
0.8410230692076228,0.9273079049198453
0.8412738214643932,0.9273079049198453
0.8412738214643932,0.9270516717325228
0.8412738214643932,0.9268561965222192
0.8415245737211635,0.9268561965222192
0.8417753259779338,0.9268561965222192
0.8420260782347041,0.9268561965222192
0.8420260782347041,0.926661152467604
0.8422768304914744,0.926661152467604
0.8425275827482447,0.926661152467604
0.8427783350050151,0.926661152467604
0.8427783350050151,0.9264260126756683
0.8430290872617854,0.9264260126756683
0.8430290872617854,0.9261707988980716
0.8430290872617854,0.9259361233480177
0.8432798395185557,0.9259361233480177
0.8432798395185557,0.9257221458046767
0.843530591775326,0.9257221458046767
0.8437813440320963,0.9257221458046767
0.8437813440320963,0.9255085211654756
0.8440320962888666,0.9255085211654756
0.844282848545637,0.9255085211654756
0.844282848545637,0.925254190711734
0.844282848545637,0.9250205987366108
0.8445336008024072,0.9250205987366108
0.8445336008024072,0.9247872632445786
0.8447843530591775,0.9247872632445786
0.8447843530591775,0.9247194087051739
0.8450351053159478,0.9247194087051739
0.8452858575727181,0.9247194087051739
0.8455366098294884,0.9247194087051739
0.8457873620862588,0.9247194087051739
0.8460381143430291,0.9247194087051739
0.8462888665997994,0.9247194087051739
0.8465396188565697,0.9247194087051739
0.84679037111334,0.9247194087051739
0.8470411233701103,0.9247194087051739
0.8470411233701103,0.9244663382594417
0.8470411233701103,0.9243376126741327
0.8472918756268807,0.9243376126741327
0.847542627883651,0.9243376126741327
0.8477933801404213,0.9243376126741327
0.8480441323971916,0.9243376126741327
0.8482948846539619,0.9243376126741327
0.8485456369107321,0.9243376126741327
0.8485456369107321,0.9241266375545851
0.8487963891675026,0.9241266375545851
0.8490471414242728,0.9241266375545851
0.8490471414242728,0.9238744884038199
0.8490471414242728,0.9236224768139661
0.8490471414242728,0.9233706026724843
0.8490471414242728,0.9231398201144726
0.8492978936810431,0.9231398201144726
0.8492978936810431,0.9228882833787466
0.8492978936810431,0.9226368836829202
0.8492978936810431,0.9224067519738633
0.8495486459378134,0.9224067519738633
0.8495486459378134,0.9221556886227545
0.8495486459378134,0.9219472395974979
0.8497993981945837,0.9219472395974979
0.850050150451354,0.9219472395974979
0.850050150451354,0.9216965742251223
0.850050150451354,0.9214460451209567
0.850050150451354,0.9212384573601303
0.8503009027081244,0.9212384573601303
0.8505516549648947,0.9212384573601303
0.8505516549648947,0.9209883247352701
0.8505516549648947,0.9207813347802496
0.850802407221665,0.9207813347802496
0.8510531594784353,0.9207813347802496
0.8510531594784353,0.9205315975047464
0.8510531594784353,0.920303605313093
0.8513039117352056,0.920303605313093
0.8513039117352056,0.9200975081256771
0.8515546639919759,0.9200975081256771
0.8518054162487463,0.9200975081256771
0.8518054162487463,0.9198483617655023
0.8518054162487463,0.9196211096075778
0.8520561685055166,0.9196211096075778
0.8520561685055166,0.9193722943722944
0.8520561685055166,0.9192982456140351
0.8523069207622869,0.9192982456140351
0.8525576730190572,0.9192982456140351
0.8528084252758275,0.9192982456140351
0.8530591775325977,0.9192982456140351
0.8533099297893681,0.9192982456140351
0.8535606820461384,0.9192982456140351
0.8538114343029087,0.9192982456140351
0.854062186559679,0.9192982456140351
0.854062186559679,0.9190720258969517
0.8543129388164493,0.9190720258969517
0.8543129388164493,0.9188460501482879
0.8545636910732196,0.9188460501482879
0.8545636910732196,0.918620317973592
0.85481444332999,0.918620317973592
0.85481444332999,0.9183728448275862
0.85481444332999,0.9181916038751345
0.8550651955867603,0.9181916038751345
0.8553159478435306,0.9181916038751345
0.8555667001003009,0.9181916038751345
0.8555667001003009,0.9180548092423428
0.8558174523570712,0.9180548092423428
0.8560682046138415,0.9180548092423428
0.8563189568706119,0.9180548092423428
0.8565697091273822,0.9180548092423428
0.8568204613841525,0.9180548092423428
0.8568204613841525,0.9178082191780822
0.8568204613841525,0.917561761546724
0.8568204613841525,0.9173154362416107
0.8568204613841525,0.9170692431561996
0.8568204613841525,0.9168454935622318
0.8570712136409228,0.9168454935622318
0.8570712136409228,0.9166443312784777
0.857321965897693,0.9166443312784777
0.8575727181544633,0.9166443312784777
0.8575727181544633,0.9163987138263665
0.8575727181544633,0.91619812583668
0.8578234704112337,0.91619812583668
0.858074222668004,0.91619812583668
0.858074222668004,0.9160427807486631
0.8583249749247743,0.9160427807486631
0.8585757271815446,0.9160427807486631
0.8588264794383149,0.9160427807486631
0.8590772316950852,0.9160427807486631
0.8590772316950852,0.9157979149959904
0.8590772316950852,0.9155531801175841
0.8590772316950852,0.9153085760085493
0.8590772316950852,0.9150641025641025
0.8590772316950852,0.9148652255137443
0.8593279839518556,0.9148652255137443
0.8595787362086259,0.9148652255137443
0.8595787362086259,0.9146439050413444
0.8598294884653962,0.9146439050413444
0.8598294884653962,0.9144228205811783
0.8600802407221665,0.9144228205811783
0.8600802407221665,0.9142248268513585
0.8603309929789368,0.9142248268513585
0.8605817452357071,0.9142248268513585
0.8605817452357071,0.9139813581890812
0.8605817452357071,0.9137380191693291
0.8605817452357071,0.9135408353285448
0.8608324974924775,0.9135408353285448
0.8610832497492478,0.9135408353285448
0.8610832497492478,0.9133439659755449
0.8613340020060181,0.9133439659755449
0.8615847542627884,0.9133439659755449
0.8615847542627884,0.9131243358129649
0.8618355065195586,0.9131243358129649
0.8618355065195586,0.9129049389272438
0.8620862587763289,0.9129049389272438
0.8620862587763289,0.9126857749469215
0.8623370110330993,0.9126857749469215
0.8623370110330993,0.9125364431486881
0.8625877632898696,0.9125364431486881
0.8628385155466399,0.9125364431486881
0.8630892678034102,0.9125364431486881
0.8633400200601805,0.9125364431486881
0.8633400200601805,0.912317880794702
0.8635907723169508,0.912317880794702
0.8635907723169508,0.9120995499073339
0.8638415245737212,0.9120995499073339
0.8638415245737212,0.9118581259925886
0.8638415245737212,0.9116168298491665
0.8638415245737212,0.9113756613756614
0.8638415245737212,0.911158117398202
0.8640922768304915,0.911158117398202
0.8640922768304915,0.9109172614327253
0.8640922768304915,0.9107001321003964
0.8643430290872618,0.9107001321003964
0.8643430290872618,0.9105304829770388
0.8645937813440321,0.9105304829770388
0.8648445336008024,0.9105304829770388
0.8650952858575727,0.9105304829770388
0.8650952858575727,0.9102902374670184
0.8650952858575727,0.9100501187021894
0.8650952858575727,0.9098101265822784
0.8650952858575727,0.9095702610071184
0.8650952858575727,0.9093305218766473
0.8650952858575727,0.9091866280600158
0.8653460381143431,0.9091866280600158
0.8655967903711134,0.9091866280600158
0.8658475426278837,0.9091866280600158
0.866098294884654,0.9091866280600158
0.866098294884654,0.9089713233359642
0.8663490471414242,0.9089713233359642
0.8663490471414242,0.9088042049934297
0.8665997993981945,0.9088042049934297
0.8668505516549649,0.9088042049934297
0.8671013039117352,0.9088042049934297
0.8671013039117352,0.9085654230162901
0.8671013039117352,0.9083267664827949
0.8671013039117352,0.9081123654502494
0.8673520561685055,0.9081123654502494
0.8673520561685055,0.9078981894515875
0.8676028084252758,0.9078981894515875
0.8676028084252758,0.9076842381327039
0.8678535606820461,0.9076842381327039
0.8678535606820461,0.9074462506554798
0.8678535606820461,0.9072327044025157
0.8681043129388164,0.9072327044025157
0.8681043129388164,0.9070437287247971
0.8683550651955868,0.9070437287247971
0.8686058174523571,0.9070437287247971
0.8686058174523571,0.9068062827225131
0.8686058174523571,0.9065934065934066
0.8688565697091274,0.9065934065934066
0.8688565697091274,0.9063562647135758
0.8688565697091274,0.9061192468619247
0.8688565697091274,0.9058823529411765
0.8688565697091274,0.9056455828541558
0.8688565697091274,0.9054089365037888
0.8688565697091274,0.9051724137931034
0.8688565697091274,0.9049360146252285
0.8688565697091274,0.9046997389033943
0.8688565697091274,0.9045134359509522
0.8691073219658977,0.9045134359509522
0.869358074222668,0.9045134359509522
0.869358074222668,0.9042775169535733
0.869358074222668,0.9040417209908735
0.869358074222668,0.9038311180609852
0.8696088264794383,0.9038311180609852
0.8696088264794383,0.9035956227201668
0.8696088264794383,0.9034105701640198
0.8698595787362087,0.9034105701640198
0.870110330992979,0.9034105701640198
0.870110330992979,0.9031754294638209
0.870110330992979,0.9029656607700313
0.8703610832497493,0.9029656607700313
0.8703610832497493,0.9027813880946192
0.8706118355065195,0.9027813880946192
0.8708625877632898,0.9027813880946192
0.8708625877632898,0.9025467775467776
0.8708625877632898,0.9023883696780893
0.8711133400200601,0.9023883696780893
0.8713640922768305,0.9023883696780893
0.8716148445336008,0.9023883696780893
0.8716148445336008,0.9021795537104307
0.8718655967903711,0.9021795537104307
0.8718655967903711,0.9019709543568465
0.8721163490471414,0.9019709543568465
0.8721163490471414,0.9017625712804562
0.8723671013039117,0.9017625712804562
0.8723671013039117,0.9015288934957243
0.8723671013039117,0.9012953367875648
0.8723671013039117,0.9010619010619011
0.8723671013039117,0.9008542583484339
0.872617853560682,0.9008542583484339
0.872617853560682,0.900672529746508
0.8728686058174524,0.900672529746508
0.8731193580742227,0.900672529746508
0.8731193580742227,0.9004653567735263
0.873370110330993,0.9004653567735263
0.873370110330993,0.9002583979328166
0.8736208625877633,0.9002583979328166
0.8736208625877633,0.9001032524522458
0.8738716148445336,0.9001032524522458
0.8741223671013039,0.9001032524522458
0.8743731193580743,0.9001032524522458
0.8743731193580743,0.8998968008255934
0.8746238716148446,0.8998968008255934
0.8746238716148446,0.8996905621454357
0.8748746238716149,0.8996905621454357
0.8748746238716149,0.8994586233565351
0.8748746238716149,0.8992268041237114
0.8748746238716149,0.8989951043545478
0.8748746238716149,0.8987635239567233
0.8748746238716149,0.8985320628380118
0.8748746238716149,0.8983268983268984
0.8751253761283851,0.8983268983268984
0.8751253761283851,0.8981219449446874
0.8753761283851554,0.8981219449446874
0.8753761283851554,0.8978909465020576
0.8753761283851554,0.8976600668552327
0.8753761283851554,0.89745566692367
0.8756268806419257,0.89745566692367
0.8756268806419257,0.8972250770811921
0.8756268806419257,0.8970210580380071
0.8758776328986961,0.8970210580380071
0.8758776328986961,0.896790757381258
0.8758776328986961,0.8965605749486653
0.8758776328986961,0.8963836881251603
0.8761283851554664,0.8963836881251603
0.8763791374122367,0.8963836881251603
0.8763791374122367,0.8961804665470392
0.876629889669007,0.8961804665470392
0.876629889669007,0.8959507944643772
0.876629889669007,0.8957212400717397
0.876629889669007,0.8955185659411011
0.8768806419257773,0.8955185659411011
0.8768806419257773,0.8953160993089326
0.8771313941825476,0.8953160993089326
0.8771313941825476,0.8950870010235414
0.8771313941825476,0.8948580199539524
0.8771313941825476,0.8946291560102302
0.8771313941825476,0.8944004091025313
0.8771313941825476,0.8941988244313825
0.877382146439318,0.8941988244313825
0.877382146439318,0.8939703628002044
0.877382146439318,0.8937691521961185
0.8776328986960883,0.8937691521961185
0.8776328986960883,0.8935409752361502
0.8776328986960883,0.8933401377902526
0.8778836509528586,0.8933401377902526
0.8778836509528586,0.8931667516573177
0.8781344032096289,0.8931667516573177
0.8783851554663992,0.8931667516573177
0.8783851554663992,0.8929663608562691
0.8786359077231695,0.8929663608562691
0.8786359077231695,0.8927388535031847
0.8786359077231695,0.8925935352507
0.8788866599799399,0.8925935352507
0.8791374122367102,0.8925935352507
0.8793881644934805,0.8925935352507
0.8793881644934805,0.8923664122137405
0.8793881644934805,0.8921668362156663
0.8796389167502507,0.8921668362156663
0.8796389167502507,0.8919674631418404
0.879889669007021,0.8919674631418404
0.879889669007021,0.8917407878017789
0.879889669007021,0.8915693245302184
0.8801404212637913,0.8915693245302184
0.8803911735205617,0.8915693245302184
0.8803911735205617,0.8913429804518913
0.8803911735205617,0.8911167512690356
0.8803911735205617,0.8909183155758498
0.880641925777332,0.8909183155758498
0.880641925777332,0.8906923662186153
0.880641925777332,0.8904665314401623
0.880641925777332,0.890351987845024
0.8808926780341023,0.890351987845024
0.8811434302908726,0.890351987845024
0.8813941825476429,0.890351987845024
0.8816449348044132,0.890351987845024
0.8816449348044132,0.890126582278481
0.8816449348044132,0.8899012908124525
0.8816449348044132,0.8896761133603239
0.8816449348044132,0.8894510498355679
0.8816449348044132,0.8892541087231353
0.8818956870611836,0.8892541087231353
0.8818956870611836,0.8891134124778984
0.8821464393179539,0.8891134124778984
0.8823971915747242,0.8891134124778984
0.8826479438314945,0.8891134124778984
0.8826479438314945,0.8889449772841999
0.8828986960882648,0.8889449772841999
0.8831494483450351,0.8889449772841999
0.8831494483450351,0.8888048411497731
0.8834002006018055,0.8888048411497731
0.8836509528585758,0.8888048411497731
0.883901705115346,0.8888048411497731
0.883901705115346,0.8886088709677419
0.8841524573721163,0.8886088709677419
0.8841524573721163,0.8884692849949648
0.8844032096288866,0.8884692849949648
0.8846539618856569,0.8884692849949648
0.8849047141424273,0.8884692849949648
0.8849047141424273,0.8883018867924528
0.8851554663991976,0.8883018867924528
0.8854062186559679,0.8883018867924528
0.8854062186559679,0.8881066130248931
0.8856569709127382,0.8881066130248931
0.8856569709127382,0.8878833584715937
0.8856569709127382,0.8876602161347072
0.8856569709127382,0.8874371859296483
0.8856569709127382,0.8872142677719166
0.8856569709127382,0.886991461577097
0.8856569709127382,0.8867687672608586
0.8856569709127382,0.8865746549560853
0.8859077231695085,0.8865746549560853
0.8859077231695085,0.886352232814852
0.8859077231695085,0.8861584754262788
0.8861584754262788,0.8861584754262788
0.8861584754262788,0.885936324893457
0.8861584754262788,0.8857429215735405
0.8864092276830492,0.8857429215735405
0.8864092276830492,0.8855210420841684
0.8864092276830492,0.8853566958698373
0.8866599799398195,0.8853566958698373
0.8869107321965898,0.8853566958698373
0.8869107321965898,0.8852213053263316
0.8871614844533601,0.8852213053263316
0.8874122367101304,0.8852213053263316
0.8876629889669007,0.8852213053263316
0.8876629889669007,0.885
0.8876629889669007,0.8848075962018991
0.8879137412236711,0.8848075962018991
0.8879137412236711,0.8846153846153846
0.8881644934804414,0.8846153846153846
0.8881644934804414,0.884394506866417
0.8881644934804414,0.8842315369261478
0.8884152457372116,0.8842315369261478
0.8886659979939819,0.8842315369261478
0.8886659979939819,0.8840399002493765
0.8889167502507522,0.8840399002493765
0.8889167502507522,0.8838194963849414
0.8889167502507522,0.8835992023928215
0.8889167502507522,0.8833790181908796
0.8889167502507522,0.8832171314741036
0.8891675025075225,0.8832171314741036
0.8894182547642929,0.8832171314741036
0.8894182547642929,0.8829972616380384
0.8894182547642929,0.8827775012444002
0.8894182547642929,0.882587064676617
0.8896690070210632,0.882587064676617
0.8896690070210632,0.882455268389662
0.8899197592778335,0.882455268389662
0.8901705115346038,0.882455268389662
0.8904212637913741,0.882455268389662
0.8904212637913741,0.8822360248447205
0.8904212637913741,0.8820168902136115
0.8904212637913741,0.8817978644151974
0.8904212637913741,0.881578947368421
0.8904212637913741,0.8813601389923058
0.8904212637913741,0.8811709253287026
0.8906720160481444,0.8811709253287026
0.8906720160481444,0.881011403073872
0.8909227683049148,0.881011403073872
0.8911735205616851,0.881011403073872
0.8911735205616851,0.8807930607187113
0.8911735205616851,0.8806044092147635
0.8914242728184554,0.8806044092147635
0.8914242728184554,0.8804159445407279
0.8916750250752257,0.8804159445407279
0.8916750250752257,0.8801980198019802
1.0,0.0
