recall,precision
0.0,1.0
0.00030120481927710846,1.0
0.0006024096385542169,1.0
0.0009036144578313253,1.0
0.0012048192771084338,1.0
0.0015060240963855422,1.0
0.0018072289156626507,1.0
0.002108433734939759,1.0
0.0024096385542168677,1.0
0.002710843373493976,1.0
0.0030120481927710845,1.0
0.0033132530120481927,1.0
0.0036144578313253013,1.0
0.00391566265060241,1.0
0.004216867469879518,1.0
0.004518072289156626,1.0
0.004819277108433735,1.0
0.0051204819277108436,1.0
0.005421686746987952,1.0
0.00572289156626506,1.0
0.006024096385542169,1.0
0.006325301204819277,1.0
0.006626506024096385,1.0
0.0069277108433734936,1.0
0.007228915662650603,1.0
0.007530120481927711,1.0
0.00783132530120482,1.0
0.008132530120481927,1.0
0.008433734939759036,1.0
0.008734939759036145,1.0
0.009036144578313253,1.0
0.009337349397590362,1.0
0.00963855421686747,1.0
0.009939759036144578,1.0
0.010240963855421687,1.0
0.010542168674698794,1.0
0.010843373493975903,1.0
0.011144578313253013,1.0
0.01144578313253012,1.0
0.011746987951807229,1.0
0.012048192771084338,1.0
0.012349397590361445,1.0
0.012650602409638554,1.0
0.012951807228915663,1.0
0.01325301204819277,1.0
0.01355421686746988,1.0
0.013855421686746987,1.0
0.014156626506024096,1.0
0.014457831325301205,1.0
0.014759036144578313,1.0
0.015060240963855422,1.0
0.01536144578313253,1.0
0.01566265060240964,1.0
0.015963855421686747,1.0
0.016265060240963854,1.0
0.016566265060240965,1.0
0.016867469879518072,1.0
0.01716867469879518,1.0
0.01746987951807229,1.0
0.017771084337349398,1.0
0.018072289156626505,1.0
0.018373493975903616,1.0
0.018674698795180723,1.0
0.01897590361445783,1.0
0.01927710843373494,1.0
0.01957831325301205,1.0
0.019879518072289156,1.0
0.020180722891566263,1.0
0.020481927710843374,1.0
0.02078313253012048,1.0
0.02108433734939759,1.0
0.0213855421686747,1.0
0.021686746987951807,1.0
0.021987951807228914,1.0
0.022289156626506025,1.0
0.022590361445783132,1.0
0.02289156626506024,1.0
0.02319277108433735,1.0
0.023493975903614458,1.0
0.023795180722891565,1.0
0.024096385542168676,1.0
0.024397590361445783,1.0
0.02469879518072289,1.0
0.025,1.0
0.02530120481927711,1.0
0.025602409638554216,1.0
0.025903614457831327,1.0
0.026204819277108434,1.0
0.02650602409638554,1.0
0.026807228915662652,1.0
0.02710843373493976,1.0
0.027409638554216867,1.0
0.027710843373493974,1.0
0.028012048192771085,1.0
0.028313253012048192,1.0
0.0286144578313253,1.0
0.02891566265060241,1.0
0.029216867469879518,1.0
0.029518072289156625,1.0
0.029819277108433736,1.0
0.030120481927710843,1.0
0.03042168674698795,1.0
0.03072289156626506,1.0
0.03072289156626506,0.9910714285714286
0.03102409638554217,0.9910714285714286
0.03132530120481928,0.9910714285714286
0.03162650602409638,0.9910714285714286
0.031927710843373494,0.9910714285714286
0.032228915662650605,0.9910714285714286
0.03253012048192771,0.9910714285714286
0.03283132530120482,0.9910714285714286
0.03313253012048193,0.9910714285714286
0.033433734939759034,0.9910714285714286
0.033433734939759034,0.989247311827957
0.033734939759036145,0.989247311827957
0.034036144578313256,0.989247311827957
0.03433734939759036,0.989247311827957
0.03463855421686747,0.989247311827957
0.03493975903614458,0.989247311827957
0.035240963855421685,0.989247311827957
0.035542168674698796,0.989247311827957
0.03584337349397591,0.989247311827957
0.03614457831325301,0.989247311827957
0.03644578313253012,0.989247311827957
0.03674698795180723,0.989247311827957
0.037048192771084336,0.989247311827957
0.03734939759036145,0.989247311827957
0.03765060240963856,0.989247311827957
0.03795180722891566,0.989247311827957
0.03825301204819277,0.989247311827957
0.03855421686746988,0.989247311827957
0.03885542168674699,0.989247311827957
0.03885542168674699,0.989247311827957
0.0391566265060241,0.989247311827957
0.0394578313253012,0.989247311827957
0.03975903614457831,0.989247311827957
0.04006024096385542,0.989247311827957
0.04036144578313253,0.989247311827957
0.04066265060240964,0.989247311827957
0.04096385542168675,0.989247311827957
0.04126506024096385,0.989247311827957
0.04156626506024096,0.989247311827957
0.041867469879518074,0.989247311827957
0.04216867469879518,0.989247311827957
0.04246987951807229,0.989247311827957
0.0427710843373494,0.989247311827957
0.0430722891566265,0.989247311827957
0.043373493975903614,0.989247311827957
0.043674698795180725,0.989247311827957
0.04397590361445783,0.989247311827957
0.04427710843373494,0.989247311827957
0.04457831325301205,0.989247311827957
0.044879518072289154,0.989247311827957
0.045180722891566265,0.989247311827957
0.045481927710843376,0.989247311827957
0.04578313253012048,0.989247311827957
0.04608433734939759,0.989247311827957
0.0463855421686747,0.989247311827957
0.046686746987951805,0.989247311827957
0.046987951807228916,0.989247311827957
0.047289156626506026,0.989247311827957
0.04759036144578313,0.989247311827957
0.04789156626506024,0.989247311827957
0.04819277108433735,0.989247311827957
0.048493975903614456,0.989247311827957
0.04879518072289157,0.989247311827957
0.04909638554216868,0.989247311827957
0.04939759036144578,0.989247311827957
0.04969879518072289,0.989247311827957
0.05,0.989247311827957
0.05030120481927711,0.989247311827957
0.05060240963855422,0.989247311827957
0.05090361445783133,0.989247311827957
0.05120481927710843,0.989247311827957
0.05150602409638554,0.989247311827957
0.051807228915662654,0.989247311827957
0.05210843373493976,0.989247311827957
0.05240963855421687,0.989247311827957
0.05271084337349398,0.989247311827957
0.05301204819277108,0.989247311827957
0.053313253012048194,0.989247311827957
0.053614457831325305,0.989247311827957
0.05391566265060241,0.989247311827957
0.05421686746987952,0.989247311827957
0.05451807228915663,0.989247311827957
0.054819277108433734,0.989247311827957
0.055120481927710845,0.989247311827957
0.05542168674698795,0.989247311827957
0.05572289156626506,0.989247311827957
0.05602409638554217,0.989247311827957
0.056325301204819274,0.989247311827957
0.056626506024096385,0.989247311827957
0.056927710843373495,0.989247311827957
0.0572289156626506,0.989247311827957
0.05753012048192771,0.989247311827957
0.05783132530120482,0.989247311827957
0.058132530120481925,0.989247311827957
0.058433734939759036,0.989247311827957
0.058734939759036146,0.989247311827957
0.05903614457831325,0.989247311827957
0.05933734939759036,0.989247311827957
0.05963855421686747,0.989247311827957
0.059939759036144576,0.989247311827957
0.060240963855421686,0.989247311827957
0.0605421686746988,0.989247311827957
0.0608433734939759,0.989247311827957
0.06114457831325301,0.989247311827957
0.06144578313253012,0.989247311827957
0.061746987951807226,0.989247311827957
0.06204819277108434,0.989247311827957
0.06234939759036145,0.989247311827957
0.06265060240963856,0.989247311827957
0.06295180722891566,0.989247311827957
0.06325301204819277,0.989247311827957
0.06355421686746988,0.989247311827957
0.06385542168674699,0.989247311827957
0.06415662650602409,0.989247311827957
0.06445783132530121,0.989247311827957
0.06475903614457831,0.989247311827957
0.06506024096385542,0.989247311827957
0.06536144578313254,0.989247311827957
0.06566265060240964,0.989247311827957
0.06596385542168674,0.989247311827957
0.06626506024096386,0.989247311827957
0.06656626506024096,0.989247311827957
0.06686746987951807,0.989247311827957
0.06716867469879519,0.989247311827957
0.06746987951807229,0.989247311827957
0.0677710843373494,0.989247311827957
0.06807228915662651,0.989247311827957
0.06837349397590362,0.989247311827957
0.06867469879518072,0.989247311827957
0.06897590361445784,0.989247311827957
0.06927710843373494,0.989247311827957
0.06957831325301204,0.989247311827957
0.06987951807228916,0.989247311827957
0.07018072289156627,0.989247311827957
0.07048192771084337,0.989247311827957
0.07078313253012049,0.989247311827957
0.07108433734939759,0.989247311827957
0.0713855421686747,0.989247311827957
0.07168674698795181,0.989247311827957
0.07198795180722892,0.989247311827957
0.07228915662650602,0.989247311827957
0.07259036144578314,0.989247311827957
0.07289156626506024,0.989247311827957
0.07319277108433735,0.989247311827957
0.07349397590361446,0.989247311827957
0.07379518072289157,0.989247311827957
0.07409638554216867,0.989247311827957
0.07439759036144579,0.989247311827957
0.0746987951807229,0.989247311827957
0.075,0.989247311827957
0.07530120481927711,0.989247311827957
0.07560240963855422,0.989247311827957
0.07590361445783132,0.989247311827957
0.07620481927710844,0.989247311827957
0.07650602409638554,0.989247311827957
0.07680722891566265,0.989247311827957
0.07710843373493977,0.989247311827957
0.07740963855421687,0.989247311827957
0.07771084337349397,0.989247311827957
0.07801204819277109,0.989247311827957
0.0783132530120482,0.989247311827957
0.0783132530120482,0.989247311827957
0.0786144578313253,0.989247311827957
0.0789156626506024,0.989247311827957
0.07921686746987952,0.989247311827957
0.07951807228915662,0.989247311827957
0.07981927710843373,0.989247311827957
0.08012048192771085,0.989247311827957
0.08042168674698795,0.989247311827957
0.08072289156626505,0.989247311827957
0.08102409638554217,0.989247311827957
0.08132530120481928,0.989247311827957
0.08162650602409638,0.989247311827957
0.0819277108433735,0.989247311827957
0.0822289156626506,0.989247311827957
0.0825301204819277,0.989247311827957
0.08283132530120482,0.989247311827957
0.08313253012048193,0.989247311827957
0.08343373493975903,0.989247311827957
0.08373493975903615,0.989247311827957
0.08403614457831325,0.989247311827957
0.08433734939759036,0.989247311827957
0.08463855421686747,0.989247311827957
0.08493975903614458,0.989247311827957
0.08524096385542168,0.989247311827957
0.0855421686746988,0.989247311827957
0.0858433734939759,0.989247311827957
0.086144578313253,0.989247311827957
0.08644578313253012,0.989247311827957
0.08644578313253012,0.989247311827957
0.08674698795180723,0.989247311827957
0.08704819277108433,0.989247311827957
0.08734939759036145,0.989247311827957
0.08765060240963855,0.989247311827957
0.08795180722891566,0.989247311827957
0.08825301204819277,0.989247311827957
0.08855421686746988,0.989247311827957
0.08885542168674698,0.989247311827957
0.0891566265060241,0.989247311827957
0.0894578313253012,0.989247311827957
0.08975903614457831,0.989247311827957
0.09006024096385543,0.989247311827957
0.09036144578313253,0.989247311827957
0.09066265060240963,0.989247311827957
0.09096385542168675,0.989247311827957
0.09126506024096386,0.989247311827957
0.09156626506024096,0.989247311827957
0.09186746987951808,0.989247311827957
0.09216867469879518,0.989247311827957
0.09246987951807228,0.989247311827957
0.0927710843373494,0.989247311827957
0.0930722891566265,0.989247311827957
0.09337349397590361,0.989247311827957
0.09367469879518073,0.989247311827957
0.09397590361445783,0.989247311827957
0.09427710843373494,0.989247311827957
0.09457831325301205,0.989247311827957
0.09487951807228916,0.989247311827957
0.09518072289156626,0.989247311827957
0.09548192771084338,0.989247311827957
0.09578313253012048,0.989247311827957
0.09608433734939759,0.989247311827957
0.0963855421686747,0.989247311827957
0.09668674698795181,0.989247311827957
0.09698795180722891,0.989247311827957
0.09728915662650603,0.989247311827957
0.09759036144578313,0.989247311827957
0.09789156626506024,0.989247311827957
0.09819277108433735,0.989247311827957
0.09849397590361446,0.989247311827957
0.09879518072289156,0.989247311827957
0.09909638554216868,0.989247311827957
0.09939759036144578,0.989247311827957
0.09969879518072289,0.989247311827957
0.1,0.989247311827957
0.10030120481927711,0.989247311827957
0.10060240963855421,0.989247311827957
0.10090361445783133,0.989247311827957
0.10120481927710843,0.989247311827957
0.10150602409638554,0.989247311827957
0.10180722891566266,0.989247311827957
0.10210843373493976,0.989247311827957
0.10240963855421686,0.989247311827957
0.10271084337349398,0.989247311827957
0.10301204819277109,0.989247311827957
0.10331325301204819,0.989247311827957
0.10361445783132531,0.989247311827957
0.10391566265060241,0.989247311827957
0.10421686746987951,0.989247311827957
0.10451807228915663,0.989247311827957
0.10481927710843374,0.989247311827957
0.10512048192771084,0.989247311827957
0.10542168674698796,0.989247311827957
0.10572289156626506,0.989247311827957
0.10602409638554217,0.989247311827957
0.10632530120481928,0.989247311827957
0.10662650602409639,0.989247311827957
0.10692771084337349,0.989247311827957
0.10722891566265061,0.989247311827957
0.10753012048192771,0.989247311827957
0.10783132530120482,0.989247311827957
0.10813253012048193,0.989247311827957
0.10843373493975904,0.989247311827957
0.10873493975903614,0.989247311827957
0.10903614457831326,0.989247311827957
0.10933734939759036,0.989247311827957
0.10963855421686747,0.989247311827957
0.10993975903614457,0.989247311827957
0.11024096385542169,0.989247311827957
0.11054216867469879,0.989247311827957
0.1108433734939759,0.989247311827957
0.11114457831325301,0.989247311827957
0.11144578313253012,0.989247311827957
0.11174698795180722,0.989247311827957
0.11204819277108434,0.989247311827957
0.11234939759036144,0.989247311827957
0.11265060240963855,0.989247311827957
0.11295180722891567,0.989247311827957
0.11325301204819277,0.989247311827957
0.11355421686746987,0.989247311827957
0.11385542168674699,0.989247311827957
0.1141566265060241,0.989247311827957
0.1144578313253012,0.989247311827957
0.11475903614457832,0.989247311827957
0.11506024096385542,0.989247311827957
0.11536144578313252,0.989247311827957
0.11566265060240964,0.989247311827957
0.11596385542168675,0.989247311827957
0.11626506024096385,0.989247311827957
0.11656626506024097,0.989247311827957
0.11686746987951807,0.989247311827957
0.11716867469879517,0.989247311827957
0.11746987951807229,0.989247311827957
0.1177710843373494,0.989247311827957
0.1180722891566265,0.989247311827957
0.11837349397590362,0.989247311827957
0.11867469879518072,0.989247311827957
0.11897590361445783,0.989247311827957
0.11927710843373494,0.989247311827957
0.11957831325301205,0.989247311827957
0.11957831325301205,0.989247311827957
0.11987951807228915,0.989247311827957
0.12018072289156627,0.989247311827957
0.12048192771084337,0.989247311827957
0.12078313253012048,0.989247311827957
0.1210843373493976,0.989247311827957
0.1213855421686747,0.989247311827957
0.1216867469879518,0.989247311827957
0.12198795180722892,0.989247311827957
0.12228915662650602,0.989247311827957
0.12259036144578313,0.989247311827957
0.12289156626506025,0.989247311827957
0.12319277108433735,0.989247311827957
0.12349397590361445,0.989247311827957
0.12379518072289157,0.989247311827957
0.12409638554216867,0.989247311827957
0.12439759036144578,0.989247311827957
0.1246987951807229,0.989247311827957
0.125,0.989247311827957
0.12530120481927712,0.989247311827957
0.1256024096385542,0.989247311827957
0.12590361445783133,0.989247311827957
0.12620481927710844,0.989247311827957
0.12650602409638553,0.989247311827957
0.12680722891566265,0.989247311827957
0.12710843373493977,0.989247311827957
0.12740963855421686,0.989247311827957
0.12771084337349398,0.989247311827957
0.1280120481927711,0.989247311827957
0.12831325301204818,0.989247311827957
0.1286144578313253,0.989247311827957
0.12891566265060242,0.989247311827957
0.1292168674698795,0.989247311827957
0.12951807228915663,0.989247311827957
0.12981927710843374,0.989247311827957
0.13012048192771083,0.989247311827957
0.13042168674698795,0.989247311827957
0.13072289156626507,0.989247311827957
0.13102409638554216,0.989247311827957
0.13132530120481928,0.989247311827957
0.1316265060240964,0.989247311827957
0.13192771084337349,0.989247311827957
0.1322289156626506,0.989247311827957
0.13253012048192772,0.989247311827957
0.1328313253012048,0.989247311827957
0.13313253012048193,0.989247311827957
0.13343373493975905,0.989247311827957
0.13373493975903614,0.989247311827957
0.13403614457831325,0.989247311827957
0.13433734939759037,0.989247311827957
0.13463855421686746,0.989247311827957
0.13493975903614458,0.989247311827957
0.1352409638554217,0.989247311827957
0.1355421686746988,0.989247311827957
0.1358433734939759,0.989247311827957
0.13614457831325302,0.989247311827957
0.1364457831325301,0.989247311827957
0.13674698795180723,0.989247311827957
0.13704819277108435,0.989247311827957
0.13734939759036144,0.989247311827957
0.13765060240963856,0.989247311827957
0.13795180722891567,0.989247311827957
0.13825301204819276,0.989247311827957
0.13855421686746988,0.989247311827957
0.138855421686747,0.989247311827957
0.1391566265060241,0.989247311827957
0.1394578313253012,0.989247311827957
0.13975903614457832,0.989247311827957
0.14006024096385541,0.989247311827957
0.14036144578313253,0.989247311827957
0.14066265060240965,0.989247311827957
0.14096385542168674,0.989247311827957
0.14126506024096386,0.989247311827957
0.14156626506024098,0.989247311827957
0.14186746987951807,0.989247311827957
0.14216867469879518,0.989247311827957
0.1424698795180723,0.989247311827957
0.1427710843373494,0.989247311827957
0.1430722891566265,0.989247311827957
0.14337349397590363,0.989247311827957
0.14367469879518072,0.989247311827957
0.14397590361445783,0.989247311827957
0.14427710843373495,0.989247311827957
0.14457831325301204,0.989247311827957
0.14487951807228916,0.989247311827957
0.14518072289156628,0.989247311827957
0.14548192771084337,0.989247311827957
0.14578313253012049,0.989247311827957
0.1460843373493976,0.989247311827957
0.1463855421686747,0.989247311827957
0.1466867469879518,0.989247311827957
0.14698795180722893,0.989247311827957
0.14728915662650602,0.989247311827957
0.14759036144578314,0.989247311827957
0.14789156626506025,0.989247311827957
0.14819277108433734,0.989247311827957
0.14849397590361446,0.989247311827957
0.14879518072289158,0.989247311827957
0.14909638554216867,0.989247311827957
0.1493975903614458,0.989247311827957
0.1496987951807229,0.989247311827957
0.15,0.989247311827957
0.1503012048192771,0.989247311827957
0.15060240963855423,0.989247311827957
0.15090361445783132,0.989247311827957
0.15120481927710844,0.989247311827957
0.15150602409638556,0.989247311827957
0.15180722891566265,0.989247311827957
0.15210843373493976,0.989247311827957
0.15240963855421688,0.989247311827957
0.15271084337349397,0.989247311827957
0.1530120481927711,0.989247311827957
0.1533132530120482,0.989247311827957
0.1536144578313253,0.989247311827957
0.15391566265060241,0.989247311827957
0.15421686746987953,0.989247311827957
0.15451807228915662,0.989247311827957
0.15481927710843374,0.989247311827957
0.15512048192771086,0.989247311827957
0.15542168674698795,0.989247311827957
0.15572289156626506,0.989247311827957
0.15602409638554218,0.989247311827957
0.15632530120481927,0.989247311827957
0.1566265060240964,0.989247311827957
0.15692771084337348,0.989247311827957
0.1572289156626506,0.989247311827957
0.15753012048192772,0.989247311827957
0.1578313253012048,0.989247311827957
0.15813253012048192,0.989247311827957
0.15843373493975904,0.989247311827957
0.15873493975903613,0.989247311827957
0.15903614457831325,0.989247311827957
0.15933734939759037,0.989247311827957
0.15963855421686746,0.989247311827957
0.15993975903614457,0.989247311827957
0.1602409638554217,0.989247311827957
0.16054216867469878,0.989247311827957
0.1608433734939759,0.989247311827957
0.16114457831325302,0.989247311827957
0.1614457831325301,0.989247311827957
0.16174698795180723,0.989247311827957
0.16204819277108434,0.989247311827957
0.16234939759036143,0.989247311827957
0.16265060240963855,0.989247311827957
0.16295180722891567,0.989247311827957
0.16325301204819276,0.989247311827957
0.16355421686746988,0.989247311827957
0.163855421686747,0.989247311827957
0.16415662650602408,0.989247311827957
0.1644578313253012,0.989247311827957
0.16475903614457832,0.989247311827957
0.1650602409638554,0.989247311827957
0.16536144578313253,0.989247311827957
0.16566265060240964,0.989247311827957
0.16596385542168673,0.989247311827957
0.16626506024096385,0.989247311827957
0.16626506024096385,0.9877622377622378
0.16656626506024097,0.9877622377622378
0.16686746987951806,0.9877622377622378
0.16716867469879518,0.9877622377622378
0.1674698795180723,0.9877622377622378
0.16777108433734939,0.9877622377622378
0.1680722891566265,0.9877622377622378
0.16837349397590362,0.9877622377622378
0.1686746987951807,0.9877622377622378
0.16897590361445783,0.9877622377622378
0.16927710843373495,0.9877622377622378
0.16957831325301204,0.9877622377622378
0.16987951807228915,0.9877622377622378
0.17018072289156627,0.9877622377622378
0.17018072289156627,0.987012987012987
0.17048192771084336,0.987012987012987
0.17078313253012048,0.987012987012987
0.1710843373493976,0.987012987012987
0.1713855421686747,0.987012987012987
0.1716867469879518,0.987012987012987
0.17198795180722892,0.987012987012987
0.172289156626506,0.987012987012987
0.17259036144578313,0.987012987012987
0.17289156626506025,0.987012987012987
0.17319277108433734,0.987012987012987
0.17349397590361446,0.987012987012987
0.17379518072289157,0.987012987012987
0.17409638554216866,0.987012987012987
0.17439759036144578,0.987012987012987
0.1746987951807229,0.987012987012987
0.175,0.987012987012987
0.1753012048192771,0.987012987012987
0.17560240963855422,0.987012987012987
0.17590361445783131,0.987012987012987
0.17620481927710843,0.987012987012987
0.17650602409638555,0.987012987012987
0.17680722891566264,0.987012987012987
0.17710843373493976,0.987012987012987
0.17740963855421688,0.987012987012987
0.17771084337349397,0.987012987012987
0.17801204819277108,0.987012987012987
0.1783132530120482,0.987012987012987
0.1786144578313253,0.987012987012987
0.1789156626506024,0.987012987012987
0.17921686746987953,0.987012987012987
0.17951807228915662,0.987012987012987
0.17981927710843373,0.987012987012987
0.18012048192771085,0.987012987012987
0.18042168674698794,0.987012987012987
0.18072289156626506,0.987012987012987
0.18102409638554218,0.987012987012987
0.18132530120481927,0.987012987012987
0.18162650602409638,0.987012987012987
0.1819277108433735,0.987012987012987
0.1822289156626506,0.987012987012987
0.1825301204819277,0.987012987012987
0.18283132530120483,0.987012987012987
0.18313253012048192,0.987012987012987
0.18313253012048192,0.9856230031948882
0.18343373493975904,0.9856230031948882
0.18373493975903615,0.9856230031948882
0.18403614457831324,0.9856230031948882
0.18433734939759036,0.9856230031948882
0.18463855421686748,0.9856230031948882
0.18493975903614457,0.9856230031948882
0.1852409638554217,0.9856230031948882
0.1855421686746988,0.9856230031948882
0.1858433734939759,0.9856230031948882
0.1858433734939759,0.9846860643185299
0.186144578313253,0.9846860643185299
0.18644578313253013,0.9846860643185299
0.18674698795180722,0.9846860643185299
0.18704819277108434,0.9846860643185299
0.18734939759036146,0.9846860643185299
0.18765060240963854,0.9846860643185299
0.18795180722891566,0.9846860643185299
0.18825301204819278,0.9846860643185299
0.18855421686746987,0.9846860643185299
0.188855421686747,0.9846860643185299
0.1891566265060241,0.9846860643185299
0.1894578313253012,0.9846860643185299
0.1897590361445783,0.9846860643185299
0.19006024096385543,0.9846860643185299
0.19036144578313252,0.9846860643185299
0.19066265060240964,0.9846860643185299
0.19096385542168676,0.9846860643185299
0.19126506024096385,0.9846860643185299
0.19156626506024096,0.9846860643185299
0.19186746987951808,0.9846860643185299
0.19216867469879517,0.9846860643185299
0.1924698795180723,0.9846860643185299
0.1927710843373494,0.9846860643185299
0.1930722891566265,0.9846860643185299
0.19337349397590362,0.9846860643185299
0.19367469879518073,0.9846860643185299
0.19367469879518073,0.9838235294117647
0.19397590361445782,0.9838235294117647
0.19427710843373494,0.9838235294117647
0.19457831325301206,0.9838235294117647
0.19487951807228915,0.9838235294117647
0.19518072289156627,0.9838235294117647
0.19548192771084338,0.9838235294117647
0.19578313253012047,0.9838235294117647
0.1960843373493976,0.9838235294117647
0.1963855421686747,0.9838235294117647
0.1966867469879518,0.9838235294117647
0.19698795180722892,0.9838235294117647
0.19728915662650603,0.9838235294117647
0.19759036144578312,0.9838235294117647
0.19789156626506024,0.9838235294117647
0.19819277108433736,0.9838235294117647
0.19849397590361445,0.9838235294117647
0.19879518072289157,0.9838235294117647
0.19909638554216869,0.9838235294117647
0.19939759036144578,0.9838235294117647
0.1996987951807229,0.9838235294117647
0.2,0.9838235294117647
0.2003012048192771,0.9838235294117647
0.20060240963855422,0.9838235294117647
0.20090361445783134,0.9838235294117647
0.20120481927710843,0.9838235294117647
0.20150602409638554,0.9838235294117647
0.20150602409638554,0.9834254143646409
0.20180722891566266,0.9834254143646409
0.20210843373493975,0.9834254143646409
0.20240963855421687,0.9834254143646409
0.202710843373494,0.9834254143646409
0.20301204819277108,0.9834254143646409
0.2033132530120482,0.9834254143646409
0.2036144578313253,0.9834254143646409
0.2039156626506024,0.9834254143646409
0.20421686746987952,0.9834254143646409
0.20451807228915664,0.9834254143646409
0.20481927710843373,0.9834254143646409
0.20512048192771085,0.9834254143646409
0.20542168674698796,0.9834254143646409
0.20572289156626505,0.9834254143646409
0.20602409638554217,0.9834254143646409
0.2063253012048193,0.9834254143646409
0.20662650602409638,0.9834254143646409
0.2069277108433735,0.9834254143646409
0.20722891566265061,0.9834254143646409
0.2075301204819277,0.9834254143646409
0.20783132530120482,0.9834254143646409
0.20813253012048194,0.9834254143646409
0.20843373493975903,0.9834254143646409
0.20873493975903615,0.9834254143646409
0.20903614457831327,0.9834254143646409
0.20933734939759036,0.9834254143646409
0.20963855421686747,0.9834254143646409
0.2099397590361446,0.9834254143646409
0.21024096385542168,0.9834254143646409
0.2105421686746988,0.9834254143646409
0.21084337349397592,0.9834254143646409
0.211144578313253,0.9834254143646409
0.21144578313253012,0.9834254143646409
0.21174698795180724,0.9834254143646409
0.21204819277108433,0.9834254143646409
0.21234939759036145,0.9834254143646409
0.21265060240963857,0.9834254143646409
0.21295180722891566,0.9834254143646409
0.21325301204819277,0.9834254143646409
0.2135542168674699,0.9834254143646409
0.21385542168674698,0.9834254143646409
0.2141566265060241,0.9834254143646409
0.21445783132530122,0.9834254143646409
0.21445783132530122,0.9834183673469388
0.2147590361445783,0.9834183673469388
0.21506024096385543,0.9834183673469388
0.21536144578313254,0.9834183673469388
0.21566265060240963,0.9834183673469388
0.21596385542168675,0.9834183673469388
0.21626506024096387,0.9834183673469388
0.21656626506024096,0.9834183673469388
0.21686746987951808,0.9834183673469388
0.2171686746987952,0.9834183673469388
0.21746987951807228,0.9834183673469388
0.2177710843373494,0.9834183673469388
0.21807228915662652,0.9834183673469388
0.2183734939759036,0.9834183673469388
0.21867469879518073,0.9834183673469388
0.21897590361445782,0.9834183673469388
0.21927710843373494,0.9834183673469388
0.21957831325301205,0.9834183673469388
0.21987951807228914,0.9834183673469388
0.22018072289156626,0.9834183673469388
0.22048192771084338,0.9834183673469388
0.22078313253012047,0.9834183673469388
0.22108433734939759,0.9834183673469388
0.2213855421686747,0.9834183673469388
0.2216867469879518,0.9834183673469388
0.2219879518072289,0.9834183673469388
0.22228915662650603,0.9834183673469388
0.22259036144578312,0.9834183673469388
0.22289156626506024,0.9834183673469388
0.22319277108433735,0.9834183673469388
0.22349397590361444,0.9834183673469388
0.22379518072289156,0.9834183673469388
0.22409638554216868,0.9834183673469388
0.22439759036144577,0.9834183673469388
0.2246987951807229,0.9834183673469388
0.225,0.9834183673469388
0.2253012048192771,0.9834183673469388
0.2256024096385542,0.9834183673469388
0.22590361445783133,0.9834183673469388
0.22620481927710842,0.9834183673469388
0.22650602409638554,0.9834183673469388
0.22680722891566266,0.9834183673469388
0.22710843373493975,0.9834183673469388
0.22740963855421686,0.9834183673469388
0.22771084337349398,0.9834183673469388
0.22801204819277107,0.9834183673469388
0.2283132530120482,0.9834183673469388
0.2286144578313253,0.9834183673469388
0.2289156626506024,0.9834183673469388
0.22921686746987951,0.9834183673469388
0.22951807228915663,0.9834183673469388
0.22981927710843372,0.9834183673469388
0.23012048192771084,0.9834183673469388
0.23042168674698796,0.9834183673469388
0.23072289156626505,0.9834183673469388
0.23102409638554217,0.9834183673469388
0.23132530120481928,0.9834183673469388
0.23162650602409637,0.9834183673469388
0.2319277108433735,0.9834183673469388
0.2322289156626506,0.9834183673469388
0.2322289156626506,0.9826302729528535
0.2325301204819277,0.9826302729528535
0.23283132530120482,0.9826302729528535
0.23313253012048193,0.9826302729528535
0.23343373493975902,0.9826302729528535
0.23373493975903614,0.9826302729528535
0.23403614457831326,0.9826302729528535
0.23433734939759035,0.9826302729528535
0.23463855421686747,0.9826302729528535
0.23493975903614459,0.9826302729528535
0.23524096385542168,0.9826302729528535
0.2355421686746988,0.9826302729528535
0.2358433734939759,0.9826302729528535
0.236144578313253,0.9826302729528535
0.23644578313253012,0.9826302729528535
0.23674698795180724,0.9826302729528535
0.23704819277108433,0.9826302729528535
0.23734939759036144,0.9826302729528535
0.23765060240963856,0.9826302729528535
0.23795180722891565,0.9826302729528535
0.23825301204819277,0.9826302729528535
0.2385542168674699,0.9826302729528535
0.2385542168674699,0.982078853046595
0.23885542168674698,0.982078853046595
0.2391566265060241,0.982078853046595
0.2394578313253012,0.982078853046595
0.2397590361445783,0.982078853046595
0.24006024096385542,0.982078853046595
0.24036144578313254,0.982078853046595
0.24066265060240963,0.982078853046595
0.24096385542168675,0.982078853046595
0.24126506024096386,0.982078853046595
0.24156626506024095,0.982078853046595
0.24186746987951807,0.982078853046595
0.2421686746987952,0.982078853046595
0.24246987951807228,0.982078853046595
0.2427710843373494,0.982078853046595
0.24307228915662651,0.982078853046595
0.2433734939759036,0.982078853046595
0.24367469879518072,0.982078853046595
0.24397590361445784,0.982078853046595
0.24427710843373493,0.982078853046595
0.24457831325301205,0.982078853046595
0.24487951807228917,0.982078853046595
0.24518072289156626,0.982078853046595
0.24548192771084337,0.982078853046595
0.2457831325301205,0.982078853046595
0.24608433734939758,0.982078853046595
0.2463855421686747,0.982078853046595
0.24668674698795182,0.982078853046595
0.2469879518072289,0.982078853046595
0.24728915662650602,0.982078853046595
0.24759036144578314,0.982078853046595
0.24759036144578314,0.9809069212410502
0.24759036144578314,0.9805714285714285
0.24789156626506023,0.9805714285714285
0.24819277108433735,0.9805714285714285
0.24849397590361447,0.9805714285714285
0.24879518072289156,0.9805714285714285
0.24909638554216867,0.9805714285714285
0.2493975903614458,0.9805714285714285
0.24969879518072288,0.9805714285714285
0.25,0.9805714285714285
0.2503012048192771,0.9805714285714285
0.25060240963855424,0.9805714285714285
0.2509036144578313,0.9805714285714285
0.2512048192771084,0.9805714285714285
0.25150602409638556,0.9805714285714285
0.25180722891566265,0.9805714285714285
0.25210843373493974,0.9805714285714285
0.2524096385542169,0.9805714285714285
0.252710843373494,0.9805714285714285
0.25301204819277107,0.9805714285714285
0.2533132530120482,0.9805714285714285
0.2536144578313253,0.9805714285714285
0.2539156626506024,0.9805714285714285
0.25421686746987954,0.9805714285714285
0.2545180722891566,0.9805714285714285
0.2548192771084337,0.9805714285714285
0.25512048192771086,0.9805714285714285
0.25542168674698795,0.9805714285714285
0.25572289156626504,0.9805714285714285
0.2560240963855422,0.9805714285714285
0.2563253012048193,0.9805714285714285
0.25662650602409637,0.9805714285714285
0.2569277108433735,0.9805714285714285
0.2572289156626506,0.9805714285714285
0.2575301204819277,0.9805714285714285
0.25783132530120484,0.9805714285714285
0.25813253012048193,0.9805714285714285
0.258433734939759,0.9805714285714285
0.258433734939759,0.9798657718120806
0.25873493975903616,0.9798657718120806
0.25903614457831325,0.9798657718120806
0.25933734939759034,0.9798657718120806
0.2596385542168675,0.9798657718120806
0.2599397590361446,0.9798657718120806
0.26024096385542167,0.9798657718120806
0.2605421686746988,0.9798657718120806
0.2608433734939759,0.9798657718120806
0.261144578313253,0.9798657718120806
0.26144578313253014,0.9798657718120806
0.26174698795180723,0.9798657718120806
0.2620481927710843,0.9798657718120806
0.26234939759036147,0.9798657718120806
0.26265060240963856,0.9798657718120806
0.26295180722891565,0.9798657718120806
0.2632530120481928,0.9798657718120806
0.2635542168674699,0.9798657718120806
0.26385542168674697,0.9798657718120806
0.26385542168674697,0.9791666666666666
0.2641566265060241,0.9791666666666666
0.2644578313253012,0.9791666666666666
0.2647590361445783,0.9791666666666666
0.26506024096385544,0.9791666666666666
0.26536144578313253,0.9791666666666666
0.2656626506024096,0.9791666666666666
0.26596385542168677,0.9791666666666666
0.26626506024096386,0.9791666666666666
0.26656626506024095,0.9791666666666666
0.2668674698795181,0.9791666666666666
0.2671686746987952,0.9791666666666666
0.2674698795180723,0.9791666666666666
0.2677710843373494,0.9791666666666666
0.2680722891566265,0.9791666666666666
0.2683734939759036,0.9791666666666666
0.26867469879518074,0.9791666666666666
0.26897590361445783,0.9791666666666666
0.26897590361445783,0.9787007454739084
0.2692771084337349,0.9787007454739084
0.26957831325301207,0.9787007454739084
0.26987951807228916,0.9787007454739084
0.27018072289156625,0.9787007454739084
0.2704819277108434,0.9787007454739084
0.2707831325301205,0.9787007454739084
0.2710843373493976,0.9787007454739084
0.2713855421686747,0.9787007454739084
0.2716867469879518,0.9787007454739084
0.2719879518072289,0.9787007454739084
0.27228915662650605,0.9787007454739084
0.27259036144578314,0.9787007454739084
0.2728915662650602,0.9787007454739084
0.27319277108433737,0.9787007454739084
0.27349397590361446,0.9787007454739084
0.27379518072289155,0.9787007454739084
0.2740963855421687,0.9787007454739084
0.2743975903614458,0.9787007454739084
0.2746987951807229,0.9787007454739084
0.275,0.9787007454739084
0.2753012048192771,0.9787007454739084
0.2756024096385542,0.9787007454739084
0.27590361445783135,0.9787007454739084
0.27620481927710844,0.9787007454739084
0.2765060240963855,0.9787007454739084
0.2768072289156627,0.9787007454739084
0.2768072289156627,0.9784615384615385
0.27710843373493976,0.9784615384615385
0.27740963855421685,0.9784615384615385
0.277710843373494,0.9784615384615385
0.2780120481927711,0.9784615384615385
0.2783132530120482,0.9784615384615385
0.2786144578313253,0.9784615384615385
0.2789156626506024,0.9784615384615385
0.2792168674698795,0.9784615384615385
0.27951807228915665,0.9784615384615385
0.27981927710843374,0.9784615384615385
0.28012048192771083,0.9784615384615385
0.280421686746988,0.9784615384615385
0.28072289156626506,0.9784615384615385
0.28102409638554215,0.9784615384615385
0.2813253012048193,0.9784615384615385
0.2816265060240964,0.9784615384615385
0.2819277108433735,0.9784615384615385
0.2822289156626506,0.9784615384615385
0.2825301204819277,0.9784615384615385
0.2828313253012048,0.9784615384615385
0.28313253012048195,0.9784615384615385
0.28343373493975904,0.9784615384615385
0.28373493975903613,0.9784615384615385
0.2840361445783133,0.9784615384615385
0.28433734939759037,0.9784615384615385
0.28463855421686746,0.9784615384615385
0.2849397590361446,0.9784615384615385
0.2852409638554217,0.9784615384615385
0.2855421686746988,0.9784615384615385
0.2858433734939759,0.9784615384615385
0.286144578313253,0.9784615384615385
0.2864457831325301,0.9784615384615385
0.28674698795180725,0.9784615384615385
0.28704819277108434,0.9784615384615385
0.28734939759036143,0.9784615384615385
0.28734939759036143,0.9776195320447609
0.2876506024096386,0.9776195320447609
0.28795180722891567,0.9776195320447609
0.28825301204819276,0.9776195320447609
0.2885542168674699,0.9776195320447609
0.288855421686747,0.9776195320447609
0.2891566265060241,0.9776195320447609
0.28945783132530123,0.9776195320447609
0.28945783132530123,0.9766260162601627
0.28945783132530123,0.9760213143872114
0.2897590361445783,0.9760213143872114
0.2900602409638554,0.9760213143872114
0.29036144578313255,0.9760213143872114
0.29066265060240964,0.9760213143872114
0.29096385542168673,0.9760213143872114
0.2912650602409639,0.9760213143872114
0.29156626506024097,0.9760213143872114
0.29186746987951806,0.9760213143872114
0.2921686746987952,0.9760213143872114
0.2924698795180723,0.9760213143872114
0.2927710843373494,0.9760213143872114
0.29307228915662653,0.9760213143872114
0.29307228915662653,0.9760213143872114
0.2933734939759036,0.9760213143872114
0.2936746987951807,0.9760213143872114
0.29397590361445786,0.9760213143872114
0.29427710843373495,0.9760213143872114
0.29457831325301204,0.9760213143872114
0.2948795180722892,0.9760213143872114
0.29518072289156627,0.9760213143872114
0.29548192771084336,0.9760213143872114
0.29548192771084336,0.9760213143872114
0.2957831325301205,0.9760213143872114
0.2960843373493976,0.9760213143872114
0.2963855421686747,0.9760213143872114
0.29668674698795183,0.9760213143872114
0.2969879518072289,0.9760213143872114
0.297289156626506,0.9760213143872114
0.29759036144578316,0.9760213143872114
0.29789156626506025,0.9760213143872114
0.29819277108433734,0.9760213143872114
0.2984939759036145,0.9760213143872114
0.2987951807228916,0.9760213143872114
0.29909638554216866,0.9760213143872114
0.2993975903614458,0.9760213143872114
0.2996987951807229,0.9760213143872114
0.3,0.9760213143872114
0.30030120481927713,0.9760213143872114
0.3006024096385542,0.9760213143872114
0.3006024096385542,0.9760213143872114
0.3009036144578313,0.9760213143872114
0.30120481927710846,0.9760213143872114
0.30150602409638555,0.9760213143872114
0.30180722891566264,0.9760213143872114
0.3021084337349398,0.9760213143872114
0.3024096385542169,0.9760213143872114
0.30271084337349397,0.9760213143872114
0.3030120481927711,0.9760213143872114
0.3033132530120482,0.9760213143872114
0.3036144578313253,0.9760213143872114
0.30391566265060244,0.9760213143872114
0.3042168674698795,0.9760213143872114
0.3045180722891566,0.9760213143872114
0.30481927710843376,0.9760213143872114
0.30512048192771085,0.9760213143872114
0.30542168674698794,0.9760213143872114
0.3057228915662651,0.9760213143872114
0.3060240963855422,0.9760213143872114
0.30632530120481927,0.9760213143872114
0.3066265060240964,0.9760213143872114
0.3069277108433735,0.9760213143872114
0.3072289156626506,0.9760213143872114
0.30753012048192774,0.9760213143872114
0.30783132530120483,0.9760213143872114
0.3081325301204819,0.9760213143872114
0.30843373493975906,0.9760213143872114
0.30873493975903615,0.9760213143872114
0.30903614457831324,0.9760213143872114
0.3093373493975904,0.9760213143872114
0.3096385542168675,0.9760213143872114
0.30993975903614457,0.9760213143872114
0.3102409638554217,0.9760213143872114
0.3105421686746988,0.9760213143872114
0.3108433734939759,0.9760213143872114
0.31114457831325304,0.9760213143872114
0.31144578313253013,0.9760213143872114
0.3117469879518072,0.9760213143872114
0.31204819277108437,0.9760213143872114
0.31234939759036146,0.9760213143872114
0.31265060240963854,0.9760213143872114
0.31295180722891563,0.9760213143872114
0.3132530120481928,0.9760213143872114
0.31355421686746987,0.9760213143872114
0.31385542168674696,0.9760213143872114
0.3141566265060241,0.9760213143872114
0.3144578313253012,0.9760213143872114
0.3147590361445783,0.9760213143872114
0.31506024096385543,0.9760213143872114
0.3153614457831325,0.9760213143872114
0.3156626506024096,0.9760213143872114
0.31596385542168676,0.9760213143872114
0.31626506024096385,0.9760213143872114
0.31656626506024094,0.9760213143872114
0.3168674698795181,0.9760213143872114
0.31716867469879517,0.9760213143872114
0.31746987951807226,0.9760213143872114
0.3177710843373494,0.9760213143872114
0.3180722891566265,0.9760213143872114
0.3183734939759036,0.9760213143872114
0.31867469879518073,0.9760213143872114
0.3189759036144578,0.9760213143872114
0.3192771084337349,0.9760213143872114
0.31957831325301206,0.9760213143872114
0.31987951807228915,0.9760213143872114
0.32018072289156624,0.9760213143872114
0.3204819277108434,0.9760213143872114
0.3207831325301205,0.9760213143872114
0.32108433734939756,0.9760213143872114
0.3213855421686747,0.9760213143872114
0.3216867469879518,0.9760213143872114
0.3219879518072289,0.9760213143872114
0.32228915662650603,0.9760213143872114
0.3225903614457831,0.9760213143872114
0.3228915662650602,0.9760213143872114
0.32319277108433736,0.9760213143872114
0.32349397590361445,0.9760213143872114
0.32379518072289154,0.9760213143872114
0.3240963855421687,0.9760213143872114
0.3243975903614458,0.9760213143872114
0.32469879518072287,0.9760213143872114
0.325,0.9760213143872114
0.3253012048192771,0.9760213143872114
0.3256024096385542,0.9760213143872114
0.32590361445783134,0.9760213143872114
0.3262048192771084,0.9760213143872114
0.3265060240963855,0.9760213143872114
0.32680722891566266,0.9760213143872114
0.32710843373493975,0.9760213143872114
0.32740963855421684,0.9760213143872114
0.327710843373494,0.9760213143872114
0.3280120481927711,0.9760213143872114
0.32831325301204817,0.9760213143872114
0.3286144578313253,0.9760213143872114
0.3289156626506024,0.9760213143872114
0.3292168674698795,0.9760213143872114
0.32951807228915664,0.9760213143872114
0.32981927710843373,0.9760213143872114
0.3301204819277108,0.9760213143872114
0.33042168674698796,0.9760213143872114
0.33072289156626505,0.9760213143872114
0.33102409638554214,0.9760213143872114
0.33102409638554214,0.975199291408326
0.3313253012048193,0.975199291408326
0.3316265060240964,0.975199291408326
0.3316265060240964,0.9744042365401588
0.33192771084337347,0.9744042365401588
0.3322289156626506,0.9744042365401588
0.3325301204819277,0.9744042365401588
0.3325301204819277,0.9736379613356766
0.3328313253012048,0.9736379613356766
0.33313253012048194,0.9736379613356766
0.33343373493975903,0.9736379613356766
0.3337349397590361,0.9736379613356766
0.3337349397590361,0.9728308501314636
0.33403614457831327,0.9728308501314636
0.33433734939759036,0.9728308501314636
0.33433734939759036,0.972101133391456
0.33463855421686745,0.972101133391456
0.3349397590361446,0.972101133391456
0.3352409638554217,0.972101133391456
0.33554216867469877,0.972101133391456
0.3358433734939759,0.972101133391456
0.3358433734939759,0.9715271786022434
0.336144578313253,0.9715271786022434
0.3364457831325301,0.9715271786022434
0.33674698795180724,0.9715271786022434
0.33704819277108433,0.9715271786022434
0.3373493975903614,0.9715271786022434
0.33765060240963857,0.9715271786022434
0.33795180722891566,0.9715271786022434
0.33825301204819275,0.9715271786022434
0.3385542168674699,0.9715271786022434
0.338855421686747,0.9715271786022434
0.3391566265060241,0.9715271786022434
0.3391566265060241,0.9711864406779661
0.3394578313253012,0.9711864406779661
0.3397590361445783,0.9711864406779661
0.3400602409638554,0.9711864406779661
0.34036144578313254,0.9711864406779661
0.34066265060240963,0.9711864406779661
0.3409638554216867,0.9711864406779661
0.34126506024096387,0.9711864406779661
0.34156626506024096,0.9711864406779661
0.34186746987951805,0.9711864406779661
0.3421686746987952,0.9711864406779661
0.3424698795180723,0.9711864406779661
0.3427710843373494,0.9711864406779661
0.3430722891566265,0.9711864406779661
0.3433734939759036,0.9711864406779661
0.3436746987951807,0.9711864406779661
0.34397590361445785,0.9711864406779661
0.34427710843373494,0.9711864406779661
0.344578313253012,0.9711864406779661
0.34487951807228917,0.9711864406779661
0.34518072289156626,0.9711864406779661
0.34518072289156626,0.9703891708967851
0.34548192771084335,0.9703891708967851
0.34548192771084335,0.9697732997481109
0.3457831325301205,0.9697732997481109
0.3460843373493976,0.9697732997481109
0.3463855421686747,0.9697732997481109
0.3466867469879518,0.9697732997481109
0.3469879518072289,0.9697732997481109
0.347289156626506,0.9697732997481109
0.34759036144578315,0.9697732997481109
0.34789156626506024,0.9697732997481109
0.34789156626506024,0.9690893901420217
0.3481927710843373,0.9690893901420217
0.3484939759036145,0.9690893901420217
0.34879518072289156,0.9690893901420217
0.34909638554216865,0.9690893901420217
0.3493975903614458,0.9690893901420217
0.3493975903614458,0.9683069224353628
0.3496987951807229,0.9683069224353628
0.3496987951807229,0.9678935003915426
0.35,0.9678935003915426
0.3503012048192771,0.9678935003915426
0.3506024096385542,0.9678935003915426
0.3509036144578313,0.9678935003915426
0.35120481927710845,0.9678935003915426
0.35150602409638554,0.9678935003915426
0.35180722891566263,0.9678935003915426
0.3521084337349398,0.9678935003915426
0.35240963855421686,0.9678935003915426
0.35271084337349395,0.9678935003915426
0.3530120481927711,0.9678935003915426
0.3533132530120482,0.9678935003915426
0.3536144578313253,0.9678935003915426
0.3539156626506024,0.9678935003915426
0.3539156626506024,0.9678935003915426
0.3542168674698795,0.9678935003915426
0.3545180722891566,0.9678935003915426
0.35481927710843375,0.9678935003915426
0.35512048192771084,0.9678935003915426
0.35542168674698793,0.9678935003915426
0.3557228915662651,0.9678935003915426
0.35602409638554217,0.9678935003915426
0.35632530120481926,0.9678935003915426
0.3566265060240964,0.9678935003915426
0.3569277108433735,0.9678935003915426
0.3572289156626506,0.9678935003915426
0.3575301204819277,0.9678935003915426
0.3578313253012048,0.9678935003915426
0.3581325301204819,0.9678935003915426
0.35843373493975905,0.9678935003915426
0.35873493975903614,0.9678935003915426
0.35903614457831323,0.9678935003915426
0.3593373493975904,0.9678935003915426
0.35963855421686747,0.9678935003915426
0.35993975903614456,0.9678935003915426
0.3602409638554217,0.9678935003915426
0.3605421686746988,0.9678935003915426
0.3608433734939759,0.9678935003915426
0.36114457831325303,0.9678935003915426
0.3614457831325301,0.9678935003915426
0.3617469879518072,0.9678935003915426
0.36204819277108435,0.9678935003915426
0.36234939759036144,0.9678935003915426
0.36265060240963853,0.9678935003915426
0.36265060240963853,0.9678935003915426
0.3629518072289157,0.9678935003915426
0.36325301204819277,0.9678935003915426
0.36355421686746986,0.9678935003915426
0.363855421686747,0.9678935003915426
0.3641566265060241,0.9678935003915426
0.3644578313253012,0.9678935003915426
0.36475903614457833,0.9678935003915426
0.3650602409638554,0.9678935003915426
0.3653614457831325,0.9678935003915426
0.36566265060240966,0.9678935003915426
0.36596385542168675,0.9678935003915426
0.36626506024096384,0.9678935003915426
0.366566265060241,0.9678935003915426
0.36686746987951807,0.9678935003915426
0.36716867469879516,0.9678935003915426
0.3674698795180723,0.9678935003915426
0.3677710843373494,0.9678935003915426
0.3680722891566265,0.9678935003915426
0.36837349397590363,0.9678935003915426
0.3686746987951807,0.9678935003915426
0.3689759036144578,0.9678935003915426
0.36927710843373496,0.9678935003915426
0.36957831325301205,0.9678935003915426
0.36987951807228914,0.9678935003915426
0.3701807228915663,0.9678935003915426
0.3704819277108434,0.9678935003915426
0.37078313253012046,0.9678935003915426
0.3710843373493976,0.9678935003915426
0.3713855421686747,0.9678935003915426
0.3716867469879518,0.9678935003915426
0.37198795180722893,0.9678935003915426
0.372289156626506,0.9678935003915426
0.372289156626506,0.9671875
0.3725903614457831,0.9671875
0.37289156626506026,0.9671875
0.37289156626506026,0.9671755725190839
0.37319277108433735,0.9671755725190839
0.37349397590361444,0.9671755725190839
0.3737951807228916,0.9671755725190839
0.3740963855421687,0.9671755725190839
0.37439759036144576,0.9671755725190839
0.3746987951807229,0.9671755725190839
0.375,0.9671755725190839
0.3753012048192771,0.9671755725190839
0.37560240963855424,0.9671755725190839
0.3759036144578313,0.9671755725190839
0.3762048192771084,0.9671755725190839
0.37650602409638556,0.9671755725190839
0.37680722891566265,0.9671755725190839
0.37710843373493974,0.9671755725190839
0.3774096385542169,0.9671755725190839
0.377710843373494,0.9671755725190839
0.37801204819277107,0.9671755725190839
0.3783132530120482,0.9671755725190839
0.3786144578313253,0.9671755725190839
0.3789156626506024,0.9671755725190839
0.37921686746987954,0.9671755725190839
0.3795180722891566,0.9671755725190839
0.3798192771084337,0.9671755725190839
0.38012048192771086,0.9671755725190839
0.38042168674698795,0.9671755725190839
0.38072289156626504,0.9671755725190839
0.3810240963855422,0.9671755725190839
0.3813253012048193,0.9671755725190839
0.38162650602409637,0.9671755725190839
0.38162650602409637,0.9671150971599403
0.3819277108433735,0.9671150971599403
0.3822289156626506,0.9671150971599403
0.3825301204819277,0.9671150971599403
0.38283132530120484,0.9671150971599403
0.38313253012048193,0.9671150971599403
0.383433734939759,0.9671150971599403
0.38373493975903616,0.9671150971599403
0.38403614457831325,0.9671150971599403
0.38433734939759034,0.9671150971599403
0.3846385542168675,0.9671150971599403
0.3849397590361446,0.9671150971599403
0.38524096385542167,0.9671150971599403
0.3855421686746988,0.9671150971599403
0.3858433734939759,0.9671150971599403
0.386144578313253,0.9671150971599403
0.38644578313253014,0.9671150971599403
0.38674698795180723,0.9671150971599403
0.3870481927710843,0.9671150971599403
0.38734939759036147,0.9671150971599403
0.38765060240963856,0.9671150971599403
0.38795180722891565,0.9671150971599403
0.3882530120481928,0.9671150971599403
0.3885542168674699,0.9671150971599403
0.38885542168674697,0.9671150971599403
0.3891566265060241,0.9671150971599403
0.3894578313253012,0.9671150971599403
0.3897590361445783,0.9671150971599403
0.3897590361445783,0.9668279198341396
0.39006024096385544,0.9668279198341396
0.39036144578313253,0.9668279198341396
0.3906626506024096,0.9668279198341396
0.39096385542168677,0.9668279198341396
0.39126506024096386,0.9668279198341396
0.39156626506024095,0.9668279198341396
0.3918674698795181,0.9668279198341396
0.3921686746987952,0.9668279198341396
0.3924698795180723,0.9668279198341396
0.3924698795180723,0.9668279198341396
0.3927710843373494,0.9668279198341396
0.3930722891566265,0.9668279198341396
0.3933734939759036,0.9668279198341396
0.39367469879518074,0.9668279198341396
0.39397590361445783,0.9668279198341396
0.3942771084337349,0.9668279198341396
0.39457831325301207,0.9668279198341396
0.39487951807228916,0.9668279198341396
0.39518072289156625,0.9668279198341396
0.3954819277108434,0.9668279198341396
0.3957831325301205,0.9668279198341396
0.3957831325301205,0.9668279198341396
0.3960843373493976,0.9668279198341396
0.3963855421686747,0.9668279198341396
0.3966867469879518,0.9668279198341396
0.3969879518072289,0.9668279198341396
0.39728915662650605,0.9668279198341396
0.39759036144578314,0.9668279198341396
0.3978915662650602,0.9668279198341396
0.39819277108433737,0.9668279198341396
0.39849397590361446,0.9668279198341396
0.39879518072289155,0.9668279198341396
0.3990963855421687,0.9668279198341396
0.3993975903614458,0.9668279198341396
0.3996987951807229,0.9668279198341396
0.4,0.9668279198341396
0.4003012048192771,0.9668279198341396
0.4006024096385542,0.9668279198341396
0.40090361445783135,0.9668279198341396
0.40120481927710844,0.9668279198341396
0.4015060240963855,0.9668279198341396
0.4018072289156627,0.9668279198341396
0.40210843373493976,0.9668279198341396
0.40240963855421685,0.9668279198341396
0.402710843373494,0.9668279198341396
0.4030120481927711,0.9668279198341396
0.4033132530120482,0.9668279198341396
0.4036144578313253,0.9668279198341396
0.4039156626506024,0.9668279198341396
0.4042168674698795,0.9668279198341396
0.40451807228915665,0.9668279198341396
0.40481927710843374,0.9668279198341396
0.40512048192771083,0.9668279198341396
0.405421686746988,0.9668279198341396
0.40572289156626506,0.9668279198341396
0.40602409638554215,0.9668279198341396
0.4063253012048193,0.9668279198341396
0.4066265060240964,0.9668279198341396
0.4066265060240964,0.9668279198341396
0.4069277108433735,0.9668279198341396
0.4072289156626506,0.9668279198341396
0.4075301204819277,0.9668279198341396
0.4078313253012048,0.9668279198341396
0.40813253012048195,0.9668279198341396
0.40843373493975904,0.9668279198341396
0.40873493975903613,0.9668279198341396
0.4090361445783133,0.9668279198341396
0.40933734939759037,0.9668279198341396
0.40963855421686746,0.9668279198341396
0.4099397590361446,0.9668279198341396
0.4102409638554217,0.9668279198341396
0.4105421686746988,0.9668279198341396
0.4108433734939759,0.9668279198341396
0.411144578313253,0.9668279198341396
0.4114457831325301,0.9668279198341396
0.41174698795180725,0.9668279198341396
0.41204819277108434,0.9668279198341396
0.41234939759036143,0.9668279198341396
0.4126506024096386,0.9668279198341396
0.41295180722891567,0.9668279198341396
0.41325301204819276,0.9668279198341396
0.4135542168674699,0.9668279198341396
0.413855421686747,0.9668279198341396
0.4141566265060241,0.9668279198341396
0.41445783132530123,0.9668279198341396
0.4147590361445783,0.9668279198341396
0.4150602409638554,0.9668279198341396
0.41536144578313255,0.9668279198341396
0.41566265060240964,0.9668279198341396
0.41596385542168673,0.9668279198341396
0.4162650602409639,0.9668279198341396
0.41656626506024097,0.9668279198341396
0.41686746987951806,0.9668279198341396
0.4171686746987952,0.9668279198341396
0.4174698795180723,0.9668279198341396
0.4177710843373494,0.9668279198341396
0.41807228915662653,0.9668279198341396
0.4183734939759036,0.9668279198341396
0.4186746987951807,0.9668279198341396
0.41897590361445786,0.9668279198341396
0.41927710843373495,0.9668279198341396
0.41957831325301204,0.9668279198341396
0.4198795180722892,0.9668279198341396
0.42018072289156627,0.9668279198341396
0.42048192771084336,0.9668279198341396
0.4207831325301205,0.9668279198341396
0.4210843373493976,0.9668279198341396
0.4213855421686747,0.9668279198341396
0.4213855421686747,0.9668021680216802
0.42168674698795183,0.9668021680216802
0.4219879518072289,0.9668021680216802
0.422289156626506,0.9668021680216802
0.42259036144578316,0.9668021680216802
0.42289156626506025,0.9668021680216802
0.42319277108433734,0.9668021680216802
0.4234939759036145,0.9668021680216802
0.4237951807228916,0.9668021680216802
0.42409638554216866,0.9668021680216802
0.4243975903614458,0.9668021680216802
0.4246987951807229,0.9668021680216802
0.425,0.9668021680216802
0.42530120481927713,0.9668021680216802
0.4256024096385542,0.9668021680216802
0.4259036144578313,0.9668021680216802
0.42620481927710846,0.9668021680216802
0.42650602409638555,0.9668021680216802
0.42680722891566264,0.9668021680216802
0.4271084337349398,0.9668021680216802
0.4274096385542169,0.9668021680216802
0.42771084337349397,0.9668021680216802
0.4280120481927711,0.9668021680216802
0.4283132530120482,0.9668021680216802
0.4286144578313253,0.9668021680216802
0.42891566265060244,0.9668021680216802
0.4292168674698795,0.9668021680216802
0.4295180722891566,0.9668021680216802
0.42981927710843376,0.9668021680216802
0.42981927710843376,0.9666666666666667
0.43012048192771085,0.9666666666666667
0.43042168674698794,0.9666666666666667
0.4307228915662651,0.9666666666666667
0.4310240963855422,0.9666666666666667
0.43132530120481927,0.9666666666666667
0.4316265060240964,0.9666666666666667
0.4319277108433735,0.9666666666666667
0.4322289156626506,0.9666666666666667
0.43253012048192774,0.9666666666666667
0.43283132530120483,0.9666666666666667
0.4331325301204819,0.9666666666666667
0.43343373493975906,0.9666666666666667
0.43373493975903615,0.9666666666666667
0.43403614457831324,0.9666666666666667
0.4343373493975904,0.9666666666666667
0.4346385542168675,0.9666666666666667
0.43493975903614457,0.9666666666666667
0.4352409638554217,0.9666666666666667
0.4355421686746988,0.9666666666666667
0.4358433734939759,0.9666666666666667
0.43614457831325304,0.9666666666666667
0.43644578313253013,0.9666666666666667
0.4367469879518072,0.9666666666666667
0.4367469879518072,0.9662027833001988
0.43704819277108437,0.9662027833001988
0.43734939759036146,0.9662027833001988
0.43765060240963854,0.9662027833001988
0.43795180722891563,0.9662027833001988
0.4382530120481928,0.9662027833001988
0.43855421686746987,0.9662027833001988
0.43885542168674696,0.9662027833001988
0.4391566265060241,0.9662027833001988
0.4391566265060241,0.9659016393442623
0.4394578313253012,0.9659016393442623
0.4397590361445783,0.9659016393442623
0.44006024096385543,0.9659016393442623
0.4403614457831325,0.9659016393442623
0.4406626506024096,0.9659016393442623
0.44096385542168676,0.9659016393442623
0.44126506024096385,0.9659016393442623
0.44156626506024094,0.9659016393442623
0.4418674698795181,0.9659016393442623
0.44216867469879517,0.9659016393442623
0.44246987951807226,0.9659016393442623
0.4427710843373494,0.9659016393442623
0.4430722891566265,0.9659016393442623
0.4433734939759036,0.9659016393442623
0.44367469879518073,0.9659016393442623
0.44367469879518073,0.9654272667971298
0.4439759036144578,0.9654272667971298
0.4442771084337349,0.9654272667971298
0.44457831325301206,0.9654272667971298
0.44487951807228915,0.9654272667971298
0.44518072289156624,0.9654272667971298
0.4454819277108434,0.9654272667971298
0.4457831325301205,0.9654272667971298
0.4457831325301205,0.964935064935065
0.44608433734939756,0.964935064935065
0.4463855421686747,0.964935064935065
0.4466867469879518,0.964935064935065
0.4469879518072289,0.964935064935065
0.44728915662650603,0.964935064935065
0.4475903614457831,0.964935064935065
0.4475903614457831,0.9645618556701031
0.4478915662650602,0.9645618556701031
0.44819277108433736,0.9645618556701031
0.44849397590361445,0.9645618556701031
0.44879518072289154,0.9645618556701031
0.4490963855421687,0.9645618556701031
0.4493975903614458,0.9645618556701031
0.44969879518072287,0.9645618556701031
0.45,0.9645618556701031
0.4503012048192771,0.9645618556701031
0.4506024096385542,0.9645618556701031
0.45090361445783134,0.9645618556701031
0.45090361445783134,0.963963963963964
0.4512048192771084,0.963963963963964
0.4512048192771084,0.9633911368015414
0.4515060240963855,0.9633911368015414
0.45180722891566266,0.9633911368015414
0.45180722891566266,0.9628205128205128
0.45210843373493975,0.9628205128205128
0.45240963855421684,0.9628205128205128
0.45240963855421684,0.962756052141527
0.452710843373494,0.962756052141527
0.452710843373494,0.962756052141527
0.4530120481927711,0.962756052141527
0.45331325301204817,0.962756052141527
0.4536144578313253,0.962756052141527
0.4539156626506024,0.962756052141527
0.4542168674698795,0.962756052141527
0.45451807228915664,0.962756052141527
0.45481927710843373,0.962756052141527
0.4551204819277108,0.962756052141527
0.45542168674698796,0.962756052141527
0.45572289156626505,0.962756052141527
0.45602409638554214,0.962756052141527
0.4563253012048193,0.962756052141527
0.4566265060240964,0.962756052141527
0.45692771084337347,0.962756052141527
0.4572289156626506,0.962756052141527
0.4575301204819277,0.962756052141527
0.4578313253012048,0.962756052141527
0.45813253012048194,0.962756052141527
0.45843373493975903,0.962756052141527
0.4587349397590361,0.962756052141527
0.45903614457831327,0.962756052141527
0.45933734939759036,0.962756052141527
0.45963855421686745,0.962756052141527
0.4599397590361446,0.962756052141527
0.4602409638554217,0.962756052141527
0.46054216867469877,0.962756052141527
0.4608433734939759,0.962756052141527
0.461144578313253,0.962756052141527
0.4614457831325301,0.962756052141527
0.46174698795180724,0.962756052141527
0.46204819277108433,0.962756052141527
0.4623493975903614,0.962756052141527
0.46265060240963857,0.962756052141527
0.46295180722891566,0.962756052141527
0.46325301204819275,0.962756052141527
0.4635542168674699,0.962756052141527
0.463855421686747,0.962756052141527
0.4641566265060241,0.962756052141527
0.4644578313253012,0.962756052141527
0.4647590361445783,0.962756052141527
0.4650602409638554,0.962756052141527
0.46536144578313254,0.962756052141527
0.46566265060240963,0.962756052141527
0.4659638554216867,0.962756052141527
0.46626506024096387,0.962756052141527
0.46656626506024096,0.962756052141527
0.46686746987951805,0.962756052141527
0.4671686746987952,0.962756052141527
0.4671686746987952,0.9624697336561744
0.4674698795180723,0.9624697336561744
0.4677710843373494,0.9624697336561744
0.4680722891566265,0.9624697336561744
0.4683734939759036,0.9624697336561744
0.4683734939759036,0.9624697336561744
0.4686746987951807,0.9624697336561744
0.46897590361445785,0.9624697336561744
0.46927710843373494,0.9624697336561744
0.469578313253012,0.9624697336561744
0.46987951807228917,0.9624697336561744
0.47018072289156626,0.9624697336561744
0.47048192771084335,0.9624697336561744
0.4707831325301205,0.9624697336561744
0.4710843373493976,0.9624697336561744
0.4713855421686747,0.9624697336561744
0.4716867469879518,0.9624697336561744
0.4719879518072289,0.9624697336561744
0.472289156626506,0.9624697336561744
0.47259036144578315,0.9624697336561744
0.47289156626506024,0.9624697336561744
0.4731927710843373,0.9624697336561744
0.4734939759036145,0.9624697336561744
0.47379518072289156,0.9624697336561744
0.47409638554216865,0.9624697336561744
0.4743975903614458,0.9624697336561744
0.4746987951807229,0.9624697336561744
0.475,0.9624697336561744
0.4753012048192771,0.9624697336561744
0.4756024096385542,0.9624697336561744
0.4759036144578313,0.9624697336561744
0.47620481927710845,0.9624697336561744
0.47650602409638554,0.9624697336561744
0.47680722891566263,0.9624697336561744
0.4771084337349398,0.9624697336561744
0.47740963855421686,0.9624697336561744
0.47771084337349395,0.9624697336561744
0.4780120481927711,0.9624697336561744
0.4783132530120482,0.9624697336561744
0.4786144578313253,0.9624697336561744
0.4789156626506024,0.9624697336561744
0.4789156626506024,0.9622980251346499
0.4792168674698795,0.9622980251346499
0.4795180722891566,0.9622980251346499
0.47981927710843375,0.9622980251346499
0.48012048192771084,0.9622980251346499
0.48042168674698793,0.9622980251346499
0.4807228915662651,0.9622980251346499
0.48102409638554217,0.9622980251346499
0.48132530120481926,0.9622980251346499
0.4816265060240964,0.9622980251346499
0.4819277108433735,0.9622980251346499
0.4822289156626506,0.9622980251346499
0.4825301204819277,0.9622980251346499
0.4828313253012048,0.9622980251346499
0.4831325301204819,0.9622980251346499
0.48343373493975905,0.9622980251346499
0.48373493975903614,0.9622980251346499
0.48403614457831323,0.9622980251346499
0.4843373493975904,0.9622980251346499
0.4843373493975904,0.9617453676031081
0.48463855421686747,0.9617453676031081
0.48463855421686747,0.961447212336892
0.48493975903614456,0.961447212336892
0.4852409638554217,0.961447212336892
0.4855421686746988,0.961447212336892
0.4858433734939759,0.961447212336892
0.48614457831325303,0.961447212336892
0.4864457831325301,0.961447212336892
0.4867469879518072,0.961447212336892
0.48704819277108435,0.961447212336892
0.48734939759036144,0.961447212336892
0.48765060240963853,0.961447212336892
0.4879518072289157,0.961447212336892
0.48825301204819277,0.961447212336892
0.48825301204819277,0.9609929078014184
0.48855421686746986,0.9609929078014184
0.488855421686747,0.9609929078014184
0.4891566265060241,0.9609929078014184
0.4894578313253012,0.9609929078014184
0.48975903614457833,0.9609929078014184
0.48975903614457833,0.9608520437535981
0.4900602409638554,0.9608520437535981
0.4903614457831325,0.9608520437535981
0.49066265060240966,0.9608520437535981
0.49096385542168675,0.9608520437535981
0.49126506024096384,0.9608520437535981
0.49126506024096384,0.9608520437535981
0.491566265060241,0.9608520437535981
0.49186746987951807,0.9608520437535981
0.49216867469879516,0.9608520437535981
0.4924698795180723,0.9608520437535981
0.4927710843373494,0.9608520437535981
0.4930722891566265,0.9608520437535981
0.49337349397590363,0.9608520437535981
0.4936746987951807,0.9608520437535981
0.4939759036144578,0.9608520437535981
0.49427710843373496,0.9608520437535981
0.49457831325301205,0.9608520437535981
0.49487951807228914,0.9608520437535981
0.4951807228915663,0.9608520437535981
0.4954819277108434,0.9608520437535981
0.49578313253012046,0.9608520437535981
0.4960843373493976,0.9608520437535981
0.4963855421686747,0.9608520437535981
0.4966867469879518,0.9608520437535981
0.49698795180722893,0.9608520437535981
0.497289156626506,0.9608520437535981
0.4975903614457831,0.9608520437535981
0.49789156626506026,0.9608520437535981
0.49819277108433735,0.9608520437535981
0.49849397590361444,0.9608520437535981
0.4987951807228916,0.9608520437535981
0.4990963855421687,0.9608520437535981
0.49939759036144576,0.9608520437535981
0.4996987951807229,0.9608520437535981
0.5,0.9608520437535981
0.5003012048192771,0.9608520437535981
0.5006024096385542,0.9608520437535981
0.5009036144578313,0.9608520437535981
0.5012048192771085,0.9608520437535981
0.5015060240963856,0.9608520437535981
0.5018072289156627,0.9608520437535981
0.5021084337349397,0.9608520437535981
0.5024096385542168,0.9608520437535981
0.5027108433734939,0.9608520437535981
0.5027108433734939,0.9604357798165137
0.5030120481927711,0.9604357798165137
0.5033132530120482,0.9604357798165137
0.5036144578313253,0.9604357798165137
0.5039156626506024,0.9604357798165137
0.5042168674698795,0.9604357798165137
0.5045180722891566,0.9604357798165137
0.5045180722891566,0.9599083619702177
0.5048192771084338,0.9599083619702177
0.5048192771084338,0.9593589009730967
0.5048192771084338,0.9588336192109777
0.5051204819277109,0.9588336192109777
0.5051204819277109,0.9584282460136674
0.505421686746988,0.9584282460136674
0.505722891566265,0.9584282460136674
0.5060240963855421,0.9584282460136674
0.5063253012048192,0.9584282460136674
0.5066265060240964,0.9584282460136674
0.5069277108433735,0.9584282460136674
0.5069277108433735,0.9583333333333334
0.5072289156626506,0.9583333333333334
0.5075301204819277,0.9583333333333334
0.5078313253012048,0.9583333333333334
0.5081325301204819,0.9583333333333334
0.5084337349397591,0.9583333333333334
0.5087349397590362,0.9583333333333334
0.5087349397590362,0.9583333333333334
0.5090361445783133,0.9583333333333334
0.5093373493975903,0.9583333333333334
0.5096385542168674,0.9583333333333334
0.5099397590361445,0.9583333333333334
0.5102409638554217,0.9583333333333334
0.5105421686746988,0.9583333333333334
0.5108433734939759,0.9583333333333334
0.511144578313253,0.9583333333333334
0.5114457831325301,0.9583333333333334
0.5117469879518072,0.9583333333333334
0.5120481927710844,0.9583333333333334
0.5123493975903615,0.9583333333333334
0.5126506024096386,0.9583333333333334
0.5129518072289156,0.9583333333333334
0.5132530120481927,0.9583333333333334
0.5135542168674698,0.9583333333333334
0.513855421686747,0.9583333333333334
0.5141566265060241,0.9583333333333334
0.5144578313253012,0.9583333333333334
0.5147590361445783,0.9583333333333334
0.5150602409638554,0.9583333333333334
0.5153614457831325,0.9583333333333334
0.5156626506024097,0.9583333333333334
0.5159638554216868,0.9583333333333334
0.5162650602409639,0.9583333333333334
0.516566265060241,0.9583333333333334
0.516867469879518,0.9583333333333334
0.5171686746987951,0.9583333333333334
0.5174698795180723,0.9583333333333334
0.5177710843373494,0.9583333333333334
0.5180722891566265,0.9583333333333334
0.5183734939759036,0.9583333333333334
0.5186746987951807,0.9583333333333334
0.5189759036144578,0.9583333333333334
0.519277108433735,0.9583333333333334
0.5195783132530121,0.9583333333333334
0.5195783132530121,0.9578012215435869
0.5195783132530121,0.9572933998890738
0.5198795180722892,0.9572933998890738
0.5198795180722892,0.9568106312292359
0.5201807228915662,0.9568106312292359
0.5204819277108433,0.9568106312292359
0.5204819277108433,0.9563776918829376
0.5207831325301204,0.9563776918829376
0.5210843373493976,0.9563776918829376
0.5213855421686747,0.9563776918829376
0.5216867469879518,0.9563776918829376
0.5216867469879518,0.9559228650137741
0.5219879518072289,0.9559228650137741
0.522289156626506,0.9559228650137741
0.5225903614457831,0.9559228650137741
0.5225903614457831,0.9553964757709251
0.5225903614457831,0.9553620032661949
0.5228915662650603,0.9553620032661949
0.5231927710843374,0.9553620032661949
0.5234939759036145,0.9553620032661949
0.5237951807228916,0.9553620032661949
0.5240963855421686,0.9553620032661949
0.5243975903614457,0.9553620032661949
0.5246987951807229,0.9553620032661949
0.525,0.9553620032661949
0.5253012048192771,0.9553620032661949
0.5256024096385542,0.9553620032661949
0.5259036144578313,0.9553620032661949
0.5262048192771084,0.9553620032661949
0.5265060240963856,0.9553620032661949
0.5268072289156627,0.9553620032661949
0.5271084337349398,0.9553620032661949
0.5274096385542169,0.9553620032661949
0.5277108433734939,0.9553620032661949
0.528012048192771,0.9553620032661949
0.5283132530120482,0.9553620032661949
0.5286144578313253,0.9553620032661949
0.5286144578313253,0.955062263129399
0.5289156626506024,0.955062263129399
0.5292168674698795,0.955062263129399
0.5295180722891566,0.955062263129399
0.5298192771084337,0.955062263129399
0.5301204819277109,0.955062263129399
0.530421686746988,0.955062263129399
0.5307228915662651,0.955062263129399
0.5310240963855422,0.955062263129399
0.5313253012048192,0.955062263129399
0.5313253012048192,0.9546925566343042
0.5316265060240963,0.9546925566343042
0.5319277108433735,0.9546925566343042
0.5322289156626506,0.9546925566343042
0.5325301204819277,0.9546925566343042
0.5328313253012048,0.9546925566343042
0.5331325301204819,0.9546925566343042
0.5331325301204819,0.9542764927380312
0.533433734939759,0.9542764927380312
0.5337349397590362,0.9542764927380312
0.5340361445783133,0.9542764927380312
0.5343373493975904,0.9542764927380312
0.5343373493975904,0.9539925965097832
0.5346385542168675,0.9539925965097832
0.5349397590361445,0.9539925965097832
0.5352409638554216,0.9539925965097832
0.5355421686746988,0.9539925965097832
0.5358433734939759,0.9539925965097832
0.5358433734939759,0.9539925965097832
0.536144578313253,0.9539925965097832
0.5364457831325301,0.9539925965097832
0.5367469879518072,0.9539925965097832
0.5370481927710843,0.9539925965097832
0.5373493975903615,0.9539925965097832
0.5376506024096386,0.9539925965097832
0.5379518072289157,0.9539925965097832
0.5382530120481928,0.9539925965097832
0.5385542168674698,0.9539925965097832
0.5388554216867469,0.9539925965097832
0.5391566265060241,0.9539925965097832
0.5394578313253012,0.9539925965097832
0.5397590361445783,0.9539925965097832
0.5400602409638554,0.9539925965097832
0.5403614457831325,0.9539925965097832
0.5406626506024096,0.9539925965097832
0.5409638554216868,0.9539925965097832
0.5412650602409639,0.9539925965097832
0.541566265060241,0.9539925965097832
0.5418674698795181,0.9539925965097832
0.5421686746987951,0.9539925965097832
0.5424698795180722,0.9539925965097832
0.5427710843373494,0.9539925965097832
0.5430722891566265,0.9539925965097832
0.5433734939759036,0.9539925965097832
0.5433734939759036,0.9534883720930233
0.5433734939759036,0.9533298374410069
0.5436746987951807,0.9533298374410069
0.5439759036144578,0.9533298374410069
0.5442771084337349,0.9533298374410069
0.5445783132530121,0.9533298374410069
0.5448795180722892,0.9533298374410069
0.5451807228915663,0.9533298374410069
0.5454819277108434,0.9533298374410069
0.5457831325301205,0.9533298374410069
0.5460843373493975,0.9533298374410069
0.5463855421686747,0.9533298374410069
0.5466867469879518,0.9533298374410069
0.5469879518072289,0.9533298374410069
0.547289156626506,0.9533298374410069
0.5475903614457831,0.9533298374410069
0.5475903614457831,0.9529780564263323
0.5478915662650602,0.9529780564263323
0.5481927710843374,0.9529780564263323
0.5484939759036145,0.9529780564263323
0.5487951807228916,0.9529780564263323
0.5490963855421687,0.9529780564263323
0.5493975903614458,0.9529780564263323
0.5493975903614458,0.9527272727272728
0.5496987951807228,0.9527272727272728
0.55,0.9527272727272728
0.5503012048192771,0.9527272727272728
0.5506024096385542,0.9527272727272728
0.5509036144578313,0.9527272727272728
0.5512048192771084,0.9527272727272728
0.5515060240963855,0.9527272727272728
0.5518072289156627,0.9527272727272728
0.5521084337349398,0.9527272727272728
0.5524096385542169,0.9527272727272728
0.5524096385542169,0.9522573949143747
0.552710843373494,0.9522573949143747
0.552710843373494,0.9518384256861729
0.553012048192771,0.9518384256861729
0.5533132530120481,0.9518384256861729
0.5536144578313253,0.9518384256861729
0.5536144578313253,0.9513960703205792
0.5539156626506024,0.9513960703205792
0.5542168674698795,0.9513960703205792
0.5542168674698795,0.9511065362840968
0.5545180722891566,0.9511065362840968
0.5548192771084337,0.9511065362840968
0.5551204819277108,0.9511065362840968
0.555421686746988,0.9511065362840968
0.5557228915662651,0.9511065362840968
0.5560240963855422,0.9511065362840968
0.5563253012048193,0.9511065362840968
0.5566265060240964,0.9511065362840968
0.5566265060240964,0.95097037793667
0.5569277108433734,0.95097037793667
0.5572289156626506,0.95097037793667
0.5575301204819277,0.95097037793667
0.5578313253012048,0.95097037793667
0.5581325301204819,0.95097037793667
0.558433734939759,0.95097037793667
0.5587349397590361,0.95097037793667
0.5590361445783133,0.95097037793667
0.5593373493975904,0.95097037793667
0.5596385542168675,0.95097037793667
0.5599397590361446,0.95097037793667
0.5602409638554217,0.95097037793667
0.5605421686746987,0.95097037793667
0.560843373493976,0.95097037793667
0.560843373493976,0.9505354411014788
0.561144578313253,0.9505354411014788
0.5614457831325301,0.9505354411014788
0.5614457831325301,0.9501779359430605
0.5617469879518072,0.9501779359430605
0.5620481927710843,0.9501779359430605
0.5623493975903614,0.9501779359430605
0.5626506024096386,0.9501779359430605
0.5629518072289157,0.9501779359430605
0.5629518072289157,0.950050454086781
0.5632530120481928,0.950050454086781
0.5635542168674699,0.950050454086781
0.563855421686747,0.950050454086781
0.564156626506024,0.950050454086781
0.5644578313253013,0.950050454086781
0.5647590361445783,0.950050454086781
0.5650602409638554,0.950050454086781
0.5653614457831325,0.950050454086781
0.5656626506024096,0.950050454086781
0.5659638554216867,0.950050454086781
0.5662650602409639,0.950050454086781
0.566566265060241,0.950050454086781
0.5668674698795181,0.950050454086781
0.5671686746987952,0.950050454086781
0.5671686746987952,0.9497739829231542
0.5674698795180723,0.9497739829231542
0.5677710843373494,0.9497739829231542
0.5680722891566266,0.9497739829231542
0.5683734939759036,0.9497739829231542
0.5686746987951807,0.9497739829231542
0.5689759036144578,0.9497739829231542
0.5692771084337349,0.9497739829231542
0.569578313253012,0.9497739829231542
0.569578313253012,0.9493226292022078
0.5698795180722892,0.9493226292022078
0.5698795180722892,0.9489744872436218
0.5701807228915663,0.9489744872436218
0.5704819277108434,0.9489744872436218
0.5707831325301205,0.9489744872436218
0.5710843373493976,0.9489744872436218
0.5713855421686747,0.9489744872436218
0.5713855421686747,0.9485514485514486
0.5716867469879519,0.9485514485514486
0.571987951807229,0.9485514485514486
0.571987951807229,0.9481813652217239
0.572289156626506,0.9481813652217239
0.5725903614457831,0.9481813652217239
0.5728915662650602,0.9481813652217239
0.5731927710843373,0.9481813652217239
0.5731927710843373,0.9479371316306483
0.5734939759036145,0.9479371316306483
0.5737951807228916,0.9479371316306483
0.5740963855421687,0.9479371316306483
0.5743975903614458,0.9479371316306483
0.5746987951807229,0.9479371316306483
0.575,0.9479371316306483
0.5753012048192772,0.9479371316306483
0.5753012048192772,0.9479371316306483
0.5756024096385542,0.9479371316306483
0.5759036144578313,0.9479371316306483
0.5762048192771084,0.9479371316306483
0.5765060240963855,0.9479371316306483
0.5768072289156626,0.9479371316306483
0.5771084337349398,0.9479371316306483
0.5774096385542169,0.9479371316306483
0.577710843373494,0.9479371316306483
0.5780120481927711,0.9479371316306483
0.5783132530120482,0.9479371316306483
0.5786144578313253,0.9479371316306483
0.5789156626506025,0.9479371316306483
0.5792168674698795,0.9479371316306483
0.5795180722891566,0.9479371316306483
0.5798192771084337,0.9479371316306483
0.5801204819277108,0.9479371316306483
0.5804216867469879,0.9479371316306483
0.5807228915662651,0.9479371316306483
0.5810240963855422,0.9479371316306483
0.5813253012048193,0.9479371316306483
0.5813253012048193,0.9474717722140402
0.5813253012048193,0.9471106758080313
0.5816265060240964,0.9471106758080313
0.5819277108433735,0.9471106758080313
0.5822289156626506,0.9471106758080313
0.5825301204819278,0.9471106758080313
0.5825301204819278,0.9466992665036675
0.5828313253012049,0.9466992665036675
0.5831325301204819,0.9466992665036675
0.5831325301204819,0.9466537342386033
0.583433734939759,0.9466537342386033
0.5837349397590361,0.9466537342386033
0.5840361445783132,0.9466537342386033
0.5843373493975904,0.9466537342386033
0.5846385542168675,0.9466537342386033
0.5849397590361446,0.9466537342386033
0.5852409638554217,0.9466537342386033
0.5855421686746988,0.9466537342386033
0.5858433734939759,0.9466537342386033
0.5861445783132531,0.9466537342386033
0.5864457831325302,0.9466537342386033
0.5867469879518072,0.9466537342386033
0.5870481927710843,0.9466537342386033
0.5873493975903614,0.9466537342386033
0.5876506024096385,0.9466537342386033
0.5879518072289157,0.9466537342386033
0.5879518072289157,0.9465060240963855
0.5882530120481928,0.9465060240963855
0.5885542168674699,0.9465060240963855
0.588855421686747,0.9465060240963855
0.5891566265060241,0.9465060240963855
0.5894578313253012,0.9465060240963855
0.5897590361445784,0.9465060240963855
0.5900602409638555,0.9465060240963855
0.5903614457831325,0.9465060240963855
0.5906626506024096,0.9465060240963855
0.5909638554216867,0.9465060240963855
0.5912650602409638,0.9465060240963855
0.591566265060241,0.9465060240963855
0.591566265060241,0.9461279461279462
0.5918674698795181,0.9461279461279462
0.5921686746987952,0.9461279461279462
0.5924698795180723,0.9461279461279462
0.5924698795180723,0.9456730769230769
0.5924698795180723,0.9456106870229007
0.5927710843373494,0.9456106870229007
0.5930722891566265,0.9456106870229007
0.5933734939759037,0.9456106870229007
0.5936746987951808,0.9456106870229007
0.5939759036144578,0.9456106870229007
0.5942771084337349,0.9456106870229007
0.594578313253012,0.9456106870229007
0.5948795180722891,0.9456106870229007
0.5951807228915663,0.9456106870229007
0.5954819277108434,0.9456106870229007
0.5957831325301205,0.9456106870229007
0.5960843373493976,0.9456106870229007
0.5963855421686747,0.9456106870229007
0.5966867469879518,0.9456106870229007
0.596987951807229,0.9456106870229007
0.596987951807229,0.9452120057170081
0.5972891566265061,0.9452120057170081
0.5975903614457831,0.9452120057170081
0.5975903614457831,0.9449454200284765
0.5978915662650602,0.9449454200284765
0.5981927710843373,0.9449454200284765
0.5984939759036144,0.9449454200284765
0.5987951807228916,0.9449454200284765
0.5990963855421687,0.9449454200284765
0.5993975903614458,0.9449454200284765
0.5996987951807229,0.9449454200284765
0.5996987951807229,0.9446022727272727
0.6,0.9446022727272727
0.6003012048192771,0.9446022727272727
0.6006024096385543,0.9446022727272727
0.6009036144578314,0.9446022727272727
0.6009036144578314,0.9443133553563001
0.6012048192771084,0.9443133553563001
0.6015060240963855,0.9443133553563001
0.6018072289156626,0.9443133553563001
0.6021084337349397,0.9443133553563001
0.6024096385542169,0.9443133553563001
0.602710843373494,0.9443133553563001
0.602710843373494,0.9441576724542469
0.6030120481927711,0.9441576724542469
0.6033132530120482,0.9441576724542469
0.6036144578313253,0.9441576724542469
0.6039156626506024,0.9441576724542469
0.6042168674698796,0.9441576724542469
0.6045180722891567,0.9441576724542469
0.6048192771084338,0.9441576724542469
0.6051204819277108,0.9441576724542469
0.6054216867469879,0.9441576724542469
0.605722891566265,0.9441576724542469
0.6060240963855422,0.9441576724542469
0.6060240963855422,0.9437939110070258
0.6063253012048193,0.9437939110070258
0.6066265060240964,0.9437939110070258
0.6069277108433735,0.9437939110070258
0.6069277108433735,0.943378568086102
0.6072289156626506,0.943378568086102
0.6072289156626506,0.9430704619692021
0.6075301204819277,0.9430704619692021
0.6078313253012049,0.9430704619692021
0.608132530120482,0.9430704619692021
0.608433734939759,0.9430704619692021
0.6087349397590361,0.9430704619692021
0.6087349397590361,0.9427374301675978
0.6090361445783132,0.9427374301675978
0.6093373493975903,0.9427374301675978
0.6096385542168675,0.9427374301675978
0.6099397590361446,0.9427374301675978
0.6099397590361446,0.9424593967517402
0.6102409638554217,0.9424593967517402
0.6105421686746988,0.9424593967517402
0.6108433734939759,0.9424593967517402
0.611144578313253,0.9424593967517402
0.6114457831325302,0.9424593967517402
0.6117469879518073,0.9424593967517402
0.6117469879518073,0.9421296296296297
0.6120481927710844,0.9421296296296297
0.6123493975903614,0.9421296296296297
0.6126506024096385,0.9421296296296297
0.6129518072289156,0.9421296296296297
0.6129518072289156,0.9416936603424341
0.6129518072289156,0.9412580943570767
0.6129518072289156,0.9410138248847926
0.6132530120481928,0.9410138248847926
0.6135542168674699,0.9410138248847926
0.613855421686747,0.9410138248847926
0.6141566265060241,0.9410138248847926
0.6144578313253012,0.9410138248847926
0.6147590361445783,0.9410138248847926
0.6150602409638555,0.9410138248847926
0.6150602409638555,0.9409070087036189
0.6153614457831326,0.9409070087036189
0.6156626506024097,0.9409070087036189
0.6159638554216867,0.9409070087036189
0.6162650602409638,0.9409070087036189
0.6165662650602409,0.9409070087036189
0.6168674698795181,0.9409070087036189
0.6171686746987952,0.9409070087036189
0.6174698795180723,0.9409070087036189
0.6177710843373494,0.9409070087036189
0.6180722891566265,0.9409070087036189
0.6183734939759036,0.9409070087036189
0.6186746987951808,0.9409070087036189
0.6186746987951808,0.9404761904761905
0.6186746987951808,0.9402099497946144
0.6189759036144579,0.9402099497946144
0.619277108433735,0.9402099497946144
0.619578313253012,0.9402099497946144
0.6198795180722891,0.9402099497946144
0.6201807228915662,0.9402099497946144
0.6204819277108434,0.9402099497946144
0.6204819277108434,0.9401903035795197
0.6207831325301205,0.9401903035795197
0.6210843373493976,0.9401903035795197
0.6213855421686747,0.9401903035795197
0.6216867469879518,0.9401903035795197
0.6219879518072289,0.9401903035795197
0.6222891566265061,0.9401903035795197
0.6225903614457832,0.9401903035795197
0.6228915662650603,0.9401903035795197
0.6231927710843373,0.9401903035795197
0.6234939759036144,0.9401903035795197
0.6237951807228915,0.9401903035795197
0.6240963855421687,0.9401903035795197
0.6243975903614458,0.9401903035795197
0.6246987951807229,0.9401903035795197
0.625,0.9401903035795197
0.625,0.939791760977818
0.6253012048192771,0.939791760977818
0.6253012048192771,0.9395579612088408
0.6256024096385542,0.9395579612088408
0.6259036144578313,0.9395579612088408
0.6262048192771085,0.9395579612088408
0.6265060240963856,0.9395579612088408
0.6268072289156627,0.9395579612088408
0.6271084337349397,0.9395579612088408
0.6274096385542168,0.9395579612088408
0.6274096385542168,0.9391343552750225
0.6274096385542168,0.9387663214768123
0.6277108433734939,0.9387663214768123
0.6280120481927711,0.9387663214768123
0.6280120481927711,0.9384269662921348
0.6283132530120482,0.9384269662921348
0.6286144578313253,0.9384269662921348
0.6289156626506024,0.9384269662921348
0.6289156626506024,0.9380610412926391
0.6292168674698795,0.9380610412926391
0.6295180722891566,0.9380610412926391
0.6295180722891566,0.9377797672336616
0.6298192771084338,0.9377797672336616
0.6301204819277109,0.9377797672336616
0.630421686746988,0.9377797672336616
0.630722891566265,0.9377797672336616
0.6310240963855421,0.9377797672336616
0.6310240963855421,0.9374720857525681
0.6313253012048192,0.9374720857525681
0.6316265060240964,0.9374720857525681
0.6319277108433735,0.9374720857525681
0.6322289156626506,0.9374720857525681
0.6322289156626506,0.9370535714285714
0.6322289156626506,0.936697653829128
0.6322289156626506,0.936697653829128
0.6325301204819277,0.936697653829128
0.6328313253012048,0.936697653829128
0.6331325301204819,0.936697653829128
0.6334337349397591,0.936697653829128
0.6337349397590362,0.936697653829128
0.6340361445783133,0.936697653829128
0.6343373493975903,0.936697653829128
0.6346385542168674,0.936697653829128
0.6349397590361445,0.936697653829128
0.6352409638554217,0.936697653829128
0.6355421686746988,0.936697653829128
0.6358433734939759,0.936697653829128
0.636144578313253,0.936697653829128
0.6364457831325301,0.936697653829128
0.6367469879518072,0.936697653829128
0.6370481927710844,0.936697653829128
0.6373493975903615,0.936697653829128
0.6373493975903615,0.9363113666519239
0.6376506024096386,0.9363113666519239
0.6376506024096386,0.9359257622624835
0.6379518072289156,0.9359257622624835
0.6379518072289156,0.935767707875055
0.6382530120481927,0.935767707875055
0.6385542168674698,0.935767707875055
0.638855421686747,0.935767707875055
0.6391566265060241,0.935767707875055
0.6394578313253012,0.935767707875055
0.6397590361445783,0.935767707875055
0.6400602409638554,0.935767707875055
0.6403614457831325,0.935767707875055
0.6406626506024097,0.935767707875055
0.6406626506024097,0.9354413702239789
0.6409638554216868,0.9354413702239789
0.6412650602409639,0.9354413702239789
0.641566265060241,0.9354413702239789
0.641566265060241,0.9351446099912357
0.641867469879518,0.9351446099912357
0.6421686746987951,0.9351446099912357
0.6424698795180723,0.9351446099912357
0.6427710843373494,0.9351446099912357
0.6427710843373494,0.9350196249454863
0.6430722891566265,0.9350196249454863
0.6433734939759036,0.9350196249454863
0.6436746987951807,0.9350196249454863
0.6439759036144578,0.9350196249454863
0.644277108433735,0.9350196249454863
0.6445783132530121,0.9350196249454863
0.6448795180722892,0.9350196249454863
0.6451807228915662,0.9350196249454863
0.6454819277108433,0.9350196249454863
0.6457831325301204,0.9350196249454863
0.6457831325301204,0.934697431432303
0.6460843373493976,0.934697431432303
0.6463855421686747,0.934697431432303
0.6466867469879518,0.934697431432303
0.6466867469879518,0.934510986643688
0.6469879518072289,0.934510986643688
0.647289156626506,0.934510986643688
0.6475903614457831,0.934510986643688
0.6478915662650603,0.934510986643688
0.6481927710843374,0.934510986643688
0.6484939759036145,0.934510986643688
0.6487951807228916,0.934510986643688
0.6487951807228916,0.934510986643688
0.6490963855421686,0.934510986643688
0.6493975903614457,0.934510986643688
0.6496987951807229,0.934510986643688
0.65,0.934510986643688
0.6503012048192771,0.934510986643688
0.6506024096385542,0.934510986643688
0.6509036144578313,0.934510986643688
0.6512048192771084,0.934510986643688
0.6515060240963856,0.934510986643688
0.6518072289156627,0.934510986643688
0.6521084337349398,0.934510986643688
0.6524096385542169,0.934510986643688
0.6527108433734939,0.934510986643688
0.653012048192771,0.934510986643688
0.6533132530120482,0.934510986643688
0.6533132530120482,0.9341935483870968
0.6536144578313253,0.9341935483870968
0.6539156626506024,0.9341935483870968
0.6542168674698795,0.9341935483870968
0.6542168674698795,0.9338487972508591
0.6545180722891566,0.9338487972508591
0.6548192771084337,0.9338487972508591
0.6548192771084337,0.9335038363171355
0.6548192771084337,0.9335038363171355
0.6551204819277109,0.9335038363171355
0.655421686746988,0.9335038363171355
0.6557228915662651,0.9335038363171355
0.6560240963855422,0.9335038363171355
0.6563253012048192,0.9335038363171355
0.6566265060240963,0.9335038363171355
0.6569277108433735,0.9335038363171355
0.6572289156626506,0.9335038363171355
0.6575301204819277,0.9335038363171355
0.6578313253012048,0.9335038363171355
0.6581325301204819,0.9335038363171355
0.658433734939759,0.9335038363171355
0.6587349397590362,0.9335038363171355
0.6590361445783133,0.9335038363171355
0.6593373493975904,0.9335038363171355
0.6596385542168675,0.9335038363171355
0.6596385542168675,0.9331630481055768
0.6599397590361445,0.9331630481055768
0.6602409638554216,0.9331630481055768
0.6602409638554216,0.9328516787080323
0.6605421686746988,0.9328516787080323
0.6608433734939759,0.9328516787080323
0.661144578313253,0.9328516787080323
0.661144578313253,0.9324553950722175
0.661144578313253,0.9320882852292021
0.6614457831325301,0.9320882852292021
0.6614457831325301,0.9319613607727846
0.6617469879518072,0.9319613607727846
0.6620481927710843,0.9319613607727846
0.6623493975903615,0.9319613607727846
0.6626506024096386,0.9319613607727846
0.6629518072289157,0.9319613607727846
0.6632530120481928,0.9319613607727846
0.6635542168674698,0.9319613607727846
0.6638554216867469,0.9319613607727846
0.6638554216867469,0.9319613607727846
0.6641566265060241,0.9319613607727846
0.6644578313253012,0.9319613607727846
0.6647590361445783,0.9319613607727846
0.6650602409638554,0.9319613607727846
0.6653614457831325,0.9319613607727846
0.6656626506024096,0.9319613607727846
0.6659638554216868,0.9319613607727846
0.6662650602409639,0.9319613607727846
0.666566265060241,0.9319613607727846
0.6668674698795181,0.9319613607727846
0.6671686746987951,0.9319613607727846
0.6674698795180722,0.9319613607727846
0.6677710843373494,0.9319613607727846
0.6680722891566265,0.9319613607727846
0.6683734939759036,0.9319613607727846
0.6683734939759036,0.9315701091519731
0.6683734939759036,0.9312368972746331
0.6686746987951807,0.9312368972746331
0.6689759036144578,0.9312368972746331
0.6689759036144578,0.9308466051969824
0.6689759036144578,0.930514859773964
0.6692771084337349,0.930514859773964
0.6695783132530121,0.930514859773964
0.6695783132530121,0.9301255230125522
0.6695783132530121,0.9297658862876255
0.6698795180722892,0.9297658862876255
0.6698795180722892,0.9295246038365305
0.6701807228915663,0.9295246038365305
0.6704819277108434,0.9295246038365305
0.6707831325301205,0.9295246038365305
0.6710843373493975,0.9295246038365305
0.6713855421686747,0.9295246038365305
0.6713855421686747,0.9291666666666667
0.6716867469879518,0.9291666666666667
0.6716867469879518,0.9289549772821148
0.6719879518072289,0.9289549772821148
0.672289156626506,0.9289549772821148
0.6725903614457831,0.9289549772821148
0.6725903614457831,0.9289549772821148
0.6728915662650602,0.9289549772821148
0.6731927710843374,0.9289549772821148
0.6734939759036145,0.9289549772821148
0.6737951807228916,0.9289549772821148
0.6740963855421687,0.9289549772821148
0.6743975903614458,0.9289549772821148
0.6746987951807228,0.9289549772821148
0.675,0.9289549772821148
0.6753012048192771,0.9289549772821148
0.6756024096385542,0.9289549772821148
0.6759036144578313,0.9289549772821148
0.6762048192771084,0.9289549772821148
0.6765060240963855,0.9289549772821148
0.6768072289156627,0.9289549772821148
0.6771084337349398,0.9289549772821148
0.6774096385542169,0.9289549772821148
0.6774096385542169,0.9286009079653322
0.677710843373494,0.9286009079653322
0.677710843373494,0.9282474226804124
0.678012048192771,0.9282474226804124
0.678012048192771,0.9279538904899135
0.6783132530120481,0.9279538904899135
0.6786144578313253,0.9279538904899135
0.6789156626506024,0.9279538904899135
0.6789156626506024,0.9275720164609054
0.6789156626506024,0.9271904566022213
0.6789156626506024,0.9269893355209188
0.6792168674698795,0.9269893355209188
0.6795180722891566,0.9269893355209188
0.6798192771084337,0.9269893355209188
0.6801204819277108,0.9269893355209188
0.680421686746988,0.9269893355209188
0.6807228915662651,0.9269893355209188
0.6807228915662651,0.9266092660926609
0.6807228915662651,0.9262295081967213
0.6807228915662651,0.9259107654523128
0.6810240963855422,0.9259107654523128
0.6813253012048193,0.9259107654523128
0.6813253012048193,0.925531914893617
0.6813253012048193,0.9251839738348324
0.6816265060240964,0.9251839738348324
0.6816265060240964,0.9248058847568451
0.6816265060240964,0.9244897959183673
0.6819277108433734,0.9244897959183673
0.6822289156626506,0.9244897959183673
0.6822289156626506,0.924322136786726
0.6825301204819277,0.924322136786726
0.6828313253012048,0.924322136786726
0.6831325301204819,0.924322136786726
0.683433734939759,0.924322136786726
0.683433734939759,0.924322136786726
0.6837349397590361,0.924322136786726
0.6840361445783133,0.924322136786726
0.6843373493975904,0.924322136786726
0.6846385542168675,0.924322136786726
0.6849397590361446,0.924322136786726
0.6852409638554217,0.924322136786726
0.6855421686746987,0.924322136786726
0.685843373493976,0.924322136786726
0.686144578313253,0.924322136786726
0.6864457831325301,0.924322136786726
0.6867469879518072,0.924322136786726
0.6870481927710843,0.924322136786726
0.6873493975903614,0.924322136786726
0.6876506024096386,0.924322136786726
0.6879518072289157,0.924322136786726
0.6879518072289157,0.9239482200647249
0.6879518072289157,0.923728813559322
0.6882530120481928,0.923728813559322
0.6885542168674699,0.923728813559322
0.688855421686747,0.923728813559322
0.689156626506024,0.923728813559322
0.6894578313253013,0.923728813559322
0.6894578313253013,0.9233870967741935
0.6897590361445783,0.9233870967741935
0.6897590361445783,0.9231388329979879
0.6900602409638554,0.9231388329979879
0.6903614457831325,0.9231388329979879
0.6906626506024096,0.9231388329979879
0.6909638554216867,0.9231388329979879
0.6909638554216867,0.9227985524728589
0.6912650602409639,0.9227985524728589
0.6912650602409639,0.922427652733119
0.6912650602409639,0.9221508828250401
0.691566265060241,0.9221508828250401
0.6918674698795181,0.9221508828250401
0.6921686746987952,0.9221508828250401
0.6921686746987952,0.9217809867629362
0.6921686746987952,0.921411387329591
0.6921686746987952,0.921073717948718
0.6924698795180723,0.921073717948718
0.6924698795180723,0.9207683073229291
0.6927710843373494,0.9207683073229291
0.6930722891566266,0.9207683073229291
0.6930722891566266,0.9204318272690923
0.6933734939759036,0.9204318272690923
0.6933734939759036,0.9200958849380743
0.6936746987951807,0.9200958849380743
0.6936746987951807,0.9198244914240128
0.6939759036144578,0.9198244914240128
0.6942771084337349,0.9198244914240128
0.694578313253012,0.9198244914240128
0.694578313253012,0.9195219123505977
0.6948795180722892,0.9195219123505977
0.6951807228915663,0.9195219123505977
0.6951807228915663,0.9192200557103064
0.6954819277108434,0.9192200557103064
0.6957831325301205,0.9192200557103064
0.6957831325301205,0.918854415274463
0.6957831325301205,0.9186830622768742
0.6960843373493976,0.9186830622768742
0.6963855421686747,0.9186830622768742
0.6966867469879519,0.9186830622768742
0.696987951807229,0.9186830622768742
0.697289156626506,0.9186830622768742
0.6975903614457831,0.9186830622768742
0.6975903614457831,0.9183187946074544
0.6975903614457831,0.9182141446068748
0.6978915662650602,0.9182141446068748
0.6981927710843373,0.9182141446068748
0.6984939759036145,0.9182141446068748
0.6987951807228916,0.9182141446068748
0.6990963855421687,0.9182141446068748
0.6993975903614458,0.9182141446068748
0.6996987951807229,0.9182141446068748
0.7,0.9182141446068748
0.7,0.9178515007898894
0.7,0.9175542406311638
0.7003012048192772,0.9175542406311638
0.7006024096385542,0.9175542406311638
0.7006024096385542,0.917192429022082
0.7006024096385542,0.9168309026409145
0.7006024096385542,0.9164696611505122
0.7006024096385542,0.9161087042142576
0.7006024096385542,0.915748031496063
0.7006024096385542,0.9156531973322871
0.7009036144578313,0.9156531973322871
0.7012048192771084,0.9156531973322871
0.7015060240963855,0.9156531973322871
0.7018072289156626,0.9156531973322871
0.7021084337349398,0.9156531973322871
0.7024096385542169,0.9156531973322871
0.702710843373494,0.9156531973322871
0.7030120481927711,0.9156531973322871
0.7030120481927711,0.9152941176470588
0.7030120481927711,0.9150019584802194
0.7033132530120482,0.9150019584802194
0.7036144578313253,0.9150019584802194
0.7036144578313253,0.9146771037181997
0.7039156626506025,0.9146771037181997
0.7039156626506025,0.9143527571372703
0.7042168674698795,0.9143527571372703
0.7042168674698795,0.9142300194931774
0.7045180722891566,0.9142300194931774
0.7048192771084337,0.9142300194931774
0.7051204819277108,0.9142300194931774
0.7054216867469879,0.9142300194931774
0.7057228915662651,0.9142300194931774
0.7060240963855422,0.9142300194931774
0.7063253012048193,0.9142300194931774
0.7063253012048193,0.9138737334372564
0.7063253012048193,0.9136186770428015
0.7066265060240964,0.9136186770428015
0.7069277108433735,0.9136186770428015
0.7072289156626506,0.9136186770428015
0.7072289156626506,0.9133980582524271
0.7075301204819278,0.9133980582524271
0.7078313253012049,0.9133980582524271
0.7081325301204819,0.9133980582524271
0.708433734939759,0.9133980582524271
0.708433734939759,0.9130434782608695
0.708433734939759,0.9127230411171451
0.7087349397590361,0.9127230411171451
0.7087349397590361,0.9124709527498064
0.7090361445783132,0.9124709527498064
0.7093373493975904,0.9124709527498064
0.7096385542168675,0.9124709527498064
0.7096385542168675,0.9121856866537718
0.7099397590361446,0.9121856866537718
0.7102409638554217,0.9121856866537718
0.7102409638554217,0.9118329466357309
0.7102409638554217,0.9115488605639243
0.7105421686746988,0.9115488605639243
0.7108433734939759,0.9115488605639243
0.7108433734939759,0.9112996529116854
0.7111445783132531,0.9112996529116854
0.7114457831325302,0.9112996529116854
0.7117469879518072,0.9112996529116854
0.7117469879518072,0.9109483423284502
0.7117469879518072,0.9106661532537543
0.7120481927710843,0.9106661532537543
0.7123493975903614,0.9106661532537543
0.7123493975903614,0.9104878985785632
0.7126506024096385,0.9104878985785632
0.7129518072289157,0.9104878985785632
0.7132530120481928,0.9104878985785632
0.7135542168674699,0.9104878985785632
0.713855421686747,0.9104878985785632
0.713855421686747,0.9104820198928845
0.7141566265060241,0.9104820198928845
0.7144578313253012,0.9104820198928845
0.7147590361445784,0.9104820198928845
0.7150602409638555,0.9104820198928845
0.7153614457831325,0.9104820198928845
0.7156626506024096,0.9104820198928845
0.7159638554216867,0.9104820198928845
0.7162650602409638,0.9104820198928845
0.716566265060241,0.9104820198928845
0.7168674698795181,0.9104820198928845
0.7168674698795181,0.910373760488177
0.7171686746987952,0.910373760488177
0.7174698795180723,0.910373760488177
0.7177710843373494,0.910373760488177
0.7180722891566265,0.910373760488177
0.7183734939759037,0.910373760488177
0.7186746987951808,0.910373760488177
0.7189759036144578,0.910373760488177
0.7189759036144578,0.9100266869996188
0.7189759036144578,0.9096798780487805
0.7189759036144578,0.9093333333333333
0.7189759036144578,0.9090909090909091
0.7189759036144578,0.9090909090909091
0.7192771084337349,0.9090909090909091
0.719578313253012,0.9090909090909091
0.7198795180722891,0.9090909090909091
0.7201807228915663,0.9090909090909091
0.7204819277108434,0.9090909090909091
0.7207831325301205,0.9090909090909091
0.7210843373493976,0.9090909090909091
0.7213855421686747,0.9090909090909091
0.7216867469879518,0.9090909090909091
0.721987951807229,0.9090909090909091
0.7222891566265061,0.9090909090909091
0.7225903614457831,0.9090909090909091
0.7228915662650602,0.9090909090909091
0.7228915662650602,0.9088846880907372
0.7231927710843373,0.9088846880907372
0.7234939759036144,0.9088846880907372
0.7237951807228916,0.9088846880907372
0.7240963855421687,0.9088846880907372
0.7240963855421687,0.90854119425548
0.7240963855421687,0.9083364768012071
0.7243975903614458,0.9083364768012071
0.7246987951807229,0.9083364768012071
0.725,0.9083364768012071
0.7253012048192771,0.9083364768012071
0.7253012048192771,0.9079984979346601
0.7253012048192771,0.9079984979346601
0.7256024096385543,0.9079984979346601
0.7259036144578314,0.9079984979346601
0.7262048192771084,0.9079984979346601
0.7265060240963855,0.9079984979346601
0.7268072289156626,0.9079984979346601
0.7271084337349397,0.9079984979346601
0.7274096385542169,0.9079984979346601
0.727710843373494,0.9079984979346601
0.7280120481927711,0.9079984979346601
0.7283132530120482,0.9079984979346601
0.7283132530120482,0.9076576576576577
0.7283132530120482,0.9073865766779152
0.7286144578313253,0.9073865766779152
0.7289156626506024,0.9073865766779152
0.7289156626506024,0.9073589839372432
0.7292168674698796,0.9073589839372432
0.7295180722891567,0.9073589839372432
0.7298192771084338,0.9073589839372432
0.7301204819277108,0.9073589839372432
0.7304216867469879,0.9073589839372432
0.730722891566265,0.9073589839372432
0.7310240963855422,0.9073589839372432
0.7313253012048193,0.9073589839372432
0.7316265060240964,0.9073589839372432
0.7316265060240964,0.9070201643017177
0.7316265060240964,0.9067512122342409
0.7319277108433735,0.9067512122342409
0.7322289156626506,0.9067512122342409
0.7322289156626506,0.9064480059634737
0.7325301204819277,0.9064480059634737
0.7325301204819277,0.906145251396648
0.7328313253012049,0.906145251396648
0.7328313253012049,0.9058779761904762
0.733132530120482,0.9058779761904762
0.733433734939759,0.9058779761904762
0.733433734939759,0.9055410933432503
0.733433734939759,0.9053100631266245
0.7337349397590361,0.9053100631266245
0.7340361445783132,0.9053100631266245
0.7343373493975903,0.9053100631266245
0.7343373493975903,0.9050445103857567
0.7346385542168675,0.9050445103857567
0.7349397590361446,0.9050445103857567
0.7349397590361446,0.9047089358546533
0.7349397590361446,0.9043927648578811
0.7349397590361446,0.9043927648578811
0.7352409638554217,0.9043927648578811
0.7355421686746988,0.9043927648578811
0.7358433734939759,0.9043927648578811
0.736144578313253,0.9043927648578811
0.7364457831325302,0.9043927648578811
0.7367469879518073,0.9043927648578811
0.7370481927710844,0.9043927648578811
0.7373493975903614,0.9043927648578811
0.7376506024096385,0.9043927648578811
0.7379518072289156,0.9043927648578811
0.7379518072289156,0.9040944300995942
0.7382530120481928,0.9040944300995942
0.7382530120481928,0.9039381670960618
0.7385542168674699,0.9039381670960618
0.738855421686747,0.9039381670960618
0.7391566265060241,0.9039381670960618
0.7394578313253012,0.9039381670960618
0.7397590361445783,0.9039381670960618
0.7397590361445783,0.9037472446730346
0.7400602409638555,0.9037472446730346
0.7403614457831326,0.9037472446730346
0.7406626506024097,0.9037472446730346
0.7409638554216867,0.9037472446730346
0.7409638554216867,0.9034153507161219
0.7409638554216867,0.9031903190319032
0.7412650602409638,0.9031903190319032
0.7415662650602409,0.9031903190319032
0.7418674698795181,0.9031903190319032
0.7418674698795181,0.9029304029304029
0.7421686746987952,0.9029304029304029
0.7424698795180723,0.9029304029304029
0.7424698795180723,0.9027777777777778
0.7427710843373494,0.9027777777777778
0.7430722891566265,0.9027777777777778
0.7433734939759036,0.9027777777777778
0.7436746987951808,0.9027777777777778
0.7439759036144579,0.9027777777777778
0.7439759036144579,0.9024479356960176
0.7439759036144579,0.9021540708287696
0.744277108433735,0.9021540708287696
0.744277108433735,0.9019321910317171
0.744578313253012,0.9019321910317171
0.7448795180722891,0.9019321910317171
0.7451807228915662,0.9019321910317171
0.7451807228915662,0.9017467248908297
0.7454819277108434,0.9017467248908297
0.7457831325301205,0.9017467248908297
0.7460843373493976,0.9017467248908297
0.7463855421686747,0.9017467248908297
0.7463855421686747,0.9016690856313497
0.7466867469879518,0.9016690856313497
0.7469879518072289,0.9016690856313497
0.7472891566265061,0.9016690856313497
0.7475903614457832,0.9016690856313497
0.7478915662650603,0.9016690856313497
0.7481927710843373,0.9016690856313497
0.7484939759036144,0.9016690856313497
0.7484939759036144,0.9013778100072516
0.7487951807228915,0.9013778100072516
0.7487951807228915,0.9011227816008692
0.7490963855421687,0.9011227816008692
0.7493975903614458,0.9011227816008692
0.7493975903614458,0.9007965242577842
0.7493975903614458,0.9006143838091796
0.7496987951807229,0.9006143838091796
0.75,0.9006143838091796
0.7503012048192771,0.9006143838091796
0.7506024096385542,0.9006143838091796
0.7506024096385542,0.9003610108303249
0.7509036144578313,0.9003610108303249
0.7512048192771085,0.9003610108303249
0.7512048192771085,0.9000360880548538
0.7512048192771085,0.8997844827586207
0.7515060240963856,0.8997844827586207
0.7518072289156627,0.8997844827586207
0.7518072289156627,0.8997844827586207
0.7521084337349397,0.8997844827586207
0.7524096385542168,0.8997844827586207
0.7527108433734939,0.8997844827586207
0.7530120481927711,0.8997844827586207
0.7533132530120482,0.8997844827586207
0.7536144578313253,0.8997844827586207
0.7539156626506024,0.8997844827586207
0.7542168674698795,0.8997844827586207
0.7545180722891566,0.8997844827586207
0.7545180722891566,0.8994974874371859
0.7548192771084338,0.8994974874371859
0.7548192771084338,0.8992831541218638
0.7551204819277109,0.8992831541218638
0.755421686746988,0.8992831541218638
0.755722891566265,0.8992831541218638
0.755722891566265,0.8989609458975277
0.755722891566265,0.8986389684813754
0.755722891566265,0.8984626385412943
0.7560240963855421,0.8984626385412943
0.7563253012048192,0.8984626385412943
0.7566265060240964,0.8984626385412943
0.7569277108433735,0.8984626385412943
0.7569277108433735,0.8981415296640457
0.7569277108433735,0.8978936094252052
0.7572289156626506,0.8978936094252052
0.7575301204819277,0.8978936094252052
0.7575301204819277,0.8976462196861626
0.7578313253012048,0.8976462196861626
0.7581325301204819,0.8976462196861626
0.7581325301204819,0.8974358974358975
0.7584337349397591,0.8974358974358975
0.7587349397590362,0.8974358974358975
0.7590361445783133,0.8974358974358975
0.7590361445783133,0.8971896122376378
0.7593373493975903,0.8971896122376378
0.7596385542168674,0.8971896122376378
0.7596385542168674,0.8969438521677328
0.7599397590361445,0.8969438521677328
0.7602409638554217,0.8969438521677328
0.7602409638554217,0.8966619318181818
0.7605421686746988,0.8966619318181818
0.7605421686746988,0.8963804116394606
0.7608433734939759,0.8963804116394606
0.7608433734939759,0.8962464589235127
0.761144578313253,0.8962464589235127
0.7614457831325301,0.8962464589235127
0.7617469879518072,0.8962464589235127
0.7620481927710844,0.8962464589235127
0.7623493975903615,0.8962464589235127
0.7623493975903615,0.8960396039603961
0.7626506024096386,0.8960396039603961
0.7629518072289156,0.8960396039603961
0.7632530120481927,0.8960396039603961
0.7632530120481927,0.895722870272181
0.7632530120481927,0.8955539872971066
0.7635542168674698,0.8955539872971066
0.763855421686747,0.8955539872971066
0.7641566265060241,0.8955539872971066
0.7644578313253012,0.8955539872971066
0.7644578313253012,0.8952380952380953
0.7644578313253012,0.8950334624867912
0.7647590361445783,0.8950334624867912
0.7650602409638554,0.8950334624867912
0.7653614457831325,0.8950334624867912
0.7653614457831325,0.8947553678282295
0.7656626506024097,0.8947553678282295
0.7656626506024097,0.8945518453427065
0.7659638554216868,0.8945518453427065
0.7662650602409639,0.8945518453427065
0.766566265060241,0.8945518453427065
0.766566265060241,0.8942375263527759
0.766566265060241,0.8939234281700035
0.766566265060241,0.8936842105263157
0.766867469879518,0.8936842105263157
0.7671686746987951,0.8936842105263157
0.7671686746987951,0.8934454959691552
0.7674698795180723,0.8934454959691552
0.7677710843373494,0.8934454959691552
0.7677710843373494,0.8932446622331116
0.7680722891566265,0.8932446622331116
0.7683734939759036,0.8932446622331116
0.7686746987951807,0.8932446622331116
0.7686746987951807,0.8929695697796433
0.7689759036144578,0.8929695697796433
0.7689759036144578,0.8926573426573426
0.7689759036144578,0.8923829489867225
0.769277108433735,0.8923829489867225
0.769277108433735,0.8920712539294446
0.769277108433735,0.8920236851271334
0.7695783132530121,0.8920236851271334
0.7698795180722892,0.8920236851271334
0.7701807228915662,0.8920236851271334
0.7704819277108433,0.8920236851271334
0.7707831325301204,0.8920236851271334
0.7710843373493976,0.8920236851271334
0.7713855421686747,0.8920236851271334
0.7713855421686747,0.8917884481558803
0.7716867469879518,0.8917884481558803
0.7719879518072289,0.8917884481558803
0.7719879518072289,0.8914782608695652
0.7719879518072289,0.8911682892906815
0.7719879518072289,0.8908585331942996
0.7719879518072289,0.8906629642485249
0.772289156626506,0.8906629642485249
0.7725903614457831,0.8906629642485249
0.7728915662650603,0.8906629642485249
0.7728915662650603,0.8903919528269164
0.7731927710843374,0.8903919528269164
0.7731927710843374,0.8901213171577123
0.7734939759036145,0.8901213171577123
0.7734939759036145,0.8898128898128899
0.7734939759036145,0.8895429362880887
0.7737951807228916,0.8895429362880887
0.7737951807228916,0.8892350294219453
0.7737951807228916,0.8889273356401384
0.7737951807228916,0.8886583679114799
0.7740963855421686,0.8886583679114799
0.7740963855421686,0.8883897719419489
0.7743975903614457,0.8883897719419489
0.7743975903614457,0.8880829015544042
0.7743975903614457,0.8878536922015183
0.7746987951807229,0.8878536922015183
0.775,0.8878536922015183
0.775,0.887547430148327
0.775,0.8873190902825637
0.7753012048192771,0.8873190902825637
0.7756024096385542,0.8873190902825637
0.7756024096385542,0.8870134343782294
0.7756024096385542,0.8868249054007568
0.7759036144578313,0.8868249054007568
0.7762048192771084,0.8868249054007568
0.7765060240963856,0.8868249054007568
0.7765060240963856,0.8865199449793673
0.7765060240963856,0.886254295532646
0.7768072289156627,0.886254295532646
0.7768072289156627,0.885989010989011
0.7771084337349398,0.885989010989011
0.7771084337349398,0.8857240905971173
0.7774096385542169,0.8857240905971173
0.7774096385542169,0.8854202401372213
0.7774096385542169,0.885116598079561
0.7774096385542169,0.8848920863309353
0.7777108433734939,0.8848920863309353
0.778012048192771,0.8848920863309353
0.778012048192771,0.8845890410958904
0.778012048192771,0.8842862033550154
0.778012048192771,0.8840232637700992
0.7783132530120482,0.8840232637700992
0.7783132530120482,0.8837606837606837
0.7786144578313253,0.8837606837606837
0.7786144578313253,0.8834586466165414
0.7786144578313253,0.8831568158524086
0.7786144578313253,0.8828951860703311
0.7789156626506024,0.8828951860703311
0.7789156626506024,0.882633913340157
0.7792168674698795,0.882633913340157
0.7792168674698795,0.8823328785811733
0.7792168674698795,0.8822328114363512
0.7795180722891566,0.8822328114363512
0.7798192771084337,0.8822328114363512
0.7801204819277109,0.8822328114363512
0.780421686746988,0.8822328114363512
0.7807228915662651,0.8822328114363512
0.7807228915662651,0.8819727891156462
0.7810240963855422,0.8819727891156462
0.7810240963855422,0.8816729003740225
0.7810240963855422,0.8814940577249576
0.7813253012048192,0.8814940577249576
0.7816265060240963,0.8814940577249576
0.7819277108433735,0.8814940577249576
0.7819277108433735,0.8812351543942993
0.7822289156626506,0.8812351543942993
0.7822289156626506,0.8809362279511533
0.7822289156626506,0.880637504238725
0.7822289156626506,0.8803795323619112
0.7825301204819277,0.8803795323619112
0.7825301204819277,0.8800813008130082
0.7825301204819277,0.8798646362098139
0.7828313253012048,0.8798646362098139
0.7831325301204819,0.8798646362098139
0.7831325301204819,0.8796077105174163
0.783433734939759,0.8796077105174163
0.783433734939759,0.8793918918918919
0.7837349397590362,0.8793918918918919
0.7840361445783133,0.8793918918918919
0.7840361445783133,0.8791357191087104
0.7843373493975904,0.8791357191087104
0.7843373493975904,0.8788798920377868
0.7846385542168675,0.8788798920377868
0.7846385542168675,0.8786653185035389
0.7849397590361445,0.8786653185035389
0.7852409638554216,0.8786653185035389
0.7852409638554216,0.8784511784511785
0.7855421686746988,0.8784511784511785
0.7858433734939759,0.8784511784511785
0.7858433734939759,0.8781555031975766
0.7858433734939759,0.8778600269179004
0.7858433734939759,0.877564749411369
0.7858433734939759,0.8773933490090695
0.786144578313253,0.8773933490090695
0.7864457831325301,0.8773933490090695
0.7867469879518072,0.8773933490090695
0.7867469879518072,0.8770987239758227
0.7867469879518072,0.8768042967438738
0.7867469879518072,0.8765928906773978
0.7870481927710843,0.8765928906773978
0.7873493975903615,0.8765928906773978
0.7873493975903615,0.8764646802812186
0.7876506024096386,0.8764646802812186
0.7879518072289157,0.8764646802812186
0.7882530120481928,0.8764646802812186
0.7885542168674698,0.8764646802812186
0.7885542168674698,0.8762127801940448
0.7888554216867469,0.8762127801940448
0.7888554216867469,0.8759197324414716
0.7888554216867469,0.8757099899766121
0.7891566265060241,0.8757099899766121
0.7894578313253012,0.8757099899766121
0.7894578313253012,0.8755006675567423
0.7897590361445783,0.8755006675567423
0.7900602409638554,0.8755006675567423
0.7900602409638554,0.8752085418752086
0.7900602409638554,0.8749583194398133
0.7903614457831325,0.8749583194398133
0.7903614457831325,0.8747084305231589
0.7906626506024096,0.8747084305231589
0.7906626506024096,0.8745006657789614
0.7909638554216868,0.8745006657789614
0.7912650602409639,0.8745006657789614
0.7912650602409639,0.874251497005988
0.791566265060241,0.874251497005988
0.791566265060241,0.8739607582307948
0.791566265060241,0.8737121967431041
0.7918674698795181,0.8737121967431041
0.7918674698795181,0.873421926910299
0.7918674698795181,0.8732160637238633
0.7921686746987951,0.8732160637238633
0.7924698795180722,0.8732160637238633
0.7924698795180722,0.8730106100795756
0.7927710843373494,0.8730106100795756
0.7930722891566265,0.8730106100795756
0.7930722891566265,0.8727212462711302
0.7930722891566265,0.8724320742213386
0.7930722891566265,0.8721430937396489
0.7930722891566265,0.8718543046357616
0.7930722891566265,0.8715657067196293
0.7930722891566265,0.8713198809130003
0.7933734939759036,0.8713198809130003
0.7933734939759036,0.8710743801652893
0.7936746987951807,0.8710743801652893
0.7936746987951807,0.8707865168539326
0.7936746987951807,0.8705416116248349
0.7939759036144578,0.8705416116248349
0.7939759036144578,0.8703825857519789
0.7942771084337349,0.8703825857519789
0.7945783132530121,0.8703825857519789
0.7948795180722892,0.8703825857519789
0.7948795180722892,0.8700956149027366
0.7948795180722892,0.8698088332234674
0.7948795180722892,0.8695652173913043
0.7951807228915663,0.8695652173913043
0.7951807228915663,0.869321922317314
0.7954819277108434,0.869321922317314
0.7954819277108434,0.8690789473684211
0.7957831325301205,0.8690789473684211
0.7957831325301205,0.8687931601446892
0.7957831325301205,0.868550772264213
0.7960843373493975,0.868550772264213
0.7960843373493975,0.8682654402102497
0.7960843373493975,0.8680236375574524
0.7963855421686747,0.8680236375574524
0.7963855421686747,0.8677387594355104
0.7963855421686747,0.8674540682414699
0.7963855421686747,0.867169563791407
0.7963855421686747,0.8669724770642202
0.7966867469879518,0.8669724770642202
0.7969879518072289,0.8669724770642202
0.7969879518072289,0.8666885031116934
0.7969879518072289,0.8664921465968587
0.797289156626506,0.8664921465968587
0.7975903614457831,0.8664921465968587
0.7975903614457831,0.8662524525833878
0.7978915662650602,0.8662524525833878
0.7978915662650602,0.8661005878510777
0.7981927710843374,0.8661005878510777
0.7984939759036145,0.8661005878510777
0.7987951807228916,0.8661005878510777
0.7987951807228916,0.8658178256611165
0.7987951807228916,0.8655352480417755
0.7987951807228916,0.865252854812398
0.7987951807228916,0.8649706457925636
0.7987951807228916,0.8646886208020867
0.7987951807228916,0.864406779661017
0.7987951807228916,0.8641693811074919
0.7990963855421687,0.8641693811074919
0.7990963855421687,0.8638879843699121
0.7990963855421687,0.8636067708333334
0.7990963855421687,0.8634590377113134
0.7993975903614458,0.8634590377113134
0.7996987951807228,0.8634590377113134
0.8,0.8634590377113134
0.8,0.8631784205394866
0.8,0.8630314832846478
0.8003012048192771,0.8630314832846478
0.8006024096385542,0.8630314832846478
0.8009036144578313,0.8630314832846478
0.8009036144578313,0.8627514600908501
0.8009036144578313,0.8624716185533571
0.8009036144578313,0.8621919584954605
0.8009036144578313,0.8621359223300971
0.8012048192771084,0.8621359223300971
0.8015060240963855,0.8621359223300971
0.8018072289156627,0.8621359223300971
0.8021084337349398,0.8621359223300971
0.8024096385542169,0.8621359223300971
0.8024096385542169,0.861946330423537
0.802710843373494,0.861946330423537
0.803012048192771,0.861946330423537
0.803012048192771,0.8616677440206852
0.803012048192771,0.8613893376413571
0.803012048192771,0.8612007746933505
0.8033132530120481,0.8612007746933505
0.8036144578313253,0.8612007746933505
0.8036144578313253,0.8610573823339781
0.8039156626506024,0.8610573823339781
0.8042168674698795,0.8610573823339781
0.8045180722891566,0.8610573823339781
0.8045180722891566,0.8608247422680413
0.8048192771084337,0.8608247422680413
0.8048192771084337,0.860592401802962
0.8051204819277108,0.860592401802962
0.8051204819277108,0.8603154168007725
0.8051204819277108,0.86003861003861
0.8051204819277108,0.8597619813444838
0.8051204819277108,0.8594855305466238
0.8051204819277108,0.8592092574734812
0.8051204819277108,0.8589784773530357
0.805421686746988,0.8589784773530357
0.805421686746988,0.8587479935794543
0.8057228915662651,0.8587479935794543
0.8057228915662651,0.8586538461538461
0.8060240963855422,0.8586538461538461
0.8063253012048193,0.8586538461538461
0.8066265060240964,0.8586538461538461
0.8069277108433734,0.8586538461538461
0.8069277108433734,0.8583787247677026
0.8069277108433734,0.8581037796284433
0.8069277108433734,0.8578745198463509
0.8072289156626506,0.8578745198463509
0.8072289156626506,0.8576
0.8072289156626506,0.8573256557901472
0.8072289156626506,0.8571428571428571
0.8075301204819277,0.8571428571428571
0.8078313253012048,0.8571428571428571
0.8078313253012048,0.8570060644749441
0.8081325301204819,0.8570060644749441
0.808433734939759,0.8570060644749441
0.8087349397590361,0.8570060644749441
0.8087349397590361,0.8567326100829611
0.8087349397590361,0.8565051020408163
0.8090361445783133,0.8565051020408163
0.8090361445783133,0.8562778840025494
0.8093373493975904,0.8562778840025494
0.8093373493975904,0.8560050971647022
0.8093373493975904,0.8557324840764331
0.8093373493975904,0.8555060471037556
0.8096385542168675,0.8555060471037556
0.8096385542168675,0.8552338530066815
0.8096385542168675,0.8549618320610687
0.8096385542168675,0.8546899841017488
0.8096385542168675,0.8544183089637635
0.8096385542168675,0.8541468064823642
0.8096385542168675,0.8538754764930114
0.8096385542168675,0.853604318831375
0.8096385542168675,0.8533333333333334
0.8096385542168675,0.8531091370558376
0.8099397590361446,0.8531091370558376
0.8099397590361446,0.8528385664446558
0.8099397590361446,0.8526148969889065
0.8102409638554217,0.8526148969889065
0.8102409638554217,0.8523447401774398
0.8102409638554217,0.8520747545137789
0.8102409638554217,0.8518049398353388
0.8102409638554217,0.8516292312559317
0.8105421686746987,0.8516292312559317
0.810843373493976,0.8516292312559317
0.810843373493976,0.8513598987982289
0.810843373493976,0.8510907366424281
0.810843373493976,0.8508217446270544
0.810843373493976,0.8506473002841806
0.811144578313253,0.8506473002841806
0.8114457831325301,0.8506473002841806
0.8114457831325301,0.8504260018933417
0.8117469879518072,0.8504260018933417
0.8117469879518072,0.8501577287066246
0.8117469879518072,0.8498896247240618
0.8117469879518072,0.8496216897856242
0.8117469879518072,0.8494488188976378
0.8120481927710843,0.8494488188976378
0.8123493975903614,0.8494488188976378
0.8123493975903614,0.8492762743864065
0.8126506024096386,0.8492762743864065
0.8129518072289157,0.8492762743864065
0.8129518072289157,0.8490091223655237
0.8129518072289157,0.8487421383647799
0.8129518072289157,0.8486180904522613
0.8132530120481928,0.8486180904522613
0.8135542168674699,0.8486180904522613
0.813855421686747,0.8486180904522613
0.813855421686747,0.8483516483516483
0.813855421686747,0.8480853735091023
0.813855421686747,0.8478670012547052
0.814156626506024,0.8478670012547052
0.814156626506024,0.8476489028213167
0.8144578313253013,0.8476489028213167
0.8144578313253013,0.8474788600062637
0.8147590361445783,0.8474788600062637
0.8150602409638554,0.8474788600062637
0.8150602409638554,0.8472135253600501
0.8150602409638554,0.8469483568075117
0.8150602409638554,0.846731310603691
0.8153614457831325,0.846731310603691
0.8153614457831325,0.8464665415884928
0.8153614457831325,0.84625
0.8156626506024096,0.84625
0.8156626506024096,0.8459856294907842
0.8156626506024096,0.8457214241099313
0.8156626506024096,0.8454573837027787
0.8156626506024096,0.8452418096723869
0.8159638554216867,0.8452418096723869
0.8159638554216867,0.8449781659388647
0.8159638554216867,0.8447146866230122
0.8159638554216867,0.8444998441882207
0.8162650602409639,0.8444998441882207
0.8162650602409639,0.8443337484433375
0.816566265060241,0.8443337484433375
0.8168674698795181,0.8443337484433375
0.8168674698795181,0.8440709617180205
0.8168674698795181,0.8438083385189795
0.8168674698795181,0.8435458786936236
0.8168674698795181,0.8432835820895522
0.8168674698795181,0.843021448554554
0.8168674698795181,0.8427594779366065
0.8168674698795181,0.842497670083877
0.8168674698795181,0.8422850046569388
0.8171686746987952,0.8422850046569388
0.8171686746987952,0.8420235878336437
0.8171686746987952,0.84176233322991
0.8171686746987952,0.8415503875968993
0.8174698795180723,0.8415503875968993
0.8174698795180723,0.8413878562577447
0.8177710843373494,0.8413878562577447
0.8180722891566266,0.8413878562577447
0.8180722891566266,0.8411272839888511
0.8180722891566266,0.8408668730650155
0.8180722891566266,0.8406559405940595
0.8183734939759036,0.8406559405940595
0.8183734939759036,0.8404452690166976
0.8186746987951807,0.8404452690166976
0.8186746987951807,0.8401854714064915
0.8186746987951807,0.8399258343634116
0.8186746987951807,0.8396663577386468
0.8186746987951807,0.8394070413835701
0.8186746987951807,0.8391975308641976
0.8189759036144578,0.8391975308641976
0.8189759036144578,0.8389385991977785
0.8189759036144578,0.8386798272671191
0.8189759036144578,0.8384212149244527
0.8189759036144578,0.8382126348228043
0.8192771084337349,0.8382126348228043
0.8192771084337349,0.8379544054220579
0.8192771084337349,0.8377463054187192
0.819578313253012,0.8377463054187192
0.819578313253012,0.8375384615384616
0.8198795180722892,0.8375384615384616
0.8198795180722892,0.8372808366656413
0.8198795180722892,0.8370734706424838
0.8201807228915663,0.8370734706424838
0.8201807228915663,0.8368663594470046
0.8204819277108434,0.8368663594470046
0.8204819277108434,0.8366595026097636
0.8207831325301205,0.8366595026097636
0.8207831325301205,0.836402701043585
0.8207831325301205,0.8361963190184049
0.8210843373493976,0.8361963190184049
0.8210843373493976,0.8359398957375038
0.8210843373493976,0.835683629675046
0.8210843373493976,0.8354779411764706
0.8213855421686747,0.8354779411764706
0.8213855421686747,0.835272504592774
0.8216867469879519,0.835272504592774
0.8216867469879519,0.835016835016835
0.8216867469879519,0.834811869073111
0.821987951807229,0.834811869073111
0.821987951807229,0.8345565749235474
0.821987951807229,0.8343014368694589
0.821987951807229,0.8340971585701191
0.822289156626506,0.8340971585701191
0.822289156626506,0.8338931297709924
0.8225903614457831,0.8338931297709924
0.8225903614457831,0.8336385836385837
0.8225903614457831,0.8334350213544844
0.8228915662650602,0.8334350213544844
0.8228915662650602,0.8331808478194571
0.8228915662650602,0.8329268292682926
0.8228915662650602,0.8327239488117002
0.8231927710843373,0.8327239488117002
0.8231927710843373,0.8326232501521607
0.8234939759036145,0.8326232501521607
0.8237951807228916,0.8326232501521607
0.8240963855421687,0.8326232501521607
0.8240963855421687,0.8323699421965318
0.8240963855421687,0.8321167883211679
0.8240963855421687,0.8318637883855275
0.8240963855421687,0.8316109422492401
0.8240963855421687,0.8313582497721057
0.8240963855421687,0.8312082574377656
0.8243975903614458,0.8312082574377656
0.8246987951807229,0.8312082574377656
0.8246987951807229,0.8309559939301973
0.8246987951807229,0.8308065494238933
0.825,0.8308065494238933
0.8253012048192772,0.8308065494238933
0.8253012048192772,0.8306060606060606
0.8256024096385542,0.8306060606060606
0.8256024096385542,0.8304058146577832
0.8259036144578313,0.8304058146577832
0.8259036144578313,0.8303598427577865
0.8262048192771084,0.8303598427577865
0.8265060240963855,0.8303598427577865
0.8268072289156626,0.8303598427577865
0.8271084337349398,0.8303598427577865
0.8271084337349398,0.8301601692354186
0.8274096385542169,0.8301601692354186
0.8274096385542169,0.8299607369374811
0.827710843373494,0.8299607369374811
0.827710843373494,0.8297101449275363
0.827710843373494,0.8295111647555824
0.8280120481927711,0.8295111647555824
0.8280120481927711,0.8292609351432881
0.8280120481927711,0.8290108564535585
0.8280120481927711,0.8287609285498945
0.8280120481927711,0.8285111512959614
0.8280120481927711,0.828261524555589
0.8280120481927711,0.8280638361939175
0.8283132530120482,0.8280638361939175
0.8283132530120482,0.8278145695364238
0.8283132530120482,0.8275654529040024
0.8283132530120482,0.8273164861612515
0.8283132530120482,0.8270676691729323
0.8283132530120482,0.8268190018039687
0.8283132530120482,0.826570483919447
0.8283132530120482,0.8263742865725443
0.8286144578313253,0.8263742865725443
0.8286144578313253,0.8261261261261261
0.8286144578313253,0.8259303721488596
0.8289156626506025,0.8259303721488596
0.8289156626506025,0.8257871064467767
0.8292168674698795,0.8257871064467767
0.8295180722891566,0.8257871064467767
0.8295180722891566,0.8255918489661372
0.8298192771084337,0.8255918489661372
0.8298192771084337,0.8253445176752546
0.8298192771084337,0.8250973345312967
0.8298192771084337,0.8248502994011976
0.8298192771084337,0.824655894673848
0.8301204819277108,0.824655894673848
0.8301204819277108,0.8244617224880383
0.8304216867469879,0.8244617224880383
0.8304216867469879,0.8242677824267782
0.8307228915662651,0.8242677824267782
1.0,0.0
