recall,precision
0.0002092487968194183,1.0
0.0004184975936388366,1.0
0.0006277463904582549,1.0
0.0008369951872776732,1.0
0.0010462439840970914,1.0
0.0012554927809165098,1.0
0.001464741577735928,1.0
0.0016739903745553464,1.0
0.0018832391713747645,1.0
0.002092487968194183,1.0
0.002301736765013601,1.0
0.0025109855618330196,1.0
0.002720234358652438,1.0
0.002929483155471856,1.0
0.003138731952291274,1.0
0.0033479807491106927,1.0
0.003557229545930111,1.0
0.003766478342749529,1.0
0.003975727139568948,1.0
0.004184975936388366,1.0
0.004394224733207784,1.0
0.004603473530027202,1.0
0.00481272232684662,1.0
0.005021971123666039,1.0
0.0052312199204854574,1.0
0.005440468717304876,1.0
0.005649717514124294,1.0
0.005858966310943712,1.0
0.00606821510776313,1.0
0.006277463904582548,1.0
0.006486712701401967,1.0
0.006695961498221385,1.0
0.006905210295040804,1.0
0.007114459091860222,1.0
0.00732370788867964,1.0
0.007532956685499058,1.0
0.007742205482318477,1.0
0.007951454279137895,1.0
0.008160703075957313,1.0
0.008369951872776732,1.0
0.00857920066959615,1.0
0.008788449466415568,1.0
0.008997698263234986,1.0
0.009206947060054404,1.0
0.009416195856873822,1.0
0.00962544465369324,1.0
0.00983469345051266,1.0
0.010043942247332079,1.0
0.010253191044151497,1.0
0.010462439840970915,1.0
0.010671688637790333,1.0
0.010880937434609751,1.0
0.01109018623142917,1.0
0.011299435028248588,1.0
0.011508683825068006,1.0
0.011717932621887424,1.0
0.011927181418706842,1.0
0.01213643021552626,1.0
0.012345679012345678,1.0
0.012554927809165096,1.0
0.012764176605984516,1.0
0.012973425402803935,1.0
0.013182674199623353,1.0
0.01339192299644277,1.0
0.013601171793262189,1.0
0.013810420590081607,1.0
0.014019669386901025,1.0
0.014228918183720443,1.0
0.014438166980539862,1.0
0.01464741577735928,1.0
0.014856664574178698,1.0
0.015065913370998116,1.0
0.015275162167817534,1.0
0.015484410964636954,1.0
0.015693659761456372,1.0
0.01590290855827579,1.0
0.01611215735509521,1.0
0.016321406151914627,1.0
0.016530654948734045,1.0
0.016530654948734045,0.9875
0.016739903745553463,0.9876543209876543
0.01694915254237288,0.9878048780487805
0.0171584013391923,0.9879518072289156
0.017367650136011718,0.9880952380952381
0.017576898932831136,0.9882352941176471
0.017786147729650554,0.9883720930232558
0.017995396526469972,0.9885057471264368
0.01820464532328939,0.9886363636363636
0.01841389412010881,0.9887640449438202
0.018623142916928227,0.9888888888888889
0.018832391713747645,0.989010989010989
0.019041640510567063,0.9891304347826086
0.019041640510567063,0.978494623655914
0.01925088930738648,0.9787234042553191
0.0194601381042059,0.9789473684210527
0.01966938690102532,0.9791666666666666
0.01987863569784474,0.979381443298969
0.01987863569784474,0.9693877551020408
0.020087884494664157,0.9696969696969697
0.020297133291483575,0.97
0.020506382088302993,0.9702970297029703
0.02071563088512241,0.9705882352941176
0.02092487968194183,0.970873786407767
0.021134128478761248,0.9711538461538461
0.021343377275580666,0.9714285714285714
0.021552626072400084,0.9716981132075472
0.021761874869219502,0.9719626168224299
0.02197112366603892,0.9722222222222222
0.02218037246285834,0.9724770642201835
0.022389621259677757,0.9727272727272728
0.022598870056497175,0.972972972972973
0.022808118853316593,0.9732142857142857
0.02301736765013601,0.9734513274336283
0.02322661644695543,0.9736842105263158
0.023435865243774848,0.9739130434782609
0.023645114040594266,0.9741379310344828
0.023854362837413684,0.9743589743589743
0.024063611634233102,0.9745762711864406
0.02427286043105252,0.9747899159663865
0.02448210922787194,0.975
0.024691358024691357,0.9752066115702479
0.024900606821510775,0.9754098360655737
0.025109855618330193,0.975609756097561
0.025319104415149615,0.9758064516129032
0.025528353211969033,0.976
0.02573760200878845,0.9761904761904762
0.02594685080560787,0.9763779527559056
0.026156099602427287,0.9765625
0.026365348399246705,0.9767441860465116
0.026574597196066124,0.9769230769230769
0.02678384599288554,0.9770992366412213
0.02699309478970496,0.9772727272727273
0.027202343586524378,0.9774436090225563
0.027411592383343796,0.9776119402985075
0.027620841180163214,0.9777777777777777
0.027830089976982633,0.9779411764705882
0.02803933877380205,0.9781021897810219
0.02824858757062147,0.9782608695652174
0.028457836367440887,0.9784172661870504
0.028667085164260305,0.9785714285714285
0.028876333961079723,0.9787234042553191
0.02908558275789914,0.9788732394366197
0.02929483155471856,0.9790209790209791
0.029504080351537978,0.9791666666666666
0.029713329148357396,0.9793103448275862
0.029922577945176814,0.9794520547945206
0.030131826741996232,0.9795918367346939
0.03034107553881565,0.9797297297297297
0.03055032433563507,0.9798657718120806
0.030759573132454487,0.98
0.03096882192927391,0.9801324503311258
0.031178070726093327,0.9802631578947368
0.031387319522912745,0.9803921568627451
0.03159656831973216,0.9805194805194806
0.03180581711655158,0.9806451612903225
0.032015065913371,0.9807692307692307
0.032015065913371,0.9745222929936306
0.03222431471019042,0.9746835443037974
0.032433563507009835,0.9748427672955975
0.032642812303829254,0.975
0.03285206110064867,0.9751552795031055
0.03306130989746809,0.9753086419753086
0.03327055869428751,0.9754601226993865
0.033479807491106926,0.975609756097561
0.033479807491106926,0.9696969696969697
0.033689056287926344,0.9698795180722891
0.03389830508474576,0.9700598802395209
0.03410755388156518,0.9702380952380952
0.0343168026783846,0.9704142011834319
0.03452605147520402,0.9705882352941176
0.034735300272023435,0.9707602339181286
0.03494454906884285,0.9709302325581395
0.03515379786566227,0.9710982658959537
0.03536304666248169,0.9712643678160919
0.03557229545930111,0.9714285714285714
0.035781544256120526,0.9715909090909091
0.035990793052939944,0.9717514124293786
0.03620004184975936,0.9719101123595506
0.03640929064657878,0.9720670391061452
0.0366185394433982,0.9722222222222222
0.03682778824021762,0.9723756906077348
0.037037037037037035,0.9725274725274725
0.03724628583385645,0.9726775956284153
0.03745553463067587,0.9728260869565217
0.03766478342749529,0.972972972972973
0.03787403222431471,0.9731182795698925
0.038083281021134126,0.9732620320855615
0.038292529817953544,0.973404255319149
0.03850177861477296,0.9735449735449735
0.03871102741159238,0.9736842105263158
0.0389202762084118,0.9738219895287958
0.03912952500523122,0.9739583333333334
0.03933877380205064,0.9740932642487047
0.03954802259887006,0.9742268041237113
0.03975727139568948,0.9743589743589743
0.039966520192508896,0.9744897959183674
0.040175768989328314,0.9746192893401016
0.04038501778614773,0.9747474747474747
0.04059426658296715,0.9748743718592965
0.04080351537978657,0.975
0.04101276417660599,0.9751243781094527
0.041222012973425405,0.9752475247524752
0.04143126177024482,0.9753694581280788
0.04164051056706424,0.9754901960784313
0.04184975936388366,0.975609756097561
0.04205900816070308,0.9757281553398058
0.042268256957522496,0.9758454106280193
0.042477505754341914,0.9759615384615384
0.04268675455116133,0.9760765550239234
0.04289600334798075,0.9761904761904762
0.04310525214480017,0.976303317535545
0.04331450094161959,0.9764150943396226
0.043523749738439005,0.9765258215962441
0.04373299853525842,0.9766355140186916
0.04373299853525842,0.9720930232558139
0.04394224733207784,0.9722222222222222
0.04415149612889726,0.9723502304147466
0.04436074492571668,0.9724770642201835
0.044569993722536096,0.9726027397260274
0.044779242519355514,0.9727272727272728
0.04498849131617493,0.9728506787330317
0.04519774011299435,0.972972972972973
0.04540698890981377,0.9730941704035875
0.045616237706633186,0.9732142857142857
0.045825486503452605,0.9733333333333334
0.04603473530027202,0.9734513274336283
0.04624398409709144,0.973568281938326
0.04645323289391086,0.9736842105263158
0.04666248169073028,0.9737991266375546
0.046871730487549695,0.9739130434782609
0.047080979284369114,0.974025974025974
0.04729022808118853,0.9741379310344828
0.04749947687800795,0.9742489270386266
0.04770872567482737,0.9743589743589743
0.047917974471646786,0.9744680851063829
0.048127223268466204,0.9745762711864406
0.04833647206528562,0.9746835443037974
0.04854572086210504,0.9747899159663865
0.04875496965892446,0.9748953974895398
0.04896421845574388,0.975
0.049173467252563295,0.975103734439834
0.04938271604938271,0.9752066115702479
0.04959196484620213,0.9753086419753086
0.04980121364302155,0.9754098360655737
0.05001046243984097,0.9755102040816327
0.050219711236660386,0.975609756097561
0.050428960033479804,0.9757085020242915
0.05063820883029923,0.9758064516129032
0.05084745762711865,0.9759036144578314
0.051056706423938066,0.976
0.051265955220757484,0.9760956175298805
0.0514752040175769,0.9761904761904762
0.05168445281439632,0.9762845849802372
0.05189370161121574,0.9763779527559056
0.052102950408035156,0.9764705882352941
0.052312199204854574,0.9765625
0.05252144800167399,0.9766536964980544
0.05273069679849341,0.9767441860465116
0.05293994559531283,0.9768339768339769
0.05314919439213225,0.9769230769230769
0.053358443188951665,0.9770114942528736
0.05356769198577108,0.9770992366412213
0.0537769407825905,0.9771863117870723
0.05398618957940992,0.9772727272727273
0.05419543837622934,0.9773584905660377
0.054404687173048756,0.9774436090225563
0.054613935969868174,0.9775280898876404
0.05482318476668759,0.9776119402985075
0.05503243356350701,0.9776951672862454
0.05524168236032643,0.9777777777777777
0.05545093115714585,0.977859778597786
0.055660179953965265,0.9779411764705882
0.05586942875078468,0.978021978021978
0.0560786775476041,0.9781021897810219
0.05628792634442352,0.9781818181818182
0.05649717514124294,0.9782608695652174
0.056706423938062356,0.9783393501805054
0.056915672734881774,0.9784172661870504
0.05712492153170119,0.978494623655914
0.05733417032852061,0.9785714285714285
0.05754341912534003,0.9786476868327402
0.05775266792215945,0.9787234042553191
0.057961916718978865,0.9787985865724381
0.05817116551579828,0.9788732394366197
0.0583804143126177,0.9789473684210527
0.05858966310943712,0.9790209790209791
0.05879891190625654,0.9790940766550522
0.059008160703075956,0.9791666666666666
0.059217409499895374,0.9792387543252595
0.05942665829671479,0.9793103448275862
0.05963590709353421,0.979381443298969
0.05984515589035363,0.9794520547945206
0.060054404687173046,0.9795221843003413
0.060263653483992465,0.9795918367346939
0.06047290228081188,0.9796610169491525
0.0606821510776313,0.9797297297297297
0.06089139987445072,0.9797979797979798
0.06110064867127014,0.9798657718120806
0.061309897468089555,0.979933110367893
0.061519146264908973,0.98
0.06172839506172839,0.9800664451827242
0.06193764385854782,0.9801324503311258
0.062146892655367235,0.9801980198019802
0.06235614145218665,0.9802631578947368
0.06256539024900606,0.980327868852459
0.06277463904582549,0.9803921568627451
0.0629838878426449,0.9804560260586319
0.06319313663946433,0.9805194805194806
0.06340238543628374,0.9805825242718447
0.06361163423310316,0.9806451612903225
0.06382088302992257,0.9807073954983923
0.064030131826742,0.9807692307692307
0.06423938062356141,0.9808306709265175
0.06444862942038083,0.9808917197452229
0.06465787821720025,0.9809523809523809
0.06486712701401967,0.9810126582278481
0.06507637581083908,0.9810725552050473
0.06528562460765851,0.9811320754716981
0.06549487340447792,0.9811912225705329
0.06570412220129734,0.98125
0.06591337099811675,0.9813084112149533
0.06612261979493618,0.9813664596273292
0.06633186859175559,0.9814241486068112
0.06654111738857502,0.9814814814814815
0.06675036618539443,0.9815384615384616
0.06695961498221385,0.9815950920245399
0.06716886377903326,0.981651376146789
0.06737811257585269,0.9817073170731707
0.06758736137267211,0.9817629179331308
0.06779661016949153,0.9818181818181818
0.06800585896631095,0.9818731117824774
0.06821510776313036,0.9819277108433735
0.06842435655994979,0.9819819819819819
0.0686336053567692,0.9820359281437125
0.06884285415358862,0.982089552238806
0.06905210295040803,0.9821428571428571
0.06926135174722746,0.9821958456973294
0.06947060054404687,0.9822485207100592
0.0696798493408663,0.9823008849557522
0.0698890981376857,0.9823529411764705
0.07009834693450513,0.9824046920821115
0.07030759573132454,0.9824561403508771
0.07051684452814397,0.9825072886297376
0.07072609332496338,0.9825581395348837
0.0709353421217828,0.9826086956521739
0.07114459091860222,0.9826589595375722
0.07135383971542164,0.9827089337175793
0.07156308851224105,0.9827586206896551
0.07177233730906048,0.9828080229226361
0.07198158610587989,0.9828571428571429
0.07219083490269931,0.9829059829059829
0.07240008369951872,0.9829545454545454
0.07260933249633815,0.9830028328611898
0.07281858129315756,0.9830508474576272
0.07302783008997699,0.9830985915492958
0.0732370788867964,0.9831460674157303
0.07344632768361582,0.9831932773109243
0.07365557648043523,0.9832402234636871
0.07386482527725466,0.9832869080779945
0.07407407407407407,0.9833333333333333
0.0742833228708935,0.9833795013850416
0.0744925716677129,0.9834254143646409
0.07470182046453233,0.9834710743801653
0.07491106926135174,0.9835164835164835
0.07512031805817117,0.9835616438356164
0.07532956685499058,0.9836065573770492
0.07553881565181,0.9836512261580381
0.07574806444862942,0.9836956521739131
0.07595731324544884,0.983739837398374
0.07616656204226825,0.9837837837837838
0.07637581083908768,0.9838274932614556
0.07658505963590709,0.9838709677419355
0.07679430843272651,0.9839142091152815
0.07700355722954592,0.983957219251337
0.07721280602636535,0.984
0.07742205482318476,0.9840425531914894
0.07763130362000419,0.9840848806366048
0.0778405524168236,0.9841269841269841
0.07804980121364302,0.9841688654353562
0.07825905001046243,0.9842105263157894
0.07846829880728186,0.984251968503937
0.07867754760410128,0.9842931937172775
0.0788867964009207,0.9843342036553525
0.07909604519774012,0.984375
0.07930529399455953,0.9844155844155844
0.07951454279137896,0.9844559585492227
0.07972379158819837,0.9844961240310077
0.07993304038501779,0.9845360824742269
0.0801422891818372,0.9845758354755784
0.08035153797865663,0.9846153846153847
0.08056078677547604,0.9846547314578005
0.08077003557229546,0.9846938775510204
0.08097928436911488,0.9847328244274809
0.0811885331659343,0.9847715736040609
0.08139778196275371,0.9848101265822785
0.08160703075957314,0.9848484848484849
0.08181627955639255,0.9848866498740554
0.08202552835321197,0.9849246231155779
0.08223477715003139,0.9849624060150376
0.08244402594685081,0.985
0.08265327474367022,0.9850374064837906
0.08286252354048965,0.9850746268656716
0.08307177233730906,0.9851116625310173
0.08328102113412848,0.9851485148514851
0.0834902699309479,0.9851851851851852
0.08369951872776732,0.9852216748768473
0.08390876752458673,0.9852579852579852
0.08411801632140616,0.9852941176470589
0.08432726511822557,0.9853300733496333
0.08453651391504499,0.9853658536585366
0.0847457627118644,0.9854014598540146
0.08495501150868383,0.9854368932038835
0.08516426030550324,0.9854721549636803
0.08537350910232266,0.9855072463768116
0.08558275789914208,0.9855421686746988
0.0857920066959615,0.9855769230769231
0.08600125549278091,0.9856115107913669
0.08621050428960034,0.9856459330143541
0.08641975308641975,0.9856801909307876
0.08662900188323917,0.9857142857142858
0.08683825068005858,0.9857482185273159
0.08704749947687801,0.985781990521327
0.08725674827369742,0.9858156028368794
0.08746599707051685,0.9858490566037735
0.08767524586733626,0.9858823529411764
0.08788449466415568,0.9859154929577465
0.0880937434609751,0.9859484777517564
0.08830299225779452,0.985981308411215
0.08851224105461393,0.986013986013986
0.08872148985143335,0.986046511627907
0.08893073864825277,0.9860788863109049
0.08913998744507219,0.9861111111111112
0.0893492362418916,0.9861431870669746
0.08955848503871103,0.9861751152073732
0.08976773383553044,0.9862068965517241
0.08997698263234986,0.9862385321100917
0.09018623142916929,0.9862700228832952
0.0903954802259887,0.9863013698630136
0.09060472902280813,0.9863325740318907
0.09081397781962754,0.9863636363636363
0.09102322661644696,0.9863945578231292
0.09123247541326637,0.9864253393665159
0.0914417242100858,0.9864559819413092
0.09165097300690521,0.9864864864864865
0.09186022180372463,0.9865168539325843
0.09206947060054405,0.9865470852017937
0.09227871939736347,0.9865771812080537
0.09227871939736347,0.984375
0.09248796819418288,0.9844097995545658
0.09269721699100231,0.9844444444444445
0.09290646578782172,0.9844789356984479
0.09311571458464114,0.9845132743362832
0.09332496338146055,0.9845474613686535
0.09353421217827998,0.9845814977973568
0.09374346097509939,0.9846153846153847
0.09395270977191882,0.9846491228070176
0.09416195856873823,0.9846827133479212
0.09437120736555765,0.9847161572052402
0.09458045616237706,0.9847494553376906
0.09478970495919649,0.9847826086956522
0.0949989537560159,0.9848156182212582
0.09520820255283532,0.9848484848484849
0.09541745134965474,0.9848812095032398
0.09562670014647416,0.9849137931034483
0.09583594894329357,0.9849462365591398
0.096045197740113,0.9849785407725322
0.09625444653693241,0.9850107066381156
0.09646369533375183,0.9850427350427351
0.09667294413057125,0.9850746268656716
0.09688219292739067,0.9851063829787234
0.09709144172421008,0.9851380042462845
0.0973006905210295,0.9851694915254238
0.0973006905210295,0.9830866807610994
0.09750993931784892,0.9831223628691983
0.09771918811466834,0.9831578947368421
0.09792843691148775,0.9831932773109243
0.09813768570830718,0.9832285115303984
0.09834693450512659,0.9832635983263598
0.09855618330194602,0.9832985386221295
0.09876543209876543,0.9833333333333333
0.09897468089558485,0.9833679833679834
0.09918392969240426,0.983402489626556
0.09939317848922369,0.9834368530020704
0.0996024272860431,0.9834710743801653
0.09981167608286252,0.9835051546391752
0.10002092487968194,0.9835390946502057
0.10023017367650136,0.9835728952772074
0.10043942247332077,0.9836065573770492
0.1006486712701402,0.983640081799591
0.10085792006695961,0.9836734693877551
0.10106716886377903,0.9837067209775967
0.10127641766059846,0.983739837398374
0.10148566645741787,0.9837728194726166
0.1016949152542373,0.9838056680161943
0.1016949152542373,0.9818181818181818
0.1019041640510567,0.9818548387096774
0.10211341284787613,0.9818913480885312
0.10232266164469554,0.9819277108433735
0.10253191044151497,0.9819639278557114
0.10274115923833438,0.982
0.1029504080351538,0.9820359281437125
0.10315965683197321,0.9820717131474104
0.10336890562879264,0.9821073558648111
0.10357815442561205,0.9821428571428571
0.10378740322243148,0.9821782178217822
0.10399665201925089,0.9822134387351779
0.10420590081607031,0.9822485207100592
0.10441514961288972,0.9822834645669292
0.10462439840970915,0.9823182711198428
0.10483364720652856,0.9823529411764705
0.10504289600334799,0.9823874755381604
0.1052521448001674,0.982421875
0.10546139359698682,0.9824561403508771
0.10567064239380623,0.9824902723735408
0.10587989119062566,0.9825242718446602
0.10608913998744507,0.9825581395348837
0.1062983887842645,0.9825918762088974
0.1065076375810839,0.9826254826254827
0.10671688637790333,0.9826589595375722
0.10692613517472274,0.9826923076923076
0.10713538397154217,0.982725527831094
0.10734463276836158,0.9827586206896551
0.107553881565181,0.982791586998088
0.10776313036200041,0.982824427480916
0.10797237915881984,0.9828571428571429
0.10818162795563925,0.9828897338403042
0.10839087675245868,0.9829222011385199
0.10860012554927809,0.9829545454545454
0.10880937434609751,0.9829867674858223
0.10901862314291692,0.9830188679245283
0.10922787193973635,0.9830508474576272
0.10943712073655576,0.9830827067669173
0.10964636953337518,0.9831144465290806
0.1098556183301946,0.9831460674157303
0.11006486712701402,0.983177570093458
0.11027411592383343,0.9832089552238806
0.11048336472065286,0.9832402234636871
0.11069261351747227,0.983271375464684
0.1109018623142917,0.9833024118738405
0.1111111111111111,0.9833333333333333
0.11132035990793053,0.9833641404805915
0.11152960870474994,0.9833948339483395
0.11173885750156937,0.9834254143646409
0.11194810629838878,0.9834558823529411
0.1121573550952082,0.9834862385321101
0.11236660389202763,0.9835164835164835
0.11257585268884704,0.9835466179159049
0.11278510148566646,0.9835766423357665
0.11299435028248588,0.9836065573770492
0.1132035990793053,0.9836363636363636
0.11341284787612471,0.9836660617059891
0.11362209667294414,0.9836956521739131
0.11383134546976355,0.9837251356238698
0.11404059426658297,0.983754512635379
0.11424984306340238,0.9837837837837838
0.11445909186022181,0.9838129496402878
0.11466834065704122,0.9838420107719928
0.11487758945386065,0.9838709677419355
0.11508683825068006,0.9838998211091234
0.11529608704749948,0.9839285714285714
0.1155053358443189,0.983957219251337
0.11571458464113832,0.9839857651245552
0.11592383343795773,0.9840142095914742
0.11613308223477715,0.9840425531914894
0.11634233103159657,0.984070796460177
0.11655157982841599,0.9840989399293286
0.1167608286252354,0.9841269841269841
0.11697007742205483,0.9841549295774648
0.11717932621887424,0.984182776801406
0.11738857501569366,0.9842105263157894
0.11759782381251307,0.9842381786339754
0.1178070726093325,0.9842657342657343
0.11801632140615191,0.9842931937172775
0.11822557020297134,0.9843205574912892
0.11843481899979075,0.9843478260869565
0.11864406779661017,0.984375
0.11885331659342958,0.9844020797227037
0.11906256539024901,0.9844290657439446
0.11927181418706842,0.9844559585492227
0.11948106298388785,0.9844827586206897
0.11969031178070726,0.9845094664371773
0.11989956057752668,0.9845360824742269
0.12010880937434609,0.9845626072041166
0.12031805817116552,0.9845890410958904
0.12052730696798493,0.9846153846153847
0.12073655576480435,0.984641638225256
0.12094580456162377,0.9846678023850085
0.12094580456162377,0.9829931972789115
0.12115505335844319,0.9830220713073005
0.1213643021552626,0.9830508474576272
0.12157355095208203,0.9830795262267343
0.12178279974890144,0.9831081081081081
0.12199204854572086,0.9831365935919055
0.12220129734254027,0.9831649831649831
0.1224105461393597,0.9831932773109243
0.12261979493617911,0.9832214765100671
0.12282904373299854,0.983249581239531
0.12303829252981795,0.9832775919732442
0.12324754132663737,0.9833055091819699
0.12345679012345678,0.9833333333333333
0.12366603892027621,0.9833610648918469
0.12366603892027621,0.9817275747508306
0.12387528771709563,0.9817578772802653
0.12408453651391504,0.9817880794701986
0.12429378531073447,0.9818181818181818
0.12450303410755388,0.9818481848184818
0.1247122829043733,0.9818780889621087
0.12492153170119272,0.9819078947368421
0.12513078049801213,0.9819376026272578
0.12534002929483157,0.9819672131147541
0.12554927809165098,0.9819967266775778
0.1257585268884704,0.9820261437908496
0.1259677756852898,0.9820554649265906
0.12617702448210924,0.9820846905537459
0.12638627327892865,0.9821138211382113
0.12659552207574806,0.9821428571428571
0.12680477087256747,0.9821717990275527
0.12680477087256747,0.9805825242718447
0.1270140196693869,0.9806138933764136
0.12722326846620632,0.9806451612903225
0.12743251726302574,0.9806763285024155
0.12764176605984515,0.9807073954983923
0.12785101485666459,0.9807383627608347
0.128060263653484,0.9807692307692307
0.1282695124503034,0.9808
0.1282695124503034,0.9792332268370607
0.12847876124712282,0.9792663476874003
0.12868801004394226,0.9792993630573248
0.12889725884076167,0.9793322734499205
0.12910650763758108,0.9793650793650793
0.1293157564344005,0.9793977812995246
0.12952500523121993,0.9794303797468354
0.12973425402803934,0.9794628751974723
0.12994350282485875,0.9794952681388013
0.12994350282485875,0.9779527559055118
0.13015275162167816,0.9779874213836478
0.1303620004184976,0.978021978021978
0.13057124921531701,0.9780564263322884
0.13078049801213643,0.9780907668231612
0.13098974680895584,0.978125
0.13119899560577528,0.9781591263650546
0.1314082444025947,0.9781931464174455
0.1316174931994141,0.9782270606531882
0.1316174931994141,0.9767080745341615
0.1318267419962335,0.9767441860465116
0.13203599079305295,0.9767801857585139
0.13224523958987236,0.9768160741885626
0.13224523958987236,0.9753086419753086
0.13245448838669177,0.975346687211094
0.13266373718351118,0.9753846153846154
0.13266373718351118,0.9738863287250384
0.13287298598033062,0.9739263803680982
0.13308223477715003,0.9739663093415007
0.13329148357396944,0.9740061162079511
0.13350073237078885,0.9740458015267176
0.13350073237078885,0.9725609756097561
0.1337099811676083,0.9726027397260274
0.1339192299644277,0.9726443768996961
0.13412847876124712,0.9726858877086495
0.13433772755806653,0.9727272727272728
0.13454697635488597,0.972768532526475
0.13475622515170538,0.972809667673716
0.1349654739485248,0.9728506787330317
0.13517472274534423,0.9728915662650602
0.13538397154216364,0.9729323308270676
0.13559322033898305,0.972972972972973
0.13580246913580246,0.9730134932533733
0.1360117179326219,0.9730538922155688
0.1362209667294413,0.9730941704035875
0.13643021552626072,0.9731343283582089
0.13663946432308013,0.9731743666169895
0.13684871311989957,0.9732142857142857
0.13705796191671898,0.9732540861812778
0.1372672107135384,0.973293768545994
0.1374764595103578,0.9733333333333334
0.13768570830717725,0.9733727810650887
0.13789495710399666,0.9734121122599705
0.13810420590081607,0.9734513274336283
0.13831345469763548,0.9734904270986745
0.13852270349445492,0.9735294117647059
0.13873195229127433,0.973568281938326
0.13894120108809374,0.9736070381231672
0.13915044988491315,0.9736456808199122
0.1393596986817326,0.9736842105263158
0.139568947478552,0.9737226277372263
0.1397781962753714,0.9737609329446064
0.13998744507219082,0.9737991266375546
0.14019669386901026,0.9738372093023255
0.14040594266582967,0.9738751814223512
0.1406151914626491,0.9739130434782609
0.1408244402594685,0.9739507959479016
0.14103368905628794,0.9739884393063584
0.14124293785310735,0.974025974025974
0.14145218664992676,0.9740634005763689
0.14166143544674617,0.9741007194244604
0.1418706842435656,0.9741379310344828
0.14207993304038502,0.9741750358680057
0.14228918183720443,0.9742120343839542
0.14249843063402384,0.9742489270386266
0.14270767943084328,0.9742857142857143
0.1429169282276627,0.9743223965763196
0.1431261770244821,0.9743589743589743
0.14333542582130152,0.9743954480796586
0.14354467461812095,0.9744318181818182
0.14375392341494037,0.9744680851063829
0.14396317221175978,0.9745042492917847
0.1441724210085792,0.9745403111739745
0.14438166980539863,0.9745762711864406
0.14459091860221804,0.9746121297602257
0.14480016739903745,0.9746478873239437
0.14500941619585686,0.9746835443037974
0.1452186649926763,0.9747191011235955
0.1452186649926763,0.9733520336605891
0.1454279137894957,0.9733893557422969
0.14563716258631512,0.9734265734265735
0.14584641138313453,0.973463687150838
0.14605566017995397,0.9735006973500697
0.14626490897677338,0.9735376044568245
0.1464741577735928,0.9735744089012517
0.14668340657041223,0.9736111111111111
0.14689265536723164,0.9736477115117892
0.14710190416405106,0.9736842105263158
0.14731115296087047,0.9737206085753803
0.1475204017576899,0.9737569060773481
0.14772965055450932,0.9737931034482759
0.14793889935132873,0.9738292011019284
0.14814814814814814,0.9738651994497937
0.14835739694496758,0.9739010989010989
0.148566645741787,0.9739368998628258
0.1487758945386064,0.9739726027397261
0.1489851433354258,0.9740082079343365
0.14919439213224525,0.9740437158469946
0.14940364092906466,0.9740791268758526
0.14961288972588407,0.9741144414168937
0.14961288972588407,0.9727891156462585
0.14982213852270349,0.9728260869565217
0.15003138731952292,0.9728629579375848
0.15024063611634234,0.9728997289972899
0.15044988491316175,0.972936400541272
0.15065913370998116,0.972972972972973
0.1508683825068006,0.9730094466936572
0.15107763130362,0.9730458221024259
0.15128688010043942,0.9730820995962315
0.15149612889725883,0.9731182795698925
0.15170537769407827,0.9731543624161074
0.15191462649089768,0.9731903485254692
0.1521238752877171,0.9732262382864793
0.1523331240845365,0.9732620320855615
0.15254237288135594,0.9732977303070761
0.15275162167817535,0.9733333333333334
0.15296087047499476,0.9733688415446072
0.15317011927181418,0.973404255319149
0.15337936806863361,0.9734395750332006
0.15358861686545303,0.9734748010610079
0.15379786566227244,0.9735099337748344
0.15400711445909185,0.9735449735449735
0.1542163632559113,0.9735799207397622
0.1544256120527307,0.9736147757255936
0.1546348608495501,0.9736495388669302
0.15484410964636952,0.9736842105263158
0.15505335844318896,0.973718791064389
0.15526260724000837,0.973753280839895
0.15547185603682778,0.9737876802096985
0.1556811048336472,0.9738219895287958
0.15589035363046663,0.9738562091503268
0.15609960242728604,0.9738903394255874
0.15630885122410546,0.9739243807040417
0.15630885122410546,0.97265625
0.15651810002092487,0.9726918075422627
0.1567273488177443,0.9727272727272728
0.15693659761456372,0.9727626459143969
0.15714584641138313,0.9727979274611399
0.15735509520820257,0.9728331177231565
0.15756434400502198,0.9728682170542635
0.1577735928018414,0.9729032258064516
0.1579828415986608,0.9729381443298969
0.15819209039548024,0.972972972972973
0.15840133919229965,0.9730077120822622
0.15861058798911906,0.9730423620025674
0.15881983678593847,0.9730769230769231
0.1590290855827579,0.9731113956466069
0.15923833437957732,0.9731457800511509
0.15944758317639673,0.9731800766283525
0.15965683197321615,0.9732142857142857
0.15986608077003558,0.9732484076433121
0.160075329566855,0.9732824427480916
0.1602845783636744,0.9733163913595934
0.16049382716049382,0.9733502538071066
0.16049382716049382,0.9721166032953105
0.16070307595731326,0.9721518987341772
0.16091232475413267,0.9721871049304678
0.16112157355095208,0.9722222222222222
0.1613308223477715,0.9722572509457755
0.16154007114459093,0.9722921914357683
0.16174931994141034,0.9723270440251572
0.16195856873822975,0.9723618090452262
0.16216781753504916,0.972396486825596
0.1623770663318686,0.9724310776942355
0.1623770663318686,0.9712140175219024
0.162586315128688,0.97125
0.16279556392550742,0.9712858926342073
0.16300481272232684,0.9713216957605985
0.16321406151914628,0.9713574097135741
0.1634233103159657,0.9713930348258707
0.1636325591127851,0.9714285714285714
0.1638418079096045,0.9714640198511166
0.16405105670642395,0.9714993804213135
0.16426030550324336,0.9715346534653465
0.16446955430006277,0.9715698393077874
0.16467880309688218,0.971604938271605
0.16467880309688218,0.9704069050554871
0.16488805189370162,0.9704433497536946
0.16509730069052103,0.9704797047970479
0.16530654948734044,0.9705159705159705
0.16551579828415985,0.9705521472392638
0.1657250470809793,0.9705882352941176
0.1657250470809793,0.9694002447980417
0.1659342958777987,0.969437652811736
0.16614354467461812,0.9694749694749695
0.16635279347143753,0.9695121951219512
0.16656204226825697,0.9695493300852619
0.16677129106507638,0.9695863746958637
0.1669805398618958,0.9696233292831106
0.1671897886587152,0.9696601941747572
0.16739903745553464,0.9696969696969697
0.16760828625235405,0.9697336561743342
0.16781753504917346,0.969770253929867
0.16802678384599287,0.9698067632850241
0.1682360326428123,0.9698431845597105
0.16844528143963172,0.9698795180722891
0.16865453023645113,0.9699157641395909
0.16886377903327057,0.9699519230769231
0.16907302783008998,0.9699879951980792
0.1692822766269094,0.9700239808153477
0.1694915254237288,0.9700598802395209
0.16970077422054825,0.9700956937799043
0.16970077422054825,0.9689366786140979
0.16991002301736766,0.9689737470167065
0.17011927181418707,0.9690107270560191
0.17032852061100648,0.969047619047619
0.17053776940782592,0.9690844233055886
0.17074701820464533,0.9691211401425178
0.17095626700146474,0.9691577698695136
0.17116551579828415,0.9691943127962085
0.1713747645951036,0.9692307692307692
0.171584013391923,0.9692671394799054
0.1717932621887424,0.9693034238488784
0.17200251098556182,0.9693396226415094
0.17221175978238126,0.9693757361601885
0.17242100857920067,0.9694117647058823
0.17263025737602009,0.9694477085781433
0.1728395061728395,0.9694835680751174
0.17304875496965894,0.9695193434935522
0.17325800376647835,0.9695550351288056
0.17346725256329776,0.9695906432748538
0.17367650136011717,0.969626168224299
0.1738857501569366,0.969661610268378
0.17409499895375602,0.9696969696969697
0.17430424775057543,0.969732246798603
0.17451349654739484,0.9697674418604652
0.17472274534421428,0.9698025551684089
0.1749319941410337,0.9698375870069605
0.1751412429378531,0.9698725376593279
0.17535049173467251,0.9699074074074074
0.17555974053149195,0.9699421965317919
0.17576898932831136,0.9699769053117783
0.17597823812513078,0.9700115340253749
0.1761874869219502,0.9700460829493087
0.17639673571876963,0.9700805523590333
0.17660598451558904,0.9701149425287356
0.17681523331240845,0.9701492537313433
0.17702448210922786,0.9701834862385321
0.1772337309060473,0.9702176403207331
0.1774429797028667,0.9702517162471396
0.17765222849968612,0.9702857142857143
0.17786147729650553,0.9703196347031964
0.17807072609332497,0.9703534777651083
0.17827997489014438,0.9703872437357631
0.1784892236869638,0.9704209328782708
0.1786984724837832,0.9704545454545455
0.17890772128060264,0.9704880817253121
0.17911697007742206,0.9705215419501134
0.17932621887424147,0.970554926387316
0.17932621887424147,0.9694570135746606
0.17953546767106088,0.9694915254237289
0.17974471646788032,0.9695259593679458
0.17995396526469973,0.9695603156708005
0.18016321406151914,0.9695945945945946
0.18037246285833858,0.96962879640045
0.180581711655158,0.9696629213483146
0.1807909604519774,0.9696969696969697
0.1810002092487968,0.9697309417040358
0.18120945804561625,0.9697648376259799
0.18141870684243566,0.9697986577181208
0.18162795563925507,0.9698324022346368
0.18183720443607448,0.9698660714285714
0.18204645323289392,0.9698996655518395
0.18225570202971333,0.9699331848552338
0.18246495082653275,0.9699666295884316
0.18267419962335216,0.97
0.1828834484201716,0.9700332963374029
0.183092697216991,0.9700665188470067
0.18330194601381042,0.9700996677740864
0.18351119481062983,0.9701327433628318
0.18372044360744927,0.9701657458563536
0.18392969240426868,0.9701986754966887
0.1841389412010881,0.9702315325248071
0.1843481899979075,0.9702643171806168
0.18455743879472694,0.9702970297029703
0.18476668759154635,0.9703296703296703
0.18497593638836576,0.9703622392974753
0.18518518518518517,0.9703947368421053
0.18539443398200461,0.9704271631982475
0.18560368277882403,0.9704595185995624
0.18581293157564344,0.9704918032786886
0.18581293157564344,0.9694323144104804
0.18602218037246285,0.9694656488549618
0.1862314291692823,0.9694989106753813
0.1864406779661017,0.969532100108814
0.1866499267629211,0.9695652173913043
0.18685917555974052,0.9695982627578719
0.18706842435655996,0.9696312364425163
0.18727767315337937,0.9696641386782232
0.18748692195019878,0.9696969696969697
0.1876961707470182,0.9697297297297297
0.18790541954383763,0.9697624190064795
0.18811466834065704,0.9697950377562028
0.18832391713747645,0.9698275862068966
0.18853316593429587,0.9698600645855759
0.1887424147311153,0.9698924731182795
0.18895166352793472,0.9699248120300752
0.18916091232475413,0.9699570815450643
0.18937016112157354,0.969989281886388
0.18957940991839298,0.9700214132762313
0.1897886587152124,0.9700534759358289
0.1899979075120318,0.9700854700854701
0.1902071563088512,0.9701173959445037
0.19041640510567065,0.9701492537313433
0.19062565390249006,0.9701810436634718
0.19083490269930947,0.9702127659574468
0.1910441514961289,0.9702444208289054
0.19125340029294832,0.970276008492569
0.19146264908976773,0.9703075291622482
0.19167189788658714,0.9703389830508474
0.19188114668340658,0.9703703703703703
0.192090395480226,0.9704016913319239
0.1922996442770454,0.9704329461457233
0.19250889307386482,0.9704641350210971
0.19271814187068426,0.9704952581664911
0.19292739066750367,0.9705263157894737
0.19313663946432308,0.9705573080967402
0.1933458882611425,0.9705882352941176
0.19355513705796193,0.9706190975865687
0.19376438585478134,0.9706498951781971
0.19397363465160075,0.9706806282722513
0.19418288344842016,0.9707112970711297
0.1943921322452396,0.9707419017763845
0.194601381042059,0.9707724425887265
0.19481062983887842,0.9708029197080292
0.19501987863569784,0.9708333333333333
0.19522912743251727,0.9708636836628513
0.19543837622933669,0.9708939708939709
0.19543837622933669,0.9698857736240913
0.1956476250261561,0.9699170124481328
0.1958568738229755,0.9699481865284975
0.19606612261979495,0.9699792960662525
0.19627537141661436,0.9700103412616339
0.19648462021343377,0.9700413223140496
0.19669386901025318,0.9700722394220846
0.19690311780707262,0.9701030927835051
0.19711236660389203,0.9701338825952626
0.19732161540071144,0.970164609053498
0.19753086419753085,0.9701952723535457
0.1977401129943503,0.9702258726899384
0.1979493617911697,0.9702564102564103
0.19815861058798911,0.9702868852459017
0.19836785938480853,0.970317297850563
0.19857710818162796,0.9703476482617587
0.19878635697844738,0.9703779366700716
0.1989956057752668,0.9704081632653061
0.1992048545720862,0.9704383282364933
0.19941410336890564,0.9704684317718941
0.19962335216572505,0.970498474059003
0.19983260096254446,0.9705284552845529
0.19983260096254446,0.9695431472081218
0.20004184975936387,0.9695740365111561
0.2002510985561833,0.9696048632218845
0.20046034735300272,0.9696356275303644
0.20066959614982213,0.9696663296258847
0.20087884494664154,0.9696969696969697
0.20108809374346098,0.9697275479313825
0.2012973425402804,0.969758064516129
0.2015065913370998,0.9697885196374623
0.20171584013391922,0.9698189134808853
0.20192508893073866,0.9698492462311558
0.20213433772755807,0.9698795180722891
0.20234358652437748,0.9699097291875627
0.20255283532119692,0.969939879759519
0.20276208411801633,0.96996996996997
0.20297133291483574,0.97
0.20318058171165515,0.97002997002997
0.2033898305084746,0.9700598802395209
0.203599079305294,0.9700897308075773
0.2038083281021134,0.9701195219123506
0.20401757689893282,0.9701492537313433
0.20422682569575226,0.9701789264413518
0.20443607449257167,0.9702085402184707
0.20464532328939108,0.9702380952380952
0.20464532328939108,0.9692765113974232
0.2048545720862105,0.9693069306930693
0.20506382088302993,0.9693372898120672
0.20527306967984935,0.9693675889328063
0.20548231847666876,0.9693978282329714
0.20569156727348817,0.9694280078895463
0.2059008160703076,0.9694581280788177
0.20611006486712702,0.969488188976378
0.20631931366394643,0.9695181907571289
0.20652856246076584,0.9695481335952849
0.20673781125758528,0.9695780176643768
0.2069470600544047,0.9696078431372549
0.2071563088512241,0.9696376101860921
0.2073655576480435,0.9696673189823874
0.20757480644486295,0.9696969696969697
0.20778405524168236,0.9697265625
0.20799330403850178,0.9697560975609756
0.2082025528353212,0.969785575048733
0.20841180163214063,0.9698149951314509
0.20862105042896004,0.9698443579766537
0.20883029922577945,0.9698736637512148
0.20903954802259886,0.9699029126213592
0.2092487968194183,0.9699321047526673
0.2094580456162377,0.9699612403100775
0.20966729441305712,0.9699903194578896
0.20987654320987653,0.9700193423597679
0.21008579200669597,0.970048309178744
0.21029504080351538,0.9700772200772201
0.2105042896003348,0.970106075216972
0.2107135383971542,0.9701348747591522
0.21092278719397364,0.9701636188642926
0.21113203599079305,0.9701923076923077
0.21134128478761247,0.9702209414024976
0.21155053358443188,0.9702495201535508
0.21175978238125132,0.9702780441035475
0.21196903117807073,0.9703065134099617
0.21217827997489014,0.970334928229665
0.21238752877170955,0.9703632887189293
0.212596777568529,0.9703915950334289
0.2128060263653484,0.9704198473282443
0.2130152751621678,0.9704480457578646
0.21322452395898722,0.9704761904761905
0.21343377275580666,0.9705042816365367
0.21364302155262607,0.970532319391635
0.21385227034944548,0.9705603038936372
0.21406151914626492,0.9705882352941176
0.21427076794308433,0.9706161137440759
0.21448001673990374,0.9706439393939394
0.21468926553672316,0.9706717123935666
0.2148985143335426,0.9706994328922496
0.215107763130362,0.9707271010387157
0.215107763130362,0.969811320754717
0.215107763130362,0.9688972667295005
0.21531701192718142,0.9689265536723164
0.21552626072400083,0.9689557855126999
0.21573550952082027,0.9689849624060151
0.21594475831763968,0.9690140845070423
0.2161540071144591,0.9690431519699813
0.2163632559112785,0.9690721649484536
0.21657250470809794,0.9691011235955056
0.21678175350491735,0.9691300280636108
0.21699100230173676,0.9691588785046729
0.21720025109855617,0.969187675070028
0.2174094998953756,0.9692164179104478
0.21761874869219502,0.9692451071761417
0.21782799748901444,0.9692737430167597
0.21803724628583385,0.9693023255813954
0.21824649508265329,0.9693308550185874
0.2184557438794727,0.9693593314763231
0.2186649926762921,0.9693877551020408
0.21887424147311152,0.969416126042632
0.21908349026993096,0.9694444444444444
0.21929273906675037,0.969472710453284
0.21950198786356978,0.9695009242144177
0.2197112366603892,0.9695290858725761
0.21992048545720863,0.9695571955719557
0.22012973425402804,0.9695852534562212
0.22033898305084745,0.9696132596685083
0.22054823184766686,0.9696412143514259
0.2207574806444863,0.9696691176470589
0.22096672944130571,0.9696969696969697
0.22117597823812513,0.9697247706422019
0.22138522703494454,0.9697525206232814
0.22159447583176398,0.9697802197802198
0.2218037246285834,0.969807868252516
0.2220129734254028,0.9698354661791591
0.2222222222222222,0.9698630136986301
0.22243147101904165,0.9698905109489051
0.22264071981586106,0.9699179580674567
0.22284996861268047,0.9699453551912568
0.22305921740949988,0.9699727024567789
0.22326846620631932,0.97
0.22347771500313873,0.9700272479564033
0.22368696379995814,0.97005444646098
0.22389621259677756,0.970081595648232
0.224105461393597,0.970108695652174
0.2243147101904164,0.9701357466063348
0.22452395898723582,0.9701627486437613
0.22473320778405526,0.9701897018970189
0.22494245658087467,0.970216606498195
0.22515170537769408,0.9702434625788999
0.2253609541745135,0.9702702702702702
0.22557020297133293,0.9702970297029703
0.22577945176815234,0.9703237410071942
0.22598870056497175,0.9703504043126685
0.22619794936179116,0.9703770197486535
0.2264071981586106,0.9704035874439462
0.22661644695543,0.9704301075268817
0.22661644695543,0.9695613249776186
0.22682569575224942,0.9695885509838998
0.22703494454906883,0.9696157283288651
0.22724419334588827,0.9696428571428571
0.22745344214270768,0.9696699375557538
0.2276626909395271,0.9696969696969697
0.2278719397363465,0.9697239536954586
0.22808118853316595,0.9697508896797153
0.22829043732998536,0.9697777777777777
0.22849968612680477,0.9698046181172292
0.22870893492362418,0.9698314108251996
0.22891818372044362,0.9698581560283688
0.22912743251726303,0.9698848538529672
0.22933668131408244,0.9699115044247788
0.22954593011090185,0.9699381078691424
0.2297551789077213,0.9699646643109541
0.2299644277045407,0.969991173874669
0.2301736765013601,0.9700176366843033
0.23038292529817953,0.9700440528634361
0.23059217409499896,0.9700704225352113
0.23080142289181838,0.9700967458223395
0.2310106716886378,0.9701230228471002
0.2310106716886378,0.9692712906057945
0.2312199204854572,0.9692982456140351
0.23142916928227664,0.9693251533742331
0.23163841807909605,0.9693520140105079
0.23184766687591546,0.9693788276465442
0.23205691567273487,0.9694055944055944
0.2322661644695543,0.9694323144104804
0.23247541326637372,0.9694589877835951
0.23268466206319313,0.969485614646905
0.23289391086001254,0.9695121951219512
0.23310315965683198,0.9695387293298521
0.2333124084536514,0.9695652173913043
0.2335216572504708,0.9695916594265855
0.23373090604729022,0.9696180555555556
0.23394015484410965,0.9696444058976583
0.23414940364092907,0.9696707105719238
0.23435865243774848,0.9696969696969697
0.2345679012345679,0.9697231833910035
0.23477715003138733,0.9697493517718236
0.23498639882820674,0.9697754749568221
0.23519564762502615,0.9698015530629853
0.23540489642184556,0.9698275862068966
0.235614145218665,0.9698535745047373
0.2358233940154844,0.9698795180722891
0.23603264281230382,0.9699054170249355
0.23603264281230382,0.9690721649484536
0.23624189160912326,0.9690987124463519
0.23645114040594267,0.9691252144082333
0.23666038920276208,0.9691516709511568
0.2368696379995815,0.9691780821917808
0.23707888679640093,0.9692044482463644
0.23728813559322035,0.9692307692307692
0.23749738439003976,0.9692570452604612
0.23770663318685917,0.9692832764505119
0.2379158819836786,0.969309462915601
0.23812513078049802,0.969335604770017
0.23833437957731743,0.9693617021276596
0.23854362837413684,0.9693877551020408
0.23875287717095628,0.9694137638062872
0.2389621259677757,0.969439728353141
0.2391713747645951,0.9694656488549618
0.2393806235614145,0.9694915254237289
0.23958987235823395,0.9695173581710415
0.23979912115505336,0.9695431472081218
0.24000836995187277,0.9695688926458157
0.24021761874869219,0.9695945945945946
0.24021761874869219,0.9687763713080169
0.24042686754551162,0.9688026981450253
0.24063611634233104,0.9688289806234204
0.24084536513915045,0.9688552188552189
0.24105461393596986,0.9688814129520605
0.2412638627327893,0.9689075630252101
0.2414731115296087,0.9689336691855583
0.24168236032642812,0.9689597315436241
0.24189160912324753,0.9689857502095558
0.24210085792006697,0.9690117252931323
0.24210085792006697,0.9682008368200837
0.24231010671688638,0.9682274247491639
0.2425193555137058,0.9682539682539683
0.2427286043105252,0.9682804674457429
0.24293785310734464,0.9683069224353628
0.24314710190416405,0.9683333333333334
0.24335635070098346,0.9683597002497918
0.24356559949780288,0.9683860232945092
0.24377484829462231,0.9684123025768911
0.24398409709144173,0.96843853820598
0.24419334588826114,0.9684647302904564
0.24440259468508055,0.9684908789386402
0.2446118434819,0.9685169842584921
0.2448210922787194,0.9685430463576159
0.2450303410755388,0.9685690653432589
0.24523958987235822,0.968595041322314
0.24544883866917766,0.9686209744013212
0.24565808746599707,0.9686468646864687
0.24586733626281648,0.9686727122835944
0.2460765850596359,0.9686985172981878
0.24628583385645533,0.968724279835391
0.24649508265327474,0.96875
0.24670433145009416,0.9687756778964667
0.24691358024691357,0.9688013136288999
0.247122829043733,0.9688269073010665
0.24733207784055242,0.9688524590163935
0.24754132663737183,0.9688779688779688
0.24775057543419127,0.9689034369885434
0.24795982423101068,0.9689288634505315
0.2481690730278301,0.9689542483660131
0.2483783218246495,0.9689795918367347
0.24858757062146894,0.9690048939641109
0.24858757062146894,0.9682151589242054
0.24879681941828835,0.9682410423452769
0.24900606821510776,0.96826688364524
0.24921531701192717,0.9682926829268292
0.2494245658087466,0.9683184402924452
0.24963381460556602,0.9683441558441559
0.24984306340238543,0.9683698296836983
0.2500523121992049,0.9683954619124797
0.25026156099602426,0.968421052631579
0.2504708097928437,0.9684466019417476
0.25068005858966314,0.9684721099434115
0.25068005858966314,0.9676898222940227
0.2508893073864825,0.9677158999192897
0.25109855618330196,0.967741935483871
0.25130780498012134,0.967767929089444
0.2515170537769408,0.9677938808373591
0.2517263025737602,0.9678197908286403
0.2519355513705796,0.9678456591639871
0.25214480016739904,0.9678714859437751
0.2523540489642185,0.9678972712680578
0.25256329776103786,0.9679230152365678
0.2527725465578573,0.967948717948718
0.2529817953546767,0.9679743795036029
0.2531910441514961,0.968
0.25340029294831556,0.9680255795363709
0.25360954174513495,0.9680511182108626
0.2538187905419544,0.9680766161213089
0.2538187905419544,0.967304625199362
0.2538187905419544,0.9665338645418327
0.2540280393387738,0.9665605095541401
0.2542372881355932,0.9665871121718377
0.25444653693241265,0.9666136724960255
0.25465578572923203,0.9666401906274821
0.25486503452605147,0.9666666666666667
0.2550742833228709,0.9666931007137193
0.2552835321196903,0.9667194928684627
0.25549278091650973,0.9667458432304038
0.25570202971332917,0.9667721518987342
0.25591127851014855,0.966798418972332
0.256120527306968,0.966824644549763
0.2563297761037874,0.9668508287292817
0.2565390249006068,0.9668769716088328
0.25674827369742625,0.966903073286052
0.25695752249424564,0.9669291338582677
0.2571667712910651,0.9669551534225019
0.2573760200878845,0.9669811320754716
0.2575852688847039,0.96700706991359
0.25779451768152334,0.967032967032967
0.2580037664783427,0.9670588235294117
0.25821301527516216,0.9670846394984326
0.2584222640719816,0.9671104150352389
0.258631512868801,0.9671361502347418
0.2588407616656204,0.9671618451915559
0.2588407616656204,0.96640625
0.25905001046243986,0.9664324746291959
0.25925925925925924,0.9664586583463338
0.2594685080560787,0.9664848012470771
0.2596777568528981,0.9665109034267912
0.2598870056497175,0.9665369649805448
0.26009625444653695,0.9665629860031104
0.26030550324335633,0.9665889665889665
0.26051475204017577,0.9666149068322981
0.2607240008369952,0.9666408068269977
0.2609332496338146,0.9666666666666667
0.26114249843063403,0.9666924864446166
0.26135174722745347,0.9667182662538699
0.26135174722745347,0.9659706109822119
0.26156099602427285,0.9659969088098919
0.2617702448210923,0.9660231660231661
0.2619794936179117,0.9660493827160493
0.2621887424147311,0.9660755589822668
0.26239799121155055,0.9661016949152542
0.26260724000836994,0.9661277906081601
0.2628164888051894,0.9661538461538461
0.2630257376020088,0.9661798616448886
0.2632349863988282,0.9662058371735791
0.26344423519564764,0.9662317728319263
0.263653483992467,0.9662576687116564
0.26386273278928646,0.9662835249042145
0.2640719815861059,0.9663093415007658
0.2642812303829253,0.9663351185921959
0.2644904791797447,0.9663608562691132
0.26469972797656416,0.9663865546218487
0.26469972797656416,0.9656488549618321
0.26490897677338354,0.965675057208238
0.265118225570203,0.9657012195121951
0.26532747436702236,0.9657273419649657
0.2655367231638418,0.9657534246575342
0.26574597196066124,0.9657794676806084
0.2659552207574806,0.96580547112462
0.26616446955430006,0.9658314350797267
0.2663737183511195,0.9658573596358119
0.2665829671479389,0.9658832448824868
0.2667922159447583,0.9659090909090909
0.2670014647415777,0.9659348978046934
0.26721071353839715,0.9659606656580938
0.2674199623352166,0.9659863945578231
0.26762921113203597,0.966012084592145
0.2678384599288554,0.9660377358490566
0.26804770872567485,0.9660633484162896
0.26825695752249423,0.9660889223813113
0.26846620631931367,0.9661144578313253
0.26867545511613306,0.9661399548532731
0.2688847039129525,0.9661654135338346
0.26909395270977193,0.966190833959429
0.2693032015065913,0.9662162162162162
0.26951245030341076,0.9662415603900976
0.2697216991002302,0.9662668665667167
0.2699309478970496,0.9662921348314607
0.270140196693869,0.9663173652694611
0.27034944549068846,0.9663425579655947
0.27055869428750784,0.9663677130044843
0.27055869428750784,0.9656460044809559
0.2707679430843273,0.9656716417910448
0.27097719188114666,0.9656972408650261
0.2711864406779661,0.9657228017883756
0.27139568947478554,0.9657483246463142
0.2716049382716049,0.9657738095238095
0.27181418706842436,0.9657992565055762
0.2720234358652438,0.9658246656760773
0.2722326846620632,0.9658500371195249
0.2724419334588826,0.9658753709198813
0.272651182255702,0.9659006671608599
0.27286043105252145,0.965925925925926
0.2730696798493409,0.9659511472982976
0.27327892864616027,0.9659763313609467
0.2734881774429797,0.9660014781966001
0.27369742623979915,0.96602658788774
0.27390667503661853,0.9660516605166052
0.27411592383343797,0.9660766961651918
0.27432517263025735,0.9661016949152542
0.2745344214270768,0.9661266568483063
0.27474367022389623,0.9661515820456218
0.2749529190207156,0.9661764705882353
0.27516216781753505,0.9662013225569435
0.27516216781753505,0.9654919236417033
0.2753714166143545,0.9655172413793104
0.2755806654111739,0.9655425219941349
0.2757899142079933,0.9655677655677656
0.2759991630048127,0.9655929721815519
0.27620841180163214,0.9656181419166057
0.2764176605984516,0.9656432748538012
0.27662690939527096,0.9656683710737765
0.2768361581920904,0.9656934306569344
0.27704540698890984,0.9657184536834428
0.2772546557857292,0.9657434402332361
0.27746390458254866,0.965768390386016
0.27746390458254866,0.9650655021834061
0.27767315337936804,0.9650909090909091
0.2778824021761875,0.9651162790697675
0.2778824021761875,0.9644153957879448
0.2780916509730069,0.9644412191582002
0.2783008997698263,0.9644670050761421
0.27851014856664574,0.9644927536231884
0.2787193973634652,0.9645184648805214
0.27892864616028457,0.9645441389290883
0.279137894957104,0.9645697758496024
0.2793471437539234,0.9645953757225434
0.2793471437539234,0.9638989169675091
0.2795563925507428,0.963924963924964
0.27976564134756227,0.9639509733237203
0.27997489014438165,0.9639769452449568
0.2801841389412011,0.9640028797696184
0.2803933877380205,0.9640287769784173
0.2806026365348399,0.9640546369518332
0.2806026365348399,0.9633620689655172
0.28081188533165935,0.9633883704235463
0.2810211341284788,0.9634146341463414
0.2812303829252982,0.9634408602150538
0.2814396317221176,0.9634670487106017
0.281648880518937,0.9634931997136722
0.28185812931575643,0.9635193133047211
0.2820673781125759,0.9635453895639743
0.2820673781125759,0.9628571428571429
0.28227662690939526,0.9628836545324768
0.2824858757062147,0.9629101283880172
0.28269512450303413,0.9629365645046329
0.2829043732998535,0.9629629629629629
0.28311362209667296,0.9629893238434164
0.28332287089349234,0.9630156472261735
0.2835321196903118,0.9630419331911869
0.2837413684871312,0.9630681818181818
0.2839506172839506,0.9630943931866572
0.28415986608077004,0.9631205673758865
0.2843691148775895,0.9631467044649185
0.28457836367440886,0.9631728045325779
0.2847876124712283,0.9631988676574664
0.2849968612680477,0.9632248939179632
0.2852061100648671,0.9632508833922262
0.28541535886168656,0.963276836158192
0.28562460765850595,0.963302752293578
0.2858338564553254,0.9633286318758815
0.2860431052521448,0.9633544749823819
0.2862523540489642,0.9633802816901409
0.28646160284578365,0.9634060520760028
0.28667085164260303,0.9634317862165963
0.28688010043942247,0.9634574841883345
0.2870893492362419,0.9634831460674157
0.2872985980330613,0.9635087719298245
0.28750784682988073,0.9635343618513323
0.28771709562670017,0.9635599159074982
0.28792634442351955,0.9635854341736695
0.288135593220339,0.9636109167249826
0.2883448420171584,0.9636363636363636
0.2885540908139778,0.9636617749825297
0.28876333961079725,0.9636871508379888
0.28897258840761664,0.9637124912770412
0.2891818372044361,0.9637377963737797
0.2893910860012555,0.9637630662020906
0.2896003347980749,0.9637883008356546
0.28980958359489434,0.9638135003479471
0.2900188323917137,0.9638386648122392
0.29022808118853316,0.9638637943015983
0.2904373299853526,0.9638888888888889
0.290646578782172,0.963913948646773
0.2908558275789914,0.9639389736477115
0.29106507637581086,0.963963963963964
0.29127432517263024,0.96398891966759
0.2914835739694497,0.9640138408304498
0.29169282276626907,0.9640387275242047
0.2919020715630885,0.9640635798203179
0.29211132035990794,0.9640883977900553
0.29232056915672733,0.9641131815044859
0.29252981795354677,0.9641379310344828
0.2927390667503662,0.9641626464507237
0.2929483155471856,0.9641873278236914
0.29315756434400503,0.9642119752236752
0.29336681314082447,0.9642365887207703
0.29357606193764385,0.9642611683848797
0.2937853107344633,0.9642857142857143
0.2939945595312827,0.9643102264927934
0.2942038083281021,0.9643347050754458
0.29441305712492155,0.9643591501028101
0.29462230592174093,0.9643835616438357
0.2948315547185604,0.9644079397672827
0.2950408035153798,0.9644322845417237
0.2952500523121992,0.9644565960355435
0.29545930110901863,0.9644808743169399
0.295668549905838,0.9645051194539249
0.29587779870265746,0.9645293315143247
0.2960870474994769,0.9645535105657805
0.2962962962962963,0.9645776566757494
0.2965055450931157,0.9646017699115044
0.29671479388993516,0.964625850340136
0.29692404268675454,0.964649898028552
0.297133291483574,0.9646739130434783
0.29734254028039336,0.9646978954514596
0.2975517890772128,0.9647218453188603
0.29776103787403224,0.9647457627118644
0.2979702866708516,0.964769647696477
0.29817953546767106,0.9647935003385241
0.2983887842644905,0.9648173207036536
0.2985980330613099,0.964841108857336
0.2988072818581293,0.9648648648648649
0.2990165306549487,0.9648885887913572
0.29922577945176815,0.9649122807017544
0.2994350282485876,0.9649359406608227
0.29964427704540697,0.9649595687331537
0.2998535258422264,0.9649831649831649
0.30006277463904585,0.9650067294751009
0.30027202343586523,0.9650302622730329
0.30048127223268467,0.9650537634408602
0.30069052102950405,0.9650772330423103
0.3008997698263235,0.9651006711409396
0.30110901862314293,0.9651240778001341
0.3013182674199623,0.9651474530831099
0.30152751621678175,0.9651707970529136
0.3017367650136012,0.965194109772423
0.3019460138104206,0.9652173913043478
0.30215526260724,0.9652406417112299
0.3023645114040594,0.9652638610554443
0.30257376020087884,0.965287049399199
0.3027830089976983,0.9653102068045364
0.30299225779451766,0.9653333333333334
0.3032015065913371,0.9653564290473018
0.30341075538815654,0.9653794940079894
0.3036200041849759,0.9654025282767797
0.30382925298179536,0.9654255319148937
0.3040385017786148,0.9654485049833887
0.3042477505754342,0.9654714475431607
0.3044569993722536,0.9654943596549436
0.304666248169073,0.9655172413793104
0.30487549696589245,0.9655400927766733
0.3050847457627119,0.9655629139072848
0.30529399455953127,0.9655857048312376
0.3055032433563507,0.9656084656084656
0.30571249215317015,0.9656311962987442
0.30592174094998953,0.9656538969616909
0.30613098974680897,0.9656765676567657
0.30634023854362835,0.9656992084432717
0.3065494873404478,0.965721819380356
0.30675873613726723,0.9657444005270093
0.3069679849340866,0.9657669519420672
0.30717723373090605,0.9657894736842105
0.3073864825277255,0.9658119658119658
0.3075957313245449,0.9658344283837057
0.3078049801213643,0.9658568614576494
0.3080142289181837,0.9658792650918635
0.30822347771500314,0.9659016393442623
0.3084327265118226,0.9659239842726082
0.30864197530864196,0.9659462999345121
0.3088512241054614,0.9659685863874345
0.30906047290228084,0.9659908436886854
0.3092697216991002,0.9660130718954248
0.3092697216991002,0.9653821032005225
0.30947897049591966,0.9654046997389034
0.30968821929273904,0.9654272667971298
0.3098974680895585,0.9654498044328553
0.3101067168863779,0.965472312703583
0.3103159656831973,0.9654947916666666
0.31052521448001674,0.9655172413793104
0.3107344632768362,0.9655396618985695
0.31094371207365556,0.9655620532813515
0.311152960870475,0.9655844155844155
0.3113622096672944,0.9656067488643738
0.3115714584641138,0.9656290531776913
0.31178070726093327,0.9656513285806869
0.31198995605775265,0.9656735751295337
0.3121992048545721,0.9656957928802589
0.3124084536513915,0.9657179818887451
0.3126177024482109,0.9657401422107305
0.31282695124503035,0.9657622739018088
0.31303620004184973,0.9657843770174306
0.31324544883866917,0.9658064516129032
0.3134546976354886,0.9658284977433914
0.313663946432308,0.9658505154639175
0.31387319522912743,0.9658725048293625
0.31408244402594687,0.9658944658944659
0.31429169282276626,0.9659163987138264
0.3145009416195857,0.9659383033419023
0.31471019041640513,0.9659601798330122
0.3149194392132245,0.9659820282413351
0.31512868801004396,0.9660038486209108
0.31533793680686334,0.966025641025641
0.3155471856036828,0.9660474055092889
0.3157564344005022,0.9660691421254801
0.3159656831973216,0.9660908509277031
0.31617493199414104,0.9661125319693095
0.3163841807909605,0.9661341853035144
0.31659342958777986,0.9661558109833972
0.3168026783845993,0.9661774090619017
0.3170119271814187,0.9661989795918368
0.3172211759782381,0.9662205226258763
0.3172211759782381,0.9656050955414013
0.31743042477505756,0.9656269891788669
0.31763967357187695,0.9656488549618321
0.3178489223686964,0.9656706929434202
0.3180581711655158,0.96569250317662
0.3182674199623352,0.9657142857142857
0.3182674199623352,0.9651015228426396
0.31847666875915465,0.9651236525047558
0.31868591755597403,0.9651457541191382
0.31889516635279347,0.9651678277390754
0.3191044151496129,0.9651898734177216
0.3193136639464323,0.9652118912080961
0.31952291274325173,0.9652338811630847
0.31973216154007117,0.965255843335439
0.31994141033689055,0.9652777777777778
0.32015065913371,0.9652996845425867
0.3203599079305294,0.9653215636822194
0.3205691567273488,0.9653434152488973
0.32077840552416825,0.9653652392947103
0.32098765432098764,0.9653870358716173
0.3211969031178071,0.9654088050314465
0.3214061519146265,0.9654305468258957
0.3216154007114459,0.9654522613065326
0.32182464950826534,0.965473948524796
0.3220338983050847,0.965495608531995
0.32224314710190416,0.9655172413793104
0.32224314710190416,0.9649122807017544
0.3224523958987236,0.9649342517219787
0.322661644695543,0.9649561952440551
0.3228708934923624,0.9649781113195748
0.3228708934923624,0.964375
0.32308014228918186,0.9643972517176764
0.32328939108600124,0.9644194756554307
0.3234986398828207,0.9644416718652526
0.32370788867964007,0.9644638403990025
0.3239171374764595,0.9644859813084112
0.32412638627327894,0.9645080946450809
0.32412638627327894,0.9639079029247044
0.3243356350700983,0.9639303482587065
0.32454488386691777,0.963952765692977
0.3247541326637372,0.9639751552795031
0.3249633814605566,0.9639975170701428
0.325172630257376,0.9640198511166254
0.3253818790541954,0.9640421574705518
0.32559112785101485,0.9640644361833953
0.3258003766478343,0.9640866873065016
0.3260096254446537,0.9641089108910891
0.3262188742414731,0.9641311069882499
0.32642812303829255,0.9641532756489494
0.32663737183511193,0.9641754169240272
0.3268466206319314,0.9641975308641976
0.3270558694287508,0.9642196175200494
0.3272651182255702,0.9642416769420469
0.32747436702238963,0.9642637091805298
0.327683615819209,0.9642857142857143
0.32789286461602846,0.9643076923076923
0.3281021134128479,0.964329643296433
0.3283113622096673,0.9643515673017824
0.3285206110064867,0.9643734643734644
0.32872985980330616,0.9643953345610804
0.32893910860012554,0.9644171779141104
0.329148357396945,0.964438994481913
0.32935760619376436,0.9644607843137255
0.3295668549905838,0.964482547458665
0.32977610378740324,0.9645042839657283
0.3299853525842226,0.964525993883792
0.33019460138104206,0.9645476772616137
0.3304038501778615,0.9645693341478314
0.3304038501778615,0.963980463980464
0.3306130989746809,0.9640024405125076
0.3308223477715003,0.9640243902439024
0.3310315965683197,0.9640463132236441
0.33124084536513915,0.964068209500609
0.3314500941619586,0.9640900791235545
0.33165934295877797,0.9641119221411192
0.3318685917555974,0.9641337386018237
0.33207784055241685,0.9641555285540705
0.33228708934923623,0.9641772920461446
0.33249633814605567,0.9641990291262136
0.33270558694287505,0.9642207398423287
0.3329148357396945,0.9642424242424242
0.33312408453651393,0.9642640823743186
0.3333333333333333,0.9642857142857143
0.33354258213015275,0.9643073200241984
0.3337518309269722,0.964328899637243
0.3339610797237916,0.9643504531722055
0.334170328520611,0.9643719806763285
0.3343795773174304,0.9643934821967411
0.33458882611424984,0.9644149577804584
0.3347980749110693,0.9644364074743822
0.33500732370788866,0.9644578313253012
0.3352165725047081,0.9644792293798916
0.33542582130152754,0.9645006016847172
0.3356350700983469,0.9645219482862297
0.33584431889516636,0.9645432692307693
0.33605356769198574,0.9645645645645645
0.3362628164888052,0.9645858343337335
0.3364720652856246,0.9646070785842832
0.336681314082444,0.9646282973621103
0.33689056287926344,0.9646494907130018
0.3370998116760829,0.9646706586826347
0.33730906047290227,0.964691801316577
0.3375183092697217,0.9647129186602871
0.33772755806654114,0.9647340107591154
0.33793680686336053,0.9647550776583035
0.33814605566017997,0.964776119402985
0.33835530445699935,0.9647971360381862
0.3385645532538188,0.9648181276088252
0.33877380205063823,0.9648390941597139
0.3389830508474576,0.9648600357355569
0.33919229964427705,0.9648809523809524
0.3394015484410965,0.9649018441403926
0.3396107972379159,0.964922711058264
0.3398200460347353,0.9649435531788473
0.3400292948315547,0.9649643705463183
0.34023854362837413,0.9649851632047478
0.3404477924251936,0.965005931198102
0.34065704122201296,0.965026674570243
0.3408662900188324,0.965047393364929
0.34107553881565184,0.9650680876258141
0.3412847876124712,0.9650887573964497
0.34149403640929066,0.9651094027202839
0.34170328520611004,0.9651300236406619
0.3419125340029295,0.965150620200827
0.3421217827997489,0.9651711924439197
0.3423310315965683,0.9651917404129794
0.34254028039338774,0.9652122641509434
0.3427495291902072,0.9652327637006483
0.34295877798702656,0.9652532391048292
0.343168026783846,0.9652736904061212
0.3433772755806654,0.9652941176470589
0.3435865243774848,0.9653145208700764
0.34379577317430426,0.9653349001175088
0.34400502197112365,0.9653552554315913
0.3442142707679431,0.9653755868544601
0.3444235195647625,0.9653958944281525
0.3446327683615819,0.9654161781946072
0.34484201715840135,0.9654364381956649
0.34505126595522073,0.9654566744730679
0.34526051475204017,0.9654768870684611
0.3454697635488596,0.9654970760233919
0.345679012345679,0.9655172413793104
0.34588826114249843,0.9655373831775701
0.34609750993931787,0.9655575014594279
0.34630675873613725,0.9655775962660443
0.34630675873613725,0.9650145772594753
0.3465160075329567,0.965034965034965
0.3467252563297761,0.965055329062318
0.3469345051265955,0.9650756693830035
0.34714375392341495,0.9650959860383944
0.34735300272023434,0.9651162790697675
0.3475622515170538,0.9651365485183033
0.3477715003138732,0.9651567944250871
0.3479807491106926,0.9651770168311086
0.34818999790751204,0.9651972157772621
0.3483992467043315,0.9652173913043478
0.34860849550115086,0.9652375434530707
0.3488177442979703,0.9652576722640417
0.3490269930947897,0.9652777777777778
0.3492362418916091,0.9652978600347022
0.34944549068842856,0.9653179190751445
0.34965473948524795,0.9653379549393414
0.3498639882820674,0.9653579676674365
0.3500732370788868,0.9653779572994806
0.3502824858757062,0.9653979238754326
0.35049173467252565,0.9654178674351584
0.35070098346934503,0.9654377880184332
0.35091023226616447,0.9654576856649395
0.3511194810629839,0.9654775604142692
0.3513287298598033,0.9654974123059229
0.3513287298598033,0.9649425287356321
0.35153797865662273,0.9649626651349799
0.35174722745344217,0.9649827784156142
0.35195647625026155,0.9650028686173264
0.352165725047081,0.9650229357798165
0.3523749738439004,0.9650429799426934
0.3525842226407198,0.9650630011454754
0.35279347143753925,0.9650829994275901
0.35300272023435864,0.9651029748283753
0.3532119690311781,0.9651229273870783
0.3534212178279975,0.9651428571428572
0.3536304666248169,0.9651627641347801
0.35383971542163634,0.9651826484018264
0.3540489642184557,0.9652025099828865
0.35425821301527516,0.9652223489167617
0.35425821301527516,0.9646723646723647
0.3544674618120946,0.9646924829157175
0.354676710608914,0.964712578258395
0.3548859594057334,0.9647326507394767
0.35509520820255286,0.9647527003979534
0.35530445699937224,0.9647727272727272
0.3555137057961917,0.9647927314026121
0.35572295459301106,0.9648127128263337
0.3559322033898305,0.9648326715825298
0.35614145218664994,0.9648526077097506
0.3563507009834693,0.964872521246459
0.35655994978028877,0.9648924122310306
0.3567691985771082,0.9649122807017544
0.3569784473739276,0.9649321266968326
0.357187696170747,0.964951950254381
0.3573969449675664,0.9649717514124294
0.35760619376438585,0.9649915302089215
0.35760619376438585,0.9644469525959368
0.3578154425612053,0.9644670050761421
0.35802469135802467,0.9644870349492672
0.3582339401548441,0.9645070422535211
0.35844318895166355,0.964527027027027
0.35865243774848293,0.9645469893078221
0.35886168654530237,0.9645669291338582
0.35907093534212176,0.9645868465430016
0.3592801841389412,0.9646067415730337
0.35948943293576063,0.9646266142616507
0.35969868173258,0.9646464646464646
0.35990793052939946,0.9646662927650028
0.3601171793262189,0.9646860986547086
0.3603264281230383,0.9647058823529412
0.3605356769198577,0.9647256438969765
0.36074492571667716,0.9647453833240067
0.36095417451349654,0.964765100671141
0.361163423310316,0.9647847959754052
0.36137267210713536,0.964804469273743
0.3615819209039548,0.964824120603015
0.36179116970077424,0.96484375
0.36179116970077424,0.9643056330172894
0.3620004184975936,0.9643255295429208
0.36220966729441306,0.9643454038997215
0.3624189160912325,0.9643652561247216
0.3624189160912325,0.9638286032276016
0.3626281648880519,0.9638487208008899
0.3628374136848713,0.9638688160088938
0.3628374136848713,0.9633333333333334
0.3630466624816907,0.963353692393115
0.36325591127851015,0.9633740288568258
0.3634651600753296,0.9633943427620633
0.36367440887214897,0.9634146341463414
0.3638836576689684,0.9634349030470915
0.36409290646578785,0.9634551495016611
0.36430215526260723,0.9634753735473159
0.36451140405942667,0.963495575221239
0.36472065285624605,0.9635157545605307
0.3649299016530655,0.96353591160221
0.36513915044988493,0.9635560463832137
0.3653483992467043,0.9635761589403974
0.36555764804352375,0.963596249310535
0.3657668968403432,0.9636163175303197
0.3659761456371626,0.9636363636363636
0.366185394433982,0.9636563876651982
0.366185394433982,0.9631260319207485
0.3663946432308014,0.9631463146314632
0.36660389202762084,0.9631665750412315
0.3668131408244403,0.9631868131868132
0.36702238962125966,0.9632070291048874
0.3672316384180791,0.9632272228320526
0.3672316384180791,0.9626988480526605
0.36744088721489854,0.9627192982456141
0.3676501360117179,0.9627397260273972
0.36785938480853736,0.9627601314348302
0.36806863360535674,0.9627805145046524
0.3682778824021762,0.962800875273523
0.3684871311989956,0.9628212137780208
0.368696379995815,0.9628415300546448
0.368696379995815,0.9623156744948116
0.36890562879263444,0.9623362445414847
0.3691148775894539,0.9623567921440261
0.36932412638627327,0.9623773173391494
0.3695333751830927,0.9623978201634877
0.3697426239799121,0.9624183006535948
0.3699518727767315,0.9624387588459444
0.37016112157355097,0.9624591947769314
0.37037037037037035,0.9624796084828712
0.3705796191671898,0.9625
0.37078886796400923,0.9625203693644758
0.3709981167608286,0.9625407166123778
0.37120736555764805,0.962561041779707
0.3714166143544675,0.9625813449023861
0.3716258631512869,0.9626016260162602
0.3718351119481063,0.9626218851570965
0.3720443607449257,0.9626421223605848
0.3720443607449257,0.9621212121212122
0.37225360954174513,0.9621416982152515
0.3724628583385646,0.9621621621621622
0.37267210713538396,0.9621826039978391
0.3728813559322034,0.9622030237580994
0.3728813559322034,0.9616837560712358
0.37309060472902283,0.9617044228694714
0.3732998535258422,0.9617250673854447
0.37350910232266166,0.9617456896551724
0.37371835111948104,0.9617662897145934
0.3739275999163005,0.9617868675995694
0.3741368487131199,0.9618074233458849
0.3743460975099393,0.9618279569892473
0.37455534630675874,0.9618484685652875
0.3747645951035782,0.9618689581095596
0.37497384390039756,0.9618894256575417
0.375183092697217,0.9619098712446352
0.3753923414940364,0.9619302949061662
0.3756015902908558,0.9619506966773848
0.37581083908767526,0.9619710765934655
0.37602008788449465,0.9619914346895075
0.3762293366813141,0.962011771000535
0.3764385854781335,0.9620320855614973
0.3766478342749529,0.9620523784072689
0.37685708307177235,0.9620726495726496
0.37706633186859173,0.9620928990923652
0.37727558066541117,0.9621131270010672
0.3774848294622306,0.9621333333333333
0.37769407825905,0.9621535181236673
0.37790332705586943,0.9621736814064997
0.37811257585268887,0.9621938232161874
0.37832182464950825,0.9622139435870144
0.3785310734463277,0.9622340425531914
0.3787403222431471,0.962254120148857
0.3789495710399665,0.9622741764080766
0.37915881983678595,0.9622942113648434
0.37936806863360534,0.9623142250530785
0.3795773174304248,0.9623342175066313
0.3797865662272442,0.9623541887592789
0.3799958150240636,0.9623741388447271
0.38020506382088304,0.9623940677966102
0.3804143126177024,0.9624139756484913
0.38062356141452186,0.9624338624338624
0.3808328102113413,0.9624537281861449
0.3810420590081607,0.9624735729386892
0.3812513078049801,0.9624933967247755
0.38146055660179956,0.9625131995776135
0.38166980539861894,0.9625329815303431
0.3818790541954384,0.9625527426160337
0.3820883029922578,0.9625724828676858
0.3822975517890772,0.9625922023182297
0.38250680058589664,0.9626119010005266
0.38271604938271603,0.9626315789473684
0.38292529817953547,0.9626512361914782
0.3831345469763549,0.96267087276551
0.3833437957731743,0.9626904887020494
0.38355304456999373,0.9627100840336135
0.38376229336681317,0.9627296587926509
0.38397154216363255,0.9627492130115425
0.384180790960452,0.9627687467226009
0.3843900397572714,0.9627882599580713
0.3845992885540908,0.962807752750131
0.3845992885540908,0.962303664921466
0.38480853735091025,0.9623233908948194
0.38501778614772963,0.9623430962343096
0.3852270349445491,0.9623627809722948
0.3854362837413685,0.9623824451410659
0.3854362837413685,0.9618798955613577
0.3856455325381879,0.9618997912317327
0.38585478133500734,0.9619196661450182
0.3860640301318267,0.9619395203336809
0.38627327892864616,0.9619593538301199
0.3864825277254656,0.9619791666666667
0.386691776522285,0.9619989588755856
0.3869010253191044,0.9620187304890739
0.38711027411592386,0.9620384815392615
0.38731952291274324,0.9620582120582121
0.38731952291274324,0.9615584415584416
0.3875287717095627,0.9615784008307373
0.38773802050638206,0.9615983393876492
0.3879472693032015,0.9616182572614108
0.38815651810002094,0.9616381544841887
0.3883657668968403,0.9616580310880829
0.38857501569365976,0.9616778871051269
0.3887842644904792,0.9616977225672878
0.3889935132872986,0.9617175375064666
0.389202762084118,0.9617373319544984
0.3894120108809374,0.9617571059431524
0.38962125967775685,0.9617768595041323
0.3898305084745763,0.9617965926690759
0.39003975727139567,0.9618163054695562
0.3902490060682151,0.961835997937081
0.3902490060682151,0.961340206185567
0.39045825486503455,0.9613601236476044
0.39066750366185393,0.9613800205973223
0.39087675245867337,0.9613998970663922
0.39108600125549275,0.9614197530864198
0.3912952500523122,0.961439588688946
0.39150449884913163,0.961459403905447
0.391713747645951,0.9614791987673343
0.39192299644277045,0.9614989733059548
0.3921322452395899,0.961518727552591
0.3923414940364093,0.9615384615384616
0.3925507428332287,0.9615581752947207
0.3927599916300481,0.961577868852459
0.39296924042686754,0.9615975422427036
0.39296924042686754,0.9611054247697032
0.393178489223687,0.9611253196930947
0.39338773802050636,0.9611451942740287
0.3935969868173258,0.9611650485436893
0.39380623561414524,0.9611848825331971
0.3940154844109646,0.9612046962736089
0.39422473320778406,0.9612244897959183
0.3944339820046035,0.9612442631310556
0.3946432308014229,0.9612640163098879
0.3948524795982423,0.9612837493632196
0.3950617283950617,0.9613034623217923
0.39527097719188115,0.961323155216285
0.3954802259887006,0.9613428280773143
0.39568947478551997,0.9613624809354346
0.3958987235823394,0.9613821138211383
0.39610797237915885,0.9614017267648552
0.39610797237915885,0.9609137055837563
0.39631722117597823,0.960933536276002
0.39652646997279767,0.9609533468559838
0.39673571876961705,0.9609731373542828
0.3969449675664365,0.9609929078014184
0.39715421636325593,0.9610126582278481
0.3973634651600753,0.9610323886639676
0.39757271395689475,0.9610520991401112
0.3977819627537142,0.961071789686552
0.3979912115505336,0.9610914603335018
0.3979912115505336,0.9606060606060606
0.398200460347353,0.9606259464916709
0.3984097091441724,0.9606458123107972
0.39861895794099184,0.9606656580937972
0.3988282067378113,0.9606854838709677
0.39903745553463066,0.9607052896725441
0.3992467043314501,0.9607250755287009
0.39945595312826954,0.9607448414695521
0.39945595312826954,0.960261569416499
0.3996652019250889,0.9602815485168427
0.39987445072190836,0.9603015075376884
0.40008369951872774,0.9603214465092919
0.4002929483155472,0.9603413654618473
0.4005021971123666,0.9603612644254892
0.400711445909186,0.9603811434302909
0.40092069470600544,0.9604010025062657
0.4011299435028249,0.9604208416833667
0.40133919229964427,0.9604406609914873
0.4015484410964637,0.9604604604604604
0.4017576898932831,0.9604802401200601
0.4019669386901025,0.9605
0.40217618748692197,0.960519740129935
0.40238543628374135,0.9605394605394605
0.4025946850805608,0.9605591612581128
0.4028039338773802,0.9605788423153693
0.4030131826741996,0.9605985037406484
0.40322243147101905,0.96061814556331
0.40343168026783843,0.9606377678126558
0.40364092906465787,0.9606573705179283
0.4038501778614773,0.9606769537083126
0.4040594266582967,0.9606965174129353
0.40426867545511613,0.9607160616608652
0.40447792425193557,0.9607355864811133
0.40468717304875496,0.9607550919026329
0.4048964218455744,0.9607745779543198
0.40510567064239383,0.9607940446650124
0.4053149194392132,0.9608134920634921
0.40552416823603266,0.9608329201784829
0.40573341703285204,0.9608523290386521
0.4059426658296715,0.9608717186726102
0.4061519146264909,0.9608910891089109
0.4063611634233103,0.9609104403760514
0.40657041222012974,0.9609297725024728
0.4067796610169492,0.9609490855165596
0.40698890981376856,0.9609683794466403
0.407198158610588,0.9609876543209876
0.4074074074074074,0.9610069101678184
0.4076166562042268,0.9610261470152935
0.40782590500104626,0.9610453648915187
0.40803515379786565,0.9610645638245441
0.4082444025946851,0.9610837438423645
0.4084536513915045,0.9611029049729197
0.4086629001883239,0.9611220472440944
0.40887214898514335,0.9611411706837186
0.40908139778196273,0.9611602753195674
0.40929064657878217,0.9611793611793612
0.4094998953756016,0.9611984282907662
0.409709144172421,0.9612174766813942
0.40991839296924043,0.9612365063788028
0.41012764176605987,0.9612555174104953
0.41033689056287925,0.9612745098039216
0.4105461393596987,0.9612934835864773
0.4107553881565181,0.9613124387855044
0.4109646369533375,0.9613313754282917
0.4109646369533375,0.9608610567514677
0.41117388575015695,0.960880195599022
0.41138313454697634,0.9608993157380255
0.4115923833437958,0.9609184171958964
0.4118016321406152,0.9609375
0.4120108809374346,0.9609565641776476
0.41222012973425404,0.9609756097560975
0.4124293785310734,0.9609946367625548
0.4124293785310734,0.9605263157894737
0.41263862732789286,0.9605455431076474
0.4128478761247123,0.9605647517039922
0.4130571249215317,0.9605839416058394
0.4132663737183511,0.960603112840467
0.41347562251517056,0.9606222654350997
0.41368487131198994,0.9606413994169096
0.4138941201088094,0.9606605148130161
0.41410336890562877,0.9606796116504854
0.4143126177024482,0.9606986899563319
0.41452186649926764,0.960717749757517
0.414731115296087,0.9607367910809501
0.41494036409290647,0.9607558139534884
0.4151496128897259,0.960774818401937
0.4153588616865453,0.9607938044530494
0.4155681104833647,0.9608127721335269
0.41577735928018417,0.9608317214700194
0.41598660807700355,0.9608506524891252
0.416195856873823,0.9608695652173913
0.4164051056706424,0.9608884596813134
0.4166143544674618,0.9609073359073359
0.41682360326428125,0.9609261939218524
0.41703285206110063,0.9609450337512054
0.4172421008579201,0.9609638554216867
0.4174513496547395,0.9609826589595376
0.4176605984515589,0.9610014443909485
0.41786984724837833,0.9610202117420596
0.4180790960451977,0.961038961038961
0.41828834484201716,0.9610576923076923
0.4184975936388366,0.9610764055742431
0.418706842435656,0.9610951008645533
0.4189160912324754,0.9611137782045127
0.41912534002929486,0.9611324376199616
0.41933458882611424,0.9611510791366906
0.4195438376229337,0.961169702780441
0.41975308641975306,0.9611883085769046
0.4199623352165725,0.9612068965517241
0.42017158401339194,0.961225466730493
0.4203808328102113,0.961244019138756
0.42059008160703076,0.9612625538020086
0.42059008160703076,0.9608030592734226
0.4207993304038502,0.9608217869087434
0.4210085792006696,0.9608404966571156
0.421217827997489,0.9608591885441528
0.4214270767943084,0.9608778625954199
0.42163632559112785,0.960896518836433
0.4218455743879473,0.9609151572926596
0.42205482318476667,0.9609337779895188
0.4222640719815861,0.960952380952381
0.42247332077840555,0.9609709662065683
0.42268256957522493,0.9609895337773549
0.42289181837204437,0.9610080836899667
0.42310106716886375,0.9610266159695817
0.4233103159656832,0.9610451306413301
0.42351956476250263,0.9610636277302944
0.423728813559322,0.9610821072615092
0.42393806235614145,0.961100569259962
0.4241473111529609,0.9611190137505927
0.4243565599497803,0.9611374407582939
0.4245658087465997,0.961155850307911
0.4247750575434191,0.9611742424242424
0.42498430634023854,0.9611926171320397
0.425193555137058,0.9612109744560076
0.42540280393387736,0.9612293144208038
0.4256120527306968,0.9612476370510397
0.42582130152751624,0.9612659423712802
0.4260305503243356,0.9612842304060434
0.42623979912115506,0.9613025011798018
0.42644904791797444,0.9613207547169811
0.4266582967147939,0.9613389910419613
0.4268675455116133,0.9613572101790764
0.4270767943084327,0.9613754121526142
0.42728604310525214,0.9613935969868174
0.4274952919020716,0.9614117647058823
0.4274952919020716,0.9609595484477893
0.42770454069889097,0.9609779031499764
0.4279137894957104,0.9609962406015038
0.42812303829252984,0.9610145608266792
0.42833228708934923,0.9610328638497653
0.42854153588616867,0.9610511496949788
0.42854153588616867,0.9606003752345216
0.42875078468298805,0.960618846694796
0.4289600334798075,0.9606373008434864
0.42916928227662693,0.9606557377049181
0.4293785310734463,0.9606741573033708
0.42958777987026575,0.9606925596630791
0.4297970286670852,0.960710944808232
0.4300062774639046,0.9607293127629734
0.430215526260724,0.9607476635514018
0.4304247750575434,0.9607659971975713
0.43063402385436284,0.9607843137254902
0.43063402385436284,0.9603359776014933
0.4308432726511823,0.9603544776119403
0.43105252144800166,0.9603729603729604
0.4312617702448211,0.9603914259086673
0.43147101904164054,0.96040987424313
0.43147101904164054,0.9599627560521415
0.4316802678384599,0.9599813866914844
0.43188951663527936,0.96
0.43209876543209874,0.9600185960018596
0.4323080142289182,0.9600371747211895
0.4325172630257376,0.9600557361820715
0.432726511822557,0.9600742804085423
0.43293576061937644,0.960092807424594
0.4331450094161959,0.9601113172541744
0.43335425821301526,0.9601298099211868
0.4335635070098347,0.9601482854494903
0.4337727558066541,0.9601667438628995
0.4339820046034735,0.9601851851851851
0.4339820046034735,0.9597408607126331
0.43419125340029296,0.9597594819611471
0.43440050219711235,0.9597780859916782
0.4346097509939318,0.9597966728280961
0.4348189997907512,0.9598152424942263
0.4350282485875706,0.9598337950138505
0.43523749738439005,0.9598523304107061
0.43544674618120943,0.959870848708487
0.43565599497802887,0.9598893499308437
0.4358652437748483,0.9599078341013825
0.4360744925716677,0.9599263012436665
0.43628374136848713,0.9599447513812155
0.43649299016530657,0.9599631845375057
0.43670223896212595,0.9599816007359706
0.4369114877589454,0.96
0.4371207365557648,0.9600183823529411
0.4373299853525842,0.9600367478180983
0.43753923414940366,0.9600550964187328
0.43774848294622304,0.9600734281780633
0.4379577317430425,0.960091743119266
0.4381669805398619,0.9601100412654745
0.4383762293366813,0.96012832263978
0.43858547813350074,0.9601465872652314
0.4387947269303202,0.9601648351648352
0.43900397572713956,0.960183066361556
0.439213224523959,0.9602012808783166
0.4394224733207784,0.9602194787379973
0.4396317221175978,0.9602376599634369
0.43984097091441726,0.9602558245774326
0.44005021971123665,0.9602739726027397
0.4402594685080561,0.9602921040620721
0.4404687173048755,0.9603102189781022
0.4406779661016949,0.960328317373461
0.44088721489851435,0.9603463992707384
0.44109646369533373,0.9603644646924829
0.44130571249215317,0.9603825136612022
0.4415149612889726,0.9604005461993628
0.441724210085792,0.9604185623293904
0.44193345888261143,0.9604365620736699
0.44214270767943087,0.9604545454545454
0.44235195647625025,0.9604725124943208
0.4425612052730697,0.9604904632152589
0.4427704540698891,0.9605083976395824
0.4429797028667085,0.9605263157894737
0.44318895166352795,0.9605442176870749
0.44339820046034734,0.9605621033544878
0.4436074492571668,0.9605799728137744
0.4436074492571668,0.9601449275362319
0.4438166980539862,0.9601629696695337
0.4440259468508056,0.9601809954751132
0.44423519564762504,0.9601990049751243
0.4444444444444444,0.9602169981916817
0.44465369324126386,0.9602349751468595
0.4448629420380833,0.960252935862692
0.4450721908349027,0.9602708803611738
0.4452814396317221,0.9602888086642599
0.44549068842854156,0.9603067207938656
0.44569993722536094,0.9603246167718665
0.4459091860221804,0.9603424966200992
0.4459091860221804,0.9599099099099099
0.44611843481899977,0.959927960378208
0.4463276836158192,0.95994599459946
0.44653693241263864,0.9599640125955915
0.446746181209458,0.9599820143884892
0.44695543000627747,0.96
0.4471646788030969,0.9600179694519317
0.4473739275999163,0.960035922766053
0.4475831763967357,0.9600538599640933
0.4477924251935551,0.9600717810677434
0.44800167399037455,0.9600896860986547
0.448210922787194,0.9601075750784401
0.44842017158401337,0.9601254480286738
0.4486294203808328,0.9601433049708912
0.44883866917765225,0.9601611459265891
0.44904791797447163,0.9601789709172259
0.44925716677129107,0.9601967799642218
0.4494664155681105,0.9602145730889584
0.4496756643649299,0.9602323503127793
0.44988491316174933,0.9602501116569897
0.4500941619585687,0.9602678571428571
0.45030341075538816,0.9602855867916109
0.4505126595522076,0.9603033006244425
0.450721908349027,0.9603209986625055
0.4509311571458464,0.9603386809269162
0.45114040594266586,0.9603563474387528
0.45134965473948524,0.9603739982190561
0.4515589035363047,0.9603916332888296
0.45176815233312406,0.9604092526690391
0.4519774011299435,0.9604268563806136
0.45218664992676294,0.9604444444444444
0.4523958987235823,0.9604620168813861
0.45260514752040176,0.9604795737122558
0.4528143963172212,0.960497114957834
0.4530236451140406,0.9605146406388643
0.45323289391086,0.9605321507760533
0.4534421427076794,0.9605496453900709
0.45365139150449885,0.9605671245015507
0.4538606403013183,0.9605845881310895
0.45406988909813767,0.9606020362992475
0.4542791378949571,0.9606194690265487
0.45448838669177655,0.9606368863334808
0.45469763548859593,0.9606542882404951
0.45490688428541537,0.9606716747680071
0.45511613308223475,0.9606890459363958
0.45511613308223475,0.9602649006622517
0.4553253818790542,0.9602824360105914
0.45553463067587363,0.9602999558888399
0.45553463067587363,0.9598765432098766
0.455743879472693,0.9598942265315117
0.45595312826951245,0.9599118942731277
0.4561623770663319,0.959929546455306
0.4563716258631513,0.9599471830985915
0.4565808746599707,0.9599648042234932
0.4567901234567901,0.9599824098504838
0.45699937225360954,0.96
0.457208621050429,0.9600175746924429
0.45741786984724836,0.9600351339481774
0.4576271186440678,0.9600526777875329
0.45783636744088724,0.960070206230803
0.4580456162377066,0.9600877192982457
0.45825486503452606,0.9601052170100833
0.45846411383134544,0.9601226993865031
0.4586733626281649,0.9601401664476565
0.4588826114249843,0.9601576182136602
0.4590918602218037,0.9601750547045952
0.45930110901862314,0.9601924759405074
0.4595103578154426,0.960209881941408
0.45971960661226197,0.9602272727272727
0.4599288554090814,0.9602446483180428
0.4601381042059008,0.9602620087336244
0.4603473530027202,0.9602793539938891
0.46055660179953967,0.9602966841186736
0.46076585059635905,0.9603139991277801
0.4609750993931785,0.9603312990409765
0.46118434818999793,0.9603485838779956
0.4613935969868173,0.9603658536585366
0.46160284578363675,0.9603831084022638
0.4618120945804562,0.9604003481288077
0.4618120945804562,0.9599826011309265
0.4620213433772756,0.96
0.462230592174095,0.9600173837461973
0.4624398409709144,0.9600347523892268
0.46264908976773383,0.9600521059487624
0.4628583385645533,0.9600694444444444
0.46306758736137266,0.9600867678958785
0.4632768361581921,0.9601040763226366
0.46348608495501153,0.9601213697442567
0.4636953337518309,0.9601386481802426
0.46390458254865036,0.960155911650065
0.46411383134546974,0.9601731601731601
0.4643230801422892,0.9601903937689312
0.4645323289391086,0.9602076124567474
0.464741577735928,0.9602248162559447
0.46495082653274744,0.9602420051858254
0.4651600753295669,0.9602591792656587
0.4651600753295669,0.9598445595854922
0.46536932412638626,0.9598618903754855
0.4655785729232057,0.959879206212252
0.4657878217200251,0.9598965071151359
0.4659970705168445,0.9599137931034483
0.46620631931366396,0.959931064196467
0.46641556811048335,0.9599483204134367
0.4666248169073028,0.9599655617735686
0.4668340657041222,0.9599827882960413
0.4668340657041222,0.9595698924731183
0.4670433145009416,0.9595872742906277
0.46725256329776105,0.959604641168887
0.46746181209458043,0.9596219931271478
0.46767106089139987,0.9596393301846285
0.4678803096882193,0.959656652360515
0.4680895584850387,0.9596739596739596
0.46829880728185813,0.9596912521440824
0.46850805607867757,0.95970852978997
0.46871730487549695,0.9597257926306769
0.4689265536723164,0.9597430406852249
0.4691358024691358,0.9597602739726028
0.4693450512659552,0.9597774925117672
0.46955430006277465,0.9597946963216424
0.46976354885959404,0.9598118854211202
0.4699727976564135,0.9598290598290599
0.4701820464532329,0.9598462195642887
0.4703912952500523,0.9598633646456021
0.47060054404687174,0.9598804950917627
0.4708097928436911,0.9598976109215017
0.47101904164051056,0.9599147121535181
0.47122829043733,0.9599317988064792
0.4714375392341494,0.95994887089902
0.4716467880309688,0.9599659284497445
0.47185603682778826,0.9599829714772243
0.47206528562460764,0.96
0.4722745344214271,0.9600170140365801
0.4724837832182465,0.9600340136054422
0.4726930320150659,0.9600509987250319
0.47290228081188534,0.9600679694137638
0.47311152960870473,0.9600849256900212
0.47332077840552417,0.9601018675721562
0.4735300272023436,0.9601187950784896
0.473739275999163,0.9601357082273113
0.47394852479598243,0.96015260703688
0.47415777359280187,0.9601694915254237
0.47436702238962125,0.9601863617111394
0.4745762711864407,0.9602032176121931
0.4747855199832601,0.9602200592467203
0.4749947687800795,0.9602368866328257
0.47520401757689895,0.9602536997885835
0.47520401757689895,0.9598478444632291
0.47541326637371834,0.959864807773553
0.4756225151705378,0.9598817567567568
0.4758317639673572,0.9598986914309835
0.4760410127641766,0.959915611814346
0.47625026156099604,0.9599325179249262
0.4764595103578154,0.9599494097807757
0.47666875915463486,0.9599662873999157
0.4768780079514543,0.959983150800337
0.4770872567482737,0.96
0.4770872567482737,0.9595959595959596
0.4772965055450931,0.9596129575094657
0.47750575434191256,0.9596299411269975
0.47771500313873194,0.9596469104665826
0.4779242519355514,0.9596638655462185
0.4779242519355514,0.9592608147837043
0.47813350073237076,0.9592779177162049
0.4783427495291902,0.9592950062945866
0.47855199832600964,0.9593120805369127
0.478761247122829,0.959329140461216
0.47897049591964846,0.9593461860854987
0.4791797447164679,0.9593632174277336
0.4793889935132873,0.9593802345058626
0.4795982423101067,0.9593972373377982
0.4798074911069261,0.9594142259414226
0.48001673990374555,0.9594312003345881
0.480225988700565,0.9594481605351171
0.480225988700565,0.9590472210614291
0.48043523749738437,0.9590643274853801
0.4806444862942038,0.9590814196242171
0.48085373509102325,0.9590984974958264
0.48106298388784263,0.9591155611180643
0.48127223268466207,0.9591326105087573
0.48148148148148145,0.9591496456857024
0.4816907302783009,0.9591666666666666
0.48189997907512033,0.9591836734693877
0.48189997907512033,0.9587843463780183
0.4821092278719397,0.9588014981273408
0.48231847666875916,0.9588186356073212
0.4825277254655786,0.9588357588357589
0.482736974262398,0.9588528678304239
0.4829462230592174,0.9588699626090569
0.48315547185603686,0.9588870431893688
0.48336472065285624,0.958904109589041
0.4835739694496757,0.9589211618257262
0.48378321824649506,0.9589381999170469
0.4839924670433145,0.9589552238805971
0.48420171584013394,0.9589722337339411
0.4844109646369533,0.9589892294946147
0.48462021343377276,0.9590062111801242
0.48462021343377276,0.9586092715231788
0.48462021343377276,0.9582126603227141
0.4848294622305922,0.9582299421009098
0.4850387110274116,0.95824720959074
0.485247959824231,0.9582644628099174
0.485247959824231,0.9578686493184635
0.4854572086210504,0.9578860445912469
0.48566645741786985,0.9579034255055716
0.4858757062146893,0.9579207920792079
0.48608495501150867,0.9579381443298969
0.4862942038083281,0.9579554822753503
0.48650345260514755,0.957972805933251
0.48650345260514755,0.9575782537067545
0.48671270140196693,0.9575957184026348
0.48692195019878637,0.9576131687242798
0.48713119899560575,0.9576306046894282
0.4873404477924252,0.9576480263157895
0.48754969658924463,0.957665433621044
0.487758945386064,0.9576828266228431
0.48796819418288345,0.9577002053388091
0.4881774429797029,0.9577175697865353
0.4883866917765223,0.9577349199835864
0.4885959405733417,0.9577522559474979
0.4888051893701611,0.957769577695777
0.48901443816698054,0.9577868852459016
0.4892236869638,0.9578041786153216
0.48943293576061936,0.9578214578214578
0.4896421845574388,0.9578387228817028
0.4896421845574388,0.9574468085106383
0.48985143335425824,0.9574642126789366
0.4900606821510776,0.9574816026165167
0.49026993094789706,0.9574989783408255
0.49047917974471644,0.9575163398692811
0.4906884285415359,0.9575336872192731
0.4908976773383553,0.9575510204081633
0.4911069261351747,0.9575683394532843
0.49131617493199414,0.9575856443719413
0.4915254237288136,0.9576029351814105
0.49173467252563297,0.9576202118989405
0.4919439213224524,0.9576374745417515
0.4921531701192718,0.9576547231270358
0.4923624189160912,0.9576719576719577
0.49257166771291067,0.9576891781936534
0.49278091650973005,0.9577063847092314
0.4929901653065495,0.9577235772357724
0.4931994141033689,0.9577407557903291
0.4934086629001883,0.9577579203899269
0.49361791169700775,0.9577750710515631
0.49382716049382713,0.9577922077922078
0.49382716049382713,0.9574036511156186
0.49403640929064657,0.9574209245742092
0.494245658087466,0.9574381840291852
0.4944549068842854,0.9574554294975689
0.49466415568110483,0.9574726609963548
0.4948734044779243,0.9574898785425101
0.49508265327474366,0.9575070821529745
0.4952919020715631,0.9575242718446602
0.49550115086838253,0.957541447634452
0.4957103996652019,0.9575586095392078
0.49591964846202136,0.9575757575757575
0.49612889725884074,0.9575928917609047
0.4963381460556602,0.9576100121114252
0.4965473948524796,0.9576271186440678
0.496756643649299,0.9576442113755547
0.49696589244611844,0.9576612903225806
0.4971751412429379,0.9576783555018138
0.49738439003975726,0.9576954069298953
0.4975936388365767,0.9577124446234394
0.4978028876333961,0.9577294685990339
0.4978028876333961,0.9573440643863179
0.4980121364302155,0.9573612228479486
0.49822138522703496,0.9573783675110575
0.49843063402385435,0.957395498392283
0.4986398828206738,0.9574126155082362
0.4988491316174932,0.957429718875502
0.4990583804143126,0.9574468085106383
0.49926762921113205,0.9574638844301766
0.49947687800795143,0.9574809466506218
0.49968612680477087,0.9574979951884522
0.4998953756015903,0.9575150300601203
0.5001046243984097,0.9575320512820513
0.5003138731952291,0.9575490588706448
0.5005231219920485,0.9575660528422738
0.500732370788868,0.9575830332132853
0.5009416195856874,0.9576
0.5011508683825068,0.9576169532187125
0.5013601171793263,0.9576338928856915
0.5015693659761457,0.9576508190171794
0.501778614772965,0.957667731629393
0.5019878635697844,0.957684630738523
0.5021971123666039,0.9577015163607342
0.5024063611634233,0.957718388512166
0.5026156099602427,0.9577352472089314
0.5028248587570622,0.9577520924671183
0.5030341075538816,0.9577689243027888
0.5032433563507009,0.9577857427319793
0.5034526051475204,0.9578025477707006
0.5036618539443398,0.9578193394349384
0.5038711027411592,0.9578361177406524
0.5040803515379787,0.9578528827037773
0.5042896003347981,0.9578696343402225
0.5044988491316175,0.9578863726658721
0.504708097928437,0.9579030976965845
0.5049173467252563,0.9579198094481938
0.5051265955220757,0.957936507936508
0.5053358443188951,0.9579531931773105
0.5055450931157146,0.9579698651863601
0.505754341912534,0.9579865239793897
0.505754341912534,0.9576069730586371
0.5059635907093534,0.9576237623762376
0.5061728395061729,0.9576405384006335
0.5063820883029923,0.9576573011476058
0.5065913370998116,0.9576740506329114
0.5065913370998116,0.9572953736654805
0.5068005858966311,0.9573122529644269
0.5070098346934505,0.9573291189253259
0.5072190834902699,0.957345971563981
0.5074283322870894,0.9573628108961706
0.5076375810839088,0.9573796369376479
0.5078468298807282,0.9573964497041421
0.5080560786775477,0.9574132492113565
0.508265327474367,0.9574300354749704
0.5084745762711864,0.9574468085106383
0.5086838250680059,0.9574635683339897
0.5088930738648253,0.9574803149606299
0.5091023226616447,0.9574970484061394
0.5093115714584641,0.957513768686074
0.5095208202552836,0.9575304758159654
0.5095208202552836,0.9571540880503144
0.5097300690521029,0.9571709233791749
0.5099393178489223,0.9571877454831108
0.5101485666457418,0.9572045543776992
0.5103578154425612,0.957221350078493
0.5105670642393806,0.95723813260102
0.5107763130362001,0.9572549019607843
0.5109855618330195,0.9572716581732654
0.5111948106298388,0.9572884012539185
0.5111948106298388,0.9569134351743047
0.5111948106298388,0.956538762725137
0.5114040594266583,0.9565557729941292
0.5116133082234777,0.9565727699530516
0.5118225570202971,0.9565897536175205
0.5118225570202971,0.9562157935887412
0.5120318058171166,0.9562329034779211
0.5120318058171166,0.955859375
0.512241054613936,0.9558766106989457
0.5124503034107554,0.9558938329430132
0.5126595522075748,0.9559110417479516
0.5128688010043942,0.9559282371294852
0.5130780498012136,0.9559454191033139
0.513287298598033,0.955962587685113
0.513287298598033,0.9555901830931048
0.5134965473948525,0.955607476635514
0.5137057961916719,0.955624756714675
0.5137057961916719,0.9552529182879378
0.5139150449884913,0.9552703228315831
0.5141242937853108,0.9552877138413686
0.5143335425821302,0.9553050913330743
0.5145427913789495,0.9553224553224553
0.514752040175769,0.9553398058252427
0.5149612889725884,0.9553571428571429
0.5149612889725884,0.9549864183158712
0.5151705377694078,0.9550038789759504
0.5153797865662273,0.9550213260953858
0.5155890353630467,0.9550387596899225
0.5157982841598661,0.9550561797752809
0.5160075329566854,0.9550735863671572
0.5162167817535049,0.9550909794812233
0.5162167817535049,0.9547213622291022
0.5164260305503243,0.9547388781431334
0.5166352793471437,0.9547563805104409
0.5168445281439632,0.9547738693467337
0.5168445281439632,0.9544049459041731
0.5170537769407826,0.9544225569718038
0.517263025737602,0.9544401544401544
0.5174722745344215,0.954457738324971
0.5176815233312408,0.9544753086419753
0.5178907721280602,0.9544928654068646
0.5178907721280602,0.9541249036237471
0.5178907721280602,0.953757225433526
0.5181000209248797,0.9537750385208013
0.5183092697216991,0.9537928378898729
0.5183092697216991,0.9534257120862202
0.5185185185185185,0.9534436321662177
0.518727767315338,0.9534615384615385
0.518727767315338,0.9530949634755863
0.5189370161121574,0.9531129900076863
0.5191462649089768,0.9531310026892048
0.5193555137057962,0.9531490015360983
0.5195647625026156,0.9531669865642994
0.519774011299435,0.953184957789716
0.5199832600962544,0.9532029152282316
0.5201925088930739,0.9532208588957055
0.5204017576898933,0.9532387888079724
0.5206110064867127,0.9532567049808429
0.5208202552835322,0.9532746074301034
0.5210295040803515,0.9532924961715161
0.5212387528771709,0.953310371220819
0.5214480016739904,0.9533282325937261
0.5216572504708098,0.9533460803059274
0.5218664992676292,0.9533639143730887
0.5220757480644487,0.9533817348108521
0.5222849968612681,0.9533995416348358
0.5224942456580874,0.9534173348606338
0.5227034944549069,0.9534351145038168
0.5229127432517263,0.9534528805799313
0.5231219920485457,0.9534706331045004
0.5233312408453651,0.9534883720930233
0.5235404896421846,0.9535060975609756
0.523749738439004,0.9535238095238096
0.5239589872358233,0.9535415079969536
0.5241682360326428,0.9535591929958127
0.5243774848294622,0.9535768645357686
0.5245867336262816,0.9535945226321796
0.5247959824231011,0.9536121673003802
0.5250052312199205,0.9536297985556822
0.5252144800167399,0.9536474164133738
0.5254237288135594,0.9536650208887201
0.5256329776103787,0.9536826119969628
0.5258422264071981,0.9537001897533207
0.5260514752040176,0.9537177541729894
0.526260724000837,0.9537353052711415
0.526260724000837,0.9533737680060652
0.5264699727976564,0.9533914361500568
0.5266792215944758,0.9534090909090909
0.5268884703912953,0.9534267322983718
0.5270977191881147,0.953444360333081
0.527306967984934,0.9534619750283768
0.5275162167817535,0.9534795763993948
0.5277254655785729,0.9534971644612477
0.5277254655785729,0.9531368102796675
0.5279347143753923,0.9531545145447676
0.5279347143753923,0.9527945619335347
0.5281439631722118,0.9528123820309551
0.5281439631722118,0.9524528301886792
0.5283532119690312,0.9524707657487741
0.5285624607658506,0.9524886877828054
0.5287717095626701,0.9525065963060686
0.5289809583594894,0.9525244913338358
0.5291902071563088,0.9525423728813559
0.5293994559531283,0.9525602409638554
0.5293994559531283,0.952201731275875
0.5296087047499477,0.9522197140707299
0.5298179535467671,0.9522376833396013
0.5300272023435866,0.9522556390977444
0.530236451140406,0.9522735813603909
0.5304456999372253,0.9522915101427498
0.5306549487340447,0.9523094254600075
0.5308641975308642,0.9523273273273273
0.5310734463276836,0.9523452157598499
0.531282695124503,0.9523630907726932
0.531282695124503,0.9520059992500938
0.5314919439213225,0.952023988005997
0.5317011927181419,0.9520419632821281
0.5319104415149613,0.9520599250936329
0.5321196903117807,0.9520778734556345
0.5323289391086001,0.9520958083832335
0.5325381879054195,0.9521137298915077
0.532747436702239,0.9521316379955124
0.532747436702239,0.9517757009345794
0.5329566854990584,0.9517937219730942
0.5329566854990584,0.9514381770638775
0.5331659342958778,0.9514563106796117
0.5333751830926973,0.9514744307577454
0.5335844318895167,0.9514925373134329
0.533793680686336,0.9515106303618053
0.5340029294831554,0.9515287099179717
0.5340029294831554,0.9511740588893031
0.5342121782799749,0.9511922503725783
0.5344214270767943,0.9512104283054004
0.5346306758736137,0.9512285927029039
0.5348399246704332,0.951246743580201
0.5350491734672526,0.9512648809523809
0.5352584222640719,0.951283004834511
0.5354676710608914,0.9513011152416357
0.5356769198577108,0.9513192121887774
0.5358861686545302,0.9513372956909361
0.5360954174513497,0.9513553657630895
0.5363046662481691,0.9513734224201931
0.5365139150449885,0.9513914656771799
0.536723163841808,0.9514094955489614
0.5369324126386273,0.9514275120504264
0.5371416614354467,0.9514455151964418
0.5373509102322661,0.9514635050018525
0.5375601590290856,0.9514814814814815
0.5375601590290856,0.951129211403184
0.537769407825905,0.9511472982975574
0.5379786566227244,0.951165371809101
0.5381879054195439,0.9511834319526628
0.5383971542163632,0.9512014787430684
0.5386064030131826,0.9512195121951219
0.5388156518100021,0.9512375323236054
0.5390249006068215,0.9512555391432792
0.5392341494036409,0.9512735326688815
0.5394433982004604,0.9512915129151291
0.5396526469972798,0.9513094798967171
0.5396526469972798,0.9509587020648967
0.5398618957940992,0.950976778474014
0.5400711445909187,0.9509948415622698
0.540280393387738,0.951012891344383
0.5404896421845574,0.9510309278350515
0.5406988909813769,0.951048951048951
0.5409081397781963,0.9510669610007358
0.5411173885750157,0.9510849577050386
0.5413266373718351,0.9511029411764705
0.5415358861686546,0.9511209114296214
0.5417451349654739,0.9511388684790595
0.5419543837622933,0.9511568123393316
0.5419543837622933,0.9508076358296622
0.5421636325591128,0.9508256880733945
0.5423728813559322,0.9508437270726339
0.5425821301527516,0.9508617528419508
0.5427913789495711,0.9508797653958945
0.5427913789495711,0.9505313301575669
0.5430006277463905,0.9505494505494505
0.5432098765432098,0.9505675576711827
0.5434191253400293,0.9505856515373353
0.5436283741368487,0.9506037321624589
0.5438376229336681,0.9506217995610826
0.5438376229336681,0.950274223034735
0.5440468717304876,0.9502923976608187
0.544256120527307,0.9503105590062112
0.5444653693241264,0.9503287070854638
0.5444653693241264,0.949981745162468
0.5446746181209458,0.95
0.5448838669177652,0.9500182415176943
0.5450931157145846,0.950036469730124
0.545302364511404,0.9500546846518411
0.545302364511404,0.9497084548104956
0.545302364511404,0.9493624772313297
0.5455116133082235,0.9493809176984706
0.5457208621050429,0.9493993447397161
0.5459301109018623,0.9494177583697234
0.5461393596986818,0.9494361586031284
0.5461393596986818,0.9490909090909091
0.5463486084955012,0.9491094147582697
0.5465578572923205,0.9491279069767442
0.54676710608914,0.949146385760988
0.5469763548859594,0.9491648511256354
0.5471856036827788,0.9491833030852994
0.5473948524795983,0.9492017416545718
0.5476041012764177,0.9492201668480232
0.5478133500732371,0.949238578680203
0.5480225988700564,0.9492569771656397
0.5482318476668759,0.9492753623188406
0.5482318476668759,0.9489315465411083
0.5484410964636953,0.9489500362056481
0.5486503452605147,0.9489685124864278
0.5488595940573342,0.9489869753979739
0.5490688428541536,0.949005424954792
0.549278091650973,0.9490238611713666
0.5494873404477925,0.9490422840621612
0.5496965892446118,0.9490606936416185
0.5499058380414312,0.9490790899241603
0.5501150868382507,0.9490974729241878
0.5503243356350701,0.9491158426560808
0.5505335844318895,0.9491341991341992
0.550742833228709,0.9491525423728814
0.5509520820255284,0.9491708723864456
0.5511613308223478,0.9491891891891892
0.5511613308223478,0.9488472622478387
0.5511613308223478,0.9485055815628376
0.5513705796191672,0.9485241180705544
0.5513705796191672,0.94818279956819
0.5515798284159866,0.9482014388489208
0.551789077212806,0.948220064724919
0.5519983260096254,0.9482386772106398
0.5522075748064449,0.9482572763205174
0.5524168236032643,0.9482758620689655
0.5524168236032643,0.947935368043088
0.5526260724000837,0.947954055994257
0.5528353211969032,0.947972730534625
0.5530445699937225,0.9479913916786227
0.5532538187905419,0.9480100394406598
0.5534630675873614,0.9480286738351255
0.5536723163841808,0.9480472948763884
0.5538815651810002,0.9480659025787965
0.5540908139778197,0.9480844969566774
0.5543000627746391,0.9481030780243379
0.5543000627746391,0.9477638640429338
0.5545093115714584,0.9477825464949928
0.5547185603682779,0.9478012155881301
0.5549278091650973,0.947819871336669
0.5551370579619167,0.9478385137549125
0.5553463067587361,0.9478571428571428
0.5555555555555556,0.9478757586576223
0.555764804352375,0.9478943611705924
0.5559740531491943,0.9479129504102747
0.5559740531491943,0.9475748930099858
0.5561833019460138,0.9475935828877006
0.5563925507428332,0.9476122594440485
0.5566017995396526,0.9476309226932669
0.5568110483364721,0.9476495726495726
0.5570202971332915,0.9476682093271627
0.5572295459301109,0.9476868327402135
0.5574387947269304,0.9477054429028815
0.5574387947269304,0.9473684210526315
0.5576480435237497,0.9473871311766797
0.5578572923205691,0.9474058280028429
0.5580665411173886,0.9474245115452931
0.558275789914208,0.9474431818181818
0.5584850387110274,0.9474618388356407
0.5586942875078468,0.9474804826117814
0.5586942875078468,0.9471443774388081
0.5589035363046663,0.9471631205673758
0.5589035363046663,0.9468273661822049
0.5591127851014857,0.9468462083628633
0.559322033898305,0.946865037194474
0.5595312826951245,0.9468838526912181
0.5597405314919439,0.9469026548672567
0.5599497802887633,0.9469214437367304
0.5601590290855828,0.9469402193137602
0.5603682778824022,0.946958981612447
0.5605775266792216,0.9469777306468717
0.560786775476041,0.9469964664310954
0.5609960242728604,0.9470151889791593
0.5609960242728604,0.946680790960452
0.5609960242728604,0.9463466290151783
0.5612052730696798,0.9463655610444601
0.5614145218664993,0.946384479717813
0.5616237706633187,0.9464033850493653
0.5618330194601381,0.9464222770532252
0.5620422682569576,0.9464411557434813
0.562251517053777,0.9464600211342021
0.5624607658505963,0.9464788732394366
0.5624607658505963,0.9461457233368532
0.5626700146474157,0.946164672765658
0.5628792634442352,0.9461836088638762
0.5630885122410546,0.9462025316455697
0.5630885122410546,0.9458699472759227
0.563297761037874,0.9458889669711876
0.5635070098346935,0.9459079733052336
0.5637162586315129,0.9459269662921348
0.5637162586315129,0.9455949455949456
0.5639255074283323,0.9456140350877194
0.5641347562251517,0.9456331111890565
0.5643440050219711,0.9456521739130435
0.5645532538187905,0.945671223273747
0.56476250261561,0.9456902592852138
0.5649717514124294,0.9457092819614711
0.5651810002092488,0.9457282913165266
0.5653902490060683,0.9457472873643682
0.5655994978028877,0.9457662701189643
0.565808746599707,0.9457852395942637
0.5660179953965264,0.9458041958041958
0.5662272441933459,0.9458231387626704
0.5662272441933459,0.9454926624737946
0.5664364929901653,0.9455117010129235
0.5666457417869847,0.9455307262569832
0.5668549905838042,0.9455497382198953
0.5670642393806236,0.9455687369155618
0.5672734881774429,0.9455877223578654
0.5674827369742624,0.9456066945606695
0.5676919857710818,0.945625653537818
0.5676919857710818,0.9452961672473867
0.5679012345679012,0.9453152211772902
0.5679012345679012,0.9449860724233984
0.5681104833647207,0.9450052210233205
0.5683197321615401,0.9450243562978428
0.5685289809583595,0.9450434782608695
0.568738229755179,0.9450625869262865
0.5689474785519983,0.9450816823079596
0.5691567273488177,0.9451007644197359
0.5693659761456371,0.9451198332754429
0.5695752249424566,0.9451388888888889
0.569784473739276,0.9451579312738633
0.5699937225360954,0.945176960444136
0.5702029713329149,0.9451959764134582
0.5704122201297342,0.9452149791955617
0.5706214689265536,0.9452339688041594
0.5708307177233731,0.9452529452529452
0.5710399665201925,0.9452719085555941
0.5712492153170119,0.9452908587257618
0.5714584641138314,0.9453097957770855
0.5716677129106508,0.9453287197231834
0.5718769617074702,0.9453476305776548
0.5720862105042896,0.9453665283540802
0.572295459301109,0.9453854130660214
0.5725047080979284,0.9454042847270214
0.5725047080979284,0.9450777202072539
0.5727139568947478,0.9450966850828729
0.5729232056915673,0.9451156368657232
0.5731324544883867,0.9451345755693582
0.5733417032852061,0.9451535012073129
0.5735509520820256,0.9451724137931035
0.5737602008788449,0.9451913133402275
0.5739694496756643,0.945210199862164
0.5741786984724838,0.9452290733723734
0.5743879472693032,0.9452479338842975
0.5745971960661226,0.9452667814113598
0.5748064448629421,0.9452856159669649
0.5750156936597615,0.9453044375644994
0.5752249424565808,0.9453232462173315
0.5754341912534003,0.9453420419388106
0.5754341912534003,0.9450171821305842
0.5756434400502197,0.9450360700790107
0.5758526888470391,0.945054945054945
0.5760619376438586,0.9450738070717474
0.576271186440678,0.9450926561427591
0.5764804352374974,0.9451114922813036
0.5766896840343168,0.9451303155006858
0.5768989328311362,0.9451491258141926
0.5771081816279556,0.9451679232350926
0.577317430424775,0.9451867077766358
0.5775266792215945,0.9452054794520548
0.5777359280184139,0.9452242382745635
0.5779451768152333,0.945242984257358
0.5781544256120528,0.9452617174136162
0.5783636744088722,0.945280437756498
0.5785729232056915,0.9452991452991453
0.578782172002511,0.9453178400546821
0.5789914207993304,0.9453365220362145
0.5792006695961498,0.9453551912568307
0.5794099183929693,0.9453738477296005
0.5796191671897887,0.9453924914675768
0.5798284159866081,0.9454111224837939
0.5800376647834274,0.9454297407912687
0.5800376647834274,0.9451073985680191
0.5802469135802469,0.9451261077027948
0.5804561623770663,0.945144804088586
0.5806654111738857,0.9451634877384196
0.5808746599707052,0.9451821586653048
0.5810839087675246,0.9452008168822328
0.581293157564344,0.9452194624021776
0.5815024063611635,0.9452380952380952
0.5817116551579828,0.9452567154029242
0.5819209039548022,0.9452753229095853
0.5821301527516217,0.945293917770982
0.5823394015484411,0.9453125
0.5825486503452605,0.9453310696095076
0.58275789914208,0.9453496266123558
0.5829671479388994,0.9453681710213777
0.5831763967357187,0.9453867028493894
0.5833856455325381,0.9454052221091895
0.5835948943293576,0.9454237288135593
0.583804143126177,0.9454422229752626
0.5840133919229964,0.9454607046070461
0.5842226407198159,0.945479173721639
0.5844318895166353,0.9454976303317536
0.5846411383134547,0.9455160744500846
0.5848503871102742,0.9455345060893099
0.5850596359070935,0.94555292526209
0.5850596359070935,0.9452332657200812
0.5852688847039129,0.9452517742480567
0.5854781335007324,0.9452702702702702
0.5854781335007324,0.944951030057413
0.5854781335007324,0.9446320054017556
0.5856873822975518,0.9446506918663516
0.5858966310943712,0.9446693657219973
0.5858966310943712,0.9443507588532883
0.5861058798911907,0.9443695212407283
0.5861058798911907,0.9440512301988541
0.5863151286880101,0.9440700808625337
0.5865243774848294,0.9440889188278881
0.5867336262816489,0.9441077441077441
0.5869428750784683,0.9441265567149109
0.5869428750784683,0.9438088829071333
0.5871521238752877,0.9438277833837874
0.5873613726721071,0.9438466711499663
0.5875706214689266,0.9438655462184874
0.587779870265746,0.9438844086021505
0.5879891190625653,0.9439032583137387
0.5881983678593848,0.9439220953660175
0.5884076166562042,0.9439409197717354
0.5886168654530236,0.9439597315436241
0.5888261142498431,0.9439785306943979
0.5890353630466625,0.9439973172367538
0.5892446118434819,0.9440160911833725
0.5894538606403014,0.9440348525469169
0.5896631094371207,0.9440536013400335
0.5898723582339401,0.9440723375753517
0.5900816070307596,0.9440910612654838
0.590290855827579,0.9441097724230254
0.5905001046243984,0.9441284710605554
0.5907093534212178,0.9441471571906355
0.5907093534212178,0.9438314944834504
0.5909186022180373,0.9438502673796791
0.5911278510148567,0.9438690277313732
0.591337099811676,0.9438877755511023
0.5915463486084955,0.9439065108514191
0.5917555974053149,0.9439252336448598
0.5919648462021343,0.943943943943944
0.5921740949989538,0.9439626417611742
0.5921740949989538,0.9436478826275425
0.5923833437957732,0.9436666666666667
0.5925925925925926,0.9436854381872709
0.592801841389412,0.9437041972018654
0.592801841389412,0.9433899433899434
0.5930110901862314,0.9434087882822902
0.5932203389830508,0.9434276206322796
0.5934295877798703,0.9434464404524284
0.5936388365766897,0.9434652477552378
0.5938480853735091,0.9434840425531915
0.5940573341703285,0.943502824858757
0.594266582967148,0.9435215946843853
0.5944758317639673,0.9435403520425107
0.5946850805607867,0.9435590969455512
0.5948943293576062,0.9435778294059077
0.5951035781544256,0.9435965494359655
0.595312826951245,0.9436152570480929
0.5955220757480645,0.9436339522546419
0.5957313245448839,0.9436526350679483
0.5959405733417033,0.9436713055003313
0.5961498221385227,0.9436899635640941
0.5963590709353421,0.9437086092715232
0.5965683197321615,0.9437272426348892
0.596777568528981,0.9437458636664461
0.5969868173258004,0.943764472378432
0.5971960661226198,0.9437830687830688
0.5974053149194393,0.943801652892562
0.5976145637162587,0.9438202247191011
0.5976145637162587,0.9435084241823588
0.597823812513078,0.9435270805812418
0.5980330613098974,0.9435457246616045
0.5982423101067169,0.9435643564356435
0.5982423101067169,0.9432530517980865
0.5984515589035363,0.9432717678100264
0.5986608077003557,0.9432904714803825
0.5988700564971752,0.9433091628213579
0.5990793052939946,0.9433278418451401
0.5992885540908139,0.9433465085638999
0.5994978028876334,0.9433651629897926
0.5997070516844528,0.9433838051349572
0.5999163004812722,0.943402435011517
0.6001255492780917,0.9434210526315789
0.6003347980749111,0.9434396580072345
0.6005440468717305,0.9434582511505588
0.60075329566855,0.9434768320736115
0.6009625444653693,0.9434954007884363
0.6011717932621887,0.9435139573070608
0.6013810420590081,0.943532501641497
0.6015902908558276,0.9435510338037414
0.601799539652647,0.9435695538057742
0.6020087884494664,0.9435880616595606
0.6022180372462859,0.9436065573770491
0.6022180372462859,0.9432972795804654
0.6022180372462859,0.9429882044560943
0.6024272860431052,0.9430068784801834
0.6026365348399246,0.9430255402750491
0.6028457836367441,0.9430441898527004
0.6030550324335635,0.9430628272251309
0.6032642812303829,0.943081452404318
0.6034735300272024,0.9431000654022237
0.6036827788240218,0.9431186662307943
0.6038920276208412,0.9431372549019608
0.6041012764176606,0.943155831427638
0.60431052521448,0.9431743958197256
0.6045197740112994,0.9431929480901078
0.6047290228081188,0.9432114882506527
0.6049382716049383,0.9432300163132137
0.6051475204017577,0.9432485322896281
0.6053567691985771,0.9432670361917183
0.6055660179953966,0.9432855280312907
0.6057752667922159,0.9433040078201369
0.6059845155890353,0.9433224755700326
0.6061937643858548,0.9433409312927385
0.6064030131826742,0.943359375
0.6066122619794936,0.943377806703547
0.6068215107763131,0.9433962264150944
0.6068215107763131,0.943089430894309
0.6070307595731325,0.9431079323797139
0.6072400083699518,0.943126421839454
0.6074492571667713,0.9431448992852501
0.6074492571667713,0.9428385839558299
0.6076585059635907,0.9428571428571428
0.6078677547604101,0.9428756897111328
0.6080770035572296,0.9428942245295263
0.6080770035572296,0.9425883879338307
0.608286252354049,0.9426070038910506
0.608286252354049,0.9423014586709887
0.6084955011508684,0.9423201555411536
0.6087047499476878,0.942338840298024
0.6089139987445072,0.9423575129533679
0.6091232475413266,0.9423761735189382
0.609332496338146,0.9423948220064725
0.6095417451349655,0.9424134584276933
0.6097509939317849,0.9424320827943079
0.6097509939317849,0.9421273844164242
0.6099602427286043,0.9421460892049127
0.6101694915254238,0.9421647819063005
0.6101694915254238,0.9418604651162791
0.6103787403222432,0.9418792379722312
0.6105879891190625,0.9418979987088444
0.610797237915882,0.9419167473378509
0.6110064867127014,0.9419354838709677
0.6112157355095208,0.9419542083198968
0.6114249843063403,0.941972920696325
0.6116342331031597,0.9419916210119239
0.6116342331031597,0.9416881443298969
0.6118434818999791,0.94170692431562
0.6120527306967984,0.9417256922086285
0.6120527306967984,0.9414225941422594
0.6122619794936179,0.9414414414414415
0.6124712282904373,0.9414602766162753
0.6126804770872567,0.9414790996784566
0.6128897258840762,0.9414979106396657
0.6130989746808956,0.9415167095115681
0.613308223477715,0.9415354963058143
0.6135174722745345,0.9415542710340398
0.6135174722745345,0.9412520064205457
0.6137267210713538,0.9412708600770219
0.6139359698681732,0.9412897016361886
0.6141452186649927,0.9413085311096857
0.6143544674618121,0.9413273485091376
0.6145637162586315,0.9413461538461538
0.614772965055451,0.9413649471323294
0.6149822138522704,0.9413837283792441
0.6151914626490897,0.9414024975984631
0.6151914626490897,0.941101152368758
0.6154007114459091,0.94112
0.6156099602427286,0.9411388355726168
0.615819209039548,0.9411576590981772
0.6160284578363674,0.9411764705882353
0.6162377066331869,0.9411952700543305
0.6164469554300063,0.9412140575079873
0.6166562042268257,0.9412328329607155
0.6166562042268257,0.9409323116219668
0.6166562042268257,0.940631982125758
0.6168654530236451,0.9406509253350351
0.6170747018204645,0.9406698564593301
0.6172839506172839,0.9406887755102041
0.6174931994141034,0.9407076824992031
0.6174931994141034,0.9404079031230083
0.6177024482109228,0.9404268875438038
0.6179116970077422,0.9404458598726114
0.6181209458045617,0.9404648201209805
0.6181209458045617,0.9401654996817314
0.6183301946013811,0.940184537066497
0.6183301946013811,0.9398854961832062
0.6185394433982004,0.9399046104928458
0.6187486921950199,0.9399237126509854
0.6189579409918393,0.9399428026692088
0.6191671897886587,0.9399618805590851
0.6193764385854781,0.9399809463321689
0.6195856873822976,0.94
0.619794936179117,0.9400190415741034
0.6200041849759363,0.9400380710659898
0.6202134337727558,0.9400570884871551
0.6204226825695752,0.9400760938490805
0.6206319313663946,0.940095087163233
0.6208411801632141,0.9401140684410646
0.6208411801632141,0.939816281279696
0.6210504289600335,0.9398353388220393
0.6212596777568529,0.9398543842988287
0.6214689265536724,0.939873417721519
0.6216781753504917,0.9398924391015502
0.6218874241473111,0.9399114484503479
0.6220966729441306,0.9399304457793234
0.62230592174095,0.9399494310998736
0.62230592174095,0.939652448657188
0.6225151705377694,0.939671509791535
0.6225151705377694,0.9393748026523524
0.6227244193345888,0.9393939393939394
0.6229336681314083,0.9394130640580625
0.6231429169282277,0.9394321766561514
0.623352165725047,0.9394512771996215
0.6235614145218665,0.9394703656998739
0.6237706633186859,0.939489442168295
0.6237706633186859,0.9391934467548835
0.6239799121155053,0.9392125984251969
0.6241891609123248,0.9392317380352645
0.6243984097091442,0.9392508655964746
0.6246076585059636,0.9392699811202014
0.624816907302783,0.9392890846178044
0.6250261560996024,0.9393081761006289
0.6252354048964218,0.9393272555800063
0.6254446536932413,0.9393463230672533
0.6256539024900607,0.9393653785736726
0.6256539024900607,0.9390703517587939
0.6258631512868801,0.9390894819466248
0.6260724000836995,0.9391086001255493
0.626281648880519,0.9391277063068717
0.6264908976773383,0.939146800501882
0.6267001464741577,0.9391658827218564
0.6267001464741577,0.9388714733542319
0.6269093952709772,0.9388906298965841
0.6271186440677966,0.9389097744360902
0.627327892864616,0.9389289069840275
0.6275371416614355,0.9389480275516594
0.6277463904582549,0.9389671361502347
0.6279556392550742,0.9389862327909887
0.6279556392550742,0.9386925242414764
0.6279556392550742,0.9383989993746091
0.6281648880518937,0.9384182557049078
0.6283741368487131,0.9384375
0.6285833856455325,0.9384567322711652
0.628792634442352,0.938475952529669
0.6290018832391714,0.9384951607867624
0.6292111320359908,0.9385143570536829
0.6294203808328103,0.9385335413416537
0.6296296296296297,0.938552713661884
0.629838878426449,0.9385718740255691
0.6300481272232684,0.9385910224438903
0.6302573760200879,0.9386101589280149
0.6304666248169073,0.9386292834890966
0.6306758736137267,0.9386483961382747
0.6308851224105462,0.938667496886675
0.6310943712073656,0.9386865857454093
0.6313036200041849,0.9387056627255757
0.6315128688010044,0.9387247278382581
0.6317221175978238,0.9387437810945274
0.6319313663946432,0.9387628225054399
0.6321406151914627,0.9387818520820386
0.6323498639882821,0.9388008698353526
0.6325591127851015,0.9388198757763975
0.632768361581921,0.9388388699161752
0.6329776103787403,0.9388578522656735
0.6329776103787403,0.9385665529010239
0.6329776103787403,0.9382754342431762
0.6331868591755597,0.9382945736434108
0.6333961079723791,0.9383137011779293
0.6336053567691986,0.9383328168577626
0.633814605566018,0.9383519206939281
0.6340238543628374,0.9383710126974295
0.6342331031596569,0.938390092879257
0.6344423519564762,0.9384091612503869
0.6346516007532956,0.9384282178217822
0.6348608495501151,0.9384472626043922
0.6350700983469345,0.9384662956091527
0.6352793471437539,0.9384853168469861
0.6352793471437539,0.9381953028430161
0.6352793471437539,0.93790546802595
0.6354885959405734,0.9379246448424954
0.6356978447373928,0.937943809817845
0.6359070935342122,0.937962962962963
0.6359070935342122,0.9376735575439679
0.6361163423310316,0.9376927822331894
0.636325591127851,0.9377119950662967
0.6365348399246704,0.937731196054254
0.6367440887214898,0.9377503852080123
0.6369533375183093,0.937769562538509
0.6369533375183093,0.9374807514628888
0.6371625863151287,0.9375
0.6373718351119481,0.9375192366882118
0.6375810839087676,0.9375384615384615
0.6377903327055869,0.9375576745616734
0.6379995815024063,0.9375768757687577
0.6382088302992258,0.9375960651706118
0.6384180790960452,0.9376152427781193
0.6386273278928646,0.9376344086021505
0.6388365766896841,0.9376535626535627
0.6390458254865035,0.9376727049431992
0.6392550742833228,0.9376918354818907
0.6394643230801423,0.9377109542804541
0.6396735718769617,0.9377300613496933
0.6398828206737811,0.9377491567003986
0.6400920694706005,0.9377682403433476
0.64030131826742,0.9377873122893043
0.64030131826742,0.9375
0.64030131826742,0.9372128637059725
0.64030131826742,0.9369259032455604
0.6405105670642394,0.9369452096724824
0.6407198158610588,0.9369645042839657
0.6409290646578782,0.9369837870908535
0.6409290646578782,0.936697247706422
0.6411383134546976,0.9367166004280036
0.641347562251517,0.9367359413202934
0.6415568110483365,0.9367552703941339
0.6415568110483365,0.9364691508857667
0.6417660598451559,0.9364885496183206
0.6419753086419753,0.9365079365079365
0.6421845574387948,0.9365273115654562
0.6423938062356142,0.9365466748017084
0.6423938062356142,0.936261055199756
0.6426030550324335,0.936280487804878
0.642812303829253,0.9362999085644621
0.642812303829253,0.9360146252285192
0.6430215526260724,0.9360341151385928
0.6432308014228918,0.9360535931790499
0.6432308014228918,0.9357686453576864
0.6434400502197113,0.9357881923311017
0.6436492990165307,0.935807727411013
0.6436492990165307,0.9355231143552312
0.6438585478133501,0.9355427181514138
0.6440677966101694,0.9355623100303951
0.6442770454069889,0.9355818900030386
0.6444862942038083,0.9356014580801945
0.6446955430006277,0.9356210142726996
0.6449047917974472,0.9356405585913783
0.6451140405942666,0.935660091047041
0.645323289391086,0.9356796116504854
0.645323289391086,0.935395814376706
0.6455325381879055,0.935415403274712
0.6455325381879055,0.9351318581388299
0.6457417869847248,0.9351515151515152
0.6459510357815442,0.9351711602544683
0.6461602845783637,0.93519079345851
0.6463695333751831,0.9352104147744474
0.6465787821720025,0.9352300242130751
0.646788030968822,0.935249621785174
0.6469972797656414,0.9352692075015124
0.6472065285624607,0.9352887813728454
0.6472065285624607,0.935006045949214
0.6474157773592801,0.9350256875188879
0.6476250261560996,0.9350453172205438
0.6476250261560996,0.9347629115070976
0.6476250261560996,0.9344806763285024
0.647834274952919,0.9345004527618472
0.647834274952919,0.9342184671092335
0.6480435237497384,0.934238310708899
0.6480435237497384,0.9339565741857659
0.6482527725465579,0.9339764847753994
0.6482527725465579,0.9336949969861362
0.6484620213433773,0.9337149743898765
0.6486712701401967,0.9337349397590361
0.6488805189370161,0.9337548931044866
0.6488805189370161,0.9334738109572547
0.6490897677338355,0.9334938308757147
0.6492990165306549,0.9335138387484958
0.6492990165306549,0.933233082706767
0.6495082653274744,0.9332531569452797
0.6497175141242938,0.933273219116321
0.6499267629211132,0.9332932692307693
0.6501360117179327,0.9333133072994894
0.650345260514752,0.9333333333333333
0.6505545093115714,0.9333533473431402
0.6507637581083908,0.9333733493397359
0.6507637581083908,0.933093309330933
0.6509730069052103,0.9331133773245351
0.6511822557020297,0.9331334332833583
0.6513915044988491,0.9331534772182254
0.6516007532956686,0.933173509139946
0.651810002092488,0.933193529059317
0.6520192508893073,0.9332135369871218
0.6522284996861268,0.9332335329341317
0.6524377484829462,0.9332535169111045
0.6526469972797656,0.9332734889287851
0.6528562460765851,0.9332934489979061
0.6530654948734045,0.9333133971291866
0.6530654948734045,0.933034379671151
0.6530654948734045,0.9327555289898386
0.6532747436702239,0.9327756199581715
0.6532747436702239,0.9324970131421745
0.6532747436702239,0.9322185727082711
0.6534839924670434,0.9322388059701493
0.6536932412638627,0.9322590271560728
0.6539024900606821,0.9322792362768496
0.6541117388575016,0.9322994333432747
0.654320987654321,0.93231961836613
0.6545302364511404,0.9323397913561848
0.6547394852479598,0.9323599523241954
0.6549487340447793,0.9323801012809055
0.6551579828415987,0.9324002382370459
0.655367231638418,0.9324203632033343
0.655367231638418,0.9321428571428572
0.6555764804352375,0.932163046712288
0.6557857292320569,0.9321832242712671
0.6559949780288763,0.9322033898305084
0.6559949780288763,0.9319262782401903
0.6562042268256958,0.9319465081723626
0.6564134756225152,0.9319667260843731
0.6566227244193346,0.9319869319869319
0.656831973216154,0.9320071258907363
0.6570412220129734,0.9320273078064708
0.6570412220129734,0.9317507418397626
0.6570412220129734,0.9314743399584693
0.6570412220129734,0.9311981020166074
0.6572504708097928,0.931218499851764
0.6574597196066123,0.9312388855957321
0.6576689684034317,0.9312592592592592
0.6578782172002511,0.9312796208530806
0.6580874659970705,0.9312999703879182
0.6580874659970705,0.9310242747187685
0.6580874659970705,0.9307487422314294
0.65829671479389,0.9307692307692308
0.65829671479389,0.9304939367051168
0.6585059635907093,0.9305144884683619
0.6587152123875287,0.9305350280815844
0.6589244611843482,0.9305555555555556
0.6591337099811676,0.930576070901034
0.659342958777987,0.9305965741287655
0.6595522075748065,0.9306170652494833
0.6597614563716259,0.9306375442739079
0.6599707051684452,0.9306580112127472
0.6601799539652647,0.9306784660766961
0.6603892027620841,0.9306989088764376
0.6603892027620841,0.9304245283018868
0.6603892027620841,0.9301503094606542
0.6605984515589035,0.9301708898055392
0.660807700355723,0.9301914580265096
0.6610169491525424,0.9302120141342756
0.6610169491525424,0.9299381807477186
0.6612261979493618,0.9299587992937022
0.6614354467461812,0.9299794057075611
0.6616446955430006,0.93
0.66185394433982,0.9300205821817112
0.6620631931366394,0.9300411522633745
0.6622724419334589,0.9300617102556568
0.6624816907302783,0.9300822561692127
0.6626909395270977,0.9301027900146843
0.6629001883239172,0.9301233118027011
0.6629001883239172,0.9298503081890226
0.6631094371207366,0.9298708920187794
0.6633186859175559,0.9298914637723673
0.6635279347143754,0.9299120234604106
0.6637371835111948,0.929932571093521
0.6639464323080142,0.9299531066822978
0.6641556811048337,0.9299736302373278
0.6643649299016531,0.9299941417691857
0.6643649299016531,0.9297218155197657
0.6645741786984725,0.9297423887587822
0.664783427495292,0.9297629499561019
0.6649926762921113,0.9297834991222937
0.6649926762921113,0.9295115530856976
0.6652019250889307,0.9295321637426901
0.6654111738857501,0.92955276235019
0.6656204226825696,0.929573348918761
0.6656204226825696,0.9293017820625182
0.665829671479389,0.929322429906542
0.6660389202762084,0.9293430656934306
0.6662481690730279,0.9293636894337419
0.6662481690730279,0.929092500729501
0.6662481690730279,0.9288214702450408
0.6664574178698472,0.9288422280548265
0.6666666666666666,0.928862973760933
0.6666666666666666,0.9285922471582629
0.6668759154634861,0.9286130536130536
0.6670851642603055,0.9286338479464026
0.6672944130571249,0.9286546301688993
0.6675036618539444,0.9286754002911208
0.6677129106507638,0.9286961583236322
0.6679221594475832,0.9287169042769857
0.6681314082444026,0.928737638161722
0.6681314082444026,0.9284675777842396
0.668340657041222,0.9284883720930233
0.6685499058380414,0.9285091543156059
0.6685499058380414,0.9282393957001743
0.6687591546348608,0.9282602381643915
0.6689684034316803,0.9282810685249709
0.6691776522284997,0.9283018867924528
0.6693869010253191,0.928322692977365
0.6695961498221386,0.9283434870902234
0.6698053986189579,0.9283642691415314
0.6698053986189579,0.9280951000289939
0.6700146474157773,0.9281159420289855
0.6702238962125968,0.9281367719501594
0.6704331450094162,0.9281575898030128
0.6704331450094162,0.9278887923544744
0.6706423938062356,0.9279096699478865
0.6708516426030551,0.927930535455861
0.6710608913998745,0.9279513888888888
0.6712701401966938,0.9279722302574487
0.6714793889935133,0.927993059572007
0.6716886377903327,0.9280138768430182
0.6718978865871521,0.9280346820809249
0.6721071353839715,0.9280554752961572
0.672316384180791,0.9280762564991335
0.6725256329776104,0.9280970257002599
0.6725256329776104,0.9278290993071594
0.6725256329776104,0.9275613275613276
0.6727348817744297,0.9275822273514137
0.6727348817744297,0.9273146812806461
0.6729441305712492,0.9273356401384083
0.6729441305712492,0.9270683194004036
0.6729441305712492,0.9268011527377522
0.6731533793680686,0.926822241428983
0.673362628164888,0.9268433179723502
0.6735718769617075,0.9268643823783472
0.6737811257585269,0.9268854346574554
0.6739903745553463,0.9269064748201439
0.6741996233521658,0.92692750287687
0.6741996233521658,0.9266609145815358
0.6744088721489852,0.9266820011500863
0.6744088721489852,0.9264156366772061
0.6746181209458045,0.9264367816091954
0.674827369742624,0.926457914392416
0.674827369742624,0.9261918437679495
0.6750366185394434,0.9262130347401665
0.6750366185394434,0.925947187141217
0.6752458673362628,0.9259684361549498
0.6752458673362628,0.9257028112449799
0.6754551161330823,0.9257241181531403
0.6756643649299017,0.9257454128440367
0.6758736137267211,0.9257666953281742
0.6758736137267211,0.9255014326647565
0.6758736137267211,0.925236321970782
0.6760828625235404,0.9252577319587629
0.6760828625235404,0.9249928428285141
0.6760828625235404,0.9247281053234115
0.6762921113203599,0.9247496423462088
0.6765013601171793,0.924771167048055
0.6767106089139987,0.9247926794395196
0.6767106089139987,0.9245283018867925
0.6769198577108182,0.9245498713918262
0.6771291065076376,0.9245714285714286
0.677338355304457,0.9245929734361611
0.677338355304457,0.924328954882924
0.6775476041012765,0.9243505566657151
0.6775476041012765,0.9240867579908676
0.6777568528980958,0.9241084165477889
0.6779661016949152,0.9241300627495722
0.6779661016949152,0.9238665526090676
0.6781753504917347,0.9238882554161916
0.6783845992885541,0.9239099458535195
0.6785938480853735,0.923931623931624
0.6785938480853735,0.923668470521219
0.678803096882193,0.9236902050113895
0.678803096882193,0.9234272701394819
0.6790123456790124,0.9234490608992602
0.6792215944758317,0.9234708392603129
0.6794308432726511,0.9234926052332195
0.6796400920694706,0.923514358828547
0.67984934086629,0.9235361000568505
0.67984934086629,0.9232736572890026
0.6800585896631094,0.9232954545454546
0.6802678384599289,0.9233172394206192
0.6804770872567483,0.9233390119250426
0.6804770872567483,0.9230769230769231
0.6806863360535677,0.9230987514188422
0.6808955848503871,0.9231205673758865
0.6811048336472065,0.9231423709585933
0.6813140824440259,0.923164162177488
0.6813140824440259,0.9229024943310657
0.6813140824440259,0.9226409747803911
0.6815233312408454,0.9226628895184136
0.6817325800376648,0.9226847918436704
0.6819418288344842,0.9227066817667045
0.6821510776313037,0.922728559298047
0.682360326428123,0.9227504244482173
0.682360326428123,0.9224893917963225
0.682360326428123,0.9222285067873304
0.682360326428123,0.9219677692960135
0.682360326428123,0.9217071791972866
0.6825695752249424,0.9217293020627296
0.6825695752249424,0.9214689265536723
0.6827788240217618,0.9214911042078509
0.6829880728185813,0.9215132693393563
0.6829880728185813,0.9212531752751905
0.6831973216154007,0.92127539503386
0.6831973216154007,0.921015514809591
0.6834065704122201,0.9210377890580936
0.6836158192090396,0.9210600507471103
0.683825068005859,0.9210822998872604
0.6840343168026783,0.9211045364891519
0.6840343168026783,0.9208450704225352
0.6842435655994978,0.9208673613066741
0.6844528143963172,0.9208896396396397
0.6846620631931366,0.9209119054320293
0.6848713119899561,0.9209341586944289
0.6850805607867755,0.9209563994374121
0.6852898095835949,0.920978627671541
0.6854990583804144,0.9210008434073658
0.6854990583804144,0.9207419898819561
0.6857083071772337,0.9207642596234897
0.6859175559740531,0.9207865168539325
0.6861268047708726,0.9208087615838247
0.686336053567692,0.9208309938236946
0.686336053567692,0.9205725512208813
0.6865453023645114,0.9205948372615039
0.6867545511613308,0.920617110799439
0.6869637999581503,0.9206393718452047
0.6871730487549697,0.9206616204093075
0.687382297551789,0.9206838565022422
0.687382297551789,0.9204258896049313
0.6875915463486085,0.9204481792717086
0.6875915463486085,0.920190422850742
0.6875915463486085,0.91993281075028
0.6878007951454279,0.9199552197033305
0.6880100439422473,0.9199776161163962
0.6880100439422473,0.9197202797202797
0.6882192927390668,0.9197427293064877
0.6884285415358862,0.9197651663405088
0.6886377903327056,0.9197875908328675
0.688847039129525,0.9198100027940765
0.6890562879263444,0.9198324022346369
0.6892655367231638,0.9198547891650377
0.6894747855199833,0.9198771635957566
0.6896840343168027,0.9198995255372593
0.6898932831136221,0.919921875
0.6901025319104415,0.9199442119944212
0.690311780707261,0.9199665365309537
0.6905210295040803,0.9199888486200167
0.6907302783008997,0.9200111482720178
0.6909395270977192,0.9200334354973531
0.6911487758945386,0.9200557103064066
0.691358024691358,0.9200779727095516
0.6915672734881775,0.9201002227171492
0.6917765222849969,0.9201224603395491
0.6919857710818162,0.9201446855870896
0.6921950198786357,0.9201668984700974
0.6924042686754551,0.9201890989988877
0.6926135174722745,0.9202112871837642
0.6926135174722745,0.9199555308504724
0.692822766269094,0.9199777716032231
0.6930320150659134,0.92
0.6932412638627328,0.9200222160510969
0.6934505126595522,0.9200444197667962
0.6936597614563716,0.9200666111573689
0.693869010253191,0.9200887902330743
0.6940782590500104,0.9201109570041609
0.6942875078468299,0.9201331114808652
0.6942875078468299,0.91987801497089
0.6942875078468299,0.9196230598669624
0.6944967566436493,0.9196453311166528
0.6947060054404687,0.9196675900277008
0.6947060054404687,0.9194129050124619
0.6949152542372882,0.9194352159468439
0.6951245030341076,0.9194575145308608
0.6953337518309269,0.9194798007747648
0.6953337518309269,0.9192254495159059
0.6955430006277464,0.9192477876106194
0.6957522494245658,0.919270113353608
0.6957522494245658,0.9190160309563294
0.6959614982213852,0.9190384084001105
0.6959614982213852,0.9187845303867404
0.6961707470182047,0.9188069594034797
0.6963799958150241,0.9188293760353395
0.6965892446118435,0.9188517802925752
0.696798493408663,0.9188741721854304
0.6970077422054823,0.918896551724138
0.6972169910023017,0.918918918918919
0.6974262397991211,0.9189412737799835
0.6976354885959406,0.9189636163175303
0.69784473739276,0.918985946541747
0.69784473739276,0.918732782369146
0.6980539861895794,0.9187551638667034
0.6982632349863989,0.9187775330396476
0.6982632349863989,0.9185246352876411
0.6984724837832182,0.918547055586131
0.6986817325800376,0.9185694635488308
0.6986817325800376,0.9183168316831684
0.6988909813768571,0.9183392906241408
0.6988909813768571,0.9180868609125893
0.6991002301736765,0.918109370706238
0.6993094789704959,0.9181318681318681
0.6995187277673154,0.9181543531996704
0.6997279765641348,0.9181768259198243
0.6999372253609542,0.9181992863024979
0.6999372253609542,0.9179473106476399
0.7001464741577736,0.9179698216735254
0.700355722954593,0.9179923203510697
0.7005649717514124,0.9180148066904305
0.7005649717514124,0.9177631578947368
0.7005649717514124,0.9175116470265826
0.7007742205482318,0.9175342465753424
0.7007742205482318,0.917282936181868
0.7007742205482318,0.9170317634173056
0.7009834693450513,0.917054475773337
0.7011927181418707,0.9170771756978654
0.7014019669386901,0.9170998632010944
0.7016112157355096,0.9171225382932167
0.7016112157355096,0.9168717528028438
0.7016112157355096,0.9166211044286495
0.7018204645323289,0.9166438917737086
0.7020297133291483,0.9166666666666666
0.7022389621259678,0.9166894291177274
0.7024482109227872,0.9167121791370836
0.7026574597196066,0.9167349167349167
0.7028667085164261,0.9167576419213974
0.7030759573132455,0.9167803547066848
0.7032852061100648,0.9168030551009274
0.7034944549068843,0.9168257431142623
0.7034944549068843,0.9165757906215921
0.7037037037037037,0.9165985282093213
0.7037037037037037,0.9163487738419619
0.7039129525005231,0.9163715608825933
0.7039129525005231,0.9161220043572985
0.7041222012973425,0.9161448407296487
0.704331450094162,0.9161676646706587
0.704331450094162,0.9159183673469388
0.704331450094162,0.9156692056583242
0.7045406988909814,0.9156921403317922
0.7047499476878007,0.9157150625339858
0.7049591964846202,0.9157379722750747
0.7051684452814396,0.9157608695652174
0.705377694078259,0.9157837544145613
0.705377694078259,0.9155350353068984
0.7055869428750785,0.9155579690469726
0.7055869428750785,0.9153094462540716
0.7057961916718979,0.9153324287652645
0.7060054404687173,0.9153553988062941
0.7062146892655368,0.9153783563873068
0.7064239380623561,0.9154013015184381
0.7064239380623561,0.9151531580374085
0.7064239380623561,0.9149051490514906
0.7066331868591755,0.9149282037388242
0.706842435655995,0.9149512459371615
0.7070516844528144,0.9149742756566477
0.7072609332496338,0.9149972929074174
0.7074701820464532,0.915020297699594
0.7074701820464532,0.9147727272727273
0.7076794308432727,0.914795780362456
0.7076794308432727,0.9145484045429962
0.7078886796400921,0.9145715058123818
0.7080979284369114,0.9145945945945946
0.7083071772337309,0.9146176708997569
0.7085164260305503,0.9146407347379795
0.7085164260305503,0.9143937348096138
0.7087256748273697,0.9144168466522679
0.7089349236241892,0.9144399460188933
0.7091441724210086,0.9144630329195899
0.7091441724210086,0.9142163474507689
0.709353421217828,0.9142394822006472
0.7095626700146475,0.9142626044755999
0.7097719188114668,0.9142857142857143
0.7099811676082862,0.9143088116410671
0.7099811676082862,0.9140625
0.7101904164051057,0.9140856450309722
0.7103996652019251,0.9141087775982768
0.7106089139987445,0.9141318977119784
0.7106089139987445,0.9138858988159311
0.710818162795564,0.9139090664514393
0.7110274115923834,0.9139322216245294
0.7112366603892027,0.9139553643452542
0.7114459091860221,0.9139784946236559
0.7116551579828416,0.9140016124697662
0.711864406779661,0.9140247178936056
0.7120736555764804,0.9140478109051839
0.7120736555764804,0.9138023630504833
0.7122829043732999,0.9138255033557047
0.7124921531701193,0.9138486312399355
0.7127014019669387,0.9138717467131742
0.7129106507637581,0.9138948497854077
0.7129106507637581,0.9136497720568517
0.7129106507637581,0.9134048257372654
0.7131198995605775,0.9134280353792549
0.7131198995605775,0.9131832797427653
0.7133291483573969,0.9132065362978837
0.7133291483573969,0.9129619710765935
0.7135383971542164,0.9129852744310576
0.7137476459510358,0.9130085653104925
0.7139568947478552,0.9130318437249131
0.7139568947478552,0.9127875869448903
0.7141661435446747,0.9128109120085585
0.7141661435446747,0.9125668449197861
0.7141661435446747,0.9123229083132852
0.7141661435446747,0.9120791020844469
0.7141661435446747,0.9118354261287737
0.714375392341494,0.9118589743589743
0.714375392341494,0.911615487316422
0.7145846411383134,0.9116390816871329
0.7147938899351328,0.9116626634641046
0.7150031387319523,0.9116862326574173
0.7152123875287717,0.9117097892771405
0.7154216363255911,0.9117333333333333
0.7156308851224106,0.9117568648360437
0.71584013391923,0.9117803837953091
0.71584013391923,0.9115374367172928
0.7160493827160493,0.9115610015982951
0.7160493827160493,0.911318242343542
0.7162586315128688,0.9113418530351438
0.7164678803096882,0.9113654511578387
0.7166771291065076,0.9113890367216605
0.7168863779033271,0.9114126097366321
0.7168863779033271,0.9111702127659574
0.7168863779033271,0.9109279446955597
0.7170956267001465,0.9109516214779373
0.7173048754969659,0.9109752856763221
0.7173048754969659,0.9107332624867163
0.7175141242937854,0.9107569721115538
0.7175141242937854,0.9105151354221986
0.7177233730906047,0.9105388903636846
0.7179326218874241,0.9105626326963907
0.7181418706842435,0.9105863624303528
0.718351119481063,0.9106100795755968
0.7185603682778824,0.9106337841421374
0.7187696170747018,0.9106574761399788
0.7189788658715213,0.9106811555791148
0.7189788658715213,0.9104398516163222
0.7191881146683407,0.9104635761589404
0.71939736346516,0.9104872881355932
0.7196066122619795,0.9105109875562616
0.7196066122619795,0.9102699841185813
0.7198158610587989,0.9102937284996031
0.7200251098556183,0.9103174603174603
0.7202343586524378,0.9103411795821211
0.7204436074492572,0.9103648863035431
0.7204436074492572,0.9101242400211472
0.7206528562460766,0.9101479915433404
0.720862105042896,0.9101717305151915
0.720862105042896,0.9099313259376651
0.7210713538397154,0.9099551095854238
0.7210713538397154,0.909714889123548
0.7210713538397154,0.9094747954605437
0.7210713538397154,0.9092348284960422
0.7210713538397154,0.9089949881297811
0.7212806026365348,0.9090189873417721
0.7214898514333543,0.9090429738992881
0.7216991002301737,0.9090669478123352
0.7219083490269931,0.9090909090909091
0.7221175978238125,0.9091148577449948
0.722326846620632,0.9091387937845667
0.7225360954174513,0.9091627172195893
0.7225360954174513,0.9089234008949724
0.7225360954174513,0.9086842105263158
0.7227453442142707,0.9087082346750855
0.7229545930110902,0.9087322461862177
0.7229545930110902,0.908493294767289
0.7231638418079096,0.9085173501577287
0.723373090604729,0.9085413929040735
0.723373090604729,0.9083026799789805
0.7235823394015485,0.9083267664827949
0.7237915881983679,0.9083508403361344
0.7240008369951872,0.9083749015489629
0.7242100857920067,0.9083989501312336
0.7244193345888261,0.908422986092889
0.7244193345888261,0.9081846799580273
0.7246285833856455,0.9082087595069499
0.724837832182465,0.908232826428946
0.7250470809792844,0.908256880733945
0.7252563297761038,0.9082809224318659
0.7252563297761038,0.9080429656798533
0.7252563297761038,0.9078051335777895
0.7254655785729232,0.9078292746792354
0.7256748273697426,0.9078534031413612
0.725884076166562,0.9078775189740905
0.7260933249633814,0.9079016221873365
0.7263025737602009,0.9079257127910019
0.7263025737602009,0.9076882845188284
0.7263025737602009,0.9074509803921569
0.7263025737602009,0.9072138003136435
0.7265118225570203,0.9072380454664228
0.7265118225570203,0.9070010449320794
0.7265118225570203,0.906764168190128
0.7267210713538397,0.9067885117493473
0.7269303201506592,0.9068128425998434
0.7269303201506592,0.9065762004175365
0.7269303201506592,0.9063396817114532
0.7271395689474786,0.9063641105894628
0.7273488177442979,0.9063885267275098
0.7275580665411174,0.9064129301355579
0.7275580665411174,0.9061767005473026
0.7277673153379368,0.9062011464304325
0.7279765641347562,0.9062255795780151
0.7281858129315757,0.90625
0.7283950617283951,0.9062744077063265
0.7286043105252145,0.9062988027069234
0.7288135593220338,0.9063231850117096
0.7288135593220338,0.9060874089490114
0.7290228081188533,0.906111833550065
0.7290228081188533,0.905876235049402
0.7292320569156727,0.905900701845594
0.7294413057124921,0.9059251559251559
0.7296505545093116,0.9059495972979995
0.729859803306131,0.905974025974026
0.7300690521029504,0.9059984419631265
0.7302783008997699,0.9060228452751817
0.7304875496965892,0.9060472359200623
0.7304875496965892,0.9058121432278152
0.7304875496965892,0.9055771725032425
0.7306967984934086,0.9056016597510373
0.7306967984934086,0.9053668654394608
0.7309060472902281,0.9053913945049248
0.7309060472902281,0.9051567763669345
0.7309060472902281,0.9049222797927461
0.7311152960870475,0.904946904946905
0.7311152960870475,0.9047125841532885
0.7313245448838669,0.9047372508413151
0.7315337936806864,0.9047619047619048
0.7317430424775058,0.9047865459249677
0.7319522912743252,0.9048111743404035
0.7319522912743252,0.9045771916214119
0.7319522912743252,0.9043433298862461
0.7319522912743252,0.9041095890410958
0.7321615400711446,0.9041343669250645
0.732370788867964,0.9041591320072333
0.732370788867964,0.9039256198347108
0.7325800376647834,0.9039504260263361
0.7325800376647834,0.9037170882808466
0.7327892864616028,0.9037419354838709
0.7327892864616028,0.9035087719298246
0.7327892864616028,0.9032757286561774
0.7329985352584223,0.9033006704486849
0.7332077840552417,0.9033255993812839
0.7334170328520611,0.9033505154639175
0.7336262816488806,0.9033754187065189
0.7338355304456999,0.9034003091190108
0.7338355304456999,0.9031676538758692
0.7338355304456999,0.9029351184346035
0.7340447792425193,0.902960102960103
0.7342540280393388,0.9029850746268657
0.7344632768361582,0.903010033444816
0.7346725256329776,0.9030349794238683
0.7346725256329776,0.9028027770635124
0.7346725256329776,0.9025706940874036
0.7346725256329776,0.9023387304034952
0.7346725256329776,0.9021068859198356
0.7348817744297971,0.9021320318520422
0.7348817744297971,0.9019003595274782
0.7348817744297971,0.9016688061617458
0.7350910232266165,0.901694045174538
0.7350910232266165,0.9014626635873749
0.7350910232266165,0.9012314007183171
0.7350910232266165,0.9010002564760194
0.7350910232266165,0.9007692307692308
0.7353002720234358,0.9007946680338375
0.7355095208202553,0.9008200922603793
0.7357187696170747,0.9008455034588778
0.7359280184138941,0.9008709016393442
0.7361372672107135,0.9008962868117798
0.7361372672107135,0.9006656426011265
0.7361372672107135,0.9004351164576402
0.736346516007533,0.900460593654043
0.7365557648043524,0.900486057815298
0.7367650136011717,0.9005115089514066
0.7369742623979912,0.90053694707236
0.7371835111948106,0.9005623721881391
0.73739275999163,0.9005877843087146
0.7376020087884495,0.9006131834440471
0.7378112575852689,0.9006385696040868
0.7380205063820883,0.9006639427987743
0.7382297551789078,0.9006893030380393
0.7384390039757271,0.900714650331802
0.7386482527725465,0.900739984689972
0.738857501569366,0.900765306122449
0.738857501569366,0.9005355776587605
0.7390667503661854,0.9005609382967874
0.7392759991630048,0.900586286005608
0.7392759991630048,0.9003567787971458
0.7392759991630048,0.9001273885350318
0.7394852479598242,0.9001528273051452
0.7394852479598242,0.8999236058059588
0.7396944967566437,0.899949083503055
0.739903745553463,0.899974548231102
0.7401129943502824,0.9
0.7403222431471019,0.9000254388196388
0.7405314919439213,0.9000508646998983
0.7405314919439213,0.8998220188151538
0.7405314919439213,0.8995932892730045
0.7407407407407407,0.8996188055908514
0.7409499895375602,0.8996443089430894
0.7411592383343796,0.8996697993395987
0.741368487131199,0.8996952767902489
0.7415777359280185,0.8997207413048998
0.7415777359280185,0.899492385786802
0.7415777359280185,0.899264146155798
0.7417869847248378,0.8992897006595637
0.7419962335216572,0.8993152422013695
0.7422054823184767,0.8993407707910751
0.7424147311152961,0.8993662864385298
0.7426239799121155,0.8993917891535732
0.7426239799121155,0.8991639219660502
0.742833228708935,0.8991894630192503
0.742833228708935,0.8989617624715118
0.742833228708935,0.8987341772151899
0.7430424775057544,0.8987598076436345
0.7432517263025737,0.8987854251012146
0.7432517263025737,0.8985580571717683
0.7434609750993931,0.898583712696004
0.7436702238962126,0.8986093552465234
0.743879472693032,0.8986349848331648
0.7440887214898514,0.8986606014657569
0.7442979702866709,0.8986862051541182
0.7445072190834903,0.8987117959080576
0.7445072190834903,0.8984848484848484
0.7447164678803097,0.8985104771522343
0.7449257166771291,0.8985360928823827
0.7451349654739485,0.898561695685087
0.7451349654739485,0.898335015136226
0.7451349654739485,0.898108448928121
0.7453442142707679,0.8981341401916288
0.7453442142707679,0.8979077388454751
0.7455534630675874,0.8979334677419355
0.7457627118644068,0.8979591836734694
0.7457627118644068,0.8977329974811084
0.7457627118644068,0.8975069252077562
0.7459719606612262,0.8975327291037261
0.7461812094580457,0.897558520010068
0.7461812094580457,0.8973326623049824
0.7461812094580457,0.8971069182389937
0.7461812094580457,0.8968812877263581
0.746390458254865,0.8969072164948454
0.7465997070516844,0.8969331322272499
0.7468089558485038,0.8969590349334003
0.7468089558485038,0.8967336683417085
0.7468089558485038,0.8965084149711128
0.7470182046453233,0.8965344048216977
0.7472274534421427,0.896560381621893
0.7474367022389621,0.8965863453815262
0.7476459510357816,0.896612296110414
0.747855199832601,0.8966382338183643
0.7480644486294203,0.8966641585151743
0.7482736974262398,0.8966900702106319
0.7484829462230592,0.8967159689145149
0.7484829462230592,0.8964912280701754
0.7486921950198786,0.8965171636181408
0.7486921950198786,0.8962925851703407
0.7486921950198786,0.8960681192086151
0.7489014438166981,0.8960941412118177
0.7489014438166981,0.8958698372966207
0.7491106926135175,0.8958958958958959
0.7493199414103369,0.895921941456092
0.7493199414103369,0.8956978489244622
0.7493199414103369,0.8954738684671167
0.7495291902071564,0.8955
0.7497384390039757,0.8955261184703824
0.7497384390039757,0.8953023488255872
0.7497384390039757,0.8950786909817636
0.7499476878007951,0.8951048951048951
0.7501569365976145,0.8951310861423221
0.7501569365976145,0.8949076385421867
0.750366185394434,0.8949338657349638
0.7505754341912534,0.8949600798403193
0.7507846829880728,0.8949862808680469
0.7507846829880728,0.8947630922693267
0.7507846829880728,0.8945400149588631
0.7509939317848923,0.8945663010967099
0.7512031805817116,0.8945925741340643
0.751412429378531,0.8946188340807175
0.751412429378531,0.8943960149439601
0.751412429378531,0.8941733067729084
0.751412429378531,0.89395070948469
0.7516216781753505,0.8939771030363365
0.7516216781753505,0.8937546653396368
0.7516216781753505,0.8935323383084577
0.7518309269721699,0.8935588162148719
0.7520401757689893,0.8935852809547489
0.7522494245658088,0.893611732537907
0.7524586733626282,0.8936381709741551
0.7526679221594476,0.893664596273292
0.7526679221594476,0.8934426229508197
0.752877170956267,0.8934690836851255
0.7530864197530864,0.8934955312810328
0.7532956685499058,0.8935219657483247
0.7532956685499058,0.8933002481389578
0.7535049173467253,0.893326717935996
0.7535049173467253,0.8931051587301587
0.7537141661435447,0.8931316637738657
0.7537141661435447,0.8929102627664849
0.7539234149403641,0.8929368029739777
0.7541326637371835,0.8929633300297324
0.754341912534003,0.8929898439435224
0.754341912534003,0.8927686973749381
0.7545511613308223,0.8927952463481059
0.7545511613308223,0.8925742574257426
0.7545511613308223,0.8923533778767632
0.7547604101276417,0.892380009896091
0.7547604101276417,0.8921592876576799
0.7549696589244612,0.8921859545004945
0.7549696589244612,0.8919653893695921
0.7551789077212806,0.8919920909540286
0.7553881565181,0.892018779342723
0.7553881565181,0.891798418972332
0.7553881565181,0.8915781674487527
0.7555974053149195,0.8916049382716049
0.7555974053149195,0.8913848432485806
0.7555974053149195,0.8911648568608095
0.7558066541117389,0.8911917098445595
0.7558066541117389,0.8909718796250616
0.7558066541117389,0.8907521578298397
0.7560159029085582,0.8907790927021696
0.7560159029085582,0.8905595267438995
0.7560159029085582,0.8903400689995071
0.7562251517053777,0.8903670854890368
0.7562251517053777,0.8901477832512316
0.7564344005021971,0.8901748337847821
0.7566436492990165,0.8902018709995076
0.756852898095836,0.8902288949052425
0.7570621468926554,0.890255905511811
0.7570621468926554,0.8900369003690037
0.7572713956894748,0.8900639449090014
0.7574806444862942,0.890090976149496
0.7574806444862942,0.8898721730580138
0.7574806444862942,0.8896534775129025
0.7576898932831136,0.8896805896805897
0.7576898932831136,0.8894620486366986
0.757899142079933,0.8894891944990176
0.757899142079933,0.889270807758409
0.757899142079933,0.8890525282277859
0.7581083908767524,0.889079754601227
0.7581083908767524,0.8888616290480864
0.7581083908767524,0.8886436104979152
0.7581083908767524,0.8884256988719961
0.7583176396735719,0.8884530522186811
0.7585268884703913,0.8884803921568627
0.7585268884703913,0.888262680715511
0.7585268884703913,0.8880450759431651
0.7587361372672107,0.8880724957139359
0.7589453860640302,0.888099902056807
0.7591546348608496,0.8881272949816401
0.7591546348608496,0.8879099363680861
0.7593638836576689,0.8879373623684854
0.7593638836576689,0.887720156555773
0.7595731324544884,0.8877476155539251
0.7597823812513078,0.8877750611246944
0.7597823812513078,0.8875580542654607
0.7597823812513078,0.8873411534701857
0.7599916300481272,0.8873686782311263
0.7599916300481272,0.8871519296531509
0.7602008788449467,0.8871794871794871
0.7604101276417661,0.88720703125
0.7604101276417661,0.8869904808396387
0.7606193764385855,0.8870180575890678
0.7608286252354048,0.8870456208831422
0.7610378740322243,0.8870731707317073
0.7610378740322243,0.8868568641794684
0.7610378740322243,0.8866406630911751
0.7612471228290437,0.8866682914940287
0.7612471228290437,0.8864522417153996
0.7614563716258631,0.8864799025578562
0.7616656204226826,0.8865075499269361
0.761874869219502,0.8865351838324811
0.761874869219502,0.8863193768257059
0.7620841180163214,0.8863470430761743
0.7620841180163214,0.8861313868613139
0.7620841180163214,0.8859158355631234
0.7620841180163214,0.8857003891050583
0.7622933668131409,0.8857281789448092
0.7625026156099602,0.8857559552746719
0.7625026156099602,0.8855407047387607
0.7627118644067796,0.8855685131195336
0.7629211132035991,0.8855963079912558
0.7631303620004185,0.8856240893637688
0.7633396107972379,0.8856518572469045
0.7633396107972379,0.8854368932038835
0.7633396107972379,0.8852220334870177
0.7633396107972379,0.8850072780203785
0.7633396107972379,0.8847926267281107
0.7635488595940574,0.8848205625606208
0.7635488595940574,0.8846060606060606
0.7637581083908768,0.8846340281143965
0.7639673571876961,0.8846619820692997
0.7641766059845156,0.8846899224806202
0.7641766059845156,0.8844756599660935
0.764385854781335,0.884503631961259
0.7645951035781544,0.8845315904139434
0.7648043523749738,0.8845595353339787
0.7650136011717933,0.884587466731188
0.7650136011717933,0.8843734881470731
0.7650136011717933,0.8841596130592503
0.7652228499686127,0.8841876208897486
0.7654320987654321,0.8842156151800822
0.7654320987654321,0.8840019333011117
0.7656413475622516,0.8840299589272771
0.7658505963590709,0.8840579710144928
0.7660598451558903,0.884085969572567
0.7662690939527098,0.8841139546112989
0.7662690939527098,0.8839005551532706
0.7664783427495292,0.8839285714285714
0.7664783427495292,0.8837153196622437
0.7664783427495292,0.8835021707670043
0.7664783427495292,0.883289124668435
0.7664783427495292,0.883076181292189
0.7666875915463486,0.8831043624969872
0.7666875915463486,0.8828915662650603
0.7668968403431681,0.8829197783666587
0.7671060891399875,0.8829479768786127
0.7671060891399875,0.8827353720202263
0.7671060891399875,0.882522869523351
0.7671060891399875,0.8823104693140794
0.7673153379368068,0.8823387872954764
0.7673153379368068,0.8821265335578542
0.7675245867336263,0.8821548821548821
0.7675245867336263,0.881942774705458
0.7677338355304457,0.8819711538461539
0.7679430843272651,0.8819995193463109
0.7679430843272651,0.8817876021143681
0.7679430843272651,0.8815757866922892
0.7679430843272651,0.8813640730067243
0.7679430843272651,0.8811524609843937
0.7681523331240845,0.8811809889582333
0.7681523331240845,0.8809695224382049
0.7681523331240845,0.8807581573896354
0.7681523331240845,0.8805468937395059
0.7681523331240845,0.8803357314148681
0.7681523331240845,0.8801246703428435
0.768361581920904,0.8801534036433365
0.7685708307177234,0.8801821231727773
0.7687800795145427,0.8802108289410637
0.7687800795145427,0.88
0.7687800795145427,0.8797892720306514
0.7689893283113622,0.8798180512329423
0.7691985771081816,0.8798468166586884
0.769407825905001,0.8798755683177794
0.7696170747018205,0.8799043062200957
0.7696170747018205,0.8796938531451806
0.7696170747018205,0.8794835007173601
0.7696170747018205,0.8792732488644514
0.7698263234986399,0.879302103250478
0.7698263234986399,0.8790919952210274
0.7698263234986399,0.8788819875776398
0.7700355722954593,0.8789109147360878
0.7700355722954593,0.8787010506208214
0.7702448210922788,0.8787300071616138
0.7704540698890981,0.8787589498806683
0.7706633186859175,0.8787878787878788
0.7706633186859175,0.8785782442748091
0.7706633186859175,0.8783687097543524
0.7706633186859175,0.8781592751549833
0.770872567482737,0.8781883194278903
0.7710818162795564,0.8782173498570067
0.7712910650763758,0.8782463664522278
0.7712910650763758,0.8780371605526441
0.7712910650763758,0.8778280542986425
0.7715003138731952,0.8778571428571429
0.7715003138731952,0.8776481790049988
0.7715003138731952,0.8774393146120895
0.7717095626700147,0.8774684748988818
0.771918811466834,0.8774976213130352
0.7721280602636534,0.8775267538644471
0.7721280602636534,0.8773181169757489
0.7723373090604729,0.8773472783456144
0.7725465578572923,0.8773764258555133
0.7727558066541117,0.8774055595153243
0.7727558066541117,0.8771971496437054
0.7727558066541117,0.87698883875564
0.7727558066541117,0.8767806267806267
0.7729650554509312,0.8768098741989081
0.7729650554509312,0.8766018035121025
0.7731743042477506,0.8766310794780545
0.7731743042477506,0.8764231499051234
0.7731743042477506,0.8762153189471188
0.77338355304457,0.8762446657183499
0.7735928018413895,0.876273998577862
0.7738020506382088,0.876303317535545
0.7738020506382088,0.8760957119166074
0.7740112994350282,0.8761250592136428
0.7742205482318477,0.8761543926118873
0.7744297970286671,0.8761837121212122
0.7744297970286671,0.8759763313609468
0.7746390458254865,0.8760056791292002
0.7748482946223059,0.8760350130115921
0.7750575434191254,0.8760643330179754
0.7750575434191254,0.875857176637503
0.7752667922159447,0.875886524822695
0.7754760410127641,0.8759158591349563
0.7756852898095836,0.875945179584121
0.775894538606403,0.8759744861800142
0.775894538606403,0.8757675956542277
0.7761037874032224,0.8757969303423849
0.7761037874032224,0.875590179414542
0.7761037874032224,0.8753835260797734
0.7763130362000419,0.8754129306276546
0.7765222849968613,0.8754423213021939
0.7765222849968613,0.8752358490566038
0.7767315337936807,0.87526526762556
0.7769407825905001,0.8752946723243753
0.7769407825905001,0.8750883808625972
0.7769407825905001,0.8748821866163996
0.7769407825905001,0.8746760895170789
0.7771500313873195,0.8747056052755534
0.7773592801841389,0.8747351071344478
0.7773592801841389,0.8745291902071564
0.7773592801841389,0.874323370204754
0.7775685289809584,0.8743529411764706
0.7775685289809584,0.8741472594683604
0.7777777777777778,0.8741768579492004
0.7777777777777778,0.8739713143663297
0.7779870265745972,0.8740009402914903
0.7781962753714167,0.8740305522914219
0.778405524168236,0.8740601503759399
0.778405524168236,0.8738548273431994
0.7786147729650554,0.8738844527947394
0.7786147729650554,0.8736792674336699
0.7786147729650554,0.8734741784037559
0.7786147729650554,0.8732691856371744
0.7786147729650554,0.8730642890661661
0.7786147729650554,0.8728594886230354
0.7788240217618748,0.8728893058161351
0.7788240217618748,0.8726846424384526
0.7788240217618748,0.8724800750117205
0.7790332705586943,0.8725099601593626
0.7790332705586943,0.8723055295220243
0.7790332705586943,0.8721011946591708
0.7792425193555137,0.8721311475409836
0.7794517681523331,0.8721610863966284
0.7796610169491526,0.8721910112359551
0.7796610169491526,0.8719868944535455
0.7796610169491526,0.8717828731867103
0.779870265745972,0.871812865497076
0.779870265745972,0.8716089803554724
0.7800795145427913,0.8716389992985738
0.7802887633396108,0.8716690042075736
0.7802887633396108,0.87146529562982
0.7804980121364302,0.8714953271028038
0.7804980121364302,0.8712917542630226
0.7804980121364302,0.8710882765063055
0.7807072609332496,0.8711183749708149
0.7809165097300691,0.8711484593837535
0.7809165097300691,0.8709451575262543
0.7811257585268885,0.8709752683154456
0.7811257585268885,0.8707721017028225
0.7813350073237079,0.8708022388059702
0.7813350073237079,0.870599207274423
0.7813350073237079,0.8703962703962704
0.7815442561205274,0.870426474015381
0.7817535049173467,0.8704566635601119
0.7817535049173467,0.8702539017004426
0.7817535049173467,0.8700512342803912
0.7819627537141661,0.870081490104773
0.7819627537141661,0.86987895716946
0.7821720025109855,0.8699092390039562
0.7821720025109855,0.8697068403908795
0.7821720025109855,0.8695045359385903
0.7821720025109855,0.8693023255813953
0.7821720025109855,0.8691002092536619
0.7821720025109855,0.8688981868898187
0.782381251307805,0.8689286544271438
0.7825905001046244,0.8689591078066915
0.7827997489014438,0.8689895470383275
0.7827997489014438,0.8687877380399442
0.7827997489014438,0.8685860227536568
0.7827997489014438,0.8683844011142061
0.7830089976982633,0.8684149454629845
0.7832182464950826,0.8684454756380511
0.783427495291902,0.8684759916492694
0.783427495291902,0.8682745825602969
0.7836367440887215,0.8683051240435892
0.7838459928855409,0.8683356513676402
0.7838459928855409,0.8681344148319815
0.7840552416823603,0.8681649675625579
0.7840552416823603,0.8679638637943016
0.7840552416823603,0.8677628531727651
0.7840552416823603,0.8675619356332485
0.7842644904791798,0.8675925925925926
0.7844737392759992,0.8676232353621847
0.7844737392759992,0.8674224895881536
0.7846829880728186,0.8674531575294934
0.784892236869638,0.8674838112858464
0.784892236869638,0.8672832369942196
0.7851014856664574,0.8673139158576052
0.7853107344632768,0.8673445805407903
0.7853107344632768,0.8671441774491682
0.7855199832600962,0.8671748671748671
0.7855199832600962,0.8669745958429561
0.7855199832600962,0.8667744169937659
0.7857292320569157,0.8668051708217913
0.7857292320569157,0.8666051234710362
0.7857292320569157,0.8664051684356253
0.7857292320569157,0.8662053056516724
0.7857292320569157,0.8660055350553506
0.7859384808537351,0.866036430712474
0.7861477296505545,0.8660673121254034
0.786356978447374,0.8660981793039871
0.786356978447374,0.8658986175115208
0.786356978447374,0.8656991476618291
0.786356978447374,0.8654997696913864
0.786356978447374,0.8653004835367257
0.7865662272441933,0.8653314917127072
0.7865662272441933,0.865132336018412
0.7865662272441933,0.8649332719742292
0.7867754760410127,0.8649643432252128
0.7869847248378322,0.8649954001839927
0.7871939736346516,0.8650264428604277
0.7871939736346516,0.8648275862068966
0.787403222431471,0.8648586531831762
0.7876124712282905,0.8648897058823529
0.7878217200251099,0.864920744314266
0.7880309688219292,0.864951768488746
0.7880309688219292,0.8647531572904708
0.7882402176187487,0.8647842056932966
0.7884494664155681,0.8648152398439293
0.7884494664155681,0.864616796695732
0.7884494664155681,0.8644184445973847
0.7884494664155681,0.8642201834862385
0.7884494664155681,0.8640220132997019
0.7886587152123875,0.864053186611646
0.7886587152123875,0.8638551455420582
0.788867964009207,0.8638863428047663
0.7890772128060264,0.8639175257731959
0.7890772128060264,0.8637196518552451
0.7892864616028458,0.8637508587130753
0.7894957103996652,0.8637820512820513
0.7894957103996652,0.863584344243534
0.7897049591964846,0.8636155606407323
0.7897049591964846,0.8634179821551132
0.789914207993304,0.8634492223238792
0.7901234567901234,0.8634804482048937
0.7901234567901234,0.8632830361225423
0.7903327055869429,0.8633142857142857
0.7905419543837623,0.863345521023766
0.7907512031805817,0.8633767420607722
0.7907512031805817,0.8631795340338054
0.7907512031805817,0.8629824160767299
0.7907512031805817,0.8627853881278539
0.7909604519774012,0.8628167085140379
0.7909604519774012,0.8626198083067093
0.7909604519774012,0.8624229979466119
0.7909604519774012,0.8622262773722628
0.7909604519774012,0.8620296465222349
0.7911697007742206,0.8620611035111719
0.7911697007742206,0.8618645999544108
0.7911697007742206,0.8616681859617138
0.7913789495710399,0.861699703804967
0.7913789495710399,0.861503416856492
0.7915881983678594,0.8615349578683671
0.7917974471646788,0.8615664845173042
0.7920066959614982,0.8615979968131118
0.7920066959614982,0.8614019116977697
0.7920066959614982,0.8612059158134243
0.7922159447583177,0.8612374886260237
0.7924251935551371,0.8612690470775529
0.7926344423519565,0.8613005911778081
0.7926344423519565,0.8611047965446692
0.7926344423519565,0.860909090909091
0.7926344423519565,0.8607134742104067
0.7926344423519565,0.8605179463880055
0.7926344423519565,0.8603225073813309
0.7926344423519565,0.860127157129882
0.7928436911487758,0.8601589103291714
0.7928436911487758,0.859963685882887
0.7928436911487758,0.8597685500340367
0.7928436911487758,0.859573502722323
0.7928436911487758,0.8593785438875028
0.7930529399455953,0.8594104308390023
0.7930529399455953,0.8592155973702108
0.7932621887424147,0.8592475067996374
0.7934714375392341,0.8592794017675051
0.7936806863360536,0.859311282283643
0.7936806863360536,0.8591166477916194
0.7936806863360536,0.8589221014492754
0.793889935132873,0.8589540412044374
0.793889935132873,0.8587596197374378
0.7940991839296924,0.8587915818058385
0.7940991839296924,0.8585972850678733
0.7940991839296924,0.858403076227098
0.7940991839296924,0.8582089552238806
0.7943084327265119,0.8582410128871807
0.7943084327265119,0.8580470162748643
0.7943084327265119,0.8578531073446327
0.7943084327265119,0.8576592860370538
0.7945176815233312,0.8576914388976734
0.7947269303201506,0.8577235772357723
0.7949361791169701,0.8577557010611876
0.7951454279137895,0.8577878103837472
0.7951454279137895,0.8575942225231324
0.7953546767106089,0.8576263537906137
0.7953546767106089,0.8574328896909542
0.7955639255074284,0.8574650428506991
0.7957731743042478,0.8574971815107103
0.7957731743042478,0.8573038773669973
0.7959824231010671,0.8573360378634213
0.7959824231010671,0.8571428571428571
0.7959824231010671,0.8569497634602388
0.7959824231010671,0.8567567567567568
0.7959824231010671,0.8565638369736546
0.7959824231010671,0.8563710040522288
0.7961916718978865,0.8564033310826018
0.796400920694706,0.8564356435643564
0.796400920694706,0.8562429696287964
0.7966101694915254,0.8562753036437247
0.7968194182883448,0.8563076231167079
0.7968194182883448,0.8561151079136691
0.7968194182883448,0.8559226792537649
0.7970286670851643,0.8559550561797753
0.7972379158819837,0.8559874185576275
0.7972379158819837,0.8557951482479784
0.7972379158819837,0.8556029642937346
0.797447164678803,0.8556353839245622
0.797447164678803,0.8554433221099887
0.797447164678803,0.8552513464991023
0.7976564134756225,0.8552838231994615
0.7976564134756225,0.8550919694930462
0.7976564134756225,0.8549002018389773
0.7976564134756225,0.8547085201793722
0.7976564134756225,0.8545169244563999
0.7976564134756225,0.8543254146122815
0.7976564134756225,0.8541339905892897
0.7976564134756225,0.8539426523297491
0.7978656622724419,0.8539753639417693
0.7978656622724419,0.8537841468875952
0.7980749110692613,0.8538168793373628
0.7980749110692613,0.8536257833482542
0.7980749110692613,0.8534347728798389
0.7980749110692613,0.8532438478747204
0.7982841598660808,0.8532766718854843
0.7984934086629002,0.853309481216458
0.7987026574597196,0.8533422758774871
0.7987026574597196,0.8531515422440769
0.7987026574597196,0.8529608938547486
0.7987026574597196,0.8527703306523682
0.7987026574597196,0.8525798525798526
0.7989119062565391,0.8526127735596248
0.7991211550533585,0.8526456798392499
0.7993304038501778,0.8526785714285714
0.7993304038501778,0.8524882838652087
0.7993304038501778,0.8522980812137438
0.7995396526469973,0.8523310283292438
0.7995396526469973,0.8521409455842998
0.7995396526469973,0.8519509476031215
0.7995396526469973,0.8517610343290236
0.7997489014438167,0.8517940717628705
0.7997489014438167,0.8516042780748663
0.7997489014438167,0.8514145689463132
0.7999581502406361,0.8514476614699332
0.7999581502406361,0.8512580716989535
0.8001673990374555,0.8512911843276937
0.8001673990374555,0.8511017137769864
0.8001673990374555,0.8509123275478415
0.800376647834275,0.8509454949944383
0.800376647834275,0.8507562277580071
0.800376647834275,0.8505670446964643
0.800376647834275,0.8503779457536683
0.800376647834275,0.8501889308735274
0.8005858966310944,0.8502222222222222
0.8005858966310944,0.8500333259275716
0.8005858966310944,0.8498445135495335
0.8005858966310944,0.8496557850322007
0.8005858966310944,0.8494671403197158
0.8005858966310944,0.8492785793562708
0.8005858966310944,0.8490901020861075
0.8005858966310944,0.8489017084535168
0.8007951454279137,0.8489352262644189
0.8010043942247332,0.8489687292082502
0.8012136430215526,0.8490022172949002
0.8012136430215526,0.8488140101972955
0.8012136430215526,0.8486258865248227
0.8012136430215526,0.8484378462220252
0.801422891818372,0.8484714222419141
0.801422891818372,0.8482834994462901
0.8016321406151915,0.8483170947741364
0.8018413894120109,0.8483506752269205
0.8018413894120109,0.8481629039397963
0.8020506382088303,0.8481965036512503
0.8020506382088303,0.8480088495575221
0.8020506382088303,0.8478212784782128
0.8020506382088303,0.8476337903582486
0.8022598870056498,0.8476674773380499
0.8024691358024691,0.8477011494252874
0.8024691358024691,0.8475138121546961
0.8026783845992885,0.8475475033141847
0.8026783845992885,0.8473602827479567
0.8026783845992885,0.8471731448763251
0.802887633396108,0.8472068889379554
0.802887633396108,0.8470198675496688
0.8030968821929274,0.8470536305451335
0.8033061309897468,0.8470873786407767
0.8035153797865662,0.8471211118464593
0.8037246285833857,0.8471548301720335
0.8037246285833857,0.84696802646086
0.8037246285833857,0.8467813051146384
0.8037246285833857,0.8465946660789068
0.803933877380205,0.8466284706919348
0.803933877380205,0.846441947565543
0.803933877380205,0.8462555066079295
0.803933877380205,0.8460691477648095
0.803933877380205,0.8458828709819463
0.803933877380205,0.8456966762051508
0.803933877380205,0.8455105633802817
0.8041431261770244,0.8455445544554455
0.8041431261770244,0.8453585569731632
0.8041431261770244,0.8451726413019574
0.8041431261770244,0.8449868073878628
0.8043523749738439,0.8450208837107056
0.8043523749738439,0.8448351648351649
0.8043523749738439,0.8446495275763568
0.8043523749738439,0.844463971880492
0.8043523749738439,0.8442784976938282
0.8045616237706633,0.8443126921387791
0.8045616237706633,0.8441273326015367
0.8045616237706633,0.8439420544337137
0.8045616237706633,0.8437568575817423
0.8045616237706633,0.8435717419921018
0.8045616237706633,0.8433867076113183
0.8045616237706633,0.8432017543859649
0.8047708725674827,0.8432361324270993
0.8049801213643022,0.8432704953967558
0.8049801213643022,0.8430856892395354
0.8049801213643022,0.8429009640666082
0.8049801213643022,0.8427163198247536
0.8049801213643022,0.8425317564607971
0.8049801213643022,0.8423472739216116
0.8051893701611216,0.8423817863397548
0.8051893701611216,0.842197417377982
0.8051893701611216,0.8420131291028446
0.8051893701611216,0.841828921461387
0.805398618957941,0.8418635170603674
0.8056078677547605,0.8418980975289744
0.8058171165515798,0.8419326628771316
0.8060263653483992,0.8419672131147541
0.8060263653483992,0.8417832167832168
0.8062356141452187,0.8418177845750492
0.8064448629420381,0.8418523372651813
0.8064448629420381,0.8416684865691199
0.8064448629420381,0.8414847161572052
0.8066541117388575,0.8415193189259987
0.8068633605356769,0.8415539065910083
0.8068633605356769,0.8413702814750164
0.8068633605356769,0.8411867364746946
0.8068633605356769,0.8410032715376227
0.8070726093324964,0.8410379415612734
0.8070726093324964,0.840854589056028
0.8070726093324964,0.840671316477768
0.8070726093324964,0.8404881237742428
0.8072818581293157,0.8405228758169935
0.8074911069261351,0.8405576127205402
0.8077003557229546,0.8405923344947736
0.8077003557229546,0.8404093185281951
0.8077003557229546,0.8402263822377013
0.807909604519774,0.8402611534276387
0.807909604519774,0.8400783289817232
0.807909604519774,0.8398955840765717
0.807909604519774,0.8397129186602871
0.8081188533165934,0.8397477712546205
0.8081188533165934,0.8395652173913043
0.8081188533165934,0.8393827428819822
0.8081188533165934,0.8392003476749239
0.8081188533165934,0.8390180317184445
0.8081188533165934,0.8388357949609035
0.8083281021134129,0.8388707926167209
0.8083281021134129,0.8386886669561442
0.8083281021134129,0.8385066203603212
0.8083281021134129,0.8383246527777778
0.8083281021134129,0.838142764157084
0.8083281021134129,0.8379609544468547
0.8085373509102323,0.8379960962914769
0.8085373509102323,0.8378143972246314
0.8087465997070516,0.8378495556037286
0.8089558485038711,0.8378846987429562
0.8089558485038711,0.837703141928494
0.8091650973006905,0.837738301559792
0.8093743460975099,0.8377734459605805
0.8095835948943294,0.8378085751407536
0.8095835948943294,0.8376271920329076
0.8095835948943294,0.8374458874458874
0.8095835948943294,0.8372646613287167
0.8097928436911488,0.8372998701860667
0.8097928436911488,0.8371187540558079
0.8100020924879682,0.8371539792387543
0.8102113412847877,0.8371891891891892
0.810420590081607,0.8372243839169909
0.810420590081607,0.837043440674303
0.810420590081607,0.8368625756266206
0.8106298388784264,0.836897818103262
0.8108390876752458,0.8369330453563715
0.8108390876752458,0.8367523213128913
0.8110483364720653,0.8367875647668394
0.8112575852688847,0.8368227930066912
0.8114668340657041,0.8368580060422961
0.8114668340657041,0.8366774541531823
0.8114668340657041,0.8364969801553063
0.8116760828625236,0.8365322406728488
0.8116760828625236,0.8363518758085382
0.8116760828625236,0.8361715887044622
0.8116760828625236,0.8359913793103448
0.811885331659343,0.8360267183796596
0.811885331659343,0.8358466178371392
0.811885331659343,0.8356665948740039
0.811885331659343,0.8354866494401378
0.8120945804561623,0.8355220667384284
0.8123038292529818,0.8355574687903573
0.8123038292529818,0.8353776630083926
0.8125130780498012,0.8354130808950087
0.8125130780498012,0.8352333835233383
0.8125130780498012,0.8350537634408602
0.8125130780498012,0.8348742205977209
0.8125130780498012,0.83469475494411
0.8125130780498012,0.83451536643026
0.8125130780498012,0.834336055006446
0.8125130780498012,0.834156820622986
0.8125130780498012,0.8339776632302406
0.8127223268466206,0.8340133132918187
0.8127223268466206,0.8338342636324603
0.8129315756434401,0.8338699291693497
0.8129315756434401,0.8336909871244635
0.8129315756434401,0.8335121218622613
0.8129315756434401,0.8333333333333334
0.8131408244402595,0.8333690757023375
0.8131408244402595,0.8331903945111492
0.8131408244402595,0.8330117899249732
0.8131408244402595,0.8328332618945564
0.8133500732370789,0.8328690807799443
0.8133500732370789,0.8326906598114824
0.8135593220338984,0.8327264938959091
0.8135593220338984,0.8325481798715203
0.8137685708307177,0.8325840291158211
0.8139778196275371,0.8326198630136986
0.8139778196275371,0.8324416862829018
0.8139778196275371,0.8322635857937527
0.8139778196275371,0.8320855614973262
0.8139778196275371,0.8319076133447391
0.8141870684243565,0.8319435535599743
0.8141870684243565,0.8317657118426678
0.8141870684243565,0.8315879461423381
0.814396317221176,0.8316239316239317
0.814396317221176,0.8314462721640675
0.8146055660179954,0.8314822725331055
0.8146055660179954,0.8313047191970959
0.8148148148148148,0.8313407344150299
0.8148148148148148,0.8311632870864462
0.8148148148148148,0.8309859154929577
0.8150240636116343,0.8310219756774055
0.8150240636116343,0.830844709897611
0.8150240636116343,0.8306675197270207
0.8150240636116343,0.8304904051172708
0.8152333124084536,0.8305265401833298
0.8152333124084536,0.8303495311167945
0.8152333124084536,0.8301725974856169
0.8152333124084536,0.829995739241585
0.8152333124084536,0.8298189563365282
0.8152333124084536,0.8296422487223168
0.8152333124084536,0.8294656163508622
0.8152333124084536,0.8292890591741167
0.8152333124084536,0.8291125771440732
0.815442561205273,0.8291489361702128
0.8156518100020925,0.8291852797277175
0.8156518100020925,0.8290089323692046
0.8156518100020925,0.8288326600042526
0.8158610587989119,0.8288690476190477
0.8158610587989119,0.8286928799149841
0.8160703075957313,0.8287292817679558
0.8160703075957313,0.82855321861058
0.8160703075957313,0.8283772302463891
0.8160703075957313,0.8282013166277341
0.8162795563925508,0.8282377919320595
0.8162795563925508,0.828061982593929
0.8162795563925508,0.8278862478777589
0.8162795563925508,0.8277105877360492
0.8162795563925508,0.8275350021213407
0.8162795563925508,0.8273594909862142
0.8162795563925508,0.8271840542832909
0.8162795563925508,0.8270086919652322
0.8162795563925508,0.8268334039847393
0.8162795563925508,0.8266581902945539
0.8162795563925508,0.8264830508474577
0.8162795563925508,0.8263079855962719
0.8162795563925508,0.8261329944938586
0.8162795563925508,0.8259580774931188
0.8162795563925508,0.8257832345469941
0.8162795563925508,0.8256084656084656
0.8162795563925508,0.8254337706305543
0.8162795563925508,0.8252591495663212
0.8162795563925508,0.8250846023688664
0.8162795563925508,0.8249101289913301
0.8162795563925508,0.8247357293868922
0.8162795563925508,0.8245614035087719
0.8162795563925508,0.8243871513102282
0.8162795563925508,0.8242129727445595
0.8162795563925508,0.8240388677651035
0.8162795563925508,0.8238648363252375
0.8164888051893702,0.823902027027027
0.8164888051893702,0.8237280979522905
0.8164888051893702,0.8235542422963276
0.8164888051893702,0.8233804600126609
0.8164888051893702,0.8232067510548523
0.8164888051893702,0.8230331153765028
0.8164888051893702,0.8228595529312527
0.8166980539861896,0.8228969006957622
0.8166980539861896,0.8227234401349073
0.816907302783009,0.8227608008429926
0.8171165515798284,0.8227981458069954
0.8171165515798284,0.8226248156730567
0.8171165515798284,0.8224515585509689
0.8171165515798284,0.8222783743946094
0.8171165515798284,0.8221052631578948
0.8173258003766478,0.8221427067985687
0.8175350491734672,0.8221801346801347
0.8175350491734672,0.8220071533768146
0.8175350491734672,0.8218342448464451
0.8175350491734672,0.8216614090431125
0.8175350491734672,0.821488645920942
0.8175350491734672,0.8213159554340971
0.8175350491734672,0.8211433375367801
0.8175350491734672,0.8209707921832318
0.8175350491734672,0.8207983193277311
0.8175350491734672,0.8206259189245957
0.8177442979702867,0.8206635867282654
0.8179535467671061,0.8207012387150955
0.8179535467671061,0.820528967254408
0.8181627955639255,0.8205666316894019
0.8181627955639255,0.8203944607637432
0.8181627955639255,0.8202223620725824
0.8181627955639255,0.8200503355704698
0.818372044360745,0.8200880687775215
0.8185812931575643,0.820125786163522
0.8187905419543837,0.8201634877384196
0.8187905419543837,0.8199916177703269
0.8187905419543837,0.8198198198198198
0.8189997907512032,0.8198575617930457
0.8189997907512032,0.8196858638743455
0.8192090395480226,0.8197236180904522
0.8192090395480226,0.8195520200962948
0.8192090395480226,0.8193804939305148
0.8192090395480226,0.8192090395480226
0.8192090395480226,0.8190376569037657
0.8192090395480226,0.8188663459527296
0.8192090395480226,0.8186951066499373
0.8192090395480226,0.8185239389504495
0.8192090395480226,0.8183528428093646
0.8192090395480226,0.8181818181818182
0.8192090395480226,0.8180108650229837
0.819418288344842,0.8180488823898058
0.8196275371416615,0.8180868838763575
0.8196275371416615,0.8179160576320735
0.8196275371416615,0.8177453027139875
0.8196275371416615,0.8175746190774369
0.8196275371416615,0.8174040066777963
0.8196275371416615,0.8172334654704778
0.8196275371416615,0.8170629954109303
0.8196275371416615,0.8168925964546403
0.8196275371416615,0.8167222685571309
0.8198367859384809,0.8167604752970606
0.8200460347353002,0.8167986661108795
0.8200460347353002,0.8166284642633882
0.8200460347353002,0.8164583333333333
0.8200460347353002,0.8162882732764007
0.8200460347353002,0.8161182840483132
0.8202552835321197,0.8161565688111597
0.8202552835321197,0.8159866777685262
0.8202552835321197,0.8158168574401665
0.8204645323289391,0.8158551810237203
0.8206737811257585,0.8158934886623673
0.820883029922578,0.8159317803660566
0.820883029922578,0.8157621127053442
0.820883029922578,0.8155925155925156
0.820883029922578,0.8154229889835793
0.820883029922578,0.8152535328345802
0.820883029922578,0.8150841471015998
0.820883029922578,0.8149148317407561
0.8210922787193974,0.8149532710280374
0.8213015275162168,0.8149916943521595
0.8215107763130362,0.8150301017230641
0.8215107763130362,0.8148609381486094
0.8215107763130362,0.8146918447810749
0.8215107763130362,0.8145228215767635
0.8217200251098556,0.8145612943372744
0.8217200251098556,0.8143923683119038
0.821929273906675,0.8144308521667012
0.8221385227034944,0.814469320066335
0.8223477715003139,0.8145077720207254
0.8223477715003139,0.8143389970990468
0.8225570202971333,0.8143774601201574
0.8225570202971333,0.8142087821043911
0.8225570202971333,0.8140401739490578
0.8225570202971333,0.813871635610766
0.8227662690939527,0.81391016352722
0.8227662690939527,0.8137417218543046
0.8229755178907722,0.813780260707635
0.8229755178907722,0.8136119155978486
0.8231847666875916,0.8136504653567735
0.8233940154844109,0.8136889991728702
0.8233940154844109,0.8135207773413272
0.8233940154844109,0.8133526250516743
0.8233940154844109,0.8131845422607977
0.8233940154844109,0.8130165289256198
0.8236032642812304,0.8130551538938235
0.8236032642812304,0.8128872366790583
0.8236032642812304,0.8127193888085897
0.8236032642812304,0.8125516102394715
0.8236032642812304,0.8123839009287925
0.8236032642812304,0.8122162608336773
0.8236032642812304,0.8120486899112853
0.8238125130780498,0.8120874587458746
0.8240217618748692,0.8121262115900185
0.8242310106716887,0.8121649484536082
0.8242310106716887,0.8119975262832406
0.8242310106716887,0.8118301731244848
0.8244402594685081,0.8118689470430661
0.8244402594685081,0.8117016893283889
0.8244402594685081,0.811534500514933
0.8244402594685081,0.8113673805601318
0.8246495082653275,0.8114062178299362
0.8246495082653275,0.8112391930835735
0.8248587570621468,0.8112780407491254
0.8250680058589663,0.8113168724279836
0.8250680058589663,0.8111499691421519
0.8250680058589663,0.8109831345125462
0.8250680058589663,0.8108163684968127
0.8250680058589663,0.8106496710526315
0.8252772546557857,0.810688591983556
0.8254865034526051,0.810727496917386
0.8254865034526051,0.8105609204848983
0.8254865034526051,0.8103944124897289
0.8254865034526051,0.8102279728897104
0.8254865034526051,0.8100616016427105
0.8254865034526051,0.8098952987066311
0.8254865034526051,0.8097290640394089
0.8254865034526051,0.809562897599015
0.8254865034526051,0.8093967993434551
0.8254865034526051,0.8092307692307692
0.8254865034526051,0.809064807219032
0.8254865034526051,0.8088989132663522
0.8254865034526051,0.8087330873308733
0.8254865034526051,0.8085673293707727
0.8254865034526051,0.8084016393442623
0.8254865034526051,0.8082360172095882
0.8254865034526051,0.8080704629250307
0.8256957522494246,0.8081097685848864
0.8256957522494246,0.8079443079443079
0.8256957522494246,0.8077789150460594
0.825905001046244,0.8078182562423251
0.8261142498430634,0.8078575813382444
0.8263234986398829,0.8078968903436988
0.8263234986398829,0.8077316424626713
0.8265327474367022,0.8077709611451943
0.8267419962335216,0.8078102637497444
0.8269512450303411,0.8078495502861816
0.8269512450303411,0.8076844471694257
0.8271604938271605,0.8077237433592154
0.8273697426239799,0.8077630234933606
0.8273697426239799,0.8075980392156863
0.8273697426239799,0.8074331223197876
0.8273697426239799,0.8072682727643936
0.8273697426239799,0.807103490508267
0.8273697426239799,0.8069387755102041
0.8273697426239799,0.8067741277290349
0.8273697426239799,0.806609547123623
0.8273697426239799,0.8064450336528656
0.8273697426239799,0.8062805872756933
0.8273697426239799,0.8061162079510703
0.8275789914207994,0.8061557276803913
0.8275789914207994,0.8059914407988588
0.8275789914207994,0.8058272208638957
0.8275789914207994,0.8056630678345895
0.8275789914207994,0.8054989816700611
0.8275789914207994,0.8053349623294644
0.8275789914207994,0.805171009771987
0.8275789914207994,0.8050071239568491
0.8277882402176188,0.805046805046805
0.8277882402176188,0.804883011190234
0.8279974890144381,0.8049227013832384
0.8282067378112575,0.8049623754321741
0.828415986608077,0.805002033346889
0.8286252354048964,0.805041675137223
0.8286252354048964,0.8048780487804879
0.8286252354048964,0.8047144889250153
0.8286252354048964,0.8045509955302722
0.8288344842017158,0.8045906967296363
0.8288344842017158,0.8044272948822095
0.8290437329985353,0.8044670050761421
0.8290437329985353,0.804303694681283
0.8290437329985353,0.8041404505784453
0.8290437329985353,0.8039772727272727
0.8292529817953547,0.8040170419963482
0.829462230592174,0.8040567951318458
0.829462230592174,0.8038937335226121
0.829462230592174,0.8037307380373074
0.829462230592174,0.8035678086357186
0.8296714793889935,0.8036076205918119
0.8296714793889935,0.8034447821681864
0.8296714793889935,0.8032820097244733
0.8296714793889935,0.8031193032205793
0.8296714793889935,0.8029566626164439
0.8296714793889935,0.8027940878720389
0.8296714793889935,0.8026315789473685
0.8296714793889935,0.8024691358024691
0.8296714793889935,0.80230675839741
0.8298807281858129,0.8023467529840178
0.8298807281858129,0.8021844660194175
0.8300899769826323,0.8022244691607685
0.8300899769826323,0.8020622725434695
0.8302992257794518,0.8021022842126542
0.8302992257794518,0.8019401778496362
0.8302992257794518,0.8017781369973732
0.8302992257794518,0.8016161616161617
0.8305084745762712,0.8016562310644314
0.8305084745762712,0.8014943457189014
0.8305084745762712,0.8013325257419746
0.8307177233730906,0.8013726281792491
0.8309269721699101,0.8014127144298688
0.8309269721699101,0.8012510088781275
0.8309269721699101,0.8010893685696994
0.8309269721699101,0.8009277934651069
0.8309269721699101,0.8007662835249042
0.8309269721699101,0.8006048387096775
0.8309269721699101,0.8004434589800443
0.8309269721699101,0.8002821442966546
0.8311362209667295,0.8003223856538384
0.8311362209667295,0.8001611603545528
0.8311362209667295,0.8
0.8311362209667295,0.7998389045509464
0.8311362209667295,0.79967787396819
0.8311362209667295,0.7995169082125604
0.8311362209667295,0.7993560072449185
0.8311362209667295,0.7991951710261569
0.8311362209667295,0.7990343995171998
0.8313454697635488,0.7990748189863234
0.8315547185603683,0.7991152221998793
0.8315547185603683,0.7989545637314033
0.8317639673571877,0.7989949748743719
0.8317639673571877,0.7988344051446945
0.8317639673571877,0.7986738999397227
0.8317639673571877,0.7985134592205705
0.8317639673571877,0.7983530829483833
0.8319732161540071,0.7983935742971887
0.8319732161540071,0.7982332864886569
0.8319732161540071,0.7980730630268968
0.8321824649508265,0.7981135861930564
0.8321824649508265,0.7979534510433387
0.8321824649508265,0.7977933801404212
0.8321824649508265,0.7976333734456478
0.8321824649508265,0.797473430920393
0.832391713747646,0.797514033680834
0.832391713747646,0.7973541791942274
0.8326009625444654,0.7973947895791583
0.8326009625444654,0.7972350230414746
0.8326009625444654,0.7970753205128205
0.8326009625444654,0.7969156819547366
0.8326009625444654,0.7967561073287945
0.8326009625444654,0.7965965965965967
0.8326009625444654,0.7964371497197759
0.8328102113412847,0.7964778867320392
0.8330194601381042,0.7965186074429772
0.8330194601381042,0.7963592718543708
0.8332287089349236,0.7964
0.8332287089349236,0.7962407518496301
0.8332287089349236,0.7960815673730508
0.833437957731743,0.7961223266040376
0.833437957731743,0.7959632294164668
0.833437957731743,0.7958041958041958
0.833437957731743,0.7956452257291251
0.833437957731743,0.7954863191531856
0.833437957731743,0.7953274760383386
0.8336472065285625,0.7953683369934118
0.8336472065285625,0.7952095808383234
0.8336472065285625,0.7950508880462982
0.8336472065285625,0.7948922585794094
0.8336472065285625,0.7947336923997607
0.8336472065285625,0.7945751894694855
0.8336472065285625,0.7944167497507477
0.8338564553253819,0.794457735247209
0.8338564553253819,0.794299382100857
0.8340657041222013,0.7943403746512555
0.8340657041222013,0.7941821079896394
0.8342749529190208,0.7942231075697211
0.8342749529190208,0.7940649273053176
0.8342749529190208,0.7939068100358423
0.8344842017158401,0.793947839936293
0.8346934505126595,0.7939888535031847
0.8346934505126595,0.7938308457711443
0.8346934505126595,0.7936729009152408
0.8346934505126595,0.7935150188979511
0.8346934505126595,0.793357199681782
0.8346934505126595,0.7931994432292703
0.8346934505126595,0.7930417495029821
0.8346934505126595,0.7928841184655138
0.8346934505126595,0.7927265500794912
0.8346934505126595,0.79256904430757
0.8346934505126595,0.7924116011124355
0.834902699309479,0.7924528301886793
0.834902699309479,0.7922954725972995
0.834902699309479,0.7921381774865992
0.8351119481062984,0.7921794362842398
0.8351119481062984,0.7920222266322683
0.8351119481062984,0.7918650793650793
0.8351119481062984,0.7917079944455465
0.8351119481062984,0.7915509718365727
0.8353211969031178,0.7915923061669641
0.8355304456999372,0.7916336241078509
0.8355304456999372,0.7914767096134787
0.8355304456999372,0.7913198573127229
0.8355304456999372,0.7911630671686151
0.8355304456999372,0.7910063391442155
0.8355304456999372,0.7908496732026143
0.8355304456999372,0.7906930693069307
0.8355304456999372,0.7905365274203128
0.8355304456999372,0.7903800475059383
0.8355304456999372,0.7902236295270136
0.8355304456999372,0.7900672734467749
0.8357396944967567,0.790108803165183
0.8357396944967567,0.7899525316455697
0.8357396944967567,0.789796321929998
0.8357396944967567,0.789640173981811
0.8357396944967567,0.7894840877643803
0.8357396944967567,0.7893280632411067
0.8357396944967567,0.7891721003754198
0.8357396944967567,0.7890161991307784
0.8357396944967567,0.7888603594706696
0.8357396944967567,0.7887045813586098
0.8357396944967567,0.7885488647581441
0.8357396944967567,0.7883932096328464
0.8357396944967567,0.7882376159463194
0.8357396944967567,0.7880820836621941
0.8357396944967567,0.787926612744131
0.835948943293576,0.7879684418145957
0.835948943293576,0.7878130546243345
0.835948943293576,0.7876577287066246
0.835948943293576,0.7875024640252316
0.835948943293576,0.7873472605439495
0.8361581920903954,0.7873891625615763
0.8361581920903954,0.7872340425531915
0.8361581920903954,0.7870789836517629
0.8361581920903954,0.7869239858211895
0.8363674408872149,0.7869659381768065
0.8363674408872149,0.7868110236220472
0.8363674408872149,0.7866561700452667
0.8363674408872149,0.7865013774104683
0.8363674408872149,0.786346645681684
0.8363674408872149,0.786191974822974
0.8363674408872149,0.7860373647984268
0.8363674408872149,0.7858828155721589
0.8363674408872149,0.7857283271083153
0.8363674408872149,0.7855738993710691
0.8363674408872149,0.7854195323246217
0.8363674408872149,0.7852652259332024
0.8365766896840343,0.7853074052249067
0.8365766896840343,0.7851531814611155
0.8365766896840343,0.7849990182603573
0.8365766896840343,0.784844915586965
0.8365766896840343,0.7846908734052993
0.8365766896840343,0.7845368916797488
0.8365766896840343,0.7843829703747303
0.8365766896840343,0.7842291094546882
0.8365766896840343,0.7840753088840949
0.8365766896840343,0.783921568627451
0.8365766896840343,0.7837678886492845
0.8367859384808537,0.7838102704821639
0.8369951872776732,0.7838526357044876
0.8369951872776732,0.7836990595611285
0.8369951872776732,0.7835455435847208
0.8369951872776732,0.7833920877399139
0.8372044360744926,0.7834345016643822
0.8372044360744926,0.783281127642913
0.8372044360744926,0.7831278136621648
0.8372044360744926,0.7829745596868884
0.8372044360744926,0.7828213656818627
0.8372044360744926,0.7826682316118936
0.8372044360744926,0.782515157441815
0.8372044360744926,0.7823621431364881
0.8372044360744926,0.7822091886608016
0.8372044360744926,0.7820562939796716
0.8372044360744926,0.7819034590580418
0.837413684871312,0.7819460726846424
0.8376229336681315,0.7819886696620434
0.8378321824649508,0.78203125
0.8378321824649508,0.7818785393477836
0.8380414312617702,0.7819211245607185
0.8380414312617702,0.7817684950224478
0.8380414312617702,0.781615925058548
0.8382506800585897,0.7816585365853659
0.8382506800585897,0.7815060476004682
0.8382506800585897,0.7813536181002536
0.8382506800585897,0.781201248049922
0.8382506800585897,0.7810489374147007
0.8382506800585897,0.7808966861598441
0.8384599288554091,0.7809393880335217
0.8384599288554091,0.7807872174590803
0.8384599288554091,0.7806351061757257
0.8384599288554091,0.7804830541488118
0.8384599288554091,0.7803310613437195
0.8384599288554091,0.7801791277258567
0.8386691776522285,0.780221919408215
0.8386691776522285,0.7800700661736084
0.8386691776522285,0.7799182720373613
0.8386691776522285,0.7797665369649806
0.8386691776522285,0.7796148609219996
0.8386691776522285,0.779463243873979
0.8386691776522285,0.7793116857865059
0.8388784264490479,0.7793545878693624
0.8388784264490479,0.7792031098153547
0.8388784264490479,0.7790516906335018
0.8388784264490479,0.778900330289489
0.8388784264490479,0.7787490287490287
0.8388784264490479,0.7785977859778598
0.8388784264490479,0.7784466019417475
0.8388784264490479,0.7782954766064841
0.8388784264490479,0.7781444099378882
0.8388784264490479,0.7779934019018048
0.8390876752458674,0.7780364765230888
0.8390876752458674,0.7778855480116392
0.8390876752458674,0.7777346780449961
0.8390876752458674,0.7775838665891022
0.8390876752458674,0.7774331136099263
0.8390876752458674,0.7772824190734638
0.8390876752458674,0.7771317829457365
0.8392969240426867,0.7771749660918427
0.8392969240426867,0.7770244091437427
0.8392969240426867,0.7768739105171412
0.8392969240426867,0.7767234701781565
0.8392969240426867,0.7765730880929332
0.8392969240426867,0.7764227642276422
0.8395061728395061,0.7764660344493903
0.8395061728395061,0.7763157894736842
0.8397154216363256,0.7763590636486748
0.839924670433145,0.7764023210831722
0.839924670433145,0.7762521755946625
0.8401339192299644,0.7762954369682908
0.8403431680267839,0.7763386816160835
0.8403431680267839,0.7761886354851179
0.8403431680267839,0.7760386473429952
0.8403431680267839,0.7758887171561051
0.8403431680267839,0.7757388448908634
0.8403431680267839,0.7755890305137119
0.8403431680267839,0.775439273991118
0.8403431680267839,0.7752895752895753
0.8403431680267839,0.7751399343756031
0.8403431680267839,0.7749903512157468
0.8405524168236033,0.7750337642292109
0.8405524168236033,0.7748842592592593
0.8405524168236033,0.7747348119575699
0.8405524168236033,0.7745854222907829
0.8405524168236033,0.7744360902255639
0.8407616656204226,0.774479568234387
0.8409709144172421,0.77452302948545
0.8409709144172421,0.774373795761079
0.8409709144172421,0.7742246195338085
0.8409709144172421,0.774075500770416
0.8409709144172421,0.7739264394377046
0.8409709144172421,0.7737774355025029
0.8409709144172421,0.773628488931665
0.8409709144172421,0.7734795996920708
0.8409709144172421,0.7733307677506254
0.8409709144172421,0.7731819930742593
0.8409709144172421,0.7730332756299289
0.8409709144172421,0.7728846153846154
0.8409709144172421,0.7727360123053258
0.8411801632140615,0.7727797001153403
0.8411801632140615,0.7726311743225063
0.8411801632140615,0.7724827056110684
0.8411801632140615,0.7723342939481268
0.8413894120108809,0.7723780253553592
0.8413894120108809,0.772229690800845
0.8413894120108809,0.7720814132104454
0.8413894120108809,0.7719331925513534
0.8415986608077004,0.7719769673704414
0.8415986608077004,0.7718288236422951
0.8415986608077004,0.77168073676132
0.8415986608077004,0.7715327066948015
0.8415986608077004,0.7713847334100499
0.8418079096045198,0.7714285714285715
0.8418079096045198,0.7712806748466258
0.8420171584013392,0.7713245160053671
0.8420171584013392,0.7711766960521272
0.8420171584013392,0.7710289327457367
0.8420171584013392,0.7708812260536398
0.8420171584013392,0.7707335759433058
0.8420171584013392,0.7705859823822291
0.8420171584013392,0.7704384453379284
0.8420171584013392,0.7702909647779479
0.8422264071981586,0.7703349282296651
0.842435655994978,0.7703788748564868
0.842435655994978,0.7702314903386264
0.842435655994978,0.7700841622035195
0.842435655994978,0.7699368904188181
0.842435655994978,0.7697896749521989
0.8426449047917974,0.7698336838080673
0.8426449047917974,0.7696865443425076
0.8426449047917974,0.7695394611121728
0.8426449047917974,0.7693924340848299
0.8426449047917974,0.7692454632282713
0.8426449047917974,0.7690985485103132
0.8426449047917974,0.768951689898797
0.8426449047917974,0.7688048873615884
0.8426449047917974,0.7686581408665776
0.8426449047917974,0.7685114503816793
0.8426449047917974,0.7683648158748331
0.8426449047917974,0.7682182373140023
0.8428541535886168,0.7682624451649819
0.8428541535886168,0.7681159420289855
0.8428541535886168,0.7679694947569113
0.8428541535886168,0.7678231033168128
0.8428541535886168,0.7676767676767676
0.8430634023854363,0.7677210365853658
0.8430634023854363,0.7675747761478376
0.8430634023854363,0.7674285714285715
0.8430634023854363,0.7672824223957342
0.8430634023854363,0.7671363290175172
0.8430634023854363,0.7669902912621359
0.8430634023854363,0.7668443090978302
0.8430634023854363,0.7666983824928639
0.8430634023854363,0.7665525114155252
0.8430634023854363,0.7664066958341259
0.8432726511822557,0.7664511220996577
0.8432726511822557,0.7663053812511884
0.8432726511822557,0.7661596958174905
0.8432726511822557,0.7660140657669644
0.8432726511822557,0.765868491068035
0.8434818999790751,0.7659129773893216
0.8436911487758946,0.7659574468085106
0.8436911487758946,0.7658119658119659
0.8436911487758946,0.7656665400683631
0.8436911487758946,0.7655211695462313
0.843900397572714,0.7655656795747912
0.843900397572714,0.7654203833744544
0.843900397572714,0.7652751423149905
0.843900397572714,0.7651299563650161
0.8441096463695333,0.7651745068285281
0.8441096463695333,0.7650293950312915
0.8441096463695333,0.7648843382631778
0.8443188951663528,0.7649289099526067
0.8443188951663528,0.764783927217589
0.8443188951663528,0.7646389994314952
0.8443188951663528,0.7644941265630921
0.8443188951663528,0.7643493085811707
0.8443188951663528,0.7642045454545454
0.8443188951663528,0.7640598371520545
0.8445281439631722,0.764104505868989
0.8445281439631722,0.7639598712852546
0.8445281439631722,0.7638152914458743
0.8445281439631722,0.7636707663197729
0.8445281439631722,0.7635262958758986
0.8445281439631722,0.763381880083223
0.8445281439631722,0.7632375189107413
0.8445281439631722,0.7630932123274721
0.8445281439631722,0.7629489603024575
0.8445281439631722,0.7628047628047628
0.8445281439631722,0.762660619803477
0.8445281439631722,0.7625165312677121
0.8445281439631722,0.7623724971666037
0.8445281439631722,0.7622285174693106
0.8445281439631722,0.7620845921450151
0.8445281439631722,0.7619407211629224
0.8445281439631722,0.7617969044922612
0.8445281439631722,0.7616531421022834
0.8445281439631722,0.7615094339622641
0.8445281439631722,0.7613657800415016
0.8447373927599916,0.7614107883817427
0.8447373927599916,0.7612672072411842
0.8447373927599916,0.7611236802413273
0.8447373927599916,0.7609802073515551
0.8447373927599916,0.760836788541274
0.8447373927599916,0.7606934237799133
0.8447373927599916,0.7605501130369254
0.8447373927599916,0.7604068562817856
0.8449466415568111,0.7604519774011299
0.8449466415568111,0.7603087930709848
0.8449466415568111,0.7601656626506024
0.8449466415568111,0.7600225861095427
0.8449466415568111,0.759879563417388
0.8449466415568111,0.7597365945437441
0.8449466415568111,0.7595936794582393
0.8449466415568111,0.7594508181305247
0.8449466415568111,0.7593080105302745
0.8449466415568111,0.7591652566271856
0.8449466415568111,0.7590225563909775
0.8449466415568111,0.7588799097913926
0.8449466415568111,0.7587373167981961
0.8449466415568111,0.758594777381176
0.8449466415568111,0.7584522915101427
0.8449466415568111,0.7583098591549295
0.8451558903536305,0.7583552384528727
0.8451558903536305,0.7582128777923784
0.8451558903536305,0.7580705705705706
0.8451558903536305,0.7579283167573654
0.8451558903536305,0.7577861163227017
0.8451558903536305,0.757643969236541
0.8451558903536305,0.7575018754688673
0.8453651391504499,0.7575473467091693
0.8453651391504499,0.7574053243344582
0.8453651391504499,0.7572633552014996
0.8455743879472694,0.7573088455772113
0.8457836367440887,0.7573543189057523
0.8457836367440887,0.7572124391157737
0.8457836367440887,0.7570706124742461
0.8457836367440887,0.7569288389513109
0.8459928855409081,0.7569743493727766
0.8459928855409081,0.7568326469487083
0.8459928855409081,0.7566909975669099
0.8459928855409081,0.7565494011976048
0.8462021343377275,0.7565949485500467
0.8462021343377275,0.7564534231200898
0.8462021343377275,0.7563119506265196
0.8462021343377275,0.7561705310396409
0.8462021343377275,0.7560291643297813
0.8462021343377275,0.7558878504672897
0.8462021343377275,0.7557465894225378
0.8462021343377275,0.7556053811659192
0.8462021343377275,0.7554642256678498
0.8462021343377275,0.7553231228987672
0.8462021343377275,0.7551820728291316
0.8462021343377275,0.7550410754294249
0.8462021343377275,0.7549001306701512
0.8462021343377275,0.7547592385218365
0.8462021343377275,0.7546183989550289
0.8462021343377275,0.7544776119402985
0.8462021343377275,0.7543368774482373
0.8462021343377275,0.7541961954494592
0.8462021343377275,0.7540555659146
0.8462021343377275,0.7539149888143176
0.8462021343377275,0.7537744641192917
0.8462021343377275,0.7536339918002236
0.8462021343377275,0.7534935718278368
0.8462021343377275,0.7533532041728763
0.8462021343377275,0.7532128888061091
0.8462021343377275,0.753072625698324
0.8462021343377275,0.7529324148203315
0.8462021343377275,0.7527922561429635
0.8462021343377275,0.7526521496370743
0.8462021343377275,0.7525120952735392
0.8462021343377275,0.7523720930232558
0.8462021343377275,0.7522321428571429
0.846411383134547,0.7522782220569091
0.846411383134547,0.7521383413908517
0.846411383134547,0.7519985127347091
0.846411383134547,0.7518587360594795
0.846411383134547,0.7517190113361829
0.846411383134547,0.7515793385358602
0.846411383134547,0.7514397176295746
0.846411383134547,0.7513001485884101
0.8466206319313664,0.7513463324048282
0.8466206319313664,0.7512068325287783
0.8468298807281858,0.7512530165212549
0.8470391295250053,0.7512991833704529
0.8470391295250053,0.7511597699016516
0.8470391295250053,0.7510204081632653
0.8470391295250053,0.7508810981265072
0.8470391295250053,0.7507418397626113
0.8470391295250053,0.7506026330428333
0.8470391295250053,0.7504634779384501
0.8470391295250053,0.7503243744207599
0.8470391295250053,0.7501853224610823
0.8470391295250053,0.7500463220307578
0.8470391295250053,0.7499073731011485
0.8470391295250053,0.7497684756436377
0.8470391295250053,0.7496296296296296
0.8472483783218246,0.7496759859285318
0.8472483783218246,0.749537208441318
0.8472483783218246,0.7493984823246345
0.8472483783218246,0.749259807549963
0.8472483783218246,0.7491211840888067
0.8472483783218246,0.7489826119126896
0.8472483783218246,0.748844090993157
0.8472483783218246,0.7487056213017751
0.847457627118644,0.7487520798668885
0.847457627118644,0.7486136783733827
0.847457627118644,0.7484753280354832
0.847457627118644,0.7483370288248337
0.847457627118644,0.7481987807130981
0.847457627118644,0.7480605836719616
0.847457627118644,0.7479224376731302
0.847457627118644,0.7477843426883308
0.847457627118644,0.7476462986893114
0.847457627118644,0.7475083056478405
0.847457627118644,0.7473703635357077
0.847457627118644,0.7472324723247232
0.847457627118644,0.7470946319867183
0.847457627118644,0.7469568424935448
0.847457627118644,0.7468191038170754
0.847457627118644,0.7466814159292036
0.847457627118644,0.7465437788018433
0.847457627118644,0.7464061924069296
0.847457627118644,0.746268656716418
0.847457627118644,0.7461311717022845
0.8476668759154635,0.7461779333210536
0.8476668759154635,0.7460405156537753
0.8476668759154635,0.7459031485914196
0.8476668759154635,0.7457658321060383
0.8476668759154635,0.7456285661697036
0.8476668759154635,0.7454913507545087
0.8476668759154635,0.7453541858325667
0.8476668759154635,0.7452170713760118
0.8476668759154635,0.7450800073569983
0.8476668759154635,0.7449429937477013
0.8476668759154635,0.7448060305203162
0.8476668759154635,0.7446691176470588
0.8476668759154635,0.7445322551001654
0.8476668759154635,0.7443954428518927
0.8478761247122829,0.7444424030865332
0.8478761247122829,0.7443056576047025
0.8478761247122829,0.7441689623507806
0.8478761247122829,0.7440323172970987
0.8478761247122829,0.7438957224160088
0.8480853735091023,0.7439427312775331
0.8480853735091023,0.7438062029730226
0.8480853735091023,0.7436697247706422
0.8480853735091023,0.7435332966428179
0.8480853735091023,0.7433969185619956
0.8480853735091023,0.7432605905006419
0.8480853735091023,0.7431243124312431
0.8480853735091023,0.7429880843263061
0.8480853735091023,0.7428519061583577
0.8480853735091023,0.742715777899945
0.8482946223059218,0.7427629168193477
0.8482946223059218,0.7426268547352995
0.8482946223059218,0.7424908424908425
0.8482946223059218,0.7423548800585973
0.8482946223059218,0.7422189674112046
0.8482946223059218,0.7420831045213253
0.8482946223059218,0.7419472913616398
0.8482946223059218,0.741811527904849
0.8482946223059218,0.7416758141236737
0.8482946223059218,0.7415401499908543
0.8482946223059218,0.7414045354791514
0.8482946223059218,0.7412689705613458
0.8482946223059218,0.7411334552102377
0.8482946223059218,0.7409979893986474
0.8482946223059218,0.7408625730994152
0.8485038711027412,0.7409099214324868
0.8485038711027412,0.7407745706978444
0.8485038711027412,0.7406392694063927
0.8485038711027412,0.7405040175310446
0.8485038711027412,0.7403688150447325
0.8487131198995606,0.7404162102957283
0.8487131198995606,0.7402810731885381
0.8487131198995606,0.7401459854014598
0.8487131198995606,0.7400109469074986
0.8487131198995606,0.739875957679679
0.8487131198995606,0.739741017691045
0.8487131198995606,0.7396061269146609
0.8487131198995606,0.7394712853236098
0.84892236869638,0.7395187750637987
0.8491316174931994,0.739566247494077
0.8491316174931994,0.7394314868804664
0.8491316174931994,0.7392967753689197
0.8491316174931994,0.7391621129326047
0.8491316174931994,0.7390274995447095
0.8491316174931994,0.7388929351784413
0.8491316174931994,0.7387584198070272
0.8491316174931994,0.7386239534037131
0.8491316174931994,0.7384895359417653
0.8491316174931994,0.7383551673944687
0.8493408662900188,0.7384027651446243
0.8495501150868382,0.7384503455802109
0.8495501150868382,0.7383160574649936
0.8495501150868382,0.7381818181818182
0.8495501150868382,0.7380476277040539
0.8495501150868382,0.7379134860050891
0.8497593638836577,0.7379611121206615
0.8497593638836577,0.7378270348837209
0.8497593638836577,0.7376930063578565
0.8497593638836577,0.7375590265165274
0.8497593638836577,0.7374250953332123
0.8497593638836577,0.7372912127814089
0.8497593638836577,0.7371573788346343
0.8497593638836577,0.7370235934664247
0.8497593638836577,0.7368898566503357
0.8497593638836577,0.736756168359942
0.8497593638836577,0.7366225285688373
0.8497593638836577,0.7364889372506348
0.8497593638836577,0.7363553943789665
0.8497593638836577,0.7362218999274837
0.8497593638836577,0.7360884538698568
0.8497593638836577,0.7359550561797753
0.8497593638836577,0.7358217068309476
0.8497593638836577,0.7356884057971015
0.8497593638836577,0.7355551530519834
0.8499686126804771,0.7356030423759508
0.8499686126804771,0.7354698533405758
0.8499686126804771,0.7353367125271543
0.8499686126804771,0.7352036199095022
0.8499686126804771,0.7350705754614549
0.8499686126804771,0.7349375791568663
0.8499686126804771,0.7348046309696092
0.8499686126804771,0.7346717308735757
0.8499686126804771,0.7345388788426763
0.8499686126804771,0.7344060748508408
0.8499686126804771,0.7342733188720173
0.8501778614772965,0.7343213446593169
0.850387110274116,0.7343693530899892
0.850387110274116,0.7342366757000903
0.850387110274116,0.7341040462427746
0.850387110274116,0.7339714646920715
0.850387110274116,0.7338389310220296
0.850387110274116,0.733706445206716
0.850387110274116,0.7335740072202166
0.8505963590709353,0.7336220898754737
0.8508056078677547,0.7336701551786359
0.8508056078677547,0.7335377954176439
0.8508056078677547,0.7334054834054834
0.8510148566645742,0.733453561767358
0.8510148566645742,0.7333213126577713
0.8510148566645742,0.7331891112312962
0.8510148566645742,0.7330569574621485
0.8510148566645742,0.732924851324563
0.8510148566645742,0.7327927927927927
0.8510148566645742,0.7326607818411097
0.8510148566645742,0.732528818443804
0.8510148566645742,0.7323969025751846
0.8510148566645742,0.7322650342095787
0.8510148566645742,0.7321332133213322
0.8512241054613936,0.7321814254859611
0.851433354258213,0.7322296202987223
0.8516426030550325,0.7322777977689816
0.8518518518518519,0.7323259579060982
0.8518518518518519,0.7321942446043166
0.8518518518518519,0.7320625786729006
0.8518518518518519,0.7319309600862999
0.8520611006486712,0.731979147941758
0.8520611006486712,0.7318475916606758
0.8520611006486712,0.7317160826594789
0.8520611006486712,0.7315846209126842
0.8520611006486712,0.7314532063948267
0.8520611006486712,0.7313218390804598
0.8520611006486712,0.7311905189441551
0.8520611006486712,0.7310592459605026
0.8520611006486712,0.7309280201041106
0.8520611006486712,0.7307968413496052
0.8520611006486712,0.730665709671631
0.8520611006486712,0.7305346250448511
0.8522703494454907,0.7305829596412556
0.8522703494454907,0.7304519368723099
0.8522703494454907,0.7303209610901918
0.8522703494454907,0.7301900322696306
0.8522703494454907,0.7300591503853737
0.8522703494454907,0.7299283154121864
0.8522703494454907,0.7297975273248521
0.8522703494454907,0.7296667860981727
0.8522703494454907,0.7295360917069675
0.8524795982423101,0.7295845272206304
0.8524795982423101,0.7294538943598926
0.8524795982423101,0.7293233082706767
0.8524795982423101,0.7291927689278682
0.8524795982423101,0.7290622763063708
0.8524795982423101,0.7289318303811058
0.8524795982423101,0.7288014311270126
0.8524795982423101,0.7286710785190484
0.8524795982423101,0.7285407725321889
0.8524795982423101,0.7284105131414268
0.8524795982423101,0.7282803003217734
0.8524795982423101,0.7281501340482573
0.8526888470391295,0.7281987133666905
0.8526888470391295,0.7280686081829552
0.8526888470391295,0.7279385494819578
0.8526888470391295,0.7278085372387927
0.8526888470391295,0.7276785714285714
0.8526888470391295,0.7275486520264238
0.8526888470391295,0.7274187790074973
0.8526888470391295,0.727288952346957
0.8526888470391295,0.7271591720199857
0.8526888470391295,0.7270294380017841
0.8526888470391295,0.7268997502675705
0.8526888470391295,0.7267701087925807
0.8526888470391295,0.7266405135520685
0.8526888470391295,0.726510964521305
0.8526888470391295,0.7263814616755794
0.8526888470391295,0.7262520049901978
0.8526888470391295,0.7261225944404847
0.8526888470391295,0.7259932300017816
0.8526888470391295,0.7258639116494479
0.8526888470391295,0.7257346393588602
0.8526888470391295,0.7256054131054132
0.8528980958359489,0.7256542638419085
0.8528980958359489,0.7255250978996084
0.8528980958359489,0.7253959779320164
0.8528980958359489,0.7252669039145907
0.8528980958359489,0.7251378758228073
0.8531073446327684,0.7251867662753468
0.8531073446327684,0.7250577983282945
0.8531073446327684,0.7249288762446657
0.8533165934295878,0.7249777777777778
0.8533165934295878,0.7248489157483115
0.8533165934295878,0.7247200995201706
0.8533165934295878,0.724591329068941
0.8533165934295878,0.7244626043702256
0.8533165934295878,0.7243339253996448
0.8533165934295878,0.7242052921328361
0.8533165934295878,0.7240767045454546
0.8533165934295878,0.7239481626131724
0.8533165934295878,0.723819666311679
0.8533165934295878,0.7236912156166815
0.8535258422264071,0.7237402413058907
0.8535258422264071,0.723611850274969
0.8535258422264071,0.7234835047889322
0.8535258422264071,0.7233552048235503
0.8535258422264071,0.7232269503546099
0.8535258422264071,0.7230987413579153
0.8535258422264071,0.7229705778092875
0.8535258422264071,0.722842459684565
0.8535258422264071,0.7227143869596031
0.8535258422264071,0.7225863596102746
0.8535258422264071,0.722458377612469
0.8535258422264071,0.7223304409420932
0.8537350910232266,0.7223796033994334
0.8537350910232266,0.7222517259691981
0.8537350910232266,0.7221238938053097
0.8537350910232266,0.7219961068837374
0.8537350910232266,0.721868365180467
0.8537350910232266,0.7217406686715019
0.8537350910232266,0.7216130173328617
0.8537350910232266,0.7214854111405835
0.8537350910232266,0.7213578500707214
0.8537350910232266,0.7212303340993459
0.8537350910232266,0.721102863202545
0.8537350910232266,0.7209754373564234
0.8537350910232266,0.7208480565371025
0.8537350910232266,0.7207207207207207
0.853944339820046,0.7207700459201696
0.853944339820046,0.7206427688504327
0.853944339820046,0.7205155367231638
0.853944339820046,0.7203883495145631
0.8541535886168654,0.720437698552771
0.8541535886168654,0.7203105699664726
0.8541535886168654,0.7201834862385321
0.8541535886168654,0.7200564473452108
0.8541535886168654,0.7199294532627866
0.8541535886168654,0.7198025039675542
0.8543628374136849,0.719851904090268
0.8543628374136849,0.7197250132205183
0.8543628374136849,0.7195981670778991
0.8543628374136849,0.7194713656387666
0.8545720862105043,0.7195207892882312
0.8545720862105043,0.7193940461511361
0.8545720862105043,0.7192673476576259
0.8545720862105043,0.7191406937841169
0.8545720862105043,0.7190140845070423
0.8545720862105043,0.7188875198028516
0.8545720862105043,0.7187609996480112
0.8545720862105043,0.7186345240190041
0.8545720862105043,0.7185080928923293
0.8545720862105043,0.718381706244503
0.8545720862105043,0.7182553640520577
0.8545720862105043,0.7181290662915422
0.8545720862105043,0.7180028129395218
0.8545720862105043,0.7178766039725787
0.8545720862105043,0.7177504393673111
0.8545720862105043,0.7176243191003339
0.8547813350073237,0.7176739283204497
0.8547813350073237,0.7175478658001054
0.8547813350073237,0.7174218475588339
0.8549905838041432,0.7174714661984196
0.8549905838041432,0.7173455056179775
0.8549905838041432,0.717219589257504
0.8549905838041432,0.717093717093717
0.8549905838041432,0.7169678891033515
0.8549905838041432,0.716842105263158
0.8549905838041432,0.7167163655499035
0.8549905838041432,0.7165906699403718
0.8549905838041432,0.7164650184113625
0.8551998326009626,0.7165147265077139
0.8554090813977819,0.7165644171779141
0.8554090813977819,0.7164388363126534
0.8554090813977819,0.7163132994568074
0.8554090813977819,0.716187806587246
0.8554090813977819,0.7160623576808548
0.8554090813977819,0.715936952714536
0.8556183301946014,0.7159866923481002
0.8558275789914208,0.7160364145658263
0.8558275789914208,0.7159110799929984
0.8558275789914208,0.7157857892894645
0.8558275789914208,0.715660542432196
0.8558275789914208,0.7155353393981806
0.8558275789914208,0.7154101801644219
0.8558275789914208,0.7152850647079398
0.8558275789914208,0.7151599930057703
0.8558275789914208,0.715034965034965
0.8558275789914208,0.7149099807725922
0.8558275789914208,0.7147850401957357
0.8558275789914208,0.7146601432814957
0.8558275789914208,0.7145352900069881
0.8558275789914208,0.714410480349345
0.8558275789914208,0.7142857142857143
0.8558275789914208,0.71416099179326
0.8558275789914208,0.714036312849162
0.8558275789914208,0.7139116774306161
0.8558275789914208,0.7137870855148342
0.8558275789914208,0.7136625370790438
0.8558275789914208,0.7135380321004885
0.8558275789914208,0.7134135705564277
0.8560368277882402,0.7134635507499129
0.8562460765850597,0.7135135135135136
0.8562460765850597,0.7133891213389121
0.8562460765850597,0.7132647725291964
0.8562460765850597,0.713140467061694
0.8562460765850597,0.7130162049137481
0.8562460765850597,0.7128919860627178
0.8562460765850597,0.712767810485978
0.8564553253818791,0.7128178335074887
0.8564553253818791,0.7126937140867142
0.8564553253818791,0.7125696378830083
0.8564553253818791,0.7124456048738033
0.8564553253818791,0.7123216150365471
0.8564553253818791,0.7121976683487037
0.8564553253818791,0.7120737647877523
0.8564553253818791,0.711949904331188
0.8564553253818791,0.7118260869565217
0.8564553253818791,0.7117023126412798
0.8564553253818791,0.7115785813630042
0.8564553253818791,0.7114548930992526
0.8564553253818791,0.7113312478275982
0.8564553253818791,0.7112076455256299
0.8564553253818791,0.7110840861709521
0.8564553253818791,0.7109605697411846
0.8564553253818791,0.7108370962139632
0.8564553253818791,0.7107136655669387
0.8564553253818791,0.7105902777777777
0.8564553253818791,0.7104669328241625
0.8564553253818791,0.7103436306837904
0.8564553253818791,0.7102203713343744
0.8564553253818791,0.7100971547536433
0.8564553253818791,0.7099739809193408
0.8564553253818791,0.7098508498092265
0.8564553253818791,0.7097277614010751
0.8564553253818791,0.7096047156726768
0.8564553253818791,0.7094817126018375
0.8564553253818791,0.7093587521663778
0.8564553253818791,0.7092358343441345
0.8564553253818791,0.7091129591129591
0.8564553253818791,0.7089901264507189
0.8564553253818791,0.7088673363352962
0.8564553253818791,0.7087445887445888
0.8564553253818791,0.7086218836565097
0.8564553253818791,0.7084992210489873
0.8564553253818791,0.7083766008999653
0.8566645741786985,0.7084270635057969
0.8566645741786985,0.7083044982698962
0.8566645741786985,0.7081819754367756
0.8566645741786985,0.7080594949844344
0.8566645741786985,0.707937056890887
0.8566645741786985,0.7078146611341632
0.8566645741786985,0.7076923076923077
0.8566645741786985,0.7075699965433806
0.8566645741786985,0.707447727665457
0.8566645741786985,0.7073255010366275
0.8568738229755178,0.7073760580411125
0.8568738229755178,0.7072538860103627
0.8570830717723373,0.7073044379209118
0.8570830717723373,0.7071823204419889
0.8570830717723373,0.7070602451234248
0.8570830717723373,0.7069382119433897
0.8572923205691567,0.7069887834339948
0.8572923205691567,0.7068668046928916
0.8572923205691567,0.7067448680351907
0.8575015693659761,0.7067954467057606
0.8575015693659761,0.7066735644076565
0.8575015693659761,0.706551724137931
0.8575015693659761,0.7064299258748492
0.8575015693659761,0.7063081695966908
0.8575015693659761,0.7061864552817508
0.8575015693659761,0.7060647829083391
0.8575015693659761,0.7059431524547803
0.8575015693659761,0.7058215638994144
0.8575015693659761,0.7057000172205958
0.8575015693659761,0.7055785123966942
0.8575015693659761,0.705457049406094
0.8575015693659761,0.7053356282271945
0.8575015693659761,0.7052142488384099
0.8577108181627956,0.7052649690295939
0.8577108181627956,0.7051436435575434
0.8577108181627956,0.7050223598211214
0.8577108181627956,0.7049011177987962
0.8577108181627956,0.7047799174690509
0.8577108181627956,0.7046587588103833
0.8577108181627956,0.7045376418013063
0.8577108181627956,0.7044165664203471
0.857920066959615,0.7044673539518901
0.857920066959615,0.7043463322453187
0.857920066959615,0.704225352112676
0.857920066959615,0.7041044135325434
0.857920066959615,0.7039835164835165
0.8581293157564344,0.7040343347639485
0.8583385645532539,0.7040851355990387
0.8583385645532539,0.703964304101596
0.8583385645532539,0.7038435140700069
0.8583385645532539,0.7037227654829302
0.8583385645532539,0.7036020583190394
0.8583385645532539,0.7034813925570228
0.8583385645532539,0.703360768175583
0.8585478133500732,0.7034116235213441
0.8585478133500732,0.7032910524511484
0.8585478133500732,0.7031705227077978
0.8585478133500732,0.703050034270048
0.8587570621468926,0.7031009080006853
0.8589663109437121,0.7031517643028434
0.8589663109437121,0.7030313409830451
0.8589663109437121,0.7029109589041096
0.8589663109437121,0.7027906180448553
0.8589663109437121,0.702670318384115
0.8589663109437121,0.7025500599007359
0.8589663109437121,0.7024298425735798
0.8589663109437121,0.7023096663815227
0.8589663109437121,0.7021895313034554
0.8589663109437121,0.7020694373182829
0.8589663109437121,0.7019493844049247
0.8589663109437121,0.7018293725423149
0.8589663109437121,0.7017094017094017
0.8589663109437121,0.7015894718851479
0.8589663109437121,0.7014695830485305
0.8589663109437121,0.7013497351785409
0.8589663109437121,0.7012299282541852
0.8589663109437121,0.7011101622544833
0.8589663109437121,0.70099043715847
0.8589663109437121,0.7008707529451937
0.8589663109437121,0.700751109593718
0.8589663109437121,0.7006315070831199
0.8589663109437121,0.7005119453924915
0.8589663109437121,0.7003924245009384
0.8589663109437121,0.700272944387581
0.8589663109437121,0.7001535050315538
0.8589663109437121,0.7000341064120055
0.8589663109437121,0.6999147485080989
0.8591755597405315,0.6999659052165019
0.8593848085373509,0.7000170444861088
0.8593848085373509,0.6998977505112475
0.8593848085373509,0.6997784971886182
0.8593848085373509,0.6996592844974446
0.8593848085373509,0.6995401124169648
0.8593848085373509,0.6994209809264306
0.8593848085373509,0.6993018900051081
0.8595940573341704,0.6993530813755533
0.8595940573341704,0.6992340425531914
0.8595940573341704,0.6991150442477876
0.8598033061309898,0.6991662412795644
0.8598033061309898,0.6990472949982988
0.8598033061309898,0.6989283891818336
0.8598033061309898,0.6988095238095238
0.8598033061309898,0.698690698860738
0.8598033061309898,0.6985719143148589
0.8600125549278091,0.6986231514533401
0.8600125549278091,0.6985044187627464
0.8600125549278091,0.6983857264231096
0.8600125549278091,0.6982670744138634
0.8600125549278091,0.6981484627144556
0.8600125549278091,0.6980298913043478
0.8600125549278091,0.6979113601630158
0.8600125549278091,0.6977928692699491
0.8600125549278091,0.6976744186046512
0.8600125549278091,0.6975560081466395
0.8600125549278091,0.6974376378754454
0.8600125549278091,0.6973193077706142
0.8600125549278091,0.6972010178117048
0.8600125549278091,0.6970827679782904
0.8600125549278091,0.6969645582499576
0.8600125549278091,0.6968463886063072
0.8600125549278091,0.6967282590269537
0.8600125549278091,0.6966101694915254
0.8600125549278091,0.6964921199796644
0.8600125549278091,0.6963741104710268
0.8600125549278091,0.6962561409452821
0.8600125549278091,0.6961382113821138
0.8600125549278091,0.6960203217612193
0.8600125549278091,0.6959024720623095
0.8600125549278091,0.6957846622651092
0.8600125549278091,0.6956668923493569
0.8600125549278091,0.6955491622948046
0.8600125549278091,0.6954314720812182
0.8600125549278091,0.6953138216883776
0.8600125549278091,0.6951962110960758
0.8600125549278091,0.6950786402841197
0.8600125549278091,0.69496110923233
0.8602218037246285,0.6950126796280642
0.8602218037246285,0.694895199459094
0.860431052521448,0.6949467635626162
0.860431052521448,0.6948293342345387
0.860431052521448,0.694711944585234
0.860431052521448,0.6945945945945946
0.860431052521448,0.6944772842425266
0.860431052521448,0.6943600135089497
0.860431052521448,0.6942427823737971
0.860431052521448,0.6941255908170155
0.860431052521448,0.6940084388185654
0.860431052521448,0.6938913263584205
0.860431052521448,0.6937742534165683
0.860431052521448,0.6936572199730094
0.860431052521448,0.6935402260077584
0.860431052521448,0.6934232715008432
0.860431052521448,0.6933063564323049
0.860431052521448,0.6931894807821982
0.8606403013182674,0.6932411933254677
0.8606403013182674,0.6931243680485338
0.8606403013182674,0.6930075821398484
0.8606403013182674,0.6928908355795148
0.8608495501150868,0.6929425635843018
0.8608495501150868,0.6928258672953856
0.8608495501150868,0.6927092103047651
0.8610587989119063,0.6927609427609428
0.8610587989119063,0.6926443359703753
0.8610587989119063,0.6925277684281387
0.8610587989119063,0.6924112401144203
0.8610587989119063,0.6922947510094213
0.8610587989119063,0.6921783010933558
0.8610587989119063,0.6920618903464514
0.8610587989119063,0.691945518748949
0.8610587989119063,0.6918291862811029
0.8610587989119063,0.6917128929231804
0.8610587989119063,0.6915966386554622
0.8610587989119063,0.6914804234582423
0.8610587989119063,0.691364247311828
0.8610587989119063,0.6912481101965395
0.8610587989119063,0.6911320120927108
0.8610587989119063,0.6910159529806885
0.8610587989119063,0.6908999328408327
0.8610587989119063,0.6907839516535169
0.8610587989119063,0.6906680093991272
0.8612680477087257,0.6907199194495721
0.8612680477087257,0.6906040268456376
0.8612680477087257,0.6904881731253145
0.8612680477087257,0.6903723582690372
0.8612680477087257,0.6902565822572531
0.8612680477087257,0.6901408450704225
0.8612680477087257,0.6900251466890193
0.8612680477087257,0.68990948709353
0.8612680477087257,0.6897938662644545
0.8612680477087257,0.6896782841823056
0.8612680477087257,0.6895627408276093
0.8612680477087257,0.6894472361809045
0.8612680477087257,0.6893317702227433
0.8612680477087257,0.6892163429336906
0.8612680477087257,0.6891009542943245
0.8612680477087257,0.688985604285236
0.8612680477087257,0.6888702928870293
0.8612680477087257,0.6887550200803213
0.8612680477087257,0.688639785845742
0.8612680477087257,0.6885245901639344
0.861477296505545,0.6885766850643921
0.861477296505545,0.6884615384615385
0.861477296505545,0.6883464303628156
0.8616865453023645,0.6883985289200936
0.8616865453023645,0.6882834698311884
0.8616865453023645,0.6881684491978609
0.8616865453023645,0.6880534670008355
0.8616865453023645,0.6879385232208487
0.8616865453023645,0.6878236178386504
0.8618957940991839,0.6878757515030061
0.8618957940991839,0.6877608949741192
0.8618957940991839,0.6876460767946577
0.8618957940991839,0.6875312969454181
0.8618957940991839,0.6874165554072096
0.8621050428960033,0.6874687134990822
0.8621050428960033,0.6873540206873541
0.8621050428960033,0.6872393661384487
0.8621050428960033,0.6871247498332221
0.8621050428960033,0.687010171752543
0.8621050428960033,0.6868956318772924
0.8621050428960033,0.6867811301883647
0.8621050428960033,0.6866666666666666
0.8621050428960033,0.6865522412931178
0.8621050428960033,0.6864378540486504
0.8621050428960033,0.6863235049142096
0.8621050428960033,0.6862091938707529
0.8621050428960033,0.6860949208992506
0.8621050428960033,0.685980685980686
0.8621050428960033,0.6858664890960546
0.8621050428960033,0.6857523302263648
0.8621050428960033,0.6856382093526378
0.8621050428960033,0.6855241264559068
0.8621050428960033,0.6854100815172184
0.8621050428960033,0.6852960745176314
0.8621050428960033,0.6851821054382172
0.8621050428960033,0.6850681742600598
0.8621050428960033,0.684954280964256
0.8621050428960033,0.6848404255319149
0.8621050428960033,0.6847266079441582
0.8621050428960033,0.6846128281821203
0.8621050428960033,0.684499086226948
0.8621050428960033,0.6843853820598007
0.8621050428960033,0.6842717156618502
0.8621050428960033,0.6841580870142809
0.8621050428960033,0.6840444960982899
0.8623142916928228,0.6840969455511288
0.8623142916928228,0.6839834024896265
0.8623142916928228,0.6838698971125124
0.8623142916928228,0.6837564294010287
0.8623142916928228,0.68364299933643
0.8623142916928228,0.6835296068999834
0.8623142916928228,0.6834162520729685
0.8623142916928228,0.6833029348366771
0.8625235404896422,0.6833554376657824
0.8625235404896422,0.6832421680755842
0.8625235404896422,0.683128936029168
0.8625235404896422,0.6830157415078707
0.8625235404896422,0.6829025844930418
0.8625235404896422,0.6827894649660428
0.8625235404896422,0.6826763829082477
0.8625235404896422,0.6825633383010432
0.8625235404896422,0.6824503311258279
0.8625235404896422,0.6823373613640126
0.8625235404896422,0.6822244289970208
0.8625235404896422,0.6821115340062883
0.8627327892864616,0.6821641297154203
0.8627327892864616,0.6820512820512821
0.8629420380832811,0.6821038703274892
0.8629420380832811,0.6819910699520423
0.8629420380832811,0.6818783068783069
0.8629420380832811,0.6817655810877831
0.8629420380832811,0.6816528925619835
0.8629420380832811,0.6815402412824326
0.8629420380832811,0.6814276272306675
0.8629420380832811,0.6813150503882373
0.8629420380832811,0.681202510736703
0.8631512868801005,0.6812551610239471
0.8631512868801005,0.6811426684280053
0.8631512868801005,0.6810302129767212
0.8631512868801005,0.6809177946517002
0.8631512868801005,0.6808054134345601
0.8631512868801005,0.6806930693069307
0.8631512868801005,0.6805807622504537
0.8631512868801005,0.6804684922467832
0.8631512868801005,0.6803562592775854
0.8631512868801005,0.6802440633245382
0.8631512868801005,0.6801319043693322
0.8631512868801005,0.6800197823936697
0.8631512868801005,0.6799076973792649
0.8631512868801005,0.6797956493078444
0.8631512868801005,0.6796836381611469
0.8631512868801005,0.6795716639209226
0.8631512868801005,0.6794597265689343
0.8631512868801005,0.6793478260869565
0.8631512868801005,0.6792359624567759
0.8631512868801005,0.679124135660191
0.8631512868801005,0.6790123456790124
0.8631512868801005,0.6789005924950625
0.8631512868801005,0.678788876090176
0.8631512868801005,0.6786771964461994
0.8631512868801005,0.6785655535449909
0.8633605356769198,0.6786184210526316
0.8633605356769198,0.6785068245354382
0.8633605356769198,0.6783952647155541
0.8635697844737392,0.6784481341443367
0.8635697844737392,0.678336620644313
0.8635697844737392,0.6782251437962202
0.8635697844737392,0.6781137035819914
0.8635697844737392,0.6780022999835715
0.8635697844737392,0.6778909329829172
0.8635697844737392,0.6777796025619971
0.8635697844737392,0.6776683087027915
0.8635697844737392,0.6775570513872927
0.8635697844737392,0.677445830597505
0.8635697844737392,0.6773346463154439
0.8635697844737392,0.6772234985231375
0.8635697844737392,0.6771123872026251
0.8635697844737392,0.677001312335958
0.8635697844737392,0.6768902739051993
0.8635697844737392,0.6767792718924237
0.8637790332705587,0.6768322675848499
0.8637790332705587,0.6767213114754098
0.8637790332705587,0.6766103917390591
0.8637790332705587,0.6764995083579154
0.8639882820673781,0.6765525151564804
0.8639882820673781,0.6764416775884666
0.8639882820673781,0.6763308763308763
0.8639882820673781,0.6762201113658697
0.8639882820673781,0.6761093826756182
0.8639882820673781,0.6759986902423052
0.8639882820673781,0.6758880340481257
0.8639882820673781,0.6757774140752865
0.8639882820673781,0.6756668303060056
0.8639882820673781,0.6755562827225131
0.8639882820673781,0.6754457713070505
0.8639882820673781,0.6753352960418711
0.8639882820673781,0.6752248569092396
0.8639882820673781,0.6751144538914323
0.8639882820673781,0.6750040869707373
0.8639882820673781,0.6748937561294541
0.8639882820673781,0.6747834613498938
0.8639882820673781,0.6746732026143791
0.8639882820673781,0.6745629799052443
0.8639882820673781,0.674452793204835
0.8639882820673781,0.6743426424955088
0.8639882820673781,0.6742325277596343
0.8639882820673781,0.6741224489795918
0.8639882820673781,0.6740124061377735
0.8639882820673781,0.6739023992165823
0.8639882820673781,0.6737924281984334
0.8639882820673781,0.673682493065753
0.8639882820673781,0.6735725938009788
0.8639882820673781,0.6734627303865601
0.8639882820673781,0.6733529028049576
0.8639882820673781,0.6732431110386434
0.8639882820673781,0.6731333550701011
0.8639882820673781,0.6730236348818256
0.8639882820673781,0.6729139504563233
0.8639882820673781,0.6728043017761121
0.8639882820673781,0.6726946888237211
0.8639882820673781,0.6725851115816909
0.8639882820673781,0.6724755700325733
0.8639882820673781,0.6723660641589317
0.8639882820673781,0.6722565939433409
0.8641975308641975,0.672309946280319
0.8641975308641975,0.6722005208333334
0.8641975308641975,0.6720911310008136
0.8641975308641975,0.6719817767653758
0.8641975308641975,0.671872458109647
0.8641975308641975,0.6717631750162655
0.8641975308641975,0.671653927467881
0.864406779661017,0.6717073170731708
0.864406779661017,0.6715981141277841
0.864406779661017,0.6714889466840052
0.864406779661017,0.6713798147245246
0.864406779661017,0.6712707182320442
0.864406779661017,0.671161657189277
0.864406779661017,0.6710526315789473
0.864406779661017,0.6709436413837908
0.864406779661017,0.6708346865865541
0.864406779661017,0.6707257671699951
0.864406779661017,0.6706168831168832
0.864406779661017,0.6705080344099984
0.864406779661017,0.6703992210321325
0.864406779661017,0.670290442966088
0.864406779661017,0.6701817001946788
0.8646160284578364,0.670235198702352
0.8646160284578364,0.6701265001621797
0.8646160284578364,0.6700178368736825
0.8646160284578364,0.6699092088197146
0.8646160284578364,0.6698006159831416
0.8646160284578364,0.6696920583468395
0.8646160284578364,0.6695835358936963
0.8646160284578364,0.6694750486066104
0.8648252772546557,0.6695285922566013
0.8648252772546557,0.6694201490119858
0.8648252772546557,0.6693117408906882
0.8648252772546557,0.6692033678756477
0.8648252772546557,0.6690950299498138
0.8648252772546557,0.6689867270961476
0.8650345260514752,0.6690402977828127
0.8650345260514752,0.6689320388349514
0.8652437748482946,0.6689856010354311
0.8652437748482946,0.6688773859592365
0.8652437748482946,0.6687692058871099
0.8652437748482946,0.6686610608020699
0.865453023645114,0.668714632174616
0.865453023645114,0.6686065308761721
0.865453023645114,0.6684984645223856
0.865453023645114,0.6683904330963154
0.865453023645114,0.6682824365810308
0.865453023645114,0.6681744749596122
0.865453023645114,0.668066548215151
0.865453023645114,0.6679586563307494
0.865453023645114,0.6678507992895204
0.865453023645114,0.6677429770745883
0.8656622724419335,0.6677966101694915
0.8656622724419335,0.6676888315041962
0.8656622724419335,0.6675810876230434
0.8656622724419335,0.6674733785091965
0.8658715212387529,0.6675270204871754
0.8658715212387529,0.6674193548387096
0.8658715212387529,0.6673117239154975
0.8658715212387529,0.6672041277007417
0.8658715212387529,0.667096566177656
0.8658715212387529,0.6669890393294649
0.8658715212387529,0.6668815471394037
0.8658715212387529,0.6667740895907187
0.8658715212387529,0.6666666666666666
0.8658715212387529,0.6665592783505154
0.8658715212387529,0.6664519246255436
0.8658715212387529,0.6663446054750403
0.8658715212387529,0.6662373208823056
0.8658715212387529,0.6661300708306503
0.8658715212387529,0.6660228553033961
0.8658715212387529,0.6659156742838751
0.8658715212387529,0.6658085277554304
0.8658715212387529,0.6657014157014157
0.8658715212387529,0.6655943381051954
0.8658715212387529,0.6654872949501447
0.8658715212387529,0.6653802862196495
0.8660807700355723,0.6654340836012862
0.8660807700355723,0.6653271178267159
0.8660807700355723,0.6652201864352298
0.8660807700355723,0.6651132894102523
0.8660807700355723,0.6650064267352185
0.8660807700355723,0.6648995983935743
0.8660807700355723,0.6647928043687761
0.8660807700355723,0.664686044644291
0.8660807700355723,0.6645793192035967
0.8660807700355723,0.6644726280301814
0.8660807700355723,0.6643659711075441
0.8660807700355723,0.6642593484191943
0.8660807700355723,0.6641527599486521
0.8660807700355723,0.664046205679448
0.8662900188323918,0.6641000962463908
0.8662900188323918,0.6639935846030474
0.8662900188323918,0.6638871071199487
0.8662900188323918,0.6637806637806638
0.8662900188323918,0.663674254568772
0.8662900188323918,0.6635678794678634
0.8662900188323918,0.6634615384615384
0.8664992676292111,0.6635154622656626
0.8664992676292111,0.6634091637295738
0.8664992676292111,0.6633028992471568
0.8664992676292111,0.66319666880205
0.8664992676292111,0.6630904723779023
0.8664992676292111,0.6629843099583733
0.8664992676292111,0.6628781815271331
0.8664992676292111,0.6627720870678617
0.8664992676292111,0.6626660265642503
0.8664992676292111,0.66256
0.8664992676292111,0.6624540073588225
0.8664992676292111,0.6623480486244402
0.8664992676292111,0.6622421237805853
0.8664992676292111,0.662136232811001
0.8664992676292111,0.6620303756994405
0.8664992676292111,0.6619245524296675
0.8664992676292111,0.6618187629854563
0.8664992676292111,0.6617130073505912
0.8664992676292111,0.6616072855088673
0.8664992676292111,0.6615015974440894
0.8664992676292111,0.6613959431400734
0.8664992676292111,0.6612903225806451
0.8664992676292111,0.6611847357496408
0.8664992676292111,0.6610791826309068
0.8664992676292111,0.6609736632083001
0.8664992676292111,0.6608681774656878
0.8664992676292111,0.6607627253869475
0.8667085164260305,0.6608168474792597
0.8667085164260305,0.6607114372308183
0.8667085164260305,0.6606060606060606
0.8667085164260305,0.6605007175889013
0.8667085164260305,0.6603954081632653
0.8667085164260305,0.6602901323130879
0.8667085164260305,0.6601848900223143
0.86691776522285,0.6602390438247012
0.8671270140196694,0.6602931803696622
0.8671270140196694,0.6601879878923053
0.8671270140196694,0.6600828289264097
0.8671270140196694,0.6599777034559643
0.8671270140196694,0.6598726114649681
0.8671270140196694,0.6597675529374304
0.8671270140196694,0.6596625278573702
0.8671270140196694,0.6595575362088174
0.8671270140196694,0.6594525779758116
0.8671270140196694,0.6593476531424025
0.8671270140196694,0.6592427616926503
0.8673362628164888,0.6592969619850485
0.8673362628164888,0.6591921119592875
0.8673362628164888,0.6590872952774686
0.8673362628164888,0.6589825119236884
0.8673362628164888,0.6588777618820537
0.8673362628164888,0.6587730451366814
0.8673362628164888,0.6586683616716987
0.8675455116133082,0.6587225929456625
0.8675455116133082,0.6586179507545671
0.8675455116133082,0.6585133418043202
0.8675455116133082,0.6584087660790853
0.8675455116133082,0.6583042235630359
0.8675455116133082,0.6581997142403556
0.8675455116133082,0.6580952380952381
0.8677547604101277,0.6581495000793525
0.8677547604101277,0.6580450650587115
0.8677547604101277,0.6579406631762653
0.8677547604101277,0.6578362944162437
0.867964009206947,0.6578905630452022
0.8681732580037664,0.6579448144624167
0.8681732580037664,0.6578404946884414
0.8681732580037664,0.6577362079898541
0.8683825068005859,0.6577904580757648
0.8683825068005859,0.6576862123613312
0.8683825068005859,0.657581999683093
0.8683825068005859,0.6574778200253485
0.8685917555974053,0.6575320766671947
0.8685917555974053,0.6574279379157428
0.8685917555974053,0.6573238321456849
0.8685917555974053,0.6572197593413552
0.8685917555974053,0.6571157194870983
0.8685917555974053,0.6570117125672681
0.8685917555974053,0.6569077385662289
0.8685917555974053,0.6568037974683544
0.8688010043942247,0.6568580920740389
0.8688010043942247,0.6567541917114837
0.8688010043942247,0.6566503242131899
0.8690102531910442,0.6567046173308033
0.8690102531910442,0.656600790513834
0.8690102531910442,0.656496996522289
0.8690102531910442,0.6563932353406038
0.8690102531910442,0.6562895069532237
0.8690102531910442,0.6561858113446042
0.8690102531910442,0.6560821484992101
0.8690102531910442,0.6559785184015163
0.8692195019878636,0.6560328490208465
0.8692195019878636,0.655929259434707
0.8692195019878636,0.6558257025576255
0.869428750784683,0.6558800315706393
0.869428750784683,0.6557765151515151
0.869428750784683,0.655673031402872
0.869428750784683,0.6555695803092458
0.869428750784683,0.6554661618551822
0.869428750784683,0.6553627760252366
0.869428750784683,0.6552594228039741
0.869428750784683,0.6551561021759698
0.8696379995815025,0.6552104682326975
0.8696379995815025,0.6551071878940732
0.8696379995815025,0.655003940110323
0.8696379995815025,0.6549007248660573
0.8696379995815025,0.6547975421458957
0.8696379995815025,0.6546943919344675
0.8696379995815025,0.6545912742164121
0.8698472483783218,0.6546456692913386
0.8698472483783218,0.6545425917178397
0.8698472483783218,0.6544395465994962
0.8698472483783218,0.6543365339209822
0.8700564971751412,0.6543909348441926
0.8700564971751412,0.6542879622344611
0.8702657459719607,0.6543423536815607
0.8702657459719607,0.6542394211105867
0.8702657459719607,0.6541365209185278
0.8702657459719607,0.6540336530901085
0.8702657459719607,0.6539308176100629
0.8702657459719607,0.6538280144631348
0.8702657459719607,0.6537252436340774
0.8702657459719607,0.6536225051076536
0.8702657459719607,0.6535197988686361
0.8702657459719607,0.6534171249018067
0.8704749947687801,0.6534715677034244
0.8706842435655995,0.6535259934034867
0.8706842435655995,0.6534233668341709
0.8706842435655995,0.6533207724917569
0.8706842435655995,0.6532182103610675
0.8706842435655995,0.6531156804269346
0.8706842435655995,0.6530131826741996
0.8706842435655995,0.6529107170877138
0.8706842435655995,0.6528082836523377
0.8706842435655995,0.6527058823529411
0.8706842435655995,0.652603513174404
0.8706842435655995,0.6525011761016152
0.8706842435655995,0.6523988711194731
0.8708934923624189,0.6524533625960182
0.8708934923624189,0.6523510971786833
0.8708934923624189,0.6522488638144491
0.8708934923624189,0.6521466624882482
0.8708934923624189,0.6520444931850227
0.8708934923624189,0.6519423558897243
0.8708934923624189,0.651840250587314
0.8708934923624189,0.6517381772627623
0.8708934923624189,0.651636135901049
0.8708934923624189,0.6515341264871635
0.8708934923624189,0.6514321490061042
0.8711027411592384,0.6514866979655712
0.8711027411592384,0.6513847598184948
0.8711027411592384,0.6512828535669587
0.8711027411592384,0.6511809791959956
0.8711027411592384,0.6510791366906474
0.8711027411592384,0.6509773260359656
0.8711027411592384,0.6508755472170107
0.8711027411592384,0.6507738002188526
0.8711027411592384,0.6506720850265708
0.8711027411592384,0.6505704016252539
0.8711027411592384,0.65046875
0.8711027411592384,0.6503671301359163
0.8711027411592384,0.6502655420181194
0.8711027411592384,0.6501639856317352
0.8711027411592384,0.6500624609618988
0.8711027411592384,0.6499609679937549
0.8711027411592384,0.6498595067124571
0.8711027411592384,0.6497580771031685
0.8711027411592384,0.6496566791510612
0.8711027411592384,0.6495553128413168
0.8711027411592384,0.6494539781591263
0.8711027411592384,0.6493526750896896
0.8711027411592384,0.6492514036182159
0.8711027411592384,0.6491501637299236
0.8711027411592384,0.6490489554100405
0.8711027411592384,0.6489477786438036
0.8711027411592384,0.6488466334164589
0.8711027411592384,0.6487455197132617
0.8711027411592384,0.6486444375194764
0.8711027411592384,0.648543386820377
0.8711027411592384,0.6484423676012461
0.8711027411592384,0.6483413798473758
0.8711027411592384,0.6482404235440673
0.8711027411592384,0.6481394986766309
0.8711027411592384,0.648038605230386
0.8711027411592384,0.6479377431906614
0.8711027411592384,0.6478369125427949
0.8711027411592384,0.6477361132721332
0.8711027411592384,0.6476353453640323
0.8711027411592384,0.6475346088038575
0.8711027411592384,0.6474339035769829
0.8711027411592384,0.6473332296687918
0.8711027411592384,0.6472325870646766
0.8711027411592384,0.6471319757500389
0.8711027411592384,0.6470313957102891
0.8711027411592384,0.6469308469308469
0.8711027411592384,0.6468303293971411
0.8711027411592384,0.6467298430946092
0.8711027411592384,0.6466293880086984
0.8711027411592384,0.6465289641248642
0.8711027411592384,0.6464285714285715
0.8711027411592384,0.6463282099052942
0.8711027411592384,0.6462278795405154
0.8711027411592384,0.6461275803197268
0.8711027411592384,0.6460273122284296
0.8711027411592384,0.6459270752521334
0.8711027411592384,0.6458268693763575
0.8711027411592384,0.6457266945866295
0.8711027411592384,0.6456265508684863
0.8711027411592384,0.645526438207474
0.8711027411592384,0.6454263565891473
0.8711027411592384,0.6453263059990699
0.8711027411592384,0.6452262864228147
0.8711027411592384,0.6451262978459631
0.8711027411592384,0.645026340254106
0.8713119899560577,0.6450813323005422
0.8713119899560577,0.6449814126394052
0.8713119899560577,0.6448815239275205
0.8713119899560577,0.644781666150511
0.8713119899560577,0.6446818392940084
0.8713119899560577,0.6445820433436532
0.8713119899560577,0.6444822782850952
0.8713119899560577,0.6443825441039925
0.8713119899560577,0.6442828407860127
0.8713119899560577,0.6441831683168316
0.8713119899560577,0.6440835266821345
0.8713119899560577,0.6439839158676152
0.8713119899560577,0.6438843358589763
0.8713119899560577,0.6437847866419295
0.8713119899560577,0.6436852682021951
0.8713119899560577,0.6435857805255023
0.8713119899560577,0.6434863235975893
0.8713119899560577,0.6433868974042027
0.8713119899560577,0.6432875019310984
0.8713119899560577,0.6431881371640408
0.8715212387528771,0.6432432432432432
0.8715212387528771,0.6431439159975293
0.8715212387528771,0.6430446194225722
0.8715212387528771,0.6429453535041679
0.8715212387528771,0.6428461182281217
0.8715212387528771,0.6427469135802469
0.8715212387528771,0.6426477395463663
0.8715212387528771,0.642548596112311
0.8715212387528771,0.642449483263921
0.8715212387528771,0.642350400987045
0.8715212387528771,0.6422513492675405
0.8715212387528771,0.6421523280912735
0.8715212387528771,0.642053337444119
0.8715212387528771,0.6419543773119606
0.8717304875496966,0.6420095546309138
0.8717304875496966,0.6419106317411403
0.8717304875496966,0.6418117393313819
0.8717304875496966,0.6417128773875539
0.8717304875496966,0.6416140458955799
0.8717304875496966,0.6415152448413921
0.8717304875496966,0.6414164742109315
0.8717304875496966,0.6413177339901478
0.8717304875496966,0.6412190241649992
0.8717304875496966,0.6411203447214527
0.8717304875496966,0.641021695645484
0.8717304875496966,0.6409230769230769
0.8717304875496966,0.6408244885402246
0.8717304875496966,0.6407259304829284
0.8717304875496966,0.6406274027371982
0.8717304875496966,0.6405289052890529
0.8717304875496966,0.6404304381245196
0.8717304875496966,0.6403320012296342
0.871939736346516,0.640387275242047
0.871939736346516,0.6402888752304856
0.871939736346516,0.6401905054539868
0.871939736346516,0.6400921658986175
0.871939736346516,0.639993856550453
0.871939736346516,0.6398955773955773
0.871939736346516,0.6397973284200829
0.871939736346516,0.6396991096100706
0.871939736346516,0.63960092095165
0.871939736346516,0.6395027624309392
0.871939736346516,0.6394046340340648
0.871939736346516,0.6393065357471617
0.871939736346516,0.6392084675563737
0.871939736346516,0.6391104294478528
0.871939736346516,0.6390124214077596
0.871939736346516,0.6389144434222631
0.871939736346516,0.638816495477541
0.871939736346516,0.6387185775597792
0.871939736346516,0.6386206896551724
0.871939736346516,0.6385228317499234
0.871939736346516,0.6384250038302436
0.871939736346516,0.6383272058823529
0.871939736346516,0.6382294378924797
0.871939736346516,0.6381316998468607
0.871939736346516,0.6380339917317409
0.871939736346516,0.6379363135333742
0.871939736346516,0.6378386652380224
0.871939736346516,0.6377410468319559
0.871939736346516,0.6376434583014537
0.871939736346516,0.637545899632803
0.871939736346516,0.6374483708122992
0.871939736346516,0.6373508718262466
0.8721489851433354,0.6374063312433094
0.8721489851433354,0.637308868501529
0.8721489851433354,0.6372114355603119
0.8721489851433354,0.6371140324059921
0.8723582339401549,0.637169494115849
0.8723582339401549,0.6370721271393643
0.8723582339401549,0.6369747899159663
0.8723582339401549,0.6368774824320196
0.8723582339401549,0.6367802046738964
0.8723582339401549,0.636682956627978
0.8723582339401549,0.6365857382806536
0.8723582339401549,0.6364885496183206
0.8723582339401549,0.6363913906273851
0.8723582339401549,0.6362942612942613
0.8723582339401549,0.6361971616053715
0.8723582339401549,0.6361000915471468
0.8723582339401549,0.636003051106026
0.8723582339401549,0.6359060402684564
0.8723582339401549,0.6358090590208937
0.8723582339401549,0.6357121073498018
0.8723582339401549,0.6356151852416527
0.8723582339401549,0.6355182926829268
0.8723582339401549,0.6354214296601128
0.8723582339401549,0.6353245961597074
0.8723582339401549,0.6352277921682158
0.8723582339401549,0.6351310176721511
0.8723582339401549,0.635034272658035
0.8723582339401549,0.6349375571123972
0.8723582339401549,0.6348408710217756
0.8723582339401549,0.6347442143727162
0.8723582339401549,0.6346475871517735
0.8723582339401549,0.6345509893455099
0.8723582339401549,0.6344544209404961
0.8723582339401549,0.634357881923311
0.8723582339401549,0.6342613722805416
0.8723582339401549,0.6341648919987831
0.8723582339401549,0.6340684410646388
0.8723582339401549,0.6339720194647201
0.8723582339401549,0.6338756271856469
0.8723582339401549,0.6337792642140468
0.8723582339401549,0.6336829305365557
0.8723582339401549,0.6335866261398176
0.8723582339401549,0.6334903510104847
0.8723582339401549,0.6333941051352172
0.8723582339401549,0.6332978885006836
0.8723582339401549,0.6332017010935601
0.8723582339401549,0.6331055429005316
0.8725674827369743,0.6331612511387792
0.8725674827369743,0.6330651282829817
0.8725674827369743,0.6329690346083788
0.8725674827369743,0.6328729701016846
0.8725674827369743,0.6327769347496206
0.8725674827369743,0.6326809285389167
0.8725674827369743,0.6325849514563107
0.8725674827369743,0.6324890034885484
0.8725674827369743,0.632393084622384
0.8725674827369743,0.6322971948445792
0.8725674827369743,0.6322013341419042
0.8727767315337936,0.6322570865544944
0.8727767315337936,0.6321612609881783
0.8727767315337936,0.6320654644643128
0.8727767315337936,0.631969696969697
0.8727767315337936,0.6318739584911377
0.8727767315337936,0.6317782490154499
0.8727767315337936,0.6316825685294563
0.8727767315337936,0.6315869170199879
0.8729859803306131,0.6316426949280848
0.8729859803306131,0.6315470784135634
0.8729859803306131,0.6314514908430453
0.8729859803306131,0.6313559322033898
0.8729859803306131,0.6312604024814646
0.8729859803306131,0.6311649016641452
0.8729859803306131,0.6310694297383149
0.8729859803306131,0.6309739866908651
0.8729859803306131,0.630878572508695
0.8729859803306131,0.6307831871787118
0.8729859803306131,0.6306878306878307
0.8729859803306131,0.6305925030229746
0.8731952291274325,0.630648330058939
0.8734044779242519,0.6307041402236325
0.8734044779242519,0.6306088533011028
0.8734044779242519,0.6305135951661631
0.8734044779242519,0.6304183658057695
0.8734044779242519,0.6303231652068861
0.8734044779242519,0.6302279933564849
0.8734044779242519,0.6301328502415459
0.8734044779242519,0.6300377358490566
0.8734044779242519,0.6299426501660127
0.8734044779242519,0.6298475931794175
0.8734044779242519,0.6297525648762824
0.8734044779242519,0.6296575652436265
0.8734044779242519,0.6295625942684766
0.8734044779242519,0.6294676519378676
0.8734044779242519,0.629372738238842
0.8734044779242519,0.6292778531584502
0.8734044779242519,0.6291829966837503
0.8734044779242519,0.6290881688018086
0.8734044779242519,0.6289933694996986
0.8734044779242519,0.628898598764502
0.8736137267210714,0.6289545043687857
0.8736137267210714,0.628859768037355
0.8736137267210714,0.6287650602409639
0.8736137267210714,0.6286703809667219
0.8736137267210714,0.6285757302017465
0.8736137267210714,0.6284811079331627
0.8736137267210714,0.6283865141481035
0.8736137267210714,0.6282919488337095
0.8736137267210714,0.6281974119771291
0.8736137267210714,0.6281029035655182
0.8736137267210714,0.6280084235860409
0.8736137267210714,0.6279139720258685
0.8736137267210714,0.6278195488721805
0.8736137267210714,0.6277251541121636
0.8736137267210714,0.6276307877330126
0.8736137267210714,0.6275364497219299
0.8736137267210714,0.6274421400661256
0.8736137267210714,0.6273478587528174
0.8736137267210714,0.6272536057692307
0.8736137267210714,0.6271593811025987
0.8736137267210714,0.6270651847401623
0.8736137267210714,0.6269710166691695
0.8736137267210714,0.6268768768768769
0.8736137267210714,0.626782765350548
0.8736137267210714,0.6266886820774542
0.8736137267210714,0.6265946270448747
0.8736137267210714,0.626500600240096
0.8736137267210714,0.6264066016504126
0.8736137267210714,0.6263126312631263
0.8736137267210714,0.6262186890655467
0.8736137267210714,0.626124775044991
0.8736137267210714,0.6260308891887839
0.8736137267210714,0.6259370314842578
0.8736137267210714,0.6258432019187528
0.8736137267210714,0.6257494004796164
0.8736137267210714,0.6256556271542035
0.8736137267210714,0.6255618819298772
0.8736137267210714,0.6254681647940075
0.8736137267210714,0.6253744757339724
0.8736137267210714,0.6252808147371574
0.8736137267210714,0.6251871817909553
0.8736137267210714,0.6250935768827669
0.8736137267210714,0.625
0.8736137267210714,0.6249064511300704
0.8736137267210714,0.6248129302604011
0.8736137267210714,0.6247194373784228
0.8736137267210714,0.6246259724715739
0.8736137267210714,0.6245325355272999
0.8736137267210714,0.6244391265330541
0.8736137267210714,0.6243457454762973
0.8736137267210714,0.6242523923444976
0.8736137267210714,0.6241590671251308
0.8736137267210714,0.6240657698056801
0.8736137267210714,0.6239725003736363
0.8736137267210714,0.6238792588164973
0.8736137267210714,0.623786045121769
0.8736137267210714,0.6236928592769645
0.8736137267210714,0.6235997012696042
0.8736137267210714,0.6235065710872163
0.8736137267210714,0.6234134687173362
0.8736137267210714,0.6233203941475067
0.8736137267210714,0.6232273473652784
0.8736137267210714,0.6231343283582089
0.8736137267210714,0.6230413371138636
0.8736137267210714,0.622948373619815
0.8736137267210714,0.6228554378636432
0.8736137267210714,0.6227625298329356
0.8736137267210714,0.6226696495152871
0.8736137267210714,0.6225767968983
0.8736137267210714,0.622483971969584
0.8736137267210714,0.6223911747167561
0.8736137267210714,0.6222984051274407
0.8736137267210714,0.6222056631892697
0.8736137267210714,0.6221129488898823
0.8736137267210714,0.6220202622169249
0.8736137267210714,0.6219276031580515
0.8736137267210714,0.6218349717009234
0.8736137267210714,0.6217423678332092
0.8736137267210714,0.6216497915425848
0.8736137267210714,0.6215572428167336
0.8736137267210714,0.6214647216433462
0.8736137267210714,0.6213722280101206
0.8736137267210714,0.6212797619047619
0.8736137267210714,0.6211873233149829
0.8736137267210714,0.6210949122285034
0.8736137267210714,0.6210025286330507
0.8736137267210714,0.6209101725163593
0.8738229755178908,0.6209665427509293
0.8738229755178908,0.6208742194469223
0.8738229755178908,0.620781923591497
0.8738229755178908,0.6206896551724138
0.8738229755178908,0.620597414177441
0.8738229755178908,0.6205052005943537
0.8738229755178908,0.6204130144109344
0.8738229755178908,0.6203208556149733
0.8738229755178908,0.620228724194267
0.8738229755178908,0.6201366201366202
0.8738229755178908,0.620044543429844
0.8738229755178908,0.6199524940617577
0.8738229755178908,0.619860472020187
0.8738229755178908,0.6197684772929652
0.8738229755178908,0.6196765098679329
0.8738229755178908,0.6195845697329377
0.8738229755178908,0.6194926568758344
0.8738229755178908,0.6194007712844853
0.8738229755178908,0.6193089129467596
0.8738229755178908,0.6192170818505338
0.8740322243147102,0.6192735359525574
0.8740322243147102,0.6191817373258227
0.8740322243147102,0.6190899659107751
0.8740322243147102,0.6189982216953172
0.8740322243147102,0.6189065046673581
0.8740322243147102,0.6188148148148148
0.8740322243147102,0.618723152125611
0.8740322243147102,0.6186315165876777
0.8740322243147102,0.6185399081889531
0.8740322243147102,0.6184483269173823
0.8740322243147102,0.6183567727609178
0.8740322243147102,0.6182652457075193
0.8740322243147102,0.6181737457451532
0.8740322243147102,0.6180822728617934
0.8740322243147102,0.617990827045421
0.8740322243147102,0.6178994082840237
0.8740322243147102,0.6178080165655968
0.8740322243147102,0.6177166518781425
0.8740322243147102,0.6176253142096703
0.8740322243147102,0.6175340035481963
0.8740322243147102,0.6174427198817443
0.8740322243147102,0.6173514631983447
0.8740322243147102,0.6172602334860352
0.8740322243147102,0.6171690307328606
0.8740322243147102,0.6170778549268725
0.8740322243147102,0.6169867060561299
0.8742414731115296,0.6170432727809777
0.8742414731115296,0.6169521559362079
0.8742414731115296,0.6168610659973424
0.8742414731115296,0.6167700029524653
0.8742414731115296,0.6166789667896679
0.8742414731115296,0.6165879574970484
0.8742414731115296,0.6164969750627121
0.8742414731115296,0.6164060194747714
0.874450721908349,0.6164626051039976
0.874450721908349,0.6163716814159292
0.874450721908349,0.6162807845450523
0.874450721908349,0.6161899144795046
0.874450721908349,0.6160990712074303
0.874450721908349,0.6160082547169812
0.874450721908349,0.6159174649963154
0.8746599707051684,0.6159740642499263
0.8746599707051684,0.6158833063209076
0.8746599707051684,0.6157925751325869
0.8746599707051684,0.6157018706731477
0.8746599707051684,0.6156111929307806
0.8746599707051684,0.6155205418936828
0.8746599707051684,0.6154299175500589
0.8746599707051684,0.6153393198881201
0.8746599707051684,0.6152487488960848
0.8746599707051684,0.6151582045621781
0.8746599707051684,0.6150676868746321
0.8746599707051684,0.6149771958216861
0.8746599707051684,0.6148867313915858
0.8746599707051684,0.6147962935725843
0.8746599707051684,0.6147058823529412
0.8746599707051684,0.6146154977209234
0.8746599707051684,0.6145251396648045
0.8746599707051684,0.6144348081728649
0.8746599707051684,0.6143445032333921
0.8746599707051684,0.6142542248346804
0.8746599707051684,0.6141639729650309
0.8746599707051684,0.6140737476127516
0.8746599707051684,0.6139835487661575
0.8746599707051684,0.6138933764135702
0.8746599707051684,0.6138032305433186
0.8748692195019878,0.6138599324621935
0.8748692195019878,0.6137698179682912
0.8748692195019878,0.6136797299280786
0.8748692195019878,0.613589668329909
0.8748692195019878,0.6134996331621423
0.8748692195019878,0.6134096244131455
0.8748692195019878,0.6133196420712923
0.8748692195019878,0.6132296861249633
0.8748692195019878,0.6131397565625458
0.8748692195019878,0.613049853372434
0.8748692195019878,0.6129599765430289
0.8748692195019878,0.6128701260627382
0.8748692195019878,0.6127803019199766
0.8748692195019878,0.6126905041031653
0.8748692195019878,0.6126007326007326
0.8748692195019878,0.6125109874011134
0.8748692195019878,0.6124212684927494
0.8748692195019878,0.612331575864089
0.8748692195019878,0.6122419095035876
0.8748692195019878,0.6121522693997071
0.8748692195019878,0.6120626555409164
0.8748692195019878,0.6119730679156908
0.8748692195019878,0.6118835065125128
0.8748692195019878,0.6117939713198712
0.8750784682988073,0.6118507681053401
0.8750784682988073,0.6117612638970158
0.8750784682988073,0.611671785870996
0.8750784682988073,0.6115823340157941
0.8750784682988073,0.6114929083199299
0.8750784682988073,0.6114035087719298
0.8750784682988073,0.6113141353603274
0.8750784682988073,0.6112247880736627
0.8750784682988073,0.6111354669004823
0.8750784682988073,0.6110461718293395
0.8750784682988073,0.6109569028487948
0.8750784682988073,0.6108676599474145
0.8750784682988073,0.6107784431137725
0.8752877170956267,0.6108352803738317
0.8752877170956267,0.6107460943203388
0.8752877170956267,0.6106569343065693
0.8752877170956267,0.610567800321121
0.8752877170956267,0.6104786923525978
0.8752877170956267,0.6103896103896104
0.8752877170956267,0.6103005544207762
0.8752877170956267,0.6102115244347192
0.8752877170956267,0.61012252042007
0.8752877170956267,0.6100335423654659
0.8752877170956267,0.6099445902595508
0.8752877170956267,0.6098556640909754
0.8752877170956267,0.6097667638483965
0.8752877170956267,0.6096778895204781
0.8752877170956267,0.6095890410958904
0.8752877170956267,0.6095002185633105
0.8752877170956267,0.609411421911422
0.8752877170956267,0.6093226511289148
0.8752877170956267,0.6092339062044859
0.8752877170956267,0.6091451871268385
0.8752877170956267,0.6090564938846826
0.8752877170956267,0.6089678264667346
0.8752877170956267,0.6088791848617177
0.8752877170956267,0.6087905690583613
0.8752877170956267,0.6087019790454016
0.8752877170956267,0.6086134148115816
0.8752877170956267,0.6085248763456502
0.8752877170956267,0.6084363636363637
0.8752877170956267,0.608347876672484
0.8754969658924461,0.6084048276864912
0.8754969658924461,0.6083163710380924
0.8754969658924461,0.6082279401075738
0.8754969658924461,0.608139534883721
0.8754969658924461,0.6080511553553263
0.8754969658924461,0.6079628015111886
0.8754969658924461,0.6078744733401134
0.8754969658924461,0.6077861708309122
0.8754969658924461,0.6076978939724038
0.8754969658924461,0.6076096427534127
0.8754969658924461,0.6075214171627704
0.8754969658924461,0.6074332171893148
0.8754969658924461,0.60734504282189
0.8757062146892656,0.6074020319303338
0.8757062146892656,0.607313887679582
0.8757062146892656,0.607225769007545
0.8757062146892656,0.6071376759030901
0.8757062146892656,0.6070496083550914
0.8757062146892656,0.6069615663524293
0.875915463486085,0.6070185614849188
0.875915463486085,0.6069305495142816
0.875915463486085,0.606842563061757
0.875915463486085,0.6067546021162488
0.875915463486085,0.6066666666666667
0.875915463486085,0.6065787567019273
0.875915463486085,0.6064908722109533
0.875915463486085,0.6064030131826742
0.875915463486085,0.6063151796060255
0.875915463486085,0.6062273714699493
0.875915463486085,0.6061395887633941
0.875915463486085,0.6060518314753149
0.875915463486085,0.6059640995946728
0.875915463486085,0.6058763931104356
0.875915463486085,0.6057887120115775
0.8761247122829043,0.6058457531471567
0.8761247122829043,0.6057581018518519
0.8761247122829043,0.6056704759149428
0.8761247122829043,0.6055828753254267
0.8761247122829043,0.6054953000723066
0.8761247122829043,0.6054077501445922
0.8761247122829043,0.6053202255312997
0.8761247122829043,0.6052327262214513
0.8761247122829043,0.6051452522040758
0.8761247122829043,0.6050578034682081
0.8761247122829043,0.6049703800028897
0.8761247122829043,0.6048829817971685
0.8761247122829043,0.6047956088400982
0.8761247122829043,0.6047082611207395
0.8761247122829043,0.6046209386281588
0.8761247122829043,0.6045336413514294
0.8763339610797238,0.6045907319185795
0.8763339610797238,0.6045034642032333
0.8763339610797238,0.6044162216770097
0.8763339610797238,0.6043290043290044
0.8763339610797238,0.6042418121483192
0.8763339610797238,0.6041546451240624
0.8763339610797238,0.6040675032453483
0.8763339610797238,0.6039803865012979
0.8763339610797238,0.6038932948810383
0.8763339610797238,0.6038062283737025
0.8765432098765432,0.6038633415020902
0.8765432098765432,0.6037763044104929
0.8767524586733626,0.6038334053898257
0.8767524586733626,0.6037463976945245
0.8767524586733626,0.6036594150698746
0.8767524586733626,0.6035724575050417
0.8767524586733626,0.6034855249891977
0.8767524586733626,0.6033986175115207
0.8767524586733626,0.6033117350611951
0.8767524586733626,0.6032248776274115
0.8767524586733626,0.6031380451993666
0.8767524586733626,0.6030512377662637
0.8767524586733626,0.6029644553173118
0.8767524586733626,0.6028776978417266
0.8767524586733626,0.6027909653287297
0.8767524586733626,0.6027042577675489
0.8767524586733626,0.6026175751474184
0.8767524586733626,0.6025309174575784
0.8767524586733626,0.6024442846872753
0.8767524586733626,0.6023576768257619
0.8767524586733626,0.6022710938622969
0.8767524586733626,0.6021845357861454
0.8767524586733626,0.6020980025865785
0.8767524586733626,0.6020114942528736
0.8767524586733626,0.601925010774314
0.8767524586733626,0.6018385521401896
0.8767524586733626,0.601752118339796
0.8767524586733626,0.6016657093624354
0.8767524586733626,0.6015793251974156
0.8767524586733626,0.6014929658340511
0.8767524586733626,0.6014066312616622
0.8767524586733626,0.6013203214695751
0.8767524586733626,0.6012340364471229
0.8767524586733626,0.6011477761836442
0.8769617074701821,0.6012049921101708
0.8771709562670015,0.6012621916236374
0.8771709562670015,0.6011759644342464
0.8771709562670015,0.6010897619730428
0.8771709562670015,0.6010035842293907
0.8771709562670015,0.6009174311926605
0.8771709562670015,0.6008313028522287
0.8771709562670015,0.6007451991974778
0.8771709562670015,0.6006591202177962
0.8773802050638209,0.6007163323782235
0.8773802050638209,0.600630282194528
0.8773802050638209,0.6005442566599828
0.8773802050638209,0.6004582557639982
0.8773802050638209,0.6003722794959908
0.8775894538606404,0.6004294917680745
0.8775894538606404,0.6003435442313197
0.8775894538606404,0.6002576212966939
0.8775894538606404,0.6001717229536349
0.8775894538606404,0.6000858491915868
0.8777987026574597,0.600143061516452
0.8777987026574597,0.6000572164211129
0.8777987026574597,0.5999713958810069
0.8777987026574597,0.5998855998855999
0.8777987026574597,0.5997998284243637
0.8777987026574597,0.5997140814867763
0.8777987026574597,0.5996283590623214
0.8777987026574597,0.5995426611404888
0.8777987026574597,0.5994569877107745
0.8777987026574597,0.5993713387626803
0.8777987026574597,0.5992857142857143
0.8777987026574597,0.5992001142693901
0.8780079514542791,0.5992573550414168
0.8780079514542791,0.599171783521348
0.8780079514542791,0.5990862364363221
0.8782172002510985,0.5991434689507494
0.8782172002510985,0.59905795032829
0.8782172002510985,0.5989724561153132
0.8782172002510985,0.5988869863013698
0.8782172002510985,0.5988015408760166
0.8782172002510985,0.598716119828816
0.8782172002510985,0.5986307231493367
0.8782172002510985,0.5985453508271534
0.8782172002510985,0.5984600028518465
0.8782172002510985,0.5983746792130026
0.8782172002510985,0.5982893799002138
0.8782172002510985,0.5982041049030786
0.8782172002510985,0.5981188542112014
0.8782172002510985,0.5980336278141921
0.8782172002510985,0.597948425701667
0.8782172002510985,0.5978632478632478
0.8782172002510985,0.5977780942885629
0.8782172002510985,0.5976929649672458
0.8782172002510985,0.5976078598889364
0.8782172002510985,0.5975227790432802
0.8782172002510985,0.5974377224199289
0.8782172002510985,0.5973526900085397
0.8782172002510985,0.5972676817987761
0.8782172002510985,0.5971826977803073
0.8782172002510985,0.5970977379428084
0.8782172002510985,0.5970128022759602
0.8782172002510985,0.5969278907694496
0.8782172002510985,0.5968430034129693
0.8782172002510985,0.5967581401962179
0.8782172002510985,0.5966733011088996
0.8782172002510985,0.5965884861407249
0.8782172002510985,0.5965036952814099
0.8782172002510985,0.5964189285206765
0.8782172002510985,0.5963341858482524
0.8782172002510985,0.5962494672538713
0.8782172002510985,0.5961647727272728
0.8782172002510985,0.596080102258202
0.8782172002510985,0.5959954558364101
0.8782172002510985,0.5959108334516541
0.8782172002510985,0.5958262350936968
0.8782172002510985,0.5957416607523066
0.878426449047918,0.595799034913426
0.878426449047918,0.5957144884347949
0.878426449047918,0.5956299659477866
0.8786356978447374,0.5956873315363881
0.8786356978447374,0.5956028368794326
0.8786356978447374,0.5955183661891931
0.8786356978447374,0.5954339194554736
0.8788449466415568,0.5954912803062526
0.8788449466415568,0.5954068613552594
0.8788449466415568,0.595322466335932
0.8788449466415568,0.5952380952380952
0.8788449466415568,0.59515374805158
0.8788449466415568,0.5950694247662227
0.8788449466415568,0.5949851253718657
0.8788449466415568,0.5949008498583569
0.8788449466415568,0.5948165982155502
0.8788449466415568,0.594732370433305
0.8788449466415568,0.5946481665014867
0.8788449466415568,0.594563986409966
0.8788449466415568,0.5944798301486199
0.8788449466415568,0.5943956977073309
0.8788449466415568,0.594311589075987
0.8788449466415568,0.5942275042444821
0.8788449466415568,0.5941434432027161
0.8788449466415568,0.594059405940594
0.8788449466415568,0.5939753924480271
0.8788449466415568,0.5938914027149321
0.8788449466415568,0.5938074367312315
0.8788449466415568,0.5937234944868532
0.8788449466415568,0.5936395759717314
0.8788449466415568,0.5935556811758056
0.8788449466415568,0.5934718100890207
0.8788449466415568,0.5933879627013281
0.8788449466415568,0.593304139002684
0.8788449466415568,0.5932203389830508
0.8788449466415568,0.5931365626323966
0.8788449466415568,0.5930528099406948
0.8788449466415568,0.5929690808979247
0.8788449466415568,0.5928853754940712
0.8788449466415568,0.592801693719125
0.8788449466415568,0.5927180355630821
0.8788449466415568,0.5926344010159447
0.8788449466415568,0.59255079006772
0.8788449466415568,0.5924672027084215
0.8788449466415568,0.5923836389280677
0.8788449466415568,0.5923000987166831
0.8788449466415568,0.5922165820642978
0.8788449466415568,0.5921330889609474
0.8788449466415568,0.5920496193966732
0.8788449466415568,0.5919661733615222
0.8788449466415568,0.5918827508455468
0.8788449466415568,0.5917993518388052
0.8788449466415568,0.591715976331361
0.8788449466415568,0.5916326243132836
0.8788449466415568,0.5915492957746479
0.8788449466415568,0.5914659907055344
0.8788449466415568,0.5913827090960293
0.8788449466415568,0.5912994509362242
0.8788449466415568,0.5912162162162162
0.8788449466415568,0.5911330049261084
0.8788449466415568,0.591049817056009
0.8788449466415568,0.5909666525960321
0.8788449466415568,0.5908835115362971
0.8788449466415568,0.5908003938669293
0.8788449466415568,0.5907172995780591
0.8788449466415568,0.5906342286598228
0.8788449466415568,0.5905511811023622
0.8788449466415568,0.5904681568958245
0.8788449466415568,0.5903851560303627
0.8788449466415568,0.590302178496135
0.8788449466415568,0.5902192242833052
0.8788449466415568,0.590136293382043
0.8788449466415568,0.5900533857825232
0.8788449466415568,0.5899705014749262
0.8788449466415568,0.5898876404494382
0.8788449466415568,0.5898048026962506
0.8788449466415568,0.5897219882055602
0.8788449466415568,0.5896391969675698
0.8788449466415568,0.5895564289724874
0.8790541954383763,0.5896140350877193
0.8790541954383763,0.5895312938534942
0.8790541954383763,0.5894485758383612
0.8790541954383763,0.5893658810325477
0.8790541954383763,0.589283209426287
0.8790541954383763,0.5892005610098177
0.8790541954383763,0.5891179357733838
0.8790541954383763,0.589035333707235
0.8790541954383763,0.5889527548016262
0.8790541954383763,0.588870199046818
0.8790541954383763,0.5887876664330763
0.8790541954383763,0.5887051569506726
0.8790541954383763,0.5886226705898837
0.8790541954383763,0.5885402073409919
0.8790541954383763,0.5884577671942849
0.8790541954383763,0.588375350140056
0.8790541954383763,0.5882929561686039
0.8790541954383763,0.5882105852702324
0.8790541954383763,0.5881282374352513
0.8790541954383763,0.5880459126539753
0.8790541954383763,0.587963610916725
0.8790541954383763,0.5878813322138259
0.8790541954383763,0.5877990765356094
0.8790541954383763,0.5877168438724119
0.8790541954383763,0.5876346342145755
0.8790541954383763,0.5875524475524475
0.8790541954383763,0.5874702838763809
0.8790541954383763,0.5873881431767338
0.8790541954383763,0.5873060254438697
0.8792634442351956,0.587363712608331
0.8792634442351956,0.5872816212438854
0.8792634442351956,0.587199552822806
0.8792634442351956,0.5871175073354757
0.8792634442351956,0.5870354847722827
0.8792634442351956,0.5869534851236207
0.8792634442351956,0.5868715083798882
0.8792634442351956,0.5867895545314901
0.879472693032015,0.5868472493716839
0.879472693032015,0.586765321792545
0.879472693032015,0.5866834170854272
0.879472693032015,0.5866015352407536
0.879472693032015,0.5865196762489534
0.879472693032015,0.5864378401004604
0.879472693032015,0.5863560267857143
0.879472693032015,0.5862742362951597
0.879472693032015,0.5861924686192469
0.879472693032015,0.5861107237484312
0.879472693032015,0.5860290016731734
0.879472693032015,0.5859473023839398
0.879472693032015,0.5858656258712016
0.879472693032015,0.5857839721254355
0.879472693032015,0.5857023411371237
0.879472693032015,0.5856207328967535
0.879472693032015,0.5855391473948175
0.879472693032015,0.5854575846218136
0.879472693032015,0.5853760445682451
0.879472693032015,0.5852945272246205
0.879472693032015,0.5852130325814536
0.879472693032015,0.5851315606292635
0.879472693032015,0.5850501113585747
0.879472693032015,0.5849686847599165
0.879472693032015,0.5848872808238241
0.879472693032015,0.5848058995408376
0.879472693032015,0.5847245409015025
0.879472693032015,0.5846432048963695
0.879472693032015,0.5845618915159945
0.879472693032015,0.5844806007509387
0.879472693032015,0.5843993325917687
0.879472693032015,0.5843180870290561
0.879472693032015,0.5842368640533778
0.879472693032015,0.5841556636553162
0.879472693032015,0.5840744858254586
0.879472693032015,0.5839933305543976
0.879472693032015,0.5839121978327313
0.879472693032015,0.5838310876510626
0.879472693032015,0.58375
0.879472693032015,0.5836689348701569
0.879472693032015,0.5835878922521521
0.879472693032015,0.5835068721366098
0.879472693032015,0.5834258745141588
0.879472693032015,0.5833448993754338
0.879472693032015,0.5832639467110741
0.879472693032015,0.5831830165117247
0.879472693032015,0.5831021087680355
0.879472693032015,0.5830212234706617
0.879472693032015,0.5829403606102636
0.879472693032015,0.5828595201775066
0.879472693032015,0.5827787021630616
0.879472693032015,0.5826979065576043
0.879472693032015,0.5826171333518159
0.879472693032015,0.5825363825363825
0.879472693032015,0.5824556541019955
0.879472693032015,0.5823749480393515
0.879472693032015,0.5822942643391521
0.879472693032015,0.5822136029921041
0.879472693032015,0.5821329639889197
0.8796819418288345,0.582190832294696
0.8796819418288345,0.5821102187759624
0.8796819418288345,0.5820296275785685
0.8796819418288345,0.5819490586932448
0.8796819418288345,0.5818685121107267
0.8796819418288345,0.5817879878217548
0.8796819418288345,0.5817074858170749
0.8796819418288345,0.5816270060874378
0.8796819418288345,0.5815465486235994
0.8796819418288345,0.5814661134163209
0.8796819418288345,0.5813857004563684
0.8796819418288345,0.5813053097345132
0.8796819418288345,0.5812249412415319
0.8796819418288345,0.5811445949682057
0.8796819418288345,0.5810642709053213
0.8796819418288345,0.5809839690436706
0.8796819418288345,0.58090368937405
0.8796819418288345,0.5808234318872617
0.8796819418288345,0.5807431965741124
0.8796819418288345,0.5806629834254143
0.8796819418288345,0.5805827924319845
0.8796819418288345,0.5805026235846451
0.8796819418288345,0.5804224768742234
0.8796819418288345,0.5803423522915516
0.8796819418288345,0.5802622498274672
0.8796819418288345,0.5801821694728125
0.8796819418288345,0.5801021112184352
0.8798911906256539,0.5801600441501104
0.8798911906256539,0.5800800110360049
0.8798911906256539,0.58
0.8798911906256539,0.579920011032961
0.8798911906256539,0.5798400441257584
0.8798911906256539,0.5797600992692679
0.8798911906256539,0.57968017645437
0.8798911906256539,0.5796002756719504
0.8798911906256539,0.5795203969128997
0.8798911906256539,0.5794405401681135
0.8798911906256539,0.5793607054284927
0.8801004394224733,0.5794186527069844
0.8801004394224733,0.5793388429752067
0.8801004394224733,0.5792590552265529
0.8801004394224733,0.5791792894519416
0.8801004394224733,0.5790995456422966
0.8801004394224733,0.5790198237885462
0.8801004394224733,0.5789401238816242
0.8801004394224733,0.578860445912469
0.8801004394224733,0.5787807898720242
0.8803096882192928,0.5788387451843698
0.8803096882192928,0.5787591140459486
0.8803096882192928,0.5786795048143054
0.8803096882192928,0.5785999174804016
0.8803096882192928,0.5785203520352035
0.8803096882192928,0.5784408084696824
0.8803096882192928,0.5783612867748144
0.8803096882192928,0.5782817869415807
0.8803096882192928,0.5782023089609676
0.8803096882192928,0.5781228528239659
0.8803096882192928,0.5780434185215718
0.8803096882192928,0.5779640060447864
0.8803096882192928,0.5778846153846153
0.8803096882192928,0.5778052465320698
0.8803096882192928,0.5777258994781653
0.8803096882192928,0.5776465742139228
0.8805189370161122,0.5777045579352005
0.8805189370161122,0.5776252573781744
0.8805189370161122,0.577545978589075
0.8805189370161122,0.5774667215589406
0.8805189370161122,0.5773874862788145
0.8805189370161122,0.5773082727397448
0.8805189370161122,0.5772290809327847
0.8805189370161122,0.5771499108489919
0.8805189370161122,0.5770707624794296
0.8805189370161122,0.5769916358151652
0.8805189370161122,0.5769125308472717
0.8805189370161122,0.5768334475668266
0.8805189370161122,0.5767543859649122
0.8805189370161122,0.5766753460326162
0.8805189370161122,0.5765963277610304
0.8805189370161122,0.5765173311412523
0.8807281858129316,0.5765753424657534
0.8807281858129316,0.5764963703602246
0.8807281858129316,0.576417419884963
0.8807281858129316,0.5763384910310831
0.8807281858129316,0.5762595837897043
0.8807281858129316,0.5761806981519507
0.8807281858129316,0.5761018341089515
0.8807281858129316,0.5760229916518407
0.8807281858129316,0.575944170771757
0.8807281858129316,0.5758653714598441
0.8807281858129316,0.5757865937072504
0.8807281858129316,0.5757078375051292
0.8807281858129316,0.575629102844639
0.8807281858129316,0.5755503897169424
0.8807281858129316,0.5754716981132075
0.8807281858129316,0.575393028024607
0.8807281858129316,0.5753143794423182
0.8807281858129316,0.5752357523575236
0.8807281858129316,0.5751571467614103
0.8807281858129316,0.5750785626451701
0.8807281858129316,0.575
0.8807281858129316,0.5749214588171014
0.8807281858129316,0.5748429390876809
0.8807281858129316,0.5747644408029496
0.8807281858129316,0.5746859639541234
0.8807281858129316,0.5746075085324233
0.8807281858129316,0.5745290745290745
0.8807281858129316,0.5744506619353078
0.8807281858129316,0.5743722707423581
0.8807281858129316,0.5742939009414654
0.8807281858129316,0.5742155525238745
0.8807281858129316,0.5741372254808348
0.8807281858129316,0.5740589198036007
0.8807281858129316,0.573980635483431
0.8807281858129316,0.5739023725115898
0.8807281858129316,0.5738241308793456
0.8807281858129316,0.5737459105779716
0.8807281858129316,0.5736677115987461
0.8807281858129316,0.5735895339329518
0.8807281858129316,0.5735113775718763
0.8807281858129316,0.5734332425068119
0.8807281858129316,0.573355128729056
0.8807281858129316,0.5732770362299101
0.8807281858129316,0.5731989650006809
0.8807281858129316,0.5731209150326797
0.8807281858129316,0.5730428863172226
0.8807281858129316,0.5729648788456303
0.8807281858129316,0.5728868926092282
0.8807281858129316,0.5728089275993468
0.8807281858129316,0.5727309838073207
0.8807281858129316,0.5726530612244898
0.8807281858129316,0.5725751598421983
0.8807281858129316,0.5724972796517954
0.8807281858129316,0.5724194206446348
0.8807281858129316,0.572341582812075
0.8807281858129316,0.5722637661454792
0.8807281858129316,0.5721859706362153
0.8807281858129316,0.5721081962756558
0.8807281858129316,0.572030443055178
0.8807281858129316,0.5719527109661638
0.8807281858129316,0.571875
0.8807281858129316,0.5717973101480777
0.8807281858129316,0.571719641401793
0.8807281858129316,0.5716419937525465
0.8807281858129316,0.5715643671917436
0.8807281858129316,0.5714867617107943
0.8807281858129316,0.5714091773011132
0.8807281858129316,0.5713316139541197
0.8807281858129316,0.5712540716612378
0.880937434609751,0.5713122540371828
0.880937434609751,0.5712347354138398
0.880937434609751,0.5711572378239045
0.880937434609751,0.5710797612588171
0.880937434609751,0.5710023057100231
0.880937434609751,0.5709248711689721
0.880937434609751,0.5708474576271186
0.880937434609751,0.5707700650759219
0.880937434609751,0.5706926935068456
0.880937434609751,0.5706153429113581
0.880937434609751,0.5705380132809323
0.880937434609751,0.5704607046070461
0.880937434609751,0.5703834168811814
0.880937434609751,0.5703061500948252
0.880937434609751,0.570228904239469
0.880937434609751,0.5701516793066089
0.880937434609751,0.5700744752877455
0.880937434609751,0.569997292174384
0.880937434609751,0.5699201299580344
0.880937434609751,0.5698429886302111
0.880937434609751,0.5697658681824334
0.880937434609751,0.5696887686062246
0.880937434609751,0.5696116898931133
0.880937434609751,0.5695346320346321
0.880937434609751,0.5694575950223184
0.880937434609751,0.5693805788477143
0.8811466834065704,0.5694388100067613
0.8811466834065704,0.5693618171984857
0.8811466834065704,0.5692848452075165
0.8811466834065704,0.5692078940254123
0.8811466834065704,0.5691309636437356
0.8813559322033898,0.5691891891891891
0.8813559322033898,0.5691122821240373
0.8813559322033898,0.5690353958389625
0.8813559322033898,0.5689585303255437
0.8813559322033898,0.5688816855753647
0.8813559322033898,0.5688048615800135
0.8813559322033898,0.5687280583310829
0.8813559322033898,0.56865127582017
0.8813559322033898,0.5685745140388769
0.8813559322033898,0.5684977729788095
0.8813559322033898,0.5684210526315789
0.8813559322033898,0.5683443529888005
0.8813559322033898,0.5682676740420939
0.8813559322033898,0.5681910157830837
0.8813559322033898,0.5681143782033989
0.8813559322033898,0.568037761294673
0.8813559322033898,0.5679611650485437
0.8813559322033898,0.5678845894566537
0.8813559322033898,0.5678080345106498
0.8813559322033898,0.5677315002021835
0.8813559322033898,0.567654986522911
0.8813559322033898,0.5675784934644926
0.8813559322033898,0.5675020210185934
0.8813559322033898,0.5674255691768827
0.8813559322033898,0.5673491379310345
0.8813559322033898,0.5672727272727273
0.8813559322033898,0.5671963371936439
0.8813559322033898,0.5671199676854719
0.8813559322033898,0.567043618739903
0.8813559322033898,0.5669672903486337
0.8813559322033898,0.5668909825033648
0.8813559322033898,0.5668146951958014
0.8813559322033898,0.5667384284176534
0.8813559322033898,0.566662182160635
0.8813559322033898,0.5665859564164649
0.8813559322033898,0.5665097511768662
0.8813559322033898,0.5664335664335665
0.8813559322033898,0.5663574021782977
0.8813559322033898,0.5662812584027964
0.8813559322033898,0.5662051350988037
0.8813559322033898,0.5661290322580645
0.8813559322033898,0.566052949872329
0.8813559322033898,0.5659768879333512
0.8813559322033898,0.56590084643289
0.8813559322033898,0.5658248253627082
0.8813559322033898,0.5657488247145736
0.8813559322033898,0.5656728444802579
0.8813559322033898,0.5655968846515376
0.8813559322033898,0.5655209452201934
0.8813559322033898,0.5654450261780105
0.8813559322033898,0.5653691275167785
0.8813559322033898,0.5652932492282915
0.8813559322033898,0.5652173913043478
0.8813559322033898,0.5651415537367503
0.8813559322033898,0.5650657365173062
0.8813559322033898,0.564989939637827
0.8813559322033898,0.5649141630901288
0.8813559322033898,0.5648384068660319
0.8813559322033898,0.5647626709573612
0.8813559322033898,0.5646869553559458
0.8813559322033898,0.5646112600536193
0.8813559322033898,0.5645355850422196
0.8813559322033898,0.5644599303135889
0.8813559322033898,0.564384295859574
0.8813559322033898,0.5643086816720257
0.8813559322033898,0.5642330877427997
0.8813559322033898,0.5641575140637557
0.8813559322033898,0.5640819606267578
0.8813559322033898,0.5640064274236744
0.8813559322033898,0.5639309144463783
0.8813559322033898,0.563855421686747
0.8813559322033898,0.5637799491366617
0.8813559322033898,0.5637044967880086
0.8813559322033898,0.5636290646326776
0.8815651810002092,0.5636874498260637
0.8815651810002092,0.5636120401337793
0.8815651810002092,0.5635366506153023
0.8815651810002092,0.5634612812625385
0.8815651810002092,0.5633859320673977
0.8815651810002092,0.5633106030217944
0.8815651810002092,0.5632352941176471
0.8815651810002092,0.5631600053468787
0.8815651810002092,0.5630847367014168
0.8815651810002092,0.5630094881731925
0.8815651810002092,0.5629342597541421
0.8815651810002092,0.5628590514362057
0.8815651810002092,0.5627838632113278
0.8815651810002092,0.5627086950714572
0.8815651810002092,0.5626335470085471
0.8815651810002092,0.5625584190145547
0.8815651810002092,0.5624833110814419
0.8815651810002092,0.5624082232011748
0.8815651810002092,0.5623331553657235
0.8815651810002092,0.5622581075670626
0.8815651810002092,0.5621830797971711
0.8815651810002092,0.562108072048032
0.8815651810002092,0.5620330843116329
0.8815651810002092,0.5619581165799653
0.8815651810002092,0.5618831688450253
0.8815651810002092,0.5618082410988132
0.8815651810002092,0.5617333333333333
0.8815651810002092,0.5616584455405946
0.8815651810002092,0.5615835777126099
0.8815651810002092,0.5615087298413968
0.8815651810002092,0.5614339019189766
0.8815651810002092,0.561359093937375
0.8815651810002092,0.5612843058886224
0.8815651810002092,0.5612095377647529
0.8815651810002092,0.561134789557805
0.8815651810002092,0.5610600612598216
0.8815651810002092,0.5609853528628496
0.8815651810002092,0.5609106643589402
0.8815651810002092,0.5608359957401491
0.8815651810002092,0.5607613469985359
0.8815651810002092,0.5606867181261644
0.8815651810002092,0.5606121091151032
0.8815651810002092,0.5605375199574242
0.8815651810002092,0.5604629506452042
0.8815651810002092,0.5603884011705241
0.8815651810002092,0.5603138715254689
0.8815651810002092,0.5602393617021276
0.8815651810002092,0.5601648716925941
0.8815651810002092,0.5600904014889657
0.8815651810002092,0.5600159510833445
0.8817744297970287,0.5600744284954812
0.8819836785938481,0.5601328903654486
0.8819836785938481,0.5600584639914962
0.8819836785938481,0.5599840573933839
0.8819836785938481,0.5599096705632306
0.8819836785938481,0.5598353034931598
0.8819836785938481,0.5597609561752988
0.8819836785938481,0.5596866286017793
0.8819836785938481,0.5596123207647371
0.8819836785938481,0.5595380326563122
0.8819836785938481,0.5594637642686487
0.8819836785938481,0.5593895155938952
0.8819836785938481,0.5593152866242038
0.8819836785938481,0.5592410773517315
0.8819836785938481,0.5591668877686389
0.8819836785938481,0.5590927178670911
0.8819836785938481,0.5590185676392573
0.8819836785938481,0.5589444370773107
0.8819836785938481,0.5588703261734288
0.8819836785938481,0.5587962349197931
0.8819836785938481,0.5587221633085896
0.8819836785938481,0.558648111332008
0.8819836785938481,0.5585740789822422
0.8819836785938481,0.5585000662514906
0.8819836785938481,0.5584260731319555
0.8819836785938481,0.5583520996158432
0.8819836785938481,0.5582781456953643
0.8819836785938481,0.5582042113627335
0.8819836785938481,0.5581302966101694
0.8819836785938481,0.5580564014298954
0.8819836785938481,0.5579825258141382
0.8819836785938481,0.5579086697551291
0.8819836785938481,0.5578348332451032
0.8819836785938481,0.5577610162763001
0.8819836785938481,0.5576872188409632
0.8819836785938481,0.5576134409313401
0.8819836785938481,0.5575396825396826
0.8819836785938481,0.5574659436582463
0.8819836785938481,0.5573922242792911
0.8819836785938481,0.5573185243950813
0.8819836785938481,0.5572448439978848
0.8819836785938481,0.5571711830799736
0.8819836785938481,0.5570975416336241
0.8819836785938481,0.5570239196511166
0.8819836785938481,0.5569503171247357
0.8819836785938481,0.5568767340467697
0.8819836785938481,0.5568031704095112
0.8819836785938481,0.5567296262052569
0.8819836785938481,0.5566561014263075
0.8819836785938481,0.5565825960649676
0.8819836785938481,0.5565091101135463
0.8819836785938481,0.5564356435643565
0.8819836785938481,0.5563621964097148
0.8819836785938481,0.5562887686419428
0.8819836785938481,0.556215360253365
0.8821929273906675,0.5562739147644808
0.8821929273906675,0.5562005277044855
0.8821929273906675,0.5561271600052764
0.8821929273906675,0.5560538116591929
0.8821929273906675,0.5559804826585784
0.8821929273906675,0.5559071729957806
0.8821929273906675,0.5558338826631509
0.8821929273906675,0.5557606116530451
0.8821929273906675,0.5556873599578226
0.8821929273906675,0.5556141275698471
0.8821929273906675,0.5555409144814863
0.8821929273906675,0.555467720685112
0.8821929273906675,0.5553945461730997
0.8821929273906675,0.5553213909378293
0.8821929273906675,0.5552482549716844
0.8821929273906675,0.5551751382670529
0.8821929273906675,0.5551020408163265
0.8821929273906675,0.555028962611901
0.8821929273906675,0.5549559036461761
0.8821929273906675,0.5548828639115557
0.8821929273906675,0.5548098434004475
0.8821929273906675,0.5547368421052632
0.8821929273906675,0.5546638600184186
0.8821929273906675,0.5545908971323336
0.8821929273906675,0.5545179534394318
0.8821929273906675,0.554445028932141
0.8821929273906675,0.5543721236028928
0.8821929273906675,0.554299237444123
0.8821929273906675,0.5542263704482713
0.8821929273906675,0.5541535226077813
0.8821929273906675,0.5540806939151005
0.8821929273906675,0.5540078843626807
0.8821929273906675,0.5539350939429772
0.8821929273906675,0.5538623226484498
0.8821929273906675,0.5537895704715619
0.8821929273906675,0.5537168374047806
0.8821929273906675,0.5536441234405778
0.8821929273906675,0.5535714285714286
0.8821929273906675,0.5534987527898123
0.8821929273906675,0.5534260960882121
0.8821929273906675,0.5533534584591153
0.8821929273906675,0.5532808398950131
0.8821929273906675,0.5532082403884004
0.8821929273906675,0.5531356599317765
0.8821929273906675,0.553063098517644
0.8821929273906675,0.55299055613851
0.8821929273906675,0.5529180327868852
0.8821929273906675,0.5528455284552846
0.8821929273906675,0.5527730431362265
0.8821929273906675,0.5527005768222338
0.8821929273906675,0.552628129505833
0.8821929273906675,0.5525557011795544
0.8821929273906675,0.5524832918359324
0.8821929273906675,0.5524109014675053
0.8821929273906675,0.5523385300668151
0.8821929273906675,0.5522661776264082
0.8821929273906675,0.5521938441388343
0.882402176187487,0.5522524882137244
0.882402176187487,0.5521801754615687
0.882402176187487,0.5521078816444095
0.882402176187487,0.5520356067548109
0.882402176187487,0.5519633507853403
0.882402176187487,0.5518911137285696
0.882402176187487,0.5518188955770741
0.882402176187487,0.5517466963234332
0.882402176187487,0.5516745159602302
0.882402176187487,0.5516023544800523
0.882402176187487,0.5515302118754905
0.882402176187487,0.5514580881391395
0.882402176187487,0.5513859832635983
0.882402176187487,0.5513138972414695
0.882402176187487,0.5512418300653594
0.882402176187487,0.5511697817278787
0.882402176187487,0.5510977522216414
0.882402176187487,0.5510257415392656
0.882402176187487,0.5509537496733734
0.882402176187487,0.5508817766165904
0.882402176187487,0.5508098223615465
0.882402176187487,0.550737886900875
0.882402176187487,0.5506659702272134
0.882402176187487,0.5505940723332028
0.882402176187487,0.5505221932114882
0.882402176187487,0.5504503328547187
0.882402176187487,0.5503784912555468
0.882402176187487,0.5503066684066292
0.882402176187487,0.5502348643006263
0.882402176187487,0.5501630789302022
0.882402176187487,0.550091312288025
0.882402176187487,0.5500195643667667
0.882402176187487,0.5499478351591027
0.882402176187487,0.5498761246577129
0.882402176187487,0.5498044328552804
0.882402176187487,0.5497327597444922
0.882402176187487,0.5496611053180396
0.882402176187487,0.5495894695686172
0.882402176187487,0.5495178524889236
0.882402176187487,0.5494462540716613
0.882402176187487,0.5493746743095362
0.882402176187487,0.5493031131952586
0.882402176187487,0.549231570721542
0.882402176187487,0.5491600468811043
0.882402176187487,0.5490885416666667
0.882402176187487,0.5490170550709543
0.882402176187487,0.5489455870866962
0.882402176187487,0.548874137706625
0.882402176187487,0.5488027069234773
0.882402176187487,0.5487312947299935
0.882402176187487,0.5486599011189175
0.882402176187487,0.5485885260829972
0.882402176187487,0.5485171696149844
0.8826114249843063,0.5485758876316816
0.8826114249843063,0.5485045513654097
0.8826114249843063,0.5484332336497204
0.8826114249843063,0.5483619344773791
0.8826114249843063,0.5482906538411543
0.8826114249843063,0.5482193917338185
0.8826114249843063,0.5481481481481482
0.8826114249843063,0.5480769230769231
0.8826114249843063,0.5480057165129271
0.8826114249843063,0.5479345284489477
0.8826114249843063,0.5478633588777764
0.8828206737811257,0.5479220779220779
0.8828206737811257,0.5478509284508506
0.8828206737811257,0.5477797974552064
0.8828206737811257,0.5477086849279501
0.8828206737811257,0.5476375908618899
0.8828206737811257,0.5475665152498378
0.8828206737811257,0.5474954580846094
0.8828206737811257,0.5474244193590243
0.8828206737811257,0.5473533990659055
0.8828206737811257,0.5472823971980801
0.8828206737811257,0.5472114137483788
0.8828206737811257,0.5471404487096356
0.8828206737811257,0.5470695020746889
0.8828206737811257,0.5469985738363802
0.8828206737811257,0.5469276639875551
0.8828206737811257,0.5468567725210629
0.8828206737811257,0.5467858994297563
0.8828206737811257,0.5467150447064921
0.8828206737811257,0.5466442083441306
0.8828206737811257,0.5465733903355356
0.8828206737811257,0.5465025906735751
0.8828206737811257,0.5464318093511203
0.8828206737811257,0.5463610463610463
0.8828206737811257,0.546290301696232
0.8828206737811257,0.5462195753495598
0.8828206737811257,0.5461488673139159
0.8828206737811257,0.54607817758219
0.8828206737811257,0.5460075061472758
0.8828206737811257,0.5459368530020704
0.8828206737811257,0.5458662181394747
0.8828206737811257,0.5457956015523933
0.8828206737811257,0.5457250032337343
0.8828206737811257,0.5456544231764098
0.8828206737811257,0.545583861373335
0.8828206737811257,0.5455133178174295
0.8828206737811257,0.545442792501616
0.8828206737811257,0.5453722854188211
0.8828206737811257,0.545301796561975
0.8828206737811257,0.5452313259240114
0.8828206737811257,0.5451608734978679
0.8828206737811257,0.5450904392764858
0.8828206737811257,0.5450200232528097
0.8828206737811257,0.5449496254197882
0.8828206737811257,0.5448792457703733
0.8828206737811257,0.5448088842975206
0.8828206737811257,0.5447385409941898
0.8828206737811257,0.5446682158533437
0.8828206737811257,0.5445979088679489
0.8828206737811257,0.5445276200309758
0.8828206737811257,0.5444573493353981
0.8828206737811257,0.5443870967741935
0.8828206737811257,0.5443168623403432
0.8828206737811257,0.5442466460268318
0.8828206737811257,0.5441764478266478
0.8828206737811257,0.544106267732783
0.8828206737811257,0.5440361057382334
0.8828206737811257,0.543965961835998
0.8828206737811257,0.5438958360190795
0.8828206737811257,0.5438257282804847
0.8828206737811257,0.5437556386132234
0.8828206737811257,0.5436855670103092
0.8828206737811257,0.5436155134647597
0.8828206737811257,0.5435454779695955
0.8828206737811257,0.543475460517841
0.8828206737811257,0.5434054611025245
0.8828206737811257,0.5433354797166774
0.8828206737811257,0.5432655163533351
0.8828206737811257,0.5431955710055363
0.8828206737811257,0.5431256436663234
0.8828206737811257,0.5430557343287424
0.8828206737811257,0.542985842985843
0.8828206737811257,0.5429159696306781
0.8828206737811257,0.5428461142563047
0.8828206737811257,0.5427762768557829
0.8828206737811257,0.5427064574221765
0.8828206737811257,0.542636655948553
0.8828206737811257,0.5425668724279835
0.8828206737811257,0.5424971068535425
0.8828206737811257,0.5424273592183081
0.8830299225779452,0.5424861807430261
0.8830299225779452,0.5424164524421594
0.8830299225779452,0.542346742064002
0.8830299225779452,0.5422770496016448
0.8830299225779452,0.542207375048182
0.8830299225779452,0.5421377183967112
0.8830299225779452,0.542068079640334
0.8830299225779452,0.5419984587721551
0.8830299225779452,0.5419288557852832
0.8830299225779452,0.54185927067283
0.8830299225779452,0.5417897034279111
0.8830299225779452,0.5417201540436457
0.8830299225779452,0.5416506225131562
0.8830299225779452,0.5415811088295688
0.8830299225779452,0.5415116129860131
0.8830299225779452,0.5414421349756223
0.8830299225779452,0.5413726747915331
0.8830299225779452,0.5413032324268856
0.8830299225779452,0.5412338078748237
0.8830299225779452,0.5411644011284945
0.8830299225779452,0.5410950121810488
0.8830299225779452,0.541025641025641
0.8830299225779452,0.5409562876554288
0.8830299225779452,0.5408869520635734
0.8830299225779452,0.5408176342432398
0.8830299225779452,0.5407483341875962
0.8830299225779452,0.5406790518898142
0.8830299225779452,0.5406097873430694
0.8830299225779452,0.5405405405405406
0.8830299225779452,0.5404713114754098
0.8830299225779452,0.5404021001408631
0.8832391713747646,0.5404609475032011
0.8832391713747646,0.5403917552170017
0.8832391713747646,0.5403225806451613
0.8832391713747646,0.540253423780878
0.8832391713747646,0.5401842846173535
0.8832391713747646,0.5401151631477927
0.8832391713747646,0.5400460593654043
0.8832391713747646,0.5399769732634003
0.8832391713747646,0.5399079048349962
0.8832391713747646,0.5398388540734109
0.8832391713747646,0.539769820971867
0.8832391713747646,0.5397008055235903
0.8832391713747646,0.5396318077218103
0.8832391713747646,0.5395628275597597
0.8832391713747646,0.5394938650306749
0.8832391713747646,0.5394249201277955
0.8832391713747646,0.539355992844365
0.8832391713747646,0.5392870831736297
0.8832391713747646,0.5392181911088401
0.8832391713747646,0.5391493166432495
0.8832391713747646,0.539080459770115
0.8832391713747646,0.539011620482697
0.8832391713747646,0.5389427987742594
0.8832391713747646,0.5388739946380697
0.8832391713747646,0.5388052080673985
0.8832391713747646,0.5387364390555202
0.8832391713747646,0.5386676875957122
0.8832391713747646,0.5385989536812555
0.8832391713747646,0.538530237305435
0.8832391713747646,0.5384615384615384
0.8832391713747646,0.5383928571428571
0.8832391713747646,0.5383241933426859
0.8832391713747646,0.5382555470543229
0.8832391713747646,0.5381869182710698
0.8832391713747646,0.5381183069862315
0.8832391713747646,0.5380497131931167
0.8832391713747646,0.537981136885037
0.8832391713747646,0.5379125780553078
0.8832391713747646,0.5378440366972477
0.8832391713747646,0.5377755128041789
0.8832391713747646,0.5377070063694267
0.8832391713747646,0.5376385173863202
0.8832391713747646,0.5375700458481916
0.8832391713747646,0.5375015917483764
0.8832391713747646,0.5374331550802139
0.8832391713747646,0.5373647358370465
0.8832391713747646,0.53729633401222
0.8832391713747646,0.5372279495990836
0.8832391713747646,0.5371595825909901
0.8832391713747646,0.5370912329812954
0.8832391713747646,0.5370229007633588
0.8832391713747646,0.5369545859305432
0.8832391713747646,0.5368862884762147
0.8832391713747646,0.5368180083937428
0.8832391713747646,0.5367497456765005
0.8832391713747646,0.536681500317864
0.8832391713747646,0.5366132723112128
0.8832391713747646,0.5365450616499301
0.8832391713747646,0.5364768683274022
0.8832391713747646,0.5364086923370187
0.8832391713747646,0.5363405336721728
0.8832391713747646,0.536272392326261
0.8832391713747646,0.536204268292683
0.8832391713747646,0.5361361615648419
0.8832391713747646,0.5360680721361443
0.8832391713747646,0.536
0.8832391713747646,0.5359319451498222
0.8832391713747646,0.5358639075790276
0.8832391713747646,0.5357958872810358
0.8832391713747646,0.5357278842492702
0.8832391713747646,0.5356598984771573
0.8832391713747646,0.5355919299581271
0.8832391713747646,0.5355239786856127
0.8832391713747646,0.5354560446530509
0.8832391713747646,0.5353881278538812
0.8832391713747646,0.5353202282815472
0.8832391713747646,0.5352523459294953
0.8832391713747646,0.5351844807911753
0.8832391713747646,0.5351166328600405
0.8832391713747646,0.5350488021295474
0.8832391713747646,0.5349809885931559
0.8832391713747646,0.534913192244329
0.8832391713747646,0.5348454130765332
0.8832391713747646,0.5347776510832383
0.8832391713747646,0.5347099062579174
0.8832391713747646,0.5346421785940468
0.8832391713747646,0.5345744680851063
0.8832391713747646,0.534506774724579
0.8832391713747646,0.5344390985059508
0.8832391713747646,0.5343714394227117
0.8832391713747646,0.5343037974683544
0.8832391713747646,0.5342361726363751
0.8832391713747646,0.5341685649202733
0.8832391713747646,0.5341009743135519
0.8832391713747646,0.5340334008097166
0.8832391713747646,0.533965844402277
0.8832391713747646,0.5338983050847458
0.8832391713747646,0.5338307828506387
0.8832391713747646,0.533763277693475
0.8832391713747646,0.5336957896067771
0.8832391713747646,0.5336283185840708
0.8832391713747646,0.5335608646188851
0.8832391713747646,0.5334934277047523
0.8832391713747646,0.5334260078352079
0.8832391713747646,0.5333586050037907
0.883448420171584,0.5334175615919141
0.883448420171584,0.5333501768569985
0.883448420171584,0.5332828091448781
0.883448420171584,0.5332154584491033
0.883448420171584,0.5331481247632277
0.883448420171584,0.533080808080808
0.883448420171584,0.5330135083954046
0.883448420171584,0.5329462257005807
0.883448420171584,0.5328789599899029
0.883448420171584,0.5328117112569409
0.883448420171584,0.5327444794952682
0.883448420171584,0.5326772646984608
0.883448420171584,0.5326100668600984
0.883448420171584,0.5325428859737639
0.883448420171584,0.5324757220330433
0.883448420171584,0.5324085750315258
0.883448420171584,0.5323414449628042
0.883448420171584,0.532274331820474
0.883448420171584,0.5322072355981343
0.883448420171584,0.5321401562893875
0.883448420171584,0.5320730938878387
0.883448420171584,0.5320060483870968
0.883448420171584,0.5319390197807736
0.883448420171584,0.5318720080624842
0.883448420171584,0.5318050132258471
0.883448420171584,0.5317380352644836
0.883448420171584,0.5316710741720186
0.883448420171584,0.5316041299420801
0.883448420171584,0.5315372025682992
0.883448420171584,0.5314702920443102
0.883448420171584,0.5314033983637508
0.883448420171584,0.5313365215202618
0.883448420171584,0.5312696615074871
0.883448420171584,0.531202818319074
0.883448420171584,0.5311359919486728
0.883448420171584,0.5310691823899371
0.883448420171584,0.5310023896365237
0.883448420171584,0.5309356136820925
0.883448420171584,0.5308688545203069
0.883448420171584,0.5308021121448327
0.883448420171584,0.53073538654934
0.883448420171584,0.5306686777275013
0.883448420171584,0.5306019856729923
0.883448420171584,0.5305353103794923
0.883448420171584,0.5304686518406835
0.883448420171584,0.5304020100502512
0.883448420171584,0.5303353850018842
0.883448420171584,0.5302687766892741
0.883448420171584,0.5302021851061158
0.883448420171584,0.5301356102461074
0.883448420171584,0.5300690521029504
0.883448420171584,0.530002510670349
0.883448420171584,0.5299359859420107
0.8836576689684035,0.5299949799196787
0.8836576689684035,0.5299284728322249
0.8836576689684035,0.529861982434128
0.8836576689684035,0.5297955087191067
0.8836576689684035,0.5297290516808831
0.8836576689684035,0.529662611313182
0.8836576689684035,0.5295961876097316
0.8836576689684035,0.5295297805642634
0.8836576689684035,0.5294633901705116
0.8836576689684035,0.5293970164222138
0.8836576689684035,0.5293306593131111
0.8836576689684035,0.529264318836947
0.8836576689684035,0.5291979949874687
0.8836576689684035,0.5291316877584262
0.8836576689684035,0.529065397143573
0.8836576689684035,0.5289991231366654
0.8836576689684035,0.5289328657314629
0.8836576689684035,0.5288666249217282
0.8836576689684035,0.5288004007012271
0.8836576689684035,0.5287341930637286
0.8836576689684035,0.5286680020030045
0.8836576689684035,0.5286018275128301
0.8838669177652229,0.5286608260325407
0.8838669177652229,0.528594669002628
0.8838669177652229,0.5285285285285285
0.8838669177652229,0.5284624046040285
0.8838669177652229,0.5283962972229171
0.8838669177652229,0.5283302063789869
0.8838669177652229,0.5282641320660331
0.8838669177652229,0.5281980742778541
0.8838669177652229,0.5281320330082521
0.8838669177652229,0.5280660082510313
0.8838669177652229,0.528
0.8838669177652229,0.5279340082489689
0.8838669177652229,0.5278680329917521
0.8838669177652229,0.5278020742221667
0.8838669177652229,0.527736131934033
0.8838669177652229,0.5276702061211742
0.8838669177652229,0.5276042967774169
0.8838669177652229,0.5275384038965905
0.8838669177652229,0.5274725274725275
0.8838669177652229,0.5274066674990635
0.8838669177652229,0.5273408239700375
0.8838669177652229,0.527274996879291
0.8838669177652229,0.527209186220669
0.8838669177652229,0.5271433919880195
0.8838669177652229,0.5270776141751934
0.8838669177652229,0.5270118527760449
0.8838669177652229,0.5269461077844312
0.8838669177652229,0.5268803791942123
0.8838669177652229,0.5268146669992517
0.8838669177652229,0.5267489711934157
0.8838669177652229,0.5266832917705736
0.8838669177652229,0.5266176287245979
0.8838669177652229,0.5265519820493643
0.8838669177652229,0.5264863517387511
0.8838669177652229,0.5264207377866401
0.8838669177652229,0.5263551401869159
0.8838669177652229,0.5262895589334662
0.8838669177652229,0.5262239940201819
0.8838669177652229,0.5261584454409567
0.8838669177652229,0.5260929131896874
0.8838669177652229,0.5260273972602739
0.8838669177652229,0.5259618976466194
0.8838669177652229,0.5258964143426295
0.8838669177652229,0.5258309473422134
0.8838669177652229,0.5257654966392831
0.8838669177652229,0.5257000622277536
0.8838669177652229,0.525634644101543
0.8838669177652229,0.5255692422545726
0.8838669177652229,0.5255038566807664
0.8838669177652229,0.5254384873740515
0.8838669177652229,0.5253731343283582
0.8838669177652229,0.5253077975376197
0.8838669177652229,0.5252424769957722
0.8838669177652229,0.5251771726967549
0.8838669177652229,0.5251118846345102
0.8838669177652229,0.5250466128029833
0.8838669177652229,0.5249813571961223
0.8838669177652229,0.5249161178078787
0.8838669177652229,0.5248508946322068
0.8838669177652229,0.5247856876630638
0.8838669177652229,0.5247204968944099
0.8838669177652229,0.5246553223202086
0.8840761665620422,0.5247143566815698
0.8840761665620422,0.5246491990562523
0.8840761665620422,0.5245840576111249
0.8840761665620422,0.5245189323401613
0.8840761665620422,0.5244538232373386
0.8840761665620422,0.5243887302966365
0.8840761665620422,0.5243236535120377
0.8840761665620422,0.5242585928775282
0.8842854153588617,0.524317617866005
0.8842854153588617,0.5242525741223173
0.8842854153588617,0.5241875465145125
0.8842854153588617,0.5241225350365869
0.8842854153588617,0.5240575396825397
0.8842854153588617,0.5239925604463732
0.8842854153588617,0.5239275973220927
0.8842854153588617,0.5238626503037065
0.8842854153588617,0.5237977193852256
0.8842854153588617,0.5237328045606643
0.8842854153588617,0.5236679058240397
0.8842854153588617,0.5236030231693718
0.8842854153588617,0.5235381565906838
0.8842854153588617,0.5234733060820017
0.8844946641556811,0.523532325984642
0.8844946641556811,0.523467492260062
0.8844946641556811,0.5234026745913819
0.8844946641556811,0.5233378729726383
0.8844946641556811,0.5232730873978707
0.8844946641556811,0.5232083178611214
0.8844946641556811,0.5231435643564356
0.8844946641556811,0.5230788268778617
0.8844946641556811,0.5230141054194506
0.8844946641556811,0.5229493999752567
0.8844946641556811,0.5228847105393369
0.8844946641556811,0.5228200371057514
0.8844946641556811,0.522755379668563
0.8844946641556811,0.5226907382218375
0.8844946641556811,0.5226261127596439
0.8844946641556811,0.5225615032760539
0.8844946641556811,0.5224969097651422
0.8844946641556811,0.5224323322209863
0.8844946641556811,0.5223677706376668
0.8844946641556811,0.5223032250092673
0.8844946641556811,0.522238695329874
0.8844946641556811,0.5221741815935763
0.8844946641556811,0.5221096837944664
0.8844946641556811,0.5220452019266395
0.8844946641556811,0.5219807359841936
0.8844946641556811,0.5219162859612297
0.8844946641556811,0.5218518518518519
0.8844946641556811,0.5217874336501667
0.8844946641556811,0.5217230313502839
0.8844946641556811,0.5216586449463162
0.8844946641556811,0.521594274432379
0.8844946641556811,0.521529919802591
0.8844946641556811,0.5214655810510733
0.8847039129525005,0.521524608363143
0.8847039129525005,0.5214602861371485
0.8847039129525005,0.5213959797755581
0.8847039129525005,0.5213316892725031
0.8847039129525005,0.5212674146221181
0.8847039129525005,0.5212031558185405
0.8847039129525005,0.5211389128559103
0.8847039129525005,0.5210746857283707
0.8847039129525005,0.5210104744300678
0.8847039129525005,0.5209462789551503
0.8847039129525005,0.5208820992977701
0.8847039129525005,0.5208179354520818
0.8847039129525005,0.5207537874122429
0.8847039129525005,0.5206896551724138
0.8847039129525005,0.5206255387267578
0.8847039129525005,0.520561438069441
0.8847039129525005,0.5204973531946325
0.8847039129525005,0.5204332840965041
0.8849131617493199,0.5204923076923077
0.8849131617493199,0.5204282549840019
0.8849131617493199,0.5203642180386366
0.8849131617493199,0.5203001968503937
0.8849131617493199,0.520236191413458
0.8849131617493199,0.5201722017220172
0.8849131617493199,0.520108227770262
0.8849131617493199,0.5200442695523856
0.8849131617493199,0.5199803270625846
0.8849131617493199,0.5199164002950578
0.8849131617493199,0.5198524892440074
0.8849131617493199,0.5197885939036382
0.8849131617493199,0.5197247142681578
0.8849131617493199,0.5196608503317769
0.8849131617493199,0.5195970020887087
0.8849131617493199,0.5195331695331695
0.8849131617493199,0.5194693526593784
0.8849131617493199,0.5194055514615573
0.8849131617493199,0.519341765933931
0.8849131617493199,0.5192779960707269
0.8851224105461394,0.5193370165745856
0.8851224105461394,0.5192732629511416
0.8851224105461394,0.5192095249785197
0.8851224105461394,0.5191458026509573
0.8851224105461394,0.5190820959626948
0.8851224105461394,0.5190184049079755
0.8851224105461394,0.5189547294810453
0.8851224105461394,0.5188910696761531
0.8851224105461394,0.5188274254875506
0.8851224105461394,0.5187637969094923
0.8851224105461394,0.5187001839362354
0.8851224105461394,0.5186365865620403
0.8851224105461394,0.5185730047811695
0.8851224105461394,0.5185094385878892
0.8851224105461394,0.5184458879764677
0.8851224105461394,0.5183823529411765
0.8851224105461394,0.5183188334762897
0.8851224105461394,0.5182553295760843
0.8851224105461394,0.5181918412348401
0.8851224105461394,0.5181283684468397
0.8851224105461394,0.5180649112063687
0.8851224105461394,0.5180014695077149
0.8851224105461394,0.5179380433451696
0.8851224105461394,0.5178746327130265
0.8851224105461394,0.5178112376055821
0.8851224105461394,0.5177478580171359
0.8851224105461394,0.51768449394199
0.8851224105461394,0.5176211453744494
0.8851224105461394,0.5175578123088217
0.8851224105461394,0.5174944947394177
0.8853316593429588,0.5175535168195718
0.8853316593429588,0.5174902152641878
0.8853316593429588,0.517426929191635
0.8853316593429588,0.5173636585962338
0.8853316593429588,0.5173004034723071
0.8853316593429588,0.517237163814181
0.8853316593429588,0.5171739396161839
0.8853316593429588,0.5171107308726473
0.8853316593429588,0.5170475375779054
0.8853316593429588,0.5169843597262952
0.8853316593429588,0.5169211973121564
0.8853316593429588,0.5168580503298315
0.8853316593429588,0.5167949187736656
0.8853316593429588,0.5167318026380069
0.8853316593429588,0.516668701917206
0.8853316593429588,0.5166056166056167
0.8853316593429588,0.5165425466975949
0.8853316593429588,0.5164794921875
0.8853316593429588,0.5164164530696936
0.8853316593429588,0.5163534293385404
0.8853316593429588,0.5162904209884076
0.8853316593429588,0.5162274280136652
0.8853316593429588,0.5161644504086861
0.8853316593429588,0.5161014881678458
0.8853316593429588,0.5160385412855226
0.8853316593429588,0.5159756097560976
0.8853316593429588,0.5159126935739544
0.8853316593429588,0.5158497927334796
0.8853316593429588,0.5157869072290625
0.8853316593429588,0.5157240370550951
0.8853316593429588,0.515661182205972
0.8853316593429588,0.5155983426760906
0.8853316593429588,0.5155355184598513
0.8853316593429588,0.5154727095516569
0.8853316593429588,0.515409915945913
0.8853316593429588,0.515347137637028
0.8853316593429588,0.515284374619413
0.8853316593429588,0.5152216268874817
0.8853316593429588,0.5151588944356508
0.8853316593429588,0.5150961772583394
0.8853316593429588,0.5150334753499696
0.8853316593429588,0.5149707887049659
0.8853316593429588,0.5149081173177559
0.8853316593429588,0.5148454611827695
0.8853316593429588,0.5147828202944397
0.8853316593429588,0.514720194647202
0.8853316593429588,0.5146575842354945
0.8853316593429588,0.5145949890537582
0.8855409081397781,0.5146540192143987
0.8855409081397781,0.5145914396887159
0.8855409081397781,0.5145288753799392
0.8855409081397781,0.5144663262825189
0.8855409081397781,0.5144037923909079
0.8855409081397781,0.5143412736995625
0.8855409081397781,0.5142787702029408
0.8855409081397781,0.5142162818955043
0.8855409081397781,0.5141538087717167
0.8855409081397781,0.5140913508260447
0.8855409081397781,0.5140289080529576
0.8855409081397781,0.5139664804469274
0.8855409081397781,0.5139040680024286
0.8855409081397781,0.5138416707139388
0.8855409081397781,0.5137792885759378
0.8855409081397781,0.5137169215829085
0.8855409081397781,0.5136545697293361
0.8855409081397781,0.5135922330097087
0.8855409081397781,0.5135299114185171
0.8855409081397781,0.5134676049502548
0.8855409081397781,0.5134053135994177
0.8855409081397781,0.5133430373605046
0.8855409081397781,0.5132807762280169
0.8855409081397781,0.5132185301964589
0.8855409081397781,0.5131562992603371
0.8855409081397781,0.513094083414161
0.8855409081397781,0.5130318826524427
0.8855409081397781,0.512969696969697
0.8855409081397781,0.5129075263604411
0.8855409081397781,0.5128453708191953
0.8855409081397781,0.5127832303404822
0.8855409081397781,0.5127211049188273
0.8855409081397781,0.5126589945487583
0.8855409081397781,0.5125968992248062
0.8855409081397781,0.5125348189415042
0.8855409081397781,0.5124727536933882
0.8855409081397781,0.512410703474997
0.8855409081397781,0.5123486682808717
0.8855409081397781,0.5122866481055562
0.8855409081397781,0.5122246429435972
0.8855409081397781,0.5121626527895438
0.8855409081397781,0.5121006776379478
0.8855409081397781,0.5120387174833636
0.8855409081397781,0.5119767723203484
0.8855409081397781,0.511914842143462
0.8855409081397781,0.5118529269472666
0.8855409081397781,0.5117910267263273
0.8855409081397781,0.5117291414752116
0.8855409081397781,0.5116672711884899
0.8855409081397781,0.511605415860735
0.8855409081397781,0.5115435754865224
0.8857501569365976,0.5116026105873822
0.8857501569365976,0.5115407854984895
0.8857501569365976,0.5114789753504109
0.8857501569365976,0.5114171801377311
0.8857501569365976,0.5113553998550374
0.8857501569365976,0.5112936344969199
0.8857501569365976,0.511231884057971
0.8857501569365976,0.5111701485327859
0.8857501569365976,0.5111084279159623
0.8857501569365976,0.5110467222021007
0.8857501569365976,0.510985031385804
0.8857501569365976,0.5109233554616778
0.8857501569365976,0.5108616944243302
0.8857501569365976,0.5108000482683721
0.8857501569365976,0.510738416988417
0.8857501569365976,0.5106768005790807
0.8857501569365976,0.5106151990349819
0.8857501569365976,0.5105536123507418
0.8857501569365976,0.5104920405209841
0.8857501569365976,0.5104304835403353
0.8857501569365976,0.5103689414034241
0.8857501569365976,0.5103074141048825
0.8857501569365976,0.5102459016393442
0.8857501569365976,0.5101844040014463
0.8857501569365976,0.5101229211858279
0.8857501569365976,0.510061453187131
0.8857501569365976,0.51
0.8857501569365976,0.509938561619082
0.8857501569365976,0.5098771380390268
0.8857501569365976,0.5098157292544864
0.8857501569365976,0.5097543352601156
0.8857501569365976,0.509692956050572
0.8857501569365976,0.5096315916205153
0.8857501569365976,0.5095702419646082
0.8857501569365976,0.5095089070775156
0.8857501569365976,0.5094475869539054
0.8857501569365976,0.5093862815884477
0.8857501569365976,0.5093249909758152
0.8857501569365976,0.5092637151106834
0.8857501569365976,0.50920245398773
0.8857501569365976,0.5091412076016358
0.8857501569365976,0.5090799759470835
0.8857501569365976,0.509018759018759
0.8857501569365976,0.5089575568113502
0.8857501569365976,0.508896369319548
0.8857501569365976,0.5088351965380454
0.8857501569365976,0.5087740384615385
0.8857501569365976,0.5087128950847254
0.8857501569365976,0.5086517664023071
0.8857501569365976,0.5085906524089872
0.8857501569365976,0.5085295530994715
0.8857501569365976,0.5084684684684685
0.8857501569365976,0.5084073985106894
0.8857501569365976,0.5083463432208478
0.8857501569365976,0.5082853025936599
0.8857501569365976,0.5082242766238444
0.8857501569365976,0.5081632653061224
0.8857501569365976,0.5081022686352179
0.8857501569365976,0.5080412866058569
0.8857501569365976,0.5079803192127685
0.8857501569365976,0.5079193664506839
0.885959405733417,0.5079784043191362
0.8861686545302364,0.5080374280230326
0.8861686545302364,0.5079764903442485
0.8861686545302364,0.5079155672823219
0.8861686545302364,0.5078546588319942
0.8863779033270559,0.5079136690647482
0.8863779033270559,0.5078527754465891
0.8863779033270559,0.5077918964277152
0.8863779033270559,0.5077310320028766
0.8863779033270559,0.5076701821668265
0.8863779033270559,0.5076093469143199
0.8863779033270559,0.507548526240115
0.8863779033270559,0.507487720138972
0.8863779033270559,0.5074269286056541
0.8863779033270559,0.5073661516349264
0.8863779033270559,0.5073053892215569
0.8863779033270559,0.5072446413603161
0.8863779033270559,0.507183908045977
0.8863779033270559,0.507123189273315
0.8863779033270559,0.5070624850371079
0.8863779033270559,0.5070017953321364
0.8863779033270559,0.5069411201531834
0.8863779033270559,0.5068804594950341
0.8863779033270559,0.5068198133524767
0.8863779033270559,0.5067591817203014
0.8863779033270559,0.5066985645933014
0.8863779033270559,0.506637961966272
0.8863779033270559,0.506577373834011
0.8863779033270559,0.506516800191319
0.8863779033270559,0.5064562410329986
0.8863779033270559,0.5063956963538554
0.8863779033270559,0.5063351661486971
0.8863779033270559,0.5062746504123342
0.8863779033270559,0.5062141491395793
0.8863779033270559,0.5061536623252479
0.8863779033270559,0.5060931899641578
0.8863779033270559,0.5060327320511289
0.8863779033270559,0.5059722885809842
0.8863779033270559,0.5059118595485489
0.8863779033270559,0.5058514449486505
0.8863779033270559,0.5057910447761194
0.8863779033270559,0.505730659025788
0.8863779033270559,0.5056702876924913
0.8863779033270559,0.5056099307710671
0.8863779033270559,0.5055495882563552
0.8863779033270559,0.5054892601431981
0.8863779033270559,0.5054289464264408
0.8863779033270559,0.5053686471009305
0.8863779033270559,0.5053083621615173
0.8863779033270559,0.5052480916030534
0.8863779033270559,0.5051878354203936
0.8863779033270559,0.505127593608395
0.8863779033270559,0.5050673661619173
0.8863779033270559,0.5050071530758226
0.8863779033270559,0.5049469543449756
0.8863779033270559,0.5048867699642432
0.8863779033270559,0.5048265999284948
0.8863779033270559,0.5047664442326025
0.8863779033270559,0.5047063028714405
0.8863779033270559,0.5046461758398856
0.8863779033270559,0.5045860631328172
0.8863779033270559,0.5045259647451167
0.8865871521238753,0.504584970822913
0.8867964009206947,0.5046439628482973
0.8867964009206947,0.5045838790332182
0.8867964009206947,0.5045238095238095
0.8867964009206947,0.5044637543149625
0.8867964009206947,0.5044037134015711
0.8867964009206947,0.5043436867785315
0.8867964009206947,0.5042836744407425
0.8867964009206947,0.5042236763831053
0.8867964009206947,0.5041636926005234
0.8867964009206947,0.504103723087903
0.8867964009206947,0.5040437678401523
0.8867964009206947,0.5039838268521822
0.8867964009206947,0.5039239001189061
0.8867964009206947,0.5038639876352395
0.8867964009206947,0.5038040893961008
0.8867964009206947,0.5037442053964103
0.8867964009206947,0.503684335631091
0.8867964009206947,0.5036244800950683
0.8867964009206947,0.50356463878327
0.8867964009206947,0.5035048116906261
0.8867964009206947,0.5034449988120694
0.8867964009206947,0.5033852001425347
0.8867964009206947,0.5033254156769597
0.8867964009206947,0.5032656454102838
0.8867964009206947,0.5032058893374496
0.8867964009206947,0.5031461474534014
0.8867964009206947,0.5030864197530864
0.8870056497175142,0.5031454005934718
0.8870056497175142,0.5030856871587942
0.8870056497175142,0.5030259878960485
0.8870056497175142,0.5029663028001898
0.8870056497175142,0.5029066318661763
0.8870056497175142,0.5028469750889679
0.8870056497175142,0.5027873324635275
0.8870056497175142,0.5027277039848197
0.8870056497175142,0.5026680896478122
0.8870056497175142,0.5026084894474745
0.8870056497175142,0.5025489033787789
0.8870056497175142,0.5024893314366998
0.8870056497175142,0.5024297736162143
0.8870056497175142,0.5023702299123015
0.8870056497175142,0.5023107003199431
0.8870056497175142,0.5022511848341232
0.8870056497175142,0.5021916834498282
0.8870056497175142,0.502132196162047
0.8870056497175142,0.5020727229657704
0.8870056497175142,0.5020132638559924
0.8870056497175142,0.5019538188277087
0.8870056497175142,0.5018943878759176
0.8870056497175142,0.5018349709956198
0.8870056497175142,0.5017755681818182
0.8870056497175142,0.5017161794295183
0.8870056497175142,0.5016568047337278
0.8870056497175142,0.5015974440894568
0.8872148985143335,0.5016564126833886
0.8872148985143335,0.5015970661303679
0.8872148985143335,0.5015377336172226
0.8872148985143335,0.5014784151389711
0.8872148985143335,0.5014191106906338
0.8872148985143335,0.5013598202672342
0.8872148985143335,0.5013005438637976
0.8872148985143335,0.5012412814753517
0.8872148985143335,0.5011820330969267
0.8872148985143335,0.5011227987235551
0.8872148985143335,0.5010635783502718
0.8872148985143335,0.5010043719721139
0.8872148985143335,0.500945179584121
0.8872148985143335,0.5008860011813349
0.8872148985143335,0.5008268367587999
0.8872148985143335,0.5007676863115625
0.8872148985143335,0.5007085498346717
0.8872148985143335,0.5006494273231786
0.8872148985143335,0.500590318772137
0.8874241473111529,0.5006492739936254
0.8874241473111529,0.500590179414542
0.8874241473111529,0.5005310987843739
0.8874241473111529,0.5004720320981827
0.8874241473111529,0.5004129793510325
0.8874241473111529,0.5003539405379896
0.8874241473111529,0.5002949156541229
0.8874241473111529,0.5002359046945034
0.8874241473111529,0.5001769076542045
0.8874241473111529,0.5001179245283018
0.8874241473111529,0.5000589553118736
0.8874241473111529,0.5
0.8874241473111529,0.4999410585877638
0.8874241473111529,0.49988213107024987
0.8874241473111529,0.49982321744254565
0.8874241473111529,0.4997643176997407
0.8874241473111529,0.49970543183692706
0.8874241473111529,0.49964655984919887
0.8874241473111529,0.49958770173165273
0.8874241473111529,0.4995288574793875
0.8874241473111529,0.49947002708750443
0.8874241473111529,0.49941121055110693
0.8874241473111529,0.49935240786530083
0.8874241473111529,0.49929361902519426
0.8874241473111529,0.4992348440258976
0.8874241473111529,0.4991760828625235
0.8874241473111529,0.4991173355301871
0.8874241473111529,0.49905860202400565
0.8874241473111529,0.4989998823390987
0.8874241473111529,0.4989411764705882
0.8874241473111529,0.4988824844135984
0.8874241473111529,0.4988238061632557
0.8874241473111529,0.49876514171468894
0.8874241473111529,0.49870649106302917
0.8874241473111529,0.49864785420340973
0.8874241473111529,0.49858923113096637
0.8874241473111529,0.49853062184083696
0.8874241473111529,0.49847202632816173
0.8874241473111529,0.49841344458808323
0.8874241473111529,0.4983548766157462
0.8874241473111529,0.49829632240629773
0.8874241473111529,0.4982377819548872
0.8874241473111529,0.4981792552566663
0.8874241473111529,0.4981207423067888
0.8874241473111529,0.49806224310041103
0.8874241473111529,0.4980037576326914
0.8874241473111529,0.49794528589879067
0.8874241473111529,0.4978868278938718
0.8874241473111529,0.4978283836131001
0.8874241473111529,0.4977699530516432
0.8874241473111529,0.4977115362046708
0.8876333961079724,0.4977704764139873
0.8876333961079724,0.4977120732136572
0.8876333961079724,0.497653683716565
0.8876333961079724,0.4975953079178886
0.8878426449047918,0.4976542341074361
0.8878426449047918,0.49759587193620264
0.8878426449047918,0.4975375234521576
0.8878426449047918,0.49747918865048657
0.8878426449047918,0.4974208675263775
0.8878426449047918,0.4973625600750205
0.8878426449047918,0.49730426629160807
0.8878426449047918,0.4972459861713348
0.8878426449047918,0.4971877197093977
0.8878426449047918,0.4971294669009959
0.8878426449047918,0.49707122774133083
0.8878426449047918,0.4970130022256062
0.8878426449047918,0.4969547903490279
0.8878426449047918,0.4968965921068041
0.8878426449047918,0.4968384074941452
0.8878426449047918,0.4967802365062639
0.8878426449047918,0.49672207913837507
0.8878426449047918,0.49666393538569586
0.8878426449047918,0.4966058052434457
0.8878426449047918,0.4965476887068461
0.8878426449047918,0.496489585771121
0.8878426449047918,0.4964314964314964
0.8878426449047918,0.49637342068320073
0.8878426449047918,0.4963153585214645
0.8878426449047918,0.49625730994152045
0.8878426449047918,0.49619927493860366
0.8878426449047918,0.49614125350795135
0.8878426449047918,0.496083245644803
0.8878426449047918,0.4960252513444003
0.8878426449047918,0.49596727060198714
0.8878426449047918,0.4959093034128097
0.8878426449047918,0.4958513497721164
0.8878426449047918,0.4957934096751577
0.8878426449047918,0.49573548311718657
0.8878426449047918,0.4956775700934579
0.8878426449047918,0.49561967059922907
0.8878426449047918,0.4955617846297594
0.8878426449047918,0.49550391218031065
0.8878426449047918,0.49544605324614666
0.8878426449047918,0.49538820782253357
0.8878426449047918,0.49533037590473966
0.8878426449047918,0.4952725574880355
0.8878426449047918,0.49521475256769376
0.8878426449047918,0.4951569611389894
0.8878426449047918,0.49509918319719953
0.8878426449047918,0.49504141873760354
0.8878426449047918,0.49498366775548297
0.8878426449047918,0.4949259302461215
0.8878426449047918,0.4948682062048052
0.8880518937016112,0.49492711370262393
0.8880518937016112,0.49486940298507465
0.8880518937016112,0.49481170572461236
0.8880518937016112,0.4947540219165307
0.8880518937016112,0.4946963515561254
0.8880518937016112,0.49463869463869464
0.8880518937016112,0.49458105115953854
0.8880518937016112,0.49452342111395947
0.8880518937016112,0.494465804497262
0.8880518937016112,0.49440820130475305
0.8880518937016112,0.4943506115317414
0.8880518937016112,0.49429303517353834
0.8880518937016112,0.4942354722254571
0.8880518937016112,0.49417792268281324
0.8880518937016112,0.49412038654092444
0.8880518937016112,0.4940628637951106
0.8880518937016112,0.49400535444069377
0.8880518937016112,0.49394785847299816
0.8880518937016112,0.4938903758873502
0.8880518937016112,0.4938329066790784
0.8880518937016112,0.49377545084351365
0.8880518937016112,0.49371800837598884
0.8880518937016112,0.49366057927183904
0.8880518937016112,0.4936031635264015
0.8880518937016112,0.4935457611350157
0.8880518937016112,0.49348837209302326
0.8880518937016112,0.49343099639576793
0.8880518937016112,0.4933736340385957
0.8880518937016112,0.4933162850168546
0.8880518937016112,0.4932589493258949
0.8880518937016112,0.4932016269610692
0.8880518937016112,0.49314431791773183
0.8880518937016112,0.4930870221912397
0.8880518937016112,0.4930297397769517
0.8880518937016112,0.4929724706702288
0.8880518937016112,0.49291521486643436
0.8880518937016112,0.4928579723609337
0.8880518937016112,0.4928007431490943
0.8880518937016112,0.49274352722628584
0.8880518937016112,0.4926863245878802
0.8880518937016112,0.4926291352292513
0.8880518937016112,0.4925719591457753
0.8880518937016112,0.49251479633283046
0.8880518937016112,0.4924576467857972
0.8880518937016112,0.492400510500058
0.8880518937016112,0.4923433874709977
0.8880518937016112,0.492286277694003
0.8880518937016112,0.492229181164463
0.8880518937016112,0.4921720978777688
0.8880518937016112,0.49211502782931354
0.8880518937016112,0.4920579710144928
0.8880518937016112,0.49200092742870394
0.8880518937016112,0.4919438970673467
0.8880518937016112,0.4918868799258229
0.8880518937016112,0.4918298759995364
0.8880518937016112,0.4917728852838934
0.8880518937016112,0.4917159077743019
0.8880518937016112,0.4916589434661724
0.8880518937016112,0.4916019923549172
0.8880518937016112,0.49154505443595087
0.8880518937016112,0.4914881297046902
0.8880518937016112,0.49143121815655394
0.8880518937016112,0.49137431978696305
0.8880518937016112,0.4913174345913406
0.8880518937016112,0.4912605625651117
0.8880518937016112,0.4912037037037037
0.8880518937016112,0.491146858002546
0.8882611424984307,0.4912057394121731
0.8882611424984307,0.4911489066296425
0.8882611424984307,0.49109208699676077
0.8882611424984307,0.4910352805089647
0.8882611424984307,0.4909784871616933
0.8882611424984307,0.4909217069503874
0.8882611424984307,0.4908649398704903
0.8882611424984307,0.4908081859174471
0.8882611424984307,0.4907514450867052
0.8882611424984307,0.490694717373714
0.8882611424984307,0.4906380027739251
0.8882611424984307,0.4905813012827921
0.8882611424984307,0.49052461289577076
0.8884703912952501,0.49058347775852107
0.8884703912952501,0.4905268022181146
0.8884703912952501,0.49047013977128334
0.8884703912952501,0.4904134904134904
0.8884703912952501,0.49035685414020097
0.8884703912952501,0.49030023094688224
0.8884703912952501,0.4902436208290036
0.8884703912952501,0.4901870237820365
0.8884703912952501,0.4901304398014545
0.8884703912952501,0.49007386888273313
0.8884703912952501,0.49001731102135027
0.8884703912952501,0.4899607662127856
0.8884703912952501,0.48990423445252107
0.8886796400920695,0.4899630826026765
0.8886796400920695,0.4899065636174876
0.8886796400920695,0.48985005767012685
0.8886796400920695,0.4897935647560835
0.8886796400920695,0.4897370848708487
0.8886796400920695,0.48968061800991586
0.8886796400920695,0.48962416416878024
0.8886796400920695,0.48956772334293946
0.8886796400920695,0.489511295527893
0.8886796400920695,0.48945488071914256
0.8886796400920695,0.48939847891219174
0.8886796400920695,0.48934209010254637
0.8886796400920695,0.48928571428571427
0.8886796400920695,0.48922935145720536
0.8886796400920695,0.4891730016125317
0.8886796400920695,0.48911666474720716
0.8886796400920695,0.48906034085674804
0.8886796400920695,0.4890040299366724
0.8886796400920695,0.4889477319825006
0.8886796400920695,0.4888914469897548
0.8888888888888888,0.4889502762430939
0.8888888888888888,0.4888940039129934
0.8888888888888888,0.48883774453394707
0.8888888888888888,0.4887814981014843
0.8888888888888888,0.4887252646111367
0.8888888888888888,0.4886690440584378
0.8888888888888888,0.4886128364389234
0.8888888888888888,0.4885566417481311
0.8888888888888888,0.48850045998160074
0.8888888888888888,0.4884442911348741
0.8888888888888888,0.48838813520349506
0.8888888888888888,0.48833199218300954
0.8888888888888888,0.4882758620689655
0.8888888888888888,0.488219744856913
0.8888888888888888,0.488163640542404
0.8888888888888888,0.48810754912099275
0.8890981376857083,0.48816636029411764
0.8890981376857083,0.488110281447444
0.8890981376857083,0.4880542154835745
0.8890981376857083,0.48799816239807053
0.8890981376857083,0.4879421221864952
0.8890981376857083,0.4878860948444138
0.8890981376857083,0.4878300803673938
0.8890981376857083,0.4877740787510045
0.8890981376857083,0.4877180899908173
0.8890981376857083,0.4876621140824056
0.8890981376857083,0.48760615102134497
0.8890981376857083,0.4875502008032129
0.8890981376857083,0.4874942634235888
0.8890981376857083,0.4874383388780544
0.8890981376857083,0.48738242716219315
0.8890981376857083,0.4873265282715908
0.8890981376857083,0.48727064220183486
0.8890981376857083,0.48721476894851506
0.8890981376857083,0.4871589085072231
0.8890981376857083,0.48710306087355265
0.8890981376857083,0.48704722604309947
0.8890981376857083,0.4869914040114613
0.8890981376857083,0.4869355947742379
0.8890981376857083,0.48687979832703104
0.8890981376857083,0.48682401466544456
0.8890981376857083,0.4867682437850842
0.8890981376857083,0.48671248568155784
0.8890981376857083,0.4866567403504753
0.8890981376857083,0.48660100778744847
0.8890981376857083,0.48654528798809116
0.8890981376857083,0.48648958094801925
0.8890981376857083,0.4864338866628506
0.8890981376857083,0.4863782051282051
0.8890981376857083,0.4863225363397047
0.8890981376857083,0.4862668802929732
0.8890981376857083,0.48621123698363655
0.8893073864825277,0.4862700228832952
0.8893073864825277,0.4862143919460016
0.8893073864825277,0.4861587737359872
0.8893073864825277,0.48610316824888483
0.8893073864825277,0.48604757548032934
0.8893073864825277,0.48599199542595767
0.8893073864825277,0.48593642808140863
0.8893073864825277,0.48588087344232306
0.8893073864825277,0.48582533150434387
0.8893073864825277,0.4857698022631158
0.8893073864825277,0.4857142857142857
0.8893073864825277,0.4856587818535025
0.8893073864825277,0.48560329067641683
0.8893073864825277,0.4855478121786816
0.8893073864825277,0.48549234635595157
0.8893073864825277,0.4854368932038835
0.8893073864825277,0.48538145271813615
0.8893073864825277,0.4853260248943702
0.8893073864825277,0.4852706097282485
0.8893073864825277,0.48521520721543554
0.8893073864825277,0.4851598173515982
0.8893073864825277,0.485104440132405
0.8893073864825277,0.4850490755535266
0.8893073864825277,0.48499372361063564
0.8893073864825277,0.48493838429940667
0.8893073864825277,0.48488305761551626
0.8893073864825277,0.4848277435546429
0.8893073864825277,0.48477244211246723
0.8893073864825277,0.4847171532846715
0.8893073864825277,0.48466187706694036
0.8893073864825277,0.4846066134549601
0.8893073864825277,0.4845513624444191
0.8893073864825277,0.4844961240310077
0.8893073864825277,0.4844408982104183
0.8893073864825277,0.4843856849783451
0.8893073864825277,0.4843304843304843
0.8893073864825277,0.4842752962625342
0.8893073864825277,0.48422012077019483
0.8893073864825277,0.48416495784916835
0.8893073864825277,0.4841098074951589
0.8893073864825277,0.48405466970387245
0.8893073864825277,0.48399954447101695
0.8895166352793471,0.48405830107037123
0.8895166352793471,0.48400318797677333
0.8895166352793471,0.483948087431694
0.8895166352793471,0.483892999430848
0.8895166352793471,0.4838379239699522
0.8895166352793471,0.4837828610447252
0.8895166352793471,0.48372781065088755
0.8895166352793471,0.48367277278416204
0.8895166352793471,0.483617747440273
0.8895166352793471,0.4835627346149471
0.8895166352793471,0.48350773430391264
0.8895166352793471,0.48345274650290004
0.8895166352793471,0.48339777120764155
0.8895166352793471,0.4833428084138715
0.8895166352793471,0.48328785811732605
0.8895166352793471,0.4832329203137433
0.8895166352793471,0.4831779949988634
0.8895166352793471,0.48312308216842825
0.8895166352793471,0.48306818181818184
0.8895166352793471,0.48301329394387
0.8895166352793471,0.4829584185412406
0.8895166352793471,0.4829035556060434
0.8895166352793471,0.48284870513403
0.8895166352793471,0.482793867120954
0.8895166352793471,0.48273904156257097
0.8895166352793471,0.4826842284546384
0.8895166352793471,0.4826294277929155
0.8895166352793471,0.4825746395731638
0.8895166352793471,0.4825198637911464
0.8895166352793471,0.4824651004426285
0.8895166352793471,0.4824103495233772
0.8895166352793471,0.48235561102916147
0.8895166352793471,0.4823008849557522
0.8895166352793471,0.4822461712989223
0.8895166352793471,0.48219147005444646
0.8895166352793471,0.4821367812181014
0.8895166352793471,0.4820821047856657
0.8895166352793471,0.4820274407529198
0.8895166352793471,0.4819727891156463
0.8895166352793471,0.4819181498696293
0.8895166352793471,0.48186352301065516
0.8895166352793471,0.4818089085345121
0.8895166352793471,0.48175430643699
0.8895166352793471,0.481699716713881
0.8895166352793471,0.4816451393609789
0.8895166352793471,0.48159057437407954
0.8895166352793471,0.4815360217489805
0.8895166352793471,0.48148148148148145
0.8895166352793471,0.4814269535673839
0.8895166352793471,0.48137243800249124
0.8895166352793471,0.4813179347826087
0.8895166352793471,0.48126344390354353
0.8895166352793471,0.4812089653611048
0.8895166352793471,0.4811544991511036
0.8895166352793471,0.4811000452693526
0.8895166352793471,0.4810456037116669
0.8895166352793471,0.48099117447386286
0.8895166352793471,0.48093675755175924
0.8895166352793471,0.4808823529411765
0.8895166352793471,0.48082796063793687
0.8895166352793471,0.48077358063786474
0.8895166352793471,0.48071921293678616
0.8895166352793471,0.4806648575305292
0.8895166352793471,0.4806105144149237
0.8895166352793471,0.4805561835858015
0.8895166352793471,0.4805018650389963
0.8895166352793471,0.48044755877034356
0.8895166352793471,0.4803932647756809
0.8895166352793471,0.48033898305084743
0.8895166352793471,0.48028471359168456
0.8895166352793471,0.4802304563940352
0.8895166352793471,0.4801762114537445
0.8895166352793471,0.48012197876665913
0.8895166352793471,0.4800677583286279
0.8895166352793471,0.48001355013550134
0.8895166352793471,0.47995935418313196
0.8895166352793471,0.47990517046737413
0.8895166352793471,0.479850998984084
0.8895166352793471,0.47979683972911963
0.8895166352793471,0.479742692698341
0.8895166352793471,0.47968855788761
0.8895166352793471,0.47963443529279026
0.8897258840761666,0.4796931407942238
0.8897258840761666,0.479639029892837
0.8897258840761666,0.4795849311978344
0.8897258840761666,0.4795308447050863
0.8897258840761666,0.4794767704104646
0.8897258840761666,0.4794227083098433
0.8897258840761666,0.4793686583990981
0.8897258840761666,0.47931462067410663
0.8897258840761666,0.4792605951307484
0.8897258840761666,0.47920658176490477
0.8897258840761666,0.47915258057245885
0.8897258840761666,0.4790985915492958
0.8897258840761666,0.4790446146913024
0.8897258840761666,0.47899064999436747
0.8897258840761666,0.4789366974543816
0.8897258840761666,0.4788827570672373
0.8897258840761666,0.4788288288288288
0.8897258840761666,0.47877491273505235
0.8897258840761666,0.4787210087818059
0.8897258840761666,0.4786671169649893
0.8897258840761666,0.47861323728050426
0.8897258840761666,0.47855936972425434
0.8897258840761666,0.47850551429214494
0.8897258840761666,0.4784516709800833
0.8897258840761666,0.4783978397839784
0.8897258840761666,0.47834402069974125
0.889935132872986,0.4784026996625422
0.889935132872986,0.4783488921381172
0.889935132872986,0.47829509671614934
0.889935132872986,0.47824131339255593
0.889935132872986,0.47818754216325615
0.889935132872986,0.47813378302417087
0.889935132872986,0.478080035971223
0.889935132872986,0.4780263010003372
0.889935132872986,0.47797257810743987
0.889935132872986,0.4779188672884594
0.889935132872986,0.47786516853932587
0.889935132872986,0.4778114818559712
0.889935132872986,0.47775780723432937
0.889935132872986,0.47770414467033584
0.889935132872986,0.4776504941599281
0.889935132872986,0.4775968556990455
0.889935132872986,0.477543229283629
0.889935132872986,0.47748961490962166
0.889935132872986,0.47743601257296814
0.889935132872986,0.47738242226961497
0.889935132872986,0.4773288439955107
0.889935132872986,0.47727527774660533
0.889935132872986,0.477221723518851
0.889935132872986,0.4771681813082015
0.889935132872986,0.4771146511106125
0.889935132872986,0.4770611329220415
0.889935132872986,0.4770076267384477
0.889935132872986,0.47695413255579233
0.889935132872986,0.47690065037003815
0.889935132872986,0.4768471801771499
0.889935132872986,0.47679372197309416
0.889935132872986,0.47674027575383926
0.889935132872986,0.4766868415153553
0.889935132872986,0.47663341925361424
0.889935132872986,0.47658000896458985
0.889935132872986,0.4765266106442577
0.889935132872986,0.4764732242885951
0.889935132872986,0.47641984989358127
0.889935132872986,0.4763664874551971
0.889935132872986,0.47631313696942545
0.889935132872986,0.47625979843225086
0.889935132872986,0.47620647183965964
0.889935132872986,0.47615315718763995
0.889935132872986,0.4760998544721818
0.889935132872986,0.47604656368927695
0.8901443816698054,0.4761052042529379
0.8901443816698054,0.4760519247985676
0.8901443816698054,0.4759986572675394
0.8901443816698054,0.4759454016558514
0.8901443816698054,0.4758921579595033
0.8901443816698054,0.47583892617449663
0.8901443816698054,0.4757857062968348
0.8901443816698054,0.4757324983225229
0.8901443816698054,0.47567930224756794
0.8901443816698054,0.47562611806797855
0.8901443816698054,0.4755729457797652
0.8901443816698054,0.4755197853789403
0.8901443816698054,0.4754666368615178
0.8901443816698054,0.47541350022351364
0.8901443816698054,0.47536037546094534
0.8901443816698054,0.4753072625698324
0.8901443816698054,0.47525416154619593
0.8901443816698054,0.47520107238605896
0.8901443816698054,0.4751479950854462
0.8901443816698054,0.4750949296403842
0.8901443816698054,0.4750418760469012
0.8901443816698054,0.47498883430102723
0.8901443816698054,0.47493580439879424
0.8901443816698054,0.47488278633623576
0.8903536304666249,0.47494139970978905
0.8903536304666249,0.47488839285714285
0.8903536304666249,0.47483539783506307
0.8903536304666249,0.47478241463958937
0.8903536304666249,0.47472944326676336
0.8903536304666249,0.47467648371262827
0.8903536304666249,0.4746235359732292
0.8903536304666249,0.474570600044613
0.8903536304666249,0.4745176759228282
0.8903536304666249,0.4744647636039251
0.8903536304666249,0.47441186308395583
0.8903536304666249,0.47435897435897434
0.8903536304666249,0.4743060974250362
0.8903536304666249,0.4742532322781988
0.8903536304666249,0.4742003789145213
0.8903536304666249,0.47414753733006465
0.8903536304666249,0.4740947075208914
0.8903536304666249,0.47404188948306597
0.8903536304666249,0.47398908321265454
0.8903536304666249,0.47393628870572513
0.8905628792634442,0.4739948769350707
0.8905628792634442,0.47394209354120265
0.8905628792634442,0.47388932190179267
0.8905628792634442,0.47383656201291474
0.8905628792634442,0.47378381387064455
0.8905628792634442,0.47373107747105964
0.8905628792634442,0.4736783528102393
0.8905628792634442,0.4736256398842644
0.8905628792634442,0.47357293868921774
0.8905628792634442,0.4735202492211838
0.8905628792634442,0.47346757147624874
0.8905628792634442,0.4734149054505006
0.8905628792634442,0.47336225114002894
0.8905628792634442,0.47330960854092524
0.8905628792634442,0.47325697764928276
0.8905628792634442,0.47320435846119635
0.8905628792634442,0.47315175097276263
0.8905628792634442,0.47309915518008006
0.8905628792634442,0.47304657107924863
0.8905628792634442,0.4729939986663703
0.8905628792634442,0.4729414379375486
0.8905628792634442,0.4728888888888889
0.8905628792634442,0.47283635151649817
0.8905628792634442,0.4727838258164852
0.8905628792634442,0.4727313117849606
0.8905628792634442,0.4726788094180364
0.8905628792634442,0.47262631871182675
0.8905628792634442,0.47257383966244726
0.8905628792634442,0.4725213722660153
0.8905628792634442,0.4724689165186501
0.8905628792634442,0.47241647241647244
0.8905628792634442,0.4723640399556049
0.8905628792634442,0.4723116191321718
0.8905628792634442,0.47225920994229914
0.8905628792634442,0.4722068123821147
0.8905628792634442,0.47215442644774797
0.8905628792634442,0.47210205213533
0.8905628792634442,0.4720496894409938
0.8905628792634442,0.47199733836087393
0.8905628792634442,0.4719449988911067
0.8905628792634442,0.4718926710278301
0.8905628792634442,0.47184035476718406
0.8905628792634442,0.47178805010530983
0.8905628792634442,0.4717357570383507
0.8905628792634442,0.4716834755624515
0.8905628792634442,0.4716312056737589
0.8905628792634442,0.47157894736842104
0.8905628792634442,0.47152670064258806
0.8905628792634442,0.4714744654924117
0.8905628792634442,0.4714222419140452
0.8905628792634442,0.4713700299036438
0.8905628792634442,0.47131782945736433
0.8905628792634442,0.4712656405713653
0.8905628792634442,0.4712134632418069
0.8905628792634442,0.4711612974648511
0.8905628792634442,0.4711091432366615
0.8905628792634442,0.47105700055340344
0.8905628792634442,0.4710048694112439
0.8905628792634442,0.47095274980635166
0.8905628792634442,0.4709006417348971
0.8905628792634442,0.4708485451930523
0.8907721280602636,0.4709070796460177
0.8907721280602636,0.4708549939166021
0.8907721280602636,0.4708029197080292
0.8907721280602636,0.47075085701647684
0.8907721280602636,0.47069880583812473
0.8907721280602636,0.47064676616915424
0.8907721280602636,0.4705947380057484
0.8907721280602636,0.470542721344092
0.8907721280602636,0.47049071618037136
0.8907721280602636,0.4704387225107747
0.8907721280602636,0.4703867403314917
0.8907721280602636,0.47033476963871396
0.8907721280602636,0.47028281042863457
0.8907721280602636,0.47023086269744835
0.8907721280602636,0.4701789264413519
0.8907721280602636,0.47012700165654336
0.8907721280602636,0.4700750883392226
0.8907721280602636,0.47002318648559127
0.8907721280602636,0.4699712960918525
0.8907721280602636,0.46991941715421126
0.8907721280602636,0.4698675496688742
0.8907721280602636,0.46981569363204945
0.8907721280602636,0.46976384903994706
0.8907721280602636,0.46971201588877853
0.8907721280602636,0.4696601941747573
0.8907721280602636,0.4696083838940982
0.8907721280602636,0.4695565850430179
0.8907721280602636,0.4695047976177346
0.8907721280602636,0.46945302161446845
0.8907721280602636,0.46940125702944097
0.8907721280602636,0.4693495038588754
0.8907721280602636,0.4692977620989968
0.8907721280602636,0.46924603174603174
0.8907721280602636,0.46919431279620855
0.8907721280602636,0.4691426052457571
0.8907721280602636,0.4690909090909091
0.8907721280602636,0.46903922432789774
0.8907721280602636,0.468987550952958
0.8907721280602636,0.4689358889623265
0.8907721280602636,0.4688842383522414
0.8907721280602636,0.4688325991189427
0.8907721280602636,0.46878097125867196
0.8907721280602636,0.4687293547676723
0.8907721280602636,0.4686777496421887
0.8907721280602636,0.4686261558784676
0.8907721280602636,0.46857457347275727
0.8907721280602636,0.4685230024213075
0.8907721280602636,0.4684714427203698
0.8907721280602636,0.4684198943661972
0.8907721280602636,0.46836835735504456
0.8907721280602636,0.46831683168316834
0.8907721280602636,0.4682653173468265
0.8907721280602636,0.46821381434227893
0.8907721280602636,0.4681623226657869
0.8907721280602636,0.4681108423136134
0.8907721280602636,0.4680593732820231
0.8907721280602636,0.46800791556728233
0.8907721280602636,0.46795646916565903
0.8907721280602636,0.4679050340734227
0.8907721280602636,0.4678536102868447
0.8907721280602636,0.4678021978021978
0.8907721280602636,0.4677507966157565
0.8907721280602636,0.46769940672379695
0.8907721280602636,0.4676480281225969
0.8907721280602636,0.46759666080843587
0.8907721280602636,0.4675453047775947
0.8907721280602636,0.46749396002635624
0.8907721280602636,0.4674426265510047
0.8907721280602636,0.4673913043478261
0.8907721280602636,0.4673399934131079
0.8907721280602636,0.4672886937431394
0.8907721280602636,0.4672374053342114
0.8907721280602636,0.46718612818261634
0.8907721280602636,0.4671348622846483
0.8907721280602636,0.467083607636603
0.8907721280602636,0.46703236423477784
0.8907721280602636,0.4669811320754717
0.8907721280602636,0.46692991115498517
0.8907721280602636,0.4668787014696205
0.8907721280602636,0.46682750301568154
0.8907721280602636,0.4667763157894737
0.8907721280602636,0.466725139787304
0.8907721280602636,0.46667397500548125
0.8907721280602636,0.4666228214403157
0.8907721280602636,0.46657167908811925
0.8907721280602636,0.4665205479452055
0.8907721280602636,0.46646942800788954
0.8907721280602636,0.4664183192724882
0.8907721280602636,0.4663672217353199
0.8907721280602636,0.46631613539270456
0.8907721280602636,0.46626506024096387
0.8907721280602636,0.46621399627642096
0.8907721280602636,0.46616294349540077
0.8907721280602636,0.46611190189422974
0.8907721280602636,0.4660608714692358
0.8907721280602636,0.4660098522167488
0.8907721280602636,0.46595884413309985
0.8907721280602636,0.46590784721462186
0.8907721280602636,0.4658568614576494
0.8907721280602636,0.4658058868585184
0.8907721280602636,0.4657549234135667
0.8907721280602636,0.4657039711191336
0.8907721280602636,0.46565302997155983
0.8907721280602636,0.465602099967188
0.8907721280602636,0.4655511811023622
0.8907721280602636,0.4655002733734281
0.8907721280602636,0.465449376776733
0.8907721280602636,0.46539849130862576
0.8907721280602636,0.46534761696545696
0.8907721280602636,0.46529675374357854
0.8907721280602636,0.46524590163934426
0.8907721280602636,0.46519506064910937
0.8907721280602636,0.4651442307692308
0.8907721280602636,0.46509341199606685
0.8907721280602636,0.4650426043259777
0.8907721280602636,0.46499180775532495
0.8907721280602636,0.4649410222804718
0.8907721280602636,0.4648902478977831
0.8907721280602636,0.46483948460362523
0.8907721280602636,0.4647887323943662
0.8907721280602636,0.46473799126637555
0.8907721280602636,0.46468726121602444
0.8907721280602636,0.46463654223968565
0.8907721280602636,0.4645858343337335
0.8907721280602636,0.4645351374945439
0.8907721280602636,0.4644844517184943
0.8907721280602636,0.46443377700196375
0.8907721280602636,0.46438311334133303
0.8907721280602636,0.4643324607329843
0.8907721280602636,0.46428181917330136
0.8907721280602636,0.4642311886586696
0.8907721280602636,0.46418056918547596
0.8907721280602636,0.46412996075010904
0.8907721280602636,0.4640793633489589
0.8907721280602636,0.46402877697841727
0.8907721280602636,0.4639782016348774
0.8907721280602636,0.4639276373147341
0.8907721280602636,0.46387708401438377
0.8907721280602636,0.4638265417302245
0.8907721280602636,0.46377601045865563
0.8907721280602636,0.46372549019607845
0.8907721280602636,0.46367498093889553
0.8907721280602636,0.4636244826835112
0.8907721280602636,0.46357399542633126
0.8907721280602636,0.46352351916376305
0.8907721280602636,0.46347305389221555
0.8907721280602636,0.4634225996080993
0.8907721280602636,0.4633721563078263
0.8907721280602636,0.4633217239878102
0.8907721280602636,0.4632713026444662
0.8907721280602636,0.4632208922742111
0.8907721280602636,0.4631704928734632
0.8907721280602636,0.4631201044386423
0.8907721280602636,0.46306972696616994
0.8907721280602636,0.463019360452469
0.8907721280602636,0.4629690048939641
0.8907721280602636,0.46291866028708134
0.8907721280602636,0.46286832662824834
0.8907721280602636,0.4628180039138943
0.8907721280602636,0.46276769214045005
0.8907721280602636,0.4627173913043478
0.8907721280602636,0.4626671014020215
0.8907721280602636,0.46261682242990654
0.8907721280602636,0.46256655438443983
0.8907721280602636,0.46251629726205995
0.8907721280602636,0.46246605105920696
0.8907721280602636,0.4624158157723224
0.8907721280602636,0.46236559139784944
0.8907721280602636,0.4623153779322328
0.8907721280602636,0.4622651753719188
0.8907721280602636,0.46221498371335507
0.8907721280602636,0.462164802952991
0.8907721280602636,0.46211463308727746
0.8907721280602636,0.4620644741126669
0.8907721280602636,0.4620143260256132
0.8907721280602636,0.4619641888225719
0.8907721280602636,0.4619140625
0.8907721280602636,0.46186394705435607
0.8907721280602636,0.4618138424821002
0.8907721280602636,0.4617637487796941
0.8907721280602636,0.46171366594360086
0.8907721280602636,0.4616635939702852
0.8907721280602636,0.4616135328562134
0.8907721280602636,0.4615634825978532
0.8907721280602636,0.46151344319167387
0.8907721280602636,0.46146341463414636
0.8907721280602636,0.4614133969217429
0.8907721280602636,0.46136339005093746
0.8907721280602636,0.4613133940182055
0.8907721280602636,0.4612634088200238
0.8907721280602636,0.46121343445287105
0.8907721280602636,0.4611634709132272
0.8907721280602636,0.4611135181975737
0.8909813768570831,0.4611718834614968
0.8909813768570831,0.4611219406541044
0.8909813768570831,0.46107200866269626
0.8909813768570831,0.4610220874837592
0.8909813768570831,0.4609721771137815
0.8909813768570831,0.4609222775492531
0.8909813768570831,0.4608723887866652
0.8909813768570831,0.4608225108225108
0.8909813768570831,0.4607726436532843
0.8909813768570831,0.4607227872754815
0.8909813768570831,0.4606729416855999
0.8909813768570831,0.46062310688013847
0.8909813768570831,0.4605732828555976
0.8909813768570831,0.46052346960847934
0.8909813768570831,0.46047366713528715
0.8909813768570831,0.46042387543252594
0.8909813768570831,0.46037409449670236
0.8909813768570831,0.4603243243243243
0.8909813768570831,0.46027456491190144
0.8909813768570831,0.46022481625594464
0.8909813768570831,0.4601750783529666
0.8909813768570831,0.4601253511994813
0.8909813768570831,0.4600756347920043
0.8909813768570831,0.4600259291270527
0.8909813768570831,0.4599762342011451
0.8909813768570831,0.45992655001080146
0.8909813768570831,0.45987687655254345
0.8909813768570831,0.45982721382289415
0.8909813768570831,0.45977756181837814
0.8909813768570831,0.4597279205355215
0.8909813768570831,0.45967828997085175
0.8909813768570831,0.4596286701208981
0.8909813768570831,0.45957906098219103
0.8909813768570831,0.4595294625512627
0.8909813768570831,0.4594798748246466
0.8909813768570831,0.45943029779887784
0.8909813768570831,0.459380731470493
0.8909813768570831,0.4593311758360302
0.8909813768570831,0.4592816308920289
0.8909813768570831,0.4592320966350302
0.8909813768570831,0.4591825730615766
0.8909813768570831,0.4591330601682122
0.8909813768570831,0.4590835579514825
0.8909813768570831,0.4590340664079344
0.8909813768570831,0.45898458553411664
0.8909813768570831,0.458935115326579
0.8909813768570831,0.45888565578187307
0.8909813768570831,0.45883620689655175
0.8909813768570831,0.4587867686671695
0.8909813768570831,0.45873734109028225
0.8909813768570831,0.45868792416244747
0.8909813768570831,0.45863851788022403
0.8909813768570831,0.45858912224017234
0.8909813768570831,0.45853973723885416
0.8909813768570831,0.458490362872833
0.8909813768570831,0.45844099913867353
0.8909813768570831,0.4583916460329422
0.8909813768570831,0.4583423035522067
0.8909813768570831,0.4582929716930363
0.8909813768570831,0.4582436504520017
0.8909813768570831,0.45819433982567526
0.8909813768570831,0.45814503981063054
0.8909813768570831,0.4580957504034427
0.8909813768570831,0.45804647160068845
0.8909813768570831,0.4579972033989459
0.8909813768570831,0.4579479457947946
0.8909813768570831,0.4578986987848156
0.8909813768570831,0.4578494623655914
0.8909813768570831,0.45780023653370605
0.8909813768570831,0.457751021285745
0.8909813768570831,0.4577018166182952
0.8909813768570831,0.457652622527945
0.8909813768570831,0.45760343901128425
0.8909813768570831,0.45755426606490435
0.8909813768570831,0.4575051036853981
0.8909813768570831,0.45745595186935967
0.8909813768570831,0.4574068106133849
0.8909813768570831,0.4573576799140709
0.8909813768570831,0.4573085597680163
0.8909813768570831,0.4572594501718213
0.8909813768570831,0.4572103511220874
0.8909813768570831,0.4571612626154177
0.8909813768570831,0.4571121846484165
0.8909813768570831,0.45706311721769
0.8909813768570831,0.4570140603198454
0.8909813768570831,0.45696501395149175
0.8909813768570831,0.4569159781092392
0.8909813768570831,0.4568669527896996
0.8909813768570831,0.4568179379894861
0.8909813768570831,0.4567689337052135
0.8909813768570831,0.4567199399334978
0.8909813768570831,0.4566709566709567
0.8909813768570831,0.4566219839142091
0.8909813768570831,0.4565730216598756
0.8909813768570831,0.4565240699045781
0.8909813768570831,0.45647512864493994
0.8909813768570831,0.45642619787758604
0.8909813768570831,0.45637727759914254
0.8909813768570831,0.45632836780623726
0.8909813768570831,0.45627946849549933
0.8909813768570831,0.4562305796635594
0.8909813768570831,0.4561817013070495
0.8909813768570831,0.4561328334226031
0.8909813768570831,0.4560839760068552
0.8909813768570831,0.4560351290564421
0.8909813768570831,0.4559862925680017
0.8909813768570831,0.45593746653817324
0.8909813768570831,0.45588865096359743
0.8909813768570831,0.4558398458409164
0.8909813768570831,0.4557910511667737
0.8909813768570831,0.4557422669378144
0.8909813768570831,0.4556934931506849
0.8909813768570831,0.4556447298020332
0.8909813768570831,0.45559597688850845
0.8909813768570831,0.45554723440676154
0.8909813768570831,0.4554985023534446
0.8909813768570831,0.45544978072521125
0.8909813768570831,0.45540106951871656
0.8909813768570831,0.455352368730617
0.8909813768570831,0.4553036783575706
0.8909813768570831,0.4552549983962365
0.8909813768570831,0.4552063288432756
0.8909813768570831,0.4551576696953501
0.8909813768570831,0.45510902094912353
0.8909813768570831,0.4550603826012611
0.8909813768570831,0.45501175464842913
0.8909813768570831,0.45496313708729563
0.8909813768570831,0.4549145299145299
0.8909813768570831,0.4548659331268027
0.8909813768570831,0.45481734672078616
0.8909813768570831,0.4547687706931539
0.8909813768570831,0.45472020504058097
0.8909813768570831,0.4546716497597437
0.8909813768570831,0.4546231048473201
0.8909813768570831,0.4545745702999893
0.8909813768570831,0.4545260461144321
0.8909813768570831,0.45447753228733057
0.8909813768570831,0.4544290288153682
0.8909813768570831,0.45438053569522996
0.8909813768570831,0.45433205292360224
0.8909813768570831,0.4542835804971727
0.8909813768570831,0.4542351184126307
0.8909813768570831,0.4541866666666667
0.8909813768570831,0.4541382252559727
0.8909813768570831,0.4540897941772422
0.8909813768570831,0.45404137342717
0.8909813768570831,0.4539929630024523
0.8909813768570831,0.4539445628997868
0.8909813768570831,0.4538961731158725
0.8909813768570831,0.45384779364740996
0.8909813768570831,0.45379942449110094
0.8909813768570831,0.45375106564364875
0.8909813768570831,0.45370271710175814
0.8909813768570831,0.4536543788621351
0.8909813768570831,0.45360605092148715
0.8909813768570831,0.4535577332765232
0.8909813768570831,0.45350942592395355
0.8909813768570831,0.4534611288604899
0.8909813768570831,0.45341284208284527
0.8909813768570831,0.45336456558773425
0.8909813768570831,0.4533162993718727
0.8909813768570831,0.45326804343197785
0.8909813768570831,0.4532197977647685
0.8909813768570831,0.45317156236696465
0.8909813768570831,0.45312333723528786
0.8909813768570831,0.45307512236646097
0.8909813768570831,0.4530269177572082
0.8909813768570831,0.4529787234042553
0.8909813768570831,0.4529305393043293
0.8909813768570831,0.45288236545415866
0.8909813768570831,0.45283420185047324
0.8909813768570831,0.45278604849000426
0.8909813768570831,0.45273790536948433
0.8909813768570831,0.45268977248564746
0.8909813768570831,0.4526416498352291
0.8909813768570831,0.452593537414966
0.8909813768570831,0.45254543522159635
0.8909813768570831,0.4524973432518597
0.8909813768570831,0.4524492615024971
0.8909813768570831,0.45240118997025075
0.8909813768570831,0.45235312865186444
0.8909813768570831,0.4523050775440833
0.8909813768570831,0.45225703664365374
0.8909813768570831,0.4522090059473237
0.8909813768570831,0.4521609854518424
0.8909813768570831,0.4521129751539605
0.8909813768570831,0.45206497505043
0.8909813768570831,0.45201698513800426
0.8909813768570831,0.45196900541343804
0.8909813768570831,0.4519210358734876
0.8909813768570831,0.4518730765149103
0.8909813768570831,0.45182512733446517
0.8909813768570831,0.45177718832891245
0.8909813768570831,0.4517292594950138
0.8909813768570831,0.4516813408295322
0.8909813768570831,0.4516334323292321
0.8909813768570831,0.4515855339908792
0.8909813768570831,0.45153764581124073
0.8909813768570831,0.45148976778708516
0.8909813768570831,0.45144189991518235
0.8909813768570831,0.4513940421923036
0.8909813768570831,0.4513461946152215
0.8909813768570831,0.4512983571807101
0.8909813768570831,0.4512505298855447
0.8909813768570831,0.4512027127265021
0.8909813768570831,0.45115490570036026
0.8909813768570831,0.4511071088038987
0.8909813768570831,0.4510593220338983
0.8909813768570831,0.45101154538714117
0.8909813768570831,0.45096377886041095
0.8909813768570831,0.45091602245049245
0.8909813768570831,0.45086827615417197
0.8909813768570831,0.4508205399682372
0.8909813768570831,0.45077281388947704
0.8909813768570831,0.4507250979146819
0.8909813768570831,0.4506773920406435
0.8909813768570831,0.45062969626415494
0.8909813768570831,0.4505820105820106
0.8909813768570831,0.45053433499100626
0.8909813768570831,0.4504866694879391
0.8909813768570831,0.4504390140696075
0.8909813768570831,0.4503913687328115
0.8909813768570831,0.4503437334743522
0.8909813768570831,0.45029610829103217
0.8909813768570831,0.45024849317965526
0.8909813768570831,0.45020088813702686
0.8909813768570831,0.4501532931599535
0.8909813768570831,0.45010570824524315
0.8909813768570831,0.45005813338970513
0.8909813768570831,0.4500105685901501
0.8909813768570831,0.44996301384339005
0.8909813768570831,0.44991546914623837
0.8909813768570831,0.44986793449550977
0.8909813768570831,0.4498204098880203
0.8909813768570831,0.4497728953205873
0.8909813768570831,0.4497253907900296
0.8909813768570831,0.4496778962931672
0.8909813768570831,0.44963041182682156
0.8909813768570831,0.44958293738781546
0.8909813768570831,0.44953547297297297
0.8909813768570831,0.44948801857911963
0.8909813768570831,0.44944057420308214
0.8909813768570831,0.44939313984168866
0.8909813768570831,0.44934571549176866
0.8909813768570831,0.449298301150153
0.8909813768570831,0.44925089681367375
0.8909813768570831,0.44920350247916446
0.8909813768570831,0.4491561181434599
0.8909813768570831,0.44910874380339627
0.8909813768570831,0.449061379455811
0.8909813768570831,0.44901402509754296
0.8909813768570831,0.44896668072543233
0.8909813768570831,0.4489193463363205
0.8909813768570831,0.4488720219270504
0.8909813768570831,0.4488247074944661
0.8909813768570831,0.44877740303541314
0.8909813768570831,0.44873010854673834
0.8909813768570831,0.4486828240252898
0.8909813768570831,0.44863554946791695
0.8909813768570831,0.44858828487147073
0.8909813768570831,0.4485410302328031
0.8909813768570831,0.4484937855487676
0.8909813768570831,0.44844655081621904
0.8909813768570831,0.4483993260320135
0.8909813768570831,0.44835211119300833
0.8909813768570831,0.44830490629606234
0.8909813768570831,0.4482577113380356
0.8909813768570831,0.44821052631578945
0.8909813768570831,0.4481633512261867
0.8909813768570831,0.4481161860660913
0.8909813768570831,0.4480690308323687
0.8909813768570831,0.44802188552188554
0.8909813768570831,0.4479747501315097
0.8909813768570831,0.44792762465811065
0.8909813768570831,0.447880509098559
0.8909813768570831,0.44783340344972655
0.8909813768570831,0.4477863077084867
0.8909813768570831,0.447739221871714
0.8909813768570831,0.4476921459362843
0.8909813768570831,0.44764507989907487
0.8909813768570831,0.44759802375696417
0.8909813768570831,0.44755097750683204
0.8909813768570831,0.44750394114555964
0.8909813768570831,0.4474569146700294
0.8909813768570831,0.44740989807712517
0.8909813768570831,0.44736289136373186
0.8909813768570831,0.447315894526736
0.8909813768570831,0.44726890756302523
0.8909813768570831,0.4472219304694885
0.8909813768570831,0.4471749632430162
0.8909813768570831,0.44712800588049983
0.8909813768570831,0.44708105837883244
0.8909813768570831,0.4470341207349081
0.8909813768570831,0.4469871929456225
0.8909813768570831,0.44694027500787237
0.8909813768570831,0.44689336691855586
0.8909813768570831,0.44684646867457234
0.8909813768570831,0.4467995802728227
0.8909813768570831,0.4467527017102088
0.8909813768570831,0.4467058329836341
0.8909813768570831,0.44665897409000316
0.8909813768570831,0.44661212502622194
0.8909813768570831,0.4465652857891977
0.8909813768570831,0.4465184563758389
0.8909813768570831,0.44647163678305546
0.8909813768570831,0.44642482700775843
0.8909813768570831,0.44637802704686025
0.8909813768570831,0.4463312368972746
0.8909813768570831,0.4462844565559166
0.8909813768570831,0.4462376860197024
0.8909813768570831,0.4461909252855496
0.8909813768570831,0.4461441743503772
0.8909813768570831,0.4460974332111053
0.8909813768570831,0.44605070186465534
0.8909813768570831,0.44600398030795013
0.8909813768570831,0.4459572685379137
0.8909813768570831,0.4459105665514714
0.8909813768570831,0.44586387434554975
0.8909813768570831,0.44581719191707675
0.8909813768570831,0.44577051926298156
0.8909813768570831,0.4457238563801947
0.8909813768570831,0.4456772032656479
0.8909813768570831,0.4456305599162742
0.8909813768570831,0.44558392632900795
0.8909813768570831,0.44553730250078477
0.8909813768570831,0.44549068842854156
0.8909813768570831,0.44544408410921643
0.8909813768570831,0.44539748953974895
0.8909813768570831,0.4453509047170798
0.8909813768570831,0.44530432963815103
0.8909813768570831,0.4452577642999059
0.8909813768570831,0.445211208699289
0.8909813768570831,0.4451646628332462
0.8909813768570831,0.44511812669872464
0.8909813768570831,0.44507160029267273
0.8909813768570831,0.44502508361204013
0.8909813768570831,0.4449785766537778
0.8909813768570831,0.44493207941483803
0.8909813768570831,0.4448855918921743
0.8909813768570831,0.44483911408274135
0.8909813768570831,0.44479264598349527
0.8909813768570831,0.44474618759139334
0.8909813768570831,0.44469973890339426
0.8909813768570831,0.4446532999164578
0.8909813768570831,0.44460687062754517
0.8909813768570831,0.4445604510336187
0.8909813768570831,0.4445140411316421
0.8909813768570831,0.4444676409185804
0.8909813768570831,0.4444212503913996
0.8909813768570831,0.4443748695470674
0.8909813768570831,0.44432849838255245
0.8909813768570831,0.4442821368948247
0.8909813768570831,0.4442357850808555
0.8909813768570831,0.44418944293761736
0.8909813768570831,0.44414311046208405
0.8909813768570831,0.44409678765123073
0.8909813768570831,0.44405047450203355
0.8909813768570831,0.44400417101147027
0.8909813768570831,0.44395787717651963
0.8909813768570831,0.4439115929941618
0.8909813768570831,0.4438653184613781
0.8909813768570831,0.4438190535751511
0.8909813768570831,0.4437727983324648
0.8909813768570831,0.4437265527303043
0.8909813768570831,0.44368031676565595
0.8909813768570831,0.4436340904355074
0.8909813768570831,0.4435878737368476
0.8909813768570831,0.44354166666666667
0.8909813768570831,0.44349546922195604
0.8909813768570831,0.4434492813997084
0.8909813768570831,0.4434031031969176
0.8909813768570831,0.4433569346105789
0.8909813768570831,0.4433107756376887
0.8909813768570831,0.44326462627524466
0.8909813768570831,0.44321848652024565
0.8909813768570831,0.44317235636969193
0.8909813768570831,0.44312623582058486
0.8909813768570831,0.44308012486992715
0.8909813768570831,0.4430340235147227
0.8909813768570831,0.4429879317519767
0.8909813768570831,0.44294184957869553
0.8909813768570831,0.4428957769918868
0.8909813768570831,0.44284971398855955
0.8909813768570831,0.4428036605657238
0.8909813768570831,0.442757616720391
0.8909813768570831,0.4427115824495737
0.8909813768570831,0.4426655577502859
0.8909813768570831,0.4426195426195426
0.8909813768570831,0.44257353705436026
0.8909813768570831,0.4425275410517564
0.8909813768570831,0.4424815546087499
0.8909813768570831,0.44243557772236075
0.8909813768570831,0.4423896103896104
0.8909813768570831,0.4423436526075213
0.8909813768570831,0.4422977043731173
0.8909813768570831,0.44225176568342334
0.8909813768570831,0.4422058365354658
0.8909813768570831,0.44215991692627205
0.8909813768570831,0.44211400685287094
0.8909813768570831,0.4420681063122924
0.8909813768570831,0.44202221530156754
0.8909813768570831,0.4419763338177289
0.8909813768570831,0.44193046185781004
0.8909813768570831,0.441884599418846
0.8909813768570831,0.4418387464978728
0.8909813768570831,0.4417929030919278
0.8909813768570831,0.44174706919804957
0.8909813768570831,0.441701244813278
0.8909813768570831,0.44165542993465406
0.8909813768570831,0.4416096245592201
0.8909813768570831,0.4415638286840195
0.8909813768570831,0.44151804230609704
0.8909813768570831,0.4414722654224987
0.8909813768570831,0.4414264980302716
0.8909813768570831,0.44138074012646417
0.8909813768570831,0.441334991708126
0.8909813768570831,0.441289252772308
0.8909813768570831,0.4412435233160622
0.8909813768570831,0.4411978033364418
0.8909813768570831,0.44115209283050144
0.8909813768570831,0.4411063917952968
0.8909813768570831,0.4410607002278848
0.8909813768570831,0.4410150181253237
0.8909813768570831,0.44096934548467276
0.8909813768570831,0.44092368230299267
0.8909813768570831,0.4408780285773452
0.8909813768570831,0.44083238430479343
0.8911906256539025,0.4408902691511387
0.8911906256539025,0.44084463306075977
0.8911906256539025,0.4407990064168909
0.8911906256539025,0.4407533892165994
0.8911906256539025,0.44070778145695366
0.8911906256539025,0.44066218313502326
0.8911906256539025,0.4406165942478792
0.8911906256539025,0.44057101479259336
0.8911906256539025,0.4405254447662391
0.8911906256539025,0.440479884165891
0.8911906256539025,0.4404343329886246
0.8911906256539025,0.4403887912315169
0.8911906256539025,0.440343258891646
0.8911906256539025,0.4402977359660912
0.8911906256539025,0.440252222451933
0.8911906256539025,0.44020671834625325
0.8911906256539025,0.44016122364613475
0.8911906256539025,0.4401157383486618
0.8911906256539025,0.4400702624509196
0.8911906256539025,0.44002479594999483
0.8911906256539025,0.4399793388429752
0.8911906256539025,0.4399338911269497
0.8911906256539025,0.43988845279900846
0.8911906256539025,0.4398430238562429
0.8911906256539025,0.43979760429574555
0.8911906256539025,0.4397521941146102
0.8911906256539025,0.43970679330993184
0.8911906256539025,0.43966140187880665
0.8911906256539025,0.439616019818332
0.8911906256539025,0.43957064712560634
0.8911906256539025,0.4395252837977296
0.8911906256539025,0.43947992983180273
0.8911906256539025,0.4394345852249278
0.8911906256539025,0.4393892499742082
0.8911906256539025,0.4393439240767485
0.8911906256539025,0.43929860752965444
0.8911906256539025,0.439253300330033
0.8911906256539025,0.43920800247499225
0.8911906256539025,0.4391627139616416
0.8911906256539025,0.4391174347870915
0.8911906256539025,0.43907216494845364
0.8911906256539025,0.4390269044428409
0.8911906256539025,0.43898165326736754
0.8911906256539025,0.43893641141914874
0.8911906256539025,0.4388911788953009
0.8911906256539025,0.43884595569294177
0.8911906256539025,0.4388007418091902
0.8911906256539025,0.43875553724116617
0.8911906256539025,0.43871034198599096
0.8911906256539025,0.4386651560407869
0.8911906256539025,0.43861997940267766
0.8911906256539025,0.43857481206878796
0.8911906256539025,0.43852965403624383
0.8911906256539025,0.43848450530217237
0.8911906256539025,0.43843936586370186
0.8911906256539025,0.43839423571796193
0.8911906256539025,0.43834911486208317
0.8911906256539025,0.43830400329319746
0.8911906256539025,0.43825890100843795
0.8911906256539025,0.43821380800493875
0.8911906256539025,0.4381687242798354
0.8911906256539025,0.43812364983026436
0.8911906256539025,0.4380785846533635
0.8911906256539025,0.4380335287462717
0.8911906256539025,0.4379884821061292
0.8911906256539025,0.4379434447300771
0.8911906256539025,0.4378984166152581
0.8911906256539025,0.43785339775881565
0.8911906256539025,0.43780838815789475
0.8911906256539025,0.4377633878096413
0.8911906256539025,0.43771839671120244
0.8911906256539025,0.43767341485972666
0.8911906256539025,0.43762844225236336
0.8911906256539025,0.43758347888626326
0.8911906256539025,0.4375385247585782
0.8911906256539025,0.4374935798664612
0.8911906256539025,0.4374486442070666
0.8911906256539025,0.43740371777754955
0.8911906256539025,0.43735880057506676
0.8911906256539025,0.43731389259677583
0.8911906256539025,0.43726899383983575
0.8911906256539025,0.4372241043014064
0.8911906256539025,0.43717922397864917
0.8911906256539025,0.43713435286872626
0.8911906256539025,0.4370894909688013
0.8911906256539025,0.437044638276039
0.8913998744507219,0.4371024009850195
0.8913998744507219,0.43705755617112957
0.8913998744507219,0.4370127205580632
0.8913998744507219,0.43696789414298903
0.8913998744507219,0.4369230769230769
0.8913998744507219,0.4368782688954979
0.8913998744507219,0.4368334700574241
0.8913998744507219,0.4367886804060289
0.8913998744507219,0.4367438999384868
0.8913998744507219,0.43669912865197336
0.8913998744507219,0.43665436654366546
0.8913998744507219,0.436609613610741
0.8913998744507219,0.4365648698503792
0.8913998744507219,0.43652013525976024
0.8913998744507219,0.4364754098360656
0.8913998744507219,0.43643069357647785
0.8913998744507219,0.4363859864781807
0.8913998744507219,0.43634128853835913
0.8913998744507219,0.4362965997541991
0.8913998744507219,0.4362519201228879
0.8913998744507219,0.4362072496416138
0.8913998744507219,0.43616258830756627
0.8913998744507219,0.43611793611793614
0.8913998744507219,0.43607329306991505
0.8913998744507219,0.436028659160696
0.8913998744507219,0.43598403438747313
0.8913998744507219,0.4359394187474417
0.8913998744507219,0.435894812237798
0.8913998744507219,0.4358502148557397
0.8913998744507219,0.4358056265984655
0.8913998744507219,0.4357610474631751
0.8913998744507219,0.43571647744706965
0.8913998744507219,0.4356719165473512
0.8913998744507219,0.43562736476122305
0.8913998744507219,0.43558282208588955
0.8913998744507219,0.43553828851855636
0.8913998744507219,0.4354937640564302
0.8913998744507219,0.4354492486967188
0.8913998744507219,0.43540474243663124
0.8913998744507219,0.43536024527337763
0.8913998744507219,0.4353157572041692
0.8913998744507219,0.43527127822621847
0.8913998744507219,0.4352268083367389
0.8913998744507219,0.43518234753294516
0.8913998744507219,0.4351378958120531
0.8913998744507219,0.43509345317127973
0.8913998744507219,0.43504901960784315
0.8913998744507219,0.4350045951189625
0.8913998744507219,0.4349601797018583
0.8913998744507219,0.4349157733537519
0.8913998744507219,0.43487137607186604
0.8913998744507219,0.4348269878534245
0.8913998744507219,0.43478260869565216
0.8913998744507219,0.4347382385957751
0.8913998744507219,0.4346938775510204
0.8913998744507219,0.43464952555861647
0.8913998744507219,0.4346051826157927
0.8913998744507219,0.4345608487197797
0.8913998744507219,0.43451652386780903
0.8913998744507219,0.43447220805711373
0.8913998744507219,0.4344279012849276
0.8913998744507219,0.43438360354848576
0.8913998744507219,0.43433931484502447
0.8913998744507219,0.43429503517178103
0.8913998744507219,0.43425076452599387
0.8913998744507219,0.43420650290490265
0.8913998744507219,0.43416225030574807
0.8913998744507219,0.43411800672577194
0.8913998744507219,0.43407377216221726
0.8913998744507219,0.43402954661232807
0.8913998744507219,0.4339853300733496
0.8913998744507219,0.43394112254252826
0.8913998744507219,0.43389692401711144
0.8913998744507219,0.4338527344943477
0.8913998744507219,0.43380855397148677
0.8913998744507219,0.4337643824457795
0.8913998744507219,0.4337202199144777
0.8913998744507219,0.4336760663748346
0.8913998744507219,0.43363192182410426
0.8913998744507219,0.433587786259542
0.8913998744507219,0.43354365967840425
0.8913998744507219,0.4334995420779485
0.8913998744507219,0.43345543345543347
0.8913998744507219,0.43341133380811886
0.8913998744507219,0.4333672431332655
0.8913998744507219,0.4333231614281355
0.8913998744507219,0.4332790886899919
0.8913998744507219,0.43323502491609883
0.8913998744507219,0.43319097010372176
0.8913998744507219,0.4331469242501271
0.8913998744507219,0.43310288735258234
0.8913998744507219,0.4330588594083562
0.8913998744507219,0.43301484041471844
0.8913998744507219,0.4329708303689399
0.8913998744507219,0.4329268292682927
0.8913998744507219,0.43288283711004977
0.8913998744507219,0.43283885389148546
0.8913998744507219,0.43279487960987506
0.8913998744507219,0.4327509142624949
0.8913998744507219,0.43270695784662266
0.8913998744507219,0.43266301035953686
0.8913998744507219,0.43261907179851733
0.8913998744507219,0.43257514216084486
0.8913998744507219,0.4325312214438014
0.8913998744507219,0.43248730964467
0.8913998744507219,0.43244340676073495
0.8913998744507219,0.43239951278928135
0.8913998744507219,0.43235562772759567
0.8913998744507219,0.4323117515729653
0.8913998744507219,0.4322678843226788
0.8913998744507219,0.432224025974026
0.8913998744507219,0.43218017652429747
0.8913998744507219,0.43213633597078516
0.8913998744507219,0.432092504310782
0.8913998744507219,0.43204868154158216
0.8913998744507219,0.4320048676604807
0.8913998744507219,0.43196106266477385
0.8913998744507219,0.4319172665517591
0.8913998744507219,0.4318734793187348
0.8913998744507219,0.4318297009630005
0.8913998744507219,0.4317859314818569
0.8913998744507219,0.43174217087260564
0.8913998744507219,0.43169841913254964
0.8913998744507219,0.4316546762589928
0.8913998744507219,0.4316109422492401
0.8913998744507219,0.4315672171005977
0.8913998744507219,0.4315235008103728
0.8913998744507219,0.4314797933758736
0.8913998744507219,0.4314360947944096
0.8913998744507219,0.43139240506329113
0.8913998744507219,0.4313487241798299
0.8913998744507219,0.43130505214133846
0.8913998744507219,0.4312613889451306
0.8913998744507219,0.4312177345885211
0.8913998744507219,0.4311740890688259
0.8913998744507219,0.431130452383362
0.8913998744507219,0.43108682452944747
0.8913998744507219,0.4310432055044015
0.8913998744507219,0.4309995953055443
0.8913998744507219,0.4309559939301973
0.8913998744507219,0.43091240137568276
0.8913998744507219,0.4308688176393244
0.8913998744507219,0.4308252427184466
0.8913998744507219,0.43078167661037514
0.8913998744507219,0.43073811931243683
0.8913998744507219,0.43069457082195933
0.8913998744507219,0.43065103113627173
0.8913998744507219,0.43060750025270395
0.8913998744507219,0.43056397816858705
0.8913998744507219,0.4305204648812532
0.8913998744507219,0.43047696038803557
0.8913998744507219,0.4304334646862686
0.8913998744507219,0.4303899777732875
0.8913998744507219,0.43034649964642896
0.8913998744507219,0.4303030303030303
0.8913998744507219,0.4302595697404303
0.8913998744507219,0.4302161179559685
0.8913998744507219,0.43017267494698574
0.8913998744507219,0.4301292407108239
0.8913998744507219,0.43008581524482586
0.8913998744507219,0.4300423985463356
0.8913998744507219,0.4299989906126981
0.8913998744507219,0.4299555914412596
0.8913998744507219,0.4299122010293672
0.8913998744507219,0.4298688193743693
0.8913998744507219,0.4298254464736152
0.8913998744507219,0.4297820823244552
0.8913998744507219,0.4297387269242409
0.8913998744507219,0.4296953802703248
0.8913998744507219,0.4296520423600605
0.8913998744507219,0.42960871319080274
0.8913998744507219,0.42956539275990724
0.8913998744507219,0.4295220810647308
0.8913998744507219,0.4294787781026313
0.8913998744507219,0.42943548387096775
0.8913998744507219,0.4293921983671001
0.8913998744507219,0.42934892158838944
0.8913998744507219,0.4293056535321979
0.8913998744507219,0.42926239419588874
0.8913998744507219,0.4292191435768262
0.8913998744507219,0.42917590167237557
0.8913998744507219,0.4291326684799033
0.8913998744507219,0.4290894439967768
0.8913998744507219,0.4290462282203646
0.8913998744507219,0.42900302114803623
0.8913998744507219,0.42895982277716244
0.8913998744507219,0.4289166331051148
0.8913998744507219,0.4288734521292661
0.8913998744507219,0.4288302798469901
0.8913998744507219,0.4287871162556618
0.8913998744507219,0.428743961352657
0.8913998744507219,0.42870081513535274
0.8913998744507219,0.428657677601127
0.8913998744507219,0.4286145487473589
0.8913998744507219,0.42857142857142855
0.8913998744507219,0.42852831707071726
0.8913998744507219,0.4284852142426071
0.8913998744507219,0.42844212008448157
0.8913998744507219,0.42839903459372486
0.8913998744507219,0.42835595776772245
0.8913998744507219,0.4283128896038608
0.8913998744507219,0.4282698300995275
0.8913998744507219,0.428226779252111
0.8913998744507219,0.4281837370590009
0.8913998744507219,0.42814070351758793
0.8913998744507219,0.42809767862526377
0.8916091232475414,0.42815514469453375
0.8916091232475414,0.42811212699688533
0.8916091232475414,0.42806911794253566
0.8916091232475414,0.42802611752888
0.8916091232475414,0.4279831257533146
0.8918183720443608,0.428040574470222
0.8918183720443608,0.42799758987748543
0.8918183720443608,0.42795461391705997
0.8918183720443608,0.4279116465863454
0.8918183720443608,0.4278686878827427
0.8918183720443608,0.4278257378036539
0.8918183720443608,0.427782796346482
0.8918183720443608,0.4277398635086311
0.8918183720443608,0.4276969392875063
0.8918183720443608,0.42765402368051375
0.8918183720443608,0.4276111166850607
0.8918183720443608,0.4275682182985554
0.8918183720443608,0.4275253285184071
0.8918183720443608,0.42748244734202606
0.8918183720443608,0.4274395747668238
0.8918183720443608,0.4273967107902126
0.8918183720443608,0.4273538554096059
0.8918183720443608,0.4273110086224183
0.8918183720443608,0.4272681704260652
0.8918183720443608,0.4272253408179631
0.8918183720443608,0.42718251979552974
0.8918183720443608,0.4271397073561836
0.8918183720443608,0.4270969034973444
0.8918183720443608,0.42705410821643286
0.8918183720443608,0.4270113215108707
0.8918183720443608,0.42696854337808055
0.8918183720443608,0.42692577381548635
0.8918183720443608,0.42688301282051283
0.8918183720443608,0.42684026039058587
0.8918183720443608,0.42679751652313236
0.8918183720443608,0.42675478121558025
0.8918183720443608,0.4267120544653584
0.8920276208411801,0.42676944639103015
0.8920276208411801,0.42672672672672673
0.8920276208411801,0.42668401561405267
0.8920276208411801,0.42664131305044034
0.8920276208411801,0.4265986190333233
0.8920276208411801,0.4265559335601361
0.8920276208411801,0.42651325662831413
0.8920276208411801,0.4264705882352941
0.8920276208411801,0.42642792837851357
0.8920276208411801,0.42638527705541107
0.8920276208411801,0.42634263426342633
0.8920276208411801,0.4263
0.8920276208411801,0.42625737426257376
0.8920276208411801,0.4262147570485903
0.8920276208411801,0.42617214835549333
0.8920276208411801,0.42612954818072774
0.8920276208411801,0.4260869565217391
0.8920276208411801,0.4260443733759744
0.8920276208411801,0.4260017987408814
0.8920276208411801,0.4259592326139089
0.8920276208411801,0.42591667499250674
0.8920276208411801,0.4258741258741259
0.8920276208411801,0.42583158525621817
0.8920276208411801,0.4257890531362365
0.8920276208411801,0.4257465295116349
0.8920276208411801,0.4257040143798682
0.8920276208411801,0.4256615077383924
0.8920276208411801,0.42561900958466453
0.8920276208411801,0.42557651991614254
0.8920276208411801,0.4255340387302855
0.8920276208411801,0.42549156602455335
0.8920276208411801,0.42544910179640716
0.8920276208411801,0.4254066460433091
0.8920276208411801,0.425364198762722
0.8920276208411801,0.42532175995211013
0.8920276208411801,0.42527932960893855
0.8920276208411801,0.4252369077306733
0.8920276208411801,0.42519449431478157
0.8920276208411801,0.42515208935873144
0.8920276208411801,0.425109692859992
0.8920276208411801,0.4250673048160335
0.8920276208411801,0.425024925224327
0.8920276208411801,0.42498255408234475
0.8920276208411801,0.4249401913875598
0.8920276208411801,0.42489783713744644
0.8922368696379995,0.4249551524815627
0.8922368696379995,0.4249128051818635
0.8922368696379995,0.42487046632124353
0.8922368696379995,0.42482813589718044
0.8922368696379995,0.4247858139071528
0.8922368696379995,0.4247435003486403
0.8922368696379995,0.42470119521912353
0.8922368696379995,0.42465889851608407
0.8922368696379995,0.4246166102370046
0.8922368696379995,0.4245743303793687
0.8922368696379995,0.4245320589406611
0.8922368696379995,0.42448979591836733
0.8922368696379995,0.42444754130997414
0.8922368696379995,0.42440529511296904
0.8922368696379995,0.42436305732484075
0.8922368696379995,0.4243208279430789
0.8922368696379995,0.4242786069651741
0.8922368696379995,0.42423639438861804
0.8922368696379995,0.4241941902109033
0.8922368696379995,0.4241519944295235
0.8922368696379995,0.4241098070419733
0.8922368696379995,0.4240676280457484
0.8922368696379995,0.42402545743834524
0.8922368696379995,0.42398329521726164
0.8922368696379995,0.423941141379996
0.8922368696379995,0.4238989959240481
0.8922368696379995,0.4238568588469185
0.8922368696379995,0.4238147301461087
0.8922368696379995,0.42377260981912146
0.8922368696379995,0.4237304978634602
0.8922368696379995,0.4236883942766296
0.8922368696379995,0.4236462990561351
0.8922368696379995,0.4236042121994834
0.8922368696379995,0.423562133704182
0.8922368696379995,0.42352006356773936
0.8922368696379995,0.4234780017876651
0.8922368696379995,0.4234359483614697
0.8922368696379995,0.4233939032866647
0.8922368696379995,0.4233518665607625
0.8922368696379995,0.42330983818127665
0.8922368696379995,0.4232678181457217
0.8922368696379995,0.4232258064516129
0.8922368696379995,0.42318380309646686
0.8922368696379995,0.42314180807780094
0.8922368696379995,0.42309982139313357
0.8922368696379995,0.4230578430399841
0.8922368696379995,0.423015873015873
0.8922368696379995,0.42297391131832157
0.8922368696379995,0.4229319579448522
0.8922368696379995,0.4228900128929882
0.8922368696379995,0.4228480761602539
0.8922368696379995,0.4228061477441745
0.8922368696379995,0.42276422764227645
0.8922368696379995,0.42272231585208686
0.8922368696379995,0.422680412371134
0.8922368696379995,0.42263851719694717
0.8922368696379995,0.42259663032705647
0.8922368696379995,0.42255475175899315
0.8922368696379995,0.4225128814902893
0.8922368696379995,0.42247101951847815
0.8922368696379995,0.42242916584109375
0.8922368696379995,0.4223873204556711
0.8922368696379995,0.4223454833597464
0.8922368696379995,0.42230365455085667
0.8922368696379995,0.4222618340265399
0.8922368696379995,0.4222200217843351
0.8922368696379995,0.42217821782178216
0.8922368696379995,0.42213642213642216
0.892446118434819,0.42219362502474755
0.892446118434819,0.4221518360882906
0.892446118434819,0.42211005542359464
0.892446118434819,0.42206828302820387
0.892446118434819,0.4220265188996636
0.892446118434819,0.42198476303551996
0.892446118434819,0.42194301543332013
0.892446118434819,0.42190127609061234
0.892446118434819,0.4218595450049456
0.892446118434819,0.42181782217387004
0.892446118434819,0.4217761075949367
0.892446118434819,0.4217344012656976
0.892446118434819,0.4216927031837058
0.892446118434819,0.42165101334651506
0.892446118434819,0.4216093317516805
0.892446118434819,0.4215676583967579
0.892446118434819,0.42152599327930423
0.892446118434819,0.42148433639687716
0.892446118434819,0.4214426877470356
0.892446118434819,0.4214010473273392
0.892446118434819,0.42135941513534875
0.892446118434819,0.4213177911686259
0.892446118434819,0.42127617542473333
0.892446118434819,0.4212345679012346
0.892446118434819,0.4211929685956943
0.892446118434819,0.4211513775056779
0.892446118434819,0.421109794628752
0.892446118434819,0.42106821996248395
0.892446118434819,0.42102665350444224
0.892446118434819,0.42098509525219624
0.892446118434819,0.4209435452033162
0.892446118434819,0.42090200335537353
0.892446118434819,0.4208604697059404
0.892446118434819,0.42081894425259003
0.892446118434819,0.4207774269928966
0.892446118434819,0.4207359179244352
0.892446118434819,0.420694417044782
0.892446118434819,0.42065292435151397
0.892446118434819,0.42061143984220906
0.892446118434819,0.4205699635144463
0.892446118434819,0.42052849536580555
0.892446118434819,0.42048703539386767
0.892446118434819,0.42044558359621453
0.892446118434819,0.4204041399704288
0.892446118434819,0.42036270451409424
0.892446118434819,0.4203212772247955
0.892446118434819,0.42027985810011825
0.892446118434819,0.420238447137649
0.892446118434819,0.42019704433497534
0.892446118434819,0.4201556496896858
0.892446118434819,0.42011426319936956
0.892446118434819,0.42007288486161726
0.892446118434819,0.4200315146740201
0.892446118434819,0.41999015263417033
0.892446118434819,0.4199487987396613
0.892446118434819,0.419907452988087
0.892446118434819,0.4198661153770427
0.892446118434819,0.4198247859041244
0.892446118434819,0.4197834645669291
0.892446118434819,0.4197421513630548
0.892446118434819,0.41970084629010035
0.892446118434819,0.41965954934566563
0.892446118434819,0.41961826052735146
0.892446118434819,0.4195769798327595
0.892446118434819,0.4195357072594924
0.892446118434819,0.4194944428051539
0.892446118434819,0.4194531864673485
0.892446118434819,0.4194119382436818
0.892446118434819,0.4193706981317601
0.892446118434819,0.41932946612919086
0.892446118434819,0.4192882422335824
0.892446118434819,0.41924702644254397
0.892446118434819,0.41920581875368584
0.892446118434819,0.41916461916461917
0.892446118434819,0.41912342767295596
0.892446118434819,0.4190822442763093
0.892446118434819,0.4190410689722932
0.892446118434819,0.4189999017585225
0.892446118434819,0.41895874263261296
0.892446118434819,0.4189175915921815
0.892446118434819,0.4188764486348458
0.892446118434819,0.41883531375822447
0.892446118434819,0.41879418695993714
0.892446118434819,0.41875306823760433
0.892446118434819,0.41871195758884744
0.892446118434819,0.4186708550112889
0.892446118434819,0.418629760502552
0.892446118434819,0.41858867406026107
0.892446118434819,0.4185475956820412
0.892446118434819,0.4185065253655186
0.892446118434819,0.4184654631083202
0.892446118434819,0.41842440890807414
0.892446118434819,0.4183833627624093
0.892446118434819,0.4183423246689554
0.892446118434819,0.41830129462534327
0.892446118434819,0.4182602726292047
0.892446118434819,0.41821925867817217
0.892446118434819,0.4181782527698794
0.892446118434819,0.4181372549019608
0.892446118434819,0.4180962650720518
0.892446118434819,0.4180552832777887
0.892446118434819,0.4180143095168088
0.892446118434819,0.4179733437867503
0.892446118434819,0.41793238608525235
0.892446118434819,0.4178914364099549
0.892446118434819,0.41785049475849906
0.892446118434819,0.41780956112852663
0.892446118434819,0.41776863551768045
0.892446118434819,0.4177277179236043
0.892446118434819,0.4176868083439428
0.892446118434819,0.41764590677634156
0.892446118434819,0.41760501321844706
0.892446118434819,0.4175641276679068
0.892446118434819,0.41752325012236907
0.892446118434819,0.41748238057948317
0.892446118434819,0.4174415190368993
0.892446118434819,0.41740066549226856
0.892446118434819,0.417359819943243
0.892446118434819,0.41731898238747556
0.892446118434819,0.4172781528226201
0.892446118434819,0.41723733124633144
0.892446118434819,0.4171965176562653
0.892446118434819,0.41715571205007823
0.892446118434819,0.41711491442542786
0.892446118434819,0.41707412477997263
0.892446118434819,0.41703334311137186
0.892446118434819,0.4169925694172859
0.892446118434819,0.4169518036953759
0.892446118434819,0.416911045943304
0.892446118434819,0.4168702961587333
0.892446118434819,0.4168295543393276
0.892446118434819,0.4167888204827519
0.892446118434819,0.4167480945866719
0.892446118434819,0.4167073766487543
0.892446118434819,0.4166666666666667
0.892446118434819,0.41662596463807755
0.892446118434819,0.41658527056065636
0.892446118434819,0.41654458443207343
0.892446118434819,0.41650390625
0.892446118434819,0.4164632360121082
0.892446118434819,0.41642257371607105
0.892446118434819,0.41638191935956265
0.892446118434819,0.4163412729402577
0.892446118434819,0.4163006344558321
0.892446118434819,0.4162600039039625
0.892446118434819,0.41621938128232655
0.892446118434819,0.41617876658860264
0.892446118434819,0.4161381598204703
0.892446118434819,0.41609756097560974
0.892446118434819,0.4160569700517023
0.892446118434819,0.41601638704642996
0.892446118434819,0.41597581195747585
0.892446118434819,0.4159352447825239
0.892446118434819,0.4158946855192589
0.892446118434819,0.4158541341653666
0.892446118434819,0.4158135907185337
0.892446118434819,0.41577305517644764
0.892446118434819,0.41573252753679696
0.892446118434819,0.41569200779727095
0.892446118434819,0.4156514959555599
0.892446118434819,0.4156109920093549
0.892446118434819,0.41557049595634804
0.892446118434819,0.41553000779423227
0.892446118434819,0.4154895275207014
0.892446118434819,0.4154490551334502
0.892446118434819,0.4154085906301743
0.892446118434819,0.4153681340085703
0.892446118434819,0.41532768526633557
0.892446118434819,0.41528724440116843
0.892446118434819,0.4152468114107682
0.892446118434819,0.4152063862928349
0.892446118434819,0.4151659690450696
0.892446118434819,0.4151255596651742
0.892446118434819,0.41508515815085156
0.892446118434819,0.4150447644998054
0.892446118434819,0.4150043787097402
0.892446118434819,0.41496400077836154
0.892446118434819,0.4149236307033758
0.892446118434819,0.4148832684824903
0.892446118434819,0.4148429141134131
0.892446118434819,0.4148025675938533
0.892446118434819,0.414762228921521
0.892446118434819,0.4147218980941268
0.892446118434819,0.4146815751093826
0.892446118434819,0.41464125996500095
0.892446118434819,0.41460095265869545
0.892446118434819,0.4145606531881804
0.892446118434819,0.41452036155117117
0.892446118434819,0.41448007774538387
0.892446118434819,0.4144398017685356
0.892446118434819,0.41439953361834436
0.892446118434819,0.4143592732925289
0.892446118434819,0.414319020788809
0.892446118434819,0.41427877610490527
0.892446118434819,0.41423853923853926
0.892446118434819,0.41419831018743325
0.892446118434819,0.41415808894931055
0.892446118434819,0.41411787552189533
0.892446118434819,0.4140776699029126
0.892446118434819,0.41403747209008834
0.892446118434819,0.4139972820811493
0.892446118434819,0.4139570998738232
0.892446118434819,0.4139169254658385
0.892446118434819,0.4138767588549248
0.892446118434819,0.41383660003881234
0.892446118434819,0.4137964490152324
0.892446118434819,0.41375630578191697
0.892446118434819,0.4137161703365991
0.892446118434819,0.41367604267701263
0.892446118434819,0.41363592280089223
0.892446118434819,0.4135958107059736
0.892446118434819,0.4135557063899932
0.892446118434819,0.41351560985068836
0.892446118434819,0.4134755210857974
0.892446118434819,0.4134354400930593
0.892446118434819,0.4133953668702142
0.892446118434819,0.41335530141500293
0.892446118434819,0.41331524372516715
0.892446118434819,0.4132751937984496
0.892446118434819,0.4132351516325937
0.892446118434819,0.4131951172253439
0.892446118434819,0.41315509057444544
0.892446118434819,0.41311507167764433
0.892446118434819,0.41307506053268767
0.892446118434819,0.41303505713732325
0.892446118434819,0.4129950614892999
0.892446118434819,0.4129550735863672
0.892446118434819,0.4129150934262755
0.892446118434819,0.41287512100677637
0.892446118434819,0.4128351563256219
0.892446118434819,0.41279519938056525
0.892446118434819,0.4127552501693603
0.892446118434819,0.412715308689762
0.892446118434819,0.4126753749395259
0.892446118434819,0.4126354489164087
0.892446118434819,0.4125955306181677
0.892446118434819,0.4125556200425614
0.892446118434819,0.41251571718734886
0.892446118434819,0.41247582205029015
0.892446118434819,0.41243593462914613
0.892446118434819,0.4123960549216786
0.892446118434819,0.4123561829256502
0.892446118434819,0.41231631863882445
0.892446118434819,0.4122764620589657
0.892446118434819,0.41223661318383914
0.892446118434819,0.41219677201121097
0.892446118434819,0.4121569385388481
0.892446118434819,0.4121171127645183
0.892446118434819,0.41207729468599036
0.892446118434819,0.4120374843010337
0.892446118434819,0.41199768160741884
0.892446118434819,0.41195788660291704
0.892446118434819,0.4119180992853004
0.892446118434819,0.41187831965234184
0.892446118434819,0.4118385477018154
0.892446118434819,0.4117987834314956
0.892446118434819,0.41175902683915816
0.892446118434819,0.4117192779225794
0.892446118434819,0.41167953667953666
0.892446118434819,0.4116398031078081
0.892446118434819,0.4116000772051727
0.892446118434819,0.4115603589694104
0.892446118434819,0.4115206483983018
0.892446118434819,0.41148094548962855
0.892446118434819,0.41144125024117306
0.892446118434819,0.41140156265071864
0.892446118434819,0.4113618827160494
0.892446118434819,0.4113222104349503
0.892446118434819,0.41128254580520734
0.892446118434819,0.4112428888246071
0.892446118434819,0.4112032394909371
0.892446118434819,0.4111635978019859
0.892446118434819,0.4111239637555427
0.892446118434819,0.4110843373493976
0.892446118434819,0.41104471858134156
0.892446118434819,0.4110051074491664
0.892446118434819,0.4109655039506649
0.892446118434819,0.4109259080836304
0.892446118434819,0.41088631984585744
0.892446118434819,0.41084673923514115
0.892446118434819,0.4108071662492776
0.892446118434819,0.41076760088606373
0.892446118434819,0.41072804314329736
0.892446118434819,0.4106884930187771
0.892446118434819,0.4106489505103023
0.892446118434819,0.41060941561567343
0.892446118434819,0.4105698883326916
0.892446118434819,0.4105303686591587
0.892446118434819,0.41049085659287776
0.892446118434819,0.4104513521316524
0.892446118434819,0.41041185527328716
0.892446118434819,0.4103723660155874
0.892446118434819,0.41033288435635945
0.892446118434819,0.4102934102934103
0.892446118434819,0.4102539438245479
0.892446118434819,0.41021448494758106
0.892446118434819,0.41017503366031927
0.892446118434819,0.41013558996057314
0.892446118434819,0.41009615384615383
0.892446118434819,0.4100567253148736
0.892446118434819,0.41001730436454525
0.892446118434819,0.4099778909929828
0.892446118434819,0.40993848519800075
0.892446118434819,0.40989908697741473
0.892446118434819,0.40985969632904096
0.892446118434819,0.4098203132506966
0.892446118434819,0.40978093774019986
0.892446118434819,0.4097415697953694
0.892446118434819,0.40970220941402496
0.892446118434819,0.4096628565939871
0.892446118434819,0.40962351133307723
0.892446118434819,0.4095841736291175
0.892446118434819,0.40954484347993086
0.892446118434819,0.40950552088334136
0.892446118434819,0.4094662058371736
0.892446118434819,0.40942689833925316
0.892446118434819,0.4093875983874064
0.892446118434819,0.4093483059794606
0.892446118434819,0.40930902111324374
0.892446118434819,0.40926974378658476
0.892446118434819,0.4092304739973134
0.8926553672316384,0.4092871534107263
0.8926553672316384,0.409247889485802
0.8926553672316384,0.4092086330935252
0.8926553672316384,0.4091693842317284
0.8926553672316384,0.40913014289824495
0.8926553672316384,0.4090909090909091
0.8926553672316384,0.4090516828075558
0.8926553672316384,0.4090124640460211
0.8926553672316384,0.4089732528041415
0.8926553672316384,0.4089340490797546
0.8926553672316384,0.40889485287069877
0.8926553672316384,0.4088556641748131
0.8926553672316384,0.4088164829899377
0.8926553672316384,0.4087773093139134
0.8926553672316384,0.4087381431445818
0.8926553672316384,0.4086989844797854
0.8926553672316384,0.40865983331736755
0.8926553672316384,0.4086206896551724
0.8926553672316384,0.4085815534910449
0.8926553672316384,0.4085424248228309
0.8926553672316384,0.4085033036483769
0.8926553672316384,0.40846418996553047
0.8926553672316384,0.40842508377213976
0.8926553672316384,0.408385985066054
0.8926553672316384,0.408346893845123
0.8926553672316384,0.4083078101071976
0.8926553672316384,0.4082687338501292
0.8926553672316384,0.40822966507177033
0.8926553672316384,0.4081906037699742
0.8926553672316384,0.4081515499425947
0.8926553672316384,0.40811250358748685
0.8926553672316384,0.4080734647025062
0.8926553672316384,0.4080344332855093
0.8926553672316384,0.40799540933435346
0.8926553672316384,0.40795639284689683
0.8926553672316384,0.4079173838209983
0.8926553672316384,0.4078783822545176
0.8926553672316384,0.4078393881453155
0.8926553672316384,0.40780040149125324
0.8926553672316384,0.4077614222901931
0.8926553672316384,0.4077224505399981
0.8926553672316384,0.4076834862385321
0.8926553672316384,0.4076445293836598
0.8926553672316384,0.4076055799732467
0.8926553672316384,0.4075666380051591
0.8926553672316384,0.407527703477264
0.8926553672316384,0.40748877638742953
0.8926553672316384,0.40744985673352435
0.8926553672316384,0.407410944513418
0.8926553672316384,0.4073720397249809
0.8926553672316384,0.4073331423660842
0.8926553672316384,0.40729425243459993
0.8926553672316384,0.40725536992840095
0.8926553672316384,0.4072164948453608
0.8926553672316384,0.40717762718335404
0.8926553672316384,0.40713876694025575
0.8926553672316384,0.4070999141139422
0.8926553672316384,0.4070610687022901
0.8926553672316384,0.40702223070317717
0.8926553672316384,0.406983400114482
0.8926553672316384,0.40694457693408376
0.8926553672316384,0.40690576115986266
0.8926553672316384,0.4068669527896996
0.8926553672316384,0.40682815182147625
0.8926553672316384,0.4067893582530752
0.8926553672316384,0.40675057208237986
0.8926553672316384,0.4067117933072743
0.8926553672316384,0.4066730219256435
0.8926553672316384,0.40663425793537317
0.8926553672316384,0.40659550133434996
0.8926553672316384,0.4065567521204613
0.8926553672316384,0.4065180102915952
0.8926553672316384,0.4064792758456408
0.8926553672316384,0.4064405487804878
0.8926553672316384,0.4064018290940269
0.8926553672316384,0.4063631167841494
0.8926553672316384,0.4063244118487475
0.8926553672316384,0.4062857142857143
0.8926553672316384,0.40624702409294355
0.8926553672316384,0.40620834126832983
0.8926553672316384,0.40616966580976865
0.8926553672316384,0.40613099771515615
0.8926553672316384,0.40609233698238933
0.8926553672316384,0.40605368360936606
0.8926553672316384,0.40601503759398494
0.8926553672316384,0.4059763989341454
0.8926553672316384,0.40593776762774764
0.8926553672316384,0.4058991436726927
0.8926553672316384,0.4058605270668823
0.8926553672316384,0.4058219178082192
0.8926553672316384,0.4057833158946067
0.8926553672316384,0.405744721323949
0.8926553672316384,0.40570613409415124
0.8926553672316384,0.40566755420311906
0.8926553672316384,0.40562898164875916
0.8926553672316384,0.4055904164289789
0.8926553672316384,0.40555185854168646
0.8926553672316384,0.40551330798479085
0.8926553672316384,0.40547476475620187
0.8926553672316384,0.40543622885383007
0.8926553672316384,0.4053977002755868
0.8926553672316384,0.4053591790193843
0.8926553672316384,0.4053206650831354
0.8926553672316384,0.40528215846475396
0.8926553672316384,0.40524365916215443
0.8926553672316384,0.4052051671732523
0.8926553672316384,0.40516668249596355
0.8926553672316384,0.40512820512820513
0.8926553672316384,0.4050897350678948
0.8926553672316384,0.405051272312951
0.8926553672316384,0.4050128168612931
0.8926553672316384,0.4049743687108411
0.8926553672316384,0.4049359278595159
0.8926553672316384,0.4048974943052392
0.8926553672316384,0.40485906804593336
0.8926553672316384,0.40482064907952175
0.8926553672316384,0.40478223740392827
0.8926553672316384,0.4047438330170778
0.8926553672316384,0.40470543591689595
0.8926553672316384,0.40466704610130905
0.8926553672316384,0.40462866356824434
0.8926553672316384,0.40459028831562976
0.8926553672316384,0.40455192034139403
0.8926553672316384,0.4045135596434667
0.8926553672316384,0.4044752062197781
0.8926553672316384,0.4044368600682594
0.8926553672316384,0.40439852118684233
0.8926553672316384,0.4043601895734597
0.8926553672316384,0.4043218652260449
0.8926553672316384,0.4042835481425322
0.8926553672316384,0.4042452383208566
0.8926553672316384,0.40420693575895394
0.8926553672316384,0.40416864045476075
0.8926553672316384,0.4041303524062145
0.8926553672316384,0.4040920716112532
0.8926553672316384,0.4040537980678159
0.8926553672316384,0.4040155317738422
0.8926553672316384,0.40397727272727274
0.8926553672316384,0.40393902092604866
0.8926553672316384,0.4039007763681121
0.8926553672316384,0.40386253905140584
0.8926553672316384,0.40382430897387356
0.8926553672316384,0.4037860861334595
0.8926553672316384,0.403747870528109
0.8926553672316384,0.403709662155768
0.8926553672316384,0.40367146101438306
0.8926553672316384,0.4036332671019018
0.8926553672316384,0.40359508041627246
0.8926553672316384,0.40355690095544416
0.8926553672316384,0.4035187287173666
0.8926553672316384,0.4034805636999905
0.8926553672316384,0.4034424059012673
0.8926553672316384,0.4034042553191489
0.8926553672316384,0.4033661119515885
0.8926553672316384,0.4033279757965397
0.8926553672316384,0.4032898468519569
0.8926553672316384,0.40325172511579543
0.8926553672316384,0.40321361058601135
0.8926553672316384,0.4031755032605614
0.8926553672316384,0.40313740313740315
0.8926553672316384,0.40309931021449497
0.8926553672316384,0.4030612244897959
0.8926553672316384,0.4030231459612659
0.8926553672316384,0.40298507462686567
0.8926553672316384,0.40294701048455656
0.8926553672316384,0.4029089535323007
0.8926553672316384,0.4028709037680612
0.8926553672316384,0.4028328611898017
0.8926553672316384,0.40279482579548676
0.8926553672316384,0.4027567975830816
0.8926553672316384,0.40271877655055227
0.8926553672316384,0.40268076269586556
0.8926553672316384,0.4026427560169891
0.8926553672316384,0.40260475651189126
0.8926553672316384,0.4025667641785411
0.8926553672316384,0.40252877901490847
0.8926553672316384,0.40249080101896406
0.8926553672316384,0.4024528301886792
0.8926553672316384,0.40241486652202624
0.8926553672316384,0.40237691001697795
0.8926553672316384,0.40233896067150804
0.8926553672316384,0.4023010184835911
0.8926553672316384,0.40226308345120226
0.8926553672316384,0.4022251555723176
0.8928646160284578,0.4022815122089186
0.8928646160284578,0.40224358974358976
0.8928646160284578,0.402205674427373
0.8928646160284578,0.40216776625824696
0.8928646160284578,0.4021298652341909
0.8928646160284578,0.4020919713531851
0.8928646160284578,0.40205408461321024
0.8928646160284578,0.402016205012248
0.8928646160284578,0.40197833254828075
0.8928646160284578,0.4019404672192916
0.8928646160284578,0.4019026090232646
0.8928646160284578,0.4018647579581842
0.8928646160284578,0.40182691402203596
0.8928646160284578,0.40178907721280605
0.8928646160284578,0.4017512475284813
0.8928646160284578,0.40171342496704954
0.8928646160284578,0.4016756095264991
0.8928646160284578,0.4016378012048193
0.8928646160284578,0.4016
0.8928646160284578,0.401562205910032
0.8928646160284578,0.40152441893290675
0.8928646160284578,0.40148663906661647
0.8928646160284578,0.4014488663091542
0.8928646160284578,0.40141110065851365
0.8928646160284578,0.4013733421126893
0.8928646160284578,0.40133559066967645
0.8928646160284578,0.40129784632747106
0.8928646160284578,0.40126010908406995
0.8928646160284578,0.4012223789374706
0.8928646160284578,0.4011846558856713
0.8928646160284578,0.40114693992667105
0.8928646160284578,0.40110923105846963
0.8928646160284578,0.4010715292790676
0.8928646160284578,0.4010338345864662
0.8928646160284578,0.4009961469786674
0.8928646160284578,0.4009584664536741
0.8928646160284578,0.4009207930094898
0.8928646160284578,0.40088312664411874
0.8928646160284578,0.400845467355566
0.8928646160284578,0.40080781514183733
0.8928646160284578,0.40077017000093923
0.8928646160284578,0.40073253193087904
0.8928646160284578,0.40069490092966475
0.8928646160284578,0.4006572769953052
0.8928646160284578,0.4006196601258098
0.8928646160284578,0.40058205031918886
0.8928646160284578,0.4005444475734535
0.8928646160284578,0.40050685188661533
0.8928646160284578,0.400469263256687
0.8928646160284578,0.4004316816816817
0.8928646160284578,0.4003941071596134
0.8928646160284578,0.4003565396884969
0.8928646160284578,0.4003189792663477
0.8928646160284578,0.400281425891182
0.8928646160284578,0.4002438795610168
0.8928646160284578,0.4002063402738698
0.8928646160284578,0.40016880802775956
0.8928646160284578,0.4001312828207052
0.8928646160284578,0.40009376465072666
0.8928646160284578,0.40005625351584473
0.8928646160284578,0.40001874941408083
0.8928646160284578,0.39998125234345705
0.8928646160284578,0.39994376230199646
0.8928646160284578,0.3999062792877226
0.8928646160284578,0.3998688032986599
0.8928646160284578,0.3998313343328336
0.8928646160284578,0.39979387238826947
0.8928646160284578,0.3997564174629942
0.8928646160284578,0.3997189695550351
0.8928646160284578,0.3996815286624204
0.8928646160284578,0.3996440947831788
0.8928646160284578,0.39960666791533994
0.8928646160284578,0.39956924805693417
0.8928646160284578,0.3995318352059925
0.8928646160284578,0.39949442936054674
0.8928646160284578,0.39945703051862946
0.8928646160284578,0.3994196386782739
0.8928646160284578,0.399382253837514
0.8928646160284578,0.3993448759943847
0.8928646160284578,0.3993075051469212
0.8928646160284578,0.3992701412931599
0.8928646160284578,0.39923278443113774
0.8928646160284578,0.39919543455889234
0.8928646160284578,0.3991580916744621
0.8928646160284578,0.39912075577588624
0.8930738648252773,0.3991769547325103
0.8930738648252773,0.39913962405311887
0.8930738648252773,0.39910230035533945
0.8930738648252773,0.39906498363721365
0.8930738648252773,0.39902767389678384
0.8930738648252773,0.3989903711320931
0.8930738648252773,0.3989530753411853
0.8930738648252773,0.39891578652210485
0.8930738648252773,0.3988785046728972
0.8930738648252773,0.39884122979160824
0.8930738648252773,0.3988039618762848
0.8930738648252773,0.3987667009249743
0.8930738648252773,0.398729446935725
0.8930738648252773,0.3986921999065857
0.8930738648252773,0.3986549598356062
0.8930738648252773,0.39861772672083684
0.8930738648252773,0.39858050056032873
0.8930738648252773,0.39854328135213374
0.8930738648252773,0.3985060690943044
0.8930738648252773,0.39846886378489405
0.8930738648252773,0.3984316654219567
0.8930738648252773,0.3983944740035471
0.8930738648252773,0.39835728952772076
0.8930738648252773,0.3983201119925338
0.8930738648252773,0.3982829413960433
0.8930738648252773,0.3982457777363068
0.8930738648252773,0.3982086210113827
0.8930738648252773,0.39817147121933016
0.8930738648252773,0.39813432835820894
0.8930738648252773,0.39809719242607966
0.8930738648252773,0.39806006342100353
0.8930738648252773,0.3980229413410426
0.8930738648252773,0.3979858261842596
0.8930738648252773,0.39794871794871794
0.8930738648252773,0.3979116166324818
0.8930738648252773,0.39787452223361613
0.8930738648252773,0.3978374347501864
0.8930738648252773,0.3978003541802591
0.8930738648252773,0.3977632805219012
0.8930738648252773,0.3977262137731805
0.8930738648252773,0.3976891539321655
0.8932831136220967,0.39774527159228545
0.8932831136220967,0.39770821688093905
0.8932831136220967,0.3976711690731253
0.8932831136220967,0.39763412816691507
0.8932831136220967,0.39759709416037997
0.8932831136220967,0.39756006705159247
0.8932831136220967,0.39752304683862555
0.8932831136220967,0.3974860335195531
0.8932831136220967,0.3974490270924495
0.8932831136220967,0.39741202755539007
0.8932831136220967,0.3973750349064507
0.8932831136220967,0.3973380491437081
0.8932831136220967,0.39730107026523964
0.8932831136220967,0.3972640982691234
0.8932831136220967,0.39722713315343816
0.8932831136220967,0.3971901749162635
0.8932831136220967,0.3971532235556796
0.8932831136220967,0.39711627906976743
0.8932831136220967,0.39707934145660867
0.8932831136220967,0.3970424107142857
0.8932831136220967,0.3970054868408816
0.8932831136220967,0.3969685698344802
0.8932831136220967,0.39693165969316596
0.8932831136220967,0.3968947564150242
0.8932831136220967,0.39685785999814077
0.8932831136220967,0.3968209704406023
0.8932831136220967,0.39678408774049634
0.8932831136220967,0.3967472118959108
0.8932831136220967,0.3967103429049345
0.8932831136220967,0.39667348076565695
0.8932831136220967,0.39663662547616835
0.8932831136220967,0.3965997770345596
0.8932831136220967,0.39656293543892246
0.8932831136220967,0.39652610068734906
0.8932831136220967,0.39648927277793256
0.8932831136220967,0.3964524517087667
0.8932831136220967,0.39641563747794595
0.8932831136220967,0.39637883008356545
0.8932831136220967,0.3963420295237211
0.8932831136220967,0.39630523579650945
0.8932831136220967,0.3962684489000278
0.8932831136220967,0.39623166883237426
0.8932831136220967,0.39619489559164733
0.8932831136220967,0.39615812917594656
0.8932831136220967,0.396121369583372
0.8932831136220967,0.3960846168120245
0.8932831136220967,0.3960478708600056
0.8932831136220967,0.39601113172541746
0.8932831136220967,0.39597439940636303
0.8932831136220967,0.39593767390094603
0.8932831136220967,0.3959009552072707
0.8932831136220967,0.3958642433234421
0.8932831136220967,0.39582753824756606
0.8932831136220967,0.39579083997774894
0.8932831136220967,0.3957541485120979
0.8932831136220967,0.3957174638487208
0.8932831136220967,0.3956807859857262
0.8932831136220967,0.39564411492122337
0.8932831136220967,0.3956074506533222
0.8932831136220967,0.39557079318013344
0.8932831136220967,0.39553414249976837
0.8932831136220967,0.39549749861033906
0.8932831136220967,0.3954608615099583
0.8932831136220967,0.39542423119673953
0.8932831136220967,0.3953876076687969
0.8932831136220967,0.39535099092424525
0.8932831136220967,0.3953143809612001
0.8932831136220967,0.3952777777777778
0.8932831136220967,0.3952411813720952
0.8932831136220967,0.39520459174226996
0.8932831136220967,0.39516800888642045
0.8932831136220967,0.39513143280266566
0.8932831136220967,0.3950948634891254
0.8932831136220967,0.39505830094392
0.8932831136220967,0.39502174516517075
0.8932831136220967,0.39498519615099925
0.8932831136220967,0.39494865389952816
0.8932831136220967,0.3949121184088807
0.8932831136220967,0.39487558967718067
0.8932831136220967,0.3948390677025527
0.8932831136220967,0.3948025524831222
0.8932831136220967,0.394766044017015
0.8932831136220967,0.39472954230235785
0.8932831136220967,0.3946930473372781
0.8932831136220967,0.3946565591199039
0.8932831136220967,0.3946200776483638
0.8932831136220967,0.3945836029207875
0.8932831136220967,0.39454713493530497
0.8932831136220967,0.3945106736900471
0.8932831136220967,0.39447421918314546
0.8932831136220967,0.3944377714127321
0.8932831136220967,0.39440133037694014
0.8932831136220967,0.394364896073903
0.8932831136220967,0.394328468501755
0.8932831136220967,0.3942920476586312
0.8932831136220967,0.3942556335426672
0.8932831136220967,0.3942192261519993
0.8932831136220967,0.3941828254847645
0.8932831136220967,0.39414643153910073
0.8932831136220967,0.3941100443131462
0.8932831136220967,0.39407366380504016
0.8932831136220967,0.39403729001292226
0.8932831136220967,0.3940009229349331
0.8932831136220967,0.39396456256921375
0.8932831136220967,0.39392820891390606
0.8932831136220967,0.3938918619671526
0.8932831136220967,0.3938555217270966
0.8932831136220967,0.39381918819188194
0.8932831136220967,0.3937828613596532
0.8932831136220967,0.3937465412285556
0.8932831136220967,0.3937102277967352
0.8932831136220967,0.3936739210623386
0.8932831136220967,0.39363762102351313
0.8932831136220967,0.3936013276784068
0.8932831136220967,0.39356504102516826
0.8932831136220967,0.3935287610619469
0.8932831136220967,0.3934924877868928
0.8932831136220967,0.3934562211981567
0.8932831136220967,0.39341996129388995
0.8932831136220967,0.39338370807224476
0.8932831136220967,0.3933474615313738
0.8932831136220967,0.3933112216694306
0.8932831136220967,0.3932749884845693
0.8932831136220967,0.39323876197494473
0.8932831136220967,0.39320254213871236
0.8932831136220967,0.39316632897402837
0.8932831136220967,0.39313012247904966
0.8932831136220967,0.3930939226519337
0.8932831136220967,0.3930577294908388
0.8932831136220967,0.3930215429939238
0.8932831136220967,0.39298536315934823
0.8932831136220967,0.39294918998527245
0.8932831136220967,0.39291302346985735
0.8932831136220967,0.3928768636112645
0.8932831136220967,0.3928407104076562
0.8932831136220967,0.3928045638571954
0.8932831136220967,0.39276842395804584
0.8932831136220967,0.3927322907083717
0.8932831136220967,0.39269616410633795
0.8932831136220967,0.39266004415011035
0.8932831136220967,0.39262393083785524
0.8932831136220967,0.3925878241677396
0.8932831136220967,0.39255172413793105
0.8932831136220967,0.392515630746598
0.8932831136220967,0.39247954399190954
0.8932831136220967,0.3924434638720353
0.8932831136220967,0.3924073903851457
0.8932831136220967,0.3923713235294118
0.8932831136220967,0.3923352633030052
0.8932831136220967,0.3922992097040985
0.8932831136220967,0.39226316273086465
0.8932831136220967,0.3922271223814774
0.8932831136220967,0.3921910886541112
0.8932831136220967,0.392155061546941
0.8932831136220967,0.3921190410581427
0.8932831136220967,0.3920830271858927
0.8932831136220967,0.3920470199283681
0.8932831136220967,0.39201101928374654
0.893492362418916,0.3920668441832706
0.893492362418916,0.39203084832904883
0.893492362418916,0.3919948590838153
0.893492362418916,0.39195887644574995
0.893492362418916,0.3919229004130335
0.893492362418916,0.3918869309838473
0.893492362418916,0.3918509681563733
0.893492362418916,0.39181501192879425
0.893492362418916,0.3917790622992935
0.893492362418916,0.39174311926605504
0.893492362418916,0.3917071828272636
0.893492362418916,0.3916712529811044
0.893492362418916,0.39163532972576354
0.893492362418916,0.39159941305942775
0.893492362418916,0.39156350298028425
0.893492362418916,0.39152759948652116
0.893492362418916,0.39149170257632715
0.893492362418916,0.39145581224789144
0.893492362418916,0.39141992849940416
0.893492362418916,0.3913840513290559
0.893492362418916,0.391348180735038
0.893492362418916,0.3913123167155425
0.893492362418916,0.39127645926876203
0.893492362418916,0.3912406083928899
0.893492362418916,0.39120476408612004
0.893492362418916,0.39116892634664713
0.893492362418916,0.3911330951726665
0.893492362418916,0.3910972705623741
0.893492362418916,0.39106145251396646
0.893492362418916,0.391025641025641
0.893492362418916,0.3909898360955956
0.893492362418916,0.3909540377220289
0.893492362418916,0.39091824590314017
0.893492362418916,0.3908824606371293
0.893492362418916,0.3908466819221968
0.893492362418916,0.39081090975654403
0.893492362418916,0.39077514413837283
0.893492362418916,0.3907393850658858
0.893492362418916,0.3907036325372861
0.893492362418916,0.39066788655077767
0.893492362418916,0.390632147104565
0.893492362418916,0.39059641419685326
0.893492362418916,0.39056068782584835
0.893492362418916,0.3905249679897567
0.893492362418916,0.3904892546867855
0.893492362418916,0.39045354791514264
0.893492362418916,0.3904178476730365
0.893492362418916,0.39038215395867615
0.893492362418916,0.3903464667702715
0.893492362418916,0.3903107861060329
0.893492362418916,0.3902751119641715
0.893492362418916,0.3902394443428989
0.893492362418916,0.39020378324042765
0.893492362418916,0.39016812865497075
0.893492362418916,0.39013248058474187
0.893492362418916,0.39009683902795544
0.893492362418916,0.39006120398282634
0.893492362418916,0.3900255754475703
0.893492362418916,0.3899899534204037
0.893492362418916,0.38995433789954337
0.893492362418916,0.389918728883207
0.893492362418916,0.38988312636961286
0.893492362418916,0.38984753035697983
0.893492362418916,0.3898119408435275
0.893492362418916,0.38977635782747605
0.893492362418916,0.38974078130704637
0.893492362418916,0.38970521128046
0.893492362418916,0.38966964774593904
0.893492362418916,0.38963409070170635
0.893492362418916,0.3895985401459854
0.893492362418916,0.3895629960770003
0.893492362418916,0.3895274584929757
0.893492362418916,0.38949192739213717
0.893492362418916,0.3894564027727107
0.893492362418916,0.38942088463292296
0.893492362418916,0.3893853729710013
0.893492362418916,0.3893498677851737
0.893492362418916,0.38931436907366884
0.893492362418916,0.389278876834716
0.893492362418916,0.3892433910665451
0.893492362418916,0.3892079117673867
0.893492362418916,0.3891724389354721
0.893492362418916,0.38913697256903307
0.893492362418916,0.38910151266630216
0.893492362418916,0.3890660592255125
0.893492362418916,0.38903061224489793
0.893492362418916,0.3889951717226929
0.893492362418916,0.38895973765713243
0.893492362418916,0.38892431004645234
0.893492362418916,0.3888888888888889
0.893492362418916,0.3888534741826792
0.893492362418916,0.38881806592606083
0.893492362418916,0.38878266411727214
0.893492362418916,0.38874726875455207
0.893492362418916,0.3887118798361402
0.893492362418916,0.3886764973602767
0.893492362418916,0.3886411213252025
0.893492362418916,0.38860575172915907
0.893492362418916,0.38857038857038856
0.893492362418916,0.3885350318471338
0.893492362418916,0.3884996815576381
0.893492362418916,0.38846433770014555
0.893492362418916,0.38842900027290095
0.893492362418916,0.38839366927414953
0.893492362418916,0.3883583447021373
0.893492362418916,0.388323026555111
0.893492362418916,0.38828771483131763
0.893492362418916,0.38825240952900525
0.893492362418916,0.3882171106464224
0.893492362418916,0.3881818181818182
0.893492362418916,0.3881465321334424
0.893492362418916,0.38811125249954553
0.893492362418916,0.3880759792783786
0.893492362418916,0.3880407124681934
0.893492362418916,0.3880054520672422
0.893492362418916,0.3879701980737779
0.893492362418916,0.3879349504860543
0.893492362418916,0.3878997093023256
0.893492362418916,0.3878644745208466
0.893492362418916,0.38782924613987285
0.893492362418916,0.3877940241576605
0.893492362418916,0.3877588085724664
0.893492362418916,0.3877235993825479
0.893492362418916,0.38768839658616305
0.893492362418916,0.38765320018157057
0.893492362418916,0.3876180101670298
0.893492362418916,0.38758282654080056
0.893492362418916,0.3875476493011436
0.893492362418916,0.38751247844632
0.893492362418916,0.3874773139745917
0.893492362418916,0.38744215588422104
0.893492362418916,0.38740700417347124
0.893492362418916,0.387371858840606
0.893492362418916,0.3873367198838897
0.893492362418916,0.3873015873015873
0.893492362418916,0.38726646109196444
0.893492362418916,0.3872313412532874
0.893492362418916,0.387196227783823
0.893492362418916,0.3871611206818388
0.893492362418916,0.3871260199456029
0.893492362418916,0.3870909255733841
0.893492362418916,0.3870558375634518
0.893492362418916,0.387020755914076
0.893492362418916,0.3869856806235273
0.893492362418916,0.38695061169007705
0.893492362418916,0.3869155491119971
0.893492362418916,0.38688049288756005
0.893492362418916,0.386845443015039
0.893492362418916,0.3868103994927077
0.893492362418916,0.3867753623188406
0.893492362418916,0.3867403314917127
0.893492362418916,0.3867053070095997
0.893492362418916,0.38667028887077787
0.893492362418916,0.3866352770735241
0.893492362418916,0.3866002716161159
0.893492362418916,0.3865652724968314
0.893492362418916,0.3865302797139495
0.893492362418916,0.38649529326574944
0.893492362418916,0.3864603131505114
0.893492362418916,0.38642533936651585
0.893492362418916,0.3863903719120442
0.893492362418916,0.3863554107853782
0.893492362418916,0.3863204559848005
0.893492362418916,0.3862855075085942
0.893492362418916,0.386250565355043
0.893492362418916,0.38621562952243127
0.893492362418916,0.38618070000904403
0.893492362418916,0.3861457768131669
0.893492362418916,0.3861108599330862
0.893492362418916,0.3860759493670886
0.893492362418916,0.3860410451134617
0.893492362418916,0.3860061471704936
0.893492362418916,0.38597125553647293
0.893492362418916,0.3859363702096891
0.893492362418916,0.385901491188432
0.893492362418916,0.38586661847099224
0.893492362418916,0.38583175205566095
0.893492362418916,0.38579689194073
0.893492362418916,0.38576203812449184
0.893492362418916,0.3857271906052394
0.893492362418916,0.3856923493812664
0.893492362418916,0.38565751445086704
0.893492362418916,0.38562268581233633
0.893492362418916,0.38558786346396967
0.893492362418916,0.3855530474040632
0.893492362418916,0.3855182376309137
0.893492362418916,0.38548343414281844
0.893492362418916,0.38544863693807546
0.893492362418916,0.3854138460149833
0.893492362418916,0.38537906137184114
0.893492362418916,0.38534428300694884
0.893492362418916,0.38530951091860677
0.893492362418916,0.38527474510511595
0.893492362418916,0.38523998556477806
0.893492362418916,0.3852052322958954
0.893492362418916,0.3851704852967707
0.893492362418916,0.3851357445657076
0.893492362418916,0.3851010101010101
0.893492362418916,0.38506628190098297
0.893492362418916,0.38503155996393146
0.893492362418916,0.38499684428816155
0.893492362418916,0.3849621348719798
0.893492362418916,0.3849274317136933
0.893492362418916,0.3848927348116099
0.893492362418916,0.38485804416403785
0.893492362418916,0.3848233597692862
0.893492362418916,0.3847886816256646
0.893492362418916,0.38475400973148316
0.893492362418916,0.3847193440850527
0.893492362418916,0.3846846846846847
0.893492362418916,0.3846500315286911
0.893492362418916,0.38461538461538464
0.893492362418916,0.38458074394307845
0.893492362418916,0.38454610951008644
0.893492362418916,0.3845114813147231
0.893492362418916,0.38447685935530346
0.893492362418916,0.3844422436301432
0.893492362418916,0.3844076341375585
0.893492362418916,0.38437303087586644
0.893492362418916,0.38433843384338434
0.893492362418916,0.3843038430384304
0.893492362418916,0.38426925845932325
0.893492362418916,0.3842346801043823
0.893492362418916,0.3842001079719273
0.893492362418916,0.3841655420602789
0.893492362418916,0.38413098236775817
0.893492362418916,0.38409642889268686
0.893492362418916,0.3840618816333873
0.893492362418916,0.3840273405881824
0.893492362418916,0.3839928057553957
0.893492362418916,0.38395827713335134
0.893492362418916,0.38392375472037404
0.893492362418916,0.3838892385147892
0.893492362418916,0.3838547285149227
0.893492362418916,0.3838202247191011
0.893492362418916,0.3837857271256516
0.893492362418916,0.38375123573290193
0.893492362418916,0.3837167505391805
0.8937016112157355,0.3837721268757301
0.8937016112157355,0.38373764600179694
0.8937016112157355,0.38370317132333126
0.8937016112157355,0.38366870283866333
0.8937016112157355,0.38363424054612416
0.8937016112157355,0.38359978444404524
0.8937016112157355,0.38356533453075886
0.8937016112157355,0.3835308908045977
0.8937016112157355,0.38349645326389514
0.8937016112157355,0.3834620219069851
0.8937016112157355,0.38342759673220217
0.8937016112157355,0.3833931777378815
0.8937016112157355,0.3833587649223589
0.8937016112157355,0.38332435828397055
0.8937016112157355,0.3832899578210536
0.8937016112157355,0.38325556353194545
0.8937016112157355,0.3832211754149843
0.8937016112157355,0.38318679346850887
0.8937016112157355,0.3831524176908585
0.8937016112157355,0.38311804808037314
0.8937016112157355,0.38308368463539333
0.8937016112157355,0.3830493273542601
0.8937016112157355,0.3830149762353152
0.8937016112157355,0.382980631276901
0.8937016112157355,0.38294629247736034
0.8937016112157355,0.38291195983503673
0.8937016112157355,0.3828776333482743
0.8937016112157355,0.3828433130154177
0.8937016112157355,0.38280899883481223
0.8937016112157355,0.38277469080480375
0.8937016112157355,0.3827403889237387
0.8937016112157355,0.3827060931899642
0.8937016112157355,0.3826718036018278
0.8937016112157355,0.3826375201576778
0.8937016112157355,0.3826032428558631
0.8937016112157355,0.3825689716947331
0.8937016112157355,0.3825347066726377
0.8937016112157355,0.38250044778792763
0.8937016112157355,0.38246619503895407
0.8937016112157355,0.38243194842406875
0.8937016112157355,0.38239770794162414
0.8937016112157355,0.38236347358997314
0.8937016112157355,0.3823292453674693
0.8937016112157355,0.3822950232724669
0.8937016112157355,0.3822608073033205
0.8937016112157355,0.38222659745838555
0.8937016112157355,0.3821923937360179
0.8937016112157355,0.3821581961345741
0.8937016112157355,0.3821240046524112
0.8937016112157355,0.38208981928788693
0.8937016112157355,0.3820556400393595
0.8937016112157355,0.38202146690518785
0.8937016112157355,0.3819872998837313
0.8937016112157355,0.38195313897335004
0.8937016112157355,0.38191898417240455
0.8937016112157355,0.38188483547925606
0.8937016112157355,0.3818506928922664
0.8937016112157355,0.38181655640979795
0.8937016112157355,0.3817824260302136
0.8937016112157355,0.381748301751877
0.8937016112157355,0.3817141835731522
0.8937016112157355,0.3816800714924039
0.8937016112157355,0.3816459655079975
0.8937016112157355,0.3816118656182988
0.8937016112157355,0.38157777182167424
0.8937016112157355,0.381543684116491
0.8937016112157355,0.3815096025011166
0.8937016112157355,0.38147552697391923
0.8937016112157355,0.38144145753326786
0.8937016112157355,0.3814073941775317
0.8937016112157355,0.3813733369050808
0.8937016112157355,0.3813392857142857
0.8937016112157355,0.38130524060351756
0.8937016112157355,0.381271201571148
0.8937016112157355,0.3812371686155494
0.8937016112157355,0.3812031417350946
0.8937016112157355,0.3811691209281571
0.8937016112157355,0.3811351061931108
0.8937016112157355,0.3811010975283305
0.8937016112157355,0.3810670949321913
0.8937016112157355,0.381033098403069
0.8937016112157355,0.3809991079393399
0.8937016112157355,0.38096512353938095
0.8937016112157355,0.38093114520156973
0.8937016112157355,0.3808971729242843
0.8937016112157355,0.38086320670590335
0.8937016112157355,0.38082924654480604
0.8937016112157355,0.3807952924393723
0.8937016112157355,0.38076134438798254
0.8937016112157355,0.38072740238901764
0.8937016112157355,0.3806934664408593
0.8937016112157355,0.3806595365418895
0.8937016112157355,0.38062561269049106
0.8937016112157355,0.38059169488504724
0.8937016112157355,0.3805577831239419
0.8937016112157355,0.38052387740555954
0.8937016112157355,0.3804899777282851
0.8937016112157355,0.3804560840905042
0.8937016112157355,0.380422196490603
0.8937016112157355,0.3803883149269683
0.8937016112157355,0.38035443939798735
0.8937016112157355,0.3803205699020481
0.8937016112157355,0.380286706437539
0.8937016112157355,0.380252849002849
0.8937016112157355,0.38021899759636785
0.8937016112157355,0.3801851522164857
0.8937016112157355,0.38015131286159326
0.8937016112157355,0.3801174795300819
0.8937016112157355,0.3800836522203435
0.8937016112157355,0.3800498309307706
0.8937016112157355,0.3800160156597562
0.8937016112157355,0.37998220640569397
0.8937016112157355,0.37994840316697803
0.8937016112157355,0.3799146059420032
0.8937016112157355,0.3798808147291648
0.8939108600125549,0.3799359658484525
0.8939108600125549,0.3799021787461094
0.8939108600125549,0.3798683976524987
0.8939108600125549,0.37983462256601763
0.8939108600125549,0.37980085348506404
0.8939108600125549,0.37976709040803625
0.8939108600125549,0.3797333333333333
0.8939108600125549,0.37969958225935474
0.8939108600125549,0.37966583718450053
0.8939108600125549,0.3796320981071714
0.8939108600125549,0.3795983650257686
0.8939108600125549,0.37956463793869394
0.8939108600125549,0.3795309168443497
0.8939108600125549,0.3794972017411388
0.8939108600125549,0.3794634926274649
0.8939108600125549,0.37942978950173195
0.8939108600125549,0.37939609236234456
0.8939108600125549,0.37936240120770803
0.8939108600125549,0.37932871603622803
0.8939108600125549,0.37929503684631094
0.8939108600125549,0.37926136363636365
0.8939108600125549,0.3792276964047936
0.8939108600125549,0.3791940351500089
0.8939108600125549,0.379160379870418
0.8939108600125549,0.37912673056443025
0.8939108600125549,0.3790930872304552
0.8939108600125549,0.37905944986690326
0.8939108600125549,0.37902581847218525
0.8939108600125549,0.37899219304471254
0.8939108600125549,0.3789585735828972
0.8939108600125549,0.3789249600851517
0.8939108600125549,0.37889135254988915
0.8939108600125549,0.3788577509755232
0.8939108600125549,0.3788241553604682
0.8939108600125549,0.37879056570313885
0.8939108600125549,0.3787569820019505
0.8939108600125549,0.37872340425531914
0.8939108600125549,0.3786898324616612
0.8939108600125549,0.3786562666193937
0.8939108600125549,0.3786227067269343
0.8939108600125549,0.37858915278270117
0.8939108600125549,0.37855560478511296
0.8939108600125549,0.37852206273258904
0.8939108600125549,0.3784885266235492
0.8939108600125549,0.3784549964564139
0.8939108600125549,0.37842147222960404
0.8939108600125549,0.3783879539415412
0.8939108600125549,0.3783544415906474
0.8939108600125549,0.3783209351753454
0.8939108600125549,0.3782874346940583
0.8939108600125549,0.37825394014520985
0.8939108600125549,0.37822045152722444
0.8939108600125549,0.3781869688385269
0.8939108600125549,0.37815349207754273
0.8939108600125549,0.37812002124269783
0.8939108600125549,0.3780865563324188
0.8939108600125549,0.37805309734513276
0.8939108600125549,0.3780196442792673
0.8939108600125549,0.37798619713325077
0.8939108600125549,0.3779527559055118
0.8939108600125549,0.37791932059447986
0.8939108600125549,0.3778858911985847
0.8939108600125549,0.37785246771625686
0.8939108600125549,0.3778190501459273
0.8939108600125549,0.3777856384860276
0.8939108600125549,0.3777522327349898
0.8939108600125549,0.3777188328912467
0.8939108600125549,0.37768543895323137
0.8939108600125549,0.37765205091937765
0.8939108600125549,0.37761866878811984
0.8939108600125549,0.37758529255789286
0.8939108600125549,0.37755192222713213
0.8939108600125549,0.37751855779427357
0.8939108600125549,0.3774851992577538
0.8939108600125549,0.3774518466160099
0.8939108600125549,0.37741849986747944
0.8939108600125549,0.3773851590106007
0.8939108600125549,0.3773518240438124
0.8939108600125549,0.3773184949655538
0.8939108600125549,0.3772851717742648
0.8939108600125549,0.3772518544683857
0.8939108600125549,0.3772185430463576
0.8939108600125549,0.3771852375066219
0.8939108600125549,0.37715193784762074
0.8939108600125549,0.3771186440677966
0.8939108600125549,0.37708535616559274
0.8939108600125549,0.3770520741394528
0.8939108600125549,0.377018797987821
0.8939108600125549,0.37698552770914223
0.8939108600125549,0.3769522633018618
0.8939108600125549,0.37691900476442564
0.8939108600125549,0.3768857520952801
0.8939108600125549,0.3768525052928723
0.8939108600125549,0.37681926435564966
0.8939108600125549,0.37678602928206034
0.8939108600125549,0.37675280007055295
0.8939108600125549,0.37671957671957673
0.8939108600125549,0.37668635922758137
0.8939108600125549,0.3766531475930171
0.8939108600125549,0.37661994181433484
0.8939108600125549,0.3765867418899859
0.8939108600125549,0.3765535478184222
0.8939108600125549,0.37652035959809627
0.8939108600125549,0.376487177227461
0.8939108600125549,0.37645400070497004
0.8939108600125549,0.37642083002907745
0.8939108600125549,0.3763876651982379
0.8939108600125549,0.37635450621090655
0.8939108600125549,0.3763213530655391
0.8939108600125549,0.3762882057605919
0.8939108600125549,0.37625506429452177
0.8939108600125549,0.376221928665786
0.8939108600125549,0.37618879887284257
0.8939108600125549,0.37615567491414986
0.8939108600125549,0.3761225567881669
0.8939108600125549,0.3760894444933533
0.8939108600125549,0.376056338028169
0.8939108600125549,0.37602323739107474
0.8939108600125549,0.3759901425805316
0.8939108600125549,0.3759570535950013
0.8939108600125549,0.3759239704329461
0.8939108600125549,0.37589089309282886
0.8939108600125549,0.3758578215731128
0.8939108600125549,0.37582475587226183
0.8939108600125549,0.37579169598874035
0.8939108600125549,0.37575864192101327
0.8939108600125549,0.37572559366754615
0.8939108600125549,0.375692551226805
0.8939108600125549,0.37565951459725644
0.8939108600125549,0.37562648377736746
0.8939108600125549,0.3755934587656058
0.8939108600125549,0.37556043956043955
0.8939108600125549,0.3755274261603376
0.8939108600125549,0.37549441856376903
0.8939108600125549,0.37546141676920375
0.8939108600125549,0.37542842077511207
0.8939108600125549,0.37539543057996483
0.8939108600125549,0.3753624461822335
0.8939108600125549,0.3753294675803901
0.8939108600125549,0.37529649477290694
0.8939108600125549,0.3752635277582572
0.8939108600125549,0.3752305665349144
0.8939108600125549,0.3751976111013525
0.8939108600125549,0.3751646614560464
0.8939108600125549,0.37513171759747105
0.8939108600125549,0.3750987795241022
0.8939108600125549,0.37506584723441616
0.8939108600125549,0.37503292072688965
0.8939108600125549,0.375
0.8939108600125549,0.37496708505222504
0.8939108600125549,0.3749341758820432
0.8939108600125549,0.3749012724879333
0.8939108600125549,0.3748683748683749
0.8939108600125549,0.3748354830218479
0.8939108600125549,0.37480259694683277
0.8939108600125549,0.3747697166418107
0.8939108600125549,0.37473684210526315
0.8939108600125549,0.3747039733356723
0.8939108600125549,0.3746711103315208
0.8939108600125549,0.3746382530912918
0.8939108600125549,0.37460540161346895
0.8939108600125549,0.3745725558965366
0.8939108600125549,0.3745397159389795
0.8939108600125549,0.37450688173928287
0.8939108600125549,0.3744740532959327
0.8939108600125549,0.3744412306074152
0.8939108600125549,0.37440841367221733
0.8939108600125549,0.37437560248882656
0.8939108600125549,0.3743427970557308
0.8939108600125549,0.37430999737141857
0.8939108600125549,0.3742772034343788
0.8939108600125549,0.3742444152431012
0.8939108600125549,0.37421163279607567
0.8939108600125549,0.37417885609179297
0.8939108600125549,0.3741460851287441
0.8939108600125549,0.3741133199054208
0.8939108600125549,0.37408056042031523
0.8939108600125549,0.37404780667192017
0.8939108600125549,0.37401505865872875
0.8939108600125549,0.3739823163792349
0.8939108600125549,0.3739495798319328
0.8939108600125549,0.3739168490153173
0.8939108600125549,0.3738841239278838
0.8939108600125549,0.3738514045681281
0.8939108600125549,0.3738186909345467
0.8939108600125549,0.37378598302563654
0.8939108600125549,0.373753280839895
0.8939108600125549,0.3737205843758201
0.8939108600125549,0.3736878936319104
0.8939108600125549,0.3736552086066649
0.8939108600125549,0.3736225292985832
0.8939108600125549,0.37358985570616526
0.8939108600125549,0.37355718782791186
0.8939108600125549,0.373524525662324
0.8939108600125549,0.3734918692079035
0.8939108600125549,0.3734592184631524
0.8939108600125549,0.3734265734265734
0.8939108600125549,0.3733939340966699
0.8939108600125549,0.3733613004719455
0.8939108600125549,0.37332867255090446
0.8939108600125549,0.3732960503320517
0.8939108600125549,0.37326343381389254
0.8939108600125549,0.3732308229949327
0.8939108600125549,0.3731982178736787
0.8939108600125549,0.3731656184486373
0.8939108600125549,0.373133024718316
0.8939108600125549,0.3731004366812227
0.8939108600125549,0.37306785433586587
0.8939108600125549,0.37303527768075445
0.8939108600125549,0.37300270671439795
0.8939108600125549,0.37297014143530643
0.8939108600125549,0.3729375818419904
0.8939108600125549,0.3729050279329609
0.8939108600125549,0.3728724797067295
0.8939108600125549,0.37283993716180835
0.8939108600125549,0.37280740029671
0.8939108600125549,0.37277486910994767
0.8939108600125549,0.3727423436000349
0.8939108600125549,0.37270982376548595
0.8939108600125549,0.3726773096048155
0.8939108600125549,0.37264480111653875
0.8939108600125549,0.3726122982991714
0.8939108600125549,0.37257980115122974
0.8939108600125549,0.3725473096712305
0.8939108600125549,0.37251482385769097
0.8939108600125549,0.37248234370912897
0.8939108600125549,0.37244986922406276
0.8939108600125549,0.37241740040101123
0.8939108600125549,0.3723849372384937
0.8939108600125549,0.37235247973503005
0.8939108600125549,0.37232002788914065
0.8939108600125549,0.3722875816993464
0.8939108600125549,0.3722551411641687
0.8939108600125549,0.3722227062821295
0.8939108600125549,0.3721902770517512
0.8939108600125549,0.3721578534715568
0.8939108600125549,0.37212543554006966
0.8939108600125549,0.37209302325581395
0.8939108600125549,0.37206061661731404
0.8939108600125549,0.372028215623095
0.8939108600125549,0.3719958202716823
0.8939108600125549,0.3719634305616021
0.8939108600125549,0.3719310464913808
0.8939108600125549,0.3718986680595456
0.8939108600125549,0.37186629526462395
0.8939108600125549,0.37183392810514404
0.8939108600125549,0.3718015665796345
0.8939108600125549,0.37176921068662433
0.8939108600125549,0.3717368604246432
0.8939108600125549,0.37170451579222136
0.8939108600125549,0.37167217678788933
0.8939108600125549,0.37163984341017836
0.8939108600125549,0.37160751565762007
0.8939108600125549,0.37157519352874663
0.8939108600125549,0.3715428770220908
0.8939108600125549,0.37151056613618577
0.8939108600125549,0.3714782608695652
0.8939108600125549,0.3714459612207634
0.8939108600125549,0.3714136671883151
0.8939108600125549,0.37138137877075544
0.8939108600125549,0.3713490959666203
0.8939108600125549,0.3713168187744459
0.8939108600125549,0.371284547192769
0.8939108600125549,0.3712522812201269
0.8939108600125549,0.37122002085505734
0.8939108600125549,0.3711877660960987
0.8939108600125549,0.3711555169417897
0.8939108600125549,0.3711232733906698
0.8939108600125549,0.37109103544127864
0.8939108600125549,0.3710588030921567
0.8939108600125549,0.3710265763418447
0.8939108600125549,0.3709943551888841
0.8939108600125549,0.3709621396318166
0.8939108600125549,0.3709299296691847
0.8939108600125549,0.3708977252995312
0.8939108600125549,0.3708655265213994
0.8939108600125549,0.37083333333333335
0.8939108600125549,0.3708011457338773
0.8939108600125549,0.37076896372157614
0.8939108600125549,0.3707367872949753
0.8939108600125549,0.3707046164526206
0.8939108600125549,0.3706724511930586
0.8939108600125549,0.370640291514836
0.8939108600125549,0.3706081374165004
0.8939108600125549,0.3705759888965996
0.8939108600125549,0.370543845953682
0.8939108600125549,0.3705117085862966
0.8939108600125549,0.3704795767929928
0.8939108600125549,0.3704474505723205
0.8939108600125549,0.37041532992283016
0.8939108600125549,0.37038321484307263
0.8939108600125549,0.3703511053315995
0.8939108600125549,0.37031900138696255
0.8939108600125549,0.37028690300771433
0.8939108600125549,0.3702548101924077
0.8939108600125549,0.3702227229395961
0.8939108600125549,0.37019064124783363
0.8939108600125549,0.3701585651156746
0.8939108600125549,0.3701264945416739
0.8939108600125549,0.3700944295243871
0.8939108600125549,0.3700623700623701
0.8939108600125549,0.3700303161541793
0.8939108600125549,0.36999826779837175
0.8939108600125549,0.3699662249935048
0.8939108600125549,0.36993418773813647
0.8939108600125549,0.36990215603082516
0.8939108600125549,0.36987012987012985
0.8939108600125549,0.36983810925460997
0.8939108600125549,0.3698060941828255
0.8939108600125549,0.3697740846533368
0.8939108600125549,0.3697420806647049
0.8939108600125549,0.3697100822154911
0.8939108600125549,0.36967808930425755
0.8939108600125549,0.3696461019295665
0.8939108600125549,0.36961412008998096
0.8939108600125549,0.36958214378406434
0.8939108600125549,0.3695501730103806
0.8939108600125549,0.36951820776749417
0.8939108600125549,0.3694862480539699
0.8939108600125549,0.36945429386837325
0.8939108600125549,0.36942234520927014
0.8939108600125549,0.369390402075227
0.8939108600125549,0.36935846446481063
0.8939108600125549,0.3693265323765886
0.8939108600125549,0.36929460580912865
0.8939108600125549,0.3692626847609992
0.8939108600125549,0.36923076923076925
0.8939108600125549,0.369198859217008
0.8939108600125549,0.36916695471828553
0.8939108600125549,0.369135055733172
0.8939108600125549,0.3691031622602385
0.8939108600125549,0.36907127429805614
0.8939108600125549,0.36903939184519696
0.8941201088093743,0.36909389306383344
0.8941201088093743,0.3690620141647953
0.8941201088093743,0.3690301407720874
0.8941201088093743,0.3689982728842833
0.8941201088093743,0.3689664104999568
0.8941201088093743,0.3689345536176826
0.8941201088093743,0.36890270223603555
0.8941201088093743,0.3688708563535912
0.8941201088093743,0.3688390159689253
0.8941201088093743,0.36880718108061455
0.8941201088093743,0.3687753516872357
0.8941201088093743,0.36874352778736624
0.8941201088093743,0.3687117093795841
0.8941201088093743,0.3686798964624676
0.8941201088093743,0.3686480890345958
0.8941201088093743,0.36861628709454797
0.8941201088093743,0.368584490640904
0.8941201088093743,0.36855269967224424
0.8941201088093743,0.3685209141871496
0.8941201088093743,0.36848913418420143
0.8941201088093743,0.36845735966198156
0.8941201088093743,0.36842559061907226
0.8941201088093743,0.3683938270540564
0.8941201088093743,0.36836206896551726
0.8941201088093743,0.3683303163520386
0.8941201088093743,0.3682985692122048
0.8941201088093743,0.36826682754460055
0.8941201088093743,0.36823509134781107
0.8941201088093743,0.36820336062042225
0.8941201088093743,0.36817163536102016
0.8941201088093743,0.3681399155681916
0.8941201088093743,0.3681082012405238
0.8941201088093743,0.36807649237660434
0.8941201088093743,0.3680447889750215
0.8941201088093743,0.36801309103436397
0.8941201088093743,0.3679813985532208
0.8941201088093743,0.3679497115301817
0.8941201088093743,0.36791802996383677
0.8941201088093743,0.36788635385277657
0.8941201088093743,0.3678546831955923
0.8941201088093743,0.36782301799087547
0.8941201088093743,0.3677913582372181
0.8941201088093743,0.36775970393321283
0.8941201088093743,0.36772805507745265
0.8941201088093743,0.3676964116685311
0.8941201088093743,0.36766477370504214
0.8941201088093743,0.3676331411855803
0.8941201088093743,0.36760151410874053
0.8941201088093743,0.3675698924731183
0.8941201088093743,0.3675382762773095
0.8941201088093743,0.36750666551991057
0.8941201088093743,0.3674750601995184
0.8941201088093743,0.3674434603147304
0.8941201088093743,0.3674118658641444
0.8941201088093743,0.3673802768463589
0.8941201088093743,0.3673486932599725
0.8941201088093743,0.3673171151035846
0.8941201088093743,0.3672855423757951
0.8941201088093743,0.36725397507520413
0.8941201088093743,0.3672224132004125
0.8941201088093743,0.3671908567500215
0.8941201088093743,0.3671593057226328
0.8941201088093743,0.3671277601168485
0.8941201088093743,0.36709621993127145
0.8941201088093743,0.36706468516450474
0.8941201088093743,0.36703315581515206
0.8941201088093743,0.3670016318818174
0.8941201088093743,0.3669701133631055
0.8943293576061938,0.36702447402318594
0.8943293576061938,0.3669929589558647
0.8943293576061938,0.366961449300249
0.8943293576061938,0.36692994505494503
0.8943293576061938,0.36689844621855955
0.8943293576061938,0.36686695278969955
0.8943293576061938,0.3668354647669728
0.8943293576061938,0.3668039821489873
0.8943293576061938,0.36677250493435165
0.8943293576061938,0.36674103312167494
0.8943293576061938,0.3667095667095667
0.8943293576061938,0.36667810569663695
0.8943293576061938,0.3666466500814961
0.8943293576061938,0.3666151998627552
0.8943293576061938,0.3665837550390256
0.8943293576061938,0.3665523156089194
0.8943293576061938,0.3665208815710488
0.8943293576061938,0.36648945292402674
0.8943293576061938,0.3664580296664666
0.8943293576061938,0.36642661179698216
0.8943293576061938,0.36639519931418774
0.8943293576061938,0.36636379221669807
0.8943293576061938,0.3663323905031285
0.8943293576061938,0.3663009941720946
0.8943293576061938,0.3662696032222127
0.8943293576061938,0.3662382176520994
0.8943293576061938,0.36620683746037186
0.8943293576061938,0.3661754626456477
0.8943293576061938,0.366144093206545
0.8943293576061938,0.36611272914168236
0.8943293576061938,0.3660813704496788
0.8943293576061938,0.3660500171291538
0.8943293576061938,0.36601866917872744
0.8943293576061938,0.36598732659702005
0.8943293576061938,0.3659559893826526
0.8943293576061938,0.3659246575342466
0.8943293576061938,0.36589333105042376
0.8943293576061938,0.36586200992980655
0.8943293576061938,0.3658306941710177
0.8943293576061938,0.36579938377268056
0.8943293576061938,0.36576807873341893
0.8943293576061938,0.3657367790518569
0.8943293576061938,0.36570548472661935
0.8943293576061938,0.36567419575633126
0.8943293576061938,0.36564291213961847
0.8943293576061938,0.3656116338751069
0.8943293576061938,0.3655803609614233
0.8943293576061938,0.36554909339719466
0.8943293576061938,0.36551783118104847
0.8943293576061938,0.3654865743116128
0.8943293576061938,0.365455322787516
0.8943293576061938,0.3654240766073871
0.8943293576061938,0.36539283576985554
0.8943293576061938,0.365361600273551
0.8943293576061938,0.365330370117104
0.8943293576061938,0.3652991452991453
0.8943293576061938,0.36526792581830614
0.8943293576061938,0.36523671167321825
0.8943293576061938,0.3652055028625139
0.8943293576061938,0.3651742993848257
0.8943293576061938,0.36514310123878685
0.8943293576061938,0.36511190842303093
0.8943293576061938,0.36508072093619204
0.8943293576061938,0.36504953877690466
0.8943293576061938,0.36501836194380394
0.8943293576061938,0.3649871904355252
0.8943293576061938,0.36495602425070445
0.8943293576061938,0.36492486338797814
0.8943293576061938,0.3648937078459831
0.8943293576061938,0.3648625576233567
0.8943293576061938,0.36483141271873665
0.8943293576061938,0.36480027313076135
0.8943293576061938,0.3647691388580695
0.8943293576061938,0.3647380098993002
0.8943293576061938,0.3647068862530933
0.8943293576061938,0.36467576791808876
0.8943293576061938,0.36464465489292724
0.8943293576061938,0.3646135471762498
0.8943293576061938,0.36458244476669793
0.8943293576061938,0.3645513476629137
0.8943293576061938,0.3645202558635394
0.8943293576061938,0.36448916936721815
0.8943293576061938,0.3644580881725932
0.8943293576061938,0.3644270122783083
0.8943293576061938,0.36439594168300793
0.8943293576061938,0.36436487638533677
0.8943293576061938,0.36433381638393997
0.8943293576061938,0.36430276167746334
0.8943293576061938,0.36427171226455296
0.8943293576061938,0.3642406681438555
0.8943293576061938,0.3642096293140179
0.8943293576061938,0.3641785957736878
0.8943293576061938,0.36414756752151317
0.8943293576061938,0.36411654455614245
0.8943293576061938,0.36408552687622453
0.8943293576061938,0.3640545144804089
0.8943293576061938,0.3640235073673452
0.8943293576061938,0.36399250553568385
0.8943293576061938,0.36396150898407564
0.8943293576061938,0.3639305177111717
0.8943293576061938,0.36389953171562367
0.8943293576061938,0.3638685509960838
0.8943293576061938,0.36383757555120455
0.8943293576061938,0.3638066053796391
0.8943293576061938,0.36377564048004085
0.8943293576061938,0.3637446808510638
0.8943293576061938,0.3637137264913624
0.8943293576061938,0.36368277739959154
0.8943293576061938,0.36365183357440656
0.8943293576061938,0.36362089501446315
0.8943293576061938,0.3635899617184177
0.8943293576061938,0.36355903368492687
0.8943293576061938,0.3635281109126478
0.8943293576061938,0.3634971934002381
0.8943293576061938,0.363466281146356
0.8943293576061938,0.3634353741496599
0.8943293576061938,0.3634044724088088
0.8943293576061938,0.36337357592246217
0.8943293576061938,0.36334268468927994
0.8943293576061938,0.36331179870792246
0.8943293576061938,0.3632809179770506
0.8943293576061938,0.3632500424953255
0.8943293576061938,0.36321917226140904
0.8945386064030132,0.36327328348062543
0.8945386064030132,0.36324241651797096
0.8945386064030132,0.36321155480033984
0.8945386064030132,0.3631806983263954
0.8945386064030132,0.36314984709480125
0.8945386064030132,0.3631190011042215
0.8945386064030132,0.36308816035332087
0.8945386064030132,0.3630573248407643
0.8945386064030132,0.3630264945652174
0.8945386064030132,0.362995669525346
0.8945386064030132,0.36296484971981663
0.8945386064030132,0.36293403514729605
0.8945386064030132,0.3629032258064516
0.8945386064030132,0.36287242169595113
0.8945386064030132,0.36284162281446275
0.8945386064030132,0.36281082916065516
0.8945386064030132,0.36278004073319753
0.8945386064030132,0.36274925753075943
0.8945386064030132,0.36271847955201086
0.8945386064030132,0.3626877067956223
0.8945386064030132,0.36265693926026465
0.8945386064030132,0.36262617694460936
0.8945386064030132,0.36259541984732824
0.8945386064030132,0.3625646679670935
0.8945386064030132,0.362533921302578
0.8945386064030132,0.36250317985245484
0.8945386064030132,0.36247244361539765
0.8945386064030132,0.36244171259008057
0.8945386064030132,0.362410986775178
0.8947478551998326,0.3624650334830889
0.8947478551998326,0.36243431090015255
0.8947478551998326,0.362403593524875
0.8947478551998326,0.3623728813559322
0.8947478551998326,0.36234217439200067
0.8947478551998326,0.36231147263175734
0.8947478551998326,0.36228077607387954
0.8947478551998326,0.36225008471704506
0.8947478551998326,0.36221939855993224
0.8947478551998326,0.36218871760121973
0.8947478551998326,0.36215804183958666
0.8947478551998326,0.36212737127371275
0.8947478551998326,0.36209670590227794
0.8947478551998326,0.3620660457239627
0.8947478551998326,0.3620353907374481
0.8947478551998326,0.3620047409414155
0.8947478551998326,0.3619740963345467
0.8947478551998326,0.36194345691552393
0.8947478551998326,0.36191282268303004
0.8947478551998326,0.36188219363574814
0.8947478551998326,0.3618515697723618
0.8947478551998326,0.36182095109155527
0.8947478551998326,0.36179033759201285
0.8947478551998326,0.3617597292724196
0.8947478551998326,0.36172912613146097
0.8947478551998326,0.3616985281678227
0.8947478551998326,0.36166793538019115
0.8947478551998326,0.36163734776725304
0.8947478551998326,0.36160676532769553
0.8947478551998326,0.3615761880602063
0.8947478551998326,0.3615456159634734
0.8947478551998326,0.3615150490361853
0.8947478551998326,0.36148448727703103
0.8947478551998326,0.36145393068469994
0.8947478551998326,0.3614233792578818
0.8947478551998326,0.3613928329952671
0.8947478551998326,0.36136229189554636
0.8947478551998326,0.36133175595741085
0.8947478551998326,0.36130122517955215
0.8947478551998326,0.3612706995606624
0.8947478551998326,0.36124017909943396
0.8947478551998326,0.3612096637945599
0.8947478551998326,0.3611791536447335
0.8947478551998326,0.36114864864864865
0.8947478551998326,0.3611181488049996
0.8947478551998326,0.361087654112481
0.8947478551998326,0.36105716456978804
0.8947478551998326,0.36102668017561634
0.8949571039966521,0.3610806247361756
0.8949571039966521,0.36105014350835724
0.8949571039966521,0.36101966742635266
0.8949571039966521,0.36098919648885885
0.8949571039966521,0.3609587306945734
0.8949571039966521,0.3609282700421941
0.8949571039966521,0.36089781453041936
0.8949571039966521,0.360867364157948
0.8949571039966521,0.3608369189234793
0.8949571039966521,0.3608064788257128
0.8949571039966521,0.36077604386334877
0.8949571039966521,0.3607456140350877
0.8949571039966521,0.3607151893396306
0.8949571039966521,0.36068476977567887
0.8949571039966521,0.3606543553419344
0.8949571039966521,0.3606239460370995
0.8949571039966521,0.3605935418598769
0.8949571039966521,0.36056314280896984
0.8949571039966521,0.36053274888308184
0.8949571039966521,0.3605023600809171
0.8949571039966521,0.36047197640117995
0.8949571039966521,0.3604415978425754
0.8949571039966521,0.3604112244038089
0.8949571039966521,0.3603808560835861
0.8949571039966521,0.3603504928806134
0.8949571039966521,0.3603201347935973
0.8949571039966521,0.36028978182124505
0.8949571039966521,0.3602594339622642
0.8949571039966521,0.36022909121536256
0.8949571039966521,0.3601987535792488
0.8949571039966521,0.3601684210526316
0.8949571039966521,0.3601380936342203
0.8949571039966521,0.3601077713227246
0.8949571039966521,0.3600774541168547
0.8949571039966521,0.3600471420153212
0.8949571039966521,0.360016835016835
0.8949571039966521,0.35998653312010775
0.8949571039966521,0.3599562363238512
0.8949571039966521,0.35992594462677774
0.8949571039966521,0.35989565802760015
0.8949571039966521,0.35986537652503153
0.8949571039966521,0.35983510011778563
0.8949571039966521,0.3598048288045764
0.8949571039966521,0.35977456258411844
0.8949571039966521,0.3597443014551266
0.8949571039966521,0.35971404541631624
0.8949571039966521,0.35968379446640314
0.8949571039966521,0.3596535486041036
0.8949571039966521,0.3596233078281342
0.8949571039966521,0.35959307213721203
0.8949571039966521,0.35956284153005463
0.8949571039966521,0.35953261600537995
0.8949571039966521,0.3595023955619064
0.8949571039966521,0.35947218019835264
0.8949571039966521,0.35944196991343813
0.8949571039966521,0.3594117647058824
0.8949571039966521,0.3593815645744055
0.8949571039966521,0.3593513695177281
0.8949571039966521,0.3593211795345711
0.8949571039966521,0.35929099462365593
0.8949571039966521,0.3592608147837043
0.8949571039966521,0.35923064001343863
0.8949571039966521,0.3592004703115814
0.8949571039966521,0.35917030567685587
0.8949571039966521,0.35914014610798556
0.8949571039966521,0.3591099916036944
0.8949571039966521,0.3590798421627067
0.8949571039966521,0.35904969778374746
0.8949571039966521,0.35901955846554184
0.8949571039966521,0.3589894242068155
0.8949571039966521,0.3589592950062946
0.8949571039966521,0.3589291708627056
0.8949571039966521,0.35889905177477555
0.8951663527934715,0.35895284443698605
0.8951663527934715,0.3589227284168135
0.8951663527934715,0.35889261744966444
0.8951663527934715,0.35886251153426724
0.8951663527934715,0.3588324106693508
0.8951663527934715,0.3588023148536442
0.8951663527934715,0.3587722240858772
0.8951663527934715,0.35874213836477986
0.8951663527934715,0.35871205768908265
0.8951663527934715,0.35868198205751656
0.8951663527934715,0.35865191146881287
0.8951663527934715,0.35862184592170343
0.8951663527934715,0.35859178541492037
0.8951663527934715,0.3585617299471964
0.8951663527934715,0.3585316795172645
0.8951663527934715,0.3585016341238582
0.8951663527934715,0.3584715937657114
0.8951663527934715,0.35844155844155845
0.8951663527934715,0.35841152815013405
0.8951663527934715,0.3583815028901734
0.8951663527934715,0.3583514826604121
0.8951663527934715,0.3583214674595862
0.8951663527934715,0.35829145728643214
0.8951663527934715,0.3582614521396868
0.8951663527934715,0.3582314520180874
0.8951663527934715,0.35820145692037175
0.8951663527934715,0.35817146684527795
0.8951663527934715,0.3581414817915446
0.8951663527934715,0.3581115017579106
0.8951663527934715,0.35808152674311544
0.8951663527934715,0.3580515567458989
0.8951663527934715,0.35802159176500126
0.8951663527934715,0.35799163179916316
0.8951663527934715,0.35796167684712576
0.8951663527934715,0.35793172690763053
0.8951663527934715,0.3579017819794194
0.8951663527934715,0.35787184206123474
0.8951663527934715,0.35784190715181935
0.8951663527934715,0.35781197724991637
0.8951663527934715,0.35778205235426946
0.8951663527934715,0.3577521324636227
0.8951663527934715,0.35772221757672046
0.8951663527934715,0.3576923076923077
0.8951663527934715,0.3576624028091297
0.8951663527934715,0.3576325029259321
0.8951663527934715,0.35760260804146116
0.8951663527934715,0.3575727181544634
0.8951663527934715,0.35754283326368574
0.8951663527934715,0.35751295336787564
0.8951663527934715,0.3574830784657809
0.8951663527934715,0.35745320855614976
0.8951663527934715,0.3574233436377308
0.8951663527934715,0.3573934837092732
0.8951663527934715,0.3573636287695264
0.8951663527934715,0.3573337788172402
0.8951663527934715,0.3573039338511651
0.8951663527934715,0.35727409387005177
0.8951663527934715,0.3572442588726514
0.8951663527934715,0.3572144288577154
0.8951663527934715,0.35718460382399597
0.8951663527934715,0.35715478377024545
0.8951663527934715,0.35712496869521665
0.8951663527934715,0.3570951585976628
0.8951663527934715,0.35706535347633755
0.8951663527934715,0.357035553329995
0.8951663527934715,0.3570057581573896
0.8951663527934715,0.3569759679572764
0.8951663527934715,0.3569461827284105
0.8951663527934715,0.3569164024695478
0.8951663527934715,0.3568866271794444
0.8951663527934715,0.35685685685685686
0.8951663527934715,0.35682709150054215
0.8951663527934715,0.3567973311092577
0.8951663527934715,0.3567675756817613
0.8951663527934715,0.3567378252168112
0.8951663527934715,0.35670807971316604
0.8951663527934715,0.3566783391695848
0.8951663527934715,0.35664860358482703
0.8951663527934715,0.35661887295765254
0.8951663527934715,0.35658914728682173
0.8951663527934715,0.3565594265710952
0.8951663527934715,0.3565297108092341
0.8951663527934715,0.3565
0.8951663527934715,0.3564702941421548
0.8951663527934715,0.3564405932344609
0.8951663527934715,0.3564108972756811
0.8951663527934715,0.3563812062645785
0.8951663527934715,0.3563515201999167
0.8951663527934715,0.3563218390804598
0.8951663527934715,0.3562921629049721
0.8951663527934715,0.3562624916722185
0.8951663527934715,0.3562328253809643
0.8951663527934715,0.35620316402997504
0.8951663527934715,0.3561735076180168
0.8951663527934715,0.35614385614385613
0.8951663527934715,0.3561142096062599
0.8951663527934715,0.35608456800399535
0.8951663527934715,0.3560549313358302
0.8951663527934715,0.35602529960053264
0.8951663527934715,0.3559956727968711
0.8951663527934715,0.35596605092361455
0.8951663527934715,0.3559364339795324
0.8951663527934715,0.35590682196339435
0.8951663527934715,0.35587721487397056
0.8953756015902908,0.3559307935451672
0.8953756015902908,0.3559011893870082
0.8953756015902908,0.3558715901530273
0.8953756015902908,0.35584199584199583
0.8953756015902908,0.35581240645268586
0.8953756015902908,0.3557828219838696
0.8953756015902908,0.35575324243431994
0.8953756015902908,0.3557236678028099
0.8953756015902908,0.35569409808811303
0.8953756015902908,0.3556645332890034
0.8953756015902908,0.3556349734042553
0.8953756015902908,0.35560541843264354
0.8953756015902908,0.3555758683729433
0.8953756015902908,0.3555463232239302
0.8953756015902908,0.3555167829843802
0.8953756015902908,0.3554872476530697
0.8953756015902908,0.35545771722877556
0.8953756015902908,0.35542819171027495
0.8953756015902908,0.35539867109634554
0.8953756015902908,0.3553691553857653
0.8953756015902908,0.35533964457731276
0.8953756015902908,0.3553101386697667
0.8953756015902908,0.3552806376619063
0.8953756015902908,0.3552511415525114
0.8953756015902908,0.35522165034036196
0.8953756015902908,0.3551921640242384
0.8953756015902908,0.35516268260292166
0.8953756015902908,0.35513320607519294
0.8953756015902908,0.355103734439834
0.8953756015902908,0.35507426769562694
0.8953756015902908,0.3550448058413541
0.8953756015902908,0.35501534887579855
0.8953756015902908,0.3549858967977435
0.8953756015902908,0.3549564496059726
0.8953756015902908,0.35492700729927007
0.8953756015902908,0.35489756987642035
0.8953756015902908,0.3548681373362083
0.8953756015902908,0.3548387096774194
0.8953756015902908,0.3548092868988391
0.8953756015902908,0.3547798689992538
0.8953756015902908,0.35475045597744986
0.8953756015902908,0.3547210478322142
0.8953756015902908,0.3546916445623342
0.8953756015902908,0.3546622461665976
0.8953756015902908,0.35463285264379246
0.8953756015902908,0.35460346399270737
0.8953756015902908,0.35457408021213127
0.8953756015902908,0.3545447013008534
0.8953756015902908,0.3545153272576636
0.8953756015902908,0.354485958081352
0.8953756015902908,0.3544565937707091
0.8953756015902908,0.3544272343245258
0.8953756015902908,0.3543978797415935
0.8953756015902908,0.35436853002070395
0.8953756015902908,0.3543391851606492
0.8953756015902908,0.3543098451602219
0.8953756015902908,0.3542805100182149
0.8953756015902908,0.35425117973342163
0.8953756015902908,0.35422185430463576
0.8953756015902908,0.35419253373065146
0.8953756015902908,0.3541632180102632
0.8953756015902908,0.354133907142266
0.8953756015902908,0.35410460112545517
0.8953756015902908,0.3540752999586264
0.8953756015902908,0.35404600364057587
0.8953756015902908,0.3540167121701001
0.8953756015902908,0.35398742554599605
0.8953756015902908,0.353958143767061
0.8953756015902908,0.3539288668320926
0.8953756015902908,0.3538995947398892
0.8953756015902908,0.35387032748924907
0.8953756015902908,0.3538410650789713
0.8953756015902908,0.3538118075078551
0.8953756015902908,0.3537825547747003
0.8953756015902908,0.35375330687830686
0.8953756015902908,0.3537240638174754
0.8953756015902908,0.3536948255910068
0.8953756015902908,0.35366559219770227
0.8953756015902908,0.35363636363636364
0.8953756015902908,0.3536071399057929
0.8953756015902908,0.3535779210047926
0.8953756015902908,0.35354870693216556
0.8953756015902908,0.35351949768671515
0.8953756015902908,0.35349029326724496
0.8953756015902908,0.35346109367255907
0.8953756015902908,0.353431898901462
0.8953756015902908,0.3534027089527585
0.8953756015902908,0.35337352382525394
0.8953756015902908,0.3533443435177539
0.8953756015902908,0.3533151680290645
0.8953756015902908,0.3532859973579921
0.8953756015902908,0.3532568315033435
0.8953756015902908,0.35322767046392606
0.8953756015902908,0.35319851423854726
0.8953756015902908,0.3531693628260152
0.8953756015902908,0.35314021622513825
0.8953756015902908,0.3531110744347252
0.8953756015902908,0.3530819374535853
0.8953756015902908,0.35305280528052807
0.8953756015902908,0.3530236779143635
0.8953756015902908,0.352994555353902
0.8953756015902908,0.3529654375979543
0.8953756015902908,0.3529363246453316
0.8953756015902908,0.35290721649484535
0.8953756015902908,0.3528781131453076
0.8953756015902908,0.35284901459553064
0.8953756015902908,0.3528199208443272
0.8953756015902908,0.35279083189051036
0.8953756015902908,0.35276174773289365
0.8953756015902908,0.352732668370291
0.8953756015902908,0.35270359380151667
0.8953756015902908,0.3526745240253853
0.8953756015902908,0.35264545904071204
0.8953756015902908,0.3526163988463123
0.8953756015902908,0.35258734344100195
0.8953756015902908,0.35255829282359724
0.8953756015902908,0.3525292469929148
0.8953756015902908,0.35250020594777165
0.8953756015902908,0.35247116968698516
0.8953756015902908,0.3524421382093732
0.8953756015902908,0.35241311151375393
0.8953756015902908,0.3523840895989459
0.8953756015902908,0.3523550724637681
0.8953756015902908,0.35232606010703993
0.8953756015902908,0.3522970525275811
0.8953756015902908,0.3522680497242117
0.8953756015902908,0.35223905169575237
0.8953756015902908,0.35221005844102393
0.8953756015902908,0.35218106995884774
0.8953756015902908,0.35215208624804545
0.8953756015902908,0.3521231073074391
0.8953756015902908,0.35209413313585125
0.8953756015902908,0.35206516373210467
0.8953756015902908,0.35203619909502265
0.8953756015902908,0.35200723922342875
0.8953756015902908,0.35197828411614707
0.8953756015902908,0.351949333772002
0.8953756015902908,0.35192038818981825
0.8953756015902908,0.35189144736842104
0.8953756015902908,0.351862511306636
0.8953756015902908,0.35183358000328896
0.8953756015902908,0.3518046534572063
0.8953756015902908,0.3517757316672147
0.8953756015902908,0.3517468146321414
0.8953756015902908,0.35171790235081374
0.8953756015902908,0.3516889948220597
0.8953756015902908,0.35166009204470744
0.8953756015902908,0.3516311940175857
0.8953756015902908,0.3516023007395234
0.8953756015902908,0.35157341220935007
0.8953756015902908,0.3515445284258955
0.8953756015902908,0.3515156493879898
0.8953756015902908,0.35148677509446363
0.8953756015902908,0.35145790554414785
0.8953756015902908,0.35142904073587383
0.8953756015902908,0.35140018066847334
0.8953756015902908,0.3513713253407785
0.8953756015902908,0.35134247475162167
0.8953756015902908,0.3513136288998358
0.8953756015902908,0.35128478778425415
0.8953756015902908,0.3512559514037104
0.8953756015902908,0.3512271197570385
0.8953756015902908,0.35119829284307286
0.8953756015902908,0.35116947066064835
0.8953756015902908,0.35114065320860005
0.8953756015902908,0.3511118404857635
0.8953756015902908,0.3510830324909747
0.8953756015902908,0.35105422922307
0.8953756015902908,0.351025430680886
0.8953756015902908,0.35099663686325977
0.8953756015902908,0.3509678477690289
0.8953756015902908,0.35093906339703107
0.8953756015902908,0.35091028374610467
0.8953756015902908,0.3508815088150882
0.8953756015902908,0.3508527386028206
0.8953756015902908,0.35082397310814134
0.8953756015902908,0.35079521232989014
0.8953756015902908,0.3507664562669071
0.8953756015902908,0.3507377049180328
0.8953756015902908,0.350708958282108
0.8953756015902908,0.3506802163579741
0.8953756015902908,0.35065147914447264
0.8953756015902908,0.35062274664044574
0.8953756015902908,0.3505940188447358
0.8953756015902908,0.3505652957561855
0.8953756015902908,0.3505365773736381
0.8953756015902908,0.3505078636959371
0.8953756015902908,0.3504791547219264
0.8953756015902908,0.3504504504504504
0.8953756015902908,0.35042175088035377
0.8953756015902908,0.3503930560104815
0.8953756015902908,0.350364365839679
0.8953756015902908,0.3503356803667922
0.8953756015902908,0.3503069995906672
0.8953756015902908,0.35027832351015065
0.8953756015902908,0.3502496521240894
0.8953756015902908,0.35022098543133084
0.8953756015902908,0.35019232343072265
0.8953756015902908,0.35016366612111294
0.8953756015902908,0.3501350135013501
0.8953756015902908,0.3501063655702831
0.8953756015902908,0.35007772232676104
0.8953756015902908,0.3500490837696335
0.8953756015902908,0.3500204498977505
0.8953756015902908,0.3499918207099624
0.8953756015902908,0.34996319620511984
0.8953756015902908,0.3499345763820739
0.8953756015902908,0.34990596123967616
0.8953756015902908,0.3498773507767784
0.8953756015902908,0.34984874499223284
0.8953756015902908,0.3498201438848921
0.8953756015902908,0.3497915474536091
0.8953756015902908,0.3497629556972372
0.8953756015902908,0.34973436861463014
0.8953756015902908,0.34970578620464204
0.8953756015902908,0.3496772084661273
0.8953756015902908,0.34964863539794083
0.8953756015902908,0.34962006699893783
0.8953756015902908,0.34959150326797384
0.8953756015902908,0.34956294420390494
0.8953756015902908,0.3495343898055873
0.8953756015902908,0.3495058400718778
0.8953756015902908,0.34947729500163344
0.8953756015902908,0.3494487545937117
0.8953756015902908,0.34942021884697044
0.8953756015902908,0.3493916877602678
0.8953756015902908,0.3493631613324624
0.8953756015902908,0.3493346395624133
0.8953756015902908,0.3493061224489796
0.8953756015902908,0.34927760999102114
0.8953756015902908,0.34924910218739796
0.8953756015902908,0.34922059903697056
0.8953756015902908,0.3491921005385996
0.8953756015902908,0.3491636066911465
0.8953756015902908,0.3491351174934726
0.8953756015902908,0.3491066329444399
0.8953756015902908,0.34907815304291073
0.8953756015902908,0.34904967778774776
0.8953756015902908,0.34902120717781404
0.8953756015902908,0.34899274121197293
0.8953756015902908,0.34896427988908824
0.8953756015902908,0.34893582320802413
0.8953756015902908,0.34890737116764514
0.8953756015902908,0.3488789237668161
0.8953756015902908,0.3488504810044024
0.8953756015902908,0.3488220428792696
0.8953756015902908,0.34879360939028364
0.8953756015902908,0.348765180536311
0.8953756015902908,0.3487367563162184
0.8953756015902908,0.34870833672887297
0.8953756015902908,0.3486799217731421
0.8953756015902908,0.34865151144789375
0.8953756015902908,0.34862310575199607
0.8953756015902908,0.34859470468431775
0.8953756015902908,0.3485663082437276
0.8953756015902908,0.34853791642909504
0.8953756015902908,0.3485095292392898
0.8953756015902908,0.34848114667318186
0.8953756015902908,0.3484527687296417
0.8953756015902908,0.3484243954075401
0.8953756015902908,0.34839602670574826
0.8953756015902908,0.3483676626231377
0.8953756015902908,0.34833930315858025
0.8953756015902908,0.34831094831094833
0.8953756015902908,0.34828259807911444
0.8953756015902908,0.34825425246195163
0.8953756015902908,0.3482259114583333
0.8953756015902908,0.3481975750671332
0.8953756015902908,0.34816924328722537
0.8953756015902908,0.3481409161174843
0.8953756015902908,0.3481125935567849
0.8953756015902908,0.3480842756040023
0.8953756015902908,0.34805596225801205
0.8953756015902908,0.3480276535176901
0.8953756015902908,0.3479993493819128
0.8953756015902908,0.3479710498495568
0.8953756015902908,0.3479427549194991
0.8953756015902908,0.34791446459061715
0.8953756015902908,0.34788617886178863
0.8953756015902908,0.34785789773189174
0.8953756015902908,0.34782962119980493
0.8953756015902908,0.34780134926440703
0.8953756015902908,0.3477730819245774
0.8953756015902908,0.3477448191791955
0.8953756015902908,0.3477165610271412
0.8953756015902908,0.347688307467295
0.8953756015902908,0.34766005849853754
0.8953756015902908,0.34763181411974975
0.8953756015902908,0.34760357432981315
0.8953756015902908,0.34757533912760946
0.8953756015902908,0.3475471085120208
0.8953756015902908,0.3475188824819297
0.8953756015902908,0.34749066103621895
0.8953756015902908,0.3474624441737718
0.8953756015902908,0.3474342318934719
0.8953756015902908,0.34740602419420313
0.8953756015902908,0.3473778210748498
0.8953756015902908,0.34734962253429663
0.8953756015902908,0.34732142857142856
0.8953756015902908,0.34729323918513105
0.8953756015902908,0.3472650543742899
0.8953756015902908,0.34723687413779114
0.8953756015902908,0.34720869847452124
0.8953756015902908,0.34718052738336713
0.8953756015902908,0.347152360863216
0.8953756015902908,0.3471241989129553
0.8953756015902908,0.34709604153147305
0.8953756015902908,0.34706788871765754
0.8953756015902908,0.34703974047039743
0.8953756015902908,0.3470115967885816
0.8953756015902908,0.34698345767109956
0.8953756015902908,0.346955323116841
0.8953756015902908,0.34692719312469594
0.8953756015902908,0.34689906769355494
0.8953756015902908,0.3468709468223087
0.8953756015902908,0.34684283050984843
0.8953756015902908,0.34681471875506564
0.8953756015902908,0.34678661155685225
0.8953756015902908,0.3467585089141005
0.8953756015902908,0.34673041082570294
0.8953756015902908,0.34670231729055256
0.8953756015902908,0.34667422830754274
0.8953756015902908,0.3466461438755671
0.8953756015902908,0.34661806399351963
0.8953756015902908,0.34658998866029483
0.8953756015902908,0.3465619178747874
0.8953756015902908,0.34653385163589245
0.8953756015902908,0.34650578994250547
0.8953756015902908,0.3464777327935223
0.8953756015902908,0.34644968018783906
0.8953756015902908,0.34642163212435234
0.8953756015902908,0.346393588601959
0.8953756015902908,0.3463655496195564
0.8953756015902908,0.3463375151760421
0.8953756015902908,0.346309485270314
0.8953756015902908,0.3462814599012705
0.8953756015902908,0.3462534390678103
0.8953756015902908,0.34622542276883245
0.8953756015902908,0.34619741100323626
0.8953756015902908,0.3461694037699215
0.8953756015902908,0.3461414010677884
0.8953756015902908,0.3461134028957373
0.8953756015902908,0.34608540925266906
0.8953756015902908,0.34605742013748486
0.8953756015902908,0.3460294355490862
0.8953756015902908,0.346001455486375
0.8953756015902908,0.34597347994825356
0.8953756015902908,0.34594550893362436
0.8953756015902908,0.34591754244139045
0.8953756015902908,0.3458895804704551
0.8953756015902908,0.34586162301972195
0.8953756015902908,0.34583367008809507
0.8953756015902908,0.34580572167447876
0.8953756015902908,0.3457777777777778
0.8953756015902908,0.3457498383968972
0.8953756015902908,0.3457219035307425
0.8953756015902908,0.3456939731782194
0.8953756015902908,0.3456660473382341
0.8953756015902908,0.34563812600969307
0.8953756015902908,0.3456102091915031
0.8953756015902908,0.34558229688257147
0.8953756015902908,0.3455543890818057
0.8953756015902908,0.3455264857881137
0.8953756015902908,0.3454985870004037
0.8953756015902908,0.34547069271758435
0.8953756015902908,0.3454428029385646
0.8953756015902908,0.3454149176622538
0.8953756015902908,0.34538703688756156
0.8953756015902908,0.3453591606133979
0.8953756015902908,0.34533128883867326
0.8953756015902908,0.34530342156229826
0.8953756015902908,0.34527555878318406
0.8953756015902908,0.34524770050024206
0.8953756015902908,0.34521984671238404
0.8953756015902908,0.3451919974185221
0.8953756015902908,0.3451641526175688
0.8953756015902908,0.34513631230843683
0.8953756015902908,0.3451084764900395
0.8953756015902908,0.34508064516129033
0.8953756015902908,0.3450528183211031
0.8953756015902908,0.3450249959683922
0.8953756015902908,0.3449971781020721
0.8953756015902908,0.3449693647210577
0.8953756015902908,0.3449415558242644
0.8953756015902908,0.34491375141060776
0.8953756015902908,0.3448859514790038
0.8953756015902908,0.3448581560283688
0.8953756015902908,0.3448303650576195
0.8953756015902908,0.34480257856567287
0.8953756015902908,0.34477479655144627
0.8953756015902908,0.34474701901385757
0.8953756015902908,0.3447192459518247
0.8953756015902908,0.34469147736426614
0.8953756015902908,0.3446637132501007
0.8953756015902908,0.34463595360824745
0.8953756015902908,0.34460819843762586
0.8953756015902908,0.34458044773715574
0.8953756015902908,0.3445527015057573
0.8953756015902908,0.34452495974235103
0.8953756015902908,0.34449722244585784
0.8953756015902908,0.34446948961519885
0.8953756015902908,0.34444176124929565
0.8953756015902908,0.3444140373470702
0.8953756015902908,0.3443863179074447
0.8953756015902908,0.34435860292934173
0.8953756015902908,0.34433089241168424
0.8953756015902908,0.3443031863533956
0.8953756015902908,0.3442754847533993
0.8953756015902908,0.34424778761061947
0.8953756015902908,0.34422009492398037
0.8953756015902908,0.3441924066924067
0.8953756015902908,0.3441647229148235
0.8953756015902908,0.344137043590156
0.8953756015902908,0.3441093687173301
0.8953756015902908,0.3440816982952718
0.8953756015902908,0.34405403232290743
0.8953756015902908,0.34402637079916387
0.8953756015902908,0.3439987137229681
0.8953756015902908,0.3439710610932476
0.8953756015902908,0.34394341290893016
0.8953756015902908,0.3439157691689439
0.8953756015902908,0.3438881298722173
0.8953756015902908,0.3438604950176792
0.8953756015902908,0.3438328646042587
0.8953756015902908,0.3438052386308854
0.8953756015902908,0.34377761709648913
0.8953756015902908,0.34375
0.8953756015902908,0.3437223873403486
0.8953756015902908,0.34369477911646584
0.8953756015902908,0.34366717532728297
0.8953756015902908,0.34363957597173145
0.8953756015902908,0.3436119810487433
0.8953756015902908,0.3435843905572507
0.8953756015902908,0.34355680449618625
0.8953756015902908,0.34352922286448295
0.8953756015902908,0.3435016456610741
0.8953756015902908,0.34347407288489323
0.8953756015902908,0.3434465045348744
0.8953756015902908,0.3434189406099519
0.8953756015902908,0.34339138110906026
0.8953756015902908,0.34336382603113463
0.8953756015902908,0.3433362753751103
0.8953756015902908,0.343308729139923
0.8953756015902908,0.34328118732450863
0.8953756015902908,0.3432536499278036
0.8953756015902908,0.34322611694874466
0.8953756015902908,0.3431985883862688
0.8953756015902908,0.3431710642393135
0.8953756015902908,0.34314354450681633
0.8953756015902908,0.3431160291877155
0.8953756015902908,0.34308851828094933
0.8953756015902908,0.34306101178545656
0.8953756015902908,0.3430335097001764
0.8953756015902908,0.3430060120240481
0.8953756015902908,0.34297851875601154
0.8953756015902908,0.3429510298950068
0.8953756015902908,0.34292354543997433
0.8953756015902908,0.34289606538985495
0.8953756015902908,0.34286858974358975
0.8953756015902908,0.34284111850012017
0.8953756015902908,0.34281365165838806
0.8953756015902908,0.34278618921733556
0.8953756015902908,0.34275873117590516
0.8953756015902908,0.34273127753303967
0.8953756015902908,0.3427038282876822
0.8955848503871102,0.3427564667253944
0.8955848503871102,0.3427290198590647
0.8955848503871102,0.34270157738810153
0.8955848503871102,0.34267413931144913
0.8955848503871102,0.3426467056280522
0.8955848503871102,0.34261927633685557
0.8955848503871102,0.3425918514368046
0.8957940991839297,0.34264446934528575
0.8957940991839297,0.3426170468187275
0.8957940991839297,0.342589628681178
0.8957940991839297,0.34256221493158356
0.8957940991839297,0.34253480556889104
0.8957940991839297,0.3425074005920474
0.8957940991839297,0.34248
0.8957940991839297,0.3424526037916967
0.8957940991839297,0.34242521196608544
0.8957940991839297,0.3423978245221147
0.8957940991839297,0.3423704414587332
0.8957940991839297,0.34234306277489
0.8957940991839297,0.34231568846953464
0.8957940991839297,0.3422883185416167
0.8957940991839297,0.34226095299008635
0.8957940991839297,0.342233591813894
0.8957940991839297,0.34220623501199043
0.8957940991839297,0.3421788825833267
0.8957940991839297,0.3421515345268542
0.8957940991839297,0.3421241908415248
0.8957940991839297,0.34209685152629055
0.8957940991839297,0.34206951658010387
0.8957940991839297,0.34204218600191755
0.8957940991839297,0.3420148597906847
0.8957940991839297,0.3419875379453587
0.8957940991839297,0.3419602204648934
0.8957940991839297,0.34193290734824283
0.8957940991839297,0.3419055985943615
0.8957940991839297,0.3418782942022041
0.8957940991839297,0.34185099417072584
0.8957940991839297,0.34182369849888217
0.8957940991839297,0.34179640718562876
0.8957940991839297,0.3417691202299218
0.8957940991839297,0.34174183763071764
0.8957940991839297,0.3417145593869732
0.8957940991839297,0.3416872854976455
0.8957940991839297,0.34166001596169193
0.8957940991839297,0.34163275077807037
0.8957940991839297,0.3416054899457389
0.8957940991839297,0.34157823346365596
0.8957940991839297,0.34155098133078027
0.8957940991839297,0.341523733546071
0.8957940991839297,0.34149649010848754
0.8957940991839297,0.3414692510169897
0.8957940991839297,0.34144201627053755
0.8957940991839297,0.34141478586809154
0.8957940991839297,0.34138755980861246
0.8957940991839297,0.3413603380910613
0.8957940991839297,0.34133312071439964
0.8957940991839297,0.3413059076775891
0.8957940991839297,0.34127869897959184
0.8957940991839297,0.34125149461937027
0.8957940991839297,0.34122429459588716
0.8957940991839297,0.3411970989081055
0.8957940991839297,0.3411699075549888
0.8957940991839297,0.3411427205355008
0.8957940991839297,0.3411155378486056
0.8957940991839297,0.3410883594932675
0.8957940991839297,0.34106118546845127
0.8957940991839297,0.341034015773122
0.8957940991839297,0.341006850406245
0.8957940991839297,0.34097968936678613
0.8957940991839297,0.3409525326537114
0.8957940991839297,0.3409253802659871
0.8957940991839297,0.34089823220258003
0.8957940991839297,0.34087108846245723
0.8957940991839297,0.340843949044586
0.8957940991839297,0.34081681394793406
0.8957940991839297,0.3407896831714695
0.8957940991839297,0.3407625567141606
0.8957940991839297,0.3407354345749761
0.8957940991839297,0.340708316752885
0.8957940991839297,0.3406812032468566
0.8957940991839297,0.3406540940558606
0.8957940991839297,0.34062698917886697
0.8957940991839297,0.340599888614846
0.8957940991839297,0.3405727923627685
0.8957940991839297,0.34054570042160526
0.8957940991839297,0.3405186127903277
0.8957940991839297,0.3404915294679074
0.8957940991839297,0.34046445045331636
0.8957940991839297,0.34043737574552685
0.8957940991839297,0.34041030534351147
0.8957940991839297,0.34038323924624314
0.8957940991839297,0.3403561774526952
0.8957940991839297,0.3403291199618412
0.8957940991839297,0.340302066772655
0.8957940991839297,0.34027501788411096
0.8957940991839297,0.3402479732951836
0.8957940991839297,0.3402209330048478
0.8957940991839297,0.3401938970120788
0.8957940991839297,0.3401668653158522
0.8957940991839297,0.3401398379151438
0.8957940991839297,0.34011281480892985
0.8957940991839297,0.3400857959961868
0.8957940991839297,0.34005878147589164
0.8957940991839297,0.34003177124702144
0.8957940991839297,0.3400047653085537
0.8957940991839297,0.3399777636594663
0.8957940991839297,0.3399507662987374
0.8957940991839297,0.3399237732253454
0.8957940991839297,0.33989678443826915
0.8957940991839297,0.33986979993648775
0.8957940991839297,0.3398428197189807
0.8957940991839297,0.33981584378472773
0.8957940991839297,0.3397888721327089
0.8957940991839297,0.33976190476190476
0.8957940991839297,0.3397349416712959
0.8957940991839297,0.33970798285986353
0.8957940991839297,0.3396810283265889
0.8957940991839297,0.33965407807045384
0.8957940991839297,0.3396271320904403
0.8957940991839297,0.3396001903855307
0.8957940991839297,0.3395732529547077
0.8957940991839297,0.3395463197969543
0.8957940991839297,0.3395193909112539
0.8957940991839297,0.33949246629659
0.8957940991839297,0.3394655459519467
0.8957940991839297,0.3394386298763083
0.8957940991839297,0.33941171806865933
0.8957940991839297,0.3393848105279848
0.8957940991839297,0.3393579072532699
0.8957940991839297,0.3393310082435003
0.8957940991839297,0.3393041134976619
0.8957940991839297,0.33927722301474084
0.8957940991839297,0.33925033679372374
0.8957940991839297,0.33922345483359745
0.8957940991839297,0.33919657713334916
0.8957940991839297,0.3391697036919664
0.8957940991839297,0.33914283450843696
0.8957940991839297,0.33911596958174905
0.8957940991839297,0.3390891089108911
0.8957940991839297,0.3390622524948519
0.8957940991839297,0.3390354003326206
0.8957940991839297,0.33900855242318656
0.8957940991839297,0.3389817087655396
0.8957940991839297,0.3389548693586698
0.8957940991839297,0.3389280342015676
0.8957940991839297,0.33890120329322354
0.8957940991839297,0.3388743766326288
0.8957940991839297,0.3388475542187747
0.8957940991839297,0.33882073605065294
0.8957940991839297,0.33879392212725545
0.8957940991839297,0.33876711244757457
0.8957940991839297,0.3387403070106029
0.8957940991839297,0.3387135058153335
0.8957940991839297,0.33868670886075947
0.8957940991839297,0.33865991614587454
0.8957940991839297,0.3386331276696725
0.8957940991839297,0.33860634343114765
0.8957940991839297,0.3385795634292945
0.8957940991839297,0.3385527876631079
0.8957940991839297,0.3385260161315831
0.8957940991839297,0.3384992488337155
0.8957940991839297,0.338472485768501
0.8957940991839297,0.3384457269349356
0.8957940991839297,0.3384189723320158
0.8957940991839297,0.3383922219587384
0.8957940991839297,0.33836547581410054
0.8957940991839297,0.3383387338970995
0.8957940991839297,0.338311996206733
0.8957940991839297,0.3382852627419992
0.8957940991839297,0.33825853350189633
0.8957940991839297,0.3382318084854231
0.8957940991839297,0.3382050876915784
0.8957940991839297,0.3381783711193617
0.8957940991839297,0.33815165876777253
0.8957940991839297,0.3381249506358108
0.8957940991839297,0.3380982467224767
0.8957940991839297,0.3380715470267709
0.8957940991839297,0.33804485154769426
0.8957940991839297,0.3380181602842479
0.8957940991839297,0.33799147323543344
0.8957940991839297,0.3379647904002526
0.8957940991839297,0.3379381117777076
0.8957940991839297,0.33791143736680085
0.8957940991839297,0.33788476716653515
0.8957940991839297,0.3378581011759135
0.8957940991839297,0.3378314393939394
0.8957940991839297,0.3378047818196165
0.8957940991839297,0.3377781284519489
0.8957940991839297,0.3377514792899408
0.8957940991839297,0.33772483433259703
0.8957940991839297,0.33769819357892245
0.8957940991839297,0.3376715570279224
0.8957940991839297,0.3376449246786024
0.8957940991839297,0.33761829652996844
0.8957940991839297,0.33759167258102674
0.8957940991839297,0.3375650528307838
0.8957940991839297,0.33753843727824645
0.8957940991839297,0.33751182592242196
0.8957940991839297,0.3374852187623177
0.8957940991839297,0.33745861579694153
0.8957940991839297,0.3374320170253015
0.8957940991839297,0.33740542244640603
0.8957940991839297,0.33737883205926394
0.8957940991839297,0.33735224586288415
0.8957940991839297,0.3373256638562761
0.8957940991839297,0.33729908603844944
0.8957940991839297,0.3372725124084141
0.8957940991839297,0.3372459429651804
0.8957940991839297,0.33721937770775895
0.8957940991839297,0.3371928166351607
0.8957940991839297,0.3371662597463968
0.8957940991839297,0.3371397070404788
0.8957940991839297,0.3371131585164186
0.8957940991839297,0.3370866141732283
0.8957940991839297,0.3370600740099205
0.8957940991839297,0.3370335380255078
0.8957940991839297,0.33700700621900337
0.8957940991839297,0.33698047858942065
0.8957940991839297,0.3369539551357733
0.8957940991839297,0.3369274358570754
0.8957940991839297,0.33690092075234124
0.8957940991839297,0.3368744098205855
0.8957940991839297,0.336847903060823
0.8957940991839297,0.3368214004720692
0.8957940991839297,0.3367949020533396
0.8957940991839297,0.3367684078036501
0.8957940991839297,0.33674191772201684
0.8957940991839297,0.33671543180745633
0.8957940991839297,0.33668895005898547
0.8957940991839297,0.33666247247562125
0.8957940991839297,0.3366359990563812
0.8957940991839297,0.3366095298002831
0.8957940991839297,0.33658306470634486
0.8957940991839297,0.33655660377358493
0.8957940991839297,0.3365301470010219
0.8957940991839297,0.3365036943876749
0.8957940991839297,0.33647724593256306
0.8957940991839297,0.3364508016347061
0.8957940991839297,0.33642436149312377
0.8957940991839297,0.3363979255068364
0.8957940991839297,0.33637149367486446
0.8957940991839297,0.33634506599622876
0.8957940991839297,0.3363186424699505
0.8957940991839297,0.3362922230950511
0.8957940991839297,0.3362658078705522
0.8957940991839297,0.336239396795476
0.8957940991839297,0.33621298986884474
0.8957940991839297,0.3361865870896812
0.8957940991839297,0.33616018845700824
0.8957940991839297,0.33613379396984927
0.8957940991839297,0.33610740362722774
0.8957940991839297,0.3360810174281677
0.8957940991839297,0.3360546353716932
0.8957940991839297,0.3360282574568289
0.8957940991839297,0.3360018836825995
0.8957940991839297,0.3359755140480301
0.8957940991839297,0.3359491485521463
0.8957940991839297,0.3359227871939736
0.8957940991839297,0.33589642997253827
0.8957940991839297,0.3358700768868665
0.8957940991839297,0.33584372793598494
0.8957940991839297,0.3358173831189206
0.8957940991839297,0.33579104243470076
0.8957940991839297,0.33576470588235297
0.8957940991839297,0.335738373460905
0.8957940991839297,0.3357120451693852
0.8957940991839297,0.3356857210068219
0.8957940991839297,0.335659400972244
0.8957940991839297,0.33563308506468054
0.8957940991839297,0.33560677328316085
0.8957940991839297,0.33558046562671473
0.8957940991839297,0.33555416209437217
0.8957940991839297,0.33552786268516344
0.8957940991839297,0.33550156739811915
0.8957940991839297,0.3354752762322702
0.8957940991839297,0.33544898918664784
0.8957940991839297,0.33542270626028364
0.8957940991839297,0.3353964274522093
0.8957940991839297,0.3353701527614571
0.8957940991839297,0.33534388218705935
0.8957940991839297,0.33531761572804886
0.8957940991839297,0.33529135338345867
0.8957940991839297,0.33526509515232206
0.8957940991839297,0.3352388410336727
0.8957940991839297,0.3352125910265445
0.8957940991839297,0.3351863451299718
0.8957940991839297,0.3351601033429891
0.8957940991839297,0.33513386566463127
0.8957940991839297,0.33510763209393346
0.8957940991839297,0.33508140262993114
0.8957940991839297,0.33505517727166
0.8957940991839297,0.3350289560181562
0.8957940991839297,0.33500273886845605
0.8957940991839297,0.33497652582159626
0.8957940991839297,0.3349503168766137
0.8957940991839297,0.33492411203254574
0.8957940991839297,0.33489791128842994
0.8957940991839297,0.3348717146433041
0.8957940991839297,0.3348455220962065
0.8957940991839297,0.3348193336461755
0.8957940991839297,0.33479314929224996
0.8957940991839297,0.33476696903346886
0.8957940991839297,0.3347407928688717
0.8957940991839297,0.33471462079749803
0.8957940991839297,0.33468845281838794
0.8957940991839297,0.3346622889305816
0.8957940991839297,0.3346361291331197
0.8957940991839297,0.334609973425043
0.8957940991839297,0.33458382180539276
0.8957940991839297,0.33455767427321037
0.8957940991839297,0.3345315308275377
0.8957940991839297,0.33450539146741676
0.8957940991839297,0.33447925619189
0.8957940991839297,0.334453125
0.8957940991839297,0.3344269978907898
0.8957940991839297,0.3344008748633026
0.8957940991839297,0.33437475591658206
0.8957940991839297,0.334348641049672
0.8957940991839297,0.33432253026161657
0.8957940991839297,0.3342964235514603
0.8957940991839297,0.3342703209182478
0.8957940991839297,0.33424422236102436
0.8957940991839297,0.3342181278788352
0.8957940991839297,0.334192037470726
0.8957940991839297,0.3341659511357427
0.8957940991839297,0.3341398688729316
0.8957940991839297,0.3341137906813393
0.8957940991839297,0.33408771656001246
0.8957940991839297,0.33406164650799847
0.8957940991839297,0.33403558052434457
0.8957940991839297,0.33400951860809863
0.8957940991839297,0.33398346075830865
0.8957940991839297,0.33395740697402293
0.8957940991839297,0.3339313572542902
0.8957940991839297,0.3339053115981593
0.8957940991839297,0.3338792700046795
0.8957940991839297,0.3338532324729003
0.8957940991839297,0.33382719900187147
0.8957940991839297,0.33380116959064327
0.8957940991839297,0.33377514423826604
0.8957940991839297,0.33374912294379044
0.8957940991839297,0.33372310570626756
0.8957940991839297,0.3336970925247486
0.8957940991839297,0.3336710833982853
0.8957940991839297,0.3336450783259294
0.8957940991839297,0.3336190773067332
0.8957940991839297,0.3335930803397491
0.8957940991839297,0.3335670874240299
0.8957940991839297,0.33354109855862873
0.8957940991839297,0.33351511374259896
0.8957940991839297,0.33348913297499416
0.8957940991839297,0.3334631562548684
0.8957940991839297,0.3334371835812758
0.8957940991839297,0.33341121495327103
0.8957940991839297,0.3333852503699089
0.8957940991839297,0.3333592898302445
0.8957940991839297,0.3333333333333333
0.8957940991839297,0.3333073808782311
0.8957940991839297,0.3332814324639938
0.8957940991839297,0.3332554880896777
0.8957940991839297,0.33322954775433955
0.8957940991839297,0.33320361145703614
0.8957940991839297,0.33317767919682467
0.8957940991839297,0.3331517509727627
0.8957940991839297,0.33312582678390784
0.8957940991839297,0.3330999066293184
0.8957940991839297,0.3330739905080526
0.8957940991839297,0.3330480784191691
0.8957940991839297,0.33302217036172693
0.8957940991839297,0.3329962663347853
0.8957940991839297,0.33297036633740373
0.8957940991839297,0.3329444703686421
0.8957940991839297,0.33291857842756045
0.8957940991839297,0.3328926905132193
0.8957940991839297,0.33286680662467927
0.8957940991839297,0.3328409267610014
0.8957940991839297,0.33281505092124697
0.8957940991839297,0.33278917910447764
0.8957940991839297,0.33276331130975517
0.8957940991839297,0.33273744753614176
0.8957940991839297,0.33271158778269994
0.8957940991839297,0.3326857320484924
0.8957940991839297,0.33265988033258215
0.8957940991839297,0.33263403263403263
0.8957940991839297,0.3326081889519074
0.8957940991839297,0.33258234928527036
0.8957940991839297,0.3325565136331857
0.8957940991839297,0.332530681994718
0.8960033479807491,0.33258252427184465
0.8960033479807491,0.3325566946256601
0.8960033479807491,0.33253086899122464
0.8960033479807491,0.33250504736760367
0.8960033479807491,0.3324792297538629
0.8960033479807491,0.3324534161490683
0.8960033479807491,0.3324276065522863
0.8960033479807491,0.3324018009625834
0.8960033479807491,0.3323759993790266
0.8960033479807491,0.33235020180068303
0.8960033479807491,0.3323244082266201
0.8960033479807491,0.33229861865590565
0.8960033479807491,0.3322728330876077
0.8960033479807491,0.33224705152079453
0.8960033479807491,0.3322212739545349
0.8960033479807491,0.3321955003878976
0.8960033479807491,0.3321697308199519
0.8960033479807491,0.3321439652497673
0.8960033479807491,0.33211820367641354
0.8960033479807491,0.33209244609896077
0.8960033479807491,0.33206669251647924
0.8960033479807491,0.3320409429280397
0.8960033479807491,0.332015197332713
0.8960033479807491,0.33198945572957045
0.8960033479807491,0.33196371811768355
0.8960033479807491,0.33193798449612405
0.8960033479807491,0.33191225486396403
0.8960033479807491,0.33188652922027595
0.8960033479807491,0.3318608075641324
0.8960033479807491,0.3318350898946063
0.8960033479807491,0.331809376210771
0.8960033479807491,0.3317836665117
0.8960033479807491,0.331757960796467
0.8960033479807491,0.3317322590641463
0.8960033479807491,0.33170656131381204
0.8960033479807491,0.3316808675445391
0.8960033479807491,0.3316551777554024
0.8960033479807491,0.3316294919454771
0.8960033479807491,0.33160381011383877
0.8960033479807491,0.3315781322595633
0.8960033479807491,0.3315524583817267
0.8960033479807491,0.33152678847940537
0.8960033479807491,0.3315011225516761
0.8960033479807491,0.33147546059761573
0.8960033479807491,0.3314498026163016
0.8960033479807491,0.33142414860681113
0.8960033479807491,0.3313984985682223
0.8960033479807491,0.33137285249961307
0.8960033479807491,0.33134721040006193
0.8960033479807491,0.3313215722686475
0.8960033479807491,0.33129593810444874
0.8960033479807491,0.33127030790654494
0.8960033479807491,0.3312446816740156
0.8960033479807491,0.3312190594059406
0.8960033479807491,0.3311934411014
0.8960033479807491,0.3311678267594741
0.8960033479807491,0.3311422163792437
0.8960033479807491,0.33111660995978964
0.8960033479807491,0.3310910075001933
0.8960033479807491,0.3310654089995361
0.8960033479807491,0.3310398144568999
0.8960033479807491,0.33101422387136675
0.8960033479807491,0.330988637242019
0.8960033479807491,0.3309630545679394
0.8960033479807491,0.3309374758482108
0.8960033479807491,0.33091190108191654
0.8960033479807491,0.33088633026814
0.8960033479807491,0.3308607634059651
0.8960033479807491,0.3308352004944758
0.8960033479807491,0.3308096415327565
0.8960033479807491,0.33078408651989183
0.8960033479807491,0.3307585354549668
0.8960033479807491,0.3307329883370665
0.8960033479807491,0.3307074451652765
0.8960033479807491,0.3306819059386825
0.8960033479807491,0.33065637065637066
0.8960033479807491,0.3306308393174272
0.8960033479807491,0.33060531192093884
0.8960033479807491,0.33057978846599245
0.8960033479807491,0.33055426895167517
0.8960033479807491,0.3305287533770745
0.8960033479807491,0.33050324174127815
0.8962125967775685,0.3305549124025623
0.8962125967775685,0.3305294026855996
0.8962125967775685,0.3305038969056254
0.8962125967775685,0.3304783950617284
0.8962125967775685,0.33045289715299747
0.8962125967775685,0.3304274031785218
0.8962125967775685,0.33040191313739103
0.8962125967775685,0.33037642702869485
0.8962125967775685,0.33035094485152333
0.8962125967775685,0.3303254666049668
0.8962125967775685,0.33029999228811596
0.8962125967775685,0.3302745219000617
0.8962125967775685,0.33024905543989513
0.8962125967775685,0.3302235929067078
0.8962125967775685,0.3301981342995914
0.8962125967775685,0.33017267961763797
0.8962125967775685,0.33014722885993986
0.8962125967775685,0.3301217820255896
0.8962125967775685,0.33009633911368014
0.8962125967775685,0.3300709001233046
0.8962125967775685,0.3300454650535563
0.8962125967775685,0.3300200339035291
0.8962125967775685,0.32999460667231684
0.8962125967775685,0.3299691833590139
0.8962125967775685,0.32994376396271474
0.8962125967775685,0.3299183484825142
0.8962125967775685,0.3298929369175075
0.8962125967775685,0.3298675292667899
0.8962125967775685,0.3298421255294571
0.8962125967775685,0.32981672570460496
0.8962125967775685,0.3297913297913298
0.8962125967775685,0.32976593778872804
0.8962125967775685,0.3297405496958965
0.8962125967775685,0.32971516551193225
0.8962125967775685,0.32968978523593256
0.8962125967775685,0.32966440886699505
0.8962125967775685,0.32963903640421766
0.8962125967775685,0.3296136678466985
0.896421845574388,0.3296652558676414
0.896421845574388,0.3296398891966759
0.896421845574388,0.329614526429176
0.896421845574388,0.32958916756424067
0.896421845574388,0.3295638126009693
0.896421845574388,0.32953846153846156
0.896421845574388,0.32951311437581726
0.896421845574388,0.3294877711121366
0.896421845574388,0.32946243174652
0.896421845574388,0.3294370962780683
0.896421845574388,0.32941176470588235
0.896421845574388,0.3293864370290635
0.896421845574388,0.3293611132467133
0.896421845574388,0.32933579335793356
0.896421845574388,0.32931047736182645
0.896421845574388,0.32928516525749424
0.896421845574388,0.32925985704403965
0.896421845574388,0.3292345527205656
0.896421845574388,0.32920925228617537
0.896421845574388,0.32918395573997233
0.896421845574388,0.3291586630810603
0.896421845574388,0.32913337430854334
0.896421845574388,0.3291080894215257
0.896421845574388,0.32908280841911197
0.896421845574388,0.3290575313004071
0.896421845574388,0.32903225806451614
0.896421845574388,0.3290069887105445
0.896421845574388,0.3289817232375979
0.896421845574388,0.3289564616447823
0.896421845574388,0.32893120393120395
0.896421845574388,0.3289059500959693
0.896421845574388,0.32888070013818516
0.896421845574388,0.32885545405695865
0.896421845574388,0.328830211851397
0.896421845574388,0.3288049735206079
0.896421845574388,0.3287797390636992
0.896421845574388,0.328754508479779
0.896421845574388,0.3287292817679558
0.896421845574388,0.3287040589273383
0.896421845574388,0.32867883995703545
0.896421845574388,0.3286536248561565
0.896421845574388,0.328628413623811
0.896421845574388,0.3286032062591087
0.896421845574388,0.32857800276115967
0.896421845574388,0.3285528031290743
0.896421845574388,0.3285276073619632
0.896421845574388,0.3285024154589372
0.896421845574388,0.3284772274191075
0.896421845574388,0.3284520432415855
0.896421845574388,0.32842686292548295
0.896421845574388,0.32840168646991186
0.896421845574388,0.32837651387398437
0.896421845574388,0.3283513451368131
0.896421845574388,0.3283261802575107
0.896421845574388,0.32830101923519045
0.896421845574388,0.32827586206896553
0.896421845574388,0.3282507087579496
0.896421845574388,0.3282255593012565
0.896421845574388,0.32820041369800046
0.896421845574388,0.32817527194729584
0.896421845574388,0.3281501340482574
0.896421845574388,0.328125
0.896421845574388,0.32809986980163897
0.896421845574388,0.32807474345228976
0.896421845574388,0.3280496209510682
0.896421845574388,0.32802450229709035
0.896421845574388,0.3279993874894725
0.896421845574388,0.3279742765273312
0.896421845574388,0.32794916940978336
0.896421845574388,0.3279240661359461
0.896421845574388,0.32789896670493685
0.896421845574388,0.32787387111587324
0.896421845574388,0.32784877936787327
0.896421845574388,0.3278236914600551
0.896421845574388,0.3277986073915372
0.896421845574388,0.3277735271614384
0.896421845574388,0.32774845076887765
0.896421845574388,0.3277233782129743
0.896421845574388,0.32769830949284784
0.896421845574388,0.32767324460761815
0.896421845574388,0.32764818355640535
0.896421845574388,0.32762312633832974
0.896421845574388,0.32759807295251203
0.896421845574388,0.3275730233980731
0.896421845574388,0.3275479776741341
0.896421845574388,0.3275229357798165
0.896421845574388,0.32749789771424204
0.896421845574388,0.32747286347653265
0.896421845574388,0.3274478330658106
0.896421845574388,0.3274228064811984
0.896421845574388,0.3273977837218189
0.896421845574388,0.32737276478679506
0.896421845574388,0.32734774967525027
0.896421845574388,0.32732273838630804
0.896421845574388,0.32729773091909237
0.896421845574388,0.32727272727272727
0.896421845574388,0.3272477274463372
0.896421845574388,0.32722273143904673
0.896421845574388,0.3271977392499809
0.896421845574388,0.32717275087826486
0.896421845574388,0.32714776632302406
0.896421845574388,0.32712278558338426
0.896421845574388,0.3270978086584714
0.896421845574388,0.32707283554741184
0.896421845574388,0.327047866249332
0.896421845574388,0.32702290076335877
0.896421845574388,0.3269979390886192
0.896421845574388,0.32697298122424057
0.896421845574388,0.3269480271693505
0.896421845574388,0.3269230769230769
0.896421845574388,0.32689813048454786
0.896421845574388,0.3268731878528918
0.896421845574388,0.32684824902723736
0.896421845574388,0.32682331400671344
0.896421845574388,0.3267983827904493
0.896421845574388,0.32677345537757435
0.896421845574388,0.32674853176721835
0.896421845574388,0.3267236119585113
0.896421845574388,0.3266986959505834
0.896421845574388,0.32667378374256517
0.896421845574388,0.3266488753335875
0.896421845574388,0.3266239707227813
0.896421845574388,0.32659906990927806
0.896421845574388,0.3265741728922092
0.896421845574388,0.3265492796707066
0.896421845574388,0.32652439024390245
0.896421845574388,0.326499504610929
0.896421845574388,0.32647462277091904
0.896421845574388,0.3264497447230054
0.896421845574388,0.32642487046632124
0.896421845574388,0.3264
0.896421845574388,0.32637513332317536
0.896421845574388,0.3263502704349813
0.896421845574388,0.3263254113345521
0.896421845574388,0.32630055602102215
0.896421845574388,0.3262757044935263
0.896421845574388,0.32625085675119947
0.896421845574388,0.326226012793177
0.896421845574388,0.3262011726185944
0.896421845574388,0.3261763362265875
0.896421845574388,0.32615150361629236
0.896421845574388,0.3261266747868453
0.896421845574388,0.326101849737383
0.896421845574388,0.3260770284670422
0.896421845574388,0.32605221097496007
0.896421845574388,0.32602739726027397
0.896421845574388,0.3260025873221216
0.896421845574388,0.3259777811596408
0.896421845574388,0.3259529787719699
0.896421845574388,0.3259281801582471
0.896421845574388,0.32590338531761126
0.896421845574388,0.3258785942492013
0.896421845574388,0.3258538069521564
0.896421845574388,0.32582902342561604
0.896421845574388,0.3258042436687201
0.896421845574388,0.3257794676806084
0.896421845574388,0.32575469546042124
0.896421845574388,0.32572992700729925
0.896421845574388,0.32570516232038316
0.896421845574388,0.32568040139881405
0.896421845574388,0.32565564424173316
0.896421845574388,0.3256308908482822
0.896421845574388,0.3256061412176028
0.896421845574388,0.32558139534883723
0.896421845574388,0.32555665324112776
0.896421845574388,0.32553191489361705
0.896421845574388,0.3255071803054479
0.896421845574388,0.32548244947576355
0.896421845574388,0.32545772240370735
0.896421845574388,0.325432999088423
0.896421845574388,0.3254082795290543
0.896421845574388,0.3253835637247456
0.896421845574388,0.3253588516746411
0.896421845574388,0.3253341433778858
0.896421845574388,0.3253094388336244
0.896421845574388,0.3252847380410023
0.896421845574388,0.32526004099916483
0.896421845574388,0.3252353477072578
0.896421845574388,0.32521065816442724
0.896421845574388,0.32518597236981933
0.896421845574388,0.3251612903225806
0.896421845574388,0.3251366120218579
0.896421845574388,0.32511193746679823
0.896421845574388,0.3250872666565488
0.896421845574388,0.32506259959025724
0.896421845574388,0.32503793626707134
0.896421845574388,0.32501327668613916
0.896421845574388,0.324988620846609
0.896421845574388,0.3249639687476295
0.896421845574388,0.3249393203883495
0.896421845574388,0.3249146757679181
0.896421845574388,0.3248900348854846
0.896421845574388,0.3248653977401987
0.896421845574388,0.3248407643312102
0.896421845574388,0.3248161346576693
0.896421845574388,0.3247915087187263
0.896421845574388,0.32476688651353197
0.896421845574388,0.3247422680412371
0.896421845574388,0.32471765330099295
0.896421845574388,0.3246930422919509
0.896421845574388,0.3246684350132626
0.896421845574388,0.32464383146408005
0.896421845574388,0.32461923164355533
0.896421845574388,0.32459463555084106
0.896421845574388,0.3245700431850898
0.896421845574388,0.3245454545454545
0.896421845574388,0.32452086963108856
0.896421845574388,0.3244962884411453
0.896421845574388,0.32447171097477845
0.896421845574388,0.3244471372311421
0.896421845574388,0.3244225672093904
0.896421845574388,0.3243980009086779
0.896421845574388,0.3243734383281593
0.896421845574388,0.3243488794669897
0.896421845574388,0.32432432432432434
0.896421845574388,0.3242997728993187
0.896421845574388,0.3242752251911286
0.896421845574388,0.3242506811989101
0.896421845574388,0.3242261409218194
0.896421845574388,0.3242016043590132
0.896421845574388,0.32417707150964814
0.896421845574388,0.3241525423728814
0.896421845574388,0.3241280169478702
0.896421845574388,0.32410349523377213
0.896421845574388,0.32407897722974505
0.896421845574388,0.32405446293494705
0.896421845574388,0.32402995234853643
0.896421845574388,0.32400544546967175
0.896421845574388,0.3239809422975119
0.896421845574388,0.323956442831216
0.896421845574388,0.32393194706994327
0.896421845574388,0.32390745501285345
0.896421845574388,0.3238829666591064
0.896421845574388,0.3238584820078621
0.896421845574388,0.32383400105828103
0.896421845574388,0.3238095238095238
0.896421845574388,0.3237850502607513
0.896421845574388,0.32376058041112454
0.896421845574388,0.32373611425980503
0.896421845574388,0.32371165180595435
0.896421845574388,0.3236871930487344
0.896421845574388,0.3236627379873073
0.896421845574388,0.32363828662083555
0.896421845574388,0.32361383894848167
0.896421845574388,0.3235893949694086
0.896421845574388,0.32356495468277946
0.896421845574388,0.32354051808775774
0.896421845574388,0.323516085183507
0.896421845574388,0.32349165596919127
0.896421845574388,0.32346723044397463
0.896421845574388,0.3234428086070215
0.896421845574388,0.3234183904574966
0.896421845574388,0.3233939759945648
0.896421845574388,0.3233695652173913
0.896421845574388,0.32334515812514153
0.896421845574388,0.32332075471698113
0.896421845574388,0.3232963549920761
0.896421845574388,0.32327195894959254
0.896421845574388,0.3232475665886969
0.896421845574388,0.3232231779085559
0.896421845574388,0.3231987929083365
0.896421845574388,0.3231744115872058
0.896421845574388,0.3231500339443313
0.896421845574388,0.32312565997888065
0.896421845574388,0.3231012896900219
0.896421845574388,0.3230769230769231
0.896421845574388,0.3230525601387527
0.896421845574388,0.32302820087467954
0.896421845574388,0.32300384528387244
0.896421845574388,0.3229794933655006
0.896421845574388,0.3229551451187335
0.896421845574388,0.3229308005427408
0.896421845574388,0.32290645963669257
0.896421845574388,0.32288212239975883
0.896421845574388,0.3228577888311101
0.896421845574388,0.3228334589299171
0.896421845574388,0.3228091326953508
0.896421845574388,0.3227848101265823
0.896421845574388,0.3227604912227831
0.896421845574388,0.32273617598312493
0.896421845574388,0.3227118644067797
0.896421845574388,0.3226875564929196
0.896421845574388,0.322663252240717
0.896421845574388,0.3226389516493448
0.896421845574388,0.32261465471797574
0.896421845574388,0.3225903614457831
0.896421845574388,0.32256607183194036
0.896421845574388,0.32254178587562116
0.896421845574388,0.3225175035759994
0.896421845574388,0.3224932249322493
0.896421845574388,0.32246894994354536
0.896421845574388,0.3224446786090622
0.896421845574388,0.3224204109279747
0.896421845574388,0.32239614689945817
0.896421845574388,0.32237188652268794
0.896421845574388,0.32234762979683973
0.896421845574388,0.32232337672108946
0.896421845574388,0.3222991272946133
0.896421845574388,0.3222748815165877
0.8966310943712074,0.32232586129080787
0.8966310943712074,0.3223016171493043
0.8966310943712074,0.32227737665463296
0.8966310943712074,0.32225313980597126
0.8966310943712074,0.3222289066024966
0.8966310943712074,0.32220467704338673
0.8966310943712074,0.32218045112781957
0.8966310943712074,0.3221562288549733
0.8966310943712074,0.3221320102240265
0.8966310943712074,0.3221077952341577
0.8966310943712074,0.322083583884546
0.8966310943712074,0.3220593761743705
0.8966310943712074,0.32203517210281074
0.8966310943712074,0.32201097166904635
0.8966310943712074,0.3219867748722573
0.8966310943712074,0.32196258171162373
0.8966310943712074,0.3219383921863261
0.8966310943712074,0.321914206295545
0.8966310943712074,0.32189002403846156
0.8966310943712074,0.3218658454142567
0.8966310943712074,0.32184167042211204
0.8966310943712074,0.32181749906120916
0.8966310943712074,0.32179333133072996
0.8966310943712074,0.3217691672298566
0.8966310943712074,0.32174500675777146
0.8966310943712074,0.3217208499136572
0.8966310943712074,0.3216966966966967
0.8966310943712074,0.3216725471060731
0.8966310943712074,0.3216484011409698
0.8966310943712074,0.32162425880057044
0.8968403431680267,0.32167517262083456
0.8968403431680267,0.3216510318949343
0.8968403431680267,0.3216268947921357
0.8968403431680267,0.321602761311623
0.8968403431680267,0.32157863145258103
0.8968403431680267,0.3215545052141946
0.8968403431680267,0.3215303825956489
0.8968403431680267,0.3215062635961293
0.8968403431680267,0.32148214821482146
0.8968403431680267,0.32145803645091126
0.8968403431680267,0.3214339283035848
0.8968403431680267,0.3214098237720285
0.8968403431680267,0.32138572285542893
0.8968403431680267,0.32136162555297293
0.8968403431680267,0.32133753186384767
0.8968403431680267,0.3213134417872404
0.8968403431680267,0.3212893553223388
0.8968403431680267,0.3212652724683307
0.8968403431680267,0.32124119322440414
0.8968403431680267,0.3212171175897474
0.8968403431680267,0.32119304556354916
0.8968403431680267,0.32116897714499815
0.8968403431680267,0.3211449123332834
0.8968403431680267,0.3211208511275942
0.8968403431680267,0.3210967935271202
0.8968403431680267,0.32107273953105103
0.8968403431680267,0.32104868913857676
0.8968403431680267,0.3210246423488877
0.8968403431680267,0.32100059916117435
0.8968403431680267,0.32097655957462745
0.8968403431680267,0.3209525235884379
0.8968403431680267,0.32092849120179706
0.8968403431680267,0.32090446241389636
0.8968403431680267,0.3208804372239275
0.8968403431680267,0.32085641563108247
0.8968403431680267,0.3208323976345535
0.8968403431680267,0.32080838323353295
0.8968403431680267,0.3207843724272135
0.8968403431680267,0.3207603652147882
0.8968403431680267,0.3207363615954501
0.8968403431680267,0.3207123615683927
0.8968403431680267,0.32068836513280957
0.8968403431680267,0.3206643722878947
0.8968403431680267,0.3206403830328421
0.8968403431680267,0.3206163973668462
0.8968403431680267,0.32059241528910165
0.8968403431680267,0.3205684367988033
0.8968403431680267,0.32054446189514624
0.8968403431680267,0.32052049057732573
0.8968403431680267,0.3204965228445375
0.8968403431680267,0.3204725586959773
0.8968403431680267,0.32044859813084114
0.8968403431680267,0.32042464114832536
0.8968403431680267,0.32040068774762653
0.8968403431680267,0.3203767379279414
0.8968403431680267,0.320352791688467
0.8968403431680267,0.3203288490284006
0.8968403431680267,0.32030490994693966
0.8968403431680267,0.320280974443282
0.8968403431680267,0.32025704251662557
0.8968403431680267,0.32023311416616856
0.8968403431680267,0.32020918939110943
0.8968403431680267,0.32018526819064697
0.8968403431680267,0.32016135056398
0.8968403431680267,0.32013743651030774
0.8968403431680267,0.32011352602882964
0.8968403431680267,0.32008961911874534
0.8968403431680267,0.32006571577925474
0.8968403431680267,0.32004181600955794
0.8968403431680267,0.32001791980885536
0.8968403431680267,0.3199940271763476
0.8968403431680267,0.31997013811123554
0.8968403431680267,0.3199462526127202
0.8968403431680267,0.319922370680003
0.8968403431680267,0.3198984923122854
0.8968403431680267,0.31987461750876933
0.8968403431680267,0.3198507462686567
0.8968403431680267,0.3198268785911499
0.8968403431680267,0.31980301447545145
0.8968403431680267,0.319779153920764
0.8968403431680267,0.3197552969262907
0.8968403431680267,0.3197314434912346
0.8968403431680267,0.31970759361479933
0.8968403431680267,0.31968374729618854
0.8968403431680267,0.3196599045346062
0.8968403431680267,0.3196360653292565
0.8968403431680267,0.3196122296793438
0.8968403431680267,0.31958839758407276
0.8968403431680267,0.31956456904264835
0.8968403431680267,0.3195407440542757
0.8968403431680267,0.3195169226181601
0.8968403431680267,0.3194931047335073
0.8968403431680267,0.31946929039952293
0.8968403431680267,0.3194454796154133
0.8968403431680267,0.31942167238038455
0.8968403431680267,0.31939786869364334
0.8968403431680267,0.31937406855439643
0.8968403431680267,0.31935027196185084
0.8968403431680267,0.3193264789152138
0.8968403431680267,0.31930268941369294
0.8968403431680267,0.31927890345649584
0.8968403431680267,0.31925512104283055
0.8968403431680267,0.31923134217190524
0.8968403431680267,0.31920756684292845
0.8968403431680267,0.31918379505510874
0.8968403431680267,0.3191600268076551
0.8968403431680267,0.31913626209977664
0.8968403431680267,0.3191125009306828
0.8968403431680267,0.3190887432995831
0.8968403431680267,0.3190649892056875
0.8968403431680267,0.31904123864820605
0.8968403431680267,0.31901749162634907
0.8968403431680267,0.3189937481393272
0.8968403431680267,0.31897000818635113
0.8968403431680267,0.31894627176663193
0.8968403431680267,0.3189225388793809
0.8968403431680267,0.3188988095238095
0.8968403431680267,0.31887508369912954
0.8968403431680267,0.3188513614045529
0.8968403431680267,0.3188276426392918
0.8968403431680267,0.31880392740255875
0.8968403431680267,0.3187802156935664
0.8968403431680267,0.31875650751152756
0.8968403431680267,0.31873280285565553
0.8968403431680267,0.3187091017251636
0.8968403431680267,0.3186854041192654
0.8968403431680267,0.3186617100371747
0.8968403431680267,0.3186380194781057
0.8968403431680267,0.3186143324412727
0.8968403431680267,0.3185906489258901
0.8968403431680267,0.31856696893117287
0.8968403431680267,0.31854329245633595
0.8968403431680267,0.31851961950059454
0.8968403431680267,0.31849595006316417
0.8968403431680267,0.3184722841432605
0.8968403431680267,0.3184486217400996
0.8968403431680267,0.31842496285289745
0.8968403431680267,0.31840130748087064
0.8968403431680267,0.3183776556232358
0.8968403431680267,0.3183540072792097
0.8968403431680267,0.3183303624480095
0.8968403431680267,0.31830672112885255
0.8968403431680267,0.3182830833209565
0.8968403431680267,0.31825944902353903
0.8968403431680267,0.31823581823581826
0.8968403431680267,0.3182121909570124
0.8968403431680267,0.31818856718634003
0.8968403431680267,0.31816494692301983
0.8968403431680267,0.3181413301662708
0.8968403431680267,0.3181177169153121
0.8968403431680267,0.3180941071693632
0.8968403431680267,0.3180705009276438
0.8968403431680267,0.3180468981893737
0.8968403431680267,0.31802329895377307
0.8968403431680267,0.3179997032200623
0.8968403431680267,0.317976110987462
0.8968403431680267,0.3179525222551929
0.8968403431680267,0.3179289370224761
0.8968403431680267,0.31790535528853286
0.8968403431680267,0.31788177705258475
0.8968403431680267,0.3178582023138535
0.8968403431680267,0.317834631071561
0.8968403431680267,0.31781106332492953
0.8968403431680267,0.3177874990731816
0.8968403431680267,0.31776393831553973
0.8970495919648462,0.31781451553117357
0.8970495919648462,0.3177909562638992
0.8970495919648462,0.31776740048921504
0.8970495919648462,0.3177438482063445
0.8970495919648462,0.31772029941451124
0.8970495919648462,0.3176967541129391
0.8970495919648462,0.31767321230085216
0.8970495919648462,0.3176496739774748
0.8970495919648462,0.3176261391420316
0.8970495919648462,0.3176026077937472
0.8970495919648462,0.3175790799318468
0.8970495919648462,0.31755555555555554
0.8970495919648462,0.31753203466409896
0.8970495919648462,0.3175085172567027
0.8970495919648462,0.3174850033325928
0.8970495919648462,0.31746149289099523
0.8970495919648462,0.3174379859311366
0.8970495919648462,0.31741448245224346
0.8970495919648462,0.3173909824535426
0.8970495919648462,0.3173674859342612
0.8970495919648462,0.31734399289362647
0.8970495919648462,0.31732050333086603
0.8970495919648462,0.3172970172452076
0.8970495919648462,0.3172735346358792
0.8970495919648462,0.3172500555021091
0.8970495919648462,0.31722657984312563
0.8970495919648462,0.3172031076581576
0.8970495919648462,0.31717963894643386
0.8970495919648462,0.3171561737071835
0.8970495919648462,0.31713271193963605
0.8970495919648462,0.31710925364302095
0.8970495919648462,0.31708579881656807
0.8970495919648462,0.31706234745950745
0.8970495919648462,0.31703889957106934
0.8970495919648462,0.31701545515048435
0.8970495919648462,0.31699201419698314
0.8970495919648462,0.31696857670979667
0.8970495919648462,0.31694514268815616
0.8970495919648462,0.31692171213129294
0.8970495919648462,0.3168982850384388
0.8970495919648462,0.3168748614088255
0.8970495919648462,0.31685144124168513
0.8970495919648462,0.3168280245362501
0.8970495919648462,0.31680461129175286
0.8970495919648462,0.3167812015074263
0.8970495919648462,0.3167577951825033
0.8970495919648462,0.3167343923162172
0.8970495919648462,0.3167109929078014
0.8970495919648462,0.3166875969564896
0.8970495919648462,0.3166642044615157
0.8970495919648462,0.3166408154221139
0.8970495919648462,0.31661742983751845
0.8970495919648462,0.31659404770696403
0.8970495919648462,0.31657066902968545
0.8970495919648462,0.3165472938049177
0.8970495919648462,0.31652392203189605
0.8970495919648462,0.316500553709856
0.8970495919648462,0.3164771888380334
0.8970495919648462,0.31645382741566397
0.8970495919648462,0.31643046944198405
0.8970495919648462,0.31640711491622997
0.8970495919648462,0.3163837638376384
0.8970495919648462,0.3163604162054461
0.8970495919648462,0.3163370720188902
0.8970495919648462,0.316313731277208
0.8970495919648462,0.316290393979637
0.8970495919648462,0.316267060125415
0.8970495919648462,0.3162437297137799
0.8970495919648462,0.3162204027439699
0.8970495919648462,0.3161970792152235
0.8970495919648462,0.31617375912677925
0.8970495919648462,0.3161504424778761
0.8970495919648462,0.3161271292677531
0.8970495919648462,0.3161038194956496
0.8970495919648462,0.31608051316080515
0.8970495919648462,0.3160572102624595
0.8970495919648462,0.31603391079985255
0.8970495919648462,0.3160106147722247
0.8970495919648462,0.31598732217881625
0.8970495919648462,0.31596403301886794
0.8970495919648462,0.3159407472916206
0.8970495919648462,0.3159174649963154
0.8970495919648462,0.31589418613219367
0.8970495919648462,0.31587091069849693
0.8970495919648462,0.31584763869446697
0.8970495919648462,0.31582437011934583
0.8970495919648462,0.3158011049723757
0.8970495919648462,0.31577784325279906
0.8970495919648462,0.3157545849598586
0.8970495919648462,0.3157313300927972
0.8970495919648462,0.3157080786508579
0.8970495919648462,0.31568483063328423
0.8970495919648462,0.31566158603931965
0.8970495919648462,0.3156383448682079
0.8970495919648462,0.3156151071191931
0.8970495919648462,0.31559187279151946
0.8970495919648462,0.31556864188443134
0.8970495919648462,0.31554541439717354
0.8970495919648462,0.3155221903289909
0.8970495919648462,0.31549896967912866
0.8970495919648462,0.315475752446832
0.8970495919648462,0.3154525386313466
0.8972588407616656,0.31550290633507466
0.8972588407616656,0.3154796939376104
0.8972588407616656,0.3154564849554918
0.8972588407616656,0.3154332793879653
0.8972588407616656,0.31541007723427733
0.8972588407616656,0.3153868784936746
0.8972588407616656,0.31536368316540414
0.8972588407616656,0.31534049124871305
0.8972588407616656,0.31531730274284875
0.8972588407616656,0.31529411764705884
0.8972588407616656,0.31527093596059114
0.8972588407616656,0.3152477576826937
0.8972588407616656,0.31522458281261484
0.8972588407616656,0.31520141134960306
0.8972588407616656,0.315178243292907
0.8972588407616656,0.31515507864177567
0.8972588407616656,0.3151319173954582
0.8972588407616656,0.315108759553204
0.8972588407616656,0.31508560511426265
0.8972588407616656,0.3150624540778839
0.8972588407616656,0.3150393064433179
0.8972588407616656,0.3150161622098149
0.8972588407616656,0.31499302137662527
0.8972588407616656,0.31496988394299985
0.8972588407616656,0.3149467499081895
0.8972588407616656,0.31492361927144535
0.8972588407616656,0.3149004920320188
0.8972588407616656,0.3148773681891614
0.8972588407616656,0.31485424774212495
0.8972588407616656,0.31483113069016155
0.8972588407616656,0.3148080170325233
0.8972588407616656,0.31478490676846277
0.8972588407616656,0.31476179989723263
0.8972588407616656,0.3147386964180857
0.8972588407616656,0.31471559633027524
0.8972588407616656,0.31469249963305446
0.8972588407616656,0.31466940632567697
0.8972588407616656,0.31464631640739654
0.8972588407616656,0.31462322987746716
0.8972588407616656,0.3146001467351431
0.8972588407616656,0.3145770669796787
0.8972588407616656,0.3145539906103286
0.8972588407616656,0.31453091762634783
0.8972588407616656,0.31450784802699133
0.8972588407616656,0.31448478181151446
0.8972588407616656,0.3144617189791728
0.8972588407616656,0.31443865952922195
0.8972588407616656,0.314415603460918
0.8972588407616656,0.31439255077351713
0.8972588407616656,0.3143695014662757
0.8972588407616656,0.31434645553845025
0.8972588407616656,0.3143234129892978
0.8972588407616656,0.3143003738180752
0.8972588407616656,0.3142773380240399
0.8972588407616656,0.31425430560644924
0.8972588407616656,0.31423127656456107
0.8972588407616656,0.31420825089763316
0.8972588407616656,0.3141852286049238
0.8972588407616656,0.31416220968569125
0.8972588407616656,0.31413919413919417
0.8972588407616656,0.3141161819646912
0.8972588407616656,0.31409317316144153
0.8972588407616656,0.31407016772870433
0.8972588407616656,0.314047165665739
0.8972588407616656,0.3140241669718052
0.8972588407616656,0.31400117164616287
0.8972588407616656,0.31397817968807207
0.8972588407616656,0.3139551910967931
0.8972588407616656,0.3139322058715865
0.8972588407616656,0.313909224011713
0.8972588407616656,0.3138862455164336
0.8972588407616656,0.3138632703850095
0.8972588407616656,0.31384029861670204
0.8972588407616656,0.31381733021077285
0.8972588407616656,0.31379436516648374
0.8972588407616656,0.31377140348309673
0.8972588407616656,0.31374844515987416
0.8972588407616656,0.3137254901960784
0.8972588407616656,0.31370253859097225
0.8972588407616656,0.3136795903438186
0.8972588407616656,0.3136566454538805
0.8972588407616656,0.3136337039204213
0.8972588407616656,0.3136107657427046
0.8972588407616656,0.31358783091999415
0.8972588407616656,0.3135648994515539
0.8972588407616656,0.31354197133664813
0.8972588407616656,0.3135190465745412
0.8972588407616656,0.3134961251644977
0.8972588407616656,0.3134732071057826
0.8972588407616656,0.3134502923976608
0.8972588407616656,0.3134273810393977
0.8972588407616656,0.31340447303025876
0.8972588407616656,0.3133815683695096
0.8972588407616656,0.31335866705641624
0.8972588407616656,0.3133357690902448
0.8972588407616656,0.31331287447026157
0.8972588407616656,0.3132899831957332
0.8972588407616656,0.31326709526592633
0.8972588407616656,0.3132442106801081
0.8972588407616656,0.31322132943754566
0.8972588407616656,0.3131984515375064
0.8972588407616656,0.31317557697925796
0.8972588407616656,0.3131527057620682
0.8972588407616656,0.3131298378852052
0.8972588407616656,0.3131069733479372
0.8972588407616656,0.3130841121495327
0.8972588407616656,0.3130612542892604
0.8972588407616656,0.31303839976638925
0.8972588407616656,0.3130155485801883
0.8972588407616656,0.312992700729927
0.8972588407616656,0.31296985621487483
0.8972588407616656,0.31294701503430156
0.8972588407616656,0.31292417718747717
0.8972588407616656,0.3129013426736719
0.8972588407616656,0.3128785114921562
0.8972588407616656,0.3128556836422005
0.8972588407616656,0.3128328591230758
0.8972588407616656,0.3128100379340531
0.8972588407616656,0.3127872200744037
0.8972588407616656,0.31276440554339896
0.8972588407616656,0.3127415943403107
0.8972588407616656,0.31271878646441076
0.8972588407616656,0.3126959819149712
0.8972588407616656,0.3126731806912644
0.8972588407616656,0.3126503827925629
0.8972588407616656,0.3126275882181394
0.8972588407616656,0.3126047969672669
0.8972588407616656,0.31258200903921857
0.8972588407616656,0.3125592244332677
0.8972588407616656,0.31253644314868806
0.8972588407616656,0.3125136651847533
0.8972588407616656,0.3124908905407375
0.8972588407616656,0.3124681192159149
0.8972588407616656,0.3124453512095599
0.8972588407616656,0.3124225865209472
0.8972588407616656,0.3123998251493516
0.8972588407616656,0.3123770670940482
0.8972588407616656,0.3123543123543124
0.8972588407616656,0.3123315609294195
0.8972588407616656,0.3123088128186453
0.8972588407616656,0.31228606802126574
0.8972588407616656,0.312263326536557
0.8972588407616656,0.31224058836379526
0.8972588407616656,0.31221785350225717
0.8972588407616656,0.3121951219512195
0.897468089558485,0.31224519510774607
0.897468089558485,0.3122224648758827
0.897468089558485,0.3121997379531227
0.897468089558485,0.31217701433874373
0.897468089558485,0.31215429403202327
0.897468089558485,0.31213157703223926
0.897468089558485,0.3121088633386698
0.897468089558485,0.31208615295059305
0.897468089558485,0.31206344586728757
0.897468089558485,0.312040742088032
0.897468089558485,0.31201804161210533
0.897468089558485,0.3119953444387866
0.897468089558485,0.31197265056735524
0.897468089558485,0.3119499599970907
0.897468089558485,0.3119272727272727
0.897468089558485,0.3119045887571813
0.897468089558485,0.31188190808609656
0.897468089558485,0.3118592307132989
0.897468089558485,0.3118365566380689
0.897468089558485,0.3118138858596874
0.897468089558485,0.3117912183774353
0.897468089558485,0.3117685541905939
0.897468089558485,0.31174589329844454
0.897468089558485,0.31172323570026894
0.897468089558485,0.31170058139534884
0.897468089558485,0.3116779303829664
0.897468089558485,0.3116552826624037
0.897468089558485,0.3116326382329434
0.897468089558485,0.31160999709386805
0.897468089558485,0.31158735924446057
0.897468089558485,0.3115647246840041
0.897468089558485,0.3115420934117818
0.897468089558485,0.31151946542707726
0.897468089558485,0.3114968407291742
0.897468089558485,0.3114742193173566
0.897468089558485,0.3114516011909084
0.897468089558485,0.31142898634911415
0.897468089558485,0.31140637479125827
0.897468089558485,0.3113837665166255
0.897468089558485,0.3113611615245009
0.897468089558485,0.3113385598141696
0.897468089558485,0.3113159613849169
0.897468089558485,0.31129336623602843
0.897468089558485,0.31127077436679
0.897468089558485,0.31124818577648766
0.897468089558485,0.3112256004644075
0.897468089558485,0.311203018429836
0.897468089558485,0.31118043967205977
0.897468089558485,0.3111578641903656
0.897468089558485,0.3111352919840406
0.897468089558485,0.311112723052372
0.897468089558485,0.3110901573946471
0.897468089558485,0.31106759501015374
0.897468089558485,0.3110450358981797
0.897468089558485,0.31102248005801303
0.897468089558485,0.31099992748894206
0.897468089558485,0.3109773781902552
0.897468089558485,0.3109548321612412
0.897468089558485,0.31093228940118894
0.897468089558485,0.31090974990938747
0.897468089558485,0.3108872136851261
0.897468089558485,0.3108646807276944
0.897468089558485,0.3108421510363821
0.8976773383553045,0.31089209362997317
0.8976773383553045,0.3108695652173913
0.8976773383553045,0.31084704006956015
0.8976773383553045,0.31082451818577017
0.8976773383553045,0.3108019995653119
0.8976773383553045,0.3107794842074761
0.8976773383553045,0.3107569721115538
0.8976773383553045,0.3107344632768362
0.8976773383553045,0.3107119577026146
0.8976773383553045,0.31068945538818077
0.8976773383553045,0.3106669563328264
0.8976773383553045,0.3106444605358436
0.8976773383553045,0.31062196799652453
0.8976773383553045,0.3105994787141616
0.8976773383553045,0.3105769926880475
0.8976773383553045,0.310554509917475
0.8976773383553045,0.31053203040173727
0.8976773383553045,0.3105095541401274
0.8976773383553045,0.3104870811319389
0.8976773383553045,0.31046461137646547
0.8976773383553045,0.3104421448730009
0.8976773383553045,0.3104196816208394
0.8976773383553045,0.310397221619275
0.8976773383553045,0.31037476486760235
0.8976773383553045,0.3103523113651161
0.8976773383553045,0.3103298611111111
0.8976773383553045,0.31030741410488244
0.8976773383553045,0.31028497034572544
0.8976773383553045,0.31026252983293556
0.8976773383553045,0.3102400925658085
0.8976773383553045,0.3102176585436402
0.8976773383553045,0.31019522776572667
0.8976773383553045,0.31017280023136434
0.8976773383553045,0.3101503759398496
0.8976773383553045,0.3101279548904793
0.8976773383553045,0.31010553708255023
0.8976773383553045,0.3100831225153596
0.8976773383553045,0.31006071118820466
0.8976773383553045,0.31003830310038305
0.8976773383553045,0.31001589825119236
0.8976773383553045,0.30999349663993064
0.8976773383553045,0.309971098265896
0.8976773383553045,0.3099487031283867
0.8976773383553045,0.30992631122670133
0.8976773383553045,0.3099039225601387
0.8976773383553045,0.3098815371279977
0.8976773383553045,0.30985915492957744
0.8976773383553045,0.30983677596417736
0.8976773383553045,0.30981440023109696
0.8976773383553045,0.30979202772963604
0.8976773383553045,0.30976965845909454
0.8976773383553045,0.3097472924187726
0.8976773383553045,0.30972492960797054
0.8976773383553045,0.30970257002598905
0.8976773383553045,0.3096802136721288
0.8976773383553045,0.3096578605456908
0.8976773383553045,0.30963551064597616
0.8976773383553045,0.3096131639722864
0.8976773383553045,0.30959082052392295
0.8976773383553045,0.30956848030018763
0.8976773383553045,0.30954614330038244
0.8976773383553045,0.30952380952380953
0.8976773383553045,0.3095014789697713
0.8976773383553045,0.30947915163757034
0.8976773383553045,0.30945682752650944
0.8976773383553045,0.3094345066358915
0.8976773383553045,0.3094121889650198
0.8976773383553045,0.30938987451319777
0.8976773383553045,0.30936756327972886
0.8976773383553045,0.30934525526391693
0.8976773383553045,0.30932295046506597
0.8976773383553045,0.30930064888248016
0.8976773383553045,0.30927835051546393
0.8976773383553045,0.3092560553633218
0.8976773383553045,0.30923376342535863
0.8976773383553045,0.30921147470087934
0.8976773383553045,0.3091891891891892
0.8976773383553045,0.30916690688959353
0.8976773383553045,0.309144627801398
0.8976773383553045,0.30912235192390836
0.8976773383553045,0.30910007925643057
0.8976773383553045,0.3090778097982709
0.8976773383553045,0.30905554354873566
0.8976773383553045,0.3090332805071315
0.8976773383553045,0.30901102067276526
0.8976773383553045,0.3089887640449438
0.8976773383553045,0.3089665106229744
0.8976773383553045,0.30894426040616446
0.8976773383553045,0.3089220133938216
0.8976773383553045,0.30889976958525345
0.8976773383553045,0.30887752897976817
0.8976773383553045,0.30885529157667385
0.8976773383553045,0.30883305737527894
0.8976773383553045,0.30881082637489204
0.8976773383553045,0.3087885985748218
0.8976773383553045,0.30876637397437745
0.8976773383553045,0.3087441525728679
0.8976773383553045,0.30872193436960277
0.8976773383553045,0.3086997193638915
0.8976773383553045,0.3086775075550439
0.8976773383553045,0.30865529894237
0.8976773383553045,0.30863309352517987
0.8976773383553045,0.30861089130278396
0.8976773383553045,0.30858869227449287
0.8976773383553045,0.30856649643961737
0.8976773383553045,0.30854430379746833
0.8978865871521239,0.308594030924128
0.8978865871521239,0.3085718394937437
0.8978865871521239,0.3085496512547638
0.8978865871521239,0.30852746620649985
0.8978865871521239,0.3085052843482637
0.8978865871521239,0.3084831056793674
0.8978865871521239,0.308460930199123
0.8978865871521239,0.308438757906843
0.8978865871521239,0.30841658880184003
0.8978865871521239,0.3083944228834268
0.8978865871521239,0.3083722601509163
0.8978865871521239,0.3083501006036217
0.8978865871521239,0.3083279442408565
0.8978865871521239,0.3083057910619342
0.8978865871521239,0.30828364106616857
0.8978865871521239,0.3082614942528736
0.8978865871521239,0.30823935062136343
0.8978865871521239,0.30821721017095244
0.8978865871521239,0.30819507290095527
0.8978865871521239,0.3081729388106866
0.8978865871521239,0.3081508078994614
0.8978865871521239,0.30812868016659484
0.8978865871521239,0.3081065556114023
0.8978865871521239,0.3080844342331993
0.8978865871521239,0.3080623160313016
0.8978865871521239,0.3080402010050251
0.8978865871521239,0.308018089153686
0.8978865871521239,0.30799598047660065
0.8978865871521239,0.3079738749730855
0.8978865871521239,0.3079517726424573
0.8978865871521239,0.307929673484033
0.8978865871521239,0.3079075774971297
0.8978865871521239,0.3078854846810648
0.8978865871521239,0.3078633950351557
0.8978865871521239,0.30784130855872016
0.8978865871521239,0.307819225251076
0.8978865871521239,0.3077971451115415
0.8978865871521239,0.3077750681394348
0.8978865871521239,0.30775299433407444
0.8978865871521239,0.3077309236947791
0.8978865871521239,0.3077088562208677
0.8978865871521239,0.30768679191165926
0.8978865871521239,0.30766473076647305
0.8978865871521239,0.30764267278462865
0.8978865871521239,0.30762061796544554
0.8978865871521239,0.3075985663082437
0.8978865871521239,0.3075765178123432
0.8978865871521239,0.30755447247706424
0.8978865871521239,0.3075324303017272
0.8978865871521239,0.3075103912856529
0.8978865871521239,0.30748835542816194
0.8978865871521239,0.30746632272857555
0.8978865871521239,0.3074442931862148
0.8978865871521239,0.3074222668004012
0.8978865871521239,0.3074002435704563
0.8978865871521239,0.307378223495702
0.8978865871521239,0.3073562065754602
0.8978865871521239,0.30733419280905316
0.8978865871521239,0.3073121821958032
0.8978865871521239,0.30729017473503295
0.8978865871521239,0.3072681704260652
0.8978865871521239,0.30724616926822285
0.8978865871521239,0.30722417126082907
0.8978865871521239,0.30720217640320735
0.8978865871521239,0.30718018469468106
0.8978865871521239,0.30715819613457407
0.8978865871521239,0.3071362107222103
0.8978865871521239,0.30711422845691383
0.8978865871521239,0.307092249338009
0.8978865871521239,0.3070702733648204
0.8978865871521239,0.30704830053667265
0.8978865871521239,0.30702633085289066
0.8978865871521239,0.3070043643127996
0.8978865871521239,0.3069824009157247
0.8978865871521239,0.3069604406609915
0.8978865871521239,0.30693848354792563
0.8978865871521239,0.30691652957585297
0.8978865871521239,0.30689457874409953
0.8978865871521239,0.3068726310519917
0.8978865871521239,0.30685068649885583
0.8978865871521239,0.3068287450840186
0.8978865871521239,0.30680680680680683
0.8978865871521239,0.3067848716665475
0.8978865871521239,0.3067629396625679
0.8978865871521239,0.3067410107941954
0.8978865871521239,0.3067190850607577
0.8978865871521239,0.30669716246158246
0.8978865871521239,0.3066752429959977
0.8978865871521239,0.30665332666333167
0.8978865871521239,0.30663141346291267
0.8978865871521239,0.30660950339406934
0.8978865871521239,0.3065875964561303
0.8978865871521239,0.30656569264842465
0.8978865871521239,0.3065437919702815
0.8978865871521239,0.30652189442103006
0.8978865871521239,0.3065
0.8978865871521239,0.306478108706521
0.8978865871521239,0.3064562205399229
0.8978865871521239,0.3064343354995358
0.8978865871521239,0.3064124535846901
0.8978865871521239,0.30639057479471615
0.8978865871521239,0.3063686991289447
0.8978865871521239,0.30634682658670664
0.8978865871521239,0.30632495716733293
0.8978865871521239,0.3063030908701549
0.8978865871521239,0.30628122769450394
0.8978865871521239,0.3062593676397117
0.8978865871521239,0.3062375107051099
0.8978865871521239,0.30621565689003066
0.8978865871521239,0.3061938061938062
0.8978865871521239,0.30617195861576885
0.8978865871521239,0.3061501141552511
0.8978865871521239,0.30612827281158594
0.8978865871521239,0.30610643458410614
0.8978865871521239,0.30608459947214495
0.8978865871521239,0.3060627674750357
0.8978865871521239,0.30604093859211184
0.8978865871521239,0.30601911282270716
0.8978865871521239,0.3059972901661556
0.8978865871521239,0.3059754706217912
0.8978865871521239,0.3059536541889483
0.8978865871521239,0.30593184086696135
0.8978865871521239,0.30591003065516503
0.8978865871521239,0.3058882235528942
0.8978865871521239,0.3058664195594839
0.8978865871521239,0.30584461867426943
0.8978865871521239,0.30582282089658613
0.8978865871521239,0.30580102622576966
0.8978865871521239,0.30577923466115586
0.8978865871521239,0.3057574462020807
0.8978865871521239,0.3057356608478803
0.8978865871521239,0.3057138785978911
0.8978865871521239,0.30569209945144976
0.8978865871521239,0.30567032340789285
0.8978865871521239,0.3056485504665574
0.8978865871521239,0.3056267806267806
0.8978865871521239,0.30560501388789973
0.8978865871521239,0.30558325024925226
0.8978865871521239,0.3055614897101759
0.8978865871521239,0.3055397322700085
0.8978865871521239,0.30551797792808827
0.8978865871521239,0.30549622668375337
0.8978865871521239,0.3054744785363423
0.8978865871521239,0.30545273348519364
0.8978865871521239,0.30543099152964626
0.8978865871521239,0.3054092526690391
0.8978865871521239,0.30538751690271154
0.8978865871521239,0.3053657842300028
0.8978865871521239,0.3053440546502526
0.8978865871521239,0.30532232816280064
0.8978865871521239,0.30530060476698684
0.8978865871521239,0.3052788844621514
0.8978865871521239,0.30525716724763463
0.8978865871521239,0.30523545312277706
0.8978865871521239,0.3052137420869194
0.8978865871521239,0.30519203413940255
0.8978865871521239,0.3051703292795676
0.8978865871521239,0.3051486275067558
0.8978865871521239,0.3051269288203086
0.8978865871521239,0.3051052332195677
0.8978865871521239,0.3050835407038749
0.8978865871521239,0.3050618512725722
0.8978865871521239,0.3050401649250018
0.8978865871521239,0.3050184816605061
0.8978865871521239,0.3049968014784277
0.8978865871521239,0.3049751243781095
0.8978865871521239,0.3049534503588942
0.8978865871521239,0.30493177942012506
0.8978865871521239,0.30491011156114545
0.8978865871521239,0.30488844678129884
0.8978865871521239,0.3048667850799289
0.8978865871521239,0.3048451264563797
0.8978865871521239,0.304823470909995
0.8978865871521239,0.30480181844011933
0.8978865871521239,0.304780169046097
0.8980958359489433,0.30482954545454544
0.8980958359489433,0.30480789716639445
0.8980958359489433,0.3047862519528476
0.8980958359489433,0.30476460981325004
0.8980958359489433,0.3047429707469469
0.8980958359489433,0.3047213347532836
0.8983050847457628,0.3047706943064035
0.8983050847457628,0.3047490594164833
0.8983050847457628,0.3047274275979557
0.8983050847457628,0.3047057988501668
0.8983050847457628,0.3046841731724627
0.8983050847457628,0.3046625505641899
0.8983050847457628,0.30464093102469486
0.8983050847457628,0.30461931455332436
0.8983050847457628,0.3045977011494253
0.8983050847457628,0.3045760908123448
0.8983050847457628,0.30455448354143017
0.8983050847457628,0.30453287933602896
0.8983050847457628,0.30451127819548873
0.8983050847457628,0.3044896801191574
0.8983050847457628,0.30446808510638296
0.8983050847457628,0.30444649315651373
0.8983050847457628,0.304424904268898
0.8983050847457628,0.3044033184428845
0.8983050847457628,0.3043817356778219
0.8983050847457628,0.3043601559730592
0.8983050847457628,0.30433857932794556
0.8983050847457628,0.3043170057418303
0.8983050847457628,0.30429543521406294
0.8983050847457628,0.3042738677439932
0.8983050847457628,0.3042523033309709
0.8983050847457628,0.30423074197434624
0.8983050847457628,0.3042091836734694
0.8983050847457628,0.30418762842769076
0.8983050847457628,0.30416607623636105
0.8983050847457628,0.30414452709883105
0.8983050847457628,0.3041229810144517
0.8983050847457628,0.3041014379825742
0.8983050847457628,0.3040798980025499
0.8983050847457628,0.3040583610737304
0.8983050847457628,0.30403682719546743
0.8983050847457628,0.30401529636711283
0.8983050847457628,0.3039937685880187
0.8983050847457628,0.30397224385753735
0.8983050847457628,0.3039507221750212
0.8983050847457628,0.303929203539823
0.8983050847457628,0.30390768795129547
0.8983050847457628,0.30388617540879165
0.8983050847457628,0.3038646659116648
0.8983050847457628,0.30384315945926815
0.8983050847457628,0.3038216560509554
0.8983050847457628,0.30380015568608026
0.8983050847457628,0.3037786583639966
0.8983050847457628,0.30375716408405856
0.8983050847457628,0.3037356728456205
0.8983050847457628,0.3037141846480368
0.8983050847457628,0.30369269949066213
0.8983050847457628,0.3036712173728514
0.8983050847457628,0.3036497382939595
0.8983050847457628,0.30362826225334183
0.8983050847457628,0.3036067892503536
0.8983050847457628,0.30358531928435045
0.8983050847457628,0.3035638523546882
0.8983050847457628,0.3035423884607226
0.8983050847457628,0.30352092760180993
0.8983050847457628,0.30349946977730646
0.8983050847457628,0.3034780149865686
0.8983050847457628,0.30345656322895315
0.8983050847457628,0.30343511450381677
0.8983050847457628,0.3034136688105166
0.8983050847457628,0.3033922261484099
0.8983050847457628,0.30337078651685395
0.8983050847457628,0.30334934991520635
0.8983050847457628,0.30332791634282485
0.8983050847457628,0.3033064857990674
0.8983050847457628,0.3032850582832921
0.8983050847457628,0.3032636337948573
0.8983050847457628,0.30324221233312143
0.8983050847457628,0.30322079389744316
0.8983050847457628,0.3031993784871813
0.8983050847457628,0.3031779661016949
0.8983050847457628,0.3031565567403432
0.8983050847457628,0.3031351504024855
0.8983050847457628,0.30311374708748146
0.8983050847457628,0.30309234679469077
0.8983050847457628,0.30307094952347335
0.8983050847457628,0.30304955527318933
0.8983050847457628,0.303028164043199
0.8983050847457628,0.3030067758328628
0.8983050847457628,0.3029853906415414
0.8983050847457628,0.3029640084685956
0.8983050847457628,0.3029426293133865
0.8983050847457628,0.3029212531752752
0.8983050847457628,0.30289988005362306
0.8983050847457628,0.30287850994779175
0.8983050847457628,0.3028571428571429
0.8983050847457628,0.3028357787810384
0.8983050847457628,0.3028144177188404
0.8983050847457628,0.30279305966991116
0.8983050847457628,0.3027717046336131
0.8983050847457628,0.3027503526093089
0.8983050847457628,0.30272900359636135
0.8983050847457628,0.30270765759413343
0.8983050847457628,0.3026863146019883
0.8983050847457628,0.3026649746192893
0.8983050847457628,0.3026436376454001
0.8983050847457628,0.3026223036796842
0.8983050847457628,0.3026009727215056
0.8983050847457628,0.30257964477022836
0.8983050847457628,0.3025583198252167
0.8983050847457628,0.3025369978858351
0.8983050847457628,0.3025156789514481
0.8983050847457628,0.3024943630214205
0.8983050847457628,0.3024730500951173
0.8983050847457628,0.3024517401719036
0.8983050847457628,0.30243043325114477
0.8983050847457628,0.30240912933220626
0.8983050847457628,0.3023878284144538
0.8983050847457628,0.30236653049725315
0.8983050847457628,0.3023452355799704
0.8983050847457628,0.30232394366197185
0.8983050847457628,0.30230265474262374
0.8983050847457628,0.30228136882129275
0.8983050847457628,0.30226008589734565
0.8983050847457628,0.30223880597014924
0.8983050847457628,0.30221752903907073
0.8983050847457628,0.3021962551034774
0.8983050847457628,0.3021749841627367
0.8983050847457628,0.30215371621621623
0.8983050847457628,0.3021324512632838
0.8983050847457628,0.30211118930330755
0.8983050847457628,0.30208993033565545
0.8983050847457628,0.30206867435969603
0.8983050847457628,0.30204742137479773
0.8983050847457628,0.3020261713803293
0.8983050847457628,0.3020049243756595
0.8983050847457628,0.30198368036015755
0.8983050847457628,0.30196243933319267
0.8983050847457628,0.3019412012941342
0.8983050847457628,0.3019199662423518
0.8983050847457628,0.3018987341772152
0.8983050847457628,0.30187750509809436
0.8983050847457628,0.30185627900435946
0.8983050847457628,0.30183505589538073
0.8983050847457628,0.30181383577052867
0.8983050847457628,0.301792618629174
0.8983050847457628,0.30177140447068745
0.8983050847457628,0.30175019329444014
0.8983050847457628,0.3017289850998032
0.8983050847457628,0.301707779886148
0.8983050847457628,0.3016865776528461
0.8983050847457628,0.3016653783992692
0.8983050847457628,0.3016441821247892
0.8983050847457628,0.3016229888287782
0.8983050847457628,0.3016017985106084
0.8983050847457628,0.3015806111696523
0.8983050847457628,0.30155942680528236
0.8983050847457628,0.3015382454168715
0.8983050847457628,0.30151706700379266
0.8983050847457628,0.3014958915654189
0.8983050847457628,0.3014747191011236
0.8983050847457628,0.3014535496102802
0.8983050847457628,0.30143238309226233
0.8983050847457628,0.30141121954644384
0.8983050847457628,0.30139005897219884
0.8983050847457628,0.3013689013689014
0.8983050847457628,0.30134774673592585
0.8983050847457628,0.30132659507264686
0.8983050847457628,0.3013054463784391
0.8983050847457628,0.30128430065267736
0.8983050847457628,0.30126315789473684
0.8983050847457628,0.3012420181039927
0.8983050847457628,0.3012208812798204
0.8983050847457628,0.30119974742159544
0.8983050847457628,0.3011786165286937
0.8983050847457628,0.3011574886004911
0.8983050847457628,0.30113636363636365
0.8983050847457628,0.30111524163568776
0.8983050847457628,0.3010941225978398
0.8983050847457628,0.3010730065221965
0.8983050847457628,0.30105189340813465
0.8983050847457628,0.3010307832550312
0.8983050847457628,0.30100967606226336
0.8983050847457628,0.30098857182920846
0.8983050847457628,0.300967470555244
0.8983050847457628,0.30094637223974763
0.8983050847457628,0.3009252768820973
0.8983050847457628,0.300904184481671
0.8983050847457628,0.30088309503784694
0.8983050847457628,0.3008620085500035
0.8983050847457628,0.30084092501751925
0.8983050847457628,0.30081984443977294
0.8983050847457628,0.3007987668161435
0.8983050847457628,0.30077769214600997
0.8983050847457628,0.30075662042875156
0.8983050847457628,0.3007355516637478
0.8983050847457628,0.30071448585037824
0.8983050847457628,0.3006934229880227
0.8983050847457628,0.3006723630760611
0.8983050847457628,0.30065130611387353
0.8983050847457628,0.3006302521008403
0.8983050847457628,0.300609201036342
0.8983050847457628,0.30058815291975916
0.8983050847457628,0.3005671077504726
0.8983050847457628,0.30054606552786334
0.8983050847457628,0.30052502625131255
0.8983050847457628,0.3005039899202016
0.8983050847457628,0.30048295653391194
0.8983050847457628,0.3004619260918253
0.8983050847457628,0.3004408985933235
0.8983050847457628,0.30041987403778864
0.8983050847457628,0.3003988524246029
0.8983050847457628,0.30037783375314864
0.8983050847457628,0.3003568180228084
0.8983050847457628,0.3003358052329649
0.8983050847457628,0.30031479538300104
0.8983050847457628,0.3002937884722999
0.8983050847457628,0.3002727845002448
0.8983050847457628,0.30025178346621906
0.8983050847457628,0.3002307853696063
0.8983050847457628,0.3002097902097902
0.8983050847457628,0.30018879798615483
0.8983050847457628,0.3001678086980842
0.8983050847457628,0.3001468223449626
0.8983050847457628,0.3001258389261745
0.8983050847457628,0.3001048584411045
0.8983050847457628,0.3000838808891374
0.8983050847457628,0.3000629062696582
0.8983050847457628,0.300041934582052
0.8983050847457628,0.3000209658257041
0.8983050847457628,0.3
0.8983050847457628,0.29997903710432533
0.8983050847457628,0.29995807713806594
0.8983050847457628,0.29993712010060786
0.8983050847457628,0.29991616599133714
0.8983050847457628,0.29989521480964026
0.8983050847457628,0.2998742665549036
0.8983050847457628,0.2998533212265139
0.8983050847457628,0.2998323788238581
0.8983050847457628,0.2998114393463231
0.8983050847457628,0.2997905027932961
0.8983050847457628,0.29976956916416453
0.8983050847457628,0.2997486384583159
0.8983050847457628,0.29972771067513787
0.8983050847457628,0.29970678581401844
0.8983050847457628,0.29968586387434554
0.8983050847457628,0.2996649448555075
0.8983050847457628,0.29964402875689256
0.8983050847457628,0.29962311557788945
0.8983050847457628,0.2996022053178868
0.8983050847457628,0.29958129797627353
0.8983050847457628,0.29956039355243874
0.8983050847457628,0.2995394920457717
0.8983050847457628,0.2995185934556618
0.8983050847457628,0.29949769778149854
0.8983050847457628,0.29947680502267177
0.8983050847457628,0.29945591517857145
0.8983050847457628,0.2994350282485876
0.8983050847457628,0.2994141442321105
0.8983050847457628,0.2993932631285306
0.8983050847457628,0.2993723849372385
0.8983050847457628,0.29935150965762497
0.8983050847457628,0.29933063728908105
0.8983050847457628,0.2993097678309977
0.8983050847457628,0.2992889012827663
0.8983050847457628,0.2992680376437783
0.8983050847457628,0.29924717691342534
0.8983050847457628,0.2992263190910992
0.8983050847457628,0.2992054641761918
0.8983050847457628,0.29918461216809533
0.8983050847457628,0.29916376306620207
0.8983050847457628,0.2991429168699045
0.8983050847457628,0.2991220735785953
0.8983050847457628,0.29910123319166726
0.8983050847457628,0.2990803957085133
0.8983050847457628,0.29905956112852666
0.8983050847457628,0.2990387294511006
0.8983050847457628,0.2990179006756286
0.8983050847457628,0.2989970748015044
0.8983050847457628,0.2989762518281217
0.8983050847457628,0.29895543175487466
0.8983050847457628,0.2989346145811573
0.8983050847457628,0.298913800306364
0.8983050847457628,0.2988929889298893
0.8983050847457628,0.29887218045112784
0.8983050847457628,0.29885137486947444
0.8983050847457628,0.2988305721843241
0.8983050847457628,0.29880977239507206
0.8983050847457628,0.2987889755011136
0.8983050847457628,0.29876818150184425
0.8983050847457628,0.2987473903966597
0.8983050847457628,0.29872660218495584
0.8983050847457628,0.29870581686612857
0.8983050847457628,0.2986850344395742
0.8983050847457628,0.298664254904689
0.8983050847457628,0.29864347826086957
0.8983050847457628,0.29862270450751255
0.8983050847457628,0.29860193364401477
0.8983050847457628,0.2985811656697733
0.8983050847457628,0.29856040058418526
0.8983050847457628,0.2985396383866481
0.8983050847457628,0.29851887907655933
0.8983050847457628,0.29849812265331666
0.8983050847457628,0.2984773691163179
0.8983050847457628,0.2984566184649611
0.8983050847457628,0.2984358706986444
0.8983050847457628,0.2984151258167663
0.8983050847457628,0.29839438381872524
0.8983050847457628,0.2983736447039199
0.8983050847457628,0.2983529084717493
0.8983050847457628,0.29833217512161225
0.8983050847457628,0.29831144465290804
0.8983050847457628,0.2982907170650361
0.8983050847457628,0.29826999235739593
0.8983050847457628,0.29824927052938727
0.8983050847457628,0.29822855158040984
0.8983050847457628,0.29820783550986385
0.8983050847457628,0.2981871223171494
0.8983050847457628,0.2981664120016669
0.8983050847457628,0.29814570456281686
0.8983050847457628,0.298125
0.8983050847457628,0.2981042983126172
0.8983050847457628,0.2980835995000694
0.8983050847457628,0.29806290356175796
0.8983050847457628,0.2980422104970841
0.8983050847457628,0.2980215203054495
0.8983050847457628,0.29800083298625574
0.8983050847457628,0.2979801485389047
0.8983050847457628,0.29795946696279846
0.8983050847457628,0.29793878825733916
0.8983050847457628,0.2979181124219292
0.8983050847457628,0.29789743945597114
0.8983050847457628,0.2978767693588676
0.8983050847457628,0.2978561021300215
0.8983050847457628,0.29783543776883586
0.8983050847457628,0.29781477627471387
0.8983050847457628,0.2977941176470588
0.8983050847457628,0.2977734618852743
0.8983050847457628,0.29775280898876405
0.8983050847457628,0.29773215895693184
0.8983050847457628,0.2977115117891817
0.8983050847457628,0.29769086748491785
0.8983050847457628,0.2976702260435446
0.8983050847457628,0.29764958746446646
0.8983050847457628,0.2976289517470882
0.8983050847457628,0.29760831889081457
0.8983050847457628,0.2975876888950506
0.8983050847457628,0.2975670617592015
0.8983050847457628,0.29754643748267257
0.8983050847457628,0.2975258160648694
0.8983050847457628,0.2975051975051975
0.8983050847457628,0.29748458180306286
0.8983050847457628,0.2974639689578714
0.8983050847457628,0.2974433589690293
0.8983050847457628,0.2974227518359429
0.8983050847457628,0.2974021475580187
0.8983050847457628,0.29738154613466333
0.8983050847457628,0.29736094756528364
0.8983050847457628,0.2973403518492866
0.8983050847457628,0.2973197589860794
0.8983050847457628,0.29729916897506925
0.8983050847457628,0.29727858181566374
0.8983050847457628,0.29725799750727044
0.8983050847457628,0.29723741604929727
0.8983050847457628,0.297216837441152
0.8983050847457628,0.297196261682243
0.8983050847457628,0.2971756887719784
0.8983050847457628,0.29715511870976674
0.8983050847457628,0.2971345514950166
0.8983050847457628,0.2971139871271368
0.8983050847457628,0.2970934256055363
0.8983050847457628,0.29707286692962426
0.8983050847457628,0.29705231109880986
0.8983050847457628,0.2970317581125026
0.8983050847457628,0.2970112079701121
0.8983050847457628,0.29699066067104807
0.8983050847457628,0.2969701162147205
0.8983050847457628,0.29694957460053956
0.8983050847457628,0.29692903582791536
0.8983050847457628,0.2969084998962584
0.8983050847457628,0.29688796680497925
0.8983050847457628,0.2968674365534887
0.8983050847457628,0.2968469091411976
0.8983050847457628,0.2968263845675171
0.8983050847457628,0.2968058628318584
0.8983050847457628,0.29678534393363293
0.8983050847457628,0.29676482787225217
0.8983050847457628,0.29674431464712797
0.8983050847457628,0.2967238042576721
0.8983050847457628,0.2967032967032967
0.8983050847457628,0.29668279198341396
0.8983050847457628,0.2966622900974363
0.8983050847457628,0.2966417910447761
0.8983050847457628,0.2966212948248463
0.8983050847457628,0.2966008014370596
0.8983050847457628,0.29658031088082903
0.8983050847457628,0.29655982315556784
0.8983050847457628,0.29653933826068934
0.8983050847457628,0.29651885619560714
0.8983050847457628,0.2964983769597348
0.8983050847457628,0.2964779005524862
0.8983050847457628,0.2964574269732753
0.8983050847457628,0.2964369562215164
0.8983050847457628,0.29641648829662365
0.8983050847457628,0.2963960231980116
0.8983050847457628,0.2963755609250949
0.8983050847457628,0.29635510147728844
0.8983050847457628,0.29633464485400707
0.8983050847457628,0.29631419105466594
0.8983050847457628,0.29629374007868037
0.8983050847457628,0.29627329192546586
0.8983050847457628,0.2962528465944379
0.8983050847457628,0.29623240408501245
0.8983050847457628,0.29621196439660524
0.8983050847457628,0.29619152752863254
0.8983050847457628,0.2961710934805105
0.8983050847457628,0.29615066225165565
0.8983050847457628,0.29613023384148446
0.8983050847457628,0.2961098082494137
0.8983050847457628,0.29608938547486036
0.8983050847457628,0.2960689655172414
0.8985143335425821,0.2961175091373009
0.8985143335425821,0.29609709005654394
0.8985143335425821,0.29607667379162933
0.8985143335425821,0.29605626034197463
0.8985143335425821,0.2960358497069976
0.8985143335425821,0.2960154418861161
0.8985143335425821,0.2959950368787482
0.8985143335425821,0.2959746346843121
0.8985143335425821,0.2959542353022262
0.8985143335425821,0.29593383873190904
0.8985143335425821,0.29591344497277927
0.8985143335425821,0.2958930540242558
0.8985143335425821,0.2958726658857576
0.8985143335425821,0.2958522805567039
0.8985143335425821,0.29583189803651394
0.8985143335425821,0.29581151832460734
0.8985143335425821,0.2957911414204037
0.8985143335425821,0.29577076732332275
0.8985143335425821,0.29575039603278463
0.8985143335425821,0.2957300275482094
0.8985143335425821,0.29570966186901726
0.8985143335425821,0.2956892989946288
0.8985143335425821,0.29566893892446466
0.8985143335425821,0.2956485816579455
0.8985143335425821,0.2956282271944923
0.8985143335425821,0.2956078755335261
0.8985143335425821,0.29558752667446825
0.8985143335425821,0.2955671806167401
0.8985143335425821,0.2955468373597632
0.8985143335425821,0.2955264969029594
0.8985143335425821,0.29550615924575047
0.8985143335425821,0.2954858243875585
0.8985143335425821,0.29546549232780567
0.8985143335425821,0.2954451630659144
0.8985143335425821,0.2954248366013072
0.8985143335425821,0.2954045129334067
0.8985143335425821,0.29538419206163585
0.8985143335425821,0.2953638739854175
0.8985143335425821,0.295343558704175
0.8985143335425821,0.2953232462173315
0.8985143335425821,0.29530293652431056
0.8985143335425821,0.29528262962453583
0.8985143335425821,0.2952623255174311
0.8985143335425821,0.29524202420242024
0.8985143335425821,0.29522172567892746
0.8985143335425821,0.295201429946377
0.8985143335425821,0.2951811370041933
0.8985143335425821,0.29516084685180094
0.8985143335425821,0.29514055948862467
0.8985143335425821,0.2951202749140893
0.8985143335425821,0.2950999931276201
0.8985143335425821,0.2950797141286421
0.8985143335425821,0.2950594379165808
0.8985143335425821,0.2950391644908616
0.8985143335425821,0.29501889385091035
0.8985143335425821,0.2949986259961528
0.8985143335425821,0.294978360926015
0.8985143335425821,0.29495809863992306
0.8985143335425821,0.29493783913730337
0.8985143335425821,0.2949175824175824
0.8985143335425821,0.2948973284801868
0.8985143335425821,0.2948770773245433
0.8985143335425821,0.294856828950079
0.8985143335425821,0.2948365833562208
0.8985143335425821,0.29481634054239614
0.8985143335425821,0.2947961005080324
0.8985143335425821,0.29477586325255717
0.8985143335425821,0.2947556287753981
0.8985143335425821,0.29473539707598323
0.8985143335425821,0.29471516815374055
0.8985143335425821,0.29469494200809826
0.8985143335425821,0.29467471863848477
0.8985143335425821,0.29465449804432853
0.8985143335425821,0.29463428022505833
0.8985143335425821,0.2946140651801029
0.8985143335425821,0.29459385290889134
0.8985143335425821,0.29457364341085274
0.8985143335425821,0.2945534366854164
0.8985143335425821,0.2945332327320118
0.8985143335425821,0.2945130315500686
0.8985143335425821,0.29449283313901653
0.8985143335425821,0.29447263749828556
0.8985143335425821,0.29445244462730574
0.8985143335425821,0.2944322545255074
0.8985143335425821,0.2944120671923209
0.8985143335425821,0.29439188262717675
0.8985143335425821,0.2943717008295057
0.8985143335425821,0.2943515217987387
0.8985143335425821,0.2943313455343067
0.8985143335425821,0.29431117203564083
0.8985143335425821,0.29429100130217256
0.8985143335425821,0.2942708333333333
0.8985143335425821,0.29425066812855477
0.8985143335425821,0.2942305056872687
0.8985143335425821,0.29421034600890716
0.8985143335425821,0.2941901890929022
0.8985143335425821,0.29417003493868604
0.8985143335425821,0.2941498835456912
0.8985143335425821,0.2941297349133502
0.8985143335425821,0.2941095890410959
0.8985143335425821,0.29408944592836106
0.8985143335425821,0.29406930557457883
0.8985143335425821,0.29404916797918235
0.8985143335425821,0.29402903314160506
0.8985143335425821,0.29400890106128036
0.8985143335425821,0.29398877173764204
0.8985143335425821,0.2939686451701239
0.8985143335425821,0.2939485213581599
0.8985143335425821,0.2939284003011842
0.8985143335425821,0.29390828199863106
0.8985143335425821,0.293888166449935
0.8985143335425821,0.2938680536545305
0.8985143335425821,0.29384794361185246
0.8985143335425821,0.2938278363213357
0.8985143335425821,0.2938077317824153
0.8985143335425821,0.29378762999452657
0.8985143335425821,0.2937675309571047
0.8985143335425821,0.2937474346695854
0.8985143335425821,0.29372734113140436
0.8985143335425821,0.29370725034199724
0.8985143335425821,0.2936871623008002
0.8985143335425821,0.29366707700724937
0.8985143335425821,0.29364699446078096
0.8985143335425821,0.2936269146608315
0.8985143335425821,0.2936068376068376
0.8985143335425821,0.293586763298236
0.8985143335425821,0.29356669173446365
0.8985143335425821,0.2935466229149576
0.8985143335425821,0.29352655683915513
0.8985143335425821,0.2935064935064935
0.8985143335425821,0.29348643291641036
0.8985143335425821,0.29346637506834333
0.8985143335425821,0.2934463199617303
0.8985143335425821,0.2934262675960093
0.8985143335425821,0.2934062179706184
0.8985143335425821,0.29338617108499593
0.8985143335425821,0.29336612693858033
0.8985143335425821,0.2933460855308102
0.8985143335425821,0.2933260468611244
0.8985143335425821,0.29330601092896175
0.8985143335425821,0.29328597773376136
0.8985143335425821,0.2932659472749624
0.8985143335425821,0.29324591955200435
0.8985143335425821,0.2932258945643267
0.8985143335425821,0.2932058723113691
0.8985143335425821,0.29318585279257137
0.8985143335425821,0.2931658360073735
0.8985143335425821,0.2931458219552157
0.8985143335425821,0.2931258106355383
0.8985143335425821,0.2931058020477816
0.8985143335425821,0.29308579619138625
0.8985143335425821,0.29306579306579306
0.8985143335425821,0.2930457926704429
0.8985143335425821,0.2930257950047769
0.8985143335425821,0.2930058000682361
0.8985143335425821,0.292985807860262
0.8985143335425821,0.2929658183802961
0.8985143335425821,0.29294583162778004
0.8985143335425821,0.2929258476021557
0.8985143335425821,0.2929058663028649
0.8985143335425821,0.29288588772935
0.8985143335425821,0.29286591188105304
0.8985143335425821,0.2928459387574166
0.8985143335425821,0.29282596835788327
0.8985143335425821,0.29280600068189566
0.8985143335425821,0.2927860357288968
0.8985143335425821,0.29276607349832956
0.8985143335425821,0.2927461139896373
0.8985143335425821,0.2927261572022633
0.8985143335425821,0.292706203135651
0.8985143335425821,0.29268625178924407
0.8985143335425821,0.2926663031624864
0.8985143335425821,0.2926463572548218
0.8985143335425821,0.29262641406569445
0.8985143335425821,0.29260647359454856
0.8985143335425821,0.29258653584082855
0.8985143335425821,0.292566600803979
0.8985143335425821,0.2925466684834446
0.8985143335425821,0.2925267388786702
0.8985143335425821,0.29250681198910083
0.8985143335425821,0.2924868878141816
0.8985143335425821,0.29246696635335784
0.8985143335425821,0.29244704760607504
0.8985143335425821,0.2924271315717788
0.8985143335425821,0.2924072182499149
0.8985143335425821,0.2923873076399292
0.8985143335425821,0.2923673997412678
0.8985143335425821,0.2923474945533769
0.8985143335425821,0.2923275920757029
0.8985143335425821,0.2923076923076923
0.8985143335425821,0.2922877952487918
0.8985143335425821,0.2922679008984481
0.8985143335425821,0.29224800925610833
0.8985143335425821,0.29222812032121953
0.8985143335425821,0.292208234093229
0.8985143335425821,0.2921883505715841
0.8985143335425821,0.29216846975573246
0.8985143335425821,0.2921485916451218
0.8985143335425821,0.29212871623919995
0.8985143335425821,0.29210884353741495
0.8985143335425821,0.29208897353921504
0.8985143335425821,0.2920691062440484
0.8985143335425821,0.29204924165136364
0.8985143335425821,0.29202937976060933
0.8985143335425821,0.29200952057123425
0.8985143335425821,0.29198966408268734
0.8985143335425821,0.2919698102944176
0.8985143335425821,0.29194995920587435
0.8985143335425821,0.2919301108165069
0.8985143335425821,0.2919102651257648
0.8985143335425821,0.2918904221330977
0.8985143335425821,0.2918705818379554
0.8985143335425821,0.29185074423978796
0.8985143335425821,0.2918309093380454
0.8985143335425821,0.2918110771321781
0.8985143335425821,0.29179124762163633
0.8985143335425821,0.29177142080587076
0.8985143335425821,0.2917515966843321
0.8985143335425821,0.2917317752564712
0.8985143335425821,0.29171195652173915
0.8985143335425821,0.29169214047958697
0.8985143335425821,0.2916723271294661
0.8985143335425821,0.29165251647082796
0.8985143335425821,0.29163270850312417
0.8985143335425821,0.29161290322580646
0.8985143335425821,0.2915931006383268
0.8985143335425821,0.29157330074013715
0.8985143335425821,0.2915535035306898
0.8985143335425821,0.29153370900943715
0.8985143335425821,0.29151391717583164
0.8985143335425821,0.2914941280293259
0.8985143335425821,0.2914743415693728
0.8985143335425821,0.29145455779542523
0.8985143335425821,0.29143477670693635
0.8985143335425821,0.2914149983033594
0.8985143335425821,0.2913952225841477
0.8985143335425821,0.29137544954875483
0.8985143335425821,0.2913556791966346
0.8985143335425821,0.29133591152724064
0.8985143335425821,0.29131614654002713
0.8985143335425821,0.29129638423444815
0.8985143335425821,0.29127662460995796
0.8985143335425821,0.291256867666011
0.8985143335425821,0.2912371134020619
0.8985143335425821,0.2912173618175653
0.8985143335425821,0.29119761291197616
0.8985143335425821,0.29117786668474943
0.8985143335425821,0.2911581231353404
0.8985143335425821,0.29113838226320427
0.8985143335425821,0.2911186440677966
0.8985143335425821,0.29109890854857295
0.8985143335425821,0.29107917570498915
0.8985143335425821,0.29105944553650104
0.8985143335425821,0.29103971804256473
0.8985143335425821,0.2910199932226364
0.8985143335425821,0.2910002710761724
0.8985143335425821,0.29098055160262926
0.8985143335425821,0.2909608348014636
0.8985143335425821,0.29094112067213224
0.8985143335425821,0.29092140921409215
0.8985143335425821,0.29090170042680036
0.8985143335425821,0.2908819943097141
0.8985143335425821,0.2908622908622909
0.8985143335425821,0.2908425900839881
0.8985143335425821,0.2908228919742635
0.8985143335425821,0.29080319653257486
0.8985143335425821,0.2907835037583802
0.8985143335425821,0.29076381365113757
0.8985143335425821,0.2907441262103054
0.8985143335425821,0.29072444143534193
0.8985143335425821,0.2907047593257058
0.8985143335425821,0.2906850798808557
0.8985143335425821,0.29066540310025046
0.8985143335425821,0.2906457289833491
0.8985143335425821,0.29062605752961085
0.8985143335425821,0.29060638873849487
0.8985143335425821,0.29058672260946067
0.8985143335425821,0.2905670591419678
0.8985143335425821,0.290547398335476
0.8985143335425821,0.2905277401894452
0.8985143335425821,0.2905080847033354
0.8985143335425821,0.29048843187660667
0.8985143335425821,0.2904687817087195
0.8985143335425821,0.2904491341991342
0.8985143335425821,0.29042948934731144
0.8985143335425821,0.290409847152712
0.8985143335425821,0.2903902076147968
0.8985143335425821,0.2903705707330268
0.8985143335425821,0.2903509365068632
0.8985143335425821,0.2903313049357674
0.8985143335425821,0.2903116760192009
0.8985143335425821,0.2902920497566252
0.8985143335425821,0.2902724261475022
0.8985143335425821,0.29025280519129376
0.8985143335425821,0.29023318688746197
0.8985143335425821,0.29021357123546904
0.8985143335425821,0.29019395823477734
0.8985143335425821,0.2901743478848493
0.8985143335425821,0.29015474018514764
0.8985143335425821,0.2901351351351351
0.8985143335425821,0.2901155327342747
0.8985143335425821,0.29009593298202946
0.8985143335425821,0.2900763358778626
0.8985143335425821,0.2900567414212375
0.8985143335425821,0.2900371496116177
0.8985143335425821,0.2900175604484668
0.8985143335425821,0.2899979739312487
0.8985143335425821,0.2899783900594273
0.8985143335425821,0.2899588088324667
0.8985143335425821,0.2899392302498312
0.8985143335425821,0.2899196543109851
0.8985143335425821,0.28990008101539294
0.8985143335425821,0.2898805103625194
0.8985143335425821,0.28986094235182935
0.8985143335425821,0.2898413769827877
0.8985143335425821,0.2898218142548596
0.8985143335425821,0.28980225416751026
0.8985143335425821,0.2897826967202052
0.8985143335425821,0.28976314191240976
0.8985143335425821,0.28974358974358977
0.8985143335425821,0.28972404021321096
0.8985143335425821,0.28970449332073944
0.8985143335425821,0.28968494906564124
0.8985143335425821,0.2896654074473826
0.8985143335425821,0.28964586846543
0.8985143335425821,0.28962633211925
0.8985143335425821,0.28960679840830916
0.8985143335425821,0.28958726733207446
0.8985143335425821,0.2895677388900128
0.8985143335425821,0.28954821308159134
0.8985143335425821,0.2895286899062774
0.8985143335425821,0.2895091693635383
0.8985143335425821,0.2894896514528416
0.8985143335425821,0.28947013617365513
0.8985143335425821,0.2894506235254466
0.8985143335425821,0.289431113507684
0.8985143335425821,0.2894116061198356
0.8985143335425821,0.28939210136136945
0.8985143335425821,0.2893725992317542
0.8985143335425821,0.2893530997304582
0.8985143335425821,0.28933360285695037
0.8985143335425821,0.2893141086106994
0.8985143335425821,0.2892946169911743
0.8985143335425821,0.2892751279978443
0.8985143335425821,0.28925564163017853
0.8985143335425821,0.2892361578876465
0.8985143335425821,0.2892166767697178
0.8985143335425821,0.28919719827586204
0.8985143335425821,0.2891777224055492
0.8985143335425821,0.28915824915824917
0.8985143335425821,0.2891387785334321
0.8985143335425821,0.2891193105305683
0.8985143335425821,0.2890998451491281
0.8985143335425821,0.2890803823885822
0.8985143335425821,0.2890609222484012
0.8985143335425821,0.28904146472805603
0.8985143335425821,0.2890220098270176
0.8985143335425821,0.289002557544757
0.8985143335425821,0.28898310788074566
0.8985143335425821,0.2889636608344549
0.8985143335425821,0.2889442164053563
0.8985143335425821,0.28892477459292154
0.8985143335425821,0.2889053353966225
0.8985143335425821,0.28888589881593113
0.8985143335425821,0.2888664648503195
0.8985143335425821,0.28884703349926005
0.8985143335425821,0.2888276047622251
0.8985143335425821,0.28880817863868713
0.8985143335425821,0.2887887551281189
0.8985143335425821,0.2887693342299933
0.8985143335425821,0.2887499159437832
0.8985143335425821,0.2887305002689618
0.8985143335425821,0.2887110872050023
0.8985143335425821,0.28869167675137825
0.8985143335425821,0.28867226890756303
0.8985143335425821,0.2886528636730304
0.8985143335425821,0.2886334610472541
0.8985143335425821,0.28861406102970827
0.8985143335425821,0.2885946636198669
0.8985143335425821,0.2885752688172043
0.8985143335425821,0.2885558766211948
0.8985143335425821,0.288536487031313
0.8985143335425821,0.2885171000470335
0.8985143335425821,0.2884977156678312
0.8985143335425821,0.28847833389318106
0.8985143335425821,0.2884589547225581
0.8985143335425821,0.28843957815543764
0.8985143335425821,0.288420204191295
0.8985143335425821,0.28840083282960577
0.8985143335425821,0.28838146406984555
0.8985143335425821,0.28836209791149015
0.8985143335425821,0.2883427343540156
0.8985143335425821,0.2883233733968979
0.8985143335425821,0.2883040150396133
0.8985143335425821,0.28828465928163816
0.8985143335425821,0.288265306122449
0.8985143335425821,0.28824595556152244
0.8985143335425821,0.28822660759833535
0.8985143335425821,0.2882072622323646
0.8985143335425821,0.28818791946308725
0.8985143335425821,0.2881685792899805
0.8985143335425821,0.2881492417125218
0.8985143335425821,0.28812990673018857
0.8985143335425821,0.2881105743424584
0.8985143335425821,0.28809124454880913
0.8985143335425821,0.2880719173487186
0.8985143335425821,0.288052592741665
0.8985143335425821,0.28803327072712637
0.8985143335425821,0.28801395130458113
0.8985143335425821,0.2879946344735077
0.8985143335425821,0.28797532023338474
0.8985143335425821,0.28795600858369097
0.8985143335425821,0.2879366995239053
0.8985143335425821,0.2879173930535068
0.8985143335425821,0.2878980891719745
0.8985143335425821,0.2878787878787879
0.8985143335425821,0.2878594891734263
0.8985143335425821,0.28784019305536934
0.8985143335425821,0.2878208995240968
0.8985143335425821,0.2878016085790885
0.8985143335425821,0.2877823202198244
0.8985143335425821,0.28776303444578477
0.8985143335425821,0.2877437512564498
0.8985143335425821,0.2877244706512999
0.8985143335425821,0.28770519262981575
0.8985143335425821,0.28768591719147796
0.8985143335425821,0.2876666443357674
0.8985143335425821,0.28764737406216506
0.8985143335425821,0.28762810637015207
0.8985143335425821,0.28760884125920966
0.8985143335425821,0.28758957872881924
0.8985143335425821,0.28757031877846234
0.8985143335425821,0.2875510614076207
0.8985143335425821,0.2875318066157761
0.8985143335425821,0.28751255440241047
0.8987235823394015,0.287560257096947
0.8987235823394015,0.28754100555667134
0.8987235823394015,0.28752175659392154
0.8987235823394015,0.2875025102081799
0.8987235823394015,0.28748326639892907
0.8987235823394015,0.28746402516565156
0.8987235823394015,0.2874447865078303
0.8987235823394015,0.28742555042494816
0.8987235823394015,0.2874063169164882
0.8987235823394015,0.28738708598193374
0.8987235823394015,0.2873678576207681
0.8987235823394015,0.2873486318324747
0.8987235823394015,0.28732940861653733
0.8987235823394015,0.2873101879724396
0.8987235823394015,0.28729096989966557
