recall,precision
0.0002092487968194183,1.0
0.0004184975936388366,1.0
0.0006277463904582549,1.0
0.0008369951872776732,1.0
0.0010462439840970914,1.0
0.0012554927809165098,1.0
0.001464741577735928,1.0
0.0016739903745553464,1.0
0.0018832391713747645,1.0
0.002092487968194183,1.0
0.002301736765013601,1.0
0.0025109855618330196,1.0
0.002720234358652438,1.0
0.002929483155471856,1.0
0.003138731952291274,1.0
0.0033479807491106927,1.0
0.003557229545930111,1.0
0.003766478342749529,1.0
0.003975727139568948,1.0
0.004184975936388366,1.0
0.004394224733207784,1.0
0.004603473530027202,1.0
0.00481272232684662,1.0
0.005021971123666039,1.0
0.0052312199204854574,1.0
0.005440468717304876,1.0
0.005649717514124294,1.0
0.005858966310943712,1.0
0.00606821510776313,1.0
0.006277463904582548,1.0
0.006486712701401967,1.0
0.006695961498221385,1.0
0.006905210295040804,1.0
0.007114459091860222,1.0
0.00732370788867964,1.0
0.007532956685499058,1.0
0.007742205482318477,1.0
0.007951454279137895,1.0
0.008160703075957313,1.0
0.008369951872776732,1.0
0.00857920066959615,1.0
0.008788449466415568,1.0
0.008997698263234986,1.0
0.009206947060054404,1.0
0.009416195856873822,1.0
0.00962544465369324,1.0
0.00983469345051266,1.0
0.010043942247332079,1.0
0.010253191044151497,1.0
0.010462439840970915,1.0
0.010671688637790333,1.0
0.010880937434609751,1.0
0.01109018623142917,1.0
0.011299435028248588,1.0
0.011508683825068006,1.0
0.011717932621887424,1.0
0.011927181418706842,1.0
0.01213643021552626,1.0
0.012345679012345678,1.0
0.012554927809165096,1.0
0.012764176605984516,1.0
0.012973425402803935,1.0
0.013182674199623353,1.0
0.01339192299644277,1.0
0.013601171793262189,1.0
0.013810420590081607,1.0
0.014019669386901025,1.0
0.014228918183720443,1.0
0.014438166980539862,1.0
0.01464741577735928,1.0
0.014856664574178698,1.0
0.015065913370998116,1.0
0.015275162167817534,1.0
0.015484410964636954,1.0
0.015693659761456372,1.0
0.01590290855827579,1.0
0.01611215735509521,1.0
0.016321406151914627,1.0
0.016530654948734045,1.0
0.016739903745553463,1.0
0.01694915254237288,1.0
0.0171584013391923,1.0
0.017367650136011718,1.0
0.017576898932831136,1.0
0.017786147729650554,1.0
0.017995396526469972,1.0
0.01820464532328939,1.0
0.01841389412010881,1.0
0.018623142916928227,1.0
0.018623142916928227,0.9888888888888889
0.018832391713747645,0.989010989010989
0.019041640510567063,0.9891304347826086
0.01925088930738648,0.989247311827957
0.0194601381042059,0.9893617021276596
0.01966938690102532,0.9894736842105263
0.01987863569784474,0.9895833333333334
0.020087884494664157,0.9896907216494846
0.020297133291483575,0.9897959183673469
0.020506382088302993,0.98989898989899
0.02071563088512241,0.99
0.02092487968194183,0.9900990099009901
0.021134128478761248,0.9901960784313726
0.021343377275580666,0.9902912621359223
0.021552626072400084,0.9903846153846154
0.021761874869219502,0.9904761904761905
0.02197112366603892,0.9905660377358491
0.02218037246285834,0.9906542056074766
0.02218037246285834,0.9814814814814815
0.022389621259677757,0.981651376146789
0.022598870056497175,0.9818181818181818
0.022808118853316593,0.9819819819819819
0.02301736765013601,0.9821428571428571
0.02322661644695543,0.9823008849557522
0.023435865243774848,0.9824561403508771
0.023645114040594266,0.9826086956521739
0.023854362837413684,0.9827586206896551
0.024063611634233102,0.9829059829059829
0.02427286043105252,0.9830508474576272
0.02448210922787194,0.9831932773109243
0.024691358024691357,0.9833333333333333
0.024900606821510775,0.9834710743801653
0.025109855618330193,0.9836065573770492
0.025319104415149615,0.983739837398374
0.025528353211969033,0.9838709677419355
0.02573760200878845,0.984
0.02594685080560787,0.9841269841269841
0.026156099602427287,0.984251968503937
0.026365348399246705,0.984375
0.026574597196066124,0.9844961240310077
0.02678384599288554,0.9846153846153847
0.02699309478970496,0.9847328244274809
0.027202343586524378,0.9848484848484849
0.027411592383343796,0.9849624060150376
0.027620841180163214,0.9850746268656716
0.027830089976982633,0.9851851851851852
0.02803933877380205,0.9852941176470589
0.02824858757062147,0.9854014598540146
0.028457836367440887,0.9855072463768116
0.028667085164260305,0.9856115107913669
0.028876333961079723,0.9857142857142858
0.02908558275789914,0.9858156028368794
0.02929483155471856,0.9859154929577465
0.029504080351537978,0.986013986013986
0.029504080351537978,0.9791666666666666
0.029713329148357396,0.9793103448275862
0.029922577945176814,0.9794520547945206
0.030131826741996232,0.9795918367346939
0.03034107553881565,0.9797297297297297
0.03055032433563507,0.9798657718120806
0.030759573132454487,0.98
0.03096882192927391,0.9801324503311258
0.031178070726093327,0.9802631578947368
0.031387319522912745,0.9803921568627451
0.03159656831973216,0.9805194805194806
0.03180581711655158,0.9806451612903225
0.032015065913371,0.9807692307692307
0.03222431471019042,0.9808917197452229
0.032433563507009835,0.9810126582278481
0.032642812303829254,0.9811320754716981
0.03285206110064867,0.98125
0.03306130989746809,0.9813664596273292
0.03327055869428751,0.9814814814814815
0.033479807491106926,0.9815950920245399
0.033689056287926344,0.9817073170731707
0.03389830508474576,0.9818181818181818
0.03410755388156518,0.9819277108433735
0.0343168026783846,0.9820359281437125
0.03452605147520402,0.9821428571428571
0.034735300272023435,0.9822485207100592
0.03494454906884285,0.9823529411764705
0.03515379786566227,0.9824561403508771
0.03536304666248169,0.9825581395348837
0.03557229545930111,0.9826589595375722
0.035781544256120526,0.9827586206896551
0.035990793052939944,0.9828571428571429
0.03620004184975936,0.9829545454545454
0.03640929064657878,0.9830508474576272
0.0366185394433982,0.9831460674157303
0.03682778824021762,0.9832402234636871
0.037037037037037035,0.9833333333333333
0.03724628583385645,0.9834254143646409
0.03745553463067587,0.9835164835164835
0.03766478342749529,0.9836065573770492
0.03787403222431471,0.9836956521739131
0.038083281021134126,0.9837837837837838
0.038292529817953544,0.9838709677419355
0.03850177861477296,0.983957219251337
0.03871102741159238,0.9840425531914894
0.0389202762084118,0.9841269841269841
0.03912952500523122,0.9842105263157894
0.03933877380205064,0.9842931937172775
0.03954802259887006,0.984375
0.03975727139568948,0.9844559585492227
0.039966520192508896,0.9845360824742269
0.040175768989328314,0.9846153846153847
0.04038501778614773,0.9846938775510204
0.04059426658296715,0.9847715736040609
0.04080351537978657,0.9848484848484849
0.04101276417660599,0.9849246231155779
0.041222012973425405,0.985
0.04143126177024482,0.9850746268656716
0.04164051056706424,0.9851485148514851
0.04184975936388366,0.9852216748768473
0.04205900816070308,0.9852941176470589
0.042268256957522496,0.9853658536585366
0.042477505754341914,0.9854368932038835
0.04268675455116133,0.9855072463768116
0.04289600334798075,0.9855769230769231
0.04310525214480017,0.9856459330143541
0.04331450094161959,0.9857142857142858
0.043523749738439005,0.985781990521327
0.04373299853525842,0.9858490566037735
0.04394224733207784,0.9859154929577465
0.04415149612889726,0.985981308411215
0.04436074492571668,0.986046511627907
0.04436074492571668,0.9814814814814815
0.044569993722536096,0.9815668202764977
0.044779242519355514,0.981651376146789
0.04498849131617493,0.9817351598173516
0.04519774011299435,0.9818181818181818
0.04540698890981377,0.9819004524886877
0.045616237706633186,0.9819819819819819
0.045825486503452605,0.9820627802690582
0.04603473530027202,0.9821428571428571
0.04624398409709144,0.9822222222222222
0.04645323289391086,0.9823008849557522
0.04666248169073028,0.9823788546255506
0.046871730487549695,0.9824561403508771
0.047080979284369114,0.982532751091703
0.04729022808118853,0.9826086956521739
0.04749947687800795,0.9826839826839827
0.04770872567482737,0.9827586206896551
0.047917974471646786,0.9828326180257511
0.048127223268466204,0.9829059829059829
0.04833647206528562,0.9829787234042553
0.04854572086210504,0.9830508474576272
0.04875496965892446,0.9831223628691983
0.04896421845574388,0.9831932773109243
0.049173467252563295,0.9832635983263598
0.04938271604938271,0.9833333333333333
0.04959196484620213,0.983402489626556
0.04980121364302155,0.9834710743801653
0.05001046243984097,0.9835390946502057
0.050219711236660386,0.9836065573770492
0.050428960033479804,0.9836734693877551
0.05063820883029923,0.983739837398374
0.05084745762711865,0.9838056680161943
0.051056706423938066,0.9838709677419355
0.051265955220757484,0.9839357429718876
0.0514752040175769,0.984
0.05168445281439632,0.9840637450199203
0.05189370161121574,0.9841269841269841
0.052102950408035156,0.9841897233201581
0.052312199204854574,0.984251968503937
0.05252144800167399,0.984313725490196
0.05273069679849341,0.984375
0.05293994559531283,0.9844357976653697
0.05314919439213225,0.9844961240310077
0.053358443188951665,0.9845559845559846
0.05356769198577108,0.9846153846153847
0.0537769407825905,0.9846743295019157
0.05398618957940992,0.9847328244274809
0.05419543837622934,0.9847908745247148
0.054404687173048756,0.9848484848484849
0.054613935969868174,0.9849056603773585
0.05482318476668759,0.9849624060150376
0.05503243356350701,0.9850187265917603
0.05503243356350701,0.9813432835820896
0.05524168236032643,0.9814126394052045
0.05545093115714585,0.9814814814814815
0.055660179953965265,0.981549815498155
0.05586942875078468,0.9816176470588235
0.0560786775476041,0.9816849816849816
0.05628792634442352,0.9817518248175182
0.05649717514124294,0.9818181818181818
0.056706423938062356,0.9818840579710145
0.056915672734881774,0.9819494584837545
0.05712492153170119,0.9820143884892086
0.05733417032852061,0.982078853046595
0.05754341912534003,0.9821428571428571
0.05775266792215945,0.9822064056939501
0.057961916718978865,0.9822695035460993
0.05817116551579828,0.9823321554770318
0.0583804143126177,0.9823943661971831
0.05858966310943712,0.9824561403508771
0.05879891190625654,0.9825174825174825
0.059008160703075956,0.9825783972125436
0.059217409499895374,0.9826388888888888
0.05942665829671479,0.9826989619377162
0.05963590709353421,0.9827586206896551
0.05984515589035363,0.9828178694158075
0.060054404687173046,0.9828767123287672
0.060263653483992465,0.9829351535836177
0.06047290228081188,0.9829931972789115
0.0606821510776313,0.9830508474576272
0.06089139987445072,0.9831081081081081
0.06110064867127014,0.9831649831649831
0.061309897468089555,0.9832214765100671
0.061519146264908973,0.9832775919732442
0.06172839506172839,0.9833333333333333
0.06193764385854782,0.9833887043189369
0.062146892655367235,0.9834437086092715
0.06235614145218665,0.9834983498349835
0.06256539024900606,0.9835526315789473
0.06277463904582549,0.9836065573770492
0.0629838878426449,0.9836601307189542
0.06319313663946433,0.9837133550488599
0.06340238543628374,0.9837662337662337
0.06361163423310316,0.9838187702265372
0.06382088302992257,0.9838709677419355
0.064030131826742,0.9839228295819936
0.06423938062356141,0.9839743589743589
0.06444862942038083,0.9840255591054313
0.06465787821720025,0.9840764331210191
0.06486712701401967,0.9841269841269841
0.06507637581083908,0.9841772151898734
0.06528562460765851,0.9842271293375394
0.06549487340447792,0.9842767295597484
0.06570412220129734,0.9843260188087775
0.06591337099811675,0.984375
0.06612261979493618,0.9844236760124611
0.06633186859175559,0.984472049689441
0.06654111738857502,0.9845201238390093
0.06675036618539443,0.9845679012345679
0.06695961498221385,0.9846153846153847
0.06716886377903326,0.9846625766871165
0.06737811257585269,0.9847094801223242
0.06758736137267211,0.9847560975609756
0.06779661016949153,0.9848024316109423
0.06800585896631095,0.9848484848484849
0.06821510776313036,0.9848942598187311
0.06842435655994979,0.9849397590361446
0.0686336053567692,0.984984984984985
0.06884285415358862,0.9850299401197605
0.06905210295040803,0.9850746268656716
0.06926135174722746,0.9851190476190477
0.06947060054404687,0.9851632047477745
0.0696798493408663,0.985207100591716
0.0698890981376857,0.9852507374631269
0.07009834693450513,0.9852941176470589
0.07030759573132454,0.9853372434017595
0.07051684452814397,0.9853801169590644
0.07072609332496338,0.9854227405247813
0.0709353421217828,0.9854651162790697
0.07114459091860222,0.9855072463768116
0.07135383971542164,0.9855491329479769
0.07156308851224105,0.9855907780979827
0.07177233730906048,0.985632183908046
0.07177233730906048,0.9828080229226361
0.07198158610587989,0.9828571428571429
0.07219083490269931,0.9829059829059829
0.07240008369951872,0.9829545454545454
0.07260933249633815,0.9830028328611898
0.07281858129315756,0.9830508474576272
0.07302783008997699,0.9830985915492958
0.0732370788867964,0.9831460674157303
0.07344632768361582,0.9831932773109243
0.07365557648043523,0.9832402234636871
0.07386482527725466,0.9832869080779945
0.07407407407407407,0.9833333333333333
0.0742833228708935,0.9833795013850416
0.0744925716677129,0.9834254143646409
0.07470182046453233,0.9834710743801653
0.07491106926135174,0.9835164835164835
0.07512031805817117,0.9835616438356164
0.07532956685499058,0.9836065573770492
0.07553881565181,0.9836512261580381
0.07574806444862942,0.9836956521739131
0.07595731324544884,0.983739837398374
0.07616656204226825,0.9837837837837838
0.07637581083908768,0.9838274932614556
0.07658505963590709,0.9838709677419355
0.07679430843272651,0.9839142091152815
0.07700355722954592,0.983957219251337
0.07721280602636535,0.984
0.07742205482318476,0.9840425531914894
0.07763130362000419,0.9840848806366048
0.0778405524168236,0.9841269841269841
0.07804980121364302,0.9841688654353562
0.07825905001046243,0.9842105263157894
0.07846829880728186,0.984251968503937
0.07867754760410128,0.9842931937172775
0.0788867964009207,0.9843342036553525
0.07909604519774012,0.984375
0.07930529399455953,0.9844155844155844
0.07951454279137896,0.9844559585492227
0.07972379158819837,0.9844961240310077
0.07993304038501779,0.9845360824742269
0.0801422891818372,0.9845758354755784
0.08035153797865663,0.9846153846153847
0.08056078677547604,0.9846547314578005
0.08077003557229546,0.9846938775510204
0.08097928436911488,0.9847328244274809
0.0811885331659343,0.9847715736040609
0.08139778196275371,0.9848101265822785
0.08160703075957314,0.9848484848484849
0.08181627955639255,0.9848866498740554
0.08202552835321197,0.9849246231155779
0.08223477715003139,0.9849624060150376
0.08244402594685081,0.985
0.08265327474367022,0.9850374064837906
0.08286252354048965,0.9850746268656716
0.08307177233730906,0.9851116625310173
0.08328102113412848,0.9851485148514851
0.0834902699309479,0.9851851851851852
0.08369951872776732,0.9852216748768473
0.08390876752458673,0.9852579852579852
0.08411801632140616,0.9852941176470589
0.08432726511822557,0.9853300733496333
0.08453651391504499,0.9853658536585366
0.0847457627118644,0.9854014598540146
0.08495501150868383,0.9854368932038835
0.08516426030550324,0.9854721549636803
0.08537350910232266,0.9855072463768116
0.08558275789914208,0.9855421686746988
0.0857920066959615,0.9855769230769231
0.08600125549278091,0.9856115107913669
0.08621050428960034,0.9856459330143541
0.08641975308641975,0.9856801909307876
0.08662900188323917,0.9857142857142858
0.08683825068005858,0.9857482185273159
0.08704749947687801,0.985781990521327
0.08725674827369742,0.9858156028368794
0.08746599707051685,0.9858490566037735
0.08767524586733626,0.9858823529411764
0.08788449466415568,0.9859154929577465
0.0880937434609751,0.9859484777517564
0.08830299225779452,0.985981308411215
0.08851224105461393,0.986013986013986
0.08872148985143335,0.986046511627907
0.08893073864825277,0.9860788863109049
0.08913998744507219,0.9861111111111112
0.0893492362418916,0.9861431870669746
0.08955848503871103,0.9861751152073732
0.08976773383553044,0.9862068965517241
0.08997698263234986,0.9862385321100917
0.09018623142916929,0.9862700228832952
0.0903954802259887,0.9863013698630136
0.09060472902280813,0.9863325740318907
0.09081397781962754,0.9863636363636363
0.09102322661644696,0.9863945578231292
0.09123247541326637,0.9864253393665159
0.09123247541326637,0.9841986455981941
0.0914417242100858,0.9842342342342343
0.09165097300690521,0.9842696629213483
0.09186022180372463,0.984304932735426
0.09206947060054405,0.9843400447427293
0.09227871939736347,0.984375
0.09248796819418288,0.9844097995545658
0.09269721699100231,0.9844444444444445
0.09290646578782172,0.9844789356984479
0.09311571458464114,0.9845132743362832
0.09332496338146055,0.9845474613686535
0.09353421217827998,0.9845814977973568
0.09374346097509939,0.9846153846153847
0.09395270977191882,0.9846491228070176
0.09416195856873823,0.9846827133479212
0.09437120736555765,0.9847161572052402
0.09458045616237706,0.9847494553376906
0.09478970495919649,0.9847826086956522
0.0949989537560159,0.9848156182212582
0.09520820255283532,0.9848484848484849
0.09541745134965474,0.9848812095032398
0.09562670014647416,0.9849137931034483
0.09583594894329357,0.9849462365591398
0.096045197740113,0.9849785407725322
0.09625444653693241,0.9850107066381156
0.09646369533375183,0.9850427350427351
0.09667294413057125,0.9850746268656716
0.09688219292739067,0.9851063829787234
0.09709144172421008,0.9851380042462845
0.0973006905210295,0.9851694915254238
0.09750993931784892,0.985200845665962
0.09771918811466834,0.9852320675105485
0.09792843691148775,0.9852631578947368
0.09813768570830718,0.9852941176470589
0.09834693450512659,0.9853249475890985
0.09855618330194602,0.9853556485355649
0.09876543209876543,0.9853862212943633
0.09897468089558485,0.9854166666666667
0.09897468089558485,0.9833679833679834
0.09918392969240426,0.983402489626556
0.09918392969240426,0.9813664596273292
0.09939317848922369,0.981404958677686
0.0996024272860431,0.9814432989690721
0.09981167608286252,0.9814814814814815
0.10002092487968194,0.9815195071868583
0.10023017367650136,0.9815573770491803
0.10043942247332077,0.9815950920245399
0.1006486712701402,0.9816326530612245
0.10085792006695961,0.9816700610997964
0.10106716886377903,0.9817073170731707
0.10106716886377903,0.9797160243407708
0.10127641766059846,0.979757085020243
0.10148566645741787,0.9797979797979798
0.1016949152542373,0.9798387096774194
0.1019041640510567,0.9798792756539235
0.10211341284787613,0.9799196787148594
0.10232266164469554,0.9799599198396793
0.10253191044151497,0.98
0.10274115923833438,0.9800399201596807
0.1029504080351538,0.9800796812749004
0.10315965683197321,0.9801192842942346
0.10336890562879264,0.9801587301587301
0.10357815442561205,0.9801980198019802
0.10378740322243148,0.9802371541501976
0.10399665201925089,0.980276134122288
0.10420590081607031,0.9803149606299213
0.10441514961288972,0.9803536345776032
0.10462439840970915,0.9803921568627451
0.10483364720652856,0.9804305283757339
0.10504289600334799,0.98046875
0.1052521448001674,0.9805068226120858
0.10546139359698682,0.980544747081712
0.10567064239380623,0.9805825242718447
0.10587989119062566,0.9806201550387597
0.10608913998744507,0.9806576402321083
0.1062983887842645,0.9806949806949807
0.1065076375810839,0.9807321772639692
0.10671688637790333,0.9807692307692307
0.10692613517472274,0.980806142034549
0.10713538397154217,0.9808429118773946
0.10734463276836158,0.9808795411089866
0.107553881565181,0.9809160305343512
0.10776313036200041,0.9809523809523809
0.10797237915881984,0.9809885931558935
0.10818162795563925,0.9810246679316889
0.10839087675245868,0.9810606060606061
0.10860012554927809,0.9810964083175804
0.10880937434609751,0.9811320754716981
0.10901862314291692,0.9811676082862524
0.10922787193973635,0.981203007518797
0.10943712073655576,0.9812382739212008
0.10964636953337518,0.9812734082397003
0.1098556183301946,0.9813084112149533
0.11006486712701402,0.9813432835820896
0.11027411592383343,0.9813780260707635
0.11048336472065286,0.9814126394052045
0.11069261351747227,0.9814471243042672
0.1109018623142917,0.9814814814814815
0.1111111111111111,0.9815157116451017
0.11132035990793053,0.981549815498155
0.11152960870474994,0.9815837937384899
0.11173885750156937,0.9816176470588235
0.11194810629838878,0.981651376146789
0.1121573550952082,0.9816849816849816
0.11236660389202763,0.9817184643510055
0.11257585268884704,0.9817518248175182
0.11278510148566646,0.9817850637522769
0.11299435028248588,0.9818181818181818
0.1132035990793053,0.9818511796733213
0.11341284787612471,0.9818840579710145
0.11362209667294414,0.9819168173598554
0.11383134546976355,0.9819494584837545
0.11404059426658297,0.9819819819819819
0.11424984306340238,0.9820143884892086
0.11445909186022181,0.9820466786355476
0.11466834065704122,0.982078853046595
0.11487758945386065,0.9821109123434705
0.11508683825068006,0.9821428571428571
0.11529608704749948,0.982174688057041
0.1155053358443189,0.9822064056939501
0.11571458464113832,0.9822380106571936
0.11592383343795773,0.9822695035460993
0.11613308223477715,0.9823008849557522
0.11634233103159657,0.9823321554770318
0.11655157982841599,0.982363315696649
0.1167608286252354,0.9823943661971831
0.11697007742205483,0.9824253075571178
0.11717932621887424,0.9824561403508771
0.11738857501569366,0.9824868651488616
0.11759782381251307,0.9825174825174825
0.11759782381251307,0.9808027923211169
0.1178070726093325,0.980836236933798
0.11801632140615191,0.9808695652173913
0.11822557020297134,0.9809027777777778
0.11843481899979075,0.9809358752166378
0.11864406779661017,0.9809688581314879
0.11885331659342958,0.9810017271157168
0.11906256539024901,0.9810344827586207
0.11927181418706842,0.9810671256454389
0.11948106298388785,0.9810996563573883
0.11969031178070726,0.9811320754716981
0.11989956057752668,0.9811643835616438
0.12010880937434609,0.9811965811965812
0.12031805817116552,0.9812286689419796
0.12052730696798493,0.9812606473594548
0.12073655576480435,0.9812925170068028
0.12094580456162377,0.9813242784380306
0.12115505335844319,0.9813559322033898
0.1213643021552626,0.9813874788494078
0.12157355095208203,0.981418918918919
0.12178279974890144,0.9814502529510961
0.12199204854572086,0.9814814814814815
0.12199204854572086,0.9798319327731092
0.12220129734254027,0.9798657718120806
0.1224105461393597,0.9798994974874372
0.12261979493617911,0.979933110367893
0.12282904373299854,0.9799666110183639
0.12303829252981795,0.98
0.12324754132663737,0.9800332778702163
0.12345679012345678,0.9800664451827242
0.12366603892027621,0.9800995024875622
0.12387528771709563,0.9801324503311258
0.12408453651391504,0.9801652892561984
0.12429378531073447,0.9801980198019802
0.12450303410755388,0.9802306425041186
0.1247122829043733,0.9802631578947368
0.12492153170119272,0.9802955665024631
0.12513078049801213,0.980327868852459
0.12534002929483157,0.9803600654664485
0.12554927809165098,0.9803921568627451
0.1257585268884704,0.9804241435562806
0.1259677756852898,0.9804560260586319
0.12617702448210924,0.9804878048780488
0.12638627327892865,0.9805194805194806
0.12659552207574806,0.9805510534846029
0.12680477087256747,0.9805825242718447
0.1270140196693869,0.9806138933764136
0.12722326846620632,0.9806451612903225
0.12743251726302574,0.9806763285024155
0.12764176605984515,0.9807073954983923
0.12785101485666459,0.9807383627608347
0.128060263653484,0.9807692307692307
0.1282695124503034,0.9808
0.12847876124712282,0.9808306709265175
0.12868801004394226,0.9808612440191388
0.12889725884076167,0.9808917197452229
0.12910650763758108,0.9809220985691574
0.1293157564344005,0.9809523809523809
0.12952500523121993,0.9809825673534073
0.12973425402803934,0.9810126582278481
0.12994350282485875,0.981042654028436
0.13015275162167816,0.9810725552050473
0.13015275162167816,0.9795275590551181
0.1303620004184976,0.9795597484276729
0.13057124921531701,0.9795918367346939
0.13078049801213643,0.9796238244514106
0.13098974680895584,0.9796557120500783
0.13119899560577528,0.9796875
0.1314082444025947,0.9797191887675507
0.1316174931994141,0.9797507788161994
0.1318267419962335,0.9797822706065319
0.13203599079305295,0.9798136645962733
0.13224523958987236,0.9798449612403101
0.13245448838669177,0.9798761609907121
0.13266373718351118,0.9799072642967542
0.13287298598033062,0.9799382716049383
0.13308223477715003,0.9799691833590138
0.13308223477715003,0.9784615384615385
0.13329148357396944,0.978494623655914
0.13350073237078885,0.9785276073619632
0.1337099811676083,0.9785604900459418
0.1339192299644277,0.9785932721712538
0.13412847876124712,0.9786259541984733
0.13433772755806653,0.9786585365853658
0.13454697635488597,0.9786910197869102
0.13475622515170538,0.9787234042553191
0.1349654739485248,0.9787556904400607
0.13517472274534423,0.9787878787878788
0.13517472274534423,0.9773071104387292
0.13538397154216364,0.9773413897280967
0.13559322033898305,0.9773755656108597
0.13580246913580246,0.9774096385542169
0.1360117179326219,0.9774436090225563
0.1362209667294413,0.9774774774774775
0.13643021552626072,0.9775112443778111
0.13663946432308013,0.9775449101796407
0.13684871311989957,0.9775784753363229
0.13705796191671898,0.9776119402985075
0.1372672107135384,0.977645305514158
0.1374764595103578,0.9776785714285714
0.13768570830717725,0.9777117384843982
0.13789495710399666,0.9777448071216617
0.13810420590081607,0.9777777777777777
0.13831345469763548,0.977810650887574
0.13852270349445492,0.9778434268833087
0.13873195229127433,0.9778761061946902
0.13894120108809374,0.9779086892488954
0.13915044988491315,0.9779411764705882
0.1393596986817326,0.9779735682819384
0.139568947478552,0.9780058651026393
0.1397781962753714,0.9780380673499268
0.13998744507219082,0.9780701754385965
0.14019669386901026,0.9781021897810219
0.14040594266582967,0.978134110787172
0.1406151914626491,0.9781659388646288
0.1408244402594685,0.9781976744186046
0.14103368905628794,0.9782293178519593
0.14124293785310735,0.9782608695652174
0.14145218664992676,0.9782923299565847
0.14166143544674617,0.9783236994219653
0.1418706842435656,0.9783549783549783
0.14207993304038502,0.978386167146974
0.14228918183720443,0.9784172661870504
0.14249843063402384,0.978448275862069
0.14270767943084328,0.9784791965566715
0.14270767943084328,0.9770773638968482
0.1429169282276627,0.977110157367668
0.1431261770244821,0.9771428571428571
0.14333542582130152,0.9771754636233951
0.14354467461812095,0.9772079772079773
0.14375392341494037,0.9772403982930299
0.14396317221175978,0.9772727272727273
0.1441724210085792,0.9773049645390071
0.14438166980539863,0.9773371104815864
0.14459091860221804,0.9773691654879774
0.14459091860221804,0.9759887005649718
0.14480016739903745,0.9760225669957687
0.14500941619585686,0.976056338028169
0.1452186649926763,0.9760900140646976
0.1454279137894957,0.976123595505618
0.14563716258631512,0.9761570827489481
0.14584641138313453,0.9761904761904762
0.14605566017995397,0.9762237762237762
0.14626490897677338,0.9762569832402235
0.1464741577735928,0.9762900976290098
0.14668340657041223,0.9763231197771588
0.14689265536723164,0.9763560500695411
0.14710190416405106,0.9763888888888889
0.14731115296087047,0.9764216366158114
0.1475204017576899,0.9764542936288089
0.14772965055450932,0.9764868603042877
0.14793889935132873,0.9765193370165746
0.14793889935132873,0.9751724137931035
0.14814814814814814,0.9752066115702479
0.14835739694496758,0.9752407152682255
0.148566645741787,0.9752747252747253
0.1487758945386064,0.9753086419753086
0.1489851433354258,0.9753424657534246
0.14919439213224525,0.9753761969904241
0.14940364092906466,0.9754098360655737
0.14961288972588407,0.975443383356071
0.14982213852270349,0.9754768392370572
0.15003138731952292,0.9755102040816327
0.15003138731952292,0.9741847826086957
0.15024063611634234,0.9742198100407056
0.15044988491316175,0.9742547425474255
0.15065913370998116,0.9742895805142084
0.1508683825068006,0.9743243243243244
0.15107763130362,0.9743589743589743
0.15128688010043942,0.9743935309973046
0.15149612889725883,0.9744279946164199
0.15170537769407827,0.9744623655913979
0.15191462649089768,0.974496644295302
0.1521238752877171,0.9745308310991957
0.1523331240845365,0.9745649263721553
0.15254237288135594,0.9745989304812834
0.15275162167817535,0.9746328437917223
0.15296087047499476,0.9746666666666667
0.15317011927181418,0.9747003994673769
0.15337936806863361,0.9747340425531915
0.15358861686545303,0.9747675962815405
0.15379786566227244,0.9748010610079576
0.15400711445909185,0.9748344370860927
0.1542163632559113,0.9748677248677249
0.1544256120527307,0.9749009247027741
0.1546348608495501,0.974934036939314
0.15484410964636952,0.9749670619235836
0.15505335844318896,0.975
0.15526260724000837,0.9750328515111695
0.15547185603682778,0.9750656167979003
0.1556811048336472,0.9750982961992136
0.15589035363046663,0.975130890052356
0.15609960242728604,0.9751633986928104
0.15630885122410546,0.9751958224543081
0.15651810002092487,0.9752281616688396
0.15651810002092487,0.9739583333333334
0.1567273488177443,0.9739921976592978
0.15693659761456372,0.974025974025974
0.15714584641138313,0.9740596627756161
0.15735509520820257,0.9740932642487047
0.15756434400502198,0.9741267787839586
0.1577735928018414,0.9741602067183462
0.1579828415986608,0.9741935483870968
0.15819209039548024,0.9742268041237113
0.15840133919229965,0.9742599742599742
0.15861058798911906,0.974293059125964
0.15881983678593847,0.9743260590500642
0.15881983678593847,0.9730769230769231
0.1590290855827579,0.9731113956466069
0.1590290855827579,0.9718670076726342
0.15923833437957732,0.9719029374201787
0.15944758317639673,0.9719387755102041
0.15965683197321615,0.9719745222929936
0.15986608077003558,0.9720101781170484
0.160075329566855,0.9720457433290979
0.1602845783636744,0.9720812182741116
0.16049382716049382,0.9721166032953105
0.16070307595731326,0.9721518987341772
0.16070307595731326,0.9709228824273072
0.16091232475413267,0.9709595959595959
0.16112157355095208,0.9709962168978562
0.1613308223477715,0.9710327455919395
0.16154007114459093,0.9710691823899371
0.16174931994141034,0.9711055276381909
0.16195856873822975,0.9711417816813049
0.16216781753504916,0.9711779448621554
0.1623770663318686,0.9712140175219024
0.162586315128688,0.97125
0.16279556392550742,0.9712858926342073
0.16300481272232684,0.9713216957605985
0.16321406151914628,0.9713574097135741
0.1634233103159657,0.9713930348258707
0.1636325591127851,0.9714285714285714
0.1638418079096045,0.9714640198511166
0.16405105670642395,0.9714993804213135
0.16426030550324336,0.9715346534653465
0.16446955430006277,0.9715698393077874
0.16467880309688218,0.971604938271605
0.16488805189370162,0.9716399506781751
0.16509730069052103,0.9716748768472906
0.16530654948734044,0.971709717097171
0.16551579828415985,0.9717444717444718
0.1657250470809793,0.9717791411042945
0.1659342958777987,0.9718137254901961
0.16614354467461812,0.9718482252141983
0.16635279347143753,0.9718826405867971
0.16656204226825697,0.9719169719169719
0.16677129106507638,0.9719512195121951
0.1669805398618958,0.9719853836784409
0.1671897886587152,0.9720194647201946
0.16739903745553464,0.9720534629404617
0.16739903745553464,0.970873786407767
0.16760828625235405,0.9709090909090909
0.16781753504917346,0.9709443099273608
0.16802678384599287,0.9709794437726723
0.1682360326428123,0.9710144927536232
0.16844528143963172,0.971049457177322
0.16844528143963172,0.9698795180722891
0.16865453023645113,0.9699157641395909
0.16886377903327057,0.9699519230769231
0.16907302783008998,0.9699879951980792
0.1692822766269094,0.9700239808153477
0.1694915254237288,0.9700598802395209
0.16970077422054825,0.9700956937799043
0.16991002301736766,0.970131421744325
0.17011927181418707,0.9701670644391408
0.17032852061100648,0.9702026221692491
0.17053776940782592,0.9702380952380952
0.17074701820464533,0.9702734839476813
0.17095626700146474,0.9703087885985748
0.17116551579828415,0.970344009489917
0.1713747645951036,0.9703791469194313
0.171584013391923,0.9704142011834319
0.1717932621887424,0.9704491725768322
0.17200251098556182,0.9704840613931524
0.17221175978238126,0.9705188679245284
0.17242100857920067,0.9705535924617197
0.17263025737602009,0.9705882352941176
0.1728395061728395,0.9706227967097533
0.17304875496965894,0.9706572769953051
0.17325800376647835,0.9706916764361079
0.17346725256329776,0.9707259953161592
0.17367650136011717,0.9707602339181286
0.1738857501569366,0.9707943925233645
0.17409499895375602,0.970828471411902
0.17430424775057543,0.9708624708624709
0.17451349654739484,0.9708963911525029
0.17472274534421428,0.9709302325581395
0.1749319941410337,0.9709639953542393
0.1751412429378531,0.9709976798143851
0.17535049173467251,0.9710312862108922
0.17555974053149195,0.9710648148148148
0.17576898932831136,0.9710982658959537
0.17597823812513078,0.9711316397228638
0.1761874869219502,0.9711649365628604
0.17639673571876963,0.9711981566820277
0.17660598451558904,0.9712313003452244
0.17681523331240845,0.9712643678160919
0.17702448210922786,0.9712973593570609
0.1772337309060473,0.9713302752293578
0.1774429797028667,0.9713631156930126
0.17765222849968612,0.971395881006865
0.17786147729650553,0.9714285714285714
0.17807072609332497,0.9714611872146118
0.17827997489014438,0.9714937286202965
0.1784892236869638,0.9715261958997722
0.1786984724837832,0.9715585893060296
0.17890772128060264,0.9715909090909091
0.17911697007742206,0.9716231555051078
0.17932621887424147,0.971655328798186
0.17953546767106088,0.9716874292185731
0.17974471646788032,0.9717194570135747
0.17995396526469973,0.9717514124293786
0.18016321406151914,0.9717832957110609
0.18037246285833858,0.971815107102593
0.180581711655158,0.9718468468468469
0.1807909604519774,0.9718785151856018
0.1810002092487968,0.9719101123595506
0.18120945804561625,0.9719416386083053
0.18141870684243566,0.9719730941704036
0.18162795563925507,0.9720044792833147
0.18183720443607448,0.9720357941834452
0.18204645323289392,0.9720670391061452
0.18225570202971333,0.9720982142857143
0.18246495082653275,0.9721293199554069
0.18267419962335216,0.9721603563474388
0.1828834484201716,0.9721913236929922
0.183092697216991,0.9722222222222222
0.18330194601381042,0.9722530521642619
0.18351119481062983,0.9722838137472284
0.18372044360744927,0.9723145071982281
0.18392969240426868,0.9723451327433629
0.1841389412010881,0.9723756906077348
0.1843481899979075,0.9724061810154525
0.18455743879472694,0.9724366041896362
0.18476668759154635,0.9724669603524229
0.18497593638836576,0.9724972497249725
0.18518518518518517,0.9725274725274725
0.18539443398200461,0.9725576289791438
0.18560368277882403,0.9725877192982456
0.18560368277882403,0.9715224534501643
0.18581293157564344,0.9715536105032823
0.18602218037246285,0.9715846994535519
0.1862314291692823,0.9716157205240175
0.1864406779661017,0.9716466739367503
0.1866499267629211,0.971677559912854
0.18685917555974052,0.9717083786724701
0.18706842435655996,0.9717391304347827
0.18727767315337937,0.9717698154180239
0.18748692195019878,0.9718004338394793
0.1876961707470182,0.971830985915493
0.18790541954383763,0.9718614718614719
0.18811466834065704,0.9718918918918918
0.18832391713747645,0.9719222462203023
0.18853316593429587,0.9719525350593312
0.1887424147311153,0.9719827586206896
0.18895166352793472,0.9720129171151776
0.18916091232475413,0.9720430107526882
0.18937016112157354,0.9720730397422127
0.18957940991839298,0.9721030042918455
0.1897886587152124,0.9721329046087889
0.1899979075120318,0.9721627408993576
0.1902071563088512,0.9721925133689839
0.19041640510567065,0.9722222222222222
0.19062565390249006,0.9722518676627535
0.19083490269930947,0.9722814498933902
0.1910441514961289,0.972310969116081
0.19125340029294832,0.9723404255319149
0.19146264908976773,0.9723698193411264
0.19167189788658714,0.9723991507430998
0.19188114668340658,0.9724284199363733
0.192090395480226,0.972457627118644
0.1922996442770454,0.9724867724867725
0.19250889307386482,0.9725158562367865
0.19271814187068426,0.9725448785638859
0.19292739066750367,0.9725738396624473
0.19313663946432308,0.9726027397260274
0.1933458882611425,0.9726315789473684
0.19355513705796193,0.9726603575184016
0.19376438585478134,0.9726890756302521
0.19397363465160075,0.9727177334732424
0.19418288344842016,0.9727463312368972
0.1943921322452396,0.9727748691099476
0.194601381042059,0.9728033472803347
0.19481062983887842,0.9728317659352143
0.19501987863569784,0.9728601252609603
0.19522912743251727,0.97288842544317
0.19543837622933669,0.9729166666666667
0.1956476250261561,0.9729448491155047
0.1958568738229755,0.972972972972973
0.19606612261979495,0.9730010384215991
0.19627537141661436,0.9730290456431535
0.19648462021343377,0.9730569948186528
0.19669386901025318,0.9730848861283644
0.19690311780707262,0.9731127197518097
0.19711236660389203,0.9731404958677686
0.19732161540071144,0.9731682146542827
0.19753086419753085,0.9731958762886598
0.1977401129943503,0.9732234809474768
0.1979493617911697,0.9732510288065843
0.19815861058798911,0.9732785200411099
0.19836785938480853,0.973305954825462
0.19857710818162796,0.9733333333333334
0.19878635697844738,0.9733606557377049
0.1989956057752668,0.9733879222108496
0.1992048545720862,0.9734151329243353
0.19941410336890564,0.9734422880490297
0.19962335216572505,0.9734693877551021
0.19983260096254446,0.9734964322120285
0.20004184975936387,0.9735234215885947
0.2002510985561833,0.9735503560528993
0.20046034735300272,0.9735772357723578
0.20066959614982213,0.9736040609137055
0.20087884494664154,0.973630831643002
0.20108809374346098,0.9736575481256332
0.2012973425402804,0.9736842105263158
0.2015065913370998,0.9737108190091001
0.2015065913370998,0.9727272727272728
0.20171584013391922,0.9727547931382442
0.20192508893073866,0.9727822580645161
0.20213433772755807,0.972809667673716
0.20234358652437748,0.9728370221327968
0.20255283532119692,0.9728643216080402
0.20255283532119692,0.9718875502008032
0.20276208411801633,0.9719157472417251
0.20297133291483574,0.9719438877755511
0.20318058171165515,0.9719719719719719
0.2033898305084746,0.972
0.203599079305294,0.972027972027972
0.2038083281021134,0.9720558882235529
0.20401757689893282,0.9720837487537388
0.20422682569575226,0.9721115537848606
0.20443607449257167,0.972139303482587
0.20464532328939108,0.9721669980119284
0.2048545720862105,0.9721946375372393
0.20506382088302993,0.9722222222222222
0.20527306967984935,0.9722497522299306
0.20548231847666876,0.9722772277227723
0.20569156727348817,0.9723046488625123
0.2059008160703076,0.9723320158102767
0.20611006486712702,0.9723593287265548
0.20631931366394643,0.9723865877712031
0.20652856246076584,0.9724137931034482
0.20652856246076584,0.9714566929133859
0.20673781125758528,0.9714847590953786
0.2069470600544047,0.9715127701375246
0.2071563088512241,0.971540726202159
0.2073655576480435,0.9715686274509804
0.20757480644486295,0.9715964740450539
0.20778405524168236,0.9716242661448141
0.20799330403850178,0.9716520039100685
0.2082025528353212,0.9716796875
0.20841180163214063,0.9717073170731707
0.20862105042896004,0.9717348927875243
0.20883029922577945,0.9717624148003895
0.20903954802259886,0.9717898832684825
0.2092487968194183,0.9718172983479106
0.2094580456162377,0.9718446601941747
0.2094580456162377,0.9709020368574199
0.20966729441305712,0.9709302325581395
0.20987654320987653,0.9709583736689255
0.21008579200669597,0.9709864603481625
0.21029504080351538,0.9710144927536232
0.2105042896003348,0.971042471042471
0.2107135383971542,0.9710703953712633
0.21092278719397364,0.9710982658959537
0.21113203599079305,0.971126082771896
0.21134128478761247,0.9711538461538461
0.21155053358443188,0.9711815561959655
0.21175978238125132,0.9712092130518234
0.21196903117807073,0.9712368168744008
0.21217827997489014,0.9712643678160919
0.21238752877170955,0.9712918660287081
0.212596777568529,0.97131931166348
0.2128060263653484,0.9713467048710601
0.2130152751621678,0.9713740458015268
0.21322452395898722,0.9714013346043852
0.21343377275580666,0.9714285714285714
0.21364302155262607,0.9714557564224549
0.21385227034944548,0.9714828897338403
0.21406151914626492,0.9715099715099715
0.21427076794308433,0.9715370018975332
0.21448001673990374,0.9715639810426541
0.21468926553672316,0.9715909090909091
0.2148985143335426,0.9716177861873226
0.215107763130362,0.9716446124763705
0.21531701192718142,0.9716713881019831
0.21552626072400083,0.9716981132075472
0.21573550952082027,0.9717247879359096
0.21594475831763968,0.9717514124293786
0.2161540071144591,0.9717779868297272
0.2163632559112785,0.9718045112781954
0.21657250470809794,0.971830985915493
0.21678175350491735,0.9718574108818011
0.21699100230173676,0.971883786316776
0.21720025109855617,0.9719101123595506
0.2174094998953756,0.9719363891487371
0.21761874869219502,0.9719626168224299
0.21782799748901444,0.9719887955182073
0.21803724628583385,0.9720149253731343
0.21824649508265329,0.9720410065237651
0.2184557438794727,0.9720670391061452
0.2186649926762921,0.9720930232558139
0.21887424147311152,0.9721189591078067
0.21908349026993096,0.9721448467966574
0.21929273906675037,0.9721706864564007
0.21950198786356978,0.9721964782205746
0.2197112366603892,0.9722222222222222
0.21992048545720863,0.9722479185938946
0.22012973425402804,0.9722735674676525
0.22033898305084745,0.9722991689750693
0.22054823184766686,0.9723247232472325
0.2207574806444863,0.9723502304147466
0.22096672944130571,0.9723756906077348
0.22117597823812513,0.9724011039558418
0.22138522703494454,0.9724264705882353
0.22159447583176398,0.9724517906336089
0.2218037246285834,0.9724770642201835
0.2220129734254028,0.9725022914757103
0.2222222222222222,0.9725274725274725
0.22243147101904165,0.9725526075022873
0.22264071981586106,0.9725776965265083
0.22264071981586106,0.971689497716895
0.22284996861268047,0.9717153284671532
0.22305921740949988,0.9717411121239745
0.22326846620631932,0.9717668488160291
0.22347771500313873,0.9717925386715196
0.22368696379995814,0.9718181818181818
0.22389621259677756,0.971843778383288
0.224105461393597,0.9718693284936479
0.2243147101904164,0.971894832275612
0.22452395898723582,0.9719202898550725
0.22473320778405526,0.971945701357466
0.22494245658087467,0.9719710669077758
0.22515170537769408,0.971996386630533
0.2253609541745135,0.9720216606498195
0.22557020297133293,0.9720468890892696
0.22577945176815234,0.972072072072072
0.22598870056497175,0.9720972097209721
0.22619794936179116,0.9721223021582733
0.2264071981586106,0.97214734950584
0.22661644695543,0.9721723518850988
0.22682569575224942,0.9721973094170404
0.22703494454906883,0.9722222222222222
0.22724419334588827,0.97224709042077
0.22745344214270768,0.9722719141323792
0.2276626909395271,0.9722966934763181
0.2278719397363465,0.9723214285714286
0.22808118853316595,0.9723461195361285
0.22829043732998536,0.9723707664884136
0.22849968612680477,0.9723953695458593
0.22870893492362418,0.9724199288256228
0.22891818372044362,0.9724444444444444
0.22912743251726303,0.9724689165186501
0.22933668131408244,0.9724933451641526
0.22954593011090185,0.9725177304964538
0.2297551789077213,0.9725420726306466
0.2299644277045407,0.9725663716814159
0.2301736765013601,0.9725906277630415
0.23038292529817953,0.9726148409893993
0.23059217409499896,0.9726390114739629
0.23080142289181838,0.972663139329806
0.2310106716886378,0.9726872246696036
0.2312199204854572,0.9727112676056338
0.23142916928227664,0.9727352682497801
0.23163841807909605,0.9727592267135325
0.23184766687591546,0.9727831431079894
0.23205691567273487,0.9728070175438597
0.2322661644695543,0.9728308501314636
0.23247541326637372,0.9728546409807356
0.23268466206319313,0.9728783902012248
0.23289391086001254,0.9729020979020979
0.23310315965683198,0.9729257641921397
0.2333124084536514,0.9729493891797557
0.2335216572504708,0.972972972972973
0.23373090604729022,0.9729965156794426
0.23394015484410965,0.9730200174064404
0.23414940364092907,0.9730434782608696
0.23435865243774848,0.9730668983492615
0.2345679012345679,0.9730902777777778
0.23477715003138733,0.9731136166522116
0.23498639882820674,0.9731369150779896
0.23519564762502615,0.9731601731601731
0.23540489642184556,0.9731833910034602
0.235614145218665,0.9732065687121867
0.2358233940154844,0.9732297063903281
0.2358233940154844,0.9723899913718723
0.23603264281230382,0.9724137931034482
0.23624189160912326,0.9724375538329026
0.23645114040594267,0.9724612736660929
0.23666038920276208,0.9724849527085124
0.2368696379995815,0.9725085910652921
0.23707888679640093,0.9725321888412017
0.23728813559322035,0.9725557461406518
0.23749738439003976,0.9725792630676949
0.23770663318685917,0.9726027397260274
0.2379158819836786,0.9726261762189906
0.23812513078049802,0.9726495726495726
0.23833437957731743,0.9726729291204099
0.23854362837413684,0.9726962457337884
0.23875287717095628,0.9727195225916454
0.2389621259677757,0.9727427597955707
0.2389621259677757,0.9719148936170213
0.2391713747645951,0.9719387755102041
0.2393806235614145,0.9719626168224299
0.23958987235823395,0.9719864176570459
0.23979912115505336,0.9720101781170484
0.24000836995187277,0.9720338983050848
0.24021761874869219,0.9720575783234547
0.24042686754551162,0.9720812182741116
0.24063611634233104,0.9721048182586645
0.24084536513915045,0.9721283783783784
0.24105461393596986,0.9721518987341772
0.2412638627327893,0.9721753794266442
0.2414731115296087,0.9721988205560236
0.24168236032642812,0.9722222222222222
0.24189160912324753,0.9722455845248108
0.24210085792006697,0.9722689075630252
0.24231010671688638,0.9722921914357683
0.2425193555137058,0.9723154362416108
0.2427286043105252,0.972338642078793
0.24293785310734464,0.9723618090452262
0.24314710190416405,0.9723849372384937
0.24335635070098346,0.9724080267558528
0.24356559949780288,0.9724310776942355
0.24377484829462231,0.9724540901502504
0.24398409709144173,0.9724770642201835
0.24419334588826114,0.9725
0.24440259468508055,0.9725228975853455
0.2446118434819,0.9725457570715474
0.2448210922787194,0.972568578553616
0.2450303410755388,0.9725913621262459
0.24523958987235822,0.9726141078838174
0.24544883866917766,0.972636815920398
0.24565808746599707,0.9726594863297432
0.24586733626281648,0.972682119205298
0.2460765850596359,0.9727047146401985
0.24628583385645533,0.9727272727272728
0.24649508265327474,0.9727497935590421
0.24670433145009416,0.9727722772277227
0.24691358024691357,0.9727947238252267
0.247122829043733,0.9728171334431631
0.24733207784055242,0.9728395061728395
0.24754132663737183,0.9728618421052632
0.24775057543419127,0.9728841413311422
0.24795982423101068,0.9729064039408867
0.2481690730278301,0.9729286300246104
0.2483783218246495,0.9729508196721312
0.24858757062146894,0.972972972972973
0.24879681941828835,0.9729950900163666
0.24900606821510776,0.9730171708912511
0.24921531701192717,0.9730392156862745
0.2494245658087466,0.9730612244897959
0.24963381460556602,0.9730831973898858
0.24984306340238543,0.9731051344743277
0.2500523121992049,0.9731270358306189
0.25026156099602426,0.9731489015459723
0.2504708097928437,0.973170731707317
0.25068005858966314,0.9731925264012997
0.2508893073864825,0.9732142857142857
0.25109855618330196,0.9732360097323601
0.25130780498012134,0.973257698541329
0.2515170537769408,0.9732793522267207
0.2517263025737602,0.9733009708737864
0.2519355513705796,0.973322554567502
0.25214480016739904,0.9733441033925686
0.2523540489642185,0.9733656174334141
0.25256329776103786,0.9733870967741935
0.2527725465578573,0.9734085414987913
0.2529817953546767,0.9734299516908212
0.2531910441514961,0.9734513274336283
0.25340029294831556,0.9734726688102894
0.25360954174513495,0.9734939759036144
0.2538187905419544,0.9735152487961477
0.2540280393387738,0.9735364875701684
0.2542372881355932,0.9735576923076923
0.25444653693241265,0.9735788630904724
0.25465578572923203,0.9736
0.25486503452605147,0.973621103117506
0.25486503452605147,0.9728434504792333
0.2550742833228709,0.9728651237031125
0.2552835321196903,0.9728867623604466
0.25549278091650973,0.9729083665338646
0.25570202971332917,0.9729299363057324
0.25591127851014855,0.9729514717581543
0.256120527306968,0.972972972972973
0.2563297761037874,0.9729944400317713
0.2565390249006068,0.973015873015873
0.25674827369742625,0.9730372720063442
0.25695752249424564,0.9730586370839936
0.2571667712910651,0.9730799683293745
0.2573760200878845,0.9731012658227848
0.2575852688847039,0.9731225296442688
0.25779451768152334,0.9731437598736177
0.2580037664783427,0.9731649565903709
0.25821301527516216,0.973186119873817
0.2584222640719816,0.9732072498029944
0.258631512868801,0.9732283464566929
0.258631512868801,0.9724626278520849
0.2588407616656204,0.9724842767295597
0.25905001046243986,0.9725058915946583
0.25925925925925924,0.9725274725274725
0.2594685080560787,0.9725490196078431
0.2596777568528981,0.9725705329153606
0.2598870056497175,0.9725920125293657
0.26009625444653695,0.9726134585289515
0.26009625444653695,0.9718530101641908
0.26030550324335633,0.971875
0.26051475204017577,0.9718969555035128
0.2607240008369952,0.9719188767550702
0.2609332496338146,0.9719407638347622
0.26114249843063403,0.9719626168224299
0.26135174722745347,0.9719844357976654
0.26156099602427285,0.9720062208398134
0.2617702448210923,0.972027972027972
0.2619794936179117,0.9720496894409938
0.2621887424147311,0.9720713731574864
0.26239799121155055,0.9720930232558139
0.26260724000836994,0.9721146398140976
0.2628164888051894,0.9721362229102167
0.2630257376020088,0.9721577726218097
0.2632349863988282,0.9721792890262752
0.26344423519564764,0.9722007722007722
0.263653483992467,0.9722222222222222
0.26386273278928646,0.9722436391673092
0.2640719815861059,0.9722650231124808
0.2642812303829253,0.9722863741339491
0.2644904791797447,0.9723076923076923
0.26469972797656416,0.9723289777094543
0.26490897677338354,0.9723502304147466
0.265118225570203,0.9723714504988488
0.26532747436702236,0.9723926380368099
0.2655367231638418,0.9724137931034482
0.26574597196066124,0.9724349157733537
0.2659552207574806,0.9724560061208876
0.26616446955430006,0.9724770642201835
0.2663737183511195,0.972498090145149
0.2665829671479389,0.9725190839694656
0.2667922159447583,0.9725400457665904
0.2670014647415777,0.9725609756097561
0.26721071353839715,0.9725818735719726
0.2674199623352166,0.9726027397260274
0.26762921113203597,0.9726235741444867
0.2678384599288554,0.9726443768996961
0.26804770872567485,0.9726651480637813
0.26825695752249423,0.9726858877086495
0.26846620631931367,0.9727065959059894
0.26867545511613306,0.9727272727272728
0.2688847039129525,0.9727479182437547
0.26909395270977193,0.972768532526475
0.2693032015065913,0.9727891156462585
0.2693032015065913,0.9720543806646526
0.26951245030341076,0.9720754716981133
0.2697216991002302,0.9720965309200603
0.2699309478970496,0.9721175584024114
0.270140196693869,0.9721385542168675
0.27034944549068846,0.9721595184349134
0.27055869428750784,0.9721804511278196
0.2707679430843273,0.9722013523666416
0.27097719188114666,0.9722222222222222
0.2711864406779661,0.9722430607651913
0.27139568947478554,0.972263868065967
0.2716049382716049,0.9722846441947566
0.27181418706842436,0.9723053892215568
0.2720234358652438,0.9723261032161555
0.2722326846620632,0.9723467862481315
0.2724419334588826,0.9723674383868559
0.272651182255702,0.9723880597014926
0.27286043105252145,0.9724086502609992
0.2730696798493409,0.9724292101341282
0.27327892864616027,0.9724497393894267
0.2734881774429797,0.9724702380952381
0.27369742623979915,0.9724907063197026
0.27390667503661853,0.9725111441307578
0.27411592383343797,0.9725315515961396
0.27432517263025735,0.9725519287833828
0.2745344214270768,0.9725722757598221
0.27474367022389623,0.9725925925925926
0.2749529190207156,0.9726128793486306
0.27516216781753505,0.9726331360946746
0.2753714166143545,0.9726533628972653
0.2755806654111739,0.9726735598227474
0.2757899142079933,0.9726937269372694
0.2759991630048127,0.9727138643067846
0.27620841180163214,0.9727339719970524
0.2764176605984516,0.9727540500736377
0.27662690939527096,0.9727740986019132
0.2768361581920904,0.9727941176470588
0.27704540698890984,0.9728141072740631
0.2772546557857292,0.972834067547724
0.27746390458254866,0.9728539985326485
0.27767315337936804,0.9728739002932552
0.2778824021761875,0.9728937728937729
0.2778824021761875,0.972181551976574
0.2780916509730069,0.972201901975128
0.2780916509730069,0.9714912280701754
0.2783008997698263,0.9715120525931337
0.27851014856664574,0.9715328467153285
0.2787193973634652,0.9715536105032823
0.27892864616028457,0.9715743440233237
0.279137894957104,0.9715950473415877
0.2793471437539234,0.9716157205240175
0.2795563925507428,0.9716363636363636
0.27976564134756227,0.971656976744186
0.27997489014438165,0.971677559912854
0.2801841389412011,0.9716981132075472
0.2803933877380205,0.971718636693256
0.2806026365348399,0.9717391304347827
0.28081188533165935,0.9717595944967415
0.2810211341284788,0.9717800289435601
0.2812303829252982,0.9718004338394793
0.2814396317221176,0.971820809248555
0.281648880518937,0.9718411552346571
0.28185812931575643,0.9718614718614719
0.2820673781125759,0.9718817591925017
0.28227662690939526,0.9719020172910663
0.2824858757062147,0.9719222462203023
0.28269512450303413,0.9719424460431655
0.2829043732998535,0.9719626168224299
0.28311362209667296,0.9719827586206896
0.28332287089349234,0.9720028715003589
0.2835321196903118,0.9720229555236729
0.2837413684871312,0.9720430107526882
0.2839506172839506,0.9720630372492837
0.28415986608077004,0.972083035075161
0.2843691148775895,0.9721030042918455
0.28457836367440886,0.9721229449606862
0.2847876124712283,0.9721428571428572
0.2849968612680477,0.9721627408993576
0.2852061100648671,0.9721825962910129
0.28541535886168656,0.9722024233784747
0.28562460765850595,0.9722222222222222
0.2858338564553254,0.9722419928825623
0.2860431052521448,0.9722617354196301
0.2862523540489642,0.9722814498933902
0.28646160284578365,0.9723011363636364
0.28667085164260303,0.9723207948899929
0.28688010043942247,0.9723404255319149
0.2870893492362419,0.9723600283486888
0.2872985980330613,0.9723796033994334
0.28750784682988073,0.9723991507430998
0.28771709562670017,0.9724186704384724
0.28792634442351955,0.9724381625441696
0.288135593220339,0.972457627118644
0.2883448420171584,0.9724770642201835
0.2883448420171584,0.9717912552891397
0.2885540908139778,0.9718111346018323
0.28876333961079725,0.971830985915493
0.28897258840761664,0.971850809289233
0.2891818372044361,0.9718706047819972
0.2893910860012555,0.971890372452565
0.2896003347980749,0.9719101123595506
0.28980958359489434,0.9719298245614035
0.2900188323917137,0.9719495091164095
0.29022808118853316,0.9719691660826909
0.2904373299853526,0.9719887955182073
0.290646578782172,0.9720083974807557
0.2908558275789914,0.972027972027972
0.29106507637581086,0.9720475192173306
0.29127432517263024,0.9720670391061452
0.2914835739694497,0.9720865317515701
0.29169282276626907,0.9721059972105998
0.2919020715630885,0.9721254355400697
0.29211132035990794,0.9721448467966574
0.29232056915672733,0.9721642310368824
0.29252981795354677,0.972183588317107
0.2927390667503662,0.9722029186935371
0.2927390667503662,0.9715277777777778
0.2929483155471856,0.9715475364330326
0.2929483155471856,0.970873786407767
0.29315756434400503,0.9708939708939709
0.29336681314082447,0.9709141274238227
0.29357606193764385,0.9709342560553633
0.2937853107344633,0.970954356846473
0.2939945595312827,0.9709744298548721
0.2942038083281021,0.9709944751381215
0.29441305712492155,0.9710144927536232
0.29462230592174093,0.9710344827586207
0.2948315547185604,0.9710544452101999
0.2950408035153798,0.9710743801652892
0.2952500523121992,0.9710942876806608
0.29545930110901863,0.9711141678129298
0.295668549905838,0.9711340206185567
0.29587779870265746,0.9711538461538461
0.2960870474994769,0.9711736444749485
0.2962962962962963,0.9711934156378601
0.2965055450931157,0.9712131596984236
0.29671479388993516,0.9712328767123287
0.29692404268675454,0.971252566735113
0.297133291483574,0.9712722298221614
0.29734254028039336,0.9712918660287081
0.2975517890772128,0.9713114754098361
0.29776103787403224,0.9713310580204778
0.2979702866708516,0.9713506139154161
0.29817953546767106,0.9713701431492843
0.2983887842644905,0.9713896457765667
0.2985980330613099,0.9714091218515998
0.2988072818581293,0.9714285714285714
0.2990165306549487,0.9714479945615228
0.2990165306549487,0.9707880434782609
0.29922577945176815,0.9708078750848609
0.2994350282485876,0.9708276797829036
0.29964427704540697,0.9708474576271187
0.2998535258422264,0.9708672086720868
0.30006277463904585,0.970886932972241
0.30027202343586523,0.9709066305818674
0.30048127223268467,0.9709263015551048
0.30069052102950405,0.970945945945946
0.3008997698263235,0.9709655638082377
0.30110901862314293,0.9709851551956815
0.3013182674199623,0.9710047201618341
0.30152751621678175,0.9710242587601078
0.3017367650136012,0.971043771043771
0.3019460138104206,0.9710632570659489
0.30215526260724,0.9710827168796234
0.3023645114040594,0.9711021505376344
0.30257376020087884,0.9711215580926796
0.3027830089976983,0.9711409395973154
0.30299225779451766,0.9711602951039571
0.3032015065913371,0.9711796246648794
0.30341075538815654,0.971198928332217
0.3036200041849759,0.9712182061579652
0.30382925298179536,0.9712374581939799
0.3040385017786148,0.9712566844919787
0.3042477505754342,0.9712758851035405
0.3044569993722536,0.9712950600801068
0.304666248169073,0.971314209472982
0.30487549696589245,0.9713333333333334
0.30487549696589245,0.9706862091938707
0.3050847457627119,0.9707057256990679
0.30529399455953127,0.9707252162341983
0.3055032433563507,0.9707446808510638
0.30571249215317015,0.9707641196013289
0.30592174094998953,0.9707835325365206
0.30592174094998953,0.9701393497013935
0.30613098974680897,0.9701591511936339
0.30634023854362835,0.9701789264413518
0.3065494873404478,0.9701986754966887
0.30675873613726723,0.9702183984116479
0.3069679849340866,0.9702380952380952
0.30717723373090605,0.9702577660277594
0.3073864825277255,0.9702774108322325
0.3075957313245449,0.9702970297029703
0.3078049801213643,0.9703166226912929
0.3080142289181837,0.970336189848385
0.30822347771500314,0.9703557312252964
0.3084327265118226,0.9703752468729427
0.30864197530864196,0.9703947368421053
0.3088512241054614,0.9704142011834319
0.30906047290228084,0.9704336399474376
0.3092697216991002,0.9704530531845043
0.30947897049591966,0.9704724409448819
0.30968821929273904,0.9704918032786886
0.3098974680895585,0.9705111402359109
0.3101067168863779,0.9705304518664047
0.3103159656831973,0.9705497382198953
0.31052521448001674,0.9705689993459777
0.3107344632768362,0.9705882352941176
0.31094371207365556,0.9706074461136512
0.311152960870475,0.970626631853786
0.3113622096672944,0.9706457925636007
0.3115714584641138,0.970664928292047
0.31178070726093327,0.9706840390879479
0.31198995605775265,0.970703125
0.31198995605775265,0.9700715679895902
0.3121992048545721,0.9700910273081924
0.3124084536513915,0.9701104613385315
0.3126177024482109,0.9701298701298702
0.31282695124503035,0.9701492537313433
0.31303620004184973,0.9701686121919585
0.31324544883866917,0.9701879455605963
0.3134546976354886,0.9702072538860104
0.313663946432308,0.9702265372168285
0.31387319522912743,0.9702457956015524
0.31408244402594687,0.9702650290885585
0.31429169282276626,0.9702842377260982
0.3145009416195857,0.9703034215622982
0.31471019041640513,0.9703225806451613
0.3149194392132245,0.970341715022566
0.31512868801004396,0.970360824742268
0.31533793680686334,0.9703799098518996
0.3155471856036828,0.9703989703989704
0.3155471856036828,0.9697749196141479
0.3157564344005022,0.9697943444730077
0.3159656831973216,0.9698137443802184
0.3159656831973216,0.9691912708600771
0.31617493199414104,0.9692110327132777
0.3163841807909605,0.9692307692307692
0.31659342958777986,0.9692504804612428
0.3168026783845993,0.969270166453265
0.3170119271814187,0.9692898272552783
0.3172211759782381,0.969309462915601
0.31743042477505756,0.9693290734824281
0.31763967357187695,0.9693486590038314
0.3178489223686964,0.9693682195277601
0.3180581711655158,0.9693877551020408
0.3182674199623352,0.9694072657743786
0.31847666875915465,0.9694267515923567
0.31868591755597403,0.9694462126034373
0.31889516635279347,0.9694656488549618
0.3191044151496129,0.9694850603941513
0.3193136639464323,0.9695044472681067
0.31952291274325173,0.9695238095238096
0.31973216154007117,0.9695431472081218
0.31994141033689055,0.9695624603677869
0.32015065913371,0.9695817490494296
0.3203599079305294,0.9696010132995567
0.3205691567273488,0.9696202531645569
0.32077840552416825,0.969639468690702
0.32098765432098764,0.9696586599241467
0.3211969031178071,0.9696778269109286
0.3214061519146265,0.9696969696969697
0.3216154007114459,0.9697160883280758
0.32182464950826534,0.969735182849937
0.3220338983050847,0.9697542533081286
0.32224314710190416,0.9697732997481109
0.3224523958987236,0.9697923222152297
0.322661644695543,0.969811320754717
0.3228708934923624,0.9698302954116907
0.32308014228918186,0.9698492462311558
0.32328939108600124,0.9698681732580038
0.3234986398828207,0.9698870765370138
0.32370788867964007,0.9699059561128527
0.3239171374764595,0.9699248120300752
0.32412638627327894,0.9699436443331246
0.3243356350700983,0.9699624530663329
0.32454488386691777,0.9699812382739212
0.32454488386691777,0.969375
0.3247541326637372,0.9693941286695815
0.3249633814605566,0.9694132334581773
0.325172630257376,0.9694323144104804
0.3253818790541954,0.9694513715710723
0.32559112785101485,0.9694704049844237
0.3258003766478343,0.9694894146948941
0.3260096254446537,0.9695084007467331
0.3262188742414731,0.9695273631840796
0.32642812303829255,0.9695463020509634
0.32663737183511193,0.9695652173913043
0.3268466206319314,0.9695841092489137
0.3270558694287508,0.9696029776674938
0.3272651182255702,0.9696218226906386
0.32747436702238963,0.969640644361834
0.327683615819209,0.9696594427244583
0.32789286461602846,0.9696782178217822
0.3281021134128479,0.9696969696969697
0.3283113622096673,0.9697156983930779
0.3283113622096673,0.9691167387276096
0.3285206110064867,0.9691358024691358
0.32872985980330616,0.9691548426896978
0.32893910860012554,0.969173859432799
0.329148357396945,0.9691928527418361
0.32935760619376436,0.9692118226600985
0.3295668549905838,0.9692307692307692
0.32977610378740324,0.9692496924969249
0.3299853525842226,0.9692685925015365
0.33019460138104206,0.9692874692874693
0.3304038501778615,0.9693063228974831
0.3306130989746809,0.9693251533742331
0.3308223477715003,0.9693439607602697
0.3310315965683197,0.9693627450980392
0.33124084536513915,0.9693815064298836
0.3314500941619586,0.9694002447980417
0.33165934295877797,0.9694189602446484
0.3318685917555974,0.969437652811736
0.33207784055241685,0.9694563225412339
0.33228708934923623,0.9694749694749695
0.33249633814605567,0.9694935936546675
0.33270558694287505,0.9695121951219512
0.3329148357396945,0.9695307739183425
0.33312408453651393,0.9695493300852619
0.3333333333333333,0.9695678636640293
0.33354258213015275,0.9695863746958637
0.3337518309269722,0.9696048632218845
0.3339610797237916,0.9696233292831106
0.334170328520611,0.9696417729204615
0.3343795773174304,0.9696601941747572
0.33458882611424984,0.9696785930867192
0.3347980749110693,0.9696969696969697
0.33500732370788866,0.9697153240460327
0.3352165725047081,0.9697336561743342
0.33542582130152754,0.969751966122202
0.3356350700983469,0.969770253929867
0.33584431889516636,0.9697885196374623
0.33605356769198574,0.9698067632850241
0.3362628164888052,0.9698249849124925
0.3364720652856246,0.9698431845597105
0.336681314082444,0.9698613622664256
0.33689056287926344,0.9698795180722891
0.3370998116760829,0.9698976520168573
0.33730906047290227,0.9699157641395909
0.3375183092697217,0.9699338544798557
0.33772755806654114,0.9699519230769231
0.33793680686336053,0.96996996996997
0.33814605566017997,0.9699879951980792
0.33835530445699935,0.97000599880024
0.3385645532538188,0.9700239808153477
0.33877380205063823,0.9700419412822049
0.3389830508474576,0.9700598802395209
0.33919229964427705,0.9700777977259126
0.3394015484410965,0.9700956937799043
0.3396107972379159,0.9701135684399282
0.3398200460347353,0.970131421744325
0.3400292948315547,0.9701492537313433
0.34023854362837413,0.9701670644391408
0.3404477924251936,0.9701848539057841
0.34065704122201296,0.9702026221692491
0.3408662900188324,0.9702203692674211
0.34107553881565184,0.9702380952380952
0.3412847876124712,0.9702558001189768
0.34149403640929066,0.9702734839476813
0.34170328520611004,0.970291146761735
0.3419125340029295,0.9703087885985748
0.3421217827997489,0.9703264094955489
0.3423310315965683,0.970344009489917
0.34254028039338774,0.97036158861885
0.3427495291902072,0.9703791469194313
0.34295877798702656,0.970396684428656
0.343168026783846,0.9704142011834319
0.3433772755806654,0.9704316972205795
0.3435865243774848,0.9704491725768322
0.34379577317430426,0.9704666272888364
0.34400502197112365,0.9704840613931524
0.3442142707679431,0.9705014749262537
0.3444235195647625,0.9705188679245284
0.3446327683615819,0.9705362404242781
0.34484201715840135,0.9705535924617197
0.34505126595522073,0.9705709240729841
0.34526051475204017,0.9705882352941176
0.3454697635488596,0.9706055261610818
0.345679012345679,0.9706227967097533
0.34588826114249843,0.9706400469759249
0.34609750993931787,0.9706572769953051
0.34630675873613725,0.9706744868035191
0.3465160075329567,0.9706916764361079
0.3467252563297761,0.9707088459285296
0.3469345051265955,0.9707259953161592
0.34714375392341495,0.970743124634289
0.34735300272023434,0.9707602339181286
0.3475622515170538,0.9707773232028054
0.3477715003138732,0.9707943925233645
0.3479807491106926,0.9708114419147694
0.34818999790751204,0.970828471411902
0.3483992467043315,0.9708454810495627
0.34860849550115086,0.9708624708624709
0.3488177442979703,0.970879440885265
0.3490269930947897,0.9708963911525029
0.3492362418916091,0.970913321698662
0.34944549068842856,0.9709302325581395
0.34965473948524795,0.9709471237652527
0.3498639882820674,0.9709639953542393
0.3500732370788868,0.9709808473592572
0.3502824858757062,0.9709976798143851
0.35049173467252565,0.9710144927536232
0.35070098346934503,0.9710312862108922
0.35091023226616447,0.9710480602200348
0.3511194810629839,0.9710648148148148
0.3513287298598033,0.9710815500289185
0.3513287298598033,0.9705202312138729
0.35153797865662273,0.9705372616984402
0.35174722745344217,0.9705542725173211
0.35195647625026155,0.9705712637045586
0.352165725047081,0.9705882352941176
0.3523749738439004,0.9706051873198848
0.3525842226407198,0.9706221198156681
0.35279347143753925,0.9706390328151986
0.35279347143753925,0.9700805523590333
0.35300272023435864,0.9700977573317999
0.3532119690311781,0.9701149425287356
0.3534212178279975,0.9701321079839172
0.3536304666248169,0.9701492537313433
0.35383971542163634,0.970166379804934
0.3540489642184557,0.9701834862385321
0.35425821301527516,0.9702005730659026
0.3544674618120946,0.9702176403207331
0.354676710608914,0.9702346880366343
0.3548859594057334,0.9702517162471396
0.35509520820255286,0.9702687249857062
0.35530445699937224,0.9702857142857143
0.3555137057961917,0.9703026841804683
0.35572295459301106,0.9703196347031964
0.3559322033898305,0.9703365658870508
0.35614145218664994,0.9703534777651083
0.3563507009834693,0.9703703703703703
0.35655994978028877,0.9703872437357631
0.3567691985771082,0.9704040978941377
0.3569784473739276,0.9704209328782708
0.357187696170747,0.9704377487208641
0.3573969449675664,0.9704545454545455
0.35760619376438585,0.9704713231118682
0.3578154425612053,0.9704880817253121
0.35802469135802467,0.970504821327283
0.3582339401548441,0.9705215419501134
0.35844318895166355,0.9705382436260623
0.35865243774848293,0.970554926387316
0.35886168654530237,0.9705715902659876
0.35907093534212176,0.9705882352941176
0.3592801841389412,0.9706048615036744
0.35948943293576063,0.9706214689265537
0.35969868173258,0.9706380575945793
0.35990793052939946,0.9706546275395034
0.35990793052939946,0.970107163000564
0.3601171793262189,0.9701240135287486
0.3603264281230383,0.9701408450704225
0.3605356769198577,0.9701576576576577
0.36074492571667716,0.9701744513224536
0.36095417451349654,0.9701912260967379
0.361163423310316,0.9702079820123665
0.36137267210713536,0.9702247191011236
0.3615819209039548,0.970241437394722
0.3615819209039548,0.9696969696969697
0.36179116970077424,0.9697139652271453
0.3620004184975936,0.9697309417040358
0.36220966729441306,0.9697478991596639
0.3624189160912325,0.9697648376259799
0.3626281648880519,0.9697817571348629
0.3628374136848713,0.9697986577181208
0.3630466624816907,0.9698155394074902
0.36325591127851015,0.9698324022346368
0.3634651600753296,0.9698492462311558
0.36367440887214897,0.9698660714285714
0.36367440887214897,0.9693251533742331
0.3638836576689684,0.9693422519509476
0.36409290646578785,0.9693593314763231
0.36430215526260723,0.9693763919821826
0.36451140405942667,0.9693934335002783
0.36472065285624605,0.9694104560622915
0.3649299016530655,0.9694274596998332
0.36513915044988493,0.9694444444444444
0.3653483992467043,0.9694614103275958
0.36555764804352375,0.9694783573806881
0.3657668968403432,0.9694952856350527
0.3659761456371626,0.9695121951219512
0.366185394433982,0.9695290858725761
0.3663946432308014,0.969545957918051
0.36660389202762084,0.96956281128943
0.3668131408244403,0.9695796460176991
0.36702238962125966,0.9695964621337756
0.3672316384180791,0.9696132596685083
0.36744088721489854,0.969630038652678
0.3676501360117179,0.9696467991169978
0.36785938480853736,0.9696635410921125
0.36806863360535674,0.9696802646085998
0.3682778824021762,0.9696969696969697
0.3684871311989956,0.9697136563876652
0.368696379995815,0.9697303247110622
0.36890562879263444,0.9697469746974697
0.3691148775894539,0.9697636063771303
0.36932412638627327,0.9697802197802198
0.3695333751830927,0.9697968149368479
0.3697426239799121,0.9698133918770582
0.3699518727767315,0.9698299506308283
0.37016112157355097,0.9698464912280702
0.37037037037037035,0.9698630136986301
0.3705796191671898,0.9698795180722891
0.37078886796400923,0.969896004378763
0.3709981167608286,0.9699124726477024
0.37120736555764805,0.9699289229086933
0.3714166143544675,0.9699453551912568
0.3716258631512869,0.9699617695248498
0.3716258631512869,0.9694323144104804
0.3718351119481063,0.9694489907255864
0.3720443607449257,0.9694656488549618
0.37225360954174513,0.9694822888283379
0.3724628583385646,0.9694989106753813
0.37267210713538396,0.9695155144256941
0.3728813559322034,0.969532100108814
0.37309060472902283,0.9695486677542142
0.3732998535258422,0.9695652173913043
0.37350910232266166,0.9695817490494296
0.37371835111948104,0.9695982627578719
0.3739275999163005,0.9696147585458491
0.3741368487131199,0.9696312364425163
0.3743460975099393,0.9696476964769648
0.37455534630675874,0.9696641386782232
0.3747645951035782,0.9696805630752572
0.37497384390039756,0.9696969696969697
0.375183092697217,0.9697133585722012
0.3753923414940364,0.9697297297297297
0.3756015902908558,0.9697460831982712
0.37581083908767526,0.9697624190064795
0.37602008788449465,0.9697787371829466
0.3762293366813141,0.9697950377562028
0.3764385854781335,0.969811320754717
0.3766478342749529,0.9698275862068966
0.3766478342749529,0.9693053311793215
0.37685708307177235,0.9693218514531755
0.37706633186859173,0.9693383539537386
0.37727558066541117,0.9693548387096774
0.3774848294622306,0.969371305749597
0.37769407825905,0.9693877551020408
0.37790332705586943,0.9694041867954911
0.37811257585268887,0.9694206008583691
0.37832182464950825,0.9694369973190349
0.3785310734463277,0.9694533762057878
0.3787403222431471,0.9694697375468666
0.3789495710399665,0.9694860813704497
0.37915881983678595,0.9695024077046549
0.37936806863360534,0.9695187165775401
0.3795773174304248,0.9695350080171031
0.3797865662272442,0.969551282051282
0.3799958150240636,0.9695675387079552
0.38020506382088304,0.9695837780149413
0.38020506382088304,0.9690666666666666
0.3804143126177024,0.9690831556503199
0.38062356141452186,0.9690996270644646
0.3808328102113413,0.9691160809371672
0.3810420590081607,0.9691325172964342
0.3812513078049801,0.9691489361702128
0.38146055660179956,0.9691653375863902
0.38166980539861894,0.9691817215727949
0.3818790541954384,0.969198088157196
0.3820883029922578,0.9692144373673036
0.3822975517890772,0.9692307692307692
0.38250680058589664,0.9692470837751855
0.38271604938271603,0.969263381028087
0.38292529817953547,0.9692796610169492
0.3831345469763549,0.96929592376919
0.3833437957731743,0.9693121693121693
0.38355304456999373,0.9693283976731888
0.38376229336681317,0.9693446088794926
0.38397154216363255,0.9693608029582673
0.384180790960452,0.9693769799366421
0.3843900397572714,0.9693931398416886
0.3845992885540908,0.9694092827004219
0.38480853735091025,0.9694254085397996
0.38501778614772963,0.9694415173867229
0.3852270349445491,0.9694576092680358
0.3854362837413685,0.9694736842105263
0.3854362837413685,0.9689637033140452
0.3856455325381879,0.9689800210304942
0.38585478133500734,0.9689963215974776
0.3860640301318267,0.9690126050420168
0.38627327892864616,0.9690288713910761
0.3864825277254656,0.9690451206715635
0.386691776522285,0.9690613529103304
0.3869010253191044,0.9690775681341719
0.38711027411592386,0.9690937663698271
0.38731952291274324,0.9691099476439791
0.38731952291274324,0.9686028257456829
0.3875287717095627,0.9686192468619247
0.38773802050638206,0.9686356508102457
0.38773802050638206,0.9681295715778474
0.3879472693032015,0.9681462140992168
0.38815651810002094,0.9681628392484343
0.3883657668968403,0.9681794470526864
0.38857501569365976,0.9681960375391032
0.38857501569365976,0.9676915059927045
0.3887842644904792,0.9677083333333333
0.3889935132872986,0.967725143154607
0.389202762084118,0.967741935483871
0.3894120108809374,0.967758710348414
0.38962125967775685,0.9677754677754677
0.3898305084745763,0.9677922077922078
0.39003975727139567,0.9678089304257529
0.3902490060682151,0.9678256357031655
0.39045825486503455,0.9678423236514523
0.39066750366185393,0.9678589942975635
0.39087675245867337,0.9678756476683937
0.39108600125549275,0.967892283790782
0.3912952500523122,0.9679089026915114
0.39150449884913163,0.9679255043973098
0.391713747645951,0.96794208893485
0.39192299644277045,0.9679586563307494
0.3921322452395899,0.9679752066115702
0.3923414940364093,0.9679917398038204
0.3925507428332287,0.9680082559339526
0.3927599916300481,0.9680247550283652
0.39296924042686754,0.9680412371134021
0.393178489223687,0.9680577022153529
0.39338773802050636,0.9680741503604532
0.3935969868173258,0.9680905815748841
0.39380623561414524,0.9681069958847737
0.3940154844109646,0.9681233933161953
0.39422473320778406,0.9681397738951696
0.3944339820046035,0.9681561376476631
0.3946432308014229,0.9681724845995893
0.3948524795982423,0.9681888147768086
0.3950617283950617,0.9682051282051282
0.39527097719188115,0.9682214249103024
0.3954802259887006,0.9682377049180327
0.39568947478551997,0.9682539682539683
0.3958987235823394,0.9682702149437052
0.39610797237915885,0.9682864450127877
0.39631722117597823,0.9683026584867076
0.39652646997279767,0.9683188553909045
0.39673571876961705,0.9683350357507661
0.3969449675664365,0.9683511995916284
0.39715421636325593,0.9683673469387755
0.3973634651600753,0.96838347781744
0.39757271395689475,0.9683995922528033
0.3977819627537142,0.9684156902699949
0.3979912115505336,0.9684317718940937
0.398200460347353,0.9684478371501273
0.3984097091441724,0.9684638860630722
0.39861895794099184,0.9684799186578547
0.3988282067378113,0.9684959349593496
0.39903745553463066,0.968511934992382
0.3992467043314501,0.9685279187817258
0.39945595312826954,0.9685438863521055
0.3996652019250889,0.9685598377281948
0.39987445072190836,0.9685757729346174
0.40008369951872774,0.9685916919959473
0.4002929483155472,0.9686075949367089
0.4005021971123666,0.9686234817813765
0.400711445909186,0.9686393525543753
0.40092069470600544,0.9686552072800809
0.4011299435028249,0.9686710459828196
0.4011299435028249,0.9681818181818181
0.40133919229964427,0.9681978798586572
0.4015484410964637,0.9682139253279516
0.4017576898932831,0.9682299546142209
0.4017576898932831,0.967741935483871
0.4019669386901025,0.9677581863979848
0.40217618748692197,0.9677744209466264
0.40238543628374135,0.9677906391545043
0.4025946850805608,0.9678068410462777
0.4028039338773802,0.9678230266465561
0.4030131826741996,0.9678391959798995
0.40322243147101905,0.9678553490708187
0.40343168026783843,0.9678714859437751
0.40364092906465787,0.9678876066231812
0.4038501778614773,0.9679037111334002
0.4040594266582967,0.9679197994987468
0.40426867545511613,0.9679358717434869
0.40447792425193557,0.9679519278918377
0.40468717304875496,0.9679679679679679
0.4048964218455744,0.967983991995998
0.40510567064239383,0.968
0.40510567064239383,0.9675162418790605
0.4053149194392132,0.9675324675324676
0.40552416823603266,0.9675486769845232
0.40573341703285204,0.967564870259481
0.4059426658296715,0.9675810473815462
0.4061519146264909,0.9675972083748754
0.4061519146264909,0.9671150971599403
0.4063611634233103,0.9671314741035857
0.40657041222012974,0.9671478347436535
0.4067796610169492,0.9671641791044776
0.40698890981376856,0.9671805072103431
0.407198158610588,0.967196819085487
0.4074074074074074,0.9672131147540983
0.4076166562042268,0.9672293942403177
0.40782590500104626,0.9672456575682382
0.40803515379786565,0.9672619047619048
0.4082444025946851,0.9672781358453149
0.4084536513915045,0.9672943508424182
0.4084536513915045,0.9668152550767707
0.4086629001883239,0.9668316831683168
0.40887214898514335,0.966848095002474
0.40908139778196273,0.966864490603363
0.40929064657878217,0.9668808699950568
0.4094998953756016,0.966897233201581
0.409709144172421,0.9669135802469135
0.40991839296924043,0.9669299111549852
0.41012764176605987,0.9669462259496794
0.41033689056287925,0.9669625246548323
0.4105461393596987,0.9669788072942336
0.4107553881565181,0.9669950738916256
0.4109646369533375,0.967011324470704
0.41117388575015695,0.9670275590551181
0.41138313454697634,0.9670437776684703
0.4115923833437958,0.9670599803343166
0.4118016321406152,0.9670761670761671
0.4118016321406152,0.9666011787819253
0.4120108809374346,0.9666175748649976
0.4120108809374346,0.9661432777232581
0.41222012973425404,0.9661598822952427
0.4124293785310734,0.9661764705882353
0.4124293785310734,0.965703086722195
0.41263862732789286,0.9657198824681684
0.4128478761247123,0.9657366617719041
0.4130571249215317,0.9657534246575342
0.4132663737183511,0.9657701711491442
0.41347562251517056,0.9657869012707723
0.41368487131198994,0.9658036150464093
0.4138941201088094,0.9658203125
0.41410336890562877,0.9658369936554417
0.4143126177024482,0.9658536585365853
0.41452186649926764,0.9658703071672355
0.414731115296087,0.9658869395711501
0.41494036409290647,0.9659035557720409
0.4151496128897259,0.9659201557935735
0.4153588616865453,0.9659367396593674
0.4155681104833647,0.9659533073929961
0.4155681104833647,0.9654837141468158
0.41577735928018417,0.9655004859086491
0.41598660807700355,0.9655172413793104
0.416195856873823,0.9655339805825243
0.4164051056706424,0.9655507035419699
0.4166143544674618,0.9655674102812803
0.41682360326428125,0.9655841008240427
0.41703285206110063,0.9656007751937985
0.4172421008579201,0.9656174334140436
0.4174513496547395,0.9656340755082284
0.4176605984515589,0.9656507014997581
0.4176605984515589,0.965183752417795
0.41786984724837833,0.9652005799903335
0.4180790960451977,0.9652173913043478
0.41828834484201716,0.9652341863833896
0.4184975936388366,0.9652509652509652
0.418706842435656,0.9652677279305355
0.4189160912324754,0.9652844744455159
0.41912534002929486,0.9653012048192771
0.41933458882611424,0.9653179190751445
0.41933458882611424,0.9648531535869042
0.4195438376229337,0.9648700673724735
0.41975308641975306,0.9648869648869649
0.4199623352165725,0.9649038461538462
0.42017158401339194,0.9649207111965401
0.4203808328102113,0.9649375600384246
0.42059008160703076,0.9649543927028325
0.4207993304038502,0.9649712092130518
0.4210085792006696,0.9649880095923261
0.421217827997489,0.9650047938638543
0.4214270767943084,0.9650215620507906
0.42163632559112785,0.9650383141762452
0.4218455743879473,0.9650550502632839
0.42205482318476667,0.9650717703349282
0.4222640719815861,0.9650884744141559
0.42247332077840555,0.9651051625239006
0.42268256957522493,0.965121834687052
0.42289181837204437,0.9651384909264565
0.42310106716886375,0.9651551312649165
0.4233103159656832,0.9651717557251909
0.42351956476250263,0.9651883643299952
0.423728813559322,0.9652049571020019
0.42393806235614145,0.9652215340638399
0.4241473111529609,0.9652380952380952
0.4241473111529609,0.9647786768205616
0.4243565599497803,0.9647954329210275
0.4245658087465997,0.9648121730860675
0.4247750575434191,0.964828897338403
0.42498430634023854,0.9648456057007125
0.425193555137058,0.9648622981956315
0.42540280393387736,0.9648789748457522
0.4256120527306968,0.9648956356736242
0.42582130152751624,0.9649122807017544
0.4260305503243356,0.9649289099526066
0.42623979912115506,0.9649455234486025
0.42644904791797444,0.9649621212121212
0.42644904791797444,0.9645054424988169
0.4266582967147939,0.9645222327341533
0.4268675455116133,0.9645390070921985
0.4270767943084327,0.9645557655954632
0.42728604310525214,0.9645725082664147
0.4274952919020716,0.9645892351274787
0.42770454069889097,0.9646059462010382
0.4279137894957104,0.964622641509434
0.42812303829252984,0.9646393210749646
0.42833228708934923,0.9646559849198869
0.42854153588616867,0.9646726330664155
0.42875078468298805,0.9646892655367232
0.4289600334798075,0.9647058823529412
0.42916928227662693,0.964722483537159
0.4293785310734463,0.9647390691114246
0.4293785310734463,0.9642857142857143
0.42958777987026575,0.9643024894316581
0.4297970286670852,0.964319248826291
0.4300062774639046,0.9643359924917879
0.430215526260724,0.9643527204502814
0.4304247750575434,0.9643694327238631
0.4304247750575434,0.9639175257731959
0.43063402385436284,0.9639344262295082
0.4308432726511823,0.9639513108614233
0.43105252144800166,0.9639681796911558
0.4312617702448211,0.9639850327408793
0.43147101904164054,0.9640018700327255
0.4316802678384599,0.9640186915887851
0.43188951663527936,0.964035497431107
0.43209876543209874,0.9640522875816994
0.4323080142289182,0.9640690620625292
0.4325172630257376,0.9640858208955224
0.432726511822557,0.9641025641025641
0.43293576061937644,0.9641192917054986
0.43293576061937644,0.9636702375407545
0.4331450094161959,0.9636871508379888
0.43335425821301526,0.9637040483946021
0.4335635070098347,0.9637209302325581
0.4337727558066541,0.9637377963737797
0.4339820046034735,0.9637546468401487
0.43419125340029296,0.9637714816535068
0.43440050219711235,0.9637883008356546
0.4346097509939318,0.9638051044083527
0.4348189997907512,0.963821892393321
0.4350282485875706,0.9638386648122392
0.43523749738439005,0.963855421686747
0.43544674618120943,0.9638721630384437
0.43565599497802887,0.9638888888888889
0.4358652437748483,0.9639055992596021
0.4360744925716677,0.9639222941720629
0.43628374136848713,0.9639389736477115
0.43649299016530657,0.9639556377079482
0.43670223896212595,0.9639722863741339
0.4369114877589454,0.96398891966759
0.4371207365557648,0.9640055376095985
0.4373299853525842,0.9640221402214022
0.43753923414940366,0.9640387275242047
0.43774848294622304,0.9640552995391705
0.4379577317430425,0.9640718562874252
0.4381669805398619,0.9640883977900553
0.4381669805398619,0.9636447307869305
0.4383762293366813,0.9636614535418583
0.4383762293366813,0.9632183908045977
0.43858547813350074,0.9632352941176471
0.4387947269303202,0.9632521819016996
0.43900397572713956,0.9632690541781451
0.439213224523959,0.963285910968334
0.4394224733207784,0.963302752293578
0.4394224733207784,0.9628610729023384
0.4396317221175978,0.962878093492209
0.43984097091441726,0.9628950984883188
0.44005021971123665,0.9629120879120879
0.4402594685080561,0.962929061784897
0.4404687173048755,0.9629460201280878
0.4406779661016949,0.9629629629629629
0.44088721489851435,0.9629798903107861
0.44109646369533373,0.962996802192782
0.44109646369533373,0.9625570776255707
0.44130571249215317,0.9625741670470105
0.4415149612889726,0.9625912408759124
0.4415149612889726,0.9621523027815777
0.441724210085792,0.9621695533272562
0.44193345888261143,0.9621867881548974
0.44214270767943087,0.9622040072859745
0.44235195647625025,0.9622212107419208
0.4425612052730697,0.9622383985441311
0.4427704540698891,0.9622555707139608
0.4429797028667085,0.9622727272727273
0.44318895166352795,0.9622898682417084
0.44339820046034734,0.9623069936421436
0.4436074492571668,0.9623241034952338
0.4438166980539862,0.9623411978221416
0.4440259468508056,0.962358276643991
0.44423519564762504,0.9623753399818676
0.4444444444444444,0.9623923878568192
0.44465369324126386,0.9624094202898551
0.4448629420380833,0.9624264373019465
0.4450721908349027,0.9624434389140272
0.4452814396317221,0.9624604251469923
0.44549068842854156,0.9624773960216998
0.44569993722536094,0.9624943515589697
0.4459091860221804,0.9625112917795845
0.44611843481899977,0.9625282167042889
0.4463276836158192,0.9625451263537906
0.44653693241263864,0.9625620207487596
0.446746181209458,0.9625788999098287
0.446746181209458,0.9621451104100947
0.44695543000627747,0.9621621621621622
0.4471646788030969,0.9621791985592075
0.4471646788030969,0.9617461746174617
0.4473739275999163,0.9617633828160144
0.4475831763967357,0.9617805755395683
0.4477924251935551,0.9617977528089887
0.44800167399037455,0.9618149146451033
0.44800167399037455,0.96138302649304
0.448210922787194,0.9614003590664273
0.44842017158401337,0.9614176760879318
0.4486294203808328,0.9614349775784753
0.44883866917765225,0.9614522635589422
0.44904791797447163,0.9614695340501792
0.44925716677129107,0.961486789072996
0.4494664155681105,0.9615040286481648
0.4496756643649299,0.9615212527964205
0.44988491316174933,0.9615384615384616
0.4500941619585687,0.9615556548949485
0.45030341075538816,0.9615728328865059
0.45030341075538816,0.9611433675748102
0.45030341075538816,0.9607142857142857
0.4505126595522076,0.9607318161535029
0.450721908349027,0.9607493309545049
0.4509311571458464,0.9607668301382077
0.45114040594266586,0.9607843137254902
0.45134965473948524,0.9608017817371938
0.4515589035363047,0.9608192341941229
0.4515589035363047,0.9603916332888296
0.45176815233312406,0.9604092526690391
0.4519774011299435,0.9604268563806136
0.45218664992676294,0.9604444444444444
0.45218664992676294,0.9600177698800533
0.4523958987235823,0.9600355239786856
0.45260514752040176,0.9600532623169108
0.45260514752040176,0.9596273291925466
0.4528143963172212,0.9596452328159645
0.4530236451140406,0.9596631205673759
0.45323289391086,0.9596809924678777
0.4534421427076794,0.9596988485385297
0.45365139150449885,0.9597166888003541
0.4538606403013183,0.9597345132743362
0.45406988909813767,0.9597523219814241
0.4542791378949571,0.9597701149425287
0.45448838669177655,0.9597878921785241
0.45469763548859593,0.9598056537102474
0.45490688428541537,0.9598233995584989
0.45490688428541537,0.9593998234774934
0.45511613308223475,0.9594177326863697
0.4553253818790542,0.9594356261022927
0.45553463067587363,0.9594535037461437
0.455743879472693,0.9594713656387666
0.455743879472693,0.9590488771466315
0.45595312826951245,0.9590669014084507
0.4561623770663319,0.9590849098108227
0.4563716258631513,0.9591029023746702
0.4565808746599707,0.9591208791208791
0.4567901234567901,0.9591388400702988
0.45699937225360954,0.9591567852437418
0.457208621050429,0.9591747146619842
0.45741786984724836,0.9591926283457657
0.4576271186440678,0.9592105263157895
0.45783636744088724,0.9592284085927225
0.4580456162377066,0.9592462751971954
0.45825486503452606,0.9592641261498029
0.45846411383134544,0.9592819614711033
0.45846411383134544,0.9588621444201313
0.4586733626281649,0.9588801399825022
0.4588826114249843,0.9588981198076082
0.4590918602218037,0.958916083916084
0.45930110901862314,0.9589340323285277
0.4595103578154426,0.9589519650655022
0.45971960661226197,0.9589698821475339
0.4599288554090814,0.9589877835951134
0.4601381042059008,0.959005669428696
0.4603473530027202,0.9590235396687009
0.46055660179953967,0.9590413943355119
0.46076585059635905,0.9590592334494773
0.4609750993931785,0.9590770570309098
0.46118434818999793,0.959094865100087
0.4613935969868173,0.959112657677251
0.46160284578363675,0.9591304347826087
0.4618120945804562,0.959148196436332
0.4620213433772756,0.9591659426585578
0.4620213433772756,0.9587494572297004
0.462230592174095,0.9587673611111112
0.4624398409709144,0.9587852494577006
0.46264908976773383,0.9588031222896791
0.4628583385645533,0.9588209796272215
0.46306758736137266,0.958838821490468
0.46306758736137266,0.9584235599826765
0.4632768361581921,0.9584415584415584
0.46348608495501153,0.9584595413241022
0.46348608495501153,0.958044982698962
0.4636953337518309,0.958063121487246
0.46390458254865036,0.9580812445980985
0.46411383134546974,0.9580993520518358
0.4643230801422892,0.9581174438687392
0.4645323289391086,0.9581355200690548
0.464741577735928,0.9581535806729939
0.46495082653274744,0.9581716257007331
0.4651600753295669,0.9581896551724138
0.46536932412638626,0.958207669108143
0.4655785729232057,0.9582256675279931
0.4657878217200251,0.9582436504520018
0.4659970705168445,0.9582616179001722
0.46620631931366396,0.9582795698924731
0.46641556811048335,0.9582975064488392
0.4666248169073028,0.9583154275891707
0.4666248169073028,0.9579037800687286
0.4666248169073028,0.9574924860455131
0.4668340657041222,0.957510729613734
0.4670433145009416,0.9575289575289575
0.4670433145009416,0.9571183533447685
0.46725256329776105,0.957136733819117
0.46746181209458043,0.9571550985432733
0.46767106089139987,0.9571734475374732
0.4678803096882193,0.9571917808219178
0.4680895584850387,0.9572100984167736
0.46829880728185813,0.9572284003421728
0.46850805607867757,0.9572466866182129
0.46871730487549695,0.9572649572649573
0.4689265536723164,0.9572832123024348
0.4691358024691358,0.9573014517506405
0.4693450512659552,0.9573196756295348
0.46955430006277465,0.9573378839590444
0.46976354885959404,0.9573560767590619
0.4699727976564135,0.9573742540494459
0.4701820464532329,0.9573924158500213
0.4703912952500523,0.9574105621805792
0.47060054404687174,0.957428693060877
0.4708097928436911,0.9574468085106383
0.47101904164051056,0.9574649085495534
0.47122829043733,0.9574829931972789
0.4714375392341494,0.9575010624734381
0.4716467880309688,0.9575191163976211
0.47185603682778826,0.9575371549893843
0.47206528562460764,0.9575551782682513
0.4722745344214271,0.9575731862537123
0.4724837832182465,0.9575911789652247
0.4726930320150659,0.9576091564222128
0.47290228081188534,0.9576271186440678
0.47290228081188534,0.9572215163066498
0.47311152960870473,0.9572396274343776
0.47332077840552417,0.9572577232331781
0.4735300272023436,0.9572758037225042
0.473739275999163,0.9572938689217759
0.47394852479598243,0.9573119188503804
0.47415777359280187,0.9573299535276721
0.47436702238962125,0.957347972972973
0.4745762711864407,0.9573659772055719
0.4747855199832601,0.9573839662447258
0.4749947687800795,0.9574019401096584
0.47520401757689895,0.9574198988195616
0.47541326637371834,0.9574378423935946
0.4756225151705378,0.9574557708508846
0.4758317639673572,0.9574736842105264
0.4758317639673572,0.9570707070707071
0.4760410127641766,0.9570887673538073
0.47625026156099604,0.9571068124474348
0.4764595103578154,0.957124842370744
0.47666875915463486,0.9571428571428572
0.4768780079514543,0.9571608567828643
0.4770872567482737,0.9571788413098237
0.4772965055450931,0.9571968107427612
0.47750575434191256,0.9572147651006712
0.47750575434191256,0.9568134171907757
0.47771500313873194,0.9568315171835708
0.4779242519355514,0.9568496020108923
0.47813350073237076,0.9568676716917923
0.4783427495291902,0.9568857262452909
0.4783427495291902,0.9564853556485355
0.47855199832600964,0.9565035549979088
0.478761247122829,0.9565217391304348
0.47897049591964846,0.9565399080651902
0.4791797447164679,0.9565580618212197
0.4793889935132873,0.9565762004175365
0.4795982423101067,0.9565943238731218
0.4795982423101067,0.9561952440550688
0.4798074911069261,0.9562135112593828
0.48001673990374555,0.9562317632346811
0.480225988700565,0.95625
0.48043523749738437,0.956268221574344
0.4806444862942038,0.9562864279766861
0.48085373509102325,0.9563046192259675
0.48106298388784263,0.9563227953410982
0.48127223268466207,0.9563409563409564
0.48148148148148145,0.956359102244389
0.4816907302783009,0.9563772330702118
0.48189997907512033,0.9563953488372093
0.4821092278719397,0.9564134495641345
0.48231847666875916,0.9564315352697096
0.4825277254655786,0.9564496059726255
0.482736974262398,0.9564676616915423
0.4829462230592174,0.9564857024450891
0.48315547185603686,0.9565037282518641
0.48336472065285624,0.9565217391304348
0.4835739694496757,0.9565397350993378
0.48378321824649506,0.9565577161770791
0.48378321824649506,0.9561621174524401
0.4839924670433145,0.9561802397684994
0.48420171584013394,0.956198347107438
0.48420171584013394,0.9558033870301529
0.4844109646369533,0.9558216350123865
0.48462021343377276,0.9558398679323153
0.4848294622305922,0.9558580858085809
0.4850387110274116,0.9558762886597938
0.485247959824231,0.9558944765045342
0.4854572086210504,0.9559126493613515
0.48566645741786985,0.9559308072487644
0.4858757062146893,0.9559489501852614
0.48608495501150867,0.9559670781893004
0.4862942038083281,0.9559851912793089
0.48650345260514755,0.9560032894736842
0.48671270140196693,0.9560213727907932
0.48692195019878637,0.9560394412489729
0.48713119899560575,0.9560574948665298
0.4873404477924252,0.9560755336617406
0.4873404477924252,0.9556832170701682
0.48754969658924463,0.955701394585726
0.487758945386064,0.955719557195572
0.48796819418288345,0.9557377049180328
0.48796819418288345,0.9553461696026219
0.48796819418288345,0.954954954954955
0.4881774429797029,0.9549733933688088
0.4883866917765223,0.9549918166939444
0.4885959405733417,0.9550102249488752
0.4888051893701611,0.9550286181520851
0.48901443816698054,0.9550469963220269
0.4892236869638,0.9550653594771242
0.48943293576061936,0.9550837076357697
0.4896421845574388,0.9551020408163265
0.4896421845574388,0.9547123623011016
0.48985143335425824,0.9547308319738989
0.4900606821510776,0.9547492865878516
0.49026993094789706,0.9547677261613692
0.49047917974471644,0.9547861507128309
0.4906884285415359,0.9548045602605864
0.4908976773383553,0.9548229548229549
0.4911069261351747,0.9548413344182262
0.4911069261351747,0.9544530296868646
0.49131617493199414,0.9544715447154472
0.4915254237288136,0.9544900446972775
0.49173467252563297,0.9545085296506904
0.4919439213224524,0.9545269995939911
0.4919439213224524,0.9541396103896104
0.4921531701192718,0.954158215010142
0.4923624189160912,0.954176804541768
0.49257166771291067,0.9541953790028375
0.49278091650973005,0.9542139384116693
0.4929901653065495,0.9542324827865533
0.4931994141033689,0.954251012145749
0.4934086629001883,0.9542695265074869
0.49361791169700775,0.9542880258899676
0.49382716049382713,0.9543065103113627
0.49403640929064657,0.9543249797898141
0.494245658087466,0.9543434343434344
0.4944549068842854,0.9543618739903069
0.49466415568110483,0.9543802987484861
0.4948734044779243,0.9543987086359967
0.49508265327474366,0.954417103670835
0.4952919020715631,0.9544354838709678
0.49550115086838253,0.954453849254333
0.4957103996652019,0.9544721998388397
0.49591964846202136,0.9544905356423681
0.49612889725884074,0.9545088566827697
0.4963381460556602,0.9545271629778672
0.4965473948524796,0.9545454545454546
0.496756643649299,0.9545637314032972
0.49696589244611844,0.9545819935691319
0.4971751412429379,0.954600241060667
0.49738439003975726,0.9546184738955823
0.4975936388365767,0.9546366920915295
0.4978028876333961,0.9546548956661316
0.4980121364302155,0.9546730846369835
0.49822138522703496,0.954691259021652
0.49843063402385435,0.9547094188376753
0.49843063402385435,0.9543269230769231
0.4986398828206738,0.9543452142571085
0.4988491316174932,0.9543634907926342
0.4990583804143126,0.9543817527010804
0.49926762921113205,0.9544
0.49947687800795143,0.9544182327069173
0.49968612680477087,0.9544364508393285
0.4998953756015903,0.9544546544147023
0.5001046243984097,0.9544728434504792
0.5003138731952291,0.9544910179640719
0.5005231219920485,0.9545091779728652
0.500732370788868,0.9545273234942162
0.5009416195856874,0.9545454545454546
0.5011508683825068,0.954563571143882
0.5013601171793263,0.9545816733067729
0.5015693659761457,0.954599761051374
0.501778614772965,0.9546178343949044
0.5019878635697844,0.9546358933545563
0.5021971123666039,0.954653937947494
0.5024063611634233,0.9546719681908549
0.5026156099602427,0.9546899841017488
0.5028248587570622,0.9547079856972587
0.5030341075538816,0.9547259729944401
0.5032433563507009,0.9547439460103215
0.5034526051475204,0.9547619047619048
0.5036618539443398,0.9547798492661642
0.5038711027411592,0.9547977795400476
0.5040803515379787,0.9548156956004756
0.5042896003347981,0.9548335974643423
0.5044988491316175,0.9548514851485148
0.504708097928437,0.9548693586698337
0.504708097928437,0.9544914918876137
0.5049173467252563,0.9545094936708861
0.5051265955220757,0.9545274812178727
0.5053358443188951,0.9545454545454546
0.5055450931157146,0.954563413670486
0.505754341912534,0.9545813586097947
0.505754341912534,0.9542045005921832
0.5059635907093534,0.9542225730071034
0.5061728395061729,0.954240631163708
0.5063820883029923,0.9542586750788643
0.5065913370998116,0.9542767047694127
0.5068005858966311,0.9542947202521671
0.5070098346934505,0.9543127215439149
0.5072190834902699,0.9543307086614173
0.5072190834902699,0.9539551357733176
0.5074283322870894,0.9539732494099135
0.5076375810839088,0.9539913488006292
0.5078468298807282,0.9540094339622641
0.5080560786775477,0.9540275049115914
0.5080560786775477,0.9536527886881383
0.508265327474367,0.9536709854731056
0.5084745762711864,0.9536891679748822
0.5086838250680059,0.9537073362102786
0.5088930738648253,0.9537254901960784
0.5091023226616447,0.9537436299490396
0.5093115714584641,0.9537617554858934
0.5095208202552836,0.953779866823345
0.5097300690521029,0.9537979639780736
0.5099393178489223,0.953816046966732
0.5101485666457418,0.9538341158059468
0.5103578154425612,0.9538521705123191
0.5105670642393806,0.9538702111024238
0.5107763130362001,0.9538882375928097
0.5109855618330195,0.95390625
0.5111948106298388,0.9539242483404919
0.5114040594266583,0.9539422326307572
0.5116133082234777,0.9539602028872415
0.5118225570202971,0.9539781591263651
0.5120318058171166,0.9539961013645224
0.512241054613936,0.9540140296180826
0.5124503034107554,0.9540319439033892
0.5126595522075748,0.9540498442367601
0.5128688010043942,0.9540677306344881
0.5130780498012136,0.9540856031128405
0.5130780498012136,0.9537145079735512
0.513287298598033,0.9537325038880249
0.5134965473948525,0.9537504858142246
0.5137057961916719,0.9537684537684538
0.5139150449884913,0.9537864077669903
0.5141242937853108,0.9538043478260869
0.5143335425821302,0.9538222739619713
0.5145427913789495,0.9538401861908457
0.514752040175769,0.9538580845288872
0.5149612889725884,0.953875968992248
0.5151705377694078,0.9538938395970554
0.5153797865662273,0.9539116963594113
0.5153797865662273,0.9535423925667829
0.5153797865662273,0.9531733746130031
0.5155890353630467,0.9531914893617022
0.5157982841598661,0.9532095901005414
0.5160075329566854,0.9532276768457673
0.5162167817535049,0.9532457496136012
0.5164260305503243,0.9532638084202395
0.5166352793471437,0.9532818532818533
0.5166352793471437,0.9529139328444616
0.5168445281439632,0.9529320987654321
0.5170537769407826,0.9529502506748939
0.517263025737602,0.9529683885890516
0.5174722745344215,0.9529865125240847
0.5174722745344215,0.9526194144838213
0.5176815233312408,0.9526376588371197
0.5178907721280602,0.9526558891454965
0.5181000209248797,0.9526741054251635
0.5183092697216991,0.9526923076923077
0.5185185185185185,0.9527104959630911
0.518727767315338,0.952728670253651
0.5189370161121574,0.9527468305800999
0.5191462649089768,0.9527649769585254
0.5193555137057962,0.9527831094049904
0.5195647625026156,0.9528012279355333
0.519774011299435,0.952819332566168
0.5199832600962544,0.9528374233128835
0.5201925088930739,0.9528555001916443
0.5204017576898933,0.9528735632183908
0.5206110064867127,0.9528916124090386
0.5208202552835322,0.9529096477794793
0.5210295040803515,0.9529276693455798
0.5212387528771709,0.9529456771231829
0.5212387528771709,0.9525812619502868
0.5214480016739904,0.9525993883792049
0.5216572504708098,0.9526175009552923
0.5218664992676292,0.9526355996944232
0.5220757480644487,0.9526536846124475
0.5222849968612681,0.9526717557251908
0.5222849968612681,0.9523082792827166
0.5222849968612681,0.9519450800915332
0.5224942456580874,0.9519634006862371
0.5227034944549069,0.9519817073170732
0.5229127432517263,0.952
0.5231219920485457,0.952018278750952
0.5233312408453651,0.9520365435858393
0.5235404896421846,0.952054794520548
0.523749738439004,0.9520730315709395
0.523749738439004,0.9517110266159696
0.5239589872358233,0.951729380463702
0.5241682360326428,0.9517477203647416
0.5243774848294622,0.9517660463349791
0.5245867336262816,0.951784358390281
0.5247959824231011,0.9518026565464895
0.5250052312199205,0.9518209408194234
0.5252144800167399,0.9518392112248768
0.5254237288135594,0.9518574677786201
0.5256329776103787,0.9518757104964002
0.5258422264071981,0.9518939393939394
0.5260514752040176,0.9519121544869368
0.526260724000837,0.9519303557910673
0.5264699727976564,0.9519485433219826
0.5266792215944758,0.9519667170953101
0.5268884703912953,0.951984877126654
0.5270977191881147,0.9520030234315948
0.527306967984934,0.9520211560256895
0.5275162167817535,0.9520392749244713
0.5277254655785729,0.9520573801434503
0.5279347143753923,0.9520754716981132
0.5281439631722118,0.952093549603923
0.5283532119690312,0.9521116138763197
0.5285624607658506,0.9521296645307199
0.5287717095626701,0.9521477015825169
0.5289809583594894,0.952165725047081
0.5291902071563088,0.952183734939759
0.5293994559531283,0.952201731275875
0.5296087047499477,0.9522197140707299
0.5298179535467671,0.9522376833396013
0.5300272023435866,0.9522556390977444
0.530236451140406,0.9522735813603909
0.5304456999372253,0.9522915101427498
0.5306549487340447,0.9523094254600075
0.5308641975308642,0.9523273273273273
0.5308641975308642,0.9519699812382739
0.5310734463276836,0.9519879969992499
0.5310734463276836,0.9516310461192351
0.531282695124503,0.9516491754122939
0.5314919439213225,0.9516672911202697
0.5314919439213225,0.951310861423221
0.5314919439213225,0.950954698614751
0.5317011927181419,0.9509730538922155
0.5319104415149613,0.9509913954358399
0.5321196903117807,0.9510097232610322
0.5323289391086001,0.9510280373831775
0.5325381879054195,0.9510463378176383
0.532747436702239,0.9510646245797535
0.5329566854990584,0.9510828976848394
0.5331659342958778,0.9511011571481897
0.5333751830926973,0.9511194029850746
0.5335844318895167,0.9511376352107422
0.533793680686336,0.9511558538404176
0.5340029294831554,0.9511740588893031
0.5342121782799749,0.9511922503725783
0.5344214270767943,0.9512104283054004
0.5346306758736137,0.9512285927029039
0.5348399246704332,0.951246743580201
0.5350491734672526,0.9512648809523809
0.5352584222640719,0.951283004834511
0.5354676710608914,0.9513011152416357
0.5354676710608914,0.9509476031215162
0.5356769198577108,0.950965824665676
0.5358861686545302,0.9509840326773116
0.5360954174513497,0.9510022271714922
0.5363046662481691,0.9510204081632653
0.5365139150449885,0.9510385756676558
0.536723163841808,0.9510567296996663
0.5369324126386273,0.9510748702742773
0.5371416614354467,0.9510929974064468
0.5373509102322661,0.9511111111111111
0.5375601590290856,0.951129211403184
0.537769407825905,0.9511472982975574
0.5379786566227244,0.951165371809101
0.5381879054195439,0.9511834319526628
0.5383971542163632,0.9512014787430684
0.5386064030131826,0.9512195121951219
0.5388156518100021,0.9512375323236054
0.5390249006068215,0.9512555391432792
0.5392341494036409,0.9512735326688815
0.5392341494036409,0.9509225092250922
0.5392341494036409,0.950571744743637
0.5394433982004604,0.950589970501475
0.5396526469972798,0.9506081828234427
0.5398618957940992,0.9506263817243921
0.5400711445909187,0.9506445672191528
0.540280393387738,0.9506627393225331
0.5404896421845574,0.9506808980493191
0.5406988909813769,0.9506990434142752
0.5409081397781963,0.9507171754321442
0.5411173885750157,0.950735294117647
0.5413266373718351,0.9507533994854833
0.5415358861686546,0.9507714915503307
0.5417451349654739,0.9507895703268454
0.5419543837622933,0.9508076358296622
0.5421636325591128,0.9508256880733945
0.5423728813559322,0.9508437270726339
0.5425821301527516,0.9508617528419508
0.5427913789495711,0.9508797653958945
0.5430006277463905,0.9508977647489923
0.5432098765432098,0.9509157509157509
0.5434191253400293,0.9509337239106554
0.5436283741368487,0.9509516837481699
0.5438376229336681,0.950969630442737
0.5440468717304876,0.9509875640087784
0.544256120527307,0.9510054844606947
0.5444653693241264,0.9510233918128655
0.5446746181209458,0.9510412860796492
0.5448838669177652,0.9510591672753835
0.5448838669177652,0.9507119386637459
0.5450931157145846,0.9507299270072993
0.545302364511404,0.9507479022254651
0.5455116133082235,0.9507658643326039
0.5457208621050429,0.9507838133430551
0.5459301109018623,0.950801749271137
0.5461393596986818,0.9508196721311475
0.5463486084955012,0.9508375819373635
0.5465578572923205,0.9508554787040407
0.54676710608914,0.9508733624454149
0.5469763548859594,0.9508912331757002
0.5471856036827788,0.9509090909090909
0.5473948524795983,0.95092693565976
0.5476041012764177,0.9509447674418605
0.5478133500732371,0.9509625862695241
0.5480225988700564,0.9509803921568627
0.5482318476668759,0.9509981851179673
0.5484410964636953,0.9510159651669086
0.5486503452605147,0.9510337323177367
0.5488595940573342,0.9510514865844815
0.5490688428541536,0.9510692279811526
0.549278091650973,0.9510869565217391
0.5494873404477925,0.9511046722202101
0.5496965892446118,0.9511223750905141
0.5499058380414312,0.9511400651465798
0.5499058380414312,0.9507959479015919
0.5501150868382507,0.9508137432188065
0.5503243356350701,0.9508315256688359
0.5503243356350701,0.9504878930249367
0.5505335844318895,0.9505057803468208
0.5505335844318895,0.9501625135427952
0.550742833228709,0.9501805054151624
0.5509520820255284,0.9501984843016962
0.5511613308223478,0.9502164502164502
0.5513705796191672,0.9502344031734583
0.5515798284159866,0.9502523431867339
0.551789077212806,0.9502702702702702
0.551789077212806,0.9499279538904899
0.5519983260096254,0.9499459848757652
0.5522075748064449,0.9499640028797696
0.5522075748064449,0.9496221662468514
0.5524168236032643,0.9496402877697842
0.5526260724000837,0.949658396260338
0.5528353211969032,0.9496764917325665
0.5530445699937225,0.9496945742005031
0.5532538187905419,0.9497126436781609
0.5534630675873614,0.9497307001795332
0.5536723163841808,0.949748743718593
0.5536723163841808,0.9494079655543596
0.5538815651810002,0.9494261119081779
0.5540908139778197,0.9494442452491932
0.5540908139778197,0.9491039426523298
0.5543000627746391,0.94912217843067
0.5545093115714584,0.9491404011461319
0.5547185603682779,0.9491586108127461
0.5549278091650973,0.9491768074445239
0.5551370579619167,0.9491949910554561
0.5553463067587361,0.9492131616595136
0.5555555555555556,0.9492313192706471
0.555764804352375,0.9492494639027877
0.5559740531491943,0.9492675955698464
0.5561833019460138,0.9492857142857143
0.5563925507428332,0.9493038200642627
0.5566017995396526,0.9493219129193433
0.5568110483364721,0.9493399928647878
0.5568110483364721,0.9490014265335235
0.5570202971332915,0.9490196078431372
0.5572295459301109,0.9490377761938703
0.5574387947269304,0.9490559315995725
0.5576480435237497,0.9490740740740741
0.5576480435237497,0.9487362050551797
0.5578572923205691,0.9487544483985765
0.5580665411173886,0.9487726787620064
0.558275789914208,0.9487908961593172
0.5584850387110274,0.948809100604337
0.5586942875078468,0.9488272921108742
0.5589035363046663,0.9488454706927176
0.5591127851014857,0.9488636363636364
0.559322033898305,0.9488817891373802
0.5595312826951245,0.9488999290276792
0.5597405314919439,0.9489180560482441
0.5599497802887633,0.948936170212766
0.5601590290855828,0.9489542715349167
0.5603682778824022,0.9489723600283487
0.5605775266792216,0.9489904357066951
0.560786775476041,0.9490084985835694
0.5609960242728604,0.9490265486725664
0.5612052730696798,0.9490445859872612
0.5614145218664993,0.9490626105412098
0.5614145218664993,0.9487270155586988
0.5616237706633187,0.9487451396253093
0.5618330194601381,0.9487632508833922
0.5620422682569576,0.9487813493465207
0.562251517053777,0.9487994350282486
0.5624607658505963,0.9488175079421108
0.5626700146474157,0.9488355681016232
0.5628792634442352,0.9488536155202821
0.5630885122410546,0.9488716502115656
0.563297761037874,0.9488896721889319
0.563297761037874,0.9485553206483439
0.5635070098346935,0.9485734413525889
0.5637162586315129,0.9485915492957746
0.5639255074283323,0.9486096444913763
0.5641347562251517,0.9486277269528501
0.5641347562251517,0.9482940555750967
0.5641347562251517,0.9479606188466948
0.5643440050219711,0.9479789103690686
0.5645532538187905,0.9479971890372453
0.56476250261561,0.9480154548647699
0.5649717514124294,0.9480337078651685
0.5651810002092488,0.948051948051948
0.5653902490060683,0.9480701754385965
0.5655994978028877,0.9480883900385829
0.5655994978028877,0.9477559607293128
0.5655994978028877,0.9474237644584648
0.565808746599707,0.9474421864050455
0.5660179953965264,0.9474605954465849
0.5662272441933459,0.9474789915966386
0.5664364929901653,0.9474973748687434
0.5666457417869847,0.947515745276417
0.5668549905838042,0.9475341028331584
0.5670642393806236,0.9475524475524476
0.5672734881774429,0.9475707794477456
0.5674827369742624,0.9475890985324947
0.5676919857710818,0.9476074048201187
0.5679012345679012,0.9476256983240223
0.5681104833647207,0.9476439790575916
0.5683197321615401,0.947662247034194
0.5685289809583595,0.9476805022671783
0.568738229755179,0.9476987447698745
0.5689474785519983,0.9477169745555943
0.5691567273488177,0.9477351916376306
0.5693659761456371,0.9477533960292581
0.5695752249424566,0.9477715877437326
0.569784473739276,0.9477897667942917
0.5699937225360954,0.9478079331941545
0.5702029713329149,0.9478260869565217
0.5704122201297342,0.9478442280945758
0.5706214689265536,0.9478623566214807
0.5708307177233731,0.9478804725503822
0.5710399665201925,0.9478985758944077
0.5712492153170119,0.9479166666666666
0.5714584641138314,0.9479347448802499
0.5716677129106508,0.9479528105482304
0.5718769617074702,0.9479708636836629
0.5720862105042896,0.9479889042995839
0.572295459301109,0.9480069324090121
0.5725047080979284,0.9480249480249481
0.5727139568947478,0.9480429511603741
0.5729232056915673,0.9480609418282548
0.5731324544883867,0.9480789200415368
0.5733417032852061,0.9480968858131488
0.5735509520820256,0.9481148391560014
0.5737602008788449,0.9481327800829875
0.5739694496756643,0.9481507086069824
0.5739694496756643,0.9478230822391154
0.5739694496756643,0.9474956822107081
0.5741786984724838,0.9475138121546961
0.5741786984724838,0.9471867449085261
0.5743879472693032,0.9472049689440993
0.5745971960661226,0.9472231804070369
0.5745971960661226,0.9468965517241379
0.5748064448629421,0.9469148569458807
0.5750156936597615,0.9469331495520331
0.5752249424565808,0.946951429555632
0.5754341912534003,0.946969696969697
0.5754341912534003,0.9466437177280551
0.5756434400502197,0.946662078458362
0.5756434400502197,0.9463364293085655
0.5758526888470391,0.9463548830811555
0.5760619376438586,0.9463733241663802
0.576271186440678,0.9463917525773196
0.5764804352374974,0.9464101683270354
0.5766896840343168,0.9464285714285714
0.5768989328311362,0.9464469618949537
0.5771081816279556,0.9464653397391901
0.577317430424775,0.946483704974271
0.5775266792215945,0.9465020576131687
0.5777359280184139,0.9465203976688379
0.5779451768152333,0.9465387251542152
0.5781544256120528,0.94655704008222
0.5781544256120528,0.9462328767123288
0.5783636744088722,0.9462512838069155
0.5785729232056915,0.9462696783025325
0.578782172002511,0.9462880602121109
0.578782172002511,0.9459644322845417
0.5789914207993304,0.945982905982906
0.5792006695961498,0.9460013670539986
0.5794099183929693,0.9460198155107619
0.5796191671897887,0.9460382513661202
0.5798284159866081,0.9460566746329805
0.5800376647834274,0.9460750853242321
0.5802469135802469,0.9460934834527465
0.5804561623770663,0.9461118690313779
0.5806654111738857,0.9461302420729628
0.5808746599707052,0.9461486025903204
0.5810839087675246,0.9461669505962521
0.581293157564344,0.9461852861035422
0.5815024063611635,0.9462036091249575
0.5817116551579828,0.9462219196732471
0.5819209039548022,0.9462402177611432
0.5821301527516217,0.9462585034013605
0.5823394015484411,0.9462767766065964
0.5825486503452605,0.9462950373895309
0.58275789914208,0.946313285762827
0.5829671479388994,0.9463315217391305
0.5831763967357187,0.9463497453310696
0.5833856455325381,0.9463679565512559
0.5835948943293576,0.9463861554122837
0.583804143126177,0.94640434192673
0.5840133919229964,0.946422516107155
0.5840133919229964,0.9461016949152542
0.5842226407198159,0.9461199593358184
0.5844318895166353,0.9461382113821138
0.5846411383134547,0.9461564510667119
0.5848503871102742,0.9461746784021665
0.5850596359070935,0.9461928934010152
0.5852688847039129,0.946211096075778
0.5854781335007324,0.9462292864389584
0.5854781335007324,0.9459093982420554
0.5854781335007324,0.9455897262588713
0.5856873822975518,0.9456081081081081
0.5858966310943712,0.9456264775413712
0.5861058798911907,0.9456448345712356
0.5863151286880101,0.9456631792102599
0.5865243774848294,0.9456815114709851
0.5867336262816489,0.9456998313659359
0.5869428750784683,0.9457181389076197
0.5871521238752877,0.9457364341085271
0.5873613726721071,0.9457547169811321
0.5875706214689266,0.9457729875378915
0.587779870265746,0.9457912457912457
0.5879891190625653,0.9458094917536183
0.5881983678593848,0.9458277254374159
0.5884076166562042,0.9458459468550285
0.5886168654530236,0.9458641560188299
0.5888261142498431,0.9458823529411765
0.5890353630466625,0.9459005376344086
0.5892446118434819,0.9459187101108498
0.5894538606403014,0.9459368703828073
0.5896631094371207,0.9459550184625714
0.5896631094371207,0.9456375838926174
0.5896631094371207,0.9453203622945321
0.5896631094371207,0.9450033534540577
0.5898723582339401,0.9450217901441502
0.5900816070307596,0.9450402144772118
0.590290855827579,0.9450586264656616
0.590290855827579,0.9447421299397187
0.590290855827579,0.9444258453297623
0.590290855827579,0.9441097724230254
0.5905001046243984,0.9441284710605554
0.5907093534212178,0.9441471571906355
0.5907093534212178,0.9438314944834504
0.5909186022180373,0.9438502673796791
0.5911278510148567,0.9438690277313732
0.591337099811676,0.9438877755511023
0.5915463486084955,0.9439065108514191
0.5917555974053149,0.9439252336448598
0.5919648462021343,0.943943943943944
0.5921740949989538,0.9439626417611742
0.5923833437957732,0.9439813271090364
0.5925925925925926,0.944
0.5925925925925926,0.9436854381872709
0.592801841389412,0.9437041972018654
0.5930110901862314,0.9437229437229437
0.5932203389830508,0.9437416777629827
0.5934295877798703,0.9437603993344426
0.5936388365766897,0.9437791084497671
0.5938480853735091,0.9437978051213834
0.5940573341703285,0.9438164893617021
0.594266582967148,0.9438351611831173
0.5944758317639673,0.9438538205980066
0.5946850805607867,0.9438724676187313
0.5948943293576062,0.9438911022576362
0.5951035781544256,0.9439097245270495
0.595312826951245,0.9439283344392834
0.595312826951245,0.9436152570480929
0.5955220757480645,0.9436339522546419
0.5957313245448839,0.9436526350679483
0.5959405733417033,0.9436713055003313
0.5961498221385227,0.9436899635640941
0.5963590709353421,0.9437086092715232
0.5965683197321615,0.9437272426348892
0.596777568528981,0.9437458636664461
0.5969868173258004,0.943764472378432
0.5971960661226198,0.9437830687830688
0.5974053149194393,0.943801652892562
0.5976145637162587,0.9438202247191011
0.597823812513078,0.9438387842748596
0.5980330613098974,0.9438573315719947
0.5982423101067169,0.9438758666226478
0.5984515589035363,0.9438943894389439
0.5986608077003557,0.9439129000329924
0.5988700564971752,0.9439313984168866
0.5990793052939946,0.9439498846027036
0.5992885540908139,0.9439683586025049
0.5994978028876334,0.943986820428336
0.5997070516844528,0.9440052700922266
0.5999163004812722,0.9440237076061904
0.6001255492780917,0.9440421329822252
0.6003347980749111,0.9440605462323133
0.6005440468717305,0.944078947368421
0.6005440468717305,0.9437684972048668
0.60075329566855,0.9437869822485208
0.60075329566855,0.9434768320736115
0.6009625444653693,0.9434954007884363
0.6011717932621887,0.9435139573070608
0.6013810420590081,0.943532501641497
0.6015902908558276,0.9435510338037414
0.601799539652647,0.9435695538057742
0.6020087884494664,0.9435880616595606
0.6022180372462859,0.9436065573770491
0.6024272860431052,0.9436250409701737
0.6024272860431052,0.9433158584534731
0.6026365348399246,0.9433344251555846
0.6026365348399246,0.9430255402750491
0.6028457836367441,0.9430441898527004
0.6030550324335635,0.9430628272251309
0.6032642812303829,0.943081452404318
0.6034735300272024,0.9431000654022237
0.6034735300272024,0.9427917620137299
0.6036827788240218,0.9428104575163399
0.6038920276208412,0.942829140803659
0.6041012764176606,0.9428478118876551
0.60431052521448,0.9428664707802807
0.6045197740112994,0.9428851174934726
0.6047290228081188,0.9429037520391517
0.6049382716049383,0.9429223744292238
0.6051475204017577,0.9429409846755787
0.6053567691985771,0.9429595827900913
0.6055660179953966,0.9429781687846204
0.6057752667922159,0.9429967426710097
0.6059845155890353,0.9430153044610876
0.6061937643858548,0.9430338541666666
0.6064030131826742,0.9430523917995444
0.6066122619794936,0.943070917371503
0.6068215107763131,0.943089430894309
0.6070307595731325,0.9431079323797139
0.6070307595731325,0.9428014299642509
0.6072400083699518,0.9428200129954516
0.6074492571667713,0.9428385839558299
0.6076585059635907,0.9428571428571428
0.6078677547604101,0.9428756897111328
0.6080770035572296,0.9428942245295263
0.608286252354049,0.9429127473240351
0.6084955011508684,0.9429312581063554
0.6084955011508684,0.9426256077795786
0.6087047499476878,0.9426441996111471
0.6089139987445072,0.9426627793974732
0.6091232475413266,0.9426813471502591
0.609332496338146,0.9426999028811913
0.6095417451349655,0.9427184466019417
0.6097509939317849,0.9427369783241669
0.6099602427286043,0.9427554980595084
0.6101694915254238,0.9427740058195926
0.6103787403222432,0.942792501616031
0.6105879891190625,0.9428109854604201
0.610797237915882,0.9428294573643411
0.6110064867127014,0.9428479173393607
0.6110064867127014,0.9425435765009683
0.6112157355095208,0.9425621168118749
0.6114249843063403,0.9425806451612904
0.6116342331031597,0.9425991615607868
0.6118434818999791,0.9426176660219213
0.6120527306967984,0.942636158556236
0.6120527306967984,0.9423324742268041
0.6122619794936179,0.9423510466988728
0.6124712282904373,0.942369607211848
0.6124712282904373,0.9420663018989379
0.6124712282904373,0.9417631917631918
0.6126804770872567,0.941781923448054
0.6128897258840762,0.9418006430868168
0.6130989746808956,0.9418193506910961
0.613308223477715,0.9418380462724936
0.6135174722745345,0.9418567298425956
0.6137267210713538,0.9418754014129737
0.6139359698681732,0.9418940609951846
0.6141452186649927,0.9419127086007703
0.6143544674618121,0.9419313442412576
0.6143544674618121,0.9416292495189224
0.6143544674618121,0.9413273485091376
0.6145637162586315,0.9413461538461538
0.614772965055451,0.9413649471323294
0.6149822138522704,0.9413837283792441
0.6149822138522704,0.941082292667307
0.6151914626490897,0.941101152368758
0.6154007114459091,0.94112
0.6156099602427286,0.9411388355726168
0.615819209039548,0.9411576590981772
0.6160284578363674,0.9411764705882353
0.6162377066331869,0.9411952700543305
0.6164469554300063,0.9412140575079873
0.6166562042268257,0.9412328329607155
0.6168654530236451,0.9412515964240102
0.6170747018204645,0.941270347909352
0.6172839506172839,0.9412890874282067
0.6174931994141034,0.9413078149920255
0.6177024482109228,0.9413265306122449
0.6179116970077422,0.9413452343002869
0.6181209458045617,0.9413639260675589
0.6183301946013811,0.941382605925454
0.6185394433982004,0.9414012738853503
0.6185394433982004,0.9411015600127348
0.6187486921950199,0.941120305537874
0.6187486921950199,0.9408208717785556
0.6189579409918393,0.9408396946564885
0.6191671897886587,0.9408585055643879
0.6193764385854781,0.9408773045136681
0.6195856873822976,0.9408960915157293
0.619794936179117,0.9409148665819568
0.6200041849759363,0.9409336297237219
0.6202134337727558,0.940952380952381
0.6204226825695752,0.9409711202792764
0.6206319313663946,0.940989847715736
0.6208411801632141,0.9410085632730733
0.6210504289600335,0.9410272669625872
0.6212596777568529,0.9410459587955626
0.6214689265536724,0.94106463878327
0.6216781753504917,0.9410833069369655
0.6216781753504917,0.9407853071564282
0.6218874241473111,0.940804051915163
0.6220966729441306,0.9408227848101266
0.62230592174095,0.9408415058525783
0.6225151705377694,0.9408602150537635
0.6227244193345888,0.9408789124249131
0.6229336681314083,0.940897597977244
0.6231429169282277,0.9409162717219589
0.623352165725047,0.9409349336702464
0.6235614145218665,0.9409535838332808
0.6237706633186859,0.9409722222222222
0.6239799121155053,0.9409908488482172
0.6241891609123248,0.9410094637223975
0.6243984097091442,0.9410280668558815
0.6246076585059636,0.941046658259773
0.624816907302783,0.9410652379451623
0.624816907302783,0.9407687460617518
0.6250261560996024,0.9407874015748031
0.6252354048964218,0.9408060453400504
0.6254446536932413,0.9408246773685868
0.6256539024900607,0.9408432976714916
0.6258631512868801,0.9408619062598301
0.6260724000836995,0.9408805031446541
0.626281648880519,0.940899088337001
0.6264908976773383,0.9409176618478944
0.6264908976773383,0.94062205466541
0.6267001464741577,0.940640703517588
0.6269093952709772,0.9406593406593406
0.6271186440677966,0.940677966101695
0.627327892864616,0.9406965798556637
0.6275371416614355,0.9407151819322459
0.6277463904582549,0.940733772342427
0.6279556392550742,0.9407523510971787
0.6281648880518937,0.9407709182074585
0.6281648880518937,0.9404761904761905
0.6281648880518937,0.940181647353586
0.6283741368487131,0.9402003757044458
0.6285833856455325,0.9402190923317684
0.628792634442352,0.9402377972465582
0.628792634442352,0.9399436972161401
0.6290018832391714,0.9399624765478424
0.6292111320359908,0.9399812441387934
0.6292111320359908,0.9396875
0.6294203808328103,0.9397063417681975
0.6296296296296297,0.9397251717676453
0.629838878426449,0.9397439900093663
0.6300481272232684,0.9397627965043696
0.6302573760200879,0.9397815912636506
0.6304666248169073,0.9398003742981909
0.6306758736137267,0.9398191456189585
0.6308851224105462,0.9398379052369077
0.6310943712073656,0.9398566531629792
0.6310943712073656,0.9395638629283489
0.6313036200041849,0.9395826845219558
0.6315128688010044,0.9396014943960149
0.6317221175978238,0.9396202925614691
0.6319313663946432,0.939639079029247
0.6321406151914627,0.9396578538102643
0.6323498639882821,0.9396766169154229
0.6325591127851015,0.9396953683556108
0.632768361581921,0.939714108141703
0.6329776103787403,0.9397328362845604
0.6331868591755597,0.9397515527950311
0.6333961079723791,0.9397702576839491
0.6336053567691986,0.9397889509621353
0.633814605566018,0.9398076326403971
0.633814605566018,0.9395161290322581
0.633814605566018,0.9392248062015504
0.6340238543628374,0.9392436453812771
0.6342331031596569,0.9392624728850325
0.6342331031596569,0.9389714993804213
0.6344423519564762,0.9389903995044906
0.6346516007532956,0.9390092879256966
0.6348608495501151,0.9390281646549056
0.6350700983469345,0.9390470297029703
0.6352793471437539,0.93906588308073
0.6354885959405734,0.9390847247990105
0.6356978447373928,0.9391035548686244
0.6359070935342122,0.9391223733003708
0.6361163423310316,0.9391411801050356
0.636325591127851,0.939159975293391
0.6365348399246704,0.9391787588761964
0.6367440887214898,0.9391975308641975
0.6369533375183093,0.9392162912681271
0.6371625863151287,0.9392350400987045
0.6373718351119481,0.9392537773666358
0.6375810839087676,0.939272503082614
0.6377903327055869,0.9392912172573189
0.6379995815024063,0.9393099199014171
0.6382088302992258,0.9393286110255621
0.6384180790960452,0.9393472906403941
0.6386273278928646,0.9393659587565405
0.6388365766896841,0.9393846153846154
0.6390458254865035,0.9394032605352199
0.6392550742833228,0.9394218942189422
0.6394643230801423,0.9394405164463572
0.6396735718769617,0.939459127228027
0.6398828206737811,0.9394777265745008
0.6400920694706005,0.9394963144963145
0.64030131826742,0.9395148910039914
0.6405105670642394,0.9395334561080417
0.6407198158610588,0.9395520098189629
0.6409290646578782,0.9395705521472393
0.6411383134546976,0.9395890831033425
0.641347562251517,0.9396076026977315
0.6415568110483365,0.939626110940852
0.6417660598451559,0.9396446078431373
0.6419753086419753,0.9396630934150076
0.6421845574387948,0.9396815676668708
0.6423938062356142,0.9397000306091216
0.6423938062356142,0.9394124847001224
0.6426030550324335,0.9394310186601407
0.642812303829253,0.9394495412844037
0.6430215526260724,0.9394680525833079
0.6432308014228918,0.9394865525672371
0.6434400502197113,0.9395050412465628
0.6436492990165307,0.9395235186316433
0.6438585478133501,0.9395419847328245
0.6440677966101694,0.9395604395604396
0.6442770454069889,0.9395788831248093
0.6444862942038083,0.9395973154362416
0.6446955430006277,0.939615736505032
0.6449047917974472,0.9396341463414634
0.6451140405942666,0.9396525449558062
0.645323289391086,0.9396709323583181
0.6455325381879055,0.9396893085592446
0.6455325381879055,0.9394031668696712
0.6457417869847248,0.9394216133942161
0.6457417869847248,0.9391357273280584
0.6457417869847248,0.938850015211439
0.6459510357815442,0.9388686131386861
0.6461602845783637,0.9388871997567649
0.6463695333751831,0.9389057750759878
0.6465787821720025,0.9389243391066545
0.6465787821720025,0.9386391251518833
0.646788030968822,0.9386577588824779
0.6469972797656414,0.9386763812993322
0.6472065285624607,0.9386949924127466
0.6474157773592801,0.9387135922330098
0.6476250261560996,0.9387321807703973
0.647834274952919,0.9387507580351728
0.6480435237497384,0.9387693240375872
0.6482527725465579,0.9387878787878788
0.6482527725465579,0.93850348379279
0.6484620213433773,0.9385221078134464
0.6486712701401967,0.9385407205570694
0.6486712701401967,0.9382566585956417
0.6488805189370161,0.9382753403933434
0.6490897677338355,0.9382940108892922
0.6492990165306549,0.9383126700937405
0.6495082653274744,0.9383313180169287
0.6497175141242938,0.9383499546690843
0.6499267629211132,0.938368580060423
0.6501360117179327,0.9383871942011477
0.6501360117179327,0.9381038647342995
0.650345260514752,0.9381225475399939
0.6505545093115714,0.9381412190706095
0.6507637581083908,0.9381598793363499
0.6507637581083908,0.9378769601930036
0.6509730069052103,0.9378956888754899
0.6509730069052103,0.9376130198915009
0.6511822557020297,0.9376318168122929
0.6513915044988491,0.9376506024096386
0.6516007532956686,0.9376693766937669
0.651810002092488,0.9376881396748946
0.6520192508893073,0.937706891363226
0.6522284996861268,0.9377256317689531
0.6524377484829462,0.9377443609022557
0.6526469972797656,0.9377630787733012
0.6528562460765851,0.9377817853922452
0.6530654948734045,0.9378004807692307
0.6532747436702239,0.9378191649143887
0.6532747436702239,0.9375375375375375
0.6532747436702239,0.9372560792554788
0.6532747436702239,0.9369747899159664
0.6534839924670434,0.936993699369937
0.6534839924670434,0.9367126574685063
0.6536932412638627,0.9367316341829085
0.6536932412638627,0.9364508393285371
0.6539024900606821,0.9364698831285586
0.6539024900606821,0.9361893349310965
0.6541117388575016,0.9362084456424079
0.654320987654321,0.9362275449101797
0.6545302364511404,0.9362466327446872
0.6547394852479598,0.9362657091561939
0.6549487340447793,0.9362847741549506
0.6551579828415987,0.9363038277511961
0.6551579828415987,0.9360239162929745
0.655367231638418,0.9360430364614465
0.6555764804352375,0.9360621452046609
0.6555764804352375,0.9357825567502986
0.6557857292320569,0.9358017318602568
0.6559949780288763,0.935820895522388
0.6559949780288763,0.9355416293643688
0.6559949780288763,0.9352625298329356
0.6562042268256958,0.9352818371607515
0.6564134756225152,0.9353011329755516
0.6566227244193346,0.9353204172876304
0.656831973216154,0.9353396901072706
0.6570412220129734,0.9353589514447423
0.6570412220129734,0.935080405002978
0.6572504708097928,0.935099732063114
0.6574597196066123,0.9351190476190476
0.6576689684034317,0.9351383516810473
0.6578782172002511,0.9351576442593694
0.6580874659970705,0.9351769253642581
0.65829671479389,0.9351961950059453
0.6585059635907093,0.9352154531946508
0.6587152123875287,0.9352346999405823
0.6589244611843482,0.9352539352539353
0.6589244611843482,0.9349762470308789
0.6591337099811676,0.9349955476402493
0.659342958777987,0.9350148367952522
0.6595522075748065,0.9350341145060813
0.6597614563716259,0.9350533807829181
0.6599707051684452,0.9350726356359325
0.6601799539652647,0.9350918790752816
0.6603892027620841,0.9351111111111111
0.6603892027620841,0.9348341232227488
0.6605984515589035,0.9348534201954397
0.6605984515589035,0.9345766725873298
0.660807700355723,0.9345960343296833
0.6610169491525424,0.9346153846153846
0.6612261979493618,0.9346347234545992
0.6614354467461812,0.9346540508574808
0.6614354467461812,0.9343777712089861
0.6616446955430006,0.9343971631205674
0.66185394433982,0.9344165435745938
0.6620631931366394,0.9344359125812167
0.6622724419334589,0.9344552701505757
0.6622724419334589,0.9341794569067297
0.6624816907302783,0.9341988787252877
0.6624816907302783,0.9339233038348083
0.6626909395270977,0.9339427897375405
0.6629001883239172,0.9339622641509434
0.6631094371207366,0.9339817270851754
0.6633186859175559,0.934001178550383
0.6635279347143754,0.934020618556701
0.6637371835111948,0.934040047114252
0.6639464323080142,0.9340594642331469
0.6641556811048337,0.9340788699234844
0.6643649299016531,0.9340982641953516
0.6645741786984725,0.9341176470588235
0.664783427495292,0.9341370185239636
0.6649926762921113,0.934156378600823
0.6649926762921113,0.9338818689391714
0.6649926762921113,0.9336075205640423
0.6652019250889307,0.9336270190895741
0.6654111738857501,0.9336465061655901
0.6654111738857501,0.9333724684473144
0.6654111738857501,0.9330985915492958
0.6656204226825696,0.933118216485773
0.665829671479389,0.9331378299120234
0.6660389202762084,0.9331574318381706
0.6662481690730279,0.9331770222743259
0.6662481690730279,0.9329036038675652
0.6662481690730279,0.9326303456356181
0.6662481690730279,0.9323572474377745
0.6664574178698472,0.9323770491803278
0.6666666666666666,0.932396839332748
0.6668759154634861,0.9324166179052077
0.6670851642603055,0.9324363849078678
0.6672944130571249,0.9324561403508772
0.6672944130571249,0.9321835720549547
0.6675036618539444,0.9322033898305084
0.6677129106507638,0.932223196026877
0.6679221594475832,0.9322429906542056
0.6681314082444026,0.9322627737226278
0.6681314082444026,0.9319906596614127
0.668340657041222,0.9320105048147067
0.6685499058380414,0.9320303383897316
0.6687591546348608,0.9320501603966171
0.6689684034316803,0.932069970845481
0.6691776522284997,0.9320897697464297
0.6693869010253191,0.9321095571095571
0.6695961498221386,0.9321293329449462
0.6698053986189579,0.9321490972626675
0.6700146474157773,0.9321688500727802
0.6702238962125968,0.9321885913853318
0.6704331450094162,0.9322083212103579
0.6706423938062356,0.9322280395578825
0.6708516426030551,0.932247746437918
0.6710608913998745,0.9322674418604651
0.6712701401966938,0.932287125835513
0.6714793889935133,0.932306798373039
0.6716886377903327,0.932326459483009
0.6716886377903327,0.9320557491289199
0.6718978865871521,0.9320754716981132
0.6721071353839715,0.9320951828206616
0.672316384180791,0.9321148825065274
0.6725256329776104,0.9321345707656613
0.6727348817744297,0.9321542476080024
0.6729441305712492,0.9321739130434783
0.6731533793680686,0.9321935670820052
0.673362628164888,0.9322132097334879
0.6735718769617075,0.9322328410078193
0.6735718769617075,0.9319629415170817
0.6737811257585269,0.9319826338639653
0.6739903745553463,0.9320023148148148
0.6741996233521658,0.9320219843795198
0.6744088721489852,0.9320416425679584
0.6744088721489852,0.9317721884937843
0.6744088721489852,0.9315028901734104
0.6746181209458045,0.9315226813059809
0.674827369742624,0.9315424610051993
0.674827369742624,0.931273462315911
0.6750366185394434,0.9312933025404158
0.6752458673362628,0.9313131313131313
0.6754551161330823,0.93133294864397
0.6754551161330823,0.9310643207383905
0.6754551161330823,0.9307958477508651
0.6756643649299017,0.9308157970596713
0.6758736137267211,0.930835734870317
0.6760828625235404,0.9308556611927399
0.6762921113203599,0.9308755760368663
0.6765013601171793,0.9308954794126115
0.6767106089139987,0.9309153713298791
0.6769198577108182,0.9309352517985612
0.6771291065076376,0.9309551208285386
0.677338355304457,0.9309749784296808
0.6775476041012765,0.9309948246118459
0.6777568528980958,0.9310146593848807
0.6779661016949152,0.9310344827586207
0.6781753504917347,0.9310542947428899
0.6783845992885541,0.9310740953475014
0.6785938480853735,0.9310938845822567
0.678803096882193,0.931113662456946
0.6790123456790124,0.9311334289813487
0.6792215944758317,0.9311531841652324
0.6794308432726511,0.9311729280183539
0.6794308432726511,0.9309059633027523
0.6796400920694706,0.9309257666953282
0.67984934086629,0.930945558739255
0.6800585896631094,0.9309653394442853
0.6802678384599289,0.9309851088201604
0.6804770872567483,0.9310048668766103
0.6806863360535677,0.9310246136233543
0.6808955848503871,0.9310443490701001
0.6811048336472065,0.9310640732265446
0.6813140824440259,0.9310837861023734
0.6815233312408454,0.9311034877072613
0.6817325800376648,0.9311231780508716
0.6817325800376648,0.9308571428571428
0.6819418288344842,0.930876892316481
0.6819418288344842,0.9306110793832096
0.6821510776313037,0.9306308878104482
0.682360326428123,0.9306506849315068
0.6825695752249424,0.9306704707560628
0.6827788240217618,0.9306902452937821
0.6829880728185813,0.93071000855432
0.6829880728185813,0.9304446978335233
0.6831973216154007,0.9304645198062126
0.6834065704122201,0.9304843304843304
0.6836158192090396,0.9305041298775277
0.683825068005859,0.9305239179954442
0.6840343168026783,0.9305436948477085
0.6842435655994978,0.9305634604439386
0.6842435655994978,0.930298719772404
0.6842435655994978,0.9300341296928327
0.6844528143963172,0.9300540233153256
0.6844528143963172,0.9297896532120523
0.6846620631931366,0.9298096050014208
0.6848713119899561,0.9298295454545454
0.6850805607867755,0.9298494745810849
0.6852898095835949,0.9298693923906871
0.6852898095835949,0.9296054499006529
0.6854990583804144,0.9296254256526674
0.6857083071772337,0.929645390070922
0.6859175559740531,0.9296653431650596
0.6861268047708726,0.9296852849447123
0.686336053567692,0.9297052154195011
0.6865453023645114,0.9297251345990366
0.6867545511613308,0.9297450424929179
0.6869637999581503,0.9297649391107335
0.6871730487549697,0.9297848244620611
0.687382297551789,0.9298046985564676
0.6875915463486085,0.9298245614035088
0.6878007951454279,0.9298444130127298
0.6880100439422473,0.9298642533936652
0.6882192927390668,0.9298840825558383
0.6884285415358862,0.929903900508762
0.6886377903327056,0.9299237072619384
0.688847039129525,0.9299435028248587
0.6890562879263444,0.9299632872070037
0.6892655367231638,0.9299830604178431
0.6894747855199833,0.930002822466836
0.6896840343168027,0.9300225733634312
0.6898932831136221,0.9300423131170663
0.6898932831136221,0.9297800338409475
0.6898932831136221,0.929517902452777
0.6901025319104415,0.9295377677564826
0.6901025319104415,0.9292758523527754
0.690311780707261,0.9292957746478874
0.690311780707261,0.9290340749084764
0.690311780707261,0.9287725225225225
0.6905210295040803,0.9287925696594427
0.6907302783008997,0.9288126055149127
0.6907302783008997,0.9285513361462728
0.6909395270977192,0.9285714285714286
0.6911487758945386,0.9285915096991847
0.691358024691358,0.9286115795390669
0.6915672734881775,0.92863163810059
0.6917765222849969,0.9286516853932584
0.6919857710818162,0.9286717214265656
0.6921950198786357,0.9286917462099944
0.6924042686754551,0.9287117597530171
0.6924042686754551,0.9284511784511784
0.6926135174722745,0.9284712482468443
0.692822766269094,0.9284913067863152
0.6930320150659134,0.928511354079058
0.6932412638627328,0.9285313901345291
0.6934505126595522,0.9285514149621743
0.6934505126595522,0.9282913165266107
0.6936597614563716,0.9283113973676841
0.6936597614563716,0.9280515117581187
0.693869010253191,0.9280716484746712
0.6940782590500104,0.9280917739227756
0.6942875078468299,0.9281118881118882
0.6944967566436493,0.9281319910514542
0.6947060054404687,0.9281520827509085
0.6949152542372882,0.9281721632196758
0.6951245030341076,0.9281922324671696
0.6953337518309269,0.9282122905027933
0.6953337518309269,0.9279530857302429
0.6955430006277464,0.9279731993299832
0.6957522494245658,0.927993301702484
0.6959614982213852,0.9280133928571429
0.6961707470182047,0.9280334728033472
0.6961707470182047,0.9277746793084216
0.6963799958150241,0.9277948146083078
0.6963799958150241,0.927536231884058
0.6963799958150241,0.9272777932571747
0.6965892446118435,0.9272980501392758
0.696798493408663,0.9273182957393483
0.696798493408663,0.9270601336302895
0.696798493408663,0.9268021152240468
0.6970077422054823,0.9268224819143016
0.6972169910023017,0.9268428372739916
0.6972169910023017,0.9265850945494994
0.6974262397991211,0.926605504587156
0.6976354885959406,0.9266259032795998
0.69784473739276,0.9266462906362879
0.69784473739276,0.9263888888888889
0.6980539861895794,0.9264093307414607
0.6982632349863989,0.9264297612437534
0.6984724837832182,0.9264501804052179
0.6986817325800376,0.9264705882352942
0.6988909813768571,0.926490984743412
0.6988909813768571,0.9262340543538546
0.6991002301736765,0.926254505128916
0.6991002301736765,0.9259977827050998
0.6993094789704959,0.9260182876142976
0.6993094789704959,0.9257617728531856
0.6995187277673154,0.9257823317640543
0.6997279765641348,0.9258028792912514
0.6999372253609542,0.9258234154442292
0.6999372253609542,0.9255672385168788
0.6999372253609542,0.9253112033195021
0.6999372253609542,0.9250553097345132
0.7001464741577736,0.9250760298589992
0.700355722954593,0.9250967385295743
0.7005649717514124,0.9251174357557336
0.7007742205482318,0.9251381215469613
0.7009834693450513,0.9251587959127313
0.7011927181418707,0.9251794588625069
0.7014019669386901,0.9252001104057411
0.7014019669386901,0.9249448123620309
0.7016112157355096,0.9249655172413793
0.7018204645323289,0.9249862107004965
0.7018204645323289,0.9247311827956989
0.7020297133291483,0.9247519294377067
0.7022389621259678,0.924772664645908
0.7024482109227872,0.9247933884297521
0.7026574597196066,0.9248141007986781
0.7028667085164261,0.9248348017621145
0.7030759573132455,0.9248554913294798
0.7030759573132455,0.9246009906439185
0.7032852061100648,0.9246217331499312
0.7034944549068843,0.9246424642464246
0.7034944549068843,0.9243882320593896
0.7037037037037037,0.9244090159428258
0.7039129525005231,0.9244297884034075
0.7041222012973425,0.9244505494505495
0.7041222012973425,0.9241966492721779
0.704331450094162,0.9242174629324547
0.704331450094162,0.9239637661268185
0.704331450094162,0.9237102085620198
0.7045406988909814,0.9237311385459533
0.7045406988909814,0.9234777838727373
0.7047499476878007,0.9234987661091308
0.7047499476878007,0.9232456140350878
0.7049591964846202,0.923266648396821
0.7051684452814396,0.9232876712328767
0.705377694078259,0.9233086825527252
0.7055869428750785,0.9233296823658269
0.7055869428750785,0.9230769230769231
0.7057961916718979,0.9230979748221128
0.7060054404687173,0.9231190150478796
0.7062146892655368,0.9231400437636762
0.7062146892655368,0.9228876127973749
0.7062146892655368,0.9226353198469108
0.7064239380623561,0.9226564635146215
0.7066331868591755,0.9226775956284153
0.7066331868591755,0.9224255667850314
0.7066331868591755,0.9221736755871108
0.706842435655995,0.9221949221949222
0.7070516844528144,0.9222161572052402
0.7072609332496338,0.922237380627558
0.7074701820464532,0.9222585924713584
0.7076794308432727,0.9222797927461139
0.7076794308432727,0.9220283533260633
0.7076794308432727,0.9217770509675661
0.7078886796400921,0.9217983651226158
0.7078886796400921,0.9215472623263415
0.7080979284369114,0.9215686274509803
0.7083071772337309,0.9215899809420093
0.7085164260305503,0.9216113228089275
0.7087256748273697,0.9216326530612244
0.7089349236241892,0.9216539717083787
0.7089349236241892,0.9214033179222192
0.7091441724210086,0.9214246873300707
0.7091441724210086,0.9211742321282957
0.709353421217828,0.9211956521739131
0.709353421217828,0.9209453952730237
0.7095626700146475,0.920966865833786
0.7095626700146475,0.9207168069508552
0.7097719188114668,0.9207383279044516
0.7099811676082862,0.9207598371777477
0.7101904164051057,0.9207813347802496
0.7103996652019251,0.9208028207214538
0.7106089139987445,0.920824295010846
0.710818162795564,0.9208457576579019
0.7110274115923834,0.9208672086720867
0.7112366603892027,0.9208886480628556
0.7114459091860221,0.9209100758396533
0.7116551579828416,0.9209314920119145
0.711864406779661,0.9209528965890633
0.7120736555764804,0.9209742895805142
0.7120736555764804,0.9207251082251082
0.7122829043732999,0.9207465512577766
0.7124921531701193,0.9207679826933478
0.7127014019669387,0.9207894025412273
0.7129106507637581,0.9208108108108108
0.7129106507637581,0.9205620102674953
0.7131198995605775,0.9205834683954619
0.7133291483573969,0.9206049149338374
0.7133291483573969,0.9203563714902808
0.7135383971542164,0.9203778677462888
0.7135383971542164,0.9201295196977873
0.7137476459510358,0.920151065551659
0.7139568947478552,0.9201725997842503
0.7141661435446747,0.9201941224049609
0.714375392341494,0.9202156334231806
0.714375392341494,0.919967663702506
0.7145846411383134,0.919989224137931
0.7145846411383134,0.9197414489631026
0.7147938899351328,0.9197630586968228
0.7147938899351328,0.9195154777927321
0.7150031387319523,0.9195371367061357
0.7152123875287717,0.9195587839655637
0.7154216363255911,0.9195804195804196
0.7156308851224106,0.9196020435600968
0.7156308851224106,0.9193548387096774
0.71584013391923,0.9193765116904058
0.7160493827160493,0.9193981730252553
0.7160493827160493,0.9191512221326887
0.7162586315128688,0.9191729323308271
0.7164678803096882,0.9191946308724832
0.7164678803096882,0.918947933440687
0.7166771291065076,0.9189696807083445
0.7168863779033271,0.9189914163090128
0.7168863779033271,0.918744971842317
0.7170956267001465,0.9187667560321716
0.7173048754969659,0.9187885285446261
0.7175141242937854,0.9188102893890675
0.7177233730906047,0.9188320385748727
0.7179326218874241,0.9188537761114087
0.7181418706842435,0.9188755020080321
0.718351119481063,0.9188972162740899
0.7185603682778824,0.918918918918919
0.7187696170747018,0.9189406099518459
0.7189788658715213,0.9189622893821877
0.7191881146683407,0.9189839572192513
0.7191881146683407,0.9187383052659717
0.71939736346516,0.9187600213789417
0.71939736346516,0.9185145605129575
0.71939736346516,0.9182692307692307
0.7196066122619795,0.9182910547396529
0.7198158610587989,0.9183128670581954
0.7198158610587989,0.918067787563384
0.7200251098556183,0.9180896478121665
0.7202343586524378,0.9181114963990398
0.7204436074492572,0.9181333333333334
0.7204436074492572,0.9178885630498533
0.7206528562460766,0.917910447761194
0.720862105042896,0.9179323208100186
0.7210713538397154,0.9179541822056473
0.7210713538397154,0.9177097203728363
0.7212806026365348,0.9177316293929713
0.7214898514333543,0.9177535267500665
0.7214898514333543,0.9175093134646088
0.7216991002301737,0.9175312583133812
0.7219083490269931,0.9175531914893617
0.7221175978238125,0.9175751130018612
0.7221175978238125,0.917331206804891
0.7221175978238125,0.9170874302418284
0.722326846620632,0.9171094580233794
0.7225360954174513,0.9171314741035856
0.7227453442142707,0.9171534784917684
0.7227453442142707,0.916910007963897
0.7229545930110902,0.9169320594479831
0.7229545930110902,0.9166887768638896
0.7229545930110902,0.916445623342175
0.7231638418079096,0.9164677804295943
0.7231638418079096,0.9162248144220573
0.7231638418079096,0.915981977206467
0.7231638418079096,0.9157392686804452
0.7231638418079096,0.9154966887417219
0.7231638418079096,0.9152542372881356
0.723373090604729,0.9152766746094784
0.7235823394015485,0.915299100052938
0.7235823394015485,0.9150568933580312
0.7235823394015485,0.9148148148148149
0.7237915881983679,0.914837344617826
0.7240008369951872,0.9148598625066102
0.7242100857920067,0.9148823684906159
0.7244193345888261,0.9149048625792812
0.7244193345888261,0.9146631439894319
0.7246285833856455,0.9146856840993133
0.724837832182465,0.9147082123052548
0.724837832182465,0.914466737064414
0.724837832182465,0.9142253892847717
0.7250470809792844,0.9142480211081794
0.7252563297761038,0.9142706409918228
0.7254655785729232,0.9142932489451476
0.7256748273697426,0.9143158449775903
0.725884076166562,0.9143384290985767
0.7260933249633814,0.9143610013175231
0.7260933249633814,0.9141201264488936
0.7263025737602009,0.9141427442717935
0.7265118225570203,0.9141653501843076
0.7267210713538397,0.914187944195841
0.7269303201506592,0.9142105263157895
0.7271395689474786,0.9142330965535386
0.7273488177442979,0.914255654918464
0.7275580665411174,0.9142782014199317
0.7275580665411174,0.9140378548895899
0.7277673153379368,0.9140604467805519
0.7279765641347562,0.9140830267997898
0.7279765641347562,0.9138429209351195
0.7279765641347562,0.9136029411764706
0.7281858129315757,0.9136256235232344
0.7283950617283951,0.9136482939632546
0.7286043105252145,0.9136709525059039
0.7288135593220338,0.9136935991605456
0.7290228081188533,0.9137162339365329
0.7292320569156727,0.9137388568432092
0.7294413057124921,0.9137614678899083
0.7294413057124921,0.9135220125786163
0.7294413057124921,0.9132826827351324
0.7296505545093116,0.9133053954950235
0.729859803306131,0.9133280963603038
0.7300690521029504,0.9133507853403141
0.7300690521029504,0.9131117508505627
0.7302783008997699,0.913134484563056
0.7304875496965892,0.9131572063824221
0.7304875496965892,0.912918410041841
0.7306967984934086,0.9129411764705883
0.7309060472902281,0.9129639309984318
0.7311152960870475,0.9129866736347008
0.7313245448838669,0.9130094043887147
0.7313245448838669,0.9127709584747976
0.7315337936806864,0.9127937336814621
0.7317430424775058,0.9128164969981728
0.7317430424775058,0.9125782881002088
0.7319522912743252,0.9126010957474563
0.7321615400711446,0.912623891497131
0.732370788867964,0.9126466753585397
0.732370788867964,0.9124087591240876
0.732370788867964,0.9121709669012249
0.7325800376647834,0.9121938509640438
0.7327892864616028,0.9122167231049753
0.7329985352584223,0.9122395833333333
0.7332077840552417,0.9122624316584222
0.7332077840552417,0.9120249869859448
0.7332077840552417,0.9117876658860266
0.7334170328520611,0.9118106139438086
0.7336262816488806,0.9118335500650195
0.7338355304456999,0.9118564742589703
0.7338355304456999,0.9116194437223811
0.7340447792425193,0.9116424116424117
0.7342540280393388,0.9116653676279554
0.7342540280393388,0.9114285714285715
0.7344632768361582,0.9114515710205141
0.7346725256329776,0.9114745586708204
0.7348817744297971,0.911497534388788
0.7350910232266165,0.9115204981837053
0.7353002720234358,0.9115434500648508
0.7355095208202553,0.9115663900414938
0.7357187696170747,0.9115893181228935
0.7359280184138941,0.9116122343182996
0.7361372672107135,0.9116351386369526
0.736346516007533,0.9116580310880829
0.7365557648043524,0.9116809116809117
0.7367650136011717,0.9117037804246504
0.7369742623979912,0.9117266373285011
0.7371835111948106,0.9117494824016563
0.73739275999163,0.9117723156532989
0.7376020087884495,0.9117951370926022
0.7378112575852689,0.9118179467287303
0.7378112575852689,0.9115822130299897
0.7380205063820883,0.9116050659085035
0.7380205063820883,0.9113695090439277
0.7380205063820883,0.9111340738827176
0.7382297551789078,0.9111570247933884
0.7382297551789078,0.9109217660728117
0.7384390039757271,0.9109447599380486
0.7384390039757271,0.9107096774193548
0.7386482527725465,0.9107327141382869
0.7386482527725465,0.9104978075831829
0.7386482527725465,0.9102630221763796
0.738857501569366,0.9102861562258314
0.738857501569366,0.9100515463917526
0.738857501569366,0.9098170574594177
0.738857501569366,0.9095826893353941
0.738857501569366,0.9093484419263456
0.7390667503661854,0.9093717816683831
0.7392759991630048,0.9093951093951094
0.7392759991630048,0.9091610910962429
0.7394852479598242,0.9091844610239259
0.7394852479598242,0.9089506172839507
0.7394852479598242,0.9087168938030342
0.7396944967566437,0.9087403598971723
0.739903745553463,0.908763813929581
0.7401129943502824,0.9087872559095581
0.7403222431471019,0.9088106858463909
0.7403222431471019,0.9085772984078069
0.7405314919439213,0.9086007702182285
0.7407407407407407,0.9086242299794661
0.7407407407407407,0.9083910700538876
0.7407407407407407,0.9081580297588507
0.7409499895375602,0.9081815850218005
0.7411592383343796,0.9082051282051282
0.741368487131199,0.9082286593181236
0.7415777359280185,0.9082521783700667
0.7417869847248378,0.9082756853702281
0.7419962335216572,0.9082991803278688
0.7422054823184767,0.9083226632522408
0.7424147311152961,0.9083461341525858
0.7426239799121155,0.9083695930381367
0.742833228708935,0.9083930399181167
0.742833228708935,0.9081606548989511
0.742833228708935,0.907928388746803
0.742833228708935,0.9076962413704934
0.742833228708935,0.9074642126789366
0.7430424775057544,0.907487860976233
0.7432517263025737,0.9075114971895759
0.7434609750993931,0.9075351213282248
0.7434609750993931,0.9073033707865169
0.7436702238962126,0.9073270359969364
0.743879472693032,0.9073506891271057
0.743879472693032,0.907119163051799
0.7440887214898514,0.9071428571428571
0.7442979702866709,0.9071665391481765
0.7442979702866709,0.9069352371239163
0.7442979702866709,0.9067040530206475
0.7445072190834903,0.9067278287461774
0.7447164678803097,0.9067515923566879
0.7449257166771291,0.9067753438614365
0.7451349654739485,0.9067990832696715
0.7453442142707679,0.9068228105906314
0.7455534630675874,0.9068465258335454
0.7457627118644068,0.9068702290076336
0.7459719606612262,0.9068939201221063
0.7461812094580457,0.9069175991861648
0.7461812094580457,0.9066870073735063
0.746390458254865,0.9067107269954245
0.7465997070516844,0.9067344345616264
0.7468089558485038,0.9067581300813008
0.7470182046453233,0.9067818135636271
0.7472274534421427,0.9068054850177755
0.7474367022389621,0.9068291444529069
0.7476459510357816,0.9068527918781726
0.747855199832601,0.906876427302715
0.7480644486294203,0.9069000507356672
0.7482736974262398,0.9069236621861527
0.7484829462230592,0.906947261663286
0.7484829462230592,0.9067173637515843
0.7486921950198786,0.9067410035478966
0.7486921950198786,0.9065112743856093
0.7489014438166981,0.9065349544072948
0.7489014438166981,0.9063053937705748
0.7491106926135175,0.9063291139240506
0.7491106926135175,0.906099721589471
0.7491106926135175,0.9058704453441295
0.7493199414103369,0.9058942575259297
0.7493199414103369,0.9056651492159838
0.7495291902071564,0.9056890012642225
0.7495291902071564,0.9054600606673407
0.7497384390039757,0.9054839524892595
0.7499476878007951,0.9055078322385043
0.7501569365976145,0.9055316999242233
0.750366185394434,0.9055555555555556
0.7505754341912534,0.9055793991416309
0.7505754341912534,0.9053508329126704
0.7505754341912534,0.9051223820338128
0.7505754341912534,0.9048940464177598
0.7507846829880728,0.9049180327868852
0.7509939317848923,0.90494200706001
0.7512031805817116,0.9049659692462818
0.751412429378531,0.9049899193548387
0.751412429378531,0.9047619047619048
0.751412429378531,0.9045340050377834
0.751412429378531,0.9043062200956937
0.7516216781753505,0.904330312185297
0.7518309269721699,0.9043543921469922
0.7520401757689893,0.9043784599899346
0.7522494245658088,0.9044025157232705
0.7524586733626282,0.9044265593561368
0.7526679221594476,0.9044505908976616
0.7526679221594476,0.9042232277526395
0.7526679221594476,0.9039959788891682
0.752877170956267,0.9040201005025126
0.7530864197530864,0.904044209997488
0.7532956685499058,0.9040683073832245
0.7532956685499058,0.9038413256339443
0.7535049173467253,0.9038654618473896
0.7537141661435447,0.9038895859473024
0.7539234149403641,0.9039136979427999
0.7539234149403641,0.9036869826937547
0.7539234149403641,0.9034603811434303
0.7541326637371835,0.9034845826021559
0.754341912534003,0.9035087719298246
0.754341912534003,0.903282385367076
0.754341912534003,0.9030561122244489
0.754341912534003,0.9028299524167293
0.7545511613308223,0.9028542814221332
0.7545511613308223,0.9026282853566959
0.7547604101276417,0.9026526526526526
0.7547604101276417,0.9024268201150863
0.7549696589244612,0.9024512256128064
0.7551789077212806,0.9024756189047262
0.7551789077212806,0.90225
0.7551789077212806,0.9020244938765308
0.7553881565181,0.9020489755122438
0.7553881565181,0.9018236322757932
0.7555974053149195,0.9018481518481518
0.7555974053149195,0.9016229712858926
0.7555974053149195,0.9013979031452821
0.7558066541117389,0.9014225106064387
0.7560159029085582,0.9014471057884231
0.7560159029085582,0.9012222499376403
0.7562251517053777,0.9012468827930175
0.7564344005021971,0.9012715033657442
0.7566436492990165,0.901296111665005
0.756852898095836,0.9013207076999751
0.7570621468926554,0.9013452914798207
0.7572713956894748,0.9013698630136986
0.7574806444862942,0.901394422310757
0.7574806444862942,0.9011700273836196
0.7574806444862942,0.9009457441513191
0.7576898932831136,0.900970390644439
0.7576898932831136,0.9007462686567164
0.7576898932831136,0.9005222581447401
0.757899142079933,0.9005469915464943
0.7581083908767524,0.9005717126522496
0.7583176396735719,0.9005964214711729
0.7585268884703913,0.9006211180124224
0.7587361372672107,0.9006458022851466
0.7589453860640302,0.9006704742984852
0.7591546348608496,0.900695134061569
0.7591546348608496,0.9004715810374783
0.7591546348608496,0.9002481389578164
0.7593638836576689,0.9002728851401637
0.7595731324544884,0.9002976190476191
0.7597823812513078,0.9003223406893132
0.7597823812513078,0.9000991571641052
0.7599916300481272,0.9001239157372987
0.7602008788449467,0.9001486620416254
0.7602008788449467,0.8999256873916275
0.7604101276417661,0.8999504705299654
0.7604101276417661,0.8997276553602377
0.7606193764385855,0.8997524752475248
0.7606193764385855,0.8995298193516457
0.7606193764385855,0.8993072736269173
0.7606193764385855,0.8990848379915904
0.7608286252354048,0.8991097922848664
0.7610378740322243,0.8991347342398023
0.7612471228290437,0.8991596638655462
0.7614563716258631,0.899184581171238
0.7616656204226826,0.8992094861660079
0.761874869219502,0.8992343788589775
0.7620841180163214,0.8992592592592593
0.7622933668131409,0.8992841273759565
0.7625026156099602,0.8993089832181639
0.7625026156099602,0.8990870959782877
0.7625026156099602,0.8988653182042428
0.7627118644067796,0.8988902589395807
0.7627118644067796,0.8986686390532544
0.7629211132035991,0.8986936159723934
0.7631303620004185,0.8987185805815673
0.7633396107972379,0.8987435328898744
0.7635488595940574,0.8987684729064039
0.7635488595940574,0.8985471558729377
0.7635488595940574,0.8983259478089611
0.7637581083908768,0.8983509721880384
0.7639673571876961,0.8983759842519685
0.7639673571876961,0.8981549815498155
0.7639673571876961,0.897934087555337
0.7641766059845156,0.8979591836734694
0.7641766059845156,0.8977384464110127
0.7641766059845156,0.8975178176456132
0.764385854781335,0.8975429975429975
0.764385854781335,0.897322525178089
0.7645951035781544,0.8973477406679764
0.7648043523749738,0.8973729437760865
0.7650136011717933,0.8973981345115366
0.7650136011717933,0.8971779141104295
0.7652228499686127,0.8972031403336604
0.7654320987654321,0.8972283541819965
0.7656413475622516,0.8972535556645415
0.7658505963590709,0.8972787447903898
0.7660598451558903,0.8973039215686275
0.7660598451558903,0.8970840480274442
0.7662690939527098,0.897109260166585
0.7664783427495292,0.8971344599559148
0.7664783427495292,0.8969147894221352
0.7664783427495292,0.8966952264381884
0.7666875915463486,0.8967205090553109
0.7668968403431681,0.8967457793002203
0.7668968403431681,0.8965264187866928
0.7671060891399875,0.896551724137931
0.7671060891399875,0.8963325183374083
0.7673153379368068,0.8963578587142508
0.7673153379368068,0.89613880742913
0.7675245867336263,0.8961641827510384
0.7677338355304457,0.8961895456765999
0.7677338355304457,0.895970695970696
0.7679430843272651,0.89599609375
0.7681523331240845,0.8960214791310716
0.7681523331240845,0.8958028306490972
0.768361581920904,0.8958282507928763
0.768361581920904,0.895609756097561
0.7685708307177234,0.8956352109241649
0.7685708307177234,0.8954168698196002
0.7687800795145427,0.8954423592493298
0.7689893283113622,0.89546783625731
0.7691985771081816,0.8954933008526188
0.769407825905001,0.8955187530443254
0.769407825905001,0.8953007061115169
0.769407825905001,0.8950827653359299
0.7696170747018205,0.8951082988561694
0.7696170747018205,0.8948905109489051
0.7698263234986399,0.8949160788129409
0.7698263234986399,0.8946984435797666
0.7698263234986399,0.8944809141745684
0.7698263234986399,0.8942634905201751
0.7700355722954593,0.8942891859052248
0.7702448210922788,0.8943148688046647
0.7702448210922788,0.8940976439154724
0.7704540698890981,0.8941233608547838
0.7706633186859175,0.8941490653071134
0.770872567482737,0.8941747572815534
0.7710818162795564,0.8942004367871875
0.7712910650763758,0.8942261038330908
0.7715003138731952,0.8942517584283289
0.7715003138731952,0.8940349175557711
0.7717095626700147,0.8940606060606061
0.7717095626700147,0.8938439166262724
0.7717095626700147,0.8936273322025684
0.771918811466834,0.8936531007751938
0.7721280602636534,0.8936788568660693
0.7723373090604729,0.8937046004842615
0.7723373090604729,0.8934882595013314
0.7725465578572923,0.89351403678606
0.7727558066541117,0.8935398015969029
0.7729650554509312,0.8935655539429125
0.7731743042477506,0.8935912938331319
0.77338355304457,0.8936170212765957
0.7735928018413895,0.8936427362823302
0.7738020506382088,0.8936684388593523
0.7738020506382088,0.8934525247644358
0.7740112994350282,0.8934782608695652
0.7740112994350282,0.8932624969814055
0.7740112994350282,0.8930468372766779
0.7742205482318477,0.8930726526671494
0.7744297970286671,0.8930984555984556
0.7744297970286671,0.8928829915560916
0.7746390458254865,0.8929088277858177
0.7748482946223059,0.8929346515553412
0.7750575434191254,0.892960462873674
0.7752667922159447,0.8929862617498192
0.7754760410127641,0.8930120481927711
0.7756852898095836,0.8930378222115153
0.775894538606403,0.8930635838150289
0.775894538606403,0.8928485432217674
0.7761037874032224,0.892874337987482
0.7763130362000419,0.8929001203369434
0.7765222849968613,0.8929258902791145
0.7767315337936807,0.8929516478229492
0.7767315337936807,0.8927368927368927
0.7767315337936807,0.8925222409232989
0.7769407825905001,0.8925480769230769
0.7769407825905001,0.8923335736601778
0.7771500313873195,0.8923594425756848
0.7773592801841389,0.8923852990631755
0.7775685289809584,0.8924111431316042
0.7777777777777778,0.892436974789916
0.7779870265745972,0.8924627940470475
0.7781962753714167,0.892488600911927
0.778405524168236,0.8925143953934741
0.7786147729650554,0.8925401775005997
0.7786147729650554,0.892326139088729
0.7788240217618748,0.8923519539678734
0.7788240217618748,0.8921380632790029
0.7790332705586943,0.8921639108554996
0.7790332705586943,0.8919501677048395
0.7790332705586943,0.8917365269461078
0.7790332705586943,0.8915229885057471
0.7790332705586943,0.8913095523102705
0.7792425193555137,0.8913355672570608
0.7794517681523331,0.8913615697535295
0.7794517681523331,0.8911483253588517
0.7796610169491526,0.8911743602009089
0.779870265745972,0.8912003825920612
0.779870265745972,0.8909873296677026
0.779870265745972,0.890774378585086
0.7800795145427913,0.8908004778972521
0.7802887633396108,0.8908265647396082
0.7804980121364302,0.8908526391210891
0.7807072609332496,0.8908787010506208
0.7809165097300691,0.890904750537121
0.7811257585268885,0.8909307875894988
0.7811257585268885,0.8907182056788356
0.7813350073237079,0.8907442748091603
0.7815442561205274,0.890770331504889
0.7815442561205274,0.8905579399141631
0.7815442561205274,0.8903456495828367
0.7817535049173467,0.8903717826501429
0.7819627537141661,0.8903979032642364
0.7819627537141661,0.8901858027632206
0.7821720025109855,0.8902119552274351
0.782381251307805,0.8902380952380953
0.782381251307805,0.8900261842418472
0.7825905001046244,0.8900523560209425
0.7825905001046244,0.8898405900547228
0.7827997489014438,0.8898667935299714
0.7827997489014438,0.8896551724137931
0.7830089976982633,0.8896814075130766
0.7832182464950826,0.8897076301402425
0.7832182464950826,0.8894961977186312
0.7832182464950826,0.8892848657638394
0.7832182464950826,0.8890736342042755
0.783427495291902,0.8890999762526716
0.7836367440887215,0.8891263057929725
0.7836367440887215,0.8889152622834084
0.7836367440887215,0.8887043189368771
0.7838459928855409,0.8887307236061684
0.7840552416823603,0.8887571157495257
0.7842644904791798,0.8887834953758597
0.7842644904791798,0.8885727833096254
0.7842644904791798,0.8883621711305997
0.7842644904791798,0.8881516587677725
0.7844737392759992,0.8881781568348732
0.7846829880728186,0.8882046423495974
0.7846829880728186,0.8879943168363722
0.7846829880728186,0.8877840909090909
0.7846829880728186,0.8875739644970414
0.7846829880728186,0.8873639375295788
0.7846829880728186,0.8871540099361249
0.784892236869638,0.8871807000946074
0.784892236869638,0.8869709151099551
0.7851014856664574,0.8869976359338061
0.7851014856664574,0.8867879933821792
0.7851014856664574,0.8865784499054821
0.7851014856664574,0.8863690054334987
0.7851014856664574,0.8861596598960794
0.7851014856664574,0.8859504132231405
0.7851014856664574,0.8857412653446648
0.7853107344632768,0.8857682322397923
0.7855199832600962,0.8857951864086834
0.7855199832600962,0.885586223165841
0.7857292320569157,0.8856132075471698
0.7859384808537351,0.8856401792030182
0.7859384808537351,0.8854314002828855
0.7861477296505545,0.8854584020740043
0.7861477296505545,0.8852497643732328
0.7861477296505545,0.8850412249705536
0.7861477296505545,0.8848327837965144
0.786356978447374,0.8848599011066636
0.786356978447374,0.8846516007532956
0.7865662272441933,0.8846787479406919
0.7865662272441933,0.8844705882352941
0.7867754760410127,0.8844977652317102
0.7867754760410127,0.8842897460018815
0.7869847248378322,0.8843169527392429
0.7869847248378322,0.884109073812882
0.7869847248378322,0.8839012925969447
0.7869847248378322,0.8836936090225563
0.7871939736346516,0.8837209302325582
0.7871939736346516,0.8835133865664632
0.7871939736346516,0.8833059403615873
0.7871939736346516,0.8830985915492958
0.787403222431471,0.883126026754283
0.7876124712282905,0.8831534490849366
0.7878217200251099,0.8831808585503167
0.7880309688219292,0.8832082551594747
0.7882402176187487,0.8832356389214537
0.7882402176187487,0.8830285982184717
0.7884494664155681,0.8830560112491211
0.7884494664155681,0.8828491096532334
0.7884494664155681,0.8826423049894588
0.7884494664155681,0.8824355971896956
0.7884494664155681,0.882228986185905
0.7884494664155681,0.8820224719101124
0.7886587152123875,0.8820500819096654
0.7886587152123875,0.8818437061300889
0.788867964009207,0.8818713450292398
0.7890772128060264,0.8818989710009355
0.7890772128060264,0.8816927753097966
0.7892864616028458,0.8817204301075269
0.7892864616028458,0.8815143725169432
0.7894957103996652,0.8815420560747663
0.7897049591964846,0.8815697266993693
0.7897049591964846,0.8813638486688463
0.789914207993304,0.8813915479803875
0.789914207993304,0.8811858076563959
0.7901234567901234,0.8812135355892649
0.7903327055869429,0.8812412505832945
0.7905419543837623,0.881268952647539
0.7907512031805817,0.8812966417910447
0.7907512031805817,0.8810911634413616
0.7909604519774012,0.8811188811188811
0.7909604519774012,0.8809135399673735
0.7911697007742206,0.8809412861136999
0.7913789495710399,0.8809690193337992
0.7915881983678594,0.8809967396367023
0.7917974471646788,0.8810244470314319
0.7920066959614982,0.8810521415270018
0.7922159447583177,0.881079823132418
0.7922159447583177,0.8808748255002327
0.7922159447583177,0.8806699232379623
0.7924251935551371,0.8806976744186047
0.7924251935551371,0.8804929086259009
0.7924251935551371,0.8802882380288238
0.7926344423519565,0.8803160585637927
0.7926344423519565,0.8801115241635687
0.7926344423519565,0.8799070847851336
0.7926344423519565,0.8797027403622851
0.7928436911487758,0.8797306710006966
0.7928436911487758,0.8795264623955432
0.7928436911487758,0.8793223485727547
0.7928436911487758,0.8791183294663573
0.7930529399455953,0.8791463697517977
0.7930529399455953,0.8789424860853432
0.7932621887424147,0.8789705541386506
0.7932621887424147,0.8787668057487251
0.7932621887424147,0.8785631517960603
0.7934714375392341,0.8785912882298424
0.7934714375392341,0.8783877692842251
0.7934714375392341,0.8781843446039833
0.7936806863360536,0.878212549201204
0.793889935132873,0.8782407407407408
0.793889935132873,0.8780374913214534
0.7940991839296924,0.8780657103192966
0.7943084327265119,0.8780939162618552
0.7945176815233312,0.8781221091581869
0.7947269303201506,0.878150289017341
0.7947269303201506,0.8779472954230236
0.7949361791169701,0.8779755026577305
0.7951454279137895,0.878003696857671
0.7951454279137895,0.8778008778008778
0.7953546767106089,0.8778290993071594
0.7955639255074284,0.8778573077811129
0.7957731743042478,0.8778855032317636
0.7957731743042478,0.8776828986845142
0.7957731743042478,0.8774803876326719
0.7957731743042478,0.8772779700115341
0.7959824231010671,0.8773062730627307
0.7959824231010671,0.8771039889324418
0.7959824231010671,0.8769017980636238
0.7959824231010671,0.8766997003917953
0.7959824231010671,0.8764976958525346
0.7959824231010671,0.8762957843814789
0.7961916718978865,0.8763242745278673
0.796400920694706,0.8763527515542252
0.796400920694706,0.8761510128913443
0.7966101694915254,0.8761795166858458
0.7966101694915254,0.8759779107225034
0.7966101694915254,0.8757763975155279
0.7966101694915254,0.87557497700092
0.7966101694915254,0.875373649114739
0.7968194182883448,0.8754022988505747
0.7970286670851643,0.8754309354171455
0.7972379158819837,0.8754595588235294
0.797447164678803,0.8754881690787962
0.797447164678803,0.875287092328893
0.797447164678803,0.8750861079219289
0.797447164678803,0.8748852157943067
0.797447164678803,0.8746844158824879
0.797447164678803,0.8744837081229923
0.797447164678803,0.8742830924523973
0.797447164678803,0.8740825688073395
0.797447164678803,0.8738821371245127
0.797447164678803,0.8736817973406694
0.7976564134756225,0.8737107494842998
0.7976564134756225,0.8735105407882676
0.7976564134756225,0.8733104238258877
0.7976564134756225,0.8731103985341273
0.7978656622724419,0.8731394550034348
0.7980749110692613,0.8731684981684982
0.7980749110692613,0.8729686427100023
0.7982841598660808,0.8729977116704806
0.7984934086629002,0.8730267673301304
0.7984934086629002,0.8728270814272644
0.7987026574597196,0.872856162817288
0.7987026574597196,0.8726566072245084
0.7987026574597196,0.8724571428571428
0.7989119062565391,0.8724862888482633
0.7989119062565391,0.8722869545350697
0.7991211550533585,0.8723161260849703
0.7991211550533585,0.8721169216716145
0.7991211550533585,0.8719178082191781
0.7993304038501778,0.871947044053869
0.7993304038501778,0.8717480602464628
0.7995396526469973,0.8717773214693133
0.7995396526469973,0.8715784671532847
0.7995396526469973,0.8713797035347777
0.7995396526469973,0.8711810305517556
0.7997489014438167,0.8712103943469341
0.7999581502406361,0.8712397447584321
0.8001673990374555,0.8712690817953976
0.800376647834275,0.8712984054669703
0.8005858966310944,0.871327715782282
0.8007951454279137,0.8713570127504554
0.8010043942247332,0.8713862963806055
0.8010043942247332,0.8711879836140192
0.8012136430215526,0.871217292377702
0.801422891818372,0.8712465878070974
0.801422891818372,0.8710484421196271
0.8016321406151915,0.8710777626193724
0.8016321406151915,0.8708797453966811
0.8018413894120109,0.8709090909090909
0.8018413894120109,0.8707112019995455
0.8018413894120109,0.870513402998637
0.8018413894120109,0.8703156938451057
0.8020506382088303,0.870345140781108
0.8022598870056498,0.8703745743473326
0.8022598870056498,0.870177031320926
0.8024691358024691,0.8702064896755162
0.8024691358024691,0.8700090744101633
0.8024691358024691,0.8698117486958494
0.8026783845992885,0.8698412698412699
0.802887633396108,0.8698707776014509
0.802887633396108,0.8696736174070716
0.8030968821929274,0.869703149784727
0.8030968821929274,0.8695061169007703
0.8030968821929274,0.8693091732729332
0.8030968821929274,0.8691123188405797
0.8030968821929274,0.8689155535431288
0.8030968821929274,0.8687188773200544
0.8030968821929274,0.8685222901108848
0.8030968821929274,0.8683257918552036
0.8030968821929274,0.8681293824926487
0.8033061309897468,0.8681592039800995
0.8033061309897468,0.8679629210942799
0.8035153797865662,0.8679927667269439
0.8035153797865662,0.8677966101694915
0.8035153797865662,0.8676005422503389
0.8035153797865662,0.8674045629094195
0.8035153797865662,0.8672086720867209
0.8037246285833857,0.8672386543237751
0.8037246285833857,0.8670428893905192
0.803933877380205,0.8670728955089144
0.803933877380205,0.8668772563176895
0.803933877380205,0.8666817053913828
0.803933877380205,0.8664862426702752
0.8041431261770244,0.8665163472378805
0.8041431261770244,0.8663210099188458
0.8043523749738439,0.866351138156412
0.8043523749738439,0.8661559260928346
0.8043523749738439,0.8659608019824285
0.8043523749738439,0.8657657657657658
0.8043523749738439,0.8655708173834722
0.8043523749738439,0.8653759567762269
0.8043523749738439,0.8651811838847625
0.8045616237706633,0.8652115211521152
0.8047708725674827,0.8652418447694038
0.8047708725674827,0.865047233468286
0.8047708725674827,0.8648527096919272
0.8049801213643022,0.8648830935251799
0.8051893701611216,0.8649134636997078
0.8051893701611216,0.8647191011235955
0.8051893701611216,0.8645248258818243
0.805398618957941,0.8645552560646901
0.805398618957941,0.8643611048731192
0.8056078677547605,0.8643915581499776
0.8058171165515798,0.8644219977553311
0.8058171165515798,0.8642280071813285
0.8058171165515798,0.8640341036571685
0.8058171165515798,0.863840287124271
0.8058171165515798,0.8636465575241086
0.8058171165515798,0.8634529147982063
0.8060263653483992,0.863483523873571
0.8060263653483992,0.863290004482295
0.8060263653483992,0.8630965718126821
0.8060263653483992,0.8629032258064516
0.8060263653483992,0.8627099664053751
0.8062356141452187,0.8627407075682938
0.8062356141452187,0.8625475710767854
0.8062356141452187,0.862354521038496
0.8062356141452187,0.8621615573953905
0.8064448629420381,0.8621923937360179
0.8066541117388575,0.8622232162827108
0.8066541117388575,0.8620304114490162
0.8066541117388575,0.8618376928236083
0.8068633605356769,0.861868573983013
0.8070726093324964,0.8618994413407821
0.8070726093324964,0.8617068811438785
0.8070726093324964,0.8615144069689524
0.8072818581293157,0.8615453327378294
0.8072818581293157,0.8613529805760214
0.8072818581293157,0.8611607142857143
0.8072818581293157,0.8609685338094175
0.8072818581293157,0.8607764390896921
0.8074911069261351,0.8608074949810395
0.8074911069261351,0.8606155218554862
0.8074911069261351,0.8604236343366778
0.8074911069261351,0.8602318323673651
0.8077003557229546,0.8602629819478493
0.8077003557229546,0.8600713012477719
0.8077003557229546,0.8598797059478726
0.8077003557229546,0.8596881959910914
0.8077003557229546,0.8594967713204186
0.807909604519774,0.8595280498664292
0.807909604519774,0.8593367460494102
0.8081188533165934,0.8593680462839342
0.8081188533165934,0.8591768631813126
0.8081188533165934,0.8589857651245552
0.8083281021134129,0.8590171225261285
0.8085373509102323,0.8590484659848822
0.8085373509102323,0.8588575238941987
0.8085373509102323,0.8586666666666667
0.8087465997070516,0.8586980670962009
0.8087465997070516,0.8585073300755219
0.8087465997070516,0.8583166777703753
0.8087465997070516,0.8581261101243339
0.8087465997070516,0.8579356270810211
0.8089558485038711,0.8579671549045716
0.8089558485038711,0.8577767916574218
0.8089558485038711,0.857586512866016
0.8091650973006905,0.8576180971390552
0.8093743460975099,0.857649667405765
0.8093743460975099,0.8574595433385058
0.8095835948943294,0.8574911347517731
0.8097928436911488,0.8575227121648571
0.8100020924879682,0.8575542755870624
0.8102113412847877,0.8575858250276855
0.8102113412847877,0.8573959255978743
0.8102113412847877,0.857206110250166
0.8102113412847877,0.8570163789287295
0.8102113412847877,0.8568267315777827
0.8102113412847877,0.856637168141593
0.8102113412847877,0.8564476885644768
0.8102113412847877,0.8562582927908006
0.810420590081607,0.8562900729604245
0.810420590081607,0.8561007957559682
0.8106298388784264,0.8561325966850829
0.8106298388784264,0.8559434379142731
0.8108390876752458,0.8559752595537884
0.8110483364720653,0.8560070671378092
0.8110483364720653,0.8558180613822036
0.8110483364720653,0.8556291390728477
0.8110483364720653,0.8554403001544912
0.8110483364720653,0.855251544571933
0.8110483364720653,0.8550628722700199
0.8110483364720653,0.854874283193648
0.8110483364720653,0.8546857772877618
0.8110483364720653,0.8544973544973545
0.8110483364720653,0.8543090147674675
0.8110483364720653,0.8541207580431909
0.8110483364720653,0.8539325842696629
0.8110483364720653,0.8537444933920705
0.8110483364720653,0.8535564853556485
0.8110483364720653,0.8533685601056803
0.8110483364720653,0.8531807175874973
0.8110483364720653,0.8529929577464789
0.8110483364720653,0.8528052805280528
0.8110483364720653,0.8526176858776947
0.8112575852688847,0.8526500989663515
0.8112575852688847,0.8524626209322779
0.8114668340657041,0.8524950538579907
0.8114668340657041,0.8523076923076923
0.8114668340657041,0.8521204130960228
0.8114668340657041,0.8519332161687171
0.8116760828625236,0.8519657368767846
0.8116760828625236,0.8517786561264822
0.811885331659343,0.8518111964873765
0.811885331659343,0.8516242317822651
0.811885331659343,0.8514373491332017
0.8120945804561623,0.8514699429574375
0.8120945804561623,0.8512831761351174
0.8120945804561623,0.8510964912280702
0.8120945804561623,0.8509098881824161
0.8120945804561623,0.8507233669443227
0.8120945804561623,0.8505369274600044
0.8123038292529818,0.85056967572305
0.8125130780498012,0.8506024096385543
0.8125130780498012,0.8504161191414805
0.8125130780498012,0.850229910225531
0.8125130780498012,0.8500437828371279
0.8125130780498012,0.8498577369227402
0.8125130780498012,0.849671772428884
0.8125130780498012,0.8494858893021221
0.8125130780498012,0.8493000874890638
0.8127223268466206,0.8493330417668926
0.8127223268466206,0.8491473546130301
0.8127223268466206,0.8489617486338797
0.8127223268466206,0.8487762237762237
0.8129315756434401,0.8488092637098537
0.8129315756434401,0.8486238532110092
0.8129315756434401,0.84843852369513
0.8129315756434401,0.8482532751091703
0.8129315756434401,0.8480681074001309
0.8129315756434401,0.8478830205150589
0.8129315756434401,0.8476980144010473
0.8131408244402595,0.8477312390924956
0.8131408244402595,0.847546346782988
0.8133500732370789,0.8475795900566943
0.8135593220338984,0.8476128188358404
0.8137685708307177,0.847646033129904
0.8137685708307177,0.8474613205491393
0.8139778196275371,0.8474945533769063
0.8139778196275371,0.8473099542583316
0.8141870684243565,0.8473432055749129
0.8141870684243565,0.8471587197909863
0.814396317221176,0.847191989551589
0.814396317221176,0.8470076169749728
0.814396317221176,0.8468233246301131
0.814396317221176,0.8466391124646508
0.8146055660179954,0.8466724662896912
0.8146055660179954,0.8464883670363123
0.8146055660179954,0.846304347826087
0.8146055660179954,0.8461204086068246
0.8146055660179954,0.8459365493263798
0.8146055660179954,0.8457527699326526
0.8146055660179954,0.8455690703735882
0.8148148148148148,0.8456026058631921
0.8148148148148148,0.8454190186712983
0.8148148148148148,0.8452355111786412
0.8148148148148148,0.8450520833333334
0.8150240636116343,0.8450857018876112
0.8152333124084536,0.8451193058568329
0.8152333124084536,0.8449360225547603
0.8152333124084536,0.8447528187337381
0.815442561205273,0.8447864730110557
0.815442561205273,0.8446033810143043
0.815442561205273,0.8444203683640303
0.815442561205273,0.8442374350086655
0.8156518100020925,0.8442711717565519
0.8158610587989119,0.8443048938934604
0.8158610587989119,0.8441221043515913
0.8158610587989119,0.843939393939394
0.8160703075957313,0.8439731659813893
0.8160703075957313,0.8437905668541756
0.8162795563925508,0.8438243564784772
0.8164888051893702,0.8438581314878892
0.8164888051893702,0.8436756756756757
0.8166980539861896,0.8437094682230869
0.8166980539861896,0.8435271234060947
0.8166980539861896,0.8433448573898013
0.8166980539861896,0.8431626701231367
0.8166980539861896,0.8429805615550756
0.8166980539861896,0.8427985316346361
0.816907302783009,0.842832469775475
0.816907302783009,0.8426505503993093
0.816907302783009,0.842468709538196
0.8171165515798284,0.8425026968716289
0.8173258003766478,0.8425366695427092
0.8175350491734672,0.842570627560923
0.8175350491734672,0.8423889607589479
0.8177442979702867,0.8424229359775813
0.8179535467671061,0.8424568965517242
0.8179535467671061,0.8422753716871364
0.8179535467671061,0.8420939250323136
0.8179535467671061,0.8419125565367219
0.8179535467671061,0.8417312661498708
0.8179535467671061,0.8415500538213132
0.8179535467671061,0.8413689195006457
0.8179535467671061,0.841187863137508
0.8181627955639255,0.8412220309810671
0.818372044360745,0.8412561841256184
0.818372044360745,0.8410752688172043
0.818372044360745,0.8408944313050957
0.818372044360745,0.8407136715391229
0.818372044360745,0.8405329894691597
0.8185812931575643,0.8405672539750753
0.8185812931575643,0.8403866809881847
0.8185812931575643,0.8402061855670103
0.8185812931575643,0.8400257676615848
0.8185812931575643,0.8398454272219836
0.8185812931575643,0.8396651641983258
0.8185812931575643,0.8394849785407725
0.8185812931575643,0.839304870199528
0.8185812931575643,0.8391248391248392
0.8185812931575643,0.8389448852669955
0.8187905419543837,0.8389794168096055
0.8189997907512032,0.8390139335476956
0.8189997907512032,0.8388341191598799
0.8189997907512032,0.8386543818298693
0.8189997907512032,0.8384747215081405
0.8192090395480226,0.8385093167701864
0.819418288344842,0.8385438972162741
0.819418288344842,0.8383643759366303
0.819418288344842,0.8381849315068494
0.819418288344842,0.8380055638775947
0.819418288344842,0.8378262729995721
0.819418288344842,0.8376470588235294
0.819418288344842,0.8374679213002566
0.8196275371416615,0.8375026726534103
0.8196275371416615,0.8373236425823001
0.8196275371416615,0.8371446890361188
0.8196275371416615,0.836965811965812
0.8196275371416615,0.836787011322367
0.8196275371416615,0.8366082870568133
0.8196275371416615,0.8364296391202221
0.8196275371416615,0.8362510674637063
0.8196275371416615,0.8360725720384204
0.8196275371416615,0.8358941527955612
0.8196275371416615,0.8357158096863665
0.8196275371416615,0.835537542662116
0.8198367859384809,0.835572616762636
0.8200460347353002,0.8356076759061833
0.8200460347353002,0.8354295459390322
0.8200460347353002,0.8352514919011083
0.8202552835321197,0.8352865970594503
0.8202552835321197,0.8351086493395824
0.8202552835321197,0.8349307774227902
0.8202552835321197,0.8347529812606473
0.8202552835321197,0.834575260804769
0.8202552835321197,0.8343976160068114
0.8202552835321197,0.8342200468184721
0.8202552835321197,0.8340425531914893
0.8202552835321197,0.833865135077643
0.8202552835321197,0.8336877924287537
0.8204645323289391,0.8337231554327025
0.8204645323289391,0.8335459183673469
0.8204645323289391,0.8333687566418704
0.8206737811257585,0.8334041648958777
0.820883029922578,0.8334395581049501
0.820883029922578,0.8332625318606627
0.820883029922578,0.8330855808027182
0.820883029922578,0.8329087048832272
0.820883029922578,0.8327319040543409
0.820883029922578,0.8325551782682513
0.820883029922578,0.8323785274771908
0.8210922787193974,0.8324140857021638
0.8210922787193974,0.832237539766702
0.8210922787193974,0.8320610687022901
0.8213015275162168,0.8320966716133136
0.8213015275162168,0.8319203052140738
0.8213015275162168,0.8317440135621954
0.8215107763130362,0.8317796610169491
0.8215107763130362,0.8316034738402881
0.8215107763130362,0.83142736128759
0.8217200251098556,0.831463053144188
0.8217200251098556,0.8312870448772227
0.8217200251098556,0.8311111111111111
0.8217200251098556,0.8309352517985612
0.8217200251098556,0.8307594668923207
0.8217200251098556,0.8305837563451777
0.8217200251098556,0.8304081201099598
0.8217200251098556,0.8302325581395349
0.8217200251098556,0.8300570703868104
0.821929273906675,0.8300929839391378
0.821929273906675,0.829917599830974
0.821929273906675,0.8297422898183354
0.8221385227034944,0.8297782470960929
0.8221385227034944,0.8296030405405406
0.8221385227034944,0.8294279079586236
0.8221385227034944,0.8292528493035036
0.8221385227034944,0.8290778645283815
0.8221385227034944,0.8289029535864979
0.8223477715003139,0.8289390423961189
0.8223477715003139,0.8287642345002109
0.8223477715003139,0.8285895003162556
0.8223477715003139,0.8284148397976391
0.8225570202971333,0.8284510010537408
0.8225570202971333,0.8282764433206911
0.8227662690939527,0.8283126184958921
0.8227662690939527,0.8281381634372368
0.8229755178907722,0.8281743524952622
0.8229755178907722,0.828
0.8229755178907722,0.8278257209008629
0.8229755178907722,0.8276515151515151
0.8231847666875916,0.8276877761413843
0.8231847666875916,0.8275136726966765
0.8233940154844109,0.8275499474237644
0.8236032642812304,0.8275862068965517
0.8238125130780498,0.8276224511246584
0.8238125130780498,0.8274485077763766
0.8238125130780498,0.8272746375288926
0.8238125130780498,0.8271008403361344
0.8240217618748692,0.8271371560596513
0.8240217618748692,0.8269634607307854
0.8242310106716887,0.8269997900482889
0.8244402594685081,0.8270361041141897
0.8246495082653275,0.8270724029380903
0.8248587570621468,0.8271086865295846
0.8250680058589663,0.8271449548982589
0.8252772546557857,0.8271812080536913
0.8254865034526051,0.8272174460054519
0.8256957522494246,0.8272536687631027
0.8256957522494246,0.8270802766715574
0.8256957522494246,0.8269069572506287
0.8256957522494246,0.8267337104546407
0.825905001046244,0.826770004189359
0.825905001046244,0.8265968586387434
0.825905001046244,0.8264237855946399
0.825905001046244,0.8262507850115135
0.825905001046244,0.8260778568438677
0.825905001046244,0.825905001046244
0.825905001046244,0.8257322175732218
0.8261142498430634,0.8257686676427526
0.8261142498430634,0.8255959849435383
0.8261142498430634,0.8254233744511813
0.8263234986398829,0.8254598662207357
0.8265327474367022,0.8254963427377221
0.8265327474367022,0.8253238612620142
0.8265327474367022,0.825151451848757
0.8265327474367022,0.8249791144527987
0.8265327474367022,0.8248068490290249
0.8265327474367022,0.824634655532359
0.8265327474367022,0.8244625339177625
0.8265327474367022,0.8242904841402338
0.8265327474367022,0.8241185061548091
0.8265327474367022,0.8239465999165624
0.8265327474367022,0.8237747653806048
0.8265327474367022,0.8236030025020851
0.8265327474367022,0.8234313112361893
0.8265327474367022,0.8232596915381409
0.8265327474367022,0.8230881433632007
0.8265327474367022,0.8229166666666666
0.8265327474367022,0.8227452614038742
0.8265327474367022,0.8225739275301958
0.8265327474367022,0.822402665001041
0.8265327474367022,0.8222314737718568
0.8265327474367022,0.8220603537981269
0.8265327474367022,0.8218893050353725
0.8265327474367022,0.8217183274391512
0.8267419962335216,0.8217554076539102
0.8269512450303411,0.8217924724474943
0.8269512450303411,0.8216216216216217
0.8269512450303411,0.8214508418208273
0.8269512450303411,0.8212801330008312
0.8269512450303411,0.8211094951173904
0.8271604938271605,0.8211466555878687
0.8271604938271605,0.8209761163032191
0.8273697426239799,0.8210132890365448
0.8273697426239799,0.8208428482457961
0.8275789914207994,0.8208800332088003
0.8275789914207994,0.8207096908072214
0.8277882402176188,0.820746887966805
0.8277882402176188,0.8205766438498237
0.8277882402176188,0.8204064703442555
0.8277882402176188,0.8202363674061788
0.8277882402176188,0.8200663349917081
0.8277882402176188,0.8198963730569948
0.8277882402176188,0.8197264815582262
0.8277882402176188,0.8195566604516262
0.8279974890144381,0.8195940347970174
0.8279974890144381,0.8194243114516463
0.8279974890144381,0.8192546583850931
0.8282067378112575,0.8192920720347754
0.8282067378112575,0.8191225165562914
0.8282067378112575,0.818953031243534
0.8282067378112575,0.8187836160529582
0.828415986608077,0.8188210961737332
0.828415986608077,0.8186517783291977
0.8286252354048964,0.8186892702088071
0.8286252354048964,0.8185200496072758
0.8286252354048964,0.8183508989460633
0.8288344842017158,0.8183884297520662
0.8288344842017158,0.8182193761619501
0.8290437329985353,0.8182569186286658
0.8290437329985353,0.8180879620070205
0.8292529817953547,0.8181255161023947
0.8292529817953547,0.8179566563467492
0.829462230592174,0.8179942220387949
0.829462230592174,0.8178254590468331
0.8296714793889935,0.8178630363036303
0.8298807281858129,0.817900598061456
0.8298807281858129,0.8177319587628866
0.8300899769826323,0.8177695320552464
0.8300899769826323,0.81760098928277
0.8300899769826323,0.8174325159695034
0.8300899769826323,0.8172641120725175
0.8300899769826323,0.8170957775489186
0.8300899769826323,0.8169275123558485
0.8300899769826323,0.8167593164504838
0.8300899769826323,0.8165911897900371
0.8300899769826323,0.8164231323317555
0.8300899769826323,0.8162551440329218
0.8302992257794518,0.8162929438387163
0.8305084745762712,0.8163307280954339
0.8307177233730906,0.8163684968126671
0.8307177233730906,0.8162006578947368
0.8307177233730906,0.816032887975334
0.8307177233730906,0.8158651870119195
0.8307177233730906,0.8156975549619889
0.8307177233730906,0.8155299917830732
0.8307177233730906,0.8153624974327377
0.8307177233730906,0.8151950718685832
0.8309269721699101,0.8152330117019092
0.8309269721699101,0.8150656814449918
0.8309269721699101,0.8148984198645598
0.8309269721699101,0.8147312269183422
0.8309269721699101,0.8145641025641026
0.8311362209667295,0.8146021328958163
0.8311362209667295,0.8144351035472627
0.8311362209667295,0.8142681426814268
0.8311362209667295,0.8141012502562001
0.8311362209667295,0.8139344262295082
0.8311362209667295,0.8137676705593117
0.8311362209667295,0.8136009832036051
0.8313454697635488,0.8136391562563997
0.8313454697635488,0.8134725634725635
0.8313454697635488,0.8133060388945752
0.8313454697635488,0.8131395824805567
0.8313454697635488,0.8129731941886638
0.8313454697635488,0.8128068739770867
0.8315547185603683,0.8128451626099407
0.8315547185603683,0.812678936605317
0.8315547185603683,0.812512778572889
0.8315547185603683,0.812346688470973
0.8315547185603683,0.8121806662579195
0.8315547185603683,0.8120147118921128
0.8315547185603683,0.8118488253319714
0.8317639673571877,0.8118872549019608
0.8317639673571877,0.8117214621196651
0.8317639673571877,0.8115557370355247
0.8317639673571877,0.8113900796080833
0.8317639673571877,0.8112244897959183
0.8317639673571877,0.8110589675576413
0.8317639673571877,0.8108935128518971
0.8317639673571877,0.8107281256373648
0.8317639673571877,0.810562805872757
0.8319732161540071,0.8106014271151886
0.8319732161540071,0.8104362005707297
0.8319732161540071,0.8102710413694721
0.8319732161540071,0.8101059494702526
0.8319732161540071,0.8099409248319414
0.8319732161540071,0.8097759674134419
0.8319732161540071,0.8096110771736917
0.8319732161540071,0.8094462540716613
0.8321824649508265,0.8094850396906167
0.832391713747646,0.8095238095238095
0.832391713747646,0.8093591047812818
0.832391713747646,0.8091944670463792
0.8326009625444654,0.8092332723205207
0.8326009625444654,0.8090687271248475
0.8326009625444654,0.8089042488310633
0.8326009625444654,0.808739837398374
0.8328102113412847,0.8087787035155456
0.8328102113412847,0.8086143843965867
0.8328102113412847,0.8084501320333131
0.8328102113412847,0.8082859463850528
0.8330194601381042,0.8083248730964467
0.8330194601381042,0.8081607795371498
0.8330194601381042,0.8079967525877816
0.8332287089349236,0.8080357142857143
0.8332287089349236,0.8078717792655711
0.8332287089349236,0.8077079107505071
0.8332287089349236,0.8075441087000609
0.8332287089349236,0.8073803730738037
0.8332287089349236,0.8072167038313399
0.8332287089349236,0.8070531009323064
0.8332287089349236,0.8068895643363728
0.833437957731743,0.8069286871961102
0.833437957731743,0.8067652420498278
0.833437957731743,0.8066018631024706
0.833437957731743,0.8064385503138287
0.833437957731743,0.8062753036437247
0.833437957731743,0.8061121230520137
0.833437957731743,0.8059490084985835
0.833437957731743,0.8057859599433542
0.833437957731743,0.8056229773462783
0.833437957731743,0.8054600606673408
0.833437957731743,0.8052972098665588
0.833437957731743,0.8051344249039822
0.833437957731743,0.8049717057396928
0.833437957731743,0.8048090523338048
0.833437957731743,0.8046464646464646
0.833437957731743,0.804483942637851
0.833437957731743,0.8043214862681745
0.833437957731743,0.8041590954976782
0.833437957731743,0.8039967702866371
0.833437957731743,0.8038345105953583
0.833437957731743,0.8036723163841808
0.833437957731743,0.8035101876134759
0.833437957731743,0.8033481242436467
0.833437957731743,0.8031861262351281
0.8336472065285625,0.8032258064516129
0.8336472065285625,0.8030638984075791
0.8336472065285625,0.8029020556227328
0.8336472065285625,0.8027402780576265
0.8336472065285625,0.8025785656728445
0.8336472065285625,0.802416918429003
0.8336472065285625,0.8022553362867499
0.8336472065285625,0.8020938192067647
0.8336472065285625,0.8019323671497585
0.8336472065285625,0.8017709800764742
0.8336472065285625,0.8016096579476861
0.8336472065285625,0.8014484007242003
0.8336472065285625,0.8012872083668544
0.8336472065285625,0.8011260808365172
0.8336472065285625,0.8009650180940893
0.8338564553253819,0.8010050251256281
0.8338564553253819,0.8008440514469454
0.8338564553253819,0.8006831424552944
0.8338564553253819,0.8005222981116914
0.8338564553253819,0.8003615183771842
0.8338564553253819,0.8002008032128514
0.8338564553253819,0.8000401525798032
0.8338564553253819,0.799879566439181
0.8338564553253819,0.7997190447521574
0.8340657041222013,0.7997592295345104
0.8340657041222013,0.7995987963891675
0.8342749529190208,0.7996389891696751
0.8342749529190208,0.7994786444756367
0.8342749529190208,0.7993183640737771
0.8342749529190208,0.7991581479254359
0.8342749529190208,0.798997995991984
0.8344842017158401,0.7990382688839912
0.8344842017158401,0.7988782051282052
0.8344842017158401,0.7987182054876828
0.8344842017158401,0.7985582699239087
0.8344842017158401,0.7983983983983984
0.8344842017158401,0.7982385908726981
0.8344842017158401,0.7980788473083851
0.8344842017158401,0.7979191676670668
0.8344842017158401,0.7977595519103821
0.8344842017158401,0.7976
0.8344842017158401,0.7974405118976204
0.8344842017158401,0.797281087564974
0.8344842017158401,0.7971217269638217
0.8344842017158401,0.7969624300559552
0.8344842017158401,0.7968031968031968
0.8346934505126595,0.7968437874550539
0.8346934505126595,0.7966846415018973
0.8346934505126595,0.7965255591054313
0.8346934505126595,0.7963665402275903
0.8346934505126595,0.7962075848303394
0.834902699309479,0.7962482538415486
0.834902699309479,0.7960893854748603
0.834902699309479,0.7959305804907241
0.834902699309479,0.7957718388512166
0.8351119481062984,0.7958125623130609
0.8351119481062984,0.7956539074960127
0.8351119481062984,0.7954953159258521
0.8353211969031178,0.7955360701474691
0.8355304456999372,0.7955768081291094
0.8357396944967567,0.7956175298804781
0.8357396944967567,0.7954590718980283
0.8357396944967567,0.7953006770211072
0.8357396944967567,0.7951423452120246
0.835948943293576,0.7951831210191083
0.8361581920903954,0.7952238805970149
0.8363674408872149,0.7952646239554317
0.8363674408872149,0.7951064253033618
0.8363674408872149,0.7949482895783612
0.8365766896840343,0.7949890634320939
0.8367859384808537,0.7950298210735587
0.8367859384808537,0.7948717948717948
0.8367859384808537,0.7947138314785374
0.8367859384808537,0.7945559308563481
0.8367859384808537,0.7943980929678188
0.8367859384808537,0.794240317775571
0.8367859384808537,0.7940826052422557
0.8369951872776732,0.7941234862021044
0.8369951872776732,0.7939658594680429
0.8369951872776732,0.7938082952966858
0.8369951872776732,0.7936507936507936
0.8369951872776732,0.7934933544931562
0.8369951872776732,0.7933359777865926
0.8369951872776732,0.793178663493952
0.8369951872776732,0.7930214115781126
0.8369951872776732,0.7928642220019821
0.8372044360744926,0.7929052715021799
0.8372044360744926,0.7927481672280563
0.8372044360744926,0.7925911251980983
0.8372044360744926,0.7924341453753219
0.8372044360744926,0.7922772277227723
0.8372044360744926,0.792120372203524
0.8372044360744926,0.7919635787806809
0.8372044360744926,0.7918068474173758
0.8372044360744926,0.7916501780767708
0.8372044360744926,0.7914935707220574
0.8372044360744926,0.7913370253164557
0.8372044360744926,0.7911805418232154
0.837413684871312,0.7912218268090154
0.837413684871312,0.7910654279501877
0.8376229336681315,0.7911067193675889
0.8378321824649508,0.7911479944674965
0.8378321824649508,0.7909917028842355
0.8378321824649508,0.7908354730396998
0.8378321824649508,0.7906793048973144
0.8378321824649508,0.7905231984205331
0.8378321824649508,0.7903671535728385
0.8378321824649508,0.7902111703177422
0.8380414312617702,0.7902525651144435
0.8380414312617702,0.7900966660090748
0.8380414312617702,0.7899408284023669
0.8380414312617702,0.7897850522579373
0.8382506800585897,0.7898264984227129
0.8384599288554091,0.7898679282475852
0.8384599288554091,0.7897122585731179
0.8384599288554091,0.7895566502463054
0.8384599288554091,0.7894011032308904
0.8384599288554091,0.789245617490644
0.8386691776522285,0.7892871209137455
0.8386691776522285,0.7891317188422918
0.8388784264490479,0.7891732283464566
0.8388784264490479,0.7890179098602638
0.8388784264490479,0.7888626524990161
0.8390876752458674,0.7889041904387173
0.8390876752458674,0.7887490165224232
0.8392969240426867,0.7887905604719764
0.8392969240426867,0.7886354699174204
0.8392969240426867,0.7884804403381168
0.8392969240426867,0.7883254716981132
0.8392969240426867,0.7881705639614855
0.8392969240426867,0.7880157170923379
0.8392969240426867,0.7878609310548026
0.8392969240426867,0.7877062058130401
0.8392969240426867,0.787551541331239
0.8395061728395061,0.7875932469572046
0.8395061728395061,0.7874386653581943
0.8395061728395061,0.7872841444270016
0.8395061728395061,0.7871296841279184
0.8395061728395061,0.7869752844252648
0.8395061728395061,0.7868209452833889
0.8395061728395061,0.7866666666666666
0.8395061728395061,0.7865124485395021
0.8395061728395061,0.7863582908663269
0.8397154216363256,0.7864001567705271
0.8397154216363256,0.7862460815047022
0.8397154216363256,0.7860920666013712
0.839924670433145,0.7861339600470035
0.839924670433145,0.7859800274133543
0.8401339192299644,0.7860219263899765
0.8401339192299644,0.7858680759444118
0.8401339192299644,0.7857142857142857
0.8403431680267839,0.7857562120915672
0.8405524168236033,0.7857981220657277
0.8405524168236033,0.7856444357520047
0.8407616656204226,0.7856863511928041
0.8407616656204226,0.7855327468230694
0.8407616656204226,0.7853792025019547
0.8407616656204226,0.7852257181942545
0.8409709144172421,0.7852676826885502
0.8409709144172421,0.7851142801328385
0.8409709144172421,0.7849609375
0.8409709144172421,0.7848076547549306
0.8409709144172421,0.7846544318625537
0.8409709144172421,0.7845012687878197
0.8409709144172421,0.7843481654957065
0.8411801632140615,0.784390243902439
0.8411801632140615,0.7842372220054623
0.8411801632140615,0.7840842598010532
0.8411801632140615,0.7839313572542902
0.8411801632140615,0.7837785143302788
0.8413894120108809,0.7838206627680312
0.8413894120108809,0.7836679009939583
0.8413894120108809,0.7835151987529229
0.8415986608077004,0.7835573738554451
0.8415986608077004,0.7834047526295286
0.8418079096045198,0.7834469328140214
0.8418079096045198,0.7832943925233645
0.8420171584013392,0.7833365777691259
0.8420171584013392,0.783184118333982
0.8420171584013392,0.7830317182331192
0.8422264071981586,0.7830739299610895
0.8422264071981586,0.7829216105815989
0.8422264071981586,0.7827693504472968
0.8422264071981586,0.7826171495236244
0.8422264071981586,0.7824650077760498
0.842435655994978,0.7825072886297376
0.842435655994978,0.7823552273610571
0.842435655994978,0.7822032251797163
0.842435655994978,0.782051282051282
0.842435655994978,0.7818993979413479
0.842435655994978,0.781747572815534
0.842435655994978,0.7815958066394875
0.8426449047917974,0.781638198757764
0.8426449047917974,0.7814865127110421
0.8428541535886168,0.7815289095847885
0.8428541535886168,0.7813773035887488
0.8428541535886168,0.7812257564003103
0.8430634023854363,0.7812681791739383
0.8430634023854363,0.7811167119038387
0.8430634023854363,0.780965303353363
0.8432726511822557,0.7810077519379846
0.8432726511822557,0.7808564231738035
0.8432726511822557,0.7807051530414568
0.8432726511822557,0.7805539415068758
0.8432726511822557,0.7804027885360186
0.8434818999790751,0.7804453049370764
0.8436911487758946,0.7804878048780488
0.8436911487758946,0.7803367524675827
0.843900397572714,0.7803792569659442
0.843900397572714,0.7802282840007738
0.843900397572714,0.7800773694390716
0.843900397572714,0.7799265132469542
0.8441096463695333,0.779969064191802
0.8443188951663528,0.7800115986854823
0.8443188951663528,0.7798608426749131
0.8443188951663528,0.7797101449275362
0.8443188951663528,0.7795595054095827
0.8443188951663528,0.7794089240873092
0.8445281439631722,0.7794515256855928
0.8445281439631722,0.7793010233635838
0.8445281439631722,0.7791505791505792
0.8447373927599916,0.7791932059447984
0.8447373927599916,0.7790428406020842
0.8447373927599916,0.7788925332818831
0.8447373927599916,0.7787422839506173
0.8447373927599916,0.7785920925747348
0.8447373927599916,0.7784419591207096
0.8449466415568111,0.7784846732215154
0.8449466415568111,0.7783346183500386
0.8449466415568111,0.7781846213143188
0.8451558903536305,0.7782273603082852
0.8451558903536305,0.7780774417260643
0.8451558903536305,0.7779275808936826
0.8451558903536305,0.7777777777777778
0.8453651391504499,0.777820562187139
0.8453651391504499,0.7776708373435997
0.8455743879472694,0.7777136258660509
0.8455743879472694,0.7775639792187801
0.8455743879472694,0.7774143901500578
0.8455743879472694,0.777264858626659
0.8455743879472694,0.7771153846153847
0.8455743879472694,0.776965968083061
0.8455743879472694,0.7768166089965398
0.8457836367440887,0.7768595041322314
0.8457836367440887,0.7767102229054573
0.8459928855409081,0.7767531219980788
0.8459928855409081,0.7766039185555129
0.8459928855409081,0.77645477242174
0.8459928855409081,0.7763056835637481
0.8459928855409081,0.7761566519485505
0.8459928855409081,0.7760076775431862
0.8462021343377275,0.7760506620610248
0.8462021343377275,0.7759017651573292
0.8462021343377275,0.7757529253788605
0.8462021343377275,0.7756041426927502
0.846411383134547,0.775647171620326
0.846411383134547,0.7754984662576687
0.846411383134547,0.7753498179030094
0.8466206319313664,0.7753928708317362
0.8466206319313664,0.7752442996742671
0.8468298807281858,0.7752873563218391
0.8468298807281858,0.7751388622869182
0.8470391295250053,0.7751819226350057
0.8470391295250053,0.7750335056480949
0.8470391295250053,0.774885145482389
0.8470391295250053,0.7747368421052632
0.8470391295250053,0.7745885954841178
0.8470391295250053,0.7744404055863784
0.8470391295250053,0.774292272379495
0.8470391295250053,0.7741441958309428
0.8470391295250053,0.7739961759082218
0.8472483783218246,0.7740393806155611
0.8472483783218246,0.7738914373088684
0.8472483783218246,0.7737435505446206
0.8472483783218246,0.7735957202904089
0.8472483783218246,0.7734479465138491
0.8472483783218246,0.7733002291825821
0.8472483783218246,0.7731525682642735
0.847457627118644,0.7731958762886598
0.847457627118644,0.7730482916587135
0.847457627118644,0.7729007633587787
0.847457627118644,0.7727532913566113
0.8476668759154635,0.7727966425028615
0.8476668759154635,0.7726492466145337
0.8476668759154635,0.7725019069412662
0.8476668759154635,0.7723546234509057
0.8478761247122829,0.7723980175371712
0.8478761247122829,0.7722508099866591
0.8478761247122829,0.7721036585365854
0.8478761247122829,0.7719565631548867
0.8478761247122829,0.7718095238095238
0.8480853735091023,0.7718529803846886
0.8480853735091023,0.7717060167555218
0.8480853735091023,0.7715591090805254
0.8482946223059218,0.771602588503997
0.8482946223059218,0.7714557564224548
0.8482946223059218,0.7713089802130898
0.8482946223059218,0.7711622598440175
0.8482946223059218,0.7710155952833777
0.8485038711027412,0.7710591367180072
0.8485038711027412,0.7709125475285171
0.8485038711027412,0.770766014065767
0.8485038711027412,0.7706195362979855
0.8487131198995606,0.7706631198935968
0.8487131198995606,0.770516717325228
0.8487131198995606,0.7703703703703704
0.8487131198995606,0.7702240789973415
0.8487131198995606,0.7700778431744826
0.84892236869638,0.7701214882308276
0.84892236869638,0.7699753273866009
0.84892236869638,0.7698292220113852
0.84892236869638,0.7696831720736104
0.84892236869638,0.7695371775417299
0.84892236869638,0.7693912383842215
0.84892236869638,0.7692453545695866
0.84892236869638,0.7690995260663507
0.84892236869638,0.7689537528430629
0.84892236869638,0.7688080348682964
0.84892236869638,0.7686623721106479
0.84892236869638,0.7685167645387384
0.84892236869638,0.7683712121212121
0.84892236869638,0.7682257148267374
0.84892236869638,0.768080272624006
0.84892236869638,0.7679348854817338
0.84892236869638,0.7677895533686601
0.84892236869638,0.7676442762535478
0.84892236869638,0.7674990541051835
0.84892236869638,0.7673538868923775
0.84892236869638,0.7672087745839636
0.84892236869638,0.7670637171487994
0.84892236869638,0.7669187145557655
0.84892236869638,0.7667737667737667
0.84892236869638,0.766628873771731
0.84892236869638,0.7664840355186094
0.84892236869638,0.7663392519833774
0.84892236869638,0.766194523135033
0.84892236869638,0.7660498489425982
0.84892236869638,0.765905229375118
0.84892236869638,0.765760664401661
0.8491316174931994,0.765804868843178
0.8491316174931994,0.7656603773584906
0.8491316174931994,0.7655159403886059
0.8491316174931994,0.7653715579026782
0.8491316174931994,0.765227229869885
0.8491316174931994,0.7650829562594268
0.8491316174931994,0.7649387370405278
0.8491316174931994,0.764794572182435
0.8491316174931994,0.7646504616544187
0.8493408662900188,0.7646948003014318
0.8493408662900188,0.7645507628555284
0.8493408662900188,0.764406779661017
0.8493408662900188,0.7642628506872529
0.8493408662900188,0.7641189759036144
0.8493408662900188,0.7639751552795031
0.8495501150868382,0.7640195709446744
0.8495501150868382,0.7638758231420508
0.8495501150868382,0.763732129420617
0.8495501150868382,0.7635884897498589
0.8495501150868382,0.7634449040992854
0.8495501150868382,0.7633013724384283
0.8497593638836577,0.7633458646616541
0.8497593638836577,0.7632024055628641
0.8497593638836577,0.7630590003757985
0.8497593638836577,0.7629156490700733
0.8497593638836577,0.7627723516153269
0.8497593638836577,0.7626291079812206
0.8497593638836577,0.7624859181374389
0.8499686126804771,0.7625305049746574
0.8499686126804771,0.7623873873873874
0.8499686126804771,0.7622443235128542
0.8499686126804771,0.7621013133208255
0.8499686126804771,0.7619583567810917
0.8499686126804771,0.7618154538634658
0.8499686126804771,0.7616726045377836
0.8499686126804771,0.7615298087739033
0.8499686126804771,0.7613870665417057
0.8501778614772965,0.761431784107946
0.8501778614772965,0.7612891137343076
0.8501778614772965,0.7611464968152867
0.850387110274116,0.7611912343135419
0.850387110274116,0.7610486891385768
0.8505963590709353,0.7610934281969669
0.8505963590709353,0.7609509546986147
0.8505963590709353,0.7608085345311623
0.8505963590709353,0.7606661676646707
0.8505963590709353,0.7605238540692236
0.8505963590709353,0.7603815937149271
0.8505963590709353,0.7602393865719095
0.8505963590709353,0.7600972326103216
0.8508056078677547,0.7601420826322677
0.8508056078677547,0.76
0.8508056078677547,0.7598579704728088
0.8508056078677547,0.7597159940209267
0.8508056078677547,0.7595740706146086
0.8508056078677547,0.7594322002241315
0.8508056078677547,0.7592903828197946
0.8508056078677547,0.7591486183719194
0.8508056078677547,0.7590069068508494
0.8508056078677547,0.7588652482269503
0.8508056078677547,0.7587236424706102
0.8508056078677547,0.7585820895522388
0.8508056078677547,0.7584405894422682
0.8508056078677547,0.7582991421111526
0.8508056078677547,0.7581577475293679
0.8508056078677547,0.7580164056674124
0.8508056078677547,0.7578751164958062
0.8508056078677547,0.7577338799850913
0.8508056078677547,0.7575926961058319
0.8508056078677547,0.757451564828614
0.8508056078677547,0.7573104861240455
0.8508056078677547,0.7571694599627561
0.8508056078677547,0.7570284863153975
0.8508056078677547,0.7568875651526433
0.8510148566645742,0.7569328122091942
0.8512241054613936,0.7569780424264979
0.8512241054613936,0.7568372093023256
0.851433354258213,0.7568824404761905
0.851433354258213,0.7567416775153432
0.851433354258213,0.7566009669021941
0.851433354258213,0.7564603086075479
0.851433354258213,0.7563197026022305
0.851433354258213,0.7561791488570898
0.851433354258213,0.7560386473429952
0.851433354258213,0.7558981980308378
0.8516426030550325,0.7559435364041605
0.8516426030550325,0.755803156917363
0.8516426030550325,0.7556628295581136
0.8516426030550325,0.7555225542973826
0.8516426030550325,0.7553823311061618
0.8516426030550325,0.7552421599554648
0.8516426030550325,0.7551020408163265
0.8518518518518519,0.755147468002226
0.8518518518518519,0.7550074183976261
0.8518518518518519,0.7548674207305767
0.8518518518518519,0.7547274749721913
0.8518518518518519,0.7545875810936052
0.8518518518518519,0.7544477390659748
0.8518518518518519,0.754307948860478
0.8518518518518519,0.7541682104483142
0.8518518518518519,0.7540285238007038
0.8518518518518519,0.7538888888888889
0.8520611006486712,0.7539344565821144
0.8520611006486712,0.7537948907811921
0.8520611006486712,0.753655376642606
0.8520611006486712,0.7535159141376758
0.8520611006486712,0.7533765032377429
0.8520611006486712,0.7532371439141694
0.8520611006486712,0.7530978361383391
0.8520611006486712,0.7529585798816568
0.8520611006486712,0.7528193751155482
0.8520611006486712,0.7526802218114602
0.8520611006486712,0.7525411199408613
0.8520611006486712,0.7524020694752402
0.8520611006486712,0.7522630703861075
0.8520611006486712,0.7521241226449945
0.8520611006486712,0.7519852262234533
0.8520611006486712,0.7518463810930576
0.8520611006486712,0.7517075872254015
0.8520611006486712,0.7515688445921004
0.8520611006486712,0.7514301531647906
0.8520611006486712,0.7512915129151292
0.8520611006486712,0.7511529238147944
0.8520611006486712,0.7510143858354851
0.8520611006486712,0.7508758989489213
0.8520611006486712,0.7507374631268436
0.8522703494454907,0.7507834101382489
0.8522703494454907,0.7506450423884998
0.8522703494454907,0.7505067256311038
0.8522703494454907,0.7503684598378777
0.8522703494454907,0.7502302449806594
0.8522703494454907,0.7500920810313075
0.8522703494454907,0.7499539679617013
0.8522703494454907,0.7498159057437408
0.8522703494454907,0.7496778943493466
0.8522703494454907,0.74953993375046
0.8522703494454907,0.7494020239190432
0.8522703494454907,0.7492641648270787
0.8522703494454907,0.7491263564465698
0.8522703494454907,0.7489885987495403
0.8522703494454907,0.7488508917080345
0.8522703494454907,0.7487132352941176
0.8522703494454907,0.748575629479875
0.8522703494454907,0.7484380742374127
0.8522703494454907,0.7483005695388573
0.8522703494454907,0.7481631153563556
0.8522703494454907,0.7480257116620753
0.8522703494454907,0.7478883584282042
0.8522703494454907,0.7477510556269507
0.8522703494454907,0.7476138032305433
0.8524795982423101,0.7476601211231418
0.8524795982423101,0.7475229357798165
0.8524795982423101,0.7473858007705009
0.8524795982423101,0.7472487160674982
0.8524795982423101,0.7471116816431322
0.8524795982423101,0.746974697469747
0.8526888470391295,0.7470210815765352
0.8526888470391295,0.7468841642228738
0.8526888470391295,0.746747297049661
0.8526888470391295,0.7466104800293147
0.8526888470391295,0.7464737131342737
0.8526888470391295,0.7463369963369964
0.8526888470391295,0.7462003296099615
0.8526888470391295,0.7460637129256682
0.8526888470391295,0.7459271462566356
0.8526888470391295,0.7457906295754027
0.8528980958359489,0.7458371454711802
0.8531073446327684,0.7458836443468716
0.8531073446327684,0.745747210535943
0.8531073446327684,0.7456108266276518
0.8531073446327684,0.7454744925946243
0.8531073446327684,0.7453382084095064
0.8531073446327684,0.7452019740449644
0.8531073446327684,0.7450657894736842
0.8531073446327684,0.744929654668372
0.8533165934295878,0.7449762513701133
0.8533165934295878,0.7448401826484018
0.8533165934295878,0.7447041636230826
0.8533165934295878,0.7445681942669344
0.8533165934295878,0.7444322745527565
0.8533165934295878,0.7442964044533674
0.8533165934295878,0.7441605839416059
0.8533165934295878,0.7440248129903302
0.8533165934295878,0.7438890915724188
0.8533165934295878,0.7437534196607697
0.8533165934295878,0.7436177972283005
0.8533165934295878,0.743482224247949
0.8533165934295878,0.7433467006926723
0.8533165934295878,0.7432112265354475
0.8533165934295878,0.7430758017492711
0.8533165934295878,0.7429404263071597
0.8533165934295878,0.7428051001821494
0.8535258422264071,0.7428519395374249
0.8535258422264071,0.7427166788055353
0.8535258422264071,0.7425814673220462
0.8537350910232266,0.7426283218056061
0.8537350910232266,0.7424931756141947
0.8537350910232266,0.74235807860262
0.8537350910232266,0.7422230307440422
0.8537350910232266,0.7420880320116406
0.8537350910232266,0.7419530823786143
0.853944339820046,0.742
0.853944339820046,0.7418651154335575
0.853944339820046,0.7417302798982188
0.853944339820046,0.7415954933672543
0.853944339820046,0.7414607558139535
0.853944339820046,0.7413260672116257
0.8541535886168654,0.7413730475844533
0.8541535886168654,0.7412384238242237
0.8541535886168654,0.7411038489469862
0.8541535886168654,0.7409693229261209
0.8541535886168654,0.7408348457350272
0.8541535886168654,0.7407004173471239
0.8543628374136849,0.7407474600870827
0.8543628374136849,0.7406130963177943
0.8543628374136849,0.7404787812840044
0.8543628374136849,0.7403445149592022
0.8543628374136849,0.7402102973168962
0.8545720862105043,0.7402573862606489
0.8545720862105043,0.7401232330554549
0.8545720862105043,0.7399891284653017
0.8545720862105043,0.7398550724637681
0.8545720862105043,0.7397210650244521
0.8547813350073237,0.7397681999275625
0.8547813350073237,0.7396342567445229
0.8547813350073237,0.7395003620564808
0.8547813350073237,0.7393665158371041
0.8547813350073237,0.7392327180600796
0.8547813350073237,0.7390989686991134
0.8547813350073237,0.7389652677279306
0.8547813350073237,0.738831615120275
0.8547813350073237,0.7386980108499096
0.8547813350073237,0.7385644548906165
0.8549905838041432,0.7386117136659436
0.8549905838041432,0.7384782215796132
0.8549905838041432,0.738344777737622
0.8549905838041432,0.7382113821138211
0.8549905838041432,0.7380780346820809
0.8549905838041432,0.7379447354162905
0.8549905838041432,0.7378114842903575
0.8549905838041432,0.7376782812782091
0.8549905838041432,0.7375451263537907
0.8549905838041432,0.7374120194910666
0.8549905838041432,0.7372789606640202
0.8549905838041432,0.7371459498466535
0.8549905838041432,0.737012987012987
0.8549905838041432,0.7368800721370604
0.8549905838041432,0.7367472051929318
0.8551998326009626,0.7367946637822246
0.8551998326009626,0.7366618601297765
0.8551998326009626,0.7365291043431249
0.8551998326009626,0.7363963963963964
0.8551998326009626,0.7362637362637363
0.8551998326009626,0.7361311239193083
0.8551998326009626,0.7359985593372952
0.8551998326009626,0.7358660424918977
0.8551998326009626,0.7357335733573357
0.8551998326009626,0.7356011519078474
0.8551998326009626,0.7354687781176894
0.8551998326009626,0.7353364519611371
0.8551998326009626,0.7352041734124842
0.8554090813977819,0.7352517985611511
0.8556183301946014,0.7352994065815501
0.8556183301946014,0.7351672060409924
0.8556183301946014,0.7350350530289412
0.8556183301946014,0.7349029475197699
0.8556183301946014,0.7347708894878706
0.8558275789914208,0.7348185411426518
0.8558275789914208,0.7346865457158254
0.8558275789914208,0.7345545977011494
0.8558275789914208,0.7344226970730832
0.8558275789914208,0.7342908438061041
0.8558275789914208,0.7341590378747083
0.8560368277882402,0.7342067480258435
0.8560368277882402,0.7340750044859142
0.8560368277882402,0.7339433082167205
0.8560368277882402,0.7338116591928251
0.8560368277882402,0.7336800573888091
0.8560368277882402,0.733548502779272
0.8560368277882402,0.7334169953388311
0.8560368277882402,0.7332855350421222
0.8560368277882402,0.7331541218637992
0.8560368277882402,0.7330227557785343
0.8560368277882402,0.7328914367610175
0.8560368277882402,0.7327601647859574
0.8560368277882402,0.7326289398280802
0.8560368277882402,0.7324977618621307
0.8560368277882402,0.7323666308628715
0.8560368277882402,0.7322355468050832
0.8560368277882402,0.7321045096635648
0.8562460765850597,0.7321524422973699
0.8562460765850597,0.7320214669051879
0.8562460765850597,0.7318905383652299
0.8562460765850597,0.7317596566523605
0.8562460765850597,0.7316288217414625
0.8562460765850597,0.7314980336074366
0.8562460765850597,0.731367292225201
0.8564553253818791,0.7314152966404575
0.8564553253818791,0.731284616758978
0.8564553253818791,0.7311539835655592
0.8564553253818791,0.7310233970351848
0.8564553253818791,0.7308928571428571
0.8564553253818791,0.7307623638635958
0.8564553253818791,0.7306319171724384
0.8564553253818791,0.7305015170444404
0.8564553253818791,0.7303711634546752
0.8564553253818791,0.7302408563782338
0.8564553253818791,0.7301105957902247
0.8566645741786985,0.7301587301587301
0.8566645741786985,0.7300285306704708
0.8566645741786985,0.7298983776074166
0.8566645741786985,0.7297682709447415
0.8566645741786985,0.7296382106576368
0.8566645741786985,0.7295081967213115
0.8568738229755178,0.7295563869588455
0.8568738229755178,0.729426433915212
0.8568738229755178,0.7292965271593945
0.8570830717723373,0.7293447293447294
0.8570830717723373,0.7292148833897099
0.8570830717723373,0.7290850836596654
0.8572923205691567,0.7291332977398114
0.8572923205691567,0.7290035587188612
0.8572923205691567,0.7288738658601672
0.8572923205691567,0.7287442191390964
0.8572923205691567,0.7286146185310333
0.8572923205691567,0.7284850640113798
0.8572923205691567,0.7283555555555555
0.8572923205691567,0.7282260931389976
0.8572923205691567,0.7280966767371602
0.8572923205691567,0.7279673063255153
0.8572923205691567,0.7278379818795523
0.8572923205691567,0.727708703374778
0.8572923205691567,0.7275794707867164
0.8572923205691567,0.7274502840909091
0.8575015693659761,0.7274986685602698
0.8575015693659761,0.7273695420660277
0.8575015693659761,0.7272404614019521
0.8575015693659761,0.727111426543648
0.8575015693659761,0.7269824374667376
0.8575015693659761,0.7268534941468606
0.8575015693659761,0.7267245965596737
0.8575015693659761,0.7265957446808511
0.8575015693659761,0.726466938486084
0.8575015693659761,0.7263381779510811
0.8575015693659761,0.7262094630515683
0.8575015693659761,0.7260807937632885
0.8577108181627956,0.7261293179805137
0.8577108181627956,0.7260007084661707
0.8577108181627956,0.7258721445015053
0.8577108181627956,0.7257436260623229
0.8577108181627956,0.7256151531244468
0.8577108181627956,0.7254867256637169
0.8577108181627956,0.7253583436559901
0.8577108181627956,0.7252300070771408
0.8577108181627956,0.7251017159030603
0.857920066959615,0.7251503360452777
0.857920066959615,0.7250221043324492
0.857920066959615,0.7248939179632249
0.857920066959615,0.7247657769135584
0.857920066959615,0.7246376811594203
0.857920066959615,0.724509630676798
0.857920066959615,0.7243816254416962
0.857920066959615,0.724253665430136
0.857920066959615,0.7241257506181561
0.857920066959615,0.7239978809818117
0.857920066959615,0.7238700564971752
0.857920066959615,0.7237422771403353
0.857920066959615,0.7236145428873986
0.857920066959615,0.7234868537144874
0.857920066959615,0.7233592095977417
0.8581293157564344,0.7234080084671017
0.8581293157564344,0.7232804232804233
0.8581293157564344,0.7231528830894022
0.8581293157564344,0.7230253878702397
0.8581293157564344,0.7228979375991539
0.8581293157564344,0.7227705322523793
0.8581293157564344,0.7226431718061674
0.8581293157564344,0.7225158562367865
0.8583385645532539,0.7225647348951911
0.8583385645532539,0.7224374779852061
0.8583385645532539,0.7223102658918824
0.8585478133500732,0.7223591549295775
0.8585478133500732,0.7222320014082028
0.8585478133500732,0.7221048926434354
0.8585478133500732,0.7219778286116488
0.8585478133500732,0.721850809289233
0.8585478133500732,0.7217238346525946
0.8585478133500732,0.7215969046781568
0.8585478133500732,0.7214700193423598
0.8585478133500732,0.7213431786216596
0.8585478133500732,0.7212163824925294
0.8585478133500732,0.7210896309314587
0.8585478133500732,0.7209629239149534
0.8585478133500732,0.7208362614195362
0.8585478133500732,0.720709643421746
0.8585478133500732,0.7205830698981384
0.8585478133500732,0.7204565408252853
0.8585478133500732,0.7203300561797753
0.8585478133500732,0.7202036159382131
0.8585478133500732,0.7200772200772201
0.8587570621468926,0.720126337954027
0.8587570621468926,0.72
0.8587570621468926,0.719873706367304
0.8587570621468926,0.7197474570326201
0.8587570621468926,0.7196212519726459
0.8587570621468926,0.7194950911640954
0.8587570621468926,0.7193689745836985
0.8587570621468926,0.7192429022082019
0.8587570621468926,0.7191168740143683
0.8587570621468926,0.7189908899789769
0.8587570621468926,0.7188649500788229
0.8587570621468926,0.718739054290718
0.8587570621468926,0.7186132025914901
0.8589663109437121,0.7186624649859944
0.8589663109437121,0.718536670750919
0.8589663109437121,0.7184109205460273
0.8589663109437121,0.7182852143482065
0.8589663109437121,0.7181595521343597
0.8589663109437121,0.7180339338814063
0.8589663109437121,0.717908359566282
0.8589663109437121,0.717782829165938
0.8591755597405315,0.7178321678321679
0.8591755597405315,0.7177066946338053
0.8591755597405315,0.717581265291856
0.8591755597405315,0.7174558797833305
0.8591755597405315,0.717330538085255
0.8591755597405315,0.7172052401746725
0.8591755597405315,0.7170799860286413
0.8591755597405315,0.716954775624236
0.8591755597405315,0.7168296089385475
0.8591755597405315,0.7167044859486822
0.8591755597405315,0.7165794066317627
0.8591755597405315,0.7164543709649276
0.8591755597405315,0.7163293789253314
0.8591755597405315,0.7162044304901448
0.8591755597405315,0.7160795256365539
0.8591755597405315,0.7159546643417611
0.8591755597405315,0.7158298465829847
0.8591755597405315,0.7157050723374586
0.8591755597405315,0.7155803415824329
0.8591755597405315,0.7154556542951733
0.8591755597405315,0.7153310104529617
0.8591755597405315,0.7152064100330953
0.8591755597405315,0.7150818530128875
0.8591755597405315,0.7149573393696674
0.8591755597405315,0.7148328690807799
0.8591755597405315,0.7147084421235858
0.8591755597405315,0.7145840584754611
0.8591755597405315,0.7144597181137985
0.8591755597405315,0.7143354210160056
0.8591755597405315,0.714211167159506
0.8591755597405315,0.7140869565217391
0.8591755597405315,0.71396278908016
0.8591755597405315,0.7138386648122392
0.8591755597405315,0.7137145836954633
0.8593848085373509,0.713764337851929
0.8593848085373509,0.7136403127715031
0.8593848085373509,0.7135163307852675
0.8593848085373509,0.713392391870766
0.8593848085373509,0.7132684960055575
0.8593848085373509,0.7131446431672165
0.8593848085373509,0.7130208333333333
0.8593848085373509,0.7128970664815136
0.8593848085373509,0.7127733425893786
0.8593848085373509,0.7126496616345653
0.8593848085373509,0.7125260235947258
0.8593848085373509,0.7124024284475282
0.8593848085373509,0.7122788761706556
0.8595940573341704,0.7123287671232876
0.8595940573341704,0.7122052704576977
0.8595940573341704,0.7120818166059976
0.8595940573341704,0.7119584055459273
0.8598033061309898,0.7120083174493156
0.8598033061309898,0.7118849618849619
0.8600125549278091,0.711934869218777
0.8600125549278091,0.7118115691028749
0.8600125549278091,0.7116883116883117
0.8600125549278091,0.7115650969529086
0.8600125549278091,0.7114419248745023
0.8600125549278091,0.711318795430945
0.8600125549278091,0.7111957086001038
0.8600125549278091,0.7110726643598616
0.8600125549278091,0.7109496626881162
0.8600125549278091,0.710826703562781
0.8600125549278091,0.7107037869617845
0.8600125549278091,0.7105809128630706
0.8600125549278091,0.7104580812445981
0.8600125549278091,0.7103352920843415
0.8600125549278091,0.7102125453602903
0.8600125549278091,0.7100898410504493
0.8600125549278091,0.7099671791328381
0.8600125549278091,0.7098445595854922
0.8600125549278091,0.7097219823864618
0.8600125549278091,0.7095994475138122
0.8600125549278091,0.709476954945624
0.8600125549278091,0.7093545046599931
0.8600125549278091,0.7092320966350302
0.8600125549278091,0.7091097308488613
0.8600125549278091,0.7089874072796274
0.8600125549278091,0.7088651259054847
0.8600125549278091,0.7087428867046043
0.8602218037246285,0.7087931034482758
0.8602218037246285,0.7086709188071022
0.8602218037246285,0.70854877628404
0.8602218037246285,0.7084266758573152
0.8602218037246285,0.7083046175051688
0.8602218037246285,0.708182601205857
0.8602218037246285,0.7080606269376507
0.8602218037246285,0.7079386946788359
0.8602218037246285,0.7078168044077136
0.8602218037246285,0.7076949561025994
0.8602218037246285,0.7075731497418244
0.8602218037246285,0.7074513853037343
0.8602218037246285,0.7073296627666896
0.8602218037246285,0.7072079821090659
0.8602218037246285,0.7070863433092536
0.8602218037246285,0.7069647463456578
0.8602218037246285,0.7068431911966988
0.8602218037246285,0.7067216778408114
0.8602218037246285,0.7066002062564455
0.860431052521448,0.7066506272555422
0.860431052521448,0.7065292096219932
0.860431052521448,0.7064078337055488
0.860431052521448,0.7062864994847131
0.8606403013182674,0.7063369397217929
0.8606403013182674,0.7062156593406593
0.8606403013182674,0.7060944206008584
0.8608495501150868,0.7061448678338482
0.8608495501150868,0.7060236828556719
0.8610587989119063,0.7060741249142073
0.8610587989119063,0.7059529936524275
0.8610587989119063,0.7058319039451115
0.8610587989119063,0.7057108557708798
0.8610587989119063,0.7055898491083676
0.8610587989119063,0.705468883936225
0.8610587989119063,0.7053479602331162
0.8610587989119063,0.7052270779777207
0.8610587989119063,0.705106237148732
0.8610587989119063,0.7049854377248587
0.8610587989119063,0.7048646796848236
0.8610587989119063,0.7047439630073643
0.8610587989119063,0.7046232876712328
0.8610587989119063,0.704502653655196
0.8610587989119063,0.7043820609380349
0.8610587989119063,0.7042615094985453
0.8610587989119063,0.7041409993155373
0.8610587989119063,0.7040205303678357
0.8610587989119063,0.7039001026342798
0.8612680477087257,0.7039507439712673
0.8612680477087257,0.7038303693570451
0.8612680477087257,0.7037100359035733
0.8612680477087257,0.7035897435897436
0.8612680477087257,0.7034694923944624
0.8612680477087257,0.7033492822966507
0.8612680477087257,0.7032291132752435
0.8612680477087257,0.7031089853091903
0.8612680477087257,0.7029888983774552
0.8612680477087257,0.7028688524590164
0.861477296505545,0.7029195834044732
0.861477296505545,0.702799590303858
0.8616865453023645,0.7028503157535415
0.8616865453023645,0.7027303754266212
0.8616865453023645,0.7026104760279815
0.8616865453023645,0.7024906175366769
0.8616865453023645,0.7023707999317755
0.8616865453023645,0.7022510231923602
0.8616865453023645,0.7021312872975277
0.8616865453023645,0.7020115922263893
0.8616865453023645,0.7018919379580706
0.8616865453023645,0.701772324471711
0.8616865453023645,0.7016527517464645
0.8618957940991839,0.7017035775127768
0.8618957940991839,0.7015840572304548
0.8618957940991839,0.7014645776566758
0.8618957940991839,0.7013451387706453
0.8618957940991839,0.7012257405515833
0.8621050428960033,0.7012765957446808
0.8621050428960033,0.7011572498298162
0.8621050428960033,0.7010379445295218
0.8621050428960033,0.7009186798230691
0.8623142916928228,0.7009695526450077
0.8623142916928228,0.7008503401360544
0.8623142916928228,0.7007311681686788
0.8623142916928228,0.7006120367222033
0.8625235404896422,0.7006629270780215
0.8625235404896422,0.7005438477226377
0.8625235404896422,0.7004248088360238
0.8625235404896422,0.7003058103975535
0.8625235404896422,0.7001868523866146
0.8625235404896422,0.7000679347826086
0.8625235404896422,0.6999490575649516
0.8625235404896422,0.699830220713073
0.8625235404896422,0.6997114242064165
0.8625235404896422,0.6995926680244399
0.8627327892864616,0.6996436450025454
0.8627327892864616,0.6995249406175772
0.8627327892864616,0.6994062765055131
0.8627327892864616,0.6992876526458616
0.8627327892864616,0.6991690690181448
0.8627327892864616,0.699050525601899
0.8627327892864616,0.6989320223766741
0.8627327892864616,0.6988135593220339
0.8627327892864616,0.6986951364175563
0.8627327892864616,0.6985767536428329
0.8627327892864616,0.6984584109774691
0.8627327892864616,0.698340108401084
0.8627327892864616,0.6982218458933107
0.8629420380832811,0.6982729427700644
0.8629420380832811,0.6981547316742848
0.8629420380832811,0.6980365605958023
0.8629420380832811,0.6979184295143002
0.8629420380832811,0.6978003384094754
0.8629420380832811,0.6976822872610388
0.8629420380832811,0.6975642760487145
0.8629420380832811,0.6974463047522408
0.8631512868801005,0.6974974636455867
0.8631512868801005,0.6973795435333897
0.8631512868801005,0.697261663286004
0.8631512868801005,0.6971438228832179
0.8631512868801005,0.6970260223048327
0.8631512868801005,0.696908261530664
0.8631512868801005,0.6967905405405406
0.8631512868801005,0.696672859314305
0.8631512868801005,0.6965552178318136
0.8631512868801005,0.696437616072936
0.8631512868801005,0.6963200540175557
0.8633605356769198,0.6963713080168776
0.8635697844737392,0.696422544718191
0.8635697844737392,0.6963050447106462
0.8635697844737392,0.6961875843454791
0.8635697844737392,0.6960701636026312
0.8635697844737392,0.6959527824620574
0.8635697844737392,0.6958354409037262
0.8637790332705587,0.6958867161159811
0.8637790332705587,0.6957694252486095
0.8637790332705587,0.6956521739130435
0.8637790332705587,0.6955349620893008
0.8637790332705587,0.6954177897574124
0.8639882820673781,0.6954690921340745
0.8639882820673781,0.6953519703603908
0.8639882820673781,0.6952348880282876
0.8641975308641975,0.6952861952861953
0.8641975308641975,0.6951691634404983
0.8641975308641975,0.6950521709862
0.864406779661017,0.6951034830893488
0.864406779661017,0.6949865410497981
0.864406779661017,0.6948696383515559
0.864406779661017,0.694752774974773
0.864406779661017,0.6946359508996133
0.864406779661017,0.6945191661062542
0.8646160284578364,0.6945705160531181
0.8646160284578364,0.6944537815126051
0.8646160284578364,0.6943370862039994
0.8648252772546557,0.694388440860215
0.8648252772546557,0.6942717957332437
0.8648252772546557,0.6941551897883775
0.8648252772546557,0.6940386230058774
0.8650345260514752,0.6940899932840833
0.8650345260514752,0.6939734765821722
0.8650345260514752,0.6938569989929506
0.8650345260514752,0.6937405604967276
0.8650345260514752,0.6936241610738255
0.8650345260514752,0.6935078007045797
0.8650345260514752,0.6933914793693392
0.8650345260514752,0.6932751970484655
0.8650345260514752,0.693158953722334
0.8650345260514752,0.6930427493713328
0.8650345260514752,0.6929265839758633
0.8652437748482946,0.6929780459192224
0.8652437748482946,0.6928619302949062
0.8652437748482946,0.6927458535768135
0.8652437748482946,0.6926298157453936
0.8652437748482946,0.6925138167811087
0.8652437748482946,0.692397856664434
0.8652437748482946,0.692281935375858
0.865453023645114,0.6923334449280214
0.8656622724419335,0.6923849372384937
0.8656622724419335,0.6922690763052208
0.8656622724419335,0.6921532541408734
0.8656622724419335,0.6920374707259953
0.8656622724419335,0.691921726041144
0.8656622724419335,0.6918060200668896
0.8656622724419335,0.6916903527838154
0.8656622724419335,0.6915747241725175
0.8656622724419335,0.6914591342136052
0.8656622724419335,0.6913435828877005
0.8656622724419335,0.6912280701754386
0.8656622724419335,0.6911125960574674
0.8656622724419335,0.6909971605144479
0.8656622724419335,0.6908817635270541
0.8656622724419335,0.6907664050759726
0.8658715212387529,0.6908180300500835
0.8658715212387529,0.6907027207477884
0.8660807700355723,0.6907543391188251
0.8660807700355723,0.690639078925413
0.8660807700355723,0.6905238571905239
0.8662900188323918,0.6905754795663053
0.8664992676292111,0.6906270847231488
0.8664992676292111,0.6905119226279807
0.8664992676292111,0.6903967989329777
0.8664992676292111,0.6902817136189365
0.8664992676292111,0.6901666666666667
0.8664992676292111,0.6900516580569905
0.8664992676292111,0.6899366877707431
0.8664992676292111,0.6898217557887723
0.8664992676292111,0.6897068620919387
0.8664992676292111,0.6895920066611158
0.8664992676292111,0.6894771894771895
0.8664992676292111,0.6893624105210587
0.8664992676292111,0.6892476697736352
0.8664992676292111,0.6891329672158429
0.8664992676292111,0.689018302828619
0.8664992676292111,0.688903676592913
0.8664992676292111,0.6887890884896873
0.8664992676292111,0.6886745384999169
0.8664992676292111,0.6885600266045893
0.8664992676292111,0.6884455527847049
0.8664992676292111,0.6883311170212766
0.8664992676292111,0.6882167192953299
0.8664992676292111,0.688102359587903
0.8667085164260305,0.688154178434956
0.8667085164260305,0.6880398671096346
0.8667085164260305,0.6879255937551901
0.8667085164260305,0.6878113583527068
0.8667085164260305,0.6876971608832808
0.8667085164260305,0.6875830013280213
0.8667085164260305,0.6874688796680498
0.8667085164260305,0.6873547958845005
0.86691776522285,0.6874066699850672
0.8671270140196694,0.6874585268745853
0.8671270140196694,0.6873445015757174
0.8671270140196694,0.6872305140961857
0.8671270140196694,0.6871165644171779
0.8673362628164888,0.6871684350132626
0.8675455116133082,0.6872202884137245
0.8675455116133082,0.6871063970831952
0.8675455116133082,0.6869925434962717
0.8675455116133082,0.6868787276341949
0.8675455116133082,0.6867649494782176
0.8675455116133082,0.6866512090096059
0.8675455116133082,0.6865375062096374
0.8675455116133082,0.6864238410596026
0.8677547604101277,0.6864757490481709
0.8677547604101277,0.6863621317444555
0.8677547604101277,0.686248552043687
0.867964009206947,0.686300463269358
0.867964009206947,0.6861869313482216
0.867964009206947,0.6860734369831294
0.8681732580037664,0.6861253514139243
0.8681732580037664,0.6860119047619048
0.8681732580037664,0.6858984956191106
0.8681732580037664,0.6857851239669421
0.8681732580037664,0.6856717897868121
0.8681732580037664,0.6855584930601454
0.8681732580037664,0.6854452337683793
0.8681732580037664,0.6853320118929633
0.8681732580037664,0.6852188274153592
0.8681732580037664,0.685105680317041
0.8681732580037664,0.6849925705794948
0.8681732580037664,0.6848794981842192
0.8681732580037664,0.6847664631127248
0.8681732580037664,0.6846534653465347
0.8681732580037664,0.6845405048671837
0.8681732580037664,0.6844275816562191
0.8681732580037664,0.6843146956952004
0.8681732580037664,0.6842018469656992
0.8681732580037664,0.6840890354492992
0.8681732580037664,0.6839762611275965
0.8683825068005859,0.6840283500906543
0.8683825068005859,0.6839156229400132
0.8683825068005859,0.6838029329378811
0.8683825068005859,0.6836902800658978
0.8683825068005859,0.6835776643057156
0.8683825068005859,0.6834650856389987
0.8685917555974053,0.6835172073110489
0.8685917555974053,0.6834046756667764
0.8685917555974053,0.6832921810699588
0.8685917555974053,0.6831797235023042
0.8685917555974053,0.6830673029455323
0.8685917555974053,0.6829549193813754
0.8685917555974053,0.6828425727915776
0.8685917555974053,0.6827302631578948
0.8685917555974053,0.682617990462095
0.8685917555974053,0.6825057546859585
0.8685917555974053,0.6823935558112774
0.8685917555974053,0.6822813938198553
0.8685917555974053,0.6821692686935086
0.8685917555974053,0.682057180414065
0.8685917555974053,0.6819451289633646
0.8685917555974053,0.6818331143232589
0.8685917555974053,0.6817211364756117
0.8685917555974053,0.6816091954022988
0.8685917555974053,0.6814972910852077
0.8685917555974053,0.6813854235062377
0.8685917555974053,0.6812735926473001
0.8685917555974053,0.6811617984903183
0.8685917555974053,0.6810500410172272
0.8685917555974053,0.6809383202099738
0.8685917555974053,0.6808266360505166
0.8685917555974053,0.6807149885208265
0.8685917555974053,0.6806033776028857
0.8685917555974053,0.6804918032786885
0.8685917555974053,0.6803802655302409
0.8685917555974053,0.6802687643395608
0.8685917555974053,0.6801572996886777
0.8685917555974053,0.680045871559633
0.8685917555974053,0.67993447993448
0.8685917555974053,0.6798231247952833
0.8685917555974053,0.6797118061241199
0.8685917555974053,0.6796005239030779
0.8685917555974053,0.6794892781142576
0.8685917555974053,0.6793780687397709
0.8685917555974053,0.6792668957617412
0.8685917555974053,0.6791557591623036
0.8685917555974053,0.6790446589236054
0.8685917555974053,0.678933595027805
0.8688010043942247,0.6789860997547016
0.8688010043942247,0.6788750817527796
0.8688010043942247,0.6787641000490436
0.8688010043942247,0.6786531546256946
0.8688010043942247,0.6785422454649452
0.8688010043942247,0.6784313725490196
0.8688010043942247,0.6783205358601536
0.8688010043942247,0.6782097353805946
0.8688010043942247,0.6780989710926016
0.8688010043942247,0.6779882429784455
0.8688010043942247,0.6778775510204081
0.8688010043942247,0.6777668952007836
0.8688010043942247,0.6776562755018769
0.8688010043942247,0.6775456919060052
0.8688010043942247,0.6774351443954968
0.8688010043942247,0.6773246329526916
0.8688010043942247,0.6772141575599413
0.8688010043942247,0.6771037181996086
0.8688010043942247,0.6769933148540681
0.8688010043942247,0.6768829475057059
0.8688010043942247,0.6767726161369193
0.8688010043942247,0.6766623207301173
0.8688010043942247,0.6765520612677204
0.8688010043942247,0.6764418377321603
0.8688010043942247,0.6763316501058805
0.8688010043942247,0.6762214983713355
0.8688010043942247,0.6761113825109917
0.8688010043942247,0.6760013025073266
0.8688010043942247,0.6758912583428293
0.8688010043942247,0.67578125
0.8688010043942247,0.6756712774613507
0.8688010043942247,0.6755613407094045
0.8688010043942247,0.675451439726696
0.8688010043942247,0.675341574495771
0.8688010043942247,0.6752317449991868
0.8688010043942247,0.6751219512195122
0.8688010043942247,0.6750121931393269
0.8688010043942247,0.6749024707412223
0.8688010043942247,0.6747927840078011
0.8688010043942247,0.6746831329216769
0.8688010043942247,0.6745735174654752
0.8690102531910442,0.6746263807667316
0.8690102531910442,0.6745168101348059
0.8690102531910442,0.6744072750893148
0.8690102531910442,0.6742977756129241
0.8692195019878636,0.6743506493506494
0.8692195019878636,0.6742411946112644
0.8692195019878636,0.6741317753975982
0.8692195019878636,0.6740223916923577
0.8692195019878636,0.6739130434782609
0.8692195019878636,0.6738037307380373
0.8692195019878636,0.6736944534544275
0.8692195019878636,0.6735852116101833
0.8692195019878636,0.6734760051880675
0.8692195019878636,0.6733668341708543
0.8692195019878636,0.673257698541329
0.8692195019878636,0.6731485982822881
0.8692195019878636,0.6730395333765392
0.8692195019878636,0.672930503806901
0.8692195019878636,0.6728215095562035
0.8692195019878636,0.6727125506072874
0.8692195019878636,0.6726036269430051
0.8692195019878636,0.6724947385462199
0.8692195019878636,0.6723858853998058
0.8692195019878636,0.6722770674866483
0.8692195019878636,0.672168284789644
0.8692195019878636,0.6720595372917004
0.8692195019878636,0.671950824975736
0.869428750784683,0.6720038816108685
0.8696379995815025,0.6720569210866753
0.8698472483783218,0.6721099434114793
0.8698472483783218,0.6720012932428063
0.8698472483783218,0.6718926781962179
0.8700564971751412,0.6719457013574661
0.8700564971751412,0.671837130392632
0.8700564971751412,0.6717285945072697
0.8700564971751412,0.6716200936843806
0.8700564971751412,0.6715116279069767
0.8702657459719607,0.6715646697884708
0.8704749947687801,0.6716176945431063
0.8704749947687801,0.6715092816787732
0.8704749947687801,0.6714009038089089
0.8704749947687801,0.6712925609165725
0.8704749947687801,0.6711842529848339
0.8704749947687801,0.6710759799967737
0.8704749947687801,0.6709677419354839
0.8704749947687801,0.6708595387840671
0.8704749947687801,0.6707513705256369
0.8704749947687801,0.6706432371433177
0.8704749947687801,0.670535138620245
0.8704749947687801,0.6704270749395649
0.8704749947687801,0.6703190460844344
0.8704749947687801,0.6702110520380216
0.8704749947687801,0.6701030927835051
0.8704749947687801,0.6699951683040747
0.8704749947687801,0.6698872785829307
0.8704749947687801,0.6697794236032845
0.8706842435655995,0.669832582099163
0.8706842435655995,0.6697247706422018
0.8706842435655995,0.6696169938847764
0.8708934923624189,0.6696701528559935
0.8708934923624189,0.6695624195624196
0.8708934923624189,0.6694547209264918
0.8708934923624189,0.6693470569314892
0.8708934923624189,0.6692394275607011
0.8708934923624189,0.6691318327974276
0.8708934923624189,0.6690242726249799
0.8708934923624189,0.6689167470266795
0.8708934923624189,0.6688092559858589
0.8708934923624189,0.6687017994858612
0.8708934923624189,0.6685943775100401
0.8708934923624189,0.6684869900417604
0.8708934923624189,0.668379637064397
0.8708934923624189,0.668272318561336
0.8708934923624189,0.6681650345159736
0.8708934923624189,0.6680577849117175
0.8708934923624189,0.6679505697319852
0.8708934923624189,0.6678433889602053
0.8708934923624189,0.6677362425798171
0.8708934923624189,0.6676291305742701
0.8708934923624189,0.6675220529270248
0.8708934923624189,0.6674150096215523
0.8708934923624189,0.667308000641334
0.8708934923624189,0.6672010259698621
0.8711027411592384,0.6672543676871293
0.8711027411592384,0.6671474358974359
0.8711027411592384,0.6670405383752603
0.8711027411592384,0.6669336751041333
0.8711027411592384,0.6668268460675957
0.8711027411592384,0.6667200512491992
0.8711027411592384,0.666613290632506
0.8711027411592384,0.6665065642010887
0.8711027411592384,0.6663998719385305
0.8711027411592384,0.6662932138284251
0.8711027411592384,0.6661865898543767
0.8711027411592384,0.66608
0.8711027411592384,0.6659734442489201
0.8711027411592384,0.6658669225847729
0.8711027411592384,0.6657604349912042
0.8711027411592384,0.6656539814518708
0.8713119899560577,0.6657074340527578
0.8713119899560577,0.6656010230179028
0.8713119899560577,0.6654946459964839
0.8713119899560577,0.6653883029721956
0.8713119899560577,0.6652819939287427
0.8713119899560577,0.6651757188498403
0.8713119899560577,0.6650694777192142
0.8713119899560577,0.6649632705206004
0.8713119899560577,0.6648570972377454
0.8713119899560577,0.6647509578544061
0.8715212387528771,0.664804469273743
0.8715212387528771,0.6646983721672518
0.8715212387528771,0.6645923089197383
0.8715212387528771,0.6644862795149968
0.8715212387528771,0.664380283936832
0.8715212387528771,0.664274322169059
0.8715212387528771,0.6641683941955031
0.8715212387528771,0.6640625
0.8715212387528771,0.6639566395663956
0.8715212387528771,0.6638508128785464
0.8715212387528771,0.6637450199203188
0.8715212387528771,0.6636392606755895
0.8715212387528771,0.663533535128246
0.8715212387528771,0.6634278432621854
0.8715212387528771,0.6633221850613155
0.8715212387528771,0.6632165605095541
0.8715212387528771,0.6631109695908295
0.8715212387528771,0.6630054122890799
0.8715212387528771,0.662899888588254
0.8715212387528771,0.6627943984723106
0.8715212387528771,0.6626889419252188
0.8715212387528771,0.6625835189309577
0.8715212387528771,0.6624781294735168
0.8715212387528771,0.6623727735368957
0.8715212387528771,0.6622674511051041
0.8715212387528771,0.6621621621621622
0.8717304875496966,0.6622158639326021
0.8717304875496966,0.6621106166560712
0.8717304875496966,0.6620054028285397
0.8717304875496966,0.6619002224340642
0.8717304875496966,0.6617950754567117
0.8717304875496966,0.6616899618805591
0.8717304875496966,0.6615848816896935
0.8717304875496966,0.6614798348682122
0.8717304875496966,0.6613748214002223
0.8717304875496966,0.6612698412698412
0.8717304875496966,0.6611648944611966
0.8717304875496966,0.6610599809584259
0.8717304875496966,0.6609551007456766
0.8717304875496966,0.6608502538071066
0.8717304875496966,0.6607454401268834
0.8717304875496966,0.660640659689185
0.871939736346516,0.6606944664658316
0.871939736346516,0.6605897273303741
0.871939736346516,0.6604850213980028
0.871939736346516,0.6603803486529318
0.871939736346516,0.6602757090793852
0.871939736346516,0.660171102661597
0.871939736346516,0.6600665293838112
0.8721489851433354,0.6601203674374406
0.8721489851433354,0.6600158353127474
0.8721489851433354,0.6599113362887904
0.8721489851433354,0.6598068703498496
0.8721489851433354,0.6597024374802153
0.8721489851433354,0.6595980376641873
0.8723582339401549,0.6596518987341772
0.8723582339401549,0.6595475399462111
0.8723582339401549,0.6594432141727301
0.8723582339401549,0.6593389213980705
0.8723582339401549,0.6592346616065781
0.8723582339401549,0.6591304347826087
0.8723582339401549,0.659026240910528
0.8723582339401549,0.6589220799747115
0.8723582339401549,0.6588179519595448
0.8723582339401549,0.6587138568494233
0.8723582339401549,0.658609794628752
0.8723582339401549,0.6585057652819459
0.8723582339401549,0.6584017687934302
0.8723582339401549,0.6582978051476394
0.8723582339401549,0.658193874329018
0.8725674827369743,0.6582478295185478
0.8725674827369743,0.6581439393939394
0.8725674827369743,0.658040082057756
0.8725674827369743,0.6579362574944777
0.8725674827369743,0.6578324656885944
0.8725674827369743,0.6577287066246057
0.8727767315337936,0.6577826841192241
0.8727767315337936,0.6576789656259855
0.8727767315337936,0.6575752798360397
0.8727767315337936,0.6574716267339218
0.8727767315337936,0.6573680063041765
0.8727767315337936,0.6572644185313583
0.8727767315337936,0.6571608634000315
0.8727767315337936,0.65705734089477
0.8727767315337936,0.6569538510001575
0.8727767315337936,0.6568503937007873
0.8727767315337936,0.6567469689812628
0.8727767315337936,0.6566435768261965
0.8727767315337936,0.6565402172202109
0.8727767315337936,0.6564368901479383
0.8727767315337936,0.6563335955940205
0.8727767315337936,0.6562303335431089
0.8727767315337936,0.6561271039798647
0.8727767315337936,0.6560239068889588
0.8727767315337936,0.6559207422550716
0.8727767315337936,0.6558176100628931
0.8727767315337936,0.6557145102971231
0.8727767315337936,0.6556114429424709
0.8727767315337936,0.6555084079836555
0.8727767315337936,0.6554054054054054
0.8727767315337936,0.6553024351924588
0.8727767315337936,0.6551994973295633
0.8727767315337936,0.6550965918014764
0.8727767315337936,0.6549937185929648
0.8729859803306131,0.65504788820851
0.8729859803306131,0.654945054945055
0.8731952291274325,0.6549992151938471
0.8731952291274325,0.6548964218455744
0.8731952291274325,0.6547936607563157
0.8731952291274325,0.654690931910888
0.8731952291274325,0.6545882352941177
0.8731952291274325,0.6544855708908407
0.8734044779242519,0.654539752234593
0.8734044779242519,0.6544371276262151
0.8734044779242519,0.654334535193604
0.8734044779242519,0.6542319749216301
0.8736137267210714,0.6542861620435668
0.8736137267210714,0.6541836414916954
0.8736137267210714,0.6540811530628231
0.8736137267210714,0.6539786967418546
0.8736137267210714,0.653876272513704
0.8736137267210714,0.6537738803632948
0.8736137267210714,0.6536715202755597
0.8736137267210714,0.6535691922354414
0.8736137267210714,0.6534668962278917
0.8736137267210714,0.6533646322378717
0.8736137267210714,0.6532624002503521
0.8736137267210714,0.6531602002503129
0.8736137267210714,0.6530580322227436
0.8736137267210714,0.6529558961526432
0.8736137267210714,0.6528537920250196
0.8736137267210714,0.6527517198248906
0.8736137267210714,0.6526496795372831
0.8736137267210714,0.6525476711472336
0.8736137267210714,0.6524456946397875
0.8736137267210714,0.65234375
0.8738229755178908,0.6523980628026871
0.8738229755178908,0.6522961574507966
0.8738229755178908,0.652194283929408
0.8738229755178908,0.6520924422236103
0.8738229755178908,0.6519906323185012
0.8738229755178908,0.6518888541991883
0.8738229755178908,0.6517871078507882
0.8738229755178908,0.651685393258427
0.8738229755178908,0.6515837104072398
0.8738229755178908,0.6514820592823712
0.8738229755178908,0.6513804398689752
0.8738229755178908,0.6512788521522146
0.8738229755178908,0.6511772961172618
0.8738229755178908,0.6510757717492984
0.8738229755178908,0.6509742790335152
0.8738229755178908,0.6508728179551122
0.8738229755178908,0.6507713884992987
0.8738229755178908,0.6506699906512933
0.8738229755178908,0.6505686243963235
0.8738229755178908,0.6504672897196262
0.8738229755178908,0.6503659866064476
0.8738229755178908,0.650264715042043
0.8738229755178908,0.6501634750116768
0.8738229755178908,0.6500622665006227
0.8738229755178908,0.6499610894941634
0.8738229755178908,0.6498599439775911
0.8738229755178908,0.6497588299362066
0.8738229755178908,0.6496577473553204
0.8738229755178908,0.649556696220252
0.8738229755178908,0.6494556765163297
0.8738229755178908,0.6493546882288913
0.8738229755178908,0.6492537313432836
0.8738229755178908,0.6491528058448625
0.8738229755178908,0.6490519117189929
0.8738229755178908,0.6489510489510489
0.8738229755178908,0.6488502175264139
0.8738229755178908,0.6487494174304801
0.8738229755178908,0.6486486486486487
0.8738229755178908,0.6485479111663301
0.8738229755178908,0.6484472049689441
0.8738229755178908,0.648346530041919
0.8738229755178908,0.6482458863706924
0.8740322243147102,0.648300481142325
0.8740322243147102,0.6481998758535071
0.8740322243147102,0.648099301784329
0.8740322243147102,0.6479987589202606
0.8740322243147102,0.6478982472467815
0.8740322243147102,0.6477977667493796
0.8740322243147102,0.6476973174135525
0.8740322243147102,0.6475968992248062
0.8740322243147102,0.647496512168656
0.8740322243147102,0.6473961562306262
0.8740322243147102,0.6472958313962498
0.8740322243147102,0.6471955376510691
0.8740322243147102,0.6470952749806351
0.8740322243147102,0.6469950433705081
0.8740322243147102,0.6468948428062568
0.8740322243147102,0.6467946732734593
0.8740322243147102,0.6466945347577024
0.8742414731115296,0.646749226006192
0.8742414731115296,0.646649125522365
0.8742414731115296,0.646549056019808
0.8742414731115296,0.6464490174841405
0.8742414731115296,0.6463490099009901
0.8742414731115296,0.6462490332559938
0.8742414731115296,0.6461490875347974
0.8742414731115296,0.6460491727230555
0.8742414731115296,0.6459492888064317
0.8742414731115296,0.6458494357705983
0.8742414731115296,0.6457496136012365
0.8742414731115296,0.6456498222840364
0.874450721908349,0.6457045735475896
0.874450721908349,0.6456048200216283
0.874450721908349,0.6455050973123262
0.874450721908349,0.6454054054054054
0.874450721908349,0.6453057442865967
0.874450721908349,0.6452061139416396
0.874450721908349,0.6451065143562829
0.874450721908349,0.6450069455162833
0.874450721908349,0.6449074074074074
0.874450721908349,0.6448079000154298
0.874450721908349,0.6447084233261339
0.874450721908349,0.6446089773253123
0.874450721908349,0.6445095619987662
0.874450721908349,0.6444101773323053
0.874450721908349,0.6443108233117484
0.874450721908349,0.6442114999229228
0.874450721908349,0.6441122071516646
0.874450721908349,0.6440129449838188
0.874450721908349,0.6439137134052388
0.874450721908349,0.6438145124017871
0.8746599707051684,0.6438693776956254
0.8746599707051684,0.643770214076698
0.8746599707051684,0.6436710809978442
0.8746599707051684,0.6435719784449576
0.8746599707051684,0.6434729064039408
0.8746599707051684,0.6433738648607049
0.8746599707051684,0.6432748538011696
0.8746599707051684,0.6431758732112632
0.8748692195019878,0.6432307692307693
0.8748692195019878,0.6431318258729426
0.8748692195019878,0.6430329129498615
0.8748692195019878,0.6429340304474858
0.8748692195019878,0.6428351783517835
0.8748692195019878,0.6427363566487317
0.8748692195019878,0.642637565324316
0.8748692195019878,0.6425388043645305
0.8748692195019878,0.642440073755378
0.8748692195019878,0.6423413734828699
0.8748692195019878,0.6422427035330261
0.8748692195019878,0.6421440638918753
0.8748692195019878,0.6420454545454546
0.8748692195019878,0.6419468754798097
0.8748692195019878,0.6418483266809948
0.8748692195019878,0.6417498081350729
0.8748692195019878,0.6416513198281154
0.8748692195019878,0.6415528617462022
0.8748692195019878,0.6414544338754219
0.8748692195019878,0.6413560362018714
0.8748692195019878,0.6412576687116565
0.8748692195019878,0.641159331390891
0.8748692195019878,0.6410610242256977
0.8748692195019878,0.6409627472022076
0.8748692195019878,0.6408645003065604
0.8748692195019878,0.6407662835249042
0.8748692195019878,0.6406680968433957
0.8748692195019878,0.6405699402481998
0.8748692195019878,0.6404718137254902
0.8748692195019878,0.6403737172614489
0.8748692195019878,0.6402756508422665
0.8748692195019878,0.6401776144541418
0.8748692195019878,0.6400796080832823
0.8748692195019878,0.6399816317159038
0.8748692195019878,0.6398836853382308
0.8748692195019878,0.6397857689364957
0.8748692195019878,0.63968788249694
0.8748692195019878,0.639590026005813
0.8748692195019878,0.6394921994493729
0.8748692195019878,0.6393944028138859
0.8748692195019878,0.6392966360856269
0.8748692195019878,0.639198899250879
0.8750784682988073,0.6392540507490064
0.8750784682988073,0.6391563502980284
0.8750784682988073,0.6390586797066015
0.8750784682988073,0.638961038961039
0.8750784682988073,0.6388634280476627
0.8750784682988073,0.6387658469528028
0.8750784682988073,0.6386682956627978
0.8750784682988073,0.6385707741639945
0.8750784682988073,0.6384732824427481
0.8752877170956267,0.6385284689360403
0.8752877170956267,0.6384310134310134
0.8752877170956267,0.6383335876697696
0.8752877170956267,0.6382361916386939
0.8752877170956267,0.63813882532418
0.8752877170956267,0.6380414887126297
0.8752877170956267,0.637944181790453
0.8752877170956267,0.6378469045440683
0.8754969658924461,0.6379021192254917
0.8754969658924461,0.6378048780487805
0.8754969658924461,0.6377076665142509
0.8754969658924461,0.6376104846083511
0.8754969658924461,0.6375133323175377
0.8754969658924461,0.6374162096282754
0.8754969658924461,0.6373191165270373
0.8754969658924461,0.6372220530003045
0.8754969658924461,0.6371250190345668
0.8754969658924461,0.6370280146163215
0.8754969658924461,0.6369310397320749
0.8754969658924461,0.6368340943683409
0.8754969658924461,0.636737178511642
0.8754969658924461,0.6366402921485088
0.8754969658924461,0.63654343526548
0.8754969658924461,0.6364466078491026
0.8754969658924461,0.6363498098859316
0.8754969658924461,0.6362530413625304
0.8757062146892656,0.6363083472707921
0.875915463486085,0.6363636363636364
0.875915463486085,0.6362669098647211
0.875915463486085,0.6361702127659574
0.875915463486085,0.6360735450539432
0.8761247122829043,0.6361288362199939
0.8761247122829043,0.636032204162236
0.8761247122829043,0.6359356014580801
0.8761247122829043,0.6358390280941534
0.8761247122829043,0.6357424840570908
0.8761247122829043,0.6356459693335358
0.8761247122829043,0.6355494839101397
0.8761247122829043,0.635453027773562
0.8761247122829043,0.6353566009104704
0.8761247122829043,0.6352602033075406
0.8763339610797238,0.6353155339805825
0.8763339610797238,0.6352191718489307
0.8763339610797238,0.635122838944495
0.8765432098765432,0.6351781652767248
0.8765432098765432,0.6350818677986658
0.8767524586733626,0.6351371835682886
0.8767524586733626,0.635040921491361
0.8767524586733626,0.6349446885891802
0.8767524586733626,0.6348484848484849
0.8767524586733626,0.6347523102560219
0.8767524586733626,0.6346561647985459
0.8767524586733626,0.6345600484628199
0.8767524586733626,0.6344639612356148
0.8767524586733626,0.6343679031037093
0.8767524586733626,0.6342718740538904
0.8767524586733626,0.634175874072953
0.8767524586733626,0.6340799031476998
0.8767524586733626,0.6339839612649417
0.8767524586733626,0.6338880484114977
0.8767524586733626,0.6337921645741945
0.8767524586733626,0.6336963097398669
0.8767524586733626,0.6336004838953576
0.8767524586733626,0.6335046870275174
0.8769617074701821,0.6335600907029478
0.8769617074701821,0.6334643288996372
0.8769617074701821,0.6333685960405018
0.8769617074701821,0.6332728921124207
0.8771709562670015,0.63332829732588
0.8771709562670015,0.6332326283987916
0.8771709562670015,0.6331369883703368
0.8771709562670015,0.6330413772274237
0.8771709562670015,0.6329457949569681
0.8771709562670015,0.6328502415458938
0.8771709562670015,0.6327547169811321
0.8771709562670015,0.6326592212496227
0.8771709562670015,0.6325637543383129
0.8771709562670015,0.6324683162341581
0.8771709562670015,0.6323729069241213
0.8771709562670015,0.6322775263951734
0.8771709562670015,0.6321821746342935
0.8771709562670015,0.632086851628468
0.8771709562670015,0.6319915573646917
0.8771709562670015,0.6318962918299669
0.8771709562670015,0.6318010550113037
0.8771709562670015,0.6317058468957203
0.8771709562670015,0.6316106674702425
0.8771709562670015,0.6315155167219042
0.8771709562670015,0.6314203946377467
0.8771709562670015,0.6313253012048192
0.8771709562670015,0.6312302364101792
0.8771709562670015,0.6311352002408913
0.8771709562670015,0.6310401926840283
0.8771709562670015,0.6309452137266707
0.8771709562670015,0.6308502633559067
0.8771709562670015,0.6307553415588324
0.8771709562670015,0.6306604483225515
0.8771709562670015,0.6305655836341757
0.8771709562670015,0.6304707474808242
0.8771709562670015,0.630375939849624
0.8771709562670015,0.6302811607277101
0.8771709562670015,0.6301864101022249
0.8771709562670015,0.6300916879603187
0.8771709562670015,0.6299969942891493
0.8771709562670015,0.6299023290758828
0.8771709562670015,0.6298076923076923
0.8771709562670015,0.6297130839717591
0.8771709562670015,0.6296185040552719
0.8771709562670015,0.6295239525454273
0.8771709562670015,0.6294294294294295
0.8771709562670015,0.6293349346944903
0.8771709562670015,0.6292404683278294
0.8771709562670015,0.6291460303166742
0.8771709562670015,0.6290516206482593
0.8773802050638209,0.6291072768192048
0.8773802050638209,0.629012901290129
0.8773802050638209,0.6289185540722964
0.8773802050638209,0.6288242351529694
0.8773802050638209,0.6287299445194182
0.8773802050638209,0.6286356821589205
0.8773802050638209,0.6285414480587618
0.8775894538606404,0.6285971223021583
0.8775894538606404,0.6285029222238873
0.8775894538606404,0.628408750374588
0.8775894538606404,0.628314606741573
0.8775894538606404,0.628220491312163
0.8775894538606404,0.6281264040736858
0.8775894538606404,0.628032345013477
0.8775894538606404,0.6279383141188801
0.8775894538606404,0.6278443113772455
0.8775894538606404,0.6277503367759317
0.8775894538606404,0.6276563903023047
0.8775894538606404,0.6275624719437378
0.8775894538606404,0.6274685816876122
0.8775894538606404,0.6273747195213164
0.8775894538606404,0.6272808854322465
0.8775894538606404,0.6271870794078062
0.8775894538606404,0.6270933014354066
0.8775894538606404,0.6269995515024668
0.8775894538606404,0.6269058295964126
0.8775894538606404,0.626812135704678
0.8775894538606404,0.6267184698147041
0.8775894538606404,0.6266248319139399
0.8775894538606404,0.6265312219898417
0.8775894538606404,0.626437640029873
0.8777987026574597,0.6264934289127837
0.8777987026574597,0.6263998805435269
0.8777987026574597,0.6263063601074947
0.8777987026574597,0.626212867592178
0.8777987026574597,0.6261194029850746
0.8777987026574597,0.6260259662736904
0.8777987026574597,0.6259325574455387
0.8780079514542791,0.6259883634193645
0.8780079514542791,0.6258949880668258
0.8780079514542791,0.6258016405667413
0.8780079514542791,0.6257083209066507
0.8780079514542791,0.6256150290741017
0.8782172002510985,0.6256708407871199
0.8782172002510985,0.6255775823520644
0.8782172002510985,0.62548435171386
0.8782172002510985,0.6253911488600805
0.878426449047918,0.6254469606674613
0.878426449047918,0.6253537911514971
0.878426449047918,0.6252606493893357
0.878426449047918,0.6251675353685778
0.878426449047918,0.6250744490768314
0.878426449047918,0.6249813905017121
0.878426449047918,0.6248883596308425
0.878426449047918,0.6247953564518529
0.8786356978447374,0.6248511904761904
0.8786356978447374,0.6247582205029013
0.8786356978447374,0.6246652781910146
0.8786356978447374,0.6245723635281868
0.8786356978447374,0.6244794765020821
0.8786356978447374,0.6243866171003718
0.8786356978447374,0.6242937853107344
0.8786356978447374,0.6242009811208562
0.8786356978447374,0.6241082045184304
0.8786356978447374,0.6240154554911577
0.8786356978447374,0.6239227340267459
0.8786356978447374,0.6238300401129104
0.8786356978447374,0.6237373737373737
0.8786356978447374,0.6236447348878658
0.8786356978447374,0.6235521235521235
0.8786356978447374,0.6234595397178916
0.8786356978447374,0.6233669833729216
0.8786356978447374,0.6232744545049725
0.8786356978447374,0.6231819531018107
0.8786356978447374,0.6230894791512094
0.8786356978447374,0.6229970326409495
0.8786356978447374,0.6229046135588192
0.8786356978447374,0.6228122218926134
0.8786356978447374,0.6227198576301349
0.8786356978447374,0.6226275207591934
0.8786356978447374,0.6225352112676056
0.8786356978447374,0.622442929143196
0.8786356978447374,0.6223506743737958
0.8786356978447374,0.6222584469472436
0.8786356978447374,0.6221662468513854
0.8786356978447374,0.6220740740740741
0.8786356978447374,0.6219819286031699
0.8786356978447374,0.6218898104265402
0.8786356978447374,0.6217977195320599
0.8786356978447374,0.6217056559076103
0.8786356978447374,0.6216136195410806
0.8786356978447374,0.6215216104203671
0.8786356978447374,0.6214296285333728
0.8786356978447374,0.6213376738680083
0.8786356978447374,0.6212457464121911
0.8786356978447374,0.6211538461538462
0.8786356978447374,0.6210619730809052
0.8786356978447374,0.6209701271813073
0.8786356978447374,0.6208783084429986
0.8786356978447374,0.6207865168539326
0.8786356978447374,0.6206947524020695
0.8786356978447374,0.6206030150753769
0.8786356978447374,0.6205113048618295
0.8786356978447374,0.620419621749409
0.8786356978447374,0.6203279657261043
0.8786356978447374,0.6202363367799114
0.8786356978447374,0.6201447348988333
0.8786356978447374,0.6200531600708801
0.8786356978447374,0.6199616122840691
0.8786356978447374,0.6198700915264246
0.8786356978447374,0.6197785977859779
0.8786356978447374,0.6196871310507674
0.8786356978447374,0.6195956913088387
0.8786356978447374,0.6195042785482443
0.8786356978447374,0.6194128927570438
0.8786356978447374,0.6193215339233038
0.8786356978447374,0.619230202035098
0.8786356978447374,0.6191388970805072
0.8788449466415568,0.6191950464396285
0.8788449466415568,0.6191037735849056
0.8788449466415568,0.6190125276344879
0.8788449466415568,0.618921308576481
0.8788449466415568,0.6188301163989981
0.8788449466415568,0.6187389510901591
0.8788449466415568,0.618647812638091
0.8788449466415568,0.6185567010309279
0.8788449466415568,0.6184656162568105
0.8788449466415568,0.6183745583038869
0.8788449466415568,0.6182835271603121
0.8788449466415568,0.6181925228142479
0.8788449466415568,0.6181015452538632
0.8788449466415568,0.6180105944673338
0.8788449466415568,0.6179196704428425
0.8788449466415568,0.617828773168579
0.8788449466415568,0.6177379026327401
0.8788449466415568,0.6176470588235294
0.8788449466415568,0.6175562417291575
0.8788449466415568,0.6174654513378418
0.8788449466415568,0.6173746876378069
0.8788449466415568,0.6172839506172839
0.8788449466415568,0.6171932402645114
0.8788449466415568,0.6171025565677344
0.8788449466415568,0.617011899515205
0.8788449466415568,0.6169212690951822
0.8788449466415568,0.6168306652959319
0.8788449466415568,0.6167400881057269
0.8788449466415568,0.6166495375128469
0.8788449466415568,0.6165590135055784
0.8788449466415568,0.6164685160722149
0.8788449466415568,0.6163780452010567
0.8790541954383763,0.6164343360234776
0.8790541954383763,0.616343896713615
0.8790541954383763,0.6162534839372158
0.8790541954383763,0.6161630976826049
0.8790541954383763,0.6160727379381141
0.8790541954383763,0.6159824046920821
0.8790541954383763,0.6158920979328544
0.8790541954383763,0.6158018176487834
0.8790541954383763,0.615711563828228
0.8790541954383763,0.6156213364595545
0.8790541954383763,0.6155311355311355
0.8790541954383763,0.6154409610313507
0.8790541954383763,0.6153508129485865
0.8790541954383763,0.6152606912712361
0.8792634442351956,0.6153170303119051
0.8792634442351956,0.6152269399707174
0.8792634442351956,0.6151368760064412
0.8792634442351956,0.6150468384074942
0.8792634442351956,0.6149568271623006
0.8792634442351956,0.6148668422592918
0.8792634442351956,0.6147768836869056
0.8792634442351956,0.6146869514335869
0.8792634442351956,0.614597045487787
0.8792634442351956,0.6145071658379643
0.8792634442351956,0.6144173124725837
0.8792634442351956,0.6143274853801169
0.879472693032015,0.6143838620084783
0.879472693032015,0.6142940660625548
0.879472693032015,0.6142042963612451
0.879472693032015,0.614114552893045
0.879472693032015,0.6140248356464573
0.879472693032015,0.6139351446099912
0.879472693032015,0.613845479772163
0.879472693032015,0.6137558411214953
0.879472693032015,0.6136662286465178
0.879472693032015,0.6135766423357665
0.879472693032015,0.6134870821777842
0.879472693032015,0.6133975481611208
0.879472693032015,0.6133080402743324
0.879472693032015,0.613218558505982
0.879472693032015,0.613129102844639
0.8796819418288345,0.6131855309218203
0.8796819418288345,0.6130961061688786
0.8796819418288345,0.6130067074948965
0.8796819418288345,0.6129173348884677
0.8796819418288345,0.6128279883381924
0.8796819418288345,0.6127386678326775
0.8796819418288345,0.6126493733605363
0.8796819418288345,0.612560104910389
0.8796819418288345,0.6124708624708625
0.8796819418288345,0.61238164603059
0.8796819418288345,0.6122924555782114
0.8796819418288345,0.6122032911023737
0.8796819418288345,0.6121141525917297
0.8796819418288345,0.6120250400349396
0.8796819418288345,0.6119359534206695
0.8796819418288345,0.6118468927375927
0.8796819418288345,0.6117578579743889
0.8796819418288345,0.611668849119744
0.8796819418288345,0.6115798661623509
0.8796819418288345,0.6114909090909091
0.8796819418288345,0.6114019778941245
0.8796819418288345,0.6113130725607097
0.8796819418288345,0.6112241930793836
0.8798911906256539,0.6112807094054369
0.8798911906256539,0.6111918604651163
0.8798911906256539,0.6111030373492224
0.8798911906256539,0.6110142400464981
0.8798911906256539,0.6109254685456923
0.8801004394224733,0.6109819872167345
0.8801004394224733,0.6108932461873638
0.8801004394224733,0.6108045309323265
0.8801004394224733,0.6107158414403949
0.8801004394224733,0.6106271777003485
0.8801004394224733,0.6105385397009726
0.8801004394224733,0.6104499274310595
0.8801004394224733,0.610361340879408
0.8801004394224733,0.610272780034823
0.8801004394224733,0.6101842448861163
0.8801004394224733,0.6100957354221062
0.8801004394224733,0.6100072516316171
0.8801004394224733,0.6099187935034803
0.8801004394224733,0.6098303610265333
0.8801004394224733,0.6097419541896202
0.8801004394224733,0.6096535729815915
0.8801004394224733,0.6095652173913043
0.8803096882192928,0.6096217939429068
0.8803096882192928,0.6095334685598377
0.8803096882192928,0.6094451687672027
0.8803096882192928,0.6093568945538818
0.8803096882192928,0.6092686459087617
0.8803096882192928,0.6091804228207356
0.8803096882192928,0.6090922252787028
0.8803096882192928,0.6090040532715691
0.8803096882192928,0.6089159067882473
0.8803096882192928,0.6088277858176556
0.8803096882192928,0.6087396903487194
0.8803096882192928,0.6086516203703703
0.8803096882192928,0.6085635758715464
0.8803096882192928,0.6084755568411918
0.8803096882192928,0.6083875632682574
0.8803096882192928,0.6082995951417004
0.8803096882192928,0.6082116524504844
0.8803096882192928,0.6081237351835791
0.8803096882192928,0.608035843329961
0.8803096882192928,0.6079479768786127
0.8803096882192928,0.6078601358185234
0.8803096882192928,0.6077723201386882
0.8803096882192928,0.6076845298281092
0.8803096882192928,0.6075967648757944
0.8803096882192928,0.6075090252707581
0.8803096882192928,0.6074213110020213
0.8803096882192928,0.6073336220586112
0.8803096882192928,0.6072459584295612
0.8803096882192928,0.6071583201039111
0.8803096882192928,0.6070707070707071
0.8803096882192928,0.6069831193190016
0.8803096882192928,0.6068955568378535
0.8803096882192928,0.6068080196163277
0.8803096882192928,0.6067205076434958
0.8803096882192928,0.6066330209084355
0.8803096882192928,0.6065455594002307
0.8803096882192928,0.6064581231079718
0.8803096882192928,0.6063707120207552
0.8803096882192928,0.6062833261276841
0.8803096882192928,0.6061959654178675
0.8803096882192928,0.6061086298804207
0.8803096882192928,0.6060213195044656
0.8803096882192928,0.6059340342791301
0.8803096882192928,0.6058467741935484
0.8803096882192928,0.6057595392368611
0.8803096882192928,0.6056723293982148
0.8803096882192928,0.6055851446667626
0.8803096882192928,0.6054979850316637
0.8803096882192928,0.6054108504820838
0.8803096882192928,0.6053237410071942
0.8803096882192928,0.6052366565961732
0.8803096882192928,0.6051495972382048
0.8803096882192928,0.6050625629224795
0.8803096882192928,0.6049755536381939
0.8803096882192928,0.6048885693745507
0.8803096882192928,0.6048016101207591
0.8803096882192928,0.6047146758660342
0.8803096882192928,0.6046277665995976
0.8803096882192928,0.6045408823106768
0.8803096882192928,0.6044540229885057
0.8805189370161122,0.6045108461427956
0.8805189370161122,0.6044240160873312
0.8805189370161122,0.6043372109722821
0.8805189370161122,0.6042504307869041
0.8805189370161122,0.6041636755204595
0.8805189370161122,0.6040769451622164
0.8805189370161122,0.6039902397014497
0.8805189370161122,0.6039035591274398
0.8805189370161122,0.6038169034294734
0.8805189370161122,0.6037302725968436
0.8807281858129316,0.6037871180605365
0.8807281858129316,0.6037005163511188
0.8807281858129316,0.6036139394808547
0.8807281858129316,0.6035273874390593
0.8807281858129316,0.6034408602150537
0.8807281858129316,0.6033543577981652
0.8807281858129316,0.6032678801777268
0.8807281858129316,0.6031814273430782
0.8807281858129316,0.603094999283565
0.8807281858129316,0.6030085959885387
0.8807281858129316,0.6029222174473571
0.8807281858129316,0.6028358636493841
0.8807281858129316,0.6027495345839897
0.8807281858129316,0.6026632302405498
0.8807281858129316,0.6025769506084466
0.8807281858129316,0.6024906956770685
0.8807281858129316,0.6024044654358094
0.8807281858129316,0.6023182598740698
0.8807281858129316,0.6022320789812563
0.8807281858129316,0.6021459227467811
0.8807281858129316,0.6020597911600629
0.880937434609751,0.602116704805492
0.880937434609751,0.602030602030602
0.880937434609751,0.6019445238776093
0.880937434609751,0.6018584703359543
0.880937434609751,0.6017724413950829
0.880937434609751,0.6016864370444476
0.8811466834065704,0.6017433552443555
0.8811466834065704,0.6016573796256608
0.8811466834065704,0.6015714285714285
0.8811466834065704,0.6014855020711327
0.8811466834065704,0.6013996001142531
0.8811466834065704,0.6013137226902756
0.8811466834065704,0.6012278697886921
0.8811466834065704,0.6011420413990007
0.8811466834065704,0.6010562375107051
0.8811466834065704,0.6009704581133153
0.8811466834065704,0.600884703196347
0.8811466834065704,0.6007989727493223
0.8811466834065704,0.600713266761769
0.8813559322033898,0.6007702182284981
0.8813559322033898,0.6006845407872219
0.8813559322033898,0.6005988877798375
0.8813559322033898,0.6005132591958939
0.8813559322033898,0.6004276550249465
0.8813559322033898,0.6003420752565565
0.8813559322033898,0.6002565198802907
0.8815651810002092,0.6003134796238244
0.8815651810002092,0.6002279526998148
0.8815651810002092,0.6001424501424502
0.8815651810002092,0.6000569719413189
0.8815651810002092,0.5999715180860153
0.8815651810002092,0.5998860885661398
0.8815651810002092,0.5998006833712984
0.8815651810002092,0.5997153024911032
0.8815651810002092,0.5996299459151723
0.8815651810002092,0.5995446136331294
0.8815651810002092,0.5994593056346045
0.8815651810002092,0.5993740219092332
0.8815651810002092,0.5992887624466572
0.8815651810002092,0.5992035272365239
0.8815651810002092,0.5991183162684869
0.8815651810002092,0.5990331295322053
0.8815651810002092,0.5989479670173443
0.8815651810002092,0.598862828713575
0.8815651810002092,0.5987777146105742
0.8815651810002092,0.5986926246980248
0.8815651810002092,0.5986075589656152
0.8815651810002092,0.5985225174030402
0.8815651810002092,0.5984375
0.8815651810002092,0.5983525067462008
0.8815651810002092,0.5982675376313548
0.8815651810002092,0.5981825926451796
0.8815651810002092,0.5980976717773993
0.8815651810002092,0.5980127750177431
0.8815651810002092,0.5979279023559466
0.8815651810002092,0.5978430537817511
0.8815651810002092,0.5977582292849035
0.8815651810002092,0.5976734288551567
0.8815651810002092,0.5975886524822696
0.8815651810002092,0.5975039001560063
0.8815651810002092,0.5974191718661372
0.8815651810002092,0.5973344676024387
0.8817744297970287,0.5973915508931102
0.8817744297970287,0.5973068745570518
0.8817744297970287,0.5972222222222222
0.8817744297970287,0.5971375938784186
0.8817744297970287,0.5970529895154435
0.8817744297970287,0.5969684091231052
0.8817744297970287,0.5968838526912181
0.8817744297970287,0.596799320209602
0.8817744297970287,0.5967148116680827
0.8817744297970287,0.5966303270564915
0.8817744297970287,0.5965458663646659
0.8817744297970287,0.5964614295824487
0.8817744297970287,0.5963770166996887
0.8817744297970287,0.5962926277062403
0.8817744297970287,0.5962082625919638
0.8817744297970287,0.5961239213467251
0.8817744297970287,0.596039603960396
0.8817744297970287,0.5959553104228539
0.8817744297970287,0.5958710407239819
0.8817744297970287,0.5957867948536689
0.8817744297970287,0.5957025728018095
0.8817744297970287,0.5956183745583039
0.8817744297970287,0.5955342001130582
0.8817744297970287,0.5954500494559841
0.8819836785938481,0.5955072054252614
0.8819836785938481,0.595423082356265
0.8819836785938481,0.5953389830508474
0.8819836785938481,0.5952549074989408
0.8819836785938481,0.5951708556904829
0.8819836785938481,0.5950868276154172
0.8821929273906675,0.5951439864483343
0.8821929273906675,0.595059985885674
0.8821929273906675,0.5949760090318938
0.8821929273906675,0.5948920558769578
0.8821929273906675,0.5948081264108352
0.8821929273906675,0.5947242206235012
0.8821929273906675,0.5946403385049366
0.8821929273906675,0.5945564800451276
0.8821929273906675,0.5944726452340665
0.8821929273906675,0.594388834061751
0.8821929273906675,0.5943050465181844
0.8821929273906675,0.5942212825933756
0.8821929273906675,0.5941375422773394
0.8821929273906675,0.5940538255600958
0.8821929273906675,0.5939701324316708
0.8821929273906675,0.5938864628820961
0.882402176187487,0.593943661971831
0.882402176187487,0.593860019715533
0.882402176187487,0.5937764010137989
0.882402176187487,0.5936928058566803
0.882402176187487,0.5936092342342343
0.882402176187487,0.5935256861365236
0.882402176187487,0.5934421615536166
0.882402176187487,0.5933586604755875
0.882402176187487,0.5932751828925155
0.882402176187487,0.5931917287944859
0.882402176187487,0.5931082981715893
0.882402176187487,0.5930248910139221
0.882402176187487,0.592941507311586
0.882402176187487,0.5928581470546886
0.882402176187487,0.5927748102333427
0.882402176187487,0.5926914968376669
0.882402176187487,0.5926082068577853
0.882402176187487,0.5925249402838274
0.882402176187487,0.5924416971059286
0.882402176187487,0.5923584773142295
0.882402176187487,0.5922752808988764
0.882402176187487,0.5921921078500211
0.882402176187487,0.5921089581578208
0.882402176187487,0.5920258318124386
0.882402176187487,0.5919427288040426
0.8826114249843063,0.592
0.8826114249843063,0.5919169239404996
0.8826114249843063,0.5918338711940508
0.8826114249843063,0.5917508417508418
0.8826114249843063,0.5916678356010661
0.8826114249843063,0.5915848527349229
0.8826114249843063,0.5915018931426167
0.8826114249843063,0.5914189568143579
0.8826114249843063,0.5913360437403617
0.8826114249843063,0.5912531539108494
0.8826114249843063,0.5911702873160477
0.8826114249843063,0.5910874439461884
0.8826114249843063,0.5910046237915091
0.8826114249843063,0.5909218268422527
0.8826114249843063,0.5908390530886679
0.8826114249843063,0.5907563025210084
0.8828206737811257,0.5908136115390001
0.8828206737811257,0.5907308877065248
0.8828206737811257,0.5906481870362593
0.8828206737811257,0.5905655095184771
0.8828206737811257,0.590482855143457
0.8828206737811257,0.5904002239014834
0.8828206737811257,0.5903176157828459
0.8828206737811257,0.59023503077784
0.8828206737811257,0.590152468876766
0.8828206737811257,0.59006993006993
0.8828206737811257,0.5899874143476437
0.8828206737811257,0.5899049217002237
0.8828206737811257,0.5898224521179924
0.8828206737811257,0.5897400055912776
0.8828206737811257,0.5896575821104123
0.8828206737811257,0.5895751816657351
0.8828206737811257,0.5894928042475898
0.8828206737811257,0.5894104498463257
0.8828206737811257,0.5893281184522978
0.8828206737811257,0.589245810055866
0.8828206737811257,0.5891635246473956
0.8828206737811257,0.5890812622172578
0.8828206737811257,0.5889990227558286
0.8828206737811257,0.5889168062534896
0.8828206737811257,0.5888346127006281
0.8828206737811257,0.5887524420876361
0.8828206737811257,0.5886702944049114
0.8828206737811257,0.5885881696428571
0.8828206737811257,0.5885060677918817
0.8828206737811257,0.5884239888423989
0.8828206737811257,0.5883419327848278
0.8828206737811257,0.5882598996095929
0.8828206737811257,0.5881778893071239
0.8828206737811257,0.5880959018678561
0.8828206737811257,0.58801393728223
0.8828206737811257,0.5879319955406912
0.8828206737811257,0.5878500766336909
0.8828206737811257,0.5877681805516857
0.8828206737811257,0.5876863072851372
0.8828206737811257,0.5876044568245126
0.8828206737811257,0.5875226291602841
0.8828206737811257,0.5874408242829295
0.8828206737811257,0.5873590421829319
0.8828206737811257,0.5872772828507795
0.8828206737811257,0.5871955462769659
0.8828206737811257,0.58711383245199
0.8828206737811257,0.587032141366356
0.8828206737811257,0.5869504730105731
0.8830299225779452,0.5870079287800807
0.8830299225779452,0.5869262865090403
0.8830299225779452,0.5868446669447921
0.8830299225779452,0.5867630700778643
0.8830299225779452,0.5866814958987905
0.8830299225779452,0.5865999443981096
0.8830299225779452,0.5865184155663655
0.8830299225779452,0.5864369093941079
0.8830299225779452,0.586355425871891
0.8830299225779452,0.5862739649902751
0.8830299225779452,0.586192526739825
0.8830299225779452,0.5861111111111111
0.8830299225779452,0.586029718094709
0.8830299225779452,0.5859483476811996
0.8830299225779452,0.585866999861169
0.8830299225779452,0.5857856746252083
0.8830299225779452,0.5857043719639139
0.8830299225779452,0.5856230918678879
0.8830299225779452,0.5855418343277369
0.8832391713747646,0.5855993340732519
0.8832391713747646,0.5855181023720349
0.8832391713747646,0.5854368932038835
0.8832391713747646,0.5853557065594232
0.8832391713747646,0.5852745424292846
0.8832391713747646,0.5851934008041036
0.8832391713747646,0.5851122816745218
0.8832391713747646,0.585031185031185
0.8832391713747646,0.584950110864745
0.8832391713747646,0.5848690591658584
0.8832391713747646,0.5847880299251871
0.8832391713747646,0.584707023133398
0.8832391713747646,0.5846260387811635
0.8832391713747646,0.5845450768591608
0.8832391713747646,0.5844641373580726
0.8832391713747646,0.5843832202685865
0.8832391713747646,0.5843023255813954
0.8832391713747646,0.5842214532871972
0.883448420171584,0.5842789925269859
0.883448420171584,0.5841981458419815
0.883448420171584,0.5841173215273935
0.883448420171584,0.5840365195739383
0.883448420171584,0.5839557399723375
0.883448420171584,0.5838749827133176
0.883448420171584,0.5837942477876106
0.883448420171584,0.5837135351859533
0.883448420171584,0.5836328448990876
0.883448420171584,0.5835521769177608
0.883448420171584,0.5834715312327252
0.883448420171584,0.5833909078347381
0.883448420171584,0.5833103067145621
0.883448420171584,0.5832297278629645
0.883448420171584,0.5831491712707182
0.883448420171584,0.583068636928601
0.883448420171584,0.5829881248273957
0.883448420171584,0.5829076349578903
0.883448420171584,0.5828271673108779
0.883448420171584,0.5827467218771567
0.883448420171584,0.5826662986475297
0.883448420171584,0.5825858976128053
0.883448420171584,0.5825055187637969
0.883448420171584,0.5824251620913229
0.883448420171584,0.5823448275862069
0.883448420171584,0.5822645152392774
0.8836576689684035,0.5823221180364038
0.8836576689684035,0.5822418309664966
0.8836576689684035,0.5821615660325338
0.8836576689684035,0.5820813232253618
0.8836576689684035,0.5820011025358324
0.8836576689684035,0.5819209039548022
0.8836576689684035,0.5818407274731331
0.8836576689684035,0.5817605730816917
0.8836576689684035,0.5816804407713498
0.8836576689684035,0.5816003305329844
0.8836576689684035,0.5815202423574772
0.8836576689684035,0.5814401762357153
0.8836576689684035,0.5813601321585903
0.8836576689684035,0.5812801101169993
0.8836576689684035,0.5812001101018442
0.8836576689684035,0.5811201321040319
0.8836576689684035,0.5810401761144744
0.8836576689684035,0.5809602421240886
0.8836576689684035,0.5808803301237965
0.8836576689684035,0.5808004401045248
0.8836576689684035,0.5807205720572057
0.8836576689684035,0.580640725972776
0.8836576689684035,0.5805609018421776
0.8836576689684035,0.5804810996563574
0.8836576689684035,0.5804013194062672
0.8836576689684035,0.5803215610828638
0.8836576689684035,0.580241824677109
0.8836576689684035,0.5801621101799698
0.8836576689684035,0.5800824175824176
0.8836576689684035,0.5800027468754292
0.8836576689684035,0.5799230980499863
0.8838669177652229,0.5799807771522724
0.8838669177652229,0.5799011532125206
0.8838669177652229,0.5798215511324639
0.8838669177652229,0.5797419709031019
0.8838669177652229,0.5796624125154385
0.8840761665620422,0.5797200878155873
0.8840761665620422,0.5796405542598436
0.8840761665620422,0.5795610425240055
0.8840761665620422,0.5794815525990947
0.8840761665620422,0.5794020844761383
0.8840761665620422,0.5793226381461676
0.8840761665620422,0.5792432136002194
0.8840761665620422,0.5791638108293352
0.8840761665620422,0.5790844298245614
0.8840761665620422,0.5790050705769494
0.8840761665620422,0.5789257330775555
0.8840761665620422,0.5788464173174408
0.8842854153588617,0.5789041095890411
0.8842854153588617,0.5788248185180113
0.8842854153588617,0.5787455491646124
0.8842854153588617,0.5786663015199233
0.8842854153588617,0.5785870755750274
0.8842854153588617,0.578507871321013
0.8842854153588617,0.5784286887489735
0.8842854153588617,0.5783495278500068
0.8842854153588617,0.5782703886152162
0.8844946641556811,0.5783280886578192
0.8844946641556811,0.578248974008208
0.8844946641556811,0.578169881001231
0.8844946641556811,0.5780908096280087
0.8844946641556811,0.5780117598796664
0.8844946641556811,0.5779327317473338
0.8844946641556811,0.5778537252221463
0.8844946641556811,0.5777747402952433
0.8844946641556811,0.5776957769577695
0.8844946641556811,0.5776168352008746
0.8844946641556811,0.5775379150157125
0.8844946641556811,0.5774590163934427
0.8844946641556811,0.5773801393252288
0.8844946641556811,0.5773012838022398
0.8844946641556811,0.5772224498156493
0.8844946641556811,0.5771436373566358
0.8844946641556811,0.5770648464163822
0.8844946641556811,0.576986076986077
0.8844946641556811,0.5769073290569128
0.8844946641556811,0.5768286026200873
0.8844946641556811,0.5767498976668031
0.8844946641556811,0.5766712141882674
0.8844946641556811,0.5765925521756923
0.8847039129525005,0.5766503000545554
0.8847039129525005,0.5765716623482886
0.8847039129525005,0.5764930460867194
0.8847039129525005,0.576414451261077
0.8847039129525005,0.5763358778625954
0.8847039129525005,0.5762573258825133
0.8847039129525005,0.5761787953120742
0.8847039129525005,0.5761002861425262
0.8847039129525005,0.5760217983651226
0.8847039129525005,0.5759433319711211
0.8847039129525005,0.5758648869517843
0.8847039129525005,0.5757864632983795
0.8847039129525005,0.5757080610021786
0.8847039129525005,0.5756296800544588
0.8847039129525005,0.5755513204465015
0.8847039129525005,0.5754729821695931
0.8847039129525005,0.5753946652150245
0.8847039129525005,0.5753163695740917
0.8847039129525005,0.5752380952380952
0.8847039129525005,0.5751598421983404
0.8847039129525005,0.5750816104461371
0.8847039129525005,0.5750033999728003
0.8847039129525005,0.5749252107696492
0.8847039129525005,0.5748470428280081
0.8847039129525005,0.5747688961392061
0.8847039129525005,0.5746907706945766
0.8849131617493199,0.5747485729817885
0.8849131617493199,0.5746704715314581
0.8849131617493199,0.5745923913043478
0.8849131617493199,0.5745143322918081
0.8849131617493199,0.5744362944851943
0.8849131617493199,0.5743582778758658
0.8849131617493199,0.5742802824551874
0.8849131617493199,0.5742023082145282
0.8849131617493199,0.574124355145262
0.8849131617493199,0.5740464232387674
0.8849131617493199,0.5739685124864278
0.8849131617493199,0.5738906228796309
0.8849131617493199,0.5738127544097693
0.8849131617493199,0.5737349070682404
0.8849131617493199,0.5736570808464461
0.8849131617493199,0.5735792757357927
0.8849131617493199,0.5735014917276919
0.8849131617493199,0.5734237288135593
0.8849131617493199,0.5733459869848156
0.8849131617493199,0.573268266232886
0.8849131617493199,0.5731905665492003
0.8849131617493199,0.5731128879251931
0.8849131617493199,0.5730352303523035
0.8849131617493199,0.5729575938219753
0.8849131617493199,0.572879978325657
0.8849131617493199,0.5728023838548015
0.8849131617493199,0.5727248104008668
0.8849131617493199,0.5726472579553148
0.8849131617493199,0.5725697265096128
0.8849131617493199,0.5724922160552322
0.8849131617493199,0.5724147265836491
0.8849131617493199,0.5723372580863446
0.8849131617493199,0.5722598105548038
0.8849131617493199,0.5721823839805168
0.8849131617493199,0.5721049783549783
0.8849131617493199,0.5720275936696876
0.8849131617493199,0.5719502299161482
0.8849131617493199,0.5718728870858688
0.8849131617493199,0.5717955651703623
0.8849131617493199,0.5717182641611465
0.8849131617493199,0.5716409840497432
0.8849131617493199,0.5715637248276794
0.8849131617493199,0.5714864864864865
0.8849131617493199,0.5714092690177003
0.8849131617493199,0.5713320724128614
0.8849131617493199,0.5712548966635148
0.8849131617493199,0.5711777417612102
0.8849131617493199,0.5711006076975017
0.8849131617493199,0.5710234944639482
0.8849131617493199,0.5709464020521129
0.8849131617493199,0.5708693304535637
0.8849131617493199,0.5707922796598731
0.8849131617493199,0.5707152496626181
0.8849131617493199,0.5706382404533801
0.8849131617493199,0.5705612520237453
0.8849131617493199,0.5704842843653042
0.8849131617493199,0.570407337469652
0.8849131617493199,0.5703304113283884
0.8849131617493199,0.5702535059331176
0.8849131617493199,0.5701766212754483
0.8849131617493199,0.5700997573469938
0.8849131617493199,0.5700229141393719
0.8849131617493199,0.5699460916442048
0.8849131617493199,0.5698692898531196
0.8849131617493199,0.5697925087577472
0.8849131617493199,0.5697157483497238
0.8849131617493199,0.5696390086206896
0.8849131617493199,0.5695622895622896
0.8849131617493199,0.5694855911661729
0.8849131617493199,0.5694089134239936
0.8849131617493199,0.5693322563274098
0.8849131617493199,0.5692556198680845
0.8849131617493199,0.5691790040376851
0.8849131617493199,0.5691024088278832
0.8849131617493199,0.5690258342303552
0.8849131617493199,0.5689492802367819
0.8849131617493199,0.5688727468388486
0.8849131617493199,0.5687962340282448
0.8849131617493199,0.5687197417966648
0.8849131617493199,0.5686432701358074
0.8849131617493199,0.5685668190373756
0.8849131617493199,0.568490388493077
0.8849131617493199,0.5684139784946236
0.8849131617493199,0.568337589033732
0.8849131617493199,0.5682612201021231
0.8849131617493199,0.5681848716915222
0.8849131617493199,0.5681085437936593
0.8849131617493199,0.5680322364002687
0.8849131617493199,0.5679559495030889
0.8849131617493199,0.5678796830938633
0.8851224105461394,0.567937701396348
0.8851224105461394,0.5678614579138139
0.8851224105461394,0.5677852348993289
0.8851224105461394,0.5677090323446518
0.8851224105461394,0.5676328502415459
0.8853316593429588,0.5676908627398363
0.8853316593429588,0.5676147035148913
0.8853316593429588,0.5675385647216633
0.8853316593429588,0.5674624463519313
0.8853316593429588,0.5673863483974789
0.8853316593429588,0.5673102708500939
0.8853316593429588,0.5672342137015686
0.8853316593429588,0.5671581769436997
0.8853316593429588,0.5670821605682884
0.8853316593429588,0.5670061645671401
0.8853316593429588,0.5669301889320648
0.8853316593429588,0.5668542336548767
0.8853316593429588,0.5667782987273945
0.8853316593429588,0.5667023841414413
0.8853316593429588,0.5666264898888442
0.8853316593429588,0.5665506159614354
0.8853316593429588,0.566474762351051
0.8853316593429588,0.5663989290495315
0.8853316593429588,0.5663231160487218
0.8853316593429588,0.5662473233404711
0.8853316593429588,0.5661715509166332
0.8853316593429588,0.5660957987690661
0.8853316593429588,0.5660200668896321
0.8853316593429588,0.5659443552701979
0.8853316593429588,0.5658686639026348
0.8853316593429588,0.5657929927788179
0.8853316593429588,0.5657173418906271
0.8853316593429588,0.5656417112299466
0.8853316593429588,0.5655661007886646
0.8853316593429588,0.5654905105586742
0.8853316593429588,0.5654149405318722
0.8853316593429588,0.5653393907001604
0.8853316593429588,0.5652638610554442
0.8853316593429588,0.565188351589634
0.8853316593429588,0.5651128622946441
0.8855409081397781,0.5651709401709402
0.8855409081397781,0.5650954733609294
0.8855409081397781,0.5650200267022697
0.8855409081397781,0.564944600186891
0.8855409081397781,0.5648691938067272
0.8855409081397781,0.5647938075537168
0.8855409081397781,0.5647184414198025
0.8855409081397781,0.5646430953969312
0.8855409081397781,0.5645677694770544
0.8855409081397781,0.5644924636521275
0.8855409081397781,0.5644171779141104
0.8855409081397781,0.5643419122549673
0.8855409081397781,0.5642666666666667
0.8855409081397781,0.5641914411411811
0.8855409081397781,0.5641162356704879
0.8855409081397781,0.564041050246568
0.8855409081397781,0.5639658848614072
0.8855409081397781,0.5638907395069953
0.8855409081397781,0.5638156141753264
0.8855409081397781,0.5637405088583989
0.8855409081397781,0.5636654235482152
0.8855409081397781,0.5635903582367825
0.8855409081397781,0.5635153129161119
0.8855409081397781,0.5634402875782186
0.8855409081397781,0.5633652822151225
0.8855409081397781,0.5632902968188473
0.8855409081397781,0.5632153313814213
0.8855409081397781,0.5631403858948769
0.8855409081397781,0.5630654603512507
0.8855409081397781,0.5629905547425835
0.8855409081397781,0.5629156690609205
0.8855409081397781,0.562840803298311
0.8855409081397781,0.5627659574468085
0.8855409081397781,0.5626911314984709
0.8855409081397781,0.5626163254453602
0.8855409081397781,0.5625415392795428
0.8855409081397781,0.5624667729930888
0.8855409081397781,0.5623920265780731
0.8855409081397781,0.5623173000265745
0.8855409081397781,0.5622425933306763
0.8855409081397781,0.5621679064824655
0.8855409081397781,0.5620932394740338
0.8855409081397781,0.5620185922974767
0.8855409081397781,0.5619439649448944
0.8855409081397781,0.5618693574083908
0.8855409081397781,0.5617947696800744
0.8855409081397781,0.5617202017520574
0.8855409081397781,0.5616456536164566
0.8855409081397781,0.5615711252653928
0.8855409081397781,0.5614966166909912
0.8855409081397781,0.5614221278853807
0.8855409081397781,0.561347658840695
0.8855409081397781,0.5612732095490717
0.8855409081397781,0.5611987800026522
0.8855409081397781,0.5611243701935826
0.8855409081397781,0.561049980114013
0.8855409081397781,0.5609756097560976
0.8855409081397781,0.5609012591119947
0.8855409081397781,0.5608269281738669
0.8855409081397781,0.560752616933881
0.8855409081397781,0.5606783253842077
0.8855409081397781,0.5606040535170221
0.8855409081397781,0.5605298013245034
0.8855409081397781,0.5604555687988346
0.8855409081397781,0.5603813559322034
0.8855409081397781,0.5603071627168013
0.8855409081397781,0.5602329891448239
0.8855409081397781,0.5601588352084712
0.8855409081397781,0.5600847008999471
0.8855409081397781,0.5600105862114596
0.8855409081397781,0.5599364911352209
0.8855409081397781,0.5598624156634475
0.8855409081397781,0.5597883597883598
0.8855409081397781,0.5597143235021822
0.8855409081397781,0.5596403067971436
0.8855409081397781,0.5595663096654767
0.8855409081397781,0.5594923320994183
0.8855409081397781,0.5594183740912095
0.8855409081397781,0.5593444356330954
0.8855409081397781,0.5592705167173252
0.8855409081397781,0.5591966173361522
0.8855409081397781,0.5591227374818338
0.8855409081397781,0.5590488771466314
0.8855409081397781,0.5589750363228108
0.8855409081397781,0.5589012150026413
0.8857501569365976,0.5589594612438927
0.8857501569365976,0.5588856614734619
0.8857501569365976,0.5588118811881189
0.8857501569365976,0.5587381203801478
0.8857501569365976,0.5586643790418372
0.8857501569365976,0.5585906571654791
0.8857501569365976,0.5585169547433698
0.8857501569365976,0.5584432717678101
0.8857501569365976,0.558369608231104
0.8857501569365976,0.5582959641255605
0.8857501569365976,0.558222339443492
0.8857501569365976,0.5581487341772152
0.8857501569365976,0.5580751483190508
0.8857501569365976,0.5580015818613235
0.8857501569365976,0.5579280347963622
0.8857501569365976,0.5578545071164998
0.8857501569365976,0.557780998814073
0.885959405733417,0.5578392621870882
0.885959405733417,0.5577657752601766
0.885959405733417,0.5576923076923077
0.885959405733417,0.557618859475833
0.8861686545302364,0.5576771135106663
0.8861686545302364,0.5576036866359447
0.8861686545302364,0.5575302790942601
0.8861686545302364,0.5574568908779781
0.8861686545302364,0.5573835219794683
0.8861686545302364,0.5573101723911041
0.8861686545302364,0.5572368421052631
0.8861686545302364,0.557163531114327
0.8861686545302364,0.5570902394106814
0.8861686545302364,0.5570169669867158
0.8861686545302364,0.5569437138348238
0.8861686545302364,0.556870479947403
0.8863779033270559,0.5569287404680515
0.8863779033270559,0.556855527803339
0.8865871521238753,0.5569137749737119
0.8865871521238753,0.5568405835195164
0.8865871521238753,0.5567674113009199
0.8865871521238753,0.5566942583103403
0.8865871521238753,0.5566211245401996
0.8865871521238753,0.556548009982924
0.8865871521238753,0.556474914630943
0.8865871521238753,0.5564018384766908
0.8865871521238753,0.556328781512605
0.8865871521238753,0.5562557437311277
0.8867964009206947,0.5563139931740614
0.8867964009206947,0.5562409765061032
0.8867964009206947,0.5561679790026247
0.8867964009206947,0.5560950006560819
0.8867964009206947,0.5560220414589346
0.8867964009206947,0.5559491014036468
0.8867964009206947,0.5558761804826863
0.8867964009206947,0.5558032786885246
0.8867964009206947,0.5557303960136376
0.8867964009206947,0.5556575324505048
0.8870056497175142,0.5557157839538542
0.8870056497175142,0.555642941407786
0.8870056497175142,0.5555701179554391
0.8870056497175142,0.5554973135893068
0.8870056497175142,0.5554245283018868
0.8870056497175142,0.5553517620856806
0.8870056497175142,0.5552790149331936
0.8870056497175142,0.5552062868369352
0.8870056497175142,0.5551335777894185
0.8870056497175142,0.5550608877831609
0.8870056497175142,0.5549882168106834
0.8870056497175142,0.5549155648645111
0.8870056497175142,0.5548429319371728
0.8870056497175142,0.5547703180212014
0.8870056497175142,0.5546977231091338
0.8870056497175142,0.5546251471935104
0.8870056497175142,0.554552590266876
0.8870056497175142,0.554480052321779
0.8870056497175142,0.5544075333507716
0.8870056497175142,0.5543350333464103
0.8870056497175142,0.5542625523012552
0.8870056497175142,0.5541900902078704
0.8870056497175142,0.5541176470588235
0.8870056497175142,0.5540452228466867
0.8870056497175142,0.5539728175640355
0.8870056497175142,0.5539004312034497
0.8870056497175142,0.5538280637575124
0.8870056497175142,0.5537557152188113
0.8870056497175142,0.5536833855799373
0.8870056497175142,0.5536110748334857
0.8870056497175142,0.5535387829720554
0.8870056497175142,0.5534665099882491
0.8870056497175142,0.5533942558746736
0.8870056497175142,0.5533220206239394
0.8870056497175142,0.5532498042286609
0.8872148985143335,0.5533081038757667
0.8872148985143335,0.5532359081419624
0.8872148985143335,0.553163731245923
0.8872148985143335,0.5530915731802766
0.8872148985143335,0.5530194339376548
0.8872148985143335,0.5529473135106938
0.8872148985143335,0.5528752118920328
0.8872148985143335,0.5528031290743155
0.8872148985143335,0.552731065050189
0.8872148985143335,0.5526590198123045
0.8872148985143335,0.5525869933533168
0.8872148985143335,0.5525149856658849
0.8872148985143335,0.552442996742671
0.8872148985143335,0.5523710265763419
0.8872148985143335,0.5522990751595676
0.8872148985143335,0.5522271424850221
0.8872148985143335,0.5521552285453835
0.8872148985143335,0.5520833333333334
0.8872148985143335,0.5520114568415571
0.8872148985143335,0.551939599062744
0.8872148985143335,0.5518677599895874
0.8872148985143335,0.551795939614784
0.8872148985143335,0.5517241379310345
0.8872148985143335,0.5516523549310435
0.8872148985143335,0.5515805906075192
0.8872148985143335,0.5515088449531738
0.8872148985143335,0.5514371179607231
0.8872148985143335,0.5513654096228868
0.8872148985143335,0.5512937199323885
0.8872148985143335,0.5512220488819553
0.8872148985143335,0.5511503964643182
0.8872148985143335,0.5510787626722121
0.8872148985143335,0.5510071474983755
0.8872148985143335,0.5509355509355509
0.8872148985143335,0.5508639729764844
0.8872148985143335,0.5507924136139257
0.8872148985143335,0.5507208728406287
0.8872148985143335,0.5506493506493506
0.8872148985143335,0.5505778470328528
0.8872148985143335,0.5505063619839002
0.8872148985143335,0.5504348954952616
0.8872148985143335,0.5503634475597092
0.8872148985143335,0.5502920181700195
0.8872148985143335,0.5502206073189723
0.8872148985143335,0.5501492149993512
0.8872148985143335,0.550077841203944
0.8872148985143335,0.5500064859255416
0.8872148985143335,0.5499351491569391
0.8872148985143335,0.549863830890935
0.8872148985143335,0.549792531120332
0.8872148985143335,0.5497212498379359
0.8872148985143335,0.5496499870365569
0.8872148985143335,0.5495787427090084
0.8872148985143335,0.5495075168481078
0.8872148985143335,0.5494363094466762
0.8872148985143335,0.5493651204975383
0.8872148985143335,0.5492939499935224
0.8872148985143335,0.5492227979274611
0.8872148985143335,0.5491516642921901
0.8872148985143335,0.549080549080549
0.8872148985143335,0.5490094522853813
0.8872148985143335,0.5489383738995339
0.8872148985143335,0.5488673139158576
0.8872148985143335,0.5487962723272068
0.8872148985143335,0.5487252491264397
0.8872148985143335,0.5486542443064182
0.8872148985143335,0.5485832578600077
0.8872148985143335,0.5485122897800776
0.8872148985143335,0.5484413400595007
0.8872148985143335,0.5483704086911536
0.8872148985143335,0.5482994956679167
0.8872148985143335,0.5482286009826739
0.8872148985143335,0.5481577246283129
0.8872148985143335,0.5480868665977249
0.8872148985143335,0.5480160268838051
0.8872148985143335,0.547945205479452
0.8874241473111529,0.5480036180385063
0.8874241473111529,0.5479328165374677
0.8876333961079724,0.547991215605219
0.8876333961079724,0.5479204339963833
0.8876333961079724,0.5478496706702828
0.8876333961079724,0.5477789256198347
0.8876333961079724,0.54770819883796
0.8876333961079724,0.5476374903175832
0.8878426449047918,0.5476958822770105
0.8878426449047918,0.5476251935983479
0.8878426449047918,0.5475545231642792
0.8878426449047918,0.547483870967742
0.8878426449047918,0.5474132370016772
0.8878426449047918,0.5473426212590299
0.8878426449047918,0.5472720237327486
0.8878426449047918,0.5472014444157854
0.8878426449047918,0.547130883301096
0.8878426449047918,0.54706034038164
0.8878426449047918,0.5469898156503803
0.8878426449047918,0.5469193091002835
0.8878426449047918,0.5468488207243202
0.8878426449047918,0.5467783505154639
0.8878426449047918,0.5467078984666924
0.8878426449047918,0.5466374645709868
0.8878426449047918,0.546567048821332
0.8878426449047918,0.5464966512107161
0.8878426449047918,0.5464262717321313
0.8878426449047918,0.5463559103785732
0.8878426449047918,0.5462855671430411
0.8878426449047918,0.5462152420185376
0.8878426449047918,0.5461449349980693
0.8878426449047918,0.5460746460746461
0.8878426449047918,0.5460043752412816
0.8878426449047918,0.5459341224909933
0.8878426449047918,0.5458638878168017
0.8878426449047918,0.5457936712117314
0.8878426449047918,0.5457234726688103
0.8878426449047918,0.54565329218107
0.8878426449047918,0.5455831297415455
0.8878426449047918,0.5455129853432759
0.8878426449047918,0.5454428589793032
0.8878426449047918,0.5453727506426735
0.8878426449047918,0.5453026603264362
0.8878426449047918,0.5452325880236443
0.8878426449047918,0.5451625337273545
0.8878426449047918,0.5450924974306269
0.8880518937016112,0.5451509312780989
0.8880518937016112,0.5450809144618546
0.8880518937016112,0.5450109156286118
0.8880518937016112,0.5449409347714432
0.8880518937016112,0.5448709718834254
0.8880518937016112,0.544801026957638
0.8880518937016112,0.5447310999871646
0.8880518937016112,0.5446611909650924
0.8880518937016112,0.5445912998845117
0.8880518937016112,0.5445214267385168
0.8880518937016112,0.5444515715202053
0.8880518937016112,0.5443817342226783
0.8880518937016112,0.5443119148390406
0.8880518937016112,0.5442421133624006
0.8880518937016112,0.5441723297858699
0.8880518937016112,0.5441025641025641
0.8880518937016112,0.5440328163056019
0.8880518937016112,0.5439630863881056
0.8880518937016112,0.5438933743432013
0.8880518937016112,0.5438236801640185
0.8880518937016112,0.54375400384369
0.8880518937016112,0.5436843453753523
0.8880518937016112,0.5436147047521455
0.8880518937016112,0.5435450819672131
0.8880518937016112,0.5434754770137021
0.8880518937016112,0.5434058898847631
0.8880518937016112,0.5433363205735501
0.8880518937016112,0.5432667690732207
0.8880518937016112,0.5431972353769359
0.8880518937016112,0.5431277194778602
0.8880518937016112,0.5430582213691618
0.8880518937016112,0.5429887410440123
0.8880518937016112,0.5429192784955865
0.8880518937016112,0.5428498337170632
0.8880518937016112,0.5427804067016242
0.8880518937016112,0.5427109974424552
0.8880518937016112,0.5426416059327451
0.8880518937016112,0.5425722321656865
0.8880518937016112,0.5425028761344752
0.8880518937016112,0.5424335378323109
0.8880518937016112,0.5423642172523961
0.8880518937016112,0.5422949143879376
0.8880518937016112,0.5422256292321451
0.8880518937016112,0.542156361778232
0.8880518937016112,0.542087112019415
0.8880518937016112,0.5420178799489145
0.8880518937016112,0.541948665559954
0.8880518937016112,0.541879468845761
0.8880518937016112,0.5418102897995659
0.8880518937016112,0.541741128414603
0.8880518937016112,0.5416719846841097
0.8880518937016112,0.5416028586013272
0.8880518937016112,0.5415337501594998
0.8880518937016112,0.5414646593518755
0.8880518937016112,0.5413955861717056
0.8880518937016112,0.5413265306122449
0.8880518937016112,0.5412574926667517
0.8880518937016112,0.5411884723284877
0.8880518937016112,0.5411194695907179
0.8880518937016112,0.5410504844467109
0.8880518937016112,0.5409815168897387
0.8880518937016112,0.5409125669130768
0.8880518937016112,0.5408436345100038
0.8880518937016112,0.5407747196738022
0.8880518937016112,0.5407058223977577
0.8880518937016112,0.5406369426751593
0.8880518937016112,0.5405680804992995
0.8880518937016112,0.5404992358634743
0.8880518937016112,0.540430408760983
0.8880518937016112,0.5403615991851286
0.8880518937016112,0.540292807129217
0.8880518937016112,0.540224032586558
0.8880518937016112,0.5401552755504646
0.8880518937016112,0.5400865360142529
0.8880518937016112,0.5400178139712432
0.8880518937016112,0.5399491094147583
0.8880518937016112,0.5398804223381249
0.8880518937016112,0.5398117527346731
0.8880518937016112,0.5397431005977362
0.8880518937016112,0.539674465920651
0.8880518937016112,0.5396058486967578
0.8880518937016112,0.5395372489193999
0.8880518937016112,0.5394686665819245
0.8880518937016112,0.5394001016776817
0.8880518937016112,0.5393315542000254
0.8880518937016112,0.5392630241423125
0.8880518937016112,0.5391945114979037
0.8880518937016112,0.5391260162601627
0.8880518937016112,0.5390575384224565
0.8880518937016112,0.538989077978156
0.8880518937016112,0.5389206349206349
0.8880518937016112,0.5388522092432707
0.8880518937016112,0.538783800939444
0.8880518937016112,0.5387154100025388
0.8880518937016112,0.5386470364259424
0.8880518937016112,0.5385786802030457
0.8880518937016112,0.5385103413272427
0.8880518937016112,0.538442019791931
0.8880518937016112,0.5383737155905113
0.8880518937016112,0.5383054287163876
0.8880518937016112,0.5382371591629677
0.8880518937016112,0.5381689069236621
0.8880518937016112,0.5381006719918854
0.8880518937016112,0.5380324543610547
0.8880518937016112,0.5379642540245912
0.8880518937016112,0.5378960709759188
0.8880518937016112,0.5378279052084654
0.8880518937016112,0.5377597567156615
0.8880518937016112,0.5376916254909413
0.8880518937016112,0.5376235115277426
0.8880518937016112,0.537555414819506
0.8880518937016112,0.5374873353596757
0.8880518937016112,0.5374192731416993
0.8880518937016112,0.5373512281590276
0.8880518937016112,0.5372832004051146
0.8880518937016112,0.5372151898734178
0.8880518937016112,0.5371471965573978
0.8880518937016112,0.5370792204505188
0.8880518937016112,0.5370112615462482
0.8880518937016112,0.5369433198380567
0.8880518937016112,0.5368753953194181
0.8880518937016112,0.5368074879838097
0.8880518937016112,0.5367395978247123
0.8880518937016112,0.5366717248356095
0.8880518937016112,0.5366038690099886
0.8882611424984307,0.5366624525916561
0.8882611424984307,0.5365946150929086
0.8882611424984307,0.5365267947421638
0.8882611424984307,0.5364589915329205
0.8882611424984307,0.5363912054586808
0.8882611424984307,0.5363234365129501
0.8882611424984307,0.536255684689237
0.8882611424984307,0.5361879499810535
0.8882611424984307,0.5361202323819146
0.8882611424984307,0.5360525318853391
0.8882611424984307,0.5359848484848485
0.8882611424984307,0.5359171821739679
0.8882611424984307,0.5358495329462257
0.8882611424984307,0.5357819007951533
0.8882611424984307,0.5357142857142857
0.8882611424984307,0.5356466876971608
0.8882611424984307,0.5355791067373202
0.8882611424984307,0.5355115428283083
0.8882611424984307,0.5354439959636731
0.8882611424984307,0.5353764661369655
0.8882611424984307,0.5353089533417402
0.8882611424984307,0.5352414575715546
0.8882611424984307,0.5351739788199698
0.8882611424984307,0.5351065170805496
0.8882611424984307,0.5350390723468617
0.8882611424984307,0.5349716446124764
0.8882611424984307,0.5349042338709677
0.8882611424984307,0.5348368401159128
0.8882611424984307,0.5347694633408919
0.8882611424984307,0.5347021035394885
0.8882611424984307,0.5346347607052897
0.8882611424984307,0.5345674348318852
0.8882611424984307,0.5345001259128683
0.8882611424984307,0.5344328339418356
0.8882611424984307,0.5343655589123867
0.8882611424984307,0.5342983008181246
0.8882611424984307,0.5342310596526554
0.8882611424984307,0.5341638354095886
0.8882611424984307,0.5340966280825364
0.8882611424984307,0.5340294376651151
0.8882611424984307,0.5339622641509434
0.8882611424984307,0.5338951075336436
0.8882611424984307,0.533827967806841
0.8882611424984307,0.5337608449641644
0.8882611424984307,0.5336937389992457
0.8882611424984307,0.5336266499057196
0.8882611424984307,0.5335595776772247
0.8882611424984307,0.5334925223074023
0.8882611424984307,0.533425483789897
0.8882611424984307,0.5333584621183566
0.8882611424984307,0.5332914572864321
0.8882611424984307,0.5332244692877779
0.8882611424984307,0.5331574981160513
0.8882611424984307,0.5330905437649127
0.8882611424984307,0.5330236062280261
0.8882611424984307,0.5329566854990584
0.8882611424984307,0.5328897815716797
0.8882611424984307,0.5328228944395632
0.8882611424984307,0.5327560240963856
0.8884703912952501,0.5328146567950809
0.8884703912952501,0.5327478042659974
0.8884703912952501,0.5326809685108519
0.8884703912952501,0.5326141495233316
0.8884703912952501,0.5325473472971278
0.8884703912952501,0.5324805618259343
0.8884703912952501,0.5324137931034483
0.8884703912952501,0.5323470411233701
0.8884703912952501,0.5322803058794033
0.8884703912952501,0.5322135873652545
0.8884703912952501,0.5321468855746334
0.8884703912952501,0.5320802005012532
0.8884703912952501,0.5320135321388297
0.8884703912952501,0.5319468804810824
0.8884703912952501,0.5318802455217336
0.8884703912952501,0.531813627254509
0.8884703912952501,0.5317470256731371
0.8884703912952501,0.5316804407713499
0.8884703912952501,0.5316138725428822
0.8884703912952501,0.5315473209814722
0.8884703912952501,0.5314807860808611
0.8884703912952501,0.5314142678347935
0.8884703912952501,0.5313477662370166
0.8884703912952501,0.5312812812812813
0.8884703912952501,0.5312148129613412
0.8884703912952501,0.5311483612709532
0.8884703912952501,0.5310819262038774
0.8884703912952501,0.531015507753877
0.8884703912952501,0.530949105914718
0.8884703912952501,0.5308827206801701
0.8884703912952501,0.5308163520440055
0.8884703912952501,0.53075
0.8884703912952501,0.5306836645419323
0.8884703912952501,0.5306173456635841
0.8884703912952501,0.5305510433587405
0.8886796400920695,0.5306096951524237
0.8886796400920695,0.5305434103685197
0.8886796400920695,0.5304771421433925
0.8886796400920695,0.530410890470838
0.8886796400920695,0.5303446553446554
0.8886796400920695,0.5302784367586465
0.8886796400920695,0.5302122347066167
0.8886796400920695,0.5301460491823743
0.8886796400920695,0.5300798801797304
0.8886796400920695,0.5300137276924997
0.8886796400920695,0.5299475917144997
0.8886796400920695,0.5298814722395508
0.8886796400920695,0.5298153692614771
0.8886796400920695,0.529749282774105
0.8886796400920695,0.5296832127712646
0.8886796400920695,0.5296171592467889
0.8886796400920695,0.5295511221945137
0.8886796400920695,0.5294851016082782
0.8886796400920695,0.5294190974819247
0.8886796400920695,0.5293531098092983
0.8886796400920695,0.5292871385842473
0.8886796400920695,0.5292211838006231
0.8886796400920695,0.5291552454522801
0.8886796400920695,0.5290893235330759
0.8886796400920695,0.5290234180368709
0.8886796400920695,0.528957528957529
0.8886796400920695,0.5288916562889165
0.8886796400920695,0.5288258000249035
0.8886796400920695,0.5287599601593626
0.8888888888888888,0.528818623179385
0.8888888888888888,0.5287528005974608
0.8888888888888888,0.5286869943995022
0.8888888888888888,0.5286212045793928
0.8888888888888888,0.528555431131019
0.8888888888888888,0.5284896740482707
0.8888888888888888,0.5284239333250405
0.8888888888888888,0.5283582089552239
0.8888888888888888,0.5282925009327198
0.8888888888888888,0.52822680925143
0.8888888888888888,0.5281611339052592
0.8888888888888888,0.5280954748881154
0.8888888888888888,0.5280298321939093
0.8888888888888888,0.5279642058165548
0.8888888888888888,0.5278985957499689
0.8888888888888888,0.5278330019880716
0.8888888888888888,0.5277674245247856
0.8888888888888888,0.5277018633540372
0.8888888888888888,0.5276363184697553
0.8888888888888888,0.5275707898658718
0.8888888888888888,0.5275052775363218
0.8890981376857083,0.5275639433821704
0.8890981376857083,0.5274984481688393
0.8890981376857083,0.5274329692154915
0.8890981376857083,0.527367506516073
0.8893073864825277,0.5274261603375527
0.8893073864825277,0.5273607147288746
0.8893073864825277,0.5272952853598015
0.8893073864825277,0.5272298722242897
0.8893073864825277,0.5271644753162987
0.8893073864825277,0.5270990946297904
0.8893073864825277,0.5270337301587301
0.8893073864825277,0.5269683818970862
0.8893073864825277,0.5269030498388296
0.8893073864825277,0.5268377339779348
0.8893073864825277,0.5267724343083788
0.8893073864825277,0.5267071508241418
0.8893073864825277,0.5266418835192069
0.8893073864825277,0.5265766323875604
0.8893073864825277,0.5265113974231913
0.8893073864825277,0.5264461786200917
0.8893073864825277,0.5263809759722566
0.8893073864825277,0.5263157894736842
0.8893073864825277,0.5262506191183755
0.8893073864825277,0.5261854649003342
0.8895166352793471,0.5262441198316415
0.8895166352793471,0.526178982547345
0.8895166352793471,0.5261138613861386
0.8895166352793471,0.5260487563420368
0.8895166352793471,0.5259836674090571
0.8895166352793471,0.5259185945812198
0.8895166352793471,0.5258535378525483
0.8895166352793471,0.5257884972170687
0.8895166352793471,0.5257234726688103
0.8895166352793471,0.5256584642018054
0.8895166352793471,0.525593471810089
0.8895166352793471,0.5255284954876993
0.8895166352793471,0.5254635352286774
0.8895166352793471,0.5253985910270671
0.8895166352793471,0.5253336628769155
0.8895166352793471,0.5252687507722723
0.8895166352793471,0.5252038547071906
0.8895166352793471,0.5251389746757258
0.8895166352793471,0.5250741106719368
0.8895166352793471,0.5250092626898851
0.8895166352793471,0.5249444307236355
0.8895166352793471,0.5248796147672552
0.8895166352793471,0.5248148148148148
0.8895166352793471,0.5247500308603876
0.8895166352793471,0.5246852628980498
0.8895166352793471,0.5246205109218808
0.8895166352793471,0.5245557749259625
0.8895166352793471,0.52449105490438
0.8895166352793471,0.5244263508512214
0.8895166352793471,0.5243616627605773
0.8895166352793471,0.5242969906265417
0.8895166352793471,0.5242323344432113
0.8895166352793471,0.5241676942046856
0.8895166352793471,0.5241030699050672
0.8895166352793471,0.5240384615384616
0.8895166352793471,0.5239738690989769
0.8895166352793471,0.5239092925807247
0.8895166352793471,0.5238447319778189
0.8895166352793471,0.5237801872843766
0.8895166352793471,0.5237156584945177
0.8895166352793471,0.5236511456023651
0.8895166352793471,0.5235866486020446
0.8895166352793471,0.5235221674876848
0.8897258840761666,0.5235808397980545
0.8897258840761666,0.5235163752770253
0.8897258840761666,0.523451926628093
0.8897258840761666,0.5233874938453964
0.8897258840761666,0.5233230769230769
0.8897258840761666,0.5232586758552793
0.8897258840761666,0.5231942906361511
0.8897258840761666,0.5231299212598425
0.8897258840761666,0.5230655677205068
0.8897258840761666,0.5230012300123001
0.8897258840761666,0.5229369081293814
0.8897258840761666,0.5228726020659125
0.8897258840761666,0.522808311816058
0.8897258840761666,0.5227440373739858
0.8897258840761666,0.5226797787338661
0.8897258840761666,0.5226155358898722
0.8897258840761666,0.5225513088361804
0.8897258840761666,0.5224870975669698
0.8897258840761666,0.5224229020764222
0.8897258840761666,0.5223587223587224
0.8897258840761666,0.5222945584080579
0.8897258840761666,0.5222304102186195
0.8897258840761666,0.5221662777846002
0.8897258840761666,0.5221021611001965
0.8897258840761666,0.5220380601596071
0.8897258840761666,0.5219739749570341
0.8897258840761666,0.5219099054866823
0.8897258840761666,0.521845851742759
0.8897258840761666,0.5217818137194747
0.8897258840761666,0.5217177914110429
0.8897258840761666,0.5216537848116796
0.8897258840761666,0.5215897939156036
0.8897258840761666,0.5215258187170366
0.8897258840761666,0.5214618592102036
0.8897258840761666,0.5213979153893317
0.8897258840761666,0.5213339872486513
0.8897258840761666,0.5212700747823955
0.8897258840761666,0.5212061779848002
0.8897258840761666,0.5211422968501042
0.8897258840761666,0.5210784313725491
0.8897258840761666,0.5210145815463791
0.8897258840761666,0.5209507473658417
0.8897258840761666,0.5208869288251868
0.8897258840761666,0.5208231259186673
0.8897258840761666,0.5207593386405389
0.8897258840761666,0.52069556698506
0.8897258840761666,0.520631810946492
0.8897258840761666,0.5205680705190989
0.8897258840761666,0.5205043456971478
0.8897258840761666,0.5204406364749082
0.8897258840761666,0.5203769428466528
0.8897258840761666,0.5203132648066568
0.8897258840761666,0.5202496023491986
0.8897258840761666,0.5201859554685588
0.8897258840761666,0.5201223241590214
0.8897258840761666,0.5200587084148728
0.8897258840761666,0.5199951082304024
0.8897258840761666,0.5199315235999021
0.8897258840761666,0.5198679545176672
0.8897258840761666,0.5198044009779951
0.8897258840761666,0.5197408629751864
0.8897258840761666,0.5196773405035444
0.8897258840761666,0.519613833557375
0.8897258840761666,0.5195503421309873
0.8897258840761666,0.5194868662186928
0.8897258840761666,0.5194234058148057
0.8897258840761666,0.5193599609136436
0.8897258840761666,0.5192965315095261
0.8897258840761666,0.5192331175967762
0.8897258840761666,0.5191697191697192
0.8897258840761666,0.5191063362226834
0.8897258840761666,0.51904296875
0.8897258840761666,0.5189796167460027
0.8897258840761666,0.5189162802050281
0.8897258840761666,0.5188529591214155
0.8897258840761666,0.5187896534895071
0.8897258840761666,0.5187263633036476
0.8897258840761666,0.5186630885581849
0.8897258840761666,0.5185998292474692
0.8897258840761666,0.5185365853658537
0.8897258840761666,0.5184733569076941
0.8897258840761666,0.5184101438673494
0.8897258840761666,0.5183469462391808
0.8897258840761666,0.5182837640175524
0.8897258840761666,0.5182205971968312
0.8897258840761666,0.5181574457713868
0.8897258840761666,0.5180943097355916
0.8897258840761666,0.5180311890838206
0.8897258840761666,0.5179680838104519
0.8897258840761666,0.517904993909866
0.8897258840761666,0.5178419193764462
0.8897258840761666,0.5177788602045786
0.8897258840761666,0.5177158163886522
0.889935132872986,0.5177745312880448
0.889935132872986,0.517711503347535
0.889935132872986,0.5176484907497566
0.889935132872986,0.517585493489108
0.889935132872986,0.5175225115599903
0.889935132872986,0.5174595449568073
0.889935132872986,0.517396593673966
0.889935132872986,0.5173336577058752
0.889935132872986,0.5172707370469473
0.889935132872986,0.5172078316915968
0.889935132872986,0.5171449416342413
0.889935132872986,0.5170820668693009
0.889935132872986,0.5170192073911987
0.889935132872986,0.51695636319436
0.889935132872986,0.5168935342732134
0.889935132872986,0.5168307206221898
0.889935132872986,0.516767922235723
0.889935132872986,0.5167051391082493
0.889935132872986,0.516642371234208
0.8901443816698054,0.5167010810154258
0.8901443816698054,0.5166383288802526
0.8901443816698054,0.516575591985428
0.8901443816698054,0.5165128703254007
0.8901443816698054,0.5164501638946218
0.8901443816698054,0.5163874726875455
0.8901443816698054,0.5163247966986285
0.8901443816698054,0.5162621359223301
0.8901443816698054,0.5161994903531125
0.8901443816698054,0.5161368599854405
0.8901443816698054,0.5160742448137814
0.8901443816698054,0.5160116448326055
0.8901443816698054,0.5159490600363857
0.8901443816698054,0.5158864904195973
0.8901443816698054,0.5158239359767188
0.8901443816698054,0.5157613967022309
0.8901443816698054,0.5156988725906171
0.8901443816698054,0.5156363636363637
0.8901443816698054,0.5155738698339595
0.8901443816698054,0.5155113911778962
0.8901443816698054,0.5154489276626681
0.8901443816698054,0.515386479282772
0.8901443816698054,0.5153240460327074
0.8901443816698054,0.5152616279069767
0.8901443816698054,0.5151992249000847
0.8901443816698054,0.5151368370065391
0.8901443816698054,0.51507446422085
0.8901443816698054,0.5150121065375303
0.8901443816698054,0.5149497639510955
0.8901443816698054,0.5148874364560639
0.8901443816698054,0.5148251240469564
0.8901443816698054,0.5147628267182962
0.8901443816698054,0.5147005444646098
0.8901443816698054,0.5146382772804259
0.8901443816698054,0.5145760251602758
0.8901443816698054,0.5145137880986937
0.8903536304666249,0.5145724996976659
0.8903536304666249,0.5145102781136639
0.8903536304666249,0.5144480715753839
0.8903536304666249,0.5143858800773694
0.8903536304666249,0.5143237036141666
0.8903536304666249,0.5142615421803239
0.8903536304666249,0.5141993957703928
0.8903536304666249,0.514137264378927
0.8903536304666249,0.5140751480004833
0.8903536304666249,0.5140130466296207
0.8903536304666249,0.513950960260901
0.8903536304666249,0.5138888888888888
0.8903536304666249,0.5138268325081512
0.8903536304666249,0.5137647911132577
0.8903536304666249,0.5137027646987806
0.8903536304666249,0.513640753259295
0.8903536304666249,0.5135787567893784
0.8903536304666249,0.513516775283611
0.8903536304666249,0.5134548087365753
0.8903536304666249,0.5133928571428571
0.8903536304666249,0.5133309204970443
0.8903536304666249,0.5132689987937273
0.8903536304666249,0.5132070920274997
0.8903536304666249,0.5131452001929571
0.8903536304666249,0.513083323284698
0.8903536304666249,0.5130214612973234
0.8903536304666249,0.512959614225437
0.8903536304666249,0.5128977820636451
0.8903536304666249,0.5128359648065566
0.8903536304666249,0.5127741624487828
0.8903536304666249,0.5127123749849379
0.8903536304666249,0.5126506024096386
0.8903536304666249,0.5125888447175039
0.8903536304666249,0.5125271019031559
0.8903536304666249,0.5124653739612188
0.8903536304666249,0.5124036608863198
0.8903536304666249,0.5123419626730885
0.8903536304666249,0.512280279316157
0.8903536304666249,0.5122186108101601
0.8903536304666249,0.5121569571497352
0.8903536304666249,0.5120953183295222
0.8903536304666249,0.5120336943441637
0.8903536304666249,0.5119720851883046
0.8903536304666249,0.5119104908565929
0.8903536304666249,0.5118489113436786
0.8903536304666249,0.5117873466442145
0.8903536304666249,0.5117257967528562
0.8903536304666249,0.5116642616642617
0.8903536304666249,0.5116027413730913
0.8903536304666249,0.5115412358740081
0.8903536304666249,0.511479745161678
0.8903536304666249,0.5114182692307693
0.8903536304666249,0.5113568080759524
0.8903536304666249,0.511295361691901
0.8903536304666249,0.5112339300732909
0.8903536304666249,0.5111725132148006
0.8903536304666249,0.5111111111111111
0.8903536304666249,0.511049723756906
0.8903536304666249,0.5109883511468716
0.8903536304666249,0.5109269932756965
0.8903536304666249,0.5108656501380718
0.8903536304666249,0.5108043217286915
0.8903536304666249,0.5107430080422518
0.8905628792634442,0.5108017282765243
0.8905628792634442,0.5107404296171847
0.8905628792634442,0.5106791456683465
0.8905628792634442,0.510617876424715
0.8905628792634442,0.510556621880998
0.8905628792634442,0.5104953820319059
0.8905628792634442,0.5104341568721515
0.8905628792634442,0.5103729463964504
0.8905628792634442,0.5103117505995204
0.8905628792634442,0.510250569476082
0.8905628792634442,0.5101894030208584
0.8905628792634442,0.5101282512285749
0.8905628792634442,0.5100671140939598
0.8905628792634442,0.5100059916117435
0.8905628792634442,0.5099448837766595
0.8905628792634442,0.5098837905834431
0.8905628792634442,0.5098227120268328
0.8905628792634442,0.5097616481015691
0.8905628792634442,0.5097005988023952
0.8905628792634442,0.509639564124057
0.8905628792634442,0.5095785440613027
0.8905628792634442,0.509517538608883
0.8905628792634442,0.5094565477615514
0.8905628792634442,0.5093955715140634
0.8905628792634442,0.5093346098611776
0.8905628792634442,0.5092736627976546
0.8905628792634442,0.509212730318258
0.8905628792634442,0.5091518124177533
0.8905628792634442,0.509090909090909
0.8905628792634442,0.5090300203324961
0.8905628792634442,0.5089691461372877
0.8905628792634442,0.5089082865000598
0.8905628792634442,0.5088474414155906
0.8905628792634442,0.5087866108786611
0.8905628792634442,0.5087257948840546
0.8905628792634442,0.5086649934265567
0.8905628792634442,0.5086042065009561
0.8905628792634442,0.5085434341020433
0.8905628792634442,0.5084826762246117
0.8905628792634442,0.5084219328634572
0.8905628792634442,0.5083612040133779
0.8905628792634442,0.5083004896691747
0.8905628792634442,0.5082397898256509
0.8905628792634442,0.5081791044776119
0.8905628792634442,0.5081184336198663
0.8905628792634442,0.5080577772472246
0.8905628792634442,0.5079971353544999
0.8905628792634442,0.5079365079365079
0.8905628792634442,0.5078758949880668
0.8905628792634442,0.5078152965039971
0.8905628792634442,0.507754712479122
0.8905628792634442,0.5076941429082668
0.8905628792634442,0.5076335877862596
0.8905628792634442,0.5075730471079308
0.8905628792634442,0.5075125208681135
0.8905628792634442,0.507452009061643
0.8905628792634442,0.5073915116833572
0.8905628792634442,0.5073310287280963
0.8905628792634442,0.5072705601907033
0.8905628792634442,0.5072101060660231
0.8905628792634442,0.5071496663489037
0.8905628792634442,0.5070892410341952
0.8905628792634442,0.50702883011675
0.8905628792634442,0.5069684335914235
0.8905628792634442,0.5069080514530729
0.8905628792634442,0.5068476836965583
0.8905628792634442,0.5067873303167421
0.8905628792634442,0.5067269913084891
0.8905628792634442,0.5066666666666667
0.8905628792634442,0.5066063563861445
0.8905628792634442,0.5065460604617948
0.8905628792634442,0.5064857788884922
0.8905628792634442,0.5064255116611137
0.8905628792634442,0.506365258774539
0.8905628792634442,0.5063050202236498
0.8905628792634442,0.5062447960033306
0.8905628792634442,0.5061845861084682
0.8905628792634442,0.5061243905339518
0.8905628792634442,0.506064209274673
0.8905628792634442,0.5060040423255261
0.8905628792634442,0.5059438896814075
0.8905628792634442,0.5058837513372162
0.8905628792634442,0.5058236272878536
0.8905628792634442,0.5057635175282235
0.8905628792634442,0.5057034220532319
0.8905628792634442,0.5056433408577878
0.8905628792634442,0.5055832739368021
0.8905628792634442,0.5055232212851882
0.8905628792634442,0.5054631828978622
0.8905628792634442,0.5054031587697423
0.8907721280602636,0.505461885537877
0.8907721280602636,0.5054018758162175
0.8907721280602636,0.5053418803418803
0.8907721280602636,0.5052818991097923
0.8907721280602636,0.5052219321148825
0.8907721280602636,0.5051619793520826
0.8907721280602636,0.5051020408163265
0.8907721280602636,0.5050421165025507
0.8907721280602636,0.5049822064056939
0.8907721280602636,0.5049223105206975
0.8907721280602636,0.5048624288425048
0.8907721280602636,0.5048025613660619
0.8907721280602636,0.5047427080863173
0.8907721280602636,0.5046828689982217
0.8907721280602636,0.5046230440967283
0.8907721280602636,0.5045632333767927
0.8907721280602636,0.5045034368333728
0.8907721280602636,0.504443654461429
0.8907721280602636,0.5043838862559241
0.8907721280602636,0.5043241322118233
0.8907721280602636,0.5042643923240938
0.8907721280602636,0.5042046665877058
0.8907721280602636,0.5041449549976315
0.8907721280602636,0.5040852575488455
0.8907721280602636,0.5040255742363249
0.8907721280602636,0.5039659050550491
0.8907721280602636,0.50390625
0.8907721280602636,0.5038466090661616
0.8907721280602636,0.5037869822485207
0.8907721280602636,0.503727369542066
0.8907721280602636,0.5036677709417889
0.8907721280602636,0.5036081864426831
0.8907721280602636,0.5035486160397445
0.8907721280602636,0.5034890597279716
0.8907721280602636,0.5034295175023652
0.8907721280602636,0.5033699893579283
0.8907721280602636,0.5033104752896665
0.8907721280602636,0.5032509752925878
0.8907721280602636,0.5031914893617021
0.8907721280602636,0.5031320174920222
0.8907721280602636,0.503072559678563
0.8907721280602636,0.5030131159163417
0.8907721280602636,0.5029536862003781
0.8907721280602636,0.502894270525694
0.8907721280602636,0.502834868887314
0.8909813768570831,0.5028935868666587
0.8909813768570831,0.5028341993386868
0.8909813768570831,0.5027748258353997
0.8909813768570831,0.50271546635183
0.8909813768570831,0.5026561208830126
0.8909813768570831,0.5025967894239849
0.8909813768570831,0.5025374719697864
0.8909813768570831,0.502478168515459
0.8909813768570831,0.5024188790560472
0.8909813768570831,0.5023596035865975
0.8909813768570831,0.5023003421021588
0.8909813768570831,0.5022410945977825
0.8909813768570831,0.5021818610685223
0.8909813768570831,0.502122641509434
0.8909813768570831,0.502063435915576
0.8909813768570831,0.502004244282009
0.8909813768570831,0.5019450666037958
0.8909813768570831,0.5018859028760019
0.8909813768570831,0.5018267530936947
0.8909813768570831,0.5017676172519444
0.8909813768570831,0.5017084953458231
0.8909813768570831,0.5016493873704053
0.8909813768570831,0.5015902933207681
0.8909813768570831,0.5015312131919906
0.8909813768570831,0.5014721469791544
0.8909813768570831,0.5014130946773434
0.8909813768570831,0.5013540562816438
0.8909813768570831,0.5012950317871439
0.8909813768570831,0.5012360211889346
0.8911906256539025,0.5012947269303202
0.8911906256539025,0.501235730257738
0.8911906256539025,0.501176747469993
0.8911906256539025,0.5011177785621838
0.8911906256539025,0.5010588235294118
0.8911906256539025,0.5009998823667804
0.8911906256539025,0.5009409550693954
0.8911906256539025,0.500882041632365
0.8911906256539025,0.5008231420507996
0.8911906256539025,0.5007642563198119
0.8911906256539025,0.5007053844345168
0.8913998744507219,0.5007640766427648
0.8913998744507219,0.5007052186177715
0.8913998744507219,0.5006463744270773
0.8913998744507219,0.500587544065805
0.8913998744507219,0.5005287275290801
0.8913998744507219,0.5004699248120301
0.8913998744507219,0.500411135909785
0.8913998744507219,0.5003523608174771
0.8913998744507219,0.5002935995302408
0.8913998744507219,0.5002348520432128
0.8913998744507219,0.5001761183515322
0.8913998744507219,0.5001173984503404
0.8913998744507219,0.5000586923347811
0.8913998744507219,0.5
0.8913998744507219,0.4999413214411454
0.8913998744507219,0.49988265665336773
0.8913998744507219,0.4998240056318198
0.8913998744507219,0.4997653683716565
0.8913998744507219,0.4997067448680352
0.8913998744507219,0.4996481351161154
0.8913998744507219,0.49958953911105897
0.8913998744507219,0.49953095684803
0.8913998744507219,0.49947238832219487
0.8913998744507219,0.49941383352872215
0.8913998744507219,0.4993552924627828
0.8913998744507219,0.49929676511954996
0.8913998744507219,0.499238251494199
0.8913998744507219,0.49917975158190764
0.8913998744507219,0.4991212653778559
0.8913998744507219,0.4990627928772259
0.8913998744507219,0.49900433407520206
0.8913998744507219,0.4989458889669712
0.8913998744507219,0.49888745754772224
0.8913998744507219,0.49882903981264637
0.8913998744507219,0.49877063575693714
0.8913998744507219,0.49871224537579023
0.8913998744507219,0.4986538686644036
0.8913998744507219,0.49859550561797755
0.8913998744507219,0.49853715623171446
0.8913998744507219,0.4984788205008191
0.8913998744507219,0.4984204984204984
0.8913998744507219,0.4983621899859616
0.8913998744507219,0.4983038951924202
0.8913998744507219,0.4982456140350877
0.8913998744507219,0.49818734650918023
0.8913998744507219,0.49812909260991584
0.8913998744507219,0.4980708523325149
0.8913998744507219,0.4980126256722001
0.8913998744507219,0.4979544126241964
0.8913998744507219,0.49789621318373073
0.8913998744507219,0.4978380273460325
0.8916091232475414,0.49789670483757886
0.8916091232475414,0.497838532538848
0.8916091232475414,0.4977803738317757
0.8916091232475414,0.4977222287115991
0.8916091232475414,0.4976640971735576
0.8916091232475414,0.4976059792128927
0.8916091232475414,0.4975478748248482
0.8916091232475414,0.49748978400467014
0.8916091232475414,0.49743170674760684
0.8916091232475414,0.4973736430489086
0.8916091232475414,0.4973155929038282
0.8916091232475414,0.4972575563076205
0.8916091232475414,0.4971995332555426
0.8916091232475414,0.4971415237428538
0.8916091232475414,0.4970835277648157
0.8916091232475414,0.49702554531669196
0.8916091232475414,0.49696757639374856
0.8916091232475414,0.49690962099125363
0.8916091232475414,0.49685167910447764
0.8916091232475414,0.49679375072869303
0.8916091232475414,0.49673583585917463
0.8916091232475414,0.49667793449119946
0.8916091232475414,0.4966200466200466
0.8916091232475414,0.4965621722409976
0.8916091232475414,0.4965043113493358
0.8916091232475414,0.4964464639403472
0.8916091232475414,0.49638863000931965
0.8916091232475414,0.4963308095515434
0.8916091232475414,0.4962730025623107
0.8916091232475414,0.4962152090369163
0.8916091232475414,0.49615742897065673
0.8916091232475414,0.4960996623588311
0.8916091232475414,0.4960419091967404
0.8916091232475414,0.49598416947968804
0.8918183720443608,0.4960428305400372
0.8918183720443608,0.4959851041545444
0.8918183720443608,0.495927391203165
0.8918183720443608,0.49586969168121
0.8918183720443608,0.4958120055839926
0.8918183720443608,0.49575433290682797
0.8918183720443608,0.4956966736450337
0.8918183720443608,0.49563902779392954
0.8918183720443608,0.4955813953488372
0.8918183720443608,0.4955237763050808
0.8918183720443608,0.49546617065798654
0.8918183720443608,0.4954085784028827
0.8918183720443608,0.4953509995351
0.8918183720443608,0.49529343404997095
0.8918183720443608,0.4952358819428306
0.8918183720443608,0.49517834320901594
0.8918183720443608,0.4951208178438662
0.8918183720443608,0.49506330584272273
0.8918183720443608,0.4950058072009291
0.8918183720443608,0.49494832191383115
0.8918183720443608,0.49489084997677657
0.8918183720443608,0.4948333913851155
0.8918183720443608,0.4947759461342001
0.8918183720443608,0.4947185142193848
0.8918183720443608,0.494661095636026
0.8918183720443608,0.49460369037948243
0.8918183720443608,0.4945462984451149
0.8918183720443608,0.49448891982828636
0.8918183720443608,0.49443155452436194
0.8918183720443608,0.49437420252870895
0.8918183720443608,0.4943168638366968
0.8918183720443608,0.4942595384436971
0.8918183720443608,0.4942022263450835
0.8918183720443608,0.4941449275362319
0.8918183720443608,0.4940876420125203
0.8918183720443608,0.49403036976932885
0.8918183720443608,0.49397311080203987
0.8918183720443608,0.4939158651060378
0.8918183720443608,0.49385863267670915
0.8918183720443608,0.49380141350944273
0.8918183720443608,0.4937442075996293
0.8918183720443608,0.4936870149426619
0.8918183720443608,0.4936298355339356
0.8918183720443608,0.4935726693688477
0.8918183720443608,0.49351551644279756
0.8918183720443608,0.49345837675118676
0.8918183720443608,0.49340125028941884
0.8918183720443608,0.49334413705289965
0.8918183720443608,0.493287037037037
0.8918183720443608,0.49322995023724103
0.8918183720443608,0.49317287664892384
0.8918183720443608,0.49311581626749973
0.8918183720443608,0.49305876908838503
0.8918183720443608,0.49300173510699824
0.8918183720443608,0.49294471431876014
0.8918183720443608,0.4928877067190933
0.8918183720443608,0.49283071230342274
0.8918183720443608,0.49277373106717537
0.8918183720443608,0.4927167630057803
0.8918183720443608,0.4926598081146688
0.8918183720443608,0.49260286638927414
0.8918183720443608,0.49254593782503175
0.8918183720443608,0.49248902241737924
0.8918183720443608,0.4924321201617562
0.8918183720443608,0.4923752310536044
0.8918183720443608,0.4923183550883678
0.8918183720443608,0.49226149226149224
0.8918183720443608,0.49220464256842594
0.8918183720443608,0.49214780600461894
0.8918183720443608,0.49209098256552364
0.8918183720443608,0.4920341722465943
0.8918183720443608,0.49197737504328753
0.8918183720443608,0.4919205909510619
0.8918183720443608,0.491863819965378
0.8918183720443608,0.4918070620816986
0.8918183720443608,0.4917503172954886
0.8918183720443608,0.49169358560221504
0.8918183720443608,0.4916368669973469
0.8918183720443608,0.49158016147635525
0.8918183720443608,0.4915234690347134
0.8918183720443608,0.4914667896678967
0.8918183720443608,0.49141012337138246
0.8918183720443608,0.49135347014065023
0.8918183720443608,0.49129682997118157
0.8918183720443608,0.4912402028584601
0.8918183720443608,0.49118358879797164
0.8918183720443608,0.491126987785204
0.8918183720443608,0.491070399815647
0.8918183720443608,0.4910138248847926
0.8918183720443608,0.490957262988135
0.8918183720443608,0.49090071412117026
0.8918183720443608,0.4908441782793965
0.8918183720443608,0.49078765545831415
0.8918183720443608,0.49073114565342546
0.8920276208411801,0.4907897766520838
0.8920276208411801,0.49073327961321517
0.8920276208411801,0.4906767955801105
0.8920276208411801,0.4906203245482794
0.8920276208411801,0.4905638665132336
0.8920276208411801,0.4905074214704867
0.8922368696379995,0.49056603773584906
0.8922368696379995,0.49050960542965605
0.8922368696379995,0.49045318610536004
0.8922368696379995,0.4903967797584819
0.8922368696379995,0.49034038638454464
0.892446118434819,0.4903989881568357
0.892446118434819,0.4903426074959761
0.892446118434819,0.4902862397976779
0.892446118434819,0.4902298850574713
0.892446118434819,0.4901735432708884
0.892446118434819,0.49011721443346357
0.892446118434819,0.4900608985407331
0.892446118434819,0.4900045955882353
0.892446118434819,0.48994830557151064
0.892446118434819,0.4898920284861015
0.892446118434819,0.48983576432755255
0.8926553672316384,0.4898943500229674
0.8926553672316384,0.4898380985187737
0.8926553672316384,0.4897818599311137
0.8926553672316384,0.489725634255539
0.8926553672316384,0.4896694214876033
0.8926553672316384,0.4896132216228624
0.8926553672316384,0.489557034656874
0.8926553672316384,0.4895008605851979
0.8926553672316384,0.4894446994033961
0.8926553672316384,0.4893885511070322
0.8926553672316384,0.4893324156916724
0.8926553672316384,0.4892762931528845
0.8926553672316384,0.4892201834862385
0.8926553672316384,0.4891640866873065
0.8926553672316384,0.48910800275166244
0.8926553672316384,0.4890519316748825
0.8926553672316384,0.4889958734525447
0.8926553672316384,0.48893982808022923
0.8926553672316384,0.48888379555351824
0.8926553672316384,0.48882777586799586
0.8926553672316384,0.4887717690192484
0.8926553672316384,0.488715775002864
0.8926553672316384,0.488659793814433
0.8926553672316384,0.4886038254495476
0.8926553672316384,0.4885478699038021
0.8926553672316384,0.48849192717279283
0.8926553672316384,0.48843599725211817
0.8926553672316384,0.4883800801373784
0.8926553672316384,0.4883241758241758
0.8926553672316384,0.4882682843081149
0.8926553672316384,0.488212405584802
0.8926553672316384,0.4881565396498455
0.8926553672316384,0.48810068649885585
0.8926553672316384,0.48804484612744536
0.8926553672316384,0.48798901853122856
0.8926553672316384,0.4879332037058218
0.8926553672316384,0.48787740164684357
0.8926553672316384,0.4878216123499142
0.8926553672316384,0.4877658358106563
0.8926553672316384,0.4877100720246942
0.8926553672316384,0.4876543209876543
0.8926553672316384,0.48759858269516515
0.8926553672316384,0.48754285714285717
0.8926553672316384,0.4874871443263627
0.8926553672316384,0.4874314442413163
0.8926553672316384,0.48737575688335427
0.8926553672316384,0.4873200822481151
0.8926553672316384,0.4872644203312393
0.8926553672316384,0.48720877112836913
0.8926553672316384,0.48715313463514903
0.8926553672316384,0.4870975108472254
0.8926553672316384,0.4870418997602466
0.8926553672316384,0.48698630136986304
0.8926553672316384,0.48693071567172697
0.8926553672316384,0.4868751426614928
0.8926553672316384,0.48681958233481687
0.8926553672316384,0.48676403468735735
0.8928646160284578,0.4868225898459783
0.8928646160284578,0.4867670545288615
0.8928646160284578,0.4867115318809171
0.8928646160284578,0.4866560218978102
0.8928646160284578,0.48660052457520814
0.8928646160284578,0.48654503990877995
0.8928646160284578,0.4864895678941968
0.8928646160284578,0.48643410852713176
0.8928646160284578,0.48637866180326
0.8928646160284578,0.4863232277182585
0.8928646160284578,0.48626780626780625
0.8928646160284578,0.4862123974475843
0.8928646160284578,0.4861570012532756
0.8928646160284578,0.48610161768056503
0.8928646160284578,0.4860462467251395
0.8928646160284578,0.48599088838268795
0.8928646160284578,0.48593554264890104
0.8928646160284578,0.48588020951947164
0.8928646160284578,0.4858248889900945
0.8928646160284578,0.4857695810564663
0.8928646160284578,0.4857142857142857
0.8928646160284578,0.48565900295925335
0.8928646160284578,0.4856037327870718
0.8928646160284578,0.48554847519344563
0.8928646160284578,0.48549323017408125
0.8928646160284578,0.48543799772468715
0.8928646160284578,0.4853827778409737
0.8928646160284578,0.48532757051865333
0.8928646160284578,0.48527237575344023
0.8928646160284578,0.4852171935410507
0.8930738648252773,0.48527572484366116
0.8930738648252773,0.48522055479763526
0.8930738648252773,0.48516539729453223
0.8930738648252773,0.48511025233007504
0.8930738648252773,0.4850551198999886
0.8930738648252773,0.485
0.8930738648252773,0.48494489262583795
0.8930738648252773,0.4848897977732334
0.8930738648252773,0.4848347154379189
0.8930738648252773,0.48477964561562925
0.8930738648252773,0.4847245883021011
0.8930738648252773,0.4846695434930729
0.8930738648252773,0.4846145111842852
0.8930738648252773,0.48455949137148047
0.8930738648252773,0.484504484050403
0.8930738648252773,0.4844494892167991
0.8930738648252773,0.484394506866417
0.8930738648252773,0.4843395369950068
0.8930738648252773,0.48428457959832066
0.8930738648252773,0.48422963467211255
0.8930738648252773,0.4841747022121384
0.8930738648252773,0.4841197822141561
0.8930738648252773,0.4840648746739254
0.8930738648252773,0.484009979587208
0.8930738648252773,0.48395509694976757
0.8930738648252773,0.4839002267573696
0.8930738648252773,0.4838453690057817
0.8930738648252773,0.4837905236907731
0.8930738648252773,0.4837356908081151
0.8930738648252773,0.48368087035358115
0.8930738648252773,0.4836260623229462
0.8930738648252773,0.4835712667119873
0.8930738648252773,0.4835164835164835
0.8930738648252773,0.48346171273221566
0.8930738648252773,0.4834069543549666
0.8930738648252773,0.48335220838052095
0.8930738648252773,0.4832974748046654
0.8930738648252773,0.4832427536231884
0.8930738648252773,0.48318804483188044
0.8930738648252773,0.4831333484265338
0.8930738648252773,0.48307866440294284
0.8930738648252773,0.48302399275690355
0.8930738648252773,0.4829693334842141
0.8930738648252773,0.4829146865806744
0.8930738648252773,0.4828600520420862
0.8930738648252773,0.4828054298642534
0.8930738648252773,0.4827508200429816
0.8930738648252773,0.48269622257407824
0.8930738648252773,0.4826416374533529
0.8930738648252773,0.48258706467661694
0.8930738648252773,0.4825325042396834
0.8930738648252773,0.48247795613836764
0.8930738648252773,0.4824234203684865
0.8930738648252773,0.48236889692585894
0.8930738648252773,0.4823143858063058
0.8930738648252773,0.4822598870056497
0.8930738648252773,0.4822054005197153
0.8930738648252773,0.482150926344329
0.8930738648252773,0.4820964644753191
0.8932831136220967,0.4821549582109781
0.8932831136220967,0.4821005081874647
0.8932831136220967,0.48204607046070463
0.8932831136220967,0.4819916450265327
0.8932831136220967,0.48193723188078574
0.8932831136220967,0.4818828310193024
0.8932831136220967,0.4818284424379233
0.8932831136220967,0.4817740661324907
0.8932831136220967,0.481719702098849
0.8932831136220967,0.4816653503328444
0.8932831136220967,0.4816110108303249
0.8932831136220967,0.48155668358714043
0.8932831136220967,0.4815023685991428
0.8932831136220967,0.48144806586218564
0.8932831136220967,0.48139377537212447
0.8932831136220967,0.4813394971248168
0.8932831136220967,0.48128523111612176
0.8932831136220967,0.48123097734190057
0.8932831136220967,0.48117673579801623
0.8932831136220967,0.4811225064803336
0.8932831136220967,0.4810682893847194
0.8932831136220967,0.48101408450704225
0.8932831136220967,0.4809598918431726
0.8932831136220967,0.48090571138898275
0.8932831136220967,0.48085154314034695
0.8932831136220967,0.4807973870931411
0.8932831136220967,0.48074324324324325
0.8932831136220967,0.48068911158653305
0.8932831136220967,0.48063499211889216
0.8932831136220967,0.480580884836204
0.8932831136220967,0.4805267897343539
0.8932831136220967,0.48047270680922904
0.8932831136220967,0.4804186360567184
0.8932831136220967,0.48036457747271294
0.8932831136220967,0.4803105310531053
0.8932831136220967,0.48025649679379007
0.8932831136220967,0.4802024746906637
0.8932831136220967,0.48014846473962436
0.8932831136220967,0.4800944669365722
0.8932831136220967,0.4800404812774092
0.8932831136220967,0.47998650775803914
0.8932831136220967,0.4799325463743676
0.8932831136220967,0.47987859712230213
0.8932831136220967,0.47982465999775203
0.8932831136220967,0.4797707349966285
0.8932831136220967,0.47971682211484434
0.8932831136220967,0.4796629213483146
0.8932831136220967,0.47960903269295585
0.8932831136220967,0.4795551561446866
0.8932831136220967,0.4795012916994272
0.8932831136220967,0.47944743935309975
0.8932831136220967,0.4793935991016283
0.8932831136220967,0.4793397709409387
0.8932831136220967,0.4792859548669586
0.8932831136220967,0.47923215087561744
0.8932831136220967,0.47917835896284655
0.8932831136220967,0.4791245791245791
0.8932831136220967,0.47907081135675006
0.8932831136220967,0.47901705565529623
0.8932831136220967,0.47896331201615616
0.8932831136220967,0.4789095804352704
0.8932831136220967,0.47885586090858107
0.8932831136220967,0.4788021534320323
0.8932831136220967,0.47874845800157
0.8932831136220967,0.47869477461314197
0.8932831136220967,0.4786411032626976
0.8932831136220967,0.47858744394618835
0.8932831136220967,0.4785337966595673
0.8932831136220967,0.4784801613987895
0.8932831136220967,0.47842653815981173
0.8932831136220967,0.47837292693859257
0.8932831136220967,0.4783193277310924
0.8932831136220967,0.4782657405332736
0.8932831136220967,0.47821216534110006
0.8932831136220967,0.4781586021505376
0.8932831136220967,0.478105050957554
0.8932831136220967,0.4780515117581187
0.8932831136220967,0.4779979845482029
0.8932831136220967,0.47794446932377965
0.8932831136220967,0.47789096608082393
0.8932831136220967,0.4778374748153123
0.8932831136220967,0.47778399552322326
0.8932831136220967,0.47773052820053713
0.8932831136220967,0.47767707284323596
0.8932831136220967,0.47762362944730363
0.893492362418916,0.47768206734534063
0.893492362418916,0.47762863534675615
0.893492362418916,0.477575215300302
0.893492362418916,0.47752180720196824
0.893492362418916,0.47746841104774684
0.893492362418916,0.47741502683363146
0.893492362418916,0.4773616545556177
0.893492362418916,0.47730829420970267
0.893492362418916,0.47725494579188554
0.893492362418916,0.4772016092981672
0.893492362418916,0.47714828472455023
0.893492362418916,0.4770949720670391
0.893492362418916,0.47704167132164005
0.893492362418916,0.47698838248436104
0.893492362418916,0.4769351055512119
0.893492362418916,0.47688184051820415
0.893492362418916,0.4768285873813512
0.893492362418916,0.47677534613666817
0.893492362418916,0.47672211678017196
0.893492362418916,0.4766688993078812
0.893492362418916,0.4766156937158165
0.893492362418916,0.4765625
0.893492362418916,0.47650931815645575
0.893492362418916,0.47645614818120957
0.893492362418916,0.47640299007028897
0.893492362418916,0.47634984381972334
0.893492362418916,0.4762967094255438
0.893492362418916,0.47624358688378315
0.893492362418916,0.47619047619047616
0.893492362418916,0.47613737734165923
0.893492362418916,0.4760842903333705
0.893492362418916,0.4760312151616499
0.893492362418916,0.4759781518225393
0.893492362418916,0.475925100312082
0.893492362418916,0.4758720606263234
0.893492362418916,0.47581903276131043
0.893492362418916,0.47576601671309193
0.893492362418916,0.47571301247771836
0.893492362418916,0.4756600200512421
0.893492362418916,0.4756070394297171
0.893492362418916,0.47555407060919924
0.893492362418916,0.4755011135857461
0.893492362418916,0.475448168355417
0.893492362418916,0.475395234914273
0.893492362418916,0.47534231325837695
0.893492362418916,0.4752894033837934
0.893492362418916,0.4752365052865888
0.893492362418916,0.47518361896283107
0.893492362418916,0.4751307444085902
0.893492362418916,0.4750778816199377
0.893492362418916,0.47502503059294693
0.893492362418916,0.474972191323693
0.893492362418916,0.47491936380825267
0.893492362418916,0.4748665480427046
0.893492362418916,0.4748137440231291
0.893492362418916,0.4747609517456082
0.893492362418916,0.47470817120622566
0.893492362418916,0.47465540240106713
0.893492362418916,0.4746026453262199
0.893492362418916,0.47454989997777286
0.893492362418916,0.4744971663518169
0.893492362418916,0.47444444444444445
0.893492362418916,0.4743917342517498
0.893492362418916,0.47433903576982894
0.893492362418916,0.4742863489947795
0.893492362418916,0.47423367392270105
0.893492362418916,0.47418101054969464
0.893492362418916,0.4741283588718632
0.893492362418916,0.4740757188853114
0.893492362418916,0.47402309058614567
0.893492362418916,0.473970473970474
0.893492362418916,0.4739178690344062
0.893492362418916,0.4738652757740539
0.893492362418916,0.4738126941855304
0.893492362418916,0.4737601242649506
0.893492362418916,0.47370756600843134
0.893492362418916,0.473655019412091
0.893492362418916,0.47360248447204967
0.893492362418916,0.47354996118442944
0.893492362418916,0.4734974495453537
0.893492362418916,0.473444949550948
0.893492362418916,0.47339246119733924
0.893492362418916,0.47333998448065623
0.893492362418916,0.4732875193970295
0.893492362418916,0.4732350659425912
0.893492362418916,0.47318262411347517
0.893492362418916,0.4731301939058172
0.893492362418916,0.4730777753157545
0.893492362418916,0.47302536833942616
0.893492362418916,0.47297297297297297
0.893492362418916,0.4729205892125374
0.893492362418916,0.4728682170542636
0.893492362418916,0.4728158564942974
0.893492362418916,0.47276350752878654
0.893492362418916,0.4727111701538802
0.893492362418916,0.47265884436572947
0.893492362418916,0.472606530160487
0.893492362418916,0.4725542275343072
0.893492362418916,0.47250193648334626
0.893492362418916,0.4724496570037619
0.893492362418916,0.4723973890917137
0.893492362418916,0.4723451327433628
0.893492362418916,0.47229288795487223
0.893492362418916,0.47224065472240656
0.893492362418916,0.47218843304213204
0.893492362418916,0.47213622291021673
0.893492362418916,0.4720840243228303
0.893492362418916,0.4720318372761442
0.893492362418916,0.4719796617663314
0.893492362418916,0.4719274977895668
0.893492362418916,0.47187534534202674
0.893492362418916,0.4718232044198895
0.893492362418916,0.4717710750193349
0.893492362418916,0.47171895713654444
0.893492362418916,0.4716668507677013
0.893492362418916,0.4716147559089905
0.893492362418916,0.47156267255659856
0.893492362418916,0.4715106007067138
0.893492362418916,0.4714585403555261
0.893492362418916,0.4714064914992272
0.893492362418916,0.4713544541340104
0.893492362418916,0.47130242825607066
0.893492362418916,0.47125041386160466
0.893492362418916,0.47119841094681086
0.893492362418916,0.4711464195078892
0.893492362418916,0.47109443954104147
0.893492362418916,0.47104247104247104
0.893492362418916,0.470990514008383
0.893492362418916,0.470938568434984
0.893492362418916,0.4708866343184826
0.893492362418916,0.4708347116550888
0.893492362418916,0.47078280044101434
0.893492362418916,0.4707309006724727
0.893492362418916,0.470679012345679
0.893492362418916,0.47062713545685
0.893492362418916,0.4705752700022041
0.893492362418916,0.47052341597796143
0.893492362418916,0.4704715733803438
0.893492362418916,0.47041974220557453
0.893492362418916,0.47036792244987885
0.893492362418916,0.47031611410948343
0.893492362418916,0.47026431718061673
0.893492362418916,0.4702125316595089
0.893492362418916,0.47016075754239156
0.893492362418916,0.47010899482549817
0.893492362418916,0.47005724350506384
0.893492362418916,0.47000550357732523
0.893492362418916,0.4699537750385208
0.8937016112157355,0.47001210520523823
0.8937016112157355,0.4699603873239437
0.8937016112157355,0.4699086808229728
0.8937016112157355,0.4698569856985699
0.8937016112157355,0.4698053019469805
0.8937016112157355,0.46975362956445227
0.8937016112157355,0.4697019685472341
0.8937016112157355,0.4696503188915769
0.8937016112157355,0.46959868059373283
0.8937016112157355,0.469547053649956
0.8937016112157355,0.4694954380565021
0.8937016112157355,0.4694438338096285
0.8937016112157355,0.469392240905594
0.8937016112157355,0.4693406593406593
0.8937016112157355,0.4692890891110867
0.8937016112157355,0.46923753021313996
0.8937016112157355,0.4691859826430847
0.8937016112157355,0.46913444639718804
0.8937016112157355,0.4690829214717188
0.8937016112157355,0.4690314078629475
0.8937016112157355,0.46897990556714614
0.8937016112157355,0.4689284145805885
0.8937016112157355,0.4688769348995499
0.8937016112157355,0.4688254665203074
0.8937016112157355,0.4687740094391395
0.8937016112157355,0.4687225636523266
0.8937016112157355,0.46867112915615056
0.8939108600125549,0.4687294272547729
0.8939108600125549,0.4686780032912781
0.8939108600125549,0.4686265906099166
0.8939108600125549,0.468575189206976
0.8939108600125549,0.46852379907874536
0.8939108600125549,0.46847242022151553
0.8939108600125549,0.46842105263157896
0.8939108600125549,0.4683696963052297
0.8939108600125549,0.4683183512387634
0.8939108600125549,0.4682670174284775
0.8939108600125549,0.4682156948706708
0.8939108600125549,0.46816438356164386
0.8939108600125549,0.46811308349769887
0.8939108600125549,0.4680617946751397
0.8939108600125549,0.4680105170902717
0.8939108600125549,0.4679592507394019
0.8939108600125549,0.467907995618839
0.8939108600125549,0.4678567517248932
0.8939108600125549,0.46780551905387646
0.8939108600125549,0.46775429760210224
0.8939108600125549,0.46770308736588573
0.8939108600125549,0.46765188834154353
0.8939108600125549,0.46760070052539404
0.8939108600125549,0.46754952391375726
0.8939108600125549,0.4674983585029547
0.8939108600125549,0.4674472042893095
0.8939108600125549,0.4673960612691466
0.8939108600125549,0.46734492943879224
0.8939108600125549,0.4672938087945745
0.8941201088093743,0.46735207262386524
0.8941201088093743,0.46730096237970253
0.8941201088093743,0.46724986331328594
0.8941201088093743,0.46719877542094906
0.8941201088093743,0.467147698699027
0.8941201088093743,0.4670966331438566
0.8941201088093743,0.46704557875177616
0.8941201088093743,0.4669945355191257
0.8941201088093743,0.4669435034422468
0.8941201088093743,0.4668924825174825
0.8941201088093743,0.46684147274117777
0.8941201088093743,0.46679047410967883
0.8941201088093743,0.4667394866193337
0.8941201088093743,0.46668851026649194
0.8941201088093743,0.46663754504750465
0.8941201088093743,0.4665865909587246
0.8941201088093743,0.46653564799650615
0.8941201088093743,0.4664847161572052
0.8941201088093743,0.46643379543717933
0.8941201088093743,0.4663828858327876
0.8941201088093743,0.4663319873403907
0.8941201088093743,0.4662810999563509
0.8941201088093743,0.4662302236770322
0.8941201088093743,0.46617935849879993
0.8941201088093743,0.4661285044180212
0.8941201088093743,0.46607766143106455
0.8941201088093743,0.46602682953430036
0.8941201088093743,0.46597600872410033
0.8941201088093743,0.4659251989968379
0.8941201088093743,0.46587440034888794
0.8941201088093743,0.46582361277662704
0.8941201088093743,0.4657728362764334
0.8941201088093743,0.46572207084468664
0.8941201088093743,0.4656713164777681
0.8941201088093743,0.46562057317206057
0.8941201088093743,0.4655698409239486
0.8941201088093743,0.4655191197298181
0.8941201088093743,0.4654684095860566
0.8941201088093743,0.4654177104890535
0.8941201088093743,0.4653670224351993
0.8941201088093743,0.4653163454208864
0.8941201088093743,0.4652656794425087
0.8941201088093743,0.4652150244964616
0.8941201088093743,0.46516438057914217
0.8941201088093743,0.46511374768694896
0.8941201088093743,0.4650631258162821
0.8941201088093743,0.46501251496354334
0.8941201088093743,0.464961915125136
0.8941201088093743,0.4649113262974649
0.8941201088093743,0.4648607484769365
0.8941201088093743,0.4648101816599587
0.8941201088093743,0.46475962584294106
0.8941201088093743,0.46470908102229475
0.8941201088093743,0.46465854719443234
0.8941201088093743,0.4646080243557682
0.8941201088093743,0.464557512502718
0.8941201088093743,0.4645070116316991
0.8941201088093743,0.46445652173913043
0.8941201088093743,0.46440604282143244
0.8941201088093743,0.46435557487502716
0.8941201088093743,0.46430511789633816
0.8941201088093743,0.46425467188179054
0.8941201088093743,0.464204236827811
0.8941201088093743,0.46415381273082773
0.8941201088093743,0.46410339958727054
0.8941201088093743,0.4640529973935708
0.8941201088093743,0.46400260614616134
0.8941201088093743,0.46395222584147666
0.8941201088093743,0.46390185647595267
0.8941201088093743,0.46385149804602693
0.8941201088093743,0.4638011505481385
0.8941201088093743,0.463750813978728
0.8941201088093743,0.46370048833423766
0.8941201088093743,0.4636501736111111
0.8941201088093743,0.46359986980579365
0.8941201088093743,0.46354957691473203
0.8941201088093743,0.46349929493437464
0.8941201088093743,0.46344902386117137
0.8941201088093743,0.46339876369157357
0.8941201088093743,0.4633485144220343
0.8941201088093743,0.4632982760490079
0.8941201088093743,0.4632480485689506
0.8941201088093743,0.46319783197831976
0.8941201088093743,0.4631476262735747
0.8941201088093743,0.4630974314511759
0.8941201088093743,0.46304724750758564
0.8941201088093743,0.4629970744392675
0.8941201088093743,0.4629469122426869
0.8941201088093743,0.4628967609143105
0.8941201088093743,0.4628466204506066
0.8941201088093743,0.4627964908480451
0.8941201088093743,0.46274637210309727
0.8941201088093743,0.4626962642122361
0.8941201088093743,0.4626461671719359
0.8941201088093743,0.4625960809786727
0.8941201088093743,0.462546005628924
0.8941201088093743,0.46249594111916875
0.8941201088093743,0.46244588744588744
0.8941201088093743,0.46239584460556216
0.8941201088093743,0.4623458125946765
0.8941201088093743,0.46229579140971544
0.8941201088093743,0.46224578104716574
0.8941201088093743,0.4621957815035154
0.8941201088093743,0.46214579277525414
0.8941201088093743,0.46209581485887313
0.8941201088093743,0.46204584775086505
0.8941201088093743,0.46199589144772407
0.8941201088093743,0.46194594594594596
0.8941201088093743,0.4618960112420279
0.8941201088093743,0.4618460873324687
0.8941201088093743,0.4617961742137685
0.8941201088093743,0.4617462718824292
0.8941201088093743,0.4616963803349541
0.8941201088093743,0.46164649956784787
0.8941201088093743,0.46159662957761693
0.8941201088093743,0.4615467703607691
0.8943293576061938,0.4616049249378983
0.8943293576061938,0.4615550755939525
0.8943293576061938,0.4615052370154411
0.8943293576061938,0.4614554091988771
0.8943293576061938,0.46140559214077514
0.8943293576061938,0.46135578583765113
0.8943293576061938,0.46130599028602265
0.8943293576061938,0.4612562054824088
0.8943293576061938,0.4612064314233301
0.8943293576061938,0.4611566681053086
0.8943293576061938,0.4611069155248678
0.8943293576061938,0.4610571736785329
0.8943293576061938,0.4610074425628303
0.8943293576061938,0.46095772217428815
0.8943293576061938,0.46090801250943597
0.8943293576061938,0.46085831356480483
0.8943293576061938,0.46080862533692724
0.8943293576061938,0.46075894782233723
0.8943293576061938,0.46070928101757036
0.8943293576061938,0.4606596249191636
0.8943293576061938,0.46060997952365557
0.8943293576061938,0.46056034482758623
0.8943293576061938,0.46051072082749706
0.8943293576061938,0.460461107519931
0.8943293576061938,0.46041150490143273
0.8943293576061938,0.46036191296854806
0.8943293576061938,0.46031233171782443
0.8943293576061938,0.4602627611458109
0.8943293576061938,0.46021320124905785
0.8943293576061938,0.46016365202411713
0.8943293576061938,0.4601141134675423
0.8943293576061938,0.46006458557588803
0.8943293576061938,0.4600150683457109
0.8943293576061938,0.4599655617735687
0.8943293576061938,0.4599160658560207
0.8943293576061938,0.4598665805896277
0.8943293576061938,0.4598171059709521
0.8943293576061938,0.4597676419965577
0.8943293576061938,0.45971818866300956
0.8943293576061938,0.45966874596687457
0.8943293576061938,0.45961931390472094
0.8943293576061938,0.4595698924731183
0.8943293576061938,0.4595204816686378
0.8943293576061938,0.4594710814878521
0.8943293576061938,0.4594216919273353
0.8943293576061938,0.45937231298366293
0.8943293576061938,0.45932294465341217
0.8943293576061938,0.4592735869331614
0.8943293576061938,0.45922423981949073
0.8943293576061938,0.45917490330898153
0.8943293576061938,0.4591255773982168
0.8943293576061938,0.4590762620837809
0.8943293576061938,0.4590269573622597
0.8943293576061938,0.45897766323024053
0.8943293576061938,0.45892837968431227
0.8943293576061938,0.4588791067210651
0.8945386064030132,0.45893719806763283
0.8945386064030132,0.4588879347359382
0.8945386064030132,0.4588386819791778
0.8945386064030132,0.4587894397939472
0.8945386064030132,0.458740208176843
0.8945386064030132,0.45869098712446355
0.8945386064030132,0.45864177663340844
0.8945386064030132,0.4585925767002789
0.8945386064030132,0.4585433873216776
0.8945386064030132,0.4584942084942085
0.8945386064030132,0.4584450402144772
0.8945386064030132,0.4583958824790907
0.8945386064030132,0.45834673528465747
0.8945386064030132,0.4582975986277873
0.8945386064030132,0.45824847250509165
0.8945386064030132,0.45819935691318325
0.8945386064030132,0.45815025184867647
0.8945386064030132,0.4581011573081869
0.8945386064030132,0.45805207328833175
0.8945386064030132,0.4580029997857296
0.8945386064030132,0.4579539367970005
0.8945386064030132,0.4579048843187661
0.8945386064030132,0.45785584234764914
0.8945386064030132,0.45780681088027414
0.8945386064030132,0.45775778991326693
0.8945386064030132,0.45770877944325483
0.8945386064030132,0.4576597794668665
0.8945386064030132,0.4576107899807322
0.8945386064030132,0.45756181098148346
0.8945386064030132,0.4575128424657534
0.8945386064030132,0.45746388443017655
0.8945386064030132,0.45741493687138884
0.8945386064030132,0.4573659997860276
0.8945386064030132,0.4573170731707317
0.8945386064030132,0.4572681570221414
0.8945386064030132,0.4572192513368984
0.8945386064030132,0.4571703561116458
0.8945386064030132,0.4571214713430282
0.8945386064030132,0.45707259702769165
0.8945386064030132,0.4570237331622835
0.8945386064030132,0.4569748797434527
0.8945386064030132,0.4569260367678495
0.8945386064030132,0.4568772042321257
0.8945386064030132,0.45682838213293436
0.8945386064030132,0.45677957046693024
0.8945386064030132,0.4567307692307692
0.8945386064030132,0.45668197842110886
0.8945386064030132,0.456633198034608
0.8945386064030132,0.45658442806792693
0.8945386064030132,0.4565356685177275
0.8945386064030132,0.4564869193806727
0.8945386064030132,0.4564381806534273
0.8945386064030132,0.4563894523326572
0.8945386064030132,0.45634073441502987
0.8945386064030132,0.4562920268972142
0.8945386064030132,0.45624332977588045
0.8945386064030132,0.45619464304770035
0.8945386064030132,0.456145966709347
0.8945386064030132,0.45609730075749494
0.8945386064030132,0.45604864518882016
0.8945386064030132,0.456
0.8945386064030132,0.4559513651877133
0.8945386064030132,0.4559027407486403
0.8945386064030132,0.45585412667946257
0.8945386064030132,0.4558055229768632
0.8945386064030132,0.4557569296375267
0.8945386064030132,0.4557083466581388
0.8945386064030132,0.45565977403538693
0.8945386064030132,0.4556112117659597
0.8945386064030132,0.4555626598465473
0.8945386064030132,0.45551411827384125
0.8945386064030132,0.45546558704453444
0.8945386064030132,0.4554170661553212
0.8945386064030132,0.4553685556028973
0.8945386064030132,0.45532005538396
0.8945386064030132,0.45527156549520764
0.8945386064030132,0.45522308593334043
0.8945386064030132,0.45517461669505965
0.8945386064030132,0.45512615777706805
0.8945386064030132,0.4550777091760698
0.8945386064030132,0.4550292708887706
0.8945386064030132,0.4549808429118774
0.8945386064030132,0.45493242524209854
0.8945386064030132,0.45488401787614385
0.8945386064030132,0.45483562081072454
0.8945386064030132,0.45478723404255317
0.8945386064030132,0.4547388575683438
0.8945386064030132,0.45469049138481177
0.8945386064030132,0.4546421354886738
0.8945386064030132,0.4545937898766482
0.8945386064030132,0.45454545454545453
0.8945386064030132,0.45449712949181376
0.8945386064030132,0.4544488147124482
0.8945386064030132,0.4544005102040816
0.8945386064030132,0.4543522159634393
0.8945386064030132,0.4543039319872476
0.8945386064030132,0.45425565827223463
0.8945386064030132,0.4542073948151296
0.8945386064030132,0.45415914161266335
0.8945386064030132,0.4541108986615679
0.8945386064030132,0.45406266595857675
0.8945386064030132,0.4540144435004248
0.8945386064030132,0.4539662312838484
0.8945386064030132,0.45391802930558506
0.8945386064030132,0.4538698375623739
0.8947478551998326,0.45392781316348196
0.8947478551998326,0.4538796306124615
0.8947478551998326,0.4538314582891106
0.8947478551998326,0.453783296190173
0.8947478551998326,0.45373514431239387
0.8947478551998326,0.4536870026525199
0.8947478551998326,0.45363887120729895
0.8947478551998326,0.4535907499734804
0.8947478551998326,0.45354263894781505
0.8947478551998326,0.4534945381270548
0.8947478551998326,0.4534464475079533
0.8947478551998326,0.4533983670872654
0.8947478551998326,0.45335029686174727
0.8947478551998326,0.45330223682815646
0.8947478551998326,0.4532541869832521
0.8947478551998326,0.4532061473237944
0.8947478551998326,0.45315811784654514
0.8947478551998326,0.45311009854826745
0.8947478551998326,0.4530620894257258
0.8947478551998326,0.45301409047568597
0.8947478551998326,0.45296610169491525
0.8947478551998326,0.4529181230801822
0.8947478551998326,0.45287015462825675
0.8947478551998326,0.4528221963359102
0.8947478551998326,0.4527742481999153
0.8947478551998326,0.45272631021704607
0.8947478551998326,0.4526783823840779
0.8947478551998326,0.45263046469778767
0.8947478551998326,0.45258255715495344
0.8947478551998326,0.45253465975235474
0.8947478551998326,0.4524867724867725
0.8947478551998326,0.4524388953549889
0.8947478551998326,0.4523910283537876
0.8947478551998326,0.45234317147995345
0.8947478551998326,0.4522953247302729
0.8947478551998326,0.4522474881015336
0.8947478551998326,0.45219966159052455
0.8947478551998326,0.4521518451940362
0.8947478551998326,0.45210403890886025
0.8947478551998326,0.45205624273178985
0.8947478551998326,0.4520084566596195
0.8947478551998326,0.4519606806891449
0.8947478551998326,0.4519129148171634
0.8947478551998326,0.4518651590404734
0.8947478551998326,0.4518174133558749
0.8947478551998326,0.451769677760169
0.8947478551998326,0.4517219522501585
0.8947478551998326,0.45167423682264707
0.8947478551998326,0.4516265314744402
0.8947478551998326,0.4515788362023445
0.8947478551998326,0.4515311510031679
0.8949571039966521,0.4515890613451589
0.8949571039966521,0.45154138513513514
0.8949571039966521,0.45149371899081603
0.8949571039966521,0.4514460629090141
0.8949571039966521,0.45139841688654353
0.8949571039966521,0.4513507809202195
0.8949571039966521,0.4513031550068587
0.8949571039966521,0.45125553914327915
0.8951663527934715,0.4513134296866758
0.8951663527934715,0.45126582278481014
0.8951663527934715,0.4512182259255353
0.8951663527934715,0.4511706391056739
0.8951663527934715,0.45112306232204996
0.8951663527934715,0.45107549557148885
0.8951663527934715,0.4510279388508171
0.8951663527934715,0.45098039215686275
0.8951663527934715,0.4509328554864552
0.8951663527934715,0.45088532883642496
0.8951663527934715,0.4508378122036042
0.8951663527934715,0.45079030558482613
0.8951663527934715,0.45074280897692554
0.8951663527934715,0.4506953223767383
0.8951663527934715,0.45064784578110184
0.8951663527934715,0.45060037918685486
0.8951663527934715,0.4505529225908373
0.8951663527934715,0.4505054759898905
0.8951663527934715,0.4504580393808571
0.8951663527934715,0.4504106127605812
0.8951663527934715,0.45036319612590797
0.8951663527934715,0.4503157894736842
0.8951663527934715,0.4502683928007578
0.8951663527934715,0.4502210061039781
0.8951663527934715,0.45017362938019573
0.8951663527934715,0.45012626262626265
0.8951663527934715,0.4500789058390321
0.8951663527934715,0.45003155901535874
0.8951663527934715,0.44998422215209843
0.8951663527934715,0.4499368952461085
0.8951663527934715,0.4498895782942475
0.8951663527934715,0.4498422712933754
0.8951663527934715,0.44979497424035325
0.8951663527934715,0.4497476871320437
0.8951663527934715,0.44970040996531063
0.8951663527934715,0.4496531427370191
0.8951663527934715,0.44960588544403574
0.8951663527934715,0.44955863808322827
0.8951663527934715,0.4495114006514658
0.8951663527934715,0.4494641731456188
0.8951663527934715,0.4494169555625591
0.8951663527934715,0.4493697478991597
0.8951663527934715,0.44932255015229494
0.8951663527934715,0.4492753623188406
0.8951663527934715,0.44922818439567364
0.8951663527934715,0.4491810163796724
0.8951663527934715,0.4491338582677165
0.8951663527934715,0.449086710056687
0.8951663527934715,0.4490395717434659
0.8951663527934715,0.44899244332493704
0.8951663527934715,0.4489453247979851
0.8951663527934715,0.4488982161594963
0.8951663527934715,0.4488511174063582
0.8951663527934715,0.44880402853545953
0.8951663527934715,0.44875694954369033
0.8951663527934715,0.4487098804279421
0.8951663527934715,0.4486628211851075
0.8951663527934715,0.4486157718120805
0.8951663527934715,0.4485687323057565
0.8951663527934715,0.4485217026630321
0.8951663527934715,0.4484746828808051
0.8951663527934715,0.44842767295597485
0.8951663527934715,0.44838067288544176
0.8951663527934715,0.44833368266610774
0.8951663527934715,0.4482867022948758
0.8951663527934715,0.44823973176865045
0.8951663527934715,0.44819277108433736
0.8951663527934715,0.4481458202388435
0.8951663527934715,0.4480988792290772
0.8951663527934715,0.44805194805194803
0.8951663527934715,0.4480050267043669
0.8951663527934715,0.4479581151832461
0.8951663527934715,0.4479112134854989
0.8951663527934715,0.4478643216080402
0.8951663527934715,0.447817439547786
0.8951663527934715,0.44777056730165377
0.8951663527934715,0.447723704866562
0.8951663527934715,0.4476768522394307
0.8951663527934715,0.4476300094171811
0.8951663527934715,0.4475831763967357
0.8951663527934715,0.44753635317501833
0.8951663527934715,0.447489539748954
0.8951663527934715,0.4474427361154691
0.8951663527934715,0.4473959422714913
0.8951663527934715,0.4473491582139496
0.8951663527934715,0.4473023839397742
0.8951663527934715,0.4472556194458965
0.8951663527934715,0.4472088647292494
0.8951663527934715,0.447162119786767
0.8951663527934715,0.44711538461538464
0.8951663527934715,0.44706865921203887
0.8951663527934715,0.4470219435736677
0.8951663527934715,0.4469752376972103
0.8951663527934715,0.4469285415796072
0.8951663527934715,0.44688185521780005
0.8951663527934715,0.446835178608732
0.8951663527934715,0.44678851174934725
0.8951663527934715,0.4467418546365915
0.8951663527934715,0.4466952072674115
0.8951663527934715,0.4466485696387555
0.8951663527934715,0.44660194174757284
0.8951663527934715,0.4465553235908142
0.8951663527934715,0.44650871516543156
0.8951663527934715,0.4464621164683782
0.8951663527934715,0.44641552749660857
0.8951663527934715,0.44636894824707846
0.8951663527934715,0.4463223787167449
0.8953756015902908,0.4463801377008137
0.8953756015902908,0.44633357671847296
0.8953756015902908,0.44628702544847726
0.8953756015902908,0.4462404838877881
0.8953756015902908,0.4461939520333681
0.8953756015902908,0.4461474298821812
0.8953756015902908,0.4461009174311927
0.8953756015902908,0.4460544146773689
0.8953756015902908,0.4460079216176777
0.8953756015902908,0.44596143824908807
0.8953756015902908,0.4459149645685702
0.8953756015902908,0.44586850057309574
0.8953756015902908,0.44582204625963745
0.8953756015902908,0.44577560162516927
0.8953756015902908,0.4457291666666667
0.8953756015902908,0.44568274138110614
0.8953756015902908,0.4456363257654655
0.8953756015902908,0.44558991981672397
0.8953756015902908,0.4455435235318617
0.8953756015902908,0.44549713690786047
0.8953756015902908,0.4454507599417031
0.8953756015902908,0.4454043926303737
0.8953756015902908,0.44535803497085763
0.8953756015902908,0.44531168696014156
0.8953756015902908,0.44526534859521333
0.8953756015902908,0.4452190198730621
0.8953756015902908,0.44517270079067833
0.8953756015902908,0.44512639134505355
0.8953756015902908,0.4450800915331808
0.8953756015902908,0.44503380135205406
0.8953756015902908,0.4449875207986689
0.8953756015902908,0.4449412498700218
0.8953756015902908,0.4448949885631108
0.8953756015902908,0.44484873687493504
0.8953756015902908,0.4448024948024948
0.8953756015902908,0.4447562623427918
0.8953756015902908,0.44471003949282895
0.8953756015902908,0.4446638262496103
0.8953756015902908,0.4446176226101413
0.8953756015902908,0.44457142857142856
0.8953756015902908,0.44452524413047995
0.8953756015902908,0.4444790692843046
0.8953756015902908,0.44443290402991276
0.8953756015902908,0.44438674836431613
0.8953756015902908,0.44434060228452754
0.8953756015902908,0.444294465787561
0.8953756015902908,0.4442483388704319
0.8953756015902908,0.44420222153015676
0.8953756015902908,0.44415611376375336
0.8953756015902908,0.4441100155682408
0.8953756015902908,0.4440639269406393
0.8953756015902908,0.44401784787797033
0.8955848503871102,0.4440755343432247
0.8955848503871102,0.4440294636373068
0.8955848503871102,0.44398340248962653
0.8955848503871102,0.4439373508972098
0.8955848503871102,0.4438913088570836
0.8955848503871102,0.4438452763662761
0.8955848503871102,0.4437992534218167
0.8955848503871102,0.44375324002073613
0.8955848503871102,0.44370723616006635
0.8955848503871102,0.44366124183684047
0.8955848503871102,0.44361525704809285
0.8955848503871102,0.44356928179085914
0.8955848503871102,0.44352331606217615
0.8955848503871102,0.443477359859082
0.8955848503871102,0.44343141317861584
0.8955848503871102,0.4433854760178183
0.8955848503871102,0.4433395483737311
0.8955848503871102,0.4432936302433972
0.8955848503871102,0.44324772162386084
0.8955848503871102,0.44320182251216733
0.8955848503871102,0.4431559329053634
0.8955848503871102,0.4431100528004969
0.8955848503871102,0.44306418219461696
0.8955848503871102,0.44301832108477385
0.8955848503871102,0.44297246946801905
0.8955848503871102,0.44292662734140537
0.8955848503871102,0.44288079470198677
0.8955848503871102,0.4428349715468184
0.8955848503871102,0.44278915787295675
0.8955848503871102,0.4427433536774594
0.8955848503871102,0.44269755895738516
0.8955848503871102,0.4426517737097942
0.8955848503871102,0.44260599793174765
0.8955848503871102,0.44256023162030816
0.8955848503871102,0.4425144747725393
0.8955848503871102,0.442468727385506
0.8955848503871102,0.44242298945627456
0.8955848503871102,0.44237726098191216
0.8955848503871102,0.4423315419594874
0.8955848503871102,0.44228583238607005
0.8955848503871102,0.44224013225873116
0.8955848503871102,0.44219444157454285
0.8955848503871102,0.44214876033057854
0.8955848503871102,0.44210308852391283
0.8955848503871102,0.4420574261516216
0.8955848503871102,0.4420117732107818
0.8955848503871102,0.4419661296984717
0.8955848503871102,0.44192049561177077
0.8955848503871102,0.4418748709477597
0.8955848503871102,0.44182925570352016
0.8955848503871102,0.44178364987613544
0.8955848503871102,0.44173805346268963
0.8955848503871102,0.44169246646026833
0.8955848503871102,0.4416468888659581
0.8955848503871102,0.4416013206768469
0.8955848503871102,0.4415557618900237
0.8955848503871102,0.44151021250257894
0.8955848503871102,0.44146467251160393
0.8955848503871102,0.4414191419141914
0.8955848503871102,0.4413736207074353
0.8955848503871102,0.4413281088884306
0.8955848503871102,0.44128260645427364
0.8955848503871102,0.44123711340206184
0.8955848503871102,0.4411916297288939
0.8955848503871102,0.4411461554318697
0.8955848503871102,0.44110069050809025
0.8955848503871102,0.44105523495465787
0.8955848503871102,0.4410097887686759
0.8955848503871102,0.44096435194724914
0.8955848503871102,0.44091892448748327
0.8955848503871102,0.44087350638648537
0.8955848503871102,0.44082809764136366
0.8955848503871102,0.4407826982492276
0.8955848503871102,0.4407373082071877
0.8955848503871102,0.44069192751235586
0.8955848503871102,0.44064655616184495
0.8955848503871102,0.4406011941527692
0.8955848503871102,0.44055584148224397
0.8955848503871102,0.44051049814738574
0.8955848503871102,0.44046516414531234
0.8955848503871102,0.4404198394731426
0.8955848503871102,0.4403745241279967
0.8955848503871102,0.4403292181069959
0.8955848503871102,0.44028392140726264
0.8955848503871102,0.4402386340259206
0.8955848503871102,0.4401933559600946
0.8955848503871102,0.44014808720691073
0.8955848503871102,0.44010282776349613
0.8955848503871102,0.4400575776269792
0.8955848503871102,0.4400123367944896
0.8955848503871102,0.4399671052631579
0.8955848503871102,0.43992188303011615
0.8955848503871102,0.4398766700924974
0.8955848503871102,0.43983146644743604
0.8955848503871102,0.4397862720920674
0.8955848503871102,0.4397410870235282
0.8955848503871102,0.43969591123895624
0.8955848503871102,0.4396507447354905
0.8955848503871102,0.4396055875102712
0.8955848503871102,0.43956043956043955
0.8955848503871102,0.4395153008831382
0.8955848503871102,0.4394701714755108
0.8955848503871102,0.4394250513347023
0.8955848503871102,0.43937994045785855
0.8957940991839297,0.43943748716895914
0.8957940991839297,0.4393923842758904
0.8957940991839297,0.4393472906403941
0.8957940991839297,0.4393022062596203
0.8957940991839297,0.4392571311307203
0.8957940991839297,0.43921206525084644
0.8957940991839297,0.43916700861715224
0.8957940991839297,0.4391219612267925
0.8957940991839297,0.4390769230769231
0.8957940991839297,0.43903189416470106
0.8957940991839297,0.4389868744872847
0.8957940991839297,0.4389418640418333
0.8957940991839297,0.4388968628255075
0.8957940991839297,0.438851870835469
0.8957940991839297,0.4388068880688807
0.8957940991839297,0.43876191452290664
0.8957940991839297,0.438716950194712
0.8957940991839297,0.43867199508146326
0.8957940991839297,0.43862704918032785
0.8957940991839297,0.43858211248847456
0.8957940991839297,0.43853718500307315
0.8957940991839297,0.4384922667212947
0.8957940991839297,0.43844735764031134
0.8957940991839297,0.43840245775729647
0.8957940991839297,0.4383575670694245
0.8957940991839297,0.4383126855738712
0.8957940991839297,0.4382678132678133
0.8957940991839297,0.4382229501484287
0.8957940991839297,0.4381780962128966
0.8957940991839297,0.4381332514583973
0.8957940991839297,0.43808841588211217
0.8957940991839297,0.4380435894812238
0.8957940991839297,0.4379987722529159
0.8957940991839297,0.4379539641943734
0.8957940991839297,0.43790916530278234
0.8957940991839297,0.43786437557532987
0.8957940991839297,0.4378195950092043
0.8957940991839297,0.43777482360159525
0.8957940991839297,0.4377300613496933
0.8957940991839297,0.43768530825069013
0.8957940991839297,0.4376405643017788
0.8957940991839297,0.43759582950015335
0.8957940991839297,0.437551103843009
0.8957940991839297,0.43750638732754216
0.8957940991839297,0.4374616799509503
0.8957940991839297,0.4374169817104322
0.8957940991839297,0.43737229260318755
0.8957940991839297,0.4373276126264174
0.8957940991839297,0.4372829417773238
0.8957940991839297,0.43723828005311
0.8957940991839297,0.4371936274509804
0.8957940991839297,0.4371489839681405
0.8957940991839297,0.437104349601797
0.8957940991839297,0.43705972434915774
0.8957940991839297,0.4370151082074316
0.8957940991839297,0.43697050117382874
0.8957940991839297,0.4369259032455603
0.8957940991839297,0.43688131441983874
0.8957940991839297,0.43683673469387757
0.8957940991839297,0.43679216406489135
0.8957940991839297,0.4367476025300959
0.8957940991839297,0.4367030500867082
0.8957940991839297,0.43665850673194617
0.8957940991839297,0.4366139724630291
0.8957940991839297,0.4365694472771772
0.8957940991839297,0.4365249311716121
0.8957940991839297,0.43648042414355626
0.8957940991839297,0.43643592619023347
0.8957940991839297,0.4363914373088685
0.8957940991839297,0.4363469574966874
0.8957940991839297,0.43630248675091726
0.8957940991839297,0.4362580250687863
0.8957940991839297,0.43621357244752396
0.8957940991839297,0.43616912888436066
0.8957940991839297,0.4361246943765281
0.8957940991839297,0.43608026892125906
0.8957940991839297,0.4360358525157873
0.8957940991839297,0.435991445157348
0.8957940991839297,0.4359470468431772
0.8957940991839297,0.43590265757051216
0.8957940991839297,0.4358582773365913
0.8957940991839297,0.4358139061386542
0.8957940991839297,0.43576954397394135
0.8957940991839297,0.43572519083969463
0.8957940991839297,0.43568084673315693
0.8957940991839297,0.4356365116515722
0.8957940991839297,0.4355921855921856
0.8957940991839297,0.43554786855224337
0.8957940991839297,0.43550356052899286
0.8960033479807491,0.4355609805716611
0.8960033479807491,0.4355166802278275
0.8960033479807491,0.4354723888945388
0.8960033479807491,0.4354281065690462
0.8960033479807491,0.4353838332486019
0.8960033479807491,0.43533956893045955
0.8960033479807491,0.4352953136118735
0.8960033479807491,0.4352510672900996
0.8960033479807491,0.43520682996239457
0.8960033479807491,0.4351626016260163
0.8960033479807491,0.43511838227822375
0.8960033479807491,0.4350741719162772
0.8960033479807491,0.43502997053743775
0.8960033479807491,0.4349857781389679
0.8960033479807491,0.43494159471813104
0.8960033479807491,0.43489742027219175
0.8960033479807491,0.43485325479841574
0.8960033479807491,0.4348090982940699
0.8962125967775685,0.4348664839069956
0.8962125967775685,0.4348223350253807
0.8962125967775685,0.4347781951070957
0.8962125967775685,0.4347340641494113
0.8962125967775685,0.4346899421495991
0.8962125967775685,0.434645829104932
0.8962125967775685,0.4346017250126839
0.8962125967775685,0.43455762987012986
0.8962125967775685,0.43451354367454603
0.8962125967775685,0.43446946642320955
0.8962125967775685,0.4344253981133989
0.8962125967775685,0.4343813387423935
0.8962125967775685,0.43433728830747387
0.8962125967775685,0.43429324680592174
0.8962125967775685,0.4342492142350198
0.8962125967775685,0.4342051905920519
0.8962125967775685,0.4341611758743031
0.8962125967775685,0.4341171700790594
0.8962125967775685,0.434073173203608
0.8962125967775685,0.43402918524523715
0.8962125967775685,0.4339852062012362
0.8962125967775685,0.4339412360688956
0.8962125967775685,0.43389727484550705
0.8962125967775685,0.43385332252836306
0.8962125967775685,0.4338093791147574
0.8962125967775685,0.433765444601985
0.8962125967775685,0.4337215189873418
0.8962125967775685,0.43367760226812474
0.8962125967775685,0.4336336944416321
0.8962125967775685,0.43358979550516297
0.8962125967775685,0.4335459054560178
0.8962125967775685,0.433502024291498
0.8962125967775685,0.433458152008906
0.8962125967775685,0.43341428860554543
0.8962125967775685,0.43337043407872106
0.8962125967775685,0.43332658842573857
0.8962125967775685,0.4332827516439049
0.8962125967775685,0.433238923730528
0.8962125967775685,0.43319510468291694
0.8962125967775685,0.43315129449838186
0.8962125967775685,0.43310749317423397
0.8962125967775685,0.43306370070778566
0.8962125967775685,0.43301991709635024
0.8962125967775685,0.43297614233724224
0.8962125967775685,0.4329323764277772
0.8962125967775685,0.4328886193652719
0.8962125967775685,0.43284487114704395
0.8962125967775685,0.4328011317704123
0.8962125967775685,0.4327574012326968
0.8962125967775685,0.4327136795312184
0.8962125967775685,0.4326699666632993
0.8962125967775685,0.43262626262626264
0.8962125967775685,0.43258256741743256
0.8962125967775685,0.4325388810341345
0.8962125967775685,0.43249520347369486
0.8962125967775685,0.43245153473344106
0.8962125967775685,0.43240787481070164
0.8962125967775685,0.43236422370280636
0.8962125967775685,0.4323205814070859
0.8962125967775685,0.432276947920872
0.8962125967775685,0.4322333232414976
0.8962125967775685,0.4321897073662967
0.8962125967775685,0.4321461002926042
0.8962125967775685,0.43210250201775624
0.8962125967775685,0.43205891253909007
0.8962125967775685,0.4320153318539439
0.8962125967775685,0.4319717599596571
0.8962125967775685,0.43192819685357
0.8962125967775685,0.4318846425330241
0.8962125967775685,0.431841096995362
0.8962125967775685,0.4317975602379272
0.8962125967775685,0.4317540322580645
0.8962125967775685,0.43171051305311964
0.8962125967775685,0.43166700262043944
0.8962125967775685,0.4316235009573718
0.8962125967775685,0.4315800080612656
0.8962125967775685,0.431536523929471
0.8962125967775685,0.4314930485593391
0.8962125967775685,0.431449581948222
0.8962125967775685,0.431406124093473
0.8962125967775685,0.43136267499244635
0.8962125967775685,0.4313192346424975
0.8962125967775685,0.4312758030409828
0.8962125967775685,0.4312323801852598
0.8962125967775685,0.43118896607268703
0.8962125967775685,0.4311455607006241
0.8962125967775685,0.4311021640664318
0.8962125967775685,0.43105877616747185
0.8962125967775685,0.43101539700110697
0.8962125967775685,0.4309720265647011
0.8962125967775685,0.43092866485561926
0.8962125967775685,0.43088531187122736
0.8962125967775685,0.4308419676088925
0.8962125967775685,0.4307986320659827
0.8962125967775685,0.43075530523986727
0.8962125967775685,0.4307119871279163
0.8962125967775685,0.4306686777275013
0.8962125967775685,0.43062537703599435
0.8962125967775685,0.43058208505076906
0.8962125967775685,0.43053880176919984
0.8962125967775685,0.4304955271886622
0.8962125967775685,0.4304522613065327
0.8962125967775685,0.4304090041201889
0.8962125967775685,0.4303657556270096
0.8962125967775685,0.4303225158243746
0.8962125967775685,0.4302792847096645
0.8962125967775685,0.4302360622802612
0.8962125967775685,0.4301928485335476
0.8962125967775685,0.4301496434669077
0.8962125967775685,0.43010644707772644
0.8962125967775685,0.4300632593633899
0.8962125967775685,0.43002008032128514
0.8962125967775685,0.42997690994880033
0.8962125967775685,0.42993374824332464
0.8962125967775685,0.4298905952022483
0.8962125967775685,0.42984745082296266
0.8962125967775685,0.42980431510286
0.8962125967775685,0.4297611880393337
0.8962125967775685,0.42971806962977827
0.8962125967775685,0.4296749598715891
0.8962125967775685,0.4296318587621627
0.8962125967775685,0.4295887662988967
0.8962125967775685,0.42954568247918967
0.8962125967775685,0.4295026073004412
0.8962125967775685,0.42945954076005216
0.8962125967775685,0.4294164828554241
0.8962125967775685,0.4293734335839599
0.8962125967775685,0.42933039294306335
0.8962125967775685,0.4292873609301393
0.8962125967775685,0.4292443375425937
0.8962125967775685,0.42920132277783346
0.8962125967775685,0.42915831663326653
0.896421845574388,0.4292155094679892
0.896421845574388,0.42917251051893407
0.896421845574388,0.42912952018431333
0.896421845574388,0.42908653846153844
0.896421845574388,0.429043565348022
0.896421845574388,0.42900060084117764
0.896421845574388,0.4289576449384199
0.896421845574388,0.4289146976371646
0.896421845574388,0.4288717589348283
0.896421845574388,0.42882882882882883
0.896421845574388,0.42878590731658495
0.896421845574388,0.4287429943955164
0.896421845574388,0.4287000900630441
0.896421845574388,0.42865719431658994
0.896421845574388,0.4286143071535768
0.896421845574388,0.42857142857142855
0.896421845574388,0.4285285585675703
0.896421845574388,0.4284856971394279
0.896421845574388,0.42844284428442847
0.896421845574388,0.4284
0.896421845574388,0.4283571642835716
0.896421845574388,0.4283143371325735
0.896421845574388,0.4282715185444367
0.896421845574388,0.42822870851659334
0.896421845574388,0.42818590704647674
0.896421845574388,0.42814311413152106
0.896421845574388,0.42810032976916157
0.8966310943712074,0.42815747402078336
0.8966310943712074,0.42811469677290437
0.8966310943712074,0.42807192807192807
0.8966310943712074,0.42802916791529316
0.8966310943712074,0.4279864163004395
0.8966310943712074,0.42794367322480775
0.8966310943712074,0.42790093868583984
0.8966310943712074,0.4278582126809785
0.8966310943712074,0.4278154952076677
0.8966310943712074,0.4277727862633523
0.8966310943712074,0.4277300858454781
0.8966310943712074,0.4276873939514922
0.8966310943712074,0.4276447105788423
0.8966310943712074,0.42760203572497757
0.8966310943712074,0.42755936938734784
0.8966310943712074,0.42751671156340415
0.8966310943712074,0.4274740622505986
0.8966310943712074,0.427431421446384
0.8966310943712074,0.42738878914821465
0.8966310943712074,0.4273461653535454
0.8966310943712074,0.42730355005983245
0.8966310943712074,0.42726094326453284
0.8966310943712074,0.4272183449651047
0.8966310943712074,0.4271757551590071
0.8966310943712074,0.42713317384370014
0.8966310943712074,0.4270906010166451
0.8966310943712074,0.42704803667530394
0.8966310943712074,0.42700548081714
0.8966310943712074,0.4269629334396174
0.8966310943712074,0.42692039454020125
0.8966310943712074,0.42687786411635786
0.8966310943712074,0.42683534216555435
0.8966310943712074,0.426792828685259
0.8966310943712074,0.42675032367294097
0.8966310943712074,0.4267078271260705
0.8966310943712074,0.4266653390421189
0.8966310943712074,0.4266228594185583
0.8966310943712074,0.4265803882528621
0.8966310943712074,0.42653792554250447
0.8966310943712074,0.4264954712849607
0.8966310943712074,0.426453025477707
0.8966310943712074,0.42641058811822075
0.8966310943712074,0.4263681592039801
0.8968403431680267,0.42642523132026666
0.8968403431680267,0.42638280939116596
0.8968403431680267,0.4263403959017209
0.8968403431680267,0.42629799084941317
0.8968403431680267,0.4262555942317255
0.8968403431680267,0.4262132060461416
0.8968403431680267,0.4261708262901462
0.8968403431680267,0.4261284549612249
0.8968403431680267,0.4260860920568645
0.8968403431680267,0.42604373757455266
0.8968403431680267,0.4260013915117781
0.8968403431680267,0.4259590538660306
0.8968403431680267,0.42591672463480074
0.8968403431680267,0.4258744038155803
0.8968403431680267,0.4258320914058619
0.8968403431680267,0.4257897874031393
0.8968403431680267,0.4257474918049071
0.8968403431680267,0.4257052046086611
0.8968403431680267,0.4256629258118979
0.8968403431680267,0.4256206554121152
0.8968403431680267,0.42557839340681164
0.8968403431680267,0.42553613979348687
0.8968403431680267,0.4254938945696416
0.8968403431680267,0.42545165773277743
0.8968403431680267,0.42540942928039704
0.8968403431680267,0.425367209210004
0.8968403431680267,0.4253249975191029
0.8968403431680267,0.42528279420519943
0.8968403431680267,0.42524059926580016
0.8968403431680267,0.4251984126984127
0.8968403431680267,0.42515623450054557
0.8968403431680267,0.4251140646697084
0.8968403431680267,0.4250719032034117
0.8968403431680267,0.425029750099167
0.8968403431680267,0.4249876053544869
0.8968403431680267,0.4249454689668848
0.8968403431680267,0.4249033409338753
0.8968403431680267,0.4248612212529738
0.8968403431680267,0.4248191099216969
0.8968403431680267,0.42477700693756193
0.8968403431680267,0.4247349122980874
0.8968403431680267,0.4246928260007927
0.8968403431680267,0.42465074804319825
0.8968403431680267,0.42460867842282546
0.8968403431680267,0.4245666171371966
0.8968403431680267,0.42452456418383516
0.8968403431680267,0.42448251956026545
0.8968403431680267,0.4244404832640127
0.8968403431680267,0.4243984552926032
0.8968403431680267,0.42435643564356434
0.8968403431680267,0.4243144243144243
0.8968403431680267,0.4242724213027123
0.8968403431680267,0.4242304266059586
0.8968403431680267,0.4241884402216944
0.8968403431680267,0.4241464621474518
0.8968403431680267,0.4241044923807639
0.8970495919648462,0.42416147224695755
0.8970495919648462,0.4241195092995647
0.8970495919648462,0.4240775546542685
0.8970495919648462,0.4240356083086053
0.8970495919648462,0.42399367026011275
0.8970495919648462,0.4239517405063291
0.8970495919648462,0.42390981904479386
0.8970495919648462,0.42386790587304723
0.8970495919648462,0.42382600098863077
0.8970495919648462,0.4237841043890866
0.8970495919648462,0.4237422160719581
0.8970495919648462,0.42370033603478946
0.8970495919648462,0.423658464275126
0.8970495919648462,0.42361660079051383
0.8970495919648462,0.42357474557850017
0.8970495919648462,0.42353289863663307
0.8970495919648462,0.4234910599624617
0.8970495919648462,0.42344922955353614
0.8970495919648462,0.4234074074074074
0.8970495919648462,0.4233655935216275
0.8970495919648462,0.42332378789374936
0.8970495919648462,0.42328199052132703
0.8970495919648462,0.4232402014019153
0.8970495919648462,0.4231984205330701
0.8970495919648462,0.42315664791234825
0.8970495919648462,0.42311488353730753
0.8970495919648462,0.42307312740550673
0.8970495919648462,0.42303137951450565
0.8970495919648462,0.42298963986186483
0.8970495919648462,0.422947908445146
0.8970495919648462,0.4229061852619118
0.8970495919648462,0.4228644703097258
0.8970495919648462,0.4228227635861525
0.8970495919648462,0.4227810650887574
0.8970495919648462,0.422739374815107
0.8970495919648462,0.4226976927627687
0.8970495919648462,0.4226560189293109
0.8970495919648462,0.42261435331230285
0.8970495919648462,0.42257269590931495
0.8970495919648462,0.4225310467179184
0.8970495919648462,0.42248940573568544
0.8970495919648462,0.4224477729601892
0.8970495919648462,0.42240614838900387
0.8970495919648462,0.4223645320197044
0.8970495919648462,0.422322923849867
0.8970495919648462,0.42228132387706857
0.8970495919648462,0.42223973209888704
0.8970495919648462,0.42219814851290133
0.8970495919648462,0.4221565731166913
0.8970495919648462,0.42211500590783774
0.8970495919648462,0.4220734468839224
0.8970495919648462,0.42203189604252805
0.8970495919648462,0.4219903533812383
0.8970495919648462,0.4219488188976378
0.8970495919648462,0.4219072925893121
0.8970495919648462,0.42186577445384765
0.8970495919648462,0.42182426448883203
0.8970495919648462,0.4217827626918536
0.8970495919648462,0.42174126906050174
0.8970495919648462,0.4216997835923667
0.8970495919648462,0.4216583062850398
0.8970495919648462,0.4216168371361133
0.8970495919648462,0.42157537614318025
0.8970495919648462,0.4215339233038348
0.8970495919648462,0.421492478615672
0.8970495919648462,0.42145104207628786
0.8970495919648462,0.4214096136832793
0.8970495919648462,0.42136819343424414
0.8970495919648462,0.4213267813267813
0.8970495919648462,0.4212853773584906
0.8970495919648462,0.42124398152697257
0.8970495919648462,0.42120259382982905
0.8970495919648462,0.4211612142646625
0.8970495919648462,0.4211198428290766
0.8970495919648462,0.4210784795206758
0.8970495919648462,0.4210371243370654
0.8970495919648462,0.4209957772758519
0.8970495919648462,0.4209544383346426
0.8970495919648462,0.42091310751104566
0.8970495919648462,0.42087178480267035
0.8970495919648462,0.4208304702071267
0.8970495919648462,0.4207891637220259
0.8970495919648462,0.4207478653449799
0.8970495919648462,0.4207065750736016
0.8970495919648462,0.42066529290550486
0.8970495919648462,0.4206240188383045
0.8970495919648462,0.4205827528696164
0.8970495919648462,0.4205414949970571
0.8970495919648462,0.42050024521824425
0.8970495919648462,0.4204590035307964
0.8970495919648462,0.42041776993233304
0.8970495919648462,0.4203765444204746
0.8970495919648462,0.42033532699284243
0.8970495919648462,0.4202941176470588
0.8972588407616656,0.4203509459856877
0.8972588407616656,0.4203097431876103
0.8972588407616656,0.4202685484661374
0.8972588407616656,0.42022736181889453
0.8972588407616656,0.4201861832435081
0.8972588407616656,0.42014501273760535
0.8972588407616656,0.42010385029881453
0.8972588407616656,0.4200626959247649
0.8972588407616656,0.4200215496130865
0.8972588407616656,0.4199804113614104
0.8972588407616656,0.4199392811673685
0.8972588407616656,0.4198981590285938
0.8972588407616656,0.4198570449427201
0.8972588407616656,0.419815938907382
0.8972588407616656,0.4197748409202154
0.8972588407616656,0.4197337509788567
0.8972588407616656,0.41969266908094355
0.8972588407616656,0.4196515952241143
0.8972588407616656,0.4196105294060084
0.8972588407616656,0.41956947162426617
0.8972588407616656,0.4195284218765287
0.8972588407616656,0.4194873801604383
0.8972588407616656,0.4194463464736379
0.8972588407616656,0.4194053208137715
0.8972588407616656,0.4193643031784841
0.8972588407616656,0.4193232935654215
0.8972588407616656,0.4192822919722304
0.8972588407616656,0.4192412983965585
0.8972588407616656,0.41920031283605436
0.8972588407616656,0.4191593352883676
0.8972588407616656,0.41911836575114847
0.8972588407616656,0.4190774042220485
0.8972588407616656,0.4190364506987198
0.8972588407616656,0.41899550517881573
0.8972588407616656,0.41895456765999023
0.8972588407616656,0.4189136381398984
0.8972588407616656,0.41887271661619613
0.8972588407616656,0.41883180308654033
0.8972588407616656,0.4187908975485887
0.8972588407616656,0.41875
0.8972588407616656,0.41870911043843373
0.8972588407616656,0.4186682288615505
0.8972588407616656,0.4186273552670116
0.8972588407616656,0.4185864896524795
0.8972588407616656,0.4185456320156174
0.8972588407616656,0.4185047823540894
0.8972588407616656,0.41846394066556064
0.8972588407616656,0.41842310694769713
0.8972588407616656,0.4183822811981657
0.8972588407616656,0.41834146341463413
0.8972588407616656,0.41830065359477125
0.8972588407616656,0.4182598517362466
0.8972588407616656,0.4182190578367307
0.8972588407616656,0.41817827189389506
0.8972588407616656,0.418137493905412
0.8972588407616656,0.41809672386895474
0.8972588407616656,0.4180559617821975
0.8972588407616656,0.41801520764281536
0.8972588407616656,0.41797446144848427
0.8972588407616656,0.4179337231968811
0.8972588407616656,0.41789299288568366
0.8972588407616656,0.4178522705125706
0.8972588407616656,0.4178115560752217
0.8972588407616656,0.4177708495713172
0.8972588407616656,0.4177301509985387
0.8972588407616656,0.4176894603545685
0.8972588407616656,0.4176487776370897
0.8972588407616656,0.4176081028437865
0.8972588407616656,0.41756743597234397
0.8972588407616656,0.4175267770204479
0.8972588407616656,0.4174861259857852
0.8972588407616656,0.4174454828660436
0.8972588407616656,0.4174048476589117
0.897468089558485,0.4174615534358575
0.897468089558485,0.41742092457420926
0.897468089558485,0.41738030362008566
0.897468089558485,0.41733969057117837
0.897468089558485,0.41729908542518
0.897468089558485,0.417258488179784
0.897468089558485,0.41721789883268484
0.897468089558485,0.41717731738157765
0.897468089558485,0.4171367438241587
0.897468089558485,0.41709617815812505
0.897468089558485,0.41705562038117466
0.897468089558485,0.41701507049100633
0.897468089558485,0.41697452848531985
0.897468089558485,0.4169339943618159
0.897468089558485,0.41689346811819594
0.897468089558485,0.4168529497521625
0.897468089558485,0.41681243926141887
0.897468089558485,0.41677193664366924
0.8976773383553045,0.4168286047415468
0.8976773383553045,0.41678810842320024
0.8976773383553045,0.4167476199727997
0.8976773383553045,0.4167071393880524
0.8976773383553045,0.4166666666666667
0.8976773383553045,0.41662620180635135
0.8976773383553045,0.41658574480481647
0.8976773383553045,0.4165452956597728
0.8976773383553045,0.41650485436893203
0.8976773383553045,0.4164644209300068
0.8976773383553045,0.41642399534071056
0.8976773383553045,0.41638357759875766
0.8976773383553045,0.41634316770186336
0.8976773383553045,0.4163027656477438
0.8976773383553045,0.41626237143411604
0.8976773383553045,0.41622198505869795
0.8976773383553045,0.4161816065192084
0.8976773383553045,0.416141235813367
0.8976773383553045,0.41610087293889425
0.8976773383553045,0.4160605178935118
0.8976773383553045,0.4160201706749418
0.8976773383553045,0.4159798312809076
0.8976773383553045,0.41593949970913324
0.8976773383553045,0.41589917595734366
0.8976773383553045,0.41585886002326483
0.8976773383553045,0.4158185519046234
0.8976773383553045,0.4157782515991471
0.8976773383553045,0.4157379591045644
0.8976773383553045,0.41569767441860467
0.8976773383553045,0.41565739753899816
0.8976773383553045,0.4156171284634761
0.8976773383553045,0.41557686718977044
0.8976773383553045,0.4155366137156141
0.8976773383553045,0.4154963680387409
0.8976773383553045,0.41545613015688554
0.8976773383553045,0.4154159000677835
0.8976773383553045,0.41537567776917117
0.8976773383553045,0.41533546325878595
0.8976773383553045,0.41529525653436594
0.8976773383553045,0.41525505759365017
0.8976773383553045,0.4152148664343786
0.8976773383553045,0.41517468305429206
0.8976773383553045,0.4151345074511322
0.8976773383553045,0.41509433962264153
0.8976773383553045,0.4150541795665635
0.8976773383553045,0.41501402728064235
0.8976773383553045,0.4149738827626233
0.8976773383553045,0.41493374601025246
0.8976773383553045,0.4148936170212766
0.8976773383553045,0.41485349579344355
0.8976773383553045,0.41481338232450204
0.8976773383553045,0.4147732766122015
0.8976773383553045,0.4147331786542923
0.8976773383553045,0.41469308844852587
0.8976773383553045,0.41465300599265414
0.8976773383553045,0.4146129312844303
0.8976773383553045,0.41457286432160806
0.8976773383553045,0.41453280510194224
0.8976773383553045,0.4144927536231884
0.8976773383553045,0.41445270988310307
0.8976773383553045,0.4144126738794436
0.8976773383553045,0.4143726456099681
0.8976773383553045,0.4143326250724358
0.8976773383553045,0.41429261226460645
0.8976773383553045,0.414252607184241
0.8976773383553045,0.4142126098291011
0.8976773383553045,0.4141726201969492
0.8976773383553045,0.4141326382855488
0.8976773383553045,0.4140926640926641
0.8976773383553045,0.41405269761606023
0.8976773383553045,0.4140127388535032
0.8976773383553045,0.4139727878027598
0.8976773383553045,0.41393284446159784
0.8976773383553045,0.41389290882778584
0.8976773383553045,0.41385298089909317
0.8976773383553045,0.41381306067329027
0.8976773383553045,0.41377314814814814
0.8976773383553045,0.4137332433214389
0.8976773383553045,0.4136933461909354
0.8976773383553045,0.41365345675441134
0.8976773383553045,0.41361357500964135
0.8976773383553045,0.4135737009544008
0.8976773383553045,0.41353383458646614
0.8976773383553045,0.4134939759036145
0.8976773383553045,0.41345412490362377
0.8976773383553045,0.4134142815842729
0.8976773383553045,0.41337444594334166
0.8976773383553045,0.41333461797861065
0.8976773383553045,0.41329479768786126
0.8976773383553045,0.4132549850688758
0.8976773383553045,0.4132151801194375
0.8976773383553045,0.41317538283733024
0.8976773383553045,0.413135593220339
0.8976773383553045,0.4130958112662494
0.8976773383553045,0.41305603697284804
0.8976773383553045,0.4130162703379224
0.8976773383553045,0.41297651135926067
0.8976773383553045,0.412936760034652
0.8976773383553045,0.4128970163618864
0.8976773383553045,0.4128572803387547
0.8976773383553045,0.4128175519630485
0.8976773383553045,0.4127778312325604
0.8976773383553045,0.4127381181450837
0.8976773383553045,0.4126984126984127
0.8976773383553045,0.41265871489034245
0.8976773383553045,0.41261902471866885
0.8976773383553045,0.4125793421811887
0.8976773383553045,0.4125396672756996
0.8976773383553045,0.4125
0.8976773383553045,0.4124603403518892
0.8976773383553045,0.41242068832916745
0.8976773383553045,0.4123810439296357
0.8976773383553045,0.41234140715109574
0.8976773383553045,0.4123017779913503
0.8976773383553045,0.41226215644820297
0.8976773383553045,0.41222254251945806
0.8976773383553045,0.41218293620292085
0.8976773383553045,0.41214333749639737
0.8976773383553045,0.41210374639769454
0.8976773383553045,0.4120641629046201
0.8976773383553045,0.41202458701498273
0.8976773383553045,0.41198501872659177
0.8976773383553045,0.4119454580372575
0.8976773383553045,0.4119059049447912
0.8976773383553045,0.4118663594470046
0.8976773383553045,0.4118268215417107
0.8976773383553045,0.411787291226723
0.8976773383553045,0.41174776849985606
0.8976773383553045,0.41170825335892514
0.8976773383553045,0.41166874580174645
0.8976773383553045,0.411629245826137
0.8976773383553045,0.4115897534299146
0.8976773383553045,0.41155026861089794
0.8976773383553045,0.4115107913669065
0.8976773383553045,0.4114713216957606
0.8976773383553045,0.4114318595952815
0.8976773383553045,0.41139240506329117
0.8976773383553045,0.4113529580976124
0.8976773383553045,0.411313518696069
0.8976773383553045,0.4112740868564855
0.8976773383553045,0.4112346625766871
0.8976773383553045,0.4111952458545001
0.8976773383553045,0.4111558366877516
0.8976773383553045,0.41111643507426926
0.8976773383553045,0.41107704101188197
0.8976773383553045,0.41103765449841906
0.8976773383553045,0.41099827553171103
0.8976773383553045,0.410958904109589
0.8976773383553045,0.4109195402298851
0.8976773383553045,0.41088018389043196
0.8976773383553045,0.4108408350890634
0.8976773383553045,0.4108014938236139
0.8976773383553045,0.4107621600919188
0.8976773383553045,0.41072283389181424
0.8976773383553045,0.4106835152211373
0.8976773383553045,0.41064420407772567
0.8976773383553045,0.41060490045941805
0.8976773383553045,0.410565604364054
0.8976773383553045,0.4105263157894737
0.8976773383553045,0.41048703473351833
0.8976773383553045,0.41044776119402987
0.8976773383553045,0.41040849516885103
0.8976773383553045,0.41036923665582553
0.8976773383553045,0.4103299856527977
0.8976773383553045,0.41029074215761285
0.8976773383553045,0.41025150616811706
0.8976773383553045,0.4102122776821572
0.8976773383553045,0.41017305669758103
0.8976773383553045,0.4101338432122371
0.8976773383553045,0.41009463722397477
0.8976773383553045,0.41005543873064426
0.8976773383553045,0.41001624773009654
0.8976773383553045,0.4099770642201835
0.8976773383553045,0.40993788819875776
0.8976773383553045,0.40989871966367286
0.8976773383553045,0.40985955861278306
0.8976773383553045,0.40982040504394346
0.8976773383553045,0.40978125895501005
0.8976773383553045,0.40974212034383956
0.8976773383553045,0.40970298920828957
0.8976773383553045,0.4096638655462185
0.8976773383553045,0.40962474935548554
0.8976773383553045,0.40958564063395075
0.8976773383553045,0.40954653937947494
0.8976773383553045,0.4095074455899198
0.8976773383553045,0.40946835926314784
0.8976773383553045,0.4094292803970223
0.8976773383553045,0.40939020898940737
0.8976773383553045,0.40935114503816794
0.8976773383553045,0.40931208854116974
0.8976773383553045,0.40927303949627936
0.8976773383553045,0.4092339979013641
0.8976773383553045,0.40919496375429226
0.8976773383553045,0.40915593705293274
0.8976773383553045,0.40911691779515547
0.8976773383553045,0.4090779059788309
0.8978865871521239,0.4091342486651411
0.8978865871521239,0.4090952426351416
0.8978865871521239,0.4090562440419447
0.8978865871521239,0.4090172528834239
0.8978865871521239,0.4089782691574533
0.8978865871521239,0.40893929286190794
0.8978865871521239,0.40890032399466364
0.8978865871521239,0.40886136255359695
0.8978865871521239,0.40882240853658536
0.8978865871521239,0.4087834619415071
0.8978865871521239,0.4087445227662412
0.8978865871521239,0.4087055910086675
0.8978865871521239,0.4086666666666667
0.8978865871521239,0.40862774973812016
0.8978865871521239,0.4085888402209103
0.8978865871521239,0.4085499381129201
0.8978865871521239,0.40851104341203354
0.8978865871521239,0.4084721561161352
0.8978865871521239,0.4084332762231106
0.8978865871521239,0.4083944037308461
0.8978865871521239,0.4083555386372288
0.8978865871521239,0.40831668094014656
0.8978865871521239,0.4082778306374881
0.8978865871521239,0.408238987727143
0.8978865871521239,0.4082001522070015
0.8978865871521239,0.4081613240749548
0.8978865871521239,0.4081225033288948
0.8978865871521239,0.40808368996671424
0.8978865871521239,0.40804488398630656
0.8978865871521239,0.4080060853855662
0.8978865871521239,0.4079672941623883
0.8978865871521239,0.4079285103146687
0.8978865871521239,0.4078897338403042
0.8978865871521239,0.4078509647371923
0.8978865871521239,0.40781220300323134
0.8978865871521239,0.4077734486363204
0.8978865871521239,0.40773470163435954
0.8978865871521239,0.4076959619952494
0.8978865871521239,0.4076572297168915
0.8978865871521239,0.4076185047971882
0.8978865871521239,0.40757978723404253
0.8978865871521239,0.4075410770253585
0.8978865871521239,0.40750237416904084
0.8978865871521239,0.407463678662995
0.8978865871521239,0.4074249905051272
0.8978865871521239,0.4073863096933447
0.8978865871521239,0.40734763622555537
0.8978865871521239,0.40730897009966777
0.8978865871521239,0.4072703113135915
0.8978865871521239,0.4072316598652368
0.8978865871521239,0.4071930157525147
0.8978865871521239,0.4071543789733371
0.8978865871521239,0.4071157495256167
0.8978865871521239,0.40707712740726687
0.8978865871521239,0.4070385126162019
0.8978865871521239,0.40699990515033674
0.8978865871521239,0.40696130500758726
0.8978865871521239,0.40692271218587006
0.8978865871521239,0.4068841266831026
0.8978865871521239,0.406845548497203
0.8978865871521239,0.40680697762609025
0.8978865871521239,0.40676841406768416
0.8978865871521239,0.4067298578199052
0.8978865871521239,0.40669130888067484
0.8978865871521239,0.4066527672479151
0.8978865871521239,0.40661423291954896
0.8978865871521239,0.4065757058935001
0.8978865871521239,0.406537186167693
0.8978865871521239,0.40649867374005305
0.8978865871521239,0.4064601686085062
0.8978865871521239,0.40642167077097935
0.8978865871521239,0.40638318022540015
0.8978865871521239,0.406344696969697
0.8978865871521239,0.4063062210017991
0.8978865871521239,0.4062677523196364
0.8978865871521239,0.40622929092113985
0.8978865871521239,0.40619083680424084
0.8978865871521239,0.40615238996687175
0.8978865871521239,0.40611395040696574
0.8978865871521239,0.4060755181224567
0.8978865871521239,0.40603709311127933
0.8978865871521239,0.4059986753713691
0.8978865871521239,0.4059602649006622
0.8978865871521239,0.4059218616970958
0.8978865871521239,0.4058834657586076
0.8978865871521239,0.4058450770831363
0.8978865871521239,0.40580669566862115
0.8978865871521239,0.40576832151300235
0.8978865871521239,0.4057299546142209
0.8978865871521239,0.4056915949702184
0.8978865871521239,0.4056532425789374
0.8978865871521239,0.4056148974383212
0.8978865871521239,0.4055765595463138
0.8978865871521239,0.40553822890086005
0.8978865871521239,0.4054999054999055
0.8978865871521239,0.4054615893413966
0.8978865871521239,0.4054232804232804
0.8978865871521239,0.405384978743505
0.8978865871521239,0.4053466843000189
0.8978865871521239,0.4053083970907717
0.8978865871521239,0.40527011711371363
0.8978865871521239,0.4052318443667957
0.8978865871521239,0.4051935788479698
0.8978865871521239,0.4051553205551884
0.8978865871521239,0.40511706948640486
0.8978865871521239,0.4050788256395733
0.8978865871521239,0.40504058901264867
0.8978865871521239,0.4050023596035866
0.8978865871521239,0.40496413741034354
0.8978865871521239,0.40492592243087666
0.8980958359489433,0.4049820720890734
0.8980958359489433,0.40494386262854987
0.8980958359489433,0.4049056603773585
0.8980958359489433,0.40486746533345913
0.8980958359489433,0.4048292774948123
0.8980958359489433,0.4047910968593794
0.8980958359489433,0.4047529234251226
0.8980958359489433,0.4047147571900047
0.8980958359489433,0.4046765981519894
0.8980958359489433,0.4046384463090412
0.8980958359489433,0.4046003016591252
0.8980958359489433,0.40456216420020735
0.8980958359489433,0.4045240339302545
0.8980958359489433,0.404485910847234
0.8980958359489433,0.4044477949491142
0.8980958359489433,0.40440968623386414
0.8980958359489433,0.40437158469945356
0.8980958359489433,0.404333490343853
0.8980958359489433,0.40429540316503393
0.8980958359489433,0.40425732316096824
0.8980958359489433,0.4042192503296289
0.8980958359489433,0.40418118466898956
0.8980958359489433,0.40414312617702447
0.8980958359489433,0.4041050748517089
0.8980958359489433,0.4040670306910186
0.8980958359489433,0.40402899369293044
0.8980958359489433,0.4039909638554217
0.8980958359489433,0.40395294117647057
0.8980958359489433,0.40391492565405607
0.8980958359489433,0.4038769172861579
0.8980958359489433,0.4038389160707565
0.8980958359489433,0.4038009220058331
0.8980958359489433,0.4037629350893697
0.8980958359489433,0.4037249553193491
0.8980958359489433,0.4036869826937547
0.8980958359489433,0.40364901721057084
0.8980958359489433,0.4036110588677826
0.8980958359489433,0.4035731076633757
0.8980958359489433,0.4035351635953366
0.8980958359489433,0.4034972266616527
0.8980958359489433,0.40345929686031207
0.8980958359489433,0.4034213741893035
0.8980958359489433,0.40338345864661657
0.8980958359489433,0.40334555023024155
0.8980958359489433,0.4033076489381695
0.8983050847457628,0.4033637132387485
0.8983050847457628,0.40332581736189405
0.8983050847457628,0.40328792860497886
0.8983050847457628,0.40325004696599664
0.8983050847457628,0.40321217244294166
0.8983050847457628,0.4031743050338092
0.8983050847457628,0.403136444736595
0.8983050847457628,0.4030985915492958
0.8983050847457628,0.40306074546990894
0.8983050847457628,0.4030229064964326
0.8983050847457628,0.40298507462686567
0.8983050847457628,0.4029472498592078
0.8983050847457628,0.4029094321914594
0.8983050847457628,0.4028716216216216
0.8983050847457628,0.40283381814769637
0.8983050847457628,0.40279602176768625
0.8983050847457628,0.4027582324795947
0.8983050847457628,0.4027204502814259
0.8983050847457628,0.40268267517118467
0.8983050847457628,0.4026449071468768
0.8983050847457628,0.4026071462065085
0.8983050847457628,0.40256939234808703
0.8983050847457628,0.40253164556962023
0.8983050847457628,0.4024939058691168
0.8983050847457628,0.4024561732445861
0.8983050847457628,0.40241844769403823
0.8983050847457628,0.4023807292154841
0.8983050847457628,0.4023430178069353
0.8983050847457628,0.40230531346640425
0.8983050847457628,0.40226761619190404
0.8983050847457628,0.4022299259814485
0.8983050847457628,0.40219224283305227
0.8983050847457628,0.40215456674473066
0.8983050847457628,0.4021168977144998
0.8983050847457628,0.4020792357403765
0.8983050847457628,0.40204158082037833
0.8983050847457628,0.4020039329525236
0.8983050847457628,0.4019662921348315
0.8983050847457628,0.4019286583653216
0.8983050847457628,0.4018910316420146
0.8983050847457628,0.4018534119629318
0.8983050847457628,0.40181579932609507
0.8983050847457628,0.4017781937295274
0.8983050847457628,0.4017405951712521
0.8983050847457628,0.4017030036492935
0.8983050847457628,0.40166541916167664
0.8983050847457628,0.4016278417064272
0.8983050847457628,0.40159027128157154
0.8983050847457628,0.40155270788513703
0.8983050847457628,0.4015151515151515
0.8983050847457628,0.4014776021696437
0.8983050847457628,0.401440059846643
0.8983050847457628,0.4014025245441795
0.8983050847457628,0.4013649962602842
0.8983050847457628,0.4013274749929887
0.8983050847457628,0.4012899607403253
0.8983050847457628,0.4012524535003271
0.8983050847457628,0.401214953271028
0.8983050847457628,0.40117746005046256
0.8983050847457628,0.40113997383666605
0.8983050847457628,0.4011024946276745
0.8983050847457628,0.40106502242152464
0.8983050847457628,0.4010275572162541
0.8983050847457628,0.400990099009901
0.8983050847457628,0.4009526478005043
0.8983050847457628,0.40091520358610383
0.8983050847457628,0.40087776636473993
0.8983050847457628,0.4008403361344538
0.8983050847457628,0.4008029128932873
0.8983050847457628,0.40076549663928307
0.8983050847457628,0.40072808737048443
0.8983050847457628,0.4006906850849356
0.8983050847457628,0.40065328978068127
0.8985143335425821,0.40070921985815605
0.8985143335425821,0.40067182980311655
0.8985143335425821,0.40063444672513526
0.8985143335425821,0.4005970706222595
0.8985143335425821,0.40055970149253733
0.8985143335425821,0.4005223393340174
0.8985143335425821,0.4004849841447491
0.8985143335425821,0.4004476359227828
0.8985143335425821,0.40041029466616934
0.8985143335425821,0.4003729603729604
0.8985143335425821,0.4003356330412083
0.8985143335425821,0.40029831266896615
0.8985143335425821,0.4002609992542878
0.8985143335425821,0.4002236927952279
0.8985143335425821,0.40018639328984157
0.8985143335425821,0.40014910073618487
0.8985143335425821,0.4001118151323146
0.8985143335425821,0.4000745364762881
0.8985143335425821,0.4000372647661636
0.8985143335425821,0.4
0.8985143335425821,0.3999627421758569
0.8985143335425821,0.3999254912917947
0.8985143335425821,0.39988824734587447
0.8985143335425821,0.39985101033615794
0.8985143335425821,0.39981378026070763
0.8985143335425821,0.3997765571175868
0.8985143335425821,0.3997393409048594
0.8985143335425821,0.39970213162059015
0.8985143335425821,0.39966492926284436
0.8985143335425821,0.39962773382968825
0.8985143335425821,0.39959054531918853
0.8985143335425821,0.39955336372941286
0.8985143335425821,0.39951618905842945
0.8985143335425821,0.3994790213043074
0.8985143335425821,0.39944186046511626
0.8985143335425821,0.3994047065389266
0.8985143335425821,0.39936755952380953
0.8985143335425821,0.39933041941783687
0.8985143335425821,0.3992932862190813
0.8985143335425821,0.39925615992561597
0.8985143335425821,0.39921904053551505
0.8985143335425821,0.3991819280468532
0.8985143335425821,0.3991448224577059
0.8985143335425821,0.3991077237661493
0.8985143335425821,0.3990706319702602
0.8985143335425821,0.39903354706811633
0.8985143335425821,0.39899646905779595
0.8985143335425821,0.39895939793737806
0.8985143335425821,0.3989223337049424
0.8985143335425821,0.39888527635856946
0.8985143335425821,0.39884822589634034
0.8985143335425821,0.39881118231633694
0.8985143335425821,0.39877414561664193
0.8985143335425821,0.3987371157953385
0.8985143335425821,0.39870009285051067
0.8985143335425821,0.39866307678024326
0.8985143335425821,0.3986260675826216
0.8985143335425821,0.3985890652557319
0.8985143335425821,0.39855206979766106
0.8985143335425821,0.39851508120649654
0.8985143335425821,0.39847809948032664
0.8985143335425821,0.3984411246172404
0.8985143335425821,0.3984041566153275
0.8985143335425821,0.39836719547267835
0.8985143335425821,0.398330241187384
0.8985143335425821,0.3982932937575364
0.8985143335425821,0.398256353181228
0.8985143335425821,0.398219419456552
0.8985143335425821,0.3981824925816024
0.8985143335425821,0.3981455725544738
0.8985143335425821,0.3981086593732616
0.8985143335425821,0.3980717530360619
0.8985143335425821,0.39803485354097146
0.8987235823394015,0.39809064788210213
0.8987235823394015,0.3980537534754402
0.8987235823394015,0.39801686590677415
0.8987235823394015,0.39797998517420313
0.8987235823394015,0.39794311127582693
0.8987235823394015,0.39790624420974613
0.8987235823394015,0.3978693839740621
0.8987235823394015,0.3978325305668766
0.8987235823394015,0.3977956839862925
0.8987235823394015,0.397758844230413
0.8987235823394015,0.39772201129734236
0.8987235823394015,0.3976851851851852
0.8987235823394015,0.39764836589204705
0.8987235823394015,0.39761155341603405
0.8987235823394015,0.39757474775525314
0.8987235823394015,0.3975379489078119
0.8987235823394015,0.3975011568718186
0.8987235823394015,0.3974643716453822
0.8987235823394015,0.39742759322661236
0.8987235823394015,0.39739082161361955
0.8987235823394015,0.39735405680451474
0.8987235823394015,0.3973172987974098
0.8987235823394015,0.39728054759041714
0.8987235823394015,0.39724380318165003
0.8987235823394015,0.39720706556922225
0.8987235823394015,0.39717033475124836
0.8987235823394015,0.39713361072584374
0.8987235823394015,0.39709689349112426
0.8987235823394015,0.3970601830452066
0.8987235823394015,0.3970234793862082
0.8987235823394015,0.39698678251224695
0.8987235823394015,0.39695009242144175
0.8987235823394015,0.39691340911191203
0.8987235823394015,0.39687673258177786
0.8987235823394015,0.3968400628291601
0.8987235823394015,0.3968033998521803
0.8987235823394015,0.39676674364896075
0.8987235823394015,0.39673009421762423
0.8987235823394015,0.39669345155629443
0.8987235823394015,0.3966568156630957
0.8987235823394015,0.39662018653615294
0.8987235823394015,0.39658356417359186
0.8987235823394015,0.3965469485735389
0.8987235823394015,0.39651033973412114
0.8987235823394015,0.3964737376534663
0.8987235823394015,0.3964371423297028
0.8987235823394015,0.39640055376095984
0.8987235823394015,0.3963639719453673
0.8987235823394015,0.3963273968810556
0.8987235823394015,0.3962908285661561
0.8987235823394015,0.3962542669988006
0.8987235823394015,0.39621771217712176
0.8987235823394015,0.39618116409925286
0.8987235823394015,0.3961446227633278
0.8987235823394015,0.39610808816748133
0.8987235823394015,0.39607156030984875
0.8987235823394015,0.39603503918856614
0.8987235823394015,0.3959985248017702
0.8987235823394015,0.39596201714759843
0.8987235823394015,0.3959255162241888
0.8987235823394015,0.3958890220296802
0.8987235823394015,0.395852534562212
0.8987235823394015,0.3958160538199244
0.8987235823394015,0.39577957980095835
0.8987235823394015,0.3957431125034553
0.8987235823394015,0.3957066519255574
0.8987235823394015,0.39567019806540765
0.8987235823394015,0.3956337509211496
0.8987235823394015,0.3955973104909275
0.8987235823394015,0.39556087677288637
0.8987235823394015,0.39552444976517176
0.8987235823394015,0.39548802946593004
0.8987235823394015,0.3954516158733082
0.8987235823394015,0.3954152089854539
0.8987235823394015,0.3953788088005155
0.8987235823394015,0.3953424153166421
0.8987235823394015,0.39530602853198343
0.8987235823394015,0.39526964844468987
0.8987235823394015,0.3952332750529125
0.8987235823394015,0.3951969083548031
0.8987235823394015,0.3951605483485141
0.8987235823394015,0.3951241950321987
0.8987235823394015,0.3950878484040107
0.8987235823394015,0.39505150846210446
0.8987235823394015,0.39501517520463536
0.8987235823394015,0.39497884862975907
0.8987235823394015,0.3949425287356322
0.8987235823394015,0.39490621552041194
0.8987235823394015,0.39486990898225616
0.8987235823394015,0.3948336091193234
0.8987235823394015,0.39479731592977296
0.8987235823394015,0.3947610294117647
0.898932831136221,0.394816652881169
0.898932831136221,0.394780371255284
0.898932831136221,0.39474409629697693
0.898932831136221,0.3947078280044101
0.898932831136221,0.39467156637574646
0.898932831136221,0.39463531140914937
0.898932831136221,0.39459906310278314
0.898932831136221,0.39456282145481264
0.898932831136221,0.39452658646340344
0.898932831136221,0.3944903581267218
0.898932831136221,0.39445413644293453
0.898932831136221,0.3944179214102093
0.898932831136221,0.39438171302671443
0.898932831136221,0.3943455112906187
0.898932831136221,0.3943093162000918
0.898932831136221,0.394273127753304
0.898932831136221,0.3942369459484262
0.898932831136221,0.39420077078363003
0.898932831136221,0.3941646022570878
0.898932831136221,0.3941284403669725
0.898932831136221,0.39409228511145766
0.898932831136221,0.3940561364887177
0.898932831136221,0.39401999449692743
0.898932831136221,0.39398385913426265
0.898932831136221,0.3939477303988996
0.898932831136221,0.3939116082890152
0.898932831136221,0.3938754928027872
0.898932831136221,0.39383938393839385
0.898932831136221,0.39380328169401413
0.898932831136221,0.3937671860678277
0.898932831136221,0.39373109705801485
0.898932831136221,0.3936950146627566
0.898932831136221,0.39365893888023457
0.898932831136221,0.39362286970863114
0.898932831136221,0.3935868071461292
0.898932831136221,0.39355075119091243
0.898932831136221,0.39351470184116516
0.898932831136221,0.39347865909507235
0.898932831136221,0.39344262295081966
0.898932831136221,0.3934065934065934
0.898932831136221,0.39337057046058055
0.898932831136221,0.3933345541109687
0.898932831136221,0.3932985443559462
0.898932831136221,0.39326254119370196
0.898932831136221,0.3932265446224256
0.898932831136221,0.3931905546403075
0.898932831136221,0.3931545712455386
0.898932831136221,0.3931185944363104
0.898932831136221,0.39308262421081525
0.898932831136221,0.39304666056724613
0.898932831136221,0.3930107035037965
0.898932831136221,0.3929747530186608
0.898932831136221,0.3929388091100338
0.898932831136221,0.3929028717761112
0.898932831136221,0.3928669410150892
0.898932831136221,0.3928310168251646
0.898932831136221,0.3927950992045351
0.898932831136221,0.3927591881513988
0.898932831136221,0.39272328366395465
0.898932831136221,0.3926873857404022
0.898932831136221,0.3926514943789416
0.898932831136221,0.3926156095777737
0.898932831136221,0.39257973133510005
0.898932831136221,0.3925438596491228
0.898932831136221,0.39250799451804474
0.898932831136221,0.3924721359400694
0.898932831136221,0.3924362839134009
0.898932831136221,0.39240043843624406
0.898932831136221,0.3923645995068043
0.898932831136221,0.3923287671232877
0.898932831136221,0.392292941283901
0.898932831136221,0.3922571219868517
0.898932831136221,0.39222130923034787
0.898932831136221,0.39218550301259814
0.898932831136221,0.392149703331812
0.898932831136221,0.39211391018619934
0.898932831136221,0.392078123573971
0.898932831136221,0.3920423434933382
0.898932831136221,0.392006569942513
0.898932831136221,0.39197080291970804
0.898932831136221,0.3919350424231366
0.898932831136221,0.3918992884510126
0.898932831136221,0.3918635410015507
0.898932831136221,0.3918278000729661
0.898932831136221,0.3917920656634747
0.898932831136221,0.3917563377712931
0.898932831136221,0.39172061639463845
0.898932831136221,0.3916849015317287
0.898932831136221,0.39164919318078223
0.898932831136221,0.3916134913400182
0.898932831136221,0.3915777960076566
0.898932831136221,0.3915421071819176
0.898932831136221,0.3915064248610225
0.898932831136221,0.391470749043193
0.898932831136221,0.3914350797266515
0.898932831136221,0.391399416909621
0.898932831136221,0.39136376059032524
0.898932831136221,0.39132811076698854
0.898932831136221,0.39129246743783586
0.898932831136221,0.3912568306010929
0.898932831136221,0.3912212002549859
0.898932831136221,0.39118557639774176
0.898932831136221,0.3911499590275881
0.898932831136221,0.3911143481427531
0.898932831136221,0.3910787437414656
0.898932831136221,0.3910431458219552
0.898932831136221,0.391007554382452
0.898932831136221,0.3909719694211867
0.898932831136221,0.39093639093639093
0.898932831136221,0.39090081892629663
0.898932831136221,0.3908652533891366
0.898932831136221,0.39082969432314413
0.898932831136221,0.39079414172655325
0.898932831136221,0.3907585955975987
0.898932831136221,0.3907230559345157
0.898932831136221,0.3906875227355402
0.898932831136221,0.3906519959989088
0.898932831136221,0.3906164757228587
0.898932831136221,0.3905809619056278
0.898932831136221,0.39054545454545453
0.898932831136221,0.3905099536405781
0.898932831136221,0.39047445918923834
0.898932831136221,0.3904389711896755
0.898932831136221,0.3904034896401309
0.898932831136221,0.39036801453884595
0.898932831136221,0.39033254588406324
0.898932831136221,0.3902970836740256
0.898932831136221,0.39026162790697677
0.898932831136221,0.3902261785811609
0.898932831136221,0.3901907356948229
0.898932831136221,0.39015529924620834
0.898932831136221,0.3901198692335634
0.898932831136221,0.39008444565513484
0.898932831136221,0.39004902850917017
0.898932831136221,0.3900136177939174
0.898932831136221,0.3899782135076253
0.898932831136221,0.38994281564854316
0.898932831136221,0.38990742421492103
0.898932831136221,0.3898720392050095
0.898932831136221,0.3898366606170599
0.898932831136221,0.389801288449324
0.898932831136221,0.38976592270005445
0.898932831136221,0.38973056336750433
0.898932831136221,0.38969521044992744
0.898932831136221,0.3896598639455782
0.898932831136221,0.3896245238527118
0.898932831136221,0.38958919016958377
0.898932831136221,0.3895538628944505
0.898932831136221,0.38951854202556896
0.898932831136221,0.38948322756119674
0.898932831136221,0.38944791949959207
0.898932831136221,0.38941261783901376
0.898932831136221,0.3893773225777214
0.898932831136221,0.38934203371397497
0.898932831136221,0.38930675124603537
0.898932831136221,0.3892714751721638
0.898932831136221,0.38923620549062243
0.898932831136221,0.3892009421996738
0.898932831136221,0.3891656852975813
0.898932831136221,0.38913043478260867
0.898932831136221,0.38909519065302056
0.898932831136221,0.38905995290708206
0.898932831136221,0.38902472154305895
0.898932831136221,0.38898949655921766
0.898932831136221,0.38895427795382526
0.898932831136221,0.3889190657251494
0.898932831136221,0.3888838598714583
0.898932831136221,0.388848660391021
0.898932831136221,0.388813467282107
0.898932831136221,0.3887782805429864
0.898932831136221,0.38874310017193014
0.898932831136221,0.38870792616720956
0.898932831136221,0.3886727585270967
0.898932831136221,0.3886375972498643
0.898932831136221,0.3886024423337856
0.898932831136221,0.3885672937771346
0.898932831136221,0.38853215157818577
0.898932831136221,0.38849701573521433
0.898932831136221,0.3884618862464961
0.898932831136221,0.38842676311030744
0.898932831136221,0.3883916463249254
0.898932831136221,0.38835653588862773
0.898932831136221,0.3883214317996927
0.898932831136221,0.3882863340563991
0.898932831136221,0.38825124265702665
0.898932831136221,0.3882161575998554
0.898932831136221,0.38818107888316616
0.898932831136221,0.38814600650524034
0.898932831136221,0.3881109404643599
0.898932831136221,0.3880758807588076
0.898932831136221,0.38804082738686657
0.898932831136221,0.3880057803468208
0.898932831136221,0.3879707396369548
0.898932831136221,0.38793570525555354
0.898932831136221,0.38790067720090293
0.898932831136221,0.38786565547128926
0.898932831136221,0.38783064006499957
0.898932831136221,0.3877956309803214
0.898932831136221,0.3877606282155429
0.898932831136221,0.3877256317689531
0.898932831136221,0.38769064163884126
0.8991420799330404,0.38774589424291644
0.8991420799330404,0.38771090859875484
0.8991420799330404,0.3876759292674125
0.8991420799330404,0.38764095624718087
0.8991420799330404,0.38760598953635217
0.8991420799330404,0.38757102913321906
0.8991420799330404,0.387536075036075
0.8991420799330404,0.387501127243214
0.8991420799330404,0.38746618575293057
0.8991420799330404,0.38743125056351996
0.8991420799330404,0.38739632167327803
0.8991420799330404,0.3873613990805012
0.8991420799330404,0.3873264827834866
0.8991420799330404,0.3872915727805318
0.8991420799330404,0.3872566690699351
0.8991420799330404,0.3872217716499955
0.8991420799330404,0.38718688051901246
0.8991420799330404,0.3871519956752861
0.8991420799330404,0.3871171171171171
0.8991420799330404,0.38708224484280696
0.8991420799330404,0.38704737885065754
0.8991420799330404,0.38701251913897144
0.8991420799330404,0.38697766570605185
0.8991420799330404,0.3869428185502026
0.8991420799330404,0.38690797766972806
0.8991420799330404,0.3868731430629333
0.8991420799330404,0.38683831472812386
0.8991420799330404,0.3868034926636061
0.8991420799330404,0.3867686768676868
0.8991420799330404,0.3867338673386734
0.8991420799330404,0.38669906407487403
0.8991420799330404,0.38666426707459733
0.8991420799330404,0.3866294763361526
0.8991420799330404,0.3865946918578497
0.8991420799330404,0.3865599136379993
0.8991420799330404,0.3865251416749123
0.8991420799330404,0.3864903759669005
0.8991420799330404,0.3864556165122763
0.8991420799330404,0.3864208633093525
0.8991420799330404,0.38638611635644277
0.8991420799330404,0.3863513756518612
0.8991420799330404,0.3863166411939225
0.8991420799330404,0.3862819129809421
0.8991420799330404,0.38624719101123595
0.8991420799330404,0.38621247528312064
