recall,precision
0.0002751031636863824,1.0
0.0005502063273727648,1.0
0.0008253094910591472,1.0
0.0011004126547455295,1.0
0.001375515818431912,1.0
0.0016506189821182944,1.0
0.0019257221458046766,1.0
0.002200825309491059,1.0
0.0024759284731774417,1.0
0.002751031636863824,1.0
0.003026134800550206,1.0
0.003301237964236589,1.0
0.003576341127922971,1.0
0.0038514442916093533,1.0
0.0041265474552957355,1.0
0.004401650618982118,1.0
0.004676753782668501,1.0
0.0049518569463548835,1.0
0.005226960110041265,1.0
0.005502063273727648,1.0
0.005777166437414031,1.0
0.006052269601100412,1.0
0.006327372764786795,1.0
0.006602475928473178,1.0
0.0068775790921595595,1.0
0.007152682255845942,1.0
0.007427785419532325,1.0
0.007702888583218707,1.0
0.00797799174690509,1.0
0.008253094910591471,1.0
0.008528198074277854,1.0
0.008803301237964236,1.0
0.009078404401650619,1.0
0.009353507565337002,1.0
0.009628610729023384,1.0
0.009903713892709767,1.0
0.010178817056396148,1.0
0.01045392022008253,1.0
0.010729023383768913,1.0
0.011004126547455296,1.0
0.011279229711141679,1.0
0.011554332874828061,1.0
0.011829436038514442,1.0
0.012104539202200825,1.0
0.012379642365887207,1.0
0.01265474552957359,1.0
0.012929848693259973,1.0
0.013204951856946355,1.0
0.013480055020632738,1.0
0.013755158184319119,1.0
0.014030261348005502,1.0
0.014305364511691884,1.0
0.014580467675378267,1.0
0.01485557083906465,1.0
0.015130674002751032,1.0
0.015405777166437413,1.0
0.015680880330123798,1.0
0.01595598349381018,1.0
0.016231086657496563,1.0
0.016506189821182942,1.0
0.016781292984869325,1.0
0.017056396148555707,1.0
0.01733149931224209,1.0
0.01733149931224209,0.984375
0.017606602475928473,0.9846153846153847
0.017881705639614855,0.9848484848484849
0.018156808803301238,0.9850746268656716
0.01843191196698762,0.9852941176470589
0.018707015130674003,0.9855072463768116
0.018982118294360386,0.9857142857142858
0.01925722145804677,0.9859154929577465
0.01953232462173315,0.9861111111111112
0.019807427785419534,0.9863013698630136
0.020082530949105913,0.9864864864864865
0.020357634112792296,0.9866666666666667
0.02063273727647868,0.9868421052631579
0.02090784044016506,0.987012987012987
0.021182943603851444,0.9871794871794872
0.021458046767537826,0.9873417721518988
0.02173314993122421,0.9875
0.02200825309491059,0.9876543209876543
0.022283356258596974,0.9878048780487805
0.022558459422283357,0.9879518072289156
0.02283356258596974,0.9880952380952381
0.023108665749656122,0.9882352941176471
0.023383768913342505,0.9883720930232558
0.023658872077028884,0.9885057471264368
0.023933975240715267,0.9886363636363636
0.02420907840440165,0.9887640449438202
0.024484181568088032,0.9888888888888889
0.024759284731774415,0.989010989010989
0.025034387895460797,0.9891304347826086
0.02530949105914718,0.989247311827957
0.025584594222833563,0.9893617021276596
0.025859697386519945,0.9894736842105263
0.026134800550206328,0.9895833333333334
0.026134800550206328,0.979381443298969
0.02640990371389271,0.9795918367346939
0.026685006877579093,0.9797979797979798
0.026960110041265476,0.98
0.027235213204951855,0.9801980198019802
0.027510316368638238,0.9803921568627451
0.02778541953232462,0.9805825242718447
0.028060522696011003,0.9807692307692307
0.028335625859697386,0.9809523809523809
0.02861072902338377,0.9811320754716981
0.02888583218707015,0.9813084112149533
0.029160935350756534,0.9814814814814815
0.029436038514442917,0.981651376146789
0.0297111416781293,0.9818181818181818
0.029986244841815682,0.9819819819819819
0.030261348005502064,0.9821428571428571
0.030536451169188447,0.9823008849557522
0.030811554332874826,0.9824561403508771
0.03108665749656121,0.9826086956521739
0.031361760660247595,0.9827586206896551
0.03163686382393398,0.9829059829059829
0.03191196698762036,0.9830508474576272
0.03218707015130674,0.9831932773109243
0.032462173314993126,0.9833333333333333
0.0327372764786795,0.9834710743801653
0.033012379642365884,0.9836065573770492
0.03328748280605227,0.983739837398374
0.03356258596973865,0.9838709677419355
0.03383768913342503,0.984
0.034112792297111415,0.9841269841269841
0.0343878954607978,0.984251968503937
0.03466299862448418,0.984375
0.03493810178817056,0.9844961240310077
0.035213204951856945,0.9846153846153847
0.03548830811554333,0.9847328244274809
0.03576341127922971,0.9848484848484849
0.03603851444291609,0.9849624060150376
0.036313617606602476,0.9850746268656716
0.03658872077028886,0.9851851851851852
0.03686382393397524,0.9852941176470589
0.037138927097661624,0.9854014598540146
0.03741403026134801,0.9855072463768116
0.03768913342503439,0.9856115107913669
0.03796423658872077,0.9857142857142858
0.038239339752407155,0.9858156028368794
0.03851444291609354,0.9859154929577465
0.03878954607977992,0.986013986013986
0.0390646492434663,0.9861111111111112
0.039339752407152685,0.9862068965517241
0.03961485557083907,0.9863013698630136
0.039889958734525444,0.9863945578231292
0.040165061898211826,0.9864864864864865
0.04044016506189821,0.9865771812080537
0.04071526822558459,0.9866666666666667
0.040990371389270974,0.9867549668874173
0.04126547455295736,0.9868421052631579
0.04154057771664374,0.9869281045751634
0.04181568088033012,0.987012987012987
0.042090784044016505,0.9870967741935484
0.04236588720770289,0.9871794871794872
0.04264099037138927,0.9872611464968153
0.04291609353507565,0.9873417721518988
0.043191196698762035,0.9874213836477987
0.04346629986244842,0.9875
0.0437414030261348,0.9875776397515528
0.04401650618982118,0.9876543209876543
0.044291609353507566,0.9877300613496932
0.04456671251719395,0.9878048780487805
0.04484181568088033,0.9878787878787879
0.045116918844566714,0.9879518072289156
0.0453920220082531,0.9880239520958084
0.04566712517193948,0.9880952380952381
0.04594222833562586,0.9881656804733728
0.046217331499312245,0.9882352941176471
0.04649243466299863,0.9883040935672515
0.04676753782668501,0.9883720930232558
0.04704264099037139,0.9884393063583815
0.04731774415405777,0.9885057471264368
0.04759284731774415,0.9885714285714285
0.047867950481430534,0.9886363636363636
0.048143053645116916,0.9887005649717514
0.0484181568088033,0.9887640449438202
0.04869325997248968,0.9888268156424581
0.048968363136176064,0.9888888888888889
0.04924346629986245,0.988950276243094
0.04951856946354883,0.989010989010989
0.04979367262723521,0.9890710382513661
0.050068775790921595,0.9891304347826086
0.05034387895460798,0.9891891891891892
0.05061898211829436,0.989247311827957
0.05089408528198074,0.9893048128342246
0.051169188445667126,0.9893617021276596
0.05144429160935351,0.9894179894179894
0.05171939477303989,0.9894736842105263
0.051994497936726274,0.9895287958115183
0.052269601100412656,0.9895833333333334
0.05254470426409904,0.9896373056994818
0.05281980742778542,0.9896907216494846
0.053094910591471804,0.9897435897435898
0.05337001375515819,0.9897959183673469
0.05364511691884457,0.9898477157360406
0.05392022008253095,0.98989898989899
0.054195323246217335,0.9899497487437185
0.05447042640990371,0.99
0.05474552957359009,0.9900497512437811
0.055020632737276476,0.9900990099009901
0.05529573590096286,0.9901477832512315
0.05557083906464924,0.9901960784313726
0.055845942228335624,0.9902439024390244
0.056121045392022006,0.9902912621359223
0.05639614855570839,0.9903381642512077
0.05667125171939477,0.9903846153846154
0.056946354883081154,0.9904306220095693
0.05722145804676754,0.9904761904761905
0.05749656121045392,0.990521327014218
0.0577716643741403,0.9905660377358491
0.058046767537826685,0.9906103286384976
0.05832187070151307,0.9906542056074766
0.05859697386519945,0.9906976744186047
0.05859697386519945,0.9861111111111112
0.05887207702888583,0.9861751152073732
0.059147180192572216,0.9862385321100917
0.0594222833562586,0.9863013698630136
0.05969738651994498,0.9863636363636363
0.059972489683631364,0.9864253393665159
0.060247592847317746,0.9864864864864865
0.06052269601100413,0.9865470852017937
0.06079779917469051,0.9866071428571429
0.061072902338376894,0.9866666666666667
0.06134800550206328,0.9867256637168141
0.06162310866574965,0.986784140969163
0.061898211829436035,0.9868421052631579
0.06217331499312242,0.9868995633187773
0.0624484181568088,0.9869565217391304
0.06272352132049519,0.987012987012987
0.06299862448418157,0.9870689655172413
0.06327372764786796,0.9871244635193133
0.06354883081155434,0.9871794871794872
0.06382393397524072,0.9872340425531915
0.0640990371389271,0.9872881355932204
0.06437414030261349,0.9873417721518988
0.06464924346629987,0.9873949579831933
0.06492434662998625,0.9874476987447699
0.06519944979367263,0.9875
0.065474552957359,0.9875518672199171
0.06574965612104539,0.987603305785124
0.06602475928473177,0.9876543209876543
0.06629986244841815,0.9877049180327869
0.06657496561210453,0.9877551020408163
0.06685006877579092,0.9878048780487805
0.0671251719394773,0.9878542510121457
0.06740027510316368,0.9879032258064516
0.06767537826685006,0.9879518072289156
0.06795048143053645,0.988
0.06822558459422283,0.9880478087649402
0.06850068775790921,0.9880952380952381
0.0687757909215956,0.9881422924901185
0.06905089408528198,0.9881889763779528
0.06932599724896836,0.9882352941176471
0.06960110041265474,0.98828125
0.06987620357634113,0.9883268482490273
0.07015130674002751,0.9883720930232558
0.07042640990371389,0.9884169884169884
0.07070151306740027,0.9884615384615385
0.07097661623108666,0.9885057471264368
0.07125171939477304,0.9885496183206107
0.07152682255845942,0.9885931558935361
0.0718019257221458,0.9886363636363636
0.07207702888583219,0.9886792452830189
0.07235213204951857,0.9887218045112782
0.07262723521320495,0.9887640449438202
0.07290233837689133,0.9888059701492538
0.07317744154057772,0.9888475836431226
0.0734525447042641,0.9888888888888889
0.07372764786795048,0.988929889298893
0.07400275103163687,0.9889705882352942
0.07427785419532325,0.989010989010989
0.07455295735900963,0.9890510948905109
0.07482806052269601,0.9890909090909091
0.0751031636863824,0.9891304347826086
0.07537826685006878,0.9891696750902527
0.07565337001375516,0.9892086330935251
0.07592847317744154,0.989247311827957
0.07620357634112793,0.9892857142857143
0.07647867950481431,0.9893238434163701
0.07675378266850069,0.9893617021276596
0.07702888583218707,0.9893992932862191
0.07730398899587346,0.9894366197183099
0.07757909215955984,0.9894736842105263
0.07785419532324622,0.9895104895104895
0.07785419532324622,0.9860627177700348
0.0781292984869326,0.9861111111111112
0.07840440165061899,0.986159169550173
0.07867950481430537,0.9862068965517241
0.07895460797799175,0.9862542955326461
0.07922971114167814,0.9863013698630136
0.07950481430536452,0.9863481228668942
0.07977991746905089,0.9863945578231292
0.08005502063273727,0.9864406779661017
0.08033012379642365,0.9864864864864865
0.08060522696011004,0.9865319865319865
0.08088033012379642,0.9865771812080537
0.0811554332874828,0.9866220735785953
0.08143053645116918,0.9866666666666667
0.08170563961485557,0.9867109634551495
0.08170563961485557,0.9834437086092715
0.08198074277854195,0.9834983498349835
0.08225584594222833,0.9835526315789473
0.08253094910591471,0.9836065573770492
0.0828060522696011,0.9836601307189542
0.0828060522696011,0.9804560260586319
0.08308115543328748,0.9805194805194806
0.08335625859697386,0.9805825242718447
0.08363136176066024,0.9806451612903225
0.08390646492434663,0.9807073954983923
0.08418156808803301,0.9807692307692307
0.08445667125171939,0.9808306709265175
0.08473177441540578,0.9808917197452229
0.08500687757909216,0.9809523809523809
0.08528198074277854,0.9810126582278481
0.08555708390646492,0.9810725552050473
0.0858321870701513,0.9811320754716981
0.0858321870701513,0.9780564263322884
0.08610729023383769,0.978125
0.08638239339752407,0.9781931464174455
0.08665749656121045,0.9782608695652174
0.08693259972489684,0.978328173374613
0.08720770288858322,0.9783950617283951
0.0874828060522696,0.9784615384615385
0.0874828060522696,0.9754601226993865
0.08775790921595598,0.9755351681957186
0.08803301237964237,0.975609756097561
0.08830811554332875,0.9756838905775076
0.08858321870701513,0.9757575757575757
0.08885832187070151,0.9758308157099698
0.0891334250343879,0.9759036144578314
0.08940852819807428,0.975975975975976
0.08968363136176066,0.9760479041916168
0.08995873452544705,0.9761194029850746
0.09023383768913343,0.9761904761904762
0.09050894085281981,0.9762611275964391
0.0907840440165062,0.9763313609467456
0.09105914718019258,0.976401179941003
0.09133425034387896,0.9764705882352941
0.09160935350756534,0.9765395894428153
0.09188445667125172,0.9766081871345029
0.0921595598349381,0.9766763848396501
0.09243466299862449,0.9767441860465116
0.09270976616231087,0.9768115942028985
0.09298486932599725,0.976878612716763
0.09325997248968364,0.9769452449567724
0.09353507565337002,0.9770114942528736
0.0938101788170564,0.9770773638968482
0.09408528198074279,0.9771428571428571
0.09436038514442915,0.9772079772079773
0.09463548830811554,0.9772727272727273
0.09491059147180192,0.9773371104815864
0.0951856946354883,0.9774011299435028
0.09546079779917468,0.9774647887323944
0.09573590096286107,0.9775280898876404
0.09601100412654745,0.9775910364145658
0.09601100412654745,0.9748603351955307
0.09628610729023383,0.9749303621169917
0.09656121045392022,0.975
0.09656121045392022,0.9722991689750693
0.0968363136176066,0.9723756906077348
0.09711141678129298,0.9724517906336089
0.09738651994497936,0.9725274725274725
0.09766162310866575,0.9726027397260274
0.09793672627235213,0.9726775956284153
0.09821182943603851,0.9727520435967303
0.0984869325997249,0.9728260869565217
0.0984869325997249,0.9701897018970189
0.09876203576341128,0.9702702702702702
0.09903713892709766,0.9703504043126685
0.09931224209078404,0.9704301075268817
0.09958734525447042,0.9705093833780161
0.09986244841815681,0.9705882352941176
0.10013755158184319,0.9706666666666667
0.10041265474552957,0.9707446808510638
0.10068775790921596,0.9708222811671088
0.10068775790921596,0.9682539682539683
0.10096286107290234,0.9683377308707124
0.10123796423658872,0.968421052631579
0.1015130674002751,0.968503937007874
0.10178817056396149,0.9685863874345549
0.10206327372764787,0.9686684073107049
0.10233837689133425,0.96875
0.10261348005502063,0.9688311688311688
0.10288858321870702,0.9689119170984456
0.1031636863823934,0.9689922480620154
0.10343878954607978,0.9690721649484536
0.10371389270976616,0.9691516709511568
0.10398899587345255,0.9692307692307692
0.10426409903713893,0.969309462915601
0.10453920220082531,0.9693877551020408
0.1048143053645117,0.9694656488549618
0.10508940852819808,0.9695431472081218
0.10536451169188446,0.9696202531645569
0.10563961485557084,0.9696969696969697
0.10591471801925723,0.9697732997481109
0.10618982118294361,0.9698492462311558
0.10646492434662999,0.9699248120300752
0.10674002751031637,0.97
0.10701513067400276,0.970074812967581
0.10729023383768914,0.9701492537313433
0.10756533700137552,0.9702233250620348
0.1078404401650619,0.9702970297029703
0.10811554332874829,0.9703703703703703
0.10839064649243467,0.9704433497536946
0.10866574965612105,0.9705159705159705
0.10894085281980742,0.9705882352941176
0.1092159559834938,0.9706601466992665
0.10949105914718019,0.9707317073170731
0.10976616231086657,0.9708029197080292
0.11004126547455295,0.970873786407767
0.11031636863823933,0.9709443099273608
0.11059147180192572,0.9710144927536232
0.1108665749656121,0.9710843373493976
0.11114167812929848,0.9711538461538461
0.11141678129298486,0.9712230215827338
0.11169188445667125,0.9712918660287081
0.11196698762035763,0.9713603818615751
0.11224209078404401,0.9714285714285714
0.1125171939477304,0.9714964370546318
0.11279229711141678,0.9715639810426541
0.11306740027510316,0.9716312056737588
0.11334250343878954,0.9716981132075472
0.11361760660247593,0.971764705882353
0.11389270976616231,0.971830985915493
0.11416781292984869,0.9718969555035128
0.11444291609353507,0.9719626168224299
0.11471801925722146,0.972027972027972
0.11499312242090784,0.9720930232558139
0.11526822558459422,0.9721577726218097
0.1155433287482806,0.9722222222222222
0.11581843191196699,0.9722863741339491
0.11609353507565337,0.9723502304147466
0.11636863823933975,0.9724137931034482
0.11664374140302614,0.9724770642201835
0.11691884456671252,0.9725400457665904
0.1171939477303989,0.9726027397260274
0.11746905089408528,0.9726651480637813
0.11746905089408528,0.9704545454545455
0.11774415405777167,0.9705215419501134
0.11774415405777167,0.9683257918552036
0.11801925722145805,0.9683972911963883
0.11829436038514443,0.9684684684684685
0.11856946354883081,0.9685393258426966
0.1188445667125172,0.968609865470852
0.11911966987620358,0.9686800894854586
0.11939477303988996,0.96875
0.11966987620357634,0.9688195991091314
0.11994497936726273,0.9688888888888889
0.12022008253094911,0.9689578713968958
0.12049518569463549,0.9690265486725663
0.12077028885832188,0.9690949227373068
0.12104539202200826,0.9691629955947136
0.12132049518569464,0.9692307692307692
0.12159559834938102,0.9692982456140351
0.1218707015130674,0.9693654266958425
0.12214580467675379,0.9694323144104804
0.12242090784044017,0.9694989106753813
0.12269601100412655,0.9695652173913043
0.12297111416781294,0.9696312364425163
0.1232462173314993,0.9696969696969697
0.12352132049518569,0.9697624190064795
0.12379642365887207,0.9698275862068966
0.12407152682255845,0.9698924731182795
0.12434662998624484,0.9699570815450643
0.12462173314993122,0.9700214132762313
0.1248968363136176,0.9700854700854701
0.12517193947730398,0.9701492537313433
0.12544704264099038,0.9702127659574468
0.12572214580467675,0.970276008492569
0.12599724896836315,0.9703389830508474
0.12627235213204951,0.9704016913319239
0.1265474552957359,0.9704641350210971
0.12682255845942228,0.9705263157894737
0.12709766162310868,0.9705882352941176
0.12737276478679505,0.9706498951781971
0.12737276478679505,0.9686192468619247
0.12764786795048144,0.9686847599164927
0.1279229711141678,0.96875
0.1281980742778542,0.9688149688149689
0.12847317744154058,0.9688796680497925
0.12874828060522697,0.968944099378882
0.12902338376891334,0.96900826446281
0.12929848693259974,0.9690721649484536
0.1295735900962861,0.9691358024691358
0.1298486932599725,0.9691991786447639
0.13012379642365887,0.9692622950819673
0.13039889958734527,0.9693251533742331
0.13067400275103164,0.9693877551020408
0.130949105914718,0.9694501018329938
0.1312242090784044,0.9695121951219512
0.13149931224209077,0.9695740365111561
0.13177441540577717,0.9696356275303644
0.13204951856946354,0.9696969696969697
0.13232462173314993,0.969758064516129
0.1325997248968363,0.9698189134808853
0.1328748280605227,0.9698795180722891
0.13314993122420907,0.969939879759519
0.13342503438789546,0.97
0.13370013755158183,0.9700598802395209
0.13397524071526823,0.9701195219123506
0.1342503438789546,0.9701789264413518
0.134525447042641,0.9702380952380952
0.13480055020632736,0.9702970297029703
0.13507565337001376,0.9703557312252964
0.13535075653370013,0.9704142011834319
0.13562585969738652,0.9704724409448819
0.1359009628610729,0.9705304518664047
0.1361760660247593,0.9705882352941176
0.1361760660247593,0.9686888454011742
0.13645116918844566,0.96875
0.13672627235213206,0.9688109161793372
0.13672627235213206,0.9669260700389105
0.13700137551581842,0.9669902912621359
0.13727647867950482,0.9670542635658915
0.1375515818431912,0.9671179883945842
0.1378266850068776,0.9671814671814671
0.13810178817056395,0.9672447013487476
0.13837689133425035,0.9673076923076923
0.13865199449793672,0.9673704414587332
0.13892709766162312,0.9674329501915708
0.13920220082530949,0.9674952198852772
0.13947730398899588,0.9675572519083969
0.13975240715268225,0.9676190476190476
0.14002751031636865,0.967680608365019
0.14030261348005502,0.967741935483871
0.1405777166437414,0.9678030303030303
0.14085281980742778,0.9678638941398866
0.14112792297111418,0.9679245283018868
0.14140302613480055,0.967984934086629
0.14167812929848694,0.9680451127819549
0.1419532324621733,0.9681050656660413
0.1422283356258597,0.9681647940074907
0.14250343878954608,0.9682242990654205
0.14277854195323247,0.9682835820895522
0.14305364511691884,0.9683426443202979
0.14332874828060524,0.9684014869888475
0.1436038514442916,0.9684601113172542
0.143878954607978,0.9685185185185186
0.14415405777166437,0.9685767097966729
0.14442916093535077,0.9686346863468634
0.14442916093535077,0.9668508287292817
0.14470426409903714,0.9669117647058824
0.1449793672627235,0.9669724770642202
0.1452544704264099,0.967032967032967
0.14552957359009627,0.9670932358318098
0.14580467675378267,0.9671532846715328
0.14607977991746904,0.9672131147540983
0.14635488308115543,0.9672727272727273
0.1466299862448418,0.9673321234119783
0.1469050894085282,0.967391304347826
0.14718019257221457,0.9674502712477396
0.14745529573590097,0.9675090252707581
0.14773039889958733,0.9675675675675676
0.14800550206327373,0.9676258992805755
0.1482806052269601,0.9676840215439856
0.1485557083906465,0.967741935483871
0.14883081155433286,0.9677996422182469
0.14910591471801926,0.9678571428571429
0.14938101788170563,0.9679144385026738
0.14965612104539203,0.9679715302491103
0.1499312242090784,0.9680284191829485
0.1502063273727648,0.9680851063829787
0.15048143053645116,0.968141592920354
0.15075653370013756,0.9681978798586572
0.15103163686382393,0.9682539682539683
0.15130674002751032,0.9683098591549296
0.1515818431911967,0.968365553602812
0.1515818431911967,0.9666666666666667
0.1518569463548831,0.9667250437828371
0.15213204951856946,0.9667832167832168
0.15240715268225585,0.9668411867364747
0.15240715268225585,0.9651567944250871
0.15268225584594222,0.9652173913043478
0.15295735900962862,0.9652777777777778
0.153232462173315,0.9653379549393414
0.15350756533700138,0.9653979238754326
0.15378266850068775,0.9654576856649395
0.15405777166437415,0.9655172413793104
0.15433287482806052,0.9655765920826161
0.15460797799174691,0.9656357388316151
0.15488308115543328,0.9656946826758147
0.15515818431911968,0.9657534246575342
0.15543328748280605,0.9658119658119658
0.15570839064649244,0.9658703071672355
0.1559834938101788,0.9659284497444633
0.1562585969738652,0.9659863945578231
0.15653370013755158,0.966044142614601
0.15680880330123798,0.9661016949152542
0.15708390646492434,0.9661590524534687
0.15735900962861074,0.9662162162162162
0.1576341127922971,0.9662731871838112
0.1579092159559835,0.9663299663299664
0.15818431911966988,0.9663865546218487
0.15845942228335627,0.9664429530201343
0.15873452544704264,0.966499162479062
0.15900962861072904,0.9665551839464883
0.1592847317744154,0.9666110183639399
0.15955983493810177,0.9666666666666667
0.15983493810178817,0.9667221297836939
0.16011004126547454,0.9667774086378738
0.16038514442916094,0.966832504145937
0.1606602475928473,0.9668874172185431
0.1609353507565337,0.9669421487603306
0.16121045392022007,0.966996699669967
0.16148555708390647,0.9670510708401977
0.16176066024759284,0.9671052631578947
0.16203576341127923,0.9671592775041051
0.1623108665749656,0.9672131147540983
0.162585969738652,0.967266775777414
0.16286107290233837,0.9673202614379085
0.16313617606602476,0.967373572593801
0.16341127922971113,0.9674267100977199
0.16368638239339753,0.967479674796748
0.1639614855570839,0.9675324675324676
0.1642365887207703,0.9675850891410048
0.16451169188445666,0.9676375404530745
0.16478679504814306,0.9676898222940227
0.16506189821182943,0.967741935483871
0.16533700137551582,0.9677938808373591
0.1656121045392022,0.9678456591639871
0.1658872077028886,0.9678972712680578
0.16616231086657496,0.967948717948718
0.16643741403026135,0.968
0.16671251719394772,0.9680511182108626
0.16698762035763412,0.9681020733652312
0.1672627235213205,0.9681528662420382
0.16753782668500689,0.9682034976152624
0.16781292984869325,0.9682539682539683
0.16808803301237965,0.9683042789223455
0.16836313617606602,0.9683544303797469
0.16863823933975242,0.9684044233807267
0.16891334250343878,0.9684542586750788
0.16918844566712518,0.968503937007874
0.16946354883081155,0.9685534591194969
0.16973865199449795,0.9686028257456829
0.17001375515818432,0.9686520376175548
0.1702888583218707,0.9687010954616588
0.17056396148555708,0.96875
0.17083906464924348,0.968798751950078
0.17083906464924348,0.9672897196261683
0.17111416781292985,0.9673405909797823
0.17138927097661624,0.967391304347826
0.1716643741403026,0.9674418604651163
0.1716643741403026,0.9659442724458205
0.171939477303989,0.9659969088098919
0.171939477303989,0.9645061728395061
0.17221458046767538,0.9645608628659477
0.17248968363136177,0.9646153846153847
0.17276478679504814,0.9646697388632872
0.17303988995873454,0.9647239263803681
0.1733149931224209,0.9647779479326187
0.1735900962861073,0.9648318042813455
0.17386519944979367,0.9648854961832061
0.17414030261348004,0.9649390243902439
0.17441540577716644,0.9649923896499238
0.1746905089408528,0.9650455927051672
0.1749656121045392,0.9650986342943855
0.17524071526822557,0.9651515151515152
0.17551581843191197,0.9652042360060514
0.17579092159559834,0.9652567975830816
0.17606602475928473,0.9653092006033183
0.1763411279229711,0.9653614457831325
0.1766162310866575,0.9654135338345865
0.17689133425034387,0.9654654654654654
0.17716643741403026,0.9655172413793104
0.17744154057771663,0.9655688622754491
0.17771664374140303,0.9656203288490284
0.1779917469050894,0.9656716417910448
0.1782668500687758,0.9657228017883756
0.17854195323246216,0.9657738095238095
0.17881705639614856,0.9658246656760773
0.17909215955983493,0.9658753709198813
0.17936726272352133,0.965925925925926
0.1796423658872077,0.9659763313609467
0.1799174690508941,0.96602658788774
0.18019257221458046,0.9660766961651918
0.18046767537826686,0.9661266568483063
0.18074277854195323,0.9661764705882353
0.18101788170563962,0.9662261380323054
0.181292984869326,0.966275659824047
0.1815680880330124,0.9663250366032211
0.18184319119669876,0.966374269005848
0.18211829436038515,0.9664233576642336
0.18239339752407152,0.9664723032069971
0.18266850068775792,0.9665211062590975
0.1829436038514443,0.9665697674418605
0.18321870701513068,0.9666182873730044
0.18349381017881705,0.9666666666666667
0.18376891334250345,0.9667149059334298
0.18404401650618982,0.9667630057803468
0.1843191196698762,0.9668109668109668
0.1843191196698762,0.9654178674351584
0.18459422283356258,0.9654676258992806
0.18486932599724898,0.9655172413793104
0.18514442916093535,0.9655667144906743
0.18541953232462174,0.9656160458452722
0.1856946354883081,0.9656652360515021
0.1859697386519945,0.9657142857142857
0.1859697386519945,0.9643366619115549
0.18624484181568088,0.9643874643874644
0.18651994497936727,0.9644381223328592
0.18679504814305364,0.9644886363636364
0.18707015130674004,0.9645390070921985
0.1873452544704264,0.9645892351274787
0.1876203576341128,0.9646393210749646
0.18789546079779917,0.9646892655367232
0.18817056396148557,0.9647390691114246
0.18844566712517194,0.9647887323943662
0.1887207702888583,0.9648382559774965
0.1889958734525447,0.9648876404494382
0.18927097661623107,0.9649368863955119
0.18954607977991747,0.9649859943977591
0.18982118294360384,0.965034965034965
0.19009628610729024,0.9650837988826816
0.1903713892709766,0.9651324965132496
0.190646492434663,0.9651810584958217
0.19092159559834937,0.9652294853963839
0.19119669876203577,0.9652777777777778
0.19147180192572213,0.9653259361997226
0.19174690508940853,0.9653739612188366
0.1920220082530949,0.9654218533886584
0.1922971114167813,0.9654696132596685
0.19257221458046767,0.9655172413793104
0.19284731774415406,0.9655647382920111
0.19312242090784043,0.9656121045392022
0.19339752407152683,0.9656593406593407
0.1936726272352132,0.9657064471879286
0.1939477303988996,0.9657534246575342
0.19422283356258596,0.9658002735978112
0.19449793672627236,0.9658469945355191
0.19477303988995873,0.965893587994543
0.19504814305364512,0.9659400544959128
0.1953232462173315,0.9659863945578231
0.1955983493810179,0.9660326086956522
0.19587345254470426,0.966078697421981
0.19614855570839065,0.9661246612466124
0.19614855570839065,0.9648173207036536
0.19642365887207702,0.9648648648648649
0.19669876203576342,0.9649122807017544
0.19669876203576342,0.9636118598382749
0.1969738651994498,0.9636608344549125
0.19724896836313618,0.9637096774193549
0.19752407152682255,0.963758389261745
0.19779917469050895,0.9638069705093834
0.19807427785419532,0.963855421686747
0.19834938101788172,0.963903743315508
0.19862448418156808,0.9639519359145527
0.19889958734525448,0.964
0.19917469050894085,0.9640479360852197
0.19917469050894085,0.9627659574468085
0.19944979367262725,0.9628154050464808
0.19972489683631361,0.9628647214854111
0.2,0.9629139072847682
0.20027510316368638,0.9629629629629629
0.20055020632737278,0.9630118890356671
0.20082530949105915,0.9630606860158312
0.20110041265474554,0.9631093544137023
0.2013755158184319,0.9631578947368421
0.2016506189821183,0.9632063074901446
0.20192572214580468,0.963254593175853
0.20220082530949107,0.963302752293578
0.20247592847317744,0.9633507853403142
0.20275103163686384,0.9633986928104575
0.2030261348005502,0.9634464751958225
0.20330123796423658,0.9634941329856584
0.20357634112792297,0.9635416666666666
0.20385144429160934,0.9635890767230169
0.20412654745529574,0.9636363636363636
0.2044016506189821,0.9636835278858625
0.2046767537826685,0.9637305699481865
0.20495185694635487,0.963777490297542
0.20522696011004127,0.9638242894056848
0.20550206327372764,0.9638709677419355
0.20577716643741403,0.9639175257731959
0.2060522696011004,0.963963963963964
0.2060522696011004,0.9627249357326478
0.2063273727647868,0.962772785622593
0.20660247592847317,0.9628205128205128
0.20687757909215956,0.9628681177976952
0.20715268225584593,0.9629156010230179
0.20742778541953233,0.9629629629629629
0.2077028885832187,0.9630102040816326
0.2079779917469051,0.9630573248407643
0.20825309491059146,0.9631043256997456
0.20852819807427786,0.963151207115629
0.20880330123796423,0.9631979695431472
0.20880330123796423,0.9619771863117871
0.20907840440165062,0.9620253164556962
0.209353507565337,0.9620733249051833
0.209353507565337,0.9608585858585859
0.2096286107290234,0.9609079445145019
0.20990371389270976,0.9609571788413098
0.21017881705639616,0.9610062893081761
0.21045392022008252,0.9610552763819096
0.21072902338376892,0.9611041405269761
0.2110041265474553,0.9611528822055138
0.2112792297111417,0.9612015018773467
0.21155433287482805,0.96125
0.21182943603851445,0.9612983770287141
0.21210453920220082,0.9613466334164589
0.21237964236588722,0.9613947696139477
0.21265474552957359,0.9614427860696517
0.21292984869325998,0.9614906832298137
0.21320495185694635,0.9615384615384616
0.21348005502063275,0.9615861214374225
0.21375515818431912,0.9616336633663366
0.2140302613480055,0.9616810877626699
0.21430536451169188,0.9617283950617284
0.21458046767537828,0.9617755856966708
0.21485557083906465,0.9618226600985221
0.21513067400275104,0.9618696186961869
0.2154057771664374,0.961916461916462
0.2156808803301238,0.9619631901840491
0.21595598349381018,0.9620098039215687
0.21623108665749657,0.9620563035495716
0.21650618982118294,0.9621026894865525
0.21678129298486934,0.9621489621489622
0.2170563961485557,0.9621951219512195
0.2173314993122421,0.9622411693057247
0.21760660247592847,0.962287104622871
0.21788170563961484,0.9623329283110571
0.21815680880330124,0.962378640776699
0.2184319119669876,0.9624242424242424
0.218707015130674,0.9624697336561744
0.21898211829436037,0.9625151148730351
0.21898211829436037,0.961352657004831
0.21898211829436037,0.9601930036188179
0.21925722145804677,0.9602409638554217
0.21953232462173314,0.9602888086642599
0.21953232462173314,0.9591346153846154
0.21980742778541953,0.9591836734693877
0.2200825309491059,0.9592326139088729
0.2203576341127923,0.9592814371257485
0.22063273727647867,0.9593301435406698
0.22090784044016507,0.959378733572282
0.22118294360385143,0.9594272076372315
0.22145804676753783,0.9594755661501788
0.2217331499312242,0.9595238095238096
0.2220082530949106,0.9595719381688466
0.22228335625859696,0.9596199524940617
0.22255845942228336,0.9596678529062871
0.22283356258596973,0.9597156398104265
0.22310866574965613,0.9597633136094674
0.22310866574965613,0.958628841607565
0.2233837689133425,0.9586776859504132
0.2236588720770289,0.9587264150943396
0.22393397524071526,0.9587750294464076
0.22420907840440166,0.9588235294117647
0.22448418156808803,0.9588719153936546
0.22475928473177442,0.9589201877934272
0.2250343878954608,0.958968347010551
0.2253094910591472,0.9590163934426229
0.22558459422283356,0.9590643274853801
0.22585969738651995,0.9591121495327103
0.22613480055020632,0.9591598599766628
0.22640990371389272,0.9592074592074592
0.2266850068775791,0.959254947613504
0.22696011004126548,0.9593023255813954
0.22723521320495185,0.959349593495935
0.22751031636863825,0.9593967517401392
0.22778541953232462,0.9594438006952491
0.22806052269601101,0.9594907407407407
0.22833562585969738,0.9595375722543352
0.22861072902338378,0.9595842956120092
0.22888583218707015,0.9596309111880046
0.22916093535075654,0.9596774193548387
0.2294360385144429,0.9597238204833142
0.2297111416781293,0.9597701149425287
0.22998624484181568,0.9598163030998852
0.23026134800550208,0.9598623853211009
0.23053645116918844,0.9599083619702177
0.23081155433287484,0.959954233409611
0.2310866574965612,0.96
0.2313617606602476,0.9600456621004566
0.23163686382393398,0.9600912200684151
0.23191196698762034,0.9601366742596811
0.23218707015130674,0.9601820250284414
0.2324621733149931,0.9602272727272727
0.2327372764786795,0.960272417707151
0.23301237964236587,0.9603174603174603
0.23328748280605227,0.9603624009060022
0.23356258596973864,0.9604072398190046
0.23383768913342504,0.96045197740113
0.2341127922971114,0.9604966139954854
0.2343878954607978,0.9605411499436303
0.23466299862448417,0.9605855855855856
0.23493810178817057,0.9606299212598425
0.23521320495185694,0.9606741573033708
0.23548830811554333,0.9607182940516273
0.2357634112792297,0.9607623318385651
0.2360385144429161,0.9608062709966405
0.23631361760660247,0.9608501118568232
0.23631361760660247,0.9597765363128492
0.23658872077028886,0.9598214285714286
0.23686382393397523,0.959866220735786
0.23713892709766163,0.9599109131403119
0.23713892709766163,0.9588431590656284
0.237414030261348,0.9588888888888889
0.2376891334250344,0.9589345172031076
0.23796423658872076,0.958980044345898
0.23823933975240716,0.9590254706533776
0.23851444291609353,0.959070796460177
0.23878954607977992,0.9591160220994475
0.2390646492434663,0.9591611479028698
0.2393397524071527,0.9592061742006616
0.23961485557083906,0.9592511013215859
0.23988995873452545,0.9592959295929593
0.24016506189821182,0.9593406593406594
0.24044016506189822,0.9593852908891328
0.2407152682255846,0.9594298245614035
0.24099037138927099,0.9594742606790799
0.24126547455295735,0.9595185995623632
0.24154057771664375,0.9595628415300547
0.24181568088033012,0.9596069868995634
0.24209078404401652,0.9596510359869138
0.24236588720770288,0.9596949891067538
0.24236588720770288,0.9586507072905331
0.24264099037138928,0.9586956521739131
0.24291609353507565,0.9587404994571118
0.24319119669876205,0.9587852494577006
0.24346629986244842,0.9588299024918743
0.2437414030261348,0.9588744588744589
0.24401650618982118,0.9589189189189189
0.24429160935350758,0.958963282937365
0.24456671251719395,0.9590075512405609
0.24484181568088034,0.959051724137931
0.2451169188445667,0.9590958019375673
0.2453920220082531,0.9591397849462365
0.24566712517193948,0.9591836734693877
0.24594222833562587,0.9592274678111588
0.24621733149931224,0.9592711682743837
0.2464924346629986,0.9593147751605996
0.246767537826685,0.9593582887700535
0.24704264099037138,0.9594017094017094
0.24731774415405777,0.959445037353255
0.24759284731774414,0.9594882729211087
0.24786795048143054,0.9595314164004259
0.2481430536451169,0.9595744680851064
0.2484181568088033,0.9596174282678002
0.24869325997248967,0.9596602972399151
0.24896836313617607,0.9597030752916225
0.24924346629986244,0.9597457627118644
0.24951856946354883,0.9597883597883597
0.2497936726272352,0.959830866807611
0.25006877579092157,0.9598732840549102
0.25034387895460797,0.959915611814346
0.25061898211829436,0.9599578503688093
0.25089408528198076,0.96
0.2511691884456671,0.9600420609884333
0.2514442916093535,0.9600840336134454
0.2517193947730399,0.9601259181532005
0.2519944979367263,0.960167714884696
0.25226960110041263,0.9602094240837696
0.25226960110041263,0.9592050209205021
0.25254470426409903,0.9592476489028213
0.2528198074277854,0.9592901878914405
0.2530949105914718,0.959332638164755
0.25337001375515816,0.959375
0.25364511691884456,0.959417273673257
0.25392022008253096,0.9594594594594594
0.25419532324621735,0.9595015576323987
0.2544704264099037,0.9595435684647303
0.2547455295735901,0.9595854922279793
0.2550206327372765,0.9596273291925466
0.2552957359009629,0.9596690796277145
0.2555708390646492,0.9597107438016529
0.2558459422283356,0.9597523219814241
0.2558459422283356,0.9587628865979382
0.2558459422283356,0.9577754891864058
0.256121045392022,0.9578189300411523
0.2563961485557084,0.9578622816032888
0.25667125171939476,0.9579055441478439
0.25694635488308115,0.9579487179487179
0.25722145804676755,0.9579918032786885
0.25749656121045394,0.9580348004094166
0.25749656121045394,0.9570552147239264
0.25749656121045394,0.9560776302349336
0.2577716643741403,0.9561224489795919
0.2580467675378267,0.9561671763506626
0.2583218707015131,0.9562118126272913
0.2585969738651995,0.9562563580874873
0.2585969738651995,0.9552845528455285
0.2588720770288858,0.9553299492385787
0.2591471801925722,0.9553752535496958
0.2594222833562586,0.955420466058764
0.259697386519945,0.9554655870445344
0.25997248968363135,0.9555106167846309
0.26024759284731774,0.9555555555555556
0.26052269601100414,0.9556004036326943
0.26079779917469054,0.9556451612903226
0.2610729023383769,0.9556898288016112
0.2613480055020633,0.9557344064386318
0.26162310866574967,0.9557788944723619
0.261898211829436,0.9558232931726908
0.2621733149931224,0.9558676028084253
0.2624484181568088,0.9559118236472945
0.2627235213204952,0.955955955955956
0.26299862448418154,0.956
0.26299862448418154,0.955044955044955
0.26327372764786794,0.9550898203592815
0.26354883081155434,0.9551345962113659
0.26382393397524073,0.9551792828685259
0.2640990371389271,0.9552238805970149
0.26437414030261347,0.9552683896620279
0.26464924346629987,0.9553128103277061
0.26492434662998626,0.9553571428571429
0.2651994497936726,0.9554013875123885
0.265474552957359,0.9554455445544554
0.2657496561210454,0.9554896142433235
0.2660247592847318,0.9555335968379447
0.26629986244841813,0.9555774925962488
0.26657496561210453,0.9556213017751479
0.2668500687757909,0.9556650246305419
0.2671251719394773,0.9557086614173228
0.26740027510316366,0.9557522123893806
0.26767537826685006,0.9557956777996071
0.26795048143053646,0.9558390578999019
0.26822558459422285,0.9558823529411765
0.2685006877579092,0.9559255631733594
0.2687757909215956,0.9559686888454012
0.269050894085282,0.9560117302052786
0.2693259972489684,0.9560546875
0.2693259972489684,0.9551219512195122
0.2696011004126547,0.9551656920077972
0.2698762035763411,0.9552093476144109
0.2701513067400275,0.9552529182879378
0.2704264099037139,0.9552964042759962
0.27070151306740026,0.9553398058252427
0.27097661623108665,0.9553831231813773
0.27125171939477305,0.9554263565891473
0.27152682255845945,0.9554695062923524
0.2718019257221458,0.9555125725338491
0.2720770288858322,0.9555555555555556
0.2723521320495186,0.9555984555984556
0.272627235213205,0.9556412729026037
0.272627235213205,0.9547206165703276
0.272627235213205,0.9538017324350336
0.2729023383768913,0.9538461538461539
0.2731774415405777,0.9538904899135446
0.2734525447042641,0.9539347408829175
0.2737276478679505,0.9539789069990412
0.27400275103163685,0.9540229885057471
0.27427785419532325,0.9540669856459331
0.27455295735900964,0.9541108986615678
0.27482806052269604,0.9541547277936963
0.2751031636863824,0.9541984732824428
0.2753782668500688,0.9542421353670162
0.2756533700137552,0.9542857142857143
0.2756533700137552,0.9533777354900095
0.2759284731774415,0.9534220532319392
0.2762035763411279,0.9534662867996201
0.2764786795048143,0.9535104364326376
0.2767537826685007,0.9535545023696682
0.27702888583218704,0.9535984848484849
0.27730398899587344,0.9536423841059603
0.27757909215955984,0.9536862003780718
0.27785419532324623,0.9537299338999056
0.2781292984869326,0.9537735849056603
0.27840440165061897,0.9538171536286523
0.27867950481430537,0.9538606403013182
0.27895460797799176,0.9539040451552211
0.2792297111416781,0.9539473684210527
0.2795048143053645,0.9539906103286385
0.2797799174690509,0.9540337711069419
0.2800550206327373,0.9540768509840675
0.28033012379642364,0.954119850187266
0.28060522696011003,0.9541627689429373
0.28088033012379643,0.9542056074766355
0.2811554332874828,0.954248366013072
0.28143053645116917,0.9542910447761194
0.28170563961485556,0.9543336439888164
0.28198074277854196,0.9543761638733705
0.28225584594222836,0.9544186046511628
0.2825309491059147,0.9544609665427509
0.2828060522696011,0.9545032497678737
0.2830811554332875,0.9545454545454546
0.2833562585969739,0.9545875810936052
0.2836313617606602,0.9546296296296296
0.2839064649243466,0.9546716003700277
0.284181568088033,0.9547134935304991
0.2844566712517194,0.9547553093259464
0.28473177441540576,0.9547970479704797
0.28500687757909215,0.9548387096774194
0.28500687757909215,0.9539594843462247
0.28528198074277855,0.954001839926403
0.28555708390646495,0.9540441176470589
0.28555708390646495,0.953168044077135
0.28555708390646495,0.9522935779816514
0.2858321870701513,0.9523373052245646
0.2861072902338377,0.9523809523809523
0.2863823933975241,0.9524245196706312
0.2866574965612105,0.9524680073126143
0.2869325997248968,0.9525114155251142
0.2872077028885832,0.9525547445255474
0.2874828060522696,0.9525979945305378
0.287757909215956,0.9526411657559198
0.28803301237964235,0.9526842584167425
0.28830811554332875,0.9527272727272728
0.28858321870701514,0.9527702089009991
0.28885832187070154,0.9528130671506352
0.2891334250343879,0.9528558476881233
0.2894085281980743,0.9528985507246377
0.2896836313617607,0.9529411764705882
0.2896836313617607,0.9520795660036167
0.289958734525447,0.952122854561879
0.2902338376891334,0.9521660649819494
0.2905089408528198,0.9522091974752029
0.2907840440165062,0.9522522522522523
0.29105914718019255,0.9522952295229523
0.29133425034387894,0.9523381294964028
0.29160935350756534,0.9523809523809523
0.29188445667125174,0.952423698384201
0.2921595598349381,0.9524663677130045
0.2924346629986245,0.9525089605734767
0.29270976616231087,0.9525514771709938
0.29298486932599727,0.9525939177101967
0.2932599724896836,0.9526362823949955
0.29353507565337,0.9526785714285714
0.2938101788170564,0.9527207850133809
0.2940852819807428,0.9527629233511586
0.29436038514442914,0.9528049866429208
0.29463548830811553,0.952846975088968
0.29491059147180193,0.9528888888888889
0.29491059147180193,0.9520426287744227
0.2951856946354883,0.9520851818988465
0.29546079779917467,0.9521276595744681
0.29573590096286106,0.9521700620017715
0.29601100412654746,0.952212389380531
0.29628610729023386,0.9522546419098143
0.2965612104539202,0.9522968197879859
0.2968363136176066,0.9523389232127096
0.297111416781293,0.9523809523809523
0.2973865199449794,0.9524229074889868
0.29766162310866573,0.9524647887323944
0.2979367262723521,0.9525065963060686
0.2982118294360385,0.9525483304042179
0.2984869325997249,0.9525899912203687
0.2984869325997249,0.9517543859649122
0.29876203576341126,0.9517966695880806
0.29903713892709766,0.9518388791593695
0.29931224209078405,0.9518810148731408
0.29958734525447045,0.9519230769230769
0.2998624484181568,0.9519650655021834
0.3001375515818432,0.9520069808027923
0.3004126547455296,0.9520488230165649
0.300687757909216,0.9520905923344948
0.3009628610729023,0.9521322889469104
0.3012379642365887,0.9521739130434783
0.3012379642365887,0.9513466550825369
0.3015130674002751,0.9513888888888888
0.3017881705639615,0.9514310494362532
0.30206327372764785,0.951473136915078
0.30206327372764785,0.9506493506493506
0.30233837689133425,0.9506920415224913
0.30261348005502064,0.9507346585998271
0.30288858321870704,0.9507772020725389
0.3031636863823934,0.9508196721311475
0.3034387895460798,0.9508620689655173
0.3037138927097662,0.9509043927648578
0.30398899587345257,0.9509466437177281
0.3042640990371389,0.9509888220120378
0.3045392022008253,0.9510309278350515
0.3048143053645117,0.9510729613733906
0.3048143053645117,0.9502572898799314
0.3048143053645117,0.9494430162810625
0.30508940852819805,0.949486301369863
0.30536451169188444,0.9495295124037639
0.30563961485557084,0.9495726495726495
0.30591471801925724,0.9496157130657558
0.3061898211829436,0.9496587030716723
0.30646492434663,0.9497016197783461
0.30674002751031637,0.9497444633730835
0.30701513067400277,0.9497872340425532
0.3072902338376891,0.9498299319727891
0.3075653370013755,0.9498725573491928
0.3078404401650619,0.9499151103565365
0.3081155433287483,0.9499575911789653
0.30839064649243464,0.95
0.30866574965612104,0.9500423370025403
0.30894085281980743,0.9500846023688664
0.30921595598349383,0.9501267962806424
0.30949105914718017,0.950168918918919
0.30976616231086657,0.950210970464135
0.31004126547455296,0.9502529510961214
0.31004126547455296,0.949452401010952
0.31031636863823936,0.9494949494949495
0.31031636863823936,0.9486963835155593
0.3105914718019257,0.9487394957983193
0.3108665749656121,0.9487825356842989
0.3111416781292985,0.9488255033557047
0.3114167812929849,0.9488683989941324
0.31169188445667123,0.9489112227805695
0.3119669876203576,0.9489539748953975
0.312242090784044,0.9489966555183946
0.3125171939477304,0.9490392648287385
0.31279229711141676,0.9490818030050083
0.31306740027510316,0.9491242702251876
0.31306740027510316,0.9483333333333334
0.31334250343878955,0.948376353039134
0.31361760660247595,0.9484193011647255
0.31361760660247595,0.9476309226932669
0.3138927097661623,0.9476744186046512
0.3141678129298487,0.9477178423236514
0.3144429160935351,0.9477611940298507
0.3144429160935351,0.9469759734879868
0.3147180192572215,0.9470198675496688
0.3149931224209078,0.9470636889991728
0.3149931224209078,0.9462809917355371
0.3149931224209078,0.9454995871180842
0.3152682255845942,0.9455445544554455
0.3155433287482806,0.9455894476504534
0.315818431911967,0.9456342668863262
0.31609353507565335,0.945679012345679
0.31636863823933975,0.9457236842105263
0.31636863823933975,0.9449465899753492
0.31636863823933975,0.9441707717569786
0.31664374140302615,0.9442165709598032
0.31691884456671254,0.9442622950819672
0.3171939477303989,0.9443079443079443
0.3174690508940853,0.9443535188216039
0.3177441540577717,0.9443990188062142
0.3180192572214581,0.9444444444444444
0.3182943603851444,0.9444897959183673
0.3185694635488308,0.9445350734094616
0.3188445667125172,0.9445802770986145
0.31911966987620355,0.9446254071661238
0.31939477303988995,0.9446704637917006
0.31966987620357634,0.9447154471544715
0.31994497936726274,0.9447603574329814
0.3202200825309491,0.9448051948051948
0.3204951856946355,0.9448499594484996
0.3207702888583219,0.9448946515397083
0.32104539202200827,0.9449392712550607
0.3213204951856946,0.9449838187702265
0.321595598349381,0.9450282942603072
0.3218707015130674,0.9450726978998385
0.3221458046767538,0.9451170298627926
0.32242090784044014,0.9451612903225807
0.32269601100412654,0.9452054794520548
0.32297111416781293,0.9452495974235104
0.32324621733149933,0.9452936444086887
0.32352132049518567,0.9453376205787781
0.32379642365887207,0.9453815261044177
0.32379642365887207,0.9446227929373997
0.32407152682255846,0.9446672012830793
0.32407152682255846,0.9439102564102564
0.32434662998624486,0.9439551641313051
0.3246217331499312,0.944
0.3248968363136176,0.9440447641886491
0.325171939477304,0.9440894568690096
0.3254470426409904,0.9441340782122905
0.32572214580467673,0.9441786283891547
0.32572214580467673,0.9434262948207172
0.32599724896836313,0.9434713375796179
0.3262723521320495,0.94351630867144
0.3265474552957359,0.9435612082670907
0.32682255845942226,0.9436060365369341
0.32709766162310866,0.9436507936507936
0.32737276478679506,0.943695479777954
0.32764786795048145,0.9437400950871633
0.3279229711141678,0.943784639746635
0.3279229711141678,0.9430379746835443
0.3281980742778542,0.9430830039525692
0.3284731774415406,0.943127962085308
0.328748280605227,0.9431728492501973
0.3290233837689133,0.943217665615142
0.3292984869325997,0.9432624113475178
0.3295735900962861,0.9433070866141732
0.3298486932599725,0.943351691581432
0.33012379642365886,0.9433962264150944
0.33012379642365886,0.9426551453260016
0.33039889958734525,0.9427001569858713
0.33067400275103165,0.9427450980392157
0.33067400275103165,0.9420062695924765
0.33094910591471804,0.9420516836335161
0.3312242090784044,0.9420970266040689
0.3314993122420908,0.9421422986708365
0.3317744154057772,0.9421875
0.3320495185694636,0.942232630757221
0.3320495185694636,0.9414976599063962
0.3323246217331499,0.9415432579890881
0.3325997248968363,0.9415887850467289
0.3325997248968363,0.9408560311284047
0.3328748280605227,0.9409020217729394
0.3331499312242091,0.940947940947941
0.33342503438789545,0.9409937888198758
0.33342503438789545,0.9402637703646237
0.33370013755158184,0.9403100775193799
0.33397524071526824,0.9403563129357088
0.3342503438789546,0.9404024767801857
0.334525447042641,0.9404485692188709
0.3348005502063274,0.9404945904173106
0.33507565337001377,0.9405405405405406
0.3353507565337001,0.9405864197530864
0.3356258596973865,0.9406322282189669
0.3359009628610729,0.940677966101695
0.3361760660247593,0.9407236335642802
0.33645116918844564,0.9407692307692308
0.33672627235213204,0.940814757878555
0.33700137551581844,0.9408602150537635
0.33727647867950483,0.9409056024558711
0.3375515818431912,0.9409509202453987
0.33782668500687757,0.9409961685823754
0.33810178817056397,0.94104134762634
0.33837689133425036,0.9410864575363428
0.3386519944979367,0.941131498470948
0.3389270976616231,0.9411764705882353
0.3392022008253095,0.9412213740458015
0.3394773039889959,0.9412662090007627
0.33975240715268223,0.9413109756097561
0.34002751031636863,0.9413556740289414
0.340302613480055,0.941400304414003
0.3405777166437414,0.9414448669201521
0.34085281980742776,0.9414893617021277
0.34112792297111416,0.9415337889141989
0.34140302613480056,0.9415781487101669
0.34167812929848695,0.9416224412433661
0.3419532324621733,0.9416666666666667
0.3422283356258597,0.9417108251324754
0.3425034387895461,0.9417549167927383
0.3427785419532325,0.9417989417989417
0.3430536451169188,0.9418429003021148
0.3433287482806052,0.9418867924528301
0.3436038514442916,0.9419306184012066
0.343878954607978,0.9419743782969103
0.34415405777166436,0.9420180722891566
0.34442916093535075,0.9420617005267118
0.34470426409903715,0.9421052631578948
0.34497936726272355,0.9421487603305785
0.3452544704264099,0.9421921921921922
0.3455295735900963,0.9422355588897224
0.3458046767537827,0.9422788605697151
0.3460797799174691,0.9423220973782771
0.3463548830811554,0.9423652694610778
0.3466299862448418,0.9424083769633508
0.3469050894085282,0.9424514200298953
0.3471801925722146,0.9424943988050785
0.34745529573590095,0.9425373134328359
0.34773039889958735,0.9425801640566741
0.34800550206327374,0.9426229508196722
0.3482806052269601,0.9426656738644825
0.3485557083906465,0.9427083333333334
0.3488308115543329,0.9427509293680297
0.3491059147180193,0.9427934621099554
0.3491059147180193,0.9420935412026726
0.3493810178817056,0.9421364985163204
0.349656121045392,0.9421793921423276
0.3499312242090784,0.9422222222222222
0.3502063273727648,0.9422649888971133
0.35048143053645114,0.9423076923076923
0.35075653370013754,0.9423503325942351
0.35103163686382394,0.9423929098966026
0.35130674002751033,0.9424354243542435
0.3515818431911967,0.9424778761061947
0.35185694635488307,0.9425202652910832
0.35213204951856947,0.9425625920471281
0.35240715268225586,0.9426048565121413
0.3526822558459422,0.9426470588235294
0.3529573590096286,0.9426891991182954
0.353232462173315,0.9427312775330396
0.3535075653370014,0.9427732942039618
0.35378266850068774,0.9428152492668622
0.35378266850068774,0.9421245421245421
0.35405777166437413,0.9421669106881405
0.35433287482806053,0.9422092172640819
0.3546079779917469,0.9422514619883041
0.35488308115543327,0.9422936449963477
0.35515818431911966,0.9423357664233577
0.35543328748280606,0.9423778264040846
0.35570839064649246,0.9424198250728864
0.3559834938101788,0.942461762563729
0.3562585969738652,0.9425036390101892
0.3565337001375516,0.9425454545454546
0.356808803301238,0.9425872093023255
0.3570839064649243,0.9426289034132171
0.3573590096286107,0.9426705370101597
0.3576341127922971,0.9427121102248006
0.3579092159559835,0.9427536231884058
0.35818431911966986,0.942795076031861
0.35845942228335625,0.942836468885673
0.35873452544704265,0.9428778018799711
0.35900962861072905,0.9429190751445087
0.3592847317744154,0.9429602888086642
0.3595598349381018,0.943001443001443
0.3598349381017882,0.943042537851478
0.3601100412654746,0.9430835734870316
0.3603851444291609,0.9431245500359972
0.3606602475928473,0.9431654676258993
0.3609353507565337,0.9432063263838965
0.3612104539202201,0.9432471264367817
0.36148555708390645,0.9432878679109835
0.36176066024759285,0.9433285509325682
0.36176066024759285,0.942652329749104
0.36203576341127924,0.9426934097421203
0.36203576341127924,0.9420186113099499
0.36231086657496564,0.9420600858369099
0.362585969738652,0.9421015010721944
0.3628610729023384,0.9421428571428572
0.3631361760660248,0.9421841541755889
0.3634112792297111,0.942225392296719
0.3636863823933975,0.9422665716322167
0.3639614855570839,0.9423076923076923
0.3642365887207703,0.9423487544483986
0.36451169188445665,0.9423897581792319
0.36478679504814304,0.9424307036247335
0.36506189821182944,0.9424715909090909
0.36533700137551584,0.9425124201561391
0.3656121045392022,0.9425531914893617
0.3658872077028886,0.9425939050318922
0.36616231086657497,0.9426345609065155
0.36616231086657497,0.9419674451521586
0.36643741403026137,0.942008486562942
0.3667125171939477,0.9420494699646643
0.3669876203576341,0.942090395480226
0.3672627235213205,0.9421312632321807
0.3675378266850069,0.9421720733427362
0.36781292984869324,0.9422128259337562
0.36808803301237963,0.9422535211267605
0.36836313617606603,0.9422941590429276
0.3686382393397524,0.9423347398030942
0.36891334250343877,0.9423752635277582
0.36918844566712516,0.9424157303370787
0.36946354883081156,0.9424561403508772
0.36973865199449796,0.9424964936886395
0.3700137551581843,0.9425367904695164
0.3702888583218707,0.9425770308123249
0.3705639614855571,0.9426172148355494
0.3708390646492435,0.9426573426573427
0.37111416781292983,0.9426974143955276
0.3713892709766162,0.9427374301675978
0.3716643741403026,0.9427773900907188
0.371939477303989,0.9428172942817294
0.37221458046767536,0.9428571428571428
0.37248968363136176,0.9428969359331476
0.37276478679504815,0.942936673625609
0.37303988995873455,0.9429763560500696
0.3733149931224209,0.9430159833217512
0.3735900962861073,0.9430555555555555
0.3735900962861073,0.9424011103400416
0.3738651994497937,0.9424410540915396
0.3738651994497937,0.9417879417879418
0.3741403026134801,0.9418282548476454
0.3744154057771664,0.9418685121107266
0.3746905089408528,0.941908713692946
0.3746905089408528,0.9412577747062889
0.3749656121045392,0.9412983425414365
0.3749656121045392,0.9406487232574189
0.3749656121045392,0.94
0.3752407152682256,0.9400413507925569
0.37551581843191195,0.9400826446280992
0.37579092159559835,0.9401238816242258
0.37606602475928474,0.9401650618982118
0.37606602475928474,0.9395189003436426
0.37606602475928474,0.9388736263736264
0.37634112792297114,0.9389155799588195
0.37634112792297114,0.9382716049382716
0.3766162310866575,0.9383139136394791
0.3768913342503439,0.9383561643835616
0.3768913342503439,0.9377138945927447
0.3771664374140303,0.9377564979480164
0.3774415405777166,0.937799043062201
0.377716643741403,0.9378415300546448
0.3779917469050894,0.9378839590443686
0.3782668500687758,0.9379263301500682
0.37854195323246215,0.9379686434901159
0.37881705639614854,0.9380108991825613
0.37909215955983494,0.9380530973451328
0.37936726272352134,0.9380952380952381
0.3796423658872077,0.938137321549966
0.3799174690508941,0.9381793478260869
0.3799174690508941,0.9375424304141209
0.3799174690508941,0.9369063772048847
0.38019257221458047,0.9369491525423729
0.38046767537826687,0.9369918699186992
0.3807427785419532,0.937034529451591
0.3810178817056396,0.9370771312584574
0.381292984869326,0.9371196754563894
0.3815680880330124,0.9371621621621622
0.38184319119669874,0.937204591492235
0.38211829436038514,0.937246963562753
0.38211829436038514,0.9366149696561025
0.38239339752407153,0.9366576819407008
0.38266850068775793,0.9367003367003367
0.38294360385144427,0.9367429340511441
0.38321870701513067,0.9367854741089442
0.38349381017881706,0.9368279569892473
0.38376891334250346,0.9368703828072532
0.3840440165061898,0.9369127516778524
0.3843191196698762,0.9369550637156271
0.3845942228335626,0.9369973190348525
0.384869325997249,0.9370395177494977
0.384869325997249,0.9364123159303882
0.38514442916093533,0.9364548494983278
0.3854195323246217,0.9364973262032086
0.3856946354883081,0.9365397461589846
0.3859697386519945,0.9365821094793058
0.38624484181568086,0.9366244162775184
0.38651994497936726,0.9366666666666666
0.38679504814305365,0.9367088607594937
0.38707015130674005,0.936750998668442
0.3873452544704264,0.9367930805056554
0.3876203576341128,0.9368351063829787
0.3878954607977992,0.9368770764119602
0.3881705639614856,0.9369189907038512
0.3884456671251719,0.9369608493696084
0.3887207702888583,0.9370026525198939
0.3889958734525447,0.9370444002650762
0.3892709766162311,0.9370860927152318
0.38954607977991745,0.9371277299801456
0.38982118294360385,0.9371693121693122
0.39009628610729025,0.9372108393919365
0.39037138927097664,0.9372523117569352
0.390646492434663,0.9372937293729373
0.3909215955983494,0.9373350923482849
0.3911966987620358,0.9373764007910349
0.3914718019257221,0.9374176548089591
0.3917469050894085,0.9374588545095458
0.3920220082530949,0.9375
0.3922971114167813,0.9375410913872453
0.39257221458046765,0.9375821287779238
0.39284731774415405,0.9376231122783979
0.39312242090784044,0.9376640419947506
0.39312242090784044,0.9370491803278689
0.39339752407152684,0.9370904325032765
0.3936726272352132,0.93713163064833
0.3936726272352132,0.9365183246073299
0.3939477303988996,0.9365598430346632
0.394222833562586,0.9366013071895425
0.39449793672627237,0.9366427171783148
0.3947730398899587,0.9366840731070496
0.3950481430536451,0.9367253750815394
0.3953232462173315,0.9367666232073012
0.3955983493810179,0.9368078175895765
0.39587345254470424,0.9368489583333334
0.39614855570839064,0.936890045543266
0.39614855570839064,0.9362808842652796
0.39642365887207703,0.9363222871994802
0.39669876203576343,0.9363636363636364
0.39697386519944977,0.936404931862427
0.39724896836313617,0.9364461738002594
0.39724896836313617,0.9358392741412832
0.39752407152682256,0.935880829015544
0.39779917469050896,0.9359223300970874
0.3980742778541953,0.9359637774902976
0.3983493810178817,0.936005171299289
0.3986244841815681,0.936046511627907
0.3986244841815681,0.9354422207876049
0.3988995873452545,0.9354838709677419
0.39917469050894083,0.935525467440361
0.39917469050894083,0.9349226804123711
0.39944979367262723,0.9349645846748229
0.39944979367262723,0.9343629343629344
0.39944979367262723,0.9337620578778135
0.3997248968363136,0.9338046272493573
0.4,0.9338471419396275
0.40027510316368636,0.9338896020539152
0.40055020632737276,0.9339320076972418
0.40082530949105916,0.933974358974359
0.40110041265474555,0.9340166559897501
0.4013755158184319,0.9340588988476313
0.4016506189821183,0.9341010876519513
0.4019257221458047,0.9341432225063938
0.4022008253094911,0.934185303514377
0.4024759284731774,0.934227330779055
0.4027510316368638,0.9342693044033185
0.4030261348005502,0.9343112244897959
0.4030261348005502,0.9337157425111536
0.4030261348005502,0.9331210191082803
0.4030261348005502,0.9325270528325907
0.4033012379642366,0.9325699745547074
0.40357634112792296,0.9326128417037508
0.40385144429160935,0.9326556543837357
0.40412654745529575,0.9326984126984127
0.40440165061898214,0.932741116751269
0.4046767537826685,0.9327837666455295
0.4049518569463549,0.9328263624841572
0.4052269601100413,0.9328689043698544
0.4055020632737277,0.9329113924050633
0.405777166437414,0.9329538266919671
0.405777166437414,0.9323640960809102
0.4060522696011004,0.932406822488945
0.4063273727647868,0.9324494949494949
0.40660247592847315,0.9324921135646688
0.40687757909215955,0.9325346784363178
0.40715268225584594,0.9325771896660365
0.40742778541953234,0.9326196473551638
0.4077028885832187,0.9326620516047829
0.4079779917469051,0.9327044025157233
0.4082530949105915,0.9327467001885607
0.40852819807427787,0.9327889447236181
0.4088033012379642,0.9328311362209667
0.4090784044016506,0.9328732747804266
0.4090784044016506,0.9322884012539185
0.4090784044016506,0.931704260651629
0.409353507565337,0.9317470256731372
0.4096286107290234,0.9317897371714643
0.40990371389270974,0.9318323952470294
0.41017881705639614,0.931875
0.41017881705639614,0.9312929419113054
0.41017881705639614,0.9307116104868914
0.41045392022008254,0.9307548346849657
0.41045392022008254,0.9301745635910225
0.41072902338376893,0.9302180685358256
0.4110041265474553,0.9302615193026152
0.41127922971114167,0.9303049159925326
0.41127922971114167,0.929726368159204
0.41155433287482807,0.9297700435052828
0.41182943603851446,0.9298136645962732
0.4121045392022008,0.9298572315332092
0.4123796423658872,0.9299007444168734
0.4123796423658872,0.9293242405455673
0.4126547455295736,0.929368029739777
0.41292984869326,0.9294117647058824
0.41320495185694633,0.9294554455445545
0.41348005502063273,0.9294990723562152
0.4137551581843191,0.9295426452410384
0.4140302613480055,0.92958616429895
0.41430536451169186,0.9296296296296296
0.41458046767537826,0.9296730413325108
0.41485557083906466,0.9297163995067818
0.41513067400275105,0.9297597042513863
0.41513067400275105,0.9291871921182266
0.4154057771664374,0.9292307692307692
0.4156808803301238,0.9292742927429274
0.4156808803301238,0.9287031346035648
0.4156808803301238,0.9281326781326781
0.4159559834938102,0.9281767955801105
0.4162310866574966,0.9282208588957055
0.4162310866574966,0.9276517473942366
0.4165061898211829,0.9276960784313726
0.4167812929848693,0.9277403551745255
0.4170563961485557,0.9277845777233782
0.4173314993122421,0.92782874617737
0.4173314993122421,0.9272616136919315
0.4173314993122421,0.9266951740989615
0.41760660247592846,0.9267399267399268
0.41788170563961485,0.9267846247712019
0.41815680880330125,0.926829268292683
0.41843191196698765,0.926873857404022
0.418707015130674,0.9269183922046285
0.4189821182943604,0.9269628727936701
0.4192572214580468,0.927007299270073
0.4195323246217332,0.9270516717325228
0.4198074277854195,0.9270959902794653
0.4198074277854195,0.9265330904675168
0.4200825309491059,0.9265776699029126
0.4203576341127923,0.9266221952698606
0.42063273727647865,0.9266666666666666
0.42090784044016505,0.9267110841913991
0.42118294360385145,0.9267554479418886
0.42118294360385145,0.926194797338173
0.42145804676753784,0.9262394195888755
0.42145804676753784,0.9256797583081571
0.4217331499312242,0.9257246376811594
0.4220082530949106,0.9257694628847315
0.422283356258597,0.9258142340168878
0.4225584594222834,0.9258589511754068
0.4228335625859697,0.9259036144578313
0.4231086657496561,0.925948223961469
0.4233837689133425,0.9259927797833934
0.4236588720770289,0.926037282020445
0.42393397524071524,0.9260817307692307
0.42420907840440164,0.9261261261261261
0.42448418156808804,0.9261704681872749
0.42448418156808804,0.9256148770245951
0.42475928473177443,0.9256594724220624
0.42475928473177443,0.9251048532055123
0.4250343878954608,0.9251497005988024
0.42530949105914717,0.9251944943147815
0.42558459422283357,0.9252392344497608
0.42585969738651996,0.9252839210998207
0.42585969738651996,0.9247311827956989
0.4261348005502063,0.9247761194029851
0.4264099037138927,0.9248210023866349
0.4264099037138927,0.9242695289206917
0.4264099037138927,0.9237187127532777
0.4266850068775791,0.9237641453245979
0.4266850068775791,0.9232142857142858
0.4269601100412655,0.9232599643069601
0.42723521320495184,0.9233055885850179
0.42723521320495184,0.922756981580511
0.42751031636863823,0.9228028503562945
0.42778541953232463,0.9228486646884273
0.428060522696011,0.9228944246737841
0.42833562585969737,0.9229401304090101
0.42861072902338376,0.9229857819905213
0.42888583218707016,0.9230313795145056
0.42916093535075656,0.9230769230769231
0.4294360385144429,0.9231224127735068
0.4294360385144429,0.9225768321513003
0.4297111416781293,0.9226225634967513
0.4299862448418157,0.922668240850059
0.4302613480055021,0.9227138643067847
0.4305364511691884,0.9227594339622641
0.4308115543328748,0.9228049499116088
0.4308115543328748,0.9222614840989399
0.4310866574965612,0.922307239552678
0.4313617606602476,0.9223529411764706
0.43163686382393396,0.9223985890652557
0.43191196698762035,0.9224441833137486
0.43218707015130675,0.9224897240164416
0.43218707015130675,0.9219483568075117
0.43246217331499315,0.9219941348973607
0.4327372764786795,0.9220398593200468
0.4330123796423659,0.9220855301698887
0.4330123796423659,0.9215456674473068
0.4332874828060523,0.9215915740198947
0.4335625859697387,0.9216374269005848
0.433837689133425,0.9216832261835184
0.4341127922971114,0.9217289719626168
0.4341127922971114,0.9211908931698775
0.4343878954607978,0.9212368728121354
0.4343878954607978,0.9206997084548105
0.4343878954607978,0.9201631701631702
0.4346629986244842,0.9202096680256261
0.4346629986244842,0.919674039580908
0.43493810178817055,0.9197207678883071
0.43521320495185695,0.9197674418604651
0.43548830811554334,0.9198140615920977
0.4357634112792297,0.9198606271777003
0.4357634112792297,0.9193267556587348
0.4360385144429161,0.9193735498839907
0.4363136176066025,0.9194202898550725
0.4365887207702889,0.9194669756662804
0.4368638239339752,0.9195136074116966
0.4371389270976616,0.9195601851851852
0.437414030261348,0.9196067090803933
0.4376891334250344,0.9196531791907514
0.43796423658872075,0.9196995956094743
0.43796423658872075,0.9191685912240185
0.43823933975240714,0.9192152336987882
0.43851444291609354,0.9192618223760092
0.43878954607977994,0.9193083573487032
0.4390646492434663,0.9193548387096774
0.4393397524071527,0.9194012665515257
0.43961485557083907,0.9194476409666283
0.43961485557083907,0.918918918918919
0.43961485557083907,0.9183908045977012
0.43988995873452547,0.9184376794945434
0.4401650618982118,0.9184845005740528
0.4401650618982118,0.9179575444635686
0.4404401650618982,0.9180045871559633
0.4407152682255846,0.9180515759312321
0.440990371389271,0.918098510882016
0.440990371389271,0.9175729822552948
0.44126547455295734,0.9176201372997712
0.44154057771664373,0.9176672384219554
0.44181568088033013,0.9177142857142857
0.4420907840440165,0.9177612792689891
0.44236588720770287,0.9178082191780822
0.44264099037138926,0.9178551055333714
0.44291609353507566,0.9179019384264538
0.44319119669876206,0.9179487179487179
0.4434662998624484,0.9179954441913439
0.4434662998624484,0.9174729652817302
0.4437414030261348,0.9175199089874858
0.4440165061898212,0.9175667993177942
0.4442916093535076,0.9176136363636364
0.44456671251719393,0.9176604202157865
0.4448418156808803,0.9177071509648127
0.4451169188445667,0.9177538287010777
0.4453920220082531,0.9178004535147393
0.44566712517193946,0.9178470254957507
0.44594222833562586,0.9178935447338619
0.44621733149931225,0.9179400113186191
0.44649243466299865,0.9179864253393665
0.44649243466299865,0.9174674957603166
0.446767537826685,0.9175141242937853
0.4470426409903714,0.9175607001693958
0.4473177441540578,0.917607223476298
0.4475928473177442,0.9176536943034405
0.4478679504814305,0.9177001127395716
0.4481430536451169,0.9177464788732395
0.4481430536451169,0.9172297297297297
0.4484181568088033,0.9172763083849184
0.4486932599724897,0.9173228346456693
0.44896836313617605,0.9173693086003373
0.44924346629986245,0.9174157303370787
0.44924346629986245,0.9169006176305446
0.44951856946354884,0.9169472502805837
0.4497936726272352,0.9169938306225462
0.4500687757909216,0.9170403587443946
0.4500687757909216,0.9165266106442577
0.450343878954608,0.9165733482642777
0.450343878954608,0.9160604364857303
0.4506189821182944,0.9161073825503355
0.4508940852819807,0.9161542761319172
0.4511691884456671,0.9162011173184358
0.4514442916093535,0.916247906197655
0.4517193947730399,0.9162946428571429
0.45199449793672625,0.9163413273842722
0.45199449793672625,0.9158305462653289
0.45199449793672625,0.9153203342618385
0.45226960110041264,0.9153674832962138
0.45254470426409904,0.9154145798553144
0.45281980742778544,0.9154616240266963
0.4530949105914718,0.9155086158977209
0.4533700137551582,0.9155555555555556
0.45364511691884457,0.9156024430871738
0.45392022008253097,0.9156492785793563
0.4541953232462173,0.915696062118691
0.4544704264099037,0.9157427937915743
0.4547455295735901,0.9157894736842105
0.4547455295735901,0.915282392026578
0.4550206327372765,0.9153292750415053
0.45529573590096284,0.9153761061946902
0.45557083906464924,0.9154228855721394
0.45584594222833563,0.9154696132596685
0.45612104539202203,0.9155162893429045
0.45639614855570837,0.9155629139072847
0.45639614855570837,0.915057915057915
0.45639614855570837,0.9145534729878722
0.45639614855570837,0.9140495867768595
0.45667125171939477,0.9140969162995595
0.45694635488308116,0.9141441937259218
0.45694635488308116,0.9136413641364136
0.45722145804676756,0.9136888400219901
0.4574965612104539,0.9137362637362637
0.4577716643741403,0.9137836353651839
0.4580467675378267,0.9138309549945115
0.4583218707015131,0.913878222709819
0.45859697386519943,0.9139254385964912
0.4588720770288858,0.913972602739726
0.4591471801925722,0.9140197152245345
0.4594222833562586,0.9140667761357416
0.45969738651994496,0.9141137855579868
0.45997248968363136,0.9141607435757244
0.45997248968363136,0.9136612021857924
0.46024759284731775,0.9137083560895686
0.46052269601100415,0.9137554585152838
0.4607977991746905,0.9138025095471904
0.4610729023383769,0.9138495092693566
0.4613480055020633,0.9138964577656675
0.4613480055020633,0.9133986928104575
0.4613480055020633,0.9129014697876974
0.4616231086657497,0.9129488574537541
0.461898211829436,0.9129961935834693
0.4621733149931224,0.9130434782608695
0.4624484181568088,0.913090711569799
0.4627235213204952,0.9131378935939196
0.4627235213204952,0.9126424308193163
0.46299862448418155,0.9126898047722343
0.46299862448418155,0.9121951219512195
0.46327372764786795,0.9122426868905742
0.46354883081155435,0.9122902003248511
0.4638239339752407,0.9123376623376623
0.4640990371389271,0.9123850730124392
0.4643741403026135,0.9124324324324324
0.4646492434662999,0.9124797406807131
0.4649243466299862,0.9125269978401728
0.4649243466299862,0.9120345385860766
0.4651994497936726,0.9120819848975189
0.465474552957359,0.9121293800539083
0.4657496561210454,0.912176724137931
0.46602475928473175,0.9122240172320948
0.46629986244841815,0.9122712594187298
0.46629986244841815,0.9117805271651426
0.46629986244841815,0.9112903225806451
0.46629986244841815,0.9108006448146158
0.46657496561210454,0.9108485499462943
0.46685006877579094,0.9108964036500269
0.4671251719394773,0.9109442060085837
0.4671251719394773,0.910455764075067
0.4674002751031637,0.9105037513397642
0.4676753782668501,0.9105516871987145
0.4676753782668501,0.9100642398286938
0.46795048143053647,0.9101123595505618
0.4682255845942228,0.9101604278074866
0.4682255845942228,0.9096739711384286
0.4685006877579092,0.9097222222222222
0.4687757909215956,0.9097704217832354
0.4687757909215956,0.9092849519743863
0.4687757909215956,0.9088
0.469050894085282,0.9088486140724946
0.46932599724896834,0.9088971763452317
0.46960110041265474,0.9089456869009584
0.46987620357634113,0.9089941458222459
0.46987620357634113,0.9085106382978724
0.47015130674002753,0.9085592769803296
0.47042640990371387,0.9086078639744952
0.47070151306740027,0.908656399362719
0.47070151306740027,0.9081740976645435
0.47097661623108666,0.9082228116710875
0.47097661623108666,0.9077412513255567
0.47125171939477306,0.9077901430842608
0.47125171939477306,0.9073093220338984
0.4715268225584594,0.907358390682901
0.4715268225584594,0.9068783068783068
0.4718019257221458,0.9069275515600211
0.4718019257221458,0.9064482029598309
0.4720770288858322,0.9064976228209192
0.4723521320495186,0.9065469904963042
0.47262723521320493,0.9065963060686015
0.47262723521320493,0.9061181434599156
0.47290233837689133,0.9061676331049024
0.4731774415405777,0.9062170706006323
0.4734525447042641,0.9062664560294892
0.47372764786795046,0.9063157894736842
0.47372764786795046,0.9058390320883746
0.47372764786795046,0.9053627760252366
0.47400275103163686,0.905412506568576
0.47427785419532326,0.9054621848739496
0.47455295735900965,0.905511811023622
0.474828060522696,0.9055613850996852
0.4751031636863824,0.9056109071840587
0.4753782668500688,0.9056603773584906
0.4756533700137552,0.9057097957045573
0.4756533700137552,0.9052356020942408
0.4759284731774415,0.9052851909994767
0.4759284731774415,0.9048117154811716
0.4762035763411279,0.9048614741244119
0.4764786795048143,0.9049111807732497
0.4767537826685007,0.9049608355091384
0.47702888583218706,0.9050104384133612
0.47730398899587345,0.9050599895670318
0.47757909215955985,0.9051094890510949
0.47785419532324624,0.9051589369463262
0.4781292984869326,0.9052083333333333
0.4781292984869326,0.9047371160853722
0.478404401650619,0.904786680541103
0.478404401650619,0.9043161726469059
0.4786795048143054,0.9043659043659044
0.4789546079779917,0.9044155844155845
0.4792297111416781,0.9044652128764278
0.4792297111416781,0.903995848469123
0.4795048143053645,0.904045643153527
0.4797799174690509,0.9040953862104717
0.48005502063273725,0.9041450777202072
0.48033012379642365,0.9041947177628172
0.48033012379642365,0.9037267080745341
0.48060522696011004,0.9037765131919296
0.48088033012379644,0.9038262668045501
0.4811554332874828,0.9038759689922481
0.4814305364511692,0.9039256198347108
0.4817056396148556,0.903975219411461
0.48198074277854197,0.9040247678018576
0.4822558459422283,0.9040742650850954
0.4822558459422283,0.9036082474226804
0.4822558459422283,0.9031427099433282
0.4825309491059147,0.9031925849639547
0.4828060522696011,0.903242408646423
0.4830811554332875,0.9032921810699589
0.48335625859697384,0.9033419023136247
0.48363136176066024,0.9033915724563206
0.48363136176066024,0.9029275808936826
0.48390646492434664,0.9029774127310062
0.48418156808803303,0.9030271934325295
0.4844566712517194,0.9030769230769231
0.48473177441540577,0.9031266017426961
0.48500687757909217,0.9031762295081968
0.48528198074277856,0.9032258064516129
0.4855570839064649,0.9032753326509724
0.4858321870701513,0.9033248081841432
0.4858321870701513,0.9028629856850716
0.4858321870701513,0.9024016351558508
0.4858321870701513,0.9019407558733401
0.4858321870701513,0.9014803471158754
0.4861072902338377,0.9015306122448979
0.4863823933975241,0.901580826109128
0.48665749656121043,0.9016309887869521
0.48665749656121043,0.9011716760061131
0.48693259972489683,0.9012219959266803
0.4872077028885832,0.9012722646310433
0.4874828060522696,0.901322482197355
0.48775790921595596,0.9013726487036096
0.48803301237964236,0.9014227642276422
0.48830811554332876,0.9014728288471305
0.48858321870701515,0.9015228426395939
0.4888583218707015,0.9015728056823947
0.4891334250343879,0.9016227180527383
0.4894085281980743,0.9016725798276736
0.4896836313617607,0.9017223910840932
0.489958734525447,0.9017721518987342
0.4902338376891334,0.9018218623481782
0.4905089408528198,0.9018715225088518
0.4905089408528198,0.9014155712841254
0.4907840440165062,0.9014653865588681
0.4907840440165062,0.901010101010101
0.49105914718019256,0.901060070671378
0.49105914718019256,0.9006054490413723
0.49133425034387895,0.9006555723651034
0.49160935350756535,0.9007056451612904
0.49188445667125175,0.9007556675062972
0.4921595598349381,0.9008056394763343
0.4924346629986245,0.9008555611474585
0.4924346629986245,0.9004024144869215
0.4924346629986245,0.8999497234791353
0.4927097661623109,0.9
0.4927097661623109,0.8995479658463084
0.4929848693259972,0.8995983935742972
0.4932599724896836,0.8996487706974411
0.49353507565337,0.8996990972918756
0.4938101788170564,0.899749373433584
0.49408528198074275,0.8997995991983968
0.49436038514442915,0.899849774661993
0.49436038514442915,0.8993993993993994
0.49463548830811555,0.8994497248624312
0.49491059147180194,0.8995
0.4951856946354883,0.8995502248875562
0.4951856946354883,0.8991008991008991
0.4951856946354883,0.8986520219670494
0.4954607977991747,0.8987025948103793
0.4957359009628611,0.8987531172069826
0.4957359009628611,0.8983050847457628
0.4960110041265475,0.898355754857997
0.4962861072902338,0.898406374501992
0.4965612104539202,0.898456943753111
0.4968363136176066,0.8985074626865671
0.497111416781293,0.8985579313774241
0.49738651994497934,0.8986083499005965
0.49766162310866574,0.8986587183308494
0.49793672627235214,0.8987090367428004
0.49793672627235214,0.8982630272952854
0.49821182943603853,0.8983134920634921
0.4984869325997249,0.8983639067922657
0.49876203576341127,0.8984142715559961
0.49876203576341127,0.8979692917285785
0.49903713892709767,0.898019801980198
0.49931224209078406,0.8980702622464126
0.49931224209078406,0.8976261127596439
0.4995873452544704,0.897676717745922
0.4998624484181568,0.8977272727272727
0.5001375515818431,0.8977777777777778
0.5001375515818431,0.8973346495557749
0.5001375515818431,0.8968919585594475
0.5001375515818431,0.8964497041420119
0.5004126547455295,0.8965007392804337
0.5004126547455295,0.8960591133004926
0.5006877579092159,0.896110290497292
0.5009628610729023,0.8961614173228346
0.5012379642365887,0.8962124938514511
0.5012379642365887,0.895771878072763
0.5015130674002751,0.8958230958230958
0.5015130674002751,0.8953831041257367
0.5017881705639615,0.8954344624447718
0.5017881705639615,0.8949950932286556
0.5020632737276479,0.8950465914664051
0.5023383768913342,0.8950980392156863
0.5023383768913342,0.8946594806467418
0.5026134800550206,0.8947110675808031
0.502888583218707,0.8947626040137053
0.5031636863823934,0.8948140900195695
0.5031636863823934,0.8943765281173595
0.5034387895460798,0.8944281524926686
0.5034387895460798,0.8939912066438691
0.5034387895460798,0.8935546875
0.5034387895460798,0.8931185944363104
0.5037138927097662,0.8931707317073171
0.5037138927097662,0.8927352510970259
0.5039889958734526,0.8927875243664717
0.504264099037139,0.8928397467121286
0.5045392022008253,0.8928919182083739
0.5048143053645117,0.8929440389294404
0.5050894085281981,0.8929961089494164
0.5050894085281981,0.8925619834710744
0.5053645116918845,0.8926141885325559
0.5053645116918845,0.8921806702282662
0.5056396148555709,0.8922330097087379
0.5059147180192572,0.8922852983988355
0.5061898211829436,0.8923375363724539
0.50646492434663,0.8923897237033447
0.5067400275103163,0.8924418604651163
0.5070151306740027,0.8924939467312348
0.5070151306740027,0.8920619554695063
0.5072902338376891,0.892114175133043
0.5072902338376891,0.8916827852998066
0.5072902338376891,0.8912518124697921
0.5075653370013755,0.8913043478260869
0.5078404401650619,0.8913568324480927
0.5081155433287483,0.8914092664092664
0.5083906464924347,0.8914616497829233
0.5083906464924347,0.8910318225650916
0.508665749656121,0.8910843373493976
0.508665749656121,0.890655105973025
0.508665749656121,0.8902262879152624
0.5089408528198074,0.890279114533205
0.5092159559834938,0.8903318903318903
0.5094910591471802,0.8903846153846153
0.5097661623108666,0.8904372897645363
0.510041265474553,0.8904899135446686
0.5103163686382394,0.8905424867978876
0.5103163686382394,0.8901151631477927
0.5105914718019258,0.890167865707434
0.510866574965612,0.8902205177372963
0.510866574965612,0.8897939626257786
0.5111416781292984,0.8898467432950191
0.5114167812929848,0.8898994734322643
0.5116918844566712,0.8899521531100478
0.5116918844566712,0.8895265423242468
0.5116918844566712,0.8891013384321224
0.5116918844566712,0.8886765408504539
0.5119669876203576,0.8887297039159503
0.512242090784044,0.8887828162291169
0.512242090784044,0.8883587786259542
0.512242090784044,0.887935145445875
0.5125171939477304,0.8879885605338418
0.5127922971114168,0.88804192472606
0.5130674002751031,0.888095238095238
0.5130674002751031,0.8876725368871966
0.5130674002751031,0.8872502378686965
0.5133425034387895,0.8873038516405135
0.5133425034387895,0.8868821292775665
0.5133425034387895,0.8864608076009501
0.5136176066024759,0.8865147198480532
0.5138927097661623,0.8865685809207404
0.5141678129298487,0.8866223908918406
0.5141678129298487,0.8862019914651493
0.5141678129298487,0.885781990521327
0.5144429160935351,0.8858360966366651
0.5147180192572215,0.8858901515151515
0.5149931224209079,0.8859441552295315
0.5152682255845942,0.8859981078524125
0.5155433287482806,0.8860520094562647
0.515818431911967,0.8861058601134215
0.5160935350756534,0.8861596598960794
0.5163686382393398,0.8862134088762984
0.5166437414030262,0.8862671071260029
0.5166437414030262,0.8858490566037736
0.5166437414030262,0.8854314002828855
0.5166437414030262,0.8850141376060321
0.5166437414030262,0.8845972680169572
0.5169188445667126,0.8846516007532956
0.517193947730399,0.8847058823529412
0.5174690508940852,0.8847601128880527
0.5174690508940852,0.8843441466854725
0.5177441540577716,0.8843984962406015
0.518019257221458,0.8844527947393143
0.5182943603851444,0.8845070422535212
0.5182943603851444,0.8840919755983107
0.5185694635488308,0.8841463414634146
0.5188445667125172,0.8842006563525551
0.5188445667125172,0.8837863167760075
0.5191196698762036,0.88384074941452
0.51939477303989,0.8838951310861424
0.5196698762035763,0.883949461862424
0.5196698762035763,0.8835360149672591
0.5199449793672627,0.8835904628330996
0.5202200825309491,0.8836448598130842
0.5204951856946355,0.8836992059785147
0.5204951856946355,0.8832866479925303
0.5207702888583219,0.8833411105926272
0.5210453920220083,0.8833955223880597
0.5210453920220083,0.882983682983683
0.5213204951856947,0.8830382106244176
0.5215955983493811,0.8830926874708896
0.5218707015130674,0.883147113594041
0.5221458046767538,0.8832014890646812
0.5224209078404402,0.8832558139534884
0.5226960110041265,0.8833100883310089
0.5226960110041265,0.8828996282527881
0.5226960110041265,0.8824895494658616
0.5226960110041265,0.8820798514391829
0.522971114167813,0.8821345707656613
0.5232462173314993,0.8821892393320965
0.5232462173314993,0.8817802503477051
0.5232462173314993,0.881371640407785
0.5232462173314993,0.8809634089856415
0.5235213204951857,0.8810185185185185
0.523796423658872,0.8810735770476631
0.5240715268225584,0.8811285846438482
0.5243466299862448,0.8811835413777162
0.5246217331499312,0.8812384473197782
0.5248968363136176,0.8812933025404157
0.525171939477304,0.88134810710988
0.5254470426409904,0.8814028610982926
0.5257221458046768,0.8814575645756457
0.5259972489683631,0.8815122176118027
0.5262723521320495,0.8815668202764977
0.5265474552957359,0.8816213726393367
0.5268225584594223,0.8816758747697975
0.5270976616231087,0.8817303267372296
0.5273727647867951,0.8817847286108556
0.5276478679504815,0.8818390804597701
0.5276478679504815,0.8814338235294118
0.5279229711141679,0.8814882866329812
0.5281980742778541,0.8815426997245179
0.5284731774415405,0.8815970628728774
0.5287482806052269,0.881651376146789
0.5290233837689133,0.8817056396148556
0.5292984869325997,0.8817598533455545
0.5295735900962861,0.8818140174072377
0.5295735900962861,0.8814102564102564
0.5295735900962861,0.8810068649885584
0.5298486932599725,0.8810612991765783
0.5298486932599725,0.8806584362139918
0.5298486932599725,0.8802559414990859
0.5298486932599725,0.8798538145271814
0.5301237964236589,0.8799086757990867
0.5301237964236589,0.8795070743952533
0.5303988995873452,0.8795620437956204
0.5306740027510316,0.8796169630642955
0.5306740027510316,0.8792160437556974
0.5306740027510316,0.8788154897494306
0.530949105914718,0.8788706739526412
0.5312242090784044,0.8789258079198907
0.5314993122420908,0.8789808917197452
0.5317744154057772,0.8790359254206458
0.5317744154057772,0.8786363636363637
0.5317744154057772,0.8782371649250341
0.5320495185694636,0.8782924613987284
0.5320495185694636,0.8778937812074444
0.5320495185694636,0.8774954627949183
0.5320495185694636,0.8770975056689342
0.53232462173315,0.8771532184950136
0.5325997248968363,0.877208880833711
0.5325997248968363,0.8768115942028986
0.5328748280605227,0.8768673607967407
0.5331499312242091,0.8769230769230769
0.5331499312242091,0.8765264586160109
0.5334250343878955,0.8765822784810127
0.5337001375515819,0.87663804789878
0.5339752407152683,0.8766937669376694
0.5342503438789546,0.8767494356659142
0.534525447042641,0.8768050541516246
0.5348005502063273,0.8768606224627875
0.5350756533700137,0.8769161406672679
0.5350756533700137,0.8765209553853087
0.5350756533700137,0.8761261261261262
0.5350756533700137,0.8757316524088249
0.5353507565337001,0.8757875787578758
0.5356258596973865,0.8758434547908233
0.5359009628610729,0.8758992805755396
0.5359009628610729,0.8755056179775281
0.5361760660247593,0.8755615453728661
0.5361760660247593,0.8751683879658734
0.5361760660247593,0.8747755834829444
0.5364511691884457,0.8748317631224765
0.5364511691884457,0.874439461883408
0.536726272352132,0.8744957418198117
0.5370013755158184,0.8745519713261649
0.5370013755158184,0.8741603224361845
0.5372764786795048,0.8742166517457476
0.5372764786795048,0.8738255033557047
0.5375515818431912,0.8738819320214669
0.5378266850068776,0.8739383102369245
0.538101788170564,0.8739946380697051
0.538101788170564,0.8736042876284056
0.5383768913342504,0.8736607142857142
0.5383768913342504,0.8732708612226685
0.5386519944979368,0.8733273862622658
0.5389270976616231,0.8733838609005796
0.5392022008253095,0.8734402852049911
0.5392022008253095,0.8730512249443207
0.5394773039889958,0.8731077471059662
0.5394773039889958,0.872719181130396
0.5394773039889958,0.8723309608540926
0.5394773039889958,0.8719430858159182
0.5397524071526822,0.872
0.5400275103163686,0.8720568636161706
0.540302613480055,0.872113676731794
0.540302613480055,0.8717265867731913
0.5405777166437414,0.8717834960070985
0.5408528198074278,0.871840354767184
0.5411279229711141,0.8718971631205674
0.5414030261348005,0.871953921134249
0.5416781292984869,0.8720106288751107
0.5416781292984869,0.8716246126604692
0.5419532324621733,0.8716814159292036
0.5422283356258597,0.8717381689517912
0.5422283356258597,0.8713527851458885
0.5425034387895461,0.8714096332302254
0.5425034387895461,0.8710247349823321
0.5425034387895461,0.8706401766004415
0.5427785419532325,0.8706972639011474
0.5427785419532325,0.870313189236877
0.5430536451169189,0.8703703703703703
0.5430536451169189,0.869986778316439
0.5433287482806052,0.8700440528634361
0.5433287482806052,0.8696609423161603
0.5436038514442916,0.8697183098591549
0.543878954607978,0.8697756269247691
0.5441540577716644,0.8698328935795955
0.5444291609353508,0.8698901098901098
0.5447042640990372,0.8699472759226714
0.5447042640990372,0.8695652173913043
0.5447042640990372,0.8691834942932397
0.5449793672627236,0.8692408951294427
0.54525447042641,0.8692982456140351
0.5455295735900962,0.8693555458132398
0.5458046767537826,0.8694127957931639
0.546079779917469,0.8694699956197985
0.5463548830811554,0.8695271453590193
0.5463548830811554,0.8691466083150985
0.5466299862448418,0.8692038495188101
0.5466299862448418,0.8688237866200262
0.5469050894085282,0.8688811188811189
0.5471801925722146,0.8689384010484927
0.5471801925722146,0.8685589519650655
0.547455295735901,0.8686163247490178
0.547455295735901,0.868237347294939
0.5477303988995873,0.8682948102921937
0.5477303988995873,0.8679163034001743
0.5477303988995873,0.8675381263616557
0.5480055020632737,0.867595818815331
0.5480055020632737,0.8672181105790161
0.5482806052269601,0.8672758920800696
0.5485557083906465,0.8673336233144846
0.5488308115543329,0.8673913043478261
0.5491059147180193,0.8674489352455454
0.5493810178817057,0.86750651607298
0.5496561210453921,0.8675640468953539
0.5496561210453921,0.8671875
0.5496561210453921,0.8668112798264642
0.5496561210453921,0.8664353859496965
0.5499312242090784,0.8664932813177286
0.5502063273727648,0.8665511265164645
0.5502063273727648,0.8661758336942399
0.5504814305364512,0.8662337662337662
0.5504814305364512,0.8658589355257464
0.5507565337001376,0.865916955017301
0.551031636863824,0.8659749243406831
0.551031636863824,0.865600691443388
0.5513067400275103,0.865658747300216
0.5515818431911967,0.8657167530224525
0.551856946354883,0.8657747086750108
0.5521320495185694,0.865832614322692
0.5521320495185694,0.8654592496765847
0.5524071526822558,0.8655172413793103
0.5524071526822558,0.8651443343386471
0.5526822558459422,0.8652024117140397
0.5526822558459422,0.8648299612569953
0.5529573590096286,0.8648881239242685
0.5529573590096286,0.864516129032258
0.5529573590096286,0.8641444539982803
0.553232462173315,0.8642028362698754
0.5535075653370014,0.8642611683848798
0.5537826685006878,0.8643194504079004
0.5540577716643741,0.8643776824034335
0.5543328748280605,0.8644358644358644
0.5546079779917469,0.8644939965694682
0.5546079779917469,0.864123446206601
0.5546079779917469,0.8637532133676092
0.5548830811554333,0.8638115631691649
0.5548830811554333,0.8634417808219178
0.5551581843191197,0.8635002139495079
0.5554332874828061,0.8635585970915313
0.5557083906464925,0.8636169303120992
0.5559834938101789,0.8636752136752137
0.5562585969738651,0.8637334472447672
0.5565337001375515,0.8637916310845432
0.5568088033012379,0.863849765258216
0.5570839064649243,0.8639078498293515
0.5573590096286107,0.8639658848614072
0.5576341127922971,0.8640238704177323
0.5579092159559835,0.864081806561568
0.5579092159559835,0.8637137989778535
0.5581843191196699,0.8637718177948063
0.5584594222833562,0.8638297872340426
0.5587345254470426,0.8638877073585708
0.559009628610729,0.8639455782312925
0.5592847317744154,0.8640033999150021
0.5595598349381018,0.8640611724723875
0.5598349381017882,0.8641188959660298
0.5598349381017882,0.8637521222410866
0.5598349381017882,0.8633856597369538
0.5601100412654746,0.8634435962680237
0.5601100412654746,0.8630775752437474
0.560385144429161,0.863135593220339
0.5606602475928473,0.8631935620499788
0.5606602475928473,0.8628281117696867
0.5609353507565337,0.8628861616589082
0.5612104539202201,0.8629441624365483
0.5614855570839065,0.8630021141649049
0.5614855570839065,0.8626373626373627
0.5614855570839065,0.8622729193071398
0.5614855570839065,0.8619087837837838
0.5614855570839065,0.861544955677501
0.5614855570839065,0.8611814345991561
0.5617606602475929,0.8612399831294812
0.5617606602475929,0.8608768971332209
0.5620357634112793,0.8609355246523388
0.5623108665749657,0.8609941027801179
0.562585969738652,0.8610526315789474
0.5628610729023383,0.8611111111111112
0.5631361760660247,0.8611695414387884
0.5631361760660247,0.86080740117746
0.5631361760660247,0.8604455653635982
0.5634112792297111,0.8605042016806723
0.5636863823933975,0.8605627887442251
0.5639614855570839,0.8606213266162889
0.5642365887207703,0.8606798153587915
0.5642365887207703,0.8603187919463087
0.5645116918844567,0.8603773584905661
0.5645116918844567,0.8600167644593462
0.5647867950481431,0.8600754084625052
0.5650618982118294,0.8601340033500837
0.5653370013755158,0.8601925491837589
0.5656121045392022,0.8602510460251046
0.5656121045392022,0.8598912588874947
0.5656121045392022,0.8595317725752508
0.5658872077028886,0.8595904722106142
0.566162310866575,0.8596491228070176
0.566162310866575,0.8592901878914405
0.5664374140302614,0.8593489148580968
0.5667125171939478,0.8594075928243637
0.5667125171939478,0.8590492076730609
0.5669876203576341,0.8591079616506878
0.5672627235213205,0.8591666666666666
0.5675378266850069,0.8592253227821741
0.5675378266850069,0.8588676103247294
0.5675378266850069,0.8585101955888472
0.5678129298486932,0.8585690515806988
0.5680880330123796,0.8586278586278586
0.568363136176066,0.8586866167913549
0.568363136176066,0.8583298712089739
0.5686382393397524,0.8583887043189369
0.5689133425034388,0.8584474885844748
0.5689133425034388,0.8580912863070539
0.5691884456671251,0.85815014516798
0.5691884456671251,0.8577943615257048
0.5691884456671251,0.8574388727724824
0.5691884456671251,0.8570836785418393
0.5691884456671251,0.856728778467909
0.5691884456671251,0.8563741721854304
0.5694635488308115,0.8564335953661564
0.5694635488308115,0.8560794044665012
0.5694635488308115,0.8557255064076065
0.5694635488308115,0.8553719008264463
0.5697386519944979,0.8554316398182569
0.5697386519944979,0.8550784475639966
0.5697386519944979,0.8547255468427569
0.5697386519944979,0.8543729372937293
0.5697386519944979,0.8540206185567011
0.5697386519944979,0.8536685902720528
0.5697386519944979,0.8533168520807581
0.5700137551581843,0.8533772652388797
0.5700137551581843,0.8530259365994236
0.5700137551581843,0.8526748971193415
0.5702888583218707,0.8527354997943233
0.5705639614855571,0.852796052631579
0.5708390646492435,0.8528565556925606
0.5708390646492435,0.852506162695152
0.5708390646492435,0.8521560574948666
0.5708390646492435,0.8518062397372742
0.5711141678129299,0.8518670496512105
0.5713892709766162,0.8519278096800657
0.5713892709766162,0.8515785157851579
0.5713892709766162,0.8512295081967213
0.5713892709766162,0.850880786562884
0.5713892709766162,0.8505323505323505
0.5716643741403026,0.8505935325419566
0.5716643741403026,0.8502454991816694
0.571939477303989,0.8503067484662576
0.571939477303989,0.8499591169255928
0.571939477303989,0.8496117695136902
0.5722145804676754,0.8496732026143791
0.5724896836313618,0.8497345855451205
0.5724896836313618,0.8493877551020408
0.5724896836313618,0.8490412076703386
0.5724896836313618,0.848694942903752
0.5727647867950482,0.8487566245413779
0.5727647867950482,0.8484107579462102
0.5730398899587346,0.8484725050916497
0.573314993122421,0.8485342019543974
0.5735900962861072,0.8485958485958486
0.5738651994497936,0.8486574450772986
0.5738651994497936,0.8483123220821472
0.57414030261348,0.8483739837398374
0.5744154057771664,0.848435595286469
0.5744154057771664,0.8480909829406986
0.5746905089408528,0.8481526593585059
0.5749656121045392,0.8482142857142857
0.5752407152682256,0.8482758620689655
0.575515818431912,0.8483373884833739
0.575515818431912,0.8479935143899473
0.5757909215955983,0.8480551053484603
0.5757909215955983,0.8477116241393277
0.5760660247592847,0.8477732793522267
0.5763411279229711,0.8478348846620801
0.5763411279229711,0.8474919093851133
0.5766162310866575,0.8475535786494137
0.5766162310866575,0.847210994341148
0.5768913342503439,0.8472727272727273
0.5771664374140303,0.8473344103392568
0.5774415405777167,0.8473960436011304
0.5774415405777167,0.8470540758676351
0.5774415405777167,0.8467123840258168
0.5774415405777167,0.8463709677419354
0.5774415405777167,0.8460298266827891
0.5777166437414031,0.8460918614020951
0.5779917469050894,0.8461538461538461
0.5782668500687758,0.8462157809983897
0.5782668500687758,0.8458752515090543
0.5782668500687758,0.8455349959774738
0.5782668500687758,0.8451950140731805
0.5782668500687758,0.844855305466238
0.5785419532324622,0.844917637605464
0.5785419532324622,0.844578313253012
0.5785419532324622,0.8442392613408269
0.5788170563961486,0.8443017656500803
0.579092159559835,0.8443642198154834
0.579092159559835,0.8440256615878108
0.5793672627235213,0.8440881763527054
0.5796423658872077,0.8441506410256411
0.5796423658872077,0.8438125750901081
0.5796423658872077,0.8434747798238591
0.579917469050894,0.8435374149659864
0.579917469050894,0.8432
0.5801925722145804,0.8432626949220312
0.5801925722145804,0.842925659472422
0.5804676753782668,0.842988413903316
0.5807427785419532,0.8430511182108626
0.5807427785419532,0.8427145708582834
0.5807427785419532,0.8423782920989625
0.5810178817056396,0.8424411647387315
0.5810178817056396,0.8421052631578947
0.5810178817056396,0.8417696293343961
0.5810178817056396,0.8414342629482072
0.581292984869326,0.8414974113898845
0.581292984869326,0.8411624203821656
0.581292984869326,0.8408276959808993
0.5815680880330124,0.8408910103420844
0.5818431911966988,0.8409542743538767
0.5818431911966988,0.8406200317965024
0.5821182943603851,0.8406833531982519
0.5823933975240715,0.840746624305004
0.5823933975240715,0.8404128622469234
0.5826685006877579,0.8404761904761905
0.5829436038514443,0.8405394684648949
0.5832187070151307,0.8406026962727994
0.5834938101788171,0.8406658739595719
0.5837689133425035,0.840729001584786
0.5837689133425035,0.8403960396039604
0.5837689133425035,0.8400633412509897
0.5837689133425035,0.8397309062129007
0.5837689133425035,0.8393987341772152
0.5837689133425035,0.8390668248319494
0.5837689133425035,0.8387351778656127
0.5837689133425035,0.8384037929672067
0.5837689133425035,0.8380726698262243
0.5840440165061899,0.8381365969206475
0.5840440165061899,0.8378058405682715
0.5840440165061899,0.8374753451676529
0.5843191196698762,0.8375394321766562
0.5843191196698762,0.8372093023255814
0.5845942228335625,0.8372734436564224
0.584869325997249,0.8373375344623868
0.5851444291609353,0.8374015748031496
0.5854195323246217,0.837465564738292
0.5856946354883081,0.8375295043273013
0.5856946354883081,0.837200157294534
0.5856946354883081,0.83687106918239
0.5859697386519945,0.8369351669941061
0.5862448418156809,0.8369992144540456
0.5865199449793672,0.8370632116215155
0.5867950481430536,0.8371271585557299
0.5867950481430536,0.8367987446057278
0.58707015130674,0.8368627450980393
0.58707015130674,0.8365346922775382
0.58707015130674,0.8362068965517241
0.58707015130674,0.8358793576184881
0.58707015130674,0.8355520751761942
0.58707015130674,0.8352250489236791
0.58707015130674,0.8348982785602503
0.5873452544704264,0.8349628470864294
0.5876203576341128,0.835027365129007
0.5878954607977992,0.8350918327471668
0.5881705639614856,0.83515625
0.588445667125172,0.8352206169465053
0.588445667125172,0.8348946135831382
0.588445667125172,0.834568864611783
0.588445667125172,0.8342433697347894
0.5887207702888583,0.834307992202729
0.5887207702888583,0.8339828526890102
0.5889958734525447,0.8340475262952863
0.5889958734525447,0.8337227414330218
0.5892709766162311,0.8337874659400545
0.5892709766162311,0.8334630350194553
0.5895460797799175,0.8335278101905873
0.5895460797799175,0.833203732503888
0.5895460797799175,0.8328799067236689
0.5898211829436039,0.8329448329448329
0.5900962861072903,0.8330097087378641
0.5900962861072903,0.8326863354037267
0.5900962861072903,0.8323632130384168
0.5900962861072903,0.8320403413498836
0.5900962861072903,0.8317177200465297
0.5900962861072903,0.8313953488372093
0.5903713892709767,0.8314606741573034
0.590646492434663,0.8315259488768396
0.5909215955983493,0.8315911730545877
0.5911966987620357,0.8316563467492261
0.5914718019257221,0.8317214700193424
0.5914718019257221,0.831399845320959
0.5917469050894085,0.8314650173946656
0.5920220082530949,0.8315301391035549
0.5920220082530949,0.8312089609887988
0.5920220082530949,0.8308880308880309
0.5922971114167813,0.8309532998842146
0.5925722145804677,0.8310185185185185
0.5928473177441541,0.8310836868492094
0.5928473177441541,0.830763299922899
0.5931224209078404,0.8308285163776493
0.5931224209078404,0.8305084745762712
0.5933975240715268,0.8305737389295341
0.5936726272352132,0.8306389530408006
0.5936726272352132,0.8303193535975375
0.5936726272352132,0.83
0.5939477303988996,0.8300653594771242
0.594222833562586,0.830130668716372
0.594222833562586,0.8298117556665386
0.594222833562586,0.8294930875576036
0.594222833562586,0.8291746641074856
0.594222833562586,0.8288564850345357
0.5944979367262724,0.828922132719601
0.5944979367262724,0.8286042944785276
0.5944979367262724,0.8282866998850135
0.5944979367262724,0.8279693486590038
0.5947730398899588,0.8280352355419379
0.5950481430536451,0.8281010719754976
0.5950481430536451,0.8277841561423651
0.5950481430536451,0.8274674827850038
0.5950481430536451,0.827151051625239
0.5953232462173315,0.827217125382263
0.5953232462173315,0.8269010317157051
0.5955983493810179,0.8269671504965622
0.5955983493810179,0.8266513936617029
0.5958734525447043,0.8267175572519084
0.5961485557083906,0.8267836703548264
0.596423658872077,0.8268497330282227
0.5966987620357634,0.8269157453297751
0.5966987620357634,0.8266006097560976
0.5969738651994498,0.8266666666666667
0.5969738651994498,0.8263518659558263
0.5969738651994498,0.8260373049105444
0.5972489683631361,0.826103500761035
0.5972489683631361,0.8257892734880182
0.5972489683631361,0.8254752851711027
0.5975240715268225,0.8255416191562144
0.5975240715268225,0.8252279635258358
0.5975240715268225,0.8249145461450816
0.5977991746905089,0.8249810174639332
0.5977991746905089,0.8246679316888046
0.5977991746905089,0.8243550834597876
0.5977991746905089,0.8240424725066363
0.5980742778541953,0.824109173616376
0.5983493810178817,0.8241758241758241
0.5983493810178817,0.8238636363636364
0.5986244841815681,0.823930329420674
0.5986244841815681,0.8236184708554126
0.5986244841815681,0.8233068482784714
0.5986244841815681,0.8229954614220878
0.5986244841815681,0.8226843100189036
0.5988995873452545,0.8227513227513228
0.5991746905089409,0.8228182848507745
0.5994497936726272,0.8228851963746223
0.5994497936726272,0.8225745564363911
0.5994497936726272,0.8222641509433962
0.5994497936726272,0.8219539796303281
0.5994497936726272,0.8216440422322775
0.5997248968363136,0.821711270260083
0.6,0.8217784476262245
0.6002751031636864,0.8218455743879473
0.6002751031636864,0.8215361445783133
0.6005502063273728,0.8216033120060219
0.6005502063273728,0.8212942061700527
0.6008253094910592,0.8213614140654382
0.6011004126547456,0.8214285714285714
0.601375515818432,0.8214956783164225
0.6016506189821182,0.8215627347858753
0.6019257221458046,0.8216297408937289
0.602200825309491,0.8216966966966966
0.602200825309491,0.8213883677298311
0.6024759284731774,0.8214553638409603
0.6024759284731774,0.8211473565804275
0.6027510316368638,0.8212143928035982
0.6027510316368638,0.8209067066316973
0.6030261348005502,0.8209737827715355
0.6033012379642366,0.8210408086858855
0.603576341127923,0.8211077844311377
0.6038514442916093,0.821174710063599
0.6038514442916093,0.8208676140613314
0.6038514442916093,0.8205607476635514
0.6038514442916093,0.820254110612855
0.6041265474552957,0.8203212551363467
0.6041265474552957,0.8200149365197908
0.6041265474552957,0.8197088465845465
0.6044016506189821,0.8197761194029851
0.6046767537826685,0.8198433420365535
0.6049518569463549,0.819910514541387
0.6049518569463549,0.8196049198658218
0.6049518569463549,0.8192995529061102
0.6049518569463549,0.8189944134078212
0.6049518569463549,0.8186895011169024
0.6049518569463549,0.8183848157796799
0.6052269601100413,0.8184523809523809
0.6055020632737277,0.8185198958720714
0.6057771664374141,0.8185873605947955
0.6060522696011004,0.8186547751765143
0.6063273727647868,0.8187221396731055
0.6066024759284732,0.8187894541403639
0.6066024759284732,0.8184855233853007
0.6066024759284732,0.8181818181818182
0.6068775790921596,0.8182492581602374
0.6068775790921596,0.8179458657767891
0.607152682255846,0.8180133432171979
0.6074277854195324,0.8180807706557984
0.6077028885832187,0.8181481481481482
0.6077028885832187,0.8178452425027768
0.6077028885832187,0.8175425610658771
0.6077028885832187,0.8172401035886052
0.6079779917469051,0.8173076923076923
0.6079779917469051,0.8170055452865065
0.6079779917469051,0.8167036215816703
0.6079779917469051,0.8164019209456963
0.6082530949105914,0.8164697193500738
0.6082530949105914,0.8161683277962348
0.6082530949105914,0.8158671586715868
0.6085281980742778,0.815935079306529
0.6088033012379642,0.8160029498525073
0.6090784044016506,0.8160707703649097
0.6090784044016506,0.8157700810611643
0.609353507565337,0.8158379373848987
0.6096286107290234,0.8159057437407953
0.6099037138927098,0.8159735001840265
0.6099037138927098,0.8156732891832229
0.6101788170563961,0.8157410812798823
0.6104539202200825,0.8158088235294118
0.6104539202200825,0.8155090040426314
0.6104539202200825,0.8152094048493754
0.6104539202200825,0.8149100257069408
0.6107290233837689,0.8149779735682819
0.6107290233837689,0.8146788990825689
0.6110041265474553,0.8147468818782099
0.6110041265474553,0.8144481114778145
0.6110041265474553,0.8141495601173021
0.6112792297111417,0.8142176621473067
0.6115543328748281,0.8142857142857143
0.6118294360385145,0.8143537165873307
0.6121045392022009,0.8144216691068814
0.6123796423658872,0.814489571899012
0.6123796423658872,0.8141916605705926
0.6123796423658872,0.8138939670932358
0.6126547455295736,0.8139619883040936
0.6126547455295736,0.8136645962732919
0.6126547455295736,0.8133674214755295
0.6126547455295736,0.8130704636728733
0.61292984869326,0.8131386861313868
0.6132049518569463,0.813206858810653
0.6134800550206327,0.8132749817651349
0.6134800550206327,0.8129784907036092
0.6134800550206327,0.8126822157434402
0.6137551581843191,0.8127504553734062
0.6140302613480055,0.8128186453022578
0.6143053645116919,0.8128867855842737
0.6143053645116919,0.8125909752547307
0.6145804676753782,0.812659148781375
0.6145804676753782,0.8123636363636364
0.6145804676753782,0.812068338785896
0.6148555708390646,0.8121366279069767
0.615130674002751,0.8122048674173629
0.615130674002751,0.8119099491648512
0.615130674002751,0.8116152450090744
0.6154057771664374,0.8116835994194485
0.6154057771664374,0.8113891911498005
0.6154057771664374,0.8110949963741841
0.6156808803301238,0.8111634650235593
0.6159559834938102,0.811231884057971
0.6159559834938102,0.8109380659181455
0.6159559834938102,0.8106444605358436
0.6162310866574966,0.8107129931234166
0.6162310866574966,0.8104196816208393
0.6162310866574966,0.810126582278481
0.616506189821183,0.8101952277657267
0.616506189821183,0.8099024213950127
0.616506189821183,0.8096098265895953
0.616506189821183,0.80931744312026
0.6167812929848693,0.8093862815884476
0.6167812929848693,0.8090941898231685
0.6167812929848693,0.8088023088023089
0.6167812929848693,0.8085106382978723
0.6170563961485557,0.8085796683489546
0.6170563961485557,0.8082882882882882
0.6173314993122421,0.80835734870317
0.6176066024759285,0.8084263593806266
0.6176066024759285,0.8081353491720662
0.6178817056396149,0.80820439006837
0.6178817056396149,0.8079136690647482
0.6181568088033013,0.807982740021575
0.6184319119669877,0.8080517613227893
0.618707015130674,0.8081207330219188
0.618707015130674,0.8078304597701149
0.6189821182943603,0.8078994614003591
0.6192572214580467,0.8079684134960516
0.6195323246217331,0.8080373161105131
0.6198074277854195,0.8081061692969871
0.6198074277854195,0.8078164216565077
0.6198074277854195,0.8075268817204301
0.6198074277854195,0.8072375492654963
0.6200825309491059,0.8073065902578797
0.6200825309491059,0.8070175438596491
0.6203576341127923,0.8070866141732284
0.6203576341127923,0.8067978533094812
0.6206327372764787,0.8068669527896996
0.6206327372764787,0.8065784769395781
0.6209078404401651,0.8066476054324517
0.6209078404401651,0.8063594140764558
0.6209078404401651,0.8060714285714285
0.6211829436038514,0.8061406640485541
0.6214580467675378,0.8062098501070664
0.6217331499312242,0.8062789867998573
0.6220082530949106,0.8063480741797432
0.6220082530949106,0.806060606060606
0.6220082530949106,0.8057733428367784
0.6220082530949106,0.8054862842892768
0.622283356258597,0.8055555555555556
0.622283356258597,0.8052687789248844
0.6225584594222834,0.8053380782918149
0.6225584594222834,0.8050515830665244
0.6225584594222834,0.8047652916073968
0.6225584594222834,0.8044792036971206
0.6225584594222834,0.8041933191186923
0.6228335625859698,0.8042628774422735
0.6231086657496562,0.8043323863636364
0.6231086657496562,0.8040468583599574
0.6231086657496562,0.8037615330021292
0.6233837689133425,0.8038311457963817
0.6236588720770289,0.8039007092198581
0.6236588720770289,0.80361573909961
0.6239339752407153,0.8036853295535081
0.6239339752407153,0.8034006376195537
0.6242090784044017,0.8034702549575071
0.6242090784044017,0.8031858407079646
0.6242090784044017,0.802901627742392
0.6242090784044017,0.8026176158471878
0.624484181568088,0.8026874115983027
0.624484181568088,0.8024036762106751
0.624484181568088,0.8021201413427562
0.624484181568088,0.8018368067820558
0.624484181568088,0.8015536723163842
0.6247592847317744,0.8016237204376986
0.6247592847317744,0.8013408609738885
0.6247592847317744,0.801058201058201
0.6250343878954608,0.8011283497884344
0.6253094910591471,0.8011984490659148
0.6253094910591471,0.8009161381254405
0.6253094910591471,0.800634026065516
0.6255845942228335,0.8007042253521127
0.6258596973865199,0.800774375219993
0.6258596973865199,0.8004926108374384
0.6261348005502063,0.8005627857896588
0.6261348005502063,0.8002812939521801
0.6264099037138927,0.8003514938488576
0.6266850068775791,0.8004216444132115
0.6266850068775791,0.8001404987706358
0.6266850068775791,0.7998595505617978
0.6269601100412655,0.7999297999298
0.6269601100412655,0.7996491228070175
0.6269601100412655,0.7993686425815504
0.6269601100412655,0.7990883590462833
0.6272352132049519,0.7991587802313355
0.6272352132049519,0.7988787666433076
0.6272352132049519,0.7985989492119089
0.6272352132049519,0.7983193277310925
0.6272352132049519,0.7980399019950998
0.6275103163686382,0.798110566829951
0.6275103163686382,0.7978314095837705
0.6277854195323246,0.7979020979020979
0.628060522696011,0.7979727368053128
0.6283356258596974,0.7980433263452131
0.6283356258596974,0.7977645826056584
0.6283356258596974,0.797486033519553
0.6283356258596974,0.7972076788830715
0.6283356258596974,0.7969295184926727
0.6283356258596974,0.7966515521450994
0.6286107290233838,0.7967224546722455
0.6286107290233838,0.7964447542697805
0.6288858321870702,0.7965156794425087
0.6291609353507566,0.7965865552072449
0.629436038514443,0.7966573816155988
0.6297111416781292,0.796728158719109
0.6299862448418156,0.7967988865692415
0.6299862448418156,0.7965217391304348
0.6299862448418156,0.7962447844228094
0.6299862448418156,0.7959680222453945
0.6299862448418156,0.7956914523974983
0.630261348005502,0.7957624175060785
0.630261348005502,0.7954861111111111
0.630261348005502,0.7952099965289829
0.6305364511691884,0.7952810548230396
0.6308115543328748,0.7953520638224072
0.6310866574965612,0.7954230235783634
0.6310866574965612,0.7951473136915078
0.6313617606602476,0.7952182952182952
0.631636863823934,0.7952892275718739
0.631636863823934,0.7950138504155124
0.631636863823934,0.7947386638975424
0.631636863823934,0.7944636678200692
0.631636863823934,0.7941888619854721
0.6319119669876203,0.7942600276625172
0.6319119669876203,0.7939854821984099
0.6319119669876203,0.7937111264685557
0.6319119669876203,0.7934369602763385
0.6319119669876203,0.7931629834254144
0.6319119669876203,0.7928891957197101
0.6319119669876203,0.7926155969634231
0.6321870701513067,0.7926871334943084
0.6321870701513067,0.7924137931034483
0.6321870701513067,0.7921406411582212
0.6324621733149931,0.7922122674017918
0.6324621733149931,0.7919393730623493
0.6324621733149931,0.7916666666666666
0.6324621733149931,0.791394148020654
0.6324621733149931,0.7911218169304887
0.6327372764786795,0.7911936704506364
0.6330123796423659,0.7912654745529574
0.6332874828060523,0.7913372292884152
0.6332874828060523,0.7910652920962199
0.6332874828060523,0.7907935417382342
0.6335625859697387,0.7908653846153846
0.6335625859697387,0.7905938894610367
0.6335625859697387,0.7903225806451613
0.6335625859697387,0.7900514579759863
0.6335625859697387,0.7897805212620027
0.6335625859697387,0.7895097703119643
0.6338376891334251,0.7895819054146676
0.6338376891334251,0.789311408016444
0.6338376891334251,0.7890410958904109
0.6338376891334251,0.7887709688462855
0.6338376891334251,0.7885010266940452
0.6338376891334251,0.7882312692439275
0.6338376891334251,0.7879616963064295
0.6338376891334251,0.7876923076923077
0.6338376891334251,0.7874231032125769
0.6338376891334251,0.7871540826785104
0.6341127922971114,0.7872267759562842
0.6343878954607978,0.7872994195971321
0.6343878954607978,0.7870307167235495
0.6343878954607978,0.78676219720232
0.6346629986244842,0.7868349249658936
0.6349381017881706,0.78690760313672
0.6349381017881706,0.7866394001363326
0.6349381017881706,0.7863713798977854
0.6349381017881706,0.7861035422343324
0.635213204951857,0.7861763704460334
0.635213204951857,0.7859087814840027
0.635213204951857,0.7856413746172167
0.635213204951857,0.785374149659864
0.6354883081155434,0.7854471268276096
0.6357634112792298,0.7855200543847722
0.6357634112792298,0.7852531430513082
0.6360385144429161,0.7853260869565217
0.6360385144429161,0.7850594227504244
0.6363136176066024,0.785132382892057
0.6365887207702888,0.7852052935188327
0.6368638239339752,0.7852781546811397
0.6368638239339752,0.7850118684299763
0.6368638239339752,0.7847457627118644
0.6368638239339752,0.7844798373432734
0.6368638239339752,0.7842140921409214
0.6368638239339752,0.7839485269217744
0.6368638239339752,0.7836831415030467
0.6371389270976616,0.783756345177665
0.6371389270976616,0.7834912043301759
0.637414030261348,0.7835644234020968
0.637414030261348,0.7832995267072346
0.6376891334250344,0.7833727610679283
0.6379642365887208,0.783445945945946
0.6379642365887208,0.7831813576494427
0.6379642365887208,0.7829169480081026
0.6382393397524071,0.7829902126223423
0.6382393397524071,0.7827260458839406
0.6382393397524071,0.7824620573355818
0.6382393397524071,0.7821982467970331
0.6382393397524071,0.7819346140883047
0.6385144429160935,0.7820080862533693
0.6387895460797799,0.7820815089255642
0.6387895460797799,0.7818181818181819
0.6387895460797799,0.7815550319757657
0.6390646492434663,0.781628532974428
0.6390646492434663,0.7813656239488732
0.6390646492434663,0.781102891728312
0.6390646492434663,0.7808403361344538
0.6390646492434663,0.7805779569892473
0.6393397524071527,0.7806516627477326
0.6396148555708391,0.7807253190060444
0.6396148555708391,0.7804632426988922
0.6398899587345255,0.7805369127516778
0.6398899587345255,0.7802750754780275
0.6401650618982119,0.7803487592219986
0.6404401650618982,0.7804223935635266
0.6407152682255846,0.7804959785522788
0.6407152682255846,0.7802345058626465
0.6407152682255846,0.7799732083054253
0.6407152682255846,0.7797120857047205
0.640990371389271,0.7797858099062919
0.6412654745529573,0.7798594847775175
0.6415405777166437,0.7799331103678929
0.6418156808803301,0.7800066867268473
0.6418156808803301,0.7797459893048129
0.6420907840440165,0.7798195790177079
0.6420907840440165,0.779559118236473
0.6420907840440165,0.7792988313856427
0.6420907840440165,0.7790387182910548
0.6423658872077029,0.7791124457791124
0.6423658872077029,0.7788525683789193
0.6423658872077029,0.778592864288096
0.6423658872077029,0.7783333333333333
0.6423658872077029,0.7780739753415529
0.6423658872077029,0.7778147901399067
0.6423658872077029,0.7775557775557775
0.6426409903713892,0.7776298268974701
0.6426409903713892,0.7773710482529118
0.6426409903713892,0.7771124417831005
0.6426409903713892,0.7768540073162621
0.6426409903713892,0.776595744680851
0.6426409903713892,0.77633765370555
0.6429160935350756,0.7764119601328904
0.643191196698762,0.7764862172035869
0.6434662998624484,0.7765604249667994
0.6437414030261348,0.776634583471623
0.6437414030261348,0.7763769077637691
0.6440165061898212,0.7764510779436152
0.6440165061898212,0.7761936339522546
0.6442916093535076,0.7762678157109711
0.6442916093535076,0.7760106030483764
0.6442916093535076,0.7757535607817158
0.6442916093535076,0.7754966887417218
0.6442916093535076,0.7752399867593512
0.6442916093535076,0.7749834546657842
0.6442916093535076,0.7747270922924248
0.6442916093535076,0.7744708994708994
0.6442916093535076,0.7742148760330578
0.6442916093535076,0.7739590218109715
0.6442916093535076,0.7737033366369342
0.6442916093535076,0.773447820343461
0.6442916093535076,0.7731924727632882
0.644566712517194,0.7732673267326733
0.644566712517194,0.7730122071923458
0.6448418156808803,0.7730870712401056
0.6448418156808803,0.7728321793603693
0.6448418156808803,0.7725774555042848
0.6451169188445667,0.7726523887973641
0.6451169188445667,0.7723978919631094
0.6451169188445667,0.7721435627263747
0.6451169188445667,0.771889400921659
0.6451169188445667,0.7716354063836789
0.6451169188445667,0.7713815789473685
0.6451169188445667,0.771127918447879
0.6451169188445667,0.7708744247205785
0.6453920220082531,0.770949720670391
0.6456671251719395,0.7710249671484888
0.6456671251719395,0.7707717569786535
0.6459422283356259,0.7708470124753776
0.6462173314993123,0.7709222185756481
0.6464924346629987,0.770997375328084
0.6464924346629987,0.7707445063955395
0.6464924346629987,0.7704918032786885
0.6464924346629987,0.7702392658144871
0.6467675378266851,0.7703145478374837
0.6467675378266851,0.7700622338683263
0.6470426409903713,0.7701375245579568
0.6473177441540577,0.7702127659574468
0.6475928473177441,0.7702879581151832
0.6475928473177441,0.7700359829898593
0.6475928473177441,0.7697841726618705
0.6478679504814305,0.7698594311866623
0.6478679504814305,0.7696078431372549
0.6478679504814305,0.7693564194707612
0.6478679504814305,0.7691051600261267
0.6481430536451169,0.7691805419523343
0.6481430536451169,0.7689295039164491
0.6481430536451169,0.768678629690049
0.6481430536451169,0.7684279191128506
0.6481430536451169,0.7681773720247799
0.6484181568088033,0.7682529335071708
0.6486932599724897,0.7683284457478006
0.6486932599724897,0.7680781758957654
0.6486932599724897,0.7678280690328884
0.6486932599724897,0.767578125
0.6486932599724897,0.7673283436381386
0.6486932599724897,0.7670787247885491
0.6486932599724897,0.7668292682926829
0.6486932599724897,0.7665799739921977
0.6486932599724897,0.7663308417289568
0.6486932599724897,0.7660818713450293
0.6486932599724897,0.7658330626826891
0.6486932599724897,0.7655844155844156
0.6489683631361761,0.765660499837715
0.6492434662998624,0.7657365347177157
0.6492434662998624,0.7654881608822576
0.6492434662998624,0.7652399481193255
0.6495185694635488,0.7653160453808752
0.6495185694635488,0.7650680492546986
0.6497936726272352,0.765144152899255
0.6500687757909216,0.7652202072538861
0.650343878954608,0.7652962123664616
0.6506189821182944,0.7653721682847896
0.6506189821182944,0.7651245551601423
0.6506189821182944,0.7648771021992238
0.6506189821182944,0.7646298092466861
0.6506189821182944,0.764382676147382
0.6506189821182944,0.7641357027463651
0.6506189821182944,0.7638888888888888
0.6506189821182944,0.7636422344204068
0.6508940852819808,0.763718528082634
0.6511691884456672,0.7637947725072604
0.6514442916093535,0.7638709677419355
0.6514442916093535,0.763624637213802
0.6514442916093535,0.7633784655061251
0.6517193947730399,0.7634547212375121
0.6517193947730399,0.7632087628865979
0.6519944979367263,0.7632850241545893
0.6522696011004127,0.7633612363168062
0.6522696011004127,0.7631155455423237
0.6522696011004127,0.7628700128700129
0.6522696011004127,0.7626246381473143
0.6522696011004127,0.762379421221865
0.6522696011004127,0.7621343619414979
0.6522696011004127,0.7618894601542416
0.6522696011004127,0.7616447157083199
0.6522696011004127,0.7614001284521515
0.6522696011004127,0.7611556982343499
0.6522696011004127,0.7609114249037228
0.6522696011004127,0.7606673083092718
0.6522696011004127,0.7604233483001924
0.652544704264099,0.760500160307791
0.6528198074277854,0.760576923076923
0.6528198074277854,0.7603332265299584
0.6530949105914718,0.7604099935938501
0.6530949105914718,0.760166506564201
0.6533700137551581,0.7602432778489117
0.6533700137551581,0.76
0.6536451169188445,0.7600767754318618
0.6536451169188445,0.7598337064278862
0.6536451169188445,0.7595907928388747
0.6539202200825309,0.7596676254394376
0.6539202200825309,0.7594249201277955
0.6539202200825309,0.7591823698498882
0.6539202200825309,0.7589399744572158
0.6539202200825309,0.7586977338014682
0.6539202200825309,0.7584556477345246
0.6539202200825309,0.7582137161084529
0.6539202200825309,0.7579719387755102
0.6539202200825309,0.7577303155881415
0.6539202200825309,0.7574888463989803
0.6539202200825309,0.7572475310608474
0.6539202200825309,0.7570063694267516
0.6539202200825309,0.7567653613498886
0.6541953232462173,0.7568427753023552
0.6541953232462173,0.7566019726376074
0.6541953232462173,0.7563613231552163
0.6541953232462173,0.756120826709062
0.6541953232462173,0.7558804831532104
0.6541953232462173,0.7556402923419129
0.6544704264099037,0.7557179161372299
0.6544704264099037,0.755477929501429
0.6544704264099037,0.7552380952380953
0.6544704264099037,0.754998413202158
0.6544704264099037,0.754758883248731
0.6544704264099037,0.7545195052331113
0.6547455295735901,0.7545973367152822
0.6550206327372765,0.754675118858954
0.6550206327372765,0.7544359949302915
0.6550206327372765,0.7541970224897054
0.6550206327372765,0.7539582013932868
0.6550206327372765,0.7537195314973093
0.6550206327372765,0.7534810126582279
0.6550206327372765,0.7532426447326795
0.6552957359009629,0.7533206831119544
0.6555708390646492,0.7533986721466962
0.6555708390646492,0.7531605562579013
0.6555708390646492,0.7529225908372827
0.6558459422283356,0.7530006317119393
0.656121045392022,0.7530786233028103
0.656121045392022,0.7528409090909091
0.656121045392022,0.7526033449037551
0.656121045392022,0.7523659305993691
0.6563961485557084,0.7524440239672028
0.6563961485557084,0.7522068095838588
0.6566712517193948,0.7522849038764576
0.6566712517193948,0.7520478890989288
0.6566712517193948,0.7518110236220472
