recall,precision
0.00019936204146730463,1.0
0.00039872408293460925,1.0
0.0005980861244019139,1.0
0.0007974481658692185,1.0
0.000996810207336523,1.0
0.0011961722488038277,1.0
0.0013955342902711324,1.0
0.001594896331738437,1.0
0.0017942583732057417,1.0
0.001993620414673046,1.0
0.0021929824561403508,1.0
0.0023923444976076554,1.0
0.00259170653907496,1.0
0.0027910685805422647,1.0
0.0029904306220095694,1.0
0.003189792663476874,1.0
0.0033891547049441787,1.0
0.0035885167464114833,1.0
0.003787878787878788,1.0
0.003987240829346092,1.0
0.004186602870813397,1.0
0.0043859649122807015,1.0
0.004585326953748007,1.0
0.004784688995215311,1.0
0.004984051036682616,1.0
0.00518341307814992,1.0
0.005382775119617225,1.0
0.005582137161084529,1.0
0.0057814992025518345,1.0
0.005980861244019139,1.0
0.006180223285486443,1.0
0.006379585326953748,1.0
0.006578947368421052,1.0
0.006778309409888357,1.0
0.006977671451355662,1.0
0.007177033492822967,1.0
0.007376395534290271,1.0
0.007575757575757576,1.0
0.00777511961722488,1.0
0.007974481658692184,1.0
0.00817384370015949,1.0
0.008373205741626795,1.0
0.0085725677830941,1.0
0.008771929824561403,1.0
0.008971291866028708,1.0
0.009170653907496013,1.0
0.009370015948963317,1.0
0.009569377990430622,1.0
0.009768740031897927,1.0
0.009968102073365232,1.0
0.010167464114832535,1.0
0.01036682615629984,1.0
0.010566188197767145,1.0
0.01076555023923445,1.0
0.010964912280701754,1.0
0.011164274322169059,1.0
0.011363636363636364,1.0
0.011562998405103669,1.0
0.011762360446570972,1.0
0.011961722488038277,1.0
0.012161084529505583,1.0
0.012360446570972886,1.0
0.012559808612440191,1.0
0.012759170653907496,1.0
0.012958532695374801,1.0
0.013157894736842105,1.0
0.01335725677830941,1.0
0.013556618819776715,1.0
0.01375598086124402,1.0
0.013955342902711323,1.0
0.014154704944178628,1.0
0.014354066985645933,1.0
0.014553429027113238,1.0
0.014752791068580542,1.0
0.014952153110047847,1.0
0.015151515151515152,1.0
0.015350877192982455,1.0
0.01555023923444976,1.0
0.015749601275917065,1.0
0.01594896331738437,1.0
0.016148325358851676,1.0
0.01634768740031898,1.0
0.016547049441786282,1.0
0.01674641148325359,1.0
0.016945773524720893,1.0
0.0171451355661882,1.0
0.017344497607655503,1.0
0.017543859649122806,1.0
0.017743221690590113,1.0
0.017942583732057416,1.0
0.017942583732057416,0.989010989010989
0.01814194577352472,0.9891304347826086
0.018341307814992026,0.989247311827957
0.01854066985645933,0.9893617021276596
0.018740031897926633,0.9894736842105263
0.01893939393939394,0.9895833333333334
0.019138755980861243,0.9896907216494846
0.01933811802232855,0.9897959183673469
0.019537480063795853,0.98989898989899
0.019736842105263157,0.99
0.019936204146730464,0.9900990099009901
0.020135566188197767,0.9901960784313726
0.02033492822966507,0.9902912621359223
0.020534290271132377,0.9903846153846154
0.02073365231259968,0.9904761904761905
0.020933014354066987,0.9905660377358491
0.02113237639553429,0.9906542056074766
0.021331738437001594,0.9907407407407407
0.0215311004784689,0.9908256880733946
0.021730462519936204,0.990909090909091
0.021929824561403508,0.990990990990991
0.022129186602870814,0.9910714285714286
0.022328548644338118,0.9911504424778761
0.022328548644338118,0.9824561403508771
0.02252791068580542,0.9826086956521739
0.022727272727272728,0.9827586206896551
0.02292663476874003,0.9829059829059829
0.023125996810207338,0.9830508474576272
0.02332535885167464,0.9831932773109243
0.023524720893141945,0.9833333333333333
0.02372408293460925,0.9834710743801653
0.023923444976076555,0.9836065573770492
0.02412280701754386,0.983739837398374
0.024322169059011165,0.9838709677419355
0.02452153110047847,0.984
0.024720893141945772,0.9841269841269841
0.02492025518341308,0.984251968503937
0.025119617224880382,0.984375
0.02531897926634769,0.9844961240310077
0.025518341307814992,0.9846153846153847
0.025717703349282296,0.9847328244274809
0.025917065390749602,0.9848484848484849
0.026116427432216906,0.9849624060150376
0.02631578947368421,0.9850746268656716
0.026515151515151516,0.9851851851851852
0.02671451355661882,0.9852941176470589
0.026913875598086126,0.9854014598540146
0.02711323763955343,0.9855072463768116
0.027312599681020733,0.9856115107913669
0.02751196172248804,0.9857142857142858
0.027711323763955343,0.9858156028368794
0.027910685805422646,0.9859154929577465
0.028110047846889953,0.986013986013986
0.028309409888357256,0.9861111111111112
0.02850877192982456,0.9862068965517241
0.028708133971291867,0.9863013698630136
0.02890749601275917,0.9863945578231292
0.029106858054226477,0.9864864864864865
0.02930622009569378,0.9865771812080537
0.029505582137161084,0.9866666666666667
0.02970494417862839,0.9867549668874173
0.029904306220095694,0.9868421052631579
0.030103668261562997,0.9869281045751634
0.030303030303030304,0.987012987012987
0.030502392344497607,0.9870967741935484
0.03070175438596491,0.9871794871794872
0.030901116427432217,0.9872611464968153
0.03110047846889952,0.9873417721518988
0.03129984051036683,0.9874213836477987
0.03149920255183413,0.9875
0.031698564593301434,0.9875776397515528
0.03189792663476874,0.9876543209876543
0.03209728867623605,0.9877300613496932
0.03229665071770335,0.9878048780487805
0.032496012759170655,0.9878787878787879
0.03269537480063796,0.9879518072289156
0.03289473684210526,0.9880239520958084
0.033094098883572565,0.9880952380952381
0.033293460925039875,0.9881656804733728
0.03349282296650718,0.9882352941176471
0.03369218500797448,0.9883040935672515
0.033891547049441785,0.9883720930232558
0.03409090909090909,0.9884393063583815
0.0342902711323764,0.9885057471264368
0.0344896331738437,0.9885714285714285
0.034688995215311005,0.9886363636363636
0.03488835725677831,0.9887005649717514
0.03508771929824561,0.9887640449438202
0.035287081339712915,0.9888268156424581
0.035486443381180226,0.9888888888888889
0.03568580542264753,0.988950276243094
0.03588516746411483,0.989010989010989
0.036084529505582136,0.9890710382513661
0.03628389154704944,0.9891304347826086
0.03648325358851675,0.9891891891891892
0.03668261562998405,0.989247311827957
0.036881977671451356,0.9893048128342246
0.03708133971291866,0.9893617021276596
0.03728070175438596,0.9894179894179894
0.037480063795853266,0.9894736842105263
0.037679425837320576,0.9895287958115183
0.03787878787878788,0.9895833333333334
0.03807814992025518,0.9896373056994818
0.03827751196172249,0.9896907216494846
0.03847687400318979,0.9897435897435898
0.0386762360446571,0.9897959183673469
0.038875598086124404,0.9898477157360406
0.03907496012759171,0.98989898989899
0.03927432216905901,0.9899497487437185
0.039473684210526314,0.99
0.03967304625199362,0.9900497512437811
0.03987240829346093,0.9900990099009901
0.04007177033492823,0.9901477832512315
0.040271132376395534,0.9901960784313726
0.04047049441786284,0.9902439024390244
0.04066985645933014,0.9902912621359223
0.04086921850079745,0.9903381642512077
0.041068580542264754,0.9903846153846154
0.04126794258373206,0.9904306220095693
0.04146730462519936,0.9904761904761905
0.041666666666666664,0.990521327014218
0.041866028708133975,0.9905660377358491
0.04206539074960128,0.9906103286384976
0.04226475279106858,0.9906542056074766
0.042464114832535885,0.9906976744186047
0.04266347687400319,0.9907407407407407
0.04286283891547049,0.9907834101382489
0.0430622009569378,0.9908256880733946
0.043261562998405105,0.9908675799086758
0.04346092503987241,0.990909090909091
0.04366028708133971,0.9909502262443439
0.043859649122807015,0.990990990990991
0.044059011164274325,0.9910313901345291
0.04425837320574163,0.9910714285714286
0.04445773524720893,0.9911111111111112
0.044657097288676235,0.9911504424778761
0.04485645933014354,0.9911894273127754
0.04505582137161084,0.9912280701754386
0.04525518341307815,0.9912663755458515
0.045454545454545456,0.991304347826087
0.04565390749601276,0.9913419913419913
0.04585326953748006,0.9913793103448276
0.046052631578947366,0.9914163090128756
0.046251993620414676,0.9914529914529915
0.04645135566188198,0.9914893617021276
0.04665071770334928,0.9915254237288136
0.046850079744816586,0.9915611814345991
0.04704944178628389,0.9915966386554622
0.04724880382775119,0.9916317991631799
0.0474481658692185,0.9916666666666667
0.04764752791068581,0.991701244813278
0.04784688995215311,0.9917355371900827
0.04804625199362041,0.9917695473251029
0.04824561403508772,0.9918032786885246
0.04844497607655503,0.9918367346938776
0.04864433811802233,0.991869918699187
0.048843700159489634,0.9919028340080972
0.04904306220095694,0.9919354838709677
0.04924242424242424,0.9919678714859438
0.049441786283891544,0.992
0.049641148325358854,0.9920318725099602
0.04984051036682616,0.9920634920634921
0.05003987240829346,0.9920948616600791
0.050239234449760764,0.9921259842519685
0.05043859649122807,0.9921568627450981
0.05063795853269538,0.9921875
0.05083732057416268,0.9922178988326849
0.051036682615629984,0.9922480620155039
0.05123604465709729,0.9922779922779923
0.05143540669856459,0.9923076923076923
0.0516347687400319,0.9923371647509579
0.051834130781499205,0.9923664122137404
0.05203349282296651,0.9923954372623575
0.05223285486443381,0.9924242424242424
0.052432216905901115,0.9924528301886792
0.05263157894736842,0.9924812030075187
0.05283094098883573,0.9925093632958801
0.05303030303030303,0.9925373134328358
0.053229665071770335,0.9925650557620818
0.05342902711323764,0.9925925925925926
0.05362838915470494,0.992619926199262
0.05382775119617225,0.9926470588235294
0.054027113237639555,0.9926739926739927
0.05422647527910686,0.9927007299270073
0.05442583732057416,0.9927272727272727
0.054625199362041466,0.9927536231884058
0.05482456140350877,0.9927797833935018
0.05502392344497608,0.9928057553956835
0.05522328548644338,0.992831541218638
0.055422647527910686,0.9928571428571429
0.05562200956937799,0.9928825622775801
0.05582137161084529,0.9929078014184397
0.0560207336523126,0.9929328621908127
0.056220095693779906,0.9929577464788732
0.05641945773524721,0.9929824561403509
0.05661881977671451,0.993006993006993
0.056818181818181816,0.9930313588850174
0.05701754385964912,0.9930555555555556
0.05721690590111643,0.9930795847750865
0.05741626794258373,0.993103448275862
0.05761562998405104,0.993127147766323
0.05781499202551834,0.9931506849315068
0.05801435406698564,0.9931740614334471
0.058213716108452954,0.9931972789115646
0.05841307814992026,0.9932203389830508
0.05861244019138756,0.9932432432432432
0.058811802232854864,0.9932659932659933
0.05901116427432217,0.9932885906040269
0.05921052631578947,0.9933110367892977
0.05940988835725678,0.9933333333333333
0.059609250398724084,0.9933554817275747
0.05980861244019139,0.9933774834437086
0.06000797448165869,0.9933993399339934
0.060207336523125994,0.993421052631579
0.060406698564593304,0.9934426229508196
0.06060606060606061,0.9934640522875817
0.06080542264752791,0.993485342019544
0.061004784688995214,0.9935064935064936
0.06120414673046252,0.9935275080906149
0.06140350877192982,0.9935483870967742
0.06160287081339713,0.9935691318327974
0.061802232854864435,0.9935897435897436
0.06200159489633174,0.9936102236421726
0.06220095693779904,0.9936305732484076
0.062400318979266345,0.9936507936507937
0.06259968102073366,0.9936708860759493
0.06279904306220095,0.9936908517350158
0.06299840510366826,0.9937106918238994
0.06319776714513557,0.9937304075235109
0.06339712918660287,0.99375
0.06359649122807018,0.9937694704049844
0.06379585326953748,0.9937888198757764
0.06399521531100479,0.9938080495356038
0.0641945773524721,0.9938271604938271
0.06439393939393939,0.9938461538461538
0.0645933014354067,0.9938650306748467
0.064792663476874,0.9938837920489296
0.06499202551834131,0.9939024390243902
0.0651913875598086,0.993920972644377
0.06539074960127592,0.9939393939393939
0.06559011164274323,0.9939577039274925
0.06578947368421052,0.9939759036144579
0.06598883572567783,0.993993993993994
0.06618819776714513,0.9940119760479041
0.06638755980861244,0.9940298507462687
0.06658692185007975,0.9940476190476191
0.06678628389154705,0.9940652818991098
0.06698564593301436,0.9940828402366864
0.06718500797448165,0.9941002949852508
0.06738437001594896,0.9941176470588236
0.06758373205741627,0.9941348973607038
0.06778309409888357,0.9941520467836257
0.06798245614035088,0.9941690962099126
0.06818181818181818,0.9941860465116279
0.06838118022328549,0.9942028985507246
0.0685805422647528,0.9942196531791907
0.0687799043062201,0.9942363112391931
0.0689792663476874,0.9942528735632183
0.0691786283891547,0.994269340974212
0.06937799043062201,0.9942857142857143
0.06957735247208932,0.9943019943019943
0.06977671451355662,0.9943181818181818
0.06997607655502393,0.9943342776203966
0.07017543859649122,0.9943502824858758
0.07037480063795853,0.9943661971830986
0.07057416267942583,0.9943820224719101
0.07077352472089314,0.9943977591036415
0.07097288676236045,0.994413407821229
0.07117224880382775,0.9944289693593314
0.07137161084529506,0.9944444444444445
0.07157097288676235,0.9944598337950139
0.07177033492822966,0.994475138121547
0.07196969696969698,0.9944903581267218
0.07216905901116427,0.9945054945054945
0.07236842105263158,0.9945205479452055
0.07256778309409888,0.994535519125683
0.07276714513556619,0.9945504087193461
0.0729665071770335,0.9945652173913043
0.0731658692185008,0.994579945799458
0.0733652312599681,0.9945945945945946
0.0735645933014354,0.9946091644204852
0.07376395534290271,0.9946236559139785
0.07376395534290271,0.9919571045576407
0.07396331738437002,0.9919786096256684
0.07416267942583732,0.992
0.07436204146730463,0.9920212765957447
0.07456140350877193,0.9920424403183024
0.07476076555023924,0.9920634920634921
0.07496012759170653,0.9920844327176781
0.07515948963317384,0.9921052631578947
0.07535885167464115,0.9921259842519685
0.07555821371610845,0.9921465968586387
0.07575757575757576,0.9921671018276762
0.07575757575757576,0.9895833333333334
0.07595693779904306,0.9896103896103896
0.07615629984051037,0.9896373056994818
0.07635566188197768,0.9896640826873385
0.07655502392344497,0.9896907216494846
0.07675438596491228,0.9897172236503856
0.07695374800637958,0.9897435897435898
0.07715311004784689,0.989769820971867
0.0773524720893142,0.9897959183673469
0.0775518341307815,0.989821882951654
0.07775119617224881,0.9898477157360406
0.0779505582137161,0.9898734177215189
0.07814992025518341,0.98989898989899
0.07834928229665072,0.9899244332493703
0.07854864433811802,0.9899497487437185
0.07874800637958533,0.9899749373433584
0.07894736842105263,0.99
0.07914673046251994,0.9900249376558603
0.07934609250398723,0.9900497512437811
0.07954545454545454,0.9900744416873449
0.07974481658692185,0.9900990099009901
0.07994417862838915,0.9901234567901235
0.08014354066985646,0.9901477832512315
0.08034290271132376,0.9901719901719902
0.08054226475279107,0.9901960784313726
0.08074162679425838,0.9902200488997555
0.08094098883572567,0.9902439024390244
0.08114035087719298,0.9902676399026764
0.08133971291866028,0.9902912621359223
0.08153907496012759,0.9903147699757869
0.0817384370015949,0.9903381642512077
0.0819377990430622,0.9903614457831326
0.08213716108452951,0.9903846153846154
0.0823365231259968,0.9904076738609112
0.08253588516746412,0.9904306220095693
0.08273524720893143,0.9904534606205251
0.08293460925039872,0.9904761904761905
0.08313397129186603,0.9904988123515439
0.08333333333333333,0.990521327014218
0.08333333333333333,0.9881796690307328
0.08353269537480064,0.9882075471698113
0.08373205741626795,0.9882352941176471
0.08393141945773525,0.9882629107981221
0.08413078149920256,0.9882903981264637
0.08433014354066985,0.9883177570093458
0.08452950558213716,0.9883449883449883
0.08472886762360446,0.9883720930232558
0.08492822966507177,0.988399071925754
0.08512759170653908,0.9884259259259259
0.08532695374800638,0.9884526558891455
0.08552631578947369,0.988479262672811
0.08572567783094098,0.9885057471264368
0.08572567783094098,0.9862385321100917
0.0859250398724083,0.9862700228832952
0.0861244019138756,0.9863013698630136
0.0863237639553429,0.9863325740318907
0.08652312599681021,0.9863636363636363
0.0867224880382775,0.9863945578231292
0.08692185007974482,0.9864253393665159
0.08712121212121213,0.9864559819413092
0.08732057416267942,0.9864864864864865
0.08751993620414673,0.9865168539325843
0.08771929824561403,0.9865470852017937
0.08791866028708134,0.9865771812080537
0.08811802232854865,0.9866071428571429
0.08831738437001595,0.9866369710467706
0.08851674641148326,0.9866666666666667
0.08851674641148326,0.9844789356984479
0.08871610845295055,0.9845132743362832
0.08891547049441786,0.9845474613686535
0.08911483253588516,0.9845814977973568
0.08931419457735247,0.9846153846153847
0.08951355661881978,0.9846491228070176
0.08971291866028708,0.9846827133479212
0.08991228070175439,0.9847161572052402
0.09011164274322168,0.9847494553376906
0.090311004784689,0.9847826086956522
0.0905103668261563,0.9848156182212582
0.0907097288676236,0.9848484848484849
0.09090909090909091,0.9848812095032398
0.09110845295055821,0.9849137931034483
0.09130781499202552,0.9849462365591398
0.09150717703349283,0.9849785407725322
0.09170653907496013,0.9850107066381156
0.09190590111642744,0.9850427350427351
0.09210526315789473,0.9850746268656716
0.09230462519936204,0.9851063829787234
0.09250398724082935,0.9851380042462845
0.09270334928229665,0.9851694915254238
0.09290271132376396,0.985200845665962
0.09310207336523126,0.9852320675105485
0.09330143540669857,0.9852631578947368
0.09350079744816588,0.9852941176470589
0.09370015948963317,0.9853249475890985
0.09389952153110048,0.9853556485355649
0.09409888357256778,0.9853862212943633
0.09429824561403509,0.9854166666666667
0.09449760765550239,0.9854469854469855
0.0946969696969697,0.9854771784232366
0.094896331738437,0.9855072463768116
0.0950956937799043,0.9855371900826446
0.09529505582137161,0.9855670103092784
0.09549441786283891,0.98559670781893
0.09569377990430622,0.9856262833675564
0.09589314194577353,0.985655737704918
0.09609250398724083,0.9856850715746421
0.09629186602870814,0.9857142857142858
0.09649122807017543,0.9857433808553971
0.09669059011164274,0.9857723577235772
0.09688995215311005,0.9858012170385395
0.09708931419457735,0.9858299595141701
0.09708931419457735,0.9838383838383838
0.09728867623604466,0.9838709677419355
0.09748803827751196,0.9839034205231388
0.09768740031897927,0.9839357429718876
0.09788676236044658,0.9839679358717435
0.09808612440191387,0.984
0.09828548644338118,0.9840319361277445
0.09848484848484848,0.9840637450199203
0.09868421052631579,0.9840954274353877
0.09888357256778309,0.9841269841269841
0.0990829346092504,0.9841584158415841
0.09928229665071771,0.9841897233201581
0.099481658692185,0.9842209072978304
0.09968102073365231,0.984251968503937
0.09988038277511961,0.9842829076620825
0.10007974481658692,0.984313725490196
0.10027910685805423,0.9843444227005871
0.10047846889952153,0.984375
0.10067783094098884,0.9844054580896686
0.10087719298245613,0.9844357976653697
0.10107655502392345,0.9844660194174757
0.10127591706539076,0.9844961240310077
0.10147527910685805,0.9845261121856866
0.10167464114832536,0.9845559845559846
0.10187400318979266,0.9845857418111753
0.10207336523125997,0.9846153846153847
0.10227272727272728,0.9846449136276392
0.10247208931419458,0.9846743295019157
0.10267145135566189,0.9847036328871893
0.10287081339712918,0.9847328244274809
0.10307017543859649,0.9847619047619047
0.1032695374800638,0.9847908745247148
0.1034688995215311,0.9848197343453511
0.10366826156299841,0.9848484848484849
0.1038676236044657,0.9848771266540642
0.10406698564593302,0.9849056603773585
0.10426634768740031,0.9849340866290018
0.10446570972886762,0.9849624060150376
0.10466507177033493,0.9849906191369606
0.10486443381180223,0.9850187265917603
0.10506379585326954,0.9850467289719627
0.10526315789473684,0.9850746268656716
0.10546251993620415,0.9851024208566108
0.10566188197767146,0.9851301115241635
0.10586124401913875,0.9851576994434137
0.10606060606060606,0.9851851851851852
0.10625996810207336,0.9852125693160814
0.10645933014354067,0.985239852398524
0.10665869218500798,0.9852670349907919
0.10685805422647528,0.9852941176470589
0.10705741626794259,0.9853211009174312
0.10725677830940988,0.9853479853479854
0.1074561403508772,0.9853747714808044
0.1076555023923445,0.9854014598540146
0.1078548644338118,0.9854280510018215
0.10805422647527911,0.9854545454545455
0.10825358851674641,0.985480943738657
0.10845295055821372,0.9855072463768116
0.10865231259968101,0.9855334538878843
0.10885167464114832,0.9855595667870036
0.10905103668261563,0.9855855855855856
0.10925039872408293,0.9856115107913669
0.10944976076555024,0.9856373429084381
0.10964912280701754,0.985663082437276
0.10984848484848485,0.9856887298747764
0.11004784688995216,0.9857142857142858
0.11024720893141945,0.9857397504456328
0.11044657097288677,0.9857651245551602
0.11064593301435406,0.9857904085257548
0.11084529505582137,0.9858156028368794
0.11104465709728868,0.9858407079646018
0.11124401913875598,0.9858657243816255
0.11144338118022329,0.9858906525573192
0.11164274322169059,0.9859154929577465
0.1118421052631579,0.9859402460456942
0.1120414673046252,0.9859649122807017
0.1122408293460925,0.9859894921190894
0.11244019138755981,0.986013986013986
0.11263955342902711,0.9860383944153578
0.11283891547049442,0.9860627177700348
0.11303827751196172,0.9860869565217392
0.11323763955342903,0.9861111111111112
0.11343700159489634,0.9861351819757366
0.11343700159489634,0.9844290657439446
0.11363636363636363,0.9844559585492227
0.11383572567783094,0.9844827586206897
0.11403508771929824,0.9845094664371773
0.11423444976076555,0.9845360824742269
0.11443381180223286,0.9845626072041166
0.11443381180223286,0.9828767123287672
0.11463317384370016,0.9829059829059829
0.11483253588516747,0.9829351535836177
0.11503189792663476,0.9829642248722317
0.11523125996810207,0.9829931972789115
0.11543062200956938,0.9830220713073005
0.11562998405103668,0.9830508474576272
0.11582934609250399,0.9830795262267343
0.11602870813397129,0.9831081081081081
0.1162280701754386,0.9831365935919055
0.11642743221690591,0.9831649831649831
0.1166267942583732,0.9831932773109243
0.11682615629984051,0.9832214765100671
0.11702551834130781,0.983249581239531
0.11722488038277512,0.9832775919732442
0.11742424242424243,0.9833055091819699
0.11762360446570973,0.9833333333333333
0.11782296650717704,0.9833610648918469
0.11802232854864433,0.9833887043189369
0.11822169059011164,0.9834162520729685
0.11842105263157894,0.9834437086092715
0.11862041467304625,0.9834710743801653
0.11881977671451356,0.9834983498349835
0.11901913875598086,0.9835255354200988
0.11921850079744817,0.9835526315789473
0.11941786283891546,0.9835796387520526
0.11961722488038277,0.9836065573770492
0.11981658692185009,0.983633387888707
0.12001594896331738,0.9836601307189542
0.12021531100478469,0.9836867862969005
0.12041467304625199,0.9837133550488599
0.1206140350877193,0.983739837398374
0.12081339712918661,0.9837662337662337
0.1210127591706539,0.9837925445705025
0.12121212121212122,0.9838187702265372
0.12141148325358851,0.9838449111470113
0.12161084529505582,0.9838709677419355
0.12181020733652313,0.9838969404186796
0.12200956937799043,0.9839228295819936
0.12220893141945774,0.9839486356340289
0.12240829346092504,0.9839743589743589
0.12260765550239235,0.984
0.12280701754385964,0.9840255591054313
0.12300637958532695,0.9840510366826156
0.12320574162679426,0.9840764331210191
0.12340510366826156,0.9841017488076311
0.12360446570972887,0.9841269841269841
0.12380382775119617,0.9841521394611727
0.12400318979266348,0.9841772151898734
0.12420255183413079,0.9842022116903634
0.12440191387559808,0.9842271293375394
0.1246012759170654,0.984251968503937
0.12480063795853269,0.9842767295597484
0.125,0.9843014128728415
0.1251993620414673,0.9843260188087775
0.12539872408293462,0.9843505477308294
0.1255980861244019,0.984375
0.1257974481658692,0.984399375975039
0.12599681020733652,0.9844236760124611
0.12619617224880383,0.9844479004665629
0.12639553429027114,0.984472049689441
0.12659489633173843,0.9844961240310077
0.12679425837320574,0.9845201238390093
0.12699362041467305,0.9845440494590417
0.12719298245614036,0.9845679012345679
0.12739234449760767,0.9845916795069337
0.12759170653907495,0.9846153846153847
0.12779106858054226,0.9846390168970814
0.12799043062200957,0.9846625766871165
0.12818979266347688,0.9846860643185299
0.1283891547049442,0.9847094801223242
0.12858851674641147,0.9847328244274809
0.12878787878787878,0.9847560975609756
0.1289872408293461,0.984779299847793
0.1291866028708134,0.9848024316109423
0.12938596491228072,0.9848254931714719
0.129585326953748,0.9848484848484849
0.1297846889952153,0.9848714069591528
0.1297846889952153,0.9833836858006042
0.12998405103668262,0.9834087481146304
0.13018341307814993,0.983433734939759
0.1303827751196172,0.9834586466165414
0.13058213716108452,0.9834834834834835
0.13078149920255183,0.9835082458770614
0.13098086124401914,0.9835329341317365
0.13118022328548645,0.9835575485799701
0.13137958532695374,0.9835820895522388
0.13157894736842105,0.9836065573770492
0.13177830940988836,0.9836309523809523
0.13197767145135567,0.9836552748885586
0.13217703349282298,0.983679525222552
0.13237639553429026,0.9837037037037037
0.13257575757575757,0.9837278106508875
0.13277511961722488,0.983751846381093
0.1329744816586922,0.9837758112094396
0.1331738437001595,0.9837997054491899
0.13337320574162678,0.9838235294117647
0.1335725677830941,0.9838472834067548
0.1337719298245614,0.9838709677419355
0.1339712918660287,0.9838945827232797
0.13417065390749602,0.9839181286549707
0.1343700159489633,0.983941605839416
0.13456937799043062,0.9839650145772595
0.13476874003189793,0.9839883551673945
0.13496810207336524,0.9840116279069767
0.13516746411483255,0.9840348330914369
0.13536682615629983,0.9840579710144928
0.13556618819776714,0.984081041968162
0.13576555023923445,0.9841040462427746
0.13596491228070176,0.9841269841269841
0.13616427432216907,0.984149855907781
0.13636363636363635,0.9841726618705036
0.13656299840510366,0.9841954022988506
0.13676236044657097,0.9842180774748924
0.13696172248803828,0.9842406876790831
0.1371610845295056,0.9842632331902719
0.13736044657097288,0.9842857142857143
0.1375598086124402,0.9843081312410842
0.1377591706539075,0.9843304843304843
0.1379585326953748,0.984352773826458
0.13815789473684212,0.984375
0.1383572567783094,0.9843971631205674
0.1385566188197767,0.9844192634560907
0.13875598086124402,0.9844413012729845
0.13895534290271133,0.9844632768361582
0.13915470494417864,0.9844851904090268
0.13935406698564592,0.9845070422535211
0.13955342902711323,0.9845288326300985
0.13975279106858055,0.9845505617977528
0.13995215311004786,0.9845722300140253
0.14015151515151514,0.9845938375350141
0.14035087719298245,0.9846153846153847
0.14055023923444976,0.9846368715083799
0.14074960127591707,0.9846582984658299
0.14094896331738438,0.9846796657381616
0.14114832535885166,0.9847009735744089
0.14114832535885166,0.9833333333333333
0.14134768740031897,0.9833564493758669
0.14134768740031897,0.981994459833795
0.14154704944178628,0.9820193637621023
0.1417464114832536,0.9820441988950276
0.1419457735247209,0.9820689655172414
0.14214513556618819,0.9820936639118457
0.1423444976076555,0.9821182943603851
0.1425438596491228,0.9821428571428571
0.14274322169059012,0.9821673525377229
0.14294258373205743,0.9821917808219178
0.14294258373205743,0.9808481532147743
0.1431419457735247,0.9808743169398907
0.14334130781499202,0.9809004092769441
0.14354066985645933,0.9809264305177112
0.14374003189792664,0.9809523809523809
0.14393939393939395,0.9809782608695652
0.14413875598086123,0.9810040705563093
0.14433811802232854,0.981029810298103
0.14453748006379585,0.9810554803788903
0.14473684210526316,0.981081081081081
0.14493620414673047,0.9811066126855601
0.14513556618819776,0.9811320754716981
0.14533492822966507,0.9811574697173621
0.14553429027113238,0.9811827956989247
0.1457336523125997,0.9812080536912752
0.145933014354067,0.9812332439678284
0.14613237639553428,0.9812583668005355
0.1463317384370016,0.9812834224598931
0.1465311004784689,0.9813084112149533
0.1467304625199362,0.9813333333333333
0.14692982456140352,0.9813581890812251
0.1471291866028708,0.9813829787234043
0.14732854864433811,0.9814077025232404
0.14752791068580542,0.9814323607427056
0.14772727272727273,0.9814569536423841
0.14792663476874005,0.9814814814814815
0.14812599681020733,0.9815059445178336
0.14832535885167464,0.9815303430079155
0.14852472089314195,0.9815546772068511
0.14872408293460926,0.9815789473684211
0.14892344497607657,0.9816031537450722
0.14912280701754385,0.9816272965879265
0.14932216905901116,0.981651376146789
0.14952153110047847,0.981675392670157
0.14972089314194578,0.9816993464052287
0.14992025518341306,0.9817232375979112
0.15011961722488038,0.9817470664928292
0.15031897926634769,0.9817708333333334
0.150518341307815,0.9817945383615084
0.1507177033492823,0.9818181818181818
0.1509170653907496,0.9818417639429312
0.1511164274322169,0.9818652849740933
0.1513157894736842,0.981888745148771
0.1513157894736842,0.9806201550387597
0.15151515151515152,0.9806451612903225
0.15171451355661883,0.9806701030927835
0.1519138755980861,0.9806949806949807
0.15211323763955342,0.980719794344473
0.15231259968102073,0.9807445442875481
0.15251196172248804,0.9807692307692307
0.15271132376395535,0.9807938540332907
0.15291068580542264,0.9808184143222506
0.15311004784688995,0.9808429118773946
0.15330940988835726,0.9808673469387755
0.15350877192982457,0.9808917197452229
0.15350877192982457,0.9796437659033079
0.15370813397129188,0.9796696315120712
0.15390749601275916,0.9796954314720813
0.15410685805422647,0.9797211660329531
0.15430622009569378,0.979746835443038
0.1545055821371611,0.9797724399494311
0.1547049441786284,0.9797979797979798
0.15490430622009568,0.9798234552332913
0.155103668261563,0.9798488664987406
0.1553030303030303,0.979874213836478
0.15550239234449761,0.9798994974874372
0.15570175438596492,0.9799247176913425
0.1559011164274322,0.9799498746867168
0.15610047846889952,0.9799749687108886
0.15629984051036683,0.98
0.15629984051036683,0.978776529338327
0.15649920255183414,0.9788029925187033
0.15669856459330145,0.9788293897882939
0.15689792663476873,0.9788557213930348
0.15689792663476873,0.977639751552795
0.15709728867623604,0.9776674937965261
0.15729665071770335,0.9776951672862454
0.15749601275917066,0.9777227722772277
0.15769537480063797,0.9777503090234858
0.15789473684210525,0.9777777777777777
0.15809409888357256,0.9778051787916153
0.15829346092503987,0.9778325123152709
0.15849282296650719,0.977859778597786
0.15869218500797447,0.9778869778869779
0.15889154704944178,0.9779141104294479
0.1590909090909091,0.9779411764705882
0.1592902711323764,0.97796817625459
0.1594896331738437,0.9779951100244498
0.159688995215311,0.978021978021978
0.1598883572567783,0.9780487804878049
0.1600877192982456,0.9780755176613886
0.16028708133971292,0.9781021897810219
0.16048644338118023,0.9781287970838396
0.16068580542264752,0.9781553398058253
0.16088516746411483,0.9781818181818182
0.16108452950558214,0.9782082324455206
0.16128389154704945,0.9782345828295043
0.16148325358851676,0.9782608695652174
0.16168261562998404,0.9782870928829915
0.16188197767145135,0.9783132530120482
0.16208133971291866,0.9783393501805054
0.16228070175438597,0.9783653846153846
0.16248006379585328,0.978391356542617
0.16267942583732056,0.9784172661870504
0.16287878787878787,0.9784431137724551
0.16307814992025518,0.9784688995215312
0.1632775119617225,0.978494623655914
0.1634768740031898,0.9785202863961814
0.1636762360446571,0.9785458879618594
0.1638755980861244,0.9785714285714285
0.1640749601275917,0.9785969084423306
0.16427432216905902,0.9786223277909739
0.16447368421052633,0.9786476868327402
0.1646730462519936,0.9786729857819905
0.16487240829346092,0.978698224852071
0.16507177033492823,0.9787234042553191
0.16527113237639554,0.9787485242030697
0.16547049441786285,0.9787735849056604
0.16566985645933013,0.9787985865724381
0.16586921850079744,0.9788235294117648
0.16606858054226475,0.9788484136310224
0.16626794258373206,0.9788732394366197
0.16646730462519937,0.9788980070339977
0.16666666666666666,0.9789227166276346
0.16686602870813397,0.9789473684210527
0.16706539074960128,0.9789719626168224
0.1672647527910686,0.9789964994165694
0.1674641148325359,0.9790209790209791
0.16766347687400318,0.9790454016298021
0.1678628389154705,0.9790697674418605
0.1680622009569378,0.9790940766550522
0.1682615629984051,0.9791183294663574
0.1684609250398724,0.9791425260718424
0.1686602870813397,0.9791666666666666
0.16885964912280702,0.9791907514450867
0.16905901116427433,0.9792147806004619
0.16925837320574164,0.9792387543252595
0.16945773524720892,0.9792626728110599
0.16965709728867623,0.9792865362485615
0.16985645933014354,0.9793103448275862
0.17005582137161085,0.9793340987370838
0.17025518341307816,0.9793577981651376
0.17045454545454544,0.979381443298969
0.17065390749601275,0.9794050343249427
0.17085326953748006,0.9794285714285714
0.17105263157894737,0.9794520547945206
0.17125199362041468,0.9794754846066135
0.17145135566188197,0.979498861047836
0.17165071770334928,0.9795221843003413
0.1718500797448166,0.9795454545454545
0.1720494417862839,0.9795686719636776
0.1722488038277512,0.9795918367346939
0.1724481658692185,0.9796149490373726
0.1726475279106858,0.9796380090497737
0.1728468899521531,0.9796610169491525
0.17304625199362042,0.9796839729119639
0.17324561403508773,0.979706877113867
0.173444976076555,0.9797297297297297
0.17364433811802232,0.9797525309336333
0.17384370015948963,0.9797752808988764
0.17404306220095694,0.9797979797979798
0.17424242424242425,0.9798206278026906
0.17444178628389154,0.9798432250839866
0.17464114832535885,0.9798657718120806
0.17484051036682616,0.9798882681564246
0.17503987240829347,0.9799107142857143
0.17523923444976078,0.979933110367893
0.17543859649122806,0.9799554565701559
0.17563795853269537,0.9799777530589544
0.17583732057416268,0.98
0.17603668261563,0.9800221975582686
0.1762360446570973,0.9800443458980045
0.17643540669856458,0.9800664451827242
0.1766347687400319,0.9800884955752213
0.1768341307814992,0.980110497237569
0.17703349282296652,0.9801324503311258
0.17723285486443383,0.980154355016538
0.1774322169059011,0.9801762114537445
0.17763157894736842,0.9801980198019802
0.17783094098883573,0.9802197802197802
0.17783094098883573,0.9791437980241493
0.17803030303030304,0.9791666666666666
0.17822966507177032,0.9791894852135816
0.17842902711323763,0.9792122538293216
0.17862838915470494,0.9792349726775956
0.17882775119617225,0.9792576419213974
0.17902711323763956,0.9792802617230099
0.17922647527910684,0.9793028322440087
0.17942583732057416,0.9793253536452666
0.17962519936204147,0.9793478260869565
0.17982456140350878,0.9793702497285559
0.18002392344497609,0.9793926247288504
0.18022328548644337,0.9794149512459371
0.18042264752791068,0.9794372294372294
0.18042264752791068,0.9783783783783784
0.180622009569378,0.978401727861771
0.1808213716108453,0.9784250269687162
0.1810207336523126,0.978448275862069
0.1812200956937799,0.9784714747039828
0.1814194577352472,0.978494623655914
0.1816188197767145,0.9785177228786252
0.18181818181818182,0.9785407725321889
0.18201754385964913,0.9785637727759914
0.18221690590111642,0.9785867237687366
0.18241626794258373,0.9786096256684492
0.18261562998405104,0.9786324786324786
0.18281499202551835,0.9786552828175027
0.18301435406698566,0.9786780383795309
0.18321371610845294,0.9787007454739084
0.18341307814992025,0.9787234042553191
0.18361244019138756,0.9787460148777896
0.18381180223285487,0.9787685774946921
0.18401116427432218,0.9787910922587487
0.18421052631578946,0.9788135593220338
0.18440988835725677,0.9788359788359788
0.18460925039872408,0.9788583509513742
0.1848086124401914,0.9788806758183738
0.1850079744816587,0.9789029535864979
0.185207336523126,0.9789251844046365
0.1854066985645933,0.9789473684210527
0.1856060606060606,0.9789695057833859
0.18580542264752792,0.9789915966386554
0.18580542264752792,0.9779643231899265
0.18600478468899523,0.9779874213836478
0.1862041467304625,0.9780104712041885
0.18640350877192982,0.9780334728033473
0.18660287081339713,0.9780564263322884
0.18680223285486444,0.9780793319415448
0.18700159489633175,0.9781021897810219
0.18700159489633175,0.9770833333333333
0.18720095693779903,0.9771071800208116
0.18740031897926634,0.9771309771309772
0.18759968102073366,0.9771547248182763
0.18779904306220097,0.9771784232365145
0.18799840510366825,0.9772020725388602
0.18819776714513556,0.9772256728778468
0.18839712918660287,0.9772492244053774
0.18859649122807018,0.9772727272727273
0.1887958532695375,0.977296181630547
0.18899521531100477,0.977319587628866
0.18919457735247208,0.9773429454170958
0.1893939393939394,0.977366255144033
0.1895933014354067,0.9773895169578622
0.189792663476874,0.9774127310061602
0.189792663476874,0.9764102564102564
0.1899920255183413,0.9764344262295082
0.1901913875598086,0.9764585465711362
0.19039074960127592,0.976482617586912
0.19059011164274323,0.9765066394279878
0.19078947368421054,0.976530612244898
0.19098883572567782,0.9765545361875637
0.19118819776714513,0.9765784114052953
0.19138755980861244,0.9766022380467956
0.19158692185007975,0.9766260162601627
0.19178628389154706,0.9766497461928934
0.19198564593301434,0.9766734279918864
0.19218500797448165,0.9766970618034447
0.19238437001594896,0.9767206477732794
0.19258373205741627,0.9767441860465116
0.19278309409888358,0.9767676767676767
0.19298245614035087,0.9767911200807265
0.19318181818181818,0.9768145161290323
0.1933811802232855,0.9768378650553877
0.1935805422647528,0.9768611670020121
0.1937799043062201,0.9768844221105528
0.1939792663476874,0.9769076305220884
0.1941786283891547,0.9769307923771314
0.194377990430622,0.9769539078156313
0.19457735247208932,0.9769769769769769
0.19477671451355663,0.977
0.19497607655502391,0.977022977022977
0.19517543859649122,0.9770459081836327
0.19537480063795853,0.9770687936191426
0.19557416267942584,0.9770916334661355
0.19577352472089316,0.9771144278606965
0.19597288676236044,0.9771371769383698
0.19617224880382775,0.9771598808341608
0.19637161084529506,0.9771825396825397
0.19657097288676237,0.977205153617443
0.19677033492822968,0.9772277227722772
0.19696969696969696,0.9772502472799208
0.19716905901116427,0.9772727272727273
0.19736842105263158,0.9772951628825272
0.1975677830940989,0.9773175542406312
0.19776714513556617,0.9773399014778326
0.19796650717703348,0.9773622047244095
0.1981658692185008,0.9773844641101278
0.1983652312599681,0.9774066797642437
0.19856459330143542,0.9774288518155054
0.19856459330143542,0.9764705882352941
0.1987639553429027,0.9764936336924583
0.19896331738437,0.9765166340508806
0.19916267942583732,0.9765395894428153
0.19936204146730463,0.9765625
0.19956140350877194,0.9765853658536585
0.19976076555023922,0.9766081871345029
0.19996012759170653,0.9766309639727361
0.20015948963317384,0.9766536964980544
0.20035885167464115,0.9766763848396501
0.20035885167464115,0.9757281553398058
0.20055821371610846,0.9757516973811833
0.20075757575757575,0.9757751937984496
0.20095693779904306,0.9757986447241046
0.20115629984051037,0.9758220502901354
0.20135566188197768,0.9758454106280193
0.201555023923445,0.9758687258687259
0.20175438596491227,0.9758919961427194
0.20195374800637958,0.9759152215799615
0.2021531100478469,0.9759384023099134
0.2023524720893142,0.9759615384615384
0.2025518341307815,0.9759846301633045
0.2027511961722488,0.9760076775431862
0.2029505582137161,0.9760306807286673
0.2031499202551834,0.9760536398467433
0.20334928229665072,0.9760765550239234
0.20354864433811803,0.9760994263862333
0.20374800637958532,0.9761222540592168
0.20394736842105263,0.976145038167939
0.20414673046251994,0.9761677788369876
0.20434609250398725,0.9761904761904762
0.20454545454545456,0.9762131303520457
0.20474481658692184,0.9762357414448669
0.20494417862838915,0.976258309591643
0.20514354066985646,0.976280834914611
0.20534290271132377,0.976303317535545
0.20554226475279108,0.9763257575757576
0.20574162679425836,0.9763481551561022
0.20594098883572567,0.9763705103969754
0.20614035087719298,0.9763928234183191
0.2063397129186603,0.9764150943396226
0.2065390749601276,0.9764373232799246
0.2067384370015949,0.9764595103578154
0.2069377990430622,0.9764816556914393
0.2071371610845295,0.9765037593984962
0.20733652312599682,0.9765258215962441
0.2075358851674641,0.9765478424015009
0.2077352472089314,0.9765698219306467
0.20793460925039872,0.9765917602996255
0.20813397129186603,0.9766136576239476
0.20833333333333334,0.9766355140186916
0.20853269537480063,0.976657329598506
0.20873205741626794,0.976679104477612
0.20893141945773525,0.9767008387698043
0.20913078149920256,0.9767225325884544
0.20933014354066987,0.9767441860465116
0.20952950558213715,0.9767657992565055
0.20972886762360446,0.9767873723305478
0.20992822966507177,0.9768089053803339
0.21012759170653908,0.9768303985171455
0.2103269537480064,0.9768518518518519
0.21052631578947367,0.9768732654949122
0.21072567783094098,0.9768946395563771
0.2109250398724083,0.976915974145891
0.2111244019138756,0.9769372693726938
0.2113237639553429,0.9769585253456221
0.2115231259968102,0.9769797421731123
0.2117224880382775,0.9770009199632015
0.21192185007974482,0.9770220588235294
0.21212121212121213,0.9770431588613406
0.21232057416267944,0.9770642201834863
0.21251993620414672,0.9770852428964253
0.21271929824561403,0.9771062271062271
0.21291866028708134,0.9771271729185728
0.21311802232854865,0.9771480804387569
0.21331738437001596,0.9771689497716894
0.21351674641148324,0.9771897810218978
0.21371610845295055,0.9772105742935278
0.21391547049441786,0.9772313296903461
0.21411483253588517,0.9772520473157416
0.21431419457735248,0.9772727272727273
0.21451355661881977,0.9772933696639419
0.21471291866028708,0.9773139745916516
0.2149122807017544,0.9773345421577516
0.2151116427432217,0.9773550724637681
0.215311004784689,0.9773755656108597
0.2155103668261563,0.9773960216998192
0.2157097288676236,0.9774164408310749
0.2159090909090909,0.9774368231046932
0.21610845295055822,0.9774571686203787
0.21630781499202553,0.9774774774774775
0.21650717703349281,0.9774977497749775
0.21670653907496013,0.9775179856115108
0.21690590111642744,0.977538185085355
0.21710526315789475,0.9775583482944344
0.21730462519936203,0.9775784753363229
0.21750398724082934,0.9775985663082437
0.21770334928229665,0.9776186213070726
0.21790271132376396,0.9776386404293381
0.21810207336523127,0.9776586237712243
0.21830143540669855,0.9776785714285714
0.21850079744816586,0.9776984834968778
0.21870015948963317,0.9777183600713012
0.21889952153110048,0.9777382012466608
0.2190988835725678,0.9777580071174378
0.21929824561403508,0.9777777777777777
0.21949760765550239,0.977797513321492
0.2196969696969697,0.9778172138420586
0.219896331738437,0.9778368794326241
0.22009569377990432,0.9778565101860053
0.2202950558213716,0.9778761061946902
0.2202950558213716,0.9770114942528736
0.2204944178628389,0.9770318021201413
0.22069377990430622,0.9770520741394528
0.22089314194577353,0.9770723104056437
0.22109250398724084,0.9770925110132158
0.22129186602870812,0.977112676056338
0.22149122807017543,0.9771328056288479
0.22169059011164274,0.9771528998242531
0.22188995215311005,0.9771729587357331
0.22208931419457736,0.9771929824561404
0.22228867623604465,0.9772129710780018
0.22248803827751196,0.9772329246935202
0.22268740031897927,0.9772528433945756
0.22288676236044658,0.9772727272727273
0.22288676236044658,0.9764192139737992
0.2230861244019139,0.9764397905759162
0.22328548644338117,0.976460331299041
0.22348484848484848,0.9764808362369338
0.2236842105263158,0.9765013054830287
0.2238835725677831,0.9765217391304348
0.2240829346092504,0.9765421372719374
0.2240829346092504,0.9756944444444444
0.2242822966507177,0.9757155247181266
0.224481658692185,0.975736568457539
0.22468102073365231,0.9757575757575757
0.22488038277511962,0.9757785467128027
0.22507974481658694,0.975799481417459
0.22507974481658694,0.9749568221070811
0.22527910685805422,0.9749784296807593
0.22527910685805422,0.9741379310344828
0.22547846889952153,0.9741602067183462
0.22567783094098884,0.9741824440619621
0.22587719298245615,0.9742046431642304
0.22607655502392343,0.9742268041237113
0.22627591706539074,0.9742489270386266
0.22647527910685805,0.9742710120068611
0.22667464114832536,0.974293059125964
0.22687400318979267,0.9743150684931506
0.22707336523125995,0.9743370402053037
0.22727272727272727,0.9743589743589743
0.22747208931419458,0.9743808710503843
0.22767145135566189,0.9744027303754266
0.2278708133971292,0.9744245524296675
0.22807017543859648,0.9744463373083475
0.2282695374800638,0.9744680851063829
0.2284688995215311,0.9744897959183674
0.2286682615629984,0.9745114698385726
0.22886762360446572,0.9745331069609507
0.229066985645933,0.9745547073791349
0.2292663476874003,0.9745762711864406
0.22946570972886762,0.9745977984758679
0.22966507177033493,0.9746192893401016
0.22986443381180224,0.9746407438715131
0.23006379585326953,0.9746621621621622
0.23026315789473684,0.9746835443037974
0.23046251993620415,0.9747048903878583
0.23066188197767146,0.974726200505476
0.23086124401913877,0.9747474747474747
0.23106060606060605,0.9747687132043734
0.23125996810207336,0.9747899159663865
0.23145933014354067,0.9748110831234257
0.23165869218500798,0.9748322147651006
0.2318580542264753,0.9748533109807209
0.23205741626794257,0.9748743718592965
0.23225677830940988,0.9748953974895398
0.2324561403508772,0.9749163879598662
0.2326555023923445,0.974937343358396
0.23285486443381181,0.9749582637729549
0.2330542264752791,0.9749791492910759
0.2332535885167464,0.975
0.23345295055821372,0.9750208159866778
0.23365231259968103,0.9750415973377704
0.23385167464114834,0.9750623441396509
0.23405103668261562,0.9750830564784053
0.23425039872408293,0.975103734439834
0.23444976076555024,0.9751243781094527
0.23464912280701755,0.9751449875724938
0.23484848484848486,0.9751655629139073
0.23504784688995214,0.9751861042183623
0.23524720893141945,0.9752066115702479
0.23544657097288677,0.9752270850536746
0.23564593301435408,0.9752475247524752
0.23584529505582136,0.9752679307502061
0.23604465709728867,0.9752883031301482
0.23624401913875598,0.9753086419753086
0.23624401913875598,0.9745065789473685
0.2364433811802233,0.9745275267050123
0.2366427432216906,0.9745484400656814
0.23684210526315788,0.9745693191140279
0.2370414673046252,0.9745901639344262
0.2372408293460925,0.9746109746109746
0.2374401913875598,0.9746317512274959
0.23763955342902712,0.9746524938675388
0.2378389154704944,0.9746732026143791
0.2378389154704944,0.9738775510204082
0.23803827751196172,0.9738988580750407
0.23823763955342903,0.973920130399348
0.23843700159489634,0.9739413680781759
0.23863636363636365,0.9739625711960944
0.23883572567783093,0.9739837398373984
0.23903508771929824,0.9740048740861088
0.23923444976076555,0.974025974025974
0.23943381180223286,0.9740470397404704
0.23963317384370017,0.9740680713128039
0.23983253588516745,0.974089068825911
0.24003189792663476,0.9741100323624595
0.24023125996810207,0.9741309620048505
0.24043062200956938,0.9741518578352181
0.2406299840510367,0.9741727199354318
0.24082934609250398,0.9741935483870968
0.2410287081339713,0.9742143432715552
0.2412280701754386,0.9742351046698873
0.2414274322169059,0.9742558326629123
0.24162679425837322,0.9742765273311897
0.2418261562998405,0.97429718875502
0.2420255183413078,0.9743178170144462
0.24222488038277512,0.9743384121892542
0.24242424242424243,0.9743589743589743
0.24262360446570974,0.9743795036028823
0.24282296650717702,0.9744
0.24302232854864433,0.9744204636290967
0.24322169059011164,0.9744408945686901
0.24342105263157895,0.9744612928970471
0.24362041467304626,0.9744816586921851
0.24362041467304626,0.9737051792828685
0.24381977671451355,0.9737261146496815
0.24401913875598086,0.9737470167064439
0.24421850079744817,0.9737678855325914
0.24441786283891548,0.9737887212073074
0.24441786283891548,0.973015873015873
0.2446172248803828,0.9730372720063442
0.24481658692185007,0.9730586370839936
0.24501594896331738,0.9730799683293745
0.2452153110047847,0.9731012658227848
0.245414673046252,0.9731225296442688
0.24561403508771928,0.9731437598736177
0.2458133971291866,0.9731649565903709
0.2458133971291866,0.972397476340694
0.2460127591706539,0.9724192277383766
0.24621212121212122,0.9724409448818898
0.24641148325358853,0.9724626278520849
0.2466108452950558,0.9724842767295597
0.24681020733652312,0.9725058915946583
0.24700956937799043,0.9725274725274725
0.24720893141945774,0.9725490196078431
0.24740829346092505,0.9725705329153606
0.24760765550239233,0.9725920125293657
0.24780701754385964,0.9726134585289515
0.24800637958532695,0.9726348709929633
0.24820574162679426,0.97265625
0.24840510366826157,0.9726775956284153
0.24860446570972886,0.9726989079563183
0.24880382775119617,0.9727201870615745
0.24900318979266348,0.9727414330218068
0.2492025518341308,0.9727626459143969
0.2494019138755981,0.9727838258164853
0.24960127591706538,0.9728049728049728
0.2498006379585327,0.9728260869565217
0.25,0.9728471683475562
0.2501993620414673,0.9728682170542635
0.2503987240829346,0.9728892331525949
0.25059808612440193,0.9729102167182663
0.25079744816586924,0.9729311678267595
0.2509968102073365,0.972952086553323
0.2511961722488038,0.972972972972973
0.2511961722488038,0.9722222222222222
0.2513955342902711,0.9722436391673092
0.2515948963317384,0.9722650231124808
0.25179425837320574,0.9722863741339491
0.25199362041467305,0.9723076923076923
0.25219298245614036,0.9723289777094543
0.25239234449760767,0.9723502304147466
0.252591706539075,0.9723714504988488
0.2527910685805423,0.9723926380368099
0.25299043062200954,0.9724137931034482
0.25318979266347685,0.9724349157733537
0.25338915470494416,0.9724560061208876
0.2535885167464115,0.9724770642201835
0.2535885167464115,0.9717341482047365
0.2537878787878788,0.9717557251908397
0.2539872408293461,0.9717772692601068
0.2541866028708134,0.9717987804878049
0.2543859649122807,0.9718202589489718
0.254585326953748,0.971841704718417
0.25478468899521534,0.9718631178707224
0.2549840510366826,0.9718844984802432
0.2551834130781499,0.9719058466211086
0.2553827751196172,0.9719271623672231
0.2555821371610845,0.9719484457922669
0.25578149920255183,0.9719696969696969
0.25598086124401914,0.9719909159727479
0.25618022328548645,0.9720121028744326
0.25637958532695376,0.9720332577475435
0.2565789473684211,0.9720543806646526
0.2567783094098884,0.9720754716981133
0.25697767145135564,0.9720965309200603
0.25717703349282295,0.9721175584024114
0.25737639553429026,0.9721385542168675
0.25757575757575757,0.9721595184349134
0.2577751196172249,0.9721804511278196
0.2577751196172249,0.97145003756574
0.2579744816586922,0.9714714714714715
0.2581738437001595,0.9714928732183046
0.2583732057416268,0.9715142428785607
0.2585725677830941,0.9715355805243445
0.25877192982456143,0.9715568862275449
0.2589712918660287,0.9715781600598354
0.259170653907496,0.9715994020926756
0.2593700159489633,0.9716206123973115
0.2595693779904306,0.9716417910447761
0.2597687400318979,0.9716629381058911
0.25996810207336524,0.9716840536512668
0.26016746411483255,0.9717051377513031
0.26036682615629986,0.9717261904761905
0.26056618819776717,0.9717472118959107
0.2607655502392344,0.9717682020802377
0.26096491228070173,0.9717891610987379
0.26116427432216904,0.9718100890207715
0.26136363636363635,0.971830985915493
0.26156299840510366,0.9718518518518519
0.261762360446571,0.9718726868985936
0.2619617224880383,0.9718934911242604
0.2621610845295056,0.9719142645971914
0.2623604465709729,0.9719350073855244
0.2625598086124402,0.9719557195571956
0.26275917065390747,0.971976401179941
0.2629585326953748,0.971997052321297
0.2631578947368421,0.9720176730486009
0.2633572567783094,0.9720382634289919
0.2635566188197767,0.9720588235294118
0.263755980861244,0.9720793534166055
0.26395534290271133,0.9720998531571219
0.26415470494417864,0.9721203228173148
0.26435406698564595,0.9721407624633431
0.26455342902711326,0.9721611721611721
0.2647527910685805,0.972181551976574
0.26495215311004783,0.972201901975128
0.26515151515151514,0.9722222222222222
0.26535087719298245,0.9722425127830533
0.26555023923444976,0.9722627737226277
0.26574960127591707,0.9722830051057623
0.2659489633173844,0.9723032069970845
0.2661483253588517,0.9723233794610342
0.266347687400319,0.9723435225618632
0.2665470494417863,0.9723636363636363
0.26674641148325356,0.9723837209302325
0.2669457735247209,0.9724037763253449
0.2671451355661882,0.9724238026124818
0.2673444976076555,0.9724437998549673
0.2675438596491228,0.972463768115942
0.2677432216905901,0.9724837074583635
0.2679425837320574,0.9725036179450073
0.26814194577352474,0.9725234996384671
0.26834130781499205,0.9725433526011561
0.26854066985645936,0.9725631768953069
0.2687400318979266,0.9725829725829725
0.2689393939393939,0.9726027397260274
0.26913875598086123,0.9726224783861671
0.26933811802232854,0.97264218862491
0.26953748006379585,0.9726618705035971
0.26973684210526316,0.9726815240833933
0.2699362041467305,0.9727011494252874
0.2701355661881978,0.9727207465900933
0.2703349282296651,0.9727403156384505
0.27053429027113235,0.9727598566308244
0.27073365231259966,0.9727793696275072
0.27093301435406697,0.9727988546886185
0.2711323763955343,0.9728183118741058
0.2713317384370016,0.9728377412437456
0.2715311004784689,0.9728571428571429
0.2717304625199362,0.9728765167737331
0.2719298245614035,0.9728958630527818
0.27212918660287083,0.9729151817533856
0.27232854864433814,0.9729344729344729
0.2725279106858054,0.9729537366548042
0.2725279106858054,0.9722617354196301
0.2727272727272727,0.9722814498933902
0.27292663476874,0.9723011363636364
0.2731259968102073,0.9723207948899929
0.27332535885167464,0.9723404255319149
0.27352472089314195,0.9723600283486888
0.27372408293460926,0.9723796033994334
0.27392344497607657,0.9723991507430998
0.2741228070175439,0.9724186704384724
0.2743221690590112,0.9724381625441696
0.27452153110047844,0.972457627118644
0.27472089314194575,0.9724770642201835
0.27472089314194575,0.9717912552891397
0.27492025518341306,0.9718111346018323
0.2751196172248804,0.971830985915493
0.2753189792663477,0.971850809289233
0.275518341307815,0.9718706047819972
0.2757177033492823,0.971890372452565
0.2759170653907496,0.9719101123595506
0.2761164274322169,0.9719298245614035
0.27631578947368424,0.9719495091164095
0.2765151515151515,0.9719691660826909
0.2767145135566188,0.9719887955182073
0.2769138755980861,0.9720083974807557
0.2771132376395534,0.972027972027972
0.27731259968102073,0.9720475192173306
0.27751196172248804,0.9720670391061452
0.27771132376395535,0.9720865317515701
0.27791068580542266,0.9721059972105998
0.27811004784689,0.9721254355400697
0.2783094098883573,0.9721448467966574
0.27850877192982454,0.9721642310368824
0.27870813397129185,0.972183588317107
0.27890749601275916,0.9722029186935371
0.27910685805422647,0.9722222222222222
0.2793062200956938,0.9722414989590562
0.2795055821371611,0.9722607489597781
0.2797049441786284,0.9722799722799723
0.2799043062200957,0.9722991689750693
0.280103668261563,0.972318339100346
0.2803030303030303,0.9723374827109267
0.2805023923444976,0.972356599861783
0.2807017543859649,0.9723756906077348
0.2809011164274322,0.9723947550034506
0.2811004784688995,0.9724137931034482
0.2812998405103668,0.972432804962095
0.28149920255183414,0.9724517906336089
0.28169856459330145,0.9724707501720579
0.28189792663476876,0.9724896836313618
0.28209728867623607,0.9725085910652921
0.2822966507177033,0.9725274725274725
0.28249601275917063,0.9725463280713795
0.28269537480063794,0.9725651577503429
0.28289473684210525,0.9725839616175462
0.28309409888357256,0.9726027397260274
0.2832934609250399,0.972621492128679
0.2834928229665072,0.9726402188782489
0.2836921850079745,0.9726589200273411
0.2838915470494418,0.9726775956284153
0.2840909090909091,0.9726962457337884
0.28429027113237637,0.9727148703956344
0.2844896331738437,0.972733469665985
0.284688995215311,0.9727520435967303
0.2848883572567783,0.9727705922396188
0.2850877192982456,0.9727891156462585
0.2852870813397129,0.972807613868117
0.28548644338118023,0.9728260869565217
0.28548644338118023,0.9721656483367278
0.28568580542264754,0.9721845318860244
0.28588516746411485,0.9722033898305085
0.28608452950558216,0.9722222222222222
0.2862838915470494,0.972241029113067
0.28648325358851673,0.9722598105548038
0.28668261562998404,0.9722785665990534
0.28688197767145135,0.9722972972972973
0.28708133971291866,0.9723160027008778
0.28728070175438597,0.9723346828609987
0.2874800637958533,0.9723533378287256
0.2876794258373206,0.9723719676549866
0.2878787878787879,0.9723905723905724
0.2880781499202552,0.9724091520861373
0.28827751196172247,0.972427706792199
0.2884768740031898,0.9724462365591398
0.2886762360446571,0.9724647414372062
0.2888755980861244,0.9724832214765101
0.2890749601275917,0.9725016767270288
0.289274322169059,0.9725201072386059
0.2894736842105263,0.9725385130609511
0.28967304625199364,0.9725568942436412
0.28987240829346095,0.9725752508361204
0.2900717703349282,0.9725935828877005
0.2902711323763955,0.9726118904475618
0.2904704944178628,0.972630173564753
0.29066985645933013,0.9726484322881921
0.29086921850079744,0.9726666666666667
0.29106858054226475,0.9726848767488341
0.29126794258373206,0.9727030625832224
0.2914673046251994,0.9727212242182302
0.2916666666666667,0.9727393617021277
0.291866028708134,0.9727574750830564
0.29206539074960125,0.9727755644090306
0.29226475279106856,0.9727936297279363
0.29246411483253587,0.9728116710875332
0.2926634768740032,0.9728296885354539
0.2928628389154705,0.9728476821192052
0.2930622009569378,0.9728656518861681
0.2932615629984051,0.9728835978835979
0.2934609250398724,0.9729015201586253
0.29366028708133973,0.9729194187582563
0.29385964912280704,0.972937293729373
0.2940590111642743,0.9729551451187335
0.2942583732057416,0.972972972972973
0.2944577352472089,0.9729907773386034
0.29465709728867623,0.9730085582620145
0.29485645933014354,0.9730263157894737
0.29505582137161085,0.9730440499671269
0.29525518341307816,0.9730617608409987
0.29545454545454547,0.9730794484569928
0.2956539074960128,0.9730971128608924
0.2958532695374801,0.9731147540983607
0.29605263157894735,0.973132372214941
0.29625199362041466,0.9731499672560576
0.29645135566188197,0.9731675392670157
0.2966507177033493,0.973185088293002
0.2968500797448166,0.973202614379085
0.2968500797448166,0.9725669497060745
0.2970494417862839,0.9725848563968669
0.2972488038277512,0.9726027397260274
0.2974481658692185,0.9726205997392438
0.2976475279106858,0.9726384364820847
0.29784688995215314,0.97265625
0.2980462519936204,0.9726740403383214
0.2982456140350877,0.9726918075422627
0.298444976076555,0.9727095516569201
0.2986443381180223,0.9727272727272728
0.29884370015948963,0.972744970798183
0.29904306220095694,0.9727626459143969
0.29924242424242425,0.9727802981205443
0.29944178628389156,0.9727979274611399
0.2996411483253589,0.9728155339805825
0.29984051036682613,0.9728331177231565
0.30003987240829344,0.9728506787330317
0.30023923444976075,0.9728682170542635
0.30043859649122806,0.972885732730794
0.30063795853269537,0.9729032258064516
0.3008373205741627,0.9729206963249516
0.30103668261563,0.9729381443298969
0.3012360446570973,0.9729555698647778
0.3014354066985646,0.972972972972973
0.3014354066985646,0.9723472668810289
0.3016347687400319,0.9723650385604113
0.3018341307814992,0.9723827874116892
0.3020334928229665,0.972400513478819
0.3022328548644338,0.9724182168056447
0.3024322169059011,0.9724358974358974
0.3026315789473684,0.9724535554131967
0.30283094098883573,0.9724711907810499
0.30303030303030304,0.9724888035828535
0.30322966507177035,0.9725063938618926
0.30342902711323766,0.9725239616613418
0.30362838915470497,0.9725415070242657
0.3038277511961722,0.9725590299936184
0.30402711323763953,0.9725765306122449
0.30422647527910684,0.9725940089228808
0.30442583732057416,0.9726114649681529
0.30462519936204147,0.9726288987905792
0.3048245614035088,0.97264631043257
0.3050239234449761,0.9726636999364272
0.3052232854864434,0.9726810673443456
0.3054226475279107,0.9726984126984127
0.305622009569378,0.9727157360406091
0.30582137161084527,0.9727330374128091
0.3060207336523126,0.9727503168567807
0.3062200956937799,0.9727675744141862
0.3064194577352472,0.9727848101265822
0.3066188197767145,0.9728020240354206
0.3068181818181818,0.972819216182048
0.30701754385964913,0.9728363866077069
0.30721690590111644,0.9728535353535354
0.30741626794258375,0.9728706624605679
0.30761562998405106,0.9728877679697352
0.3078149920255183,0.9729048519218652
0.30801435406698563,0.9729219143576826
0.30821371610845294,0.9729389553178099
0.30841307814992025,0.9729559748427673
0.30861244019138756,0.972972972972973
0.30861244019138756,0.9723618090452262
0.30881180223285487,0.9723791588198368
0.3090111642743222,0.972396486825596
0.3092105263157895,0.9724137931034482
0.3094098883572568,0.9724310776942355
0.30960925039872406,0.9724483406386976
0.30980861244019137,0.9724655819774718
0.3100079744816587,0.9724828017510945
0.310207336523126,0.9725
0.3104066985645933,0.9725171767645222
0.3106060606060606,0.9725343320848939
0.3108054226475279,0.9725514660012476
0.31100478468899523,0.972568578553616
0.31120414673046254,0.9725856697819315
0.31140350877192985,0.9726027397260274
0.3116028708133971,0.9726197884256378
0.3118022328548644,0.972636815920398
0.3120015948963317,0.9726538222498446
0.31220095693779903,0.9726708074534162
0.31240031897926634,0.9726877715704532
0.31259968102073366,0.9727047146401985
0.31279904306220097,0.9727216367017979
0.3129984051036683,0.9727385377942999
0.3131977671451356,0.9727554179566563
0.3133971291866029,0.9727722772277227
0.31359649122807015,0.9727891156462585
0.31379585326953746,0.9728059332509271
0.31399521531100477,0.9728227300802965
0.3141945773524721,0.9728395061728395
0.3143939393939394,0.9728562615669339
0.3145933014354067,0.9728729963008631
0.314792663476874,0.9728897104128158
0.3149920255183413,0.9729064039408867
0.31519138755980863,0.9729230769230769
0.31539074960127594,0.972939729397294
0.3155901116427432,0.9729563614013522
0.3155901116427432,0.9723587223587223
0.3157894736842105,0.9723756906077348
0.3159888357256778,0.9723926380368099
0.31618819776714513,0.9724095646842428
0.31638755980861244,0.9724264705882353
0.31658692185007975,0.9724433557868953
0.31678628389154706,0.9724602203182374
0.31698564593301437,0.9724770642201835
0.3171850079744817,0.9724938875305623
0.31738437001594894,0.9725106902871106
0.31758373205741625,0.9725274725274725
0.31778309409888356,0.9725442342892008
0.31798245614035087,0.9725609756097561
0.3181818181818182,0.9725776965265083
0.3183811802232855,0.9725943970767357
0.3185805422647528,0.9726110772976263
0.3187799043062201,0.9726277372262774
0.3189792663476874,0.9726443768996961
0.31917862838915473,0.9726609963547995
0.319377990430622,0.9726775956284153
0.3195773524720893,0.9726941747572816
0.3197767145135566,0.9727107337780473
0.3199760765550239,0.9727272727272728
0.3201754385964912,0.9727437916414294
0.32037480063795853,0.9727602905569007
0.32057416267942584,0.9727767695099818
0.32057416267942584,0.9721886336154776
0.32077352472089316,0.9722054380664653
0.32097288676236047,0.9722222222222222
0.3211722488038278,0.9722389861194931
0.32137161084529503,0.9722557297949337
0.32157097288676234,0.9722724532851115
0.32177033492822965,0.9722891566265061
0.32196969696969696,0.9723058398555088
0.32216905901116427,0.9723225030084236
0.3223684210526316,0.9723391461214672
0.3225677830940989,0.9723557692307693
0.3227671451355662,0.9723723723723724
0.3229665071770335,0.9723889555822329
0.3231658692185008,0.9724055188962207
0.3233652312599681,0.9724220623501199
0.3235645933014354,0.9724385859796285
0.3237639553429027,0.9724550898203593
0.32396331738437,0.9724715739078397
0.3241626794258373,0.972488038277512
0.32436204146730463,0.972504482964734
0.32456140350877194,0.972520908004779
0.32476076555023925,0.9725373134328358
0.32496012759170656,0.9725536992840096
0.32515948963317387,0.9725700655933214
0.3253588516746411,0.9725864123957092
0.32555821371610844,0.9726027397260274
0.32575757575757575,0.9726190476190476
0.32595693779904306,0.9726353361094586
0.32615629984051037,0.9726516052318668
0.3263556618819777,0.9726678550207962
0.326555023923445,0.9726840855106889
0.3267543859649123,0.9727002967359051
0.3267543859649123,0.972123368920522
0.3269537480063796,0.972139893301719
0.32715311004784686,0.9721563981042654
0.3273524720893142,0.9721728833629366
0.3275518341307815,0.972189349112426
0.3277511961722488,0.9722057953873448
0.3279505582137161,0.9722222222222222
0.3281499202551834,0.9722386296515062
0.3283492822966507,0.9722550177095631
0.32854864433811803,0.9722713864306785
0.32874800637958534,0.9722877358490566
0.32894736842105265,0.9723040659988215
0.3291467304625199,0.9723203769140165
0.3293460925039872,0.972336668628605
0.32954545454545453,0.9723529411764706
0.32974481658692184,0.9723691945914168
0.32994417862838915,0.9723854289071681
0.33014354066985646,0.9724016441573693
0.33034290271132377,0.9724178403755869
0.3305422647527911,0.9724340175953079
0.3307416267942584,0.9724501758499414
0.3309409888357257,0.9724663151728178
0.33114035087719296,0.9724824355971897
0.33133971291866027,0.9724985371562317
0.3315390749601276,0.9725146198830409
0.3317384370015949,0.972530683810637
0.3319377990430622,0.9725467289719626
0.3321371610845295,0.9725627553998832
0.3323365231259968,0.9725787631271878
0.3323365231259968,0.9720116618075801
0.33253588516746413,0.972027972027972
0.33273524720893144,0.9720442632498544
0.33293460925039875,0.9720605355064028
0.333133971291866,0.9720767888307156
0.3333333333333333,0.9720930232558139
0.3335326953748006,0.9721092388146426
0.33373205741626794,0.9721254355400697
0.33393141945773525,0.9721416134648868
0.33413078149920256,0.9721577726218097
0.33433014354066987,0.9721739130434782
0.3345295055821372,0.9721900347624566
0.3345295055821372,0.971627099015634
0.3347288676236045,0.9716435185185185
0.3349282296650718,0.97165991902834
0.33512759170653905,0.9716763005780347
0.33532695374800636,0.9716926632004622
0.33532695374800636,0.9711316397228638
0.3355263157894737,0.9711482977495672
0.335725677830941,0.9711649365628604
0.335725677830941,0.9706051873198848
0.3359250398724083,0.9706221198156681
0.3361244019138756,0.9706390328151986
0.3363237639553429,0.9706559263521288
0.3365231259968102,0.9706728004600345
0.33672248803827753,0.9706896551724138
0.3369218500797448,0.9707064905226881
0.3371212121212121,0.970723306544202
0.3373205741626794,0.9707401032702238
0.3375199362041467,0.970756880733945
0.33771929824561403,0.9707736389684813
0.33791866028708134,0.9707903780068728
0.33811802232854865,0.9708070978820835
0.33831738437001596,0.9708237986270023
0.33851674641148327,0.9708404802744426
0.3387161084529506,0.9708571428571429
0.33891547049441784,0.970873786407767
0.33911483253588515,0.9708904109589042
0.33931419457735246,0.970907016543069
0.33951355661881977,0.9709236031927024
0.3397129186602871,0.9709401709401709
0.3399122807017544,0.9709567198177677
0.3401116427432217,0.970973249857712
0.340311004784689,0.9709897610921502
0.3405103668261563,0.9710062535531552
0.34070972886762363,0.9710227272727273
0.3409090909090909,0.9710391822827938
0.3411084529505582,0.97105561861521
0.3413078149920255,0.9710720363017583
0.3415071770334928,0.9710884353741497
0.3417065390749601,0.9711048158640226
0.34190590111642744,0.9711211778029445
0.34210526315789475,0.9711375212224108
0.34230462519936206,0.9711538461538461
0.34250398724082937,0.9711701526286037
0.3427033492822967,0.9711864406779661
0.34290271132376393,0.9712027103331451
0.34310207336523124,0.9712189616252822
0.34330143540669855,0.9712351945854484
0.34350079744816586,0.9712514092446449
0.3437001594896332,0.9712676056338028
0.3437001594896332,0.9707207207207207
0.3438995215311005,0.9707371975239167
0.3440988835725678,0.9707536557930259
0.3442982456140351,0.9707700955593029
0.3444976076555024,0.9707865168539326
0.3446969696969697,0.9708029197080292
0.344896331738437,0.9708193041526375
0.3450956937799043,0.9708356702187325
0.3452950558213716,0.9708520179372198
0.3454944178628389,0.9708683473389356
0.3456937799043062,0.9708846584546472
0.34589314194577353,0.9709009513150532
0.34609250398724084,0.970917225950783
0.34629186602870815,0.970933482392398
0.34649122807017546,0.9709497206703911
0.3466905901116427,0.9709659408151871
0.3466905901116427,0.9704241071428571
0.34688995215311,0.9704406023424428
0.34708931419457734,0.9704570791527313
0.34728867623604465,0.9704735376044569
0.34728867623604465,0.9699331848552338
0.34748803827751196,0.9699499165275459
0.34768740031897927,0.9699666295884316
0.3478867623604466,0.9699833240689272
0.3480861244019139,0.97
0.3482854864433812,0.9700166574125486
0.3484848484848485,0.9700332963374029
0.34868421052631576,0.9700499168053245
0.3488835725677831,0.9700665188470067
0.3490829346092504,0.9700831024930748
0.3492822966507177,0.9700996677740864
0.349481658692185,0.9701162147205312
0.3496810207336523,0.9701327433628318
0.3498803827751196,0.9701492537313433
0.35007974481658694,0.9701657458563536
0.35027910685805425,0.9701822197680839
0.35047846889952156,0.9701986754966887
0.3506778309409888,0.9702151130722559
0.3508771929824561,0.9702315325248071
0.35107655502392343,0.9702479338842975
0.35127591706539074,0.9702643171806168
0.35147527910685805,0.9702806824435883
0.35167464114832536,0.9702970297029703
0.3518740031897927,0.9703133589884552
0.35207336523126,0.9703296703296703
0.3522727272727273,0.9703459637561779
0.3524720893141946,0.9703622392974753
0.35267145135566186,0.970378496982995
0.35287081339712917,0.9703947368421053
0.3530701754385965,0.9704109589041096
0.3532695374800638,0.9704271631982475
0.3534688995215311,0.9704433497536946
0.3536682615629984,0.9704595185995624
0.3538676236044657,0.9704756697648989
0.35406698564593303,0.9704918032786886
0.35426634768740034,0.9705079191698526
0.35446570972886765,0.9705240174672489
0.3546650717703349,0.9705400981996727
0.3548644338118022,0.9705561613958561
0.3550637958532695,0.9705722070844687
0.35526315789473684,0.9705882352941176
0.35526315789473684,0.9700598802395209
0.35526315789473684,0.969532100108814
0.35546251993620415,0.9695486677542142
0.35566188197767146,0.9695652173913043
0.35586124401913877,0.9695817490494296
0.3560606060606061,0.9695982627578719
0.3562599681020734,0.9696147585458491
0.35645933014354064,0.9696312364425163
0.35645933014354064,0.9691056910569106
0.35665869218500795,0.9691224268689057
0.35685805422647526,0.969139144558744
0.3570574162679426,0.9691558441558441
0.3572567783094099,0.9691725256895619
0.3574561403508772,0.9691891891891892
0.3576555023923445,0.9692058346839546
0.3578548644338118,0.9692224622030238
0.3580542264752791,0.9692390717754992
0.35825358851674644,0.9692556634304207
0.3584529505582137,0.9692722371967655
0.358652312599681,0.9692887931034483
0.3588516746411483,0.9693053311793215
0.3590510366826156,0.9693218514531755
0.35925039872408293,0.9693383539537386
0.35944976076555024,0.9693548387096774
0.35964912280701755,0.969371305749597
0.35984848484848486,0.9693877551020408
0.36004784688995217,0.9694041867954911
0.3602472089314195,0.9694206008583691
0.36044657097288674,0.9694369973190349
0.36064593301435405,0.9694533762057878
0.36084529505582136,0.9694697375468666
0.36104465709728867,0.9694860813704497
0.361244019138756,0.9695024077046549
0.3614433811802233,0.9695187165775401
0.3616427432216906,0.9695350080171031
0.3616427432216906,0.969017094017094
0.3618421052631579,0.9690336358782702
0.3620414673046252,0.9690501600853789
0.36224082934609253,0.9690666666666666
0.3624401913875598,0.9690831556503199
0.3626395534290271,0.9690996270644646
0.3628389154704944,0.9691160809371672
0.3630382775119617,0.9691325172964342
0.363237639553429,0.9691489361702128
0.36343700159489634,0.9691653375863902
0.36363636363636365,0.9691817215727949
0.36383572567783096,0.969198088157196
0.36403508771929827,0.9692144373673036
0.3642344497607656,0.9692307692307692
0.36443381180223283,0.9692470837751855
0.36463317384370014,0.969263381028087
0.36483253588516745,0.9692796610169492
0.36503189792663476,0.96929592376919
0.3652312599681021,0.9693121693121693
0.3654306220095694,0.9693283976731888
0.3656299840510367,0.9693446088794926
0.365829346092504,0.9693608029582673
0.3660287081339713,0.9693769799366421
0.36622807017543857,0.9693931398416886
0.3664274322169059,0.9694092827004219
0.3666267942583732,0.9694254085397996
0.3668261562998405,0.9694415173867229
0.3670255183413078,0.9694576092680358
0.3672248803827751,0.9694736842105263
0.36742424242424243,0.9694897422409259
0.36762360446570974,0.9695057833859095
0.36782296650717705,0.9695218076720967
0.36802232854864436,0.9695378151260504
0.3682216905901116,0.9695538057742782
0.3684210526315789,0.9695697796432319
0.36862041467304624,0.9695857367593078
0.36881977671451355,0.9696016771488469
0.36901913875598086,0.9696176008381352
0.36921850079744817,0.9696335078534032
0.36921850079744817,0.9691261119832548
0.3694178628389155,0.9691422594142259
0.3696172248803828,0.9691583899634083
0.3698165869218501,0.9691745036572623
0.3700159489633174,0.9691906005221932
0.37021531100478466,0.9692066805845512
0.370414673046252,0.9692227438706312
0.370414673046252,0.9687174139728885
0.3706140350877193,0.9687337154768109
0.3708133971291866,0.96875
0.3710127591706539,0.9687662675689744
0.3712121212121212,0.9687825182101977
0.3714114832535885,0.968798751950078
0.37161084529505584,0.9688149688149689
0.37181020733652315,0.9688311688311688
0.37200956937799046,0.9688473520249221
0.3722089314194577,0.9688635184224182
0.372408293460925,0.9688796680497925
0.372408293460925,0.9683773976153447
0.37260765550239233,0.9683937823834197
0.37280701754385964,0.9684101501812532
0.37300637958532695,0.9684265010351967
0.37320574162679426,0.9684428349715468
0.3734051036682616,0.968459152016546
0.3736044657097289,0.9684754521963824
0.3738038277511962,0.96849173553719
0.3740031897926635,0.9685080020650491
0.37420255183413076,0.9685242518059856
0.37440191387559807,0.9685404847859721
0.3746012759170654,0.9685567010309278
0.3748006379585327,0.9685729005667182
0.375,0.9685890834191555
0.3751993620414673,0.968605249613999
0.3753987240829346,0.9686213991769548
0.37559808612440193,0.9686375321336761
0.37559808612440193,0.9681397738951696
0.37579744816586924,0.9681561376476631
0.3759968102073365,0.9681724845995893
0.3761961722488038,0.9681888147768086
0.3763955342902711,0.9682051282051282
0.3765948963317384,0.9682214249103024
0.37679425837320574,0.9682377049180327
0.37699362041467305,0.9682539682539683
0.37719298245614036,0.9682702149437052
0.37739234449760767,0.9682864450127877
0.377591706539075,0.9683026584867076
0.3777910685805423,0.9683188553909045
0.37799043062200954,0.9683350357507661
0.37818979266347685,0.9683511995916284
0.37838915470494416,0.9683673469387755
0.3785885167464115,0.96838347781744
0.3787878787878788,0.9683995922528033
0.3789872408293461,0.9684156902699949
0.3789872408293461,0.9679226069246436
0.3791866028708134,0.9679389312977099
0.3793859649122807,0.9679552390640895
0.3793859649122807,0.9674631418403661
0.3793859649122807,0.9669715447154471
0.379585326953748,0.9669883189436262
0.37978468899521534,0.9670050761421319
0.3799840510366826,0.9670218163368848
0.3801834130781499,0.9670385395537525
0.3803827751196172,0.9670552458185504
0.3805821371610845,0.9670719351570415
0.38078149920255183,0.9670886075949368
0.38098086124401914,0.9671052631578947
0.38118022328548645,0.9671219018715225
0.38137958532695376,0.9671385237613751
0.3815789473684211,0.9671551288529561
0.3817783094098884,0.9671717171717171
0.38197767145135564,0.9671882887430591
0.38217703349282295,0.9672048435923309
0.38217703349282295,0.9667170953101362
0.38237639553429026,0.9667338709677419
0.38257575757575757,0.9667506297229219
0.3827751196172249,0.9667673716012085
0.3829744816586922,0.9667840966280825
0.3831738437001595,0.9668008048289738
0.3833732057416268,0.9668174962292609
0.3835725677830941,0.9668341708542714
0.38377192982456143,0.9668508287292817
0.3839712918660287,0.9668674698795181
0.384170653907496,0.9668840943301555
0.3843700159489633,0.966900702106319
0.3845693779904306,0.9669172932330827
0.3847687400318979,0.966933867735471
0.38496810207336524,0.9669504256384577
0.38516746411483255,0.9669669669669669
0.38536682615629986,0.966983491745873
0.38536682615629986,0.9665
0.38556618819776717,0.9665167416291854
0.3857655502392344,0.9665334665334665
0.38596491228070173,0.9665501747378932
0.38616427432216904,0.966566866267465
0.38636363636363635,0.9665835411471322
0.38656299840510366,0.9666001994017946
0.386762360446571,0.966616841056303
0.3869617224880383,0.9666334661354582
0.3869617224880383,0.9661523145843703
0.3871610845295056,0.9661691542288557
0.3873604465709729,0.966185977125808
0.3875598086124402,0.9662027833001988
0.38775917065390747,0.9662195727769498
0.3879585326953748,0.9662363455809335
0.3881578947368421,0.9662531017369727
0.3883572567783094,0.9662698412698413
0.3885566188197767,0.9662865642042637
0.388755980861244,0.9663032705649157
0.38895534290271133,0.966319960376424
0.38915470494417864,0.9663366336633663
0.38935406698564595,0.9663532904502722
0.38955342902711326,0.9663699307616221
0.3897527910685805,0.9663865546218487
0.38995215311004783,0.9664031620553359
0.39015151515151514,0.9664197530864198
0.39035087719298245,0.9664363277393879
0.39055023923444976,0.9664528860384806
0.39074960127591707,0.9664694280078896
0.3909489633173844,0.9664859536717595
0.3909489633173844,0.9660098522167487
0.3911483253588517,0.96602658788774
0.391347687400319,0.9660433070866141
0.3915470494417863,0.9660600098376783
0.39174641148325356,0.9660766961651918
0.3919457735247209,0.966093366093366
0.3921451355661882,0.9661100196463654
0.3923444976076555,0.9661266568483063
0.3923444976076555,0.9656526005888125
0.3925438596491228,0.9656694458067681
0.3927432216905901,0.9656862745098039
0.3929425837320574,0.965703086722195
0.39314194577352474,0.9657198824681684
0.39334130781499205,0.9657366617719041
0.39354066985645936,0.9657534246575342
0.3937400318979266,0.9657701711491442
0.3939393939393939,0.9657869012707723
0.39413875598086123,0.9658036150464093
0.39433811802232854,0.9658203125
0.39453748006379585,0.9658369936554417
0.39453748006379585,0.9653658536585366
0.39453748006379585,0.9648951730862994
0.39473684210526316,0.9649122807017544
0.3949362041467305,0.964929371651242
0.3951355661881978,0.9649464459591042
0.3953349282296651,0.964963503649635
0.39553429027113235,0.9649805447470817
0.39573365231259966,0.9649975692756442
0.39593301435406697,0.9650145772594753
0.3961323763955343,0.9650315687226809
0.3963317384370016,0.9650485436893204
0.3965311004784689,0.9650655021834061
0.3967304625199362,0.965082444228904
0.3969298245614035,0.9650993698497334
0.39712918660287083,0.9651162790697675
0.39732854864433814,0.9651331719128329
0.3975279106858054,0.9651500484027106
0.3977272727272727,0.965166908563135
0.39792663476874,0.965183752417795
0.3981259968102073,0.9652005799903335
0.39832535885167464,0.9652173913043478
0.39852472089314195,0.9652341863833896
0.39872408293460926,0.9652509652509652
0.39892344497607657,0.9652677279305355
0.3991228070175439,0.9652844744455159
0.3993221690590112,0.9653012048192771
0.39952153110047844,0.9653179190751445
0.39952153110047844,0.9648531535869042
0.39972089314194575,0.9648700673724735
0.39992025518341306,0.9648869648869649
0.4001196172248804,0.9649038461538462
0.4003189792663477,0.9649207111965401
0.400518341307815,0.9649375600384246
0.400518341307815,0.9644743158905424
0.4007177033492823,0.9644913627639156
0.4009170653907496,0.9645083932853717
0.4011164274322169,0.9645254074784276
0.40131578947368424,0.9645424053665549
0.4015151515151515,0.9645593869731801
0.4017145135566188,0.964576352321685
0.4019138755980861,0.9645933014354067
0.4021132376395534,0.9646102343376375
0.40231259968102073,0.9646271510516252
0.40251196172248804,0.9646440516005733
0.40271132376395535,0.9646609360076409
0.40291068580542266,0.9646778042959427
0.40311004784689,0.9646946564885496
0.4033094098883573,0.9647114926084883
0.40350877192982454,0.9647283126787417
0.40370813397129185,0.9647451167222487
0.40390749601275916,0.9647619047619047
0.40410685805422647,0.9647786768205616
0.40410685805422647,0.9643196955280685
0.4043062200956938,0.9643366619115549
0.4045055821371611,0.9643536121673004
0.4047049441786284,0.9643705463182898
0.4049043062200957,0.9643874643874644
0.405103668261563,0.9644043663977219
0.4053030303030303,0.9644212523719166
0.4055023923444976,0.9644381223328592
0.4057017543859649,0.9644549763033176
0.4059011164274322,0.9644718143060161
0.4061004784688995,0.9644886363636364
0.4062998405103668,0.9645054424988169
0.40649920255183414,0.9645222327341533
0.40669856459330145,0.9645390070921985
0.40689792663476876,0.9645557655954632
0.40709728867623607,0.9645725082664147
0.4072966507177033,0.9645892351274787
0.40749601275917063,0.9646059462010382
0.40749601275917063,0.9641509433962264
0.40769537480063794,0.9641678453559641
0.40789473684210525,0.9641847313854854
0.40809409888357256,0.9642016015073009
0.4082934609250399,0.9642184557438794
0.4084928229665072,0.9642352941176471
0.4086921850079745,0.9642521166509878
0.4088915470494418,0.9642689233662435
0.4090909090909091,0.9642857142857143
0.40929027113237637,0.9643024894316581
0.4094896331738437,0.964319248826291
0.409688995215311,0.9643359924917879
0.4098883572567783,0.9643527204502814
0.4100877192982456,0.9643694327238631
0.4102870813397129,0.9643861293345829
0.41048644338118023,0.9644028103044496
0.41068580542264754,0.9644194756554307
0.41088516746411485,0.9644361254094524
0.41108452950558216,0.9644527595884004
0.4112838915470494,0.9644693782141187
0.41148325358851673,0.9644859813084112
0.41168261562998404,0.9645025688930406
0.41188197767145135,0.9645191409897292
0.41208133971291866,0.9645356976201587
0.41228070175438597,0.9645522388059702
0.4124800637958533,0.9645687645687646
0.4126794258373206,0.9645852749301025
0.4128787878787879,0.9646017699115044
0.4130781499202552,0.9646182495344506
0.41327751196172247,0.9646347138203816
0.4134768740031898,0.9646511627906976
0.4136762360446571,0.9646675964667596
0.4138755980861244,0.9646840148698885
0.4140749601275917,0.9647004180213655
0.414274322169059,0.9647168059424327
0.4144736842105263,0.9647331786542923
0.4144736842105263,0.9642857142857143
0.41467304625199364,0.9643022716736208
0.41487240829346095,0.964318813716404
0.41487240829346095,0.9638721630384437
0.4150717703349282,0.9638888888888889
0.4152711323763955,0.9639055992596021
0.4154704944178628,0.9639222941720629
0.41566985645933013,0.9639389736477115
0.41586921850079744,0.9639556377079482
0.41606858054226475,0.9639722863741339
0.41626794258373206,0.96398891966759
0.4164673046251994,0.9640055376095985
0.4166666666666667,0.9640221402214022
0.416866028708134,0.9640387275242047
0.41706539074960125,0.9640552995391705
0.41726475279106856,0.9640718562874252
0.41746411483253587,0.9640883977900553
0.4176634768740032,0.9641049240681087
0.4178628389154705,0.9641214351425943
0.4180622009569378,0.9641379310344828
0.4182615629984051,0.9641544117647058
0.4184609250398724,0.9641708773541571
0.41866028708133973,0.9641873278236914
0.41885964912280704,0.9642037631941257
0.4190590111642743,0.9642201834862385
0.4192583732057416,0.9642365887207703
0.4194577352472089,0.9642529789184234
0.41965709728867623,0.9642693540998626
0.41985645933014354,0.9642857142857143
0.42005582137161085,0.9643020594965676
0.42025518341307816,0.9643183897529735
0.42045454545454547,0.9643347050754458
0.4206539074960128,0.9643510054844607
0.4208532695374801,0.9643672910004568
0.42105263157894735,0.9643835616438357
0.42125199362041466,0.9643998174349612
0.42145135566188197,0.9644160583941606
0.4216507177033493,0.9644322845417237
0.4218500797448166,0.9644484958979034
0.4220494417862839,0.9644646924829157
0.4222488038277512,0.9644808743169399
0.4224481658692185,0.9644970414201184
0.4226475279106858,0.9645131938125568
0.4226475279106858,0.9640745793542519
0.42284688995215314,0.9640909090909091
0.4230462519936204,0.9641072239890959
0.4232456140350877,0.9641235240690281
0.423444976076555,0.9641398093508852
0.4236443381180223,0.9641560798548094
0.42384370015948963,0.964172335600907
0.42404306220095694,0.9641885766092475
0.42424242424242425,0.9642048028998641
0.42444178628389156,0.9642210144927537
0.4246411483253589,0.9642372114078769
0.42484051036682613,0.9642533936651584
0.42503987240829344,0.9642695612844867
0.42503987240829344,0.9638336347197106
0.42503987240829344,0.9633981021238138
0.42523923444976075,0.9634146341463414
0.42543859649122806,0.963431151241535
0.42563795853269537,0.9634476534296029
0.4258373205741627,0.9634641407307172
0.42603668261563,0.9634806131650135
0.4262360446570973,0.9634970707525913
0.4264354066985646,0.9635135135135136
0.4266347687400319,0.9635299414678073
0.4268341307814992,0.9635463546354636
0.4270334928229665,0.9635627530364372
0.4272328548644338,0.9635791366906474
0.4274322169059011,0.9635955056179776
0.4276315789473684,0.9636118598382749
0.42783094098883573,0.9636281993713516
0.42783094098883573,0.9631956912028725
0.42803030303030304,0.9632122027815164
0.42822966507177035,0.9632286995515695
0.42842902711323766,0.9632451815329449
0.42862838915470497,0.9632616487455197
0.4288277511961722,0.9632781012091357
0.42902711323763953,0.963294538943599
0.42922647527910684,0.96331096196868
0.42942583732057416,0.9633273703041145
0.42962519936204147,0.9633437639696022
0.4298245614035088,0.9633601429848079
0.4300239234449761,0.9633765073693613
0.4302232854864434,0.9633928571428572
0.4304226475279107,0.963409192324855
0.430622009569378,0.9634255129348795
0.43082137161084527,0.9634418189924209
0.4310207336523126,0.9634581105169341
0.4312200956937799,0.9634743875278396
0.4314194577352472,0.9634906500445236
0.4316188197767145,0.9635068980863374
0.4318181818181818,0.9635231316725978
0.43201754385964913,0.9635393508225878
0.43221690590111644,0.9635555555555556
0.43241626794258375,0.9635717458907153
0.43241626794258375,0.9631438721136767
0.43261562998405106,0.9631602308033733
0.4328149920255183,0.9631765749778172
0.43301435406698563,0.9631929046563192
0.43321371610845294,0.963209219858156
0.43341307814992025,0.9632255206025698
0.43361244019138756,0.9632418069087688
0.43381180223285487,0.9632580787959274
0.4340111642743222,0.9632743362831858
0.4342105263157895,0.9632905793896506
0.4342105263157895,0.9628647214854111
0.4344098883572568,0.9628811312417145
0.43460925039872406,0.9628975265017667
0.43480861244019137,0.9629139072847682
0.4350079744816587,0.9629302736098853
0.435207336523126,0.9629466254962505
0.4354066985645933,0.9629629629629629
0.4354066985645933,0.9625385632437197
0.4356060606060606,0.9625550660792952
0.4358054226475279,0.9625715543813298
0.43600478468899523,0.9625880281690141
0.43620414673046254,0.9626044874615046
0.43620414673046254,0.9621811785400176
0.43640350877192985,0.9621978021978022
0.4366028708133971,0.9622144112478032
0.4368022328548644,0.9622310057092666
0.4370015948963317,0.9622475856014048
0.43720095693779903,0.9622641509433962
0.43740031897926634,0.962280701754386
0.43759968102073366,0.9622972380534853
0.43779904306220097,0.9623137598597721
0.4379984051036683,0.9623302671922909
0.4381977671451356,0.9623467600700525
0.4383971291866029,0.962363238512035
0.43859649122807015,0.9623797025371829
0.43879585326953746,0.9623961521644075
0.43899521531100477,0.9624125874125874
0.4391945773524721,0.9624290083005679
0.4393939393939394,0.9624454148471616
0.4395933014354067,0.9624618070711479
0.439792663476874,0.962478184991274
0.439792663476874,0.962058438726559
0.4399920255183413,0.9620749782040104
0.44019138755980863,0.9620915032679739
0.44039074960127594,0.9621080139372822
0.4405901116427432,0.9621245102307358
0.4407894736842105,0.9621409921671018
0.4409888357256778,0.9621574597651152
0.44118819776714513,0.9621739130434782
0.44138755980861244,0.9621903520208605
0.44158692185007975,0.9622067767158993
0.44178628389154706,0.9622231871471993
0.44198564593301437,0.9622395833333334
0.4421850079744817,0.9622559652928416
0.44238437001594894,0.9622723330442324
0.44258373205741625,0.9622886866059818
0.44278309409888356,0.9623050259965338
0.44298245614035087,0.9623213512343005
0.4431818181818182,0.9623376623376624
0.4433811802232855,0.9623539593249676
0.4435805422647528,0.9623702422145328
0.4437799043062201,0.9623865110246433
0.4437799043062201,0.9619706136560069
0.4439792663476874,0.9619870410367171
0.4439792663476874,0.9615716753022453
0.44417862838915473,0.9615882606819163
0.444377990430622,0.9616048317515099
0.4445773524720893,0.9616213885295386
0.4447767145135566,0.9616379310344828
0.4449760765550239,0.961654459284791
0.4451754385964912,0.9616709732988803
0.44537480063795853,0.9616874730951356
0.44557416267942584,0.9617039586919105
0.44577352472089316,0.9617204301075268
0.44597288676236047,0.9617368873602752
0.4461722488038278,0.9617533304684143
0.44637161084529503,0.9617697594501718
0.44657097288676234,0.9617861743237441
0.44677033492822965,0.9618025751072962
0.44696969696969696,0.9618189618189619
0.44716905901116427,0.9618353344768439
0.4473684210526316,0.9618516930990142
0.4475677830940989,0.9618680377035133
0.4477671451355662,0.9618843683083512
0.4479665071770335,0.9619006849315068
0.4481658692185008,0.9619169875909286
0.4483652312599681,0.9619332763045337
0.4485645933014354,0.9619495510902095
0.4487639553429027,0.961965811965812
0.44896331738437,0.961982058949167
0.4491626794258373,0.96199829205807
0.44936204146730463,0.9620145113102859
0.44956140350877194,0.9620307167235495
0.44976076555023925,0.962046908315565
0.44996012759170656,0.9620630861040068
0.45015948963317387,0.962079250106519
0.4503588516746411,0.9620954003407155
0.45055821371610844,0.9621115368241805
0.45075757575757575,0.9621276595744681
0.45095693779904306,0.9621437686091026
0.45115629984051037,0.9621598639455783
0.45115629984051037,0.9617509562260943
0.4513556618819777,0.9617672047578589
0.451555023923445,0.9617834394904459
0.4517543859649123,0.9617996604414262
0.4517543859649123,0.9613915994908783
0.4519537480063796,0.9614079728583546
0.45215311004784686,0.9614243323442137
0.4523524720893142,0.9614406779661017
0.4525518341307815,0.961457009741635
0.4525518341307815,0.9610499576629975
0.4527511961722488,0.9610664409648751
0.4529505582137161,0.961082910321489
0.4531499202551834,0.9610993657505286
0.4533492822966507,0.9611158072696534
0.45354864433811803,0.9611322348964935
0.45374800637958534,0.9611486486486487
0.45394736842105265,0.9611650485436893
0.4541467304625199,0.9611814345991562
0.4543460925039872,0.9611978068325601
0.45454545454545453,0.9612141652613828
0.45474481658692184,0.9612305099030762
0.45494417862838915,0.9612468407750632
0.45514354066985646,0.9612631578947368
0.45534290271132377,0.9612794612794613
0.4555422647527911,0.9612957509465713
0.4557416267942584,0.9613120269133726
0.4559409888357257,0.9613282891971416
0.4559409888357257,0.9609243697478992
0.45614035087719296,0.9609407811843763
0.45614035087719296,0.9605373635600336
0.45633971291866027,0.9605539236256819
0.4565390749601276,0.9605704697986577
0.4567384370015949,0.9605870020964361
0.4569377990430622,0.9606035205364627
0.4571371610845295,0.9606200251361542
0.4573365231259968,0.9606365159128978
0.45753588516746413,0.9606529928840519
0.45773524720893144,0.9606694560669456
0.45793460925039875,0.9606859054788791
0.458133971291866,0.9607023411371237
0.458133971291866,0.9603008775595487
0.458133971291866,0.9598997493734336
0.4583333333333333,0.9599164926931106
0.4585326953748006,0.9599332220367279
0.45873205741626794,0.9599499374217773
0.45873205741626794,0.9595496246872394
0.45873205741626794,0.9591496456857024
0.45893141945773525,0.9591666666666666
0.45913078149920256,0.9591836734693877
0.45933014354066987,0.9592006661115737
0.4595295055821372,0.9592176446109031
0.4597288676236045,0.959234608985025
0.4597288676236045,0.9588357588357589
0.4599282296650718,0.9588528678304239
0.46012759170653905,0.9588699626090569
0.46032695374800636,0.9588870431893688
0.4605263157894737,0.958904109589041
0.460725677830941,0.9589211618257262
0.4609250398724083,0.9589381999170469
0.4609250398724083,0.9585406301824212
0.4611244019138756,0.9585578118524658
0.4613237639553429,0.9585749792874897
0.4615231259968102,0.9585921325051759
0.46172248803827753,0.9586092715231788
0.4619218500797448,0.9586263963591228
0.4621212121212121,0.9586435070306039
0.4623205741626794,0.9586606035551881
0.4625199362041467,0.9586776859504132
0.4625199362041467,0.9582817017761256
0.46271929824561403,0.958298926507019
0.46291866028708134,0.9583161370202229
0.46291866028708134,0.9579207920792079
0.46311802232854865,0.9579381443298969
0.46331738437001596,0.9579554822753503
0.46351674641148327,0.957972805933251
0.4637161084529506,0.9579901153212521
0.46391547049441784,0.9580074104569781
0.46411483253588515,0.9580246913580247
0.46431419457735246,0.958041958041958
0.46451355661881977,0.9580592105263158
0.4647129186602871,0.9580764488286067
0.4649122807017544,0.9580936729663106
0.4651116427432217,0.9581108829568789
0.465311004784689,0.958128078817734
0.4655103668261563,0.95814526056627
0.4655103668261563,0.9577522559474979
0.46570972886762363,0.957769577695777
0.4659090909090909,0.9577868852459016
0.4661084529505582,0.9578041786153216
0.4663078149920255,0.9578214578214578
0.4665071770334928,0.9578387228817028
0.4667065390749601,0.9578559738134206
0.46690590111642744,0.9578732106339468
0.46710526315789475,0.9578904333605888
0.46730462519936206,0.9579076420106253
0.46750398724082937,0.9579248366013072
0.4677033492822967,0.957942017149857
0.46790271132376393,0.9579591836734694
0.46810207336523124,0.9579763361893104
0.46830143540669855,0.9579934747145188
0.46850079744816586,0.9580105992662047
0.4687001594896332,0.9580277098614507
0.4688995215311005,0.9580448065173116
0.4690988835725678,0.9580618892508144
0.4692982456140351,0.958078958078958
0.4694976076555024,0.9580960130187144
0.4694976076555024,0.9577063847092314
0.4696969696969697,0.9577235772357724
0.469896331738437,0.9577407557903291
0.4700956937799043,0.9577579203899269
0.4702950558213716,0.9577750710515631
0.4704944178628389,0.9577922077922078
0.4706937799043062,0.9578093306288032
0.47089314194577353,0.9578264395782644
0.47109250398724084,0.9578435346574787
0.47129186602870815,0.9578606158833063
0.47149122807017546,0.9578776832725799
0.4716905901116427,0.9578947368421052
0.47188995215311,0.9579117766086604
0.47208931419457734,0.9579288025889967
0.47228867623604465,0.9579458147998382
0.47248803827751196,0.957962813257882
0.47268740031897927,0.9579797979797979
0.4728867623604466,0.9579967689822294
0.4730861244019139,0.9580137262817925
0.4732854864433812,0.9580306698950767
0.4734848484848485,0.9580475998386446
0.47368421052631576,0.9580645161290322
0.47368421052631576,0.9576783555018138
0.4738835725677831,0.9576954069298953
0.4740829346092504,0.9577124446234394
0.4740829346092504,0.9573268921095008
0.4742822966507177,0.9573440643863179
0.474481658692185,0.9573612228479486
0.4746810207336523,0.9573783675110575
0.4748803827751196,0.957395498392283
0.47507974481658694,0.9574126155082362
0.47527910685805425,0.957429718875502
0.47547846889952156,0.9574468085106383
0.4756778309409888,0.9574638844301766
0.4758771929824561,0.9574809466506218
0.47607655502392343,0.9574979951884522
0.47627591706539074,0.9575150300601203
0.47647527910685805,0.9575320512820513
0.47647527910685805,0.9571485782939527
0.47667464114832536,0.9571657325860689
0.4768740031897927,0.9571828731492596
0.47707336523126,0.9572
0.4772727272727273,0.9572171131547381
0.4772727272727273,0.9568345323741008
0.4774720893141946,0.9568517778665602
0.47767145135566186,0.9568690095846646
0.47787081339712917,0.9568862275449102
0.4780701754385965,0.9569034317637669
0.4782695374800638,0.9569206222576785
0.4784688995215311,0.9569377990430622
0.4786682615629984,0.9569549621363093
0.4788676236044657,0.9569721115537848
0.47906698564593303,0.956989247311828
0.47926634768740034,0.9570063694267515
0.47946570972886765,0.9570234779148428
0.4796650717703349,0.9570405727923628
0.4798644338118022,0.9570576540755468
0.4800637958532695,0.9570747217806042
0.48026315789473684,0.9570917759237187
0.48046251993620415,0.9571088165210484
0.48066188197767146,0.9571258435887257
0.48086124401913877,0.9571428571428572
0.4810606060606061,0.957159857199524
0.4812599681020734,0.957176843774782
0.48145933014354064,0.9571938168846611
0.48165869218500795,0.9572107765451664
0.48185805422647526,0.9572277227722772
0.4820574162679426,0.9572446555819477
0.4822567783094099,0.9572615749901069
0.4824561403508772,0.9572784810126582
0.4826555023923445,0.9572953736654805
0.4828548644338118,0.9573122529644269
0.4830542264752791,0.9573291189253259
0.48325358851674644,0.957345971563981
0.48325358851674644,0.9569680221081721
0.4834529505582137,0.9569850039463299
0.483652312599681,0.9570019723865878
0.4838516746411483,0.957018927444795
0.4840510366826156,0.9570358691367757
0.48425039872408293,0.9570527974783294
0.48444976076555024,0.9570697124852304
0.48464912280701755,0.9570866141732284
0.48484848484848486,0.957103502558048
0.48504784688995217,0.9571203776553895
0.4852472089314195,0.957137239480928
0.48544657097288674,0.9571540880503144
0.48564593301435405,0.9571709233791749
0.48584529505582136,0.9571877454831108
0.48584529505582136,0.9568119356105221
0.48584529505582136,0.956436420722135
0.48604465709728867,0.9564535111808552
0.486244019138756,0.9564705882352941
0.4864433811802233,0.9564876519012152
0.4866427432216906,0.9565047021943573
0.4868421052631579,0.9565217391304348
0.4870414673046252,0.956538762725137
0.48724082934609253,0.9565557729941292
0.4874401913875598,0.9565727699530516
0.4876395534290271,0.9565897536175205
0.4878389154704944,0.9566067240031274
0.4880382775119617,0.9566236811254396
0.488237639553429,0.956640625
0.48843700159489634,0.9566575556423272
0.48863636363636365,0.9566744730679156
0.48883572567783096,0.9566913772922356
0.48883572567783096,0.9563182527301092
0.48883572567783096,0.9559454191033139
0.48903508771929827,0.955962587685113
0.4892344497607656,0.9559797428905337
0.48943381180223283,0.9559968847352025
0.48963317384370014,0.9560140132347217
0.48983253588516745,0.9560311284046693
0.49003189792663476,0.956048230260599
0.4902312599681021,0.9560653188180405
0.4904306220095694,0.9560823940924991
0.4906299840510367,0.9560994560994561
0.490829346092504,0.9561165048543689
0.4910287081339713,0.9561335403726708
0.49122807017543857,0.956150562669771
0.49122807017543857,0.9557796741660202
0.4914274322169059,0.9557968204730516
0.4916267942583732,0.9558139534883721
0.4918261562998405,0.9558310732274312
0.4920255183413078,0.9558481797056545
0.4922248803827751,0.9558652729384437
0.49242424242424243,0.9558823529411765
0.49262360446570974,0.955899419729207
0.49282296650717705,0.9559164733178654
0.49302232854864436,0.9559335137224585
0.4932216905901116,0.9559505409582689
0.4934210526315789,0.9559675550405562
0.49362041467304624,0.955984555984556
0.49381977671451355,0.9560015438054805
0.49401913875598086,0.9560185185185185
0.49421850079744817,0.9560354801388353
0.4944178628389155,0.9560524286815728
0.4946172248803828,0.9560693641618497
0.4946172248803828,0.9557010785824345
0.4948165869218501,0.9557181363111282
0.4950159489633174,0.955735180908391
0.49521531100478466,0.9557522123893806
0.495414673046252,0.9557692307692308
0.4956140350877193,0.9557862360630527
0.4958133971291866,0.9558032282859339
0.4960127591706539,0.9558202074529389
0.4962121212121212,0.955837173579109
0.4964114832535885,0.9558541266794626
0.49661084529505584,0.9558710667689946
0.49681020733652315,0.9558879938626774
0.49700956937799046,0.9559049079754601
0.49700956937799046,0.955538520505941
0.4972089314194577,0.9555555555555556
0.497408293460925,0.9555725775564917
0.49760765550239233,0.9555895865237366
0.49760765550239233,0.9552238805970149
0.49780701754385964,0.9552410099464422
0.49800637958532695,0.9552581261950287
0.49820574162679426,0.9552752293577982
0.4984051036682616,0.9552923194497516
0.4986044657097289,0.9553093964858671
0.4988038277511962,0.9553264604810997
0.4990031897926635,0.9553435114503817
0.49920255183413076,0.9553605494086227
0.49940191387559807,0.9553775743707094
0.4996012759170654,0.9553945863515059
0.4998006379585327,0.9554115853658537
0.5,0.9554285714285714
0.5001993620414673,0.9554455445544554
0.5003987240829346,0.9554625047582794
0.5005980861244019,0.9554794520547946
0.5007974481658692,0.9554963864587296
0.5007974481658692,0.9551330798479087
0.5009968102073366,0.9551501330292664
0.5011961722488039,0.9551671732522796
0.5013955342902712,0.9551842005317128
0.5015948963317385,0.9552012148823082
0.5017942583732058,0.9552182163187856
0.501993620414673,0.9552352048558422
0.5021929824561403,0.9552521805081532
0.5023923444976076,0.9552691432903715
0.5025917065390749,0.9552860932171277
0.5027910685805422,0.9553030303030303
0.5029904306220095,0.9553199545626656
0.5031897926634769,0.9553368660105981
0.5031897926634769,0.9549754067347711
0.5033891547049442,0.9549924357034796
0.5035885167464115,0.9550094517958412
0.5037878787878788,0.955026455026455
0.5039872408293461,0.955043445409898
0.5041866028708134,0.9550604229607251
0.5043859649122807,0.9550773876934693
0.504585326953748,0.9550943396226416
0.5047846889952153,0.955111278762731
0.5049840510366826,0.9551282051282052
0.50518341307815,0.9551451187335093
0.5053827751196173,0.955162019593067
0.5055821371610846,0.9551789077212806
0.5057814992025519,0.9551957831325302
0.5059808612440191,0.9552126458411743
0.5061802232854864,0.95522949586155
0.5063795853269537,0.9552463332079729
0.506578947368421,0.9552631578947368
0.5067783094098883,0.9552799699361142
0.5069776714513556,0.9552967693463561
0.507177033492823,0.955313556139692
0.5073763955342903,0.9553303303303303
0.5075757575757576,0.9553470919324578
0.5077751196172249,0.9553638409602401
0.5077751196172249,0.9550056242969629
0.5079744816586922,0.9550224887556222
0.5081738437001595,0.9550393405769951
0.5081738437001595,0.9546816479400749
0.5083732057416268,0.9546986147510296
0.5085725677830941,0.9547155688622755
0.5087719298245614,0.9547325102880658
0.5089712918660287,0.9547494390426328
0.509170653907496,0.9547663551401869
0.5093700159489634,0.9547832585949177
0.5095693779904307,0.9548001494209937
0.5097687400318979,0.9548170276325616
0.5099681020733652,0.9548338932437477
0.5101674641148325,0.9548507462686567
0.5103668261562998,0.9548675867213726
0.5105661881977671,0.9548844146159582
0.5107655502392344,0.9549012299664554
0.5109649122807017,0.9549180327868853
0.511164274322169,0.9549348230912477
0.5113636363636364,0.9549516008935219
0.5115629984051037,0.9549683662076666
0.511762360446571,0.9549851190476191
0.5119617224880383,0.9550018594272964
0.5121610845295056,0.9550185873605948
0.5123604465709729,0.9550353028613898
0.5125598086124402,0.9550520059435365
0.5125598086124402,0.9546973635350909
0.5125598086124402,0.9543429844097996
0.5127591706539075,0.9543599257884973
0.5129585326953748,0.9543768545994066
0.5129585326953748,0.9540229885057471
0.5131578947368421,0.9540400296515937
0.5133572567783095,0.9540570581696924
0.5135566188197768,0.9540740740740741
0.513755980861244,0.9540910773787487
0.5139553429027113,0.9541080680977054
0.5141547049441786,0.954125046244913
0.5143540669856459,0.9541420118343196
0.5145534290271132,0.9541589648798521
0.5147527910685805,0.9541759053954176
0.5149521531100478,0.9541928333949021
0.5151515151515151,0.9542097488921714
0.5153508771929824,0.9542266519010705
0.5155502392344498,0.9542435424354243
0.5157496012759171,0.9542604205090373
0.5159489633173844,0.9542772861356932
0.5161483253588517,0.954294139329156
0.516347687400319,0.9543109801031687
0.5165470494417863,0.9543278084714549
0.5167464114832536,0.9543446244477173
0.5169457735247209,0.9543614280456386
0.5171451355661882,0.9543782192788816
0.5173444976076556,0.9543949981610886
0.5175438596491229,0.9544117647058824
0.5177432216905901,0.9544285189268651
0.5179425837320574,0.9544452608376194
0.5181419457735247,0.9544619904517077
0.518341307814992,0.9544787077826725
0.5185406698564593,0.9544954128440367
0.5185406698564593,0.9541452677916361
0.5187400318979266,0.9541620828749542
0.5189393939393939,0.9541788856304986
0.5191387559808612,0.9541956760718212
0.5193381180223285,0.9542124542124543
0.5195374800637959,0.9542292200659099
0.5197368421052632,0.9542459736456809
0.5199362041467305,0.9542627149652396
0.5201355661881978,0.9542794440380395
0.5203349282296651,0.9542961608775137
0.5205342902711324,0.9543128654970761
0.5207336523125997,0.9543295579101205
0.520933014354067,0.954346238130022
0.5211323763955343,0.9543629061701351
0.5213317384370016,0.9543795620437956
0.5215311004784688,0.9543962057643196
0.5217304625199362,0.9544128373450036
0.5219298245614035,0.954429456799125
0.5221291866028708,0.9544460641399417
0.5223285486443381,0.9544626593806922
0.5225279106858054,0.9544792425345958
0.5227272727272727,0.9544958136148526
0.52292663476874,0.9545123726346434
0.5231259968102073,0.9545289196071298
0.5233253588516746,0.9545454545454546
0.523524720893142,0.9545619774627409
0.5237240829346093,0.954578488372093
0.5239234449760766,0.9545949872865964
0.5241228070175439,0.9546114742193174
0.5243221690590112,0.9546279491833031
0.5245215311004785,0.954644412191582
0.5247208931419458,0.9546608632571636
0.5249202551834131,0.9546773023930384
0.5249202551834131,0.9543312794490757
0.5251196172248804,0.9543478260869566
0.5253189792663477,0.9543643607388628
0.5255183413078149,0.9543808834178131
0.5255183413078149,0.9540354686934491
0.5255183413078149,0.9536903039073806
0.5255183413078149,0.9533453887884268
0.5257177033492823,0.9533622559652929
0.5259170653907496,0.9533791109504879
0.5261164274322169,0.9533959537572254
0.5263157894736842,0.9534127843986999
0.5265151515151515,0.9534296028880866
0.5267145135566188,0.9534464092385421
0.5269138755980861,0.9534632034632035
0.5271132376395534,0.9534799855751893
0.5273125996810207,0.9534967555875992
0.527511961722488,0.9535135135135135
0.5277113237639554,0.9535302593659942
0.5279106858054227,0.9535469931580842
0.52811004784689,0.9535637149028078
0.5283094098883573,0.9535804246131702
0.5285087719298246,0.9535971223021583
0.5287081339712919,0.95361380798274
0.5287081339712919,0.9532710280373832
0.5289074960127592,0.9532878189004671
0.5291068580542265,0.9533045977011494
0.5293062200956937,0.9533213644524237
0.529505582137161,0.9533381191672649
0.5297049441786283,0.9533548618586294
0.5299043062200957,0.9533715925394548
0.530103668261563,0.9533883112226604
0.5303030303030303,0.953405017921147
0.5305023923444976,0.9534217126477965
0.5307017543859649,0.9534383954154728
0.5307017543859649,0.9530970282849982
0.5309011164274322,0.9531138153185398
0.5311004784688995,0.9531305903398927
0.5312998405103668,0.9531473533619457
0.5314992025518341,0.9531641043975688
0.5316985645933014,0.953180843459614
0.5318979266347688,0.9531975705609146
0.5320972886762361,0.9532142857142857
0.5322966507177034,0.9532309889325241
0.5322966507177034,0.9528907922912205
0.5324960127591707,0.9529075990010702
0.532695374800638,0.9529243937232525
0.532695374800638,0.9525846702317291
0.5328947368421053,0.9526015680684248
0.5330940988835726,0.9526184538653366
0.5332934609250398,0.9526353276353277
0.5334928229665071,0.9526521893912424
0.5334928229665071,0.9523131672597864
0.5336921850079744,0.952330131625756
0.5338915470494418,0.9523470839260313
0.5338915470494418,0.952008531816566
0.5340909090909091,0.9520255863539445
0.5342902711323764,0.9520426287744227
0.5344896331738437,0.9520596590909091
0.534688995215311,0.952076677316294
0.5348883572567783,0.9520936834634492
0.5350877192982456,0.9521106775452288
0.5352870813397129,0.9521276595744681
0.5352870813397129,0.9517901453385325
0.5354864433811802,0.9518072289156626
0.5356858054226475,0.9518243003896564
0.5358851674641149,0.9518413597733711
0.5360845295055822,0.951858407079646
0.5360845295055822,0.9515215852795471
0.5362838915470495,0.9515387336399009
0.5364832535885168,0.9515558698727016
0.5366826156299841,0.9515729939908095
0.5366826156299841,0.9512367491166078
0.5368819776714514,0.9512539738608266
0.5370813397129187,0.951271186440678
0.5372807017543859,0.9512883868690434
0.5374800637958532,0.9513055751587862
0.5376794258373205,0.9513227513227513
0.5378787878787878,0.9513399153737658
0.5378787878787878,0.951004582305252
0.5380781499202552,0.9510218463706835
0.5382775119617225,0.9510390982740402
0.5384768740031898,0.951056338028169
0.5386762360446571,0.9510735656458993
0.5388755980861244,0.9510907811400422
0.5390749601275917,0.9511079845233907
0.539274322169059,0.9511251758087201
0.5394736842105263,0.9511423550087873
0.5396730462519936,0.9511595221363317
0.539872408293461,0.9511766772040745
0.5400717703349283,0.9511938202247191
0.5402711323763956,0.9512109512109512
0.5404704944178629,0.9512280701754386
0.5406698564593302,0.9512451771308312
0.5408692185007975,0.9512622720897616
0.5410685805422647,0.9512793550648441
0.541267942583732,0.9512964260686756
0.5414673046251993,0.9513134851138354
0.5416666666666666,0.9513305322128851
0.5418660287081339,0.9513475673783689
0.5420653907496013,0.9513645906228132
0.5422647527910686,0.9513816019587268
0.5424641148325359,0.9513986013986014
0.5426634768740032,0.9514155889549109
0.5428628389154705,0.9514325646401118
0.5430622009569378,0.9514495284666434
0.5432615629984051,0.9514664804469274
0.5434609250398724,0.9514834205933682
0.5434609250398724,0.9511514305652478
0.5436602870813397,0.9511684687826997
0.543859649122807,0.9511854951185496
0.543859649122807,0.9508539560822586
0.5440590111642744,0.9508710801393728
0.5442583732057417,0.9508881922675027
0.544457735247209,0.9509052924791086
0.5446570972886763,0.9509223807866342
0.5446570972886763,0.9505915100904663
0.5448564593301436,0.9506086956521739
0.5450558213716108,0.9506258692628651
0.5452551834130781,0.9506430309350017
0.5454545454545454,0.9506601806810285
0.5456539074960127,0.9506773185133727
0.54585326953748,0.9506944444444444
0.5460526315789473,0.9507115584866366
0.5462519936204147,0.9507286606523248
0.546451355661882,0.9507457509538675
0.5466507177033493,0.9507628294036061
0.5468500797448166,0.9507798960138648
0.5468500797448166,0.9504504504504504
0.5470494417862839,0.9504676134395567
0.5472488038277512,0.9504847645429363
0.5474481658692185,0.9505019037729318
0.5476475279106858,0.9505190311418685
0.5478468899521531,0.9505361466620547
0.5480462519936204,0.9505532503457814
0.5482456140350878,0.9505703422053232
0.5484449760765551,0.9505874222529371
0.5486443381180224,0.9506044905008636
0.5488437001594896,0.950621546961326
0.5488437001594896,0.9502934069727305
0.5490430622009569,0.9503105590062112
0.5492424242424242,0.950327699206623
0.5494417862838915,0.9503448275862069
0.5496411483253588,0.9503619441571872
0.5498405103668261,0.9503790489317712
0.5500398724082934,0.9503961419221495
0.5502392344497608,0.9504132231404959
0.5504385964912281,0.9504302925989673
0.5504385964912281,0.9501032346868548
0.5506379585326954,0.9501203990368077
0.5508373205741627,0.9501375515818432
0.55103668261563,0.9501546923341354
0.5512360446570973,0.9501718213058419
0.5514354066985646,0.9501889385091034
0.5516347687400319,0.9502060439560439
0.5518341307814992,0.950223137658771
0.5520334928229665,0.9502402196293754
0.5522328548644339,0.9502572898799314
0.5524322169059012,0.9502743484224966
0.5526315789473685,0.9502913952691121
0.5528309409888357,0.9503084304318026
0.553030303030303,0.9503254539225763
0.5532296650717703,0.9503424657534246
0.5534290271132376,0.9503594659363231
0.5536283891547049,0.9503764544832307
0.5538277511961722,0.9503934314060897
0.5540271132376395,0.9504103967168263
0.5542264752791068,0.9504273504273504
0.5542264752791068,0.9501025290498974
0.5544258373205742,0.9501195763580458
0.5544258373205742,0.9497950819672131
0.5546251993620415,0.9498122226015705
0.5548245614035088,0.9498293515358361
0.5550239234449761,0.9498464687819856
0.5552232854864434,0.9498635743519782
0.5554226475279107,0.9498806682577565
0.555622009569378,0.9498977505112475
0.5558213716108453,0.9499148211243612
0.5560207336523126,0.9499318801089919
0.55622009569378,0.9499489274770173
0.5564194577352473,0.9499659632402995
0.5566188197767146,0.9499829874106839
0.5568181818181818,0.95
0.5570175438596491,0.9500170010200613
0.5572169059011164,0.9500339904826649
0.5574162679425837,0.9500509683995922
0.5574162679425837,0.9497282608695652
0.5574162679425837,0.9494057724957555
0.557615629984051,0.9494229463679565
0.5578149920255183,0.9494401085850017
0.5580143540669856,0.9494572591587517
0.5582137161084529,0.9494743981010512
0.5584130781499203,0.9494915254237288
0.5586124401913876,0.9495086411385971
0.5588118022328549,0.9495257452574526
0.5590111642743222,0.9495428377920758
0.5592105263157895,0.9495599187542315
0.5594098883572568,0.9495769881556684
0.5596092503987241,0.949594046008119
0.5598086124401914,0.9496110923233007
0.5600079744816587,0.9496281271129141
0.560207336523126,0.9496451503886448
0.5604066985645934,0.9496621621621621
0.5606060606060606,0.9496791624451199
0.5608054226475279,0.949696151249156
0.5608054226475279,0.9493756328045899
0.5610047846889952,0.9493927125506073
0.5612041467304625,0.9494097807757167
0.5614035087719298,0.9494268374915711
0.5616028708133971,0.9494438827098078
0.5618022328548644,0.9494609164420486
0.5620015948963317,0.9494779386998989
0.562200956937799,0.9494949494949495
0.562200956937799,0.9491753618310333
0.5624003189792663,0.949192462987887
0.5625996810207337,0.9492095526404305
0.562799043062201,0.949226630800269
0.5629984051036683,0.9492436974789916
0.5631977671451356,0.949260752688172
0.5633971291866029,0.9492777964393685
0.5633971291866029,0.948959032907992
0.5635964912280702,0.9489761664988251
0.5637958532695375,0.9489932885906041
0.5639952153110048,0.949010399194901
0.5641945773524721,0.9490274983232729
0.5643939393939394,0.9490445859872612
0.5645933014354066,0.9490616621983914
0.564792663476874,0.9490787269681742
0.5649920255183413,0.9490957803081045
0.5651913875598086,0.9491128222296619
0.5651913875598086,0.9487951807228916
0.5653907496012759,0.9488123118099699
0.5655901116427432,0.948829431438127
0.5657894736842105,0.9488465396188566
0.5659888357256778,0.9488636363636364
0.5661881977671451,0.9488807216839291
0.5663875598086124,0.9488977955911824
0.5665869218500797,0.9489148580968281
0.5667862838915471,0.9489319092122831
0.5669856459330144,0.948948948948949
0.5671850079744817,0.9489659773182122
0.567384370015949,0.9489829943314438
0.567384370015949,0.9486666666666667
0.5675837320574163,0.9486837720759747
0.5677830940988836,0.9487008660892738
0.5679824561403509,0.9487179487179487
0.5681818181818182,0.9487350199733688
0.5683811802232854,0.9487520798668885
0.5685805422647527,0.948769128409847
0.56877990430622,0.9487861656135683
0.56877990430622,0.948470744680851
0.5689792663476874,0.9484878697241609
0.5691786283891547,0.9485049833887044
0.5691786283891547,0.9481899701095982
0.569377990430622,0.9482071713147411
0.5695773524720893,0.9482243611018918
0.5697767145135566,0.9482415394824154
0.5699760765550239,0.9482587064676616
0.5701754385964912,0.9482758620689655
0.5703748006379585,0.9482930062976467
0.5705741626794258,0.94831013916501
0.5707735247208932,0.9483272606823452
0.5709728867623605,0.9483443708609272
0.5709728867623605,0.9480304534922211
0.5711722488038278,0.9480476505625414
0.5711722488038278,0.9477340390340722
0.5711722488038278,0.9474206349206349
0.5713716108452951,0.9474380165289257
0.5713716108452951,0.9471249173826835
0.5715709728867624,0.9471423851998678
0.5715709728867624,0.9468295904887715
0.5715709728867624,0.9465170023109938
0.5717703349282297,0.9465346534653465
0.571969696969697,0.9465522929726163
0.5721690590111643,0.9465699208443272
0.5723684210526315,0.9465875370919882
0.5725677830940988,0.946605141727093
0.5727671451355661,0.9466227347611202
0.5729665071770335,0.9466403162055336
0.5731658692185008,0.9466578860717814
0.5733652312599681,0.9466754443712969
0.5735645933014354,0.9466929911154985
0.5737639553429027,0.9467105263157894
0.57396331738437,0.9467280499835581
0.5741626794258373,0.9467455621301775
0.5743620414673046,0.9467630627670063
0.5745614035087719,0.9467805519053877
0.5747607655502392,0.9467980295566503
0.5749601275917066,0.9468154957321077
0.5751594896331739,0.9468329504430587
0.5753588516746412,0.9468503937007874
0.5755582137161085,0.9468678255165628
0.5757575757575758,0.9468852459016394
0.5759569377990431,0.9469026548672567
0.5761562998405104,0.9469200524246396
0.5763556618819776,0.9469374385849983
0.5765550239234449,0.9469548133595285
0.5767543859649122,0.9469721767594108
0.5769537480063796,0.9469895287958116
0.5771531100478469,0.9470068694798822
0.5773524720893142,0.94702419882276
0.5775518341307815,0.9470415168355671
0.5777511961722488,0.9470588235294117
0.5779505582137161,0.9470761189153871
0.5781499202551834,0.9470934030045721
0.5783492822966507,0.9471106758080313
0.578548644338118,0.9471279373368147
0.5787480063795853,0.9471451876019575
0.5789473684210527,0.9471624266144814
0.57914673046252,0.9471796543853929
0.57914673046252,0.946870925684485
0.57914673046252,0.9465623981753014
0.5793460925039873,0.9465798045602606
0.5795454545454546,0.9465971996092478
0.5797448165869219,0.9466145833333334
0.5799441786283892,0.9466319557435731
0.5801435406698564,0.9466493168510085
0.5803429027113237,0.9466666666666667
0.580542264752791,0.9466840052015605
0.5807416267942583,0.9467013324666883
0.5809409888357256,0.9467186484730344
0.581140350877193,0.9467359532315687
0.5813397129186603,0.9467532467532468
0.5815390749601276,0.94677052904901
0.5817384370015949,0.9467878001297858
0.5819377990430622,0.9468050600064872
0.5821371610845295,0.9468223086900129
0.5823365231259968,0.946839546191248
0.5825358851674641,0.9468567725210628
0.5825358851674641,0.9465500485908649
0.5827352472089314,0.9465673575129534
0.5829346092503987,0.9465846552282292
0.5829346092503987,0.9462783171521035
0.5829346092503987,0.9459721772889033
0.5831339712918661,0.9459896507115135
0.5833333333333334,0.9460071128354348
0.5835326953748007,0.9460245636716225
0.583732057416268,0.9460420032310177
0.5839314194577353,0.9460594315245479
0.5841307814992025,0.9460768485631256
0.5843301435406698,0.94609425435765
0.5845295055821371,0.9461116489190061
0.5847288676236044,0.9461290322580646
0.5849282296650717,0.946146404385682
0.585127591706539,0.9461637653127015
0.5853269537480064,0.9461811150499516
0.5855263157894737,0.9461984536082474
0.585725677830941,0.9462157809983897
0.5859250398724083,0.9462330972311654
0.5861244019138756,0.9462504023173479
0.5863237639553429,0.9462676962676962
0.5865231259968102,0.946284979092956
0.5867224880382775,0.9463022508038585
0.5867224880382775,0.9459980713596914
0.5869218500797448,0.9460154241645244
0.5869218500797448,0.9457115322839704
0.5871212121212122,0.9457289659601799
0.5871212121212122,0.9454253611556982
0.5873205741626795,0.9454428754813864
0.5873205741626795,0.9451395572666025
0.5875199362041468,0.945157152020526
0.5877192982456141,0.9451747354921449
0.5879186602870813,0.9451923076923077
0.5881180223285486,0.9452098686318487
0.5883173843700159,0.9452274183215887
0.5885167464114832,0.9452449567723343
0.5887161084529505,0.9452624839948783
0.5887161084529505,0.94496
0.5889154704944178,0.944977607165707
0.5891148325358851,0.9449952030700352
0.5893141945773525,0.9450127877237852
0.5895135566188198,0.9450303611377436
0.5897129186602871,0.9450479233226837
0.5899122807017544,0.9450654742893644
0.5901116427432217,0.9450830140485313
0.5901116427432217,0.944781359719119
0.590311004784689,0.9447989789406509
0.5905103668261563,0.9448165869218501
0.5907097288676236,0.9448341836734694
0.5909090909090909,0.944851769206248
0.5911084529505582,0.9448693435309115
0.5913078149920256,0.9448869066581714
0.5913078149920256,0.9445859872611465
0.5915071770334929,0.944603629417383
0.5917065390749602,0.9446212603437301
0.5919059011164274,0.9446388800509068
0.5921052631578947,0.9446564885496184
0.592304625199362,0.9446740858505565
0.5925039872408293,0.9446916719643992
0.5927033492822966,0.9447092469018112
0.5929027113237639,0.9447268106734434
0.5931020733652312,0.9447443632899333
0.5933014354066986,0.9447619047619048
0.5935007974481659,0.9447794350999683
0.5937001594896332,0.9447969543147208
0.5938995215311005,0.9448144624167459
0.5940988835725678,0.9448319594166138
0.5942982456140351,0.9448494453248811
0.5944976076555024,0.9448669201520913
0.5946969696969697,0.9448843839087742
0.594896331738437,0.9449018366054465
0.5950956937799043,0.9449192782526116
0.5952950558213717,0.9449367088607595
0.595494417862839,0.944954128440367
0.5956937799043063,0.9449715370018975
0.5958931419457735,0.9449889345558015
0.5960925039872408,0.9450063211125158
0.5960925039872408,0.9447077409162717
0.5962918660287081,0.9447252053063803
0.5964912280701754,0.9447426586675087
0.5966905901116427,0.944760101010101
0.59688995215311,0.9447775323445882
0.59688995215311,0.9444794952681388
0.5970893141945773,0.9444970040996531
0.5972886762360446,0.9445145018915511
0.597488038277512,0.9445319886542705
0.5976874003189793,0.9445494643982356
0.5978867623604466,0.9445669291338583
0.5980861244019139,0.9445843828715366
0.5982854864433812,0.9446018256216556
0.5984848484848485,0.9446192573945877
0.5986842105263158,0.9446366782006921
0.5988835725677831,0.9446540880503145
0.5990829346092504,0.9446714869537881
0.5990829346092504,0.9443746071653049
0.5992822966507177,0.944392082940622
0.5994816586921851,0.9444095477386935
0.5996810207336523,0.9444270015698587
0.5998803827751196,0.9444444444444444
0.6000797448165869,0.9444618763727644
0.6002791068580542,0.9444792973651192
0.6004784688995215,0.9444967074317968
0.6004784688995215,0.9442006269592477
0.6006778309409888,0.9442181134440614
0.6008771929824561,0.9442355889724311
0.6010765550239234,0.9442530535546508
0.6012759170653907,0.9442705072010019
0.601475279106858,0.9442879499217527
0.6016746411483254,0.9443053817271589
0.6018740031897927,0.9443228026274633
0.60207336523126,0.9443402126328956
0.60207336523126,0.9440450140668959
0.6022727272727273,0.9440625
0.6022727272727273,0.943767572633552
0.6024720893141946,0.943785134291068
0.6026714513556619,0.9438026849828286
0.6028708133971292,0.9438202247191011
0.6028708133971292,0.9435257410296412
0.6030701754385965,0.9435433562071117
0.6032695374800638,0.943560960399127
0.6034688995215312,0.9435785536159601
0.6036682615629984,0.9435961358678716
0.6038676236044657,0.9436137071651091
0.604066985645933,0.9436312675179072
0.6042663476874003,0.9436488169364882
0.6044657097288676,0.9436663554310614
0.6046650717703349,0.9436838830118233
0.6048644338118022,0.943701399688958
0.6050637958532695,0.9437189054726368
0.6052631578947368,0.9437364003730183
0.6054625199362041,0.9437538844002487
0.6056618819776715,0.9437713575644611
0.6058612440191388,0.9437888198757765
0.6060606060606061,0.9438062713443031
0.6062599681020734,0.9438237119801366
0.6062599681020734,0.9435308718585169
0.6064593301435407,0.9435483870967742
0.606658692185008,0.9435658914728682
0.606658692185008,0.9432734035957843
0.606658692185008,0.9429810969941121
0.6068580542264753,0.942998760842627
0.6070574162679426,0.9430164137503871
0.6072567783094099,0.9430340557275542
0.6074561403508771,0.9430516867842773
0.6076555023923444,0.943069306930693
0.6078548644338118,0.9430869161769254
0.6080542264752791,0.943104514533086
0.6082535885167464,0.9431221020092736
0.6084529505582137,0.9431396786155748
0.608652312599681,0.9431572443620636
0.6088516746411483,0.9431747992588018
0.6088516746411483,0.9428836060512504
0.6090510366826156,0.9429012345679012
0.6092503987240829,0.9429188522061093
0.6094497607655502,0.9429364589759408
0.6096491228070176,0.9429540548874499
0.6096491228070176,0.9426633785450061
0.6098484848484849,0.9426810477657935
0.6100478468899522,0.9426987060998152
0.6102472089314195,0.9427163535571297
0.6104465709728868,0.9427339901477833
0.6106459330143541,0.9427516158818098
0.6106459330143541,0.9424615384615385
0.6108452950558214,0.9424792371577976
0.6110446570972887,0.9424969249692496
0.611244019138756,0.942514601905933
0.6114433811802232,0.9425322679778734
0.6116427432216905,0.9425499231950845
0.6118421052631579,0.9425675675675675
0.6118421052631579,0.9422781700951797
0.6120414673046252,0.9422958870472683
0.6122408293460925,0.942313593126726
0.6124401913875598,0.9423312883435583
0.6126395534290271,0.9423489727077583
0.6128389154704944,0.9423666462293072
0.6130382775119617,0.9423843089181735
0.6130382775119617,0.9420955882352942
0.613237639553429,0.9421133231240428
0.6134370015948963,0.9421310471524801
0.6134370015948963,0.9418426691153964
0.6136363636363636,0.9418604651162791
0.613835725677831,0.941878250229428
0.6140350877192983,0.9418960244648318
0.6142344497607656,0.9419137878324672
0.6144338118022329,0.9419315403422983
0.6144338118022329,0.9416437519095631
0.6144338118022329,0.9413561392791692
0.6146331738437002,0.9413740458015267
0.6148325358851675,0.9413919413919414
0.6148325358851675,0.9411046689044859
0.6148325358851675,0.9408175716900549
0.6148325358851675,0.9405306495882891
0.6150318979266348,0.9405487804878049
0.6152312599681021,0.9405669003352637
0.6154306220095693,0.9405850091407678
0.6156299840510366,0.9406031069144075
0.615829346092504,0.9406211936662606
0.615829346092504,0.9403348554033486
0.6160287081339713,0.9403530127814973
0.6162280701754386,0.9403711591116519
0.6164274322169059,0.940389294403893
0.6166267942583732,0.9404074186682883
0.6166267942583732,0.9401215805471125
0.6168261562998405,0.940139775144333
0.6170255183413078,0.9401579586877278
0.6172248803827751,0.9401761311873671
0.6172248803827751,0.9398907103825137
0.6174242424242424,0.9399089529590289
0.6176236044657097,0.9399271844660194
0.617822966507177,0.9399454049135578
0.6180223285486444,0.939963614311704
0.6182216905901117,0.9399818126705062
0.618421052631579,0.94
0.6186204146730463,0.940018176310209
0.6188197767145136,0.9400363416111448
0.6190191387559809,0.9400544959128065
0.6192185007974481,0.9400726392251816
0.6194178628389154,0.940090771558245
0.6196172248803827,0.9401088929219601
0.6196172248803827,0.9398246144541881
0.61981658692185,0.9398428053204353
0.6200159489633174,0.9398609851919009
0.6202153110047847,0.9398791540785498
0.620414673046252,0.9398973119903352
0.6206140350877193,0.9399154589371981
0.6208133971291866,0.9399335949290674
0.6210127591706539,0.93995171997586
0.6212121212121212,0.9399698340874811
0.6214114832535885,0.9399879372738239
0.6216108452950558,0.9400060295447694
0.6218102073365231,0.9400241109101869
0.6218102073365231,0.9397408858089786
0.6220095693779905,0.9397590361445783
0.6222089314194578,0.9397771755495333
0.6224082934609251,0.9397953040337146
0.6226076555023924,0.9398134216069817
0.6228070175438597,0.9398315282791817
0.623006379585327,0.9398496240601504
0.623006379585327,0.9395670475045099
0.6232057416267942,0.939585211902615
0.6234051036682615,0.9396033653846154
0.6236044657097288,0.9396215079603485
0.6236044657097288,0.9393393393393393
0.6238038277511961,0.9393575502851996
0.6240031897926634,0.93937575030012
0.6242025518341308,0.9393939393939394
0.6242025518341308,0.9391121775644871
0.6244019138755981,0.9391304347826087
0.6244019138755981,0.9388489208633094
0.6246012759170654,0.9388672460293677
0.6248006379585327,0.938885560215698
0.625,0.9389038634321654
0.6251993620414673,0.9389221556886228
0.6253987240829346,0.9389404369949117
0.6255980861244019,0.9389587073608617
0.6257974481658692,0.9389769667962907
0.6259968102073366,0.9389952153110048
0.6261961722488039,0.9390134529147982
0.6263955342902712,0.9390316796174537
0.6265948963317385,0.9390498954287422
0.6267942583732058,0.9390681003584229
0.626993620414673,0.9390862944162437
0.6271929824561403,0.9391044776119403
0.6273923444976076,0.9391226499552372
0.6275917065390749,0.9391408114558473
0.6277910685805422,0.9391589621234715
0.6279904306220095,0.9391771019677997
0.6281897926634769,0.9391952309985097
0.6283891547049442,0.9392133492252682
0.6285885167464115,0.9392314566577301
0.6287878787878788,0.939249553305539
0.6289872408293461,0.9392676391783269
0.6289872408293461,0.9389880952380952
0.6291866028708134,0.9390062481404344
0.6293859649122807,0.9390243902439024
0.629585326953748,0.9390425215581326
0.6297846889952153,0.9390606420927468
0.6299840510366826,0.9390787518573551
0.63018341307815,0.9390968508615567
0.63018341307815,0.9388179388179388
0.6303827751196173,0.9388361045130641
0.6303827751196173,0.9385574354407836
0.6303827751196173,0.9382789317507418
0.6305821371610846,0.9382972411747256
0.6307814992025519,0.9383155397390273
0.6307814992025519,0.9380373554699081
0.6309808612440191,0.9380557202133966
0.6311802232854864,0.9380740740740741
0.6313795853269537,0.9380924170616114
0.6313795853269537,0.9378146283683743
0.631578947368421,0.9378330373001776
0.6317783094098883,0.9378514353358982
0.6319776714513556,0.9378698224852071
0.632177033492823,0.937888198757764
0.6323763955342903,0.937906564163217
0.6323763955342903,0.9376293230860183
0.6325757575757576,0.9376477541371159
0.6327751196172249,0.9376661742983752
0.6329744816586922,0.9376845835794447
0.6329744816586922,0.9374077354591084
0.6331738437001595,0.9374262101534829
0.6333732057416268,0.9374446739451165
0.6335725677830941,0.9374631268436578
0.6337719298245614,0.9374815688587438
0.6339712918660287,0.9375
0.634170653907496,0.937518420277041
0.6343700159489634,0.9375368296994696
0.6345693779904307,0.9375552282768778
0.6345693779904307,0.9372791519434629
0.6347687400318979,0.9372976155431263
0.6349681020733652,0.9373160682754561
0.6349681020733652,0.9370403059723448
0.6351674641148325,0.9370588235294117
0.6353668261562998,0.9370773301970009
0.6355661881977671,0.9370958259847149
0.6357655502392344,0.9371143109021451
0.6359649122807017,0.9371327849588719
0.6359649122807017,0.9368575624082232
0.636164274322169,0.9368761009982384
0.6363636363636364,0.9368946287056061
0.6365629984051037,0.9369131455399061
0.6365629984051037,0.9366383103549428
0.6365629984051037,0.9363636363636364
0.636762360446571,0.9363822925828202
0.6369617224880383,0.936400937866354
0.6371610845295056,0.93641957222385
0.6373604465709729,0.9364381956649092
0.6375598086124402,0.9364568081991215
0.6377591706539075,0.9364754098360656
0.6379585326953748,0.9364940005853087
0.6381578947368421,0.9365125804564073
0.6383572567783095,0.9365311494589061
0.6385566188197768,0.9365497076023391
0.638755980861244,0.9365682548962292
0.6389553429027113,0.9365867913500877
0.6391547049441786,0.9366053169734151
0.6391547049441786,0.9363317757009346
0.6393540669856459,0.9363503649635037
0.6395534290271132,0.9363689433741973
0.6397527910685805,0.9363875109425153
0.6399521531100478,0.9364060676779463
0.6401515151515151,0.9364246135899679
0.6403508771929824,0.9364431486880467
0.6405502392344498,0.936461672981638
0.6407496012759171,0.9364801864801865
0.6409489633173844,0.9364986891931255
0.6409489633173844,0.9362259755387303
0.6411483253588517,0.9362445414847161
0.641347687400319,0.9362630966239813
0.6415470494417863,0.9362816409659587
0.6417464114832536,0.9363001745200699
0.6419457735247209,0.9363186972957255
0.6419457735247209,0.936046511627907
0.6421451355661882,0.93606509735542
0.6423444976076556,0.936083672283556
0.6423444976076556,0.935811792041824
0.6425438596491229,0.9358304297328688
0.6427432216905901,0.9358490566037736
0.6429425837320574,0.9358676726639582
0.6429425837320574,0.9355961705831157
0.6431419457735247,0.935614849187935
0.643341307814992,0.9356335169614381
0.6435406698564593,0.9356521739130435
0.6437400318979266,0.9356708200521588
0.6437400318979266,0.9353997682502897
0.6439393939393939,0.9354184766869389
0.6441387559808612,0.9354371742906775
0.6443381180223285,0.9354558610709117
0.6443381180223285,0.9351851851851852
0.6445374800637959,0.9352039340468614
0.6447368421052632,0.9352226720647774
0.6449362041467305,0.9352413992483377
0.6451355661881978,0.9352601156069364
0.6451355661881978,0.9349898873158047
0.6453349282296651,0.9350086655112652
0.6455342902711324,0.9350274328616807
0.6457336523125997,0.9350461893764435
0.645933014354067,0.935064935064935
0.6461323763955343,0.9350836699365263
0.6461323763955343,0.9348139601961349
0.6463317384370016,0.9348327566320646
0.6463317384370016,0.9345632747189392
0.6465311004784688,0.9345821325648415
0.6467304625199362,0.9346009795447998
0.6469298245614035,0.9346198156682027
0.6469298245614035,0.934350705441981
0.6469298245614035,0.9340817501439264
0.6471291866028708,0.9341007194244604
0.6473285486443381,0.9341196777905638
0.6475279106858054,0.9341386252516537
0.6477272727272727,0.9341575618171363
0.64792663476874,0.934176487496407
0.6481259968102073,0.9341954022988506
0.6483253588516746,0.9342143062338408
0.648524720893142,0.934233199310741
0.6487240829346093,0.9342520815389033
0.6489234449760766,0.9342709529276694
0.6489234449760766,0.9340028694404591
0.6491228070175439,0.934021801491681
0.6493221690590112,0.9340407226842558
0.6495215311004785,0.9340596330275229
0.6495215311004785,0.9337919174548581
0.6497208931419458,0.933810888252149
0.6497208931419458,0.9335433973073618
0.6499202551834131,0.9335624284077892
0.6501196172248804,0.9335814486115087
0.6503189792663477,0.9336004579278764
0.6505183413078149,0.9336194563662374
0.6507177033492823,0.9336384439359268
0.6509170653907496,0.9336574206462682
0.6509170653907496,0.933390508862207
0.6511164274322169,0.9334095455844527
0.6513157894736842,0.9334285714285714
0.6515151515151515,0.9334475864038846
0.6517145135566188,0.933466590519703
0.6519138755980861,0.9334855837853269
0.6521132376395534,0.9335045662100456
0.6523125996810207,0.9335235378031383
0.652511961722488,0.9335424985738734
0.6527113237639554,0.9335614485315085
0.6529106858054227,0.9335803876852907
0.65311004784689,0.9335993160444571
0.6533094098883573,0.9336182336182336
0.6535087719298246,0.9336371404158359
0.6537081339712919,0.9336560364464692
0.6539074960127592,0.9336749217193282
0.6541068580542265,0.933693796243597
0.6541068580542265,0.9334281650071123
0.6543062200956937,0.9334470989761092
0.654505582137161,0.9334660221779926
0.6547049441786283,0.9334849346219443
0.6549043062200957,0.9335038363171355
0.655103668261563,0.9335227272727272
0.6553030303030303,0.93354160749787
0.6555023923444976,0.9335604770017035
0.6557017543859649,0.933579335793358
0.6559011164274322,0.9335981838819524
0.6561004784688995,0.9336170212765957
0.6562998405103668,0.9336358479863869
0.6562998405103668,0.9333711369435781
0.6564992025518341,0.933390022675737
0.6564992025518341,0.9331255313119864
0.6566985645933014,0.9331444759206798
0.6568979266347688,0.9331634097989239
0.6570972886762361,0.9331823329558324
0.6572966507177034,0.9332012454005095
0.6574960127591707,0.9332201471420487
0.657695374800638,0.9332390381895332
0.6578947368421053,0.9332579185520362
0.6580940988835726,0.9332767882386203
0.6582934609250398,0.933295647258338
0.6584928229665071,0.9333144956202317
0.6586921850079744,0.9333333333333333
0.6588915470494418,0.9333521604066648
0.6590909090909091,0.9333709768492378
0.6592902711323764,0.9333897826700537
0.6594896331738437,0.9334085778781038
0.659688995215311,0.9334273624823696
0.6598883572567783,0.9334461364918217
0.6600877192982456,0.9334648999154215
0.6602870813397129,0.9334836527621195
0.6604864433811802,0.9335023950408565
0.6606858054226475,0.9335211267605634
0.6608851674641149,0.9335398479301605
0.6608851674641149,0.933277027027027
0.6610845295055822,0.9332958063608219
0.6610845295055822,0.9330332020258864
0.6612838915470495,0.9330520393811533
0.6614832535885168,0.9330708661417323
0.6616826156299841,0.9330896823165589
0.6618819776714514,0.9331084879145587
0.6620813397129187,0.9331272829446474
0.6622807017543859,0.9331460674157304
0.6624800637958532,0.9331648413367032
0.6626794258373205,0.9331836047164515
0.6626794258373205,0.9329216952006736
0.6628787878787878,0.9329405162738497
0.6630781499202552,0.9329593267882188
0.6632775119617225,0.932978126752664
0.6632775119617225,0.9327165685449958
0.6634768740031898,0.9327354260089686
0.6636762360446571,0.9327542729055758
0.6638755980861244,0.9327731092436975
0.6638755980861244,0.9325119014281714
0.6640749601275917,0.9325307950727884
0.6640749601275917,0.9322698012874335
0.664274322169059,0.932288752098489
0.6644736842105263,0.9323076923076923
0.6646730462519936,0.9323266219239373
0.664872408293461,0.9323455409561084
0.6650717703349283,0.9323644494130799
0.6652711323763956,0.9323833473037161
0.6654704944178629,0.9324022346368716
0.6656698564593302,0.9324211114213907
0.6658692185007975,0.9324399776661083
0.6660685805422647,0.9324588333798493
0.666267942583732,0.9324776785714286
0.6664673046251993,0.9324965132496513
0.6664673046251993,0.9322364751812604
0.6666666666666666,0.9322553666016169
0.6666666666666666,0.9319955406911928
0.6668660287081339,0.9320144887155196
0.6668660287081339,0.9317548746518106
0.6670653907496013,0.9317738791423001
0.6672647527910686,0.9317928730512249
0.6674641148325359,0.93181185638742
0.6676634768740032,0.9318308291597106
0.6678628389154705,0.9318497913769124
0.6680622009569378,0.931868743047831
0.6682615629984051,0.9318876841812621
0.6684609250398724,0.9319066147859922
0.6686602870813397,0.9319255348707974
0.668859649122807,0.9319444444444445
0.6690590111642744,0.9319633435156901
0.6692583732057417,0.9319822320932815
0.669457735247209,0.9320011101859561
0.6696570972886763,0.9320199778024417
0.6698564593301436,0.9320388349514563
0.6700558213716108,0.9320576816417082
0.6702551834130781,0.9320765178818963
0.6702551834130781,0.9318181818181818
0.6702551834130781,0.9315599889165974
0.6704545454545454,0.9315789473684211
0.6706539074960127,0.931597895319856
0.67085326953748,0.9316168327796235
0.67085326953748,0.9313589814558538
0.67085326953748,0.9311012728278916
0.67085326953748,0.9308437067773168
0.6710526315789473,0.9308628318584071
0.6712519936204147,0.9308819463643904
0.6712519936204147,0.9306246545052516
0.671451355661882,0.9306438242608456
0.6716507177033493,0.9306629834254143
0.6718500797448166,0.9306821320077326
0.6720494417862839,0.9307012700165654
0.6722488038277512,0.9307203974606679
0.6722488038277512,0.9304635761589404
0.6724481658692185,0.9304827586206896
0.6726475279106858,0.9305019305019305
0.6728468899521531,0.9305210918114144
0.6730462519936204,0.9305402425578831
0.6732456140350878,0.9305593827500689
0.6734449760765551,0.9305785123966942
0.6736443381180224,0.930597631506472
0.6738437001594896,0.9306167400881057
0.6740430622009569,0.930635838150289
0.6742424242424242,0.9306549257017062
0.6744417862838915,0.9306740027510316
0.6746411483253588,0.9306930693069307
0.6748405103668261,0.9307121253780588
0.6750398724082934,0.9307311709730621
0.6752392344497608,0.9307502061005771
0.6754385964912281,0.9307692307692308
0.6756379585326954,0.9307882449876408
0.6756379585326954,0.9305326743547502
0.6758373205741627,0.9305517430688992
0.67603668261563,0.9305708013172338
0.6762360446570973,0.9305898491083676
0.6764354066985646,0.9306088864509051
0.6766347687400319,0.9306279133534412
0.6768341307814992,0.9306469298245614
0.6770334928229665,0.9306659358728419
0.6770334928229665,0.9304109589041096
0.6772328548644339,0.9304300191728294
0.6774322169059012,0.9304490690032858
0.6776315789473685,0.9304681084040515
0.6778309409888357,0.9304871373836892
0.678030303030303,0.9305061559507524
0.6782296650717703,0.9305251641137856
0.6782296650717703,0.9302707136997539
0.6782296650717703,0.9300164024056862
0.6782296650717703,0.9297622301175185
0.6784290271132376,0.9297814207650273
0.6784290271132376,0.9295274515159793
0.6786283891547049,0.9295466957946478
0.6788277511961722,0.9295659295659295
0.6790271132376395,0.9295851528384279
0.6792264752791068,0.9296043656207367
0.6794258373205742,0.9296235679214403
0.6796251993620415,0.9296427597491137
0.6796251993620415,0.9293893129770993
0.6796251993620415,0.9291360043608613
0.6798245614035088,0.9291553133514986
0.6800239234449761,0.9291746118223917
0.6802232854864434,0.9291938997821351
0.6804226475279107,0.929213177239314
0.680622009569378,0.9292324442025041
0.6808213716108453,0.9292517006802721
0.6810207336523126,0.9292709466811752
0.68122009569378,0.9292901822137613
0.6814194577352473,0.9293094072865687
0.6816188197767146,0.9293286219081273
0.6818181818181818,0.9293478260869565
0.6820175438596491,0.9293670198315676
0.6820175438596491,0.9291146116241173
0.6822169059011164,0.9291338582677166
0.6824162679425837,0.9291530944625407
0.682615629984051,0.9291723202170963
0.6828149920255183,0.9291915355398807
0.6830143540669856,0.9292107404393816
0.6832137161084529,0.9292299349240781
0.6832137161084529,0.9289780428300353
0.6834130781499203,0.9289972899728998
0.6836124401913876,0.9290165266865348
0.6838118022328549,0.929035752979415
0.6840111642743222,0.9290549688600054
0.6842105263157895,0.9290741743367623
0.6844098883572568,0.9290933694181326
0.6846092503987241,0.9291125541125541
0.6848086124401914,0.9291317284284555
0.6848086124401914,0.9288804759329368
0.6850079744816587,0.9288997026223303
0.6850079744816587,0.9286486486486486
0.685207336523126,0.9286679275871386
0.6854066985645934,0.9286871961102107
0.6856060606060606,0.928706454226303
0.6856060606060606,0.9284557235421166
0.6858054226475279,0.9284750337381916
0.6860047846889952,0.9284943335132217
0.6862041467304625,0.9285136228756407
0.6864035087719298,0.9285329018338727
0.6864035087719298,0.9282825559449986
0.6866028708133971,0.9283018867924528
0.6868022328548644,0.9283212072217731
0.6868022328548644,0.9280711206896551
0.6870015948963317,0.9280904928629141
0.687200956937799,0.9281098546042004
0.6874003189792663,0.928129205921938
0.6875996810207337,0.9281485468245425
0.6875996810207337,0.9278988431530805
0.687799043062201,0.9279182356105433
0.6879984051036683,0.9279376176391503
0.6881977671451356,0.9279569892473118
0.6883971291866029,0.9279763504434292
0.6885964912280702,0.9279957012358947
0.6885964912280702,0.9277464410421703
0.6885964912280702,0.9274973147153598
0.6887958532695375,0.9275167785234899
0.6889952153110048,0.927536231884058
0.6891945773524721,0.9275556748054735
0.6893939393939394,0.9275751072961373
0.6895933014354066,0.9275945293644409
0.689792663476874,0.9276139410187667
0.6899920255183413,0.9276333422674886
0.6901913875598086,0.927652733118971
0.6903907496012759,0.9276721135815698
0.6905901116427432,0.9276914836636315
0.6907894736842105,0.927710843373494
0.6907894736842105,0.9274625267665952
0.6909888357256778,0.9274819373829275
0.6911881977671451,0.9275013376136971
0.6913875598086124,0.9275207274672372
0.6915869218500797,0.9275401069518716
0.6917862838915471,0.9275594760759155
0.6917862838915471,0.9273115980758952
0.6917862838915471,0.9270638525247128
0.6917862838915471,0.9268162393162394
0.6919856459330144,0.9268357810413885
0.6919856459330144,0.9265883609183129
0.6921850079744817,0.9266079530290899
0.692384370015949,0.9266275346851655
0.6925837320574163,0.9266471058949053
0.6927830940988836,0.9266666666666666
0.6927830940988836,0.9264196214342842
0.6929824561403509,0.9264392324093816
0.6931818181818182,0.926458832933653
0.6931818181818182,0.9262120404901438
0.6933811802232854,0.926231691078562
0.6935805422647527,0.9262513312034079
0.69377990430622,0.926270960873037
0.6939792663476874,0.9262905800957957
0.6939792663476874,0.9260441606810322
0.6941786283891547,0.926063829787234
0.694377990430622,0.9260834884339272
0.694377990430622,0.9258373205741627
0.694377990430622,0.9255912835503588
0.6945773524720893,0.9256110520722636
0.6947767145135566,0.9256308100929614
0.6949760765550239,0.9256505576208178
0.6949760765550239,0.9254048314308468
0.6949760765550239,0.9251592356687898
0.6949760765550239,0.9249137702308304
0.6951754385964912,0.9249336870026525
0.6953748006379585,0.9249535932113497
0.6955741626794258,0.9249734888653235
0.6957735247208932,0.9249933739729658
0.6959728867623605,0.9250132485426603
0.6961722488038278,0.9250331125827814
0.6963716108452951,0.925052966101695
0.6963716108452951,0.924808048715912
0.6965709728867624,0.9248279512969825
0.6965709728867624,0.9245832230748875
0.6967703349282297,0.9246031746031746
0.6967703349282297,0.9243586352816715
0.696969696969697,0.9243786356425172
0.6971690590111643,0.9243986254295533
0.6971690590111643,0.9241543340380549
0.6971690590111643,0.9239101717305152
0.6973684210526315,0.9239302694136292
0.6975677830940988,0.923950356482704
0.6977671451355661,0.9239704329461457
0.6979665071770335,0.9239904988123515
0.6981658692185008,0.9240105540897098
0.6983652312599681,0.9240305987865999
0.6985645933014354,0.9240506329113924
0.6987639553429027,0.9240706564724492
0.6987639553429027,0.9238270954138113
0.69896331738437,0.9238471673254282
0.6991626794258373,0.9238672286617492
0.6993620414673046,0.9238872794311298
0.6995614035087719,0.9239073196419167
0.6997607655502392,0.923927349302448
0.6999601275917066,0.9239473684210526
0.6999601275917066,0.9237042883451724
0.7001594896331739,0.9237243556023146
0.7003588516746412,0.9237444123060742
0.7005582137161085,0.923764458464774
0.7007575757575758,0.923784494086728
0.7009569377990431,0.9238045191802418
0.7009569377990431,0.9235618597320725
0.7009569377990431,0.9233193277310925
0.7011562998405104,0.9233394591756366
0.7011562998405104,0.9230971128608924
0.7013556618819776,0.9231172920493309
0.7015550239234449,0.9231374606505771
0.7017543859649122,0.923157618672961
0.7017543859649122,0.9229155742003147
0.7019537480063796,0.9229357798165138
0.7021531100478469,0.9229559748427673
0.7023524720893142,0.9229761592873985
0.7025518341307815,0.9229963331587219
0.7027511961722488,0.9230164964650432
0.7029505582137161,0.9230366492146597
0.7031499202551834,0.9230567914158597
0.7033492822966507,0.9230769230769231
0.703548644338118,0.9230970442061208
0.7037480063795853,0.9231171548117155
0.7037480063795853,0.9228758169934641
0.7039473684210527,0.9228959749085206
0.70414673046252,0.9229161222889992
0.7043460925039873,0.9229362591431557
0.7043460925039873,0.9226952206842518
0.7045454545454546,0.9227154046997389
0.7047448165869219,0.9227355781780214
0.7049441786283892,0.9227557411273486
0.7049441786283892,0.9225150013044613
0.7051435406698564,0.9225352112676056
0.7053429027113237,0.9225554106910039
0.705542264752791,0.9225755995828988
0.7057416267942583,0.9225957779515246
0.7057416267942583,0.9223553934340802
0.7059409888357256,0.9223756186506903
0.706140350877193,0.9223958333333333
0.7063397129186603,0.9224160374902369
0.7065390749601276,0.92243623112962
0.7067384370015949,0.9224564142596929
0.7067384370015949,0.9222164412070759
0.7067384370015949,0.9219765929778934
0.7069377990430622,0.921996879875195
0.7071371610845295,0.9220171562256304
0.7073365231259968,0.922037422037422
0.7075358851674641,0.9220576773187841
0.7077352472089314,0.922077922077922
0.7079346092503987,0.9220981563230329
0.7079346092503987,0.921858774662513
0.7081339712918661,0.9218790552815987
0.7081339712918661,0.9216398546964193
0.7083333333333334,0.9216601815823605
0.7085326953748007,0.9216804979253111
0.708732057416268,0.9217008037334716
0.7089314194577353,0.9217210990150337
0.7089314194577353,0.9214822492873801
0.7089314194577353,0.9212435233160622
0.7091307814992025,0.9212639212639213
0.7091307814992025,0.9210253754531331
0.7093301435406698,0.921045819311416
0.7093301435406698,0.9208074534161491
0.7095295055821371,0.9208279430789134
0.7097288676236044,0.9208484221417486
0.7099282296650717,0.9208688906128782
0.710127591706539,0.9208893485005171
0.7103269537480064,0.9209097958128716
0.7105263157894737,0.9209302325581395
0.710725677830941,0.9209506587445104
0.7109250398724083,0.9209710743801653
0.7111244019138756,0.9209914794732765
0.7111244019138756,0.9207537429013939
0.7111244019138756,0.9205161290322581
0.7113237639553429,0.9205366357069144
0.7113237639553429,0.9202992004126902
0.7115231259968102,0.9203197524497163
0.7117224880382775,0.9203402938901779
0.7119218500797448,0.920360824742268
0.7119218500797448,0.9201236794640557
0.7121212121212122,0.9201442555383823
0.7123205741626795,0.9201648210146793
0.7125199362041468,0.9201853759011328
0.7127192982456141,0.9202059202059202
0.7129186602870813,0.9202264539372105
0.7129186602870813,0.9199897092873681
0.7131180223285486,0.9200102880658436
0.7133173843700159,0.9200308562612497
0.7133173843700159,0.9197943444730077
0.7135167464114832,0.9198149575944488
0.7137161084529505,0.9198355601233299
0.7139154704944178,0.919856152067814
0.7141148325358851,0.9198767334360555
0.7141148325358851,0.9196405648267009
0.7143141945773525,0.9196611909650924
0.7145135566188198,0.9196818065178343
0.7145135566188198,0.9194458696767573
0.7145135566188198,0.9192100538599641
0.7147129186602871,0.9192307692307692
0.7147129186602871,0.9189951294539862
0.7147129186602871,0.9187596104561763
0.7149122807017544,0.9187804253138612
0.7151116427432217,0.9188012295081968
0.715311004784689,0.9188220230473751
0.7155103668261563,0.9188428059395801
0.7157097288676236,0.9188635781929869
0.7159090909090909,0.9188843398157626
0.7161084529505582,0.9189050908160655
0.7161084529505582,0.9186700767263427
0.7163078149920256,0.9186908718997698
0.7165071770334929,0.9187116564417178
0.7167065390749602,0.9187324303603374
0.7169059011164274,0.9187531936637711
0.7169059011164274,0.9185185185185185
0.7169059011164274,0.9182839632277835
0.7169059011164274,0.9180495276997702
0.7171052631578947,0.9180704441041347
0.7171052631578947,0.9178361826996683
0.717304625199362,0.9178571428571428
0.7175039872408293,0.9178780923233869
0.7177033492822966,0.9178990311065782
0.7177033492822966,0.9176650522559265
0.7179027113237639,0.9176860346585117
0.7179027113237639,0.9174522292993631
0.7181020733652312,0.9174732552215996
0.7181020733652312,0.917239623121976
0.7183014354066986,0.9172606924643585
0.7183014354066986,0.9170272333927207
0.7185007974481659,0.9170483460559796
0.7187001594896332,0.9170694479776138
0.7188995215311005,0.917090539165819
0.7190988835725678,0.9171116196287821
0.7192982456140351,0.9171326893746823
0.7192982456140351,0.9168996188055909
0.7194976076555024,0.916920731707317
0.7196969696969697,0.9169418338836678
0.719896331738437,0.9169629253428137
0.7200956937799043,0.916984006092917
0.7202950558213717,0.917005076142132
0.720494417862839,0.9170261354986045
0.7206937799043063,0.9170471841704718
0.7208931419457735,0.9170682221658636
0.7208931419457735,0.9168356997971603
0.7210925039872408,0.9168567807351077
0.7210925039872408,0.9166244298023315
0.7210925039872408,0.9163921966050165
0.7212918660287081,0.9164133738601824
0.7214912280701754,0.9164345403899722
0.7214912280701754,0.9162025316455696
0.7214912280701754,0.9159706403442166
0.7216905901116427,0.9159919028340081
0.72188995215311,0.9160131545661523
0.7220893141945773,0.9160343955488113
0.7222886762360446,0.9160556257901391
0.7222886762360446,0.9158240647118301
0.722488038277512,0.9158453373768006
0.7226874003189793,0.915866599292572
0.7226874003189793,0.9156352614296539
0.7228867623604466,0.9156565656565656
0.7230861244019139,0.9156778591264833
0.7232854864433812,0.9156991418475517
0.7234848484848485,0.9157204138279081
0.7236842105263158,0.9157416750756812
0.7238835725677831,0.9157629255989912
0.7240829346092504,0.9157841654059505
0.7242822966507177,0.9158053945046635
0.7244816586921851,0.9158266129032258
0.7244816586921851,0.9155958679768204
0.7244816586921851,0.9153652392947104
0.7244816586921851,0.9151347267690758
0.7246810207336523,0.9151560926485398
0.7248803827751196,0.9151774477724641
0.7250797448165869,0.9151987921489683
0.7252791068580542,0.9152201257861635
0.7252791068580542,0.9149899396378269
0.7252791068580542,0.914759869248177
0.7254784688995215,0.9147812971342383
0.7254784688995215,0.9145513948228198
0.7254784688995215,0.914321608040201
0.7256778309409888,0.9143431298668676
0.7256778309409888,0.9141135107985937
0.7258771929824561,0.9141350740647753
0.7258771929824561,0.9139056224899599
0.7260765550239234,0.9139272271016311
0.7262759170653907,0.9139488208730557
0.726475279106858,0.9139704038123903
0.7266746411483254,0.9139919759277834
0.7268740031897927,0.9140135372273753
0.72707336523126,0.9140350877192982
0.7272727272727273,0.9140566274116763
0.7274720893141946,0.9140781563126252
0.7276714513556619,0.914099674430253
0.7276714513556619,0.9138708062093139
0.7276714513556619,0.9136420525657072
0.7276714513556619,0.9134134134134134
0.7278708133971292,0.9134350763072304
0.7280701754385965,0.9134567283641821
0.7282695374800638,0.9134783695923981
0.7282695374800638,0.91325
0.7284688995215312,0.9132716820794802
0.7284688995215312,0.9130434782608695
0.7284688995215312,0.9128153884586561
0.7284688995215312,0.9125874125874126
0.7286682615629984,0.9126092384519351
0.7286682615629984,0.9123814278582126
0.7288676236044657,0.9124032942350886
0.729066985645933,0.9124251497005988
0.7292663476874003,0.9124469942629084
0.7292663476874003,0.9122194513715711
0.7292663476874003,0.9119920219396659
0.7292663476874003,0.9117647058823529
0.7292663476874003,0.9115375031148767
0.7292663476874003,0.911310413552566
0.7294657097288676,0.911332503113325
0.7294657097288676,0.911105577689243
0.7296650717703349,0.9111277072442121
0.7296650717703349,0.9109009457441514
0.7298644338118022,0.9109231152027868
0.7300637958532695,0.9109452736318407
0.7302631578947368,0.9109674210395424
0.7304625199362041,0.9109895574341124
0.7306618819776715,0.9110116828237633
0.7308612440191388,0.9110337972166997
0.7308612440191388,0.9108074534161491
0.7310606060606061,0.910829607550919
0.7312599681020734,0.9108517506828905
0.7312599681020734,0.9106256206554121
0.7312599681020734,0.9103996028791264
0.7314593301435407,0.9104218362282879
0.7314593301435407,0.9101959811461175
0.731658692185008,0.910218253968254
0.731658692185008,0.9099925613687082
0.7318580542264753,0.9100148735746157
0.7320574162679426,0.9100371747211896
0.7320574162679426,0.9098116947472745
0.7320574162679426,0.9095863264800594
0.7322567783094099,0.9096087171867261
0.7324561403508771,0.9096310968061402
0.7324561403508771,0.9094059405940594
0.7326555023923444,0.9094283593170007
0.7328548644338118,0.909450766947056
0.7330542264752791,0.9094731634924561
0.7332535885167464,0.9094955489614244
0.7334529505582137,0.9095179233621755
0.733652312599681,0.9095402867029164
0.7338516746411483,0.9095626389918459
0.7340510366826156,0.9095849802371542
0.7342503987240829,0.9096073104470239
0.7344497607655502,0.9096296296296297
0.7344497607655502,0.909405085164157
0.7346491228070176,0.9094274432379073
0.7348484848484849,0.9094497902788058
0.7348484848484849,0.9092254563394179
0.7348484848484849,0.9090012330456226
0.7348484848484849,0.9087771203155819
0.7350478468899522,0.9087996056199162
0.7350478468899522,0.9085756530310498
0.7352472089314195,0.9085981768908599
0.7352472089314195,0.9083743842364532
0.7354465709728868,0.9083969465648855
0.7356459330143541,0.9084194977843427
0.7358452950558214,0.9084420379030274
0.7360446570972887,0.9084645669291339
0.7360446570972887,0.9082410824108241
0.736244019138756,0.9082636497786523
0.7364433811802232,0.9082862060486845
0.7364433811802232,0.908062930186824
0.7366427432216905,0.9080855246989432
0.7366427432216905,0.9078624078624079
0.7368421052631579,0.9078850405305822
0.7368421052631579,0.9076620825147348
0.7370414673046252,0.9076847532531304
0.7370414673046252,0.9074619538537064
0.7372408293460925,0.9074846625766871
0.7372408293460925,0.907262021589794
0.7374401913875598,0.9072847682119205
0.7376395534290271,0.9073075036782736
0.7376395534290271,0.9070850698700662
0.7378389154704944,0.9071078431372549
0.7378389154704944,0.9068855672629258
0.7380382775119617,0.9069083782459578
0.738237639553429,0.9069311780553515
0.7384370015948963,0.9069539666993144
0.7386363636363636,0.9069767441860465
0.738835725677831,0.9069995105237396
0.7390350877192983,0.9070222657205774
0.7392344497607656,0.9070450097847358
0.7394338118022329,0.9070677427243825
0.7394338118022329,0.9068459657701712
0.7396331738437002,0.9068687362503055
0.7398325358851675,0.906891495601173
0.7400318979266348,0.9069142438309309
0.7400318979266348,0.9066927210552027
0.7402312599681021,0.9067155067155067
0.7404306220095693,0.90673828125
0.7406299840510366,0.9067610446668294
0.7406299840510366,0.906539775500244
0.740829346092504,0.9065625762381069
0.7410287081339713,0.9065853658536586
0.7410287081339713,0.9063643013899049
0.7412280701754386,0.9063871282301317
0.7414274322169059,0.906409943943456
0.7416267942583732,0.9064327485380117
0.7418261562998405,0.9064555420219245
0.7420255183413078,0.9064783244033122
0.7422248803827751,0.9065010956902849
0.7422248803827751,0.9062804284323271
0.7424242424242424,0.9063032367972743
0.7426236044657097,0.9063260340632603
0.742822966507177,0.9063488202383848
0.742822966507177,0.9061284046692607
0.7430223285486444,0.9061512278142475
0.7430223285486444,0.9059309674282936
0.7432216905901117,0.9059538274605103
0.7432216905901117,0.9057337220602527
0.7432216905901117,0.9055137235851348
0.743421052631579,0.9055366682855756
0.7436204146730463,0.9055596018451081
0.7438197767145136,0.9055825242718447
0.7440191387559809,0.9056054355738898
0.7442185007974481,0.9056283357593401
0.7444178628389154,0.9056512248362842
0.7446172248803827,0.9056741028128031
0.74481658692185,0.9056969696969697
0.7450159489633174,0.9057198254968493
0.7452153110047847,0.9057426702204991
0.745414673046252,0.905765503875969
0.745414673046252,0.905546137079196
0.745414673046252,0.9053268765133172
0.7456140350877193,0.9053497942386831
0.7456140350877193,0.9051306873184899
0.7456140350877193,0.9049116864263247
0.7456140350877193,0.9046927914852443
0.7456140350877193,0.9044740024183797
0.7456140350877193,0.9042553191489362
0.7458133971291866,0.9042784626540972
0.7460127591706539,0.9043015949734171
0.7460127591706539,0.9040831118627688
0.7460127591706539,0.9038647342995169
0.7460127591706539,0.9036464622071964
0.7462121212121212,0.9036697247706422
0.7462121212121212,0.9034516051170649
0.7464114832535885,0.9034749034749034
0.7466108452950558,0.9034981905910736
0.7466108452950558,0.9032802701398939
0.7466108452950558,0.9030624547865927
0.7468102073365231,0.9030858244937319
0.7468102073365231,0.9028681610026512
0.7468102073365231,0.9026506024096386
0.7468102073365231,0.9024331486388822
0.7468102073365231,0.9022157996146436
0.7470095693779905,0.9022393450517698
0.7472089314194578,0.9022628791526239
0.7472089314194578,0.9020457280385078
0.7474082934609251,0.9020692974013474
0.7474082934609251,0.9018522973298051
0.7476076555023924,0.9018759018759018
0.7478070175438597,0.9018994950709305
0.748006379585327,0.9019230769230769
0.7482057416267942,0.9019466474405191
0.7484051036682615,0.9019702066314272
0.7486044657097288,0.9019937545039635
0.7488038277511961,0.9020172910662824
0.7490031897926634,0.9020408163265307
0.7492025518341308,0.9020643302928468
0.7492025518341308,0.9018478521718263
0.7494019138755981,0.9018714011516314
0.7494019138755981,0.9016550731590309
0.7494019138755981,0.9014388489208633
0.7496012759170654,0.9014624790218173
0.7498006379585327,0.9014860977948226
0.75,0.901509705248023
0.7501993620414673,0.9015333013895543
0.7503987240829346,0.9015568862275449
0.7503987240829346,0.9013409961685823
0.7505980861244019,0.9013646157529327
0.7507974481658692,0.9013882240306367
0.7509968102073366,0.901411821009811
0.7511961722488039,0.9014354066985646
0.7513955342902712,0.9014589811049988
0.7513955342902712,0.9012434241989479
0.7515948963317385,0.9012670332297394
0.7517942583732058,0.9012906309751434
0.7517942583732058,0.9010752688172043
0.751993620414673,0.9010989010989011
0.7521929824561403,0.9011225220921901
0.7523923444976076,0.9011461318051576
0.7525917065390749,0.9011697302458821
0.7527910685805422,0.9011933174224344
0.7529904306220095,0.9012168933428776
0.7531897926634769,0.9012404580152672
0.7531897926634769,0.901025518721679
0.7533891547049442,0.9010491177873152
0.7535885167464115,0.901072705601907
0.7537878787878788,0.9010962821734986
0.7537878787878788,0.9008815820824398
0.7539872408293461,0.9009051929490234
0.7539872408293461,0.9006906406287212
0.7541866028708134,0.9007142857142857
0.7543859649122807,0.900737919542966
0.754585326953748,0.9007615421227987
0.754585326953748,0.9005472281703545
0.7547846889952153,0.9005708848715509
0.7547846889952153,0.9003567181926279
0.7549840510366826,0.9003804089396101
0.7549840510366826,0.9001663893510815
0.75518341307815,0.9001901140684411
0.75518341307815,0.899976241387503
0.75518341307815,0.8997624703087886
0.7553827751196173,0.89978627404417
0.7555821371610846,0.8998100664767331
0.7555821371610846,0.89959648706385
0.7557814992025519,0.8996203132415757
0.7559808612440191,0.899644128113879
0.7561802232854864,0.8996679316888045
0.7563795853269537,0.8996917239743893
0.756578947368421,0.8997155049786629
0.7567783094098883,0.8997392747096469
0.7569776714513556,0.8997630331753554
0.7569776714513556,0.8995498696991234
0.757177033492823,0.8995736617716722
0.7573763955342903,0.8995974425763675
0.7573763955342903,0.8993844696969697
0.7575757575757576,0.8994082840236687
0.7577751196172249,0.8994320870799811
0.7579744816586922,0.8994558788739059
0.7581738437001595,0.8994796594134342
0.7583732057416268,0.89950342870655
0.7583732057416268,0.8992907801418439
0.7583732057416268,0.8990782320964311
0.7585725677830941,0.899102079395085
0.7587719298245614,0.8991259154264115
0.7587719298245614,0.89891355692017
0.7587719298245614,0.8987012987012987
0.7587719298245614,0.8984891406987724
0.7587719298245614,0.8982770828416332
0.7589712918660287,0.8983010854176499
0.759170653907496,0.8983250766690257
0.7593700159489634,0.8983490566037736
0.7593700159489634,0.8981372317849564
0.7595693779904307,0.8981612446958982
0.7597687400318979,0.8981852462880038
0.7597687400318979,0.8979736098020735
0.7599681020733652,0.8979976442873969
0.7601674641148325,0.8980216674517193
0.7601674641148325,0.8978102189781022
0.7601674641148325,0.8975988700564972
0.7601674641148325,0.8973876206166157
0.7603668261562998,0.8974117647058824
0.7603668261562998,0.8972006586685486
0.7605661881977671,0.8972248353715898
0.7605661881977671,0.8970138725605455
0.7607655502392344,0.8970380818053597
0.7609649122807017,0.8970622796709753
0.7609649122807017,0.8968515037593985
0.7609649122807017,0.896640826873385
0.761164274322169,0.8966651009863785
0.761164274322169,0.8964545667997182
0.7613636363636364,0.8964788732394366
0.7615629984051037,0.896503168270359
0.7615629984051037,0.8962928202721727
0.7615629984051037,0.8960825709594182
0.761762360446571,0.8961069418386491
0.7619617224880383,0.8961313012895662
0.7619617224880383,0.8959212376933896
0.7619617224880383,0.8957112725568315
0.7621610845295056,0.8957357075913777
0.7623604465709729,0.8957601311782619
0.7623604465709729,0.8955503512880562
0.7623604465709729,0.8953406696324046
0.7625598086124402,0.8953651685393258
0.7625598086124402,0.895155628364147
0.7625598086124402,0.8949461862423959
0.7627591706539075,0.8949707602339181
0.7629585326953748,0.8949953227315248
0.7631578947368421,0.895019873743278
0.7631578947368421,0.8948106591865358
0.7633572567783095,0.8948352418789437
0.7635566188197768,0.8948598130841121
0.763755980861244,0.8948843728100911
0.763755980861244,0.8946753853339561
0.7639553429027113,0.8946999766518795
0.7639553429027113,0.8944911297852475
0.7641547049441786,0.8945157526254376
0.7641547049441786,0.8943070461969203
0.7643540669856459,0.894331700489853
0.7645534290271132,0.894356343283582
0.7647527910685805,0.8943809745861506
0.7649521531100478,0.8944055944055944
0.7651515151515151,0.8944302027499418
0.7653508771929824,0.8944547996272134
0.7655502392344498,0.8944793850454228
0.7655502392344498,0.8942710759198882
0.7655502392344498,0.8940628637951106
0.7657496012759171,0.8940875232774674
0.7659489633173844,0.8941121712822899
0.7659489633173844,0.8939041414611447
0.7661483253588517,0.8939288206559665
0.766347687400319,0.893953488372093
0.7665470494417863,0.8939781446175308
0.7667464114832536,0.8940027894002789
0.7667464114832536,0.8937950267255403
0.7669457735247209,0.8938197026022305
0.7669457735247209,0.8936120789779326
0.7671451355661882,0.8936367858801673
0.7671451355661882,0.8934293011376828
0.7673444976076556,0.8934540389972145
0.7675438596491229,0.893478765374797
0.7677432216905901,0.8935034802784223
0.7677432216905901,0.8932962189747159
0.7679425837320574,0.8933209647495362
0.7681419457735247,0.8933456990493855
0.768341307814992,0.8933704218822438
0.768341307814992,0.8931633835457705
0.768341307814992,0.8929564411492122
0.7685406698564593,0.8929812369701181
0.7685406698564593,0.8927744326076887
0.7685406698564593,0.8925677240101876
0.7687400318979266,0.8925925925925926
0.7687400318979266,0.8923860217542235
0.7689393939393939,0.8924109208699676
0.7691387559808612,0.8924358084663429
0.7693381180223285,0.8924606845513413
0.7695374800637959,0.892485549132948
0.7695374800637959,0.8922792417938049
0.7697368421052632,0.8923041368153455
0.7697368421052632,0.892097966728281
0.7697368421052632,0.8918918918918919
0.7697368421052632,0.8916859122401848
0.7699362041467305,0.8917109212652967
0.7699362041467305,0.8915050784856879
0.7699362041467305,0.8912993307177475
0.7701355661881978,0.8913244116289801
0.7701355661881978,0.891118800461361
0.7703349282296651,0.8911439114391144
0.7705342902711324,0.8911690108369841
0.7707336523125997,0.8911940986629784
0.7707336523125997,0.890988707075363
0.770933014354067,0.8910138248847926
0.7711323763955343,0.8910389311218613
0.7713317384370016,0.8910640257945647
0.7713317384370016,0.8908588533271932
0.7713317384370016,0.8906537753222836
0.7715311004784688,0.8906789413118527
0.7715311004784688,0.8904739990796134
0.7717304625199362,0.8904991948470209
0.7719298245614035,0.890524379024839
0.7719298245614035,0.8903196137042998
0.7721291866028708,0.8903448275862069
0.7721291866028708,0.8901401976557113
0.7721291866028708,0.8899356617647058
0.7721291866028708,0.8897312198483804
0.7721291866028708,0.8895268718419844
0.7721291866028708,0.8893226176808267
0.7721291866028708,0.8891184573002755
0.7723285486443381,0.8891439063575854
0.7725279106858054,0.8891693437356586
0.7725279106858054,0.8889653590272998
0.7725279106858054,0.8887614678899083
0.7725279106858054,0.8885576702591149
0.7727272727272727,0.8885832187070152
0.77292663476874,0.8886087554435022
0.77292663476874,0.8884051329055912
0.7731259968102073,0.888430698739977
0.7733253588516746,0.8884562528630325
0.7733253588516746,0.8882528051293794
0.7733253588516746,0.8880494505494505
0.7733253588516746,0.8878461890592813
0.773524720893142,0.8878718535469108
0.7737240829346093,0.8878975062914665
0.7737240829346093,0.8876944190301921
0.7737240829346093,0.8874914246512692
0.7737240829346093,0.8872885230909923
0.7737240829346093,0.8870857142857143
0.7737240829346093,0.8868829981718465
0.7737240829346093,0.8866803746858579
0.7739234449760766,0.8867062585655551
0.7739234449760766,0.8865037679835579
0.7739234449760766,0.8863013698630137
0.7739234449760766,0.8860990641406071
0.7741228070175439,0.8861250570515746
0.7743221690590112,0.8861510381017568
0.7745215311004785,0.8861770072992701
0.7747208931419458,0.8862029646522235
0.7749202551834131,0.8862289101687186
0.7751196172248804,0.8862548438568498
0.7753189792663477,0.8862807657247037
0.7753189792663477,0.8860788334472545
0.7753189792663477,0.885876993166287
0.7755183413078149,0.8859029833750854
0.7757177033492823,0.8859289617486339
0.7757177033492823,0.8857272934213521
0.7757177033492823,0.8855257168866636
0.7757177033492823,0.8853242320819112
0.7759170653907496,0.8853503184713376
0.7761164274322169,0.885376392995224
0.7761164274322169,0.885175079581628
0.7763157894736842,0.885201182086838
0.7765151515151515,0.8852272727272728
0.7767145135566188,0.8852533515110202
0.7769138755980861,0.8852794184461609
0.7769138755980861,0.885078355666591
0.7771132376395534,0.8851044504995459
0.7771132376395534,0.8849035187287174
0.7773125996810207,0.8849296413980935
0.777511961722488,0.8849557522123894
0.777511961722488,0.8847549909255898
0.777511961722488,0.8845543207076435
0.7777113237639554,0.8845804988662131
0.7777113237639554,0.8843799591929268
0.7777113237639554,0.8841795104261106
0.7779106858054227,0.8842057557217312
0.7779106858054227,0.8840054372451291
0.77811004784689,0.8840317100792752
0.7783094098883573,0.8840579710144928
0.7785087719298246,0.8840842200588634
0.7787081339712919,0.8841104572204618
0.7789074960127592,0.8841366825073546
0.7789074960127592,0.8839366515837104
0.7791068580542265,0.8839629043202896
0.7791068580542265,0.8837630031659882
0.7793062200956937,0.8837892832918833
0.779505582137161,0.8838155515370705
0.779505582137161,0.8836158192090395
0.779505582137161,0.8834161771351107
0.779505582137161,0.8832166252541225
0.779505582137161,0.8830171635049684
0.779505582137161,0.8828177918265975
0.7797049441786283,0.8828442437923251
0.7797049441786283,0.8826450011284135
0.7799043062200957,0.8826714801444043
0.780103668261563,0.8826979472140762
0.780103668261563,0.8824988723500226
0.780103668261563,0.8822998872604284
0.780103668261563,0.8821009918845807
0.7803030303030303,0.8821275636691458
0.7803030303030303,0.8819287967552952
0.7805023923444976,0.8819553953593151
0.7807017543859649,0.881981981981982
0.7809011164274322,0.8820085566313893
0.7809011164274322,0.8818099954975236
0.7811004784688995,0.8818365968939905
0.7812998405103668,0.8818631863186318
0.7814992025518341,0.8818897637795275
0.7816985645933014,0.8819163292847504
0.7816985645933014,0.8817180121430178
0.7816985645933014,0.8815197841726619
0.7816985645933014,0.8813216453135536
0.7816985645933014,0.881123595505618
0.7818979266347688,0.8811503033026287
0.7820972886762361,0.8811769991015274
0.7820972886762361,0.8809791152032338
0.7820972886762361,0.8807813201616524
0.7820972886762361,0.8805836139169473
0.7822966507177034,0.8806104129263914
0.7824960127591707,0.8806371999102536
0.7824960127591707,0.8804396590399283
0.782695374800638,0.880466472303207
0.782695374800638,0.8802690582959641
0.7828947368421053,0.8802958977807667
0.7830940988835726,0.8803227252353205
0.7830940988835726,0.8801254761371274
0.7832934609250398,0.880152329749104
0.7834928229665071,0.8801791713325868
0.7836921850079744,0.880206000895656
0.7838915470494418,0.8802328184463846
0.7840909090909091,0.880259623992838
0.7842902711323764,0.8802864175430745
0.7844896331738437,0.8803131991051454
0.784688995215311,0.8803399686870946
0.784688995215311,0.8801431127012522
0.784688995215311,0.8799463447350772
0.7848883572567783,0.8799731783638802
0.7848883572567783,0.8797765363128491
0.7848883572567783,0.879579982126899
0.7850877192982456,0.8796068796068796
0.7850877192982456,0.8794104510942385
0.7850877192982456,0.879214110292476
0.7850877192982456,0.8790178571428572
0.7850877192982456,0.8788216915866994
0.7852870813397129,0.8788487282463187
0.7854864433811802,0.8788757528440776
0.7856858054226475,0.8789027653880463
0.7856858054226475,0.8787068004459309
0.7856858054226475,0.8785109228711547
0.7858851674641149,0.8785379986628037
0.7858851674641149,0.8783422459893048
0.7860845295055822,0.8783693472933838
0.7862838915470495,0.8783964365256125
0.7864832535885168,0.8784235136940548
0.7864832535885168,0.8782279608192342
0.7866826156299841,0.8782550634320053
0.7868819776714514,0.8782821539830885
0.7870813397129187,0.8783092324805339
0.7872807017543859,0.8783362989323843
0.7872807017543859,0.8781409828774739
0.7874800637958532,0.8781680746998666
0.7874800637958532,0.8779728828628585
0.7874800637958532,0.8777777777777778
0.7874800637958532,0.877582759386803
0.7874800637958532,0.8773878276321635
0.7874800637958532,0.8771929824561403
0.7874800637958532,0.8769982238010657
0.7874800637958532,0.876803551609323
0.7874800637958532,0.8766089658233467
0.7876794258373205,0.87663634346572
0.7876794258373205,0.8764418811002662
0.7878787878787878,0.8764692836549124
0.7880781499202552,0.8764966740576496
0.7880781499202552,0.8763023719796054
0.7880781499202552,0.8761081560283688
0.7882775119617225,0.876135608242854
0.7884768740031898,0.8761630482941959
0.7884768740031898,0.875968992248062
0.7886762360446571,0.8759964570416298
0.7886762360446571,0.8758025237989816
0.7886762360446571,0.8756086764054891
0.7886762360446571,0.8754149148041602
0.7888755980861244,0.8754424778761062
0.7890749601275917,0.8754700287547003
0.7890749601275917,0.8752764263600177
0.7890749601275917,0.875082909573292
0.789274322169059,0.8751105216622458
0.789274322169059,0.8749171270718232
0.789274322169059,0.8747238179407866
0.789274322169059,0.8745305942125028
0.7894736842105263,0.8745583038869258
0.7894736842105263,0.8743652020313535
0.7894736842105263,0.8741721854304636
0.7896730462519936,0.8741999558596336
0.789872408293461,0.8742277140335393
0.789872408293461,0.8740348555040812
0.789872408293461,0.8738420820467578
0.789872408293461,0.8736493936052921
0.7900717703349283,0.8736772486772487
0.7900717703349283,0.8734846815076042
0.7900717703349283,0.873292199206699
0.7902711323763956,0.873320114562679
0.7904704944178629,0.8733480176211453
0.7906698564593302,0.8733759083902224
0.7906698564593302,0.8731836195508587
0.7906698564593302,0.8729914153642967
0.7908692185007975,0.8730193661971831
0.7908692185007975,0.8728272827282728
0.7910685805422647,0.8728552573691157
0.791267942583732,0.8728832197053003
0.7914673046251993,0.8729111697449429
0.7914673046251993,0.8727192789624093
0.7914673046251993,0.8725274725274725
0.7916666666666666,0.8725554823115799
0.7916666666666666,0.8723637961335676
0.7918660287081339,0.8723918295629255
0.7918660287081339,0.8722002635046113
0.7918660287081339,0.8720087815587266
0.7918660287081339,0.8718173836698858
0.7918660287081339,0.8716260697827518
0.7918660287081339,0.871434839842036
0.7920653907496013,0.8714630401403817
0.7922647527910686,0.8714912280701754
0.7922647527910686,0.8713001534751151
0.7924641148325359,0.8713283647523016
0.7924641148325359,0.871137409598948
0.7926634768740032,0.8711656441717791
0.7926634768740032,0.8709748083242059
0.7928628389154705,0.8710030661410425
0.7930622009569378,0.8710313115830961
0.7930622009569378,0.8708406304728546
0.7930622009569378,0.8706500328299409
0.7930622009569378,0.8704595185995624
0.7932615629984051,0.8704878582367097
0.7932615629984051,0.8702974628171478
0.7932615629984051,0.8701071506669582
0.7934609250398724,0.8701355487538259
0.7934609250398724,0.8699453551912568
0.7936602870813397,0.8699737762237763
0.793859649122807,0.8700021848372296
0.793859649122807,0.8698121450415028
0.7940590111642744,0.8698405765450972
0.7942583732057417,0.8698689956331878
0.7942583732057417,0.8696791093647676
0.794457735247209,0.8697075512876473
0.7946570972886763,0.8697359807986035
0.7946570972886763,0.8695462478184991
0.7948564593301436,0.8695747001090512
0.7948564593301436,0.8693850850414304
0.7948564593301436,0.86919555264879
0.7950558213716108,0.8692240627724499
0.7952551834130781,0.8692525604706908
0.7954545454545454,0.869281045751634
0.7954545454545454,0.8690917011544326
0.7956539074960127,0.8691202090592335
0.7956539074960127,0.8689309819290224
0.7956539074960127,0.868741837178929
0.79585326953748,0.8687704026115343
0.79585326953748,0.8685813751087903
0.79585326953748,0.8683924298455514
0.7960526315789473,0.868421052631579
0.7960526315789473,0.868232224396608
0.7960526315789473,0.8680434782608696
0.7960526315789473,0.8678548141708324
0.7960526315789473,0.8676662320730117
0.7960526315789473,0.8674777319139692
0.7962519936204147,0.86750651607298
0.7962519936204147,0.8673181324647122
0.7962519936204147,0.8671298306556665
0.796451355661882,0.8671586715867159
0.796451355661882,0.8669704861111112
0.796451355661882,0.8667823822955087
0.7966507177033493,0.8668112798264642
0.7968500797448166,0.8668401648232488
0.7970494417862839,0.8668690372940157
0.7970494417862839,0.866681118577932
0.7970494417862839,0.8664932813177286
0.7972488038277512,0.866522210184182
0.7974481658692185,0.8665511265164645
0.7974481658692185,0.8663634394628547
0.7976475279106858,0.8663923776526635
0.7976475279106858,0.8662048062351159
0.7978468899521531,0.8662337662337662
0.7980462519936204,0.8662627136983337
0.7980462519936204,0.86607529208135
0.7980462519936204,0.8658879515466148
0.7980462519936204,0.8657006920415224
0.7980462519936204,0.8655135135135135
0.7980462519936204,0.8653264159100735
0.7980462519936204,0.8651393991787335
0.7980462519936204,0.86495246326707
0.7982456140350878,0.8649816375027004
0.7982456140350878,0.8647948164146868
0.7982456140350878,0.8646080760095012
0.7982456140350878,0.8644214162348878
0.7982456140350878,0.8642348370386359
0.7982456140350878,0.8640483383685801
0.7984449760765551,0.8640776699029126
0.7984449760765551,0.8638912855910268
0.7984449760765551,0.8637049816691826
0.7984449760765551,0.8635187580853816
0.7984449760765551,0.8633326147876698
0.7984449760765551,0.8631465517241379
0.7986443381180224,0.8631760396466279
0.7986443381180224,0.8629900904782422
0.7986443381180224,0.862804221408572
0.7986443381180224,0.8626184323858742
0.7988437001594896,0.8626480086114101
0.7988437001594896,0.8624623331898407
0.7988437001594896,0.8622767376802238
0.7990430622009569,0.8623063683304647
0.7992424242424242,0.8623359862335986
0.7992424242424242,0.8621505376344086
0.7992424242424242,0.8619651687809073
0.7992424242424242,0.8617798796216681
0.7994417862838915,0.8618095852138405
0.7996411483253588,0.8618392780403954
0.7996411483253588,0.8616541353383459
0.7996411483253588,0.8614690721649485
0.7996411483253588,0.8612840884689714
0.7996411483253588,0.8610991841992272
0.7996411483253588,0.8609143593045718
0.7998405103668261,0.8609442060085837
0.8000398724082934,0.8609740399055996
0.8000398724082934,0.8607893607893607
0.8002392344497608,0.8608192150975766
0.8002392344497608,0.8606346483704974
0.8002392344497608,0.8604501607717042
0.8002392344497608,0.8602657522503214
0.8002392344497608,0.8600814227555175
0.8002392344497608,0.8598971722365039
0.8002392344497608,0.8597130006425359
0.8002392344497608,0.8595289079229123
0.8002392344497608,0.859344894026975
0.8002392344497608,0.8591609589041096
0.8002392344497608,0.8589771025037449
0.8002392344497608,0.858793324775353
0.8002392344497608,0.8586096256684492
0.8004385964912281,0.8586398631308811
0.8004385964912281,0.8584562753902074
0.8004385964912281,0.8582727661393758
0.8004385964912281,0.8580893353280615
0.8004385964912281,0.8579059829059829
0.8004385964912281,0.8577227088229011
0.8006379585326954,0.8577530969671081
0.8008373205741627,0.8577834721332479
0.8008373205741627,0.857600341588386
0.8008373205741627,0.8574172892209179
0.80103668261563,0.8574477166026462
0.80103668261563,0.8572647749093236
0.8012360446570973,0.8572952218430034
0.8012360446570973,0.8571123907016421
0.8012360446570973,0.8569296375266524
0.8012360446570973,0.8567469622681732
0.8012360446570973,0.8565643648763853
0.8014354066985646,0.8565949286170893
0.8014354066985646,0.8564124414145718
0.8014354066985646,0.8562300319488818
0.8014354066985646,0.8560477001703578
0.8014354066985646,0.8558654460293804
0.8014354066985646,0.855683269476373
0.8016347687400319,0.8557139816982336
0.8016347687400319,0.855531914893617
0.8018341307814992,0.8555626462454797
0.8018341307814992,0.8553806890684815
0.8020334928229665,0.8554114395066978
0.8022328548644339,0.8554421768707483
0.8024322169059012,0.8554729011689692
0.8024322169059012,0.8552911177220569
0.8026315789473685,0.8553218610579987
0.8026315789473685,0.8551401869158879
0.8028309409888357,0.8551709492461245
0.8028309409888357,0.8549893842887474
0.8028309409888357,0.8548078964126512
0.8028309409888357,0.8546264855687606
0.8028309409888357,0.8544451517080416
0.8028309409888357,0.8542638947815019
0.8028309409888357,0.8540827147401909
0.803030303030303,0.8541136556403732
0.803030303030303,0.8539325842696629
0.8032296650717703,0.8539635438745231
0.8032296650717703,0.8537825810553084
0.8032296650717703,0.8536016949152543
0.8032296650717703,0.8534208854056344
0.8034290271132376,0.8534519271495129
0.8034290271132376,0.8532712259157316
0.8036283891547049,0.8533022861981372
0.8036283891547049,0.8531216931216932
0.8036283891547049,0.8529411764705882
0.8036283891547049,0.852760736196319
0.8036283891547049,0.852580372250423
0.8038277511961722,0.8526115457813491
0.8038277511961722,0.852431289640592
0.8040271132376395,0.8524624815049673
0.8040271132376395,0.8522823330515639
0.8040271132376395,0.8521022607225861
0.8040271132376395,0.851922264469793
0.8042264752791068,0.8519535374868005
0.8044258373205742,0.8519847972972973
0.8044258373205742,0.8518049398353388
0.8044258373205742,0.8516251582946391
0.8046251993620415,0.8516564676092002
0.8048245614035088,0.8516877637130802
0.8050239234449761,0.8517190466146383
0.8050239234449761,0.8515394348376213
0.8052232854864434,0.8515707358212102
0.8054226475279107,0.851602023608769
0.8054226475279107,0.8514225500526871
0.805622009569378,0.8514538558786346
0.805622009569378,0.8512744891510428
0.8058213716108453,0.8513058129738837
0.8058213716108453,0.8511265529585176
0.8060207336523126,0.8511578947368421
0.80622009569378,0.851189223321406
0.8064194577352473,0.8512205387205387
0.8064194577352473,0.8510414475068377
0.8066188197767146,0.8510727808161548
0.8068181818181818,0.8511041009463722
0.8068181818181818,0.8509251471825063
0.8068181818181818,0.8507462686567164
0.8068181818181818,0.8505674653215637
0.8070175438596491,0.8505988653078378
0.8070175438596491,0.8504201680672269
0.8072169059011164,0.8504515858013022
0.8072169059011164,0.8502729945401092
0.8072169059011164,0.850094478269998
0.8072169059011164,0.8499160369437447
0.8072169059011164,0.8497376705141658
0.8072169059011164,0.8495593789341167
0.8074162679425837,0.8495909376966646
0.8074162679425837,0.8494127516778524
0.8074162679425837,0.8492346403858251
0.807615629984051,0.8492662473794549
0.807615629984051,0.8490882414588137
0.807615629984051,0.848910310142498
0.807615629984051,0.8487324533836161
0.807615629984051,0.8485546711353164
0.807615629984051,0.8483769633507854
0.8078149920255183,0.8484087102177554
0.8080143540669856,0.8484404437931756
0.8080143540669856,0.8482628714943491
0.8080143540669856,0.8480853735091023
0.8082137161084529,0.8481171548117155
0.8082137161084529,0.8479397615561598
0.8082137161084529,0.8477624424926808
0.8082137161084529,0.8475851975747439
0.8082137161084529,0.8474080267558528
0.8082137161084529,0.8472309299895506
0.8082137161084529,0.8470539072294191
0.8082137161084529,0.8468769584290787
0.8084130781499203,0.8469089390142022
0.8086124401913876,0.8469409062434746
0.8086124401913876,0.8467640918580376
0.8086124401913876,0.8465873512836568
0.8086124401913876,0.8464106844741235
0.8086124401913876,0.8462340913832672
0.8088118022328549,0.8462661660408844
0.8090111642743222,0.8462982273201252
0.8090111642743222,0.8461217681401167
0.8090111642743222,0.8459453825307484
0.8090111642743222,0.8457690704460191
0.8090111642743222,0.8455928318399667
0.8090111642743222,0.8454166666666667
0.8090111642743222,0.8452405748802333
0.8090111642743222,0.8450645564348188
0.8090111642743222,0.8448886112846138
0.8090111642743222,0.8447127393838468
0.8090111642743222,0.8445369406867846
0.8092105263157895,0.8445692883895131
0.8094098883572568,0.8446016226336592
0.8094098883572568,0.8444259567387687
0.8094098883572568,0.8442503639010189
0.8096092503987241,0.8442827442827443
0.8096092503987241,0.8441072542091042
0.8098086124401914,0.844139650872818
0.8100079744816587,0.8441720340743819
0.8100079744816587,0.8439966763606149
0.8100079744816587,0.8438213914849428
0.810207336523126,0.8438538205980066
