recall,precision
0.0002092487968194183,1.0
0.0004184975936388366,1.0
0.0006277463904582549,1.0
0.0008369951872776732,1.0
0.0010462439840970914,1.0
0.0012554927809165098,1.0
0.001464741577735928,1.0
0.0016739903745553464,1.0
0.0018832391713747645,1.0
0.002092487968194183,1.0
0.002301736765013601,1.0
0.0025109855618330196,1.0
0.002720234358652438,1.0
0.002929483155471856,1.0
0.003138731952291274,1.0
0.0033479807491106927,1.0
0.003557229545930111,1.0
0.003766478342749529,1.0
0.003975727139568948,1.0
0.004184975936388366,1.0
0.004394224733207784,1.0
0.004603473530027202,1.0
0.00481272232684662,1.0
0.005021971123666039,1.0
0.0052312199204854574,1.0
0.005440468717304876,1.0
0.005649717514124294,1.0
0.005858966310943712,1.0
0.00606821510776313,1.0
0.006277463904582548,1.0
0.006486712701401967,1.0
0.006695961498221385,1.0
0.006905210295040804,1.0
0.007114459091860222,1.0
0.00732370788867964,1.0
0.007532956685499058,1.0
0.007742205482318477,1.0
0.007951454279137895,1.0
0.008160703075957313,1.0
0.008369951872776732,1.0
0.00857920066959615,1.0
0.008788449466415568,1.0
0.008997698263234986,1.0
0.009206947060054404,1.0
0.009416195856873822,1.0
0.00962544465369324,1.0
0.00983469345051266,1.0
0.010043942247332079,1.0
0.010253191044151497,1.0
0.010462439840970915,1.0
0.010671688637790333,1.0
0.010880937434609751,1.0
0.01109018623142917,1.0
0.011299435028248588,1.0
0.011508683825068006,1.0
0.011717932621887424,1.0
0.011927181418706842,1.0
0.01213643021552626,1.0
0.012345679012345678,1.0
0.012554927809165096,1.0
0.012764176605984516,1.0
0.012973425402803935,1.0
0.013182674199623353,1.0
0.01339192299644277,1.0
0.013601171793262189,1.0
0.013810420590081607,1.0
0.014019669386901025,1.0
0.014228918183720443,1.0
0.014438166980539862,1.0
0.01464741577735928,1.0
0.014856664574178698,1.0
0.015065913370998116,1.0
0.015275162167817534,1.0
0.015484410964636954,1.0
0.015693659761456372,1.0
0.01590290855827579,1.0
0.01611215735509521,1.0
0.016321406151914627,1.0
0.016530654948734045,1.0
0.016739903745553463,1.0
0.01694915254237288,1.0
0.0171584013391923,1.0
0.017367650136011718,1.0
0.017576898932831136,1.0
0.017576898932831136,0.9882352941176471
0.017786147729650554,0.9883720930232558
0.017995396526469972,0.9885057471264368
0.01820464532328939,0.9886363636363636
0.01841389412010881,0.9887640449438202
0.018623142916928227,0.9888888888888889
0.018832391713747645,0.989010989010989
0.019041640510567063,0.9891304347826086
0.01925088930738648,0.989247311827957
0.0194601381042059,0.9893617021276596
0.01966938690102532,0.9894736842105263
0.01987863569784474,0.9895833333333334
0.020087884494664157,0.9896907216494846
0.020297133291483575,0.9897959183673469
0.020506382088302993,0.98989898989899
0.02071563088512241,0.99
0.02092487968194183,0.9900990099009901
0.021134128478761248,0.9901960784313726
0.021343377275580666,0.9902912621359223
0.021552626072400084,0.9903846153846154
0.021761874869219502,0.9904761904761905
0.02197112366603892,0.9905660377358491
0.02218037246285834,0.9906542056074766
0.022389621259677757,0.9907407407407407
0.022598870056497175,0.9908256880733946
0.022808118853316593,0.990909090909091
0.02301736765013601,0.990990990990991
0.02322661644695543,0.9910714285714286
0.023435865243774848,0.9911504424778761
0.023645114040594266,0.9912280701754386
0.023854362837413684,0.991304347826087
0.024063611634233102,0.9913793103448276
0.02427286043105252,0.9914529914529915
0.02448210922787194,0.9915254237288136
0.024691358024691357,0.9915966386554622
0.024900606821510775,0.9916666666666667
0.025109855618330193,0.9917355371900827
0.025319104415149615,0.9918032786885246
0.025528353211969033,0.991869918699187
0.02573760200878845,0.9919354838709677
0.02594685080560787,0.992
0.026156099602427287,0.9920634920634921
0.026365348399246705,0.9921259842519685
0.026574597196066124,0.9921875
0.02678384599288554,0.9922480620155039
0.02699309478970496,0.9923076923076923
0.027202343586524378,0.9923664122137404
0.027411592383343796,0.9924242424242424
0.027620841180163214,0.9924812030075187
0.027830089976982633,0.9925373134328358
0.02803933877380205,0.9925925925925926
0.02824858757062147,0.9926470588235294
0.028457836367440887,0.9927007299270073
0.028667085164260305,0.9927536231884058
0.028876333961079723,0.9928057553956835
0.02908558275789914,0.9928571428571429
0.02929483155471856,0.9929078014184397
0.029504080351537978,0.9929577464788732
0.029713329148357396,0.993006993006993
0.029922577945176814,0.9930555555555556
0.030131826741996232,0.993103448275862
0.03034107553881565,0.9931506849315068
0.03055032433563507,0.9931972789115646
0.030759573132454487,0.9932432432432432
0.03096882192927391,0.9932885906040269
0.031178070726093327,0.9933333333333333
0.031387319522912745,0.9933774834437086
0.03159656831973216,0.993421052631579
0.03180581711655158,0.9934640522875817
0.032015065913371,0.9935064935064936
0.03222431471019042,0.9935483870967742
0.032433563507009835,0.9935897435897436
0.032642812303829254,0.9936305732484076
0.03285206110064867,0.9936708860759493
0.03306130989746809,0.9937106918238994
0.03327055869428751,0.99375
0.033479807491106926,0.9937888198757764
0.033689056287926344,0.9938271604938271
0.03389830508474576,0.9938650306748467
0.03410755388156518,0.9939024390243902
0.0343168026783846,0.9939393939393939
0.03452605147520402,0.9939759036144579
0.034735300272023435,0.9940119760479041
0.03494454906884285,0.9940476190476191
0.03515379786566227,0.9940828402366864
0.03536304666248169,0.9941176470588236
0.03557229545930111,0.9941520467836257
0.035781544256120526,0.9941860465116279
0.035990793052939944,0.9942196531791907
0.03620004184975936,0.9942528735632183
0.03640929064657878,0.9942857142857143
0.0366185394433982,0.9943181818181818
0.03682778824021762,0.9943502824858758
0.037037037037037035,0.9943820224719101
0.03724628583385645,0.994413407821229
0.03745553463067587,0.9944444444444445
0.03766478342749529,0.994475138121547
0.03787403222431471,0.9945054945054945
0.038083281021134126,0.994535519125683
0.038292529817953544,0.9945652173913043
0.03850177861477296,0.9945945945945946
0.03871102741159238,0.9946236559139785
0.0389202762084118,0.9946524064171123
0.03912952500523122,0.9946808510638298
0.03933877380205064,0.9947089947089947
0.03954802259887006,0.9947368421052631
0.03975727139568948,0.9947643979057592
0.039966520192508896,0.9947916666666666
0.040175768989328314,0.9948186528497409
0.04038501778614773,0.9948453608247423
0.04059426658296715,0.9948717948717949
0.04080351537978657,0.9948979591836735
0.04101276417660599,0.9949238578680203
0.041222012973425405,0.9949494949494949
0.04143126177024482,0.9949748743718593
0.04164051056706424,0.995
0.04184975936388366,0.9950248756218906
0.04205900816070308,0.995049504950495
0.042268256957522496,0.9950738916256158
0.042477505754341914,0.9950980392156863
0.04268675455116133,0.9951219512195122
0.04289600334798075,0.9951456310679612
0.04310525214480017,0.9951690821256038
0.04331450094161959,0.9951923076923077
0.043523749738439005,0.9952153110047847
0.04373299853525842,0.9952380952380953
0.04394224733207784,0.995260663507109
0.04415149612889726,0.9952830188679245
0.04436074492571668,0.9953051643192489
0.04436074492571668,0.9906542056074766
0.044569993722536096,0.9906976744186047
0.044779242519355514,0.9907407407407407
0.04498849131617493,0.9907834101382489
0.04519774011299435,0.9908256880733946
0.04540698890981377,0.9908675799086758
0.045616237706633186,0.990909090909091
0.045616237706633186,0.9864253393665159
0.045825486503452605,0.9864864864864865
0.04603473530027202,0.9865470852017937
0.04624398409709144,0.9866071428571429
0.04645323289391086,0.9866666666666667
0.04666248169073028,0.9867256637168141
0.046871730487549695,0.986784140969163
0.047080979284369114,0.9868421052631579
0.04729022808118853,0.9868995633187773
0.04749947687800795,0.9869565217391304
0.04770872567482737,0.987012987012987
0.047917974471646786,0.9870689655172413
0.048127223268466204,0.9871244635193133
0.04833647206528562,0.9871794871794872
0.04854572086210504,0.9872340425531915
0.04875496965892446,0.9872881355932204
0.04896421845574388,0.9873417721518988
0.049173467252563295,0.9873949579831933
0.04938271604938271,0.9874476987447699
0.04959196484620213,0.9875
0.04980121364302155,0.9875518672199171
0.05001046243984097,0.987603305785124
0.050219711236660386,0.9876543209876543
0.050428960033479804,0.9877049180327869
0.05063820883029923,0.9877551020408163
0.05084745762711865,0.9878048780487805
0.051056706423938066,0.9878542510121457
0.051265955220757484,0.9879032258064516
0.0514752040175769,0.9879518072289156
0.05168445281439632,0.988
0.05189370161121574,0.9880478087649402
0.052102950408035156,0.9880952380952381
0.052312199204854574,0.9881422924901185
0.05252144800167399,0.9881889763779528
0.05273069679849341,0.9882352941176471
0.05293994559531283,0.98828125
0.05314919439213225,0.9883268482490273
0.053358443188951665,0.9883720930232558
0.05356769198577108,0.9884169884169884
0.0537769407825905,0.9884615384615385
0.05398618957940992,0.9885057471264368
0.05419543837622934,0.9885496183206107
0.054404687173048756,0.9885931558935361
0.054404687173048756,0.9848484848484849
0.054613935969868174,0.9849056603773585
0.054613935969868174,0.981203007518797
0.05482318476668759,0.9812734082397003
0.05503243356350701,0.9813432835820896
0.05524168236032643,0.9814126394052045
0.05545093115714585,0.9814814814814815
0.055660179953965265,0.981549815498155
0.055660179953965265,0.9779411764705882
0.05586942875078468,0.978021978021978
0.0560786775476041,0.9781021897810219
0.05628792634442352,0.9781818181818182
0.05649717514124294,0.9782608695652174
0.05649717514124294,0.9747292418772563
0.056706423938062356,0.9748201438848921
0.056915672734881774,0.974910394265233
0.05712492153170119,0.975
0.05733417032852061,0.9750889679715302
0.05754341912534003,0.975177304964539
0.05775266792215945,0.9752650176678446
0.057961916718978865,0.9753521126760564
0.05817116551579828,0.9754385964912281
0.0583804143126177,0.9755244755244755
0.05858966310943712,0.975609756097561
0.05879891190625654,0.9756944444444444
0.059008160703075956,0.9757785467128027
0.059217409499895374,0.9758620689655172
0.05942665829671479,0.9759450171821306
0.05963590709353421,0.976027397260274
0.05984515589035363,0.9761092150170648
0.060054404687173046,0.9761904761904762
0.060263653483992465,0.976271186440678
0.06047290228081188,0.9763513513513513
0.0606821510776313,0.9764309764309764
0.06089139987445072,0.9765100671140939
0.06110064867127014,0.9765886287625418
0.061309897468089555,0.9766666666666667
0.061519146264908973,0.9767441860465116
0.06172839506172839,0.9768211920529801
0.06193764385854782,0.976897689768977
0.062146892655367235,0.9769736842105263
0.06235614145218665,0.9770491803278688
0.06256539024900606,0.9771241830065359
0.06277463904582549,0.9771986970684039
0.0629838878426449,0.9772727272727273
0.06319313663946433,0.9773462783171522
0.06340238543628374,0.9774193548387097
0.06361163423310316,0.977491961414791
0.06382088302992257,0.9775641025641025
0.064030131826742,0.9776357827476039
0.06423938062356141,0.9777070063694268
0.06444862942038083,0.9777777777777777
0.06465787821720025,0.9778481012658228
0.06486712701401967,0.9779179810725552
0.06507637581083908,0.9779874213836478
0.06528562460765851,0.9780564263322884
0.06549487340447792,0.978125
0.06549487340447792,0.9750778816199377
0.06570412220129734,0.9751552795031055
0.06591337099811675,0.9752321981424149
0.06612261979493618,0.9753086419753086
0.06633186859175559,0.9753846153846154
0.06654111738857502,0.9754601226993865
0.06675036618539443,0.9755351681957186
0.06695961498221385,0.975609756097561
0.06716886377903326,0.9756838905775076
0.06737811257585269,0.9757575757575757
0.06758736137267211,0.9758308157099698
0.06779661016949153,0.9759036144578314
0.06800585896631095,0.975975975975976
0.06821510776313036,0.9760479041916168
0.06842435655994979,0.9761194029850746
0.0686336053567692,0.9761904761904762
0.06884285415358862,0.9762611275964391
0.06905210295040803,0.9763313609467456
0.06926135174722746,0.976401179941003
0.06947060054404687,0.9764705882352941
0.0696798493408663,0.9765395894428153
0.0698890981376857,0.9766081871345029
0.07009834693450513,0.9766763848396501
0.07030759573132454,0.9767441860465116
0.07051684452814397,0.9768115942028985
0.07072609332496338,0.976878612716763
0.0709353421217828,0.9769452449567724
0.07114459091860222,0.9770114942528736
0.07135383971542164,0.9770773638968482
0.07156308851224105,0.9771428571428571
0.07177233730906048,0.9772079772079773
0.07198158610587989,0.9772727272727273
0.07219083490269931,0.9773371104815864
0.07240008369951872,0.9774011299435028
0.07260933249633815,0.9774647887323944
0.07281858129315756,0.9775280898876404
0.07302783008997699,0.9775910364145658
0.0732370788867964,0.9776536312849162
0.07344632768361582,0.9777158774373259
0.07365557648043523,0.9777777777777777
0.07386482527725466,0.9778393351800554
0.07407407407407407,0.9779005524861878
0.0742833228708935,0.977961432506887
0.0744925716677129,0.978021978021978
0.07470182046453233,0.9780821917808219
0.07491106926135174,0.9781420765027322
0.07512031805817117,0.9782016348773842
0.07532956685499058,0.9782608695652174
0.07553881565181,0.978319783197832
0.07574806444862942,0.9783783783783784
0.07595731324544884,0.9784366576819407
0.07616656204226825,0.978494623655914
0.07637581083908768,0.9785522788203753
0.07658505963590709,0.9786096256684492
0.07679430843272651,0.9786666666666667
0.07700355722954592,0.9787234042553191
0.07721280602636535,0.9787798408488063
0.07742205482318476,0.9788359788359788
0.07763130362000419,0.978891820580475
0.0778405524168236,0.9789473684210527
0.07804980121364302,0.979002624671916
0.07825905001046243,0.9790575916230366
0.07846829880728186,0.97911227154047
0.07867754760410128,0.9791666666666666
0.0788867964009207,0.9792207792207792
0.07909604519774012,0.9792746113989638
0.07930529399455953,0.979328165374677
0.07951454279137896,0.979381443298969
0.07972379158819837,0.9794344473007712
0.07993304038501779,0.9794871794871794
0.0801422891818372,0.979539641943734
0.08035153797865663,0.9795918367346939
0.08056078677547604,0.9796437659033079
0.08077003557229546,0.9796954314720813
0.08097928436911488,0.979746835443038
0.0811885331659343,0.9797979797979798
0.08139778196275371,0.9798488664987406
0.08160703075957314,0.9798994974874372
0.08181627955639255,0.9799498746867168
0.08181627955639255,0.9775
0.08202552835321197,0.9775561097256857
0.08223477715003139,0.9776119402985075
0.08244402594685081,0.9776674937965261
0.08265327474367022,0.9777227722772277
0.08286252354048965,0.9777777777777777
0.08307177233730906,0.9778325123152709
0.08328102113412848,0.9778869778869779
0.08328102113412848,0.9754901960784313
0.0834902699309479,0.9755501222493888
0.08369951872776732,0.975609756097561
0.08390876752458673,0.975669099756691
0.08411801632140616,0.9757281553398058
0.08432726511822557,0.9757869249394673
0.08453651391504499,0.9758454106280193
0.0847457627118644,0.9759036144578314
0.08495501150868383,0.9759615384615384
0.08516426030550324,0.9760191846522782
0.08537350910232266,0.9760765550239234
0.08558275789914208,0.9761336515513126
0.0857920066959615,0.9761904761904762
0.08600125549278091,0.9762470308788599
0.08600125549278091,0.9739336492890995
0.08621050428960034,0.9739952718676123
0.08641975308641975,0.9740566037735849
0.08662900188323917,0.9741176470588235
0.08683825068005858,0.9741784037558685
0.08704749947687801,0.9742388758782201
0.08725674827369742,0.9742990654205608
0.08746599707051685,0.9743589743589743
0.08767524586733626,0.9744186046511628
0.08788449466415568,0.974477958236659
0.0880937434609751,0.9745370370370371
0.08830299225779452,0.9745958429561201
0.08851224105461393,0.9746543778801844
0.08872148985143335,0.9747126436781609
0.08893073864825277,0.9747706422018348
0.08913998744507219,0.9748283752860412
0.0893492362418916,0.9748858447488584
0.08955848503871103,0.9749430523917996
0.08976773383553044,0.975
0.08997698263234986,0.9750566893424036
0.08997698263234986,0.9728506787330317
0.09018623142916929,0.9729119638826185
0.0903954802259887,0.972972972972973
0.09060472902280813,0.9730337078651685
0.09081397781962754,0.9730941704035875
0.09102322661644696,0.9731543624161074
0.09123247541326637,0.9732142857142857
0.0914417242100858,0.9732739420935412
0.09165097300690521,0.9733333333333334
0.09186022180372463,0.9733924611973392
0.09206947060054405,0.9734513274336283
0.09227871939736347,0.9735099337748344
0.09248796819418288,0.973568281938326
0.09269721699100231,0.9736263736263736
0.09290646578782172,0.9736842105263158
0.09311571458464114,0.973741794310722
0.09332496338146055,0.9737991266375546
0.09353421217827998,0.9738562091503268
0.09374346097509939,0.9739130434782609
0.09395270977191882,0.9739696312364425
0.09416195856873823,0.974025974025974
0.09437120736555765,0.9740820734341252
0.09458045616237706,0.9741379310344828
0.09478970495919649,0.9741935483870968
0.0949989537560159,0.9742489270386266
0.09520820255283532,0.974304068522484
0.09541745134965474,0.9743589743589743
0.09562670014647416,0.9744136460554371
0.09583594894329357,0.9744680851063829
0.096045197740113,0.9745222929936306
0.09625444653693241,0.9745762711864406
0.09646369533375183,0.9746300211416491
0.09667294413057125,0.9746835443037974
0.09688219292739067,0.9747368421052631
0.09709144172421008,0.9747899159663865
0.0973006905210295,0.9748427672955975
0.09750993931784892,0.9748953974895398
0.09771918811466834,0.9749478079331941
0.09792843691148775,0.975
0.09813768570830718,0.975051975051975
0.09834693450512659,0.975103734439834
0.09855618330194602,0.9751552795031055
0.09876543209876543,0.9752066115702479
0.09897468089558485,0.9752577319587629
0.09918392969240426,0.9753086419753086
0.09939317848922369,0.9753593429158111
0.0996024272860431,0.9754098360655737
0.09981167608286252,0.9754601226993865
0.10002092487968194,0.9755102040816327
0.10023017367650136,0.9755600814663951
0.10043942247332077,0.975609756097561
0.1006486712701402,0.9756592292089249
0.10085792006695961,0.9757085020242915
0.10106716886377903,0.9757575757575757
0.10127641766059846,0.9758064516129032
0.10148566645741787,0.9758551307847082
0.1016949152542373,0.9759036144578314
0.1019041640510567,0.9759519038076152
0.10211341284787613,0.976
0.10232266164469554,0.9760479041916168
0.10253191044151497,0.9760956175298805
0.10274115923833438,0.9761431411530815
0.1029504080351538,0.9761904761904762
0.10315965683197321,0.9762376237623762
0.10336890562879264,0.9762845849802372
0.10336890562879264,0.9743589743589743
0.10357815442561205,0.9744094488188977
0.10378740322243148,0.9744597249508841
0.10399665201925089,0.9745098039215686
0.10420590081607031,0.974559686888454
0.10441514961288972,0.974609375
0.10462439840970915,0.9746588693957114
0.10462439840970915,0.9727626459143969
0.10483364720652856,0.9728155339805825
0.10504289600334799,0.9728682170542635
0.1052521448001674,0.9729206963249516
0.10546139359698682,0.972972972972973
0.10567064239380623,0.9730250481695568
0.10587989119062566,0.9730769230769231
0.10608913998744507,0.9731285988483686
0.1062983887842645,0.9731800766283525
0.1065076375810839,0.9732313575525813
0.10671688637790333,0.9732824427480916
0.10692613517472274,0.9733333333333334
0.10713538397154217,0.973384030418251
0.10734463276836158,0.9734345351043643
0.107553881565181,0.9734848484848485
0.10776313036200041,0.9735349716446124
0.10797237915881984,0.9735849056603774
0.10818162795563925,0.9736346516007532
0.10839087675245868,0.9736842105263158
0.10860012554927809,0.9737335834896811
0.10880937434609751,0.9737827715355806
0.10901862314291692,0.9738317757009346
0.10922787193973635,0.9738805970149254
0.10943712073655576,0.9739292364990689
0.10964636953337518,0.9739776951672863
0.1098556183301946,0.974025974025974
0.11006486712701402,0.9740740740740741
0.11027411592383343,0.9741219963031423
0.11048336472065286,0.974169741697417
0.11069261351747227,0.9742173112338858
0.1109018623142917,0.9742647058823529
0.1111111111111111,0.9743119266055046
0.11132035990793053,0.9743589743589743
0.11152960870474994,0.9744058500914077
0.11173885750156937,0.9744525547445255
0.11194810629838878,0.9744990892531876
0.1121573550952082,0.9745454545454545
0.11236660389202763,0.9745916515426497
0.11257585268884704,0.9746376811594203
0.11278510148566646,0.9746835443037974
0.11299435028248588,0.9747292418772563
0.1132035990793053,0.9747747747747748
0.11341284787612471,0.9748201438848921
0.11362209667294414,0.9748653500897666
0.11383134546976355,0.974910394265233
0.11404059426658297,0.9749552772808586
0.11424984306340238,0.975
0.11445909186022181,0.9750445632798574
0.11466834065704122,0.9750889679715302
0.11487758945386065,0.9751332149200711
0.11508683825068006,0.975177304964539
0.11529608704749948,0.9752212389380531
0.1155053358443189,0.9752650176678446
0.11571458464113832,0.9753086419753086
0.11592383343795773,0.9753521126760564
0.11613308223477715,0.9753954305799648
0.11634233103159657,0.9754385964912281
0.11655157982841599,0.9754816112084063
0.1167608286252354,0.9755244755244755
0.11697007742205483,0.9755671902268761
0.11717932621887424,0.975609756097561
0.11738857501569366,0.9756521739130435
0.11738857501569366,0.9739583333333334
0.11759782381251307,0.9740034662045061
0.1178070726093325,0.9740484429065744
0.11801632140615191,0.9740932642487047
0.11822557020297134,0.9741379310344828
0.11843481899979075,0.9741824440619621
0.11864406779661017,0.9742268041237113
0.11885331659342958,0.9742710120068611
0.11906256539024901,0.9743150684931506
0.11927181418706842,0.9743589743589743
0.11948106298388785,0.9744027303754266
0.11969031178070726,0.9744463373083475
0.11989956057752668,0.9744897959183674
0.12010880937434609,0.9745331069609507
0.12031805817116552,0.9745762711864406
0.12052730696798493,0.9746192893401016
0.12073655576480435,0.9746621621621622
0.12094580456162377,0.9747048903878583
0.12115505335844319,0.9747474747474747
0.1213643021552626,0.9747899159663865
0.1213643021552626,0.9731543624161074
0.12157355095208203,0.9731993299832495
0.12178279974890144,0.9732441471571907
0.12199204854572086,0.9732888146911519
0.12220129734254027,0.9733333333333334
0.1224105461393597,0.9733777038269551
0.12261979493617911,0.973421926910299
0.12282904373299854,0.9734660033167496
0.12303829252981795,0.9735099337748344
0.12324754132663737,0.9735537190082645
0.12345679012345678,0.9735973597359736
0.12366603892027621,0.9736408566721582
0.12387528771709563,0.9736842105263158
0.12408453651391504,0.9737274220032841
0.12429378531073447,0.9737704918032787
0.12450303410755388,0.9738134206219312
0.1247122829043733,0.9738562091503268
0.12492153170119272,0.9738988580750407
0.12513078049801213,0.9739413680781759
0.12534002929483157,0.9739837398373984
0.12554927809165098,0.974025974025974
0.1257585268884704,0.9740680713128039
0.1259677756852898,0.9741100323624595
0.12617702448210924,0.9741518578352181
0.12638627327892865,0.9741935483870968
0.12659552207574806,0.9742351046698873
0.12680477087256747,0.9742765273311897
0.12680477087256747,0.9727126805778491
0.1270140196693869,0.9727564102564102
0.12722326846620632,0.9728
0.12743251726302574,0.9728434504792333
0.12764176605984515,0.9728867623604466
0.12785101485666459,0.9729299363057324
0.128060263653484,0.972972972972973
0.1282695124503034,0.973015873015873
0.12847876124712282,0.9730586370839936
0.12868801004394226,0.9731012658227848
0.12889725884076167,0.9731437598736177
0.12910650763758108,0.973186119873817
0.1293157564344005,0.9732283464566929
0.12952500523121993,0.9732704402515723
0.12952500523121993,0.9717425431711146
0.12973425402803934,0.9717868338557993
0.12994350282485875,0.971830985915493
0.13015275162167816,0.971875
0.1303620004184976,0.9719188767550702
0.13057124921531701,0.9719626168224299
0.13078049801213643,0.9720062208398134
0.13098974680895584,0.9720496894409938
0.13119899560577528,0.9720930232558139
0.1314082444025947,0.9721362229102167
0.1316174931994141,0.9721792890262752
0.1316174931994141,0.970679012345679
0.1318267419962335,0.9707241910631741
0.13203599079305295,0.9707692307692307
0.13224523958987236,0.9708141321044547
0.13245448838669177,0.9708588957055214
0.13266373718351118,0.9709035222052067
0.13287298598033062,0.9709480122324159
0.13308223477715003,0.9709923664122138
0.13329148357396944,0.9710365853658537
0.13350073237078885,0.9710806697108066
0.1337099811676083,0.9711246200607903
0.1339192299644277,0.9711684370257967
0.13412847876124712,0.9712121212121212
0.13433772755806653,0.9712556732223904
0.13454697635488597,0.9712990936555891
0.13475622515170538,0.971342383107089
0.1349654739485248,0.9713855421686747
0.13517472274534423,0.9714285714285714
0.13538397154216364,0.9714714714714715
0.13559322033898305,0.9715142428785607
0.13580246913580246,0.9715568862275449
0.1360117179326219,0.9715994020926756
0.1362209667294413,0.9716417910447761
0.13643021552626072,0.9716840536512668
0.13663946432308013,0.9717261904761905
0.13684871311989957,0.9717682020802377
0.13705796191671898,0.9718100890207715
0.1372672107135384,0.9718518518518519
0.1374764595103578,0.9718934911242604
0.13768570830717725,0.9719350073855244
0.13789495710399666,0.971976401179941
0.13810420590081607,0.9720176730486009
0.13831345469763548,0.9720588235294118
0.13852270349445492,0.9720998531571219
0.13873195229127433,0.9721407624633431
0.13894120108809374,0.972181551976574
0.13915044988491315,0.9722222222222222
0.1393596986817326,0.9722627737226277
0.139568947478552,0.9723032069970845
0.1397781962753714,0.9723435225618632
0.13998744507219082,0.9723837209302325
0.14019669386901026,0.9724238026124818
0.14040594266582967,0.972463768115942
0.1406151914626491,0.9725036179450073
0.1408244402594685,0.9725433526011561
0.1408244402594685,0.9711399711399712
0.14103368905628794,0.9711815561959655
0.14124293785310735,0.9712230215827338
0.14145218664992676,0.9712643678160919
0.14166143544674617,0.9713055954088953
0.1418706842435656,0.9713467048710601
0.14207993304038502,0.9713876967095851
0.14228918183720443,0.9714285714285714
0.14249843063402384,0.9714693295292439
0.14270767943084328,0.9715099715099715
0.1429169282276627,0.9715504978662873
0.1431261770244821,0.9715909090909091
0.14333542582130152,0.9716312056737588
0.14354467461812095,0.9716713881019831
0.14375392341494037,0.9717114568599717
0.14396317221175978,0.9717514124293786
0.1441724210085792,0.9717912552891397
0.14438166980539863,0.971830985915493
0.14459091860221804,0.9718706047819972
0.14480016739903745,0.9719101123595506
0.14500941619585686,0.9719495091164095
0.1452186649926763,0.9719887955182073
0.1454279137894957,0.972027972027972
0.14563716258631512,0.9720670391061452
0.14584641138313453,0.9721059972105998
0.14605566017995397,0.9721448467966574
0.14626490897677338,0.972183588317107
0.1464741577735928,0.9722222222222222
0.14668340657041223,0.9722607489597781
0.14689265536723164,0.9722991689750693
0.14710190416405106,0.9723374827109267
0.14731115296087047,0.9723756906077348
0.1475204017576899,0.9724137931034482
0.14772965055450932,0.9724517906336089
0.14793889935132873,0.9724896836313618
0.14814814814814814,0.9725274725274725
0.14814814814814814,0.9711934156378601
0.14835739694496758,0.9712328767123287
0.148566645741787,0.9712722298221614
0.1487758945386064,0.9713114754098361
0.1489851433354258,0.9713506139154161
0.14919439213224525,0.9713896457765667
0.14940364092906466,0.9714285714285714
0.14961288972588407,0.9714673913043478
0.14982213852270349,0.9715061058344641
0.14982213852270349,0.9701897018970189
0.15003138731952292,0.9702300405953992
0.15024063611634234,0.9702702702702702
0.15044988491316175,0.970310391363023
0.15065913370998116,0.9703504043126685
0.1508683825068006,0.9703903095558546
0.15107763130362,0.9704301075268817
0.15128688010043942,0.9704697986577181
0.15149612889725883,0.9705093833780161
0.15170537769407827,0.9705488621151271
0.15191462649089768,0.9705882352941176
0.1521238752877171,0.9706275033377837
0.1523331240845365,0.9706666666666667
0.15254237288135594,0.9707057256990679
0.15275162167817535,0.9707446808510638
0.15296087047499476,0.9707835325365206
0.15317011927181418,0.9708222811671088
0.15337936806863361,0.9708609271523179
0.15358861686545303,0.9708994708994709
0.15379786566227244,0.9709379128137384
0.15400711445909185,0.9709762532981531
0.1542163632559113,0.9710144927536232
0.1544256120527307,0.9710526315789474
0.1546348608495501,0.9710906701708278
0.15484410964636952,0.9711286089238845
0.15505335844318896,0.9711664482306684
0.15526260724000837,0.9712041884816754
0.15547185603682778,0.9712418300653595
0.1556811048336472,0.9712793733681462
0.15589035363046663,0.9713168187744459
0.15609960242728604,0.9713541666666666
0.15630885122410546,0.9713914174252276
0.15651810002092487,0.9714285714285714
0.1567273488177443,0.9714656290531777
0.15693659761456372,0.9715025906735751
0.15714584641138313,0.9715394566623544
0.15735509520820257,0.9715762273901809
0.15756434400502198,0.9716129032258064
0.1577735928018414,0.9716494845360825
0.1579828415986608,0.9716859716859717
0.15819209039548024,0.9717223650385605
0.15840133919229965,0.9717586649550706
0.15861058798911906,0.9717948717948718
0.15881983678593847,0.971830985915493
0.1590290855827579,0.9718670076726342
0.15923833437957732,0.9719029374201787
0.15944758317639673,0.9719387755102041
0.15965683197321615,0.9719745222929936
0.15986608077003558,0.9720101781170484
0.15986608077003558,0.9707750952986023
0.160075329566855,0.9708121827411168
0.1602845783636744,0.9708491761723701
0.16049382716049382,0.970886075949367
0.16070307595731326,0.9709228824273072
0.16091232475413267,0.9709595959595959
0.16091232475413267,0.969735182849937
0.16112157355095208,0.9697732997481109
0.1613308223477715,0.969811320754717
0.16154007114459093,0.9698492462311558
0.16174931994141034,0.9698870765370138
0.16195856873822975,0.9699248120300752
0.16216781753504916,0.9699624530663329
0.1623770663318686,0.97
0.162586315128688,0.9700374531835206
0.16279556392550742,0.970074812967581
0.16300481272232684,0.9701120797011208
0.16300481272232684,0.9689054726368159
0.16321406151914628,0.968944099378882
0.1634233103159657,0.9689826302729528
0.1636325591127851,0.9690210656753407
0.1638418079096045,0.969059405940594
0.16405105670642395,0.969097651421508
0.16426030550324336,0.9691358024691358
0.16446955430006277,0.969173859432799
0.16467880309688218,0.9692118226600985
0.16488805189370162,0.9692496924969249
0.16509730069052103,0.9692874692874693
0.16530654948734044,0.9693251533742331
0.16551579828415985,0.9693627450980392
0.1657250470809793,0.9694002447980417
0.1659342958777987,0.969437652811736
0.16614354467461812,0.9694749694749695
0.16635279347143753,0.9695121951219512
0.16656204226825697,0.9695493300852619
0.16677129106507638,0.9695863746958637
0.1669805398618958,0.9696233292831106
0.1671897886587152,0.9696601941747572
0.16739903745553464,0.9696969696969697
0.16760828625235405,0.9697336561743342
0.16781753504917346,0.969770253929867
0.16802678384599287,0.9698067632850241
0.1682360326428123,0.9698431845597105
0.16844528143963172,0.9698795180722891
0.16865453023645113,0.9699157641395909
0.16886377903327057,0.9699519230769231
0.16907302783008998,0.9699879951980792
0.1692822766269094,0.9700239808153477
0.1694915254237288,0.9700598802395209
0.16970077422054825,0.9700956937799043
0.16991002301736766,0.970131421744325
0.17011927181418707,0.9701670644391408
0.17032852061100648,0.9702026221692491
0.17053776940782592,0.9702380952380952
0.17074701820464533,0.9702734839476813
0.17095626700146474,0.9703087885985748
0.17116551579828415,0.970344009489917
0.1713747645951036,0.9703791469194313
0.171584013391923,0.9704142011834319
0.1717932621887424,0.9704491725768322
0.17200251098556182,0.9704840613931524
0.17221175978238126,0.9705188679245284
0.17242100857920067,0.9705535924617197
0.17263025737602009,0.9705882352941176
0.1728395061728395,0.9706227967097533
0.17304875496965894,0.9706572769953051
0.17325800376647835,0.9706916764361079
0.17346725256329776,0.9707259953161592
0.17367650136011717,0.9707602339181286
0.1738857501569366,0.9707943925233645
0.17409499895375602,0.970828471411902
0.17430424775057543,0.9708624708624709
0.17451349654739484,0.9708963911525029
0.17472274534421428,0.9709302325581395
0.1749319941410337,0.9709639953542393
0.1751412429378531,0.9709976798143851
0.17535049173467251,0.9710312862108922
0.17555974053149195,0.9710648148148148
0.17576898932831136,0.9710982658959537
0.17597823812513078,0.9711316397228638
0.1761874869219502,0.9711649365628604
0.17639673571876963,0.9711981566820277
0.17639673571876963,0.9700805523590333
0.17660598451558904,0.9701149425287356
0.17681523331240845,0.9701492537313433
0.17702448210922786,0.9701834862385321
0.1772337309060473,0.9702176403207331
0.1774429797028667,0.9702517162471396
0.17765222849968612,0.9702857142857143
0.17786147729650553,0.9703196347031964
0.17807072609332497,0.9703534777651083
0.17827997489014438,0.9703872437357631
0.1784892236869638,0.9704209328782708
0.1786984724837832,0.9704545454545455
0.17890772128060264,0.9704880817253121
0.17911697007742206,0.9705215419501134
0.17932621887424147,0.970554926387316
0.17953546767106088,0.9705882352941176
0.17974471646788032,0.9706214689265537
0.17995396526469973,0.9706546275395034
0.18016321406151914,0.9706877113866967
0.18037246285833858,0.9707207207207207
0.180581711655158,0.9707536557930259
0.1807909604519774,0.9707865168539326
0.1810002092487968,0.9708193041526375
0.18120945804561625,0.9708520179372198
0.18141870684243566,0.9708846584546472
0.18162795563925507,0.970917225950783
0.18183720443607448,0.9709497206703911
0.18204645323289392,0.9709821428571429
0.18225570202971333,0.9710144927536232
0.18246495082653275,0.9710467706013363
0.18267419962335216,0.9710789766407119
0.1828834484201716,0.9711111111111111
0.183092697216991,0.9711431742508324
0.18330194601381042,0.9711751662971175
0.18351119481062983,0.9712070874861573
0.18372044360744927,0.9712389380530974
0.18392969240426868,0.9712707182320443
0.1841389412010881,0.9713024282560706
0.1843481899979075,0.9713340683572216
0.18455743879472694,0.9713656387665198
0.18476668759154635,0.9713971397139713
0.18497593638836576,0.9714285714285714
0.18518518518518517,0.9714599341383096
0.18539443398200461,0.9714912280701754
0.18560368277882403,0.9715224534501643
0.18581293157564344,0.9715536105032823
0.18602218037246285,0.9715846994535519
0.1862314291692823,0.9716157205240175
0.1864406779661017,0.9716466739367503
0.1866499267629211,0.971677559912854
0.1866499267629211,0.970620239390642
0.18685917555974052,0.9706521739130435
0.18706842435655996,0.9706840390879479
0.18727767315337937,0.9707158351409978
0.18748692195019878,0.9707475622968581
0.1876961707470182,0.9707792207792207
0.18790541954383763,0.9708108108108108
0.18811466834065704,0.9708423326133909
0.18832391713747645,0.970873786407767
0.18853316593429587,0.9709051724137931
0.1887424147311153,0.9709364908503767
0.18895166352793472,0.9709677419354839
0.18916091232475413,0.9709989258861439
0.18937016112157354,0.971030042918455
0.18957940991839298,0.9710610932475884
0.1897886587152124,0.9710920770877944
0.1899979075120318,0.9711229946524064
0.1902071563088512,0.9711538461538461
0.19041640510567065,0.9711846318036286
0.19062565390249006,0.9712153518123667
0.19062565390249006,0.9701810436634718
0.19083490269930947,0.9702127659574468
0.1910441514961289,0.9702444208289054
0.19125340029294832,0.970276008492569
0.19146264908976773,0.9703075291622482
0.19167189788658714,0.9703389830508474
0.19188114668340658,0.9703703703703703
0.192090395480226,0.9704016913319239
0.1922996442770454,0.9704329461457233
0.19250889307386482,0.9704641350210971
0.19271814187068426,0.9704952581664911
0.19292739066750367,0.9705263157894737
0.19313663946432308,0.9705573080967402
0.1933458882611425,0.9705882352941176
0.19355513705796193,0.9706190975865687
0.19376438585478134,0.9706498951781971
0.19397363465160075,0.9706806282722513
0.19418288344842016,0.9707112970711297
0.1943921322452396,0.9707419017763845
0.194601381042059,0.9707724425887265
0.19481062983887842,0.9708029197080292
0.19501987863569784,0.9708333333333333
0.19522912743251727,0.9708636836628513
0.19522912743251727,0.9698544698544699
0.19543837622933669,0.9698857736240913
0.1956476250261561,0.9699170124481328
0.1958568738229755,0.9699481865284975
0.19606612261979495,0.9699792960662525
0.19627537141661436,0.9700103412616339
0.19648462021343377,0.9700413223140496
0.19669386901025318,0.9700722394220846
0.19690311780707262,0.9701030927835051
0.19711236660389203,0.9701338825952626
0.19732161540071144,0.970164609053498
0.19753086419753085,0.9701952723535457
0.1977401129943503,0.9702258726899384
0.1979493617911697,0.9702564102564103
0.19815861058798911,0.9702868852459017
0.19836785938480853,0.970317297850563
0.19857710818162796,0.9703476482617587
0.19878635697844738,0.9703779366700716
0.1989956057752668,0.9704081632653061
0.1992048545720862,0.9704383282364933
0.19941410336890564,0.9704684317718941
0.19962335216572505,0.970498474059003
0.19983260096254446,0.9705284552845529
0.20004184975936387,0.9705583756345177
0.2002510985561833,0.9705882352941176
0.20046034735300272,0.9706180344478217
0.20066959614982213,0.9706477732793523
0.20087884494664154,0.9706774519716885
0.20108809374346098,0.9707070707070707
0.2012973425402804,0.970736629667003
0.2015065913370998,0.9707661290322581
0.20171584013391922,0.9707955689828801
0.20192508893073866,0.9708249496981891
0.20213433772755807,0.9708542713567839
0.20234358652437748,0.9708835341365462
0.20255283532119692,0.970912738214644
0.20276208411801633,0.9709418837675351
0.20297133291483574,0.970970970970971
0.20318058171165515,0.971
0.2033898305084746,0.971028971028971
0.203599079305294,0.9710578842315369
0.2038083281021134,0.9710867397806581
0.20401757689893282,0.9711155378486056
0.20422682569575226,0.9711442786069652
0.20443607449257167,0.9711729622266402
0.20464532328939108,0.971201588877855
0.2048545720862105,0.9712301587301587
0.20506382088302993,0.9712586719524281
0.20527306967984935,0.9712871287128713
0.20548231847666876,0.9713155291790306
0.20569156727348817,0.9713438735177866
0.2059008160703076,0.9713721618953604
0.20611006486712702,0.9714003944773175
0.20631931366394643,0.9714285714285714
0.20652856246076584,0.9714566929133859
0.20673781125758528,0.9714847590953786
0.2069470600544047,0.9715127701375246
0.2071563088512241,0.971540726202159
0.2071563088512241,0.9705882352941176
0.2073655576480435,0.970617042115573
0.20757480644486295,0.9706457925636007
0.20778405524168236,0.9706744868035191
0.20799330403850178,0.970703125
0.2082025528353212,0.9707317073170731
0.20841180163214063,0.9707602339181286
0.20862105042896004,0.9707887049659202
0.20862105042896004,0.9698443579766537
0.20883029922577945,0.9698736637512148
0.20903954802259886,0.9699029126213592
0.2092487968194183,0.9699321047526673
0.2094580456162377,0.9699612403100775
0.20966729441305712,0.9699903194578896
0.20987654320987653,0.9700193423597679
0.21008579200669597,0.970048309178744
0.21029504080351538,0.9700772200772201
0.2105042896003348,0.970106075216972
0.2107135383971542,0.9701348747591522
0.21092278719397364,0.9701636188642926
0.21113203599079305,0.9701923076923077
0.21134128478761247,0.9702209414024976
0.21155053358443188,0.9702495201535508
0.21175978238125132,0.9702780441035475
0.21196903117807073,0.9703065134099617
0.21217827997489014,0.970334928229665
0.21238752877170955,0.9703632887189293
0.212596777568529,0.9703915950334289
0.2128060263653484,0.9704198473282443
0.2130152751621678,0.9704480457578646
0.21322452395898722,0.9704761904761905
0.21343377275580666,0.9705042816365367
0.21364302155262607,0.970532319391635
0.21385227034944548,0.9705603038936372
0.21385227034944548,0.969639468690702
0.21406151914626492,0.9696682464454977
0.21427076794308433,0.9696969696969697
0.21448001673990374,0.9697256385998108
0.21468926553672316,0.9697542533081286
0.2148985143335426,0.9697828139754485
0.215107763130362,0.969811320754717
0.21531701192718142,0.9698397737983034
0.21552626072400083,0.9698681732580038
0.21573550952082027,0.9698965192850423
0.21594475831763968,0.9699248120300752
0.2161540071144591,0.9699530516431925
0.2163632559112785,0.9699812382739212
0.21657250470809794,0.9700093720712277
0.21678175350491735,0.9700374531835206
0.21699100230173676,0.9700654817586529
0.21720025109855617,0.9700934579439252
0.2174094998953756,0.9701213818860878
0.21761874869219502,0.9701492537313433
0.21782799748901444,0.9701770736253494
0.21803724628583385,0.9702048417132216
0.21824649508265329,0.9702325581395349
0.2184557438794727,0.9702602230483272
0.2186649926762921,0.9702878365831012
0.21887424147311152,0.9703153988868275
0.21908349026993096,0.9703429101019463
0.21929273906675037,0.9703703703703703
0.21950198786356978,0.9703977798334875
0.2197112366603892,0.9704251386321626
0.21992048545720863,0.9704524469067405
0.22012973425402804,0.9704797047970479
0.22033898305084745,0.9705069124423963
0.22054823184766686,0.9705340699815838
0.2207574806444863,0.9705611775528978
0.22096672944130571,0.9705882352941176
0.22117597823812513,0.970615243342516
0.22138522703494454,0.9706422018348624
0.22159447583176398,0.9706691109074244
0.2218037246285834,0.9706959706959707
0.2220129734254028,0.970722781335773
0.2222222222222222,0.9707495429616088
0.2222222222222222,0.9698630136986301
0.22243147101904165,0.9698905109489051
0.22264071981586106,0.9699179580674567
0.22284996861268047,0.9699453551912568
0.22305921740949988,0.9699727024567789
0.22326846620631932,0.97
0.22347771500313873,0.9700272479564033
0.22368696379995814,0.97005444646098
0.22389621259677756,0.970081595648232
0.224105461393597,0.970108695652174
0.2243147101904164,0.9701357466063348
0.22452395898723582,0.9701627486437613
0.22473320778405526,0.9701897018970189
0.22494245658087467,0.970216606498195
0.22515170537769408,0.9702434625788999
0.2253609541745135,0.9702702702702702
0.22557020297133293,0.9702970297029703
0.22577945176815234,0.9703237410071942
0.22598870056497175,0.9703504043126685
0.22619794936179116,0.9703770197486535
0.2264071981586106,0.9704035874439462
0.22661644695543,0.9704301075268817
0.22682569575224942,0.9704565801253358
0.22703494454906883,0.9704830053667263
0.22724419334588827,0.9705093833780161
0.22745344214270768,0.9705357142857143
0.2276626909395271,0.9705619982158786
0.2278719397363465,0.9705882352941176
0.2278719397363465,0.9697239536954586
0.22808118853316595,0.9697508896797153
0.22829043732998536,0.9697777777777777
0.22849968612680477,0.9698046181172292
0.22870893492362418,0.9698314108251996
0.22891818372044362,0.9698581560283688
0.22912743251726303,0.9698848538529672
0.22933668131408244,0.9699115044247788
0.22954593011090185,0.9699381078691424
0.2297551789077213,0.9699646643109541
0.2299644277045407,0.969991173874669
0.2301736765013601,0.9700176366843033
0.23038292529817953,0.9700440528634361
0.23059217409499896,0.9700704225352113
0.23080142289181838,0.9700967458223395
0.2310106716886378,0.9701230228471002
0.2312199204854572,0.9701492537313433
0.23142916928227664,0.9701754385964912
0.23163841807909605,0.9702015775635408
0.23184766687591546,0.9702276707530648
0.23205691567273487,0.9702537182852143
0.2322661644695543,0.9702797202797203
0.23247541326637372,0.9703056768558952
0.23268466206319313,0.9703315881326352
0.23289391086001254,0.970357454228422
0.23310315965683198,0.9703832752613241
0.2333124084536514,0.9704090513489991
0.2335216572504708,0.9704347826086956
0.23373090604729022,0.9704604691572546
0.23394015484410965,0.9704861111111112
0.23414940364092907,0.9705117085862967
0.23435865243774848,0.9705372616984402
0.2345679012345679,0.9705627705627705
0.23477715003138733,0.9705882352941176
0.23498639882820674,0.9706136560069144
0.23519564762502615,0.9706390328151986
0.23540489642184556,0.9706643658326143
0.235614145218665,0.9706896551724138
0.2358233940154844,0.970714900947459
0.23603264281230382,0.9707401032702238
0.23624189160912326,0.9707652622527945
0.23645114040594267,0.9707903780068728
0.23666038920276208,0.9708154506437768
0.2368696379995815,0.9708404802744426
0.23707888679640093,0.9708654670094259
0.23728813559322035,0.9708904109589042
0.23749738439003976,0.9709153122326775
0.23770663318685917,0.9709401709401709
0.23770663318685917,0.9701110162254484
0.2379158819836786,0.9701365187713311
0.23812513078049802,0.9701619778346121
0.23833437957731743,0.9701873935264055
0.23854362837413684,0.9702127659574468
0.23875287717095628,0.9702380952380952
0.2389621259677757,0.9702633814783348
0.2391713747645951,0.9702886247877759
0.2393806235614145,0.9703138252756573
0.23958987235823395,0.9703389830508474
0.23979912115505336,0.9703640982218459
0.24000836995187277,0.9703891708967851
0.24000836995187277,0.9695688926458157
0.24021761874869219,0.9695945945945946
0.24042686754551162,0.9696202531645569
0.24063611634233104,0.96964586846543
0.24084536513915045,0.9696714406065712
0.24105461393596986,0.9696969696969697
0.2412638627327893,0.9697224558452481
0.2414731115296087,0.9697478991596639
0.24168236032642812,0.9697732997481109
0.24189160912324753,0.9697986577181208
0.24210085792006697,0.9698239731768651
0.24231010671688638,0.9698492462311558
0.2425193555137058,0.9698744769874477
0.2427286043105252,0.9698996655518395
0.24293785310734464,0.9699248120300752
0.24314710190416405,0.9699499165275459
0.24335635070098346,0.9699749791492911
0.24356559949780288,0.97
0.24377484829462231,0.9700249791840133
0.24398409709144173,0.9700499168053245
0.24419334588826114,0.970074812967581
0.24440259468508055,0.9700996677740864
0.2446118434819,0.9701244813278008
0.2448210922787194,0.9701492537313433
0.2450303410755388,0.9701739850869926
0.24523958987235822,0.9701986754966887
0.24544883866917766,0.9702233250620348
0.24565808746599707,0.9702479338842975
0.24586733626281648,0.9702725020644096
0.2460765850596359,0.9702970297029703
0.24628583385645533,0.9703215169002474
0.24649508265327474,0.9703459637561779
0.24670433145009416,0.9703703703703703
0.24691358024691357,0.9703947368421053
0.247122829043733,0.9704190632703369
0.24733207784055242,0.9704433497536946
0.24733207784055242,0.9696472518457753
0.24754132663737183,0.969672131147541
0.24754132663737183,0.9688779688779688
0.24775057543419127,0.9689034369885434
0.24795982423101068,0.9689288634505315
0.2481690730278301,0.9689542483660131
0.2483783218246495,0.9689795918367347
0.24858757062146894,0.9690048939641109
0.24879681941828835,0.9690301548492257
0.24900606821510776,0.9690553745928339
0.24921531701192717,0.9690805532953621
0.2494245658087466,0.9691056910569106
0.24963381460556602,0.9691307879772543
0.24984306340238543,0.9691558441558441
0.2500523121992049,0.9691808596918086
0.25026156099602426,0.9692058346839546
0.2504708097928437,0.9692307692307692
0.25068005858966314,0.9692556634304207
0.2508893073864825,0.9692805173807599
0.25109855618330196,0.9693053311793215
0.25130780498012134,0.9693301049233253
0.2515170537769408,0.9693548387096774
0.2517263025737602,0.9693795326349718
0.2519355513705796,0.9694041867954911
0.25214480016739904,0.9694288012872083
0.2523540489642185,0.9694533762057878
0.25256329776103786,0.9694779116465864
0.2527725465578573,0.9695024077046549
0.2529817953546767,0.9695268644747393
0.2531910441514961,0.969551282051282
0.2531910441514961,0.9687750200160128
0.25340029294831556,0.9688
0.25360954174513495,0.9688249400479616
0.2538187905419544,0.9688498402555911
0.2540280393387738,0.9688747007182761
0.2542372881355932,0.9688995215311005
0.25444653693241265,0.9689243027888447
0.25465578572923203,0.9689490445859873
0.25486503452605147,0.9689737470167065
0.2550742833228709,0.9689984101748808
0.2552835321196903,0.9690230341540905
0.25549278091650973,0.969047619047619
0.25570202971332917,0.9690721649484536
0.25591127851014855,0.9690966719492868
0.256120527306968,0.9691211401425178
0.2563297761037874,0.9691455696202531
0.2565390249006068,0.9691699604743083
0.25674827369742625,0.9691943127962085
0.25695752249424564,0.9692186266771902
0.2571667712910651,0.9692429022082019
0.2573760200878845,0.9692671394799054
0.2575852688847039,0.9692913385826771
0.25779451768152334,0.969315499606609
0.2580037664783427,0.9693396226415094
0.25821301527516216,0.969363707776905
0.2584222640719816,0.9693877551020408
0.258631512868801,0.9694117647058823
0.2588407616656204,0.969435736677116
0.25905001046243986,0.9694596711041503
0.25925925925925924,0.9694835680751174
0.2594685080560787,0.9695074276778733
0.2596777568528981,0.96953125
0.2598870056497175,0.9695550351288056
0.26009625444653695,0.9695787831513261
0.26030550324335633,0.9696024941543258
0.26051475204017577,0.969626168224299
0.2607240008369952,0.9696498054474708
0.2609332496338146,0.9696734059097978
0.2609332496338146,0.9689199689199689
0.26114249843063403,0.968944099378882
0.26135174722745347,0.9689681923972071
0.26156099602427285,0.9689922480620154
0.2617702448210923,0.9690162664601084
0.2619794936179117,0.9690402476780186
0.2621887424147311,0.9690641918020109
0.26239799121155055,0.9690880989180835
0.26260724000836994,0.9691119691119691
0.2628164888051894,0.9691358024691358
0.2630257376020088,0.969159599074788
0.2632349863988282,0.9691833590138675
0.26344423519564764,0.9692070823710547
0.263653483992467,0.9692307692307692
0.26386273278928646,0.9692544196771714
0.2640719815861059,0.9692780337941628
0.2642812303829253,0.9693016116653875
0.2644904791797447,0.9693251533742331
0.26469972797656416,0.9693486590038314
0.26490897677338354,0.9693721286370597
0.265118225570203,0.9693955623565417
0.26532747436702236,0.9694189602446484
0.2655367231638418,0.9694423223834988
0.26574597196066124,0.9694656488549618
0.2659552207574806,0.969488939740656
0.26616446955430006,0.9695121951219512
0.2663737183511195,0.9695354150799695
0.2665829671479389,0.969558599695586
0.2667922159447583,0.9695817490494296
0.2670014647415777,0.9696048632218845
0.26721071353839715,0.9696279422930904
0.2674199623352166,0.9696509863429439
0.26762921113203597,0.9696739954510993
0.2678384599288554,0.9696969696969697
0.26804770872567485,0.9697199091597275
0.26825695752249423,0.9697428139183056
0.26846620631931367,0.9697656840513983
0.26867545511613306,0.9697885196374623
0.2688847039129525,0.969811320754717
0.26909395270977193,0.9698340874811463
0.2693032015065913,0.9698568198944989
0.26951245030341076,0.9698795180722891
0.2697216991002302,0.9699021820917983
0.2699309478970496,0.9699248120300752
0.270140196693869,0.9699474079639369
0.27034944549068846,0.96996996996997
0.27055869428750784,0.9699924981245311
0.2707679430843273,0.9700149925037481
0.27097719188114666,0.9700374531835206
0.2711864406779661,0.9700598802395209
0.27139568947478554,0.9700822737471952
0.2716049382716049,0.9701046337817638
0.27181418706842436,0.9701269604182226
0.2720234358652438,0.9701492537313433
0.2722326846620632,0.9701715137956749
0.2724419334588826,0.970193740685544
0.272651182255702,0.9702159344750558
0.27286043105252145,0.9702380952380952
0.2730696798493409,0.9702602230483272
0.27327892864616027,0.9702823179791976
0.2734881774429797,0.9703043801039347
0.2734881774429797,0.9695845697329377
0.27369742623979915,0.9696071163825055
0.27390667503661853,0.9696296296296296
0.27411592383343797,0.9696521095484826
0.27432517263025735,0.9696745562130178
0.2745344214270768,0.9696969696969697
0.27474367022389623,0.9697193500738552
0.2749529190207156,0.9697416974169741
0.27516216781753505,0.9697640117994101
0.2753714166143545,0.969786293294031
0.2755806654111739,0.9698085419734904
0.2757899142079933,0.9698307579102281
0.2759991630048127,0.9698529411764706
0.27620841180163214,0.9698750918442322
0.2764176605984516,0.9698972099853157
0.27662690939527096,0.9699192956713133
0.2768361581920904,0.9699413489736071
0.27704540698890984,0.96996336996337
0.2772546557857292,0.9699853587115667
0.27746390458254866,0.9700073152889539
0.27767315337936804,0.9700292397660819
0.2778824021761875,0.9700511322132944
0.2780916509730069,0.9700729927007299
0.2783008997698263,0.9700948212983224
0.27851014856664574,0.9701166180758017
0.2787193973634652,0.9701383831026948
0.27892864616028457,0.970160116448326
0.279137894957104,0.9701818181818181
0.2793471437539234,0.970203488372093
0.2795563925507428,0.9702251270878722
0.27976564134756227,0.9702467343976778
0.27997489014438165,0.9702683103698332
0.2801841389412011,0.9702898550724638
0.2803933877380205,0.9703113685734974
0.2806026365348399,0.9703328509406657
0.28081188533165935,0.970354302241504
0.2810211341284788,0.9703757225433526
0.2812303829252982,0.9703971119133574
0.2814396317221176,0.9704184704184704
0.281648880518937,0.9704397981254506
0.28185812931575643,0.9704610951008645
0.2820673781125759,0.9704823614110871
0.28227662690939526,0.9705035971223022
0.2824858757062147,0.9705248023005032
0.28269512450303413,0.9705459770114943
0.2829043732998535,0.9705671213208902
0.28311362209667296,0.9705882352941176
0.28332287089349234,0.9706093189964158
0.2835321196903118,0.9706303724928367
0.2837413684871312,0.9706513958482462
0.2839506172839506,0.9706723891273248
0.28415986608077004,0.9706933523945676
0.2843691148775895,0.9707142857142858
0.28457836367440886,0.9707351891506067
0.2847876124712283,0.9707560627674751
0.2849968612680477,0.9707769066286529
0.2849968612680477,0.9700854700854701
0.2852061100648671,0.9701067615658363
0.28541535886168656,0.9701280227596017
0.28562460765850595,0.9701492537313433
0.2858338564553254,0.9701704545454546
0.2860431052521448,0.9701916252661462
0.2862523540489642,0.9702127659574468
0.28646160284578365,0.9702338766832034
0.28667085164260303,0.9702549575070821
0.28667085164260303,0.9695682944090588
0.28688010043942247,0.9695898161244696
0.2870893492362419,0.9696113074204947
0.2872985980330613,0.969632768361582
0.28750784682988073,0.9696541990119972
0.28771709562670017,0.9696755994358252
0.28792634442351955,0.9696969696969697
0.288135593220339,0.969718309859155
0.2883448420171584,0.9697396199859254
0.2885540908139778,0.969760900140647
0.28876333961079725,0.9697821503865074
0.28897258840761664,0.9698033707865169
0.2891818372044361,0.9698245614035088
0.2893910860012555,0.9698457223001402
0.2896003347980749,0.9698668535388928
0.28980958359489434,0.9698879551820728
0.2900188323917137,0.9699090272918125
0.29022808118853316,0.9699300699300699
0.2904373299853526,0.9699510831586303
0.290646578782172,0.9699720670391061
0.2908558275789914,0.9699930216329379
0.29106507637581086,0.9700139470013946
0.29127432517263024,0.9700348432055749
0.2914835739694497,0.9700557103064067
0.29169282276626907,0.9700765483646486
0.2919020715630885,0.9700973574408901
0.29211132035990794,0.9701181375955524
0.29232056915672733,0.9701388888888889
0.29252981795354677,0.9701596113809854
0.2927390667503662,0.9701803051317615
0.2929483155471856,0.9702009702009702
0.29315756434400503,0.9702216066481995
0.29336681314082447,0.970242214532872
0.29357606193764385,0.9702627939142462
0.2937853107344633,0.9702833448514168
0.2939945595312827,0.9703038674033149
0.2942038083281021,0.9703243616287095
0.2942038083281021,0.9696551724137931
0.29441305712492155,0.9696760854583046
0.29462230592174093,0.9696969696969697
0.2948315547185604,0.9697178251892636
0.2950408035153798,0.9697386519944979
0.2952500523121992,0.9697594501718213
0.29545930110901863,0.9697802197802198
0.295668549905838,0.9698009608785175
0.29587779870265746,0.9698216735253772
0.2960870474994769,0.969842357779301
0.2962962962962963,0.9698630136986301
0.2965055450931157,0.9698836413415469
0.29671479388993516,0.9699042407660738
0.29692404268675454,0.9699248120300752
0.297133291483574,0.9699453551912568
0.29734254028039336,0.9699658703071672
0.2975517890772128,0.9699863574351978
0.29776103787403224,0.9700068166325835
0.2979702866708516,0.9700272479564033
0.29817953546767106,0.9700476514635806
0.2983887842644905,0.9700680272108844
0.2985980330613099,0.9700883752549286
0.2988072818581293,0.970108695652174
0.2990165306549487,0.9701289884589274
0.29922577945176815,0.9701492537313433
0.2994350282485876,0.9701694915254238
0.2994350282485876,0.9695121951219512
0.29964427704540697,0.969532836831415
0.2998535258422264,0.969553450608931
0.30006277463904585,0.9695740365111561
0.30027202343586523,0.9695945945945946
0.30048127223268467,0.9696151249155975
0.30069052102950405,0.9696356275303644
0.3008997698263235,0.9696561024949427
0.30110901862314293,0.9696765498652291
0.3013182674199623,0.9696969696969697
0.3013182674199623,0.9690444145356663
0.30152751621678175,0.9690652320107599
0.3017367650136012,0.9690860215053764
0.3019460138104206,0.9691067830758898
0.30215526260724,0.9691275167785235
0.3023645114040594,0.9691482226693494
0.30257376020087884,0.9691689008042895
0.3027830089976983,0.9691895512391159
0.3027830089976983,0.9685408299866132
0.30299225779451766,0.968561872909699
0.3032015065913371,0.9685828877005348
0.30341075538815654,0.9686038744154977
0.3036200041849759,0.9686248331108144
0.30382925298179536,0.9686457638425617
0.3040385017786148,0.9686666666666667
0.3042477505754342,0.9686875416389074
0.3044569993722536,0.9687083888149135
0.304666248169073,0.9687292082501663
0.30487549696589245,0.96875
0.3050847457627119,0.9687707641196013
0.3050847457627119,0.9681274900398407
0.30529399455953127,0.9681486396814863
0.3055032433563507,0.9681697612732095
0.30571249215317015,0.9681908548707754
0.30592174094998953,0.9682119205298013
0.30613098974680897,0.9682329583057577
0.30634023854362835,0.9682539682539683
0.3065494873404478,0.9682749504296101
0.30675873613726723,0.9682959048877147
0.3069679849340866,0.9683168316831683
0.30717723373090605,0.9683377308707124
0.3073864825277255,0.968358602504944
0.3075957313245449,0.9683794466403162
0.3078049801213643,0.9684002633311389
0.3080142289181837,0.968421052631579
0.30822347771500314,0.9684418145956607
0.3084327265118226,0.9684625492772667
0.30864197530864196,0.9684832567301379
0.3088512241054614,0.968503937007874
0.30906047290228084,0.9685245901639344
0.3092697216991002,0.9685452162516383
0.30947897049591966,0.9685658153241651
0.30968821929273904,0.9685863874345549
0.3098974680895585,0.9686069326357096
0.3101067168863779,0.9686274509803922
0.3103159656831973,0.968647942521228
0.31052521448001674,0.9686684073107049
0.3107344632768362,0.9686888454011742
0.31094371207365556,0.9687092568448501
0.31094371207365556,0.9680781758957655
0.311152960870475,0.9680989583333334
0.3113622096672944,0.9681197137280416
0.3115714584641138,0.9681404421326398
0.31178070726093327,0.96816114359974
0.31198995605775265,0.9681818181818181
0.3121992048545721,0.9682024659312135
0.3121992048545721,0.9675745784695201
0.3124084536513915,0.9675955930006481
0.3126177024482109,0.9676165803108808
0.31282695124503035,0.9676375404530745
0.31282695124503035,0.9670116429495472
0.31303620004184973,0.967032967032967
0.31324544883866917,0.9670542635658915
0.3134546976354886,0.9670755326016786
0.313663946432308,0.9670967741935483
0.31387319522912743,0.9671179883945842
0.31408244402594687,0.967139175257732
0.31429169282276626,0.9671603348358017
0.3145009416195857,0.9671814671814671
0.31471019041640513,0.9672025723472669
0.3149194392132245,0.9672236503856041
0.31512868801004396,0.9672447013487476
0.31533793680686334,0.9672657252888318
0.3155471856036828,0.9672867222578576
0.3157564344005022,0.9673076923076923
0.3159656831973216,0.9673286354900704
0.3159656831973216,0.9667093469910372
0.31617493199414104,0.9667306461932181
0.3163841807909605,0.9667519181585678
0.31659342958777986,0.9667731629392972
0.3168026783845993,0.966794380587484
0.3170119271814187,0.9668155711550734
0.3172211759782381,0.9668367346938775
0.31743042477505756,0.9668578712555768
0.31763967357187695,0.9668789808917198
0.3178489223686964,0.9669000636537237
0.3180581711655158,0.9669211195928753
0.3182674199623352,0.9669421487603306
0.31847666875915465,0.9669631512071156
0.31868591755597403,0.966984126984127
0.31889516635279347,0.9670050761421319
0.3191044151496129,0.9670259987317692
0.3193136639464323,0.9670468948035488
0.31952291274325173,0.967067764407853
0.31973216154007117,0.9670886075949368
0.31994141033689055,0.9671094244149273
0.32015065913371,0.9671302149178256
0.3203599079305294,0.967150979153506
0.3205691567273488,0.9671717171717171
0.32077840552416825,0.967192429022082
0.32098765432098764,0.9672131147540983
0.3211969031178071,0.9672337744171392
0.3214061519146265,0.9672544080604534
0.3216154007114459,0.9672750157331655
0.32182464950826534,0.9672955974842767
0.3220338983050847,0.967316153362665
0.32224314710190416,0.9673366834170855
0.3224523958987236,0.9673571876961707
0.322661644695543,0.9673776662484316
0.3228708934923624,0.967398119122257
0.32308014228918186,0.9674185463659147
0.32328939108600124,0.9674389480275517
0.3234986398828207,0.967459324155194
0.32370788867964007,0.967479674796748
0.3239171374764595,0.9675
0.32412638627327894,0.9675202998126171
0.3243356350700983,0.9675405742821473
0.32454488386691777,0.96756082345602
0.3247541326637372,0.9675810473815462
0.3249633814605566,0.967601246105919
0.325172630257376,0.9676214196762142
0.3253818790541954,0.9676415681393902
0.32559112785101485,0.9676616915422885
0.3258003766478343,0.9676817899316346
0.3260096254446537,0.9677018633540373
0.3262188742414731,0.9677219118559901
0.32642812303829255,0.967741935483871
0.32663737183511193,0.967761934283943
0.32663737183511193,0.9671623296158612
0.3268466206319314,0.9671826625386997
0.3270558694287508,0.9672029702970297
0.3272651182255702,0.9672232529375386
0.32747436702238963,0.9672435105067985
0.327683615819209,0.9672637430512662
0.32789286461602846,0.967283950617284
0.3281021134128479,0.9673041332510796
0.3283113622096673,0.9673242909987669
0.3285206110064867,0.9673444239063462
0.32872985980330616,0.9673645320197044
0.32893910860012554,0.9673846153846154
0.329148357396945,0.9674046740467405
0.32935760619376436,0.9674247080516287
0.3295668549905838,0.9674447174447175
0.32977610378740324,0.9674647022713321
0.3299853525842226,0.9674846625766871
0.33019460138104206,0.967504598405886
0.3304038501778615,0.9675245098039216
0.3306130989746809,0.9675443968156767
0.3308223477715003,0.9675642594859241
0.3310315965683197,0.9675840978593272
0.33124084536513915,0.96760391198044
0.3314500941619586,0.967623701893708
0.33165934295877797,0.9676434676434676
0.3318685917555974,0.9676632092739476
0.33207784055241685,0.9676829268292683
0.33228708934923623,0.967702620353443
0.33249633814605567,0.9677222898903776
0.33270558694287505,0.967741935483871
0.3329148357396945,0.9677615571776156
0.33312408453651393,0.9677811550151976
0.3333333333333333,0.9678007290400972
0.33354258213015275,0.9678202792956891
0.3337518309269722,0.9678398058252428
0.3339610797237916,0.9678593086719224
0.334170328520611,0.9678787878787879
0.3343795773174304,0.9678982434887947
0.33458882611424984,0.9679176755447942
0.3347980749110693,0.9679370840895342
0.33500732370788866,0.967956469165659
0.3352165725047081,0.9679758308157099
0.33542582130152754,0.9679951690821256
0.3356350700983469,0.968014484007242
0.3356350700983469,0.9674306393244874
0.33584431889516636,0.9674502712477396
0.33605356769198574,0.9674698795180723
0.3362628164888052,0.9674894641782059
0.3364720652856246,0.9675090252707581
0.336681314082444,0.9675285628382442
0.33689056287926344,0.9675480769230769
0.3370998116760829,0.9675675675675676
0.33730906047290227,0.9675870348139256
0.3375183092697217,0.9676064787042592
0.33772755806654114,0.9676258992805755
0.33793680686336053,0.9676452965847813
0.33814605566017997,0.9676646706586827
0.33835530445699935,0.9676840215439856
0.3385645532538188,0.9677033492822966
0.33877380205063823,0.9677226539151226
0.3389830508474576,0.967741935483871
0.33919229964427705,0.9677611940298507
0.3394015484410965,0.9677804295942721
0.3396107972379159,0.9677996422182469
0.3398200460347353,0.9678188319427891
0.3400292948315547,0.9678379988088148
0.34023854362837413,0.9678571428571429
0.3404477924251936,0.9678762641284949
0.3404477924251936,0.9673008323424495
0.3404477924251936,0.9667260843731432
0.34065704122201296,0.9667458432304038
0.3408662900188324,0.9667655786350149
0.34107553881565184,0.966785290628707
0.3412847876124712,0.966804979253112
0.34149403640929066,0.966824644549763
0.34170328520611004,0.9668442865600947
0.3419125340029295,0.9668639053254438
0.3421217827997489,0.9668835008870491
0.3423310315965683,0.966903073286052
0.34254028039338774,0.9669226225634967
0.3427495291902072,0.9669421487603306
0.34295877798702656,0.9669616519174041
0.343168026783846,0.9669811320754716
0.3433772755806654,0.9670005892751915
0.3435865243774848,0.967020023557126
0.3435865243774848,0.9664508534432019
0.34379577317430426,0.9664705882352941
0.34400502197112365,0.9664902998236331
0.3442142707679431,0.9665099882491187
0.3444235195647625,0.9665296535525543
0.3444235195647625,0.965962441314554
0.3446327683615819,0.9659824046920821
0.3446327683615819,0.9654161781946072
0.34484201715840135,0.9654364381956649
0.34505126595522073,0.9654566744730679
0.34526051475204017,0.9654768870684611
0.3454697635488596,0.9654970760233919
0.345679012345679,0.9655172413793104
0.34588826114249843,0.9655373831775701
0.34609750993931787,0.9655575014594279
0.34630675873613725,0.9655775962660443
0.3465160075329567,0.965597667638484
0.3467252563297761,0.9656177156177156
0.3469345051265955,0.9656377402446127
0.34714375392341495,0.9656577415599534
0.34735300272023434,0.9656777196044212
0.3475622515170538,0.9656976744186047
0.3477715003138732,0.9657176060429983
0.3479807491106926,0.9657375145180023
0.34818999790751204,0.9657573998839234
0.3483992467043315,0.9657772621809745
0.34860849550115086,0.9657971014492753
0.3488177442979703,0.9658169177288528
0.3490269930947897,0.965836711059641
0.3492362418916091,0.9658564814814815
0.34944549068842856,0.9658762290341237
0.34965473948524795,0.9658959537572255
0.3498639882820674,0.9659156556903524
0.3500732370788868,0.9659353348729792
0.3500732370788868,0.9653779572994806
0.3502824858757062,0.9653979238754326
0.35049173467252565,0.9654178674351584
0.35070098346934503,0.9654377880184332
0.35091023226616447,0.9654576856649395
0.3511194810629839,0.9654775604142692
0.3511194810629839,0.9649223691776884
0.3513287298598033,0.9649425287356321
0.35153797865662273,0.9649626651349799
0.35174722745344217,0.9649827784156142
0.35195647625026155,0.9650028686173264
0.352165725047081,0.9650229357798165
0.3523749738439004,0.9650429799426934
0.3525842226407198,0.9650630011454754
0.35279347143753925,0.9650829994275901
0.35300272023435864,0.9651029748283753
0.3532119690311781,0.9651229273870783
0.3534212178279975,0.9651428571428572
0.3536304666248169,0.9651627641347801
0.35383971542163634,0.9651826484018264
0.3540489642184557,0.9652025099828865
0.35425821301527516,0.9652223489167617
0.3544674618120946,0.9652421652421652
0.354676710608914,0.965261958997722
0.3548859594057334,0.9652817302219693
0.35509520820255286,0.965301478953356
0.35530445699937224,0.9653212052302445
0.3555137057961917,0.9653409090909091
0.35572295459301106,0.9653605905735377
0.3559322033898305,0.9653802497162316
0.35614145218664994,0.9653998865570051
0.3563507009834693,0.9654195011337868
0.35655994978028877,0.9654390934844193
0.3567691985771082,0.9654586636466591
0.3569784473739276,0.9654782116581777
0.357187696170747,0.9654977375565611
0.3573969449675664,0.9655172413793104
0.35760619376438585,0.9655367231638418
0.3578154425612053,0.9655561829474872
0.35802469135802467,0.9655756207674944
0.3582339401548441,0.9655950366610265
0.35844318895166355,0.9656144306651635
0.35844318895166355,0.9650704225352112
0.35865243774848293,0.9650900900900901
0.35886168654530237,0.9651097355092854
0.35907093534212176,0.9651293588301463
0.3592801841389412,0.9651489600899381
0.35948943293576063,0.9651685393258427
0.35969868173258,0.9651880965749579
0.35990793052939946,0.9652076318742986
0.3601171793262189,0.9652271452607964
0.3601171793262189,0.9646860986547086
0.3603264281230383,0.9647058823529412
0.3605356769198577,0.9647256438969765
0.36074492571667716,0.9647453833240067
0.36095417451349654,0.964765100671141
0.361163423310316,0.9647847959754052
0.361163423310316,0.964245810055866
0.36137267210713536,0.9642657733109995
0.3615819209039548,0.9642857142857143
0.36179116970077424,0.9643056330172894
0.3620004184975936,0.9643255295429208
0.36220966729441306,0.9643454038997215
0.3624189160912325,0.9643652561247216
0.3626281648880519,0.9643850862548692
0.3628374136848713,0.96440489432703
0.3630466624816907,0.9644246803779878
0.36325591127851015,0.9644444444444444
0.3634651600753296,0.9644641865630206
0.36367440887214897,0.9644839067702553
0.3638836576689684,0.9645036051026068
0.36409290646578785,0.9645232815964523
0.36430215526260723,0.9645429362880886
0.36451140405942667,0.964562569213732
0.36472065285624605,0.9645821804095185
0.3649299016530655,0.9646017699115044
0.36513915044988493,0.9646213377556662
0.3653483992467043,0.9646408839779006
0.36555764804352375,0.9646604086140254
0.3657668968403432,0.9646799116997793
0.3657668968403432,0.9641478212906784
0.3659761456371626,0.964167585446527
0.366185394433982,0.9641873278236914
0.3663946432308014,0.9642070484581498
0.36660389202762084,0.9642267473858007
0.3668131408244403,0.9642464246424642
0.36702238962125966,0.9642660802638813
0.3672316384180791,0.9642857142857143
0.36744088721489854,0.9643053267435475
0.3676501360117179,0.964324917672887
0.36785938480853736,0.9643444871091608
0.36806863360535674,0.9643640350877193
0.3682778824021762,0.9643835616438357
0.3684871311989956,0.9644030668127054
0.368696379995815,0.9644225506294472
0.368696379995815,0.9638949671772429
0.36890562879263444,0.963914707490432
0.3691148775894539,0.9639344262295082
0.36932412638627327,0.9639541234298198
0.3695333751830927,0.9639737991266376
0.3697426239799121,0.9639934533551555
0.3699518727767315,0.9640130861504908
0.37016112157355097,0.964032697547684
0.37037037037037035,0.9640522875816994
0.3705796191671898,0.9640718562874252
0.37078886796400923,0.9640914036996736
0.3709981167608286,0.964110929853181
0.37120736555764805,0.9641304347826087
0.3714166143544675,0.9641499185225421
0.3716258631512869,0.9641693811074918
0.3718351119481063,0.9641888225718936
0.3720443607449257,0.9642082429501084
0.37225360954174513,0.9642276422764228
0.3724628583385646,0.9642470205850487
0.37267210713538396,0.9642663779101245
0.3728813559322034,0.9642857142857143
0.3728813559322034,0.9637641968631693
0.37309060472902283,0.9637837837837838
0.3732998535258422,0.9638033495407887
0.37350910232266166,0.9638228941684666
0.37371835111948104,0.9638424177010254
0.3739275999163005,0.9638619201725998
0.3741368487131199,0.9638814016172507
0.3743460975099393,0.9639008620689655
0.37455534630675874,0.9639203015616586
0.3747645951035782,0.9639397201291712
0.37497384390039756,0.9639591178052717
0.375183092697217,0.9639784946236559
0.3753923414940364,0.9639978506179473
0.3756015902908558,0.9640171858216972
0.37581083908767526,0.9640365002683843
0.37602008788449465,0.9640557939914163
0.3762293366813141,0.9640750670241287
0.3764385854781335,0.9640943193997856
0.3766478342749529,0.96411355115158
0.37685708307177235,0.9641327623126338
0.37706633186859173,0.9641519529159979
0.37727558066541117,0.9641711229946524
0.3774848294622306,0.9641902725815072
0.37769407825905,0.9642094017094017
0.37790332705586943,0.9642285104111051
0.37811257585268887,0.964247598719317
0.37832182464950825,0.9642666666666667
0.3785310734463277,0.9642857142857143
0.3787403222431471,0.9643047416089504
0.3789495710399665,0.9643237486687966
0.37915881983678595,0.9643427354976051
0.37936806863360534,0.9643617021276596
0.3795773174304248,0.9643806485911749
0.3797865662272442,0.9643995749202976
0.3799958150240636,0.9644184811471057
0.38020506382088304,0.9644373673036093
0.3804143126177024,0.9644562334217507
0.38062356141452186,0.9644750795334041
0.3808328102113413,0.9644939056703763
0.3810420590081607,0.9645127118644068
0.3812513078049801,0.9645314981471678
0.38146055660179956,0.9645502645502646
0.38146055660179956,0.9640401903754627
0.38146055660179956,0.9635306553911205
0.38166980539861894,0.9635499207606973
0.3818790541954384,0.9635691657866948
0.3818790541954384,0.9630606860158312
0.3820883029922578,0.9630801687763713
0.3822975517890772,0.9630996309963099
0.38250680058589664,0.9631190727081138
0.38271604938271603,0.9631384939441812
0.38271604938271603,0.9626315789473684
0.38292529817953547,0.9626512361914782
0.3831345469763549,0.96267087276551
0.3833437957731743,0.9626904887020494
0.38355304456999373,0.9627100840336135
0.38376229336681317,0.9627296587926509
0.38397154216363255,0.9627492130115425
0.384180790960452,0.9627687467226009
0.3843900397572714,0.9627882599580713
0.3843900397572714,0.9622839182818229
0.3845992885540908,0.962303664921466
0.38480853735091025,0.9623233908948194
0.38480853735091025,0.9618200836820083
0.38501778614772963,0.9618400418191323
0.3852270349445491,0.9618599791013585
0.3854362837413685,0.9618798955613577
0.3856455325381879,0.9618997912317327
0.38585478133500734,0.9619196661450182
0.3860640301318267,0.9619395203336809
0.38627327892864616,0.9619593538301199
0.3864825277254656,0.9619791666666667
0.386691776522285,0.9619989588755856
0.3869010253191044,0.9620187304890739
0.38711027411592386,0.9620384815392615
0.38731952291274324,0.9620582120582121
0.3875287717095627,0.9620779220779221
0.38773802050638206,0.9620976116303219
0.3879472693032015,0.9621172807472755
0.38815651810002094,0.9621369294605809
0.3883657668968403,0.96215655780197
0.38857501569365976,0.9621761658031088
0.3887842644904792,0.9621957534955982
0.3889935132872986,0.9622153209109731
0.389202762084118,0.9622348680807036
0.3894120108809374,0.9622543950361944
0.38962125967775685,0.9622739018087856
0.3898305084745763,0.9622933884297521
0.39003975727139567,0.9623128549303046
0.39003975727139567,0.9618163054695562
0.3902490060682151,0.961835997937081
0.39045825486503455,0.9618556701030928
0.39045825486503455,0.9613601236476044
0.39066750366185393,0.9613800205973223
0.39087675245867337,0.9613998970663922
0.39108600125549275,0.9614197530864198
0.3912952500523122,0.961439588688946
0.39150449884913163,0.961459403905447
0.391713747645951,0.9614791987673343
0.39192299644277045,0.9614989733059548
0.3921322452395899,0.961518727552591
0.3923414940364093,0.9615384615384616
0.3925507428332287,0.9615581752947207
0.3927599916300481,0.961577868852459
0.39296924042686754,0.9615975422427036
0.393178489223687,0.9616171954964176
0.39338773802050636,0.9616368286445013
0.3935969868173258,0.9616564417177914
0.39380623561414524,0.9616760347470619
0.3940154844109646,0.9616956077630235
0.39422473320778406,0.9617151607963247
0.3944339820046035,0.9617346938775511
0.3946432308014229,0.9617542070372259
0.3948524795982423,0.9617737003058104
0.3948524795982423,0.9612837493632196
0.3950617283950617,0.9613034623217923
0.39527097719188115,0.961323155216285
0.3954802259887006,0.9613428280773143
0.39568947478551997,0.9613624809354346
0.3958987235823394,0.9613821138211383
0.39610797237915885,0.9614017267648552
0.39631722117597823,0.9614213197969543
0.39652646997279767,0.9614408929477423
0.39673571876961705,0.9614604462474645
0.3969449675664365,0.9614799797263052
0.3969449675664365,0.9609929078014184
0.39715421636325593,0.9610126582278481
0.3973634651600753,0.9610323886639676
0.39757271395689475,0.9610520991401112
0.3977819627537142,0.961071789686552
0.3979912115505336,0.9610914603335018
0.398200460347353,0.9611111111111111
0.3984097091441724,0.9611307420494699
0.3984097091441724,0.9606458123107972
0.39861895794099184,0.9606656580937972
0.3988282067378113,0.9606854838709677
0.39903745553463066,0.9607052896725441
0.3992467043314501,0.9607250755287009
0.39945595312826954,0.9607448414695521
0.3996652019250889,0.9607645875251509
0.39987445072190836,0.9607843137254902
0.40008369951872774,0.9608040201005025
0.4002929483155472,0.9608237066800602
0.4005021971123666,0.9608433734939759
0.400711445909186,0.960863020572002
0.40092069470600544,0.9608826479438315
0.4011299435028249,0.9609022556390977
0.40133919229964427,0.9609218436873748
0.4015484410964637,0.9609414121181773
0.4017576898932831,0.960960960960961
0.4019669386901025,0.9609804902451226
0.40217618748692197,0.961
0.40238543628374135,0.9610194902548725
0.4025946850805608,0.961038961038961
0.4028039338773802,0.9610584123814279
0.4030131826741996,0.9610778443113772
0.40322243147101905,0.9610972568578554
0.40343168026783843,0.9611166500498505
0.40364092906465787,0.9611360239162929
0.40364092906465787,0.9606573705179283
0.4038501778614773,0.9606769537083126
0.4040594266582967,0.9606965174129353
0.40426867545511613,0.9607160616608652
0.40447792425193557,0.9607355864811133
0.40468717304875496,0.9607550919026329
0.4048964218455744,0.9607745779543198
0.40510567064239383,0.9607940446650124
0.4053149194392132,0.9608134920634921
0.40552416823603266,0.9608329201784829
0.40573341703285204,0.9608523290386521
0.4059426658296715,0.9608717186726102
0.4061519146264909,0.9608910891089109
0.4063611634233103,0.9609104403760514
0.40657041222012974,0.9609297725024728
0.4067796610169492,0.9609490855165596
0.40698890981376856,0.9609683794466403
0.407198158610588,0.9609876543209876
0.4074074074074074,0.9610069101678184
0.4076166562042268,0.9610261470152935
0.40782590500104626,0.9610453648915187
0.40803515379786565,0.9610645638245441
0.4082444025946851,0.9610837438423645
0.4084536513915045,0.9611029049729197
0.4086629001883239,0.9611220472440944
0.40887214898514335,0.9611411706837186
0.40908139778196273,0.9611602753195674
0.40929064657878217,0.9611793611793612
0.4094998953756016,0.9611984282907662
0.4094998953756016,0.960726558664703
0.409709144172421,0.9607458292443573
0.40991839296924043,0.9607650809220206
0.41012764176605987,0.9607843137254902
0.41012764176605987,0.9603135717785399
0.41033689056287925,0.9603330068560235
0.4105461393596987,0.960352422907489
0.4107553881565181,0.9603718199608611
0.4109646369533375,0.9603911980440097
0.41117388575015695,0.9604105571847508
0.41138313454697634,0.9604298974108452
0.4115923833437958,0.96044921875
0.4118016321406152,0.9604685212298683
0.4120108809374346,0.9604878048780487
0.41222012973425404,0.9605070697220868
0.4124293785310734,0.9605263157894737
0.41263862732789286,0.9605455431076474
0.4128478761247123,0.9605647517039922
0.4130571249215317,0.9605839416058394
0.4132663737183511,0.960603112840467
0.41347562251517056,0.9606222654350997
0.41368487131198994,0.9606413994169096
0.4138941201088094,0.9606605148130161
0.41410336890562877,0.9606796116504854
0.4143126177024482,0.9606986899563319
0.41452186649926764,0.960717749757517
0.414731115296087,0.9607367910809501
0.41494036409290647,0.9607558139534884
0.41494036409290647,0.9602905569007264
0.4151496128897259,0.9603097773475314
0.4153588616865453,0.9603289791969037
0.4155681104833647,0.960348162475822
0.41577735928018417,0.9603673272112131
0.41598660807700355,0.9603864734299516
0.416195856873823,0.9604056011588604
0.4164051056706424,0.9604247104247104
0.4164051056706424,0.9599614085865895
0.4166143544674618,0.9599807135969142
0.41682360326428125,0.96
0.41703285206110063,0.960019267822736
0.4172421008579201,0.9600385170919595
0.4174513496547395,0.9600577478344562
0.4176605984515589,0.9600769600769601
0.41786984724837833,0.9600961538461539
0.4180790960451977,0.9601153291686689
0.41828834484201716,0.9601344860710855
0.4184975936388366,0.9601536245799328
0.4184975936388366,0.9596928982725528
0.4184975936388366,0.9592326139088729
0.4184975936388366,0.9587727708533078
0.4184975936388366,0.9583133684714902
0.418706842435656,0.9583333333333334
0.4189160912324754,0.9583532790809
0.41912534002929486,0.9583732057416268
0.41933458882611424,0.9583931133428981
0.4195438376229337,0.9584130019120459
0.41975308641975306,0.9584328714763497
0.4199623352165725,0.9584527220630372
0.42017158401339194,0.958472553699284
0.4203808328102113,0.9584923664122137
0.42059008160703076,0.9585121602288984
0.4207993304038502,0.9585319351763585
0.4210085792006696,0.9585516912815627
0.421217827997489,0.9585714285714285
0.4214270767943084,0.9585911470728224
0.42163632559112785,0.9586108468125595
0.4218455743879473,0.9586305278174037
0.42205482318476667,0.9586501901140685
0.4222640719815861,0.9586698337292161
0.42247332077840555,0.9586894586894587
0.42247332077840555,0.958234456573327
0.42268256957522493,0.9582542694497154
0.42289181837204437,0.9582740635372214
0.42310106716886375,0.9582938388625593
0.4233103159656832,0.9583135954523923
0.42351956476250263,0.9583333333333334
0.423728813559322,0.9583530525319451
0.42393806235614145,0.9583727530747398
0.4241473111529609,0.9583924349881797
0.4243565599497803,0.9584120982986768
0.4245658087465997,0.9584317430325933
0.4247750575434191,0.9584513692162417
0.42498430634023854,0.9584709768758849
0.425193555137058,0.9584905660377359
0.42540280393387736,0.9585101367279585
0.4256120527306968,0.9585296889726673
0.42582130152751624,0.9585492227979274
0.4260305503243356,0.9585687382297552
0.42623979912115506,0.9585882352941176
0.42644904791797444,0.9586077140169332
0.4266582967147939,0.9586271744240714
0.4268675455116133,0.9586466165413534
0.4270767943084327,0.9586660403945514
0.42728604310525214,0.9586854460093897
0.4274952919020716,0.9587048334115439
0.42770454069889097,0.9587242026266416
0.4279137894957104,0.9587435536802625
0.42812303829252984,0.9587628865979382
0.42833228708934923,0.9587822014051522
0.42854153588616867,0.9588014981273408
0.42875078468298805,0.9588207767898924
0.4289600334798075,0.9588400374181478
0.42916928227662693,0.9588592800374006
0.4293785310734463,0.9588785046728971
0.42958777987026575,0.9588977113498365
0.4297970286670852,0.9589169000933707
0.4300062774639046,0.9589360709286048
0.430215526260724,0.9589552238805971
0.4304247750575434,0.958974358974359
0.43063402385436284,0.9589934762348555
0.4308432726511823,0.9590125756870052
0.43105252144800166,0.9590316573556797
0.4312617702448211,0.959050721265705
0.43147101904164054,0.9590697674418605
0.4316802678384599,0.9590887959088796
0.43188951663527936,0.9591078066914498
0.43209876543209874,0.9591267998142127
0.4323080142289182,0.9591457753017641
0.4323080142289182,0.9587006960556844
0.4325172630257376,0.9587198515769945
0.432726511822557,0.9587389893370422
0.43293576061937644,0.958758109360519
0.4331450094161959,0.9587772116720704
0.43335425821301526,0.9587962962962963
0.4335635070098347,0.9588153632577511
0.4337727558066541,0.9588344125809436
0.4339820046034735,0.9588534442903375
0.43419125340029296,0.9588724584103512
0.43440050219711235,0.958891454965358
0.4346097509939318,0.958910433979686
0.4348189997907512,0.9589293954776188
0.4350282485875706,0.9589483394833949
0.43523749738439005,0.958967266021208
0.43544674618120943,0.9589861751152073
0.43565599497802887,0.9590050667894979
0.4358652437748483,0.9590239410681399
0.4360744925716677,0.9590427979751496
0.43628374136848713,0.9590616375344986
0.43649299016530657,0.9590804597701149
0.43670223896212595,0.9590992647058824
0.4369114877589454,0.9591180523656407
0.4371207365557648,0.9591368227731865
0.4373299853525842,0.9591555759522716
0.43753923414940366,0.9591743119266055
0.43774848294622304,0.9591930307198533
0.4379577317430425,0.9592117323556371
0.4381669805398619,0.9592304168575355
0.4383762293366813,0.9592490842490843
0.43858547813350074,0.9592677345537758
0.4387947269303202,0.9592863677950595
0.43900397572713956,0.959304983996342
0.439213224523959,0.9593235831809872
0.4394224733207784,0.9593421653723161
0.4396317221175978,0.9593607305936073
0.43984097091441726,0.9593792788680967
0.44005021971123665,0.9593978102189781
0.4402594685080561,0.9594163246694026
0.4404687173048755,0.9594348222424794
0.4406779661016949,0.9594533029612756
0.44088721489851435,0.9594717668488161
0.44109646369533373,0.9594902139280838
0.44130571249215317,0.95950864422202
0.4415149612889726,0.9595270577535243
0.441724210085792,0.9595454545454546
0.44193345888261143,0.959563834620627
0.44214270767943087,0.9595821980018165
0.44235195647625025,0.9596005447117567
0.44235195647625025,0.9591651542649727
0.4425612052730697,0.9591836734693877
0.4427704540698891,0.9592021758839528
0.4429797028667085,0.9592206615314907
0.44318895166352795,0.9592391304347826
0.44339820046034734,0.9592575826165686
0.4436074492571668,0.9592760180995475
0.4438166980539862,0.9592944369063772
0.4440259468508056,0.9593128390596745
0.44423519564762504,0.9593312245820154
0.4444444444444444,0.959349593495935
0.44465369324126386,0.9593679458239278
0.4448629420380833,0.9593862815884476
0.4450721908349027,0.959404600811908
0.4452814396317221,0.9594229035166817
0.44549068842854156,0.9594411897251014
0.44569993722536094,0.9594594594594594
0.4459091860221804,0.9594777127420081
0.44611843481899977,0.9594959495949595
0.4463276836158192,0.9595141700404858
0.4463276836158192,0.9590827338129496
0.44653693241263864,0.9591011235955056
0.446746181209458,0.9591194968553459
0.44695543000627747,0.9591378536147284
0.44695543000627747,0.9587073608617595
0.4471646788030969,0.9587258860475549
0.4473739275999163,0.9587443946188341
0.4475831763967357,0.9587628865979382
0.4477924251935551,0.9587813620071685
0.44800167399037455,0.9587998208687863
0.448210922787194,0.9588182632050134
0.44842017158401337,0.9588366890380313
0.4486294203808328,0.9588550983899821
0.44883866917765225,0.9588734912829683
0.44904791797447163,0.9588918677390528
0.44904791797447163,0.9584635998213488
0.44925716677129107,0.9584821428571428
0.4494664155681105,0.9585006693440429
0.4496756643649299,0.9585191793041927
0.44988491316174933,0.9585376727596968
0.4500941619585687,0.9585561497326203
0.45030341075538816,0.9585746102449889
0.4505126595522076,0.9585930543187889
0.450721908349027,0.9586114819759679
0.4509311571458464,0.9586298932384342
0.45114040594266586,0.9586482881280569
0.45134965473948524,0.9586666666666667
0.4515589035363047,0.9586850288760551
0.4515589035363047,0.9582593250444049
0.45176815233312406,0.9582778517532179
0.4519774011299435,0.9582963620230701
0.45218664992676294,0.9583148558758315
0.4523958987235823,0.9583333333333334
0.45260514752040176,0.9583517944173682
0.4528143963172212,0.95837023914969
0.4530236451140406,0.9583886675520141
0.45323289391086,0.9584070796460177
0.4534421427076794,0.9584254754533392
0.45365139150449885,0.9584438549955792
0.4538606403013183,0.9584622182942996
0.45406988909813767,0.9584805653710248
0.4542791378949571,0.9584988962472406
0.45448838669177655,0.9585172109443955
0.45469763548859593,0.9585355094838994
0.45490688428541537,0.9585537918871252
0.45511613308223475,0.9585720581754077
0.4553253818790542,0.958590308370044
0.45553463067587363,0.9586085424922941
0.455743879472693,0.9586267605633803
0.45595312826951245,0.9586449626044875
0.4561623770663319,0.9586631486367634
0.4563716258631513,0.9586813186813187
0.4565808746599707,0.9586994727592267
0.4567901234567901,0.958717610891524
0.45699937225360954,0.9587357330992098
0.45699937225360954,0.9583150504607284
0.457208621050429,0.9583333333333334
0.45741786984724836,0.9583516001753617
0.45741786984724836,0.957931638913234
0.4576271186440678,0.9579500657030223
0.45783636744088724,0.957968476357268
0.4580456162377066,0.9579868708971554
0.4580456162377066,0.9575678040244969
0.45825486503452606,0.9575863576738085
0.45846411383134544,0.9576048951048951
0.45846411383134544,0.9571865443425076
0.4586733626281649,0.9572052401746725
0.4588826114249843,0.9572239196857267
0.4590918602218037,0.9572425828970331
0.4590918602218037,0.9568251199302225
0.45930110901862314,0.9568439407149084
0.4595103578154426,0.9568627450980393
0.45971960661226197,0.9568815331010453
0.4599288554090814,0.95690030474532
0.4601381042059008,0.9569190600522193
0.4603473530027202,0.9569377990430622
0.46055660179953967,0.9569565217391305
0.46076585059635905,0.9569752281616688
0.4609750993931785,0.9569939183318853
0.46118434818999793,0.9570125922709509
0.4613935969868173,0.95703125
0.46160284578363675,0.9570498915401302
0.4618120945804562,0.9570685169124025
0.4620213433772756,0.9570871261378413
0.4620213433772756,0.9566724436741768
0.462230592174095,0.956691208315288
0.462230592174095,0.9562770562770563
0.4624398409709144,0.9562959757680658
0.46264908976773383,0.9563148788927336
0.4628583385645533,0.9563337656722871
0.46306758736137266,0.956352636127917
0.4632768361581921,0.9563714902807775
0.46348608495501153,0.9563903281519862
0.4636953337518309,0.956409149762624
0.46390458254865036,0.956427955133736
0.46411383134546974,0.9564467442863304
0.4643230801422892,0.9564655172413793
0.4643230801422892,0.9560534252477381
0.4645323289391086,0.9560723514211886
0.464741577735928,0.9560912613000431
0.46495082653274744,0.9561101549053356
0.4651600753295669,0.9561290322580646
0.46536932412638626,0.9561478933791917
0.4655785729232057,0.9561667382896433
0.4657878217200251,0.9561855670103093
0.4659970705168445,0.9562043795620438
0.46620631931366396,0.9562231759656652
0.46641556811048335,0.9562419562419563
0.4666248169073028,0.9562607204116638
0.4668340657041222,0.9562794684954994
0.4670433145009416,0.9562982005141388
0.46725256329776105,0.9563169164882227
0.46746181209458043,0.9563356164383562
0.46767106089139987,0.9563543003851092
0.4678803096882193,0.9563729683490163
0.4680895584850387,0.9563916203505771
0.46829880728185813,0.9564102564102565
0.46850805607867757,0.9564288765484835
0.46871730487549695,0.9564474807856533
0.4689265536723164,0.9564660691421255
0.4691358024691358,0.9564846416382252
0.4693450512659552,0.956503198294243
0.4693450512659552,0.9560954816709293
0.4693450512659552,0.9556881124840222
0.4693450512659552,0.9552810902896082
0.46955430006277465,0.9553001277139208
0.46976354885959404,0.9553191489361702
0.46976354885959404,0.9549128030625266
0.4699727976564135,0.9549319727891157
0.4701820464532329,0.9549511262218444
0.4703912952500523,0.9549702633814783
0.47060054404687174,0.9549893842887474
0.4708097928436911,0.9550084889643463
0.47101904164051056,0.9550275774289351
0.47122829043733,0.9550466497031382
0.4714375392341494,0.9550657058075456
0.4714375392341494,0.9546610169491525
0.4716467880309688,0.9546802202456586
0.47185603682778826,0.9546994072819645
0.47206528562460764,0.9547185780787135
0.4722745344214271,0.9547377326565144
0.4722745344214271,0.9543340380549683
0.4724837832182465,0.9543533389687235
0.4726930320150659,0.9543726235741445
0.47290228081188534,0.9543918918918919
0.47311152960870473,0.9544111439425919
0.47332077840552417,0.9544303797468354
0.4735300272023436,0.9544495993251793
0.473739275999163,0.954468802698145
0.47394852479598243,0.95448798988622
0.47415777359280187,0.9545071609098568
0.47436702238962125,0.9545263157894737
0.4745762711864407,0.9545454545454546
0.4747855199832601,0.9545645771981489
0.4749947687800795,0.9545836837678722
0.47520401757689895,0.9546027742749055
0.47541326637371834,0.9546218487394958
0.4756225151705378,0.9546409071818563
0.4758317639673572,0.9546599496221663
0.4760410127641766,0.9546789760805707
0.47625026156099604,0.9546979865771812
0.4764595103578154,0.9547169811320755
0.47666875915463486,0.9547359597652976
0.4768780079514543,0.954754922496858
0.4770872567482737,0.9547738693467337
0.4770872567482737,0.9543742151527836
0.4772965055450931,0.9543933054393305
0.47750575434191256,0.9544123797574237
0.47771500313873194,0.9544314381270903
0.4779242519355514,0.9544504805683243
0.4779242519355514,0.9540517961570593
0.47813350073237076,0.954070981210856
0.4783427495291902,0.9540901502504173
0.47855199832600964,0.9541093032957864
0.478761247122829,0.9541284403669725
0.47897049591964846,0.9541475614839516
0.4791797447164679,0.9541666666666667
0.4793889935132873,0.9541857559350271
0.4795982423101067,0.9542048293089093
0.4798074911069261,0.9542238868081565
0.48001673990374555,0.9542429284525791
0.480225988700565,0.9542619542619543
0.480225988700565,0.9538653366583542
0.48043523749738437,0.9538845035313669
0.4806444862942038,0.9539036544850499
0.4806444862942038,0.9535076795350768
0.48085373509102325,0.9535269709543569
0.48106298388784263,0.9535462463708005
0.48127223268466207,0.9535655058043118
0.48148148148148145,0.9535847492747617
0.48148148148148145,0.9531897265948633
0.4816907302783009,0.9532091097308488
0.4816907302783009,0.9528145695364238
0.48189997907512033,0.9528340918494
0.4821092278719397,0.9528535980148883
0.48231847666875916,0.9528730880529144
0.4825277254655786,0.952892561983471
0.482736974262398,0.952912019826518
0.482736974262398,0.9525185796862098
0.4829462230592174,0.9525381758151052
0.48315547185603686,0.9525577557755776
0.48336472065285624,0.9525773195876288
0.4835739694496757,0.9525968672712284
0.4835739694496757,0.9522043675319324
0.48378321824649506,0.9522240527182867
0.4839924670433145,0.9522437216961712
0.48420171584013394,0.9522633744855967
0.4844109646369533,0.9522830111065406
0.48462021343377276,0.9523026315789473
0.4848294622305922,0.9523222359227291
0.4850387110274116,0.952341824157765
0.485247959824231,0.9523613963039015
0.4854572086210504,0.9523809523809523
0.48566645741786985,0.9524004924086992
0.48566645741786985,0.9520098441345365
0.4858757062146893,0.9520295202952029
0.48608495501150867,0.9520491803278689
0.4862942038083281,0.9520688242523556
0.48650345260514755,0.952088452088452
0.48671270140196693,0.9521080638559148
0.48692195019878637,0.9521276595744681
0.48713119899560575,0.9521472392638037
0.4873404477924252,0.9521668029435814
0.48754969658924463,0.9521863506334287
0.487758945386064,0.9522058823529411
0.48796819418288345,0.9522253981216823
0.4881774429797029,0.9522448979591837
0.4883866917765223,0.9522643818849449
0.4885959405733417,0.952283849918434
0.4888051893701611,0.9523033020790869
0.48901443816698054,0.9523227383863081
0.4892236869638,0.9523421588594705
0.48943293576061936,0.9523615635179153
0.4896421845574388,0.9523809523809523
0.48985143335425824,0.95240032546786
0.4900606821510776,0.9524196827978854
0.49026993094789706,0.9524390243902439
0.49047917974471644,0.9524583502641203
0.4906884285415359,0.9524776604386678
0.4908976773383553,0.9524969549330086
0.4911069261351747,0.9525162337662337
0.49131617493199414,0.9525354969574037
0.4915254237288136,0.9525547445255474
0.49173467252563297,0.9525739764896636
0.4919439213224524,0.9525931928687196
0.4921531701192718,0.9526123936816525
0.4923624189160912,0.9526315789473684
0.49257166771291067,0.952650748684743
0.49278091650973005,0.9526699029126213
0.4929901653065495,0.952689041649818
0.4931994141033689,0.9527081649151172
0.4934086629001883,0.9527272727272728
0.49361791169700775,0.9527463651050081
0.49361791169700775,0.9523617278966492
0.49382716049382713,0.9523809523809523
0.49382716049382713,0.9519967728922952
0.49403640929064657,0.9520161290322581
0.494245658087466,0.9520354695687223
0.4944549068842854,0.952054794520548
0.49466415568110483,0.9520741039065647
0.4948734044779243,0.9520933977455717
0.49508265327474366,0.952112676056338
0.4952919020715631,0.9521319388576026
0.4952919020715631,0.9517490952955368
0.49550115086838253,0.9517684887459807
0.4957103996652019,0.9517878666130977
0.49591964846202136,0.9518072289156626
0.49612889725884074,0.9518265756724207
0.4963381460556602,0.9518459069020867
0.4965473948524796,0.9518652226233454
0.496756643649299,0.9518845228548516
0.49696589244611844,0.9519038076152304
0.4971751412429379,0.9519230769230769
0.49738439003975726,0.9519423307969563
0.4975936388365767,0.9519615692554043
0.4978028876333961,0.9519807923169268
0.4980121364302155,0.952
0.49822138522703496,0.9520191923230708
0.49843063402385435,0.9520383693045563
0.4986398828206738,0.9520575309628446
0.4988491316174932,0.952076677316294
0.4990583804143126,0.9520958083832335
0.49926762921113205,0.9521149241819633
0.49947687800795143,0.9521340247307539
0.49968612680477087,0.9521531100478469
0.4998953756015903,0.9521721801514548
0.5001046243984097,0.952191235059761
0.5003138731952291,0.9522102747909199
0.5005231219920485,0.9522292993630573
0.500732370788868,0.9522483087942698
0.500732370788868,0.9518695306284806
0.5009416195856874,0.9518886679920477
0.5011508683825068,0.9519077901430842
0.5013601171793263,0.9519268970997219
0.5013601171793263,0.9515488482922955
0.5015693659761457,0.9515680825724494
0.501778614772965,0.9515873015873015
0.5019878635697844,0.9516065053550179
0.5021971123666039,0.9516256938937351
0.5024063611634233,0.9516448672215616
0.5026156099602427,0.9516640253565769
0.5026156099602427,0.9512871287128712
0.5028248587570622,0.9513064133016627
0.5030341075538816,0.9513256826276217
0.5032433563507009,0.9513449367088608
0.5034526051475204,0.9513641755634639
0.5036618539443398,0.9513833992094861
0.5038711027411592,0.9514026076649545
0.5040803515379787,0.9514218009478673
0.5042896003347981,0.9514409790761942
0.5044988491316175,0.9514601420678769
0.5044988491316175,0.9510848126232742
0.5044988491316175,0.9507097791798107
0.504708097928437,0.9507292077256603
0.5049173467252563,0.9507486209613869
0.5051265955220757,0.9507680189050808
0.5053358443188951,0.9507874015748031
0.5055450931157146,0.9508067689885872
0.505754341912534,0.9508261211644374
0.5059635907093534,0.9508454581203303
0.5059635907093534,0.9504716981132075
0.5061728395061729,0.9504911591355599
0.5063820883029923,0.950510604870385
0.5065913370998116,0.950530035335689
0.5068005858966311,0.9505494505494505
0.5070098346934505,0.9505688505296195
0.5072190834902699,0.9505882352941176
0.5072190834902699,0.9502156017248138
0.5074283322870894,0.9502351097178683
0.5076375810839088,0.9502546024285154
0.5078468298807282,0.9502740798747064
0.5080560786775477,0.950293542074364
0.508265327474367,0.9503129890453834
0.5084745762711864,0.9503324208056316
0.5086838250680059,0.9503518373729476
0.5088930738648253,0.9503712387651426
0.5091023226616447,0.950390625
0.5093115714584641,0.9504099960952753
0.5095208202552836,0.9504293520686963
0.5097300690521029,0.9504486929379633
0.5099393178489223,0.9504680187207488
0.5099393178489223,0.9500974658869396
0.5101485666457418,0.9501169134840218
0.5101485666457418,0.9497467861316712
0.5103578154425612,0.9497663551401869
0.5105670642393806,0.9497859089139743
0.5107763130362001,0.9498054474708171
0.5109855618330195,0.9498249708284714
0.5111948106298388,0.9498444790046656
0.5114040594266583,0.9498639720171007
0.5116133082234777,0.9498834498834499
0.5118225570202971,0.9499029126213592
0.5120318058171166,0.9499223602484472
0.512241054613936,0.9499417927823051
0.5124503034107554,0.9499612102404965
0.5126595522075748,0.9499806126405583
0.5128688010043942,0.95
0.5128688010043942,0.9496319256102286
0.5130780498012136,0.9496514329976762
0.513287298598033,0.9496709252806814
0.513287298598033,0.9493034055727554
0.5134965473948525,0.9493230174081237
0.5137057961916719,0.9493426140757927
0.5139150449884913,0.9493621955933513
0.5141242937853108,0.9493817619783617
0.5143335425821302,0.9494013132483584
0.5145427913789495,0.9494208494208494
0.514752040175769,0.9494403705133153
0.5149612889725884,0.9494598765432098
0.5151705377694078,0.9494793675279599
0.5153797865662273,0.9494988434849653
0.5155890353630467,0.9495183044315992
0.5157982841598661,0.949537750385208
0.5160075329566854,0.9495571813631113
0.5162167817535049,0.949576597382602
0.5164260305503243,0.9495959984609466
0.5166352793471437,0.9496153846153846
0.5168445281439632,0.9496347558631296
0.5170537769407826,0.9496541122213682
0.517263025737602,0.9496734537072609
0.5174722745344215,0.9496927803379416
0.5176815233312408,0.9497120921305182
0.5178907721280602,0.9497313891020721
0.5181000209248797,0.9497506712696586
0.5183092697216991,0.9497699386503068
0.5185185185185185,0.9497891912610196
0.518727767315338,0.949808429118774
0.5189370161121574,0.9498276522405209
0.5191462649089768,0.9498468606431854
0.5193555137057962,0.9498660543436663
0.5195647625026156,0.949885233358837
0.519774011299435,0.9499043977055449
0.5199832600962544,0.9499235474006116
0.5201925088930739,0.949942682460833
0.5204017576898933,0.9499618029029794
0.5206110064867127,0.9499809087437954
0.5208202552835322,0.95
0.5208202552835322,0.9496375429225486
0.5210295040803515,0.9496567505720824
0.5212387528771709,0.949675943576058
0.5214480016739904,0.9496951219512195
0.5216572504708098,0.9497142857142857
0.5218664992676292,0.9497334348819497
0.5220757480644487,0.9497525694708794
0.5222849968612681,0.9497716894977168
0.5224942456580874,0.9497907949790795
0.5227034944549069,0.9498098859315589
0.5229127432517263,0.9498289623717218
0.5231219920485457,0.9498480243161094
0.5233312408453651,0.9498670717812381
0.5235404896421846,0.9498861047835991
0.523749738439004,0.9499051233396585
0.523749738439004,0.9495447647951442
0.5239589872358233,0.9495638983693592
0.5239589872358233,0.9492039423805914
0.5239589872358233,0.9488442591890868
0.5241682360326428,0.9488636363636364
0.5243774848294622,0.9488829988640667
0.5245867336262816,0.9489023467070401
0.5245867336262816,0.9485433219825955
0.5247959824231011,0.9485627836611196
0.5250052312199205,0.9485822306238185
0.5252144800167399,0.9486016628873771
0.5254237288135594,0.9486210804684548
0.5254237288135594,0.948262839879154
0.5256329776103787,0.9482823707059268
0.5258422264071981,0.9483018867924529
0.5260514752040176,0.948321388155413
0.5260514752040176,0.9479638009049773
0.5260514752040176,0.947606483226536
0.526260724000837,0.9476262245666918
0.5264699727976564,0.9476459510357815
0.5266792215944758,0.9476656626506024
0.5268884703912953,0.9476853594279262
0.5270977191881147,0.9477050413844996
0.527306967984934,0.947724708537044
0.5275162167817535,0.9477443609022557
0.5277254655785729,0.9477639984968057
0.5279347143753923,0.9477836213373404
0.5281439631722118,0.9478032294404807
0.5283532119690312,0.9478228228228228
0.5285624607658506,0.9478424015009381
0.5287717095626701,0.9478619654913728
0.5289809583594894,0.9478815148106486
0.5291902071563088,0.9479010494752623
0.5293994559531283,0.947920569501686
0.5296087047499477,0.947940074906367
0.5298179535467671,0.9479595657057281
0.5300272023435866,0.9479790419161677
0.530236451140406,0.9479985035540591
0.5304456999372253,0.9480179506357517
0.5306549487340447,0.9480373831775701
0.5308641975308642,0.9480568011958147
0.5310734463276836,0.9480762047067613
0.531282695124503,0.9480955937266616
0.5314919439213225,0.9481149682717432
0.5317011927181419,0.948134328358209
0.5319104415149613,0.9481536740022379
0.5319104415149613,0.947800149142431
0.5319104415149613,0.9474468878121506
0.5321196903117807,0.9474664679582713
0.5323289391086001,0.9474860335195531
0.5323289391086001,0.9471332836932241
0.5325381879054195,0.9471529586899888
0.532747436702239,0.9471726190476191
0.532747436702239,0.9468203793231684
0.5329566854990584,0.9468401486988848
0.5329566854990584,0.9464882943143813
0.5331659342958778,0.9465081723625557
0.5333751830926973,0.9465280356479763
0.5335844318895167,0.9465478841870824
0.533793680686336,0.9465677179962895
0.5340029294831554,0.9465875370919882
0.5342121782799749,0.946607341490545
0.5344214270767943,0.9466271312083024
0.5346306758736137,0.9466469062615783
0.5348399246704332,0.9466666666666667
0.5350491734672526,0.9466864124398371
0.5352584222640719,0.9467061435973353
0.5354676710608914,0.946725860155383
0.5356769198577108,0.9467455621301775
0.5358861686545302,0.9467652495378928
0.5360954174513497,0.9467849223946785
0.5360954174513497,0.9464351680827484
0.5363046662481691,0.9464549483013294
0.5365139150449885,0.9464747139165743
0.5365139150449885,0.9461254612546125
0.536723163841808,0.9461453338251568
0.5369324126386273,0.946165191740413
0.5371416614354467,0.9461850350165868
0.5373509102322661,0.94620486366986
0.5375601590290856,0.9462246777163904
0.537769407825905,0.9462444771723122
0.537769407825905,0.9458962090541038
0.5379786566227244,0.9459161147902869
0.5381879054195439,0.9459360058845163
0.5383971542163632,0.9459558823529411
0.5386064030131826,0.9459757442116868
0.5388156518100021,0.9459955914768553
0.5390249006068215,0.9460154241645244
0.5392341494036409,0.9460352422907489
0.5394433982004604,0.9460550458715596
0.5396526469972798,0.9460748349229641
0.5398618957940992,0.9460946094609461
0.5400711445909187,0.9461143695014663
0.540280393387738,0.9461341150604617
0.5404896421845574,0.9461538461538461
0.5406988909813769,0.9461735627975101
0.5409081397781963,0.9461932650073206
0.5411173885750157,0.9462129527991219
0.5413266373718351,0.9462326261887345
0.5413266373718351,0.9458866544789762
0.5415358861686546,0.945906432748538
0.5417451349654739,0.9459261965655827
0.5419543837622933,0.9459459459459459
0.5421636325591128,0.94596568090544
0.5423728813559322,0.945985401459854
0.5425821301527516,0.9460051076249544
0.5427913789495711,0.9460247994164843
0.5430006277463905,0.946044476850164
0.5432098765432098,0.9460641399416909
0.5434191253400293,0.9460837887067395
0.5436283741368487,0.9461034231609614
0.5438376229336681,0.9461230433199854
0.5440468717304876,0.9461426491994177
0.5440468717304876,0.9457984721716988
0.544256120527307,0.9458181818181818
0.544256120527307,0.945474372955289
0.5444653693241264,0.9454941860465116
0.5446746181209458,0.9455139847439157
0.5448838669177652,0.9455337690631809
0.5450931157145846,0.9455535390199638
0.545302364511404,0.9455732946298984
0.5455116133082235,0.9455930359085963
0.5457208621050429,0.9456127628716461
0.5459301109018623,0.9456324755346139
0.5461393596986818,0.9456521739130435
0.5463486084955012,0.9456718580224557
0.5463486084955012,0.945329471397538
0.5465578572923205,0.9453492580528411
0.54676710608914,0.945369030390738
0.5469763548859594,0.9453887884267631
0.5471856036827788,0.9454085321764281
0.5473948524795983,0.9454282616552223
0.5476041012764177,0.9454479768786127
0.5478133500732371,0.9454676778620441
0.5480225988700564,0.9454873646209386
0.5482318476668759,0.9455070371706965
0.5482318476668759,0.9451659451659452
0.5484410964636953,0.9451857194374323
0.5486503452605147,0.9452054794520548
0.5488595940573342,0.9452252252252252
0.5490688428541536,0.9452449567723343
0.549278091650973,0.9452646741087505
0.5494873404477925,0.9452843772498201
0.5496965892446118,0.9453040662108673
0.5499058380414312,0.9453237410071943
0.5501150868382507,0.9453434016540813
0.5503243356350701,0.9453630481667865
0.5505335844318895,0.9453826805605462
0.5505335844318895,0.9450431034482759
0.550742833228709,0.9450628366247756
0.5509520820255284,0.9450825556353194
0.5511613308223478,0.9451022604951561
0.5513705796191672,0.9451219512195121
0.5515798284159866,0.9451416278235927
0.551789077212806,0.9451612903225807
0.5519983260096254,0.9451809387316374
0.5522075748064449,0.9452005730659025
0.5524168236032643,0.9452201933404941
0.5526260724000837,0.9452397995705082
0.5526260724000837,0.9449016100178891
0.5528353211969032,0.9449213161659513
0.5530445699937225,0.9449410082230961
0.5532538187905419,0.9449606862044317
0.5534630675873614,0.9449803501250447
0.5536723163841808,0.945
0.5538815651810002,0.9450196358443413
0.5540908139778197,0.9450392576730906
0.5543000627746391,0.9450588655012486
0.5545093115714584,0.9450784593437945
0.5547185603682779,0.9450980392156862
0.5549278091650973,0.9451176051318603
0.5551370579619167,0.9451371571072319
0.5551370579619167,0.9448005698005698
0.5553463067587361,0.9448202207191171
0.5555555555555556,0.9448398576512456
0.5555555555555556,0.9445037353255069
0.555764804352375,0.9445234708392604
0.5559740531491943,0.9445431923213651
0.5561833019460138,0.9445628997867804
0.5563925507428332,0.944582593250444
0.5566017995396526,0.9446022727272727
0.5568110483364721,0.9446219382321619
0.5570202971332915,0.9446415897799858
0.5572295459301109,0.9446612273855978
0.5574387947269304,0.9446808510638298
0.5576480435237497,0.9447004608294931
0.5578572923205691,0.9447200566973778
0.5580665411173886,0.944739638682253
0.558275789914208,0.9447592067988668
0.5584850387110274,0.9447787610619469
0.5586942875078468,0.9447983014861996
0.5589035363046663,0.9448178280863105
0.5591127851014857,0.9448373408769448
0.559322033898305,0.9448568398727466
0.5595312826951245,0.9448763250883392
0.5597405314919439,0.9448957965383257
0.5599497802887633,0.9449152542372882
0.5601590290855828,0.9449346981997883
0.5603682778824022,0.944954128440367
0.5605775266792216,0.944973544973545
0.5605775266792216,0.9446403385049366
0.560786775476041,0.9446598519562919
0.560786775476041,0.9443269908386187
0.5609960242728604,0.9443466009158155
0.5609960242728604,0.9440140845070423
0.5612052730696798,0.9440337909186906
0.5614145218664993,0.9440534834623504
0.5616237706633187,0.9440731621526557
0.5618330194601381,0.9440928270042194
0.5618330194601381,0.9437609841827768
0.5620422682569576,0.94378074490513
0.5620422682569576,0.9434492448191079
0.562251517053777,0.9434691011235955
0.5624607658505963,0.9434889434889435
0.5626700146474157,0.9435087719298245
0.5628792634442352,0.9435285864608909
0.5630885122410546,0.9435483870967742
0.563297761037874,0.9435681738520856
0.5635070098346935,0.9435879467414156
0.5637162586315129,0.9436077057793345
0.5639255074283323,0.9436274509803921
0.5641347562251517,0.9436471823591179
0.5643440050219711,0.943666899930021
0.5645532538187905,0.94368660370759
0.56476250261561,0.9437062937062937
0.5649717514124294,0.9437259699405802
0.5651810002092488,0.9437456324248777
0.5653902490060683,0.9437652811735942
0.5655994978028877,0.9437849162011173
0.565808746599707,0.943804537521815
0.5660179953965264,0.9438241451500349
0.5662272441933459,0.9438437391001047
0.5664364929901653,0.943863319386332
0.5666457417869847,0.9438828860230045
0.5668549905838042,0.9439024390243902
0.5670642393806236,0.943921978404737
0.5672734881774429,0.9439415041782729
0.5674827369742624,0.9439610163592064
0.5674827369742624,0.9436325678496869
0.5676919857710818,0.9436521739130435
0.5676919857710818,0.9433240611961057
0.5679012345679012,0.943343760862009
0.5681104833647207,0.943363446838082
0.5683197321615401,0.9433831191385897
0.5683197321615401,0.9430555555555555
0.5685289809583595,0.9430753210690732
0.568738229755179,0.9430950728660652
0.5689474785519983,0.9431148109608047
0.5691567273488177,0.9431345353675451
0.5693659761456371,0.9431542461005199
0.5695752249424566,0.9431739431739432
0.569784473739276,0.943193626602009
0.5699937225360954,0.943213296398892
0.5702029713329149,0.943232952578747
0.5704122201297342,0.9432525951557094
0.5704122201297342,0.9429263230716015
0.5704122201297342,0.9426002766251729
0.5706214689265536,0.9426201175250605
0.5708307177233731,0.9426399447131997
0.5710399665201925,0.9426597582037997
0.5712492153170119,0.9426795580110497
0.5714584641138314,0.9426993441491198
0.5716677129106508,0.9427191166321601
0.5718769617074702,0.9427388754743015
0.5720862105042896,0.9427586206896552
0.572295459301109,0.942778352292313
0.572295459301109,0.9424534803583735
0.5725047080979284,0.9424733034791595
0.5725047080979284,0.9421487603305785
0.5727139568947478,0.9421686746987952
0.5727139568947478,0.9418444597384721
0.5729232056915673,0.9418644650842793
0.5731324544883867,0.9418844566712518
0.5733417032852061,0.9419044345135785
0.5735509520820256,0.9419243986254295
0.5735509520820256,0.9416008244589488
0.5737602008788449,0.9416208791208791
0.5739694496756643,0.9416409200137316
0.5741786984724838,0.9416609471516816
0.5743879472693032,0.9416809605488851
0.5743879472693032,0.941358024691358
0.5745971960661226,0.9413781282139184
0.5748064448629421,0.9413982179575051
0.5750156936597615,0.9414182939362795
0.5752249424565808,0.9414383561643835
0.5754341912534003,0.9414584046559398
0.5756434400502197,0.9414784394250514
0.5758526888470391,0.9414984604858022
0.5760619376438586,0.9415184678522572
0.576271186440678,0.9415384615384615
0.5764804352374974,0.9415584415584416
0.5766896840343168,0.9415784079262043
0.5768989328311362,0.9415983606557377
0.5771081816279556,0.9416182997610106
0.577317430424775,0.9416382252559727
0.577317430424775,0.9413169566700784
0.5775266792215945,0.9413369713506139
0.5777359280184139,0.9413569723832254
0.5779451768152333,0.9413769597818678
0.5781544256120528,0.941396933560477
0.5783636744088722,0.94141689373297
0.5785729232056915,0.9414368403132448
0.578782172002511,0.9414567733151804
0.5789914207993304,0.9414766927526369
0.5792006695961498,0.9414965986394558
0.5794099183929693,0.9415164909894593
0.5796191671897887,0.9415363698164514
0.5798284159866081,0.9415562351342168
0.5800376647834274,0.9415760869565217
0.5802469135802469,0.9415959252971138
0.5804561623770663,0.9416157501697217
0.5806654111738857,0.9416355615880556
0.5808746599707052,0.9416553595658074
0.5808746599707052,0.9413360461173279
0.5810839087675246,0.9413559322033899
0.581293157564344,0.9413758048119282
0.5815024063611635,0.9413956639566395
0.5817116551579828,0.9414155096512021
0.5817116551579828,0.9410968178740691
0.5819209039548022,0.9411167512690355
0.5821301527516217,0.9411366711772666
0.5823394015484411,0.9411565776124451
0.5825486503452605,0.9411764705882353
0.58275789914208,0.9411963501182832
0.5829671479388994,0.9412162162162162
0.5831763967357187,0.9412360688956434
0.5831763967357187,0.9409182984469953
0.5833856455325381,0.9409382382720216
0.5835948943293576,0.9409581646423751
0.583804143126177,0.9409780775716695
0.5840133919229964,0.9409979770734996
0.5840133919229964,0.9406808223795079
0.5842226407198159,0.9407008086253369
0.5842226407198159,0.9403839676658807
0.5842226407198159,0.94006734006734
0.5844318895166353,0.9400875126220128
0.5846411383134547,0.9401076716016151
0.5848503871102742,0.9401278170198453
0.5850596359070935,0.9401479488903833
0.5852688847039129,0.9401680672268907
0.5852688847039129,0.9398521505376344
0.5854781335007324,0.9398723547195162
0.5856873822975518,0.9398925453324378
0.5858966310943712,0.9399127223900637
0.5861058798911907,0.9399328859060403
0.5863151286880101,0.9399530358939953
0.5865243774848294,0.9399731723675385
0.5867336262816489,0.9399932953402614
0.5869428750784683,0.9400134048257373
0.5871521238752877,0.9400335008375209
0.5871521238752877,0.9397186872069658
0.5873613726721071,0.9397388684298628
0.5875706214689266,0.9397590361445783
0.587779870265746,0.9397791903646705
0.5879891190625653,0.939799331103679
0.5879891190625653,0.9394851220327649
0.5881983678593848,0.9395053475935828
0.5884076166562042,0.9395255596391581
0.5886168654530236,0.9395457581830328
0.5888261142498431,0.9395659432387312
0.5890353630466625,0.9395861148197597
0.5892446118434819,0.9396062729396063
0.5894538606403014,0.9396264176117411
0.5896631094371207,0.9396465488496165
0.5898723582339401,0.9396666666666667
0.5898723582339401,0.939353548817061
0.5900816070307596,0.9393737508327782
0.590290855827579,0.9393939393939394
0.5905001046243984,0.9394141145139814
0.5907093534212178,0.9394342762063228
0.5909186022180373,0.9394544244843646
0.5911278510148567,0.9394745593614898
0.591337099811676,0.9394946808510638
0.5915463486084955,0.939514788966434
0.5917555974053149,0.9395348837209302
0.5919648462021343,0.9395549651278645
0.5919648462021343,0.9392430278884463
0.5921740949989538,0.9392631928310654
0.5923833437957732,0.9392833443928335
0.5925925925925926,0.9393034825870646
0.592801841389412,0.9393236074270557
0.5930110901862314,0.9393437189260855
0.5932203389830508,0.9393638170974155
0.5934295877798703,0.9393839019542894
0.5936388365766897,0.9394039735099338
0.5938480853735091,0.9394240317775571
0.5940573341703285,0.9394440767703508
0.594266582967148,0.9394641085014885
0.5944758317639673,0.939484126984127
0.5944758317639673,0.9391735537190082
0.5946850805607867,0.9391936549900859
0.5948943293576062,0.939213742979848
0.5951035781544256,0.9392338177014531
0.595312826951245,0.9392538791680423
0.5955220757480645,0.9392739273927393
0.5957313245448839,0.9392939623886506
0.5959405733417033,0.9393139841688655
0.5961498221385227,0.9393339927464557
0.5961498221385227,0.9390243902439024
0.5963590709353421,0.9390444810543658
0.5965683197321615,0.939064558629776
0.596777568528981,0.9390846229832072
0.5969868173258004,0.9391046741277156
0.5969868173258004,0.9387956564659428
0.5971960661226198,0.9388157894736842
0.5974053149194393,0.9388359092403814
0.5976145637162587,0.9388560157790927
0.5976145637162587,0.9385474860335196
0.597823812513078,0.9385676741130092
0.5980330613098974,0.9385878489326765
0.5980330613098974,0.93827971109652
0.5982423101067169,0.9382999671808336
0.5984515589035363,0.9383202099737533
0.5986608077003557,0.9383404394883569
0.5988700564971752,0.9383606557377049
0.5988700564971752,0.9380530973451328
0.5990793052939946,0.9380733944954128
0.5990793052939946,0.9377661316737635
0.5992885540908139,0.9377865094957433
0.5994978028876334,0.9378068739770867
0.5997070516844528,0.93782722513089
0.5999163004812722,0.9378475629702323
0.6001255492780917,0.9378678875081753
0.6003347980749111,0.937888198757764
0.6005440468717305,0.9379084967320261
0.60075329566855,0.9379287814439725
0.6009625444653693,0.937949052906597
0.6011717932621887,0.9379693111328763
0.6013810420590081,0.9379895561357703
0.6015902908558276,0.9380097879282219
0.601799539652647,0.9380300065231572
0.6020087884494664,0.9380502119334855
0.6020087884494664,0.9377444589308996
0.6022180372462859,0.9377647442163571
0.6024272860431052,0.9377850162866449
0.6026365348399246,0.9378052751546727
0.6028457836367441,0.9378255208333334
0.6030550324335635,0.9378457533355028
0.6032642812303829,0.9378659726740404
0.6034735300272024,0.9378861788617886
0.6036827788240218,0.9379063719115734
0.6038920276208412,0.9379265518362041
0.6041012764176606,0.937946718648473
0.60431052521448,0.9379668723611562
0.6045197740112994,0.937987012987013
0.6047290228081188,0.9380071405387861
0.6049382716049383,0.9380272550292018
0.6051475204017577,0.9380473564709698
0.6053567691985771,0.9380674448767834
0.6055660179953966,0.9380875202593193
0.6055660179953966,0.9377835385612443
0.6055660179953966,0.9374797538062845
0.6057752667922159,0.9375
0.6059845155890353,0.9375202330851409
0.6061937643858548,0.9375404530744337
0.6064030131826742,0.9375606599805888
0.6066122619794936,0.9375808538163001
0.6068215107763131,0.937601034594245
0.6068215107763131,0.9372979961215255
0.6070307595731325,0.9373182552504039
0.6072400083699518,0.9373385012919897
0.6074492571667713,0.9373587342589603
0.6076585059635907,0.9373789541639768
0.6078677547604101,0.9373991610196838
0.6080770035572296,0.9374193548387096
0.6080770035572296,0.9371170590132215
0.608286252354049,0.937137330754352
0.6084955011508684,0.9371575894295843
0.6087047499476878,0.9371778350515464
0.6087047499476878,0.9368760064412238
0.6089139987445072,0.9368963296844817
0.6091232475413266,0.9369166398455101
0.609332496338146,0.9369369369369369
0.6095417451349655,0.9369572209713735
0.6097509939317849,0.9369774919614148
0.6097509939317849,0.9366763098682096
0.6099602427286043,0.9366966580976864
0.6101694915254238,0.9367169932540957
0.6103787403222432,0.9367373153500321
0.6105879891190625,0.9367576243980739
0.610797237915882,0.936777920410783
0.6110064867127014,0.9367982034007059
0.6110064867127014,0.9364977549711353
0.6112157355095208,0.9365181147803783
0.6114249843063403,0.9365384615384615
0.6114249843063403,0.9362383851329702
0.6116342331031597,0.9362588084561179
0.6118434818999791,0.936279218699968
0.6120527306967984,0.9362996158770807
0.6122619794936179,0.93632
0.6124712282904373,0.936340371081254
0.6126804770872567,0.9363607291333547
0.6128897258840762,0.9363810741687979
0.6128897258840762,0.9360818152764462
0.6130989746808956,0.9361022364217252
0.613308223477715,0.9361226445225168
0.6135174722745345,0.9361430395913155
0.6137267210713538,0.9361634216406001
0.6139359698681732,0.9361837906828334
0.6141452186649927,0.9362041467304625
0.6143544674618121,0.9362244897959183
0.6145637162586315,0.9362448198916162
0.614772965055451,0.9362651370299554
0.6149822138522704,0.9362854412233196
0.6151914626490897,0.9363057324840764
0.6154007114459091,0.9363260108245781
0.6156099602427286,0.936346276257161
0.615819209039548,0.9363665287941457
0.615819209039548,0.9360687022900763
0.615819209039548,0.9357710651828299
0.615819209039548,0.9354736172917991
0.6160284578363674,0.9354941213854464
0.6162377066331869,0.9355146124523507
0.6164469554300063,0.9355350905049222
0.6166562042268257,0.9355555555555556
0.6168654530236451,0.9355760076166296
0.6168654530236451,0.9352791878172588
0.6170747018204645,0.9352997145575642
0.6172839506172839,0.9353202282815473
0.6174931994141034,0.9353407290015848
0.6174931994141034,0.9350443599493029
0.6177024482109228,0.935064935064935
0.6179116970077422,0.935085497150095
0.6181209458045617,0.9351060462171573
0.6181209458045617,0.9348101265822785
0.6183301946013811,0.9348307497627333
0.6183301946013811,0.9345351043643264
0.6185394433982004,0.9345558014543155
0.6187486921950199,0.9345764854614412
0.6189579409918393,0.9345971563981043
0.6189579409918393,0.934301958307012
0.6191671897886587,0.9343227028733817
0.6193764385854781,0.9343434343434344
0.6195856873822976,0.9343641527295676
0.619794936179117,0.934384858044164
0.619794936179117,0.934090192368338
0.619794936179117,0.9337957124842371
0.6200041849759363,0.9338165773715726
0.6202134337727558,0.9338374291115312
0.6204226825695752,0.9338582677165355
0.6206319313663946,0.9338790931989924
0.6206319313663946,0.9335851432168712
0.6208411801632141,0.9336060415355569
0.6210504289600335,0.9336269267065115
0.6212596777568529,0.9336477987421383
0.6212596777568529,0.9333542911034266
0.6214689265536724,0.933375235700817
0.6216781753504917,0.9333961671379202
0.6218874241473111,0.9334170854271356
0.6220966729441306,0.9334379905808478
0.62230592174095,0.933458882611425
0.6225151705377694,0.9334797615312206
0.6227244193345888,0.9335006273525721
0.6229336681314083,0.9335214800878018
0.6231429169282277,0.9335423197492163
0.623352165725047,0.9335631463491069
0.6235614145218665,0.9335839598997494
0.6237706633186859,0.9336047604134043
0.6239799121155053,0.9336255479023169
0.6241891609123248,0.9336463223787167
0.6241891609123248,0.9333541927409261
0.6243984097091442,0.9333750390991554
0.6246076585059636,0.9333958724202627
0.624816907302783,0.9334166927164739
0.6250261560996024,0.9334375
0.6252354048964218,0.9334582942830365
0.6254446536932413,0.9334790755777639
0.6256539024900607,0.9334998438963472
0.6256539024900607,0.9332084893882646
0.6258631512868801,0.9332293291731669
0.6260724000836995,0.9332501559575795
0.626281648880519,0.9332709697536639
0.6264908976773383,0.933291770573566
0.6267001464741577,0.9333125584294173
0.6267001464741577,0.9330218068535826
0.6269093952709772,0.9330426658361881
0.6271186440677966,0.9330635118306351
0.627327892864616,0.9330843448490508
0.6275371416614355,0.933105164903547
0.6277463904582549,0.9331259720062208
0.6279556392550742,0.9331467661691543
0.6281648880518937,0.9331675474044141
0.6283741368487131,0.9331883157240523
0.6285833856455325,0.9332090711401057
0.628792634442352,0.9332298136645962
0.6290018832391714,0.9332505433095312
0.6292111320359908,0.9332712600869025
0.6294203808328103,0.9332919640086875
0.6296296296296297,0.9333126550868487
0.629838878426449,0.9333333333333333
0.6300481272232684,0.9333539987600744
0.6302573760200879,0.9333746513789898
0.6304666248169073,0.9333952912019826
0.6306758736137267,0.9334159182409415
0.6308851224105462,0.93343653250774
0.6310943712073656,0.9334571340142371
0.6313036200041849,0.9334777227722773
0.6315128688010044,0.9334982987936901
0.6317221175978238,0.9335188620902907
0.6319313663946432,0.9335394126738794
0.6321406151914627,0.9335599505562423
0.6323498639882821,0.9335804757491505
0.6325591127851015,0.9336009882643607
0.632768361581921,0.9336214881136153
0.6329776103787403,0.933641975308642
0.6331868591755597,0.933662449861154
0.6333961079723791,0.9336829117828501
0.6336053567691986,0.9337033610854147
0.633814605566018,0.9337237977805178
0.6340238543628374,0.9337442218798151
0.6342331031596569,0.9337646333949476
0.6344423519564762,0.9337850323375424
0.6346516007532956,0.9338054187192119
0.6348608495501151,0.9338257925515543
0.6350700983469345,0.9338461538461539
0.6352793471437539,0.9338665026145802
0.6352793471437539,0.933579335793358
0.6354885959405734,0.9335997540731632
0.6356978447373928,0.933620159803319
0.6359070935342122,0.9336405529953917
0.6359070935342122,0.9333538083538083
0.6359070935342122,0.9330672397912189
0.6359070935342122,0.932780847145488
0.6359070935342122,0.9324946302546794
0.6361163423310316,0.9325153374233128
0.636325591127851,0.9325360318920577
0.6365348399246704,0.9325567136725935
0.6367440887214898,0.932577382776586
0.6369533375183093,0.9325980392156863
0.6369533375183093,0.932312404287902
0.6371625863151287,0.9323331292100429
0.6371625863151287,0.9320477502295684
0.6373718351119481,0.9320685434516524
0.6375810839087676,0.932089323952279
0.6377903327055869,0.9321100917431193
0.6379995815024063,0.93213084683583
0.6382088302992258,0.9321515892420538
0.6384180790960452,0.9321723189734189
0.6386273278928646,0.9321930360415394
0.6388365766896841,0.9322137404580153
0.6390458254865035,0.9322344322344323
0.6392550742833228,0.932255111382362
0.6394643230801423,0.9322757779133618
0.6396735718769617,0.9322964318389753
0.6398828206737811,0.9323170731707318
0.6400920694706005,0.9323377019201463
0.6400920694706005,0.9320536258379037
0.64030131826742,0.9320743222662199
0.6405105670642394,0.932095006090134
0.6407198158610588,0.9321156773211567
0.6409290646578782,0.9321363359707852
0.6411383134546976,0.932156982050502
0.641347562251517,0.9321776155717761
0.6415568110483365,0.9321982365460626
0.6417660598451559,0.9322188449848025
0.6419753086419753,0.9322394408994227
0.6421845574387948,0.9322600243013366
0.6423938062356142,0.9322805952019435
0.6426030550324335,0.932301153612629
0.642812303829253,0.9323216995447648
0.642812303829253,0.9320388349514563
0.6430215526260724,0.9320594479830149
0.6430215526260724,0.9317768344451183
0.6432308014228918,0.9317975143983025
0.6434400502197113,0.9318181818181818
0.6436492990165307,0.9318388367161466
0.6438585478133501,0.9318594791035736
0.6440677966101694,0.9318801089918256
0.6442770454069889,0.9319007263922519
0.6444862942038083,0.9319213313161876
0.6446955430006277,0.9319419237749547
0.6449047917974472,0.9319625037798609
0.6451140405942666,0.9319830713422007
0.645323289391086,0.9320036264732547
0.6455325381879055,0.93202416918429
0.6457417869847248,0.93204469948656
0.6457417869847248,0.9317632850241546
0.6459510357815442,0.9317838816782372
0.6461602845783637,0.931804465902233
0.6463695333751831,0.9318250377073907
0.6465787821720025,0.9318455971049457
0.646788030968822,0.93186614410612
0.6469972797656414,0.9318866787221217
0.6469972797656414,0.9316059053931908
0.6472065285624607,0.9316265060240964
0.6472065285624607,0.931345980126468
0.6474157773592801,0.9313666465984347
0.6476250261560996,0.9313873006319591
0.647834274952919,0.9314079422382672
0.6480435237497384,0.9314285714285714
0.6482527725465579,0.931449188214071
0.6482527725465579,0.9311692215208897
0.6484620213433773,0.9311899038461539
0.6486712701401967,0.9312105737458697
0.6488805189370161,0.9312312312312312
0.6490897677338355,0.9312518763134194
0.6492990165306549,0.9312725090036015
0.6495082653274744,0.9312931293129313
0.6497175141242938,0.9313137372525495
0.6499267629211132,0.9313343328335832
0.6501360117179327,0.9313549160671463
0.650345260514752,0.9313754869643392
0.6505545093115714,0.9313960455362492
0.6507637581083908,0.9314165917939503
0.6507637581083908,0.9311377245508982
0.6509730069052103,0.9311583358275966
0.6511822557020297,0.931178934769599
0.6513915044988491,0.9311995213879749
0.6513915044988491,0.930921052631579
0.6516007532956686,0.9309417040358744
0.651810002092488,0.9309623430962343
0.651810002092488,0.9306841948013146
0.6520192508893073,0.9307048984468339
0.6520192508893073,0.9304269931322783
0.6520192508893073,0.9301492537313433
0.6522284996861268,0.9301700984780662
0.6522284996861268,0.9298926014319809
0.6522284996861268,0.9296152699075455
0.6524377484829462,0.9296362552176506
0.6526469972797656,0.9296572280178838
0.6528562460765851,0.929678188319428
0.6530654948734045,0.9296991361334525
0.6532747436702239,0.9297200714711138
0.6534839924670434,0.9297409943435546
0.6534839924670434,0.9294642857142857
0.6536932412638627,0.9294852722404047
0.6539024900606821,0.929506246281975
0.6541117388575016,0.9295272078501338
0.654320987654321,0.9295481569560048
0.6545302364511404,0.9295690936106984
0.6547394852479598,0.9295900178253119
0.6549487340447793,0.9296109296109296
0.6551579828415987,0.9296318289786223
0.655367231638418,0.9296527159394479
0.6555764804352375,0.9296735905044511
0.6555764804352375,0.9293978048056957
0.6555764804352375,0.9291221826809015
0.6557857292320569,0.929143195967981
0.6557857292320569,0.9288678126852401
0.6559949780288763,0.9288888888888889
0.6562042268256958,0.9289099526066351
0.6564134756225152,0.9289310038495706
0.6566227244193346,0.9289520426287744
0.656831973216154,0.9289730689553122
0.6570412220129734,0.9289940828402367
0.6572504708097928,0.9290150842945873
0.6574597196066123,0.9290360733293909
0.6576689684034317,0.9290570499556606
0.6578782172002511,0.9290780141843972
0.6580874659970705,0.9290989660265879
0.65829671479389,0.9291199054932073
0.65829671479389,0.9288455860643637
0.6585059635907093,0.9288665879574971
0.6585059635907093,0.9285925051637651
0.6587152123875287,0.9286135693215339
0.6587152123875287,0.9283397227956355
0.6589244611843482,0.9283608490566038
0.6591337099811676,0.9283819628647215
0.659342958777987,0.9284030642309958
0.659342958777987,0.9281296023564065
0.6595522075748065,0.928150765606596
0.6597614563716259,0.9281719163968207
0.6599707051684452,0.9281930547380812
0.6601799539652647,0.9282141806413651
0.6601799539652647,0.9279411764705883
0.6601799539652647,0.9276683328432814
0.6603892027620841,0.927689594356261
0.6603892027620841,0.9274169850132237
0.6605984515589035,0.9274383078730905
0.660807700355723,0.9274596182085169
0.6610169491525424,0.9274809160305344
0.6612261979493618,0.9275022013501615
0.6614354467461812,0.9275234741784038
0.6616446955430006,0.9275447345262541
0.6616446955430006,0.9272727272727272
0.66185394433982,0.9272940486660803
0.6620631931366394,0.9273153575615475
0.6622724419334589,0.9273366539701142
0.6622724419334589,0.9270650263620387
0.6622724419334589,0.9267935578330894
0.6622724419334589,0.9265222482435597
0.6624816907302783,0.9265437518290899
0.6626909395270977,0.9265652428320655
0.6629001883239172,0.9265867212635274
0.6631094371207366,0.9266081871345029
0.6633186859175559,0.926629640456007
0.6635279347143754,0.9266510812390415
0.6637371835111948,0.9266725094945953
0.6639464323080142,0.9266939252336449
0.6639464323080142,0.9264233576642336
0.6641556811048337,0.9264448336252189
0.6641556811048337,0.9261744966442953
0.6643649299016531,0.926196032672112
0.6645741786984725,0.926217556138816
0.664783427495292,0.9262390670553936
0.6649926762921113,0.9262605654328184
0.6652019250889307,0.9262820512820513
0.6654111738857501,0.9263035246140402
0.6656204226825696,0.9263249854397204
0.6656204226825696,0.9260553129548763
0.665829671479389,0.9260768335273574
0.6660389202762084,0.9260983415769567
0.6662481690730279,0.9261198371146016
0.6664574178698472,0.9261413201512068
0.6666666666666666,0.9261627906976744
0.6668759154634861,0.9261842487648939
0.6670851642603055,0.926205694363742
0.6672944130571249,0.9262271275050827
0.6672944130571249,0.9259581881533101
0.6675036618539444,0.9259796806966618
0.6677129106507638,0.9260011607661056
0.6679221594475832,0.9260226283724978
0.6679221594475832,0.925754060324826
0.6681314082444026,0.9257755871267034
0.668340657041222,0.9257971014492754
0.6685499058380414,0.9258186033033903
0.6687591546348608,0.9258400926998841
0.6687591546348608,0.9255719664060238
0.6689684034316803,0.9255935147654892
0.6689684034316803,0.9253256150506513
0.6689684034316803,0.9250578703703703
0.6691776522284997,0.9250795487416835
0.6693869010253191,0.9251012145748988
0.6695961498221386,0.9251228678808904
0.6698053986189579,0.9251445086705202
0.6700146474157773,0.9251661369546373
0.6702238962125968,0.9251877527440786
0.6704331450094162,0.9252093560496679
0.6706423938062356,0.9252309468822171
0.6708516426030551,0.9252525252525252
0.6710608913998745,0.9252740911713792
0.6712701401966938,0.9252956446495529
0.6714793889935133,0.9253171856978085
0.6716886377903327,0.9253387143268954
0.6718978865871521,0.9253602305475505
0.6718978865871521,0.9250936329588015
0.6721071353839715,0.9251152073732719
0.672316384180791,0.9251367693636625
0.6725256329776104,0.9251583189407023
0.6727348817744297,0.9251798561151079
0.6729441305712492,0.9252013808975834
0.6731533793680686,0.9252228932988208
0.673362628164888,0.9252443933294997
0.673362628164888,0.9249784420810577
0.673362628164888,0.924712643678161
0.6735718769617075,0.9247342717609882
0.6737811257585269,0.9247558874210224
0.6739903745553463,0.9247774906689635
0.6739903745553463,0.9245120551090701
0.6741996233521658,0.9245337159253946
0.6744088721489852,0.9245553643144004
0.6746181209458045,0.9245770002867795
0.6746181209458045,0.9243119266055045
0.674827369742624,0.9243336199484092
0.674827369742624,0.9240687679083095
0.674827369742624,0.9238040676024062
0.6750366185394434,0.9238258877434136
0.6750366185394434,0.9235614085313484
0.6750366185394434,0.9232970807097882
0.6752458673362628,0.9233190271816881
0.6754551161330823,0.9233409610983981
0.6756643649299017,0.9233628824706892
0.6758736137267211,0.9233847913093196
0.6760828625235404,0.9234066876250357
0.6762921113203599,0.9234285714285714
0.6762921113203599,0.9231648100542702
0.6765013601171793,0.9231867504283267
0.6765013601171793,0.9229232086782757
0.6767106089139987,0.922945205479452
0.6769198577108182,0.9229671897289586
0.6771291065076376,0.9229891614375356
0.677338355304457,0.9230111206159111
0.6775476041012765,0.9230330672748005
0.6777568528980958,0.9230550014249074
0.6779661016949152,0.9230769230769231
0.6779661016949152,0.9228140131016804
0.6779661016949152,0.9225512528473804
0.6781753504917347,0.9225732991744947
0.6783845992885541,0.9225953329538987
0.6785938480853735,0.9226173541963015
0.678803096882193,0.9226393629124005
0.6790123456790124,0.9226613591128803
0.6792215944758317,0.9226833428084139
0.6792215944758317,0.9224211423699915
0.6794308432726511,0.9224431818181819
0.6794308432726511,0.9221811985231468
0.6796400920694706,0.9222032935831914
0.67984934086629,0.9222253760999148
0.6800585896631094,0.9222474460839954
0.6800585896631094,0.9219858156028369
0.6802678384599289,0.9220079410096427
0.6804770872567483,0.9220300538701446
0.6806863360535677,0.9220521541950113
0.6806863360535677,0.9217908756021536
0.6808955848503871,0.9218130311614731
0.6808955848503871,0.9215519682809402
0.6811048336472065,0.9215741789354474
0.6813140824440259,0.9215963770166997
0.6815233312408454,0.9216185625353707
0.6817325800376648,0.9216407355021217
0.6817325800376648,0.9213800904977375
0.6819418288344842,0.9214023183488832
0.6821510776313037,0.9214245336348219
0.682360326428123,0.9214467363662051
0.6825695752249424,0.9214689265536723
0.6825695752249424,0.9212086981078791
0.6827788240217618,0.9212309429700734
0.6829880728185813,0.9212531752751905
0.6831973216154007,0.92127539503386
0.6834065704122201,0.9212976022566995
0.6836158192090396,0.9213197969543148
0.683825068005859,0.9213419791372991
0.6840343168026783,0.9213641488162345
0.6842435655994978,0.9213863060016906
0.6844528143963172,0.9214084507042254
0.6846620631931366,0.9214305829343847
0.6846620631931366,0.9211711711711712
0.6848713119899561,0.9211933577258654
0.6850805607867755,0.9212155317951604
0.6850805607867755,0.9209563994374121
0.6852898095835949,0.920978627671541
0.6854990583804144,0.9210008434073658
0.6857083071772337,0.9210230466554244
0.6859175559740531,0.9210452374262433
0.6861268047708726,0.9210674157303371
0.686336053567692,0.9210895815782084
0.6865453023645114,0.9211117349803482
0.6867545511613308,0.9211338759472355
0.6869637999581503,0.9211560044893379
0.6871730487549697,0.9211781206171108
0.687382297551789,0.9212002243409984
0.6875915463486085,0.9212223156714325
0.6875915463486085,0.9209641255605381
0.6878007951454279,0.9209862706640516
0.6880100439422473,0.9210084033613445
0.6882192927390668,0.9210305236628396
0.6884285415358862,0.9210526315789473
0.6884285415358862,0.920794850265883
0.6884285415358862,0.9205372132064913
0.6886377903327056,0.9205594405594406
0.688847039129525,0.9205816554809844
0.6890562879263444,0.9206038579815488
0.6892655367231638,0.9206260480715484
0.6894747855199833,0.9206482257613858
0.6896840343168027,0.9206703910614525
0.6898932831136221,0.9206925439821279
0.6901025319104415,0.92071468453378
0.690311780707261,0.9207368127267653
0.6905210295040803,0.9207589285714286
0.6907302783008997,0.9207810320781032
0.6909395270977192,0.920803123257111
0.6911487758945386,0.9208252021187622
0.691358024691358,0.9208472686733556
0.691358024691358,0.9205906937865701
0.6915672734881775,0.9206128133704735
0.6915672734881775,0.9203564466722362
0.6917765222849969,0.9203786191536748
0.6919857710818162,0.9204007792930698
0.6921950198786357,0.9204229271007234
0.6924042686754551,0.9204450625869263
0.6926135174722745,0.9204671857619577
0.692822766269094,0.9204892966360856
0.6930320150659134,0.9205113952195664
0.6932412638627328,0.9205334815226451
0.6934505126595522,0.9205555555555556
0.6936597614563716,0.9205776173285198
0.693869010253191,0.920599666851749
0.6940782590500104,0.9206217041354426
0.6942875078468299,0.9206437291897891
0.6944967566436493,0.9206657420249653
0.6944967566436493,0.9204104270660011
0.6944967566436493,0.9201552536734128
0.6947060054404687,0.9201773835920177
0.6949152542372882,0.9201995012468828
0.6951245030341076,0.9202216066481994
0.6951245030341076,0.9199667682082525
0.6953337518309269,0.9199889258028793
0.6955430006277464,0.9200110711320233
0.6957522494245658,0.9200332042058661
0.6959614982213852,0.9200553250345781
0.6959614982213852,0.9198008849557522
0.6961707470182047,0.9198230577826928
0.6963799958150241,0.9198452183526811
0.6963799958150241,0.9195910472506217
0.6965892446118435,0.9196132596685083
0.696798493408663,0.9196354598177299
0.696798493408663,0.9193815571507454
0.696798493408663,0.9191277946453216
0.6970077422054823,0.9191501103752759
0.6972169910023017,0.9191724137931034
0.6974262397991211,0.9191947049089906
0.6976354885959406,0.9192169837331128
0.69784473739276,0.9192392502756339
0.6980539861895794,0.9192615045467071
0.6982632349863989,0.9192837465564738
0.6984724837832182,0.9193059763150647
0.6986817325800376,0.9193281938325991
0.6986817325800376,0.9190751445086706
0.6986817325800376,0.9188222344523941
0.6988909813768571,0.9188445667125172
0.6988909813768571,0.9185918591859186
0.6991002301736765,0.9186142425075612
0.6993094789704959,0.9186366135239142
0.6995187277673154,0.9186589722451223
0.6997279765641348,0.9186813186813186
0.6999372253609542,0.9187036528426257
0.7001464741577736,0.9187259747391543
0.7001464741577736,0.9184737853417513
0.700355722954593,0.9184961580680571
0.700355722954593,0.918244170096022
0.7005649717514124,0.918266593527153
0.7005649717514124,0.9180148066904305
0.7005649717514124,0.9177631578947368
0.7005649717514124,0.9175116470265826
0.7007742205482318,0.9175342465753424
0.7009834693450513,0.9175568337441796
0.7011927181418707,0.9175794085432639
0.7014019669386901,0.9176019709827539
0.7016112157355096,0.9176245210727969
0.7016112157355096,0.9173734610123119
0.7016112157355096,0.9171225382932167
0.7018204645323289,0.9171452009844134
0.7018204645323289,0.9168944778567524
0.7020297133291483,0.9169171904892047
0.7022389621259678,0.9169398907103825
0.7024482109227872,0.9169625785304562
0.7026574597196066,0.916985253959585
0.7028667085164261,0.9170079170079171
0.7030759573132455,0.9170305676855895
0.7032852061100648,0.9170532060027285
0.7034944549068843,0.917075831969449
0.7034944549068843,0.9168257431142623
0.7037037037037037,0.9168484187568157
0.7039129525005231,0.9168710820387026
0.7041222012973425,0.9168937329700273
0.704331450094162,0.9169163715608826
0.7045406988909814,0.9169389978213508
0.7047499476878007,0.9169616117615028
0.7049591964846202,0.916984213391399
0.7051684452814396,0.9170068027210885
0.705377694078259,0.9170293797606094
0.705377694078259,0.9167799836823497
0.705377694078259,0.9165307232191409
0.705377694078259,0.9162815982603969
0.7055869428750785,0.9163043478260869
0.7057961916718979,0.9163270850312415
0.7057961916718979,0.9160782183595871
0.7060054404687173,0.9161010046158024
0.7062146892655368,0.9161237785016286
0.7062146892655368,0.9158751696065129
0.7064239380623561,0.9158979924036896
0.7066331868591755,0.9159208028207214
0.7066331868591755,0.9156724511930586
0.706842435655995,0.9156953103822174
0.7070516844528144,0.9157181571815718
0.7072609332496338,0.915740991601192
0.7074701820464532,0.9157638136511376
0.7076794308432727,0.9157866233414568
0.7078886796400921,0.9158094206821873
0.7080979284369114,0.9158322056833559
0.7083071772337309,0.9158549783549783
0.7085164260305503,0.9158777387070598
0.7085164260305503,0.9156300703082747
0.7085164260305503,0.915382535820492
0.7087256748273697,0.9154054054054054
0.7089349236241892,0.9154282626317212
0.7089349236241892,0.915180983252296
0.7091441724210086,0.9152038887388604
0.7091441724210086,0.9149568034557235
0.709353421217828,0.9149797570850202
0.7095626700146475,0.9150026983270373
0.7097719188114668,0.9150256271917993
0.7097719188114668,0.9147788565264293
0.7099811676082862,0.914801833378269
0.7099811676082862,0.91455525606469
0.7099811676082862,0.9143088116410671
0.7101904164051057,0.9143318965517241
0.7101904164051057,0.9140856450309722
0.7103996652019251,0.9141087775982768
0.7106089139987445,0.9141318977119784
0.710818162795564,0.9141550053821313
0.710818162795564,0.9139090664514393
0.7110274115923834,0.9139322216245294
0.7112366603892027,0.9139553643452542
0.7112366603892027,0.9137096774193548
0.7112366603892027,0.9134641225477023
0.7114459091860221,0.9134873723804406
0.7116551579828416,0.9135106097233414
0.7116551579828416,0.9132653061224489
0.711864406779661,0.9132885906040269
0.7120736555764804,0.9133118625872249
0.7122829043732999,0.9133351220821035
0.7122829043732999,0.9130901287553648
0.7124921531701193,0.913113435237329
0.7127014019669387,0.9131367292225201
0.7129106507637581,0.9131600107209863
0.7131198995605775,0.9131832797427653
0.7133291483573969,0.9132065362978837
0.7135383971542164,0.9132297803963578
0.7137476459510358,0.9132530120481928
0.7139568947478552,0.9132762312633833
0.7141661435446747,0.9132994380519133
0.714375392341494,0.913322632423756
0.7145846411383134,0.9133458143888741
0.7145846411383134,0.9131016042780749
0.7147938899351328,0.913124832932371
0.7150031387319523,0.913148049171566
0.7152123875287717,0.9131712530056105
0.7154216363255911,0.9131944444444444
0.7156308851224106,0.9132176234979973
0.71584013391923,0.913240790176188
0.7160493827160493,0.9132639444889245
0.7162586315128688,0.9132870864461046
0.7162586315128688,0.9130434782608695
0.7162586315128688,0.9128
0.7164678803096882,0.9128232471340976
0.7166771291065076,0.9128464818763327
0.7168863779033271,0.9128697042366107
0.7170956267001465,0.9128929142248269
0.7173048754969659,0.9129161118508655
0.7175141242937854,0.9129392971246006
0.7175141242937854,0.9126963002395528
0.7175141242937854,0.9124534326769558
0.7177233730906047,0.9124767225325885
0.7179326218874241,0.9125
0.7181418706842435,0.912523265089072
0.7181418706842435,0.9122807017543859
0.718351119481063,0.91230401275578
0.7185603682778824,0.9123273113708821
0.7187696170747018,0.9123505976095617
0.7189788658715213,0.9123738714816781
0.7189788658715213,0.9121316697637377
0.7191881146683407,0.9121549893842887
0.71939736346516,0.912178296630406
0.7196066122619795,0.9122015915119364
0.7198158610587989,0.9122248740387165
0.7198158610587989,0.911983032873807
0.7200251098556183,0.9120063609859528
0.7202343586524378,0.9120296767355591
0.7202343586524378,0.9117880794701987
0.7202343586524378,0.9115466101694916
0.7204436074492572,0.9115700291236432
0.7206528562460766,0.9115934356802541
0.720862105042896,0.9116168298491665
0.7210713538397154,0.9116402116402117
0.7212806026365348,0.9116635810632108
0.7214898514333543,0.9116869381279746
0.7216991002301737,0.9117102828443034
0.7219083490269931,0.9117336152219874
0.7221175978238125,0.9117569352708058
0.7221175978238125,0.9115161119915478
0.722326846620632,0.9115394771587009
0.7225360954174513,0.9115628299894404
0.7227453442142707,0.911586170493534
0.7227453442142707,0.9113456464379948
0.7229545930110902,0.9113690319176998
0.7231638418079096,0.9113924050632911
0.723373090604729,0.9114157658845241
0.723373090604729,0.9111755403268318
0.723373090604729,0.910935441370224
0.7235823394015485,0.910958904109589
0.7237915881983679,0.9109823544903871
0.7240008369951872,0.9110057925223802
0.7240008369951872,0.9107659910502763
0.7242100857920067,0.9107894736842105
0.7244193345888261,0.9108129439621152
0.7244193345888261,0.9105733824302998
0.7246285833856455,0.9105968971864318
0.7246285833856455,0.9103575184016824
0.7246285833856455,0.9101182654402102
0.724837832182465,0.9101418812401472
0.7250470809792844,0.9101654846335697
0.7250470809792844,0.9099264705882353
0.7252563297761038,0.9099501181412444
0.7254655785729232,0.9099737532808398
0.7254655785729232,0.9097349776961428
0.7254655785729232,0.9094963273871983
0.7256748273697426,0.9095200629425649
0.7256748273697426,0.9092815941269009
0.725884076166562,0.909305373525557
0.7260933249633814,0.9093291404612159
0.7263025737602009,0.909352894943673
0.7265118225570203,0.9093766369827134
0.7267210713538397,0.9094003665881121
0.7267210713538397,0.9091623036649215
0.7269303201506592,0.9091860769432086
0.7271395689474786,0.9092098377812664
0.7271395689474786,0.9089720115092859
0.7273488177442979,0.9089958158995816
0.7273488177442979,0.9087581699346405
0.7275580665411174,0.9087820177731312
0.7277673153379368,0.9088058531486805
0.7279765641347562,0.9088296760710554
0.7281858129315757,0.9088534865500131
0.7283950617283951,0.9088772845953003
0.7283950617283951,0.9086400417645524
0.7283950617283951,0.9084029227557411
0.7283950617283951,0.9081659274719541
0.7286043105252145,0.908189880020866
0.7288135593220338,0.9082138200782268
0.7290228081188533,0.908237747653806
0.7292320569156727,0.9082616627573625
0.7292320569156727,0.9080250130276185
0.7294413057124921,0.9080489710862204
0.7296505545093116,0.9080729166666667
0.729859803306131,0.9080968497787034
0.729859803306131,0.9078604893284747
0.7300690521029504,0.9078844652615145
0.7300690521029504,0.9076482830385015
0.7302783008997699,0.9076723016905072
0.7304875496965892,0.9076963078523141
0.7306967984934086,0.9077203015336626
0.7309060472902281,0.9077442827442828
0.7309060472902281,0.9075084437516238
0.7309060472902281,0.9072727272727272
0.7311152960870475,0.9072968060244092
0.7313245448838669,0.9073208722741433
0.7313245448838669,0.9070853880093434
0.7313245448838669,0.906850025947068
0.7315337936806864,0.9068741893644617
0.7317430424775058,0.9068983402489627
0.7319522912743252,0.9069224786103189
0.7319522912743252,0.9066874027993779
0.7321615400711446,0.9067115833117388
0.732370788867964,0.9067357512953368
0.7325800376647834,0.9067599067599068
0.7325800376647834,0.9065251165199378
0.7325800376647834,0.9062904478384675
0.7327892864616028,0.9063146997929606
0.7327892864616028,0.9060802069857697
0.7329985352584223,0.9061045007759959
0.7329985352584223,0.9058701836048616
0.7332077840552417,0.905894519131334
0.7332077840552417,0.9056603773584906
0.7334170328520611,0.9056847545219638
0.7336262816488806,0.9057091190906742
0.7338355304456999,0.9057334710743802
0.7338355304456999,0.9054996127033308
0.7340447792425193,0.9055240061951472
0.7342540280393388,0.9055483870967742
0.7344632768361582,0.9055727554179567
0.7344632768361582,0.905339179778179
0.7346725256329776,0.905363589479113
0.7346725256329776,0.9051301881928332
0.7346725256329776,0.9048969072164949
0.7346725256329776,0.9046637464570987
0.7348817744297971,0.904688304997424
0.7350910232266165,0.9047128508884883
0.7350910232266165,0.9044799176107106
0.7353002720234358,0.9045045045045045
0.7355095208202553,0.90452907874421
0.7355095208202553,0.9042963725237972
0.7357187696170747,0.904320987654321
0.7359280184138941,0.9043455901259964
0.7361372672107135,0.9043701799485862
0.7361372672107135,0.9041377537907993
0.7361372672107135,0.9039054470709147
0.7361372672107135,0.9036732596968918
0.7361372672107135,0.9034411915767848
0.736346516007533,0.9034659820282414
0.736346516007533,0.9032340862422998
0.7365557648043524,0.90325891711573
0.7367650136011717,0.9032837352488455
0.7367650136011717,0.9030520646319569
0.7369742623979912,0.9030769230769231
0.7371835111948106,0.9031017687772366
0.73739275999163,0.9031266017426961
0.73739275999163,0.902895208813733
0.73739275999163,0.9026639344262295
0.7376020087884495,0.9026888604353394
0.7378112575852689,0.9027137736815156
0.7380205063820883,0.9027386741745584
0.7382297551789078,0.9027635619242579
0.7384390039757271,0.902788436940394
0.7386482527725465,0.9028132992327366
0.7386482527725465,0.9025824597289696
0.738857501569366,0.9026073619631901
0.738857501569366,0.9023766930743675
0.7390667503661854,0.9024016351558508
0.7392759991630048,0.90242656449553
0.7394852479598242,0.9024514811031665
0.7396944967566437,0.9024763849885116
0.7396944967566437,0.902246043899949
0.739903745553463,0.9022709874968105
0.7401129943502824,0.9022959183673469
0.7403222431471019,0.9023208365212956
0.7405314919439213,0.9023457419683835
0.7407407407407407,0.9023706347183278
0.7409499895375602,0.9023955147808359
0.7409499895375602,0.9021656050955414
0.7411592383343796,0.9021905247070809
0.741368487131199,0.9022154316271963
0.7415777359280185,0.9022403258655805
0.7415777359280185,0.9020106897429372
0.7417869847248378,0.9020356234096693
0.7419962335216572,0.9020605443907402
0.7419962335216572,0.9018311291963378
0.7422054823184767,0.9018560894991101
0.7422054823184767,0.9016268429079817
0.7424147311152961,0.9016518424396442
0.7426239799121155,0.9016768292682927
0.742833228708935,0.9017018034036068
0.742833228708935,0.9014728288471305
0.742833228708935,0.9012439705509012
0.742833228708935,0.9010152284263959
0.742833228708935,0.9007866023851814
0.742833228708935,0.9005580923389143
0.742833228708935,0.9003296981993406
0.7430424775057544,0.9003549695740365
0.7432517263025737,0.9003802281368821
0.7434609750993931,0.9004054738976178
0.7434609750993931,0.9001773498859894
0.7434609750993931,0.8999493414387031
0.7436702238962126,0.8999746771334515
0.7436702238962126,0.899746835443038
0.743879472693032,0.8997722095671982
0.7440887214898514,0.8997975708502024
0.7442979702866709,0.8998229193017961
0.7442979702866709,0.8995953464845726
0.7445072190834903,0.8996207332490518
0.7445072190834903,0.8993933265925177
0.7445072190834903,0.8991660348749052
0.7447164678803097,0.8991915108640728
0.7449257166771291,0.8992169739833291
0.7449257166771291,0.898989898989899
0.7451349654739485,0.8990154001514769
0.7451349654739485,0.8987884906612822
0.7453442142707679,0.8988140297754227
0.7453442142707679,0.8985872855701312
0.7455534630675874,0.8986128625472888
0.7455534630675874,0.8983862834089763
0.7457627118644068,0.8984118981598185
0.7457627118644068,0.8981854838709677
0.7457627118644068,0.8979591836734694
0.7459719606612262,0.8979848866498741
0.7459719606612262,0.8977587509443465
0.7461812094580457,0.8977844914400805
0.746390458254865,0.8978102189781022
0.7465997070516844,0.8978359335681932
0.7465997070516844,0.8976100628930818
0.7468089558485038,0.897635814889336
0.7468089558485038,0.8974101081216997
0.7468089558485038,0.8971845148315737
0.7468089558485038,0.8969590349334003
0.7470182046453233,0.8969849246231156
0.7470182046453233,0.8967596081386586
0.7470182046453233,0.8965344048216977
0.7472274534421427,0.896560381621893
0.7472274534421427,0.8963353413654619
0.7472274534421427,0.8961104140526976
0.7472274534421427,0.895885599598595
0.7474367022389621,0.8959117130674693
0.7474367022389621,0.8956870611835507
0.7474367022389621,0.8954625219353222
0.7476459510357816,0.8954887218045112
0.747855199832601,0.8955149085442246
0.7480644486294203,0.8955410821643287
0.7480644486294203,0.8953168044077136
0.7482736974262398,0.8953430145217827
0.7482736974262398,0.8951188986232791
0.7484829462230592,0.8951451451451451
0.7486921950198786,0.8951713785339004
0.7489014438166981,0.8951975987993998
0.7491106926135175,0.8952238059514879
0.7493199414103369,0.89525
0.7495291902071564,0.8952761809547614
0.7495291902071564,0.8950524737631185
0.7497384390039757,0.8950786909817636
0.7499476878007951,0.8951048951048951
0.7501569365976145,0.8951310861423221
0.750366185394434,0.8951572641038442
0.7505754341912534,0.8951834289992513
0.7507846829880728,0.8952095808383234
0.7509939317848923,0.8952357196308306
0.7509939317848923,0.8950124688279302
0.7512031805817116,0.8950386437297432
0.751412429378531,0.8950648055832503
0.7516216781753505,0.8950909543982059
0.7518309269721699,0.8951170901843548
0.7520401757689893,0.8951432129514322
0.7522494245658088,0.8951693227091634
0.7524586733626282,0.8951954194672641
0.7526679221594476,0.8952215032354405
0.7526679221594476,0.8949987559094302
0.752877170956267,0.8950248756218906
0.752877170956267,0.8948022879880627
0.7530864197530864,0.8948284435604177
0.7532956685499058,0.8948545861297539
0.7535049173467253,0.8948807157057654
0.7537141661435447,0.8949068322981366
0.7537141661435447,0.8946845504222554
0.7539234149403641,0.8947107027563943
0.7541326637371835,0.8947368421052632
0.754341912534003,0.8947629684785307
0.7545511613308223,0.894789081885856
0.7545511613308223,0.8945671049367403
0.7545511613308223,0.8943452380952381
0.7547604101276417,0.8943714356558393
0.7549696589244612,0.8943976202280615
0.7551789077212806,0.8944237918215613
0.7553881565181,0.8944499504459861
0.7553881565181,0.8942283874163983
0.7553881565181,0.8940069341258049
0.7555974053149195,0.8940331765288437
0.7555974053149195,0.8938118811881188
0.7558066541117389,0.8938381588715665
0.7560159029085582,0.8938644235526967
0.7562251517053777,0.8938906752411575
0.7564344005021971,0.8939169139465876
0.7566436492990165,0.8939431396786156
0.7566436492990165,0.893722194760257
0.756852898095836,0.8937484556461577
0.756852898095836,0.8935276679841897
0.756852898095836,0.8933069893800939
0.7570621468926554,0.8933333333333333
0.7572713956894748,0.8933596642804246
0.7574806444862942,0.8933859822309971
0.7574806444862942,0.8931655563779917
0.7576898932831136,0.8931919092254563
0.757899142079933,0.8932182490752157
0.757899142079933,0.8929980276134122
0.7581083908767524,0.8930244022676855
0.7583176396735719,0.8930507639231149
0.7585268884703913,0.8930771125893077
0.7587361372672107,0.8931034482758621
0.7589453860640302,0.8931297709923665
0.7589453860640302,0.8929098966026587
0.7591546348608496,0.8929362539995077
0.7593638836576689,0.8929625984251969
0.7593638836576689,0.8927429274292743
0.7593638836576689,0.8925233644859814
0.7595731324544884,0.8925497910007376
0.7597823812513078,0.8925762045231072
0.7597823812513078,0.8923568444335217
0.7597823812513078,0.8921375921375921
0.7599916300481272,0.8921640874478015
0.7599916300481272,0.8919449901768173
0.7599916300481272,0.8917260004910386
0.7599916300481272,0.8915071183112421
0.7599916300481272,0.8912883435582822
0.7602008788449467,0.891315014720314
0.7604101276417661,0.8913416727986264
0.7606193764385855,0.8913683178028445
0.7606193764385855,0.891149791615592
0.7606193764385855,0.8909313725490197
0.7608286252354048,0.8909580985052683
0.7610378740322243,0.8909848113669769
0.7612471228290437,0.8910115111437669
0.7614563716258631,0.8910381978452497
0.7616656204226826,0.8910648714810282
0.7616656204226826,0.8908467939304944
0.7616656204226826,0.8906288230976266
0.761874869219502,0.8906555772994129
0.761874869219502,0.8904377598434825
0.7620841180163214,0.8904645476772616
0.7620841180163214,0.8902468834025911
0.7620841180163214,0.8900293255131965
0.7620841180163214,0.8898118739311018
0.7622933668131409,0.8898387884709331
0.7625026156099602,0.8898656898656898
0.7627118644067796,0.889892578125
0.7627118644067796,0.8896753722235782
0.7629211132035991,0.8897022938018546
0.7629211132035991,0.8894852403025129
0.7631303620004185,0.8895121951219512
0.7631303620004185,0.889295293830773
0.7633396107972379,0.8893222818137494
0.7635488595940574,0.8893492566414818
0.7637581083908768,0.8893762183235867
0.7639673571876961,0.8894031668696711
0.7641766059845156,0.8894301022893327
0.764385854781335,0.8894570245921597
0.7645951035781544,0.8894839337877313
0.7648043523749738,0.8895108298856169
0.7650136011717933,0.8895377128953771
0.7650136011717933,0.8893213330090003
0.7652228499686127,0.8893482490272373
0.7654320987654321,0.8893751519572088
0.7656413475622516,0.8894020418084589
0.7658505963590709,0.8894289185905225
0.7660598451558903,0.8894557823129252
0.7662690939527098,0.8894826329851834
0.7662690939527098,0.8892666342884895
0.7662690939527098,0.8890507404709881
0.7664783427495292,0.8890776699029126
0.7664783427495292,0.8888619267168163
0.7666875915463486,0.8888888888888888
0.7666875915463486,0.8886732961435848
0.7666875915463486,0.8884578079534433
0.7666875915463486,0.8882424242424243
0.7668968403431681,0.888269510421716
0.7671060891399875,0.888296583474679
0.7673153379368068,0.8883236434108527
0.7675245867336263,0.8883506902397675
0.7675245867336263,0.888135593220339
0.7677338355304457,0.888162672476398
0.7677338355304457,0.8879477250726041
0.7677338355304457,0.8877328816840068
0.7677338355304457,0.8875181422351234
0.7679430843272651,0.8875453446191052
0.7679430843272651,0.8873307543520309
0.7679430843272651,0.8871162678269278
0.7681523331240845,0.8871435476075399
0.768361581920904,0.88717081420633
0.7685708307177234,0.8871980676328503
0.7687800795145427,0.8872253078966433
0.7687800795145427,0.8870111057460164
0.7687800795145427,0.8867970069997586
0.7687800795145427,0.8865830115830116
0.7689893283113622,0.8866103739445115
0.7689893283113622,0.886396526772793
0.7689893283113622,0.8861827827345069
0.7689893283113622,0.8859691417550627
0.7691985771081816,0.885996625692938
0.7691985771081816,0.8857831325301205
0.7691985771081816,0.8855697422307878
0.7691985771081816,0.8853564547206165
0.7691985771081816,0.8851432699253552
0.7691985771081816,0.8849301877708233
0.7691985771081816,0.8847172081829121
0.769407825905001,0.884744947064485
0.769407825905001,0.8845321145056532
0.7696170747018205,0.8845598845598845
0.7696170747018205,0.8843471988458764
0.7698263234986399,0.884375
0.7698263234986399,0.8841624609468878
0.7700355722954593,0.8841902931283037
0.7700355722954593,0.8839779005524862
0.7700355722954593,0.8837656099903939
0.7702448210922788,0.8837935174069628
0.7702448210922788,0.8835813730196832
0.7702448210922788,0.8833693304535637
0.7704540698890981,0.8833973128598849
0.7704540698890981,0.8831854161669465
0.7706633186859175,0.8832134292565947
0.770872567482737,0.8832414289139295
0.7710818162795564,0.8832694151486098
0.7710818162795564,0.8830577522166307
0.7712910650763758,0.8830857690464782
0.7715003138731952,0.8831137724550898
0.7717095626700147,0.8831417624521073
0.771918811466834,0.883169739047163
0.7721280602636534,0.8831977022498804
0.7721280602636534,0.882986360373295
0.7721280602636534,0.8827751196172249
0.7723373090604729,0.8828031571394404
0.7723373090604729,0.8825920612147298
0.7725465578572923,0.8826201290939517
0.7727558066541117,0.8826481835564054
0.7727558066541117,0.8824372759856631
0.7729650554509312,0.8824653607262303
0.7731743042477506,0.8824934320515883
0.77338355304457,0.8825214899713467
0.7735928018413895,0.8825495344951062
0.7738020506382088,0.8825775656324583
0.7738020506382088,0.8823669768551659
0.7738020506382088,0.8821564885496184
0.7740112994350282,0.8821845933699022
0.7742205482318477,0.8822126847877921
0.7744297970286671,0.8822407628128724
0.7746390458254865,0.8822688274547188
0.7746390458254865,0.8820586132952108
0.7748482946223059,0.8820867079561696
0.7748482946223059,0.881876637294594
0.7748482946223059,0.8816666666666667
0.7750575434191254,0.8816948345631992
0.7752667922159447,0.881722989052832
0.7754760410127641,0.8817511301451344
0.7756852898095836,0.8817792578496669
0.775894538606403,0.8818073721759809
0.7761037874032224,0.8818354731336187
0.7761037874032224,0.8816258616591395
0.7761037874032224,0.8814163498098859
0.7761037874032224,0.8812069375148491
0.7763130362000419,0.8812351543942993
0.7763130362000419,0.8810258845879838
0.7763130362000419,0.8808167141500475
0.7763130362000419,0.8806076430097318
0.7765222849968613,0.8806359753203608
0.7765222849968613,0.8804270462633452
0.7765222849968613,0.8802182163187856
0.7765222849968613,0.8800094854161726
0.7767315337936807,0.8800379326695116
0.7767315337936807,0.8798293434463142
0.7769407825905001,0.8798578199052133
0.7771500313873195,0.8798862828713575
0.7773592801841389,0.8799147323543345
0.7775685289809584,0.8799431683637224
0.7777777777777778,0.8799715909090909
0.7779870265745972,0.88
0.7779870265745972,0.8797917652626597
0.7779870265745972,0.8795836290513367
0.7779870265745972,0.8793755912961211
0.7781962753714167,0.87940411444786
0.7781962753714167,0.8791962174940898
0.7781962753714167,0.8789884188135193
0.778405524168236,0.8790170132325141
0.7786147729650554,0.8790455941412709
0.7786147729650554,0.8788379782711384
0.7786147729650554,0.8786304604486422
0.7786147729650554,0.8784230406043437
0.7786147729650554,0.8782157186688695
0.7786147729650554,0.8780084945729117
0.7786147729650554,0.8778013682472281
0.7786147729650554,0.8775943396226416
0.7786147729650554,0.87738740863004
0.7788240217618748,0.8774163130598774
0.7790332705586943,0.8774452038651898
0.7792425193555137,0.8774740810556079
0.7792425193555137,0.8772673733804476
0.7794517681523331,0.877296278850683
0.7794517681523331,0.8770897103838003
0.7794517681523331,0.8768832391713748
0.7796610169491526,0.8769122146387385
0.779870265745972,0.8769411764705882
0.7800795145427913,0.8769701246765467
0.7800795145427913,0.8767638758231421
0.7802887633396108,0.876792852104397
0.7802887633396108,0.8765867418899859
0.7802887633396108,0.8763807285546416
0.7804980121364302,0.8764097744360902
0.7804980121364302,0.8762038994597134
0.7804980121364302,0.8759981211836543
0.7804980121364302,0.8757924395397981
0.7804980121364302,0.8755868544600939
0.7807072609332496,0.8756160525698193
0.7809165097300691,0.8756452369779446
0.7811257585268885,0.8756744076941121
0.7811257585268885,0.8754690431519699
0.7811257585268885,0.8752637749120751
0.7811257585268885,0.8750586029067041
0.7813350073237079,0.8750878837590813
0.7813350073237079,0.8748828491096532
0.7813350073237079,0.8746779105176856
0.7815442561205274,0.8747072599531616
0.7815442561205274,0.8745024584406462
0.7815442561205274,0.8742977528089888
0.7815442561205274,0.8740931429908729
0.7815442561205274,0.8738886289190454
0.7817535049173467,0.8739181286549708
0.7817535049173467,0.8737137511693172
0.7817535049173467,0.8735094692541501
0.7819627537141661,0.8735390369331464
0.7821720025109855,0.8735685907922411
0.782381251307805,0.8735981308411215
0.7825905001046244,0.8736276570894651
0.7827997489014438,0.8736571695469407
0.7827997489014438,0.873453187018445
0.7827997489014438,0.873249299719888
0.7827997489014438,0.8730455075845974
0.7830089976982633,0.8730751283247783
0.7832182464950826,0.8731047352460929
0.7832182464950826,0.8729011194029851
0.7832182464950826,0.8726975985078107
0.7832182464950826,0.8724941724941725
0.783427495291902,0.8725238872057796
0.783427495291902,0.8723205964585274
0.7836367440887215,0.8723503377591428
0.7838459928855409,0.872380065207266
0.7838459928855409,0.8721769499417927
0.7840552416823603,0.8722067039106145
0.7842644904791798,0.8722364440307191
0.7842644904791798,0.8720335039553281
0.7844737392759992,0.8720632705280298
0.7844737392759992,0.871860465116279
0.7846829880728186,0.8718902580795164
0.7846829880728186,0.8716875871687587
0.7846829880728186,0.8714850104578201
0.7846829880728186,0.8712825278810409
0.7846829880728186,0.8710801393728222
0.7846829880728186,0.8708778448676265
0.784892236869638,0.8709078244717902
0.7851014856664574,0.8709377901578459
0.7851014856664574,0.870735669528893
0.7853107344632768,0.8707656612529002
0.7853107344632768,0.8705636743215032
0.7853107344632768,0.8703617810760668
0.7855199832600962,0.8703918386274055
0.7857292320569157,0.8704218822438572
0.7857292320569157,0.8702201622247973
0.7857292320569157,0.8700185356811863
0.7859384808537351,0.8700486448922863
0.7861477296505545,0.8700787401574803
0.7861477296505545,0.869877286408891
0.7861477296505545,0.8696759259259259
0.786356978447374,0.8697060865540385
0.786356978447374,0.8695048588616381
0.786356978447374,0.8693037242655564
0.786356978447374,0.8691026827012026
0.7865662272441933,0.8691329479768786
0.7865662272441933,0.8689320388349514
0.7865662272441933,0.8687312225560434
0.7867754760410127,0.8687615526802218
0.7867754760410127,0.8685608685608686
0.7869847248378322,0.8685912240184758
0.7869847248378322,0.868390671900254
0.7871939736346516,0.868421052631579
0.7871939736346516,0.8682206323563351
0.7871939736346516,0.868020304568528
0.7871939736346516,0.8678200692041522
0.787403222431471,0.8678505535055351
0.787403222431471,0.8676504496195527
0.787403222431471,0.8674504379898571
0.787403222431471,0.8672505185526619
0.7876124712282905,0.8672811059907835
0.7876124712282905,0.86708131766874
0.7878217200251099,0.8671119299861815
0.7880309688219292,0.867142528206309
0.7882402176187487,0.8671731123388582
0.7884494664155681,0.8672036823935558
0.7886587152123875,0.8672342383801197
0.7886587152123875,0.867034736599954
0.7886587152123875,0.8668353265869365
0.7886587152123875,0.866636008277765
0.7886587152123875,0.8664367816091954
0.7886587152123875,0.8662376465180418
0.788867964009207,0.8662683823529411
0.7890772128060264,0.8662991040661613
0.7890772128060264,0.8661001378043178
0.7890772128060264,0.8659012629161883
0.7892864616028458,0.8659320477502296
0.7894957103996652,0.865962818453064
0.7894957103996652,0.8657641119779715
0.7894957103996652,0.865565496673549
0.7897049591964846,0.8655963302752293
0.7897049591964846,0.8653978445310708
0.7897049591964846,0.8651994497936726
0.7897049591964846,0.8650011460004584
0.7897049591964846,0.8648029330889092
0.7897049591964846,0.8646048109965636
0.789914207993304,0.8646358222629409
0.7901234567901234,0.8646668193267689
0.7901234567901234,0.8644688644688645
0.7901234567901234,0.8642710002288854
0.7901234567901234,0.8640732265446224
0.7901234567901234,0.8638755433539236
0.7901234567901234,0.8636779505946935
0.7901234567901234,0.8634804482048937
0.7903327055869429,0.8635116598079561
0.7905419543837623,0.8635428571428572
0.7905419543837623,0.863345521023766
0.7905419543837623,0.8631482750742517
0.7905419543837623,0.8629511192325263
0.7905419543837623,0.8627540534368577
0.7905419543837623,0.8625570776255708
0.7905419543837623,0.8623601917370464
0.7907512031805817,0.8623916020082154
0.7909604519774012,0.8624229979466119
0.7909604519774012,0.8622262773722628
0.7909604519774012,0.8620296465222349
0.7909604519774012,0.8618331053351573
0.7911697007742206,0.8618645999544108
0.7911697007742206,0.8616681859617138
0.7911697007742206,0.8614718614718615
0.7913789495710399,0.861503416856492
0.7915881983678594,0.8615349578683671
0.7917974471646788,0.8615664845173042
0.7917974471646788,0.8613703619394492
0.7917974471646788,0.8611743286299499
0.7917974471646788,0.8609783845278726
0.7920066959614982,0.8610100090991811
0.7920066959614982,0.8608141914942006
0.7922159447583177,0.8608458390177354
0.7924251935551371,0.860877472152762
0.7924251935551371,0.8606818181818182
0.7924251935551371,0.86048625312429
0.7926344423519565,0.8605179463880055
0.7928436911487758,0.8605496252555076
0.7928436911487758,0.8603542234332425
0.7930529399455953,0.8603859250851306
0.7930529399455953,0.8601906491148434
0.7932621887424147,0.8602223734967098
0.7932621887424147,0.86002722323049
0.7932621887424147,0.8598321614878657
0.7932621887424147,0.8596371882086168
0.7934714375392341,0.8596690092949445
0.7934714375392341,0.8594741613780599
0.7934714375392341,0.8592794017675051
0.7934714375392341,0.8590847304032624
0.7936806863360536,0.8591166477916194
0.793889935132873,0.8591485507246377
0.7940991839296924,0.8591804392121349
0.7943084327265119,0.8592123132639203
0.7943084327265119,0.8590178773478162
0.7945176815233312,0.859049773755656
0.7947269303201506,0.8590816557339969
0.7949361791169701,0.8591135232926278
0.7949361791169701,0.8589192855527922
0.7951454279137895,0.8589511754068716
0.7953546767106089,0.8589830508474576
0.7955639255074284,0.8590149118843199
0.7957731743042478,0.8590467585272193
0.7959824231010671,0.8590785907859079
0.7961916718978865,0.8591104086701287
0.796400920694706,0.8591422121896163
0.7966101694915254,0.8591740013540962
0.7968194182883448,0.8592057761732852
0.7968194182883448,0.8590119557861493
0.7970286670851643,0.8590437528191249
0.7970286670851643,0.8588500563697858
0.7972379158819837,0.8588818755635708
0.797447164678803,0.8589136804146946
0.7976564134756225,0.8589454709328527
0.7976564134756225,0.8587519711646767
0.7976564134756225,0.8585585585585586
0.7976564134756225,0.8583652330556181
0.7978656622724419,0.8583971184151283
0.7978656622724419,0.8582039162727887
0.7980749110692613,0.8582358235823583
0.7982841598660808,0.8582677165354331
0.7984934086629002,0.8582995951417004
0.7984934086629002,0.8581065887114909
0.7984934086629002,0.8579136690647482
0.7987026574597196,0.8579456057541021
0.7989119062565391,0.8579775280898876
0.7991211550533585,0.8580094360817794
0.7991211550533585,0.8578167115902965
0.7991211550533585,0.8576240736582079
0.7991211550533585,0.8574315222272115
0.7991211550533585,0.8572390572390572
0.7991211550533585,0.8570466786355476
0.7991211550533585,0.8568543863585372
0.7991211550533585,0.8566621803499327
0.7991211550533585,0.8564700605516932
0.7993304038501778,0.8565022421524664
0.7993304038501778,0.8563102443398342
0.7993304038501778,0.8561183325862842
0.7995396526469973,0.856150571364553
0.7997489014438167,0.8561827956989247
0.7997489014438167,0.8559910414333707
0.7997489014438167,0.8557993730407524
0.7997489014438167,0.8556077904633983
0.7997489014438167,0.8554162936436884
0.7997489014438167,0.8552248825240546
0.7997489014438167,0.8550335570469799
0.7997489014438167,0.8548423171549989
0.7997489014438167,0.8546511627906976
0.7999581502406361,0.8546836575005589
0.8001673990374555,0.8547161376843988
0.8001673990374555,0.8545251396648045
0.800376647834275,0.8545576407506702
0.800376647834275,0.8543667634576726
0.800376647834275,0.8541759714158106
0.800376647834275,0.853985264567984
0.8005858966310944,0.8540178571428572
0.8007951454279137,0.8540504351707208
0.8007951454279137,0.8538598839803659
0.8007951454279137,0.8536694178005799
0.8007951454279137,0.8534790365744871
0.8007951454279137,0.853288740245262
0.8007951454279137,0.8530985287561302
0.8007951454279137,0.8529084020503678
0.8007951454279137,0.8527183600713012
0.8010043942247332,0.8527511695255068
0.8010043942247332,0.8525612472160357
0.8010043942247332,0.8523714094856379
0.8012136430215526,0.8524042742653607
0.801422891818372,0.8524371244157578
0.801422891818372,0.8522474410324877
0.801422891818372,0.8520578420467185
0.801422891818372,0.8518683274021353
0.8016321406151915,0.8519012675116745
0.8016321406151915,0.8517118719430858
0.8016321406151915,0.8515225605690153
0.8016321406151915,0.8513333333333334
0.8016321406151915,0.85114419017996
0.8016321406151915,0.8509551310528654
0.8018413894120109,0.8509882300688429
0.8018413894120109,0.8507992895204263
0.8018413894120109,0.8506104328523862
0.8018413894120109,0.8504216600088771
0.8020506382088303,0.8504548480142001
0.8020506382088303,0.8502661934338953
0.8022598870056498,0.8502994011976048
0.8022598870056498,0.8501108647450111
0.8024691358024691,0.8501440922190202
0.8026783845992885,0.850177304964539
0.8026783845992885,0.8499889208951916
0.802887633396108,0.8500221533008419
0.802887633396108,0.8498338870431894
0.802887633396108,0.8496457041629761
0.802887633396108,0.8494576046048262
0.8030968821929274,0.8494909251881363
0.8033061309897468,0.849524231024563
0.8035153797865662,0.8495575221238938
0.8035153797865662,0.8493696084936961
0.8035153797865662,0.8491817779743477
0.8037246285833857,0.8492151227061685
0.803933877380205,0.8492484526967286
0.803933877380205,0.849060773480663
0.803933877380205,0.8488731771984092
0.8041431261770244,0.8489065606361829
0.8043523749738439,0.848939929328622
0.8043523749738439,0.8487524839920513
0.8043523749738439,0.8485651214128035
0.8045616237706633,0.84859854336791
0.8045616237706633,0.8484112974404237
0.8047708725674827,0.8484447385837194
0.8047708725674827,0.8482576091751213
0.8047708725674827,0.8480705622932745
0.8047708725674827,0.8478835978835979
0.8047708725674827,0.8476967158915583
0.8049801213643022,0.8477302776553548
0.8049801213643022,0.8475435117867371
0.8049801213643022,0.8473568281938326
0.8049801213643022,0.8471702268222858
0.8049801213643022,0.8469837076177895
0.8049801213643022,0.8467972705260841
0.8049801213643022,0.8466109154929577
0.8049801213643022,0.8464246424642464
0.8049801213643022,0.8462384513858336
0.8049801213643022,0.8460523422036508
0.8051893701611216,0.8460861917326298
0.8051893701611216,0.8459001978456804
0.8051893701611216,0.8457142857142858
0.8051893701611216,0.8455284552845529
0.8051893701611216,0.8453427065026362
0.8051893701611216,0.8451570393147375
0.8051893701611216,0.8449714536671058
0.8051893701611216,0.8447859495060374
0.8051893701611216,0.8446005267778753
0.805398618957941,0.8446346280447663
0.805398618957941,0.8444493198771391
0.805398618957941,0.8442640930028515
0.8056078677547605,0.8442982456140351
0.8056078677547605,0.8441131330848498
0.8058171165515798,0.8441473038141166
0.8058171165515798,0.843962305500767
0.8058171165515798,0.8437773882559159
0.8060263653483992,0.8438116100766703
0.8062356141452187,0.8438458169075778
0.8062356141452187,0.8436610466389315
0.8062356141452187,0.843476357267951
0.8062356141452187,0.8432917487415189
0.8062356141452187,0.8431072210065645
0.8062356141452187,0.8429227740100634
0.8062356141452187,0.8427384076990376
0.8062356141452187,0.8425541220205555
0.8062356141452187,0.8423699169217316
0.8062356141452187,0.8421857923497268
0.8062356141452187,0.8420017482517482
0.8062356141452187,0.8418177845750492
0.8062356141452187,0.8416339012669288
0.8062356141452187,0.8414500982747325
0.8064448629420381,0.8414847161572052
0.8066541117388575,0.8415193189259987
0.8068633605356769,0.8415539065910083
0.8070726093324964,0.8415884791621209
0.8070726093324964,0.8414048865619547
0.8070726093324964,0.8412213740458016
0.8072818581293157,0.8412559965111208
0.8072818581293157,0.8410725964682799
0.8072818581293157,0.8408892763731474
0.8074911069261351,0.8409239485726738
0.8074911069261351,0.8407407407407408
0.8074911069261351,0.8405576127205402
0.8074911069261351,0.8403745644599303
0.8077003557229546,0.8404093185281951
0.8077003557229546,0.8402263822377013
0.8077003557229546,0.8400435255712732
0.8077003557229546,0.8398607484769365
0.8077003557229546,0.8396780509027627
0.807909604519774,0.8397129186602871
0.807909604519774,0.8395303326810176
0.807909604519774,0.8393478260869566
0.807909604519774,0.8391653988263421
0.807909604519774,0.8389830508474576
0.807909604519774,0.8388007820986313
0.807909604519774,0.8386185925282363
0.8081188533165934,0.8386536373507057
0.8081188533165934,0.8384715588363004
0.8081188533165934,0.8382895593661819
0.8081188533165934,0.8381076388888888
0.8081188533165934,0.837925797353005
0.8083281021134129,0.8379609544468547
0.8085373509102323,0.8379960962914769
0.8087465997070516,0.838031222896791
0.8089558485038711,0.8380663342727076
0.8089558485038711,0.8378846987429562
0.8091650973006905,0.837919826652221
0.8091650973006905,0.837738301559792
0.8091650973006905,0.8375568551007148
0.8091650973006905,0.8373754872239064
0.8091650973006905,0.8371941978783286
0.8091650973006905,0.837012987012987
0.8093743460975099,0.8370482579528241
0.8093743460975099,0.8368671570748594
0.8093743460975099,0.836686134544668
0.8093743460975099,0.8365051903114187
0.8093743460975099,0.8363243243243244
0.8093743460975099,0.8361435365326416
0.8093743460975099,0.835962826885671
0.8095835948943294,0.8359982713915298
0.8095835948943294,0.8358176712032837
0.8097928436911488,0.8358531317494601
0.8100020924879682,0.8358885769812135
0.8102113412847877,0.8359240069084629
0.8102113412847877,0.8357435786747248
0.8102113412847877,0.835563228312473
0.8102113412847877,0.8353829557713053
0.8102113412847877,0.8352027610008628
0.810420590081607,0.8352383006254044
0.8106298388784264,0.8352738249245364
0.8106298388784264,0.8350937702090968
0.8106298388784264,0.8349137931034483
0.8108390876752458,0.8349493643611291
0.8110483364720653,0.8349849202929772
0.8110483364720653,0.8348050829205256
0.8112575852688847,0.8348406546080964
0.8114668340657041,0.8348762109795479
0.8116760828625236,0.8349117520447696
0.8116760828625236,0.8347320852162685
0.8116760828625236,0.834552495697074
0.8116760828625236,0.8343729834372984
0.8116760828625236,0.8341935483870968
0.8116760828625236,0.8340141904966674
0.8116760828625236,0.8338349097162511
0.8116760828625236,0.8336557059961315
0.811885331659343,0.8336914482165879
0.8120945804561623,0.8337271750805585
0.8120945804561623,0.8335481099656358
0.8120945804561623,0.833369121752201
0.8120945804561623,0.8331902103907256
0.8123038292529818,0.8332260141661301
0.8125130780498012,0.8332618025751073
0.8127223268466206,0.8332975756275477
0.8127223268466206,0.8331188331188332
0.8129315756434401,0.8331546214883122
0.8129315756434401,0.8329759862778731
0.8129315756434401,0.8327974276527331
0.8129315756434401,0.8326189455636519
0.8129315756434401,0.8324405399614313
0.8131408244402595,0.8324764353041988
0.8131408244402595,0.8322981366459627
0.8133500732370789,0.8323340471092077
0.8135593220338984,0.8323699421965318
0.8135593220338984,0.8321917808219178
0.8135593220338984,0.8320136956986947
0.8137685708307177,0.8320496362858365
0.8139778196275371,0.8320855614973262
0.8139778196275371,0.8319076133447391
0.8141870684243565,0.8319435535599743
0.8141870684243565,0.8317657118426678
0.8141870684243565,0.8315879461423381
0.814396317221176,0.8316239316239317
0.814396317221176,0.8314462721640675
0.814396317221176,0.8312686885946177
0.8146055660179954,0.8313047191970959
0.8146055660179954,0.831127241673783
0.8148148148148148,0.8311632870864462
0.8148148148148148,0.8309859154929577
0.8150240636116343,0.8310219756774055
0.8152333124084536,0.8310580204778157
0.8152333124084536,0.8308807848155257
0.8152333124084536,0.8307036247334755
0.8152333124084536,0.8305265401833298
0.815442561205273,0.8305626598465473
0.815442561205273,0.8303856808011932
0.815442561205273,0.8302087771623349
0.815442561205273,0.8300319488817891
0.815442561205273,0.829855195911414
0.815442561205273,0.8296785182031083
0.815442561205273,0.8295019157088123
0.8156518100020925,0.8295381996169398
0.8158610587989119,0.8295744680851064
0.8158610587989119,0.8293980004254414
0.8158610587989119,0.8292216078264568
0.8158610587989119,0.8290452902402722
0.8160703075957313,0.8290816326530612
0.8160703075957313,0.8289054197662061
0.8160703075957313,0.8287292817679558
0.8160703075957313,0.82855321861058
0.8160703075957313,0.8283772302463891
0.8162795563925508,0.82841367593969
0.8162795563925508,0.8282377919320595
0.8162795563925508,0.828061982593929
0.8162795563925508,0.8278862478777589
0.8164888051893702,0.8279227668151921
0.8166980539861896,0.8279592702588036
0.8166980539861896,0.8277836691410393
0.816907302783009,0.8278201865988125
0.816907302783009,0.8276446894212424
0.816907302783009,0.8274692666384061
0.8171165515798284,0.8275058275058275
0.8171165515798284,0.8273305084745762
0.8171165515798284,0.8271552637153146
0.8171165515798284,0.8269800931808555
0.8171165515798284,0.8268049968240525
0.8171165515798284,0.8266299745977985
0.8173258003766478,0.8266666666666667
0.8175350491734672,0.8267033432077867
0.8177442979702867,0.8267400042310133
0.8179535467671061,0.8267766497461929
0.8181627955639255,0.8268132797631634
0.8181627955639255,0.8266384778012685
0.8181627955639255,0.8264637497357853
0.818372044360745,0.8265004226542688
0.8185812931575643,0.8265370800760617
0.8185812931575643,0.826362484157161
0.8185812931575643,0.8261879619852165
0.8185812931575643,0.8260135135135135
0.8187905419543837,0.8260502427696854
0.8187905419543837,0.8258758970029548
0.8187905419543837,0.8257016248153619
0.8187905419543837,0.8255274261603376
0.8187905419543837,0.8253533009913521
0.8187905419543837,0.8251792492619148
0.8187905419543837,0.8250052709255745
0.8187905419543837,0.8248313659359191
0.8187905419543837,0.8246575342465754
0.8187905419543837,0.8244837758112095
0.8187905419543837,0.8243100905835264
0.8187905419543837,0.8241364785172705
0.8187905419543837,0.8239629395662245
0.8189997907512032,0.824
0.8192090395480226,0.8240370448326668
0.8192090395480226,0.8238636363636364
0.819418288344842,0.8239006942983379
0.819418288344842,0.8237273874631889
0.819418288344842,0.8235541535226077
0.819418288344842,0.8233809924306139
0.819418288344842,0.8232079041412655
0.819418288344842,0.8230348886086591
0.819418288344842,0.8228619457869301
0.819418288344842,0.8226890756302521
0.8196275371416615,0.8227263180004201
0.8196275371416615,0.8225535489290214
0.8196275371416615,0.8223808524039471
0.8196275371416615,0.822208228379513
0.8196275371416615,0.8220356768100735
0.8196275371416615,0.821863197650021
0.8196275371416615,0.8216907908537865
0.8196275371416615,0.821518456375839
0.8198367859384809,0.8215558817362131
0.8198367859384809,0.8213836477987422
0.8198367859384809,0.8212114860616223
0.8198367859384809,0.8210393964794636
0.8198367859384809,0.8208673790069139
0.8200460347353002,0.8209049015500628
0.8200460347353002,0.8207329842931937
0.8202552835321197,0.8207705192629816
0.8202552835321197,0.8205987021142976
0.8202552835321197,0.8204269568857262
0.8204645323289391,0.8204645323289391
0.8204645323289391,0.8202928870292887
0.8204645323289391,0.8201213135327338
0.8204645323289391,0.8199498117942283
0.8206737811257585,0.8199874555718168
0.8206737811257585,0.8198160535117057
0.8206737811257585,0.819644723092999
0.8206737811257585,0.8194734642707898
0.8206737811257585,0.8193022770002089
0.8206737811257585,0.8191311612364244
0.820883029922578,0.8191689287951556
0.820883029922578,0.8189979123173278
0.820883029922578,0.8188269672302233
0.820883029922578,0.8186560934891486
0.820883029922578,0.8184852910494471
0.8210922787193974,0.818523153942428
0.8210922787193974,0.8183524504692388
0.8210922787193974,0.8181818181818182
0.8213015275162168,0.818219720658745
0.8213015275162168,0.8180491871613172
0.8213015275162168,0.8178787247343197
0.8213015275162168,0.8177083333333334
0.8213015275162168,0.8175380129139762
0.8213015275162168,0.8173677634319034
0.8215107763130362,0.817405788049136
0.8217200251098556,0.81744379683597
0.821929273906675,0.8174817898022892
0.821929273906675,0.8173116937161881
0.8221385227034944,0.8173496983565633
0.8221385227034944,0.8171797004991681
0.8221385227034944,0.817009773341651
0.8221385227034944,0.8168399168399169
0.8221385227034944,0.8166701309499065
0.8223477715003139,0.816708229426434
0.8223477715003139,0.816538541450239
0.8223477715003139,0.8163689239717491
0.8223477715003139,0.8161993769470405
0.8223477715003139,0.8160299003322259
0.8223477715003139,0.8158604940834544
0.8223477715003139,0.8156911581569116
0.8225570202971333,0.8157294044407554
0.8225570202971333,0.8155601659751037
0.8225570202971333,0.8153909977183157
0.8227662690939527,0.8154292824554127
0.8227662690939527,0.8152602114866265
0.8227662690939527,0.8150912106135987
0.8229755178907722,0.8151295336787565
0.8229755178907722,0.8149606299212598
0.8229755178907722,0.814791796146675
0.8229755178907722,0.8146230323115161
0.8229755178907722,0.8144543383723338
0.8231847666875916,0.8144927536231884
0.8231847666875916,0.8143241564893396
0.8231847666875916,0.8141556291390728
0.8233940154844109,0.8141940823505069
0.8236032642812304,0.8142325196524617
0.8236032642812304,0.8140641158221303
0.8236032642812304,0.8138957816377171
0.8238125130780498,0.8139342567707256
0.8238125130780498,0.8137660190161223
0.8240217618748692,0.8138045050630296
0.8242310106716887,0.8138429752066115
0.8244402594685081,0.8138814294567238
0.8244402594685081,0.8137133415943825
0.8244402594685081,0.8135453231468098
0.8244402594685081,0.8133773740710157
0.8244402594685081,0.8132094943240454
0.8244402594685081,0.8130416838629798
0.8246495082653275,0.8130802558283474
0.8246495082653275,0.8129125412541254
0.8248587570621468,0.812951123943081
0.8248587570621468,0.8127835051546392
0.8248587570621468,0.8126159554730983
0.8248587570621468,0.8124484748557296
0.8248587570621468,0.8122810632598393
0.8248587570621468,0.8121137206427689
0.8248587570621468,0.811946446961895
0.8250680058589663,0.8119851729818781
0.8250680058589663,0.8118179946469014
0.8250680058589663,0.8116508851379168
0.8250680058589663,0.8114838444124305
0.8250680058589663,0.8113168724279836
0.8250680058589663,0.8111499691421519
0.8250680058589663,0.8109831345125462
0.8250680058589663,0.8108163684968127
0.8250680058589663,0.8106496710526315
0.8250680058589663,0.8104830421377184
0.8252772546557857,0.8105219893136046
0.8254865034526051,0.8105609204848983
0.8254865034526051,0.8103944124897289
0.8254865034526051,0.8102279728897104
0.8254865034526051,0.8100616016427105
0.8256957522494246,0.8101005953602957
0.8256957522494246,0.8099343185550082
0.8256957522494246,0.8097681099938436
0.825905001046244,0.8098071399261387
0.8261142498430634,0.8098461538461539
0.8263234986398829,0.8098851517637408
0.8263234986398829,0.8097190896042649
0.8263234986398829,0.8095530955309553
0.8265327474367022,0.8095921295347407
0.8267419962335216,0.8096311475409836
0.8267419962335216,0.8094652735095267
0.8269512450303411,0.8095043015157722
0.8269512450303411,0.8093385214007782
0.8269512450303411,0.8091728091728092
0.8269512450303411,0.809007164790174
0.8269512450303411,0.8088415882112158
0.8269512450303411,0.8086760793943114
0.8271604938271605,0.8087152209492635
0.8273697426239799,0.8087543464921252
0.8273697426239799,0.8085889570552147
0.8275789914207994,0.8086280924146392
0.8275789914207994,0.8084627964022895
0.8275789914207994,0.8082975679542204
0.8277882402176188,0.808336738863915
0.8277882402176188,0.8081716036772216
0.8277882402176188,0.8080065359477124
0.8277882402176188,0.8078415356340617
0.8277882402176188,0.8076766026949775
0.8277882402176188,0.8075117370892019
0.8277882402176188,0.8073469387755102
0.8277882402176188,0.8071822077127117
0.8277882402176188,0.8070175438596491
0.8277882402176188,0.8068529471751988
0.8277882402176188,0.8066884176182708
0.8277882402176188,0.8065239551478084
0.8279974890144381,0.8065633917651854
0.8279974890144381,0.8063990218055839
0.8279974890144381,0.8062347188264058
0.8279974890144381,0.8060704827867182
0.8279974890144381,0.8059063136456212
0.8279974890144381,0.805742211362248
0.8282067378112575,0.8057817589576547
0.828415986608077,0.8058212904538978
0.828415986608077,0.8056573056573056
0.8286252354048964,0.8056968463886063
0.8286252354048964,0.80553295362083
0.8286252354048964,0.8053691275167785
0.8288344842017158,0.8054087027246848
0.8290437329985353,0.8054482618418378
0.8292529817953547,0.8054878048780488
0.8292529817953547,0.8053241211135947
0.8292529817953547,0.8051605038602194
0.8292529817953547,0.8049969530773918
0.829462230592174,0.8050365556458164
0.829462230592174,0.8048730964467005
0.8296714793889935,0.8049127080795777
0.8296714793889935,0.8047493403693932
0.8296714793889935,0.804586038961039
0.8298807281858129,0.8046256847230676
0.8300899769826323,0.8046653144016227
0.8300899769826323,0.8045021293855201
0.8302992257794518,0.8045417680454177
0.8302992257794518,0.8043786742347456
0.8302992257794518,0.8042156465342521
0.8302992257794518,0.8040526849037487
0.8302992257794518,0.8038897893030794
0.8305084745762712,0.8039295118493012
0.8305084745762712,0.8037667071688943
0.8307177233730906,0.8038064385503139
0.8307177233730906,0.8036437246963563
0.8307177233730906,0.8034810767051204
0.8309269721699101,0.8035208417644678
0.8311362209667295,0.8035605907343718
0.8313454697635488,0.8036003236245954
0.8313454697635488,0.803437815975733
0.8313454697635488,0.803275374039628
0.8313454697635488,0.8031129977764302
0.8313454697635488,0.8029506871463218
0.8315547185603683,0.8029905031319459
0.8315547185603683,0.8028282828282828
0.8315547185603683,0.8026661280549384
0.8317639673571877,0.8027059773828756
0.8317639673571877,0.8025439127801333
0.8317639673571877,0.8023819136051675
0.8317639673571877,0.8022199798183652
0.8319732161540071,0.8022598870056498
0.8319732161540071,0.802098043171273
0.8319732161540071,0.8019362646228317
0.8319732161540071,0.8017745513208309
0.8319732161540071,0.8016129032258065
0.8319732161540071,0.801451320298327
0.8321824649508265,0.8014913341394599
0.8321824649508265,0.8013298408220835
0.8321824649508265,0.8011684125705076
0.8321824649508265,0.8010070493454179
0.8321824649508265,0.8008457511075312
0.8321824649508265,0.8006845178175961
0.8321824649508265,0.8005233494363929
0.832391713747646,0.8005634936606963
0.832391713747646,0.8004024144869215
0.832391713747646,0.8002414001207001
0.832391713747646,0.8000804505229284
0.832391713747646,0.7999195656545345
0.832391713747646,0.7997587454764777
0.832391713747646,0.7995979899497487
0.832391713747646,0.7994372990353698
0.832391713747646,0.7992766726943942
0.832391713747646,0.7991161108879068
0.832391713747646,0.7989556135770235
0.832391713747646,0.7987951807228916
0.832391713747646,0.7986348122866894
0.832391713747646,0.7984745082296266
0.832391713747646,0.798314268512944
0.832391713747646,0.7981540930979133
0.832391713747646,0.7979939819458375
0.832391713747646,0.7978339350180506
0.832391713747646,0.7976739522759174
0.8326009625444654,0.7977145148356054
0.8326009625444654,0.7975546201643616
0.8326009625444654,0.7973947895791583
0.8328102113412847,0.7974353836906432
0.8328102113412847,0.7972756410256411
0.8328102113412847,0.7971159623472862
0.8330194601381042,0.7971565879054866
0.8330194601381042,0.796996996996997
0.8330194601381042,0.7968374699759808
0.8330194601381042,0.7966780068040824
0.8330194601381042,0.7965186074429772
0.8330194601381042,0.7963592718543708
0.8330194601381042,0.7962
0.8332287089349236,0.7962407518496301
0.833437957731743,0.796281487405038
0.833437957731743,0.7961223266040376
0.833437957731743,0.7959632294164668
0.833437957731743,0.7958041958041958
0.8336472065285625,0.7958449860167799
0.8338564553253819,0.7958857599360895
0.8338564553253819,0.7957268370607029
0.8338564553253819,0.7955679776402476
0.8338564553253819,0.7954091816367266
0.8338564553253819,0.7952504490121732
0.8338564553253819,0.7950917797286512
0.8338564553253819,0.7949331737482546
0.8340657041222013,0.7949740725967291
0.8340657041222013,0.7948155533399801
0.8340657041222013,0.7946570972886763
0.8340657041222013,0.7944987044050229
0.8340657041222013,0.7943403746512555
0.8340657041222013,0.7941821079896394
0.8340657041222013,0.7940239043824702
0.8340657041222013,0.7938657637920733
0.8340657041222013,0.7937076861808045
0.8342749529190208,0.7937487557236711
0.8342749529190208,0.7935907643312102
0.8342749529190208,0.7934328358208955
0.8342749529190208,0.793274970155193
0.8342749529190208,0.7931171672965984
0.8342749529190208,0.7929594272076372
0.8344842017158401,0.7930005965400676
0.8346934505126595,0.7930417495029821
0.8346934505126595,0.7928841184655138
0.8346934505126595,0.7927265500794912
0.834902699309479,0.7927677329624478
0.8351119481062984,0.7928088994835121
0.8351119481062984,0.7926514399205561
0.8351119481062984,0.7924940428911835
0.8351119481062984,0.7923367083581497
0.8351119481062984,0.7921794362842398
0.8351119481062984,0.7920222266322683
0.8351119481062984,0.7918650793650793
0.8351119481062984,0.7917079944455465
0.8351119481062984,0.7915509718365727
0.8351119481062984,0.7913940115010906
0.8351119481062984,0.7912371134020618
0.8353211969031178,0.7912784935579782
0.8353211969031178,0.7911216805390409
0.8353211969031178,0.7909649296611848
0.8353211969031178,0.7908082408874801
0.8355304456999372,0.7908496732026143
0.8355304456999372,0.7906930693069307
0.8357396944967567,0.7907345080182142
0.835948943293576,0.7907759303246239
0.835948943293576,0.7906194339996042
0.835948943293576,0.7904629996042738
0.835948943293576,0.7903066271018794
0.835948943293576,0.7901503164556962
0.835948943293576,0.789994067629029
0.835948943293576,0.7898378805852115
0.835948943293576,0.7896817552876062
0.835948943293576,0.7895256916996047
0.8361581920903954,0.7895672791938352
0.8361581920903954,0.7894112998814697
0.8361581920903954,0.7892553821844757
0.8361581920903954,0.7890995260663507
0.8361581920903954,0.7889437314906219
0.8361581920903954,0.7887879984208448
0.8363674408872149,0.7888296822577462
0.8363674408872149,0.7886740331491713
0.8363674408872149,0.7885184454527521
0.8365766896840343,0.788560157790927
0.8365766896840343,0.7884046539144153
0.8367859384808537,0.7884463722397477
0.8369951872776732,0.7884880741178789
0.8369951872776732,0.7883326763894364
0.8369951872776732,0.7881773399014779
0.8369951872776732,0.7880220646178093
0.8369951872776732,0.7878668505022651
0.8369951872776732,0.7877116975187082
0.8369951872776732,0.7875566056310297
0.8372044360744926,0.7875984251968504
0.8372044360744926,0.7874434166502657
0.8372044360744926,0.787288469106651
0.837413684871312,0.7873303167420814
0.837413684871312,0.7871754523996853
0.837413684871312,0.7870206489675516
0.837413684871312,0.7868659064097523
0.837413684871312,0.7867112246903872
0.837413684871312,0.7865566037735849
0.837413684871312,0.7864020436235016
0.837413684871312,0.7862475442043222
0.837413684871312,0.7860931054802592
0.837413684871312,0.7859387274155538
0.837413684871312,0.7857844099744747
0.837413684871312,0.7856301531213192
0.837413684871312,0.7854759568204122
0.837413684871312,0.7853218210361067
0.837413684871312,0.785167745732784
0.8376229336681315,0.7852098862298941
0.8376229336681315,0.7850558933124142
0.8376229336681315,0.7849019607843137
0.8376229336681315,0.7847480886100765
0.8378321824649508,0.7847902783222266
0.8378321824649508,0.7846364883401921
0.8378321824649508,0.7844827586206896
0.8378321824649508,0.7843290891283056
0.8378321824649508,0.7841754798276538
0.8378321824649508,0.7840219306833758
0.8380414312617702,0.7840642129992169
0.8380414312617702,0.7839107457428068
0.8382506800585897,0.7839530332681017
0.8382506800585897,0.7837996478184308
0.8384599288554091,0.7838419405320813
0.8384599288554091,0.7836886368081362
0.8384599288554091,0.7835353930387172
0.8384599288554091,0.7833822091886607
0.8384599288554091,0.7832290852228303
0.8384599288554091,0.7830760211061168
0.8384599288554091,0.7829230168034389
0.8384599288554091,0.7827700722797422
0.8384599288554091,0.7826171875
0.8384599288554091,0.782464362429213
0.8384599288554091,0.7823115970324093
0.8384599288554091,0.7821588912746438
0.8384599288554091,0.7820062451209993
0.8384599288554091,0.7818536585365854
0.8384599288554091,0.7817011314865392
0.8384599288554091,0.781548663936025
0.8384599288554091,0.781396255850234
0.8384599288554091,0.7812439071943849
0.8384599288554091,0.7810916179337232
0.8384599288554091,0.7809393880335217
0.8384599288554091,0.7807872174590803
0.8384599288554091,0.7806351061757257
0.8384599288554091,0.7804830541488118
0.8386691776522285,0.7805258033106134
0.8386691776522285,0.780373831775701
0.8388784264490479,0.7804165855557719
0.8388784264490479,0.7802646944336318
0.8388784264490479,0.7801128624245962
0.8388784264490479,0.7799610894941634
0.8390876752458674,0.7800038902937172
0.8390876752458674,0.779852197588487
0.8390876752458674,0.7797005638732257
0.8390876752458674,0.7795489891135303
0.8392969240426867,0.7795918367346939
0.8392969240426867,0.7794403420132141
0.8395061728395061,0.7794831940936467
0.8397154216363256,0.7795260295260296
0.8397154216363256,0.7793746358516217
0.8397154216363256,0.7792233009708738
0.8397154216363256,0.7790720248495437
0.8397154216363256,0.7789208074534162
0.839924670433145,0.7789637104599263
0.839924670433145,0.7788125727590222
0.839924670433145,0.7786614936954414
0.839924670433145,0.778510473235066
0.839924670433145,0.7783595113438045
0.839924670433145,0.7782086079875921
0.839924670433145,0.77805776313239
0.839924670433145,0.7779069767441861
0.839924670433145,0.7777562487889944
0.839924670433145,0.7776055792328554
0.839924670433145,0.7774549680418361
0.839924670433145,0.7773044151820294
0.8401339192299644,0.7773475314617618
0.8401339192299644,0.7771970576848626
0.8401339192299644,0.7770466421521193
0.8403431680267839,0.7770897832817337
0.8405524168236033,0.7771329077190946
0.8407616656204226,0.7771760154738878
0.8407616656204226,0.777025720363566
0.8409709144172421,0.7770688321732405
0.8409709144172421,0.7769186158901991
0.8409709144172421,0.7767684576729803
0.8409709144172421,0.7766183574879227
0.8411801632140615,0.776661514683153
0.8411801632140615,0.7765114931427468
0.8411801632140615,0.776361529548088
0.8411801632140615,0.7762116238656112
0.8411801632140615,0.7760617760617761
0.8411801632140615,0.7759119861030689
0.8411801632140615,0.7757622539560015
0.8411801632140615,0.7756125795871117
0.8413894120108809,0.7756558641975309
0.8413894120108809,0.7755062680810029
0.8413894120108809,0.7753567296567683
0.8413894120108809,0.7752072488914594
0.8413894120108809,0.7750578257517348
0.8413894120108809,0.7749084602042783
0.8413894120108809,0.7747591522157996
0.8415986608077004,0.7748025428626469
0.8415986608077004,0.774653312788906
0.8415986608077004,0.7745041401887156
0.8415986608077004,0.7743550250288794
0.8415986608077004,0.7742059672762271
0.8415986608077004,0.7740569668976135
0.8415986608077004,0.7739080238599192
0.8415986608077004,0.77375913813005
0.8418079096045198,0.773802654356607
0.8420171584013392,0.7738461538461539
0.8420171584013392,0.7736973658911748
0.8420171584013392,0.7735486351403307
0.8420171584013392,0.7733999615606381
0.8422264071981586,0.7734435049961568
0.8422264071981586,0.7732949087415946
0.8422264071981586,0.773146369573569
0.842435655994978,0.7731899366237757
0.842435655994978,0.7730414746543779
0.842435655994978,0.77289306968708
0.842435655994978,0.7727447216890595
0.8426449047917974,0.7727883323738246
0.8426449047917974,0.7726400613967767
0.8426449047917974,0.7724918473048149
0.8426449047917974,0.7723436900652091
0.8426449047917974,0.772195589645254
0.8426449047917974,0.77204754601227
0.8426449047917974,0.7718995591336016
0.8426449047917974,0.7717516289766194
0.8426449047917974,0.7716037555087182
0.8426449047917974,0.771455938697318
0.8426449047917974,0.771308178509864
0.8426449047917974,0.7711604749138261
0.8426449047917974,0.7710128278766992
0.8426449047917974,0.7708652373660031
0.8428541535886168,0.7709090909090909
0.8428541535886168,0.770761576731726
0.8428541535886168,0.7706141189975129
0.8430634023854363,0.7706579954093343
0.8430634023854363,0.7705106138841079
0.8430634023854363,0.7703632887189292
0.8430634023854363,0.7702160198814758
0.8430634023854363,0.7700688073394495
0.8430634023854363,0.7699216510605771
0.8432726511822557,0.7699656094764998
0.8432726511822557,0.76981852913085
0.8432726511822557,0.7696715049656226
0.8432726511822557,0.7695245369486348
0.8432726511822557,0.7693776250477281
0.8432726511822557,0.7692307692307693
0.8434818999790751,0.7692748091603053
0.8434818999790751,0.7691280290020989
0.8434818999790751,0.7689813048454788
0.8434818999790751,0.7688346366584017
0.8434818999790751,0.7686880244088482
0.8434818999790751,0.7685414680648236
0.8434818999790751,0.7683949675943577
0.8434818999790751,0.768248522965504
0.8436911487758946,0.7682926829268293
0.843900397572714,0.7683368260621071
0.843900397572714,0.7681904761904762
0.8441096463695333,0.7682346219767663
0.8441096463695333,0.7680883472962681
0.8441096463695333,0.7679421283076338
0.8441096463695333,0.7677959649790635
0.8443188951663528,0.7678401522359658
0.8443188951663528,0.7676940639269406
0.8445281439631722,0.7677382537568955
0.8445281439631722,0.7675922403955877
0.8445281439631722,0.767446282563225
0.8445281439631722,0.7673003802281368
0.8445281439631722,0.767154533358677
0.8445281439631722,0.7670087419232231
0.8445281439631722,0.7668630058901768
0.8445281439631722,0.7667173252279635
0.8445281439631722,0.7665716999050333
0.8445281439631722,0.7664261298898595
0.8445281439631722,0.7662806151509398
0.8445281439631722,0.7661351556567958
0.8445281439631722,0.7659897513759727
0.8445281439631722,0.7658444022770399
0.8445281439631722,0.7656991083285904
0.8445281439631722,0.7655538694992413
0.8445281439631722,0.7654086857576332
0.8445281439631722,0.7652635570724308
0.8445281439631722,0.7651184834123222
0.8445281439631722,0.7649734647460197
0.8445281439631722,0.7648285010422589
0.8445281439631722,0.7646835922697992
0.8447373927599916,0.7647281682136768
0.8447373927599916,0.7645833333333333
0.8447373927599916,0.7644385533042984
0.8447373927599916,0.7642938280954183
0.8449466415568111,0.7643384440658717
0.8451558903536305,0.7643830431491294
0.8451558903536305,0.7642384105960265
0.8451558903536305,0.7640938327657965
0.8451558903536305,0.7639493096273879
0.8451558903536305,0.7638048411497731
0.8451558903536305,0.7636604273019474
0.8451558903536305,0.76351606805293
0.8451558903536305,0.7633717633717634
0.8451558903536305,0.7632275132275133
0.8451558903536305,0.7630833175892688
0.8451558903536305,0.7629391764261428
0.8451558903536305,0.7627950897072711
0.8451558903536305,0.7626510574018127
0.8451558903536305,0.7625070794789504
0.8451558903536305,0.7623631559078897
0.8451558903536305,0.76221928665786
0.8451558903536305,0.7620754716981132
0.8451558903536305,0.7619317109979249
0.8451558903536305,0.7617880045265938
0.8451558903536305,0.7616443522534414
0.8451558903536305,0.7615007541478129
0.8451558903536305,0.7613572101790763
0.8451558903536305,0.7612137203166227
0.8451558903536305,0.7610702845298662
0.8451558903536305,0.7609269027882442
0.8451558903536305,0.7607835750612169
0.8451558903536305,0.7606403013182674
0.8451558903536305,0.7604970815289023
0.8451558903536305,0.7603539156626506
0.8451558903536305,0.7602108036890646
0.8451558903536305,0.7600677455777193
0.8451558903536305,0.7599247412982126
0.8451558903536305,0.7597817908201655
0.8451558903536305,0.7596388941132217
0.8451558903536305,0.7594960511470478
0.8451558903536305,0.759353261891333
0.8451558903536305,0.7592105263157894
0.8451558903536305,0.7590678443901522
0.8451558903536305,0.7589252160841788
0.8451558903536305,0.7587826413676498
0.8453651391504499,0.7588279489105936
0.8453651391504499,0.7586854460093897
0.8453651391504499,0.758542996620353
0.8455743879472694,0.7585883236343157
0.8455743879472694,0.7584459459459459
0.8455743879472694,0.7583036216926252
0.8455743879472694,0.7581613508442777
0.8455743879472694,0.7580191333708497
0.8455743879472694,0.7578769692423106
0.8455743879472694,0.7577348584286517
0.8455743879472694,0.7575928008998876
0.8455743879472694,0.7574507966260544
0.8457836367440887,0.757496251874063
0.8457836367440887,0.7573543189057523
0.8457836367440887,0.7572124391157737
0.8457836367440887,0.7570706124742461
0.8457836367440887,0.7569288389513109
0.8457836367440887,0.7567871185171317
0.8457836367440887,0.7566454511418944
0.8457836367440887,0.7565038367958076
0.8457836367440887,0.7563622754491018
0.8457836367440887,0.7562207670720299
0.8457836367440887,0.7560793116348672
0.8457836367440887,0.755937909107911
0.8457836367440887,0.7557965594614809
0.8457836367440887,0.7556552626659189
0.8457836367440887,0.7555140186915887
0.8457836367440887,0.7553728275088768
0.8457836367440887,0.7552316890881914
0.8457836367440887,0.7550906033999626
0.8457836367440887,0.7549495704146433
0.8457836367440887,0.7548085901027077
0.8457836367440887,0.7546676624346528
0.8457836367440887,0.7545267873809969
0.8459928855409081,0.7545726017170586
0.8459928855409081,0.754431796977048
0.8462021343377275,0.7544776119402985
0.8462021343377275,0.7543368774482373
0.8462021343377275,0.7541961954494592
0.8462021343377275,0.7540555659146
0.8462021343377275,0.7539149888143176
0.8462021343377275,0.7537744641192917
0.8462021343377275,0.7536339918002236
0.8462021343377275,0.7534935718278368
0.846411383134547,0.7535394932935916
0.846411383134547,0.7533991432296517
0.8466206319313664,0.7534450651769088
0.8466206319313664,0.7533047849562465
0.8466206319313664,0.7531645569620253
0.8466206319313664,0.7530243811650846
0.8468298807281858,0.753070338667659
0.8468298807281858,0.7529302325581395
0.8468298807281858,0.7527901785714286
0.8470391295250053,0.7528361539892133
0.8470391295250053,0.7526961695797695
0.8472483783218246,0.7527421453801821
0.8472483783218246,0.7526022304832714
0.8472483783218246,0.7524623675896673
0.8472483783218246,0.7523225566703827
0.8472483783218246,0.7521827976964518
0.8472483783218246,0.7520430906389302
0.8472483783218246,0.751903435468895
0.8472483783218246,0.7517638321574452
0.8472483783218246,0.7516242806757008
0.847457627118644,0.7516703786191536
0.847457627118644,0.75153089627018
0.847457627118644,0.75139146567718
0.8476668759154635,0.7514375811537748
0.8476668759154635,0.7512982195845698
0.8476668759154635,0.7511589096977563
0.8476668759154635,0.7510196514645903
0.8476668759154635,0.7508804448563484
0.8476668759154635,0.7507412898443291
0.8478761247122829,0.7507874745228831
0.8478761247122829,0.75064838829196
0.8478761247122829,0.7505093535839971
0.8478761247122829,0.7503703703703704
0.8478761247122829,0.7502314386224773
0.8478761247122829,0.7500925583117364
0.8480853735091023,0.7501388117712382
0.8480853735091023,0.75
0.8480853735091023,0.7498612395929695
0.8480853735091023,0.7497225305216426
0.8480853735091023,0.7495838727575366
0.8480853735091023,0.7494452662721893
0.8480853735091023,0.7493067110371603
0.8480853735091023,0.7491682070240295
0.8480853735091023,0.7490297542043984
0.8480853735091023,0.7488913525498891
0.8480853735091023,0.7487530020321448
0.8480853735091023,0.7486147026228297
0.8480853735091023,0.7484764542936289
0.8480853735091023,0.7483382570162481
0.8480853735091023,0.7482001107624147
0.8480853735091023,0.748062015503876
0.8480853735091023,0.7479239712124008
0.8480853735091023,0.7477859778597786
0.8482946223059218,0.7478325032281867
0.8482946223059218,0.7476945776466248
0.8482946223059218,0.7475567029319565
0.8482946223059218,0.7474188790560472
0.8482946223059218,0.7472811059907835
0.8485038711027412,0.7473276815333579
0.8485038711027412,0.7471899760456975
0.8485038711027412,0.7470523212969786
0.8487131198995606,0.7470989132436913
0.8487131198995606,0.7469613259668508
0.8487131198995606,0.7468237893573928
0.8487131198995606,0.7466863033873343
0.8487131198995606,0.7465488680287135
0.8487131198995606,0.7464114832535885
0.8487131198995606,0.7462741490340387
0.8487131198995606,0.7461368653421634
0.8487131198995606,0.7459996321500828
0.8487131198995606,0.7458624494299375
0.8487131198995606,0.7457253171538886
0.8487131198995606,0.7455882352941177
0.84892236869638,0.745634993567359
0.84892236869638,0.7454979786843072
0.84892236869638,0.7453610141466104
0.84892236869638,0.7452240999265246
0.84892236869638,0.7450872359963269
0.84892236869638,0.7449504223283143
0.84892236869638,0.7448136588948044
0.8491316174931994,0.7448604992657856
0.8493408662900188,0.7449073224444852
0.8493408662900188,0.7447706422018349
0.8493408662900188,0.7446340121078702
0.8493408662900188,0.7444974321349963
0.8493408662900188,0.7443609022556391
0.8493408662900188,0.7442244224422442
0.8495501150868382,0.7442713107241063
0.8495501150868382,0.7441348973607038
0.8495501150868382,0.7439985339930365
0.8495501150868382,0.7438622205936241
0.8495501150868382,0.7437259571350064
0.8495501150868382,0.7435897435897436
0.8497593638836577,0.7436366965757187
0.8497593638836577,0.7435005492493592
0.8497593638836577,0.7433644517664287
0.8497593638836577,0.7432284040995608
0.8497593638836577,0.7430924062214089
0.8497593638836577,0.7429564581046469
0.8497593638836577,0.7428205597219681
0.8497593638836577,0.7426847110460864
0.8499686126804771,0.7427317608337904
0.8499686126804771,0.7425959780621573
0.8499686126804771,0.7424602449278012
0.8499686126804771,0.7423245614035088
0.8499686126804771,0.7421889274620866
0.8499686126804771,0.742053343076361
0.8499686126804771,0.7419178082191781
0.8501778614772965,0.7419649379108838
0.8501778614772965,0.7418294686872375
0.8501778614772965,0.7416940489229645
0.8501778614772965,0.7415586785909838
0.850387110274116,0.7416058394160584
0.850387110274116,0.7414705345739828
0.8505963590709353,0.7415176942721634
0.8505963590709353,0.7413824548604778
0.8505963590709353,0.7412472647702407
0.8505963590709353,0.7411121239744758
0.8505963590709353,0.7409770324462268
0.8505963590709353,0.7408419901585566
0.8505963590709353,0.7407069970845481
0.8505963590709353,0.7405720531973037
0.8505963590709353,0.7404371584699454
0.8505963590709353,0.7403023128756147
0.8508056078677547,0.7403495994173344
0.8508056078677547,0.7402148188603678
0.8508056078677547,0.7400800873680379
0.8508056078677547,0.7399454049135578
0.8508056078677547,0.7398107714701602
0.8508056078677547,0.7396761870110969
0.8508056078677547,0.7395416515096399
0.8508056078677547,0.7394071649390799
0.8508056078677547,0.7392727272727273
0.8508056078677547,0.739138338483912
0.8508056078677547,0.7390039985459833
0.8508056078677547,0.7388697074323096
0.8510148566645742,0.7389171511627907
0.8510148566645742,0.7387829246139873
0.8510148566645742,0.7386487468216492
0.8510148566645742,0.7385146177592156
0.8510148566645742,0.7383805374001452
0.8512241054613936,0.7384280268651298
0.8512241054613936,0.7382940108892923
0.8512241054613936,0.7381600435492651
0.8512241054613936,0.7380261248185777
0.8512241054613936,0.7378922546707781
0.8512241054613936,0.7377584330794341
0.851433354258213,0.7378059836808704
0.851433354258213,0.7376722262509064
0.851433354258213,0.7375385173101323
0.851433354258213,0.7374048568321856
0.851433354258213,0.7372712447907229
0.851433354258213,0.7371376811594202
0.851433354258213,0.7370041659119725
0.851433354258213,0.7368706990220935
0.851433354258213,0.7367372804635162
0.851433354258213,0.7366039102099927
0.851433354258213,0.7364705882352941
0.851433354258213,0.7363373145132103
0.851433354258213,0.7362040890175502
0.8516426030550325,0.7362518089725036
0.8516426030550325,0.7361186471332971
0.8516426030550325,0.7359855334538878
0.8516426030550325,0.7358524679081541
0.8518518518518519,0.7359002169197397
0.8518518518518519,0.7357672148924634
0.8518518518518519,0.7356342609324178
0.8518518518518519,0.7355013550135502
0.8518518518518519,0.7353684971098265
0.8518518518518519,0.735235687195232
0.8518518518518519,0.7351029252437703
0.8518518518518519,0.7349702112294638
0.8518518518518519,0.7348375451263538
0.8518518518518519,0.7347049269085003
0.8520611006486712,0.7347527968242512
0.8520611006486712,0.7346202417463468
0.8520611006486712,0.7344877344877345
0.8520611006486712,0.7343552750225428
0.8520611006486712,0.7342228633249188
0.8522703494454907,0.7342707769965747
0.8522703494454907,0.7341384282624369
0.8524795982423101,0.7341863398810596
0.8526888470391295,0.7342342342342343
0.8526888470391295,0.7341019636101603
0.8526888470391295,0.7339697406340058
0.8526888470391295,0.7338375652800289
0.8526888470391295,0.7337054375225063
0.8526888470391295,0.7335733573357336
0.8526888470391295,0.7334413246940245
0.8526888470391295,0.7333093395717114
0.8528980958359489,0.7333573227779777
0.8528980958359489,0.7332254002518439
0.8528980958359489,0.7330935251798562
0.8528980958359489,0.7329616975364143
0.8528980958359489,0.7328299172959367
0.8531073446327684,0.7328779435556354
0.8531073446327684,0.73274622573688
0.8531073446327684,0.7326145552560647
0.8531073446327684,0.7324829320876751
0.8531073446327684,0.7323513562062152
0.8533165934295878,0.7323994252873564
0.8533165934295878,0.7322679116537978
0.8533165934295878,0.7321364452423699
0.8533165934295878,0.7320050260276432
0.8533165934295878,0.7318736539842068
0.8533165934295878,0.7317423290866678
0.8533165934295878,0.731611051309652
0.8533165934295878,0.7314798206278027
0.8533165934295878,0.7313486370157819
0.8533165934295878,0.7312175004482697
0.8533165934295878,0.7310864108999642
0.8533165934295878,0.7309553683455816
0.8533165934295878,0.7308243727598567
0.8533165934295878,0.7306934241175417
0.8533165934295878,0.7305625223934074
0.8533165934295878,0.7304316675622425
0.8533165934295878,0.7303008595988538
0.8533165934295878,0.7301700984780662
0.8533165934295878,0.7300393841747225
0.8535258422264071,0.7300877035976374
0.8535258422264071,0.7299570508231925
0.8535258422264071,0.7298264448022902
0.8535258422264071,0.729695885509839
0.8537350910232266,0.7297442318011089
0.853944339820046,0.7297925608011445
0.853944339820046,0.7296620775969962
0.8541535886168654,0.7297104040042903
0.8541535886168654,0.729579982126899
0.8541535886168654,0.7294496068620443
0.8543628374136849,0.7294979453278542
0.8543628374136849,0.7293676312968917
0.8543628374136849,0.729237363814967
0.8543628374136849,0.7291071428571428
0.8545720862105043,0.7291555079450098
0.8545720862105043,0.7290253480899679
0.8545720862105043,0.7288952346956987
0.8547813350073237,0.7289436117059244
0.8547813350073237,0.7288135593220338
0.8549905838041432,0.7288619336425258
0.8549905838041432,0.7287319422150883
0.8549905838041432,0.728601997146933
0.8549905838041432,0.7284720984132644
0.8549905838041432,0.7283422459893049
0.8549905838041432,0.728212439850294
0.8549905838041432,0.7280826799714897
0.8549905838041432,0.7279529663281668
0.8549905838041432,0.7278232988956181
0.8549905838041432,0.727693677649154
0.8551998326009626,0.7277421652421653
0.8551998326009626,0.7276126045931992
0.8551998326009626,0.7274830900676398
0.8551998326009626,0.7273536216408614
0.8551998326009626,0.7272241992882562
0.8551998326009626,0.727094822985234
0.8551998326009626,0.7269654927072217
0.8551998326009626,0.7268362084296639
0.8551998326009626,0.7267069701280228
0.8551998326009626,0.7265777777777778
0.8551998326009626,0.7264486313544258
0.8551998326009626,0.7263195308334814
0.8554090813977819,0.7263681592039801
0.8556183301946014,0.726416770296678
0.8556183301946014,0.7262877442273534
0.8556183301946014,0.7261587639850826
0.8556183301946014,0.7260298295454546
0.8556183301946014,0.725900940884076
0.8556183301946014,0.7257720979765708
0.8556183301946014,0.7256433007985803
0.8556183301946014,0.725514549325763
0.8556183301946014,0.7253858435337945
0.8556183301946014,0.7252571833983682
0.8556183301946014,0.7251285688951942
0.8556183301946014,0.725
0.8556183301946014,0.7248714766885304
0.8558275789914208,0.7249202410492733
0.8558275789914208,0.7247917774233563
0.8558275789914208,0.7246633593196314
0.8558275789914208,0.7245349867139061
0.8558275789914208,0.724406659582005
0.8558275789914208,0.7242783778997698
0.8558275789914208,0.7241501416430595
0.8558275789914208,0.72402195078775
0.8558275789914208,0.7238938053097345
0.8558275789914208,0.723765705184923
0.8558275789914208,0.7236376503892428
0.8558275789914208,0.7235096408986379
0.8558275789914208,0.7233816766890697
0.8560368277882402,0.7234305923961096
0.8560368277882402,0.7233026874115983
0.8562460765850597,0.7233515997878734
0.8564553253818791,0.723400494874514
0.8564553253818791,0.7232726630146669
0.8564553253818791,0.7231448763250884
0.8564553253818791,0.7230171347818407
0.8564553253818791,0.7228894383610032
0.8564553253818791,0.7227617870386721
0.8564553253818791,0.7226341807909604
0.8564553253818791,0.7225066195939982
0.8566645741786985,0.722555594775856
0.8568738229755178,0.7226045526733722
0.8568738229755178,0.7224770642201835
0.8568738229755178,0.7223496207443993
0.8568738229755178,0.7222222222222222
0.8568738229755178,0.7220948686298713
0.8568738229755178,0.7219675599435825
0.8570830717723373,0.7220165697161995
0.8570830717723373,0.7218893197039126
0.8570830717723373,0.721762114537445
0.8572923205691567,0.7218111346018323
0.8572923205691567,0.7216839880218425
0.8572923205691567,0.7215568862275449
0.8572923205691567,0.7214298291952809
0.8572923205691567,0.7213028169014084
0.8572923205691567,0.7211758493223024
0.8572923205691567,0.7210489264343541
0.8575015693659761,0.7210980116135843
0.8577108181627956,0.7211470795214637
0.857920066959615,0.7211961301671064
0.857920066959615,0.7210692930003517
0.857920066959615,0.7209425004395991
0.8581293157564344,0.7209915611814346
0.8581293157564344,0.7208648268588504
0.8581293157564344,0.720738137082601
0.8581293157564344,0.720611491829204
0.8581293157564344,0.7204848910751932
0.8581293157564344,0.7203583347971193
0.8581293157564344,0.720231822971549
0.8581293157564344,0.7201053555750658
0.8581293157564344,0.7199789325842697
0.8581293157564344,0.7198525539757767
0.8581293157564344,0.7197262197262198
0.8583385645532539,0.7197753991928408
0.8585478133500732,0.7198245614035088
0.8587570621468926,0.719873706367304
0.8587570621468926,0.7197474570326201
0.8587570621468926,0.7196212519726459
0.8589663109437121,0.7196704067321178
0.8589663109437121,0.7195442594215601
0.8589663109437121,0.7194181563266737
0.8589663109437121,0.7192920974242158
0.8589663109437121,0.71916608269096
0.8589663109437121,0.7190401121036959
0.8589663109437121,0.7189141856392294
0.8589663109437121,0.7187883032743828
0.8589663109437121,0.7186624649859944
0.8589663109437121,0.718536670750919
0.8589663109437121,0.7184109205460273
0.8589663109437121,0.7182852143482065
0.8589663109437121,0.7181595521343597
0.8589663109437121,0.7180339338814063
0.8589663109437121,0.717908359566282
0.8589663109437121,0.717782829165938
0.8589663109437121,0.7176573426573427
0.8589663109437121,0.7175319000174795
0.8589663109437121,0.7174065012233485
0.8589663109437121,0.7172811462519657
0.8589663109437121,0.7171558350803634
0.8589663109437121,0.7170305676855895
0.8589663109437121,0.7169053440447083
0.8591755597405315,0.716954775624236
0.8591755597405315,0.7168296089385475
0.8591755597405315,0.7167044859486822
0.8591755597405315,0.7165794066317627
0.8591755597405315,0.7164543709649276
0.8591755597405315,0.7163293789253314
0.8591755597405315,0.7162044304901448
0.8591755597405315,0.7160795256365539
0.8591755597405315,0.7159546643417611
0.8591755597405315,0.7158298465829847
0.8593848085373509,0.7158793794666202
0.8593848085373509,0.7157546183339143
0.8593848085373509,0.7156299006795609
0.8593848085373509,0.7155052264808363
0.8593848085373509,0.7153805957150322
0.8595940573341704,0.7154301637060257
0.8595940573341704,0.7153055894131987
0.8595940573341704,0.7151810584958217
0.8595940573341704,0.7150565709312445
0.8595940573341704,0.7149321266968326
0.8595940573341704,0.714807725769967
0.8595940573341704,0.7146833681280446
0.8598033061309898,0.714732997042964
0.8598033061309898,0.7146086956521739
0.8598033061309898,0.7144844374891324
0.8598033061309898,0.7143602225312935
0.8598033061309898,0.7142360507561273
0.8598033061309898,0.7141119221411192
0.8598033061309898,0.7139878366637706
0.8598033061309898,0.7138637943015983
0.8598033061309898,0.7137397950321348
0.8598033061309898,0.7136158388329281
0.8598033061309898,0.713491925681542
0.8598033061309898,0.7133680555555556
0.8598033061309898,0.7132442284325637
0.8598033061309898,0.7131204442901771
0.8598033061309898,0.7129967031060211
0.8598033061309898,0.7128730048577376
0.8598033061309898,0.7127493495229835
0.8598033061309898,0.7126257370794311
0.8598033061309898,0.7125021675047685
0.8598033061309898,0.712378640776699
0.8598033061309898,0.7122551568729416
0.8598033061309898,0.7121317157712305
0.8598033061309898,0.7120083174493156
0.8600125549278091,0.7120582120582121
0.8600125549278091,0.711934869218777
0.8600125549278091,0.7118115691028749
0.8600125549278091,0.7116883116883117
0.8600125549278091,0.7115650969529086
0.8600125549278091,0.7114419248745023
0.8600125549278091,0.711318795430945
0.8600125549278091,0.7111957086001038
0.8600125549278091,0.7110726643598616
0.8600125549278091,0.7109496626881162
0.8600125549278091,0.710826703562781
0.8600125549278091,0.7107037869617845
0.8600125549278091,0.7105809128630706
0.8600125549278091,0.7104580812445981
0.8600125549278091,0.7103352920843415
0.8600125549278091,0.7102125453602903
0.8600125549278091,0.7100898410504493
0.8602218037246285,0.7101399205389531
0.860431052521448,0.7101899827288428
0.860431052521448,0.7100673458815403
0.860431052521448,0.7099447513812155
0.860431052521448,0.7098221992059383
0.860431052521448,0.7096996893337936
0.860431052521448,0.7095772217428818
0.860431052521448,0.7094547964113181
0.860431052521448,0.7093324133172331
0.860431052521448,0.709210072438772
0.860431052521448,0.7090877737540955
0.860431052521448,0.7089655172413794
0.860431052521448,0.708843302878814
0.860431052521448,0.7087211306446053
0.860431052521448,0.708599000516974
0.860431052521448,0.7084769124741558
0.8606403013182674,0.7085271317829457
0.8606403013182674,0.7084050981743024
0.8606403013182674,0.7082831065954882
0.8606403013182674,0.7081611570247934
0.8608495501150868,0.7082113961094852
0.8608495501150868,0.7080895008605852
0.8608495501150868,0.707967647564963
0.8608495501150868,0.7078458362009635
0.8608495501150868,0.7077240667469465
0.8608495501150868,0.7076023391812866
0.8608495501150868,0.7074806534823732
0.8608495501150868,0.7073590096286108
0.8608495501150868,0.7072374075984185
0.8608495501150868,0.7071158473702304
0.8608495501150868,0.7069943289224953
0.8608495501150868,0.706872852233677
0.8608495501150868,0.7067514172822539
0.8608495501150868,0.7066300240467194
0.8608495501150868,0.7065086725055814
0.8608495501150868,0.7063873626373627
0.8608495501150868,0.7062660944206008
0.8608495501150868,0.7061448678338482
0.8608495501150868,0.7060236828556719
0.8608495501150868,0.7059025394646534
0.8608495501150868,0.7057814376393893
0.8608495501150868,0.7056603773584905
0.8608495501150868,0.7055393586005831
0.8608495501150868,0.7054183813443072
0.8608495501150868,0.7052974455683182
0.8608495501150868,0.7051765512512855
0.8608495501150868,0.7050556983718937
0.8608495501150868,0.7049348869088417
0.8608495501150868,0.7048141168408429
0.8610587989119063,0.7048646796848236
0.8610587989119063,0.7047439630073643
0.8610587989119063,0.7046232876712328
0.8610587989119063,0.704502653655196
0.8610587989119063,0.7043820609380349
0.8610587989119063,0.7042615094985453
0.8610587989119063,0.7041409993155373
0.8610587989119063,0.7040205303678357
0.8612680477087257,0.7040711597673623
0.8612680477087257,0.7039507439712673
0.8612680477087257,0.7038303693570451
0.8612680477087257,0.7037100359035733
0.861477296505545,0.7037606837606838
0.8616865453023645,0.703811314305247
0.8616865453023645,0.7036910457963089
0.8618957940991839,0.7037416709379806
0.8618957940991839,0.7036214554151008
0.8618957940991839,0.7035012809564475
0.8621050428960033,0.703551912568306
0.8621050428960033,0.7034317910192932
0.8621050428960033,0.703311710481393
0.8621050428960033,0.7031916709336065
0.8621050428960033,0.7030716723549488
0.8621050428960033,0.7029517147244497
0.8621050428960033,0.7028317980211531
0.8621050428960033,0.7027119222241174
0.8621050428960033,0.7025920873124147
0.8621050428960033,0.7024722932651322
0.8621050428960033,0.7023525400613706
0.8621050428960033,0.7022328276802454
0.8621050428960033,0.7021131561008862
0.8623142916928228,0.7021639120804226
0.8623142916928228,0.7020442930153322
0.8623142916928228,0.7019247146993698
0.8623142916928228,0.7018051771117166
0.8623142916928228,0.7016856802315682
0.8623142916928228,0.7015662240381342
0.8623142916928228,0.7014468085106383
0.8623142916928228,0.7013274336283186
0.8623142916928228,0.701208099370427
0.8623142916928228,0.70108880571623
0.8623142916928228,0.7009695526450077
0.8623142916928228,0.7008503401360544
0.8625235404896422,0.7009012072776739
0.8625235404896422,0.7007820469228153
0.8625235404896422,0.7006629270780215
0.8625235404896422,0.7005438477226377
0.8625235404896422,0.7004248088360238
0.8625235404896422,0.7003058103975535
0.8625235404896422,0.7001868523866146
0.8625235404896422,0.7000679347826086
0.8625235404896422,0.6999490575649516
0.8625235404896422,0.699830220713073
0.8625235404896422,0.6997114242064165
0.8625235404896422,0.6995926680244399
0.8625235404896422,0.6994739521466147
0.8625235404896422,0.6993552765524262
0.8625235404896422,0.6992366412213741
0.8625235404896422,0.6991180461329715
0.8625235404896422,0.6989994912667458
0.8625235404896422,0.698880976602238
0.8625235404896422,0.6987625021190033
0.8625235404896422,0.6986440677966101
0.8625235404896422,0.6985256736146416
0.8627327892864616,0.6985767536428329
0.8627327892864616,0.6984584109774691
0.8627327892864616,0.698340108401084
0.8627327892864616,0.6982218458933107
0.8627327892864616,0.6981036234337962
0.8627327892864616,0.6979854410022007
0.8627327892864616,0.6978672985781991
0.8627327892864616,0.6977491961414791
0.8627327892864616,0.6976311336717428
0.8629420380832811,0.6976822872610388
0.8631512868801005,0.6977334235453315
0.8631512868801005,0.6976154236428209
0.8631512868801005,0.6974974636455867
0.8631512868801005,0.6973795435333897
0.8631512868801005,0.697261663286004
0.8631512868801005,0.6971438228832179
0.8631512868801005,0.6970260223048327
0.8631512868801005,0.696908261530664
0.8631512868801005,0.6967905405405406
0.8631512868801005,0.696672859314305
0.8631512868801005,0.6965552178318136
0.8631512868801005,0.696437616072936
0.8631512868801005,0.6963200540175557
0.8631512868801005,0.6962025316455697
0.8631512868801005,0.6960850489368883
0.8631512868801005,0.6959676058714358
0.8631512868801005,0.6958502024291497
0.8631512868801005,0.6957328385899815
0.8631512868801005,0.6956155143338955
0.8631512868801005,0.69549822964087
0.8631512868801005,0.6953809844908968
0.8633605356769198,0.6954323276588572
0.8633605356769198,0.6953151331311088
0.8633605356769198,0.6951979780960404
0.8633605356769198,0.6950808625336927
0.8633605356769198,0.6949637864241199
0.8633605356769198,0.6948467497473897
0.8633605356769198,0.694729752483583
0.8633605356769198,0.6946127946127946
0.8633605356769198,0.6944958761151321
0.8633605356769198,0.6943789969707169
0.8633605356769198,0.6942621571596836
0.8633605356769198,0.6941453566621804
0.8633605356769198,0.6940285954583684
0.8633605356769198,0.6939118735284224
0.8633605356769198,0.6937951908525307
0.8633605356769198,0.6936785474108944
0.8633605356769198,0.6935619431837283
0.8633605356769198,0.6934453781512605
0.8635697844737392,0.6934968912787767
0.8635697844737392,0.693380376344086
0.8635697844737392,0.6932639005543424
0.8635697844737392,0.693147463889822
0.8635697844737392,0.6930310663308145
0.8635697844737392,0.6929147078576225
0.8635697844737392,0.6927983884505624
0.8635697844737392,0.6926821080899631
0.8635697844737392,0.6925658667561672
0.8635697844737392,0.6924496644295302
0.8635697844737392,0.692333501090421
0.8635697844737392,0.6922173767192218
0.8635697844737392,0.6921012912963274
0.8635697844737392,0.6919852448021462
0.8635697844737392,0.6918692372170997
0.8635697844737392,0.6917532685216226
0.8635697844737392,0.6916373386961622
0.8635697844737392,0.6915214477211796
0.8635697844737392,0.6914055955771486
0.8635697844737392,0.6912897822445561
0.8635697844737392,0.6911740077039022
0.8635697844737392,0.6910582719356999
0.8635697844737392,0.6909425749204755
0.8635697844737392,0.6908269166387679
0.8635697844737392,0.6907112970711297
0.8635697844737392,0.6905957161981259
0.8635697844737392,0.6904801740003346
0.8635697844737392,0.6903646704583473
0.8635697844737392,0.690249205552768
0.8635697844737392,0.690133779264214
0.8635697844737392,0.6900183915733155
0.8635697844737392,0.6899030424607154
0.8637790332705587,0.6899548721377236
0.8637790332705587,0.6898395721925134
0.8637790332705587,0.6897243107769424
0.8639882820673781,0.6897761443367858
0.8639882820673781,0.6896609320193753
0.8639882820673781,0.6895457581830328
0.8639882820673781,0.6894306228084822
0.8639882820673781,0.6893155258764607
0.8639882820673781,0.6892004673677182
0.8639882820673781,0.6890854472630173
0.8639882820673781,0.6889704655431337
0.8641975308641975,0.6890223556890224
0.8641975308641975,0.6889074228523769
0.8641975308641975,0.6887925283522348
0.8641975308641975,0.688677672169418
0.8641975308641975,0.6885628542847616
0.864406779661017,0.6886147691281881
0.864406779661017,0.6885
0.8646160284578364,0.6885519080153307
0.8646160284578364,0.688437187604132
0.8646160284578364,0.6883225054139597
0.8646160284578364,0.6882078614257162
0.8646160284578364,0.6880932556203164
0.8646160284578364,0.687978687978688
0.8648252772546557,0.688030630930581
0.8648252772546557,0.6879161118508655
0.8648252772546557,0.6878016308870029
0.8648252772546557,0.6876871880199668
0.8648252772546557,0.6875727832307437
0.8648252772546557,0.6874584165003327
0.8648252772546557,0.6873440878097455
0.8648252772546557,0.6872297971400066
0.8650345260514752,0.6872817955112219
0.8650345260514752,0.6871675531914894
0.8650345260514752,0.6870533488449393
0.8650345260514752,0.6869391824526421
0.8650345260514752,0.6868250539956804
0.8650345260514752,0.6867109634551495
0.8650345260514752,0.6865969108121575
0.8650345260514752,0.6864828960478246
0.8650345260514752,0.6863689191432841
0.8652437748482946,0.6864209827357237
0.8652437748482946,0.6863070539419087
0.865453023645114,0.6863591105210753
0.865453023645114,0.6862452297992367
0.865453023645114,0.6861313868613139
0.865453023645114,0.6860175816885056
0.865453023645114,0.6859038142620232
0.865453023645114,0.6857900845630907
0.865453023645114,0.6856763925729443
0.865453023645114,0.6855627382728328
0.865453023645114,0.6854491216440173
0.865453023645114,0.6853355426677713
0.865453023645114,0.685222001325381
0.865453023645114,0.6851084975981447
0.865453023645114,0.6849950314673733
0.865453023645114,0.6848816029143898
0.865453023645114,0.6847682119205298
0.865453023645114,0.6846548584671412
0.865453023645114,0.6845415425355842
0.865453023645114,0.6844282641072315
0.865453023645114,0.6843150231634679
0.865453023645114,0.6842018196856906
0.865453023645114,0.6840886536553092
0.865453023645114,0.6839755250537457
0.865453023645114,0.6838624338624338
0.865453023645114,0.6837493800628203
0.865453023645114,0.6836363636363636
0.865453023645114,0.6835233845645348
0.865453023645114,0.6834104428288169
0.865453023645114,0.6832975384107054
0.865453023645114,0.683184671291708
0.865453023645114,0.6830718414533443
0.865453023645114,0.6829590488771466
0.865453023645114,0.6828462935446591
0.865453023645114,0.6827335754374381
0.865453023645114,0.6826208945370523
0.865453023645114,0.6825082508250825
0.865453023645114,0.6823956442831216
0.8656622724419335,0.6824480369515011
0.8656622724419335,0.6823354774863929
0.8658715212387529,0.6823878627968337
0.8658715212387529,0.6822753503709811
0.8660807700355723,0.6823277283217936
0.8660807700355723,0.682215262897643
0.8660807700355723,0.6821028345418589
0.8660807700355723,0.681990443236118
0.8660807700355723,0.6818780889621088
0.8660807700355723,0.6817657717015319
0.8660807700355723,0.6816534914361001
0.8660807700355723,0.6815412481475382
0.8660807700355723,0.6814290418175831
0.8660807700355723,0.6813168724279836
0.8660807700355723,0.6812047399605003
0.8660807700355723,0.6810926443969064
0.8660807700355723,0.6809805857189866
0.8660807700355723,0.6808685639085376
0.8660807700355723,0.6807565789473684
0.8660807700355723,0.6806446308172998
0.8660807700355723,0.6805327195001645
0.8660807700355723,0.680420844977807
0.8660807700355723,0.6803090072320842
0.8660807700355723,0.6801972062448645
0.8660807700355723,0.6800854419980282
0.8662900188323918,0.6801379990142927
0.8662900188323918,0.6800262812089356
0.8662900188323918,0.6799146000985383
0.8662900188323918,0.6798029556650246
0.8662900188323918,0.67969134789033
0.8662900188323918,0.6795797767564018
0.8664992676292111,0.6796323650090268
0.8664992676292111,0.6795208401706596
0.8667085164260305,0.6795734208367514
0.8667085164260305,0.6794619422572179
0.86691776522285,0.6795145153354109
0.86691776522285,0.6794030829780255
0.8671270140196694,0.6794556484669618
0.8671270140196694,0.6793442622950819
0.8671270140196694,0.6792329126372726
0.8671270140196694,0.6791215994755818
0.8671270140196694,0.6790103227920695
0.8671270140196694,0.6788990825688074
0.8673362628164888,0.678951678951679
0.8673362628164888,0.6788404847690795
0.8673362628164888,0.6787293270018012
0.8673362628164888,0.6786182056319581
0.8673362628164888,0.6785071206416762
0.8673362628164888,0.6783960720130933
0.8673362628164888,0.6782850597283587
0.8675455116133082,0.6783376963350786
0.8675455116133082,0.678226729919843
0.8677547604101277,0.6782793588485443
0.8677547604101277,0.6781684382665576
0.8677547604101277,0.6780575539568345
0.8677547604101277,0.6779467059015858
0.8677547604101277,0.6778358940830337
0.8677547604101277,0.6777251184834123
0.8677547604101277,0.6776143790849674
0.867964009206947,0.6776670478679955
0.867964009206947,0.6775563541326364
0.867964009206947,0.6774456965539768
0.867964009206947,0.6773350751143044
0.867964009206947,0.6772244897959183
0.867964009206947,0.6771139405811296
0.867964009206947,0.6770034274522605
0.867964009206947,0.6768929503916449
0.867964009206947,0.6767825093816283
0.867964009206947,0.6766721044045677
0.867964009206947,0.6765617354428315
0.867964009206947,0.6764514024787998
0.867964009206947,0.6763411054948638
0.867964009206947,0.6762308444734269
0.867964009206947,0.676120619396903
0.867964009206947,0.6760104302477183
0.8681732580037664,0.6760632230731628
0.8681732580037664,0.6759530791788856
0.8681732580037664,0.6758429711679427
0.8681732580037664,0.6757328990228013
0.8681732580037664,0.6756228627259404
0.8681732580037664,0.6755128622598502
0.8681732580037664,0.6754028976070324
0.8681732580037664,0.67529296875
0.8681732580037664,0.6751830756712774
0.8681732580037664,0.6750732183534006
0.8681732580037664,0.6749633967789166
0.8681732580037664,0.6748536109303839
0.8681732580037664,0.6747438607903724
0.8681732580037664,0.6746341463414635
0.8681732580037664,0.6745244675662494
0.8681732580037664,0.6744148244473342
0.8681732580037664,0.674305216967333
0.8681732580037664,0.6741956451088723
0.8681732580037664,0.6740861088545897
0.8681732580037664,0.6739766081871345
0.8681732580037664,0.6738671430891668
0.8681732580037664,0.6737577135433582
0.8681732580037664,0.6736483195323916
0.8681732580037664,0.673538961038961
0.8681732580037664,0.6734296380457718
0.8683825068005859,0.673482635507952
0.8683825068005859,0.6733733571312672
0.8683825068005859,0.673264114211551
0.8683825068005859,0.6731549067315491
0.8683825068005859,0.6730457346740188
0.8683825068005859,0.6729365980217286
0.8683825068005859,0.6728274967574579
0.8683825068005859,0.6727184308639974
0.8683825068005859,0.6726094003241491
0.8683825068005859,0.672500405120726
0.8683825068005859,0.6723914452365521
0.8685917555974053,0.6724445164425725
0.8685917555974053,0.6723356009070295
0.8685917555974053,0.6722267206477733
0.8685917555974053,0.6721178756476683
0.8685917555974053,0.6720090658895904
0.8688010043942247,0.6720621560375526
0.8688010043942247,0.6719533905162648
0.8690102531910442,0.6720064724919094
0.8690102531910442,0.6718977511729494
0.8690102531910442,0.6717890650274992
0.8690102531910442,0.6716804140384927
0.8690102531910442,0.6715717981888745
0.8690102531910442,0.6714632174616006
0.8690102531910442,0.6713546718396379
0.8690102531910442,0.6712461613059642
0.8690102531910442,0.6711376858435681
0.8690102531910442,0.67102924543545
0.8690102531910442,0.6709208400646204
0.8690102531910442,0.6708124697141011
0.8690102531910442,0.6707041343669251
0.8690102531910442,0.670595834006136
0.8690102531910442,0.6704875686147885
0.8690102531910442,0.6703793381759483
0.8690102531910442,0.670271142672692
0.8690102531910442,0.6701629820881071
0.8690102531910442,0.670054856405292
0.8690102531910442,0.669946765607356
0.8690102531910442,0.6698387096774193
0.8692195019878636,0.6698919529108208
0.8692195019878636,0.6697839406643018
0.8692195019878636,0.6696759632435918
0.8692195019878636,0.6695680206318504
0.869428750784683,0.669621273166801
0.869428750784683,0.6695133741540444
0.869428750784683,0.6694055099081682
0.8696379995815025,0.6694587628865979
0.8696379995815025,0.6693509421807055
0.8696379995815025,0.6692431561996779
0.8696379995815025,0.6691354049267428
0.8698472483783218,0.6691886670959434
0.8698472483783218,0.6690809592789313
0.8698472483783218,0.6689732861280978
0.8698472483783218,0.6688656476267095
0.8698472483783218,0.6687580437580437
0.8698472483783218,0.6686504745053885
0.8698472483783218,0.6685429398520425
0.8698472483783218,0.6684354397813154
0.8698472483783218,0.6683279742765273
0.8698472483783218,0.6682205433210094
0.8698472483783218,0.6681131468981035
0.8698472483783218,0.6680057849911618
0.8700564971751412,0.6680591259640103
0.8700564971751412,0.6679518072289157
0.8700564971751412,0.6678445229681979
0.8700564971751412,0.6677372731652481
0.8700564971751412,0.6676300578034682
0.8700564971751412,0.6675228768662707
0.8700564971751412,0.6674157303370787
0.8700564971751412,0.667308618199326
0.8700564971751412,0.667201540436457
0.8700564971751412,0.6670944970319268
0.8700564971751412,0.6669874879692012
0.8700564971751412,0.6668805132317562
0.8700564971751412,0.6667735728030789
0.8700564971751412,0.6666666666666666
0.8700564971751412,0.6665597948060276
0.8700564971751412,0.6664529572046802
0.8700564971751412,0.6663461538461538
0.8702657459719607,0.6663996154462426
0.8702657459719607,0.6662928548542134
0.8702657459719607,0.6661861284638796
0.8702657459719607,0.6660794362588085
0.8702657459719607,0.665972778222578
0.8702657459719607,0.6658661543387768
0.8702657459719607,0.6657595645910037
0.8702657459719607,0.6656530089628682
0.8702657459719607,0.66554648743799
0.8704749947687801,0.6656
0.8704749947687801,0.6654935210366342
0.8704749947687801,0.6653870761356366
0.8704749947687801,0.6652806652806653
0.8704749947687801,0.6651742884553885
0.8704749947687801,0.6650679456434853
0.8704749947687801,0.6649616368286445
0.8706842435655995,0.6650151829950456
0.8706842435655995,0.664908916586769
0.8706842435655995,0.6648026841348458
0.8706842435655995,0.6646964856230032
0.8706842435655995,0.6645903210349784
0.8706842435655995,0.6644841903545193
0.8706842435655995,0.664378093565384
0.8706842435655995,0.664272030651341
0.8706842435655995,0.6641660015961692
0.8706842435655995,0.6640600063836578
0.8706842435655995,0.6639540449976065
0.8706842435655995,0.6638481174218251
0.8706842435655995,0.663742223640134
0.8706842435655995,0.6636363636363637
0.8706842435655995,0.663530537394355
0.8706842435655995,0.6634247448979592
0.8706842435655995,0.6633189861310378
0.8706842435655995,0.6632132610774626
0.8706842435655995,0.6631075697211155
0.8706842435655995,0.6630019120458891
0.8706842435655995,0.6628962880356858
0.8706842435655995,0.6627906976744186
0.8706842435655995,0.6626851409460105
0.8706842435655995,0.6625796178343949
0.8706842435655995,0.6624741283235154
0.8706842435655995,0.6623686723973257
0.8706842435655995,0.6622632500397899
0.8706842435655995,0.6621578612348823
0.8706842435655995,0.6620525059665872
0.8706842435655995,0.6619471842188991
0.8706842435655995,0.6618418959758231
0.8706842435655995,0.6617366412213741
0.8708934923624189,0.6617904277309589
0.8708934923624189,0.6616852146263911
0.8708934923624189,0.6615800349705929
0.8708934923624189,0.6614748887476161
0.8708934923624189,0.6613697759415224
0.8708934923624189,0.6612646965363839
0.8708934923624189,0.6611596505162828
0.8708934923624189,0.6610546378653113
0.8708934923624189,0.6609496585675718
0.8708934923624189,0.6608447126071769
0.8708934923624189,0.6607397999682489
0.8708934923624189,0.6606349206349207
0.8708934923624189,0.6605300745913347
0.8708934923624189,0.660425261821644
0.8708934923624189,0.6603204823100111
0.8708934923624189,0.6602157360406091
0.8708934923624189,0.6601110229976209
0.8708934923624189,0.6600063431652394
0.8708934923624189,0.6599016965276677
0.8708934923624189,0.6597970830691186
0.8708934923624189,0.6596925027738152
0.8708934923624189,0.6595879556259905
0.8708934923624189,0.6594834416098875
0.8708934923624189,0.6593789607097592
0.8708934923624189,0.6592745129098685
0.8708934923624189,0.6591700981944885
0.8708934923624189,0.6590657165479018
0.8708934923624189,0.6589613679544015
0.8708934923624189,0.6588570523982903
0.8708934923624189,0.658752769863881
0.8708934923624189,0.6586485203354961
0.8708934923624189,0.6585443037974683
0.8708934923624189,0.6584401202341401
0.8708934923624189,0.658335969629864
0.8708934923624189,0.658231851969002
0.8708934923624189,0.6581277672359266
0.8708934923624189,0.6580237154150198
0.8708934923624189,0.6579196964906734
0.8708934923624189,0.6578157104472894
0.8708934923624189,0.6577117572692794
0.8708934923624189,0.657607836941065
0.8708934923624189,0.6575039494470775
0.8708934923624189,0.657400094771758
0.8708934923624189,0.6572962728995578
0.8708934923624189,0.6571924838149377
0.8708934923624189,0.6570887275023681
0.8708934923624189,0.6569850039463299
0.8708934923624189,0.6568813131313131
0.8708934923624189,0.6567776550418178
0.8708934923624189,0.6566740296623541
0.8708934923624189,0.6565704369774412
0.8708934923624189,0.6564668769716089
0.8708934923624189,0.656363349629396
0.8708934923624189,0.6562598549353517
0.8708934923624189,0.6561563928740344
0.8708934923624189,0.6560529634300126
0.8708934923624189,0.6559495665878644
0.8708934923624189,0.6558462023321777
0.8708934923624189,0.65574287064755
0.8708934923624189,0.6556395715185885
0.8708934923624189,0.6555363049299102
0.8711027411592384,0.6555905511811023
0.8711027411592384,0.6554873248307354
0.8711027411592384,0.6553841309823678
0.8711027411592384,0.6552809696206516
0.8711027411592384,0.6551778407302487
0.8711027411592384,0.65507474429583
0.8711027411592384,0.6549716803020768
0.8711027411592384,0.6548686487336794
0.8711027411592384,0.6547656495753381
0.8711027411592384,0.6546626828117629
0.8711027411592384,0.654559748427673
0.8711027411592384,0.6544568464077976
0.8711027411592384,0.6543539767368752
0.8711027411592384,0.6542511393996543
0.8711027411592384,0.6541483343808925
0.8711027411592384,0.6540455616653574
0.8711027411592384,0.653942821237826
0.8711027411592384,0.6538401130830847
0.8711027411592384,0.6537374371859297
0.8713119899560577,0.6537918040508715
0.8713119899560577,0.6536891679748823
0.8713119899560577,0.6535865641186627
0.8713119899560577,0.6534839924670434
0.8713119899560577,0.6533814530048643
0.8713119899560577,0.6532789457169752
0.8713119899560577,0.6531764705882352
0.8713119899560577,0.6530740276035132
0.8715212387528771,0.6531284302963776
0.8715212387528771,0.6530260269677015
0.8715212387528771,0.6529236557454147
0.8715212387528771,0.6528213166144201
0.8715212387528771,0.6527190095596301
0.8715212387528771,0.6526167345659668
0.8715212387528771,0.6525144916183613
0.8715212387528771,0.6524122807017544
0.8715212387528771,0.6523101018010963
0.8715212387528771,0.6522079549013466
0.8717304875496966,0.6522624080162831
0.8717304875496966,0.6521603005635567
0.8717304875496966,0.6520582250743465
0.8717304875496966,0.6519561815336463
0.8717304875496966,0.6518541699264591
0.8717304875496966,0.6517521902377973
0.8717304875496966,0.6516502424526827
0.8717304875496966,0.6515483265561464
0.8717304875496966,0.651446442533229
0.8717304875496966,0.6513445903689806
0.8717304875496966,0.6512427700484602
0.871939736346516,0.651297280400125
0.871939736346516,0.6511954992967651
0.871939736346516,0.65109375
0.871939736346516,0.6509920324949227
0.871939736346516,0.6508903467666354
0.871939736346516,0.6507886928002499
0.871939736346516,0.6506870705808869
0.871939736346516,0.6505854800936768
0.8721489851433354,0.6506400249765845
0.8721489851433354,0.6505384735445606
0.8723582339401549,0.6505930087390761
0.8723582339401549,0.6504914963332813
0.8725674827369743,0.6505460218408736
0.8725674827369743,0.6504445484323819
0.8725674827369743,0.6503431066749844
0.8725674827369743,0.650241696553875
0.8725674827369743,0.6501403180542563
0.8725674827369743,0.6500389711613406
0.8725674827369743,0.6499376558603491
0.8725674827369743,0.6498363721365124
0.8725674827369743,0.6497351199750702
0.8725674827369743,0.6496338993612712
0.8725674827369743,0.6495327102803738
0.8725674827369743,0.6494315527176452
0.8725674827369743,0.6493304266583618
0.8725674827369743,0.6492293320878094
0.8725674827369743,0.6491282689912827
0.8725674827369743,0.6490272373540856
0.8725674827369743,0.6489262371615313
0.8725674827369743,0.648825268398942
0.8725674827369743,0.6487243310516491
0.8725674827369743,0.648623425104993
0.8725674827369743,0.6485225505443235
0.8725674827369743,0.6484217073549993
0.8725674827369743,0.648320895522388
0.8725674827369743,0.6482201150318669
0.8725674827369743,0.6481193658688219
0.8725674827369743,0.6480186480186481
0.8725674827369743,0.6479179614667495
0.8725674827369743,0.6478173061985397
0.8725674827369743,0.6477166821994408
0.8725674827369743,0.6476160894548842
0.8725674827369743,0.6475155279503105
0.8725674827369743,0.6474149976711691
0.8725674827369743,0.6473144986029183
0.8725674827369743,0.6472140307310259
0.8725674827369743,0.6471135940409684
0.8725674827369743,0.6470131885182312
0.8725674827369743,0.646912814148309
0.8725674827369743,0.6468124709167055
0.8725674827369743,0.646712158808933
0.8725674827369743,0.6466118778105132
0.8725674827369743,0.6465116279069767
0.8725674827369743,0.646411409083863
0.8725674827369743,0.6463112213267204
0.8725674827369743,0.6462110646211064
0.8725674827369743,0.6461109389525875
0.8725674827369743,0.6460108443067389
0.8725674827369743,0.645910780669145
0.8725674827369743,0.6458107480253988
0.8725674827369743,0.6457107463611025
0.8725674827369743,0.6456107756618672
0.8725674827369743,0.6455108359133127
0.8725674827369743,0.645410927101068
0.8725674827369743,0.6453110492107706
0.8725674827369743,0.6452112022280675
0.8725674827369743,0.6451113861386139
0.8725674827369743,0.6450116009280742
0.8725674827369743,0.6449118465821219
0.8725674827369743,0.6448121230864389
0.8725674827369743,0.6447124304267161
0.8725674827369743,0.6446127685886536
0.8725674827369743,0.6445131375579598
0.8725674827369743,0.6444135373203523
0.8725674827369743,0.6443139678615575
0.8725674827369743,0.6442144291673104
0.8725674827369743,0.644114921223355
0.8725674827369743,0.644015444015444
0.8725674827369743,0.6439159975293391
0.8727767315337936,0.6439709742164582
0.8727767315337936,0.6438715652979314
0.8727767315337936,0.6437721870659052
0.8727767315337936,0.6436728395061728
0.8727767315337936,0.6435735226045364
0.8727767315337936,0.6434742363468066
0.8727767315337936,0.6433749807188031
0.8727767315337936,0.6432757557063541
0.8727767315337936,0.6431765612952969
0.8727767315337936,0.6430773974714771
0.8727767315337936,0.6429782642207492
0.8727767315337936,0.6428791615289766
0.8727767315337936,0.6427800893820311
0.8727767315337936,0.6426810477657935
0.8727767315337936,0.6425820366661531
0.8727767315337936,0.642483056069008
0.8727767315337936,0.6423841059602649
0.8727767315337936,0.6422851863258392
0.8727767315337936,0.6421862971516551
0.8727767315337936,0.6420874384236454
0.8727767315337936,0.6419886101277513
0.8727767315337936,0.641889812249923
0.8727767315337936,0.6417910447761194
0.8727767315337936,0.6416923076923077
0.8727767315337936,0.6415936009844639
0.8727767315337936,0.6414949246385727
0.8727767315337936,0.6413962786406274
0.8727767315337936,0.6412976629766297
0.8727767315337936,0.6411990776325903
0.8727767315337936,0.6411005225945281
0.8727767315337936,0.6410019978484709
0.8727767315337936,0.6409035033804549
0.8727767315337936,0.6408050391765248
0.8727767315337936,0.6407066052227343
0.8727767315337936,0.6406082015051452
0.8727767315337936,0.640509828009828
0.8729859803306131,0.6405650237985567
0.8729859803306131,0.6404666871354007
0.8729859803306131,0.6403683806600153
0.8729859803306131,0.6402701043585022
0.8729859803306131,0.640171858216971
0.8729859803306131,0.6400736422215404
0.8729859803306131,0.6399754563583372
0.8729859803306131,0.6398773006134969
0.8729859803306131,0.6397791749731636
0.8729859803306131,0.6396810794234897
0.8729859803306131,0.6395830139506362
0.8731952291274325,0.6396382587369712
0.8731952291274325,0.6395402298850574
0.8731952291274325,0.6394422310756972
0.8731952291274325,0.639344262295082
0.8731952291274325,0.6392463235294118
0.8731952291274325,0.639148414764895
0.8731952291274325,0.6390505359877489
0.8731952291274325,0.6389526871841984
0.8734044779242519,0.6390079608083282
0.8736137267210714,0.6390632175110975
0.8738229755178908,0.6391184573002755
0.8738229755178908,0.6390206579954093
0.8738229755178908,0.6389228886168911
0.8738229755178908,0.6388251491509866
0.8738229755178908,0.6387274395839706
0.8738229755178908,0.6386297599021257
0.8738229755178908,0.6385321100917432
0.8738229755178908,0.6384344901391225
0.8738229755178908,0.6383369000305716
0.8738229755178908,0.6382393397524071
0.8738229755178908,0.6381418092909535
0.8738229755178908,0.6380443086325439
0.8738229755178908,0.6379468377635197
0.8738229755178908,0.6378493966702307
0.8738229755178908,0.6377519853390348
0.8738229755178908,0.6376546037562987
0.8738229755178908,0.637557251908397
0.8738229755178908,0.6374599297817127
0.8738229755178908,0.6373626373626373
0.8738229755178908,0.6372653746375706
0.8738229755178908,0.6371681415929203
0.8738229755178908,0.637070938215103
0.8738229755178908,0.636973764490543
0.8738229755178908,0.6368766204056733
0.8738229755178908,0.636779505946935
0.8738229755178908,0.6366824211007776
0.8740322243147102,0.6367378048780488
0.8740322243147102,0.6366407559823197
0.8740322243147102,0.6365437366656507
0.8742414731115296,0.636599116257809
0.8742414731115296,0.6365021328458257
0.8742414731115296,0.6364051789794364
0.8742414731115296,0.6363082546451416
0.8742414731115296,0.6362113598294503
0.8742414731115296,0.6361144945188795
0.8742414731115296,0.6360176586999543
0.8742414731115296,0.6359208523592085
0.8742414731115296,0.6358240754831836
0.8742414731115296,0.6357273280584297
0.8742414731115296,0.6356306100715047
0.8742414731115296,0.6355339215089747
0.8742414731115296,0.6354372623574145
0.8742414731115296,0.6353406326034063
0.8742414731115296,0.6352440322335411
0.8742414731115296,0.6351474612344178
0.8742414731115296,0.6350509195926433
0.8742414731115296,0.6349544072948329
0.8742414731115296,0.6348579243276098
0.8742414731115296,0.6347614706776056
0.8742414731115296,0.6346650463314598
0.8742414731115296,0.6345686512758202
0.8742414731115296,0.6344722854973425
0.8742414731115296,0.6343759489826906
0.8742414731115296,0.6342796417185365
0.8742414731115296,0.6341833636915604
0.8742414731115296,0.6340871148884505
0.8742414731115296,0.6339908952959029
0.8742414731115296,0.633894704900622
0.874450721908349,0.6339502427184466
0.874450721908349,0.6338540876687395
0.874450721908349,0.6337579617834395
0.8746599707051684,0.6338134950720242
0.8746599707051684,0.6337174044875682
0.8746599707051684,0.6336213430347127
0.8746599707051684,0.6335253107002122
0.8748692195019878,0.633580845582664
0.8748692195019878,0.6334848484848485
0.8748692195019878,0.6333888804726556
0.8748692195019878,0.6332929415328689
0.8748692195019878,0.6331970316522793
0.8748692195019878,0.6331011508176863
0.8748692195019878,0.6330052990158971
0.8748692195019878,0.632909476233727
0.8748692195019878,0.6328136824579991
0.8748692195019878,0.6327179176755447
0.8748692195019878,0.6326221818732032
0.8748692195019878,0.6325264750378214
0.8748692195019878,0.6324307971562547
0.8748692195019878,0.632335148215366
0.8748692195019878,0.6322395282020263
0.8748692195019878,0.6321439371031146
0.8748692195019878,0.6320483749055178
0.8748692195019878,0.6319528415961306
0.8748692195019878,0.6318573371618559
0.8748692195019878,0.6317618615896041
0.8748692195019878,0.631666414866294
0.8748692195019878,0.631570996978852
0.8750784682988073,0.6316266425011328
0.8750784682988073,0.6315312594382362
0.8750784682988073,0.6314359051789219
0.8750784682988073,0.6313405797101449
0.8750784682988073,0.631245283018868
0.8750784682988073,0.6311500150920616
0.8750784682988073,0.6310547759167043
0.8750784682988073,0.6309595654797827
0.8750784682988073,0.6308643837682908
0.8752877170956267,0.630920060331825
0.8752877170956267,0.6308249132860805
0.8754969658924461,0.6308805790108565
0.8754969658924461,0.6307854666063621
0.8754969658924461,0.6306903828760928
0.8754969658924461,0.6305953278070836
0.8754969658924461,0.6305003013863774
0.8754969658924461,0.6304053036010245
0.8754969658924461,0.6303103344380837
0.8754969658924461,0.6302153938846212
0.8754969658924461,0.6301204819277109
0.8754969658924461,0.6300255985544345
0.8754969658924461,0.629930743751882
0.8757062146892656,0.6299864519042602
0.8757062146892656,0.6298916315472607
0.8757062146892656,0.6297968397291196
0.8757062146892656,0.6297020764369545
0.8757062146892656,0.6296073416578908
0.8757062146892656,0.6295126353790613
0.8757062146892656,0.6294179575876072
0.8757062146892656,0.6293233082706767
0.8757062146892656,0.6292286874154263
0.8757062146892656,0.6291340950090198
0.8757062146892656,0.6290395310386292
0.8757062146892656,0.6289449954914337
0.8757062146892656,0.6288504883546205
0.8757062146892656,0.6287560096153846
0.8757062146892656,0.6286615592609284
0.8757062146892656,0.628567137278462
0.8757062146892656,0.6284727436552034
0.8757062146892656,0.6283783783783784
0.8757062146892656,0.62828404143522
0.8757062146892656,0.6281897328129691
0.8757062146892656,0.6280954524988743
0.8757062146892656,0.628001200480192
0.8757062146892656,0.627906976744186
0.8757062146892656,0.6278127812781278
0.8757062146892656,0.6277186140692965
0.8757062146892656,0.627624475104979
0.8757062146892656,0.6275303643724697
0.8757062146892656,0.6274362818590704
0.8757062146892656,0.6273422275520911
0.8757062146892656,0.627248201438849
0.8757062146892656,0.6271542035066686
0.8757062146892656,0.6270602337428828
0.8757062146892656,0.6269662921348315
0.8757062146892656,0.6268723786698622
0.8757062146892656,0.6267784933353302
0.8757062146892656,0.6266846361185984
0.8757062146892656,0.626590807007037
0.8757062146892656,0.6264970059880239
0.8757062146892656,0.6264032330489447
0.8757062146892656,0.6263094881771925
0.8757062146892656,0.6262157713601676
0.8757062146892656,0.6261220825852782
0.8757062146892656,0.6260284218399401
0.8757062146892656,0.6259347891115764
0.8757062146892656,0.6258411843876177
0.8757062146892656,0.6257476076555024
0.8757062146892656,0.625654058902676
0.8757062146892656,0.625560538116592
0.8757062146892656,0.6254670452847108
0.8757062146892656,0.6253735803945009
0.8757062146892656,0.625280143433438
0.8757062146892656,0.6251867343890051
0.8757062146892656,0.6250933532486931
0.8757062146892656,0.625
0.8757062146892656,0.6249066746304316
0.8757062146892656,0.6248133771275007
0.8757062146892656,0.6247201074787282
0.8757062146892656,0.6246268656716418
0.8757062146892656,0.6245336516937771
0.8757062146892656,0.6244404655326768
0.8757062146892656,0.6243473071758914
0.8757062146892656,0.6242541766109785
0.8757062146892656,0.6241610738255033
0.8757062146892656,0.6240679988070384
0.8757062146892656,0.6239749515431638
0.8757062146892656,0.6238819320214669
0.8757062146892656,0.6237889402295425
0.8757062146892656,0.6236959761549925
0.8757062146892656,0.6236030397854269
0.8757062146892656,0.6235101311084624
0.8757062146892656,0.6234172501117236
0.8757062146892656,0.6233243967828418
0.8757062146892656,0.6232315711094565
0.8757062146892656,0.6231387730792138
0.8757062146892656,0.6230460026797677
0.8757062146892656,0.6229532598987794
0.8757062146892656,0.6228605447239173
0.8757062146892656,0.6227678571428571
0.8757062146892656,0.6226751971432822
0.8757062146892656,0.6225825647128831
0.8757062146892656,0.6224899598393574
0.8757062146892656,0.6223973825104104
0.8757062146892656,0.6223048327137547
0.8757062146892656,0.6222123104371097
0.8757062146892656,0.6221198156682027
0.8757062146892656,0.6220273483947681
0.8757062146892656,0.6219349086045475
0.8757062146892656,0.6218424962852898
0.8757062146892656,0.6217501114247511
0.8757062146892656,0.6216577540106952
0.8757062146892656,0.6215654240308927
0.875915463486085,0.6216216216216216
0.875915463486085,0.6215293244246474
0.875915463486085,0.621437054631829
0.875915463486085,0.6213448122309634
0.875915463486085,0.6212525972098546
0.875915463486085,0.621160409556314
0.875915463486085,0.6210682492581603
0.875915463486085,0.6209761163032191
0.875915463486085,0.6208840106793236
0.875915463486085,0.6207919323743141
0.875915463486085,0.6206998813760379
0.875915463486085,0.6206078576723499
0.875915463486085,0.6205158612511118
0.875915463486085,0.6204238921001927
0.875915463486085,0.6203319502074689
0.875915463486085,0.6202400355608239
0.875915463486085,0.6201481481481481
0.875915463486085,0.6200562879573397
0.875915463486085,0.6199644549763034
0.875915463486085,0.6198726491929513
0.875915463486085,0.6197808705952028
0.875915463486085,0.6196891191709845
0.875915463486085,0.6195973949082297
0.875915463486085,0.6195056977948794
0.875915463486085,0.6194140278188813
0.875915463486085,0.6193223849681906
0.8761247122829043,0.619378698224852
0.8761247122829043,0.6192870877089188
0.8761247122829043,0.619195504288672
0.8761247122829043,0.6191039479520922
0.8761247122829043,0.6190124186871674
0.8761247122829043,0.6189209164818921
0.8761247122829043,0.6188294413242684
0.8761247122829043,0.6187379932023053
0.8761247122829043,0.618646572104019
0.8761247122829043,0.6185551780174324
0.8761247122829043,0.6184638109305761
0.8761247122829043,0.6183724708314873
0.8761247122829043,0.6182811577082102
0.8761247122829043,0.6181898715487967
0.8761247122829043,0.618098612341305
0.8761247122829043,0.6180073800738007
0.8761247122829043,0.6179161747343566
0.8761247122829043,0.617824996311052
0.8761247122829043,0.617733844791974
0.8763339610797238,0.6177902345478684
0.8763339610797238,0.6176991150442478
0.8763339610797238,0.6176080224155729
0.8763339610797238,0.6175169566499558
0.8763339610797238,0.6174259177355153
0.8763339610797238,0.6173349056603774
0.8763339610797238,0.6172439204126751
0.8763339610797238,0.6171529619805481
0.8763339610797238,0.6170620303521438
0.8765432098765432,0.6171184443134944
0.8765432098765432,0.6170275445573722
0.8765432098765432,0.6169366715758469
0.8765432098765432,0.6168458253570903
0.8765432098765432,0.6167550058892816
0.8765432098765432,0.6166642131606065
0.8765432098765432,0.6165734471592582
0.8765432098765432,0.6164827078734364
0.8765432098765432,0.6163919952913478
0.8765432098765432,0.6163013094012064
0.8765432098765432,0.6162106501912327
0.8765432098765432,0.6161200176496544
0.8765432098765432,0.6160294117647059
0.8767524586733626,0.6160858697250404
0.8767524586733626,0.6159952955013231
0.8767524586733626,0.6159047479053359
0.8767524586733626,0.615814226925338
0.8767524586733626,0.6157237325495959
0.8767524586733626,0.6156332647663826
0.8767524586733626,0.6155428235639783
0.8767524586733626,0.6154524089306698
0.8767524586733626,0.6153620208547511
0.8767524586733626,0.6152716593245228
0.8767524586733626,0.6151813243282924
0.8767524586733626,0.6150910158543746
0.8767524586733626,0.6150007338910906
0.8767524586733626,0.6149104784267684
0.8767524586733626,0.6148202494497432
0.8767524586733626,0.6147300469483568
0.8767524586733626,0.614639870910958
0.8767524586733626,0.614549721325902
0.8767524586733626,0.6144595981815515
0.8767524586733626,0.6143695014662757
0.8767524586733626,0.6142794311684504
0.8767524586733626,0.6141893872764586
0.8767524586733626,0.6140993697786897
0.8767524586733626,0.6140093786635404
0.8767524586733626,0.613919413919414
0.8767524586733626,0.6138294755347202
0.8767524586733626,0.6137395634978761
0.8767524586733626,0.6136496777973052
0.8767524586733626,0.613559818421438
0.8767524586733626,0.6134699853587116
0.8767524586733626,0.6133801785975699
0.8767524586733626,0.6132903981264637
0.8767524586733626,0.6132006439338504
0.8767524586733626,0.6131109160081943
0.8769617074701821,0.6131675201170447
0.8769617074701821,0.6130778232884728
0.8769617074701821,0.612988152698552
0.8769617074701821,0.6128985083357706
0.8769617074701821,0.6128088901886241
0.8769617074701821,0.612719298245614
0.8769617074701821,0.6126297324952492
0.8769617074701821,0.612540192926045
0.8769617074701821,0.6124506795265234
0.8769617074701821,0.6123611922852134
0.8769617074701821,0.6122717311906501
0.8769617074701821,0.612182296231376
0.8771709562670015,0.6122389367606251
0.8771709562670015,0.6121495327102804
0.8771709562670015,0.6120601547671193
0.8771709562670015,0.6119708029197081
0.8771709562670015,0.6118814771566194
0.8771709562670015,0.6117921774664331
0.8771709562670015,0.6117029038377353
0.8771709562670015,0.6116136562591188
0.8771709562670015,0.611524434719183
0.8771709562670015,0.6114352392065344
0.8771709562670015,0.6113460697097857
0.8771709562670015,0.6112569262175561
0.8771709562670015,0.6111678087184721
0.8771709562670015,0.6110787172011661
0.8771709562670015,0.6109896516542778
0.8771709562670015,0.610900612066453
0.8771709562670015,0.6108115984263441
0.8771709562670015,0.6107226107226107
0.8771709562670015,0.6106336489439185
0.8771709562670015,0.6105447130789396
0.8771709562670015,0.6104558031163536
0.8771709562670015,0.6103669190448456
0.8771709562670015,0.6102780608531082
0.8771709562670015,0.6101892285298399
0.8773802050638209,0.6102459612865667
0.8773802050638209,0.6101571594877765
0.8773802050638209,0.6100683835297541
0.8773802050638209,0.609979633401222
0.8773802050638209,0.609890909090909
0.8773802050638209,0.6098022105875509
0.8773802050638209,0.6097135378798895
0.8775894538606404,0.609770282058738
0.8775894538606404,0.6096816397732229
0.8775894538606404,0.609593023255814
0.8775894538606404,0.6095044324952769
0.8775894538606404,0.6094158674803836
0.8775894538606404,0.6093273281999129
0.8775894538606404,0.6092388146426496
0.8775894538606404,0.6091503267973856
0.8775894538606404,0.609061864652919
0.8775894538606404,0.6089734281980543
0.8775894538606404,0.6088850174216028
0.8775894538606404,0.608796632312382
0.8775894538606404,0.6087082728592162
0.8775894538606404,0.608619939050936
0.8775894538606404,0.6085316308763784
0.8775894538606404,0.6084433483243871
0.8775894538606404,0.608355091383812
0.8775894538606404,0.6082668600435098
0.8775894538606404,0.6081786542923434
0.8775894538606404,0.6080904741191823
0.8775894538606404,0.6080023195129023
0.8775894538606404,0.6079141904623858
0.8775894538606404,0.6078260869565217
0.8775894538606404,0.6077380089842052
0.8775894538606404,0.6076499565343378
0.8775894538606404,0.6075619295958279
0.8775894538606404,0.6074739281575898
0.8775894538606404,0.6073859522085445
0.8775894538606404,0.6072980017376195
0.8775894538606404,0.6072100767337484
0.8775894538606404,0.6071221771858715
0.8775894538606404,0.6070343030829353
0.8775894538606404,0.6069464544138929
0.8775894538606404,0.6068586311677037
0.8775894538606404,0.6067708333333334
0.8775894538606404,0.6066830608997541
0.8775894538606404,0.6065953138559445
0.8775894538606404,0.6065075921908893
0.8775894538606404,0.6064198958935801
0.8775894538606404,0.6063322249530143
0.8775894538606404,0.606244579358196
0.8775894538606404,0.6061569590981356
0.8775894538606404,0.6060693641618498
0.8775894538606404,0.6059817945383615
0.8775894538606404,0.6058942502167004
0.8775894538606404,0.6058067311859021
0.8775894538606404,0.6057192374350087
0.8775894538606404,0.6056317689530686
0.8775894538606404,0.6055443257291366
0.8775894538606404,0.6054569077522737
0.8775894538606404,0.6053695150115473
0.8775894538606404,0.6052821474960312
0.8777987026574597,0.6053391053391053
0.8777987026574597,0.6052517674217285
0.8777987026574597,0.6051644547028274
0.8777987026574597,0.6050771671714986
0.8777987026574597,0.6049899048168446
0.8777987026574597,0.6049026676279741
0.8777987026574597,0.6048154555940023
0.8777987026574597,0.6047282687040507
0.8777987026574597,0.604641106947247
0.8780079514542791,0.6046980832973051
0.8780079514542791,0.6046109510086455
0.8780079514542791,0.604523843826538
0.8780079514542791,0.6044367617401325
0.8780079514542791,0.6043497047385856
0.8780079514542791,0.6042626728110599
0.8780079514542791,0.6041756659467242
0.8782172002510985,0.6042326518859775
0.8782172002510985,0.6041456743918238
0.8782172002510985,0.6040587219343696
0.8782172002510985,0.6039717945028061
0.8782172002510985,0.6038848920863309
0.8782172002510985,0.6037980146741476
0.8782172002510985,0.6037111622554661
0.8782172002510985,0.6036243348195024
0.878426449047918,0.6036813344837504
0.878426449047918,0.6035945363048166
0.878426449047918,0.6035077630822312
0.878426449047918,0.6034210148052321
0.878426449047918,0.603334291463064
0.878426449047918,0.6032475930449778
0.878426449047918,0.6031609195402299
0.8786356978447374,0.6032179284585548
0.8786356978447374,0.6031312841137604
0.8786356978447374,0.603044664656039
0.8786356978447374,0.6029580700746697
0.8786356978447374,0.6028715003589376
0.8786356978447374,0.6027849554981338
0.8786356978447374,0.6026984354815559
0.8786356978447374,0.6026119402985075
0.8786356978447374,0.6025254699382981
0.8786356978447374,0.6024390243902439
0.8786356978447374,0.6023526036436666
0.8786356978447374,0.6022662076878944
0.8786356978447374,0.6021798365122616
0.8788449466415568,0.6022368798394035
0.8788449466415568,0.6021505376344086
0.8788449466415568,0.6020642201834863
0.8788449466415568,0.6019779274759925
0.8788449466415568,0.6018916595012898
0.8788449466415568,0.6018054162487463
0.8788449466415568,0.6017191977077364
0.8788449466415568,0.6016330038676407
0.8788449466415568,0.6015468347178459
0.8788449466415568,0.6014606902477445
0.8788449466415568,0.6013745704467354
0.8788449466415568,0.6012884753042234
0.8788449466415568,0.6012024048096193
0.8788449466415568,0.6011163589523401
0.8790541954383763,0.6011734401831712
0.8790541954383763,0.6010874230934325
0.8790541954383763,0.6010014306151645
0.8792634442351956,0.6010585037905879
0.8792634442351956,0.6009725400457666
0.8792634442351956,0.6008866008866008
0.8792634442351956,0.600800686302545
0.8792634442351956,0.6007147962830593
0.8792634442351956,0.60062893081761
0.8792634442351956,0.6005430898956696
0.8792634442351956,0.6004572735067162
0.8792634442351956,0.6003714816402344
0.8792634442351956,0.6002857142857143
0.8792634442351956,0.6001999714326525
0.8792634442351956,0.6001142530705512
0.879472693032015,0.6001713551335142
0.879472693032015,0.6000856653340948
0.879472693032015,0.6
0.879472693032015,0.5999143591207536
0.879472693032015,0.5998287426858856
0.879472693032015,0.5997431506849316
0.879472693032015,0.5996575831074333
0.879472693032015,0.5995720399429386
0.879472693032015,0.5994865211810013
0.879472693032015,0.5994010268111808
0.879472693032015,0.5993155568230429
0.879472693032015,0.5992301112061591
0.879472693032015,0.599144689950107
0.879472693032015,0.5990592930444698
0.879472693032015,0.5989739204788371
0.879472693032015,0.5988885722428042
0.879472693032015,0.5988032483259723
0.879472693032015,0.5987179487179487
0.879472693032015,0.5986326734083464
0.8796819418288345,0.5986898319567074
0.8796819418288345,0.5986045849352128
0.8796819418288345,0.5985193621867881
0.8796819418288345,0.5984341637010676
0.8796819418288345,0.5983489894676914
0.8796819418288345,0.5982638394763057
0.8796819418288345,0.5981787137165623
0.8796819418288345,0.5980936121781192
0.8798911906256539,0.5981507823613087
0.8798911906256539,0.5980657090029867
0.8798911906256539,0.5979806598407281
0.8798911906256539,0.5978956348642116
0.8798911906256539,0.597810634063122
0.8798911906256539,0.59772565742715
0.8798911906256539,0.5976407049459921
0.8798911906256539,0.5975557766093506
0.8798911906256539,0.5974708724069338
0.8798911906256539,0.5973859923284558
0.8798911906256539,0.5973011363636364
0.8798911906256539,0.5972163045022014
0.8798911906256539,0.5971314967338824
0.8798911906256539,0.5970467130484168
0.8798911906256539,0.596961953435548
0.8798911906256539,0.5968772178850248
0.8798911906256539,0.5967925063866023
0.8798911906256539,0.5967078189300411
0.8798911906256539,0.5966231555051078
0.8798911906256539,0.5965385161015747
0.8798911906256539,0.5964539007092199
0.8798911906256539,0.5963693093178273
0.8798911906256539,0.5962847419171866
0.8798911906256539,0.5962001984970934
0.8798911906256539,0.596115679047349
0.8798911906256539,0.5960311835577604
0.8798911906256539,0.5959467120181405
0.8798911906256539,0.595862264418308
0.8798911906256539,0.5957778407480873
0.8798911906256539,0.5956934409973084
0.8798911906256539,0.5956090651558074
0.8798911906256539,0.5955247132134258
0.8801004394224733,0.5955819881053526
0.8801004394224733,0.595497663882203
0.8801004394224733,0.5954133635334088
0.8801004394224733,0.5953290870488323
0.8801004394224733,0.5952448344183413
0.8801004394224733,0.5951606056318098
0.8801004394224733,0.5950764006791172
0.8801004394224733,0.5949922195501486
0.8801004394224733,0.5949080622347949
0.8801004394224733,0.5948239287229529
0.8801004394224733,0.5947398190045249
0.8801004394224733,0.5946557330694189
0.8801004394224733,0.5945716709075488
0.8801004394224733,0.594487632508834
0.8801004394224733,0.5944036178631995
0.8801004394224733,0.5943196269605765
0.8801004394224733,0.5942356597909014
0.8801004394224733,0.5941517163441165
0.8801004394224733,0.5940677966101695
0.8801004394224733,0.5939839005790143
0.8801004394224733,0.59390002824061
0.8801004394224733,0.5938161795849216
0.8801004394224733,0.5937323546019199
0.8801004394224733,0.5936485532815808
0.8801004394224733,0.5935647756138865
0.8801004394224733,0.5934810215888247
0.8801004394224733,0.5933972911963883
0.8801004394224733,0.5933135844265763
0.8801004394224733,0.5932299012693936
0.8801004394224733,0.5931462417148499
0.8801004394224733,0.5930626057529611
0.8801004394224733,0.5929789933737488
0.8801004394224733,0.5928954045672399
0.8801004394224733,0.5928118393234673
0.8801004394224733,0.592728297632469
0.8801004394224733,0.5926447794842892
0.8801004394224733,0.5925612848689772
0.8801004394224733,0.5924778137765883
0.8803096882192928,0.5925352112676057
0.8803096882192928,0.5924517673567103
0.8803096882192928,0.5923683469445227
0.8803096882192928,0.5922849500211178
0.8803096882192928,0.5922015765765766
0.8803096882192928,0.5921182266009852
0.8803096882192928,0.5920349000844357
0.8803096882192928,0.5919515970170255
0.8805189370161122,0.5920090039392234
0.8805189370161122,0.5919257279504853
0.8805189370161122,0.5918424753867791
0.8805189370161122,0.5917592462382225
0.8805189370161122,0.5916760404949382
0.8805189370161122,0.5915928581470546
0.8805189370161122,0.5915096991847062
0.8805189370161122,0.5914265635980324
0.8805189370161122,0.5913434513771781
0.8805189370161122,0.5912603625122945
0.8805189370161122,0.5911772969935375
0.8805189370161122,0.5910942548110689
0.8805189370161122,0.5910112359550562
0.8805189370161122,0.5909282404156719
0.8805189370161122,0.5908452681830947
0.8805189370161122,0.5907623192475081
0.8805189370161122,0.5906793935991016
0.8805189370161122,0.5905964912280702
0.8805189370161122,0.5905136121246141
0.8805189370161122,0.5904307562789393
0.8805189370161122,0.590347923681257
0.8805189370161122,0.5902651143217843
0.8805189370161122,0.5901823281907433
0.8805189370161122,0.590099565278362
0.8805189370161122,0.5900168255748738
0.8805189370161122,0.5899341090705174
0.8805189370161122,0.5898514157555369
0.8805189370161122,0.5897687456201822
0.8805189370161122,0.5896860986547086
0.8805189370161122,0.5896034748493765
0.8805189370161122,0.5895208741944522
0.8805189370161122,0.5894382966802073
0.8805189370161122,0.5893557422969188
0.8805189370161122,0.5892732110348691
0.8805189370161122,0.5891907028843462
0.8805189370161122,0.5891082178356433
0.8805189370161122,0.5890257558790594
0.8805189370161122,0.5889433170048985
0.8805189370161122,0.5888609012034705
0.8805189370161122,0.5887785084650903
0.8805189370161122,0.5886961387800783
0.8805189370161122,0.5886137921387606
0.8807281858129316,0.5886713286713287
0.8807281858129316,0.5885890085302755
0.8807281858129316,0.5885067114093959
0.8807281858129316,0.5884244372990354
0.8807281858129316,0.5883421861895443
0.8807281858129316,0.5882599580712788
0.8807281858129316,0.5881777529346003
0.8807281858129316,0.5880955707698756
0.8807281858129316,0.588013411567477
0.8807281858129316,0.5879312753177818
0.8807281858129316,0.5878491620111732
0.8807281858129316,0.5877670716380394
0.8807281858129316,0.5876850041887741
0.8807281858129316,0.5876029596537764
0.8807281858129316,0.5875209380234506
0.8807281858129316,0.5874389392882066
0.8807281858129316,0.5873569634384594
0.880937434609751,0.5874145388586577
0.880937434609751,0.5873325892857143
0.880937434609751,0.5872506625749756
0.8811466834065704,0.5873082287308229
0.8811466834065704,0.5872263282666295
0.8811466834065704,0.5871444506413832
0.8811466834065704,0.5870625958455319
0.8811466834065704,0.5869807638695288
0.8811466834065704,0.5868989547038328
0.8811466834065704,0.5868171683389075
0.8811466834065704,0.5867354047652222
0.8811466834065704,0.5866536639732516
0.8811466834065704,0.5865719459534754
0.8813559322033898,0.5866295264623955
0.8813559322033898,0.5865478345634313
0.8813559322033898,0.5864661654135338
0.8813559322033898,0.586384519003202
0.8813559322033898,0.5863028953229399
0.8813559322033898,0.5862212943632568
0.8813559322033898,0.5861397161146674
0.8813559322033898,0.5860581605676917
0.8813559322033898,0.5859766277128547
0.8813559322033898,0.5858951175406871
0.8813559322033898,0.5858136300417246
0.8813559322033898,0.5857321652065082
0.8813559322033898,0.585650723025584
0.8813559322033898,0.5855693034895036
0.8813559322033898,0.585487906588824
0.8813559322033898,0.585406532314107
0.8813559322033898,0.58532518065592
0.8813559322033898,0.5852438516048354
0.8813559322033898,0.585162545151431
0.8813559322033898,0.5850812612862898
0.8813559322033898,0.585
0.8813559322033898,0.5849187612831551
0.8813559322033898,0.5848375451263538
0.8813559322033898,0.5847563515201999
0.8813559322033898,0.5846751804553026
0.8813559322033898,0.5845940319222762
0.8813559322033898,0.5845129059117402
0.8813559322033898,0.5844318024143194
0.8813559322033898,0.5843507214206437
0.8813559322033898,0.5842696629213483
0.8813559322033898,0.5841886269070735
0.8813559322033898,0.5841076133684648
0.8815651810002092,0.584165280088741
0.8815651810002092,0.5840842922501039
0.8815651810002092,0.5840033268644302
0.8815651810002092,0.5839223839223839
0.8815651810002092,0.5838414634146342
0.8815651810002092,0.5837605653318554
0.8815651810002092,0.583679689664727
0.8815651810002092,0.5835988364039341
0.8815651810002092,0.5835180055401662
0.8815651810002092,0.5834371970641186
0.8815651810002092,0.5833564109664913
0.8815651810002092,0.5832756472379897
0.8815651810002092,0.5831949058693244
0.8815651810002092,0.5831141868512111
0.8815651810002092,0.5830334901743703
0.8815651810002092,0.5829528158295282
0.8815651810002092,0.5828721638074156
0.8815651810002092,0.5827915340987688
0.8815651810002092,0.5827109266943292
0.8815651810002092,0.5826303415848431
0.8815651810002092,0.582549778761062
0.8815651810002092,0.5824692382137425
0.8815651810002092,0.5823887199336467
0.8815651810002092,0.5823082239115411
0.8815651810002092,0.5822277501381979
0.8815651810002092,0.5821472986043941
0.8815651810002092,0.5820668693009119
0.8815651810002092,0.5819864622185384
0.8815651810002092,0.5819060773480663
0.8815651810002092,0.5818257146802928
0.8815651810002092,0.5817453742060205
0.8815651810002092,0.5816650559160569
0.8815651810002092,0.5815847598012148
0.8815651810002092,0.581504485852312
0.8815651810002092,0.5814242340601711
0.8815651810002092,0.5813440044156203
0.8815651810002092,0.5812637969094923
0.8815651810002092,0.5811836115326252
0.8815651810002092,0.581103448275862
0.8815651810002092,0.581023307130051
0.8815651810002092,0.5809431880860453
0.8815651810002092,0.5808630911347029
0.8815651810002092,0.5807830162668872
0.8815651810002092,0.5807029634734666
0.8815651810002092,0.5806229327453142
0.8815651810002092,0.5805429240733085
0.8815651810002092,0.5804629374483329
0.8815651810002092,0.5803829728612756
0.8815651810002092,0.5803030303030303
0.8815651810002092,0.5802231097644952
0.8815651810002092,0.580143211236574
0.8815651810002092,0.5800633347101749
0.8815651810002092,0.5799834801762115
0.8817744297970287,0.5800412938747419
0.8817744297970287,0.5799614643545279
0.8817744297970287,0.5798816568047337
0.8817744297970287,0.5798018712162906
0.8819836785938481,0.5798596780850186
0.8819836785938481,0.5797799174690509
0.8819836785938481,0.5797001787924632
0.8819836785938481,0.5796204620462047
0.8819836785938481,0.5795407672212292
0.8819836785938481,0.579461094308496
0.8819836785938481,0.5793814432989691
0.8819836785938481,0.5793018141836174
0.8819836785938481,0.5792222069534149
0.8819836785938481,0.5791426215993405
0.8819836785938481,0.5790630581123781
0.8819836785938481,0.5789835164835165
0.8821929273906675,0.5790413404752095
0.8821929273906675,0.5789618236748146
0.8821929273906675,0.5788823287106961
0.8821929273906675,0.5788028555738605
0.8821929273906675,0.5787234042553191
0.8821929273906675,0.5786439747460884
0.8821929273906675,0.5785645670371895
0.8821929273906675,0.5784851811196488
0.8821929273906675,0.5784058169844972
0.8821929273906675,0.5783264746227709
0.8821929273906675,0.5782471540255109
0.8821929273906675,0.578167855183763
0.882402176187487,0.5782256958727547
0.882402176187487,0.5781464217164793
0.882402176187487,0.578067169294037
0.882402176187487,0.5779879385964912
0.882402176187487,0.5779087296149102
0.882402176187487,0.5778295423403672
0.882402176187487,0.5777503767639403
0.882402176187487,0.5776712328767123
0.882402176187487,0.5775921106697712
0.882402176187487,0.5775130101342099
0.882402176187487,0.5774339312611255
0.882402176187487,0.577354874041621
0.882402176187487,0.5772758384668035
0.882402176187487,0.5771968245277854
0.8826114249843063,0.5772546872861639
0.8826114249843063,0.577175697865353
0.8826114249843063,0.5770967300588316
0.8826114249843063,0.5770177838577292
0.8828206737811257,0.577075639447408
0.8828206737811257,0.5769967177242888
0.8828206737811257,0.5769178175851224
0.8828206737811257,0.5768389390210555
0.8828206737811257,0.5767600820232399
0.8828206737811257,0.5766812465828322
0.8828206737811257,0.5766024326909935
0.8828206737811257,0.5765236403388904
0.8828206737811257,0.5764448695176937
0.8828206737811257,0.5763661202185792
0.8828206737811257,0.5762873924327278
0.8828206737811257,0.5762086861513248
0.8828206737811257,0.5761300013655606
0.8828206737811257,0.5760513380666302
0.8828206737811257,0.5759726962457338
0.8828206737811257,0.5758940758940759
0.8828206737811257,0.5758154770028661
0.8828206737811257,0.5757368995633187
0.8828206737811257,0.575658343566653
0.8828206737811257,0.5755798090040928
0.8828206737811257,0.5755012958668667
0.8828206737811257,0.5754228041462084
0.8828206737811257,0.575344333833356
0.8828206737811257,0.5752658849195528
0.8828206737811257,0.5751874573960464
0.8828206737811257,0.5751090512540894
0.8828206737811257,0.5750306664849394
0.8828206737811257,0.5749523030798582
0.8828206737811257,0.5748739610301131
0.8828206737811257,0.5747956403269755
0.8828206737811257,0.5747173409617219
0.8828206737811257,0.5746390629256334
0.8828206737811257,0.574560806209996
0.8828206737811257,0.5744825708061002
0.8828206737811257,0.5744043567052417
0.8828206737811257,0.5743261638987204
0.8828206737811257,0.5742479923778413
0.8828206737811257,0.574169842133914
0.8828206737811257,0.5740917131582528
0.8828206737811257,0.5740136054421768
0.8828206737811257,0.5739355189770099
0.8828206737811257,0.5738574537540805
0.8828206737811257,0.5737794097647219
0.8828206737811257,0.573701387000272
0.8828206737811257,0.5736233854520734
0.8828206737811257,0.5735454051114737
0.8828206737811257,0.5734674459698247
0.8828206737811257,0.5733895080184833
0.8828206737811257,0.5733115912488109
0.8828206737811257,0.5732336956521739
0.8828206737811257,0.5731558212199429
0.8828206737811257,0.5730779679434936
0.8828206737811257,0.5730001358142062
0.8828206737811257,0.5729223248234655
0.8828206737811257,0.5728445349626612
0.8828206737811257,0.5727667662231877
0.8828206737811257,0.5726890185964436
0.8828206737811257,0.5726112920738328
0.8828206737811257,0.5725335866467635
0.8828206737811257,0.5724559023066486
0.8828206737811257,0.5723782390449057
0.8828206737811257,0.5723005968529571
0.8828206737811257,0.5722229757222298
0.8828206737811257,0.5721453756441551
0.8828206737811257,0.5720677966101695
0.8828206737811257,0.5719902386117137
0.8828206737811257,0.5719127016402331
0.8828206737811257,0.5718351856871781
0.8828206737811257,0.5717576907440033
0.8828206737811257,0.5716802168021681
0.8828206737811257,0.5716027638531365
0.8828206737811257,0.5715253318883772
0.8828206737811257,0.5714479208993634
0.8828206737811257,0.5713705308775732
0.8828206737811257,0.5712931618144889
0.8828206737811257,0.5712158137015976
0.8828206737811257,0.5711384865303912
0.8828206737811257,0.571061180292366
0.8828206737811257,0.5709838949790229
0.8828206737811257,0.5709066305818674
0.8828206737811257,0.5708293870924097
0.8828206737811257,0.5707521645021645
0.8828206737811257,0.5706749628026512
0.8828206737811257,0.5705977819853936
0.8828206737811257,0.5705206220419202
0.8828206737811257,0.5704434829637642
0.8828206737811257,0.5703663647424632
0.8828206737811257,0.5702892673695593
0.8828206737811257,0.5702121908365996
0.8828206737811257,0.5701351351351351
0.8828206737811257,0.5700581002567221
0.8828206737811257,0.5699810861929209
0.8828206737811257,0.5699040929352965
0.8828206737811257,0.5698271204754187
0.8828206737811257,0.5697501688048616
0.8828206737811257,0.5696732379152039
0.8828206737811257,0.5695963277980289
0.8828206737811257,0.5695194384449244
0.8828206737811257,0.5694425698474828
0.8830299225779452,0.5695006747638327
0.8830299225779452,0.5694238294427203
0.8832391713747646,0.5694819212088506
0.8832391713747646,0.5694050991501416
0.8832391713747646,0.5693282978149447
0.8832391713747646,0.5692515171948752
0.8832391713747646,0.5691747572815534
0.8832391713747646,0.5690980180666038
0.8832391713747646,0.5690212995416555
0.8832391713747646,0.568944601698342
0.8832391713747646,0.5688679245283019
0.8832391713747646,0.5687912680231775
0.8832391713747646,0.568714632174616
0.8832391713747646,0.5686380169742692
0.8832391713747646,0.5685614224137931
0.8832391713747646,0.5684848484848485
0.8832391713747646,0.5684082951791004
0.8832391713747646,0.5683317624882187
0.8832391713747646,0.5682552504038773
0.8832391713747646,0.5681787589177547
0.8832391713747646,0.5681022880215343
0.8832391713747646,0.5680258377069035
0.8832391713747646,0.5679494079655544
0.8832391713747646,0.5678729987891834
0.8832391713747646,0.5677966101694916
0.8832391713747646,0.5677202420981843
0.8832391713747646,0.5676438945669715
0.8832391713747646,0.5675675675675675
0.8832391713747646,0.5674912610916913
0.8832391713747646,0.567414975131066
0.8832391713747646,0.5673387096774194
0.8832391713747646,0.5672624647224835
0.883448420171584,0.5673206127385112
0.883448420171584,0.5672443907026736
0.883448420171584,0.5671681891456206
0.883448420171584,0.5670920080591001
0.883448420171584,0.5670158474348643
0.883448420171584,0.5669397072646704
0.883448420171584,0.5668635875402793
0.883448420171584,0.5667874882534568
0.883448420171584,0.5667114093959732
0.883448420171584,0.5666353509596027
0.883448420171584,0.5665593129361245
0.883448420171584,0.5664832953173219
0.883448420171584,0.5664072980949826
0.883448420171584,0.5663313212608987
0.883448420171584,0.566255364806867
0.883448420171584,0.5661794287246882
0.883448420171584,0.5661035130061679
0.883448420171584,0.5660276176431157
0.883448420171584,0.5659517426273458
0.883448420171584,0.5658758879506769
0.883448420171584,0.5658000536049317
0.883448420171584,0.5657242395819375
0.883448420171584,0.5656484458735263
0.883448420171584,0.5655726724715339
0.883448420171584,0.5654969193678007
0.883448420171584,0.5654211865541717
0.883448420171584,0.565345474022496
0.883448420171584,0.5652697817646272
0.883448420171584,0.565194109772423
0.883448420171584,0.565118458037746
0.883448420171584,0.5650428265524625
0.883448420171584,0.5649672153084437
0.883448420171584,0.5648916242975649
0.883448420171584,0.5648160535117057
0.883448420171584,0.5647405029427501
0.883448420171584,0.5646649725825866
0.883448420171584,0.5645894624231078
0.883448420171584,0.5645139724562107
0.883448420171584,0.5644385026737968
0.883448420171584,0.5643630530677717
0.883448420171584,0.5642876236300455
0.883448420171584,0.5642122143525324
0.883448420171584,0.5641368252271513
0.883448420171584,0.5640614562458249
0.883448420171584,0.5639861074004809
0.883448420171584,0.5639107786830506
0.883448420171584,0.5638354700854701
0.883448420171584,0.5637601815996796
0.883448420171584,0.5636849132176235
0.883448420171584,0.5636096649312509
0.883448420171584,0.5635344367325147
0.883448420171584,0.5634592286133725
0.8836576689684035,0.5635174806511876
0.8836576689684035,0.5634422948632422
0.8836576689684035,0.563367129135539
0.8836576689684035,0.5632919834600507
0.8836576689684035,0.5632168578287543
0.8836576689684035,0.5631417522336312
0.8836576689684035,0.5630666666666667
0.8836576689684035,0.5629916011198507
0.8836576689684035,0.5629165555851773
0.8836576689684035,0.5628415300546448
0.8836576689684035,0.5627665245202559
0.8836576689684035,0.5626915389740174
0.8836576689684035,0.5626165734079404
0.8836576689684035,0.5625416278140403
0.8836576689684035,0.5624667021843367
0.8836576689684035,0.5623917965108537
0.8836576689684035,0.5623169107856192
0.8836576689684035,0.5622420450006657
0.8836576689684035,0.5621671991480298
0.8836576689684035,0.5620923732197525
0.8836576689684035,0.5620175672078787
0.8836576689684035,0.5619427811044577
0.8836576689684035,0.5618680149015434
0.8836576689684035,0.5617932685911933
0.8836576689684035,0.5617185421654696
0.8836576689684035,0.5616438356164384
0.8836576689684035,0.5615691489361702
0.8836576689684035,0.5614944821167398
0.8836576689684035,0.561419835150226
0.8836576689684035,0.5613452080287119
0.8836576689684035,0.5612706007442849
0.8836576689684035,0.5611960132890366
0.8836576689684035,0.5611214456550625
0.8836576689684035,0.5610468978344626
0.8836576689684035,0.5609723698193412
0.8836576689684035,0.5608978616018063
0.8836576689684035,0.5608233731739708
0.8836576689684035,0.5607489045279511
0.8836576689684035,0.5606744556558683
0.8838669177652229,0.5607327757865392
0.8838669177652229,0.5606583488186886
0.8838669177652229,0.5605839416058395
0.8838669177652229,0.5605095541401274
0.8838669177652229,0.5604351864136925
0.8838669177652229,0.5603608384186787
0.8838669177652229,0.5602865101472344
0.8838669177652229,0.560212201591512
0.8838669177652229,0.560137912743668
0.8838669177652229,0.5600636435958631
0.8840761665620422,0.5601219673869813
0.8840761665620422,0.5600477200424178
0.8840761665620422,0.559973492379059
0.8840761665620422,0.5598992843890803
0.8840761665620422,0.5598250960646615
0.8840761665620422,0.5597509273979863
0.8840761665620422,0.5596767783812425
0.8840761665620422,0.5596026490066225
0.8840761665620422,0.5595285392663223
0.8840761665620422,0.5594544491525424
0.8840761665620422,0.5593803786574871
0.8840761665620422,0.5593063277733651
0.8840761665620422,0.5592322964923891
0.8840761665620422,0.5591582848067761
0.8840761665620422,0.5590842927087468
0.8840761665620422,0.5590103201905265
0.8840761665620422,0.5589363672443445
0.8840761665620422,0.5588624338624338
0.8840761665620422,0.5587885200370322
0.8840761665620422,0.5587146257603809
0.8840761665620422,0.5586407510247257
0.8840761665620422,0.5585668958223162
0.8840761665620422,0.5584930601454065
0.8840761665620422,0.5584192439862543
0.8840761665620422,0.5583454473371217
0.8840761665620422,0.5582716701902748
0.8840761665620422,0.5581979125379839
0.8842854153588617,0.5582562747688243
0.8842854153588617,0.5581825386342624
0.8842854153588617,0.5581088219757
0.8844946641556811,0.5581671728509178
0.8844946641556811,0.5580934776868234
0.8844946641556811,0.5580198019801981
0.8844946641556811,0.5579461457233369
0.8847039129525005,0.5580044872640887
0.8847039129525005,0.5579308524676696
0.8847039129525005,0.5578572371025201
0.8847039129525005,0.5577836411609499
0.8847039129525005,0.5577100646352724
0.8847039129525005,0.5576365075178054
0.8847039129525005,0.5575629698008704
0.8847039129525005,0.5574894514767933
0.8847039129525005,0.5574159525379038
0.8847039129525005,0.5573424729765357
0.8847039129525005,0.557269012785027
0.8847039129525005,0.5571955719557196
0.8847039129525005,0.5571221504809593
0.8847039129525005,0.5570487483530961
0.8847039129525005,0.5569753655644842
0.8847039129525005,0.5569020021074815
0.8847039129525005,0.5568286579744501
0.8847039129525005,0.5567553331577562
0.8849131617493199,0.5568136932192231
0.8849131617493199,0.5567403896787783
0.8849131617493199,0.5566671054363564
0.8849131617493199,0.556593840484338
0.8849131617493199,0.5565205948151073
0.8849131617493199,0.5564473684210526
0.8849131617493199,0.5563741612945665
0.8849131617493199,0.5563009734280453
0.8849131617493199,0.5562278048138892
0.8849131617493199,0.5561546554445029
0.8849131617493199,0.5560815253122945
0.8849131617493199,0.5560084144096765
0.8849131617493199,0.5559353227290653
0.8849131617493199,0.5558622502628812
0.8849131617493199,0.5557891970035485
0.8849131617493199,0.5557161629434954
0.8849131617493199,0.5556431480751544
0.8851224105461394,0.5557015239096164
0.8851224105461394,0.5556285301458033
0.8853316593429588,0.5556868925663252
0.8853316593429588,0.5556139198949442
0.8853316593429588,0.5555409663865546
0.8853316593429588,0.5554680320336091
0.8853316593429588,0.5553951168285639
0.8853316593429588,0.5553222207638798
0.8853316593429588,0.555249343832021
0.8853316593429588,0.555176486025456
0.8853316593429588,0.5551036473366571
0.8853316593429588,0.5550308277581005
0.8853316593429588,0.5549580272822665
0.8853316593429588,0.5548852459016393
0.8853316593429588,0.554812483608707
0.8853316593429588,0.5547397403959617
0.8853316593429588,0.5546670162558993
0.8853316593429588,0.5545943111810198
0.8853316593429588,0.554521625163827
0.8853316593429588,0.5544489581968287
0.8853316593429588,0.5543763102725366
0.8853316593429588,0.5543036813834665
0.8853316593429588,0.5542310715221378
0.8853316593429588,0.554158480681074
0.8853316593429588,0.5540859088528025
0.8853316593429588,0.5540133560298547
0.8853316593429588,0.5539408222047656
0.8853316593429588,0.5538683073700746
0.8853316593429588,0.5537958115183246
0.8853316593429588,0.5537233346420626
0.8853316593429588,0.5536508767338393
0.8853316593429588,0.5535784377862096
0.8853316593429588,0.553506017791732
0.8853316593429588,0.5534336167429693
0.8853316593429588,0.5533612346324875
0.8853316593429588,0.5532888714528573
0.8853316593429588,0.5532165271966527
0.8853316593429588,0.5531442018564519
0.8853316593429588,0.5530718954248366
0.8853316593429588,0.5529996078943928
0.8853316593429588,0.5529273392577104
0.8853316593429588,0.5528550895073827
0.8853316593429588,0.5527828586360073
0.8853316593429588,0.5527106466361855
0.8853316593429588,0.5526384535005224
0.8853316593429588,0.5525662792216273
0.8853316593429588,0.5524941237921128
0.8853316593429588,0.5524219872045959
0.8853316593429588,0.5523498694516972
0.8853316593429588,0.552277770526041
0.8853316593429588,0.5522056904202558
0.8853316593429588,0.5521336291269737
0.8853316593429588,0.5520615866388309
0.8853316593429588,0.551989562948467
0.8853316593429588,0.5519175580485259
0.8853316593429588,0.5518455719316552
0.8853316593429588,0.551773604590506
0.8853316593429588,0.5517016560177337
0.8853316593429588,0.5516297262059974
0.8853316593429588,0.5515578151479599
0.8853316593429588,0.5514859228362878
0.8853316593429588,0.5514140492636518
0.8853316593429588,0.5513421944227261
0.8853316593429588,0.551270358306189
0.8853316593429588,0.5511985409067223
0.8853316593429588,0.5511267422170119
0.8853316593429588,0.5510549622297474
0.8853316593429588,0.5509832009376221
0.8853316593429588,0.5509114583333333
0.8853316593429588,0.5508397344095821
0.8853316593429588,0.5507680291590732
0.8853316593429588,0.5506963425745152
0.8853316593429588,0.5506246746486205
0.8853316593429588,0.5505530253741054
0.8853316593429588,0.5504813947436898
0.8853316593429588,0.5504097827500976
0.8853316593429588,0.5503381893860562
0.8853316593429588,0.550266614644297
0.8853316593429588,0.5501950585175552
0.8853316593429588,0.5501235209985698
0.8853316593429588,0.5500520020800832
0.8853316593429588,0.549980501754842
0.8853316593429588,0.5499090200155966
0.8853316593429588,0.5498375568551007
0.8853316593429588,0.5497661122661123
0.8853316593429588,0.5496946862413927
0.8853316593429588,0.5496232787737074
0.8853316593429588,0.5495518898558255
0.8853316593429588,0.5494805194805195
0.8853316593429588,0.5494091676405661
0.8853316593429588,0.5493378343287458
0.8853316593429588,0.5492665195378424
0.8853316593429588,0.5491952232606438
0.8853316593429588,0.5491239454899416
0.8853316593429588,0.549052686218531
0.8853316593429588,0.5489814454392111
0.8853316593429588,0.5489102231447847
0.8853316593429588,0.5488390193280581
0.8853316593429588,0.5487678339818418
0.8855409081397781,0.5488263519647257
0.8855409081397781,0.5487551867219918
0.8855409081397781,0.5486840399325813
0.8855409081397781,0.5486129115893181
0.8855409081397781,0.5485418016850292
0.8855409081397781,0.5484707102125453
0.8857501569365976,0.5485292211999482
0.8857501569365976,0.5484581497797357
0.8857501569365976,0.5483870967741935
0.8857501569365976,0.5483160621761658
0.8857501569365976,0.5482450459785002
0.8857501569365976,0.5481740481740481
0.8857501569365976,0.548103068755665
0.8857501569365976,0.5480321077162092
0.8857501569365976,0.5479611650485436
0.8857501569365976,0.5478902407455346
0.8857501569365976,0.5478193348000517
0.8857501569365976,0.547748447204969
0.8857501569365976,0.5476775779531634
0.8857501569365976,0.5476067270375161
0.8857501569365976,0.5475358944509119
0.8857501569365976,0.547465080186239
0.8857501569365976,0.5473942842363895
0.8857501569365976,0.5473235065942591
0.8857501569365976,0.5472527472527473
0.8857501569365976,0.547182006204757
0.8857501569365976,0.547111283443195
0.8857501569365976,0.5470405789609718
0.8857501569365976,0.5469698927510014
0.8857501569365976,0.5468992248062016
0.8857501569365976,0.5468285751194936
0.8857501569365976,0.5467579436838026
0.8857501569365976,0.5466873304920573
0.885959405733417,0.546745867768595
0.885959405733417,0.5466752743705616
0.885959405733417,0.5466046991995869
0.885959405733417,0.5465341422486124
0.885959405733417,0.5464636035105834
0.885959405733417,0.5463930829784488
0.885959405733417,0.5463225806451613
0.885959405733417,0.5462520965036769
0.885959405733417,0.5461816305469557
0.885959405733417,0.5461111827679608
0.885959405733417,0.5460407531596595
0.885959405733417,0.5459703417150226
0.885959405733417,0.5458999484270243
0.885959405733417,0.5458295732886426
0.885959405733417,0.545759216292859
0.885959405733417,0.5456888774326588
0.885959405733417,0.5456185567010309
0.885959405733417,0.5455482540909676
0.885959405733417,0.5454779695954651
0.885959405733417,0.5454077032075229
0.885959405733417,0.5453374549201443
0.885959405733417,0.5452672247263362
0.885959405733417,0.5451970126191089
0.885959405733417,0.5451268185914767
0.885959405733417,0.5450566426364573
0.885959405733417,0.5449864847470717
0.885959405733417,0.5449163449163449
0.885959405733417,0.5448462231373054
0.885959405733417,0.5447761194029851
0.885959405733417,0.5447060337064197
0.885959405733417,0.5446359660406483
0.885959405733417,0.5445659163987139
0.885959405733417,0.5444958847736625
0.885959405733417,0.5444258711585445
0.885959405733417,0.544355875546413
0.8861686545302364,0.5444144491579894
0.8861686545302364,0.544344473007712
0.8861686545302364,0.5442745148438504
0.8861686545302364,0.5442045746594706
0.8861686545302364,0.5441346524476423
0.8861686545302364,0.5440647482014388
0.8863779033270559,0.5441233140655106
0.8863779033270559,0.5440534292319548
0.8863779033270559,0.5439835623475022
0.8863779033270559,0.5439137134052389
0.8863779033270559,0.543843882398254
0.8863779033270559,0.5437740693196406
0.8863779033270559,0.5437042741624952
0.8863779033270559,0.5436344969199178
0.8863779033270559,0.5435647375850122
0.8863779033270559,0.5434949961508853
0.8863779033270559,0.5434252726106479
0.8863779033270559,0.543355566957414
0.8863779033270559,0.5432858791843016
0.8863779033270559,0.5432162092844319
0.8863779033270559,0.5431465572509296
0.8863779033270559,0.5430769230769231
0.8863779033270559,0.5430073067555442
0.8863779033270559,0.5429377082799283
0.8863779033270559,0.5428681276432141
0.8863779033270559,0.5427985648385444
0.8863779033270559,0.5427290198590647
0.8863779033270559,0.5426594926979247
0.8863779033270559,0.5425899833482772
0.8863779033270559,0.5425204918032787
0.8863779033270559,0.5424510180560891
0.8863779033270559,0.542381562099872
0.8863779033270559,0.5423121239277942
0.8863779033270559,0.5422427035330261
0.8863779033270559,0.5421733009087418
0.8863779033270559,0.5421039160481188
0.8863779033270559,0.5420345489443378
0.8863779033270559,0.5419651995905834
0.8863779033270559,0.5418958679800435
0.8863779033270559,0.5418265541059094
0.8863779033270559,0.5417572579613761
0.8863779033270559,0.541687979539642
0.8863779033270559,0.5416187188339087
0.8863779033270559,0.5415494758373818
0.8863779033270559,0.5414802505432699
0.8863779033270559,0.5414110429447853
0.8863779033270559,0.5413418530351438
0.8863779033270559,0.5412726808075645
0.8863779033270559,0.5412035262552702
0.8863779033270559,0.541134389371487
0.8863779033270559,0.5410652701494444
0.8863779033270559,0.5409961685823754
0.8863779033270559,0.5409270846635168
0.8863779033270559,0.5408580183861083
0.8863779033270559,0.5407889697433933
0.8863779033270559,0.5407199387286188
0.8863779033270559,0.5406509253350351
0.8863779033270559,0.5405819295558959
0.8863779033270559,0.5405129513844583
0.8863779033270559,0.5404439908139832
0.8863779033270559,0.5403750478377344
0.8863779033270559,0.5403061224489796
0.8863779033270559,0.5402372146409896
0.8863779033270559,0.540168324407039
0.8863779033270559,0.5400994517404054
0.8863779033270559,0.5400305966343703
0.8863779033270559,0.539961759082218
0.8863779033270559,0.5398929390772368
0.8863779033270559,0.5398241366127182
0.8863779033270559,0.5397553516819572
0.8863779033270559,0.539686584278252
0.8863779033270559,0.5396178343949044
0.8863779033270559,0.5395491020252197
0.8863779033270559,0.5394803871625063
0.8863779033270559,0.5394116898000764
0.8863779033270559,0.5393430099312452
0.8863779033270559,0.5392743475493317
0.8863779033270559,0.5392057026476579
0.8863779033270559,0.5391370752195495
0.8863779033270559,0.5390684652583354
0.8863779033270559,0.5389998727573483
0.8863779033270559,0.5389312977099237
0.8863779033270559,0.5388627401094008
0.8863779033270559,0.5387941999491224
0.8863779033270559,0.5387256772224341
0.8863779033270559,0.5386571719226857
0.8863779033270559,0.5385886840432295
0.8863779033270559,0.5385202135774219
0.8865871521238753,0.5385788737765349
0.8865871521238753,0.5385104219623793
0.8865871521238753,0.5384419875460669
0.8865871521238753,0.5383735705209657
0.8865871521238753,0.5383051708804472
0.8865871521238753,0.5382367886178862
0.8865871521238753,0.5381684237266607
0.8865871521238753,0.5381000762001524
0.8865871521238753,0.5380317460317461
0.8865871521238753,0.5379634332148299
0.8865871521238753,0.5378951377427955
0.8865871521238753,0.5378268596090379
0.8865871521238753,0.5377585988069552
0.8865871521238753,0.5376903553299492
0.8865871521238753,0.5376221291714249
0.8865871521238753,0.5375539203247907
0.8865871521238753,0.5374857287834581
0.8865871521238753,0.5374175545408422
0.8865871521238753,0.5373493975903615
0.8865871521238753,0.5372812579254375
0.8865871521238753,0.5372131355394953
0.8865871521238753,0.5371450304259635
0.8865871521238753,0.5370769425782735
0.8865871521238753,0.5370088719898606
0.8865871521238753,0.536940818654163
0.8865871521238753,0.5368727825646225
0.8865871521238753,0.5368047637146839
0.8865871521238753,0.5367367620977957
0.8865871521238753,0.5366687777074097
0.8865871521238753,0.5366008105369807
0.8865871521238753,0.5365328605799671
0.8865871521238753,0.5364649278298304
0.8865871521238753,0.5363970122800354
0.8865871521238753,0.5363291139240506
0.8865871521238753,0.5362612327553474
0.8865871521238753,0.5361933687674006
0.8865871521238753,0.5361255219536885
0.8865871521238753,0.5360576923076923
0.8865871521238753,0.5359898798228969
0.8865871521238753,0.5359220844927903
0.8865871521238753,0.5358543063108638
0.8865871521238753,0.5357865452706121
0.8865871521238753,0.535718801365533
0.8865871521238753,0.5356510745891276
0.8865871521238753,0.5355833649349008
0.8865871521238753,0.53551567239636
0.8865871521238753,0.5354479969670163
0.8865871521238753,0.5353803386403841
0.8865871521238753,0.535312697409981
0.8865871521238753,0.5352450732693279
0.8865871521238753,0.535177466211949
0.8865871521238753,0.5351098762313715
0.8865871521238753,0.5350423033211265
0.8865871521238753,0.5349747474747475
0.8865871521238753,0.534907208685772
0.8865871521238753,0.5348396869477404
0.8865871521238753,0.5347721822541966
0.8865871521238753,0.5347046945986875
0.8865871521238753,0.5346372239747634
0.8865871521238753,0.5345697703759777
0.8865871521238753,0.5345023337958875
0.8865871521238753,0.5344349142280524
0.8865871521238753,0.534367511666036
0.8865871521238753,0.5343001261034048
0.8865871521238753,0.5342327575337285
0.8865871521238753,0.5341654059505799
0.8865871521238753,0.5340980713475356
0.8865871521238753,0.534030753718175
0.8865871521238753,0.5339634530560806
0.8865871521238753,0.5338961693548387
0.8865871521238753,0.5338289026080383
0.8865871521238753,0.5337616528092719
0.8865871521238753,0.5336944199521351
0.8865871521238753,0.5336272040302267
0.8865871521238753,0.533560005037149
0.8865871521238753,0.5334928229665071
0.8865871521238753,0.5334256578119099
0.8865871521238753,0.5333585095669687
0.8865871521238753,0.5332913782252989
0.8865871521238753,0.5332242637805185
0.8865871521238753,0.5331571662262489
0.8865871521238753,0.5330900855561147
0.8865871521238753,0.5330230217637438
0.8865871521238753,0.5329559748427672
0.8865871521238753,0.5328889447868193
0.8865871521238753,0.5328219315895373
0.8865871521238753,0.5327549352445619
0.8865871521238753,0.5326879557455368
0.8865871521238753,0.5326209930861093
0.8865871521238753,0.5325540472599296
0.8865871521238753,0.532487118260651
0.8865871521238753,0.5324202060819301
0.8865871521238753,0.5323533107174269
0.8865871521238753,0.5322864321608041
0.8865871521238753,0.5322195704057279
0.8865871521238753,0.5321527254458679
0.8865871521238753,0.5320858972748964
0.8865871521238753,0.5320190858864892
0.8865871521238753,0.5319522912743252
0.8865871521238753,0.5318855134320863
0.8865871521238753,0.531818752353458
0.8865871521238753,0.5317520080321285
0.8865871521238753,0.5316852804617894
0.8865871521238753,0.5316185696361355
0.8865871521238753,0.5315518755488646
0.8865871521238753,0.5314851981936779
0.8865871521238753,0.5314185375642795
0.8865871521238753,0.5313518936543767
0.8865871521238753,0.5312852664576803
0.8865871521238753,0.5312186559679037
0.8865871521238753,0.531152062178764
0.8865871521238753,0.5310854850839809
0.8865871521238753,0.5310189246772778
0.8865871521238753,0.530952380952381
0.8865871521238753,0.5308858539030197
0.8865871521238753,0.5308193435229266
0.8865871521238753,0.5307528498058374
0.8865871521238753,0.530686372745491
0.8865871521238753,0.5306199123356293
0.8865871521238753,0.5305534685699975
0.8865871521238753,0.5304870414423438
0.8865871521238753,0.5304206309464197
0.8865871521238753,0.5303542370759795
0.8865871521238753,0.530287859824781
0.8865871521238753,0.5302214991865849
0.8865871521238753,0.5301551551551551
0.8865871521238753,0.5300888277242587
0.8865871521238753,0.5300225168876658
0.8865871521238753,0.5299562226391494
0.8865871521238753,0.5298899449724862
0.8865871521238753,0.5298236838814555
0.8865871521238753,0.52975743935984
0.8865871521238753,0.5296912114014252
0.8865871521238753,0.529625
0.8865871521238753,0.5295588051493564
0.8865871521238753,0.5294926268432891
0.8865871521238753,0.5294264650755967
0.8865871521238753,0.5293603198400799
0.8865871521238753,0.5292941911305434
0.8865871521238753,0.5292280789407944
0.8865871521238753,0.5291619832646435
0.8865871521238753,0.5290959040959041
0.8865871521238753,0.529029841428393
0.8865871521238753,0.5289637952559301
0.8865871521238753,0.528897765572338
0.8865871521238753,0.5288317523714429
0.8865871521238753,0.5287657556470735
0.8865871521238753,0.5286997753930621
0.8865871521238753,0.528633811603244
0.8865871521238753,0.5285678642714571
0.8865871521238753,0.5285019333915429
0.8865871521238753,0.5284360189573459
0.8865871521238753,0.5283701209627135
0.8865871521238753,0.5283042394014963
0.8865871521238753,0.5282383742675477
0.8865871521238753,0.5281725255547245
0.8865871521238753,0.5281066932568864
0.8865871521238753,0.5280408773678963
0.8865871521238753,0.5279750778816199
0.8865871521238753,0.5279092947919263
0.8865871521238753,0.5278435280926872
0.8865871521238753,0.5277777777777778
0.8865871521238753,0.5277120438410761
0.8865871521238753,0.5276463262764632
0.8865871521238753,0.5275806250778234
0.8865871521238753,0.5275149402390438
0.8865871521238753,0.5274492717540147
0.8865871521238753,0.5273836196166293
0.8865871521238753,0.5273179838207841
0.8865871521238753,0.5272523643603783
0.8865871521238753,0.5271867612293144
0.8865871521238753,0.5271211744214979
0.8865871521238753,0.5270556039308372
0.8865871521238753,0.5269900497512437
0.8865871521238753,0.5269245118766323
0.8865871521238753,0.5268589903009202
0.8865871521238753,0.5267934850180281
0.8865871521238753,0.5267279960218797
0.8865871521238753,0.5266625233064015
0.8865871521238753,0.5265970668655232
0.8865871521238753,0.5265316266931775
0.8865871521238753,0.5264662027833003
0.8865871521238753,0.5264007951298298
0.8865871521238753,0.5263354037267081
0.8865871521238753,0.5262700285678797
0.8865871521238753,0.5262046696472926
0.8865871521238753,0.5261393269588973
0.8865871521238753,0.5260740004966477
0.8865871521238753,0.5260086902545003
0.8865871521238753,0.5259433962264151
0.8865871521238753,0.5258781184063547
0.8865871521238753,0.5258128567882849
0.8865871521238753,0.5257476113661744
0.8865871521238753,0.525682382133995
0.8865871521238753,0.5256171690857214
0.8865871521238753,0.5255519722153312
0.8865871521238753,0.5254867915168051
0.8865871521238753,0.525421626984127
0.8865871521238753,0.5253564786112833
0.8865871521238753,0.5252913463922638
0.8865871521238753,0.5252262303210611
0.8867964009206947,0.5252850768468021
0.8867964009206947,0.525219977692403
0.8867964009206947,0.5251548946716234
0.8867964009206947,0.5250898277784661
0.8867964009206947,0.5250247770069376
0.8867964009206947,0.5249597423510467
0.8867964009206947,0.5248947238048055
0.8867964009206947,0.524829721362229
0.8867964009206947,0.5247647350173353
0.8867964009206947,0.5246997647641451
0.8867964009206947,0.5246348105966824
0.8867964009206947,0.5245698725089739
0.8867964009206947,0.5245049504950495
0.8867964009206947,0.524440044548942
0.8867964009206947,0.524375154664687
0.8867964009206947,0.5243102808363231
0.8867964009206947,0.5242454230578921
0.8867964009206947,0.5241805813234385
0.8867964009206947,0.5241157556270096
0.8867964009206947,0.5240509459626561
0.8867964009206947,0.5239861523244312
0.8867964009206947,0.5239213747063914
0.8867964009206947,0.5238566131025958
0.8867964009206947,0.5237918675071067
0.8867964009206947,0.5237271379139892
0.8867964009206947,0.5236624243173112
0.8867964009206947,0.523597726711144
0.8867964009206947,0.5235330450895614
0.8867964009206947,0.5234683794466403
0.8867964009206947,0.5234037297764604
0.8867964009206947,0.5233390960731045
0.8867964009206947,0.5232744783306581
0.8867964009206947,0.5232098765432098
0.8867964009206947,0.5231452907048513
0.8867964009206947,0.5230807208096766
0.8867964009206947,0.5230161668517833
0.8867964009206947,0.5229516288252715
0.8867964009206947,0.5228871067242443
0.8870056497175142,0.5229459659511473
0.8870056497175142,0.5228814604662637
0.8870056497175142,0.5228169708929452
0.8870056497175142,0.5227524972253053
0.8870056497175142,0.5226880394574599
0.8870056497175142,0.5226235975835285
0.8870056497175142,0.5225591715976331
0.8870056497175142,0.5224947614938987
0.8870056497175142,0.5224303672664531
0.8870056497175142,0.522365988909427
0.8870056497175142,0.5223016264169542
0.8870056497175142,0.5222372797831711
0.8870056497175142,0.5221729490022173
0.8870056497175142,0.522108634068235
0.8870056497175142,0.5220443349753695
0.8870056497175142,0.5219800517177687
0.8870056497175142,0.5219157842895839
0.8870056497175142,0.5218515326849686
0.8870056497175142,0.5217872968980798
0.8870056497175142,0.521723076923077
0.8870056497175142,0.5216588727541226
0.8870056497175142,0.521594684385382
0.8870056497175142,0.5215305118110236
0.8870056497175142,0.5214663550252183
0.8870056497175142,0.5214022140221403
0.8870056497175142,0.5213380887959661
0.8870056497175142,0.5212739793408756
0.8870056497175142,0.5212098856510513
0.8870056497175142,0.5211458077206786
0.8870056497175142,0.5210817455439459
0.8870056497175142,0.5210176991150443
0.8870056497175142,0.5209536684281676
0.8870056497175142,0.5208896534775129
0.8870056497175142,0.5208256542572798
0.8870056497175142,0.5207616707616708
0.8870056497175142,0.5206977029848913
0.8870056497175142,0.5206337509211496
0.8870056497175142,0.5205698145646568
0.8870056497175142,0.5205058939096268
0.8870056497175142,0.5204419889502763
0.8870056497175142,0.5203780996808249
0.8870056497175142,0.5203142260954953
0.8870056497175142,0.5202503681885126
0.8870056497175142,0.5201865259541048
0.8870056497175142,0.520122699386503
0.8870056497175142,0.5200588884799411
0.8870056497175142,0.5199950932286556
0.8870056497175142,0.5199313136268858
0.8870056497175142,0.5198675496688742
0.8870056497175142,0.5198038013488657
0.8870056497175142,0.5197400686611083
0.8870056497175142,0.5196763515998529
0.8870056497175142,0.5196126501593528
0.8870056497175142,0.5195489643338644
0.8870056497175142,0.5194852941176471
0.8870056497175142,0.5194216395049627
0.8870056497175142,0.519358000490076
0.8870056497175142,0.5192943770672547
0.8870056497175142,0.5192307692307693
0.8870056497175142,0.5191671769748928
0.8870056497175142,0.5191036002939016
0.8870056497175142,0.5190400391820742
0.8870056497175142,0.5189764936336925
0.8870056497175142,0.5189129636430407
0.8870056497175142,0.5188494492044063
0.8870056497175142,0.5187859503120793
0.8870056497175142,0.5187224669603524
0.8870056497175142,0.5186589991435213
0.8870056497175142,0.5185955468558845
0.8870056497175142,0.5185321100917432
0.8870056497175142,0.5184686888454012
0.8870056497175142,0.5184052831111655
0.8870056497175142,0.5183418928833455
0.8870056497175142,0.5182785181562538
0.8870056497175142,0.5182151589242053
0.8870056497175142,0.5181518151815182
0.8870056497175142,0.5180884869225129
0.8870056497175142,0.518025174141513
0.8870056497175142,0.5179618768328446
0.8870056497175142,0.5178985949908369
0.8870056497175142,0.5178353286098216
0.8870056497175142,0.5177720776841334
0.8870056497175142,0.5177088422081094
0.8870056497175142,0.5176456221760899
0.8870056497175142,0.5175824175824176
0.8870056497175142,0.5175192284214382
0.8870056497175142,0.5174560546875
0.8870056497175142,0.5173928963749542
0.8870056497175142,0.5173297534781548
0.8870056497175142,0.5172666259914582
0.8870056497175142,0.517203513909224
0.8870056497175142,0.5171404172258143
0.8870056497175142,0.517077335935594
0.8870056497175142,0.5170142700329309
0.8870056497175142,0.5169512195121951
0.8870056497175142,0.5168881843677601
0.8870056497175142,0.5168251645940015
0.8870056497175142,0.5167621601852981
0.8870056497175142,0.5166991711360313
0.8870056497175142,0.516636197440585
0.8870056497175142,0.5165732390933463
0.8870056497175142,0.5165102960887048
0.8870056497175142,0.5164473684210527
0.8870056497175142,0.516384456084785
0.8870056497175142,0.5163215590742997
0.8870056497175142,0.5162586773839971
0.8870056497175142,0.5161958110082806
0.8870056497175142,0.5161329599415561
0.8870056497175142,0.5160701241782323
0.8870056497175142,0.5160073037127206
0.8870056497175142,0.5159444985394352
0.8870056497175142,0.515881708652793
0.8870056497175142,0.5158189340472135
0.8870056497175142,0.5157561747171189
0.8870056497175142,0.5156934306569343
0.8870056497175142,0.5156307018610875
0.8870056497175142,0.5155679883240087
0.8870056497175142,0.5155052900401313
0.8870056497175142,0.515442607003891
0.8870056497175142,0.5153799392097265
0.8870056497175142,0.5153172866520788
0.8870056497175142,0.515254649325392
0.8870056497175142,0.5151920272241128
0.8870056497175142,0.5151294203426905
0.8870056497175142,0.5150668286755772
0.8870056497175142,0.5150042522172276
0.8870056497175142,0.5149416909620991
0.8872148985143335,0.5150006073120369
0.8872148985143335,0.5149380616954092
0.8872148985143335,0.5148755312689739
0.8872148985143335,0.5148130160271976
0.8872148985143335,0.5147505159645502
0.8872148985143335,0.5146880310755038
0.8872148985143335,0.5146255613545333
0.8872148985143335,0.5145631067961165
0.8872148985143335,0.5145006673947337
0.8872148985143335,0.5144382431448677
0.8872148985143335,0.5143758340410045
0.8872148985143335,0.5143134400776322
0.8872148985143335,0.5142510612492419
0.8872148985143335,0.5141886975503275
0.8872148985143335,0.514126348975385
0.8872148985143335,0.5140640155189137
0.8872148985143335,0.5140016971754152
0.8872148985143335,0.5139393939393939
0.8872148985143335,0.513877105805357
0.8872148985143335,0.5138148327678138
0.8872148985143335,0.5137525748212771
0.8872148985143335,0.5136903319602617
0.8872148985143335,0.5136281041792853
0.8872148985143335,0.5135658914728682
0.8872148985143335,0.5135036938355335
0.8872148985143335,0.5134415112618067
0.8872148985143335,0.5133793437462163
0.8872148985143335,0.513317191283293
0.8872148985143335,0.5132550538675705
0.8872148985143335,0.5131929314935851
0.8872148985143335,0.5131308241558756
0.8872148985143335,0.5130687318489835
0.8872148985143335,0.5130066545674531
0.8872148985143335,0.5129445923058311
0.8874241473111529,0.5130035079230676
0.8874241473111529,0.5129414610546686
0.8874241473111529,0.5128794291933728
0.8874241473111529,0.5128174123337363
0.8874241473111529,0.512755410470318
0.8874241473111529,0.5126934235976789
0.8874241473111529,0.5126314517103832
0.8874241473111529,0.5125694948029973
0.8874241473111529,0.5125075528700906
0.8874241473111529,0.5124456259062349
0.8874241473111529,0.5123837139060046
0.8874241473111529,0.5123218168639768
0.8874241473111529,0.5122599347747312
0.8874241473111529,0.5121980676328503
0.8874241473111529,0.5121362154329188
0.8874241473111529,0.5120743781695243
0.8876333961079724,0.5121332850416516
0.8876333961079724,0.512071463061323
0.8876333961079724,0.512009656004828
0.8876333961079724,0.5119478638667632
0.8876333961079724,0.511886086641728
0.8876333961079724,0.5118243243243243
0.8876333961079724,0.5117625769091567
0.8876333961079724,0.5117008443908323
0.8876333961079724,0.511639126763961
0.8876333961079724,0.5115774240231549
0.8876333961079724,0.511515736163029
0.8876333961079724,0.5114540631782011
0.8876333961079724,0.5113924050632911
0.8876333961079724,0.5113307618129219
0.8876333961079724,0.5112691334217186
0.8876333961079724,0.5112075198843095
0.8876333961079724,0.5111459211953248
0.8876333961079724,0.5110843373493976
0.8876333961079724,0.5110227683411637
0.8878426449047918,0.5110816670681764
0.8878426449047918,0.5110201132120921
0.8878426449047918,0.5109585741811176
0.8878426449047918,0.5108970499698976
0.8878426449047918,0.5108355405730797
0.8878426449047918,0.5107740459853136
0.8878426449047918,0.5107125662012518
0.8878426449047918,0.5106511012155494
0.8878426449047918,0.510589651022864
0.8878426449047918,0.5105282156178559
0.8878426449047918,0.5104667949951877
0.8878426449047918,0.5104053891495248
0.8878426449047918,0.5103439980755352
0.8878426449047918,0.5102826217678894
0.8878426449047918,0.5102212602212602
0.8878426449047918,0.5101599134303234
0.8878426449047918,0.5100985813897572
0.8878426449047918,0.5100372640942421
0.8878426449047918,0.5099759615384616
0.8878426449047918,0.5099146737171013
0.8878426449047918,0.5098534006248499
0.8878426449047918,0.5097921422563979
0.8878426449047918,0.5097308986064392
0.8878426449047918,0.5096696696696696
0.8878426449047918,0.5096084554407879
0.8878426449047918,0.509547255914495
0.8878426449047918,0.5094860710854947
0.8878426449047918,0.5094249009484932
0.8878426449047918,0.5093637454981993
0.8878426449047918,0.5093026047293242
0.8878426449047918,0.5092414786365819
0.8878426449047918,0.5091803672146886
0.8878426449047918,0.5091192704583634
0.8878426449047918,0.5090581883623275
0.8878426449047918,0.5089971209213052
0.8878426449047918,0.5089360681300228
0.8878426449047918,0.5088750299832094
0.8878426449047918,0.5088140064755966
0.8878426449047918,0.5087529976019185
0.8878426449047918,0.5086920033569117
0.8880518937016112,0.5087508990649724
0.8880518937016112,0.5086899196931559
0.8880518937016112,0.5086289549376798
0.8880518937016112,0.5085680047932893
0.8880518937016112,0.5085070692547328
0.8880518937016112,0.5084461483167605
0.8880518937016112,0.5083852419741255
0.8880518937016112,0.5083243502215834
0.8880518937016112,0.5082634730538922
0.8880518937016112,0.5082026104658125
0.8880518937016112,0.5081417624521073
0.8880518937016112,0.5080809290075422
0.8880518937016112,0.5080201101268853
0.8880518937016112,0.5079593058049072
0.8880518937016112,0.507898516036381
0.8880518937016112,0.5078377408160824
0.8880518937016112,0.5077769801387891
0.8880518937016112,0.5077162339992822
0.8880518937016112,0.5076555023923445
0.8880518937016112,0.5075947853127616
0.8880518937016112,0.5075340827553217
0.8880518937016112,0.5074733947148152
0.8880518937016112,0.5074127211860354
0.8880518937016112,0.5073520621637776
0.8880518937016112,0.50729141764284
0.8880518937016112,0.5072307876180232
0.8880518937016112,0.5071701720841301
0.8880518937016112,0.5071095710359661
0.8880518937016112,0.5070489844683393
0.8880518937016112,0.5069884123760602
0.8880518937016112,0.5069278547539418
0.8880518937016112,0.5068673115967992
0.8880518937016112,0.5068067828994507
0.8880518937016112,0.5067462686567165
0.8880518937016112,0.5066857688634193
0.8882611424984307,0.5067446579921213
0.8882611424984307,0.5066841728336119
0.8882611424984307,0.5066237021124239
0.8882611424984307,0.5065632458233891
0.8882611424984307,0.5065028039613412
0.8882611424984307,0.5064423765211167
0.8882611424984307,0.5063819634975546
0.8882611424984307,0.5063215648854962
0.8882611424984307,0.5062611806797853
0.8882611424984307,0.5062008108752684
0.8882611424984307,0.5061404554667939
0.8882611424984307,0.5060801144492132
0.8882611424984307,0.5060197878173799
0.8882611424984307,0.5059594755661502
0.8882611424984307,0.5058991776903825
0.8882611424984307,0.505838894184938
0.8882611424984307,0.5057786250446801
0.8882611424984307,0.5057183702644746
0.8882611424984307,0.50565812983919
0.8882611424984307,0.505597903763697
0.8882611424984307,0.5055376920328689
0.8884703912952501,0.5055965706120504
0.8884703912952501,0.5055363733777831
0.8884703912952501,0.5054761904761905
0.8884703912952501,0.5054160219021545
0.8884703912952501,0.5053558676505594
0.8884703912952501,0.5052957277162918
0.8884703912952501,0.5052356020942408
0.8884703912952501,0.505175490779298
0.8884703912952501,0.5051153937663574
0.8884703912952501,0.5050553110503152
0.8884703912952501,0.5049952426260704
0.8884703912952501,0.5049351884885241
0.8884703912952501,0.5048751486325802
0.8884703912952501,0.5048151230531447
0.8884703912952501,0.504755111745126
0.8884703912952501,0.5046951147034352
0.8884703912952501,0.5046351319229855
0.8884703912952501,0.5045751633986928
0.8884703912952501,0.5045152091254753
0.8884703912952501,0.5044552690982536
0.8884703912952501,0.5043953433119506
0.8884703912952501,0.5043354317614919
0.8884703912952501,0.5042755344418052
0.8884703912952501,0.5042156513478209
0.8886796400920695,0.5042745191165994
0.8886796400920695,0.5042146503621038
0.8888888888888888,0.5042735042735043
0.8888888888888888,0.5042136498516321
0.8888888888888888,0.5041538096368383
0.8888888888888888,0.5040939836240655
0.8888888888888888,0.5040341718082582
0.8888888888888888,0.5039743741843635
0.8888888888888888,0.5039145907473309
0.8888888888888888,0.5038548214921125
0.8888888888888888,0.5037950664136622
0.8888888888888888,0.503735325506937
0.8888888888888888,0.5036755987668959
0.8888888888888888,0.5036158861885003
0.8888888888888888,0.5035561877667141
0.8888888888888888,0.5034965034965035
0.8890981376857083,0.5035553448684522
0.8890981376857083,0.5034956748429908
0.8890981376857083,0.503436018957346
0.8890981376857083,0.5033763772064921
0.8890981376857083,0.5033167495854063
0.8890981376857083,0.5032571360890679
0.8890981376857083,0.5031975367124586
0.8890981376857083,0.5031379514505625
0.8890981376857083,0.503078380298366
0.8890981376857083,0.5030188232508583
0.8890981376857083,0.5029592803030303
0.8890981376857083,0.5028997514498758
0.8890981376857083,0.5028402366863906
0.8890981376857083,0.5027807360075731
0.8890981376857083,0.502721249408424
0.8890981376857083,0.5026617768839465
0.8890981376857083,0.5026023184291459
0.8890981376857083,0.5025428740390302
0.8890981376857083,0.5024834437086093
0.8890981376857083,0.5024240274328958
0.8890981376857083,0.5023646252069047
0.8890981376857083,0.5023052370256531
0.8890981376857083,0.5022458628841607
0.8890981376857083,0.5021865027774495
0.8890981376857083,0.5021271567005436
0.8890981376857083,0.5020678246484698
0.8890981376857083,0.5020085066162571
0.8890981376857083,0.5019492025989368
0.8890981376857083,0.5018899125915426
0.8890981376857083,0.5018306365891106
0.8890981376857083,0.5017713745866793
0.8890981376857083,0.5017121265792892
0.8890981376857083,0.5016528925619834
0.8890981376857083,0.5015936725298076
0.8890981376857083,0.5015344664778093
0.8893073864825277,0.5015932963531217
0.8893073864825277,0.5015341043190937
0.8893073864825277,0.5014749262536873
0.8893073864825277,0.5014157621519585
0.8893073864825277,0.5013566120089654
0.8893073864825277,0.5012974758197688
0.8893073864825277,0.5012383535794316
0.8893073864825277,0.5011792452830188
0.8893073864825277,0.5011201509255984
0.8893073864825277,0.50106107050224
0.8893073864825277,0.501002004008016
0.8893073864825277,0.5009429514380009
0.8893073864825277,0.5008839127872716
0.8893073864825277,0.5008248880509074
0.8893073864825277,0.5007658772239897
0.8893073864825277,0.5007068803016023
0.8893073864825277,0.5006478972788314
0.8893073864825277,0.5005889281507656
0.8893073864825277,0.5005299729124956
0.8893073864825277,0.5004710315591144
0.8893073864825277,0.5004121040857177
0.8893073864825277,0.5003531904874029
0.8893073864825277,0.5002942907592701
0.8893073864825277,0.5002354048964218
0.8893073864825277,0.5001765328939626
0.8893073864825277,0.5001176747469993
0.8893073864825277,0.5000588304506413
0.8893073864825277,0.5
0.8893073864825277,0.4999411833901894
0.8893073864825277,0.49988238061632556
0.8895166352793471,0.49994119722450897
0.8895166352793471,0.4998824082784572
0.8895166352793471,0.4998236331569665
0.8895166352793471,0.49976487185516105
0.8895166352793471,0.4997061243681674
0.8895166352793471,0.49964739069111425
0.8895166352793471,0.49958867081913266
0.8895166352793471,0.49952996474735606
0.8895166352793471,0.49947127247092
0.8895166352793471,0.4994125939849624
0.8895166352793471,0.4993539292846235
0.8895166352793471,0.4992952783650458
0.8895166352793471,0.49923664122137407
0.8895166352793471,0.49917801784875526
0.8895166352793471,0.49911940824233886
0.8895166352793471,0.49906081239727634
0.8895166352793471,0.4990022303087217
0.8895166352793471,0.498943661971831
0.8895166352793471,0.4988851073817627
0.8895166352793471,0.4988265665336775
0.8895166352793471,0.49876803942273845
0.8895166352793471,0.49870952604411073
0.8895166352793471,0.4986510263929619
0.8895166352793471,0.49859254046446166
0.8895166352793471,0.4985340682537821
0.8895166352793471,0.49847560975609756
0.8895166352793471,0.4984171649665846
0.8895166352793471,0.49835873388042207
0.8895166352793471,0.498300316492791
0.8895166352793471,0.4982419127988748
0.8895166352793471,0.49818352279385913
0.8895166352793471,0.4981251464729318
0.8895166352793471,0.49806678383128294
0.8895166352793471,0.49800843486410495
0.8895166352793471,0.4979500995665925
0.8895166352793471,0.49789177793394235
0.8895166352793471,0.4978334699613538
0.8895166352793471,0.4977751756440281
0.8895166352793471,0.4977168949771689
0.8897258840761666,0.4977756965581831
0.8897258840761666,0.4977174294744235
0.8897258840761666,0.49765917602996257
0.8897258840761666,0.4976009362200117
0.8897258840761666,0.4975427100397847
0.8897258840761666,0.49748449748449747
0.8897258840761666,0.49742629854936826
0.8897258840761666,0.4973681132296175
0.8897258840761666,0.4973099415204678
0.8897258840761666,0.4972517834171442
0.8897258840761666,0.4971936389148737
0.8897258840761666,0.4971355080088858
0.8897258840761666,0.497077390694412
0.8897258840761666,0.4970192869666861
0.8897258840761666,0.49696119682094436
0.8897258840761666,0.4969031202524249
0.8897258840761666,0.4968450572563683
0.8897258840761666,0.49678700782801727
0.8897258840761666,0.49672897196261684
0.8897258840761666,0.4966709496554141
0.8897258840761666,0.4966129409016585
0.8897258840761666,0.49655494569660164
0.8897258840761666,0.4964969640354974
0.8897258840761666,0.49643899591360185
0.8897258840761666,0.4963810413261732
0.8897258840761666,0.49632310026847204
0.8897258840761666,0.496265172735761
0.889935132872986,0.4963239584548956
0.889935132872986,0.49626604434072347
0.889935132872986,0.49620814374052036
0.889935132872986,0.4961502566495567
0.889935132872986,0.4960923830631051
0.889935132872986,0.4960345229764404
0.889935132872986,0.49597667638483967
0.889935132872986,0.4959188432835821
0.8901443816698054,0.4959776145505421
0.8901443816698054,0.4959197948239683
0.8901443816698054,0.4958619885767572
0.8901443816698054,0.4958041958041958
0.8901443816698054,0.49574641650157325
0.8901443816698054,0.49568865066418083
0.8901443816698054,0.4956308982873121
0.8901443816698054,0.49557315936626284
0.8901443816698054,0.4955154338963308
0.8901443816698054,0.4954577218728162
0.8901443816698054,0.4954000232910213
0.8901443816698054,0.49534233814625056
0.8901443816698054,0.4952846664338107
0.8901443816698054,0.4952270081490105
0.8901443816698054,0.495169363287161
0.8901443816698054,0.49511173184357543
0.8901443816698054,0.4950541138135692
0.8901443816698054,0.49499650919245985
0.8901443816698054,0.4949389179755672
0.8901443816698054,0.4948813401582131
0.8901443816698054,0.4948237757357218
0.8901443816698054,0.4947662247034194
0.8901443816698054,0.4947086870566345
0.8901443816698054,0.49465116279069765
0.8901443816698054,0.49459365190094173
0.8901443816698054,0.4945361543827017
0.8901443816698054,0.49447867023131464
0.8901443816698054,0.49442119944211993
0.8901443816698054,0.494363742010459
0.8901443816698054,0.4943062979316756
0.8901443816698054,0.4942488672011154
0.8901443816698054,0.4941914498141264
0.8901443816698054,0.4941340457660588
0.8901443816698054,0.49407665505226483
0.8901443816698054,0.49401927766809894
0.8901443816698054,0.4939619136089178
0.8901443816698054,0.4939045628700801
0.8901443816698054,0.4938472254469468
0.8901443816698054,0.49378990133488104
0.8901443816698054,0.4937325905292479
0.8901443816698054,0.49367529302541485
0.8903536304666249,0.4937340450220469
0.8903536304666249,0.4936767606450864
0.8903536304666249,0.49361948955916474
0.8903536304666249,0.49356223175965663
0.8903536304666249,0.49350498724193925
0.8903536304666249,0.4934477560013916
0.8903536304666249,0.49339053803339517
0.8903536304666249,0.49333333333333335
0.8903536304666249,0.4932761418965917
0.8903536304666249,0.493218963718558
0.8903536304666249,0.4931617987946222
0.8903536304666249,0.49310464712017615
0.8903536304666249,0.49304750869061414
0.8903536304666249,0.4929903835013324
0.8903536304666249,0.49293327154772937
0.8903536304666249,0.4928761728252056
0.8903536304666249,0.4928190873291638
0.8903536304666249,0.49276201505500866
0.8903536304666249,0.4927049559981473
0.8903536304666249,0.4926479101539887
0.8903536304666249,0.49259087751794395
0.8903536304666249,0.49253385808542655
0.8903536304666249,0.49247685185185186
0.8903536304666249,0.49241985881263745
0.8903536304666249,0.49236287896320297
0.8903536304666249,0.49230591229897025
0.8903536304666249,0.49224895881536324
0.8903536304666249,0.49219201850780797
0.8903536304666249,0.4921350913717326
0.8903536304666249,0.4920781774025674
0.8903536304666249,0.4920212765957447
0.8903536304666249,0.491964388946699
0.8903536304666249,0.49190751445086706
0.8903536304666249,0.4918506531036874
0.8903536304666249,0.49179380490060104
0.8903536304666249,0.49173696983705073
0.8903536304666249,0.49168014790848164
0.8903536304666249,0.49162333911034084
0.8903536304666249,0.49156654343807765
0.8903536304666249,0.4915097608871434
0.8903536304666249,0.49145299145299143
0.8903536304666249,0.4913962351310775
0.8903536304666249,0.4913394919168591
0.8903536304666249,0.4912827618057961
0.8903536304666249,0.49122604479335025
0.8903536304666249,0.4911693408749856
0.8903536304666249,0.49111265004616805
0.8903536304666249,0.49105597230236586
0.8903536304666249,0.49099930763904914
0.8903536304666249,0.4909426560516903
0.8903536304666249,0.4908860175357637
0.8903536304666249,0.49082939208674586
0.8903536304666249,0.49077277970011535
0.8903536304666249,0.4907161803713528
0.8903536304666249,0.49065959409594095
0.8903536304666249,0.4906030208693647
0.8903536304666249,0.4905464606871109
0.8903536304666249,0.4904899135446686
0.8903536304666249,0.4904333794375288
0.8903536304666249,0.4903768583611847
0.8903536304666249,0.4903203503111316
0.8903536304666249,0.4902638552828667
0.8903536304666249,0.4902073732718894
0.8903536304666249,0.49015090427370117
0.8903536304666249,0.49009444828380555
0.8903536304666249,0.4900380052977082
0.8903536304666249,0.48998157531091663
0.8903536304666249,0.4899251583189407
0.8903536304666249,0.4898687543172922
0.8903536304666249,0.489812363301485
0.8903536304666249,0.489755985267035
0.8903536304666249,0.48969962020946023
0.8903536304666249,0.4896432681242808
0.8903536304666249,0.4895869290070188
0.8903536304666249,0.4895306028531983
0.8903536304666249,0.4894742896583458
0.8903536304666249,0.4894179894179894
0.8903536304666249,0.48936170212765956
0.8903536304666249,0.48930542778288866
0.8903536304666249,0.48924916637921123
0.8903536304666249,0.48919291791216374
0.8903536304666249,0.48913668237728475
0.8903536304666249,0.48908045977011494
0.8903536304666249,0.489024250086197
0.8903536304666249,0.4889680533210756
0.8903536304666249,0.4889118694702976
0.8903536304666249,0.48885569852941174
0.8903536304666249,0.488799540493969
0.8903536304666249,0.48874339535952216
0.8903536304666249,0.4886872631216263
0.8903536304666249,0.48863114377583833
0.8903536304666249,0.4885750373177173
0.8903536304666249,0.48851894374282434
0.8903536304666249,0.48846286304672254
0.8903536304666249,0.48840679522497704
0.8903536304666249,0.48835074027315506
0.8903536304666249,0.4882946981868258
0.8903536304666249,0.48823866896156054
0.8903536304666249,0.48818265259293253
0.8903536304666249,0.48812664907651715
0.8903536304666249,0.4880706584078917
0.8903536304666249,0.48801468058263564
0.8903536304666249,0.48795871559633025
0.8903536304666249,0.48790276344455913
0.8903536304666249,0.4878468241229076
0.8903536304666249,0.4877908976269632
0.8903536304666249,0.48773498395231546
0.8903536304666249,0.4876790830945559
0.8903536304666249,0.48762319504927804
0.8903536304666249,0.48756731981207746
0.8903536304666249,0.4875114573785518
0.8903536304666249,0.48745560774430063
0.8903536304666249,0.48739977090492553
0.8903536304666249,0.4873439468560302
0.8903536304666249,0.4872881355932203
0.8903536304666249,0.4872323371121035
0.8903536304666249,0.48717655140828947
0.8903536304666249,0.4871207784773898
0.8903536304666249,0.4870650183150183
0.8903536304666249,0.48700927091679064
0.8903536304666249,0.48695353627832455
0.8903536304666249,0.4868978143952397
0.8903536304666249,0.4868421052631579
0.8903536304666249,0.4867864088777028
0.8903536304666249,0.4867307252345001
0.8903536304666249,0.4866750543291776
0.8903536304666249,0.48661939615736505
0.8903536304666249,0.4865637507146941
0.8903536304666249,0.48650811799679855
0.8903536304666249,0.48645249799931406
0.8903536304666249,0.4863968907178784
0.8903536304666249,0.4863412961481312
0.8903536304666249,0.48628571428571427
0.8903536304666249,0.4862301451262713
0.8903536304666249,0.4861745886654479
0.8903536304666249,0.4861190448988918
0.8903536304666249,0.48606351382225266
0.8903536304666249,0.48600799543118217
0.8903536304666249,0.4859524897213339
0.8903536304666249,0.4858969966883636
0.8903536304666249,0.48584151632792877
0.8903536304666249,0.485786048635689
0.8903536304666249,0.4857305936073059
0.8903536304666249,0.4856751512384431
0.8903536304666249,0.485619721524766
0.8905628792634442,0.48567842063220357
0.8905628792634442,0.48562300319488816
0.8905628792634442,0.48556759840273817
0.8905628792634442,0.48551220625142594
0.8905628792634442,0.485456826736626
0.8905628792634442,0.4854014598540146
0.8905628792634442,0.48534610559927016
0.8905628792634442,0.48529076396807297
0.8905628792634442,0.4852354349561053
0.8905628792634442,0.4851801185590515
0.8905628792634442,0.4851248147725977
0.8905628792634442,0.48506952359243216
0.8905628792634442,0.485014245014245
0.8905628792634442,0.48495897903372837
0.8905628792634442,0.4849037256465763
0.8905628792634442,0.48484848484848486
0.8905628792634442,0.48479325663515205
0.8905628792634442,0.4847380410022779
0.8905628792634442,0.48468283794556427
0.8905628792634442,0.48462764746071507
0.8905628792634442,0.4845724695434362
0.8905628792634442,0.48451730418943534
0.8905628792634442,0.48446215139442234
0.8905628792634442,0.48440701115410884
0.8905628792634442,0.4843518834642085
0.8905628792634442,0.48429676832043694
0.8905628792634442,0.4842416657185118
0.8905628792634442,0.48418657565415246
0.8907721280602636,0.4842452508247071
0.8907721280602636,0.4841901728844404
0.8907721280602636,0.4841351074718526
0.8907721280602636,0.48408005458267
0.8907721280602636,0.4840250142126208
0.8907721280602636,0.4839699863574352
0.8907721280602636,0.4839149710128453
0.8907721280602636,0.48385996817458515
0.8907721280602636,0.4838049778383907
0.8907721280602636,0.48375
0.8907721280602636,0.48369503465515284
0.8907721280602636,0.483640081799591
0.8907721280602636,0.4835851414290583
0.8907721280602636,0.4835302135393003
0.8907721280602636,0.4834752981260647
0.8907721280602636,0.48342039518510105
0.8907721280602636,0.4833655047121608
0.8907721280602636,0.4833106267029973
0.8907721280602636,0.4832557611533659
0.8907721280602636,0.4832009080590238
0.8907721280602636,0.48314606741573035
0.8907721280602636,0.48309123921924646
0.8907721280602636,0.4830364234653353
0.8907721280602636,0.48298162014976176
0.8907721280602636,0.48292682926829267
0.8907721280602636,0.48287205081669693
0.8907721280602636,0.48281728479074515
0.8907721280602636,0.48276253118621004
0.8907721280602636,0.4827077899988661
0.8907721280602636,0.4826530612244898
0.8907721280602636,0.48259834485885955
0.8907721280602636,0.4825436408977556
0.8907721280602636,0.48248894933696024
0.8907721280602636,0.4824342701722575
0.8907721280602636,0.4823796033994334
0.8907721280602636,0.482324949014276
0.8907721280602636,0.48227030701257506
0.8907721280602636,0.48221567739012233
0.8907721280602636,0.48216106014271154
0.8907721280602636,0.48210645526613816
0.8907721280602636,0.48205186275619977
0.8907721280602636,0.4819972826086957
0.8907721280602636,0.48194271481942713
0.8907721280602636,0.48188815938419743
0.8907721280602636,0.48183361629881155
0.8907721280602636,0.4817790855590765
0.8907721280602636,0.4817245671608012
0.8907721280602636,0.4816700610997963
0.8907721280602636,0.48161556737187466
0.8907721280602636,0.4815610859728507
0.8907721280602636,0.4815066168985409
0.8907721280602636,0.4814521601447636
0.8907721280602636,0.48139771570733914
0.8907721280602636,0.48134328358208955
0.8907721280602636,0.48128886376483887
0.8907721280602636,0.4812344562514131
0.8907721280602636,0.4811800610376399
0.8907721280602636,0.48112567811934903
0.8907721280602636,0.48107130749237204
0.8907721280602636,0.4810169491525424
0.8907721280602636,0.4809626030956954
0.8907721280602636,0.48090826931766834
0.8907721280602636,0.48085394781430024
0.8907721280602636,0.4807996385814321
0.8907721280602636,0.48074534161490684
0.8907721280602636,0.4806910569105691
0.8907721280602636,0.48063678446426555
0.8907721280602636,0.48058252427184467
0.8907721280602636,0.4805282763291568
0.8907721280602636,0.4804740406320542
0.8907721280602636,0.48041981717639093
0.8907721280602636,0.480365605958023
0.8907721280602636,0.48031140697280833
0.8907721280602636,0.4802572202166065
0.8907721280602636,0.48020304568527916
0.8907721280602636,0.4801488833746898
0.8907721280602636,0.48009473328070373
0.8907721280602636,0.4800405953991881
0.8907721280602636,0.47998646972601194
0.8909813768570831,0.48004509582863586
0.8909813768570831,0.4799909818509751
0.8909813768570831,0.4799368800721371
0.8909813768570831,0.4798827904879973
0.8909813768570831,0.4798287130944332
0.8909813768570831,0.47977464788732394
0.8909813768570831,0.4797205948625507
0.8909813768570831,0.4796665540159964
0.8909813768570831,0.47961252534354587
0.8909813768570831,0.4795585088410857
0.8909813768570831,0.4795045045045045
0.8909813768570831,0.4794505123296926
0.8911906256539025,0.47950911956766495
0.8911906256539025,0.4794551390296071
0.8911906256539025,0.4794011706438541
0.8911906256539025,0.47934721440630274
0.8911906256539025,0.4792932703128517
0.8911906256539025,0.47923933835940136
0.8911906256539025,0.4791854185418542
0.8911906256539025,0.4791315108561143
0.8911906256539025,0.47907761529808773
0.8911906256539025,0.47902373186368236
0.8911906256539025,0.4789698605488079
0.8911906256539025,0.4789160013493759
0.8911906256539025,0.47886215426129974
0.8911906256539025,0.47880831928049467
0.8911906256539025,0.4787544964028777
0.8911906256539025,0.47870068562436774
0.8911906256539025,0.4786468869408856
0.8911906256539025,0.47859310034835373
0.8911906256539025,0.47853932584269665
0.8913998744507219,0.478597910347152
0.8913998744507219,0.47854414738261064
0.8913998744507219,0.4784903964955633
0.8913998744507219,0.4784366576819407
0.8913998744507219,0.4783829309376755
0.8913998744507219,0.478329216258702
0.8913998744507219,0.47827551364095655
0.8913998744507219,0.4782218230803772
0.8913998744507219,0.4781681445729038
0.8913998744507219,0.4781144781144781
0.8913998744507219,0.47806082370104364
0.8913998744507219,0.4780071813285458
0.8913998744507219,0.4779535509929317
0.8913998744507219,0.47789993269015035
0.8913998744507219,0.47784632641615254
0.8913998744507219,0.477792732166891
0.8913998744507219,0.47773914993832006
0.8913998744507219,0.477685579726396
0.8913998744507219,0.477632021527077
0.8913998744507219,0.47757847533632286
0.8913998744507219,0.4775249411500953
0.8913998744507219,0.47747141896435774
0.8913998744507219,0.4774179087750757
0.8913998744507219,0.47736441057821605
0.8913998744507219,0.4773109243697479
0.8913998744507219,0.47725745014564197
0.8913998744507219,0.47720398790187074
0.8913998744507219,0.4771505376344086
0.8913998744507219,0.4770970993392317
0.8916091232475414,0.47715565509518476
0.8916091232475414,0.4771022281939313
0.8916091232475414,0.4770488132557098
0.8916091232475414,0.47699541027650283
0.8916091232475414,0.4769420192522946
0.8916091232475414,0.47688864017907107
0.8916091232475414,0.47683527305282003
0.8916091232475414,0.47678191786953117
0.8916091232475414,0.4767285746251958
0.8916091232475414,0.47667524331580713
0.8916091232475414,0.4766219239373602
0.8916091232475414,0.4765686164858517
0.8916091232475414,0.4765153209572803
0.8916091232475414,0.4764620373476462
0.8916091232475414,0.4764087656529517
0.8916091232475414,0.47635550586920067
0.8916091232475414,0.47630225799239884
0.8916091232475414,0.4762490220185537
0.8916091232475414,0.47619579794367456
0.8916091232475414,0.4761425857637725
0.8916091232475414,0.47608938547486035
0.8916091232475414,0.47603619707295275
0.8916091232475414,0.4759830205540661
0.8916091232475414,0.4759298559142187
0.8916091232475414,0.4758767031494304
0.8916091232475414,0.4758235622557231
0.8916091232475414,0.47577043322912016
0.8916091232475414,0.475717316065647
0.8916091232475414,0.47566421076133064
0.8916091232475414,0.4756111173122
0.8916091232475414,0.47555803571428573
0.8916091232475414,0.47550496596362013
0.8916091232475414,0.47545190805623744
0.8916091232475414,0.4753988619881736
0.8916091232475414,0.4753458277554663
0.8916091232475414,0.475292805354155
0.8916091232475414,0.47523979478028106
0.8916091232475414,0.47518679602988734
0.8916091232475414,0.47513380909901876
0.8916091232475414,0.4750808339837217
0.8916091232475414,0.4750278706800446
0.8916091232475414,0.47497491918403745
0.8916091232475414,0.47492197949175213
0.8916091232475414,0.4748690515992422
0.8916091232475414,0.47481613550256296
0.8916091232475414,0.4747632311977716
0.8916091232475414,0.47471033868092694
0.8916091232475414,0.47465745794808956
0.8916091232475414,0.4746045889953219
0.8916091232475414,0.47455173181868804
0.8916091232475414,0.4744988864142539
0.8916091232475414,0.47444605277808705
0.8916091232475414,0.47439323090625696
0.8916091232475414,0.4743404207948347
0.8916091232475414,0.47428762243989314
0.8916091232475414,0.474234835837507
0.8916091232475414,0.4741820609837525
0.8916091232475414,0.4741292978747079
0.8916091232475414,0.47407654650645303
0.8916091232475414,0.4740238068750695
0.8916091232475414,0.4739710789766407
0.8916091232475414,0.4739183628072517
0.8916091232475414,0.47386565836298933
0.8916091232475414,0.4738129656399422
0.8916091232475414,0.47376028463420056
0.8916091232475414,0.47370761534185657
0.8916091232475414,0.473654957759004
0.8916091232475414,0.47360231188173835
0.8916091232475414,0.4735496777061569
0.8916091232475414,0.4734970552283587
0.8916091232475414,0.47344444444444445
0.8916091232475414,0.4733918453505166
0.8916091232475414,0.4733392579426794
0.8916091232475414,0.4732866822170388
0.8916091232475414,0.47323411816970234
0.8916091232475414,0.47318156579677956
0.8916091232475414,0.47312902509438154
0.8916091232475414,0.47307649605862107
0.8916091232475414,0.4730239786856128
0.8916091232475414,0.47297147297147296
0.8916091232475414,0.47291897891231965
0.8916091232475414,0.47286649650427254
0.8916091232475414,0.47281402574345316
0.8916091232475414,0.4727615666259847
0.8916091232475414,0.472709119147992
0.8916091232475414,0.4726566833056018
0.8916091232475414,0.4726042590949423
0.8916091232475414,0.4725518465121437
0.8916091232475414,0.4724994455533378
0.8916091232475414,0.47244705621465793
0.8916091232475414,0.4723946784922395
0.8916091232475414,0.47234231238221924
0.8916091232475414,0.47228995788073597
0.8916091232475414,0.47223761498392997
0.8916091232475414,0.47218528368794327
0.8916091232475414,0.4721329639889197
0.8916091232475414,0.47208065588300463
0.8916091232475414,0.4720283593663454
0.8916091232475414,0.4719760744350908
0.8916091232475414,0.4719238010853915
0.8916091232475414,0.47187153931339976
0.8916091232475414,0.4718192891152696
0.8916091232475414,0.4717670504871568
0.8916091232475414,0.47171482342521864
0.8916091232475414,0.4716626079256143
0.8916091232475414,0.4716104039845047
0.8916091232475414,0.4715582115980522
0.8916091232475414,0.47150603076242115
0.8916091232475414,0.4714538614737774
0.8916091232475414,0.47140170372828855
0.8916091232475414,0.4713495575221239
0.8916091232475414,0.4712974228514545
0.8916091232475414,0.471245299712453
0.8916091232475414,0.4711931881012938
0.8916091232475414,0.47114108801415305
0.8916091232475414,0.4710889994472084
0.8916091232475414,0.4710369223966394
0.8916091232475414,0.4709848568586272
0.8916091232475414,0.47093280282935457
0.8916091232475414,0.4708807603050061
0.8916091232475414,0.47082872928176794
0.8916091232475414,0.4707767097558281
0.8916091232475414,0.47072470172337605
0.8916091232475414,0.4706727051806031
0.8916091232475414,0.4706207201237022
0.8916091232475414,0.47056874654886804
0.8916091232475414,0.47051678445229683
0.8916091232475414,0.4704648338301866
0.8916091232475414,0.47041289467873704
0.8916091232475414,0.4703609669941495
0.8916091232475414,0.4703090507726269
0.8916091232475414,0.4702571460103741
0.8916091232475414,0.4702052527035974
0.8916091232475414,0.4701533708485049
0.8916091232475414,0.4701015004413063
0.8916091232475414,0.47004964147821293
0.8916091232475414,0.4699977939554379
0.8916091232475414,0.46994595786919596
0.8916091232475414,0.46989413321570356
0.8916091232475414,0.46984231999117876
0.8916091232475414,0.46979051819184126
0.8916091232475414,0.46973872781391246
0.8916091232475414,0.4696869488536155
0.8916091232475414,0.46963518130717513
0.8916091232475414,0.46958342517081775
0.8916091232475414,0.46953168044077137
0.8916091232475414,0.46947994711326574
0.8916091232475414,0.4694282251845323
0.8916091232475414,0.46937651465080416
0.8916091232475414,0.4693248155083159
0.8916091232475414,0.469273127753304
0.8916091232475414,0.4692214513820064
0.8916091232475414,0.46916978639066287
0.8916091232475414,0.4691181327755147
0.8916091232475414,0.4690664905328049
0.8916091232475414,0.4690148596587782
0.8916091232475414,0.4689632401496808
0.8916091232475414,0.4689116320017608
0.8916091232475414,0.4688600352112676
0.8916091232475414,0.46880844977445263
0.8916091232475414,0.46875687568756874
0.8916091232475414,0.4687053129468705
0.8916091232475414,0.46865376154861416
0.8918183720443608,0.4687121961948752
0.8918183720443608,0.4686606553771718
0.8918183720443608,0.46860912589334797
0.8918183720443608,0.46855760773966576
0.8918183720443608,0.4685061009123887
0.8918183720443608,0.46845460540778194
0.8918183720443608,0.4684031212221123
0.8918183720443608,0.46835164835164833
0.8918183720443608,0.46830018679266017
0.8918183720443608,0.46824873654141946
0.8918183720443608,0.4681972975941997
0.8918183720443608,0.4681458699472759
0.8918183720443608,0.46809445359692475
0.8918183720443608,0.4680430485394246
0.8918183720443608,0.46799165477105525
0.8918183720443608,0.46794027228809837
0.8918183720443608,0.4678889010868372
0.8918183720443608,0.4678375411635565
0.8918183720443608,0.46778619251454284
0.8918183720443608,0.46773485513608426
0.8918183720443608,0.4676835290244705
0.8918183720443608,0.467632214175993
0.8918183720443608,0.4675809105869446
0.8918183720443608,0.46752961825362
0.8918183720443608,0.46747833717231546
0.8918183720443608,0.4674270673393288
0.8918183720443608,0.4673758087509595
0.8918183720443608,0.46732456140350875
0.8918183720443608,0.46727332529327925
0.8918183720443608,0.4672221004165753
0.8918183720443608,0.467170886769703
0.8918183720443608,0.4671196843489698
0.8918183720443608,0.46706849315068494
0.8918183720443608,0.4670173131711593
0.8918183720443608,0.46696614440670536
0.8918183720443608,0.46691498685363714
0.8920276208411801,0.4669733815313835
0.8920276208411801,0.4669222343921139
0.8920276208411801,0.4668710984558099
0.8920276208411801,0.4668199737187911
0.8920276208411801,0.46676886017737873
0.8920276208411801,0.46671775782789576
0.8920276208411801,0.4666666666666667
0.8920276208411801,0.4666155866900175
0.8920276208411801,0.466564517894276
0.8920276208411801,0.4665134602757715
0.8920276208411801,0.46646241383083487
0.8920276208411801,0.4664113785557987
0.8920276208411801,0.466360354446997
0.8920276208411801,0.4663093415007657
0.8920276208411801,0.466258339713442
0.8920276208411801,0.46620734908136485
0.8920276208411801,0.4661563696008748
0.8920276208411801,0.466105401268314
0.8920276208411801,0.4660544440800262
0.8920276208411801,0.4660034980323568
0.8920276208411801,0.4659525631216526
0.8920276208411801,0.4659016393442623
0.8920276208411801,0.4658507266965359
0.8920276208411801,0.46579982517482516
0.8920276208411801,0.46574893477548346
0.8920276208411801,0.46569805549486565
0.8920276208411801,0.46564718732932825
0.8920276208411801,0.46559633027522934
0.8920276208411801,0.46554548432892867
0.8920276208411801,0.4654946494867875
0.8920276208411801,0.4654438257451687
0.8920276208411801,0.4653930131004367
0.8920276208411801,0.46534221154895755
0.8920276208411801,0.46529142108709887
0.8920276208411801,0.46524064171123
0.8920276208411801,0.4651898734177215
0.8920276208411801,0.465139116202946
0.8920276208411801,0.46508837006327736
0.8920276208411801,0.4650376349950911
0.8920276208411801,0.4649869109947644
0.8920276208411801,0.464936198058676
0.8920276208411801,0.4648854961832061
0.8920276208411801,0.46483480536473665
0.8920276208411801,0.4647841255996511
0.8920276208411801,0.4647334568843345
0.8920276208411801,0.4646827992151733
0.8920276208411801,0.46463215258855584
0.8920276208411801,0.46458151700087186
0.8920276208411801,0.4645308924485126
0.8920276208411801,0.46448027892787097
0.8920276208411801,0.46442967643534155
0.8920276208411801,0.4643790849673203
0.8920276208411801,0.46432850452020474
0.8920276208411801,0.4642779350903942
0.8920276208411801,0.4642273766742894
0.8920276208411801,0.4641768292682927
0.8920276208411801,0.46412629286880785
0.8920276208411801,0.4640757674722404
0.8920276208411801,0.46402525307499726
0.8922368696379995,0.46408358728776666
0.8922368696379995,0.4640330830340625
0.8922368696379995,0.46398258977149076
0.8922368696379995,0.4639321074964639
0.8922368696379995,0.463881636205396
0.8922368696379995,0.4638311758947025
0.8922368696379995,0.46378072656080055
0.8922368696379995,0.46373028820010875
0.8922368696379995,0.46367986080904744
0.8922368696379995,0.46362944438403825
0.8922368696379995,0.46357903892150465
0.8922368696379995,0.4635286444178715
0.8922368696379995,0.46347826086956523
0.8922368696379995,0.4634278882730138
0.8922368696379995,0.4633775266246468
0.8922368696379995,0.46332717592089534
0.8922368696379995,0.4632768361581921
0.8922368696379995,0.4632265073329712
0.8922368696379995,0.4631761894416685
0.8922368696379995,0.4631258824807212
0.8922368696379995,0.4630755864465682
0.8922368696379995,0.4630253013356499
0.8922368696379995,0.46297502714440825
0.8922368696379995,0.4629247638692867
0.8922368696379995,0.46287451150673037
0.8922368696379995,0.4628242700531857
0.8922368696379995,0.46277403950510093
0.8922368696379995,0.4627238198589257
0.8922368696379995,0.4626736111111111
0.8922368696379995,0.46262341325811
0.8922368696379995,0.46257322629637665
0.8922368696379995,0.46252305022236684
0.8922368696379995,0.462472885032538
0.8922368696379995,0.4624227307233489
0.8922368696379995,0.46237258729126
0.8922368696379995,0.46232245473273337
0.8922368696379995,0.46227233304423243
0.8922368696379995,0.4622222222222222
0.8922368696379995,0.4621721222631693
0.8922368696379995,0.4621220331635418
0.892446118434819,0.46218032076289556
0.892446118434819,0.46213024162964567
0.892446118434819,0.46208017334777896
0.892446118434819,0.4620301159137688
0.892446118434819,0.46198006932409014
0.892446118434819,0.46193003357521933
0.892446118434819,0.4618800086636344
0.892446118434819,0.46182999458581486
0.892446118434819,0.46177999133824166
0.892446118434819,0.4617299989173974
0.892446118434819,0.46168001731976616
0.892446118434819,0.46163004654183354
0.892446118434819,0.4615800865800866
0.892446118434819,0.46153013743101395
0.892446118434819,0.4614801990911058
0.892446118434819,0.46143027155685384
0.892446118434819,0.4613803548247512
0.892446118434819,0.4613304488912926
0.892446118434819,0.4612805537529743
0.892446118434819,0.4612306694062939
0.892446118434819,0.46118079584775085
0.892446118434819,0.46113093307384584
0.892446118434819,0.4610810810810811
0.892446118434819,0.46103123986596045
0.892446118434819,0.4609814094249892
0.892446118434819,0.4609315897546742
0.892446118434819,0.46088178085152365
0.892446118434819,0.46083198271204756
0.892446118434819,0.4607821953327571
0.892446118434819,0.4607324187101653
0.892446118434819,0.46068265284078636
0.892446118434819,0.4606328977211362
0.892446118434819,0.4605831533477322
0.892446118434819,0.46053341971709316
0.892446118434819,0.4604836968257396
0.892446118434819,0.46043398467019325
0.892446118434819,0.46038428324697755
0.892446118434819,0.4603345925526174
0.892446118434819,0.4602849125836391
0.892446118434819,0.4602352433365706
0.892446118434819,0.4601855848079413
0.892446118434819,0.460135936994282
0.892446118434819,0.46008629989212513
0.892446118434819,0.46003667349800453
0.892446118434819,0.45998705780845556
0.892446118434819,0.4599374528200151
0.892446118434819,0.4598878585292215
0.892446118434819,0.45983827493261453
0.892446118434819,0.45978870202673566
0.892446118434819,0.45973913980812764
0.892446118434819,0.4596895882733348
0.892446118434819,0.4596400474189029
0.892446118434819,0.45959051724137934
0.892446118434819,0.4595409977373128
0.892446118434819,0.4594914889032536
0.892446118434819,0.45944199073575354
0.892446118434819,0.45939250323136577
0.892446118434819,0.45934302638664515
0.892446118434819,0.45929356019814777
0.892446118434819,0.4592441046624314
0.892446118434819,0.4591946597760551
0.892446118434819,0.45914522553557974
0.892446118434819,0.45909580193756727
0.892446118434819,0.4590463889785814
0.892446118434819,0.45899698665518723
0.892446118434819,0.4589475949639514
0.892446118434819,0.4588982139014418
0.892446118434819,0.4588488434642281
0.892446118434819,0.45879948364888123
0.892446118434819,0.45875013445197377
0.892446118434819,0.4587007958700796
0.892446118434819,0.4586514678997742
0.892446118434819,0.4586021505376344
0.892446118434819,0.4585528437802387
0.892446118434819,0.45850354762416684
0.892446118434819,0.4584542620660002
0.892446118434819,0.4584049871023216
0.892446118434819,0.4583557227297152
0.892446118434819,0.45830646894476684
0.892446118434819,0.45825722574406363
0.892446118434819,0.45820799312419425
0.892446118434819,0.45815877108174885
0.892446118434819,0.458109559613319
0.892446118434819,0.4580603587154978
0.892446118434819,0.4580111683848797
0.892446118434819,0.45796198861806076
0.892446118434819,0.4579128194116384
0.892446118434819,0.45786366076221147
0.892446118434819,0.4578145126663804
0.892446118434819,0.457765375120747
0.892446118434819,0.4577162481219146
0.892446118434819,0.4576671316664878
0.892446118434819,0.45761802575107297
0.892446118434819,0.45756893037227764
0.892446118434819,0.457519845526711
0.892446118434819,0.45747077121098356
0.892446118434819,0.4574217074217074
0.892446118434819,0.457372654155496
0.892446118434819,0.45732361140896416
0.892446118434819,0.45727457917872844
0.892446118434819,0.45722555746140653
0.892446118434819,0.45717654625361775
0.892446118434819,0.4571275455519829
0.892446118434819,0.45707855535312397
0.892446118434819,0.4570295756536648
0.892446118434819,0.45698060645023036
0.892446118434819,0.45693164773944717
0.892446118434819,0.45688269951794325
0.892446118434819,0.4568337617823479
0.892446118434819,0.4567848345292921
0.892446118434819,0.456735917755408
0.892446118434819,0.4566870114573295
0.892446118434819,0.45663811563169165
0.892446118434819,0.45658923027513115
0.892446118434819,0.456540355384286
0.892446118434819,0.4564914909557958
0.892446118434819,0.4564426369863014
0.892446118434819,0.45639379347244513
0.892446118434819,0.45634496041087097
0.892446118434819,0.45629613779822403
0.892446118434819,0.45624732563115106
0.892446118434819,0.4561985239063001
0.892446118434819,0.4561497326203209
0.892446118434819,0.4561009517698642
0.892446118434819,0.45605218135158254
0.8926553672316384,0.45611033892868597
0.8926553672316384,0.45606157793457347
0.8926553672316384,0.45601282736504545
0.8926553672316384,0.4559640872167593
0.8926553672316384,0.45591535748637385
0.8926553672316384,0.4558666381705493
0.8926553672316384,0.4558179292659472
0.8926553672316384,0.45576923076923076
0.8926553672316384,0.4557205426770644
0.8926553672316384,0.45567186498611406
0.8926553672316384,0.4556231976930471
0.8926553672316384,0.45557454079453225
0.8926553672316384,0.4555258942872397
0.8926553672316384,0.4554772581678411
0.8926553672316384,0.4554286324330095
0.8926553672316384,0.4553800170794193
0.8926553672316384,0.4553314121037464
0.8926553672316384,0.4552828175026681
0.8926553672316384,0.4552342332728631
0.8926553672316384,0.4551856594110115
0.8926553672316384,0.4551370959137949
0.8926553672316384,0.4550885427778963
0.8926553672316384,0.45504
0.8926553672316384,0.4549914675767918
0.8926553672316384,0.45494294550495895
0.8926553672316384,0.45489443378119004
0.8926553672316384,0.4548459324021751
0.8926553672316384,0.45479744136460554
0.8926553672316384,0.4547489606651743
0.8926553672316384,0.4547004903005756
0.8926553672316384,0.45465203026750506
0.8926553672316384,0.45460358056265987
0.8926553672316384,0.45455514118273843
0.8926553672316384,0.45450671212444066
0.8926553672316384,0.45445829338446786
0.8926553672316384,0.4544098849595228
0.8926553672316384,0.4543614868463095
0.8926553672316384,0.45431309904153355
0.8926553672316384,0.45426472154190184
0.8926553672316384,0.45421635434412266
0.8926553672316384,0.45416799744490577
0.8926553672316384,0.45411965084096234
0.8926553672316384,0.4540713145290048
0.8928646160284578,0.45412941677309493
0.8928646160284578,0.45408108970948174
0.8928646160284578,0.4540327729304107
0.8928646160284578,0.4539844664325992
0.8928646160284578,0.45393617021276594
0.8928646160284578,0.4538878842676311
0.8928646160284578,0.4538396085939162
0.8928646160284578,0.45379134318834413
0.8928646160284578,0.4537430880476393
0.8928646160284578,0.4536948431685274
0.8928646160284578,0.4536466085477355
0.8930738648252773,0.45370468799829916
0.8930738648252773,0.453656462585034
0.8930738648252773,0.4536082474226804
0.8930738648252773,0.4535600425079702
0.8930738648252773,0.4535118478376368
0.8930738648252773,0.45346366340841476
0.8930738648252773,0.4534154892170403
0.8930738648252773,0.4533673252602507
0.8930738648252773,0.4533191715347849
0.8930738648252773,0.4532710280373832
0.8930738648252773,0.4532228947647871
0.8930738648252773,0.45317477171373965
0.8930738648252773,0.45312665888098524
0.8930738648252773,0.45307855626326965
0.8930738648252773,0.45303046385733997
0.8930738648252773,0.4529823816599448
0.8930738648252773,0.45293430966783405
0.8930738648252773,0.45288624787775894
0.8930738648252773,0.45283819628647215
0.8930738648252773,0.45279015489072777
0.8930738648252773,0.45274212368728123
0.8930738648252773,0.4526941026728893
0.8930738648252773,0.4526460918443101
0.8930738648252773,0.4525980911983033
0.8930738648252773,0.4525501007316297
0.8930738648252773,0.45250212044105176
0.8930738648252773,0.45245415032333297
0.8930738648252773,0.4524061903752385
0.8930738648252773,0.4523582405935347
0.8930738648252773,0.4523103009749894
0.8932831136220967,0.4523683373953587
0.8932831136220967,0.4523204068658614
0.8932831136220967,0.45227248649221313
0.8932831136220967,0.45222457627118645
0.8932831136220967,0.45217667619955515
0.8932831136220967,0.4521287862740945
0.8932831136220967,0.45208090649158106
0.8932831136220967,0.45203303684879287
0.8932831136220967,0.45198517734250926
0.8932831136220967,0.4519373279695109
0.8932831136220967,0.45188948872657986
0.8932831136220967,0.4518416596104996
0.8932831136220967,0.45179384061805483
0.8932831136220967,0.45174603174603173
0.8932831136220967,0.45169823299121786
0.8932831136220967,0.451650444350402
0.8932831136220967,0.4516026658203745
0.8932831136220967,0.4515548973979268
0.8932831136220967,0.4515071390798519
0.8932831136220967,0.4514593908629442
0.8932831136220967,0.45141165274399914
0.8932831136220967,0.4513639247198139
0.8932831136220967,0.4513162067871868
0.8932831136220967,0.45126849894291754
0.8932831136220967,0.4512208011838072
0.8932831136220967,0.45117311350665823
0.8932831136220967,0.4511254359082743
0.8932831136220967,0.4510777683854607
0.8932831136220967,0.45103011093502376
0.8932831136220967,0.4509824635537714
0.8932831136220967,0.4509348262385127
0.8932831136220967,0.4508871989860583
0.8932831136220967,0.45083958179322
0.8932831136220967,0.450791974656811
0.8932831136220967,0.4507443775736459
0.8932831136220967,0.4506967905405405
0.8932831136220967,0.45064921355431226
0.8932831136220967,0.4506016466117796
0.8932831136220967,0.4505540897097625
0.8932831136220967,0.4505065428450823
0.8932831136220967,0.45045900601456157
0.8932831136220967,0.4504114792150243
0.8932831136220967,0.4503639624432957
0.8932831136220967,0.45031645569620254
0.8932831136220967,0.45026895897057273
0.8932831136220967,0.4502214722632356
0.8932831136220967,0.45017399557102183
0.8932831136220967,0.4501265288907634
0.8932831136220967,0.4500790722192936
0.8932831136220967,0.45003162555344717
0.8932831136220967,0.4499841888900601
0.8932831136220967,0.4499367622259696
0.8932831136220967,0.4498893455580145
0.8932831136220967,0.44984193888303475
0.8932831136220967,0.4497945421978717
0.8932831136220967,0.4497471554993679
0.8932831136220967,0.44969977878436745
0.8932831136220967,0.4496524120497156
0.8932831136220967,0.4496050552922591
0.8932831136220967,0.44955770850884585
0.8932831136220967,0.44951037169632513
0.8932831136220967,0.4494630448515477
0.8932831136220967,0.4494157279713654
0.8932831136220967,0.4493684210526316
0.8932831136220967,0.4493211240922008
0.8932831136220967,0.4492738370869291
0.8932831136220967,0.44922656003367356
0.8932831136220967,0.44917929292929293
0.8932831136220967,0.44913203577064703
0.8932831136220967,0.4490847885545971
0.8932831136220967,0.44903755127800565
0.8932831136220967,0.44899032393773664
0.8932831136220967,0.44894310653065517
0.8932831136220967,0.44889589905362776
0.8932831136220967,0.44884870150352224
0.8932831136220967,0.44880151387720774
0.8932831136220967,0.4487543361715547
0.8932831136220967,0.44870716838343494
0.8932831136220967,0.4486600105097215
0.8932831136220967,0.44861286254728877
0.8932831136220967,0.4485657244930125
0.8932831136220967,0.4485185963437697
0.8932831136220967,0.4484714780964387
0.8932831136220967,0.4484243697478992
0.8932831136220967,0.448377271295032
0.8932831136220967,0.4483301827347196
0.8932831136220967,0.4482831040638454
0.8932831136220967,0.4482360352792944
0.8932831136220967,0.44818897637795274
0.8932831136220967,0.44814192735670794
0.8932831136220967,0.4480948882124488
0.8932831136220967,0.4480478589420655
0.8932831136220967,0.44800083954244935
0.8932831136220967,0.44795383001049316
0.8932831136220967,0.447906830343091
0.8932831136220967,0.44785984053713807
0.8932831136220967,0.4478128605895311
0.8932831136220967,0.44776589049716803
0.8932831136220967,0.4477189302569481
0.8932831136220967,0.4476719798657718
0.8932831136220967,0.44762503932054104
0.8932831136220967,0.44757810861815894
0.8932831136220967,0.4475311877555299
0.8932831136220967,0.44748427672955976
0.8932831136220967,0.44743737553715546
0.8932831136220967,0.4473904841752253
0.8932831136220967,0.447343602640679
0.8932831136220967,0.4472967309304275
0.8932831136220967,0.4472498690413829
0.8932831136220967,0.44720301697045883
0.8932831136220967,0.44715617471457003
0.8932831136220967,0.4471093422706326
0.8932831136220967,0.4470625196355639
0.8932831136220967,0.4470157068062827
0.8932831136220967,0.44696890377970894
0.893492362418916,0.44702680067001677
0.893492362418916,0.4469800062807495
0.893492362418916,0.4469332216872514
0.893492362418916,0.4468864468864469
0.893492362418916,0.44683968187526163
0.893492362418916,0.4467929266506226
0.893492362418916,0.446746181209458
0.893492362418916,0.44669944554869756
0.893492362418916,0.446652719665272
0.893492362418916,0.44660600355611335
0.893492362418916,0.4465592972181552
0.893492362418916,0.4465126006483321
0.893492362418916,0.4464659138435801
0.893492362418916,0.4464192368008364
0.893492362418916,0.4463725695170395
0.893492362418916,0.4463259119891293
0.893492362418916,0.44627926421404684
0.893492362418916,0.44623262618873444
0.893492362418916,0.44618599791013586
0.893492362418916,0.4461393793751959
0.893492362418916,0.44609277058086083
0.893492362418916,0.44604617152407816
0.893492362418916,0.44599958220179653
0.893492362418916,0.44595300261096604
0.893492362418916,0.44590643274853803
0.893492362418916,0.445859872611465
0.893492362418916,0.4458133221967008
0.893492362418916,0.4457667815012005
0.893492362418916,0.44572025052192066
0.893492362418916,0.44567372925581883
0.893492362418916,0.4456272176998539
0.893492362418916,0.44558071585098613
0.893492362418916,0.44553422370617696
0.893492362418916,0.44548774126238916
0.893492362418916,0.44544126851658666
0.893492362418916,0.44539480546573484
0.893492362418916,0.4453483521068002
0.893492362418916,0.44530190843675044
0.893492362418916,0.44525547445255476
0.893492362418916,0.4452090501511834
0.893492362418916,0.445162635529608
0.893492362418916,0.44511623058480143
0.893492362418916,0.4450698353137377
0.893492362418916,0.4450234497133924
0.893492362418916,0.44497707378074197
0.893492362418916,0.4449307075127644
0.893492362418916,0.44488435090643885
0.893492362418916,0.4448380039587457
0.893492362418916,0.44479166666666664
0.893492362418916,0.44474533902718466
0.893492362418916,0.4446990210372839
0.893492362418916,0.4446527126939498
0.893492362418916,0.4446064139941691
0.893492362418916,0.44456012493492975
0.893492362418916,0.44451384551322093
0.893492362418916,0.4444675757260331
0.893492362418916,0.444421315570358
0.893492362418916,0.4443750650431887
0.893492362418916,0.44432882414151925
0.893492362418916,0.4442825928623452
0.893492362418916,0.44423637120266335
0.893492362418916,0.4441901591594716
0.893492362418916,0.4441439567297691
0.893492362418916,0.44409776391055644
0.893492362418916,0.44405158069883527
0.893492362418916,0.44400540709160863
0.893492362418916,0.44395924308588064
0.893492362418916,0.4439130886786568
0.893492362418916,0.44386694386694386
0.893492362418916,0.4438208086477497
0.8937016112157355,0.44387861151527747
0.8937016112157355,0.44383248467213965
0.8937016112157355,0.4437863674147963
0.8937016112157355,0.4437402597402597
0.8937016112157355,0.4436941616455433
0.8937016112157355,0.4436480731276618
0.8937016112157355,0.44360199418363105
0.8937016112157355,0.44355592481046835
0.8937016112157355,0.4435098650051921
0.8937016112157355,0.44346381476482194
0.8937016112157355,0.4434177740863787
0.8937016112157355,0.44337174296688464
0.8937016112157355,0.44332572140336307
0.8937016112157355,0.4432797093928386
0.8937016112157355,0.44323370693233705
0.8937016112157355,0.44318771401888557
0.8937016112157355,0.44314173064951234
0.8937016112157355,0.443095756821247
0.8937016112157355,0.4430497925311203
0.8937016112157355,0.4430038377761643
0.8937016112157355,0.44295789255341217
0.8937016112157355,0.44291195685989837
0.8937016112157355,0.4428660306926587
0.8937016112157355,0.4428201140487299
0.8937016112157355,0.44277420692515035
0.8937016112157355,0.44272830931895923
0.8937016112157355,0.44268242122719736
0.8937016112157355,0.44263654264690644
0.8937016112157355,0.44259067357512955
0.8937016112157355,0.442544814008911
0.8937016112157355,0.4424989639452963
0.8937016112157355,0.44245312338133225
0.8937016112157355,0.4424072923140667
0.8937016112157355,0.44236147074054893
0.8937016112157355,0.44231565865782935
0.8937016112157355,0.4422698560629595
0.8937016112157355,0.4422240629529923
0.8937016112157355,0.4421782793249819
0.8937016112157355,0.44213250517598346
0.8937016112157355,0.4420867405030535
0.8937016112157355,0.44204098530324987
0.8937016112157355,0.4419952395736314
0.8937016112157355,0.44194950331125826
0.8937016112157355,0.4419037765131919
0.8937016112157355,0.44185805917649496
0.8937016112157355,0.4418123512982311
0.8937016112157355,0.44176665287546546
0.8937016112157355,0.4417209639052642
0.8937016112157355,0.44167528438469494
0.8937016112157355,0.4416296143108262
0.8937016112157355,0.4415839536807279
0.8939108600125549,0.44164168303525275
0.8939108600125549,0.44159603059747776
0.8939108600125549,0.44155038759689924
0.8939108600125549,0.44150475403059114
0.8939108600125549,0.4414591298956288
0.8939108600125549,0.44141351518908867
0.8939108600125549,0.44136790990804836
0.8939108600125549,0.4413223140495868
0.8939108600125549,0.441276727610784
0.8939108600125549,0.44123115058872137
0.8939108600125549,0.4411855829804813
0.8939108600125549,0.44114002478314746
0.8939108600125549,0.44109447599380486
0.8939108600125549,0.44104893660953953
0.8939108600125549,0.4410034066274388
0.8939108600125549,0.44095788604459124
0.8939108600125549,0.4409123748580865
0.8939108600125549,0.4408668730650155
0.8939108600125549,0.44082138066247034
0.8939108600125549,0.4407758976475444
0.8939108600125549,0.4407304240173321
0.8939108600125549,0.44068495976892924
0.8939108600125549,0.4406395048994327
0.8939108600125549,0.4405940594059406
0.8939108600125549,0.4405486232855522
0.8939108600125549,0.4405031965353681
0.8939108600125549,0.44045777915248996
0.8939108600125549,0.4404123711340206
0.8939108600125549,0.44036697247706424
0.8939108600125549,0.44032158317872605
0.8939108600125549,0.44027620323611255
0.8939108600125549,0.4402308326463314
0.8939108600125549,0.4401854714064915
0.8939108600125549,0.44014011951370285
0.8939108600125549,0.44009477696507676
0.8939108600125549,0.4400494437577256
0.8939108600125549,0.440004119888763
0.8939108600125549,0.4399588053553038
0.8939108600125549,0.439913500154464
0.8939108600125549,0.43986820428336076
0.8939108600125549,0.43982291773911253
0.8939108600125549,0.4397776405188388
0.8939108600125549,0.4397323726196603
0.8939108600125549,0.43968711403869903
0.8939108600125549,0.4396418647730781
0.8941201088093743,0.4396995266515744
0.8941201088093743,0.4396542854203107
0.8941201088093743,0.4396090534979424
0.8941201088093743,0.43956383088159656
0.8941201088093743,0.43951861756840155
0.8941201088093743,0.43947341355548697
0.8941201088093743,0.43942821883998356
0.8941201088093743,0.43938303341902313
0.8941201088093743,0.43933785728973884
0.8941201088093743,0.43929269044926494
0.8941201088093743,0.43924753289473684
0.8941201088093743,0.4392023846232912
0.8941201088093743,0.43915724563206576
0.8941201088093743,0.43911211591819954
0.8941201088093743,0.4390669954788327
0.8941201088093743,0.43902188431110656
0.8941201088093743,0.43897678241216354
0.8941201088093743,0.4389316897791474
0.8941201088093743,0.43888660640920296
0.8941201088093743,0.4388415322994762
0.8941201088093743,0.4387964674471144
0.8941201088093743,0.43875141184926586
0.8941201088093743,0.43870636550308006
0.8941201088093743,0.4386613284057078
0.8941201088093743,0.43861630055430095
0.8941201088093743,0.4385712819460125
0.8941201088093743,0.4385262725779967
0.8941201088093743,0.4384812724474089
0.8941201088093743,0.4384362815514057
0.8941201088093743,0.43839129988714476
0.8941201088093743,0.438346327451785
0.8941201088093743,0.4383013642424864
0.8941201088093743,0.43825641025641027
0.8941201088093743,0.4382114654907189
0.8941201088093743,0.4381665299425759
0.8941201088093743,0.4381216036091459
0.8941201088093743,0.43807668648759485
0.8941201088093743,0.4380317785750897
0.8941201088093743,0.4379868798687987
0.8941201088093743,0.43794199036589115
0.8941201088093743,0.4378971100635376
0.8941201088093743,0.43785223895890973
0.8941201088093743,0.4378073770491803
0.8941201088093743,0.4377625243315234
0.8941201088093743,0.43771768080311413
0.8941201088093743,0.43767284646112875
0.8941201088093743,0.43762802130274475
0.8941201088093743,0.43758320532514083
0.8941201088093743,0.43753839852549664
0.8941201088093743,0.43749360090099315
0.8941201088093743,0.43744881244881245
0.8943293576061938,0.43750639778892414
0.8943293576061938,0.4374616171954964
0.8943293576061938,0.43741684576808926
0.8943293576061938,0.4373720835038887
0.8943293576061938,0.43732733040008187
0.8943293576061938,0.43728258645385715
0.8943293576061938,0.4372378516624041
0.8943293576061938,0.43719312602291327
0.8943293576061938,0.43714840953257644
0.8943293576061938,0.43710370218858663
0.8943293576061938,0.43705900398813785
0.8943293576061938,0.43701431492842535
0.8943293576061938,0.43696963500664554
0.8943293576061938,0.43692496421999594
0.8943293576061938,0.43688030256567517
0.8943293576061938,0.4368356500408831
0.8943293576061938,0.43679100664282067
0.8943293576061938,0.43674637236868996
0.8943293576061938,0.43670174721569427
0.8943293576061938,0.436657131181038
0.8943293576061938,0.43661252426192665
0.8943293576061938,0.4365679264555669
0.8943293576061938,0.4365233377591666
0.8943293576061938,0.43647875816993464
0.8943293576061938,0.4364341876850812
0.8943293576061938,0.43638962630181743
0.8943293576061938,0.4363450740173558
0.8943293576061938,0.43630053082890974
0.8943293576061938,0.436255996733694
0.8943293576061938,0.43621147172892427
0.8943293576061938,0.4361669558118175
0.8943293576061938,0.43612244897959185
0.8943293576061938,0.43607795122946635
0.8943293576061938,0.4360334625586615
0.8943293576061938,0.43598898296439864
0.8943293576061938,0.4359445124439004
0.8943293576061938,0.4359000509943906
0.8943293576061938,0.43585559861309403
0.8943293576061938,0.4358111552972367
0.8943293576061938,0.4357667210440457
0.8943293576061938,0.4357222958507493
0.8943293576061938,0.43567787971457694
0.8943293576061938,0.43563347263275914
0.8943293576061938,0.4355890746025275
0.8943293576061938,0.43554468562111487
0.8943293576061938,0.43550030568575504
0.8943293576061938,0.43545593479368316
0.8943293576061938,0.4354115729421353
0.8943293576061938,0.4353672201283488
0.8943293576061938,0.435322876349562
0.8943293576061938,0.43527854160301455
0.8943293576061938,0.4352342158859471
0.8943293576061938,0.43518989919560125
0.8943293576061938,0.4351455915292201
0.8943293576061938,0.43510129288404764
0.8943293576061938,0.435057003257329
0.8943293576061938,0.4350127226463104
0.8943293576061938,0.4349684510482394
0.8943293576061938,0.4349241884603643
0.8943293576061938,0.43487993487993487
0.8943293576061938,0.4348356903042018
0.8943293576061938,0.4347914547304171
0.8943293576061938,0.4347472281558336
0.8943293576061938,0.43470301057770544
0.8943293576061938,0.43465880199328794
0.8943293576061938,0.4346146023998373
0.8943293576061938,0.4345704117946111
0.8943293576061938,0.43452623017486786
0.8943293576061938,0.43448205753786723
0.8943293576061938,0.4344378938808701
0.8943293576061938,0.43439373920113833
0.8943293576061938,0.43434959349593494
0.8943293576061938,0.43430545676252413
0.8943293576061938,0.4342613289981711
0.8943293576061938,0.43421721020014226
0.8943293576061938,0.434173100365705
0.8943293576061938,0.43412899949212796
0.8943293576061938,0.4340849075766809
0.8943293576061938,0.4340408246166345
0.8943293576061938,0.43399675060926074
0.8943293576061938,0.4339526855518327
0.8943293576061938,0.43390862944162434
0.8943293576061938,0.43386458227591107
0.8943293576061938,0.4338205440519691
0.8943293576061938,0.433776514767076
0.8943293576061938,0.43373249441851025
0.8943293576061938,0.4336884830035515
0.8943293576061938,0.4336444805194805
0.8943293576061938,0.43360048696357917
0.8943293576061938,0.4335565023331305
0.8943293576061938,0.4335125266254184
0.8943293576061938,0.4334685598377282
0.8943293576061938,0.4334246019673461
0.8943293576061938,0.43338065301155954
0.8943293576061938,0.4333367129676569
0.8943293576061938,0.4332927818329278
0.8943293576061938,0.433248859604663
0.8943293576061938,0.43320494628015405
0.8943293576061938,0.433161041856694
0.8943293576061938,0.43311714633157683
0.8943293576061938,0.4330732597020975
0.8943293576061938,0.4330293819655522
0.8943293576061938,0.43298551311923816
0.8943293576061938,0.4329416531604538
0.8943293576061938,0.43289780208649853
0.8943293576061938,0.4328539598946729
0.8943293576061938,0.43281012658227846
0.8943293576061938,0.43276630214661804
0.8943293576061938,0.43272248658499546
0.8943293576061938,0.43267867989471553
0.8943293576061938,0.4326348820730843
0.8943293576061938,0.4325910931174089
0.8943293576061938,0.4325473130249975
0.8943293576061938,0.43250354179315925
0.8943293576061938,0.4324597794192047
0.8943293576061938,0.43241602590044514
0.8943293576061938,0.43237228123419325
0.8943293576061938,0.4323285454177625
0.8943293576061938,0.43228481844846767
0.8943293576061938,0.4322411003236246
0.8943293576061938,0.4321973910405501
0.8943293576061938,0.43215369059656217
0.8943293576061938,0.4321099989889799
0.8943293576061938,0.4320663162151233
0.8943293576061938,0.43202264227231374
0.8943293576061938,0.4319789771578735
0.8943293576061938,0.43193532086912584
0.8943293576061938,0.4318916734033953
0.8943293576061938,0.4318480347580075
0.8943293576061938,0.43180440493028893
0.8943293576061938,0.43176078391756745
0.8943293576061938,0.4317171717171717
0.8943293576061938,0.43167356832643167
0.8943293576061938,0.43162997374267825
0.8943293576061938,0.43158638796324345
0.8943293576061938,0.43154281098546043
0.8943293576061938,0.4314992428066633
0.8943293576061938,0.4314556834241874
0.8943293576061938,0.43141213283536894
0.8943293576061938,0.43136859103754543
0.8943293576061938,0.4313250580280553
0.8943293576061938,0.43128153380423817
0.8943293576061938,0.43123801836343456
0.8943293576061938,0.4311945117029863
0.8943293576061938,0.4311510138202361
0.8943293576061938,0.4311075247125277
0.8943293576061938,0.43106404437720625
0.8943293576061938,0.4310205728116176
0.8943293576061938,0.4309771100131088
0.8943293576061938,0.43093365597902805
0.8943293576061938,0.43089021070672445
0.8943293576061938,0.4308467741935484
0.8943293576061938,0.43080334643685114
0.8943293576061938,0.43075992743398506
0.8943293576061938,0.43071651718230375
0.8943293576061938,0.4306731156791616
0.8943293576061938,0.43062972292191437
0.8943293576061938,0.4305863389079186
0.8943293576061938,0.4305429636345321
0.8943293576061938,0.4304995970991136
0.8943293576061938,0.43045623929902305
0.8943293576061938,0.4304128902316213
0.8943293576061938,0.43036954989427045
0.8943293576061938,0.4303262182843335
0.8943293576061938,0.43028289539917447
0.8943293576061938,0.43023958123615863
0.8943293576061938,0.43019627579265224
0.8943293576061938,0.43015297906602257
0.8943293576061938,0.43010969105363794
0.8943293576061938,0.4300664117528678
0.8943293576061938,0.4300231411610826
0.8943293576061938,0.4299798792756539
0.8943293576061938,0.42993662609395433
0.8943293576061938,0.4298933816133575
0.8943293576061938,0.42985014583123804
0.8943293576061938,0.42980691874497184
0.8943293576061938,0.4297637003519357
0.8943293576061938,0.42972049064950735
0.8943293576061938,0.42967728963506585
0.8943293576061938,0.42963409730599117
0.8943293576061938,0.4295909136596643
0.8943293576061938,0.42954773869346735
0.8943293576061938,0.42950457240478346
0.8943293576061938,0.4294614147909968
0.8943293576061938,0.4294182658494926
0.8943293576061938,0.4293751255776572
0.8943293576061938,0.42933199397287797
0.8943293576061938,0.4292888710325432
0.8943293576061938,0.42924575675404236
0.8943293576061938,0.429202651134766
0.8943293576061938,0.4291595541721056
0.8943293576061938,0.4291164658634538
0.8943293576061938,0.4290733862062042
0.8943293576061938,0.4290303151977515
0.8943293576061938,0.42898725283549133
0.8943293576061938,0.4289441991168206
0.8943293576061938,0.428901154039137
0.8943293576061938,0.42885811759983944
0.8943293576061938,0.4288150897963279
0.8943293576061938,0.4287720706260032
0.8943293576061938,0.42872906008626743
0.8943293576061938,0.42868605817452354
0.8943293576061938,0.4286430648881757
0.8943293576061938,0.428600080224629
0.8943293576061938,0.4285571041812895
0.8943293576061938,0.4285141367555645
0.8943293576061938,0.42847117794486217
0.8943293576061938,0.42842822774659184
0.8943293576061938,0.4283852861581638
0.8943293576061938,0.4283423531769894
0.8943293576061938,0.428299428800481
0.8943293576061938,0.4282565130260521
0.8943293576061938,0.4282136058511171
0.8943293576061938,0.4281707072730916
0.8943293576061938,0.428127817289392
0.8943293576061938,0.4280849358974359
0.8943293576061938,0.428042063094642
0.8943293576061938,0.4279991988784298
0.8943293576061938,0.42795634324622006
0.8943293576061938,0.4279134961954345
0.8943293576061938,0.42787065772349586
0.8943293576061938,0.4278278278278278
0.8943293576061938,0.42778500650585527
0.8943293576061938,0.427742193755004
0.8943293576061938,0.42769938957270087
0.8943293576061938,0.42765659395637384
0.8943293576061938,0.42761380690345174
0.8943293576061938,0.4275710284113646
0.8943293576061938,0.4275282584775433
0.8943293576061938,0.4274854970994199
0.8943293576061938,0.42744274427442747
0.8943293576061938,0.4274
0.8943293576061938,0.4273572642735726
0.8943293576061938,0.4273145370925815
0.8943293576061938,0.42727181845446366
0.8943293576061938,0.42722910835665734
0.8943293576061938,0.4271864067966017
0.8943293576061938,0.42714371377173693
0.8943293576061938,0.42710102927950433
0.8943293576061938,0.4270583533173461
0.8943293576061938,0.42701568588270555
0.8943293576061938,0.42697302697302697
0.8943293576061938,0.42693037658575567
0.8943293576061938,0.426887734718338
0.8943293576061938,0.4268451013682213
0.8943293576061938,0.426802476532854
0.8943293576061938,0.4267598602096855
0.8943293576061938,0.42671725239616615
0.8943293576061938,0.42667465308974745
0.8943293576061938,0.4266320622878818
0.8943293576061938,0.42658947998802277
0.8943293576061938,0.42654690618762475
0.8943293576061938,0.4265043408841433
0.8943293576061938,0.42646178407503493
0.8943293576061938,0.42641923575775714
0.8943293576061938,0.42637669592976857
0.8943293576061938,0.4263341645885287
0.8943293576061938,0.4262916417314981
0.8943293576061938,0.4262491273561384
0.8943293576061938,0.4262066214599122
0.8943293576061938,0.4261641240402832
0.8943293576061938,0.42612163509471584
0.8943293576061938,0.4260791546206759
0.8943293576061938,0.42603668261563
0.8943293576061938,0.42599421907704577
0.8943293576061938,0.4259517640023919
0.8943293576061938,0.425909317389138
0.8943293576061938,0.42586687923475486
0.8943293576061938,0.42582444953671417
0.8943293576061938,0.42578202829248857
0.8943293576061938,0.42573961549955175
0.8943293576061938,0.4256972111553785
0.8943293576061938,0.4256548152574445
0.8943293576061938,0.42561242780322645
0.8943293576061938,0.4255700487902021
0.8943293576061938,0.42552767821585025
0.8943293576061938,0.42548531607765055
0.8943293576061938,0.4254429623730838
0.8943293576061938,0.42540061709963173
0.8943293576061938,0.42535828025477707
0.8943293576061938,0.42531595183600357
0.8943293576061938,0.42527363184079603
0.8943293576061938,0.4252313202666401
0.8943293576061938,0.4251890171110227
0.8943293576061938,0.4251467223714314
0.8943293576061938,0.4251044360453551
0.8943293576061938,0.4250621581302834
0.8943293576061938,0.42501988862370726
0.8943293576061938,0.42497762752311824
0.8943293576061938,0.4249353748260091
0.8943293576061938,0.42489313052987376
0.8943293576061938,0.42485089463220677
0.8943293576061938,0.4248086671305039
0.8943293576061938,0.424766448022262
0.8943293576061938,0.42472423730497866
0.8943293576061938,0.42468203497615264
0.8943293576061938,0.42463984103328367
0.8943293576061938,0.42459765547387246
0.8943293576061938,0.4245554782954207
0.8943293576061938,0.4245133094954311
0.8943293576061938,0.4244711490714073
0.8943293576061938,0.424428997020854
0.8943293576061938,0.42438685334127696
0.8943293576061938,0.4243447180301827
0.8943293576061938,0.42430259108507895
0.8943293576061938,0.4242604725034743
0.8943293576061938,0.4242183622828784
0.8943293576061938,0.4241762604208019
0.8943293576061938,0.42413416691475636
0.8943293576061938,0.42409208176225444
0.8943293576061938,0.4240500049608096
0.8943293576061938,0.4240079365079365
0.8943293576061938,0.4239658764011507
0.8943293576061938,0.4239238246379687
0.8943293576061938,0.42388178121590797
0.8943293576061938,0.4238397461324871
0.8943293576061938,0.4237977193852256
0.8943293576061938,0.4237557009716439
0.8943293576061938,0.4237136908892634
0.8943293576061938,0.42367168913560665
0.8943293576061938,0.42362969570819703
0.8943293576061938,0.42358771060455896
0.8943293576061938,0.42354573382221783
0.8943293576061938,0.42350376535869994
0.8943293576061938,0.42346180521153276
0.8943293576061938,0.4234198533782445
0.8943293576061938,0.42337790985636453
0.8943293576061938,0.42333597464342315
0.8943293576061938,0.42329404773695156
0.8943293576061938,0.42325212913448207
0.8943293576061938,0.42321021883354787
0.8943293576061938,0.42316831683168316
0.8943293576061938,0.4231264231264231
0.8943293576061938,0.4230845377153039
0.8943293576061938,0.4230426605958626
0.8943293576061938,0.4230007917656374
0.8943293576061938,0.42295893122216727
0.8943293576061938,0.4229170789629923
0.8943293576061938,0.4228752349856535
0.8943293576061938,0.4228333992876929
0.8943293576061938,0.4227915718666535
0.8943293576061938,0.42274975272007914
0.8943293576061938,0.4227079418455148
0.8943293576061938,0.42266613924050633
0.8943293576061938,0.4226243449026006
0.8943293576061938,0.4225825588293455
0.8943293576061938,0.4225407810182897
0.8943293576061938,0.422499011466983
0.8943293576061938,0.4224572501729762
0.8945386064030132,0.4225143308954339
0.8945386064030132,0.42247257634153573
0.8945386064030132,0.4224308300395257
0.8945386064030132,0.4223890919869578
0.8945386064030132,0.4223473621813871
0.8945386064030132,0.42230564062036946
0.8945386064030132,0.4222639273014619
0.8945386064030132,0.4222222222222222
0.8945386064030132,0.42218052538020934
0.8945386064030132,0.42213883677298314
0.8945386064030132,0.42209715639810425
0.8945386064030132,0.42205548425313455
0.8945386064030132,0.4220138203356367
0.8945386064030132,0.42197216464317444
0.8945386064030132,0.42193051717331226
0.8945386064030132,0.4218888779236159
0.8945386064030132,0.4218472468916519
0.8945386064030132,0.4218056240749877
0.8945386064030132,0.4217640094711918
0.8945386064030132,0.42172240307783365
0.8945386064030132,0.4216808048924837
0.8945386064030132,0.4216392149127133
0.8945386064030132,0.42159763313609466
0.8945386064030132,0.42155605956020115
0.8945386064030132,0.421514494182607
0.8945386064030132,0.42147293700088734
0.8945386064030132,0.4214313880126183
0.8945386064030132,0.42138984721537703
0.8945386064030132,0.42134831460674155
0.8945386064030132,0.4213067901842909
0.8945386064030132,0.42126527394560503
0.8945386064030132,0.4212237658882649
0.8945386064030132,0.4211822660098522
0.8945386064030132,0.42114077430794994
0.8945386064030132,0.42109929078014185
0.8945386064030132,0.4210578154240126
0.8945386064030132,0.4210163482371479
0.8945386064030132,0.42097488921713444
0.8945386064030132,0.42093343836155966
0.8945386064030132,0.4208919956680122
0.8945386064030132,0.42085056113408154
0.8945386064030132,0.420809134757358
0.8945386064030132,0.42076771653543305
0.8945386064030132,0.42072630646589904
0.8945386064030132,0.42068490454634916
0.8945386064030132,0.42064351077437767
0.8945386064030132,0.4206021251475797
0.8945386064030132,0.4205607476635514
0.8945386064030132,0.42051937831988984
0.8945386064030132,0.42047801711419297
0.8945386064030132,0.42043666404405977
0.8945386064030132,0.42039531910709016
0.8945386064030132,0.42035398230088494
0.8945386064030132,0.42031265362304593
0.8945386064030132,0.42027133307117576
0.8945386064030132,0.42023002064287823
0.8945386064030132,0.42018871633575783
0.8945386064030132,0.4201474201474201
0.8945386064030132,0.4201061320754717
0.8945386064030132,0.42006485211751987
0.8945386064030132,0.4200235802711731
0.8945386064030132,0.41998231653404067
0.8945386064030132,0.4199410609037328
0.8945386064030132,0.4198998133778607
0.8945386064030132,0.41985857395403653
0.8945386064030132,0.4198173426298733
0.8945386064030132,0.4197761194029851
0.8945386064030132,0.41973490427098675
0.8945386064030132,0.4196936972314942
0.8945386064030132,0.41965249828212425
0.8945386064030132,0.4196113074204947
0.8945386064030132,0.41957012464422416
0.8945386064030132,0.41952894995093226
0.8945386064030132,0.4194877833382396
0.8945386064030132,0.41944662480376765
0.8945386064030132,0.4194054743451388
0.8945386064030132,0.41936433195997647
0.8945386064030132,0.41932319764590487
0.8945386064030132,0.41928207140054924
0.8945386064030132,0.41924095322153576
0.8945386064030132,0.41919984310649144
0.8947478551998326,0.4192567898813609
0.8947478551998326,0.4192156862745098
0.8947478551998326,0.4191745907263994
0.8947478551998326,0.41913350323465987
0.8947478551998326,0.41909242379692246
0.8947478551998326,0.4190513524108193
0.8947478551998326,0.41901028907398336
0.8947478551998326,0.4189692337840486
0.8947478551998326,0.41892818653864994
0.8947478551998326,0.4188871473354232
0.8947478551998326,0.41884611617200507
0.8947478551998326,0.4188050930460333
0.8947478551998326,0.4187640779551464
0.8947478551998326,0.41872307089698396
0.8949571039966521,0.4187799862919808
0.8949571039966521,0.41873898570589385
0.8949571039966521,0.41869799314733236
0.8949571039966521,0.4186570086139389
0.8949571039966521,0.4186160321033571
0.8949571039966521,0.41857506361323155
0.8949571039966521,0.41853410314120754
0.8949571039966521,0.4184931506849315
0.8949571039966521,0.4184522062420507
0.8949571039966521,0.41841126981021326
0.8949571039966521,0.41837034138706836
0.8949571039966521,0.41832942097026604
0.8949571039966521,0.4182885085574572
0.8949571039966521,0.41824760414629375
0.8949571039966521,0.4182067077344285
0.8949571039966521,0.4181658193195151
0.8949571039966521,0.41812493889920815
0.8949571039966521,0.41808406647116325
0.8949571039966521,0.41804320203303685
0.8949571039966521,0.41800234558248633
0.8949571039966521,0.41796149711716996
0.8949571039966521,0.4179206566347469
0.8949571039966521,0.4178798241328774
0.8949571039966521,0.41783899960922233
0.8949571039966521,0.4177981830614438
0.8949571039966521,0.4177573744872045
0.8949571039966521,0.4177165738841684
0.8951663527934715,0.4177734375
0.8951663527934715,0.4177326432965531
0.8951663527934715,0.4176918570591681
0.8951663527934715,0.41765107878551205
0.8951663527934715,0.41761030847325264
0.8951663527934715,0.4175695461200586
0.8951663527934715,0.41752879172359947
0.8951663527934715,0.4174880452815458
0.8951663527934715,0.4174473067915691
0.8951663527934715,0.4174065762513416
0.8951663527934715,0.41736585365853657
0.8951663527934715,0.41732513901082824
0.8951663527934715,0.4172844323058915
0.8951663527934715,0.41724373354140254
0.8951663527934715,0.41720304271503805
0.8951663527934715,0.41716235982447586
0.8951663527934715,0.4171216848673947
0.8951663527934715,0.4170810178414741
0.8951663527934715,0.4170403587443946
0.8951663527934715,0.4169997075738376
0.8951663527934715,0.41695906432748536
0.8951663527934715,0.4169184290030212
0.8951663527934715,0.41687780159812904
0.8951663527934715,0.41683718211049403
0.8951663527934715,0.416796570537802
0.8951663527934715,0.4167559668777399
0.8951663527934715,0.41671537112799534
0.8953756015902908,0.4167721827213402
0.8953756015902908,0.4167315932995715
0.8953756015902908,0.4166910117830363
0.8953756015902908,0.4166504381694255
0.8953756015902908,0.4166098724564307
0.8953756015902908,0.41656931464174457
0.8953756015902908,0.41652876472306044
0.8953756015902908,0.4164882226980728
0.8953756015902908,0.4164476885644769
0.8953756015902908,0.4164071623199689
0.8953756015902908,0.4163666439622458
0.8953756015902908,0.41632613348900566
0.8953756015902908,0.4162856308979473
0.8953756015902908,0.41624513618677045
0.8953756015902908,0.41620464935317575
0.8953756015902908,0.4161641703948648
0.8953756015902908,0.41612369930954
0.8953756015902908,0.4160832360949047
0.8953756015902908,0.4160427807486631
0.8953756015902908,0.4160023332685203
0.8953756015902908,0.4159618936521824
0.8953756015902908,0.4159214618973561
0.8953756015902908,0.4158810380017494
0.8953756015902908,0.4158406219630709
0.8953756015902908,0.4158002137790302
0.8953756015902908,0.41575981344733776
0.8953756015902908,0.41571942096570486
0.8953756015902908,0.4156790363318438
0.8953756015902908,0.4156386595434677
0.8953756015902908,0.4155982905982906
0.8953756015902908,0.41555792949402737
0.8953756015902908,0.41551757622839386
0.8953756015902908,0.4154772307991067
0.8953756015902908,0.4154368932038835
0.8953756015902908,0.4153965634404427
0.8953756015902908,0.4153562415065036
0.8953756015902908,0.41531592739978646
0.8953756015902908,0.4152756211180124
0.8953756015902908,0.41523532265890345
0.8953756015902908,0.41519503202018243
0.8953756015902908,0.4151547491995731
0.8953756015902908,0.41511447419480013
0.8953756015902908,0.4150742070035891
0.8953756015902908,0.41503394762366635
0.8953756015902908,0.4149936960527592
0.8953756015902908,0.4149534522885958
0.8953756015902908,0.41491321632890527
0.8953756015902908,0.4148729881714175
0.8953756015902908,0.4148327678138633
0.8953756015902908,0.4147925552539744
0.8953756015902908,0.4147523504894834
0.8953756015902908,0.4147121535181237
0.8953756015902908,0.4146719643376296
0.8953756015902908,0.41463178294573644
0.8953756015902908,0.4145916093401802
0.8953756015902908,0.41455144351869794
0.8953756015902908,0.41451128547902744
0.8953756015902908,0.4144711352189074
0.8953756015902908,0.4144309927360775
0.8953756015902908,0.41439085802827813
0.8953756015902908,0.4143507310932507
0.8953756015902908,0.4143106119287374
0.8953756015902908,0.4142705005324814
0.8953756015902908,0.4142303969022265
0.8953756015902908,0.41419030103571775
0.8953756015902908,0.41415021293070076
0.8953756015902908,0.4141101325849221
0.8953756015902908,0.4140700599961293
0.8953756015902908,0.4140299951620706
0.8953756015902908,0.41398993808049533
0.8953756015902908,0.4139498887491535
0.8953756015902908,0.4139098471657961
0.8953756015902908,0.41386981332817485
0.8953756015902908,0.41382978723404257
0.8953756015902908,0.4137897688811527
0.8953756015902908,0.41374975826725974
0.8953756015902908,0.4137097553901189
0.8953756015902908,0.4136697602474865
0.8953756015902908,0.4136297728371194
0.8953756015902908,0.4135897931567756
0.8953756015902908,0.4135498212042138
0.8953756015902908,0.41350985697719367
0.8953756015902908,0.4134699004734757
0.8953756015902908,0.41342995169082125
0.8953756015902908,0.41339001062699254
0.8953756015902908,0.4133500772797527
0.8953756015902908,0.41331015164686563
0.8953756015902908,0.41327023372609617
0.8953756015902908,0.41323032351521005
0.8953756015902908,0.41319042101197373
0.8953756015902908,0.41315052621415466
0.8953756015902908,0.4131106391195211
0.8953756015902908,0.4130707597258423
0.8953756015902908,0.41303088803088805
0.8953756015902908,0.4129910240324293
0.8953756015902908,0.4129511677282378
0.8953756015902908,0.4129113191160861
0.8953756015902908,0.4128714781937476
0.8953756015902908,0.4128316449589966
0.8953756015902908,0.41279181940960835
0.8953756015902908,0.4127520015433587
0.8953756015902908,0.41271219135802467
0.8953756015902908,0.4126723888513839
0.8953756015902908,0.41263259402121505
0.8953756015902908,0.4125928068652975
0.8953756015902908,0.4125530273814115
0.8953756015902908,0.41251325556733826
0.8953756015902908,0.4124734914208598
0.8953756015902908,0.41243373493975904
0.8953756015902908,0.4123939861218196
0.8953756015902908,0.41235424496482603
0.8953756015902908,0.4123145114665639
0.8953756015902908,0.41227478562481934
0.8953756015902908,0.4122350674373796
0.8953756015902908,0.4121953569020326
0.8953756015902908,0.4121556540165671
0.8953756015902908,0.412115958778773
0.8953756015902908,0.4120762711864407
0.8953756015902908,0.4120365912373616
0.8953756015902908,0.41199691892932794
0.8953756015902908,0.41195725426013285
0.8953756015902908,0.41191759722757026
0.8953756015902908,0.411877947829435
0.8953756015902908,0.4118383060635226
0.8953756015902908,0.4117986719276297
0.8953756015902908,0.4117590454195535
0.8953756015902908,0.41171942653709226
0.8953756015902908,0.41167981527804504
0.8953756015902908,0.41164021164021164
0.8953756015902908,0.41160061562139283
0.8953756015902908,0.4115610272193902
0.8953756015902908,0.41152144643200617
0.8953756015902908,0.41148187325704394
0.8953756015902908,0.4114423076923077
0.8953756015902908,0.41140274973560237
0.8953756015902908,0.4113631993847337
0.8953756015902908,0.4113236566375084
0.8953756015902908,0.41128412149173393
0.8953756015902908,0.4112445939452186
0.8953756015902908,0.41120507399577166
0.8953756015902908,0.41116556164120305
0.8953756015902908,0.4111260568793236
0.8953756015902908,0.41108655970794505
0.8953756015902908,0.4110470701248799
0.8953756015902908,0.4110075881279416
0.8953756015902908,0.4109681137149443
0.8953756015902908,0.41092864688370306
0.8953756015902908,0.4108891876320338
0.8953756015902908,0.41084973595775326
0.8953756015902908,0.41081029185867896
0.8953756015902908,0.41077085533262936
0.8953756015902908,0.4107314263774237
0.8953756015902908,0.41069200499088204
0.8953756015902908,0.4106525911708253
0.8953756015902908,0.4106131849150753
0.8953756015902908,0.41057378622145463
0.8953756015902908,0.4105343950877866
0.8953756015902908,0.4104950115118956
0.8953756015902908,0.41045563549160674
0.8953756015902908,0.4104162670247458
0.8953756015902908,0.41037690610913974
0.8953756015902908,0.410337552742616
0.8953756015902908,0.4102982069230032
0.8953756015902908,0.4102588686481304
0.8953756015902908,0.4102195379158278
0.8953756015902908,0.4101802147239264
0.8953756015902908,0.41014089907025786
0.8953756015902908,0.4101015909526548
0.8953756015902908,0.41006229036895064
0.8953756015902908,0.41002299731697966
0.8953756015902908,0.409983711794577
0.8953756015902908,0.40994443379957846
0.8953756015902908,0.40990516332982085
0.8953756015902908,0.40986590038314175
0.8953756015902908,0.4098266449573796
0.8953756015902908,0.4097873970503735
0.8953756015902908,0.4097481566599636
0.8953756015902908,0.4097089237839908
0.8953756015902908,0.40966969842029677
0.8953756015902908,0.40963048056672413
0.8953756015902908,0.40959127022111613
0.8953756015902908,0.409552067381317
0.8953756015902908,0.4095128720451718
0.8953756015902908,0.4094736842105263
0.8953756015902908,0.40943450387522723
0.8953756015902908,0.40939533103712206
0.8953756015902908,0.40935616569405914
0.8953756015902908,0.4093170078438875
0.8953756015902908,0.4092778574844572
0.8953756015902908,0.409238714613619
0.8953756015902908,0.40919957922922445
0.8953756015902908,0.40916045132912604
0.8953756015902908,0.409121330911177
0.8953756015902908,0.40908221797323135
0.8953756015902908,0.40904311251314407
0.8953756015902908,0.4090040145287708
0.8953756015902908,0.4089649240179681
0.8953756015902908,0.40892584097859325
0.8953756015902908,0.40888676540850455
0.8953756015902908,0.40884769730556086
0.8953756015902908,0.40880863666762207
0.8953756015902908,0.4087695834925487
0.8953756015902908,0.4087305377782023
0.8953756015902908,0.4086914995224451
0.8953756015902908,0.4086524687231401
0.8953756015902908,0.40861344537815125
0.8953756015902908,0.4085744294853433
0.8953756015902908,0.4085354210425816
0.8953756015902908,0.4084964200477327
0.8953756015902908,0.4084574264986636
0.8953756015902908,0.4084184403932423
0.8953756015902908,0.40837946172933764
0.8953756015902908,0.4083404905048192
0.8953756015902908,0.40830152671755726
0.8953756015902908,0.4082625703654231
0.8953756015902908,0.4082236214462889
0.8953756015902908,0.40818467995802726
0.8953756015902908,0.408145745898512
0.8953756015902908,0.40810681926561754
0.8953756015902908,0.40806790005721916
0.8953756015902908,0.4080289882711929
0.8953756015902908,0.4079900839054157
0.8953756015902908,0.4079511869577653
0.8953756015902908,0.4079122974261201
0.8953756015902908,0.4078734153083595
0.8953756015902908,0.4078345406023637
0.8953756015902908,0.4077956733060135
0.8953756015902908,0.4077568134171908
0.8953756015902908,0.407717960933778
0.8953756015902908,0.4076791158536585
0.8953756015902908,0.4076402781747166
0.8953756015902908,0.4076014478948371
0.8953756015902908,0.4075626250119059
0.8953756015902908,0.4075238095238095
0.8953756015902908,0.4074850014284354
0.8953756015902908,0.40744620072367166
0.8953756015902908,0.4074074074074074
0.8953756015902908,0.4073686214775324
0.8953756015902908,0.4073298429319372
0.8953756015902908,0.40729107176851326
0.8953756015902908,0.4072523079851528
0.8953756015902908,0.40721355157974876
0.8953756015902908,0.40717480255019506
0.8953756015902908,0.4071360608943863
0.8953756015902908,0.40709732661021786
0.8953756015902908,0.407058599695586
0.8953756015902908,0.4070198801483877
0.8953756015902908,0.40698116796652084
0.8953756015902908,0.40694246314788396
0.8953756015902908,0.40690376569037656
0.8953756015902908,0.40686507559189883
0.8953756015902908,0.40682639285035177
0.8953756015902908,0.40678771746363723
0.8953756015902908,0.4067490494296578
0.8953756015902908,0.4067103887463169
0.8953756015902908,0.40667173541151874
0.8953756015902908,0.4066330894231683
0.8953756015902908,0.4065944507791714
0.8953756015902908,0.4065558194774347
0.8953756015902908,0.40651719551586546
0.8953756015902908,0.406478578892372
0.8953756015902908,0.4064399696048632
0.8953756015902908,0.40640136765124896
0.8953756015902908,0.4063627730294397
0.8953756015902908,0.40632418573734685
0.8953756015902908,0.40628560577288264
0.8953756015902908,0.40624703313395993
0.8953756015902908,0.4062084678184925
0.8953756015902908,0.4061699098243949
0.8953756015902908,0.40613135914958237
0.8953756015902908,0.40609281579197115
0.8953756015902908,0.40605427974947805
0.8953756015902908,0.40601575102002085
0.8953756015902908,0.40597722960151805
0.8953756015902908,0.4059387154918888
0.8953756015902908,0.4059002086890533
0.8953756015902908,0.4058617091909324
0.8953756015902908,0.40582321699544766
0.8953756015902908,0.4057847321005216
0.8953756015902908,0.40574625450407736
0.8953756015902908,0.4057077842040391
0.8953756015902908,0.40566932119833143
0.8953756015902908,0.4056308654848801
0.8953756015902908,0.40559241706161137
0.8953756015902908,0.4055539759264525
0.8953756015902908,0.4055155420773313
0.8953756015902908,0.40547711551217663
0.8953756015902908,0.4054386962289179
0.8953756015902908,0.4054002842254856
0.8953756015902908,0.4053618794998105
0.8953756015902908,0.40532348204982477
0.8953756015902908,0.4052850918734609
0.8953756015902908,0.40524670896865234
0.8953756015902908,0.40520833333333334
0.8953756015902908,0.4051699649654389
0.8953756015902908,0.40513160386290475
0.8953756015902908,0.40509325002366753
0.8953756015902908,0.4050549034456645
0.8953756015902908,0.4050165641268339
0.8953756015902908,0.4049782320651145
0.8953756015902908,0.4049399072584461
0.8953756015902908,0.40490158970476914
0.8953756015902908,0.40486327940202477
0.8953756015902908,0.4048249763481552
0.8953756015902908,0.404786680541103
0.8953756015902908,0.40474839197881196
0.8953756015902908,0.40471011065922635
0.8953756015902908,0.40467183658029127
0.8953756015902908,0.40463356973995274
0.8953756015902908,0.40459531013615735
0.8953756015902908,0.4045570577668526
0.8953756015902908,0.4045188126299868
0.8953756015902908,0.40448057472350885
0.8953756015902908,0.4044423440453686
0.8953756015902908,0.40440412059351666
0.8953756015902908,0.40436590436590436
0.8955848503871102,0.40442218652555983
0.8955848503871102,0.40438397581254726
0.8955848503871102,0.4043457723193198
0.8955848503871102,0.4043075760438315
0.8955848503871102,0.404269386984037
0.8955848503871102,0.40423120513789196
0.8955848503871102,0.40419303050335254
0.8955848503871102,0.40415486307837584
0.8955848503871102,0.40411670286091966
0.8955848503871102,0.4040785498489426
0.8955848503871102,0.40404040404040403
0.8955848503871102,0.4040022654332641
0.8955848503871102,0.4039641340254837
0.8955848503871102,0.4039260098150245
0.8955848503871102,0.403887892799849
0.8955848503871102,0.40384978297792035
0.8955848503871102,0.40381168034720255
0.8955848503871102,0.4037735849056604
0.8955848503871102,0.4037354966512593
0.8955848503871102,0.40369741558196565
0.8955848503871102,0.40365934169574647
0.8955848503871102,0.4036212749905696
0.8955848503871102,0.40358321546440357
0.8955848503871102,0.4035451631152178
0.8955848503871102,0.4035071179409824
0.8955848503871102,0.4034690799396682
0.8955848503871102,0.4034310491092469
0.8955848503871102,0.40339302544769085
0.8955848503871102,0.4033550089529733
0.8955848503871102,0.4033169996230682
0.8955848503871102,0.40327899745595025
0.8955848503871102,0.4032410024495949
0.8955848503871102,0.4032030146019783
0.8955848503871102,0.4031650339110776
0.8955848503871102,0.4031270603748705
0.8955848503871102,0.40308909399133547
0.8955848503871102,0.40305113475845183
0.8955848503871102,0.4030131826741996
0.8955848503871102,0.40297523773655963
0.8955848503871102,0.40293729994351346
0.8955848503871102,0.4028993692930434
0.8955848503871102,0.40286144578313254
0.8955848503871102,0.4028235294117647
0.8955848503871102,0.40278562017692454
0.8955848503871102,0.40274771807659737
0.8955848503871102,0.4027098231087693
0.8955848503871102,0.40267193527142725
0.8955848503871102,0.4026340545625588
0.8955848503871102,0.4025961809801524
0.8955848503871102,0.40255831452219715
0.8955848503871102,0.40252045518668295
0.8955848503871102,0.40248260297160054
0.8955848503871102,0.4024447578749412
0.8955848503871102,0.40240691989469723
0.8955848503871102,0.40236908902886154
0.8955848503871102,0.40233126527542773
0.8955848503871102,0.40229344863239025
0.8955848503871102,0.40225563909774437
0.8955848503871102,0.40221783666948596
0.8955848503871102,0.40218004134561175
0.8955848503871102,0.40214225312411916
0.8955848503871102,0.40210447200300636
0.8955848503871102,0.40206669798027245
0.8955848503871102,0.40202893105391696
0.8955848503871102,0.40199117122194045
0.8955848503871102,0.4019534184823441
0.8955848503871102,0.40191567283312984
0.8955848503871102,0.40187793427230045
0.8955848503871102,0.40184020279785937
0.8955848503871102,0.40180247840781075
0.8955848503871102,0.4017647611001596
0.8955848503871102,0.4017270508729116
0.8955848503871102,0.4016893477240732
0.8955848503871102,0.4016516516516517
0.8955848503871102,0.4016139626536549
0.8955848503871102,0.4015762807280916
0.8955848503871102,0.4015386058729712
0.8955848503871102,0.40150093808630394
0.8955848503871102,0.40146327736610077
0.8955848503871102,0.40142562371037327
0.8955848503871102,0.40138797711713403
0.8955848503871102,0.4013503375843961
0.8955848503871102,0.4013127051101735
0.8955848503871102,0.4012750796924808
0.8955848503871102,0.40123746132933347
0.8955848503871102,0.40119985001874764
0.8955848503871102,0.40116224575874027
0.8955848503871102,0.40112464854732893
0.8955848503871102,0.4010870583825321
0.8955848503871102,0.40104947526236884
0.8955848503871102,0.40101189918485897
0.8955848503871102,0.40097433014802325
0.8955848503871102,0.4009367681498829
0.8955848503871102,0.4008992131884601
0.8955848503871102,0.40086166526177763
0.8955848503871102,0.40082412436785914
0.8955848503871102,0.4007865905047289
0.8955848503871102,0.40074906367041196
0.8955848503871102,0.40071154386293417
0.8955848503871102,0.400674031080322
0.8955848503871102,0.40063652532060284
0.8955848503871102,0.4005990265818046
0.8955848503871102,0.400561534861956
0.8955848503871102,0.40052405015908665
0.8955848503871102,0.4004865724712267
0.8955848503871102,0.4004491017964072
0.8955848503871102,0.40041163813265973
0.8955848503871102,0.40037418147801684
0.8955848503871102,0.40033673183051166
0.8955848503871102,0.4002992891881781
0.8955848503871102,0.4002618535490508
0.8955848503871102,0.40022442491116517
0.8955848503871102,0.4001870032725573
0.8955848503871102,0.40014958863126404
0.8955848503871102,0.400112180985323
0.8955848503871102,0.4000747803327725
0.8955848503871102,0.40003738667165156
0.8955848503871102,0.4
0.8955848503871102,0.39996262031585833
0.8955848503871102,0.3999252476172678
0.8955848503871102,0.39988788190227037
0.8955848503871102,0.39985052316890884
0.8955848503871102,0.39981317141522654
0.8955848503871102,0.3997758266392677
0.8955848503871102,0.39973848883907726
0.8955848503871102,0.3997011580127008
0.8955848503871102,0.3996638341581847
0.8955848503871102,0.3996265172735761
0.8955848503871102,0.39958920735692277
0.8955848503871102,0.39955190440627336
0.8955848503871102,0.399514608419677
0.8955848503871102,0.3994773193951839
0.8955848503871102,0.3994400373308446
0.8955848503871102,0.3994027622247107
0.8955848503871102,0.39936549407483435
0.8955848503871102,0.3993282328792685
0.8955848503871102,0.3992909786360668
0.8955848503871102,0.39925373134328357
0.8955848503871102,0.399216490998974
0.8955848503871102,0.3991792576011938
0.8955848503871102,0.3991420311479996
0.8955848503871102,0.3991048116374487
0.8955848503871102,0.3990675990675991
0.8955848503871102,0.3990303934365094
0.8955848503871102,0.3989931947422392
0.8955848503871102,0.3989560029828486
0.8955848503871102,0.39891881815639857
0.8955848503871102,0.39888164026095063
0.8955848503871102,0.3988444692945671
0.8955848503871102,0.3988073052553112
0.8955848503871102,0.3987701481412466
0.8955848503871102,0.3987329979504379
0.8955848503871102,0.39869585468095015
0.8955848503871102,0.3986587183308495
0.8955848503871102,0.3986215888982025
0.8955848503871102,0.39858446638107653
0.8955848503871102,0.39854735077753983
0.8955848503871102,0.3985102420856611
0.8955848503871102,0.39847314030350994
0.8955848503871102,0.39843604542915656
0.8955848503871102,0.39839895746067205
0.8955848503871102,0.3983618763961281
0.8955848503871102,0.398324802233597
0.8955848503871102,0.39828773497115205
0.8955848503871102,0.39825067460686703
0.8955848503871102,0.39821362113881653
0.8955848503871102,0.3981765745650758
0.8955848503871102,0.39813953488372095
0.8955848503871102,0.39810250209282855
0.8955848503871102,0.39806547619047616
0.8955848503871102,0.39802845717474195
0.8955848503871102,0.39799144504370465
0.8955848503871102,0.397954439795444
0.8955848503871102,0.39791744142804014
0.8955848503871102,0.3978804499395742
0.8955848503871102,0.3978434653281279
0.8955848503871102,0.3978064875917836
0.8955848503871102,0.39776951672862454
0.8955848503871102,0.3977325527367345
0.8955848503871102,0.3976955956141981
0.8955848503871102,0.3976586453591006
0.8955848503871102,0.39762170196952806
0.8955848503871102,0.39758476544356713
0.8955848503871102,0.39754783577930525
0.8955848503871102,0.3975109129748305
0.8955848503871102,0.3974739970282318
0.8955848503871102,0.3974370879375987
0.8955848503871102,0.39740018570102137
0.8955848503871102,0.39736329031659084
0.8955848503871102,0.3973264017823988
0.8955848503871102,0.3972895200965376
0.8955848503871102,0.3972526452571004
0.8955848503871102,0.397215777262181
0.8955848503871102,0.39717891610987377
0.8955848503871102,0.3971420617982741
0.8955848503871102,0.39710521432547785
0.8955848503871102,0.3970683736895816
0.8955848503871102,0.3970315398886827
0.8955848503871102,0.39699471292087934
0.8955848503871102,0.39695789278427007
0.8955848503871102,0.3969210794769545
0.8955848503871102,0.39688427299703266
0.8955848503871102,0.39684747334260545
0.8955848503871102,0.39681068051177454
0.8955848503871102,0.39677389450264205
0.8955848503871102,0.3967371153133111
0.8955848503871102,0.3967003429418853
0.8955848503871102,0.39666357738646896
0.8955848503871102,0.39662681864516725
0.8955848503871102,0.396590066716086
0.8955848503871102,0.3965533215973316
0.8955848503871102,0.3965165832870113
0.8955848503871102,0.396479851783233
0.8955848503871102,0.39644312708410523
0.8955848503871102,0.39640640918773734
0.8955848503871102,0.3963696980922393
0.8955848503871102,0.39633299379572184
0.8955848503871102,0.3962962962962963
0.8955848503871102,0.3962596055920748
0.8955848503871102,0.3962229216811701
0.8955848503871102,0.3961862445616958
0.8955848503871102,0.396149574231766
0.8955848503871102,0.3961129106894956
0.8955848503871102,0.39607625393300017
0.8955848503871102,0.39603960396039606
0.8955848503871102,0.3960029607698001
0.8955848503871102,0.3959663243593302
0.8955848503871102,0.39592969472710454
0.8955848503871102,0.39589307187124223
0.8955848503871102,0.3958564557898631
0.8955848503871102,0.3958198464810876
0.8955848503871102,0.3957832439430368
0.8955848503871102,0.39574664817383265
0.8955848503871102,0.39571005917159763
0.8955848503871102,0.39567347693445504
0.8955848503871102,0.39563690146052877
0.8955848503871102,0.39560033274794343
0.8955848503871102,0.3955637707948244
0.8955848503871102,0.39552721559929765
0.8955848503871102,0.39549066715948994
0.8955848503871102,0.3954541254735286
0.8955848503871102,0.3954175905395418
0.8955848503871102,0.3953810623556582
0.8955848503871102,0.39534454092000737
0.8955848503871102,0.3953080262307195
0.8955848503871102,0.3952715182859254
0.8955848503871102,0.3952350170837566
0.8955848503871102,0.39519852262234534
0.8955848503871102,0.3951620348998246
0.8955848503871102,0.3951255539143279
0.8955848503871102,0.39508907966398965
0.8955848503871102,0.3950526121469448
0.8955848503871102,0.395016151361329
0.8955848503871102,0.3949796973052787
0.8955848503871102,0.39494324997693087
0.8955848503871102,0.39490680937442335
0.8955848503871102,0.39487037549589443
0.8955848503871102,0.3948339483394834
0.8955848503871102,0.39479752790332995
0.8955848503871102,0.39476111418557464
0.8955848503871102,0.3947247071843586
0.8955848503871102,0.3946883068978237
0.8955848503871102,0.3946519133241125
0.8955848503871102,0.39461552646136827
0.8955848503871102,0.3945791463077349
0.8955848503871102,0.3945427728613569
0.8955848503871102,0.39450640612037974
0.8955848503871102,0.39447004608294933
0.8955848503871102,0.39443369274721224
0.8955848503871102,0.3943973461113159
0.8955848503871102,0.3943610061734083
0.8955848503871102,0.3943246729316381
0.8955848503871102,0.3942883463841548
0.8955848503871102,0.39425202652910835
0.8955848503871102,0.39421571336464956
0.8955848503871102,0.39417940688892983
0.8955848503871102,0.3941431071001013
0.8955848503871102,0.39410681399631675
0.8955848503871102,0.3940705275757297
0.8955848503871102,0.3940342478364942
0.8955848503871102,0.3939979747767652
0.8955848503871102,0.3939617083946981
0.8955848503871102,0.39392544868844914
0.8955848503871102,0.39388919565617525
0.8955848503871102,0.39385294929603387
0.8955848503871102,0.3938167096061833
0.8955848503871102,0.39378047658478244
0.8955848503871102,0.3937442502299908
0.8955848503871102,0.3937080305399687
0.8955848503871102,0.3936718175128771
0.8955848503871102,0.39363561114687756
0.8955848503871102,0.39359941144013244
0.8955848503871102,0.3935632183908046
0.8955848503871102,0.39352703199705774
0.8955848503871102,0.39349085225705616
0.8955848503871102,0.39345467916896487
0.8955848503871102,0.3934185127309495
0.8955848503871102,0.39338235294117646
0.8955848503871102,0.3933461997978127
0.8955848503871102,0.3933100532990259
0.8955848503871102,0.39327391344298446
0.8955848503871102,0.3932377802278574
0.8955848503871102,0.3932016536518144
0.8955848503871102,0.3931655337130259
0.8955848503871102,0.3931294204096629
0.8955848503871102,0.39309331373989714
0.8955848503871102,0.393057213701901
0.8955848503871102,0.39302112029384756
0.8955848503871102,0.39298503351391056
0.8955848503871102,0.3929489533602644
0.8955848503871102,0.3929128798310842
0.8955848503871102,0.3928768129245456
0.8955848503871102,0.3928407526388252
0.8955848503871102,0.39280469897209985
0.8955848503871102,0.3927686519225475
0.8955848503871102,0.3927326114883465
0.8955848503871102,0.39269657766767596
0.8955848503871102,0.3926605504587156
0.8955848503871102,0.3926245298596459
0.8955848503871102,0.39258851586864796
0.8955848503871102,0.3925525084839035
0.8955848503871102,0.39251650770359503
0.8955848503871102,0.39248051352590557
0.8955848503871102,0.3924445259490189
0.8955848503871102,0.3924085449711195
0.8955848503871102,0.3923725705903924
0.8955848503871102,0.39233660280502336
0.8955848503871102,0.3923006416131989
0.8955848503871102,0.392264687013106
0.8955848503871102,0.39222873900293254
0.8955848503871102,0.39219279758086684
0.8955848503871102,0.39215686274509803
0.8955848503871102,0.39212093449381585
0.8955848503871102,0.3920850128252107
0.8955848503871102,0.39204909773747365
0.8955848503871102,0.39201318922879647
0.8955848503871102,0.3919772872973716
0.8955848503871102,0.39194139194139194
0.8955848503871102,0.39190550315905137
0.8955848503871102,0.3918696209485442
0.8955848503871102,0.39183374530806553
0.8955848503871102,0.3917978762358111
0.8955848503871102,0.3917620137299771
0.8955848503871102,0.39172615778876074
0.8955848503871102,0.3916903084103597
0.8955848503871102,0.3916544655929722
0.8955848503871102,0.39161862933479735
0.8955848503871102,0.39158279963403475
0.8955848503871102,0.3915469764888848
0.8955848503871102,0.3915111598975485
0.8955848503871102,0.3914753498582274
0.8955848503871102,0.3914395463691238
0.8955848503871102,0.3914037494284408
0.8955848503871102,0.3913679590343819
0.8955848503871102,0.39133217518515134
0.8955848503871102,0.3912963978789541
0.8955848503871102,0.3912606271139958
0.8955848503871102,0.3912248628884826
0.8955848503871102,0.3911891052006215
0.8955848503871102,0.39115335404862
0.8955848503871102,0.3911176094306863
0.8955848503871102,0.39108187134502925
0.8955848503871102,0.39104613978985836
0.8955848503871102,0.3910104147633839
0.8955848503871102,0.3909746962638166
0.8955848503871102,0.3909389842893679
0.8955848503871102,0.39090327883825005
0.8955848503871102,0.3908675799086758
0.8955848503871102,0.39083188749885855
0.8955848503871102,0.3907962016070124
0.8955848503871102,0.39076052223135216
0.8955848503871102,0.3907248493700931
0.8955848503871102,0.3906891830214514
0.8955848503871102,0.39065352318364366
0.8957940991839297,0.39070913571233
0.8957940991839297,0.3906734805621464
0.8957940991839297,0.3906378319189707
0.8957940991839297,0.3906021897810219
0.8957940991839297,0.3905665541465195
0.8957940991839297,0.39053092501368364
0.8957940991839297,0.3904953023807352
0.8957940991839297,0.39045968624589567
0.8957940991839297,0.39042407660738715
0.8957940991839297,0.3903884734634324
0.8957940991839297,0.39035287681225495
0.8957940991839297,0.39031728665207877
0.8957940991839297,0.39028170298112863
0.8957940991839297,0.3902461257976299
0.8957940991839297,0.39021055509980856
0.8957940991839297,0.39017499088589136
0.8957940991839297,0.39013943315410554
0.8957940991839297,0.3901038819026791
0.8957940991839297,0.39006833712984057
0.8957940991839297,0.39003279883381925
0.8957940991839297,0.38999726701284504
0.8957940991839297,0.38996174166514846
0.8957940991839297,0.3899262227889607
0.8957940991839297,0.38989071038251366
0.8957940991839297,0.3898552044440397
0.8957940991839297,0.389819704971772
0.8957940991839297,0.3897842119639443
0.8957940991839297,0.38974872541879096
0.8957940991839297,0.3897132453345471
0.8957940991839297,0.3896777717094484
0.8957940991839297,0.38964230454173115
0.8957940991839297,0.38960684382963234
0.8957940991839297,0.3895713895713896
0.8957940991839297,0.38953594176524114
0.8957940991839297,0.3895005004094259
0.8957940991839297,0.3894650655021834
0.8957940991839297,0.3894296370417538
0.8957940991839297,0.389394215026378
0.8957940991839297,0.3893587994542974
0.8957940991839297,0.38932339032375407
0.8957940991839297,0.38928798763299083
0.8957940991839297,0.389252591380251
0.8957940991839297,0.38921720156377854
0.8957940991839297,0.3891818181818182
0.8957940991839297,0.3891464412326152
0.8957940991839297,0.3891110707144156
0.8957940991839297,0.38907570662546576
0.8957940991839297,0.38904034896401307
0.8957940991839297,0.3890049977283053
0.8957940991839297,0.38896965291659097
0.8957940991839297,0.38893431452711913
0.8957940991839297,0.38889898255813954
0.8957940991839297,0.38886365700790265
0.8957940991839297,0.3888283378746594
0.8957940991839297,0.38879302515666153
0.8957940991839297,0.38875771885216126
0.8957940991839297,0.3887224189594116
0.8957940991839297,0.38868712547666606
0.8957940991839297,0.3886518384021789
0.8957940991839297,0.3886165577342048
0.8957940991839297,0.38858128347099935
0.8957940991839297,0.38854601561081864
0.8957940991839297,0.38851075415191944
0.8957940991839297,0.38847549909255896
0.8957940991839297,0.3884402504309954
0.8957940991839297,0.38840500816548723
0.8957940991839297,0.38836977229429376
0.8957940991839297,0.38833454281567487
0.8957940991839297,0.38829931972789117
0.8957940991839297,0.3882641030292037
0.8957940991839297,0.3882288927178743
0.8957940991839297,0.38819368879216537
0.8957940991839297,0.38815849125034
0.8957940991839297,0.3881233000906618
0.8957940991839297,0.38808811531139514
0.8957940991839297,0.38805293691080495
0.8957940991839297,0.3880177648871567
0.8957940991839297,0.3879825992387167
0.8957940991839297,0.3879474399637517
0.8957940991839297,0.38791228706052916
0.8957940991839297,0.3878771405273172
0.8957940991839297,0.3878420003623845
0.8957940991839297,0.3878068665640004
0.8957940991839297,0.3877717391304348
0.8957940991839297,0.38773661805995835
0.8957940991839297,0.38770150335084225
0.8957940991839297,0.3876663950013583
0.8957940991839297,0.38763129300977905
0.8957940991839297,0.38759619737437756
0.8957940991839297,0.3875611080934275
0.8957940991839297,0.38752602516520324
0.8957940991839297,0.3874909485879797
0.8957940991839297,0.3874558783600326
0.8957940991839297,0.387420814479638
0.8957940991839297,0.3873857569450728
0.8957940991839297,0.38735070575461455
0.8957940991839297,0.38731566090654124
0.8957940991839297,0.3872806223991315
0.8957940991839297,0.38724559023066485
0.8957940991839297,0.38721056439942114
0.8957940991839297,0.38717554490368095
0.8957940991839297,0.38714053174172547
0.8957940991839297,0.38710552491183653
0.8957940991839297,0.38707052441229656
0.8957940991839297,0.38703553024138865
0.8957940991839297,0.3870005423973965
0.8957940991839297,0.38696556087860434
0.8957940991839297,0.3869305856832972
0.8957940991839297,0.3868956168097605
0.8957940991839297,0.3868606542562805
0.8957940991839297,0.3868256980211439
0.8957940991839297,0.38679074810263825
0.8957940991839297,0.3867558044990514
0.8957940991839297,0.3867208672086721
0.8957940991839297,0.38668593622978953
0.8957940991839297,0.38665101156069365
0.8957940991839297,0.3866160931996749
0.8957940991839297,0.3865811811450244
0.8957940991839297,0.38654627539503383
0.8957940991839297,0.3865113759479957
0.8957940991839297,0.38647648280220276
0.8957940991839297,0.38644159595594874
0.8957940991839297,0.38640671540752775
0.8957940991839297,0.38637184115523465
0.8957940991839297,0.3863369731973649
0.8957940991839297,0.3863021115322144
0.8957940991839297,0.38626725615807994
0.8957940991839297,0.38623240707325873
0.8957940991839297,0.38619756427604873
0.8957940991839297,0.3861627277647483
0.8957940991839297,0.3861278975376567
0.8957940991839297,0.3860930735930736
0.8957940991839297,0.3860582559292993
0.8957940991839297,0.38602344454463483
0.8957940991839297,0.38598863943738165
0.8957940991839297,0.38595384060584204
0.8957940991839297,0.3859190480483188
0.8957940991839297,0.3858842617631152
0.8957940991839297,0.3858494817485354
0.8957940991839297,0.3858147080028839
0.8957940991839297,0.38577994052446607
0.8957940991839297,0.3857451793115877
0.8957940991839297,0.3857104243625552
0.8957940991839297,0.3856756756756757
0.8957940991839297,0.3856409332492568
0.8957940991839297,0.3856061970816069
0.8957940991839297,0.38557146717103485
0.8957940991839297,0.38553674351585016
0.8957940991839297,0.3855020261143629
0.8957940991839297,0.38546731496488384
0.8957940991839297,0.3854326100657243
0.8957940991839297,0.38539791141519625
0.8957940991839297,0.3853632190116122
0.8957940991839297,0.38532853285328533
0.8957940991839297,0.38529385293852936
0.8957940991839297,0.3852591792656587
0.8957940991839297,0.3852245118329884
0.8957940991839297,0.38518985063883393
0.8957940991839297,0.38515519568151146
0.8957940991839297,0.3851205469593379
0.8957940991839297,0.38508590447063057
0.8957940991839297,0.3850512682137075
0.8957940991839297,0.3850166381868873
0.8957940991839297,0.3849820143884892
0.8957940991839297,0.38494739681683304
0.8957940991839297,0.38491278547023916
0.8957940991839297,0.3848781803470287
0.8957940991839297,0.3848435814455232
0.8957940991839297,0.38480898876404496
0.8957940991839297,0.38477440230091675
0.8957940991839297,0.3847398220544621
0.8957940991839297,0.38470524802300504
0.8957940991839297,0.38467068020487016
0.8957940991839297,0.38463611859838276
0.8957940991839297,0.38460156320186867
0.8957940991839297,0.38456701401365434
0.8957940991839297,0.38453247103206684
0.8957940991839297,0.3844979342554338
0.8957940991839297,0.38446340368208354
0.8957940991839297,0.3844288793103448
0.8957940991839297,0.3843943611385472
0.8957940991839297,0.38435984916502064
0.8957940991839297,0.3843253433880959
0.8957940991839297,0.3842908438061041
0.8957940991839297,0.38425635041737727
0.8957940991839297,0.3842218632202477
0.8957940991839297,0.38418738221304854
0.8957940991839297,0.38415290739411345
0.8957940991839297,0.3841184387617766
0.8957940991839297,0.38408397631437285
0.8957940991839297,0.38404952005023774
0.8957940991839297,0.38401506996770723
0.8957940991839297,0.38398062606511796
0.8957940991839297,0.3839461883408072
0.8957940991839297,0.38391175679311274
0.8957940991839297,0.383877331420373
0.8957940991839297,0.3838429122209271
0.8957940991839297,0.3838084991931146
0.8957940991839297,0.38377409233527565
0.8957940991839297,0.38373969164575117
0.8957940991839297,0.3837052971228825
0.8957940991839297,0.38367090876501164
0.8957940991839297,0.38363652657048125
0.8957940991839297,0.3836021505376344
0.8957940991839297,0.383567780664815
0.8960033479807491,0.3836230066296363
0.8960033479807491,0.38358864104631374
0.8960033479807491,0.38355428161949123
0.8960033479807491,0.3835199283475145
0.8960033479807491,0.38348558122873005
0.8960033479807491,0.38345124026148475
0.8960033479807491,0.3834169054441261
0.8960033479807491,0.38338257677500226
0.8960033479807491,0.38334825425246194
0.8960033479807491,0.3833139378748545
0.8960033479807491,0.3832796276405299
0.8960033479807491,0.3832453235478385
0.8960033479807491,0.38321102559513154
0.8960033479807491,0.3831767337807606
0.8960033479807491,0.383142448103078
0.8960033479807491,0.3831081685604366
0.8960033479807491,0.38307389515118984
0.8960033479807491,0.3830396278736917
0.8960033479807491,0.383005366726297
0.8960033479807491,0.3829711117073607
0.8960033479807491,0.38293686281523875
0.8960033479807491,0.38290262004828757
0.8960033479807491,0.38286838340486407
0.8960033479807491,0.3828341528833259
0.8960033479807491,0.3827999284820311
0.8960033479807491,0.3827657101993385
0.8960033479807491,0.38273149803360745
0.8960033479807491,0.3826972919831978
0.8960033479807491,0.3826630920464701
0.8960033479807491,0.38262889822178536
0.8960033479807491,0.3825947105075054
0.8960033479807491,0.3825605289019923
0.8960033479807491,0.3825263534036091
0.8960033479807491,0.38249218401071905
0.8960033479807491,0.38245802072168633
0.8960033479807491,0.3824238635348754
0.8960033479807491,0.38238971244865155
0.8960033479807491,0.3823555674613805
0.8960033479807491,0.3823214285714286
0.8960033479807491,0.38228729577716275
0.8960033479807491,0.38225316907695056
0.8960033479807491,0.38221904846916005
0.8960033479807491,0.38218493395215997
0.8960033479807491,0.3821508255243195
0.8960033479807491,0.3821167231840086
0.8960033479807491,0.38208262692959755
0.8960033479807491,0.38204853675945755
0.8960033479807491,0.38201445267196005
0.8960033479807491,0.38198037466547724
0.8960033479807491,0.3819463027383819
0.8960033479807491,0.38191223688904746
0.8960033479807491,0.38187817711584765
0.8960033479807491,0.3818441234171571
0.8960033479807491,0.38181007579135084
0.8960033479807491,0.38177603423680456
0.8960033479807491,0.38174199875189446
0.8960033479807491,0.38170796933499734
0.8960033479807491,0.3816739459844906
0.8960033479807491,0.38163992869875224
0.8960033479807491,0.3816059174761608
0.8960033479807491,0.38157191231509535
0.8960033479807491,0.38153791321393565
0.8960033479807491,0.381503920171062
0.8960033479807491,0.3814699331848552
0.8960033479807491,0.38143595225369675
0.8960033479807491,0.38140197737596865
0.8960033479807491,0.38136800855005343
0.8960033479807491,0.38133404577433433
0.8960033479807491,0.38130008904719503
0.8960033479807491,0.38126613836701984
0.8960033479807491,0.38123219373219375
0.8960033479807491,0.3811982551411021
0.8960033479807491,0.381164322592131
0.8960033479807491,0.3811303960836671
0.8960033479807491,0.38109647561409754
0.8960033479807491,0.3810625611818101
0.8960033479807491,0.3810286527851931
0.8960033479807491,0.3809947504226355
0.8960033479807491,0.38096085409252667
0.8960033479807491,0.3809269637932568
0.8960033479807491,0.3808930795232165
0.8960033479807491,0.3808592012807969
0.8960033479807491,0.3808253290643899
0.8960033479807491,0.38079146287238774
0.8960033479807491,0.3807576027031834
0.8960033479807491,0.38072374855517027
0.8960033479807491,0.38068990042674256
0.8960033479807491,0.3806560583162948
0.8960033479807491,0.3806222222222222
0.8960033479807491,0.3805883921429206
0.8960033479807491,0.38055456807678634
0.8960033479807491,0.3805207500222163
0.8960033479807491,0.38048693797760796
0.8960033479807491,0.3804531319413594
0.8960033479807491,0.3804193319118692
0.8960033479807491,0.38038553788753665
0.8960033479807491,0.3803517498667614
0.8960033479807491,0.38031796784794386
0.8960033479807491,0.3802841918294849
0.8960033479807491,0.38025042180978597
0.8960033479807491,0.38021665778724917
0.8960033479807491,0.380182899760277
0.8960033479807491,0.3801491477272727
0.8960033479807491,0.38011540168664004
0.8960033479807491,0.38008166163678325
0.8960033479807491,0.3800479275761072
0.8960033479807491,0.3800141995030174
0.8960033479807491,0.3799804774159198
0.8960033479807491,0.3799467613132209
0.8960033479807491,0.379913051193328
0.8960033479807491,0.3798793470546487
0.8960033479807491,0.37984564889559125
0.8960033479807491,0.37981195671456447
0.8960033479807491,0.3797782705099778
0.8960033479807491,0.3797445902802412
0.8960033479807491,0.37971091602376517
0.8960033479807491,0.37967724773896083
0.8960033479807491,0.37964358542423976
0.8960033479807491,0.37960992907801416
0.8960033479807491,0.3795762786986969
0.8960033479807491,0.3795426342847013
0.8960033479807491,0.3795089958344412
0.8960033479807491,0.3794753633463311
0.8960033479807491,0.379441736818786
0.8960033479807491,0.3794081162502215
0.8960033479807491,0.3793745016390538
0.8960033479807491,0.3793408929836995
0.8960033479807491,0.379307290282576
0.8960033479807491,0.37927369353410095
0.8960033479807491,0.37924010273669295
0.8960033479807491,0.3792065178887708
0.8960033479807491,0.3791729389887541
0.8960033479807491,0.3791393660350629
0.8960033479807491,0.37910579902611774
0.8960033479807491,0.37907223796033995
0.8960033479807491,0.37903868283615116
0.8960033479807491,0.3790051336519738
0.8960033479807491,0.37897159040623063
0.8960033479807491,0.37893805309734513
0.8960033479807491,0.3789045217237413
0.8960033479807491,0.3788709962838436
0.8960033479807491,0.37883747677607715
0.8960033479807491,0.37880396319886767
0.8960033479807491,0.3787704555506413
0.8960033479807491,0.37873695382982486
0.8960033479807491,0.3787034580348457
0.8960033479807491,0.37866996816413157
0.8960033479807491,0.37863648421611107
0.8960033479807491,0.3786030061892131
0.8960033479807491,0.3785695340818672
0.8960033479807491,0.37853606789250355
0.8960033479807491,0.37850260761955273
0.8960033479807491,0.378469153261446
0.8960033479807491,0.3784357048166151
0.8960033479807491,0.3784022622834924
0.8960033479807491,0.3783688256605107
0.8960033479807491,0.3783353949461036
0.8960033479807491,0.3783019701387048
0.8960033479807491,0.37826855123674913
0.8960033479807491,0.3782351382386715
0.8960033479807491,0.3782017311429076
0.8960033479807491,0.3781683299478937
0.8960033479807491,0.37813493465206643
0.8960033479807491,0.37810154525386314
0.8960033479807491,0.3780681617517217
0.8960033479807491,0.37803478414408054
0.8960033479807491,0.3780014124293785
0.8960033479807491,0.37796804660605526
0.8960033479807491,0.37793468667255076
0.8960033479807491,0.37790133262730563
0.8960033479807491,0.377867984468761
0.8960033479807491,0.37783464219535867
0.8960033479807491,0.37780130580554083
0.8960033479807491,0.37776797529775036
0.8960033479807491,0.3777346506704305
0.8960033479807491,0.3777013319220252
0.8960033479807491,0.377668019050979
0.8960033479807491,0.37763471205573684
0.8960033479807491,0.37760141093474425
0.8960033479807491,0.3775681156864474
0.8960033479807491,0.3775348263092929
0.8960033479807491,0.37750154280172793
0.8960033479807491,0.3774682651622003
0.8962125967775685,0.3775231379462318
0.8962125967775685,0.377489864269346
0.8962125967775685,0.37745659645721336
0.8962125967775685,0.3774233345082834
0.8962125967775685,0.37739007842100625
0.8962125967775685,0.3773568281938326
0.8962125967775685,0.37732358382521364
0.8962125967775685,0.3772903453136011
0.8962125967775685,0.3772571126574474
0.8962125967775685,0.3772238858552052
0.8962125967775685,0.37719066490532804
0.8962125967775685,0.3771574498062698
0.8962125967775685,0.37712424055648497
0.8962125967775685,0.3770910371544286
0.8962125967775685,0.3770578395985562
0.8962125967775685,0.3770246478873239
0.8962125967775685,0.37699146201918843
0.8962125967775685,0.37695828199260695
0.8962125967775685,0.37692510780603716
0.8962125967775685,0.37689193945793736
0.8962125967775685,0.3768587769467664
0.8962125967775685,0.37682562027098365
0.8962125967775685,0.376792469429049
0.8962125967775685,0.37675932441942295
0.8962125967775685,0.37672618524056645
0.8962125967775685,0.3766930518909411
0.8962125967775685,0.37665992436900886
0.8962125967775685,0.3766268026732325
0.8962125967775685,0.3765936868020751
0.8962125967775685,0.37656057675400034
0.8962125967775685,0.37652747252747254
0.8962125967775685,0.3764943741209564
0.8962125967775685,0.3764612815329173
0.8962125967775685,0.37642819476182104
0.8962125967775685,0.3763951138061341
0.8962125967775685,0.3763620386643234
0.8962125967775685,0.3763289693348563
0.8962125967775685,0.37629590581620104
0.8962125967775685,0.376262848106826
0.8962125967775685,0.3762297962052003
0.8962125967775685,0.3761967501097936
0.8962125967775685,0.37616370981907604
0.8962125967775685,0.3761306753315184
0.8962125967775685,0.37609764664559187
0.8962125967775685,0.3760646237597682
0.8962125967775685,0.3760316066725198
0.8962125967775685,0.3759985953823194
0.8962125967775685,0.37596558988764045
0.8962125967775685,0.3759325901869569
0.8962125967775685,0.3758995962787432
0.8962125967775685,0.3758666081614743
0.8962125967775685,0.37583362583362584
0.8962125967775685,0.3758006492936738
0.896421845574388,0.3758554132303913
0.896421845574388,0.37582244056496183
0.896421845574388,0.3757894736842105
0.896421845574388,0.3757565125866152
0.896421845574388,0.37572355727065426
0.896421845574388,0.3756906077348066
0.896421845574388,0.37565766397755174
0.896421845574388,0.37562472599736957
0.896421845574388,0.37559179379274066
0.896421845574388,0.37555886736214605
0.896421845574388,0.3755259467040673
0.896421845574388,0.37549303181698657
0.896421845574388,0.3754601226993865
0.896421845574388,0.37542721934975026
0.896421845574388,0.3753943217665615
0.896421845574388,0.37536142994830457
0.896421845574388,0.37532854389346415
0.896421845574388,0.37529566360052563
0.896421845574388,0.3752627890679748
0.896421845574388,0.37522992029429797
0.896421845574388,0.37519705727798214
0.896421845574388,0.37516420001751466
0.896421845574388,0.3751313485113835
0.896421845574388,0.3750985027580772
0.896421845574388,0.37506566275608477
0.896421845574388,0.37503282850389563
0.896421845574388,0.375
0.896421845574388,0.3749671772428884
0.896421845574388,0.374934360231052
0.896421845574388,0.3749015489629824
0.896421845574388,0.37486874343717186
0.896421845574388,0.37483594365211304
0.896421845574388,0.37480314960629924
0.896421845574388,0.3747703612982241
0.896421845574388,0.3747375787263821
0.896421845574388,0.3747048018892679
0.896421845574388,0.3746720307853769
0.896421845574388,0.3746392654132051
0.896421845574388,0.3746065057712487
0.896421845574388,0.37457375185800473
0.896421845574388,0.37454100367197063
0.896421845574388,0.3745082612116444
0.896421845574388,0.37447552447552446
0.896421845574388,0.37444279346210996
0.896421845574388,0.37441006816990036
0.896421845574388,0.3743773485973958
0.896421845574388,0.3743446347430968
0.896421845574388,0.3743119266055046
0.896421845574388,0.37427922418312076
0.896421845574388,0.3742465274744475
0.896421845574388,0.3742138364779874
0.896421845574388,0.3741811511922439
0.896421845574388,0.3741484716157205
0.896421845574388,0.37411579774692166
0.896421845574388,0.3740831295843521
0.896421845574388,0.37405046712651707
0.896421845574388,0.3740178103719225
0.896421845574388,0.37398515931907467
0.896421845574388,0.37395251396648044
0.896421845574388,0.3739198743126473
0.896421845574388,0.37388724035608306
0.896421845574388,0.37385461209529625
0.896421845574388,0.3738219895287958
0.896421845574388,0.37378937265509116
0.896421845574388,0.3737567614726924
0.896421845574388,0.37372415598010994
0.896421845574388,0.37369155617585487
0.896421845574388,0.37365896205843874
0.896421845574388,0.37362637362637363
0.896421845574388,0.3735937908781721
0.896421845574388,0.3735612138123474
0.896421845574388,0.373528642427413
0.896421845574388,0.3734960767218832
0.896421845574388,0.3734635166942725
0.896421845574388,0.37343096234309625
0.896421845574388,0.37339841366687004
0.896421845574388,0.37336587066411014
0.896421845574388,0.37333333333333335
0.896421845574388,0.3733008016730568
0.896421845574388,0.3732682756817984
0.896421845574388,0.3732357553580763
0.896421845574388,0.37320324070040944
0.896421845574388,0.37317073170731707
0.896421845574388,0.373138228377319
0.896421845574388,0.3731057307089357
0.896421845574388,0.373073238700688
0.896421845574388,0.3730407523510972
0.896421845574388,0.3730082716586852
0.896421845574388,0.37297579662197455
0.896421845574388,0.37294332723948814
0.896421845574388,0.3729108635097493
0.896421845574388,0.3728784054312821
0.896421845574388,0.372845953002611
0.896421845574388,0.3728135062222609
0.896421845574388,0.3727810650887574
0.896421845574388,0.3727486296006265
0.896421845574388,0.37271619975639464
0.896421845574388,0.3726837755545889
0.896421845574388,0.37265135699373697
0.896421845574388,0.37261894407236673
0.896421845574388,0.3725865367890068
0.896421845574388,0.37255413514218627
0.896421845574388,0.3725217391304348
0.896421845574388,0.3724893487522824
0.896421845574388,0.37245696400625977
0.896421845574388,0.372424584890898
0.896421845574388,0.3723922114047288
0.896421845574388,0.3723598435462842
0.896421845574388,0.372327481314097
0.896421845574388,0.3722951247067003
0.896421845574388,0.3722627737226277
0.896421845574388,0.3722304283604136
0.896421845574388,0.37219808861859255
0.896421845574388,0.3721657544956998
0.896421845574388,0.372133425990271
0.896421845574388,0.37210110310084255
0.896421845574388,0.37206878582595104
0.896421845574388,0.3720364741641337
0.896421845574388,0.37200416811392845
0.8966310943712074,0.3720586958409308
0.8966310943712074,0.37202639347108873
0.8966310943712074,0.37199409670978384
0.8966310943712074,0.3719618055555556
0.8966310943712074,0.37192952000694385
0.8966310943712074,0.37189724006248914
0.8966310943712074,0.37186496572073247
0.8966310943712074,0.3718326969802152
0.8966310943712074,0.3718004338394794
0.8966310943712074,0.3717681762970675
0.8966310943712074,0.37173592435152253
0.8966310943712074,0.3717036780013879
0.8968403431680267,0.37175817503686354
0.8968403431680267,0.3717259323503903
0.8968403431680267,0.3716936952562657
0.8968403431680267,0.37166146375303505
0.8968403431680267,0.3716292378392439
0.8968403431680267,0.37159701751343854
0.8968403431680267,0.3715648027741656
0.8968403431680267,0.37153259361997226
0.8968403431680267,0.37150039004940627
0.8968403431680267,0.3714681920610158
0.8968403431680267,0.3714359996533495
0.8968403431680267,0.37140381282495666
0.8968403431680267,0.37137163157438696
0.8968403431680267,0.37133945590019063
0.8968403431680267,0.3713072858009183
0.8968403431680267,0.3712751212751213
0.8968403431680267,0.37124296232135123
0.8968403431680267,0.3712108089381604
0.8968403431680267,0.37117866112410147
0.8968403431680267,0.37114651887772776
0.8968403431680267,0.37111438219759285
0.8968403431680267,0.37108225108225107
0.8968403431680267,0.3710501255302571
0.8968403431680267,0.37101800554016623
0.8968403431680267,0.37098589111053404
0.8968403431680267,0.37095378223991693
0.8968403431680267,0.3709216789268715
0.8968403431680267,0.370889581169955
0.8968403431680267,0.3708574889677252
0.8968403431680267,0.3708254023187403
0.8968403431680267,0.37079332122155895
0.8968403431680267,0.3707612456747405
0.8968403431680267,0.37072917567684455
0.8968403431680267,0.3706971112264314
0.8968403431680267,0.37066505232206176
0.8968403431680267,0.3706329989622968
0.8968403431680267,0.37060095114569824
0.8968403431680267,0.3705689088708283
0.8968403431680267,0.3705368721362497
0.8968403431680267,0.3705048409405256
0.8968403431680267,0.3704728152822197
0.8968403431680267,0.3704407951598963
0.8968403431680267,0.37040878057211996
0.8968403431680267,0.3703767715174559
0.8968403431680267,0.3703447679944699
0.8968403431680267,0.370312770001728
0.8968403431680267,0.370280777537797
0.8968403431680267,0.37024879060124394
0.8968403431680267,0.3702168091906366
0.8968403431680267,0.3701848333045431
0.8968403431680267,0.3701528629415321
0.8968403431680267,0.37012089810017273
0.8968403431680267,0.37008893877903465
0.8968403431680267,0.370056984976688
0.8968403431680267,0.37002503669170334
0.8968403431680267,0.36999309392265195
0.8968403431680267,0.3699611566681053
0.8968403431680267,0.3699292249266356
0.8968403431680267,0.3698972986968154
0.8968403431680267,0.3698653779772178
0.8968403431680267,0.36983346276641643
0.8968403431680267,0.36980155306298534
0.8968403431680267,0.36976964886549907
0.8968403431680267,0.3697377501725328
0.8968403431680267,0.36970585698266195
0.8968403431680267,0.36967396929446267
0.8968403431680267,0.3696420871065114
0.8968403431680267,0.3696102104173853
0.8968403431680267,0.3695783392256618
0.8968403431680267,0.36954647352991893
0.8968403431680267,0.36951461332873525
0.8968403431680267,0.36948275862068963
0.8968403431680267,0.3694509094043617
0.8968403431680267,0.3694190656783313
0.8968403431680267,0.369387227441179
0.8968403431680267,0.3693553946914857
0.8968403431680267,0.36932356742783284
0.8968403431680267,0.36929174564880235
0.8968403431680267,0.36925992935297663
0.8968403431680267,0.36922811853893867
0.8968403431680267,0.3691963132052718
0.8968403431680267,0.3691645133505599
0.8968403431680267,0.3691327189733873
0.8968403431680267,0.36910093007233896
0.8968403431680267,0.36906914664600016
0.8968403431680267,0.3690373686929568
0.8968403431680267,0.3690055962117951
0.8968403431680267,0.36897382920110194
0.8968403431680267,0.3689420676594646
0.8968403431680267,0.36891031158547083
0.8968403431680267,0.36887856097770894
0.8968403431680267,0.36884681583476764
0.8968403431680267,0.36881507615523623
0.8968403431680267,0.36878334193770435
0.8968403431680267,0.36875161318076227
0.8968403431680267,0.3687198898830007
0.8968403431680267,0.36868817204301074
0.8968403431680267,0.36865645965938415
0.8968403431680267,0.368624752730713
0.8968403431680267,0.36859305125558994
0.8968403431680267,0.36856135523260813
0.8968403431680267,0.36852966466036113
0.8968403431680267,0.36849797953744307
0.8968403431680267,0.36846629986244844
0.8968403431680267,0.36843462563397233
0.8968403431680267,0.36840295685061025
0.8968403431680267,0.3683712935109583
0.8968403431680267,0.36833963561361294
0.8968403431680267,0.3683079831571711
0.8968403431680267,0.36827633614023025
0.8968403431680267,0.3682446945613884
0.8968403431680267,0.368213058419244
0.8968403431680267,0.3681814277123958
0.8968403431680267,0.3681498024394434
0.8968403431680267,0.36811818259898654
0.8968403431680267,0.36808656818962554
0.8968403431680267,0.36805495920996134
0.8968403431680267,0.36802335565859523
0.8968403431680267,0.36799175753412894
0.8968403431680267,0.36796016483516486
0.8968403431680267,0.3679285775603056
0.8968403431680267,0.3678969957081545
0.8968403431680267,0.36786541927731525
0.8968403431680267,0.36783384826639204
0.8968403431680267,0.3678022826739895
0.8968403431680267,0.3677707224987129
0.8968403431680267,0.36773916773916776
0.8968403431680267,0.3677076183939602
0.8968403431680267,0.3676760744616968
0.8968403431680267,0.36764453594098473
0.8968403431680267,0.3676130028304314
0.8968403431680267,0.3675814751286449
0.8970495919648462,0.3676357087728325
0.8970495919648462,0.3676041845309552
0.8970495919648462,0.3675726656949327
0.8970495919648462,0.36754115226337447
0.8970495919648462,0.3675096442348907
0.8970495919648462,0.3674781416080919
0.8970495919648462,0.3674466443815891
0.8970495919648462,0.3674151525539938
0.8970495919648462,0.3673836661239181
0.8970495919648462,0.3673521850899743
0.8970495919648462,0.36732070945077544
0.8970495919648462,0.3672892392049349
0.8970495919648462,0.36725777435106655
0.8970495919648462,0.36722631488778484
0.8970495919648462,0.3671948608137045
0.8970495919648462,0.3671634121274409
0.8970495919648462,0.36713196882760984
0.8970495919648462,0.3671005309128275
0.8970495919648462,0.36706909838171076
0.8970495919648462,0.3670376712328767
0.8970495919648462,0.3670062494649431
0.8970495919648462,0.366974833076528
0.8970495919648462,0.3669434220662501
0.8970495919648462,0.3669120164327285
0.8970495919648462,0.3668806161745828
0.8970495919648462,0.366849221290433
0.8970495919648462,0.36681783177889965
0.8970495919648462,0.3667864476386037
0.8970495919648462,0.36675506886816667
0.8970495919648462,0.3667236954662104
0.8970495919648462,0.36669232743135743
0.8970495919648462,0.3666609647622306
0.8970495919648462,0.36662960745745315
0.8970495919648462,0.36659825551564906
0.8970495919648462,0.36656690893544247
0.8970495919648462,0.36653556771545825
0.8970495919648462,0.3665042318543216
0.8970495919648462,0.36647290135065824
0.8970495919648462,0.36644157620309425
0.8970495919648462,0.36641025641025643
0.8970495919648462,0.36637894197077175
0.8970495919648462,0.3663476328832678
0.8970495919648462,0.36631632914637274
0.8970495919648462,0.366285030758715
0.8970495919648462,0.36625373771892356
0.8970495919648462,0.36622245002562787
0.8970495919648462,0.3661911676774579
0.8970495919648462,0.36615989067304405
0.8970495919648462,0.3661286190110172
0.8970495919648462,0.36609735269000854
0.8970495919648462,0.36606609170865
0.8970495919648462,0.36603483606557374
0.8970495919648462,0.3660035857594126
0.8970495919648462,0.3659723407887997
0.8970495919648462,0.3659411011523688
0.8970495919648462,0.3659098668487538
0.8970495919648462,0.3658786378765896
0.8970495919648462,0.365847414234511
0.8970495919648462,0.36581619592115366
0.8970495919648462,0.3657849829351536
0.8970495919648462,0.3657537752751472
0.8970495919648462,0.3657225729397714
0.8970495919648462,0.36569137592766354
0.8970495919648462,0.3656601842374616
0.8970495919648462,0.36562899786780384
0.8970495919648462,0.365597816817329
0.8970495919648462,0.3655666410846764
0.8970495919648462,0.3655354706684857
0.8970495919648462,0.36550430556739705
0.8970495919648462,0.36547314578005113
0.8970495919648462,0.3654419913050891
0.8970495919648462,0.3654108421411524
0.8970495919648462,0.36537969828688316
0.8970495919648462,0.3653485597409238
0.8970495919648462,0.36531742650191734
0.8970495919648462,0.36528629856850714
0.8970495919648462,0.36525517593933715
0.8970495919648462,0.3652240586130516
0.8970495919648462,0.36519294658829543
0.8970495919648462,0.3651618398637138
0.8970495919648462,0.36513073843795246
0.8970495919648462,0.36509964230965763
0.8970495919648462,0.36506855147747597
0.8970495919648462,0.3650374659400545
0.8970495919648462,0.3650063856960409
0.8970495919648462,0.36497531074408307
0.8970495919648462,0.36494424108282963
0.8970495919648462,0.36491317671092954
0.8972588407616656,0.3649672312537237
0.8972588407616656,0.364936170212766
0.8972588407616656,0.36490511445834395
0.8972588407616656,0.3648740639891082
0.8972588407616656,0.3648430188037097
0.8972588407616656,0.36481197890079975
0.8972588407616656,0.3647809442790302
0.8972588407616656,0.36474991493705344
0.8972588407616656,0.36471889087352216
0.8972588407616656,0.36468787208708964
0.8972588407616656,0.36465685857640956
0.8972588407616656,0.36462585034013606
0.8972588407616656,0.3645948473769237
0.8972588407616656,0.36456384968542765
0.8972588407616656,0.36453285726430334
0.8972588407616656,0.36450187011220675
0.8972588407616656,0.36447088822779433
0.8972588407616656,0.36443991160972294
0.8972588407616656,0.36440894025664994
0.8972588407616656,0.36437797416723317
0.8972588407616656,0.36434701334013087
0.8972588407616656,0.3643160577740017
0.8972588407616656,0.36428510746750487
0.8972588407616656,0.36425416241930003
0.8972588407616656,0.36422322262804724
0.8972588407616656,0.364192288092407
0.8972588407616656,0.36416135881104034
0.8972588407616656,0.3641304347826087
0.8972588407616656,0.36409951600577395
0.8972588407616656,0.36406860247919853
0.8972588407616656,0.36403769420154514
0.8972588407616656,0.3640067911714771
0.8972588407616656,0.36397589338765807
0.8972588407616656,0.3639450008487523
0.8972588407616656,0.3639141135534244
0.8972588407616656,0.36388323150033947
0.8972588407616656,0.3638523546881629
0.8972588407616656,0.36382148311556084
0.8972588407616656,0.3637906167811996
0.8972588407616656,0.3637597556837462
0.8972588407616656,0.36372889982186785
0.8972588407616656,0.3636980491942324
0.8972588407616656,0.3636672037995081
0.8972588407616656,0.36363636363636365
0.8972588407616656,0.3636055287034682
0.8972588407616656,0.36357469899949124
0.8972588407616656,0.363543874523103
0.8972588407616656,0.3635130552729739
0.8972588407616656,0.36348224124777484
0.8972588407616656,0.36345143244617734
0.8972588407616656,0.3634206288668531
0.8972588407616656,0.36338983050847457
0.8972588407616656,0.3633590373697144
0.8972588407616656,0.3633282494492459
0.8972588407616656,0.3632974667457426
0.8972588407616656,0.3632666892578787
0.8972588407616656,0.36323591698432867
0.8972588407616656,0.36320514992376757
0.8972588407616656,0.36317438807487085
0.8972588407616656,0.36314363143631434
0.8972588407616656,0.3631128800067745
0.8972588407616656,0.36308213378492804
0.8972588407616656,0.3630513927694522
0.8972588407616656,0.36302065695902475
0.8972588407616656,0.3629899263523237
0.8972588407616656,0.36295920094802775
0.8972588407616656,0.36292848074481593
0.8972588407616656,0.3628977657413676
0.897468089558485,0.36295167978336296
0.897468089558485,0.36292096801489254
0.897468089558485,0.36289026144343856
0.897468089558485,0.3628595600676819
0.897468089558485,0.36282886388630403
0.897468089558485,0.3627981728979868
0.897468089558485,0.3627674871014125
0.897468089558485,0.36273680649526385
0.897468089558485,0.3627061310782241
0.897468089558485,0.36267546084897684
0.897468089558485,0.3626447958062061
0.897468089558485,0.36261413594859654
0.897468089558485,0.36258348127483303
0.897468089558485,0.36255283178360104
0.897468089558485,0.36252218747358633
0.897468089558485,0.3624915483434753
0.897468089558485,0.3624609143919547
0.897468089558485,0.3624302856177117
0.897468089558485,0.3623996620194339
0.897468089558485,0.3623690435958094
0.897468089558485,0.36233843034552676
0.897468089558485,0.36230782226727487
0.897468089558485,0.3622772193597432
0.897468089558485,0.36224662162162163
0.8976773383553045,0.362300481378262
0.8976773383553045,0.3622698868434386
0.8976773383553045,0.36223929747530187
0.8976773383553045,0.36220871327254306
0.8976773383553045,0.3621781342338539
0.8976773383553045,0.3621475603579267
0.8976773383553045,0.362116991643454
0.8976773383553045,0.36208642808912894
0.8976773383553045,0.36205586969364506
0.8976773383553045,0.3620253164556962
0.8976773383553045,0.36199476837397687
0.8976773383553045,0.36196422544718193
0.8976773383553045,0.3619336876740066
0.8976773383553045,0.36190315505314663
0.8976773383553045,0.3618726275832982
0.8976773383553045,0.3618421052631579
0.8976773383553045,0.3618115880914228
0.8976773383553045,0.36178107606679033
0.8976773383553045,0.3617505691879585
0.8976773383553045,0.3617200674536256
0.8976773383553045,0.36168957086249054
0.8976773383553045,0.3616590794132524
0.8976773383553045,0.361628593104611
0.8976773383553045,0.36159811193526636
0.8976773383553045,0.3615676359039191
0.8976773383553045,0.3615371650092702
0.8976773383553045,0.36150669925002105
0.8976773383553045,0.3614762386248736
0.8976773383553045,0.3614457831325301
0.8976773383553045,0.36141533277169335
0.8976773383553045,0.36138488754106646
0.8976773383553045,0.3613544474393531
0.8976773383553045,0.3613240124652573
0.8976773383553045,0.36129358261748357
0.8976773383553045,0.36126315789473684
0.8976773383553045,0.36123273829572244
0.8976773383553045,0.36120232381914624
0.8976773383553045,0.36117191446371444
0.8976773383553045,0.3611415102281337
0.8976773383553045,0.3611111111111111
0.8976773383553045,0.36108071711135425
0.8976773383553045,0.3610503282275711
0.8976773383553045,0.3610199444584701
0.8976773383553045,0.36098956580276004
0.8976773383553045,0.3609591922591502
0.8976773383553045,0.36092882382635033
0.8976773383553045,0.36089846050307056
0.8976773383553045,0.3608681022880215
0.8976773383553045,0.3608377491799142
0.8976773383553045,0.3608074011774601
0.8976773383553045,0.36077705827937095
0.8976773383553045,0.36074672048435924
0.8976773383553045,0.3607163877911376
0.8976773383553045,0.36068606019841937
0.8976773383553045,0.36065573770491804
0.8976773383553045,0.3606254203093477
0.8976773383553045,0.36059510801042277
0.8976773383553045,0.3605648008068583
0.8976773383553045,0.36053449869736953
0.8976773383553045,0.36050420168067226
0.8976773383553045,0.3604739097554827
0.8976773383553045,0.36044362292051757
0.8976773383553045,0.3604133411744938
0.8976773383553045,0.36038306451612906
0.8976773383553045,0.36035279294414113
0.8976773383553045,0.36032252645724844
0.8976773383553045,0.36029226505416984
0.8976773383553045,0.36026200873362446
0.8976773383553045,0.360231757494332
0.8976773383553045,0.3602015113350126
0.8976773383553045,0.3601712702543867
0.8976773383553045,0.3601410342511753
0.8976773383553045,0.3601108033240997
0.8976773383553045,0.3600805774718818
0.8976773383553045,0.3600503566932438
0.8976773383553045,0.3600201409869084
0.8976773383553045,0.35998993035159854
0.8976773383553045,0.35995972478603794
0.8976773383553045,0.3599295242889504
0.8976773383553045,0.3598993288590604
0.8976773383553045,0.35986913849509267
0.8976773383553045,0.3598389531957725
0.8976773383553045,0.35980877295982555
0.8976773383553045,0.35977859778597787
0.8976773383553045,0.35974842767295595
0.8976773383553045,0.35971826261948686
0.8976773383553045,0.3596881026242978
0.8976773383553045,0.3596579476861167
0.8976773383553045,0.3596277978036717
0.8976773383553045,0.3595976529756915
0.8976773383553045,0.3595675132009052
0.8976773383553045,0.35953737847804224
0.8976773383553045,0.35950724880583257
0.8976773383553045,0.35947712418300654
0.8976773383553045,0.35944700460829493
0.8976773383553045,0.35941689008042893
0.8976773383553045,0.3593867805981402
0.8976773383553045,0.3593566761601608
0.8976773383553045,0.3593265767652232
0.8976773383553045,0.3592964824120603
0.8976773383553045,0.3592663930994054
0.8976773383553045,0.3592363088259923
0.8976773383553045,0.35920622959055515
0.8976773383553045,0.3591761553918285
0.8976773383553045,0.3591460862285475
0.8976773383553045,0.35911602209944754
0.8976773383553045,0.3590859630032644
0.8976773383553045,0.3590559089387345
0.8976773383553045,0.3590258599045945
0.8976773383553045,0.35899581589958157
0.8976773383553045,0.35896577692243326
0.8976773383553045,0.3589357429718876
0.8976773383553045,0.35890571404668287
0.8976773383553045,0.358875690145558
0.8976773383553045,0.3588456712672522
0.8976773383553045,0.3588156574105052
0.8976773383553045,0.35878564857405704
0.8976773383553045,0.3587556447566483
0.8976773383553045,0.35872564595701983
0.8976773383553045,0.358695652173913
0.8976773383553045,0.3586656634060697
0.8976773383553045,0.3586356796522321
0.8976773383553045,0.3586057009111427
0.8976773383553045,0.3585757271815446
0.8976773383553045,0.35854575846218134
0.8976773383553045,0.35851579475179673
0.8976773383553045,0.35848583604913514
0.8976773383553045,0.3584558823529412
0.8976773383553045,0.35842593366196007
0.8976773383553045,0.3583959899749373
0.8976773383553045,0.358366051290619
0.8976773383553045,0.3583361176077514
0.8976773383553045,0.3583061889250814
0.8976773383553045,0.35827626524135625
0.8976773383553045,0.3582463465553236
0.8976773383553045,0.35821643286573146
0.8976773383553045,0.3581865241713284
0.8976773383553045,0.3581566204708633
0.8976773383553045,0.3581267217630854
0.8976773383553045,0.3580968280467446
0.8976773383553045,0.3580669393205909
0.8976773383553045,0.35803705558337506
0.8976773383553045,0.358007176833848
0.8976773383553045,0.35797730307076103
0.8976773383553045,0.3579474342928661
0.8976773383553045,0.3579175704989154
0.8976773383553045,0.35788771168766165
0.8976773383553045,0.35785785785785784
0.8976773383553045,0.35782800900825756
0.8976773383553045,0.3577981651376147
0.8976773383553045,0.3577683262446835
0.8976773383553045,0.3577384923282188
0.8976773383553045,0.3577086633869757
0.8976773383553045,0.35767883941970985
0.8976773383553045,0.35764902042517716
0.8976773383553045,0.35761920640213407
0.8976773383553045,0.3575893973493373
0.8976773383553045,0.35755959326554426
0.8976773383553045,0.35752979414951247
0.8976773383553045,0.3575
0.8976773383553045,0.35747021081576535
0.8976773383553045,0.3574404265955674
0.8976773383553045,0.35741064733816547
0.8976773383553045,0.35738087304231925
0.8976773383553045,0.35735110370678885
0.8976773383553045,0.35732133933033483
0.8976773383553045,0.35729157991171817
0.8976773383553045,0.3572618254497002
0.8976773383553045,0.35723207594304274
0.8976773383553045,0.3572023313905079
0.8976773383553045,0.35717259179085836
0.8976773383553045,0.35714285714285715
0.8976773383553045,0.35711312744526763
0.8976773383553045,0.3570834026968537
0.8976773383553045,0.3570536828963795
0.8976773383553045,0.35702396804260983
0.8976773383553045,0.35699425813430974
0.8976773383553045,0.3569645531702446
0.8976773383553045,0.35693485314918044
0.8976773383553045,0.35690515806988354
0.8976773383553045,0.3568754679311205
0.8976773383553045,0.3568457827316586
0.8976773383553045,0.35681610247026535
0.8976773383553045,0.3567864271457086
0.8976773383553045,0.3567567567567568
0.8976773383553045,0.3567270913021786
0.8976773383553045,0.35669743078074334
0.8976773383553045,0.3566677751912205
0.8976773383553045,0.3566381245323801
0.8976773383553045,0.3566084788029925
0.8976773383553045,0.3565788380018286
0.8976773383553045,0.35654920212765956
0.8976773383553045,0.35651957117925703
0.8976773383553045,0.35648994515539306
0.8976773383553045,0.35646032405484007
0.8976773383553045,0.3564307078763709
0.8976773383553045,0.35640109661875885
0.8976773383553045,0.3563714902807775
0.8976773383553045,0.3563418888612011
0.8976773383553045,0.35631229235880396
0.8976773383553045,0.3562827007723611
0.8976773383553045,0.35625311410064775
0.8976773383553045,0.3562235323424396
