recall,precision
0.0,1.0
0.00019936204146730463,1.0
0.00039872408293460925,1.0
0.0005980861244019139,1.0
0.0007974481658692185,1.0
0.000996810207336523,1.0
0.0011961722488038277,1.0
0.0013955342902711324,1.0
0.001594896331738437,1.0
0.0017942583732057417,1.0
0.001993620414673046,1.0
0.0021929824561403508,1.0
0.0023923444976076554,1.0
0.00259170653907496,1.0
0.0027910685805422647,1.0
0.0029904306220095694,1.0
0.003189792663476874,1.0
0.0033891547049441787,1.0
0.0035885167464114833,1.0
0.003787878787878788,1.0
0.003987240829346092,1.0
0.004186602870813397,1.0
0.0043859649122807015,1.0
0.004585326953748007,1.0
0.004784688995215311,1.0
0.004984051036682616,1.0
0.00518341307814992,1.0
0.005382775119617225,1.0
0.005582137161084529,1.0
0.0057814992025518345,1.0
0.005980861244019139,1.0
0.006180223285486443,1.0
0.006379585326953748,1.0
0.006578947368421052,1.0
0.006778309409888357,1.0
0.006977671451355662,1.0
0.007177033492822967,1.0
0.007376395534290271,1.0
0.007575757575757576,1.0
0.00777511961722488,1.0
0.007974481658692184,1.0
0.00817384370015949,1.0
0.00817384370015949,0.9896907216494846
0.008373205741626795,0.9896907216494846
0.0085725677830941,0.9896907216494846
0.008771929824561403,0.9896907216494846
0.008971291866028708,0.9896907216494846
0.009170653907496013,0.9896907216494846
0.009370015948963317,0.9896907216494846
0.009569377990430622,0.9896907216494846
0.009768740031897927,0.9896907216494846
0.009968102073365232,0.9896907216494846
0.010167464114832535,0.9896907216494846
0.01036682615629984,0.9896907216494846
0.010566188197767145,0.9896907216494846
0.01076555023923445,0.9896907216494846
0.010964912280701754,0.9896907216494846
0.011164274322169059,0.9896907216494846
0.011363636363636364,0.9896907216494846
0.011562998405103669,0.9896907216494846
0.011762360446570972,0.9896907216494846
0.011961722488038277,0.9896907216494846
0.012161084529505583,0.9896907216494846
0.012360446570972886,0.9896907216494846
0.012559808612440191,0.9896907216494846
0.012759170653907496,0.9896907216494846
0.012958532695374801,0.9896907216494846
0.013157894736842105,0.9896907216494846
0.01335725677830941,0.9896907216494846
0.013556618819776715,0.9896907216494846
0.01375598086124402,0.9896907216494846
0.013955342902711323,0.9896907216494846
0.014154704944178628,0.9896907216494846
0.014354066985645933,0.9896907216494846
0.014553429027113238,0.9896907216494846
0.014752791068580542,0.9896907216494846
0.014952153110047847,0.9896907216494846
0.015151515151515152,0.9896907216494846
0.015350877192982455,0.9896907216494846
0.01555023923444976,0.9896907216494846
0.015749601275917065,0.9896907216494846
0.01594896331738437,0.9896907216494846
0.016148325358851676,0.9896907216494846
0.01634768740031898,0.9896907216494846
0.016547049441786282,0.9896907216494846
0.01674641148325359,0.9896907216494846
0.016945773524720893,0.9896907216494846
0.0171451355661882,0.9896907216494846
0.017344497607655503,0.9896907216494846
0.017543859649122806,0.9896907216494846
0.017743221690590113,0.9896907216494846
0.017942583732057416,0.9896907216494846
0.01814194577352472,0.9896907216494846
0.018341307814992026,0.9896907216494846
0.01854066985645933,0.9896907216494846
0.018740031897926633,0.9896907216494846
0.01893939393939394,0.9896907216494846
0.019138755980861243,0.9896907216494846
0.019138755980861243,0.989247311827957
0.01933811802232855,0.989247311827957
0.019537480063795853,0.989247311827957
0.019736842105263157,0.989247311827957
0.019936204146730464,0.989247311827957
0.020135566188197767,0.989247311827957
0.02033492822966507,0.989247311827957
0.020534290271132377,0.989247311827957
0.02073365231259968,0.989247311827957
0.02073365231259968,0.989247311827957
0.020933014354066987,0.989247311827957
0.02113237639553429,0.989247311827957
0.021331738437001594,0.989247311827957
0.0215311004784689,0.989247311827957
0.021730462519936204,0.989247311827957
0.021929824561403508,0.989247311827957
0.022129186602870814,0.989247311827957
0.022328548644338118,0.989247311827957
0.02252791068580542,0.989247311827957
0.022727272727272728,0.989247311827957
0.02292663476874003,0.989247311827957
0.023125996810207338,0.989247311827957
0.02332535885167464,0.989247311827957
0.023524720893141945,0.989247311827957
0.02372408293460925,0.989247311827957
0.023923444976076555,0.989247311827957
0.02412280701754386,0.989247311827957
0.024322169059011165,0.989247311827957
0.02452153110047847,0.989247311827957
0.024720893141945772,0.989247311827957
0.02492025518341308,0.989247311827957
0.025119617224880382,0.989247311827957
0.02531897926634769,0.989247311827957
0.025518341307814992,0.989247311827957
0.025717703349282296,0.989247311827957
0.025917065390749602,0.989247311827957
0.026116427432216906,0.989247311827957
0.02631578947368421,0.989247311827957
0.026515151515151516,0.989247311827957
0.02671451355661882,0.989247311827957
0.026913875598086126,0.989247311827957
0.02711323763955343,0.989247311827957
0.027312599681020733,0.989247311827957
0.02751196172248804,0.989247311827957
0.027711323763955343,0.989247311827957
0.027910685805422646,0.989247311827957
0.028110047846889953,0.989247311827957
0.028309409888357256,0.989247311827957
0.02850877192982456,0.989247311827957
0.028708133971291867,0.989247311827957
0.02890749601275917,0.989247311827957
0.029106858054226477,0.989247311827957
0.02930622009569378,0.989247311827957
0.029505582137161084,0.989247311827957
0.02970494417862839,0.989247311827957
0.029904306220095694,0.989247311827957
0.030103668261562997,0.989247311827957
0.030303030303030304,0.989247311827957
0.030502392344497607,0.989247311827957
0.03070175438596491,0.989247311827957
0.030901116427432217,0.989247311827957
0.03110047846889952,0.989247311827957
0.03129984051036683,0.989247311827957
0.03149920255183413,0.989247311827957
0.031698564593301434,0.989247311827957
0.03189792663476874,0.989247311827957
0.03209728867623605,0.989247311827957
0.03229665071770335,0.989247311827957
0.032496012759170655,0.989247311827957
0.03269537480063796,0.989247311827957
0.03289473684210526,0.989247311827957
0.033094098883572565,0.989247311827957
0.033293460925039875,0.989247311827957
0.03349282296650718,0.989247311827957
0.03369218500797448,0.989247311827957
0.033891547049441785,0.989247311827957
0.03409090909090909,0.989247311827957
0.0342902711323764,0.989247311827957
0.0344896331738437,0.989247311827957
0.034688995215311005,0.989247311827957
0.03488835725677831,0.989247311827957
0.03508771929824561,0.989247311827957
0.035287081339712915,0.989247311827957
0.035486443381180226,0.989247311827957
0.03568580542264753,0.989247311827957
0.03588516746411483,0.989247311827957
0.036084529505582136,0.989247311827957
0.03628389154704944,0.989247311827957
0.03648325358851675,0.989247311827957
0.03668261562998405,0.989247311827957
0.036881977671451356,0.989247311827957
0.03708133971291866,0.989247311827957
0.03728070175438596,0.989247311827957
0.037480063795853266,0.989247311827957
0.037679425837320576,0.989247311827957
0.03787878787878788,0.989247311827957
0.03807814992025518,0.989247311827957
0.03827751196172249,0.989247311827957
0.03847687400318979,0.989247311827957
0.0386762360446571,0.989247311827957
0.038875598086124404,0.989247311827957
0.03907496012759171,0.989247311827957
0.03927432216905901,0.989247311827957
0.039473684210526314,0.989247311827957
0.03967304625199362,0.989247311827957
0.03987240829346093,0.989247311827957
0.04007177033492823,0.989247311827957
0.040271132376395534,0.989247311827957
0.04047049441786284,0.989247311827957
0.04066985645933014,0.989247311827957
0.04086921850079745,0.989247311827957
0.041068580542264754,0.989247311827957
0.04126794258373206,0.989247311827957
0.04146730462519936,0.989247311827957
0.041666666666666664,0.989247311827957
0.041866028708133975,0.989247311827957
0.04206539074960128,0.989247311827957
0.04226475279106858,0.989247311827957
0.042464114832535885,0.989247311827957
0.04266347687400319,0.989247311827957
0.04286283891547049,0.989247311827957
0.0430622009569378,0.989247311827957
0.043261562998405105,0.989247311827957
0.04346092503987241,0.989247311827957
0.04366028708133971,0.989247311827957
0.043859649122807015,0.989247311827957
0.044059011164274325,0.989247311827957
0.04425837320574163,0.989247311827957
0.04445773524720893,0.989247311827957
0.044657097288676235,0.989247311827957
0.04485645933014354,0.989247311827957
0.04505582137161084,0.989247311827957
0.04525518341307815,0.989247311827957
0.045454545454545456,0.989247311827957
0.04565390749601276,0.989247311827957
0.04585326953748006,0.989247311827957
0.046052631578947366,0.989247311827957
0.046251993620414676,0.989247311827957
0.04645135566188198,0.989247311827957
0.04665071770334928,0.989247311827957
0.046850079744816586,0.989247311827957
0.04704944178628389,0.989247311827957
0.04724880382775119,0.989247311827957
0.0474481658692185,0.989247311827957
0.04764752791068581,0.989247311827957
0.04784688995215311,0.989247311827957
0.04804625199362041,0.989247311827957
0.04824561403508772,0.989247311827957
0.04844497607655503,0.989247311827957
0.04864433811802233,0.989247311827957
0.048843700159489634,0.989247311827957
0.04904306220095694,0.989247311827957
0.04924242424242424,0.989247311827957
0.049441786283891544,0.989247311827957
0.049641148325358854,0.989247311827957
0.04984051036682616,0.989247311827957
0.05003987240829346,0.989247311827957
0.050239234449760764,0.989247311827957
0.05043859649122807,0.989247311827957
0.05063795853269538,0.989247311827957
0.05083732057416268,0.989247311827957
0.051036682615629984,0.989247311827957
0.05123604465709729,0.989247311827957
0.05143540669856459,0.989247311827957
0.0516347687400319,0.989247311827957
0.051834130781499205,0.989247311827957
0.05203349282296651,0.989247311827957
0.05223285486443381,0.989247311827957
0.052432216905901115,0.989247311827957
0.05263157894736842,0.989247311827957
0.05283094098883573,0.989247311827957
0.05303030303030303,0.989247311827957
0.053229665071770335,0.989247311827957
0.05342902711323764,0.989247311827957
0.05362838915470494,0.989247311827957
0.05382775119617225,0.989247311827957
0.054027113237639555,0.989247311827957
0.054027113237639555,0.989247311827957
0.05422647527910686,0.989247311827957
0.05442583732057416,0.989247311827957
0.054625199362041466,0.989247311827957
0.05482456140350877,0.989247311827957
0.05502392344497608,0.989247311827957
0.05522328548644338,0.989247311827957
0.055422647527910686,0.989247311827957
0.05562200956937799,0.989247311827957
0.05582137161084529,0.989247311827957
0.0560207336523126,0.989247311827957
0.056220095693779906,0.989247311827957
0.05641945773524721,0.989247311827957
0.05661881977671451,0.989247311827957
0.056818181818181816,0.989247311827957
0.05701754385964912,0.989247311827957
0.05721690590111643,0.989247311827957
0.05741626794258373,0.989247311827957
0.05761562998405104,0.989247311827957
0.05781499202551834,0.989247311827957
0.05801435406698564,0.989247311827957
0.058213716108452954,0.989247311827957
0.05841307814992026,0.989247311827957
0.05861244019138756,0.989247311827957
0.058811802232854864,0.989247311827957
0.05901116427432217,0.989247311827957
0.05921052631578947,0.989247311827957
0.05940988835725678,0.989247311827957
0.059609250398724084,0.989247311827957
0.05980861244019139,0.989247311827957
0.06000797448165869,0.989247311827957
0.060207336523125994,0.989247311827957
0.060406698564593304,0.989247311827957
0.06060606060606061,0.989247311827957
0.06080542264752791,0.989247311827957
0.061004784688995214,0.989247311827957
0.06120414673046252,0.989247311827957
0.06140350877192982,0.989247311827957
0.06140350877192982,0.989247311827957
0.06160287081339713,0.989247311827957
0.061802232854864435,0.989247311827957
0.06200159489633174,0.989247311827957
0.06220095693779904,0.989247311827957
0.062400318979266345,0.989247311827957
0.06259968102073366,0.989247311827957
0.06279904306220095,0.989247311827957
0.06299840510366826,0.989247311827957
0.06319776714513557,0.989247311827957
0.06339712918660287,0.989247311827957
0.06359649122807018,0.989247311827957
0.06379585326953748,0.989247311827957
0.06399521531100479,0.989247311827957
0.0641945773524721,0.989247311827957
0.06439393939393939,0.989247311827957
0.0645933014354067,0.989247311827957
0.064792663476874,0.989247311827957
0.06499202551834131,0.989247311827957
0.0651913875598086,0.989247311827957
0.06539074960127592,0.989247311827957
0.06559011164274323,0.989247311827957
0.06578947368421052,0.989247311827957
0.06598883572567783,0.989247311827957
0.06618819776714513,0.989247311827957
0.06638755980861244,0.989247311827957
0.06658692185007975,0.989247311827957
0.06678628389154705,0.989247311827957
0.06698564593301436,0.989247311827957
0.06718500797448165,0.989247311827957
0.06738437001594896,0.989247311827957
0.06758373205741627,0.989247311827957
0.06778309409888357,0.989247311827957
0.06798245614035088,0.989247311827957
0.06818181818181818,0.989247311827957
0.06838118022328549,0.989247311827957
0.0685805422647528,0.989247311827957
0.0687799043062201,0.989247311827957
0.0689792663476874,0.989247311827957
0.0691786283891547,0.989247311827957
0.06937799043062201,0.989247311827957
0.06957735247208932,0.989247311827957
0.06977671451355662,0.989247311827957
0.06997607655502393,0.989247311827957
0.07017543859649122,0.989247311827957
0.07037480063795853,0.989247311827957
0.07057416267942583,0.989247311827957
0.07077352472089314,0.989247311827957
0.07097288676236045,0.989247311827957
0.07117224880382775,0.989247311827957
0.07137161084529506,0.989247311827957
0.07157097288676235,0.989247311827957
0.07177033492822966,0.989247311827957
0.07196969696969698,0.989247311827957
0.07216905901116427,0.989247311827957
0.07236842105263158,0.989247311827957
0.07256778309409888,0.989247311827957
0.07276714513556619,0.989247311827957
0.0729665071770335,0.989247311827957
0.0731658692185008,0.989247311827957
0.0733652312599681,0.989247311827957
0.0735645933014354,0.989247311827957
0.07376395534290271,0.989247311827957
0.07396331738437002,0.989247311827957
0.07416267942583732,0.989247311827957
0.07436204146730463,0.989247311827957
0.07456140350877193,0.989247311827957
0.07476076555023924,0.989247311827957
0.07496012759170653,0.989247311827957
0.07515948963317384,0.989247311827957
0.07535885167464115,0.989247311827957
0.07555821371610845,0.989247311827957
0.07575757575757576,0.989247311827957
0.07595693779904306,0.989247311827957
0.07615629984051037,0.989247311827957
0.07635566188197768,0.989247311827957
0.07655502392344497,0.989247311827957
0.07675438596491228,0.989247311827957
0.07695374800637958,0.989247311827957
0.07715311004784689,0.989247311827957
0.0773524720893142,0.989247311827957
0.0775518341307815,0.989247311827957
0.07775119617224881,0.989247311827957
0.0779505582137161,0.989247311827957
0.07814992025518341,0.989247311827957
0.07834928229665072,0.989247311827957
0.07854864433811802,0.989247311827957
0.07874800637958533,0.989247311827957
0.07894736842105263,0.989247311827957
0.07914673046251994,0.989247311827957
0.07934609250398723,0.989247311827957
0.07954545454545454,0.989247311827957
0.07974481658692185,0.989247311827957
0.07994417862838915,0.989247311827957
0.08014354066985646,0.989247311827957
0.08034290271132376,0.989247311827957
0.08054226475279107,0.989247311827957
0.08074162679425838,0.989247311827957
0.08094098883572567,0.989247311827957
0.08114035087719298,0.989247311827957
0.08133971291866028,0.989247311827957
0.08153907496012759,0.989247311827957
0.0817384370015949,0.989247311827957
0.0819377990430622,0.989247311827957
0.08213716108452951,0.989247311827957
0.0823365231259968,0.989247311827957
0.08253588516746412,0.989247311827957
0.08273524720893143,0.989247311827957
0.08293460925039872,0.989247311827957
0.08313397129186603,0.989247311827957
0.08333333333333333,0.989247311827957
0.08353269537480064,0.989247311827957
0.08373205741626795,0.989247311827957
0.08393141945773525,0.989247311827957
0.08413078149920256,0.989247311827957
0.08433014354066985,0.989247311827957
0.08452950558213716,0.989247311827957
0.08472886762360446,0.989247311827957
0.08492822966507177,0.989247311827957
0.08512759170653908,0.989247311827957
0.08532695374800638,0.989247311827957
0.08552631578947369,0.989247311827957
0.08572567783094098,0.989247311827957
0.0859250398724083,0.989247311827957
0.0861244019138756,0.989247311827957
0.0863237639553429,0.989247311827957
0.08652312599681021,0.989247311827957
0.0867224880382775,0.989247311827957
0.08692185007974482,0.989247311827957
0.08712121212121213,0.989247311827957
0.08732057416267942,0.989247311827957
0.08751993620414673,0.989247311827957
0.08771929824561403,0.989247311827957
0.08791866028708134,0.989247311827957
0.08811802232854865,0.989247311827957
0.08831738437001595,0.989247311827957
0.08851674641148326,0.989247311827957
0.08871610845295055,0.989247311827957
0.08891547049441786,0.989247311827957
0.08911483253588516,0.989247311827957
0.08931419457735247,0.989247311827957
0.08951355661881978,0.989247311827957
0.08971291866028708,0.989247311827957
0.08991228070175439,0.989247311827957
0.09011164274322168,0.989247311827957
0.090311004784689,0.989247311827957
0.0905103668261563,0.989247311827957
0.0907097288676236,0.989247311827957
0.09090909090909091,0.989247311827957
0.09110845295055821,0.989247311827957
0.09130781499202552,0.989247311827957
0.09150717703349283,0.989247311827957
0.09170653907496013,0.989247311827957
0.09170653907496013,0.9884393063583815
0.09190590111642744,0.9884393063583815
0.09210526315789473,0.9884393063583815
0.09230462519936204,0.9884393063583815
0.09250398724082935,0.9884393063583815
0.09270334928229665,0.9884393063583815
0.09290271132376396,0.9884393063583815
0.09310207336523126,0.9884393063583815
0.09330143540669857,0.9884393063583815
0.09350079744816588,0.9884393063583815
0.09370015948963317,0.9884393063583815
0.09389952153110048,0.9884393063583815
0.09409888357256778,0.9884393063583815
0.09429824561403509,0.9884393063583815
0.09449760765550239,0.9884393063583815
0.0946969696969697,0.9884393063583815
0.094896331738437,0.9884393063583815
0.0950956937799043,0.9884393063583815
0.09529505582137161,0.9884393063583815
0.09549441786283891,0.9884393063583815
0.09569377990430622,0.9884393063583815
0.09589314194577353,0.9884393063583815
0.09609250398724083,0.9884393063583815
0.09629186602870814,0.9884393063583815
0.09649122807017543,0.9884393063583815
0.09669059011164274,0.9884393063583815
0.09688995215311005,0.9884393063583815
0.09708931419457735,0.9884393063583815
0.09728867623604466,0.9884393063583815
0.09748803827751196,0.9884393063583815
0.09768740031897927,0.9884393063583815
0.09788676236044658,0.9884393063583815
0.09808612440191387,0.9884393063583815
0.09828548644338118,0.9884393063583815
0.09848484848484848,0.9884393063583815
0.09868421052631579,0.9884393063583815
0.09888357256778309,0.9884393063583815
0.0990829346092504,0.9884393063583815
0.09928229665071771,0.9884393063583815
0.099481658692185,0.9884393063583815
0.09968102073365231,0.9884393063583815
0.09988038277511961,0.9884393063583815
0.10007974481658692,0.9884393063583815
0.10027910685805423,0.9884393063583815
0.10047846889952153,0.9884393063583815
0.10067783094098884,0.9884393063583815
0.10087719298245613,0.9884393063583815
0.10107655502392345,0.9884393063583815
0.10127591706539076,0.9884393063583815
0.10147527910685805,0.9884393063583815
0.10167464114832536,0.9884393063583815
0.10187400318979266,0.9884393063583815
0.10207336523125997,0.9884393063583815
0.10227272727272728,0.9884393063583815
0.10227272727272728,0.987220447284345
0.10247208931419458,0.987220447284345
0.10267145135566189,0.987220447284345
0.10287081339712918,0.987220447284345
0.10307017543859649,0.987220447284345
0.1032695374800638,0.987220447284345
0.1034688995215311,0.987220447284345
0.10366826156299841,0.987220447284345
0.1038676236044657,0.987220447284345
0.10406698564593302,0.987220447284345
0.10426634768740031,0.987220447284345
0.10446570972886762,0.987220447284345
0.10466507177033493,0.987220447284345
0.10486443381180223,0.987220447284345
0.10506379585326954,0.987220447284345
0.10526315789473684,0.987220447284345
0.10546251993620415,0.987220447284345
0.10566188197767146,0.987220447284345
0.10586124401913875,0.987220447284345
0.10606060606060606,0.987220447284345
0.10606060606060606,0.987220447284345
0.10625996810207336,0.987220447284345
0.10645933014354067,0.987220447284345
0.10665869218500798,0.987220447284345
0.10685805422647528,0.987220447284345
0.10705741626794259,0.987220447284345
0.10725677830940988,0.987220447284345
0.1074561403508772,0.987220447284345
0.1076555023923445,0.987220447284345
0.1078548644338118,0.987220447284345
0.10805422647527911,0.987220447284345
0.10825358851674641,0.987220447284345
0.10845295055821372,0.987220447284345
0.10865231259968101,0.987220447284345
0.10885167464114832,0.987220447284345
0.10905103668261563,0.987220447284345
0.10925039872408293,0.987220447284345
0.10944976076555024,0.987220447284345
0.10964912280701754,0.987220447284345
0.10984848484848485,0.987220447284345
0.11004784688995216,0.987220447284345
0.11024720893141945,0.987220447284345
0.11044657097288677,0.987220447284345
0.11064593301435406,0.987220447284345
0.11084529505582137,0.987220447284345
0.11104465709728868,0.987220447284345
0.11124401913875598,0.987220447284345
0.11144338118022329,0.987220447284345
0.11164274322169059,0.987220447284345
0.1118421052631579,0.987220447284345
0.1120414673046252,0.987220447284345
0.1122408293460925,0.987220447284345
0.11244019138755981,0.987220447284345
0.11263955342902711,0.987220447284345
0.11283891547049442,0.987220447284345
0.11303827751196172,0.987220447284345
0.11323763955342903,0.987220447284345
0.11343700159489634,0.987220447284345
0.11363636363636363,0.987220447284345
0.11383572567783094,0.987220447284345
0.11403508771929824,0.987220447284345
0.11423444976076555,0.987220447284345
0.11443381180223286,0.987220447284345
0.11463317384370016,0.987220447284345
0.11483253588516747,0.987220447284345
0.11503189792663476,0.987220447284345
0.11523125996810207,0.987220447284345
0.11543062200956938,0.987220447284345
0.11562998405103668,0.987220447284345
0.11582934609250399,0.987220447284345
0.11602870813397129,0.987220447284345
0.1162280701754386,0.987220447284345
0.11642743221690591,0.987220447284345
0.1166267942583732,0.987220447284345
0.11682615629984051,0.987220447284345
0.11702551834130781,0.987220447284345
0.11722488038277512,0.987220447284345
0.11742424242424243,0.987220447284345
0.11762360446570973,0.987220447284345
0.11782296650717704,0.987220447284345
0.11802232854864433,0.987220447284345
0.11822169059011164,0.987220447284345
0.11842105263157894,0.987220447284345
0.11862041467304625,0.987220447284345
0.11881977671451356,0.987220447284345
0.11901913875598086,0.987220447284345
0.11921850079744817,0.987220447284345
0.11941786283891546,0.987220447284345
0.11961722488038277,0.987220447284345
0.11981658692185009,0.987220447284345
0.12001594896331738,0.987220447284345
0.12021531100478469,0.987220447284345
0.12041467304625199,0.987220447284345
0.1206140350877193,0.987220447284345
0.12081339712918661,0.987220447284345
0.1210127591706539,0.987220447284345
0.12121212121212122,0.987220447284345
0.12141148325358851,0.987220447284345
0.12161084529505582,0.987220447284345
0.12181020733652313,0.987220447284345
0.12200956937799043,0.987220447284345
0.12220893141945774,0.987220447284345
0.12240829346092504,0.987220447284345
0.12260765550239235,0.987220447284345
0.12280701754385964,0.987220447284345
0.12300637958532695,0.987220447284345
0.12320574162679426,0.987220447284345
0.12320574162679426,0.9857142857142858
0.12340510366826156,0.9857142857142858
0.12360446570972887,0.9857142857142858
0.12380382775119617,0.9857142857142858
0.12380382775119617,0.9850746268656716
0.12400318979266348,0.9850746268656716
0.12420255183413079,0.9850746268656716
0.12440191387559808,0.9850746268656716
0.1246012759170654,0.9850746268656716
0.12480063795853269,0.9850746268656716
0.125,0.9850746268656716
0.1251993620414673,0.9850746268656716
0.12539872408293462,0.9850746268656716
0.1255980861244019,0.9850746268656716
0.1257974481658692,0.9850746268656716
0.12599681020733652,0.9850746268656716
0.12619617224880383,0.9850746268656716
0.12639553429027114,0.9850746268656716
0.12659489633173843,0.9850746268656716
0.12679425837320574,0.9850746268656716
0.12699362041467305,0.9850746268656716
0.12719298245614036,0.9850746268656716
0.12739234449760767,0.9850746268656716
0.12759170653907495,0.9850746268656716
0.12779106858054226,0.9850746268656716
0.12799043062200957,0.9850746268656716
0.12818979266347688,0.9850746268656716
0.1283891547049442,0.9850746268656716
0.12858851674641147,0.9850746268656716
0.12878787878787878,0.9850746268656716
0.1289872408293461,0.9850746268656716
0.1291866028708134,0.9850746268656716
0.12938596491228072,0.9850746268656716
0.129585326953748,0.9850746268656716
0.1297846889952153,0.9850746268656716
0.12998405103668262,0.9850746268656716
0.13018341307814993,0.9850746268656716
0.1303827751196172,0.9850746268656716
0.13058213716108452,0.9850746268656716
0.13078149920255183,0.9850746268656716
0.13098086124401914,0.9850746268656716
0.13118022328548645,0.9850746268656716
0.13137958532695374,0.9850746268656716
0.13157894736842105,0.9850746268656716
0.13157894736842105,0.9842180774748924
0.13177830940988836,0.9842180774748924
0.13197767145135567,0.9842180774748924
0.13217703349282298,0.9842180774748924
0.13237639553429026,0.9842180774748924
0.13257575757575757,0.9842180774748924
0.13277511961722488,0.9842180774748924
0.1329744816586922,0.9842180774748924
0.1331738437001595,0.9842180774748924
0.13337320574162678,0.9842180774748924
0.1335725677830941,0.9842180774748924
0.1337719298245614,0.9842180774748924
0.1339712918660287,0.9842180774748924
0.13417065390749602,0.9842180774748924
0.1343700159489633,0.9842180774748924
0.13456937799043062,0.9842180774748924
0.13476874003189793,0.9842180774748924
0.13496810207336524,0.9842180774748924
0.13516746411483255,0.9842180774748924
0.13536682615629983,0.9842180774748924
0.13556618819776714,0.9842180774748924
0.13576555023923445,0.9842180774748924
0.13596491228070176,0.9842180774748924
0.13616427432216907,0.9842180774748924
0.13636363636363635,0.9842180774748924
0.13656299840510366,0.9842180774748924
0.13676236044657097,0.9842180774748924
0.13676236044657097,0.9829787234042553
0.13696172248803828,0.9829787234042553
0.1371610845295056,0.9829787234042553
0.13736044657097288,0.9829787234042553
0.1375598086124402,0.9829787234042553
0.1377591706539075,0.9829787234042553
0.1379585326953748,0.9829787234042553
0.13815789473684212,0.9829787234042553
0.13815789473684212,0.9821917808219178
0.1383572567783094,0.9821917808219178
0.1385566188197767,0.9821917808219178
0.13875598086124402,0.9821917808219178
0.13895534290271133,0.9821917808219178
0.13915470494417864,0.9821917808219178
0.13935406698564592,0.9821917808219178
0.13955342902711323,0.9821917808219178
0.13975279106858055,0.9821917808219178
0.13995215311004786,0.9821917808219178
0.14015151515151514,0.9821917808219178
0.14035087719298245,0.9821917808219178
0.14055023923444976,0.9821917808219178
0.14074960127591707,0.9821917808219178
0.14094896331738438,0.9821917808219178
0.14114832535885166,0.9821917808219178
0.14134768740031897,0.9821917808219178
0.14154704944178628,0.9821917808219178
0.1417464114832536,0.9821917808219178
0.1419457735247209,0.9821917808219178
0.14214513556618819,0.9821917808219178
0.1423444976076555,0.9821917808219178
0.1425438596491228,0.9821917808219178
0.14274322169059012,0.9821917808219178
0.14294258373205743,0.9821917808219178
0.14294258373205743,0.9810040705563093
0.1431419457735247,0.9810040705563093
0.14334130781499202,0.9810040705563093
0.14354066985645933,0.9810040705563093
0.14374003189792664,0.9810040705563093
0.14393939393939395,0.9810040705563093
0.14413875598086123,0.9810040705563093
0.14413875598086123,0.9806157354618016
0.14433811802232854,0.9806157354618016
0.14453748006379585,0.9806157354618016
0.14473684210526316,0.9806157354618016
0.14493620414673047,0.9806157354618016
0.14513556618819776,0.9806157354618016
0.14533492822966507,0.9806157354618016
0.14553429027113238,0.9806157354618016
0.1457336523125997,0.9806157354618016
0.145933014354067,0.9806157354618016
0.14613237639553428,0.9806157354618016
0.1463317384370016,0.9806157354618016
0.1465311004784689,0.9806157354618016
0.1467304625199362,0.9806157354618016
0.14692982456140352,0.9806157354618016
0.1471291866028708,0.9806157354618016
0.14732854864433811,0.9806157354618016
0.14752791068580542,0.9806157354618016
0.14772727272727273,0.9806157354618016
0.14792663476874005,0.9806157354618016
0.14812599681020733,0.9806157354618016
0.14832535885167464,0.9806157354618016
0.14852472089314195,0.9806157354618016
0.14852472089314195,0.9806157354618016
0.14872408293460926,0.9806157354618016
0.14892344497607657,0.9806157354618016
0.14912280701754385,0.9806157354618016
0.14932216905901116,0.9806157354618016
0.14952153110047847,0.9806157354618016
0.14972089314194578,0.9806157354618016
0.14992025518341306,0.9806157354618016
0.15011961722488038,0.9806157354618016
0.15031897926634769,0.9806157354618016
0.150518341307815,0.9806157354618016
0.1507177033492823,0.9806157354618016
0.1509170653907496,0.9806157354618016
0.1511164274322169,0.9806157354618016
0.1513157894736842,0.9806157354618016
0.15151515151515152,0.9806157354618016
0.15171451355661883,0.9806157354618016
0.1519138755980861,0.9806157354618016
0.15211323763955342,0.9806157354618016
0.15231259968102073,0.9806157354618016
0.15251196172248804,0.9806157354618016
0.15271132376395535,0.9806157354618016
0.15291068580542264,0.9806157354618016
0.15311004784688995,0.9806157354618016
0.15330940988835726,0.9806157354618016
0.15350877192982457,0.9806157354618016
0.15370813397129188,0.9806157354618016
0.15390749601275916,0.9806157354618016
0.15410685805422647,0.9806157354618016
0.15430622009569378,0.9806157354618016
0.1545055821371611,0.9806157354618016
0.1547049441786284,0.9806157354618016
0.15490430622009568,0.9806157354618016
0.155103668261563,0.9806157354618016
0.1553030303030303,0.9806157354618016
0.15550239234449761,0.9806157354618016
0.15570175438596492,0.9806157354618016
0.1559011164274322,0.9806157354618016
0.15610047846889952,0.9806157354618016
0.15629984051036683,0.9806157354618016
0.15649920255183414,0.9806157354618016
0.15669856459330145,0.9806157354618016
0.15689792663476873,0.9806157354618016
0.15709728867623604,0.9806157354618016
0.15729665071770335,0.9806157354618016
0.15749601275917066,0.9806157354618016
0.15769537480063797,0.9806157354618016
0.15789473684210525,0.9806157354618016
0.15809409888357256,0.9806157354618016
0.15829346092503987,0.9806157354618016
0.15849282296650719,0.9806157354618016
0.15869218500797447,0.9806157354618016
0.15889154704944178,0.9806157354618016
0.1590909090909091,0.9806157354618016
0.1592902711323764,0.9806157354618016
0.1594896331738437,0.9806157354618016
0.1594896331738437,0.9806157354618016
0.159688995215311,0.9806157354618016
0.1598883572567783,0.9806157354618016
0.1600877192982456,0.9806157354618016
0.16028708133971292,0.9806157354618016
0.16048644338118023,0.9806157354618016
0.16068580542264752,0.9806157354618016
0.16088516746411483,0.9806157354618016
0.16108452950558214,0.9806157354618016
0.16128389154704945,0.9806157354618016
0.16148325358851676,0.9806157354618016
0.16168261562998404,0.9806157354618016
0.16188197767145135,0.9806157354618016
0.16208133971291866,0.9806157354618016
0.16228070175438597,0.9806157354618016
0.16248006379585328,0.9806157354618016
0.16267942583732056,0.9806157354618016
0.16287878787878787,0.9806157354618016
0.16307814992025518,0.9806157354618016
0.1632775119617225,0.9806157354618016
0.1634768740031898,0.9806157354618016
0.1636762360446571,0.9806157354618016
0.1638755980861244,0.9806157354618016
0.1640749601275917,0.9806157354618016
0.16427432216905902,0.9806157354618016
0.16447368421052633,0.9806157354618016
0.1646730462519936,0.9806157354618016
0.16487240829346092,0.9806157354618016
0.16507177033492823,0.9806157354618016
0.16527113237639554,0.9806157354618016
0.16547049441786285,0.9806157354618016
0.16566985645933013,0.9806157354618016
0.16586921850079744,0.9806157354618016
0.16606858054226475,0.9806157354618016
0.16626794258373206,0.9806157354618016
0.16646730462519937,0.9806157354618016
0.16666666666666666,0.9806157354618016
0.16686602870813397,0.9806157354618016
0.16706539074960128,0.9806157354618016
0.1672647527910686,0.9806157354618016
0.1674641148325359,0.9806157354618016
0.16766347687400318,0.9806157354618016
0.1678628389154705,0.9806157354618016
0.1680622009569378,0.9806157354618016
0.1682615629984051,0.9806157354618016
0.1684609250398724,0.9806157354618016
0.1686602870813397,0.9806157354618016
0.16885964912280702,0.9806157354618016
0.16905901116427433,0.9806157354618016
0.16925837320574164,0.9806157354618016
0.16945773524720892,0.9806157354618016
0.16965709728867623,0.9806157354618016
0.16985645933014354,0.9806157354618016
0.17005582137161085,0.9806157354618016
0.17025518341307816,0.9806157354618016
0.17045454545454544,0.9806157354618016
0.17065390749601275,0.9806157354618016
0.17085326953748006,0.9806157354618016
0.17105263157894737,0.9806157354618016
0.17125199362041468,0.9806157354618016
0.17145135566188197,0.9806157354618016
0.17145135566188197,0.9800399201596807
0.17165071770334928,0.9800399201596807
0.1718500797448166,0.9800399201596807
0.1720494417862839,0.9800399201596807
0.1722488038277512,0.9800399201596807
0.1724481658692185,0.9800399201596807
0.1726475279106858,0.9800399201596807
0.1728468899521531,0.9800399201596807
0.17304625199362042,0.9800399201596807
0.17324561403508773,0.9800399201596807
0.173444976076555,0.9800399201596807
0.17364433811802232,0.9800399201596807
0.17384370015948963,0.9800399201596807
0.17404306220095694,0.9800399201596807
0.17424242424242425,0.9800399201596807
0.17444178628389154,0.9800399201596807
0.17464114832535885,0.9800399201596807
0.17484051036682616,0.9800399201596807
0.17503987240829347,0.9800399201596807
0.17523923444976078,0.9800399201596807
0.17543859649122806,0.9800399201596807
0.17563795853269537,0.9800399201596807
0.17583732057416268,0.9800399201596807
0.17583732057416268,0.9800399201596807
0.17603668261563,0.9800399201596807
0.1762360446570973,0.9800399201596807
0.17643540669856458,0.9800399201596807
0.1766347687400319,0.9800399201596807
0.1768341307814992,0.9800399201596807
0.17703349282296652,0.9800399201596807
0.17723285486443383,0.9800399201596807
0.1774322169059011,0.9800399201596807
0.17763157894736842,0.9800399201596807
0.17783094098883573,0.9800399201596807
0.17803030303030304,0.9800399201596807
0.17822966507177032,0.9800399201596807
0.17842902711323763,0.9800399201596807
0.17862838915470494,0.9800399201596807
0.17882775119617225,0.9800399201596807
0.17902711323763956,0.9800399201596807
0.17922647527910684,0.9800399201596807
0.17942583732057416,0.9800399201596807
0.17962519936204147,0.9800399201596807
0.17982456140350878,0.9800399201596807
0.17982456140350878,0.9800399201596807
0.18002392344497609,0.9800399201596807
0.18022328548644337,0.9800399201596807
0.18042264752791068,0.9800399201596807
0.180622009569378,0.9800399201596807
0.1808213716108453,0.9800399201596807
0.1810207336523126,0.9800399201596807
0.1812200956937799,0.9800399201596807
0.1814194577352472,0.9800399201596807
0.1816188197767145,0.9800399201596807
0.18181818181818182,0.9800399201596807
0.18201754385964913,0.9800399201596807
0.18221690590111642,0.9800399201596807
0.18241626794258373,0.9800399201596807
0.18261562998405104,0.9800399201596807
0.18281499202551835,0.9800399201596807
0.18301435406698566,0.9800399201596807
0.18321371610845294,0.9800399201596807
0.18341307814992025,0.9800399201596807
0.18361244019138756,0.9800399201596807
0.18381180223285487,0.9800399201596807
0.18401116427432218,0.9800399201596807
0.18421052631578946,0.9800399201596807
0.18440988835725677,0.9800399201596807
0.18460925039872408,0.9800399201596807
0.1848086124401914,0.9800399201596807
0.1850079744816587,0.9800399201596807
0.185207336523126,0.9800399201596807
0.1854066985645933,0.9800399201596807
0.1856060606060606,0.9800399201596807
0.18580542264752792,0.9800399201596807
0.18600478468899523,0.9800399201596807
0.1862041467304625,0.9800399201596807
0.18640350877192982,0.9800399201596807
0.18660287081339713,0.9800399201596807
0.18680223285486444,0.9800399201596807
0.18700159489633175,0.9800399201596807
0.18720095693779903,0.9800399201596807
0.18740031897926634,0.9800399201596807
0.18759968102073366,0.9800399201596807
0.18779904306220097,0.9800399201596807
0.18799840510366825,0.9800399201596807
0.18819776714513556,0.9800399201596807
0.18839712918660287,0.9800399201596807
0.18859649122807018,0.9800399201596807
0.1887958532695375,0.9800399201596807
0.18899521531100477,0.9800399201596807
0.18919457735247208,0.9800399201596807
0.1893939393939394,0.9800399201596807
0.1895933014354067,0.9800399201596807
0.189792663476874,0.9800399201596807
0.1899920255183413,0.9800399201596807
0.1901913875598086,0.9800399201596807
0.19039074960127592,0.9800399201596807
0.19059011164274323,0.9800399201596807
0.19078947368421054,0.9800399201596807
0.19098883572567782,0.9800399201596807
0.19118819776714513,0.9800399201596807
0.19138755980861244,0.9800399201596807
0.19158692185007975,0.9800399201596807
0.19178628389154706,0.9800399201596807
0.19198564593301434,0.9800399201596807
0.19218500797448165,0.9800399201596807
0.19238437001594896,0.9800399201596807
0.19258373205741627,0.9800399201596807
0.19278309409888358,0.9800399201596807
0.19298245614035087,0.9800399201596807
0.19318181818181818,0.9800399201596807
0.1933811802232855,0.9800399201596807
0.1935805422647528,0.9800399201596807
0.1937799043062201,0.9800399201596807
0.1939792663476874,0.9800399201596807
0.1941786283891547,0.9800399201596807
0.194377990430622,0.9800399201596807
0.19457735247208932,0.9800399201596807
0.19477671451355663,0.9800399201596807
0.19497607655502391,0.9800399201596807
0.19517543859649122,0.9800399201596807
0.19537480063795853,0.9800399201596807
0.19557416267942584,0.9800399201596807
0.19577352472089316,0.9800399201596807
0.19577352472089316,0.9798076923076923
0.19597288676236044,0.9798076923076923
0.19617224880382775,0.9798076923076923
0.19637161084529506,0.9798076923076923
0.19657097288676237,0.9798076923076923
0.19677033492822968,0.9798076923076923
0.19696969696969696,0.9798076923076923
0.19716905901116427,0.9798076923076923
0.19736842105263158,0.9798076923076923
0.1975677830940989,0.9798076923076923
0.19776714513556617,0.9798076923076923
0.19796650717703348,0.9798076923076923
0.1981658692185008,0.9798076923076923
0.1983652312599681,0.9798076923076923
0.19856459330143542,0.9798076923076923
0.1987639553429027,0.9798076923076923
0.19896331738437,0.9798076923076923
0.19916267942583732,0.9798076923076923
0.19936204146730463,0.9798076923076923
0.19956140350877194,0.9798076923076923
0.19976076555023922,0.9798076923076923
0.19996012759170653,0.9798076923076923
0.20015948963317384,0.9798076923076923
0.20035885167464115,0.9798076923076923
0.20055821371610846,0.9798076923076923
0.20075757575757575,0.9798076923076923
0.20095693779904306,0.9798076923076923
0.20115629984051037,0.9798076923076923
0.20135566188197768,0.9798076923076923
0.201555023923445,0.9798076923076923
0.20175438596491227,0.9798076923076923
0.20195374800637958,0.9798076923076923
0.2021531100478469,0.9798076923076923
0.2023524720893142,0.9798076923076923
0.2025518341307815,0.9798076923076923
0.2027511961722488,0.9798076923076923
0.2029505582137161,0.9798076923076923
0.2031499202551834,0.9798076923076923
0.2031499202551834,0.9795555555555555
0.20334928229665072,0.9795555555555555
0.20354864433811803,0.9795555555555555
0.20374800637958532,0.9795555555555555
0.20394736842105263,0.9795555555555555
0.20414673046251994,0.9795555555555555
0.20434609250398725,0.9795555555555555
0.20454545454545456,0.9795555555555555
0.20474481658692184,0.9795555555555555
0.20494417862838915,0.9795555555555555
0.20514354066985646,0.9795555555555555
0.20534290271132377,0.9795555555555555
0.20554226475279108,0.9795555555555555
0.20574162679425836,0.9795555555555555
0.20594098883572567,0.9795555555555555
0.20614035087719298,0.9795555555555555
0.2063397129186603,0.9795555555555555
0.2065390749601276,0.9795555555555555
0.2067384370015949,0.9795555555555555
0.2069377990430622,0.9795555555555555
0.2069377990430622,0.9795555555555555
0.2071371610845295,0.9795555555555555
0.20733652312599682,0.9795555555555555
0.2075358851674641,0.9795555555555555
0.2077352472089314,0.9795555555555555
0.20793460925039872,0.9795555555555555
0.20813397129186603,0.9795555555555555
0.20833333333333334,0.9795555555555555
0.20853269537480063,0.9795555555555555
0.20873205741626794,0.9795555555555555
0.20893141945773525,0.9795555555555555
0.20913078149920256,0.9795555555555555
0.20933014354066987,0.9795555555555555
0.20952950558213715,0.9795555555555555
0.20972886762360446,0.9795555555555555
0.20992822966507177,0.9795555555555555
0.21012759170653908,0.9795555555555555
0.2103269537480064,0.9795555555555555
0.21052631578947367,0.9795555555555555
0.21072567783094098,0.9795555555555555
0.2109250398724083,0.9795555555555555
0.2111244019138756,0.9795555555555555
0.2113237639553429,0.9795555555555555
0.2115231259968102,0.9795555555555555
0.2117224880382775,0.9795555555555555
0.21192185007974482,0.9795555555555555
0.21212121212121213,0.9795555555555555
0.21232057416267944,0.9795555555555555
0.21251993620414672,0.9795555555555555
0.21271929824561403,0.9795555555555555
0.21291866028708134,0.9795555555555555
0.21311802232854865,0.9795555555555555
0.21331738437001596,0.9795555555555555
0.21351674641148324,0.9795555555555555
0.21371610845295055,0.9795555555555555
0.21391547049441786,0.9795555555555555
0.21411483253588517,0.9795555555555555
0.21431419457735248,0.9795555555555555
0.21451355661881977,0.9795555555555555
0.21471291866028708,0.9795555555555555
0.2149122807017544,0.9795555555555555
0.2151116427432217,0.9795555555555555
0.215311004784689,0.9795555555555555
0.2155103668261563,0.9795555555555555
0.2157097288676236,0.9795555555555555
0.2159090909090909,0.9795555555555555
0.21610845295055822,0.9795555555555555
0.21630781499202553,0.9795555555555555
0.21650717703349281,0.9795555555555555
0.21670653907496013,0.9795555555555555
0.21690590111642744,0.9795555555555555
0.21710526315789475,0.9795555555555555
0.21730462519936203,0.9795555555555555
0.21750398724082934,0.9795555555555555
0.21770334928229665,0.9795555555555555
0.21790271132376396,0.9795555555555555
0.21810207336523127,0.9795555555555555
0.21830143540669855,0.9795555555555555
0.21850079744816586,0.9795555555555555
0.21870015948963317,0.9795555555555555
0.21889952153110048,0.9795555555555555
0.2190988835725678,0.9795555555555555
0.21929824561403508,0.9795555555555555
0.21949760765550239,0.9795555555555555
0.2196969696969697,0.9795555555555555
0.2196969696969697,0.9787610619469026
0.219896331738437,0.9787610619469026
0.22009569377990432,0.9787610619469026
0.2202950558213716,0.9787610619469026
0.2204944178628389,0.9787610619469026
0.2204944178628389,0.97789566755084
0.2204944178628389,0.9772329246935202
0.22069377990430622,0.9772329246935202
0.22089314194577353,0.9772329246935202
0.22109250398724084,0.9772329246935202
0.22129186602870812,0.9772329246935202
0.22149122807017543,0.9772329246935202
0.22169059011164274,0.9772329246935202
0.22188995215311005,0.9772329246935202
0.22208931419457736,0.9772329246935202
0.22228867623604465,0.9772329246935202
0.22248803827751196,0.9772329246935202
0.22248803827751196,0.976460331299041
0.22268740031897927,0.976460331299041
0.22288676236044658,0.976460331299041
0.2230861244019139,0.976460331299041
0.22328548644338117,0.976460331299041
0.22328548644338117,0.9757155247181266
0.22348484848484848,0.9757155247181266
0.2236842105263158,0.9757155247181266
0.2238835725677831,0.9757155247181266
0.2240829346092504,0.9757155247181266
0.2242822966507177,0.9757155247181266
0.2242822966507177,0.9750201450443191
0.224481658692185,0.9750201450443191
0.224481658692185,0.9750201450443191
0.22468102073365231,0.9750201450443191
0.22488038277511962,0.9750201450443191
0.22507974481658694,0.9750201450443191
0.22527910685805422,0.9750201450443191
0.22547846889952153,0.9750201450443191
0.22567783094098884,0.9750201450443191
0.22587719298245615,0.9750201450443191
0.22607655502392343,0.9750201450443191
0.22627591706539074,0.9750201450443191
0.22647527910685805,0.9750201450443191
0.22667464114832536,0.9750201450443191
0.22687400318979267,0.9750201450443191
0.22707336523125995,0.9750201450443191
0.22727272727272727,0.9750201450443191
0.22747208931419458,0.9750201450443191
0.22767145135566189,0.9750201450443191
0.2278708133971292,0.9750201450443191
0.22807017543859648,0.9750201450443191
0.2282695374800638,0.9750201450443191
0.2282695374800638,0.9750201450443191
0.2284688995215311,0.9750201450443191
0.2286682615629984,0.9750201450443191
0.22886762360446572,0.9750201450443191
0.229066985645933,0.9750201450443191
0.2292663476874003,0.9750201450443191
0.22946570972886762,0.9750201450443191
0.22966507177033493,0.9750201450443191
0.22986443381180224,0.9750201450443191
0.23006379585326953,0.9750201450443191
0.23026315789473684,0.9750201450443191
0.23046251993620415,0.9750201450443191
0.23066188197767146,0.9750201450443191
0.23086124401913877,0.9750201450443191
0.23106060606060605,0.9750201450443191
0.23125996810207336,0.9750201450443191
0.23145933014354067,0.9750201450443191
0.23165869218500798,0.9750201450443191
0.2318580542264753,0.9750201450443191
0.23205741626794257,0.9750201450443191
0.23225677830940988,0.9750201450443191
0.2324561403508772,0.9750201450443191
0.2326555023923445,0.9750201450443191
0.23285486443381181,0.9750201450443191
0.2330542264752791,0.9750201450443191
0.2332535885167464,0.9750201450443191
0.23345295055821372,0.9750201450443191
0.23365231259968103,0.9750201450443191
0.23385167464114834,0.9750201450443191
0.23405103668261562,0.9750201450443191
0.23425039872408293,0.9750201450443191
0.23444976076555024,0.9750201450443191
0.23464912280701755,0.9750201450443191
0.23484848484848486,0.9750201450443191
0.23504784688995214,0.9750201450443191
0.23524720893141945,0.9750201450443191
0.23544657097288677,0.9750201450443191
0.23564593301435408,0.9750201450443191
0.23584529505582136,0.9750201450443191
0.23604465709728867,0.9750201450443191
0.23624401913875598,0.9750201450443191
0.2364433811802233,0.9750201450443191
0.2366427432216906,0.9750201450443191
0.23684210526315788,0.9750201450443191
0.2370414673046252,0.9750201450443191
0.2372408293460925,0.9750201450443191
0.2374401913875598,0.9750201450443191
0.23763955342902712,0.9750201450443191
0.2378389154704944,0.9750201450443191
0.23803827751196172,0.9750201450443191
0.23823763955342903,0.9750201450443191
0.23843700159489634,0.9750201450443191
0.23863636363636365,0.9750201450443191
0.23883572567783093,0.9750201450443191
0.23903508771929824,0.9750201450443191
0.23923444976076555,0.9750201450443191
0.23943381180223286,0.9750201450443191
0.23963317384370017,0.9750201450443191
0.23983253588516745,0.9750201450443191
0.24003189792663476,0.9750201450443191
0.24023125996810207,0.9750201450443191
0.24043062200956938,0.9750201450443191
0.2406299840510367,0.9750201450443191
0.24082934609250398,0.9750201450443191
0.2410287081339713,0.9750201450443191
0.2412280701754386,0.9750201450443191
0.2412280701754386,0.97429718875502
0.2414274322169059,0.97429718875502
0.24162679425837322,0.97429718875502
0.2418261562998405,0.97429718875502
0.2418261562998405,0.9738095238095238
0.2420255183413078,0.9738095238095238
0.24222488038277512,0.9738095238095238
0.24242424242424243,0.9738095238095238
0.24262360446570974,0.9738095238095238
0.24282296650717702,0.9738095238095238
0.24302232854864433,0.9738095238095238
0.24322169059011164,0.9738095238095238
0.24342105263157895,0.9738095238095238
0.24362041467304626,0.9738095238095238
0.24381977671451355,0.9738095238095238
0.24401913875598086,0.9738095238095238
0.24421850079744817,0.9738095238095238
0.24441786283891548,0.9738095238095238
0.2446172248803828,0.9738095238095238
0.2446172248803828,0.9732704402515723
0.24481658692185007,0.9732704402515723
0.24501594896331738,0.9732704402515723
0.2452153110047847,0.9732704402515723
0.245414673046252,0.9732704402515723
0.24561403508771928,0.9732704402515723
0.2458133971291866,0.9732704402515723
0.2460127591706539,0.9732704402515723
0.24621212121212122,0.9732704402515723
0.24641148325358853,0.9732704402515723
0.2466108452950558,0.9732704402515723
0.24681020733652312,0.9732704402515723
0.24681020733652312,0.972768532526475
0.24700956937799043,0.972768532526475
0.24720893141945774,0.972768532526475
0.24740829346092505,0.972768532526475
0.24760765550239233,0.972768532526475
0.24780701754385964,0.972768532526475
0.24800637958532695,0.972768532526475
0.24800637958532695,0.972768532526475
0.24820574162679426,0.972768532526475
0.24840510366826157,0.972768532526475
0.24860446570972886,0.972768532526475
0.24880382775119617,0.972768532526475
0.24900318979266348,0.972768532526475
0.2492025518341308,0.972768532526475
0.2494019138755981,0.972768532526475
0.24960127591706538,0.972768532526475
0.2498006379585327,0.972768532526475
0.25,0.972768532526475
0.2501993620414673,0.972768532526475
0.2503987240829346,0.972768532526475
0.25059808612440193,0.972768532526475
0.25079744816586924,0.972768532526475
0.2509968102073365,0.972768532526475
0.2511961722488038,0.972768532526475
0.2513955342902711,0.972768532526475
0.2515948963317384,0.972768532526475
0.25179425837320574,0.972768532526475
0.25199362041467305,0.972768532526475
0.25219298245614036,0.972768532526475
0.25239234449760767,0.972768532526475
0.252591706539075,0.972768532526475
0.2527910685805423,0.972768532526475
0.25299043062200954,0.972768532526475
0.25318979266347685,0.972768532526475
0.25338915470494416,0.972768532526475
0.2535885167464115,0.972768532526475
0.2537878787878788,0.972768532526475
0.2539872408293461,0.972768532526475
0.2541866028708134,0.972768532526475
0.2543859649122807,0.972768532526475
0.254585326953748,0.972768532526475
0.25478468899521534,0.972768532526475
0.2549840510366826,0.972768532526475
0.2551834130781499,0.972768532526475
0.2553827751196172,0.972768532526475
0.2555821371610845,0.972768532526475
0.25578149920255183,0.972768532526475
0.25598086124401914,0.972768532526475
0.25618022328548645,0.972768532526475
0.25637958532695376,0.972768532526475
0.25637958532695376,0.9727272727272728
0.2565789473684211,0.9727272727272728
0.2567783094098884,0.9727272727272728
0.25697767145135564,0.9727272727272728
0.25717703349282295,0.9727272727272728
0.25717703349282295,0.9727272727272728
0.25737639553429026,0.9727272727272728
0.25757575757575757,0.9727272727272728
0.2577751196172249,0.9727272727272728
0.2579744816586922,0.9727272727272728
0.2581738437001595,0.9727272727272728
0.2583732057416268,0.9727272727272728
0.2585725677830941,0.9727272727272728
0.25877192982456143,0.9727272727272728
0.2589712918660287,0.9727272727272728
0.259170653907496,0.9727272727272728
0.2593700159489633,0.9727272727272728
0.2595693779904306,0.9727272727272728
0.2597687400318979,0.9727272727272728
0.25996810207336524,0.9727272727272728
0.26016746411483255,0.9727272727272728
0.26036682615629986,0.9727272727272728
0.26056618819776717,0.9727272727272728
0.2607655502392344,0.9727272727272728
0.26096491228070173,0.9727272727272728
0.26116427432216904,0.9727272727272728
0.26136363636363635,0.9727272727272728
0.26156299840510366,0.9727272727272728
0.261762360446571,0.9727272727272728
0.2619617224880383,0.9727272727272728
0.2621610845295056,0.9727272727272728
0.2623604465709729,0.9727272727272728
0.2625598086124402,0.9727272727272728
0.26275917065390747,0.9727272727272728
0.2629585326953748,0.9727272727272728
0.2631578947368421,0.9727272727272728
0.2633572567783094,0.9727272727272728
0.2635566188197767,0.9727272727272728
0.263755980861244,0.9727272727272728
0.26395534290271133,0.9727272727272728
0.26415470494417864,0.9727272727272728
0.26435406698564595,0.9727272727272728
0.26455342902711326,0.9727272727272728
0.2647527910685805,0.9727272727272728
0.26495215311004783,0.9727272727272728
0.26515151515151514,0.9727272727272728
0.26535087719298245,0.9727272727272728
0.26555023923444976,0.9727272727272728
0.26574960127591707,0.9727272727272728
0.2659489633173844,0.9727272727272728
0.2661483253588517,0.9727272727272728
0.266347687400319,0.9727272727272728
0.2665470494417863,0.9727272727272728
0.26674641148325356,0.9727272727272728
0.2669457735247209,0.9727272727272728
0.2671451355661882,0.9727272727272728
0.2673444976076555,0.9727272727272728
0.2675438596491228,0.9727272727272728
0.2677432216905901,0.9727272727272728
0.2679425837320574,0.9727272727272728
0.26814194577352474,0.9727272727272728
0.26834130781499205,0.9727272727272728
0.26854066985645936,0.9727272727272728
0.2687400318979266,0.9727272727272728
0.2687400318979266,0.9727272727272728
0.2689393939393939,0.9727272727272728
0.26913875598086123,0.9727272727272728
0.26933811802232854,0.9727272727272728
0.26953748006379585,0.9727272727272728
0.26973684210526316,0.9727272727272728
0.2699362041467305,0.9727272727272728
0.2701355661881978,0.9727272727272728
0.2703349282296651,0.9727272727272728
0.27053429027113235,0.9727272727272728
0.27073365231259966,0.9727272727272728
0.27093301435406697,0.9727272727272728
0.27093301435406697,0.9727272727272728
0.2711323763955343,0.9727272727272728
0.2713317384370016,0.9727272727272728
0.2715311004784689,0.9727272727272728
0.2717304625199362,0.9727272727272728
0.2719298245614035,0.9727272727272728
0.27212918660287083,0.9727272727272728
0.27232854864433814,0.9727272727272728
0.2725279106858054,0.9727272727272728
0.2727272727272727,0.9727272727272728
0.27292663476874,0.9727272727272728
0.2731259968102073,0.9727272727272728
0.2731259968102073,0.9727272727272728
0.27332535885167464,0.9727272727272728
0.27352472089314195,0.9727272727272728
0.27372408293460926,0.9727272727272728
0.27392344497607657,0.9727272727272728
0.2741228070175439,0.9727272727272728
0.2743221690590112,0.9727272727272728
0.27452153110047844,0.9727272727272728
0.27472089314194575,0.9727272727272728
0.27492025518341306,0.9727272727272728
0.2751196172248804,0.9727272727272728
0.2753189792663477,0.9727272727272728
0.275518341307815,0.9727272727272728
0.2757177033492823,0.9727272727272728
0.2759170653907496,0.9727272727272728
0.2761164274322169,0.9727272727272728
0.27631578947368424,0.9727272727272728
0.2765151515151515,0.9727272727272728
0.2767145135566188,0.9727272727272728
0.2769138755980861,0.9727272727272728
0.2771132376395534,0.9727272727272728
0.27731259968102073,0.9727272727272728
0.27751196172248804,0.9727272727272728
0.27771132376395535,0.9727272727272728
0.27791068580542266,0.9727272727272728
0.27811004784689,0.9727272727272728
0.2783094098883573,0.9727272727272728
0.27850877192982454,0.9727272727272728
0.27870813397129185,0.9727272727272728
0.27890749601275916,0.9727272727272728
0.27910685805422647,0.9727272727272728
0.2793062200956938,0.9727272727272728
0.2795055821371611,0.9727272727272728
0.2797049441786284,0.9727272727272728
0.2799043062200957,0.9727272727272728
0.280103668261563,0.9727272727272728
0.2803030303030303,0.9727272727272728
0.2805023923444976,0.9727272727272728
0.2807017543859649,0.9727272727272728
0.2809011164274322,0.9727272727272728
0.2811004784688995,0.9727272727272728
0.2812998405103668,0.9727272727272728
0.28149920255183414,0.9727272727272728
0.28169856459330145,0.9727272727272728
0.28189792663476876,0.9727272727272728
0.28209728867623607,0.9727272727272728
0.2822966507177033,0.9727272727272728
0.28249601275917063,0.9727272727272728
0.28269537480063794,0.9727272727272728
0.28289473684210525,0.9727272727272728
0.28309409888357256,0.9727272727272728
0.2832934609250399,0.9727272727272728
0.2834928229665072,0.9727272727272728
0.2836921850079745,0.9727272727272728
0.2838915470494418,0.9727272727272728
0.2840909090909091,0.9727272727272728
0.28429027113237637,0.9727272727272728
0.2844896331738437,0.9727272727272728
0.284688995215311,0.9727272727272728
0.2848883572567783,0.9727272727272728
0.2850877192982456,0.9727272727272728
0.2852870813397129,0.9727272727272728
0.28548644338118023,0.9727272727272728
0.28568580542264754,0.9727272727272728
0.28588516746411485,0.9727272727272728
0.28608452950558216,0.9727272727272728
0.2862838915470494,0.9727272727272728
0.28648325358851673,0.9727272727272728
0.28668261562998404,0.9727272727272728
0.28688197767145135,0.9727272727272728
0.28708133971291866,0.9727272727272728
0.28728070175438597,0.9727272727272728
0.2874800637958533,0.9727272727272728
0.2876794258373206,0.9727272727272728
0.2878787878787879,0.9727272727272728
0.2880781499202552,0.9727272727272728
0.28827751196172247,0.9727272727272728
0.2884768740031898,0.9727272727272728
0.2886762360446571,0.9727272727272728
0.2888755980861244,0.9727272727272728
0.2890749601275917,0.9727272727272728
0.289274322169059,0.9727272727272728
0.2894736842105263,0.9727272727272728
0.28967304625199364,0.9727272727272728
0.28987240829346095,0.9727272727272728
0.2900717703349282,0.9727272727272728
0.2902711323763955,0.9727272727272728
0.2902711323763955,0.9727272727272728
0.2904704944178628,0.9727272727272728
0.29066985645933013,0.9727272727272728
0.29086921850079744,0.9727272727272728
0.29106858054226475,0.9727272727272728
0.29126794258373206,0.9727272727272728
0.2914673046251994,0.9727272727272728
0.2916666666666667,0.9727272727272728
0.291866028708134,0.9727272727272728
0.29206539074960125,0.9727272727272728
0.29226475279106856,0.9727272727272728
0.29246411483253587,0.9727272727272728
0.2926634768740032,0.9727272727272728
0.2928628389154705,0.9727272727272728
0.2930622009569378,0.9727272727272728
0.2932615629984051,0.9727272727272728
0.2934609250398724,0.9727272727272728
0.29366028708133973,0.9727272727272728
0.29385964912280704,0.9727272727272728
0.2940590111642743,0.9727272727272728
0.2942583732057416,0.9727272727272728
0.2944577352472089,0.9727272727272728
0.29465709728867623,0.9727272727272728
0.29485645933014354,0.9727272727272728
0.29505582137161085,0.9727272727272728
0.29525518341307816,0.9727272727272728
0.29545454545454547,0.9727272727272728
0.2956539074960128,0.9727272727272728
0.2958532695374801,0.9727272727272728
0.29605263157894735,0.9727272727272728
0.29625199362041466,0.9727272727272728
0.29645135566188197,0.9727272727272728
0.2966507177033493,0.9727272727272728
0.2968500797448166,0.9727272727272728
0.2970494417862839,0.9727272727272728
0.2972488038277512,0.9727272727272728
0.2974481658692185,0.9727272727272728
0.2976475279106858,0.9727272727272728
0.29784688995215314,0.9727272727272728
0.2980462519936204,0.9727272727272728
0.2982456140350877,0.9727272727272728
0.298444976076555,0.9727272727272728
0.2986443381180223,0.9727272727272728
0.2986443381180223,0.9725106902871106
0.29884370015948963,0.9725106902871106
0.29884370015948963,0.9725106902871106
0.29904306220095694,0.9725106902871106
0.29924242424242425,0.9725106902871106
0.29944178628389156,0.9725106902871106
0.2996411483253589,0.9725106902871106
0.29984051036682613,0.9725106902871106
0.30003987240829344,0.9725106902871106
0.30023923444976075,0.9725106902871106
0.30043859649122806,0.9725106902871106
0.30063795853269537,0.9725106902871106
0.3008373205741627,0.9725106902871106
0.30103668261563,0.9725106902871106
0.3012360446570973,0.9725106902871106
0.3014354066985646,0.9725106902871106
0.3016347687400319,0.9725106902871106
0.3018341307814992,0.9725106902871106
0.3020334928229665,0.9725106902871106
0.3022328548644338,0.9725106902871106
0.3024322169059011,0.9725106902871106
0.3026315789473684,0.9725106902871106
0.30283094098883573,0.9725106902871106
0.30303030303030304,0.9725106902871106
0.30322966507177035,0.9725106902871106
0.30342902711323766,0.9725106902871106
0.30362838915470497,0.9725106902871106
0.3038277511961722,0.9725106902871106
0.30402711323763953,0.9725106902871106
0.30422647527910684,0.9725106902871106
0.30442583732057416,0.9725106902871106
0.30462519936204147,0.9725106902871106
0.3048245614035088,0.9725106902871106
0.3050239234449761,0.9725106902871106
0.3052232854864434,0.9725106902871106
0.3054226475279107,0.9725106902871106
0.305622009569378,0.9725106902871106
0.30582137161084527,0.9725106902871106
0.3060207336523126,0.9725106902871106
0.3062200956937799,0.9725106902871106
0.3062200956937799,0.9725106902871106
0.3064194577352472,0.9725106902871106
0.3066188197767145,0.9725106902871106
0.3068181818181818,0.9725106902871106
0.30701754385964913,0.9725106902871106
0.30721690590111644,0.9725106902871106
0.30741626794258375,0.9725106902871106
0.30761562998405106,0.9725106902871106
0.3078149920255183,0.9725106902871106
0.30801435406698563,0.9725106902871106
0.30821371610845294,0.9725106902871106
0.30841307814992025,0.9725106902871106
0.30861244019138756,0.9725106902871106
0.30881180223285487,0.9725106902871106
0.3090111642743222,0.9725106902871106
0.3092105263157895,0.9725106902871106
0.3094098883572568,0.9725106902871106
0.30960925039872406,0.9725106902871106
0.30980861244019137,0.9725106902871106
0.3100079744816587,0.9725106902871106
0.310207336523126,0.9725106902871106
0.3104066985645933,0.9725106902871106
0.3106060606060606,0.9725106902871106
0.3108054226475279,0.9725106902871106
0.31100478468899523,0.9725106902871106
0.31120414673046254,0.9725106902871106
0.31140350877192985,0.9725106902871106
0.3116028708133971,0.9725106902871106
0.3118022328548644,0.9725106902871106
0.3120015948963317,0.9725106902871106
0.31220095693779903,0.9725106902871106
0.31240031897926634,0.9725106902871106
0.31259968102073366,0.9725106902871106
0.31279904306220097,0.9725106902871106
0.3129984051036683,0.9725106902871106
0.3131977671451356,0.9725106902871106
0.3133971291866029,0.9725106902871106
0.31359649122807015,0.9725106902871106
0.31379585326953746,0.9725106902871106
0.31399521531100477,0.9725106902871106
0.3141945773524721,0.9725106902871106
0.3143939393939394,0.9725106902871106
0.3145933014354067,0.9725106902871106
0.314792663476874,0.9725106902871106
0.3149920255183413,0.9725106902871106
0.31519138755980863,0.9725106902871106
0.31539074960127594,0.9725106902871106
0.3155901116427432,0.9725106902871106
0.3157894736842105,0.9725106902871106
0.3159888357256778,0.9725106902871106
0.31618819776714513,0.9725106902871106
0.31638755980861244,0.9725106902871106
0.31658692185007975,0.9725106902871106
0.31678628389154706,0.9725106902871106
0.31698564593301437,0.9725106902871106
0.3171850079744817,0.9725106902871106
0.31738437001594894,0.9725106902871106
0.31738437001594894,0.9722054380664653
0.31758373205741625,0.9722054380664653
0.31778309409888356,0.9722054380664653
0.31798245614035087,0.9722054380664653
0.3181818181818182,0.9722054380664653
0.3183811802232855,0.9722054380664653
0.3185805422647528,0.9722054380664653
0.3187799043062201,0.9722054380664653
0.3189792663476874,0.9722054380664653
0.31917862838915473,0.9722054380664653
0.319377990430622,0.9722054380664653
0.3195773524720893,0.9722054380664653
0.3197767145135566,0.9722054380664653
0.3199760765550239,0.9722054380664653
0.3201754385964912,0.9722054380664653
0.32037480063795853,0.9722054380664653
0.32057416267942584,0.9722054380664653
0.32077352472089316,0.9722054380664653
0.32077352472089316,0.9717208182912154
0.32097288676236047,0.9717208182912154
0.3211722488038278,0.9717208182912154
0.32137161084529503,0.9717208182912154
0.32157097288676234,0.9717208182912154
0.32177033492822965,0.9717208182912154
0.32196969696969696,0.9717208182912154
0.32196969696969696,0.9712057588482303
0.32216905901116427,0.9712057588482303
0.3223684210526316,0.9712057588482303
0.3225677830940989,0.9712057588482303
0.3227671451355662,0.9712057588482303
0.3227671451355662,0.970954356846473
0.3229665071770335,0.970954356846473
0.3231658692185008,0.970954356846473
0.3233652312599681,0.970954356846473
0.3235645933014354,0.970954356846473
0.3237639553429027,0.970954356846473
0.32396331738437,0.970954356846473
0.3241626794258373,0.970954356846473
0.32436204146730463,0.970954356846473
0.32456140350877194,0.970954356846473
0.32476076555023925,0.970954356846473
0.32496012759170656,0.970954356846473
0.32515948963317387,0.970954356846473
0.3253588516746411,0.970954356846473
0.32555821371610844,0.970954356846473
0.32575757575757575,0.970954356846473
0.32595693779904306,0.970954356846473
0.32615629984051037,0.970954356846473
0.3263556618819777,0.970954356846473
0.326555023923445,0.970954356846473
0.326555023923445,0.9708114419147694
0.3267543859649123,0.9708114419147694
0.3269537480063796,0.9708114419147694
0.32715311004784686,0.9708114419147694
0.3273524720893142,0.9708114419147694
0.3275518341307815,0.9708114419147694
0.3277511961722488,0.9708114419147694
0.3279505582137161,0.9708114419147694
0.3281499202551834,0.9708114419147694
0.3283492822966507,0.9708114419147694
0.32854864433811803,0.9708114419147694
0.32874800637958534,0.9708114419147694
0.32894736842105265,0.9708114419147694
0.3291467304625199,0.9708114419147694
0.3293460925039872,0.9708114419147694
0.32954545454545453,0.9708114419147694
0.32974481658692184,0.9708114419147694
0.32994417862838915,0.9708114419147694
0.33014354066985646,0.9708114419147694
0.33034290271132377,0.9708114419147694
0.3305422647527911,0.9708114419147694
0.3307416267942584,0.9708114419147694
0.3309409888357257,0.9708114419147694
0.33114035087719296,0.9708114419147694
0.33133971291866027,0.9708114419147694
0.3315390749601276,0.9708114419147694
0.3315390749601276,0.9704861111111112
0.3317384370015949,0.9704861111111112
0.3319377990430622,0.9704861111111112
0.3321371610845295,0.9704861111111112
0.3323365231259968,0.9704861111111112
0.33253588516746413,0.9704861111111112
0.33273524720893144,0.9704861111111112
0.33293460925039875,0.9704861111111112
0.333133971291866,0.9704861111111112
0.3333333333333333,0.9704861111111112
0.3335326953748006,0.9704861111111112
0.33373205741626794,0.9704861111111112
0.33393141945773525,0.9704861111111112
0.33413078149920256,0.9704861111111112
0.33433014354066987,0.9704861111111112
0.33433014354066987,0.970063327576281
0.3345295055821372,0.970063327576281
0.3347288676236045,0.970063327576281
0.3349282296650718,0.970063327576281
0.33512759170653905,0.970063327576281
0.33532695374800636,0.970063327576281
0.3355263157894737,0.970063327576281
0.335725677830941,0.970063327576281
0.3359250398724083,0.970063327576281
0.3359250398724083,0.9695402298850575
0.3361244019138756,0.9695402298850575
0.3363237639553429,0.9695402298850575
0.3363237639553429,0.9689833429063757
0.3363237639553429,0.9684994272623139
0.3365231259968102,0.9684994272623139
0.33672248803827753,0.9684994272623139
0.3369218500797448,0.9684994272623139
0.3371212121212121,0.9684994272623139
0.3371212121212121,0.9681919642857143
0.3373205741626794,0.9681919642857143
0.3375199362041467,0.9681919642857143
0.3375199362041467,0.9681919642857143
0.33771929824561403,0.9681919642857143
0.33791866028708134,0.9681919642857143
0.33811802232854865,0.9681919642857143
0.33831738437001596,0.9681919642857143
0.33851674641148327,0.9681919642857143
0.3387161084529506,0.9681919642857143
0.33891547049441784,0.9681919642857143
0.33911483253588515,0.9681919642857143
0.33931419457735246,0.9681919642857143
0.33951355661881977,0.9681919642857143
0.3397129186602871,0.9681919642857143
0.3399122807017544,0.9681919642857143
0.3401116427432217,0.9681919642857143
0.340311004784689,0.9681919642857143
0.3405103668261563,0.9681919642857143
0.34070972886762363,0.9681919642857143
0.3409090909090909,0.9681919642857143
0.3411084529505582,0.9681919642857143
0.3413078149920255,0.9681919642857143
0.3415071770334928,0.9681919642857143
0.3417065390749601,0.9681919642857143
0.34190590111642744,0.9681919642857143
0.34210526315789475,0.9681919642857143
0.34230462519936206,0.9681919642857143
0.34250398724082937,0.9681919642857143
0.3427033492822967,0.9681919642857143
0.34290271132376393,0.9681919642857143
0.34310207336523124,0.9681919642857143
0.34330143540669855,0.9681919642857143
0.34350079744816586,0.9681919642857143
0.3437001594896332,0.9681919642857143
0.3438995215311005,0.9681919642857143
0.3440988835725678,0.9681919642857143
0.3442982456140351,0.9681919642857143
0.3444976076555024,0.9681919642857143
0.3446969696969697,0.9681919642857143
0.344896331738437,0.9681919642857143
0.3450956937799043,0.9681919642857143
0.3452950558213716,0.9681919642857143
0.3454944178628389,0.9681919642857143
0.3456937799043062,0.9681919642857143
0.34589314194577353,0.9681919642857143
0.34589314194577353,0.9678135405105438
0.34609250398724084,0.9678135405105438
0.34629186602870815,0.9678135405105438
0.34649122807017546,0.9678135405105438
0.3466905901116427,0.9678135405105438
0.34688995215311,0.9678135405105438
0.34708931419457734,0.9678135405105438
0.34728867623604465,0.9678135405105438
0.34748803827751196,0.9678135405105438
0.34768740031897927,0.9678135405105438
0.34768740031897927,0.9672767609539656
0.34768740031897927,0.9668874172185431
0.3478867623604466,0.9668874172185431
0.3480861244019139,0.9668874172185431
0.3482854864433812,0.9668874172185431
0.3484848484848485,0.9668874172185431
0.34868421052631576,0.9668874172185431
0.3488835725677831,0.9668874172185431
0.3490829346092504,0.9668874172185431
0.3492822966507177,0.9668874172185431
0.3492822966507177,0.9668117519042437
0.349481658692185,0.9668117519042437
0.3496810207336523,0.9668117519042437
0.3498803827751196,0.9668117519042437
0.35007974481658694,0.9668117519042437
0.35027910685805425,0.9668117519042437
0.35047846889952156,0.9668117519042437
0.3506778309409888,0.9668117519042437
0.3508771929824561,0.9668117519042437
0.35107655502392343,0.9668117519042437
0.35127591706539074,0.9668117519042437
0.35147527910685805,0.9668117519042437
0.35167464114832536,0.9668117519042437
0.3518740031897927,0.9668117519042437
0.35207336523126,0.9668117519042437
0.3522727272727273,0.9668117519042437
0.3524720893141946,0.9668117519042437
0.35267145135566186,0.9668117519042437
0.35287081339712917,0.9668117519042437
0.3530701754385965,0.9668117519042437
0.3532695374800638,0.9668117519042437
0.3534688995215311,0.9668117519042437
0.3536682615629984,0.9668117519042437
0.3538676236044657,0.9668117519042437
0.35406698564593303,0.9668117519042437
0.35426634768740034,0.9668117519042437
0.35426634768740034,0.9663409337676439
0.35446570972886765,0.9663409337676439
0.3546650717703349,0.9663409337676439
0.3548644338118022,0.9663409337676439
0.3548644338118022,0.9660010793308149
0.3550637958532695,0.9660010793308149
0.35526315789473684,0.9660010793308149
0.35546251993620415,0.9660010793308149
0.35566188197767146,0.9660010793308149
0.35586124401913877,0.9660010793308149
0.3560606060606061,0.9660010793308149
0.3562599681020734,0.9660010793308149
0.35645933014354064,0.9660010793308149
0.35665869218500795,0.9660010793308149
0.35685805422647526,0.9660010793308149
0.35685805422647526,0.9654986522911051
0.3570574162679426,0.9654986522911051
0.3570574162679426,0.9652592196686264
0.3572567783094099,0.9652592196686264
0.3574561403508772,0.9652592196686264
0.3576555023923445,0.9652592196686264
0.3578548644338118,0.9652592196686264
0.3580542264752791,0.9652592196686264
0.35825358851674644,0.9652592196686264
0.3584529505582137,0.9652592196686264
0.358652312599681,0.9652592196686264
0.3588516746411483,0.9652592196686264
0.3590510366826156,0.9652592196686264
0.35925039872408293,0.9652592196686264
0.35944976076555024,0.9652592196686264
0.35964912280701755,0.9652592196686264
0.35984848484848486,0.9652592196686264
0.36004784688995217,0.9652592196686264
0.36004784688995217,0.9649122807017544
0.3602472089314195,0.9649122807017544
0.36044657097288674,0.9649122807017544
0.36064593301435405,0.9649122807017544
0.36084529505582136,0.9649122807017544
0.36104465709728867,0.9649122807017544
0.361244019138756,0.9649122807017544
0.3614433811802233,0.9649122807017544
0.3616427432216906,0.9649122807017544
0.3618421052631579,0.9649122807017544
0.3618421052631579,0.9646437994722955
0.3620414673046252,0.9646437994722955
0.36224082934609253,0.9646437994722955
0.3624401913875598,0.9646437994722955
0.3626395534290271,0.9646437994722955
0.3628389154704944,0.9646437994722955
0.3630382775119617,0.9646437994722955
0.363237639553429,0.9646437994722955
0.36343700159489634,0.9646437994722955
0.36363636363636365,0.9646437994722955
0.36383572567783096,0.9646437994722955
0.36403508771929827,0.9646437994722955
0.3642344497607656,0.9646437994722955
0.36443381180223283,0.9646437994722955
0.36443381180223283,0.9643418982695333
0.36463317384370014,0.9643418982695333
0.36483253588516745,0.9643418982695333
0.36503189792663476,0.9643418982695333
0.3652312599681021,0.9643418982695333
0.3654306220095694,0.9643418982695333
0.3656299840510367,0.9643418982695333
0.365829346092504,0.9643418982695333
0.3660287081339713,0.9643418982695333
0.36622807017543857,0.9643418982695333
0.3664274322169059,0.9643418982695333
0.3666267942583732,0.9643418982695333
0.3666267942583732,0.9640998959417274
0.3668261562998405,0.9640998959417274
0.3670255183413078,0.9640998959417274
0.3672248803827751,0.9640998959417274
0.36742424242424243,0.9640998959417274
0.36762360446570974,0.9640998959417274
0.36782296650717705,0.9640998959417274
0.36802232854864436,0.9640998959417274
0.3682216905901116,0.9640998959417274
0.3684210526315789,0.9640998959417274
0.36862041467304624,0.9640998959417274
0.36881977671451355,0.9640998959417274
0.36901913875598086,0.9640998959417274
0.36921850079744817,0.9640998959417274
0.3694178628389155,0.9640998959417274
0.3694178628389155,0.9636929460580913
0.3696172248803828,0.9636929460580913
0.3698165869218501,0.9636929460580913
0.3700159489633174,0.9636929460580913
0.37021531100478466,0.9636929460580913
0.370414673046252,0.9636929460580913
0.370414673046252,0.9635710620831196
0.3706140350877193,0.9635710620831196
0.3708133971291866,0.9635710620831196
0.3710127591706539,0.9635710620831196
0.3712121212121212,0.9635710620831196
0.3714114832535885,0.9635710620831196
0.37161084529505584,0.9635710620831196
0.37181020733652315,0.9635710620831196
0.37200956937799046,0.9635710620831196
0.3722089314194577,0.9635710620831196
0.372408293460925,0.9635710620831196
0.37260765550239233,0.9635710620831196
0.37280701754385964,0.9635710620831196
0.37300637958532695,0.9635710620831196
0.37320574162679426,0.9635710620831196
0.3734051036682616,0.9635710620831196
0.3736044657097289,0.9635710620831196
0.3738038277511962,0.9635710620831196
0.3740031897926635,0.9635710620831196
0.37420255183413076,0.9635710620831196
0.37440191387559807,0.9635710620831196
0.37440191387559807,0.9631499242806664
0.3746012759170654,0.9631499242806664
0.3748006379585327,0.9631499242806664
0.3748006379585327,0.9631499242806664
0.375,0.9631499242806664
0.3751993620414673,0.9631499242806664
0.3753987240829346,0.9631499242806664
0.37559808612440193,0.9631499242806664
0.37579744816586924,0.9631499242806664
0.3759968102073365,0.9631499242806664
0.3761961722488038,0.9631499242806664
0.3763955342902711,0.9631499242806664
0.3765948963317384,0.9631499242806664
0.37679425837320574,0.9631499242806664
0.37699362041467305,0.9631499242806664
0.37719298245614036,0.9631499242806664
0.37739234449760767,0.9631499242806664
0.377591706539075,0.9631499242806664
0.3777910685805423,0.9631499242806664
0.37799043062200954,0.9631499242806664
0.37818979266347685,0.9631499242806664
0.37838915470494416,0.9631499242806664
0.3785885167464115,0.9631499242806664
0.3787878787878788,0.9631499242806664
0.3789872408293461,0.9631499242806664
0.3791866028708134,0.9631499242806664
0.3793859649122807,0.9631499242806664
0.379585326953748,0.9631499242806664
0.37978468899521534,0.9631499242806664
0.3799840510366826,0.9631499242806664
0.3801834130781499,0.9631499242806664
0.3803827751196172,0.9631499242806664
0.3803827751196172,0.9626639757820383
0.3803827751196172,0.9621975806451613
0.3805821371610845,0.9621975806451613
0.3805821371610845,0.962037962037962
0.38078149920255183,0.962037962037962
0.38098086124401914,0.962037962037962
0.38118022328548645,0.962037962037962
0.38137958532695376,0.962037962037962
0.3815789473684211,0.962037962037962
0.3817783094098884,0.962037962037962
0.38197767145135564,0.962037962037962
0.38217703349282295,0.962037962037962
0.38237639553429026,0.962037962037962
0.38257575757575757,0.962037962037962
0.3827751196172249,0.962037962037962
0.3829744816586922,0.962037962037962
0.3831738437001595,0.962037962037962
0.3833732057416268,0.962037962037962
0.3835725677830941,0.962037962037962
0.38377192982456143,0.962037962037962
0.3839712918660287,0.962037962037962
0.3839712918660287,0.961824491819534
0.384170653907496,0.961824491819534
0.3843700159489633,0.961824491819534
0.3845693779904306,0.961824491819534
0.3847687400318979,0.961824491819534
0.38496810207336524,0.961824491819534
0.38516746411483255,0.961824491819534
0.38536682615629986,0.961824491819534
0.38556618819776717,0.961824491819534
0.3857655502392344,0.961824491819534
0.38596491228070173,0.961824491819534
0.38616427432216904,0.961824491819534
0.38636363636363635,0.961824491819534
0.38656299840510366,0.961824491819534
0.386762360446571,0.961824491819534
0.386762360446571,0.9614434008897677
0.3869617224880383,0.9614434008897677
0.3871610845295056,0.9614434008897677
0.3873604465709729,0.9614434008897677
0.3875598086124402,0.9614434008897677
0.38775917065390747,0.9614434008897677
0.38775917065390747,0.9611793611793612
0.3879585326953748,0.9611793611793612
0.3881578947368421,0.9611793611793612
0.3883572567783094,0.9611793611793612
0.3885566188197767,0.9611793611793612
0.388755980861244,0.9611793611793612
0.38895534290271133,0.9611793611793612
0.38915470494417864,0.9611793611793612
0.38935406698564595,0.9611793611793612
0.38955342902711326,0.9611793611793612
0.3897527910685805,0.9611793611793612
0.38995215311004783,0.9611793611793612
0.38995215311004783,0.9608035276825085
0.39015151515151514,0.9608035276825085
0.39035087719298245,0.9608035276825085
0.39055023923444976,0.9608035276825085
0.39074960127591707,0.9608035276825085
0.3909489633173844,0.9608035276825085
0.3909489633173844,0.9604878048780487
0.3911483253588517,0.9604878048780487
0.391347687400319,0.9604878048780487
0.3915470494417863,0.9604878048780487
0.39174641148325356,0.9604878048780487
0.3919457735247209,0.9604878048780487
0.3921451355661882,0.9604878048780487
0.3923444976076555,0.9604878048780487
0.3925438596491228,0.9604878048780487
0.3925438596491228,0.9600778967867576
0.3927432216905901,0.9600778967867576
0.3929425837320574,0.9600778967867576
0.39314194577352474,0.9600778967867576
0.39314194577352474,0.9597282872392042
0.39334130781499205,0.9597282872392042
0.39354066985645936,0.9597282872392042
0.3937400318979266,0.9597282872392042
0.3939393939393939,0.9597282872392042
0.39413875598086123,0.9597282872392042
0.39433811802232854,0.9597282872392042
0.39433811802232854,0.9593220338983051
0.39453748006379585,0.9593220338983051
0.39473684210526316,0.9593220338983051
0.3949362041467305,0.9593220338983051
0.3949362041467305,0.9588974854932302
0.3951355661881978,0.9588974854932302
0.3953349282296651,0.9588974854932302
0.3953349282296651,0.9588122605363985
0.39553429027113235,0.9588122605363985
0.39573365231259966,0.9588122605363985
0.39593301435406697,0.9588122605363985
0.3961323763955343,0.9588122605363985
0.3963317384370016,0.9588122605363985
0.3965311004784689,0.9588122605363985
0.3967304625199362,0.9588122605363985
0.3969298245614035,0.9588122605363985
0.39712918660287083,0.9588122605363985
0.39732854864433814,0.9588122605363985
0.3975279106858054,0.9588122605363985
0.3977272727272727,0.9588122605363985
0.39792663476874,0.9588122605363985
0.3981259968102073,0.9588122605363985
0.39832535885167464,0.9588122605363985
0.39852472089314195,0.9588122605363985
0.39872408293460926,0.9588122605363985
0.39892344497607657,0.9588122605363985
0.3991228070175439,0.9588122605363985
0.3991228070175439,0.9584130019120459
0.3993221690590112,0.9584130019120459
0.39952153110047844,0.9584130019120459
0.39972089314194575,0.9584130019120459
0.39972089314194575,0.9580152671755725
0.39992025518341306,0.9580152671755725
0.4001196172248804,0.9580152671755725
0.4003189792663477,0.9580152671755725
0.4003189792663477,0.9575988565983802
0.400518341307815,0.9575988565983802
0.4007177033492823,0.9575988565983802
0.4007177033492823,0.957163255592575
0.4009170653907496,0.957163255592575
0.4009170653907496,0.956953642384106
0.4011164274322169,0.956953642384106
0.40131578947368424,0.956953642384106
0.4015151515151515,0.956953642384106
0.4017145135566188,0.956953642384106
0.4019138755980861,0.956953642384106
0.4021132376395534,0.956953642384106
0.40231259968102073,0.956953642384106
0.40251196172248804,0.956953642384106
0.40271132376395535,0.956953642384106
0.40291068580542266,0.956953642384106
0.40311004784689,0.956953642384106
0.4033094098883573,0.956953642384106
0.4033094098883573,0.9565832940066069
0.40350877192982454,0.9565832940066069
0.40370813397129185,0.9565832940066069
0.40390749601275916,0.9565832940066069
0.40410685805422647,0.9565832940066069
0.40410685805422647,0.9563789868667918
0.4043062200956938,0.9563789868667918
0.4045055821371611,0.9563789868667918
0.4047049441786284,0.9563789868667918
0.4049043062200957,0.9563789868667918
0.405103668261563,0.9563789868667918
0.4053030303030303,0.9563789868667918
0.4055023923444976,0.9563789868667918
0.4057017543859649,0.9563789868667918
0.4059011164274322,0.9563789868667918
0.4061004784688995,0.9563789868667918
0.4062998405103668,0.9563789868667918
0.40649920255183414,0.9563789868667918
0.40649920255183414,0.9562179785747554
0.40669856459330145,0.9562179785747554
0.40689792663476876,0.9562179785747554
0.40709728867623607,0.9562179785747554
0.4072966507177033,0.9562179785747554
0.40749601275917063,0.9562179785747554
0.40769537480063794,0.9562179785747554
0.40789473684210525,0.9562179785747554
0.40809409888357256,0.9562179785747554
0.4082934609250399,0.9562179785747554
0.4084928229665072,0.9562179785747554
0.4086921850079745,0.9562179785747554
0.4088915470494418,0.9562179785747554
0.4090909090909091,0.9562179785747554
0.40929027113237637,0.9562179785747554
0.40929027113237637,0.9558011049723757
0.40929027113237637,0.9558011049723757
0.4094896331738437,0.9558011049723757
0.409688995215311,0.9558011049723757
0.4098883572567783,0.9558011049723757
0.4100877192982456,0.9558011049723757
0.4102870813397129,0.9558011049723757
0.41048644338118023,0.9558011049723757
0.41068580542264754,0.9558011049723757
0.41088516746411485,0.9558011049723757
0.41108452950558216,0.9558011049723757
0.4112838915470494,0.9558011049723757
0.41148325358851673,0.9558011049723757
0.41168261562998404,0.9558011049723757
0.41188197767145135,0.9558011049723757
0.41208133971291866,0.9558011049723757
0.41228070175438597,0.9558011049723757
0.4124800637958533,0.9558011049723757
0.4126794258373206,0.9558011049723757
0.4128787878787879,0.9558011049723757
0.4130781499202552,0.9558011049723757
0.41327751196172247,0.9558011049723757
0.4134768740031898,0.9558011049723757
0.4136762360446571,0.9558011049723757
0.4138755980861244,0.9558011049723757
0.4138755980861244,0.9554432705558108
0.4140749601275917,0.9554432705558108
0.414274322169059,0.9554432705558108
0.4144736842105263,0.9554432705558108
0.41467304625199364,0.9554432705558108
0.41467304625199364,0.9551223934723482
0.41487240829346095,0.9551223934723482
0.4150717703349282,0.9551223934723482
0.4150717703349282,0.9551223934723482
0.4152711323763955,0.9551223934723482
0.4154704944178628,0.9551223934723482
0.41566985645933013,0.9551223934723482
0.41586921850079744,0.9551223934723482
0.41606858054226475,0.9551223934723482
0.41626794258373206,0.9551223934723482
0.4164673046251994,0.9551223934723482
0.4166666666666667,0.9551223934723482
0.416866028708134,0.9551223934723482
0.41706539074960125,0.9551223934723482
0.41726475279106856,0.9551223934723482
0.41746411483253587,0.9551223934723482
0.4176634768740032,0.9551223934723482
0.4178628389154705,0.9551223934723482
0.4180622009569378,0.9551223934723482
0.4182615629984051,0.9551223934723482
0.4184609250398724,0.9551223934723482
0.41866028708133973,0.9551223934723482
0.41885964912280704,0.9551223934723482
0.4190590111642743,0.9551223934723482
0.4192583732057416,0.9551223934723482
0.4194577352472089,0.9551223934723482
0.41965709728867623,0.9551223934723482
0.41985645933014354,0.9551223934723482
0.42005582137161085,0.9551223934723482
0.42005582137161085,0.9547511312217195
0.42025518341307816,0.9547511312217195
0.42045454545454547,0.9547511312217195
0.4206539074960128,0.9547511312217195
0.4206539074960128,0.9545045045045045
0.4208532695374801,0.9545045045045045
0.42105263157894735,0.9545045045045045
0.42125199362041466,0.9545045045045045
0.42145135566188197,0.9545045045045045
0.4216507177033493,0.9545045045045045
0.4218500797448166,0.9545045045045045
0.4220494417862839,0.9545045045045045
0.4222488038277512,0.9545045045045045
0.4224481658692185,0.9545045045045045
0.4224481658692185,0.9542600896860987
0.4226475279106858,0.9542600896860987
0.42284688995215314,0.9542600896860987
0.4230462519936204,0.9542600896860987
0.4232456140350877,0.9542600896860987
0.423444976076555,0.9542600896860987
0.4236443381180223,0.9542600896860987
0.42384370015948963,0.9542600896860987
0.42404306220095694,0.9542600896860987
0.42424242424242425,0.9542600896860987
0.42424242424242425,0.953956191327671
0.42444178628389156,0.953956191327671
0.4246411483253589,0.953956191327671
0.42484051036682613,0.953956191327671
0.42503987240829344,0.953956191327671
0.42523923444976075,0.953956191327671
0.42543859649122806,0.953956191327671
0.42543859649122806,0.9538258575197889
0.42563795853269537,0.9538258575197889
0.4258373205741627,0.9538258575197889
0.42603668261563,0.9538258575197889
0.4262360446570973,0.9538258575197889
0.4262360446570973,0.9538258575197889
0.4264354066985646,0.9538258575197889
0.4266347687400319,0.9538258575197889
0.4268341307814992,0.9538258575197889
0.4270334928229665,0.9538258575197889
0.4272328548644338,0.9538258575197889
0.4274322169059011,0.9538258575197889
0.4276315789473684,0.9538258575197889
0.42783094098883573,0.9538258575197889
0.42803030303030304,0.9538258575197889
0.42822966507177035,0.9538258575197889
0.42842902711323766,0.9538258575197889
0.42862838915470497,0.9538258575197889
0.4288277511961722,0.9538258575197889
0.42902711323763953,0.9538258575197889
0.42922647527910684,0.9538258575197889
0.42942583732057416,0.9538258575197889
0.42962519936204147,0.9538258575197889
0.4298245614035088,0.9538258575197889
0.4300239234449761,0.9538258575197889
0.4302232854864434,0.9538258575197889
0.4304226475279107,0.9538258575197889
0.430622009569378,0.9538258575197889
0.43082137161084527,0.9538258575197889
0.4310207336523126,0.9538258575197889
0.4312200956937799,0.9538258575197889
0.4314194577352472,0.9538258575197889
0.4316188197767145,0.9538258575197889
0.4318181818181818,0.9538258575197889
0.43201754385964913,0.9538258575197889
0.43221690590111644,0.9538258575197889
0.43241626794258375,0.9538258575197889
0.43241626794258375,0.9535291538798772
0.43261562998405106,0.9535291538798772
0.4328149920255183,0.9535291538798772
0.43301435406698563,0.9535291538798772
0.43321371610845294,0.9535291538798772
0.43341307814992025,0.9535291538798772
0.43361244019138756,0.9535291538798772
0.43361244019138756,0.9531113058720421
0.43361244019138756,0.9527352297592998
0.43381180223285487,0.9527352297592998
0.4340111642743222,0.9527352297592998
0.4340111642743222,0.9524225229157574
0.4342105263157895,0.9524225229157574
0.4344098883572568,0.9524225229157574
0.43460925039872406,0.9524225229157574
0.43480861244019137,0.9524225229157574
0.4350079744816587,0.9524225229157574
0.4350079744816587,0.9520069808027923
0.4350079744816587,0.9519688446559931
0.435207336523126,0.9519688446559931
0.4354066985645933,0.9519688446559931
0.4356060606060606,0.9519688446559931
0.4358054226475279,0.9519688446559931
0.43600478468899523,0.9519688446559931
0.43620414673046254,0.9519688446559931
0.43640350877192985,0.9519688446559931
0.4366028708133971,0.9519688446559931
0.4368022328548644,0.9519688446559931
0.4370015948963317,0.9519688446559931
0.43720095693779903,0.9519688446559931
0.43740031897926634,0.9519688446559931
0.43759968102073366,0.9519688446559931
0.43779904306220097,0.9519688446559931
0.4379984051036683,0.9519688446559931
0.4381977671451356,0.9519688446559931
0.4383971291866029,0.9519688446559931
0.43859649122807015,0.9519688446559931
0.43859649122807015,0.9515570934256056
0.43859649122807015,0.9515021459227467
0.43879585326953746,0.9515021459227467
0.43899521531100477,0.9515021459227467
0.4391945773524721,0.9515021459227467
0.4393939393939394,0.9515021459227467
0.4395933014354067,0.9515021459227467
0.439792663476874,0.9515021459227467
0.4399920255183413,0.9515021459227467
0.44019138755980863,0.9515021459227467
0.44039074960127594,0.9515021459227467
0.4405901116427432,0.9515021459227467
0.4407894736842105,0.9515021459227467
0.4409888357256778,0.9515021459227467
0.44118819776714513,0.9515021459227467
0.44138755980861244,0.9515021459227467
0.44158692185007975,0.9515021459227467
0.44178628389154706,0.9515021459227467
0.44198564593301437,0.9515021459227467
0.44198564593301437,0.9511777301927195
0.4421850079744817,0.9511777301927195
0.44238437001594894,0.9511777301927195
0.44258373205741625,0.9511777301927195
0.44278309409888356,0.9511777301927195
0.44278309409888356,0.9508336896109448
0.44298245614035087,0.9508336896109448
0.4431818181818182,0.9508336896109448
0.4433811802232855,0.9508336896109448
0.4433811802232855,0.9506120726044744
0.4435805422647528,0.9506120726044744
0.4437799043062201,0.9506120726044744
0.4439792663476874,0.9506120726044744
0.44417862838915473,0.9506120726044744
0.44417862838915473,0.9506120726044744
0.444377990430622,0.9506120726044744
0.4445773524720893,0.9506120726044744
0.4447767145135566,0.9506120726044744
0.4449760765550239,0.9506120726044744
0.4451754385964912,0.9506120726044744
0.44537480063795853,0.9506120726044744
0.44557416267942584,0.9506120726044744
0.44577352472089316,0.9506120726044744
0.44597288676236047,0.9506120726044744
0.4461722488038278,0.9506120726044744
0.44637161084529503,0.9506120726044744
0.44657097288676234,0.9506120726044744
0.44677033492822965,0.9506120726044744
0.44696969696969696,0.9506120726044744
0.44716905901116427,0.9506120726044744
0.4473684210526316,0.9506120726044744
0.4475677830940989,0.9506120726044744
0.4477671451355662,0.9506120726044744
0.4479665071770335,0.9506120726044744
0.4481658692185008,0.9506120726044744
0.4483652312599681,0.9506120726044744
0.4485645933014354,0.9506120726044744
0.4487639553429027,0.9506120726044744
0.44896331738437,0.9506120726044744
0.44896331738437,0.9503784693019344
0.4491626794258373,0.9503784693019344
0.44936204146730463,0.9503784693019344
0.44956140350877194,0.9503784693019344
0.44976076555023925,0.9503784693019344
0.44996012759170656,0.9503784693019344
0.45015948963317387,0.9503784693019344
0.4503588516746411,0.9503784693019344
0.45055821371610844,0.9503784693019344
0.45055821371610844,0.9500419815281276
0.45075757575757575,0.9500419815281276
0.45095693779904306,0.9500419815281276
0.45115629984051037,0.9500419815281276
0.45115629984051037,0.9496433067561897
0.45115629984051037,0.9493087557603687
0.4513556618819777,0.9493087557603687
0.451555023923445,0.9493087557603687
0.4517543859649123,0.9493087557603687
0.4517543859649123,0.9490605427974947
0.4519537480063796,0.9490605427974947
0.45215311004784686,0.9490605427974947
0.4523524720893142,0.9490605427974947
0.4525518341307815,0.9490605427974947
0.4527511961722488,0.9490605427974947
0.4529505582137161,0.9490605427974947
0.4531499202551834,0.9490605427974947
0.4531499202551834,0.9488990444536768
0.4533492822966507,0.9488990444536768
0.45354864433811803,0.9488990444536768
0.45374800637958534,0.9488990444536768
0.45394736842105265,0.9488990444536768
0.4541467304625199,0.9488990444536768
0.4543460925039872,0.9488990444536768
0.45454545454545453,0.9488990444536768
0.45474481658692184,0.9488990444536768
0.45494417862838915,0.9488990444536768
0.45514354066985646,0.9488990444536768
0.45534290271132377,0.9488990444536768
0.45534290271132377,0.9486754966887417
0.4555422647527911,0.9486754966887417
0.4557416267942584,0.9486754966887417
0.4559409888357257,0.9486754966887417
0.45614035087719296,0.9486754966887417
0.45633971291866027,0.9486754966887417
0.4565390749601276,0.9486754966887417
0.4567384370015949,0.9486754966887417
0.4569377990430622,0.9486754966887417
0.4569377990430622,0.9483684427922346
0.4571371610845295,0.9483684427922346
0.4573365231259968,0.9483684427922346
0.45753588516746413,0.9483684427922346
0.45773524720893144,0.9483684427922346
0.45773524720893144,0.9479768786127167
0.45773524720893144,0.9476504534212696
0.45793460925039875,0.9476504534212696
0.458133971291866,0.9476504534212696
0.4583333333333333,0.9476504534212696
0.4583333333333333,0.9472599917593737
0.4583333333333333,0.947000821692687
0.4585326953748006,0.947000821692687
0.45873205741626794,0.947000821692687
0.45893141945773525,0.947000821692687
0.45913078149920256,0.947000821692687
0.45933014354066987,0.947000821692687
0.4595295055821372,0.947000821692687
0.4595295055821372,0.9466994669946699
0.4597288676236045,0.9466994669946699
0.4599282296650718,0.9466994669946699
0.46012759170653905,0.9466994669946699
0.46032695374800636,0.9466994669946699
0.46032695374800636,0.946530612244898
0.4605263157894737,0.946530612244898
0.460725677830941,0.946530612244898
0.4609250398724083,0.946530612244898
0.4611244019138756,0.946530612244898
0.4613237639553429,0.946530612244898
0.4615231259968102,0.946530612244898
0.46172248803827753,0.946530612244898
0.4619218500797448,0.946530612244898
0.4621212121212121,0.946530612244898
0.4623205741626794,0.946530612244898
0.4623205741626794,0.9461663947797716
0.4625199362041467,0.9461663947797716
0.4625199362041467,0.9458027709861451
0.46271929824561403,0.9458027709861451
0.46271929824561403,0.9454397394136808
0.46291866028708134,0.9454397394136808
0.46291866028708134,0.945321992709599
0.46311802232854865,0.945321992709599
0.46331738437001596,0.945321992709599
0.46351674641148327,0.945321992709599
0.4637161084529506,0.945321992709599
0.46391547049441784,0.945321992709599
0.46411483253588515,0.945321992709599
0.46431419457735246,0.945321992709599
0.46451355661881977,0.945321992709599
0.4647129186602871,0.945321992709599
0.4649122807017544,0.945321992709599
0.4651116427432217,0.945321992709599
0.465311004784689,0.945321992709599
0.465311004784689,0.945050505050505
0.4655103668261563,0.945050505050505
0.46570972886762363,0.945050505050505
0.4659090909090909,0.945050505050505
0.4661084529505582,0.945050505050505
0.4663078149920255,0.945050505050505
0.4663078149920255,0.9450020072260137
0.4665071770334928,0.9450020072260137
0.4667065390749601,0.9450020072260137
0.46690590111642744,0.9450020072260137
0.46710526315789475,0.9450020072260137
0.46730462519936206,0.9450020072260137
0.46750398724082937,0.9450020072260137
0.4677033492822967,0.9450020072260137
0.46790271132376393,0.9450020072260137
0.46810207336523124,0.9450020072260137
0.46830143540669855,0.9450020072260137
0.46850079744816586,0.9450020072260137
0.4687001594896332,0.9450020072260137
0.4688995215311005,0.9450020072260137
0.4690988835725678,0.9450020072260137
0.4692982456140351,0.9450020072260137
0.4692982456140351,0.944888178913738
0.4694976076555024,0.944888178913738
0.4696969696969697,0.944888178913738
0.469896331738437,0.944888178913738
0.4700956937799043,0.944888178913738
0.4702950558213716,0.944888178913738
0.4704944178628389,0.944888178913738
0.4706937799043062,0.944888178913738
0.47089314194577353,0.944888178913738
0.47109250398724084,0.944888178913738
0.47129186602870815,0.944888178913738
0.47149122807017546,0.944888178913738
0.4716905901116427,0.944888178913738
0.4716905901116427,0.9447535771065183
0.47188995215311,0.9447535771065183
0.47208931419457734,0.9447535771065183
0.47228867623604465,0.9447535771065183
0.47248803827751196,0.9447535771065183
0.47268740031897927,0.9447535771065183
0.4728867623604466,0.9447535771065183
0.4730861244019139,0.9447535771065183
0.4732854864433812,0.9447535771065183
0.4734848484848485,0.9447535771065183
0.47368421052631576,0.9447535771065183
0.4738835725677831,0.9447535771065183
0.4738835725677831,0.9444003177124702
0.4740829346092504,0.9444003177124702
0.4740829346092504,0.944091990483743
0.4742822966507177,0.944091990483743
0.474481658692185,0.944091990483743
0.4746810207336523,0.944091990483743
0.4746810207336523,0.9438956934018174
0.4748803827751196,0.9438956934018174
0.47507974481658694,0.9438956934018174
0.47527910685805425,0.9438956934018174
0.47547846889952156,0.9438956934018174
0.4756778309409888,0.9438956934018174
0.4758771929824561,0.9438956934018174
0.47607655502392343,0.9438956934018174
0.47627591706539074,0.9438956934018174
0.47627591706539074,0.9435452033162258
0.47647527910685805,0.9435452033162258
0.47647527910685805,0.9431728492501973
0.47647527910685805,0.9431464174454829
0.47667464114832536,0.9431464174454829
0.4768740031897927,0.9431464174454829
0.47707336523126,0.9431464174454829
0.4772727272727273,0.9431464174454829
0.4774720893141946,0.9431464174454829
0.47767145135566186,0.9431464174454829
0.47787081339712917,0.9431464174454829
0.4780701754385965,0.9431464174454829
0.4782695374800638,0.9431464174454829
0.4784688995215311,0.9431464174454829
0.4786682615629984,0.9431464174454829
0.4788676236044657,0.9431464174454829
0.47906698564593303,0.9431464174454829
0.47906698564593303,0.9431464174454829
0.47926634768740034,0.9431464174454829
0.47946570972886765,0.9431464174454829
0.4796650717703349,0.9431464174454829
0.4798644338118022,0.9431464174454829
0.4800637958532695,0.9431464174454829
0.48026315789473684,0.9431464174454829
0.48046251993620415,0.9431464174454829
0.48066188197767146,0.9431464174454829
0.48086124401913877,0.9431464174454829
0.4810606060606061,0.9431464174454829
0.4812599681020734,0.9431464174454829
0.48145933014354064,0.9431464174454829
0.48165869218500795,0.9431464174454829
0.48185805422647526,0.9431464174454829
0.4820574162679426,0.9431464174454829
0.4822567783094099,0.9431464174454829
0.4824561403508772,0.9431464174454829
0.4826555023923445,0.9431464174454829
0.4828548644338118,0.9431464174454829
0.4828548644338118,0.9428015564202334
0.4830542264752791,0.9428015564202334
0.4830542264752791,0.9426356589147287
0.48325358851674644,0.9426356589147287
0.4834529505582137,0.9426356589147287
0.483652312599681,0.9426356589147287
0.4838516746411483,0.9426356589147287
0.4840510366826156,0.9426356589147287
0.48425039872408293,0.9426356589147287
0.48444976076555024,0.9426356589147287
0.48464912280701755,0.9426356589147287
0.48484848484848486,0.9426356589147287
0.48484848484848486,0.9422704378148005
0.48484848484848486,0.9422632794457275
0.48504784688995217,0.9422632794457275
0.4852472089314195,0.9422632794457275
0.48544657097288674,0.9422632794457275
0.48564593301435405,0.9422632794457275
0.48584529505582136,0.9422632794457275
0.48604465709728867,0.9422632794457275
0.486244019138756,0.9422632794457275
0.4864433811802233,0.9422632794457275
0.4866427432216906,0.9422632794457275
0.4868421052631579,0.9422632794457275
0.4870414673046252,0.9422632794457275
0.48724082934609253,0.9422632794457275
0.4874401913875598,0.9422632794457275
0.4876395534290271,0.9422632794457275
0.4878389154704944,0.9422632794457275
0.4880382775119617,0.9422632794457275
0.4880382775119617,0.941900731050404
0.4880382775119617,0.9417401303181295
0.488237639553429,0.9417401303181295
0.48843700159489634,0.9417401303181295
0.48863636363636365,0.9417401303181295
0.48883572567783096,0.9417401303181295
0.48903508771929827,0.9417401303181295
0.4892344497607656,0.9417401303181295
0.48943381180223283,0.9417401303181295
0.48963317384370014,0.9417401303181295
0.48983253588516745,0.9417401303181295
0.48983253588516745,0.9414466130884042
0.49003189792663476,0.9414466130884042
0.4902312599681021,0.9414466130884042
0.4904306220095694,0.9414466130884042
0.4904306220095694,0.9410870391486127
0.4904306220095694,0.9410870391486127
0.4906299840510367,0.9410870391486127
0.490829346092504,0.9410870391486127
0.4910287081339713,0.9410870391486127
0.49122807017543857,0.9410870391486127
0.4914274322169059,0.9410870391486127
0.4916267942583732,0.9410870391486127
0.4918261562998405,0.9410870391486127
0.4920255183413078,0.9410870391486127
0.4922248803827751,0.9410870391486127
0.49242424242424243,0.9410870391486127
0.49262360446570974,0.9410870391486127
0.49282296650717705,0.9410870391486127
0.49302232854864436,0.9410870391486127
0.4932216905901116,0.9410870391486127
0.4934210526315789,0.9410870391486127
0.49362041467304624,0.9410870391486127
0.49362041467304624,0.9407519939232815
0.49381977671451355,0.9407519939232815
0.49381977671451355,0.9405753217259651
0.49401913875598086,0.9405753217259651
0.49421850079744817,0.9405753217259651
0.4944178628389155,0.9405753217259651
0.4946172248803828,0.9405753217259651
0.4948165869218501,0.9405753217259651
0.4950159489633174,0.9405753217259651
0.49521531100478466,0.9405753217259651
0.495414673046252,0.9405753217259651
0.495414673046252,0.9402872260015117
0.4956140350877193,0.9402872260015117
0.4958133971291866,0.9402872260015117
0.4960127591706539,0.9402872260015117
0.4960127591706539,0.9399546827794562
0.4962121212121212,0.9399546827794562
0.4962121212121212,0.9397363465160076
0.4964114832535885,0.9397363465160076
0.49661084529505584,0.9397363465160076
0.49681020733652315,0.9397363465160076
0.49700956937799046,0.9397363465160076
0.4972089314194577,0.9397363465160076
0.497408293460925,0.9397363465160076
0.497408293460925,0.9396743153219838
0.49760765550239233,0.9396743153219838
0.49780701754385964,0.9396743153219838
0.49800637958532695,0.9396743153219838
0.49820574162679426,0.9396743153219838
0.4984051036682616,0.9396743153219838
0.4986044657097289,0.9396743153219838
0.4988038277511962,0.9396743153219838
0.4990031897926635,0.9396743153219838
0.49920255183413076,0.9396743153219838
0.49940191387559807,0.9396743153219838
0.49940191387559807,0.9396743153219838
0.4996012759170654,0.9396743153219838
0.4998006379585327,0.9396743153219838
0.5,0.9396743153219838
0.5001993620414673,0.9396743153219838
0.5003987240829346,0.9396743153219838
0.5005980861244019,0.9396743153219838
0.5007974481658692,0.9396743153219838
0.5009968102073366,0.9396743153219838
0.5011961722488039,0.9396743153219838
0.5011961722488039,0.9396743153219838
0.5013955342902712,0.9396743153219838
0.5015948963317385,0.9396743153219838
0.5017942583732058,0.9396743153219838
0.501993620414673,0.9396743153219838
0.5021929824561403,0.9396743153219838
0.5023923444976076,0.9396743153219838
0.5025917065390749,0.9396743153219838
0.5027910685805422,0.9396743153219838
0.5029904306220095,0.9396743153219838
0.5031897926634769,0.9396743153219838
0.5033891547049442,0.9396743153219838
0.5035885167464115,0.9396743153219838
0.5037878787878788,0.9396743153219838
0.5039872408293461,0.9396743153219838
0.5041866028708134,0.9396743153219838
0.5043859649122807,0.9396743153219838
0.504585326953748,0.9396743153219838
0.5047846889952153,0.9396743153219838
0.5049840510366826,0.9396743153219838
0.50518341307815,0.9396743153219838
0.5053827751196173,0.9396743153219838
0.5055821371610846,0.9396743153219838
0.5057814992025519,0.9396743153219838
0.5059808612440191,0.9396743153219838
0.5061802232854864,0.9396743153219838
0.5061802232854864,0.9393382352941176
0.5061802232854864,0.9393382352941176
0.5063795853269537,0.9393382352941176
0.506578947368421,0.9393382352941176
0.5067783094098883,0.9393382352941176
0.5069776714513556,0.9393382352941176
0.507177033492823,0.9393382352941176
0.5073763955342903,0.9393382352941176
0.5075757575757576,0.9393382352941176
0.5077751196172249,0.9393382352941176
0.5079744816586922,0.9393382352941176
0.5081738437001595,0.9393382352941176
0.5083732057416268,0.9393382352941176
0.5085725677830941,0.9393382352941176
0.5087719298245614,0.9393382352941176
0.5089712918660287,0.9393382352941176
0.509170653907496,0.9393382352941176
0.5093700159489634,0.9393382352941176
0.5093700159489634,0.9389930172730614
0.5093700159489634,0.9387380777696258
0.5095693779904307,0.9387380777696258
0.5097687400318979,0.9387380777696258
0.5099681020733652,0.9387380777696258
0.5101674641148325,0.9387380777696258
0.5101674641148325,0.9383938393839384
0.5101674641148325,0.9380498533724341
0.5101674641148325,0.9377061194576768
0.5101674641148325,0.937522835221045
0.5103668261562998,0.937522835221045
0.5105661881977671,0.937522835221045
0.5107655502392344,0.937522835221045
0.5109649122807017,0.937522835221045
0.511164274322169,0.937522835221045
0.5113636363636364,0.937522835221045
0.5115629984051037,0.937522835221045
0.5115629984051037,0.9373177842565598
0.511762360446571,0.9373177842565598
0.5119617224880383,0.9373177842565598
0.5121610845295056,0.9373177842565598
0.5123604465709729,0.9373177842565598
0.5125598086124402,0.9373177842565598
0.5127591706539075,0.9373177842565598
0.5127591706539075,0.9371137768084333
0.5129585326953748,0.9371137768084333
0.5131578947368421,0.9371137768084333
0.5133572567783095,0.9371137768084333
0.5135566188197768,0.9371137768084333
0.513755980861244,0.9371137768084333
0.5139553429027113,0.9371137768084333
0.5139553429027113,0.9368421052631579
0.5141547049441786,0.9368421052631579
0.5143540669856459,0.9368421052631579
0.5145534290271132,0.9368421052631579
0.5145534290271132,0.9365021770682148
0.5145534290271132,0.9363767074047448
0.5147527910685805,0.9363767074047448
0.5149521531100478,0.9363767074047448
0.5151515151515151,0.9363767074047448
0.5153508771929824,0.9363767074047448
0.5155502392344498,0.9363767074047448
0.5155502392344498,0.9363767074047448
0.5157496012759171,0.9363767074047448
0.5159489633173844,0.9363767074047448
0.5161483253588517,0.9363767074047448
0.516347687400319,0.9363767074047448
0.5165470494417863,0.9363767074047448
0.5167464114832536,0.9363767074047448
0.5169457735247209,0.9363767074047448
0.5171451355661882,0.9363767074047448
0.5173444976076556,0.9363767074047448
0.5175438596491229,0.9363767074047448
0.5177432216905901,0.9363767074047448
0.5179425837320574,0.9363767074047448
0.5181419457735247,0.9363767074047448
0.518341307814992,0.9363767074047448
0.5185406698564593,0.9363767074047448
0.5187400318979266,0.9363767074047448
0.5189393939393939,0.9363767074047448
0.5191387559808612,0.9363767074047448
0.5193381180223285,0.9363767074047448
0.5193381180223285,0.9362235757792906
0.5195374800637959,0.9362235757792906
0.5197368421052632,0.9362235757792906
0.5199362041467305,0.9362235757792906
0.5201355661881978,0.9362235757792906
0.5203349282296651,0.9362235757792906
0.5205342902711324,0.9362235757792906
0.5207336523125997,0.9362235757792906
0.520933014354067,0.9362235757792906
0.520933014354067,0.9359799713876967
0.5211323763955343,0.9359799713876967
0.5213317384370016,0.9359799713876967
0.5215311004784688,0.9359799713876967
0.5217304625199362,0.9359799713876967
0.5217304625199362,0.9356453342867358
0.5217304625199362,0.935380221349518
0.5219298245614035,0.935380221349518
0.5221291866028708,0.935380221349518
0.5223285486443381,0.935380221349518
0.5223285486443381,0.9350463954318344
0.5223285486443381,0.9348522605909576
0.5225279106858054,0.9348522605909576
0.5227272727272727,0.9348522605909576
0.52292663476874,0.9348522605909576
0.5231259968102073,0.9348522605909576
0.5233253588516746,0.9348522605909576
0.523524720893142,0.9348522605909576
0.523524720893142,0.934589406327764
0.5237240829346093,0.934589406327764
0.5239234449760766,0.934589406327764
0.5241228070175439,0.934589406327764
0.5241228070175439,0.9343971631205674
0.5243221690590112,0.9343971631205674
0.5245215311004785,0.9343971631205674
0.5247208931419458,0.9343971631205674
0.5249202551834131,0.9343971631205674
0.5251196172248804,0.9343971631205674
0.5253189792663477,0.9343971631205674
0.5253189792663477,0.9342756183745583
0.5255183413078149,0.9342756183745583
0.5257177033492823,0.9342756183745583
0.5259170653907496,0.9342756183745583
0.5261164274322169,0.9342756183745583
0.5263157894736842,0.9342756183745583
0.5265151515151515,0.9342756183745583
0.5267145135566188,0.9342756183745583
0.5269138755980861,0.9342756183745583
0.5271132376395534,0.9342756183745583
0.5271132376395534,0.934015525758645
0.5273125996810207,0.934015525758645
0.527511961722488,0.934015525758645
0.5277113237639554,0.934015525758645
0.5277113237639554,0.9337561663143058
0.5279106858054227,0.9337561663143058
0.52811004784689,0.9337561663143058
0.5283094098883573,0.9337561663143058
0.5283094098883573,0.9335209285965529
0.5285087719298246,0.9335209285965529
0.5287081339712919,0.9335209285965529
0.5289074960127592,0.9335209285965529
0.5291068580542265,0.9335209285965529
0.5291068580542265,0.9331926863572433
0.5291068580542265,0.9328646748681898
0.5291068580542265,0.9326788218793829
0.5293062200956937,0.9326788218793829
0.529505582137161,0.9326788218793829
0.5297049441786283,0.9326788218793829
0.5299043062200957,0.9326788218793829
0.530103668261563,0.9326788218793829
0.5303030303030303,0.9326788218793829
0.5303030303030303,0.9323519102698914
0.5303030303030303,0.9320252277505255
0.5303030303030303,0.9317943336831059
0.5305023923444976,0.9317943336831059
0.5307017543859649,0.9317943336831059
0.5309011164274322,0.9317943336831059
0.5311004784688995,0.9317943336831059
0.5311004784688995,0.9315642458100558
0.5312998405103668,0.9315642458100558
0.5314992025518341,0.9315642458100558
0.5316985645933014,0.9315642458100558
0.5318979266347688,0.9315642458100558
0.5318979266347688,0.9312630844382415
0.5320972886762361,0.9312630844382415
0.5320972886762361,0.9310104529616725
0.5322966507177034,0.9310104529616725
0.5324960127591707,0.9310104529616725
0.532695374800638,0.9310104529616725
0.532695374800638,0.9307344239470936
0.5328947368421053,0.9307344239470936
0.5330940988835726,0.9307344239470936
0.5330940988835726,0.930410577592206
0.5330940988835726,0.9300869565217391
0.5330940988835726,0.9298854564387365
0.5332934609250398,0.9298854564387365
0.5334928229665071,0.9298854564387365
0.5336921850079744,0.9298854564387365
0.5338915470494418,0.9298854564387365
0.5340909090909091,0.9298854564387365
0.5340909090909091,0.9295628036086051
0.5340909090909091,0.9295093296475466
0.5342902711323764,0.9295093296475466
0.5344896331738437,0.9295093296475466
0.534688995215311,0.9295093296475466
0.5348883572567783,0.9295093296475466
0.5350877192982456,0.9295093296475466
0.5352870813397129,0.9295093296475466
0.5354864433811802,0.9295093296475466
0.5356858054226475,0.9295093296475466
0.5358851674641149,0.9295093296475466
0.5360845295055822,0.9295093296475466
0.5362838915470495,0.9295093296475466
0.5362838915470495,0.9293103448275862
0.5364832535885168,0.9293103448275862
0.5366826156299841,0.9293103448275862
0.5368819776714514,0.9293103448275862
0.5370813397129187,0.9293103448275862
0.5372807017543859,0.9293103448275862
0.5372807017543859,0.9291609353507565
0.5374800637958532,0.9291609353507565
0.5376794258373205,0.9291609353507565
0.5378787878787878,0.9291609353507565
0.5380781499202552,0.9291609353507565
0.5382775119617225,0.9291609353507565
0.5384768740031898,0.9291609353507565
0.5386762360446571,0.9291609353507565
0.5386762360446571,0.9289636238846946
0.5388755980861244,0.9289636238846946
0.5390749601275917,0.9289636238846946
0.539274322169059,0.9289636238846946
0.5394736842105263,0.9289636238846946
0.5396730462519936,0.9289636238846946
0.5396730462519936,0.9286694101508917
0.539872408293461,0.9286694101508917
0.539872408293461,0.9284246575342465
0.5400717703349283,0.9284246575342465
0.5402711323763956,0.9284246575342465
0.5404704944178629,0.9284246575342465
0.5404704944178629,0.9281068127353646
0.5404704944178629,0.9278385772913816
0.5406698564593302,0.9278385772913816
0.5408692185007975,0.9278385772913816
0.5408692185007975,0.9277231082456736
0.5408692185007975,0.9277231082456736
0.5410685805422647,0.9277231082456736
0.541267942583732,0.9277231082456736
0.5414673046251993,0.9277231082456736
0.5416666666666666,0.9277231082456736
0.5418660287081339,0.9277231082456736
0.5420653907496013,0.9277231082456736
0.5422647527910686,0.9277231082456736
0.5424641148325359,0.9277231082456736
0.5426634768740032,0.9277231082456736
0.5428628389154705,0.9277231082456736
0.5430622009569378,0.9277231082456736
0.5432615629984051,0.9277231082456736
0.5434609250398724,0.9277231082456736
0.5436602870813397,0.9277231082456736
0.543859649122807,0.9277231082456736
0.5440590111642744,0.9277231082456736
0.5442583732057417,0.9277231082456736
0.544457735247209,0.9277231082456736
0.5446570972886763,0.9277231082456736
0.5448564593301436,0.9277231082456736
0.5450558213716108,0.9277231082456736
0.5450558213716108,0.9277067921990585
0.5452551834130781,0.9277067921990585
0.5454545454545454,0.9277067921990585
0.5456539074960127,0.9277067921990585
0.54585326953748,0.9277067921990585
0.5460526315789473,0.9277067921990585
0.5462519936204147,0.9277067921990585
0.546451355661882,0.9277067921990585
0.546451355661882,0.9277067921990585
0.5466507177033493,0.9277067921990585
0.5468500797448166,0.9277067921990585
0.5470494417862839,0.9277067921990585
0.5472488038277512,0.9277067921990585
0.5474481658692185,0.9277067921990585
0.5476475279106858,0.9277067921990585
0.5478468899521531,0.9277067921990585
0.5480462519936204,0.9277067921990585
0.5482456140350878,0.9277067921990585
0.5484449760765551,0.9277067921990585
0.5486443381180224,0.9277067921990585
0.5488437001594896,0.9277067921990585
0.5490430622009569,0.9277067921990585
0.5492424242424242,0.9277067921990585
0.5494417862838915,0.9277067921990585
0.5496411483253588,0.9277067921990585
0.5498405103668261,0.9277067921990585
0.5500398724082934,0.9277067921990585
0.5500398724082934,0.9274437353039973
0.5502392344497608,0.9274437353039973
0.5504385964912281,0.9274437353039973
0.5504385964912281,0.9272788203753352
0.5506379585326954,0.9272788203753352
0.5508373205741627,0.9272788203753352
0.55103668261563,0.9272788203753352
0.5512360446570973,0.9272788203753352
0.5514354066985646,0.9272788203753352
0.5516347687400319,0.9272788203753352
0.5516347687400319,0.9271633812228534
0.5518341307814992,0.9271633812228534
0.5520334928229665,0.9271633812228534
0.5522328548644339,0.9271633812228534
0.5524322169059012,0.9271633812228534
0.5526315789473685,0.9271633812228534
0.5528309409888357,0.9271633812228534
0.553030303030303,0.9271633812228534
0.5532296650717703,0.9271633812228534
0.5532296650717703,0.9268537074148296
0.5532296650717703,0.9265442404006677
0.5532296650717703,0.926480372588157
0.5534290271132376,0.926480372588157
0.5536283891547049,0.926480372588157
0.5538277511961722,0.926480372588157
0.5540271132376395,0.926480372588157
0.5542264752791068,0.926480372588157
0.5544258373205742,0.926480372588157
0.5546251993620415,0.926480372588157
0.5548245614035088,0.926480372588157
0.5550239234449761,0.926480372588157
0.5552232854864434,0.926480372588157
0.5552232854864434,0.9262213359920239
0.5554226475279107,0.9262213359920239
0.555622009569378,0.9262213359920239
0.555622009569378,0.9259873879853966
0.5558213716108453,0.9259873879853966
0.5560207336523126,0.9259873879853966
0.55622009569378,0.9259873879853966
0.55622009569378,0.9257786613651425
0.5564194577352473,0.9257786613651425
0.5566188197767146,0.9257786613651425
0.5568181818181818,0.9257786613651425
0.5570175438596491,0.9257786613651425
0.5570175438596491,0.9255706252067483
0.5572169059011164,0.9255706252067483
0.5574162679425837,0.9255706252067483
0.557615629984051,0.9255706252067483
0.5578149920255183,0.9255706252067483
0.5578149920255183,0.9252645502645502
0.5578149920255183,0.9249586776859504
0.5578149920255183,0.9247524752475248
0.5580143540669856,0.9247524752475248
0.5582137161084529,0.9247524752475248
0.5584130781499203,0.9247524752475248
0.5586124401913876,0.9247524752475248
0.5586124401913876,0.9245220830586685
0.5588118022328549,0.9245220830586685
0.5590111642743222,0.9245220830586685
0.5592105263157895,0.9245220830586685
0.5592105263157895,0.9242174629324547
0.5592105263157895,0.9239130434782609
0.5592105263157895,0.9238345370978333
0.5594098883572568,0.9238345370978333
0.5596092503987241,0.9238345370978333
0.5598086124401914,0.9238345370978333
0.5600079744816587,0.9238345370978333
0.560207336523126,0.9238345370978333
0.5604066985645934,0.9238345370978333
0.5606060606060606,0.9238345370978333
0.5608054226475279,0.9238345370978333
0.5610047846889952,0.9238345370978333
0.5610047846889952,0.9236315961979679
0.5612041467304625,0.9236315961979679
0.5614035087719298,0.9236315961979679
0.5616028708133971,0.9236315961979679
0.5618022328548644,0.9236315961979679
0.5618022328548644,0.9233791748526523
0.5620015948963317,0.9233791748526523
0.562200956937799,0.9233791748526523
0.562200956937799,0.923202614379085
0.5624003189792663,0.923202614379085
0.5625996810207337,0.923202614379085
0.562799043062201,0.923202614379085
0.5629984051036683,0.923202614379085
0.5631977671451356,0.923202614379085
0.5631977671451356,0.9229010127409344
0.5631977671451356,0.9227257906749267
0.5633971291866029,0.9227257906749267
0.5635964912280702,0.9227257906749267
0.5637958532695375,0.9227257906749267
0.5639952153110048,0.9227257906749267
0.5641945773524721,0.9227257906749267
0.5641945773524721,0.9224755700325733
0.5643939393939394,0.9224755700325733
0.5645933014354066,0.9224755700325733
0.5645933014354066,0.9222258379433778
0.564792663476874,0.9222258379433778
0.5649920255183413,0.9222258379433778
0.5649920255183413,0.9219512195121952
0.5651913875598086,0.9219512195121952
0.5651913875598086,0.9218547341115434
0.5653907496012759,0.9218547341115434
0.5655901116427432,0.9218547341115434
0.5657894736842105,0.9218547341115434
0.5659888357256778,0.9218547341115434
0.5661881977671451,0.9218547341115434
0.5663875598086124,0.9218547341115434
0.5665869218500797,0.9218547341115434
0.5667862838915471,0.9218547341115434
0.5667862838915471,0.9216067379332685
0.5669856459330144,0.9216067379332685
0.5671850079744817,0.9216067379332685
0.5671850079744817,0.9213082901554405
0.5671850079744817,0.9210611452604335
0.567384370015949,0.9210611452604335
0.5675837320574163,0.9210611452604335
0.5675837320574163,0.9207632600258733
0.5675837320574163,0.9204655674102813
0.5675837320574163,0.92018023817187
0.5675837320574163,0.92018023817187
0.5677830940988836,0.92018023817187
0.5679824561403509,0.92018023817187
0.5681818181818182,0.92018023817187
0.5683811802232854,0.92018023817187
0.5685805422647527,0.92018023817187
0.56877990430622,0.92018023817187
0.5689792663476874,0.92018023817187
0.5691786283891547,0.92018023817187
0.569377990430622,0.92018023817187
0.5695773524720893,0.92018023817187
0.5697767145135566,0.92018023817187
0.5699760765550239,0.92018023817187
0.5699760765550239,0.9199871465295629
0.5701754385964912,0.9199871465295629
0.5703748006379585,0.9199871465295629
0.5705741626794258,0.9199871465295629
0.5707735247208932,0.9199871465295629
0.5707735247208932,0.919794674366378
0.5709728867623605,0.919794674366378
0.5711722488038278,0.919794674366378
0.5713716108452951,0.919794674366378
0.5715709728867624,0.919794674366378
0.5715709728867624,0.9197826781719399
0.5717703349282297,0.9197826781719399
0.571969696969697,0.9197826781719399
0.5721690590111643,0.9197826781719399
0.5723684210526315,0.9197826781719399
0.5725677830940988,0.9197826781719399
0.5727671451355661,0.9197826781719399
0.5729665071770335,0.9197826781719399
0.5731658692185008,0.9197826781719399
0.5733652312599681,0.9197826781719399
0.5735645933014354,0.9197826781719399
0.5737639553429027,0.9197826781719399
0.5737639553429027,0.9195145320983711
0.57396331738437,0.9195145320983711
0.57396331738437,0.9193496971628945
0.5741626794258373,0.9193496971628945
0.5743620414673046,0.9193496971628945
0.5745614035087719,0.9193496971628945
0.5747607655502392,0.9193496971628945
0.5749601275917066,0.9193496971628945
0.5749601275917066,0.9191082802547771
0.5751594896331739,0.9191082802547771
0.5753588516746412,0.9191082802547771
0.5753588516746412,0.9188673242125358
0.5755582137161085,0.9188673242125358
0.5757575757575758,0.9188673242125358
0.5757575757575758,0.9187817258883249
0.5759569377990431,0.9187817258883249
0.5761562998405104,0.9187817258883249
0.5763556618819776,0.9187817258883249
0.5765550239234449,0.9187817258883249
0.5767543859649122,0.9187817258883249
0.5769537480063796,0.9187817258883249
0.5771531100478469,0.9187817258883249
0.5773524720893142,0.9187817258883249
0.5773524720893142,0.9185936015204308
0.5775518341307815,0.9185936015204308
0.5777511961722488,0.9185936015204308
0.5779505582137161,0.9185936015204308
0.5781499202551834,0.9185936015204308
0.5781499202551834,0.9183027232425586
0.5781499202551834,0.91808981657179
0.5783492822966507,0.91808981657179
0.578548644338118,0.91808981657179
0.5787480063795853,0.91808981657179
0.5787480063795853,0.9178255372945638
0.5789473684210527,0.9178255372945638
0.5789473684210527,0.9175876223555415
0.57914673046252,0.9175876223555415
0.5793460925039873,0.9175876223555415
0.5793460925039873,0.9172979797979798
0.5793460925039873,0.9170608640807316
0.5795454545454546,0.9170608640807316
0.5797448165869219,0.9170608640807316
0.5797448165869219,0.9168503937007874
0.5799441786283892,0.9168503937007874
0.5801435406698564,0.9168503937007874
0.5803429027113237,0.9168503937007874
0.5803429027113237,0.9166142227816236
0.580542264752791,0.9166142227816236
0.5807416267942583,0.9166142227816236
0.5807416267942583,0.9163533834586466
0.5809409888357256,0.9163533834586466
0.5809409888357256,0.9163533834586466
0.581140350877193,0.9163533834586466
0.5813397129186603,0.9163533834586466
0.5815390749601276,0.9163533834586466
0.5817384370015949,0.9163533834586466
0.5819377990430622,0.9163533834586466
0.5821371610845295,0.9163533834586466
0.5823365231259968,0.9163533834586466
0.5825358851674641,0.9163533834586466
0.5827352472089314,0.9163533834586466
0.5829346092503987,0.9163533834586466
0.5831339712918661,0.9163533834586466
0.5831339712918661,0.9160663952395866
0.5831339712918661,0.915858617453863
0.5833333333333334,0.915858617453863
0.5835326953748007,0.915858617453863
0.583732057416268,0.915858617453863
0.583732057416268,0.9155722326454033
0.583732057416268,0.9154446177847114
0.5839314194577353,0.9154446177847114
0.5841307814992025,0.9154446177847114
0.5843301435406698,0.9154446177847114
0.5845295055821371,0.9154446177847114
0.5847288676236044,0.9154446177847114
0.5849282296650717,0.9154446177847114
0.5849282296650717,0.9153175591531756
0.585127591706539,0.9153175591531756
0.5853269537480064,0.9153175591531756
0.5855263157894737,0.9153175591531756
0.585725677830941,0.9153175591531756
0.5859250398724083,0.9153175591531756
0.5861244019138756,0.9153175591531756
0.5861244019138756,0.9150591163658992
0.5863237639553429,0.9150591163658992
0.5863237639553429,0.9148009950248757
0.5865231259968102,0.9148009950248757
0.5865231259968102,0.9146227879540515
0.5867224880382775,0.9146227879540515
0.5869218500797448,0.9146227879540515
0.5871212121212122,0.9146227879540515
0.5873205741626795,0.9146227879540515
0.5873205741626795,0.9143654979832454
0.5875199362041468,0.9143654979832454
0.5875199362041468,0.9143561306223044
0.5877192982456141,0.9143561306223044
0.5879186602870813,0.9143561306223044
0.5881180223285486,0.9143561306223044
0.5883173843700159,0.9143561306223044
0.5885167464114832,0.9143561306223044
0.5887161084529505,0.9143561306223044
0.5889154704944178,0.9143561306223044
0.5891148325358851,0.9143561306223044
0.5893141945773525,0.9143561306223044
0.5893141945773525,0.9143561306223044
0.5895135566188198,0.9143561306223044
0.5897129186602871,0.9143561306223044
0.5899122807017544,0.9143561306223044
0.5901116427432217,0.9143561306223044
0.590311004784689,0.9143561306223044
0.5905103668261563,0.9143561306223044
0.5907097288676236,0.9143561306223044
0.5909090909090909,0.9143561306223044
0.5911084529505582,0.9143561306223044
0.5913078149920256,0.9143561306223044
0.5915071770334929,0.9143561306223044
0.5917065390749602,0.9143561306223044
0.5917065390749602,0.9141009852216748
0.5919059011164274,0.9141009852216748
0.5919059011164274,0.9138991389913899
0.5921052631578947,0.9138991389913899
0.592304625199362,0.9138991389913899
0.5925039872408293,0.9138991389913899
0.5925039872408293,0.9136977886977887
0.5927033492822966,0.9136977886977887
0.5929027113237639,0.9136977886977887
0.5931020733652312,0.9136977886977887
0.5931020733652312,0.9135234590616376
0.5933014354066986,0.9135234590616376
0.5935007974481659,0.9135234590616376
0.5937001594896332,0.9135234590616376
0.5938995215311005,0.9135234590616376
0.5938995215311005,0.9134026927784578
0.5940988835725678,0.9134026927784578
0.5942982456140351,0.9134026927784578
0.5944976076555024,0.9134026927784578
0.5946969696969697,0.9134026927784578
0.594896331738437,0.9134026927784578
0.5950956937799043,0.9134026927784578
0.5950956937799043,0.9131763986548456
0.5952950558213717,0.9131763986548456
0.595494417862839,0.9131763986548456
0.595494417862839,0.9130567419158023
0.5956937799043063,0.9130567419158023
0.5958931419457735,0.9130567419158023
0.5960925039872408,0.9130567419158023
0.5962918660287081,0.9130567419158023
0.5964912280701754,0.9130567419158023
0.5966905901116427,0.9130567419158023
0.5966905901116427,0.9127782860628241
0.5966905901116427,0.9125
0.5966905901116427,0.9123020706455542
0.59688995215311,0.9123020706455542
0.5970893141945773,0.9123020706455542
0.5972886762360446,0.9123020706455542
0.5972886762360446,0.9121313469139556
0.597488038277512,0.9121313469139556
0.5976874003189793,0.9121313469139556
0.5978867623604466,0.9121313469139556
0.5980861244019139,0.9121313469139556
0.5980861244019139,0.9118808872683075
0.5982854864433812,0.9118808872683075
0.5982854864433812,0.911630731855451
0.5984848484848485,0.911630731855451
0.5984848484848485,0.9114077669902912
0.5986842105263158,0.9114077669902912
0.5988835725677831,0.9114077669902912
0.5988835725677831,0.9111582777440873
0.5990829346092504,0.9111582777440873
0.5990829346092504,0.9109630526953362
0.5992822966507177,0.9109630526953362
0.5994816586921851,0.9109630526953362
0.5996810207336523,0.9109630526953362
0.5996810207336523,0.9107413010590015
0.5998803827751196,0.9107413010590015
0.6000797448165869,0.9107413010590015
0.6000797448165869,0.9105740181268882
0.6002791068580542,0.9105740181268882
0.6004784688995215,0.9105740181268882
0.6006778309409888,0.9105740181268882
0.6008771929824561,0.9105740181268882
0.6008771929824561,0.9103531542408693
0.6010765550239234,0.9103531542408693
0.6012759170653907,0.9103531542408693
0.6012759170653907,0.9102139198553781
0.601475279106858,0.9102139198553781
0.6016746411483254,0.9102139198553781
0.6018740031897927,0.9102139198553781
0.60207336523126,0.9102139198553781
0.6022727272727273,0.9102139198553781
0.6022727272727273,0.9099939795304034
0.6024720893141946,0.9099939795304034
0.6026714513556619,0.9099939795304034
0.6026714513556619,0.9097201324104724
0.6026714513556619,0.9094464500601684
0.6026714513556619,0.9094452773613193
0.6028708133971292,0.9094452773613193
0.6030701754385965,0.9094452773613193
0.6032695374800638,0.9094452773613193
0.6034688995215312,0.9094452773613193
0.6036682615629984,0.9094452773613193
0.6038676236044657,0.9094452773613193
0.604066985645933,0.9094452773613193
0.6042663476874003,0.9094452773613193
0.6044657097288676,0.9094452773613193
0.6046650717703349,0.9094452773613193
0.6046650717703349,0.9093357271095153
0.6048644338118022,0.9093357271095153
0.6050637958532695,0.9093357271095153
0.6052631578947368,0.9093357271095153
0.6054625199362041,0.9093357271095153
0.6056618819776715,0.9093357271095153
0.6058612440191388,0.9093357271095153
0.6058612440191388,0.9090909090909091
0.6060606060606061,0.9090909090909091
0.6060606060606061,0.9088463837417813
0.6062599681020734,0.9088463837417813
0.6062599681020734,0.9086021505376344
0.6064593301435407,0.9086021505376344
0.6064593301435407,0.9083308450283667
0.6064593301435407,0.9080597014925373
0.6064593301435407,0.9078437220399642
0.606658692185008,0.9078437220399642
0.6068580542264753,0.9078437220399642
0.6068580542264753,0.9077106281631437
0.6070574162679426,0.9077106281631437
0.6072567783094099,0.9077106281631437
0.6074561403508771,0.9077106281631437
0.6076555023923444,0.9077106281631437
0.6078548644338118,0.9077106281631437
0.6078548644338118,0.9074955383700178
0.6080542264752791,0.9074955383700178
0.6082535885167464,0.9074955383700178
0.6082535885167464,0.9073359073359073
0.6084529505582137,0.9073359073359073
0.608652312599681,0.9073359073359073
0.6088516746411483,0.9073359073359073
0.6090510366826156,0.9073359073359073
0.6090510366826156,0.9070665083135392
0.6090510366826156,0.9068801897983393
0.6092503987240829,0.9068801897983393
0.6094497607655502,0.9068801897983393
0.6096491228070176,0.9068801897983393
0.6096491228070176,0.9066113252297658
0.6096491228070176,0.9064535227945529
0.6098484848484849,0.9064535227945529
0.6100478468899522,0.9064535227945529
0.6102472089314195,0.9064535227945529
0.6104465709728868,0.9064535227945529
0.6104465709728868,0.9061852619118083
0.6104465709728868,0.9059171597633137
0.6104465709728868,0.9056771141336487
0.6106459330143541,0.9056771141336487
0.6106459330143541,0.9054093999408809
0.6106459330143541,0.9051825677267373
0.6106459330143541,0.9051825677267373
0.6108452950558214,0.9051825677267373
0.6110446570972887,0.9051825677267373
0.611244019138756,0.9051825677267373
0.6114433811802232,0.9051825677267373
0.6116427432216905,0.9051825677267373
0.6118421052631579,0.9051825677267373
0.6120414673046252,0.9051825677267373
0.6122408293460925,0.9051825677267373
0.6124401913875598,0.9051825677267373
0.6126395534290271,0.9051825677267373
0.6128389154704944,0.9051825677267373
0.6128389154704944,0.9049720506031186
0.6130382775119617,0.9049720506031186
0.613237639553429,0.9049720506031186
0.613237639553429,0.9047058823529411
0.613237639553429,0.9044679600235156
0.6134370015948963,0.9044679600235156
0.6134370015948963,0.9042584434654919
0.6136363636363636,0.9042584434654919
0.613835725677831,0.9042584434654919
0.613835725677831,0.9041055718475073
0.6140350877192983,0.9041055718475073
0.6142344497607656,0.9041055718475073
0.6144338118022329,0.9041055718475073
0.6146331738437002,0.9041055718475073
0.6146331738437002,0.9038968649282156
0.6148325358851675,0.9038968649282156
0.6150318979266348,0.9038968649282156
0.6150318979266348,0.903744880046811
0.6152312599681021,0.903744880046811
0.6154306220095693,0.903744880046811
0.6156299840510366,0.903744880046811
0.615829346092504,0.903744880046811
0.615829346092504,0.9035087719298246
0.6160287081339713,0.9035087719298246
0.6160287081339713,0.9032446653025431
0.6160287081339713,0.9030090563832895
0.6162280701754386,0.9030090563832895
0.6162280701754386,0.9027453271028038
0.6162280701754386,0.9025102159953299
0.6164274322169059,0.9025102159953299
0.6164274322169059,0.902332361516035
0.6166267942583732,0.902332361516035
0.6168261562998405,0.902332361516035
0.6170255183413078,0.902332361516035
0.6170255183413078,0.9020693675313319
0.6170255183413078,0.9018351296242354
0.6172248803827751,0.9018351296242354
0.6172248803827751,0.9016011644832606
0.6174242424242424,0.9016011644832606
0.6174242424242424,0.9014821272885789
0.6176236044657097,0.9014821272885789
0.617822966507177,0.9014821272885789
0.6180223285486444,0.9014821272885789
0.6182216905901117,0.9014821272885789
0.618421052631579,0.9014821272885789
0.618421052631579,0.9014492753623189
0.6186204146730463,0.9014492753623189
0.6188197767145136,0.9014492753623189
0.6190191387559809,0.9014492753623189
0.6192185007974481,0.9014492753623189
0.6194178628389154,0.9014492753623189
0.6196172248803827,0.9014492753623189
0.61981658692185,0.9014492753623189
0.6200159489633174,0.9014492753623189
0.6200159489633174,0.9012738853503185
0.6202153110047847,0.9012738853503185
0.620414673046252,0.9012738853503185
0.6206140350877193,0.9012738853503185
0.6206140350877193,0.9010416666666666
0.6208133971291866,0.9010416666666666
0.6208133971291866,0.9008097165991903
0.6210127591706539,0.9008097165991903
0.6210127591706539,0.900578034682081
0.6212121212121212,0.900578034682081
0.6212121212121212,0.9003178272175671
0.6212121212121212,0.9001154734411085
0.6214114832535885,0.9001154734411085
0.6216108452950558,0.9001154734411085
0.6216108452950558,0.9000288101411696
0.6218102073365231,0.9000288101411696
0.6220095693779905,0.9000288101411696
0.6222089314194578,0.9000288101411696
0.6224082934609251,0.9000288101411696
0.6226076555023924,0.9000288101411696
0.6228070175438597,0.9000288101411696
0.6228070175438597,0.8999424956871765
0.623006379585327,0.8999424956871765
0.6232057416267942,0.8999424956871765
0.6234051036682615,0.8999424956871765
0.6236044657097288,0.8999424956871765
0.6238038277511961,0.8999424956871765
0.6240031897926634,0.8999424956871765
0.6240031897926634,0.8997990238300316
0.6242025518341308,0.8997990238300316
0.6244019138755981,0.8997990238300316
0.6246012759170654,0.8997990238300316
0.6248006379585327,0.8997990238300316
0.6248006379585327,0.8995983935742972
0.625,0.8995983935742972
0.6251993620414673,0.8995983935742972
0.6251993620414673,0.8993404072268426
0.6251993620414673,0.8991404011461318
0.6253987240829346,0.8991404011461318
0.6255980861244019,0.8991404011461318
0.6255980861244019,0.8988828415926668
0.6255980861244019,0.8986254295532646
0.6255980861244019,0.8983681649012311
0.6255980861244019,0.8981693363844394
0.6257974481658692,0.8981693363844394
0.6259968102073366,0.8981693363844394
0.6259968102073366,0.898
0.6261961722488039,0.898
0.6263955342902712,0.898
0.6265948963317385,0.898
0.6265948963317385,0.8977727013135351
0.6267942583732058,0.8977727013135351
0.6267942583732058,0.8975164145018556
0.6267942583732058,0.8972602739726028
0.6267942583732058,0.8970630168234959
0.626993620414673,0.8970630168234959
0.6271929824561403,0.8970630168234959
0.6271929824561403,0.8968072976054732
0.6271929824561403,0.8965811965811966
0.6273923444976076,0.8965811965811966
0.6273923444976076,0.896325833095984
0.6273923444976076,0.8961001992598918
0.6275917065390749,0.8961001992598918
0.6275917065390749,0.8960227272727272
0.6277910685805422,0.8960227272727272
0.6279904306220095,0.8960227272727272
0.6281897926634769,0.8960227272727272
0.6283891547049442,0.8960227272727272
0.6285885167464115,0.8960227272727272
0.6287878787878788,0.8960227272727272
0.6287878787878788,0.8957978421351505
0.6289872408293461,0.8957978421351505
0.6289872408293461,0.8955435708203235
0.6289872408293461,0.8952894438138479
0.6289872408293461,0.895124716553288
0.6291866028708134,0.895124716553288
0.6293859649122807,0.895124716553288
0.629585326953748,0.895124716553288
0.629585326953748,0.8951088493073226
0.6297846889952153,0.8951088493073226
0.6299840510366826,0.8951088493073226
0.63018341307815,0.8951088493073226
0.6303827751196173,0.8951088493073226
0.6305821371610846,0.8951088493073226
0.6307814992025519,0.8951088493073226
0.6309808612440191,0.8951088493073226
0.6311802232854864,0.8951088493073226
0.6311802232854864,0.8949449308105055
0.6313795853269537,0.8949449308105055
0.631578947368421,0.8949449308105055
0.6317783094098883,0.8949449308105055
0.6317783094098883,0.8947813822284908
0.6319776714513556,0.8947813822284908
0.632177033492823,0.8947813822284908
0.6323763955342903,0.8947813822284908
0.6323763955342903,0.89461820231051
0.6325757575757576,0.89461820231051
0.6327751196172249,0.89461820231051
0.6329744816586922,0.89461820231051
0.6329744816586922,0.8943959448042805
0.6331738437001595,0.8943959448042805
0.6331738437001595,0.8941441441441441
0.6331738437001595,0.8939223410241981
0.6333732057416268,0.8939223410241981
0.6333732057416268,0.8937903905591458
0.6335725677830941,0.8937903905591458
0.6337719298245614,0.8937903905591458
0.6339712918660287,0.8937903905591458
0.634170653907496,0.8937903905591458
0.634170653907496,0.8936289643558799
0.6343700159489634,0.8936289643558799
0.6345693779904307,0.8936289643558799
0.6347687400318979,0.8936289643558799
0.6347687400318979,0.8936170212765957
0.6349681020733652,0.8936170212765957
0.6351674641148325,0.8936170212765957
0.6353668261562998,0.8936170212765957
0.6355661881977671,0.8936170212765957
0.6357655502392344,0.8936170212765957
0.6359649122807017,0.8936170212765957
0.636164274322169,0.8936170212765957
0.6363636363636364,0.8936170212765957
0.6363636363636364,0.8933669185558354
0.6363636363636364,0.8931169557918299
0.6363636363636364,0.8928671328671328
0.6363636363636364,0.892707460184409
0.6365629984051037,0.892707460184409
0.636762360446571,0.892707460184409
0.6369617224880383,0.892707460184409
0.6369617224880383,0.8924881318067579
0.6371610845295056,0.8924881318067579
0.6371610845295056,0.8922991071428571
0.6373604465709729,0.8922991071428571
0.6375598086124402,0.8922991071428571
0.6375598086124402,0.8920803123257111
0.6377591706539075,0.8920803123257111
0.6377591706539075,0.8919220055710306
0.6379585326953748,0.8919220055710306
0.6381578947368421,0.8919220055710306
0.6383572567783095,0.8919220055710306
0.6383572567783095,0.8917941585535466
0.6385566188197768,0.8917941585535466
0.638755980861244,0.8917941585535466
0.6389553429027113,0.8917941585535466
0.6391547049441786,0.8917941585535466
0.6391547049441786,0.8916064480266815
0.6393540669856459,0.8916064480266815
0.6395534290271132,0.8916064480266815
0.6395534290271132,0.8914793227865667
0.6397527910685805,0.8914793227865667
0.6399521531100478,0.8914793227865667
0.6401515151515151,0.8914793227865667
0.6403508771929824,0.8914793227865667
0.6403508771929824,0.8912621359223301
0.6405502392344498,0.8912621359223301
0.6405502392344498,0.8910149750415973
0.6405502392344498,0.890888950429244
0.6407496012759171,0.890888950429244
0.6409489633173844,0.890888950429244
0.6411483253588517,0.890888950429244
0.641347687400319,0.890888950429244
0.641347687400319,0.8906423034330011
0.641347687400319,0.8904867256637168
0.6415470494417863,0.8904867256637168
0.6417464114832536,0.8904867256637168
0.6419457735247209,0.8904867256637168
0.6419457735247209,0.8902405308266519
0.6419457735247209,0.8900552486187845
0.6421451355661882,0.8900552486187845
0.6423444976076556,0.8900552486187845
0.6423444976076556,0.8898094449047225
0.6423444976076556,0.8895637769188294
0.6423444976076556,0.8893182445487166
0.6423444976076556,0.8891645988420182
0.6425438596491229,0.8891645988420182
0.6427432216905901,0.8891645988420182
0.6429425837320574,0.8891645988420182
0.6429425837320574,0.8889501240011022
0.6431419457735247,0.8889501240011022
0.6431419457735247,0.8887665198237885
0.643341307814992,0.8887665198237885
0.6435406698564593,0.8887665198237885
0.6435406698564593,0.8885218827415359
0.6435406698564593,0.888369535331317
0.6437400318979266,0.888369535331317
0.6439393939393939,0.888369535331317
0.6441387559808612,0.888369535331317
0.6441387559808612,0.8881253435953821
0.6441387559808612,0.887881286067601
0.6441387559808612,0.8876682230156551
0.6443381180223285,0.8876682230156551
0.6443381180223285,0.8874244920373421
0.6443381180223285,0.8872427983539095
0.6445374800637959,0.8872427983539095
0.6447368421052632,0.8872427983539095
0.6447368421052632,0.8869994514536478
0.6447368421052632,0.8867872807017544
0.6449362041467305,0.8867872807017544
0.6449362041467305,0.8865753424657534
0.6451355661881978,0.8865753424657534
0.6451355661881978,0.8863636363636364
0.6453349282296651,0.8863636363636364
0.6453349282296651,0.88627665390924
0.6455342902711324,0.88627665390924
0.6457336523125997,0.88627665390924
0.645933014354067,0.88627665390924
0.6461323763955343,0.88627665390924
0.6463317384370016,0.88627665390924
0.6463317384370016,0.8862210095497953
0.6465311004784688,0.8862210095497953
0.6467304625199362,0.8862210095497953
0.6469298245614035,0.8862210095497953
0.6471291866028708,0.8862210095497953
0.6473285486443381,0.8862210095497953
0.6475279106858054,0.8862210095497953
0.6475279106858054,0.886041439476554
0.6477272727272727,0.886041439476554
0.64792663476874,0.886041439476554
0.64792663476874,0.8859243125510482
0.6481259968102073,0.8859243125510482
0.6483253588516746,0.8859243125510482
0.648524720893142,0.8859243125510482
0.6487240829346093,0.8859243125510482
0.6487240829346093,0.8857453754080522
0.6489234449760766,0.8857453754080522
0.6491228070175439,0.8857453754080522
0.6491228070175439,0.8855978260869565
0.6493221690590112,0.8855978260869565
0.6495215311004785,0.8855978260869565
0.6497208931419458,0.8855978260869565
0.6497208931419458,0.8854816824966079
0.6499202551834131,0.8854816824966079
0.6501196172248804,0.8854816824966079
0.6503189792663477,0.8854816824966079
0.6505183413078149,0.8854816824966079
0.6505183413078149,0.8852725793327909
0.6507177033492823,0.8852725793327909
0.6507177033492823,0.8851570964247021
0.6509170653907496,0.8851570964247021
0.6511164274322169,0.8851570964247021
0.6513157894736842,0.8851570964247021
0.6515151515151515,0.8851570964247021
0.6515151515151515,0.884917411318711
0.6515151515151515,0.8847913862718708
0.6517145135566188,0.8847913862718708
0.6517145135566188,0.8847913862718708
0.6519138755980861,0.8847913862718708
0.6521132376395534,0.8847913862718708
0.6521132376395534,0.8847913862718708
0.6523125996810207,0.8847913862718708
0.652511961722488,0.8847913862718708
0.6527113237639554,0.8847913862718708
0.6529106858054227,0.8847913862718708
0.65311004784689,0.8847913862718708
0.6533094098883573,0.8847913862718708
0.6535087719298246,0.8847913862718708
0.6537081339712919,0.8847913862718708
0.6539074960127592,0.8847913862718708
0.6541068580542265,0.8847913862718708
0.6543062200956937,0.8847913862718708
0.654505582137161,0.8847913862718708
0.6547049441786283,0.8847913862718708
0.6549043062200957,0.8847913862718708
0.655103668261563,0.8847913862718708
0.6553030303030303,0.8847913862718708
0.6553030303030303,0.8845843422114609
0.6555023923444976,0.8845843422114609
0.6555023923444976,0.8843464228079613
0.6555023923444976,0.8841397849462366
0.6557017543859649,0.8841397849462366
0.6557017543859649,0.8839333691563676
0.6559011164274322,0.8839333691563676
0.6559011164274322,0.8836959441310771
0.6559011164274322,0.883489932885906
0.6561004784688995,0.883489932885906
0.6561004784688995,0.8832528180354268
0.6561004784688995,0.8830158304266166
0.6561004784688995,0.882873224336639
0.6562998405103668,0.882873224336639
0.6564992025518341,0.882873224336639
0.6566985645933014,0.882873224336639
0.6566985645933014,0.8826995179432244
0.6568979266347688,0.8826995179432244
0.6570972886762361,0.8826995179432244
0.6570972886762361,0.882463186077644
0.6570972886762361,0.8822584961198823
0.6572966507177034,0.8822584961198823
0.6572966507177034,0.8820540251404119
0.6574960127591707,0.8820540251404119
0.6574960127591707,0.8819129040876302
0.657695374800638,0.8819129040876302
0.6578947368421053,0.8819129040876302
0.6580940988835726,0.8819129040876302
0.6580940988835726,0.8817089452603472
0.6582934609250398,0.8817089452603472
0.6582934609250398,0.8814735718099306
0.6582934609250398,0.8812700106723586
0.6584928229665071,0.8812700106723586
0.6584928229665071,0.8810349426513737
0.6584928229665071,0.880927011188066
0.6586921850079744,0.880927011188066
0.6588915470494418,0.880927011188066
0.6590909090909091,0.880927011188066
0.6592902711323764,0.880927011188066
0.6592902711323764,0.8807241746538871
0.6594896331738437,0.8807241746538871
0.6594896331738437,0.880648591174907
0.659688995215311,0.880648591174907
0.6598883572567783,0.880648591174907
0.6600877192982456,0.880648591174907
0.6602870813397129,0.880648591174907
0.6604864433811802,0.880648591174907
0.6604864433811802,0.8804145628487908
0.6604864433811802,0.8801806588735388
0.6604864433811802,0.8799468791500664
0.6604864433811802,0.8797132235793946
0.6604864433811802,0.8794796920626493
0.6604864433811802,0.8793103448275862
0.6606858054226475,0.8793103448275862
0.6608851674641149,0.8793103448275862
0.6608851674641149,0.8790771678599841
0.6608851674641149,0.8789724576271186
0.6610845295055822,0.8789724576271186
0.6612838915470495,0.8789724576271186
0.6614832535885168,0.8789724576271186
0.6616826156299841,0.8789724576271186
0.6616826156299841,0.8788359788359789
0.6618819776714514,0.8788359788359789
0.6620813397129187,0.8788359788359789
0.6622807017543859,0.8788359788359789
0.6622807017543859,0.8786997885835095
0.6624800637958532,0.8786997885835095
0.6626794258373205,0.8786997885835095
0.6628787878787878,0.8786997885835095
0.6628787878787878,0.878499735868991
0.6630781499202552,0.878499735868991
0.6630781499202552,0.8782677581198838
0.6630781499202552,0.8781966780912207
0.6632775119617225,0.8781966780912207
0.6634768740031898,0.8781966780912207
0.6636762360446571,0.8781966780912207
0.6638755980861244,0.8781966780912207
0.6640749601275917,0.8781966780912207
0.6640749601275917,0.8780616276007375
0.664274322169059,0.8780616276007375
0.6644736842105263,0.8780616276007375
0.6646730462519936,0.8780616276007375
0.6646730462519936,0.8778304370721433
0.6646730462519936,0.8775993682548039
0.6646730462519936,0.8774006840305183
0.664872408293461,0.8774006840305183
0.664872408293461,0.8771699105733824
0.664872408293461,0.8769716088328076
0.6650717703349283,0.8769716088328076
0.6650717703349283,0.8767411300919842
0.6650717703349283,0.8766727892941485
0.6652711323763956,0.8766727892941485
0.6654704944178629,0.8766727892941485
0.6656698564593302,0.8766727892941485
0.6658692185007975,0.8766727892941485
0.6660685805422647,0.8766727892941485
0.6660685805422647,0.8764752163650669
0.666267942583732,0.8764752163650669
0.666267942583732,0.876407436501702
0.6664673046251993,0.876407436501702
0.6666666666666666,0.876407436501702
0.6668660287081339,0.876407436501702
0.6670653907496013,0.876407436501702
0.6672647527910686,0.876407436501702
0.6672647527910686,0.8761780104712041
0.6672647527910686,0.876078431372549
0.6674641148325359,0.876078431372549
0.6676634768740032,0.876078431372549
0.6678628389154705,0.876078431372549
0.6680622009569378,0.876078431372549
0.6680622009569378,0.8758494511238892
0.6680622009569378,0.8756205905408937
0.6680622009569378,0.8754569190600522
0.6682615629984051,0.8754569190600522
0.6684609250398724,0.8754569190600522
0.6684609250398724,0.8752283998955886
0.6684609250398724,0.8750977835723598
0.6686602870813397,0.8750977835723598
0.668859649122807,0.8750977835723598
0.6690590111642744,0.8750977835723598
0.6690590111642744,0.8748696558915537
0.6690590111642744,0.8746423927178153
0.6690590111642744,0.8746423927178153
0.6692583732057417,0.8746423927178153
0.669457735247209,0.8746423927178153
0.6696570972886763,0.8746423927178153
0.6698564593301436,0.8746423927178153
0.6700558213716108,0.8746423927178153
0.6702551834130781,0.8746423927178153
0.6704545454545454,0.8746423927178153
0.6704545454545454,0.8744802494802495
0.6706539074960127,0.8744802494802495
0.67085326953748,0.8744802494802495
0.67085326953748,0.8742530527409716
0.67085326953748,0.8740913811007269
0.6710526315789473,0.8740913811007269
0.6712519936204147,0.8740913811007269
0.6712519936204147,0.8738645211523488
0.6712519936204147,0.8737687921202696
0.671451355661882,0.8737687921202696
0.6716507177033493,0.8737687921202696
0.6718500797448166,0.8737687921202696
0.6720494417862839,0.8737687921202696
0.6720494417862839,0.8735423684892459
0.6720494417862839,0.8733160621761658
0.6720494417862839,0.8730898730898731
0.6720494417862839,0.8728638011393061
0.6720494417862839,0.8726378462334973
0.6720494417862839,0.8724450194049159
0.6722488038277512,0.8724450194049159
0.6722488038277512,0.8722523920351694
0.6724481658692185,0.8722523920351694
0.6724481658692185,0.8721920991479474
0.6726475279106858,0.8721920991479474
0.6728468899521531,0.8721920991479474
0.6730462519936204,0.8721920991479474
0.6732456140350878,0.8721920991479474
0.6734449760765551,0.8721920991479474
0.6734449760765551,0.8719669592152813
0.6734449760765551,0.871741935483871
0.6734449760765551,0.8716494845360825
0.6736443381180224,0.8716494845360825
0.6738437001594896,0.8716494845360825
0.6740430622009569,0.8716494845360825
0.6742424242424242,0.8716494845360825
0.6742424242424242,0.8714248904921412
0.6742424242424242,0.871200412158681
0.6742424242424242,0.8710092687950567
0.6744417862838915,0.8710092687950567
0.6744417862838915,0.8707850707850708
0.6744417862838915,0.870560988162635
0.6744417862838915,0.8703703703703703
0.6746411483253588,0.8703703703703703
0.6746411483253588,0.8701799485861182
0.6748405103668261,0.8701799485861182
0.6748405103668261,0.8700564971751412
0.6750398724082934,0.8700564971751412
0.6752392344497608,0.8700564971751412
0.6754385964912281,0.8700564971751412
0.6754385964912281,0.8698999230177059
0.6756379585326954,0.8698999230177059
0.6758373205741627,0.8698999230177059
0.6758373205741627,0.8696767573114418
0.6758373205741627,0.8694537060784817
0.6758373205741627,0.8692642912073827
0.67603668261563,0.8692642912073827
0.67603668261563,0.8691756272401434
0.6762360446570973,0.8691756272401434
0.6764354066985646,0.8691756272401434
0.6766347687400319,0.8691756272401434
0.6768341307814992,0.8691756272401434
0.6768341307814992,0.8689531609930893
0.6768341307814992,0.8687643898695319
0.6770334928229665,0.8687643898695319
0.6770334928229665,0.8685421994884911
0.6770334928229665,0.8683201227307594
0.6770334928229665,0.8681992337164751
0.6772328548644339,0.8681992337164751
0.6774322169059012,0.8681992337164751
0.6776315789473685,0.8681992337164751
0.6776315789473685,0.8680785914774177
0.6778309409888357,0.8680785914774177
0.678030303030303,0.8680785914774177
0.6782296650717703,0.8680785914774177
0.6782296650717703,0.867890844172405
0.6784290271132376,0.867890844172405
0.6784290271132376,0.8677032882997706
0.6786283891547049,0.8677032882997706
0.6786283891547049,0.8674821610601428
0.6786283891547049,0.8672611464968153
0.6786283891547049,0.8670402445236882
0.6786283891547049,0.8668194550547492
0.6786283891547049,0.8665987780040734
0.6786283891547049,0.8664122137404581
0.6788277511961722,0.8664122137404581
0.6788277511961722,0.8661918087000763
0.6788277511961722,0.8661757237176232
0.6790271132376395,0.8661757237176232
0.6792264752791068,0.8661757237176232
0.6794258373205742,0.8661757237176232
0.6796251993620415,0.8661757237176232
0.6798245614035088,0.8661757237176232
0.6800239234449761,0.8661757237176232
0.6800239234449761,0.8660238518142603
0.6802232854864434,0.8660238518142603
0.6804226475279107,0.8660238518142603
0.6804226475279107,0.8659401926001014
0.680622009569378,0.8659401926001014
0.6808213716108453,0.8659401926001014
0.6810207336523126,0.8659401926001014
0.68122009569378,0.8659401926001014
0.68122009569378,0.8658567451278157
0.6814194577352473,0.8658567451278157
0.6816188197767146,0.8658567451278157
0.6818181818181818,0.8658567451278157
0.6820175438596491,0.8658567451278157
0.6820175438596491,0.8656716417910447
0.6822169059011164,0.8656716417910447
0.6822169059011164,0.8654867256637168
0.6824162679425837,0.8654867256637168
0.6824162679425837,0.865438020701843
0.682615629984051,0.865438020701843
0.6828149920255183,0.865438020701843
0.6830143540669856,0.865438020701843
0.6832137161084529,0.865438020701843
0.6834130781499203,0.865438020701843
0.6834130781499203,0.8652195860676426
0.6834130781499203,0.8650012616704517
0.6834130781499203,0.8647830474268415
0.6834130781499203,0.8646332240988153
0.6836124401913876,0.8646332240988153
0.6838118022328549,0.8646332240988153
0.6838118022328549,0.8644707065627357
0.6840111642743222,0.8644707065627357
0.6840111642743222,0.8644707065627357
0.6842105263157895,0.8644707065627357
0.6844098883572568,0.8644707065627357
0.6846092503987241,0.8644707065627357
0.6848086124401914,0.8644707065627357
0.6850079744816587,0.8644707065627357
0.685207336523126,0.8644707065627357
0.6854066985645934,0.8644707065627357
0.6854066985645934,0.8642533936651584
0.6854066985645934,0.864104496357699
0.6856060606060606,0.864104496357699
0.6858054226475279,0.864104496357699
0.6858054226475279,0.8638874937217479
0.6858054226475279,0.8636706000502135
0.6858054226475279,0.8634538152610441
0.6858054226475279,0.8632714500752634
0.6860047846889952,0.8632714500752634
0.6860047846889952,0.8631578947368421
0.6862041467304625,0.8631578947368421
0.6864035087719298,0.8631578947368421
0.6866028708133971,0.8631578947368421
0.6866028708133971,0.8629759519038076
0.6868022328548644,0.8629759519038076
0.6868022328548644,0.8627941912869304
0.6870015948963317,0.8627941912869304
0.6870015948963317,0.8625782227784731
0.6870015948963317,0.8624312156078039
0.687200956937799,0.8624312156078039
0.6874003189792663,0.8624312156078039
0.6874003189792663,0.8623188405797102
0.6875996810207337,0.8623188405797102
0.687799043062201,0.8623188405797102
0.6879984051036683,0.8623188405797102
0.6879984051036683,0.8621034224331752
0.6879984051036683,0.8618881118881119
0.6879984051036683,0.8617074388417374
0.6881977671451356,0.8617074388417374
0.6881977671451356,0.8615960099750624
0.6883971291866029,0.8615960099750624
0.6885964912280702,0.8615960099750624
0.6887958532695375,0.8615960099750624
0.6887958532695375,0.8613812016953378
0.6887958532695375,0.8612010964365812
0.6889952153110048,0.8612010964365812
0.6889952153110048,0.8610211706102117
0.6891945773524721,0.8610211706102117
0.6891945773524721,0.8608067729083665
0.6891945773524721,0.8605924819517052
0.6891945773524721,0.8604477611940299
0.6893939393939394,0.8604477611940299
0.6895933014354066,0.8604477611940299
0.6895933014354066,0.8602337726933599
0.6895933014354066,0.8600546855580412
0.689792663476874,0.8600546855580412
0.689792663476874,0.8598409542743539
0.689792663476874,0.8596970449466104
0.6899920255183413,0.8596970449466104
0.6901913875598086,0.8596970449466104
0.6901913875598086,0.8595184909406801
0.6903907496012759,0.8595184909406801
0.6903907496012759,0.8593052109181142
0.6903907496012759,0.8590920367154552
0.6903907496012759,0.8589139598313911
0.6905901116427432,0.8589139598313911
0.6905901116427432,0.8587360594795539
0.6907894736842105,0.8587360594795539
0.6907894736842105,0.8585232903865213
0.6907894736842105,0.8583106267029973
0.6907894736842105,0.8581683168316832
0.6909888357256778,0.8581683168316832
0.6911881977671451,0.8581683168316832
0.6911881977671451,0.8579559514971542
0.6911881977671451,0.8577436912419594
0.6911881977671451,0.8575315359881276
0.6911881977671451,0.8575301947251663
0.6913875598086124,0.8575301947251663
0.6913875598086124,0.8575301947251663
0.6915869218500797,0.8575301947251663
0.6917862838915471,0.8575301947251663
0.6919856459330144,0.8575301947251663
0.6921850079744817,0.8575301947251663
0.692384370015949,0.8575301947251663
0.6925837320574163,0.8575301947251663
0.6927830940988836,0.8575301947251663
0.6929824561403509,0.8575301947251663
0.6931818181818182,0.8575301947251663
0.6933811802232854,0.8575301947251663
0.6935805422647527,0.8575301947251663
0.6935805422647527,0.8573540280857354
0.69377990430622,0.8573540280857354
0.69377990430622,0.8571780349667569
0.6939792663476874,0.8571780349667569
0.6939792663476874,0.8569670113244707
0.6939792663476874,0.8567913385826772
0.6941786283891547,0.8567913385826772
0.6941786283891547,0.8566510941726088
0.694377990430622,0.8566510941726088
0.6945773524720893,0.8566510941726088
0.6945773524720893,0.856475792578029
0.6947767145135566,0.856475792578029
0.6947767145135566,0.8562653562653563
0.6947767145135566,0.8560550233357898
0.6947767145135566,0.855844793713163
0.6947767145135566,0.8556701030927835
0.6949760765550239,0.8556701030927835
0.6949760765550239,0.8554601226993865
0.6949760765550239,0.8553567050747732
0.6951754385964912,0.8553567050747732
0.6953748006379585,0.8553567050747732
0.6955741626794258,0.8553567050747732
0.6955741626794258,0.8552889324191969
0.6957735247208932,0.8552889324191969
0.6959728867623605,0.8552889324191969
0.6961722488038278,0.8552889324191969
0.6963716108452951,0.8552889324191969
0.6963716108452951,0.8550795593635251
0.6963716108452951,0.8548702887909936
0.6963716108452951,0.8546966731898239
0.6965709728867624,0.8546966731898239
0.6965709728867624,0.8546298558514537
0.6967703349282297,0.8546298558514537
0.696969696969697,0.8546298558514537
0.6971690590111643,0.8546298558514537
0.6973684210526315,0.8546298558514537
0.6973684210526315,0.8544566544566544
0.6975677830940988,0.8544566544566544
0.6975677830940988,0.854248046875
0.6975677830940988,0.8541463414634146
0.6977671451355661,0.8541463414634146
0.6979665071770335,0.8541463414634146
0.6981658692185008,0.8541463414634146
0.6981658692185008,0.8539380638868569
0.6981658692185008,0.8537298878595807
0.6981658692185008,0.8536288358499756
0.6983652312599681,0.8536288358499756
0.6985645933014354,0.8536288358499756
0.6987639553429027,0.8536288358499756
0.6987639553429027,0.8534923339011925
0.69896331738437,0.8534923339011925
0.6991626794258373,0.8534923339011925
0.6991626794258373,0.8533560311284046
0.6993620414673046,0.8533560311284046
0.6995614035087719,0.8533560311284046
0.6995614035087719,0.8531485533673717
0.6995614035087719,0.8529411764705882
0.6995614035087719,0.8527696793002916
0.6997607655502392,0.8527696793002916
0.6997607655502392,0.8525983487129675
0.6999601275917066,0.8525983487129675
0.6999601275917066,0.8524271844660194
0.7001594896331739,0.8524271844660194
0.7001594896331739,0.8522561863173217
0.7003588516746412,0.8522561863173217
0.7003588516746412,0.8520581113801453
0.7003588516746412,0.8520581113801453
0.7005582137161085,0.8520581113801453
0.7007575757575758,0.8520581113801453
0.7009569377990431,0.8520581113801453
0.7011562998405104,0.8520581113801453
0.7013556618819776,0.8520581113801453
0.7015550239234449,0.8520581113801453
0.7015550239234449,0.8518877057115198
0.7017543859649122,0.8518877057115198
0.7017543859649122,0.8517174649250121
0.7019537480063796,0.8517174649250121
0.7019537480063796,0.8515473887814313
0.7021531100478469,0.8515473887814313
0.7021531100478469,0.8514230583695128
0.7021531100478469,0.8514230583695128
0.7023524720893142,0.8514230583695128
0.7025518341307815,0.8514230583695128
0.7027511961722488,0.8514230583695128
0.7029505582137161,0.8514230583695128
0.7031499202551834,0.8514230583695128
0.7033492822966507,0.8514230583695128
0.703548644338118,0.8514230583695128
0.7037480063795853,0.8514230583695128
0.7037480063795853,0.8512894673415281
0.7039473684210527,0.8512894673415281
0.70414673046252,0.8512894673415281
0.70414673046252,0.8511202119971091
0.7043460925039873,0.8511202119971091
0.7043460925039873,0.8509152215799615
0.7043460925039873,0.8507462686567164
0.7045454545454546,0.8507462686567164
0.7045454545454546,0.8506852608800193
0.7047448165869219,0.8506852608800193
0.7049441786283892,0.8506852608800193
0.7051435406698564,0.8506852608800193
0.7053429027113237,0.8506852608800193
0.7053429027113237,0.8504807692307692
0.7053429027113237,0.8503123498318116
0.705542264752791,0.8503123498318116
0.705542264752791,0.8501080951237089
0.705542264752791,0.8499759961593855
0.7057416267942583,0.8499759961593855
0.7059409888357256,0.8499759961593855
0.7059409888357256,0.8498440873111058
0.706140350877193,0.8498440873111058
0.7063397129186603,0.8498440873111058
0.7063397129186603,0.8497483824586628
0.7065390749601276,0.8497483824586628
0.7067384370015949,0.8497483824586628
0.7069377990430622,0.8497483824586628
0.7069377990430622,0.8496168582375478
0.7071371610845295,0.8496168582375478
0.7073365231259968,0.8496168582375478
0.7073365231259968,0.8494134546325114
0.7073365231259968,0.8492462311557789
0.7075358851674641,0.8492462311557789
0.7075358851674641,0.8490791676632384
0.7077352472089314,0.8490791676632384
0.7077352472089314,0.8488761358201817
0.7077352472089314,0.8486732010518766
0.7077352472089314,0.8485065710872163
0.7079346092503987,0.8485065710872163
0.7079346092503987,0.8483038700430005
0.7079346092503987,0.8481375358166189
0.7081339712918661,0.8481375358166189
0.7081339712918661,0.8479713603818616
0.7083333333333334,0.8479713603818616
0.7083333333333334,0.8479141835518474
0.7085326953748007,0.8479141835518474
0.708732057416268,0.8479141835518474
0.7089314194577353,0.8479141835518474
0.7091307814992025,0.8479141835518474
0.7091307814992025,0.8477483917083631
0.7093301435406698,0.8477483917083631
0.7093301435406698,0.8476915754402665
0.7095295055821371,0.8476915754402665
0.7097288676236044,0.8476915754402665
0.7099282296650717,0.8476915754402665
0.710127591706539,0.8476915754402665
0.710127591706539,0.8474898881751131
0.710127591706539,0.8472882968601332
0.710127591706539,0.8470868014268728
0.710127591706539,0.8468854018069425
0.710127591706539,0.846684097932018
0.710127591706539,0.8464828897338403
0.710127591706539,0.8462817771442148
0.710127591706539,0.8460807600950119
0.710127591706539,0.8458798385181667
0.710127591706539,0.845679012345679
0.710127591706539,0.845514950166113
0.7103269537480064,0.845514950166113
0.7103269537480064,0.8453143534994069
0.7103269537480064,0.8451872925557136
0.7105263157894737,0.8451872925557136
0.710725677830941,0.8451872925557136
0.710725677830941,0.8450236966824645
0.7109250398724083,0.8450236966824645
0.7109250398724083,0.844860255802937
0.7111244019138756,0.844860255802937
0.7111244019138756,0.8446601941747572
0.7111244019138756,0.8444970414201184
0.7113237639553429,0.8444970414201184
0.7113237639553429,0.8442972077614765
0.7113237639553429,0.8441343424787133
0.7115231259968102,0.8441343424787133
0.7115231259968102,0.8439716312056738
0.7117224880382775,0.8439716312056738
0.7117224880382775,0.8438459721237893
0.7119218500797448,0.8438459721237893
0.7121212121212122,0.8438459721237893
0.7121212121212122,0.8437204910292729
0.7123205741626795,0.8437204910292729
0.7125199362041468,0.8437204910292729
0.7125199362041468,0.8435213594524428
0.7125199362041468,0.8433223218499292
0.7125199362041468,0.8431233781552253
0.7125199362041468,0.8429245283018868
0.7125199362041468,0.8427257722235322
0.7125199362041468,0.8425642234268207
0.7127192982456141,0.8425642234268207
0.7127192982456141,0.8424399434762129
0.7129186602870813,0.8424399434762129
0.7131180223285486,0.8424399434762129
0.7131180223285486,0.8422787193973634
0.7133173843700159,0.8422787193973634
0.7133173843700159,0.8421547871089156
0.7135167464114832,0.8421547871089156
0.7137161084529505,0.8421547871089156
0.7137161084529505,0.8419938866682342
0.7139154704944178,0.8419938866682342
0.7139154704944178,0.8417959567465915
0.7139154704944178,0.841672539346958
0.7141148325358851,0.841672539346958
0.7143141945773525,0.841672539346958
0.7143141945773525,0.8414748708313763
0.7143141945773525,0.8413145539906103
0.7145135566188198,0.8413145539906103
0.7145135566188198,0.8411171086599389
0.7145135566188198,0.8409197559831065
0.7145135566188198,0.8407224958949097
0.7145135566188198,0.8405627198124267
0.7147129186602871,0.8405627198124267
0.7147129186602871,0.840365682137834
0.7147129186602871,0.8402436167720778
0.7149122807017544,0.8402436167720778
0.7151116427432217,0.8402436167720778
0.7151116427432217,0.840233918128655
0.715311004784689,0.840233918128655
0.7155103668261563,0.840233918128655
0.7157097288676236,0.840233918128655
0.7159090909090909,0.840233918128655
0.7161084529505582,0.840233918128655
0.7161084529505582,0.8400374181478016
0.7161084529505582,0.839841010053776
0.7161084529505582,0.8396446937821412
0.7161084529505582,0.8395234758234057
0.7163078149920256,0.8395234758234057
0.7165071770334929,0.8395234758234057
0.7165071770334929,0.8393274170948155
0.7165071770334929,0.8391314499182816
0.7165071770334929,0.838973162193699
0.7167065390749602,0.838973162193699
0.7167065390749602,0.8388526119402985
0.7169059011164274,0.8388526119402985
0.7171052631578947,0.8388526119402985
0.7171052631578947,0.8386570296106318
0.7171052631578947,0.8384991843393148
0.717304625199362,0.8384991843393148
0.717304625199362,0.8383414861402283
0.7175039872408293,0.8383414861402283
0.7175039872408293,0.8382968822708237
0.7177033492822966,0.8382968822708237
0.7179027113237639,0.8382968822708237
0.7181020733652312,0.8382968822708237
0.7183014354066986,0.8382968822708237
0.7183014354066986,0.8381771681004417
0.7185007974481659,0.8381771681004417
0.7187001594896332,0.8381771681004417
0.7187001594896332,0.8380199860562398
0.7188995215311005,0.8380199860562398
0.7188995215311005,0.837862950058072
0.7190988835725678,0.837862950058072
0.7190988835725678,0.8376683697166744
0.7190988835725678,0.837473879730671
0.7190988835725678,0.8373172429798097
0.7192982456140351,0.8373172429798097
0.7192982456140351,0.837122969837587
0.7192982456140351,0.8369666048237476
0.7194976076555024,0.8369666048237476
0.7194976076555024,0.836810384793695
0.7196969696969697,0.836810384793695
1.0,0.0
