recall,precision
0.0002092487968194183,1.0
0.0004184975936388366,1.0
0.0006277463904582549,1.0
0.0008369951872776732,1.0
0.0010462439840970914,1.0
0.0012554927809165098,1.0
0.001464741577735928,1.0
0.0016739903745553464,1.0
0.0016739903745553464,0.8888888888888888
0.0016739903745553464,0.8
0.0018832391713747645,0.8181818181818182
0.002092487968194183,0.8333333333333334
0.002301736765013601,0.8461538461538461
0.0025109855618330196,0.8571428571428571
0.002720234358652438,0.8666666666666667
0.002929483155471856,0.875
0.003138731952291274,0.8823529411764706
0.0033479807491106927,0.8888888888888888
0.003557229545930111,0.8947368421052632
0.003766478342749529,0.9
0.003975727139568948,0.9047619047619048
0.004184975936388366,0.9090909090909091
0.004394224733207784,0.9130434782608695
0.004603473530027202,0.9166666666666666
0.00481272232684662,0.92
0.005021971123666039,0.9230769230769231
0.0052312199204854574,0.9259259259259259
0.005440468717304876,0.9285714285714286
0.005649717514124294,0.9310344827586207
0.005858966310943712,0.9333333333333333
0.00606821510776313,0.9354838709677419
0.006277463904582548,0.9375
0.006486712701401967,0.9393939393939394
0.006695961498221385,0.9411764705882353
0.006905210295040804,0.9428571428571428
0.007114459091860222,0.9444444444444444
0.00732370788867964,0.9459459459459459
0.007532956685499058,0.9473684210526315
0.007742205482318477,0.9487179487179487
0.007951454279137895,0.95
0.008160703075957313,0.9512195121951219
0.008369951872776732,0.9523809523809523
0.00857920066959615,0.9534883720930233
0.008788449466415568,0.9545454545454546
0.008997698263234986,0.9555555555555556
0.009206947060054404,0.9565217391304348
0.009416195856873822,0.9574468085106383
0.00962544465369324,0.9583333333333334
0.00983469345051266,0.9591836734693877
0.010043942247332079,0.96
0.010253191044151497,0.9607843137254902
0.010462439840970915,0.9615384615384616
0.010671688637790333,0.9622641509433962
0.010880937434609751,0.9629629629629629
0.01109018623142917,0.9636363636363636
0.011299435028248588,0.9642857142857143
0.011508683825068006,0.9649122807017544
0.011717932621887424,0.9655172413793104
0.011927181418706842,0.9661016949152542
0.01213643021552626,0.9666666666666667
0.012345679012345678,0.9672131147540983
0.012554927809165096,0.967741935483871
0.012764176605984516,0.9682539682539683
0.012973425402803935,0.96875
0.013182674199623353,0.9692307692307692
0.01339192299644277,0.9696969696969697
0.013601171793262189,0.9701492537313433
0.013810420590081607,0.9705882352941176
0.014019669386901025,0.9710144927536232
0.014228918183720443,0.9714285714285714
0.014438166980539862,0.971830985915493
0.01464741577735928,0.9722222222222222
0.014856664574178698,0.9726027397260274
0.015065913370998116,0.972972972972973
0.015275162167817534,0.9733333333333334
0.015484410964636954,0.9736842105263158
0.015693659761456372,0.974025974025974
0.01590290855827579,0.9743589743589743
0.01611215735509521,0.9746835443037974
0.016321406151914627,0.975
0.016530654948734045,0.9753086419753086
0.016739903745553463,0.975609756097561
0.01694915254237288,0.9759036144578314
0.0171584013391923,0.9761904761904762
0.017367650136011718,0.9764705882352941
0.017576898932831136,0.9767441860465116
0.017786147729650554,0.9770114942528736
0.017995396526469972,0.9772727272727273
0.01820464532328939,0.9775280898876404
0.01841389412010881,0.9777777777777777
0.018623142916928227,0.978021978021978
0.018832391713747645,0.9782608695652174
0.019041640510567063,0.978494623655914
0.01925088930738648,0.9787234042553191
0.0194601381042059,0.9789473684210527
0.01966938690102532,0.9791666666666666
0.01987863569784474,0.979381443298969
0.020087884494664157,0.9795918367346939
0.020297133291483575,0.9797979797979798
0.020506382088302993,0.98
0.02071563088512241,0.9801980198019802
0.02092487968194183,0.9803921568627451
0.021134128478761248,0.9805825242718447
0.021134128478761248,0.9711538461538461
0.021343377275580666,0.9714285714285714
0.021552626072400084,0.9716981132075472
0.021761874869219502,0.9719626168224299
0.021761874869219502,0.9629629629629629
0.02197112366603892,0.963302752293578
0.02218037246285834,0.9636363636363636
0.022389621259677757,0.963963963963964
0.022598870056497175,0.9642857142857143
0.022808118853316593,0.9646017699115044
0.02301736765013601,0.9649122807017544
0.02322661644695543,0.9652173913043478
0.023435865243774848,0.9655172413793104
0.023645114040594266,0.9658119658119658
0.023854362837413684,0.9661016949152542
0.024063611634233102,0.9663865546218487
0.02427286043105252,0.9666666666666667
0.02448210922787194,0.9669421487603306
0.024691358024691357,0.9672131147540983
0.024900606821510775,0.967479674796748
0.025109855618330193,0.967741935483871
0.025319104415149615,0.968
0.025528353211969033,0.9682539682539683
0.02573760200878845,0.968503937007874
0.02594685080560787,0.96875
0.026156099602427287,0.9689922480620154
0.026365348399246705,0.9692307692307692
0.026574597196066124,0.9694656488549618
0.02678384599288554,0.9696969696969697
0.02699309478970496,0.9699248120300752
0.027202343586524378,0.9701492537313433
0.027411592383343796,0.9703703703703703
0.027620841180163214,0.9705882352941176
0.027830089976982633,0.9708029197080292
0.02803933877380205,0.9710144927536232
0.02824858757062147,0.9712230215827338
0.028457836367440887,0.9714285714285714
0.028667085164260305,0.9716312056737588
0.028876333961079723,0.971830985915493
0.02908558275789914,0.972027972027972
0.02929483155471856,0.9722222222222222
0.029504080351537978,0.9724137931034482
0.029713329148357396,0.9726027397260274
0.029922577945176814,0.9727891156462585
0.030131826741996232,0.972972972972973
0.03034107553881565,0.9731543624161074
0.03055032433563507,0.9733333333333334
0.030759573132454487,0.9735099337748344
0.03096882192927391,0.9736842105263158
0.031178070726093327,0.9738562091503268
0.031387319522912745,0.974025974025974
0.03159656831973216,0.9741935483870968
0.03180581711655158,0.9743589743589743
0.03180581711655158,0.9681528662420382
0.032015065913371,0.9683544303797469
0.03222431471019042,0.9685534591194969
0.032433563507009835,0.96875
0.032642812303829254,0.968944099378882
0.03285206110064867,0.9691358024691358
0.03306130989746809,0.9693251533742331
0.03327055869428751,0.9695121951219512
0.033479807491106926,0.9696969696969697
0.033689056287926344,0.9698795180722891
0.03389830508474576,0.9700598802395209
0.03410755388156518,0.9702380952380952
0.0343168026783846,0.9704142011834319
0.03452605147520402,0.9705882352941176
0.034735300272023435,0.9707602339181286
0.03494454906884285,0.9709302325581395
0.03515379786566227,0.9710982658959537
0.03536304666248169,0.9712643678160919
0.03557229545930111,0.9714285714285714
0.035781544256120526,0.9715909090909091
0.035990793052939944,0.9717514124293786
0.03620004184975936,0.9719101123595506
0.03640929064657878,0.9720670391061452
0.0366185394433982,0.9722222222222222
0.03682778824021762,0.9723756906077348
0.037037037037037035,0.9725274725274725
0.03724628583385645,0.9726775956284153
0.03745553463067587,0.9728260869565217
0.03766478342749529,0.972972972972973
0.03787403222431471,0.9731182795698925
0.038083281021134126,0.9732620320855615
0.038292529817953544,0.973404255319149
0.03850177861477296,0.9735449735449735
0.03871102741159238,0.9736842105263158
0.0389202762084118,0.9738219895287958
0.03912952500523122,0.9739583333333334
0.03933877380205064,0.9740932642487047
0.03954802259887006,0.9742268041237113
0.03975727139568948,0.9743589743589743
0.039966520192508896,0.9744897959183674
0.040175768989328314,0.9746192893401016
0.04038501778614773,0.9747474747474747
0.04059426658296715,0.9748743718592965
0.04080351537978657,0.975
0.04101276417660599,0.9751243781094527
0.041222012973425405,0.9752475247524752
0.04143126177024482,0.9753694581280788
0.04143126177024482,0.9705882352941176
0.04164051056706424,0.9707317073170731
0.04184975936388366,0.970873786407767
0.04205900816070308,0.9710144927536232
0.04205900816070308,0.9663461538461539
0.042268256957522496,0.9665071770334929
0.042477505754341914,0.9666666666666667
0.04268675455116133,0.966824644549763
0.04289600334798075,0.9669811320754716
0.04310525214480017,0.9671361502347418
0.04331450094161959,0.9672897196261683
0.043523749738439005,0.9674418604651163
0.04373299853525842,0.9675925925925926
0.04394224733207784,0.967741935483871
0.04415149612889726,0.9678899082568807
0.04436074492571668,0.9680365296803652
0.044569993722536096,0.9681818181818181
0.044779242519355514,0.9683257918552036
0.04498849131617493,0.9684684684684685
0.04519774011299435,0.968609865470852
0.04540698890981377,0.96875
0.045616237706633186,0.9688888888888889
0.045825486503452605,0.9690265486725663
0.04603473530027202,0.9691629955947136
0.04624398409709144,0.9692982456140351
0.04645323289391086,0.9694323144104804
0.04666248169073028,0.9695652173913043
0.046871730487549695,0.9696969696969697
0.046871730487549695,0.9655172413793104
0.047080979284369114,0.9656652360515021
0.04729022808118853,0.9658119658119658
0.04749947687800795,0.9659574468085106
0.04770872567482737,0.9661016949152542
0.047917974471646786,0.9662447257383966
0.048127223268466204,0.9663865546218487
0.04833647206528562,0.9665271966527197
0.04854572086210504,0.9666666666666667
0.04875496965892446,0.966804979253112
0.04896421845574388,0.9669421487603306
0.049173467252563295,0.9670781893004116
0.04938271604938271,0.9672131147540983
0.04959196484620213,0.9673469387755103
0.04980121364302155,0.967479674796748
0.05001046243984097,0.9676113360323887
0.050219711236660386,0.967741935483871
0.050428960033479804,0.9678714859437751
0.05063820883029923,0.968
0.05084745762711865,0.9681274900398407
0.051056706423938066,0.9682539682539683
0.051265955220757484,0.9683794466403162
0.0514752040175769,0.968503937007874
0.05168445281439632,0.9686274509803922
0.05189370161121574,0.96875
0.052102950408035156,0.9688715953307393
0.052312199204854574,0.9689922480620154
0.05252144800167399,0.9691119691119691
0.05273069679849341,0.9692307692307692
0.05293994559531283,0.9693486590038314
0.05314919439213225,0.9694656488549618
0.053358443188951665,0.9695817490494296
0.05356769198577108,0.9696969696969697
0.0537769407825905,0.969811320754717
0.05398618957940992,0.9699248120300752
0.05419543837622934,0.9700374531835206
0.054404687173048756,0.9701492537313433
0.054613935969868174,0.9702602230483272
0.05482318476668759,0.9703703703703703
0.05503243356350701,0.9704797047970479
0.05524168236032643,0.9705882352941176
0.05545093115714585,0.9706959706959707
0.055660179953965265,0.9708029197080292
0.055660179953965265,0.9672727272727273
0.05586942875078468,0.967391304347826
0.0560786775476041,0.9675090252707581
0.05628792634442352,0.9676258992805755
0.05649717514124294,0.967741935483871
0.056706423938062356,0.9678571428571429
0.056915672734881774,0.9679715302491103
0.05712492153170119,0.9680851063829787
0.05733417032852061,0.9681978798586572
0.05754341912534003,0.9683098591549296
0.05775266792215945,0.968421052631579
0.057961916718978865,0.9685314685314685
0.05817116551579828,0.9686411149825784
0.0583804143126177,0.96875
0.05858966310943712,0.9688581314878892
0.05879891190625654,0.9689655172413794
0.059008160703075956,0.9690721649484536
0.059217409499895374,0.9691780821917808
0.05942665829671479,0.9692832764505119
0.05963590709353421,0.9693877551020408
0.05984515589035363,0.9694915254237289
0.060054404687173046,0.9695945945945946
0.060263653483992465,0.9696969696969697
0.06047290228081188,0.9697986577181208
0.0606821510776313,0.9698996655518395
0.06089139987445072,0.97
0.06110064867127014,0.9700996677740864
0.061309897468089555,0.9701986754966887
0.061519146264908973,0.9702970297029703
0.06172839506172839,0.9703947368421053
0.06193764385854782,0.9704918032786886
0.062146892655367235,0.9705882352941176
0.06235614145218665,0.9706840390879479
0.06256539024900606,0.9707792207792207
0.06277463904582549,0.970873786407767
0.0629838878426449,0.9709677419354839
0.06319313663946433,0.9710610932475884
0.06340238543628374,0.9711538461538461
0.06361163423310316,0.9712460063897763
0.06382088302992257,0.9713375796178344
0.064030131826742,0.9714285714285714
0.06423938062356141,0.9715189873417721
0.06444862942038083,0.9716088328075709
0.06465787821720025,0.9716981132075472
0.06486712701401967,0.9717868338557993
0.06507637581083908,0.971875
0.06528562460765851,0.9719626168224299
0.06549487340447792,0.9720496894409938
0.06570412220129734,0.9721362229102167
0.06591337099811675,0.9722222222222222
0.06612261979493618,0.9723076923076923
0.06633186859175559,0.9723926380368099
0.06654111738857502,0.9724770642201835
0.06675036618539443,0.9725609756097561
0.06695961498221385,0.9726443768996961
0.06716886377903326,0.9727272727272728
0.06737811257585269,0.972809667673716
0.06758736137267211,0.9728915662650602
0.06779661016949153,0.972972972972973
0.06800585896631095,0.9730538922155688
0.06821510776313036,0.9731343283582089
0.06842435655994979,0.9732142857142857
0.0686336053567692,0.973293768545994
0.06884285415358862,0.9733727810650887
0.06905210295040803,0.9734513274336283
0.06926135174722746,0.9735294117647059
0.06947060054404687,0.9736070381231672
0.0696798493408663,0.9736842105263158
0.0698890981376857,0.9737609329446064
0.07009834693450513,0.9738372093023255
0.07030759573132454,0.9739130434782609
0.07030759573132454,0.9710982658959537
0.07051684452814397,0.9711815561959655
0.07072609332496338,0.9712643678160919
0.0709353421217828,0.9713467048710601
0.07114459091860222,0.9714285714285714
0.07135383971542164,0.9715099715099715
0.07156308851224105,0.9715909090909091
0.07177233730906048,0.9716713881019831
0.07198158610587989,0.9717514124293786
0.07219083490269931,0.971830985915493
0.07240008369951872,0.9719101123595506
0.07260933249633815,0.9719887955182073
0.07281858129315756,0.9720670391061452
0.07302783008997699,0.9721448467966574
0.07302783008997699,0.9694444444444444
0.0732370788867964,0.9695290858725761
0.07344632768361582,0.9696132596685083
0.07365557648043523,0.9696969696969697
0.07386482527725466,0.9697802197802198
0.07407407407407407,0.9698630136986301
0.0742833228708935,0.9699453551912568
0.0744925716677129,0.9700272479564033
0.07470182046453233,0.970108695652174
0.07491106926135174,0.9701897018970189
0.07512031805817117,0.9702702702702702
0.07532956685499058,0.9703504043126685
0.07553881565181,0.9704301075268817
0.07574806444862942,0.9705093833780161
0.07595731324544884,0.9705882352941176
0.07616656204226825,0.9706666666666667
0.07637581083908768,0.9707446808510638
0.07658505963590709,0.9708222811671088
0.07679430843272651,0.9708994708994709
0.07700355722954592,0.9709762532981531
0.07721280602636535,0.9710526315789474
0.07742205482318476,0.9711286089238845
0.07763130362000419,0.9712041884816754
0.0778405524168236,0.9712793733681462
0.07804980121364302,0.9713541666666666
0.07825905001046243,0.9714285714285714
0.07846829880728186,0.9715025906735751
0.07846829880728186,0.9689922480620154
0.07867754760410128,0.9690721649484536
0.0788867964009207,0.9691516709511568
0.07909604519774012,0.9692307692307692
0.07930529399455953,0.969309462915601
0.07951454279137896,0.9693877551020408
0.07972379158819837,0.9694656488549618
0.07993304038501779,0.9695431472081218
0.0801422891818372,0.9696202531645569
0.08035153797865663,0.9696969696969697
0.08056078677547604,0.9697732997481109
0.08077003557229546,0.9698492462311558
0.08097928436911488,0.9699248120300752
0.0811885331659343,0.97
0.08139778196275371,0.970074812967581
0.08160703075957314,0.9701492537313433
0.08181627955639255,0.9702233250620348
0.08202552835321197,0.9702970297029703
0.08223477715003139,0.9703703703703703
0.08244402594685081,0.9704433497536946
0.08265327474367022,0.9705159705159705
0.08286252354048965,0.9705882352941176
0.08307177233730906,0.9706601466992665
0.08328102113412848,0.9707317073170731
0.0834902699309479,0.9708029197080292
0.08369951872776732,0.970873786407767
0.08390876752458673,0.9709443099273608
0.08411801632140616,0.9710144927536232
0.08432726511822557,0.9710843373493976
0.08453651391504499,0.9711538461538461
0.0847457627118644,0.9712230215827338
0.08495501150868383,0.9712918660287081
0.08516426030550324,0.9713603818615751
0.08537350910232266,0.9714285714285714
0.08558275789914208,0.9714964370546318
0.0857920066959615,0.9715639810426541
0.08600125549278091,0.9716312056737588
0.08621050428960034,0.9716981132075472
0.08641975308641975,0.971764705882353
0.08662900188323917,0.971830985915493
0.08683825068005858,0.9718969555035128
0.08704749947687801,0.9719626168224299
0.08725674827369742,0.972027972027972
0.08746599707051685,0.9720930232558139
0.08767524586733626,0.9721577726218097
0.08788449466415568,0.9722222222222222
0.0880937434609751,0.9722863741339491
0.08830299225779452,0.9723502304147466
0.08851224105461393,0.9724137931034482
0.08872148985143335,0.9724770642201835
0.08893073864825277,0.9725400457665904
0.08913998744507219,0.9726027397260274
0.0893492362418916,0.9726651480637813
0.08955848503871103,0.9727272727272728
0.08976773383553044,0.9727891156462585
0.08997698263234986,0.9728506787330317
0.09018623142916929,0.9729119638826185
0.0903954802259887,0.972972972972973
0.09060472902280813,0.9730337078651685
0.09081397781962754,0.9730941704035875
0.09102322661644696,0.9731543624161074
0.09123247541326637,0.9732142857142857
0.0914417242100858,0.9732739420935412
0.09165097300690521,0.9733333333333334
0.09186022180372463,0.9733924611973392
0.09206947060054405,0.9734513274336283
0.09227871939736347,0.9735099337748344
0.09248796819418288,0.973568281938326
0.09269721699100231,0.9736263736263736
0.09290646578782172,0.9736842105263158
0.09311571458464114,0.973741794310722
0.09332496338146055,0.9737991266375546
0.09353421217827998,0.9738562091503268
0.09374346097509939,0.9739130434782609
0.09395270977191882,0.9739696312364425
0.09416195856873823,0.974025974025974
0.09437120736555765,0.9740820734341252
0.09458045616237706,0.9741379310344828
0.09478970495919649,0.9741935483870968
0.0949989537560159,0.9742489270386266
0.09520820255283532,0.974304068522484
0.09541745134965474,0.9743589743589743
0.09562670014647416,0.9744136460554371
0.09583594894329357,0.9744680851063829
0.096045197740113,0.9745222929936306
0.09625444653693241,0.9745762711864406
0.09646369533375183,0.9746300211416491
0.09667294413057125,0.9746835443037974
0.09688219292739067,0.9747368421052631
0.09709144172421008,0.9747899159663865
0.0973006905210295,0.9748427672955975
0.09750993931784892,0.9748953974895398
0.09771918811466834,0.9749478079331941
0.09792843691148775,0.975
0.09813768570830718,0.975051975051975
0.09834693450512659,0.975103734439834
0.09855618330194602,0.9751552795031055
0.09876543209876543,0.9752066115702479
0.09897468089558485,0.9752577319587629
0.09918392969240426,0.9753086419753086
0.09939317848922369,0.9753593429158111
0.0996024272860431,0.9754098360655737
0.09981167608286252,0.9754601226993865
0.10002092487968194,0.9755102040816327
0.10023017367650136,0.9755600814663951
0.10043942247332077,0.975609756097561
0.1006486712701402,0.9756592292089249
0.10085792006695961,0.9757085020242915
0.10106716886377903,0.9757575757575757
0.10127641766059846,0.9758064516129032
0.10148566645741787,0.9758551307847082
0.1016949152542373,0.9759036144578314
0.1019041640510567,0.9759519038076152
0.10211341284787613,0.976
0.10232266164469554,0.9760479041916168
0.10253191044151497,0.9760956175298805
0.10274115923833438,0.9761431411530815
0.1029504080351538,0.9761904761904762
0.10315965683197321,0.9762376237623762
0.10336890562879264,0.9762845849802372
0.10357815442561205,0.9763313609467456
0.10378740322243148,0.9763779527559056
0.10399665201925089,0.9764243614931237
0.10420590081607031,0.9764705882352941
0.10441514961288972,0.9765166340508806
0.10462439840970915,0.9765625
0.10483364720652856,0.9766081871345029
0.10504289600334799,0.9766536964980544
0.1052521448001674,0.9766990291262136
0.1052521448001674,0.9748062015503876
0.10546139359698682,0.9748549323017408
0.10567064239380623,0.974903474903475
0.10587989119062566,0.9749518304431599
0.10608913998744507,0.975
0.1062983887842645,0.9750479846449136
0.1065076375810839,0.975095785440613
0.10671688637790333,0.9751434034416826
0.10692613517472274,0.9751908396946565
0.10713538397154217,0.9752380952380952
0.10734463276836158,0.9752851711026616
0.107553881565181,0.9753320683111955
0.10776313036200041,0.9753787878787878
0.10797237915881984,0.9754253308128544
0.10818162795563925,0.9754716981132076
0.10839087675245868,0.975517890772128
0.10860012554927809,0.9755639097744361
0.10880937434609751,0.975609756097561
0.10901862314291692,0.9756554307116105
0.10901862314291692,0.9738317757009346
0.10922787193973635,0.9738805970149254
0.10943712073655576,0.9739292364990689
0.10964636953337518,0.9739776951672863
0.1098556183301946,0.974025974025974
0.11006486712701402,0.9740740740740741
0.11027411592383343,0.9741219963031423
0.11048336472065286,0.974169741697417
0.11069261351747227,0.9742173112338858
0.1109018623142917,0.9742647058823529
0.1111111111111111,0.9743119266055046
0.11132035990793053,0.9743589743589743
0.11152960870474994,0.9744058500914077
0.11173885750156937,0.9744525547445255
0.11194810629838878,0.9744990892531876
0.1121573550952082,0.9745454545454545
0.11236660389202763,0.9745916515426497
0.11257585268884704,0.9746376811594203
0.11278510148566646,0.9746835443037974
0.11299435028248588,0.9747292418772563
0.1132035990793053,0.9747747747747748
0.11341284787612471,0.9748201438848921
0.11362209667294414,0.9748653500897666
0.11383134546976355,0.974910394265233
0.11404059426658297,0.9749552772808586
0.11424984306340238,0.975
0.11445909186022181,0.9750445632798574
0.11466834065704122,0.9750889679715302
0.11487758945386065,0.9751332149200711
0.11508683825068006,0.975177304964539
0.11529608704749948,0.9752212389380531
0.1155053358443189,0.9752650176678446
0.11571458464113832,0.9753086419753086
0.11592383343795773,0.9753521126760564
0.11613308223477715,0.9753954305799648
0.11634233103159657,0.9754385964912281
0.11655157982841599,0.9754816112084063
0.1167608286252354,0.9755244755244755
0.1167608286252354,0.9738219895287958
0.11697007742205483,0.9738675958188153
0.11717932621887424,0.9739130434782609
0.11738857501569366,0.9739583333333334
0.11759782381251307,0.9740034662045061
0.1178070726093325,0.9740484429065744
0.11801632140615191,0.9740932642487047
0.11822557020297134,0.9741379310344828
0.11843481899979075,0.9741824440619621
0.11864406779661017,0.9742268041237113
0.11885331659342958,0.9742710120068611
0.11906256539024901,0.9743150684931506
0.11927181418706842,0.9743589743589743
0.11948106298388785,0.9744027303754266
0.11969031178070726,0.9744463373083475
0.11989956057752668,0.9744897959183674
0.11989956057752668,0.9728353140916808
0.12010880937434609,0.9728813559322034
0.12031805817116552,0.9729272419627749
0.12052730696798493,0.972972972972973
0.12073655576480435,0.9730185497470489
0.12094580456162377,0.9730639730639731
0.12115505335844319,0.973109243697479
0.1213643021552626,0.9731543624161074
0.1213643021552626,0.9715242881072027
0.12157355095208203,0.9715719063545151
0.12178279974890144,0.9716193656093489
0.12199204854572086,0.9716666666666667
0.12220129734254027,0.9717138103161398
0.1224105461393597,0.9717607973421927
0.12261979493617911,0.9718076285240465
0.12282904373299854,0.9718543046357616
0.12303829252981795,0.971900826446281
0.12324754132663737,0.971947194719472
0.12345679012345678,0.9719934102141681
0.12366603892027621,0.9720394736842105
0.12387528771709563,0.9720853858784894
0.12408453651391504,0.9721311475409836
0.12429378531073447,0.972176759410802
0.12450303410755388,0.9722222222222222
0.1247122829043733,0.9722675367047309
0.12492153170119272,0.9723127035830619
0.12513078049801213,0.9723577235772358
0.12534002929483157,0.9724025974025974
0.12554927809165098,0.9724473257698542
0.1257585268884704,0.9724919093851133
0.1259677756852898,0.9725363489499192
0.12617702448210924,0.9725806451612903
0.12638627327892865,0.9726247987117552
0.12659552207574806,0.9726688102893891
0.12680477087256747,0.9727126805778491
0.1270140196693869,0.9727564102564102
0.12722326846620632,0.9728
0.12743251726302574,0.9728434504792333
0.12764176605984515,0.9728867623604466
0.12764176605984515,0.9713375796178344
0.12785101485666459,0.9713831478537361
0.128060263653484,0.9714285714285714
0.1282695124503034,0.971473851030111
0.12847876124712282,0.9715189873417721
0.12868801004394226,0.9715639810426541
0.12889725884076167,0.9716088328075709
0.12910650763758108,0.9716535433070866
0.1293157564344005,0.9716981132075472
0.12952500523121993,0.9717425431711146
0.12973425402803934,0.9717868338557993
0.12994350282485875,0.971830985915493
0.12994350282485875,0.9703125
0.13015275162167816,0.9703588143525741
0.1303620004184976,0.9704049844236761
0.13057124921531701,0.9704510108864697
0.13078049801213643,0.9704968944099379
0.13098974680895584,0.9705426356589147
0.13119899560577528,0.9705882352941176
0.1314082444025947,0.9706336939721792
0.1316174931994141,0.970679012345679
0.1318267419962335,0.9707241910631741
0.13203599079305295,0.9707692307692307
0.13224523958987236,0.9708141321044547
0.13245448838669177,0.9708588957055214
0.13266373718351118,0.9709035222052067
0.13287298598033062,0.9709480122324159
0.13308223477715003,0.9709923664122138
0.13329148357396944,0.9710365853658537
0.13350073237078885,0.9710806697108066
0.1337099811676083,0.9711246200607903
0.1339192299644277,0.9711684370257967
0.13412847876124712,0.9712121212121212
0.13433772755806653,0.9712556732223904
0.13454697635488597,0.9712990936555891
0.13475622515170538,0.971342383107089
0.1349654739485248,0.9713855421686747
0.13517472274534423,0.9714285714285714
0.13538397154216364,0.9714714714714715
0.13559322033898305,0.9715142428785607
0.13580246913580246,0.9715568862275449
0.1360117179326219,0.9715994020926756
0.1362209667294413,0.9716417910447761
0.13643021552626072,0.9716840536512668
0.13663946432308013,0.9717261904761905
0.13684871311989957,0.9717682020802377
0.13705796191671898,0.9718100890207715
0.1372672107135384,0.9718518518518519
0.1374764595103578,0.9718934911242604
0.13768570830717725,0.9719350073855244
0.13789495710399666,0.971976401179941
0.13810420590081607,0.9720176730486009
0.13831345469763548,0.9720588235294118
0.13852270349445492,0.9720998531571219
0.13873195229127433,0.9721407624633431
0.13894120108809374,0.972181551976574
0.13915044988491315,0.9722222222222222
0.1393596986817326,0.9722627737226277
0.139568947478552,0.9723032069970845
0.1397781962753714,0.9723435225618632
0.13998744507219082,0.9723837209302325
0.14019669386901026,0.9724238026124818
0.14040594266582967,0.972463768115942
0.1406151914626491,0.9725036179450073
0.1408244402594685,0.9725433526011561
0.14103368905628794,0.9725829725829725
0.14124293785310735,0.9726224783861671
0.14145218664992676,0.9726618705035971
0.14166143544674617,0.9727011494252874
0.1418706842435656,0.9727403156384505
0.14207993304038502,0.9727793696275072
0.14228918183720443,0.9728183118741058
0.14249843063402384,0.9728571428571429
0.14270767943084328,0.9728958630527818
0.1429169282276627,0.9729344729344729
0.1429169282276627,0.9715504978662873
0.1431261770244821,0.9715909090909091
0.14333542582130152,0.9716312056737588
0.14354467461812095,0.9716713881019831
0.14375392341494037,0.9717114568599717
0.14396317221175978,0.9717514124293786
0.1441724210085792,0.9717912552891397
0.14438166980539863,0.971830985915493
0.14459091860221804,0.9718706047819972
0.14480016739903745,0.9719101123595506
0.14500941619585686,0.9719495091164095
0.1452186649926763,0.9719887955182073
0.1454279137894957,0.972027972027972
0.14563716258631512,0.9720670391061452
0.14584641138313453,0.9721059972105998
0.14605566017995397,0.9721448467966574
0.14626490897677338,0.972183588317107
0.1464741577735928,0.9722222222222222
0.14668340657041223,0.9722607489597781
0.14689265536723164,0.9722991689750693
0.14689265536723164,0.970954356846473
0.14710190416405106,0.9709944751381215
0.14731115296087047,0.9710344827586207
0.1475204017576899,0.9710743801652892
0.14772965055450932,0.9711141678129298
0.14793889935132873,0.9711538461538461
0.14814814814814814,0.9711934156378601
0.14835739694496758,0.9712328767123287
0.148566645741787,0.9712722298221614
0.1487758945386064,0.9713114754098361
0.1489851433354258,0.9713506139154161
0.14919439213224525,0.9713896457765667
0.14940364092906466,0.9714285714285714
0.14961288972588407,0.9714673913043478
0.14982213852270349,0.9715061058344641
0.15003138731952292,0.9715447154471545
0.15024063611634234,0.9715832205683356
0.15044988491316175,0.9716216216216216
0.15065913370998116,0.97165991902834
0.1508683825068006,0.9716981132075472
0.15107763130362,0.971736204576043
0.15128688010043942,0.9717741935483871
0.15149612889725883,0.9718120805369127
0.15170537769407827,0.9718498659517426
0.15191462649089768,0.9718875502008032
0.1521238752877171,0.9719251336898396
0.1523331240845365,0.9719626168224299
0.15254237288135594,0.972
0.15275162167817535,0.9720372836218375
0.15296087047499476,0.9720744680851063
0.15317011927181418,0.9721115537848606
0.15337936806863361,0.9721485411140584
0.15358861686545303,0.9721854304635762
0.15379786566227244,0.9722222222222222
0.15400711445909185,0.9722589167767504
0.1542163632559113,0.9722955145118733
0.1544256120527307,0.9723320158102767
0.1546348608495501,0.9723684210526315
0.15484410964636952,0.9724047306176085
0.15505335844318896,0.9724409448818898
0.15526260724000837,0.9724770642201835
0.15547185603682778,0.9725130890052356
0.1556811048336472,0.9725490196078431
0.15589035363046663,0.9725848563968669
0.15609960242728604,0.9726205997392438
0.15630885122410546,0.97265625
0.15651810002092487,0.9726918075422627
0.1567273488177443,0.9727272727272728
0.15693659761456372,0.9727626459143969
0.15693659761456372,0.9715025906735751
0.15714584641138313,0.9715394566623544
0.15735509520820257,0.9715762273901809
0.15756434400502198,0.9716129032258064
0.1577735928018414,0.9716494845360825
0.1579828415986608,0.9716859716859717
0.15819209039548024,0.9717223650385605
0.15840133919229965,0.9717586649550706
0.15861058798911906,0.9717948717948718
0.15881983678593847,0.971830985915493
0.1590290855827579,0.9718670076726342
0.15923833437957732,0.9719029374201787
0.15944758317639673,0.9719387755102041
0.15965683197321615,0.9719745222929936
0.15986608077003558,0.9720101781170484
0.160075329566855,0.9720457433290979
0.1602845783636744,0.9720812182741116
0.16049382716049382,0.9721166032953105
0.16070307595731326,0.9721518987341772
0.16091232475413267,0.9721871049304678
0.16112157355095208,0.9722222222222222
0.1613308223477715,0.9722572509457755
0.16154007114459093,0.9722921914357683
0.16174931994141034,0.9723270440251572
0.16195856873822975,0.9723618090452262
0.16216781753504916,0.972396486825596
0.1623770663318686,0.9724310776942355
0.162586315128688,0.9724655819774718
0.16279556392550742,0.9725
0.16300481272232684,0.9725343320848939
0.16321406151914628,0.972568578553616
0.1634233103159657,0.9726027397260274
0.1636325591127851,0.972636815920398
0.1638418079096045,0.9726708074534162
0.16405105670642395,0.9727047146401985
0.16426030550324336,0.9727385377942999
0.16446955430006277,0.9727722772277227
0.16467880309688218,0.9728059332509271
0.16488805189370162,0.9728395061728395
0.16509730069052103,0.9728729963008631
0.16530654948734044,0.9729064039408867
0.16551579828415985,0.972939729397294
0.1657250470809793,0.972972972972973
0.1659342958777987,0.9730061349693252
0.16614354467461812,0.9730392156862745
0.16635279347143753,0.9730722154222766
0.16656204226825697,0.9731051344743277
0.16677129106507638,0.9731379731379731
0.1669805398618958,0.973170731707317
0.1671897886587152,0.9732034104750305
0.16739903745553464,0.9732360097323601
0.16760828625235405,0.9732685297691372
0.16781753504917346,0.9733009708737864
0.16802678384599287,0.9733333333333334
0.1682360326428123,0.9733656174334141
0.16844528143963172,0.973397823458283
0.16865453023645113,0.9734299516908212
0.16886377903327057,0.9734620024125452
0.16907302783008998,0.9734939759036144
0.1692822766269094,0.97352587244284
0.1694915254237288,0.9735576923076923
0.16970077422054825,0.9735894357743097
0.16991002301736766,0.973621103117506
0.17011927181418707,0.9736526946107784
0.17032852061100648,0.9736842105263158
0.17053776940782592,0.973715651135006
0.17074701820464533,0.9737470167064439
0.17095626700146474,0.9737783075089392
0.17116551579828415,0.9738095238095238
0.1713747645951036,0.9738406658739596
0.171584013391923,0.9738717339667459
0.1717932621887424,0.9739027283511269
0.1717932621887424,0.9727488151658767
0.17200251098556182,0.9727810650887574
0.17221175978238126,0.9728132387706856
0.17242100857920067,0.9728453364817001
0.17263025737602009,0.972877358490566
0.1728395061728395,0.9729093050647821
0.17304875496965894,0.9729411764705882
0.17325800376647835,0.972972972972973
0.17346725256329776,0.9730046948356808
0.17346725256329776,0.9718640093786636
0.17367650136011717,0.9718969555035128
0.1738857501569366,0.9719298245614035
0.17409499895375602,0.9719626168224299
0.17430424775057543,0.9719953325554259
0.17451349654739484,0.972027972027972
0.17472274534421428,0.9720605355064028
0.1749319941410337,0.9720930232558139
0.1751412429378531,0.9721254355400697
0.17535049173467251,0.9721577726218097
0.17555974053149195,0.9721900347624566
0.17576898932831136,0.9722222222222222
0.17597823812513078,0.9722543352601156
0.1761874869219502,0.9722863741339491
0.17639673571876963,0.972318339100346
0.17660598451558904,0.9723502304147466
0.17681523331240845,0.9723820483314154
0.17702448210922786,0.9724137931034482
0.1772337309060473,0.9724454649827784
0.1774429797028667,0.9724770642201835
0.17765222849968612,0.9725085910652921
0.17786147729650553,0.9725400457665904
0.17807072609332497,0.9725714285714285
0.17827997489014438,0.9726027397260274
0.1784892236869638,0.9726339794754846
0.1786984724837832,0.9726651480637813
0.17890772128060264,0.9726962457337884
0.17911697007742206,0.9727272727272728
0.17932621887424147,0.9727582292849035
0.17953546767106088,0.9727891156462585
0.17974471646788032,0.9728199320498301
0.17995396526469973,0.9728506787330317
0.18016321406151914,0.9728813559322034
0.18037246285833858,0.9729119638826185
0.180581711655158,0.9729425028184893
0.1807909604519774,0.972972972972973
0.1810002092487968,0.9730033745781778
0.18120945804561625,0.9730337078651685
0.18141870684243566,0.9730639730639731
0.18162795563925507,0.9730941704035875
0.18183720443607448,0.973124300111982
0.18204645323289392,0.9731543624161074
0.18225570202971333,0.9731843575418995
0.18246495082653275,0.9732142857142857
0.18267419962335216,0.9732441471571907
0.1828834484201716,0.9732739420935412
0.183092697216991,0.9733036707452726
0.18330194601381042,0.9733333333333334
0.18351119481062983,0.9733629300776915
0.18372044360744927,0.9733924611973392
0.18392969240426868,0.973421926910299
0.1841389412010881,0.9734513274336283
0.1843481899979075,0.9734806629834254
0.18455743879472694,0.9735099337748344
0.18476668759154635,0.9735391400220507
0.18497593638836576,0.973568281938326
0.18518518518518517,0.9735973597359736
0.18539443398200461,0.9736263736263736
0.18560368277882403,0.973655323819978
0.18581293157564344,0.9736842105263158
0.18602218037246285,0.9737130339539978
0.1862314291692823,0.973741794310722
0.1864406779661017,0.9737704918032787
0.1866499267629211,0.9737991266375546
0.18685917555974052,0.9738276990185387
0.18706842435655996,0.9738562091503268
0.18727767315337937,0.9738846572361263
0.18748692195019878,0.9739130434782609
0.1876961707470182,0.9739413680781759
0.18790541954383763,0.9739696312364425
0.18811466834065704,0.9739978331527628
0.18832391713747645,0.974025974025974
0.18853316593429587,0.9740540540540541
0.1887424147311153,0.9740820734341252
0.18895166352793472,0.9741100323624595
0.18916091232475413,0.9741379310344828
0.18937016112157354,0.9741657696447793
0.18957940991839298,0.9741935483870968
0.1897886587152124,0.9742212674543501
0.1899979075120318,0.9742489270386266
0.1902071563088512,0.9742765273311897
0.19041640510567065,0.974304068522484
0.19062565390249006,0.9743315508021391
0.19062565390249006,0.9732905982905983
0.19083490269930947,0.9733191035218783
0.1910441514961289,0.9733475479744137
0.19125340029294832,0.9733759318423855
0.19146264908976773,0.973404255319149
0.19167189788658714,0.973432518597237
0.19188114668340658,0.9734607218683652
0.192090395480226,0.9734888653234358
0.1922996442770454,0.9735169491525424
0.19250889307386482,0.9735449735449735
0.19271814187068426,0.9735729386892178
0.19271814187068426,0.9725448785638859
0.19292739066750367,0.9725738396624473
0.19313663946432308,0.9726027397260274
0.1933458882611425,0.9726315789473684
0.19355513705796193,0.9726603575184016
0.19376438585478134,0.9726890756302521
0.19397363465160075,0.9727177334732424
0.19418288344842016,0.9727463312368972
0.1943921322452396,0.9727748691099476
0.194601381042059,0.9728033472803347
0.19481062983887842,0.9728317659352143
0.19501987863569784,0.9728601252609603
0.19522912743251727,0.97288842544317
0.19543837622933669,0.9729166666666667
0.1956476250261561,0.9729448491155047
0.1958568738229755,0.972972972972973
0.19606612261979495,0.9730010384215991
0.19627537141661436,0.9730290456431535
0.19648462021343377,0.9730569948186528
0.19669386901025318,0.9730848861283644
0.19669386901025318,0.9720785935884177
0.19690311780707262,0.9721074380165289
0.19711236660389203,0.9721362229102167
0.19732161540071144,0.9721649484536082
0.19753086419753085,0.972193614830072
0.1977401129943503,0.9722222222222222
0.1979493617911697,0.9722507708119219
0.19815861058798911,0.9722792607802875
0.19836785938480853,0.9723076923076923
0.19857710818162796,0.9723360655737705
0.19878635697844738,0.9723643807574207
0.1989956057752668,0.9723926380368099
0.1992048545720862,0.9724208375893769
0.19941410336890564,0.9724489795918367
0.19941410336890564,0.9714576962283384
0.19962335216572505,0.9714867617107943
0.19983260096254446,0.9715157680569685
0.20004184975936387,0.9715447154471545
0.2002510985561833,0.9715736040609138
0.2002510985561833,0.9705882352941176
0.20046034735300272,0.9706180344478217
0.20066959614982213,0.9706477732793523
0.20087884494664154,0.9706774519716885
0.20108809374346098,0.9707070707070707
0.2012973425402804,0.970736629667003
0.2015065913370998,0.9707661290322581
0.20171584013391922,0.9707955689828801
0.20192508893073866,0.9708249496981891
0.20213433772755807,0.9708542713567839
0.20234358652437748,0.9708835341365462
0.20255283532119692,0.970912738214644
0.20276208411801633,0.9709418837675351
0.20297133291483574,0.970970970970971
0.20318058171165515,0.971
0.2033898305084746,0.971028971028971
0.203599079305294,0.9710578842315369
0.2038083281021134,0.9710867397806581
0.20401757689893282,0.9711155378486056
0.20422682569575226,0.9711442786069652
0.20443607449257167,0.9711729622266402
0.20464532328939108,0.971201588877855
0.2048545720862105,0.9712301587301587
0.20506382088302993,0.9712586719524281
0.20527306967984935,0.9712871287128713
0.20548231847666876,0.9713155291790306
0.20548231847666876,0.9703557312252964
0.20569156727348817,0.9703849950641659
0.2059008160703076,0.9704142011834319
0.20611006486712702,0.9704433497536946
0.20631931366394643,0.9704724409448819
0.20652856246076584,0.9705014749262537
0.20673781125758528,0.9705304518664047
0.2069470600544047,0.9705593719332679
0.2071563088512241,0.9705882352941176
0.2073655576480435,0.970617042115573
0.20757480644486295,0.9706457925636007
0.20778405524168236,0.9706744868035191
0.20799330403850178,0.970703125
0.2082025528353212,0.9707317073170731
0.20841180163214063,0.9707602339181286
0.20862105042896004,0.9707887049659202
0.20862105042896004,0.9698443579766537
0.20883029922577945,0.9698736637512148
0.20903954802259886,0.9699029126213592
0.20903954802259886,0.9689621726479146
0.2092487968194183,0.9689922480620154
0.2092487968194183,0.968054211035818
0.2094580456162377,0.9680851063829787
0.20966729441305712,0.9681159420289855
0.20987654320987653,0.9681467181467182
0.21008579200669597,0.9681774349083896
0.21029504080351538,0.9682080924855492
0.2105042896003348,0.9682386910490857
0.2107135383971542,0.9682692307692308
0.21092278719397364,0.968299711815562
0.21113203599079305,0.9683301343570058
0.21134128478761247,0.9683604985618408
0.21155053358443188,0.9683908045977011
0.21175978238125132,0.968421052631579
0.21196903117807073,0.9684512428298279
0.21217827997489014,0.9684813753581661
0.21238752877170955,0.9685114503816794
0.212596777568529,0.9685414680648237
0.2128060263653484,0.9685714285714285
0.2130152751621678,0.9686013320647003
0.21322452395898722,0.9686311787072244
0.21343377275580666,0.9686609686609686
0.21364302155262607,0.9686907020872866
0.21385227034944548,0.9687203791469194
0.21406151914626492,0.96875
0.21427076794308433,0.9687795648060549
0.21448001673990374,0.9688090737240076
0.21468926553672316,0.9688385269121813
0.2148985143335426,0.9688679245283018
0.215107763130362,0.9688972667295005
0.21531701192718142,0.9689265536723164
0.21552626072400083,0.9689557855126999
0.21573550952082027,0.9689849624060151
0.21594475831763968,0.9690140845070423
0.21594475831763968,0.9681050656660413
0.2161540071144591,0.9681349578256795
0.2163632559112785,0.9681647940074907
0.21657250470809794,0.9681945743685687
0.21678175350491735,0.9682242990654205
0.21699100230173676,0.9682539682539683
0.21720025109855617,0.9682835820895522
0.2174094998953756,0.9683131407269339
0.21761874869219502,0.9683426443202979
0.21782799748901444,0.9683720930232558
0.21803724628583385,0.9684014869888475
0.21824649508265329,0.968430826369545
0.2184557438794727,0.9684601113172542
0.2186649926762921,0.9684893419833179
0.21887424147311152,0.9685185185185186
0.21908349026993096,0.9685476410730804
0.21929273906675037,0.9685767097966729
0.21950198786356978,0.9686057248384118
0.2197112366603892,0.9686346863468634
0.21992048545720863,0.9686635944700461
0.22012973425402804,0.9686924493554327
0.22033898305084745,0.968721251149954
0.22054823184766686,0.96875
0.2207574806444863,0.9687786960514233
0.22096672944130571,0.9688073394495413
0.22096672944130571,0.9679193400549955
0.22117597823812513,0.967948717948718
0.22138522703494454,0.9679780420860018
0.22159447583176398,0.9680073126142597
0.2218037246285834,0.9680365296803652
0.2220129734254028,0.968065693430657
0.2222222222222222,0.968094804010939
0.22243147101904165,0.9681238615664846
0.22264071981586106,0.9681528662420382
0.22284996861268047,0.9681818181818181
0.22284996861268047,0.9673024523160763
0.22305921740949988,0.9673321234119783
0.22326846620631932,0.9673617407071623
0.22326846620631932,0.9664855072463768
0.22347771500313873,0.9665158371040724
0.22368696379995814,0.9665461121157324
0.22389621259677756,0.966576332429991
0.224105461393597,0.9666064981949458
0.2243147101904164,0.9666366095581606
0.22452395898723582,0.9666666666666667
0.22452395898723582,0.9657965796579658
0.22473320778405526,0.9658273381294964
0.22494245658087467,0.9658580413297394
0.22515170537769408,0.9658886894075404
0.2253609541745135,0.9659192825112107
0.22557020297133293,0.9659498207885304
0.22577945176815234,0.9659803043867502
0.22598870056497175,0.9660107334525939
0.22619794936179116,0.966041108132261
0.2264071981586106,0.9660714285714286
0.22661644695543,0.9661016949152542
0.22682569575224942,0.966131907308378
0.22703494454906883,0.9661620658949243
0.22724419334588827,0.9661921708185054
0.22745344214270768,0.9662222222222222
0.2276626909395271,0.9662522202486679
0.2278719397363465,0.966282165039929
0.22808118853316595,0.9663120567375887
0.22829043732998536,0.9663418954827281
0.22849968612680477,0.9663716814159292
0.22870893492362418,0.9664014146772767
0.22891818372044362,0.9664310954063604
0.22912743251726303,0.9664607237422771
0.22933668131408244,0.9664902998236331
0.22954593011090185,0.9665198237885463
0.22954593011090185,0.965669014084507
0.2297551789077213,0.9656992084432717
0.2299644277045407,0.9657293497363796
0.2301736765013601,0.9657594381035997
0.23038292529817953,0.9657894736842105
0.23059217409499896,0.9658194566170026
0.23080142289181838,0.9658493870402802
0.23080142289181838,0.9650043744531933
0.2310106716886378,0.965034965034965
0.2312199204854572,0.9650655021834061
0.23142916928227664,0.9650959860383944
0.23163841807909605,0.96512641673932
0.23184766687591546,0.9651567944250871
0.23205691567273487,0.9651871192341166
0.2322661644695543,0.9652173913043478
0.23247541326637372,0.9652476107732406
0.23268466206319313,0.9652777777777778
0.23289391086001254,0.9653078924544666
0.23310315965683198,0.9653379549393414
0.2333124084536514,0.9653679653679653
0.2335216572504708,0.9653979238754326
0.23373090604729022,0.9654278305963699
0.23394015484410965,0.9654576856649395
0.23414940364092907,0.9654874892148404
0.23435865243774848,0.9655172413793104
0.2345679012345679,0.9655469422911284
0.23477715003138733,0.9655765920826161
0.23498639882820674,0.9656061908856406
0.23519564762502615,0.9656357388316151
0.23540489642184556,0.9656652360515021
0.235614145218665,0.9656946826758147
0.2358233940154844,0.9657240788346186
0.23603264281230382,0.9657534246575342
0.23624189160912326,0.9657827202737382
0.23645114040594267,0.9658119658119658
0.23666038920276208,0.9658411614005123
0.2368696379995815,0.9658703071672355
0.23707888679640093,0.9658994032395567
0.23728813559322035,0.9659284497444633
0.23749738439003976,0.9659574468085106
0.23770663318685917,0.9659863945578231
0.2379158819836786,0.9660152931180969
0.23812513078049802,0.966044142614601
0.23833437957731743,0.9660729431721798
0.23854362837413684,0.9661016949152542
0.23854362837413684,0.9652836579170194
0.23875287717095628,0.9653130287648054
0.2389621259677757,0.9653423499577346
0.2391713747645951,0.9653716216216216
0.2393806235614145,0.9654008438818565
0.23958987235823395,0.9654300168634065
0.23979912115505336,0.9654591406908172
0.24000836995187277,0.9654882154882155
0.24021761874869219,0.9655172413793104
0.24042686754551162,0.965546218487395
0.24063611634233104,0.9655751469353484
0.24063611634233104,0.964765100671141
0.24084536513915045,0.9647946353730092
0.24105461393596986,0.964824120603015
0.2412638627327893,0.9648535564853556
0.2414731115296087,0.9648829431438127
0.24168236032642812,0.9649122807017544
0.24189160912324753,0.9649415692821369
0.24210085792006697,0.9649708090075062
0.24231010671688638,0.965
0.2425193555137058,0.9650291423813488
0.2427286043105252,0.9650582362728786
0.24293785310734464,0.9650872817955112
0.24314710190416405,0.9651162790697675
0.24335635070098346,0.9651452282157676
0.24356559949780288,0.9651741293532339
0.24377484829462231,0.9652029826014913
0.24398409709144173,0.9652317880794702
0.24419334588826114,0.9652605459057072
0.24440259468508055,0.9652892561983472
0.2446118434819,0.9653179190751445
0.2448210922787194,0.9653465346534653
0.2450303410755388,0.9653751030502885
0.24523958987235822,0.9654036243822076
0.24544883866917766,0.9654320987654321
0.24565808746599707,0.9654605263157895
0.24586733626281648,0.9654889071487264
0.2460765850596359,0.9655172413793104
0.24628583385645533,0.9655455291222313
0.24649508265327474,0.9655737704918033
0.24670433145009416,0.9656019656019657
0.24691358024691357,0.9656301145662848
0.247122829043733,0.9656582174979559
0.24733207784055242,0.9656862745098039
0.24754132663737183,0.9657142857142857
0.24775057543419127,0.965742251223491
0.24795982423101068,0.9657701711491442
0.2481690730278301,0.9657980456026058
0.2483783218246495,0.9658258746948739
0.24858757062146894,0.9658536585365853
0.24879681941828835,0.9658813972380179
0.24900606821510776,0.9659090909090909
0.24921531701192717,0.9659367396593674
0.2494245658087466,0.965964343598055
0.24963381460556602,0.965991902834008
0.24984306340238543,0.9660194174757282
0.2500523121992049,0.9660468876313663
0.25026156099602426,0.9660743134087237
0.2504708097928437,0.9661016949152542
0.25068005858966314,0.9661290322580646
0.2508893073864825,0.9661563255439162
0.25109855618330196,0.966183574879227
0.25130780498012134,0.9662107803700724
0.2515170537769408,0.9662379421221865
0.2517263025737602,0.9662650602409638
0.2517263025737602,0.9654895666131621
0.2519355513705796,0.9655172413793104
0.25214480016739904,0.9655448717948718
0.2523540489642185,0.9655724579663731
0.25256329776103786,0.9656
0.2527725465578573,0.9656274980015987
0.2529817953546767,0.9656549520766773
0.2531910441514961,0.965682362330407
0.25340029294831556,0.9657097288676236
0.25360954174513495,0.9657370517928286
0.25360954174513495,0.964968152866242
0.2538187905419544,0.9649960222752586
0.2540280393387738,0.9650238473767886
0.2542372881355932,0.9650516282764099
0.25444653693241265,0.9650793650793651
0.25465578572923203,0.9651070578905631
0.25486503452605147,0.96513470681458
0.2550742833228709,0.9651623119556612
0.2550742833228709,0.9643987341772152
0.2552835321196903,0.9644268774703557
0.25549278091650973,0.9644549763033176
0.25549278091650973,0.9636937647987371
0.25570202971332917,0.9637223974763407
0.25591127851014855,0.9637509850275807
0.256120527306968,0.9637795275590552
0.2563297761037874,0.963808025177026
0.2565390249006068,0.9638364779874213
0.2565390249006068,0.9630793401413983
0.25674827369742625,0.9631083202511774
0.25695752249424564,0.9631372549019608
0.25695752249424564,0.9623824451410659
0.2571667712910651,0.9624119028974158
0.2573760200878845,0.9624413145539906
0.2575852688847039,0.962470680218921
0.25779451768152334,0.9625
0.2580037664783427,0.9625292740046838
0.25821301527516216,0.9625585023400937
0.25821301527516216,0.9618082618862042
0.2584222640719816,0.9618380062305296
0.258631512868801,0.9618677042801557
0.2588407616656204,0.9618973561430794
0.25905001046243986,0.9619269619269619
0.25905001046243986,0.9611801242236024
0.25925925925925924,0.9612102404965089
0.2594685080560787,0.9612403100775194
0.2596777568528981,0.9612703330751355
0.2598870056497175,0.9613003095975232
0.26009625444653695,0.9613302397525135
0.26030550324335633,0.9613601236476044
0.26051475204017577,0.9613899613899614
0.2607240008369952,0.9614197530864198
0.2607240008369952,0.9606784888203547
0.2609332496338146,0.960708782742681
0.26114249843063403,0.9607390300230947
0.26135174722745347,0.9607692307692308
0.26156099602427285,0.9607993850883936
0.2617702448210923,0.9608294930875576
0.2619794936179117,0.9608595548733692
0.2621887424147311,0.9608895705521472
0.26239799121155055,0.960919540229885
0.26260724000836994,0.9609494640122511
0.2628164888051894,0.9609793420045907
0.2630257376020088,0.9610091743119266
0.2632349863988282,0.961038961038961
0.26344423519564764,0.9610687022900763
0.263653483992467,0.9610983981693364
0.26386273278928646,0.9611280487804879
0.2640719815861059,0.9611576542269612
0.2642812303829253,0.9611872146118722
0.2644904791797447,0.9612167300380228
0.26469972797656416,0.9612462006079028
0.26490897677338354,0.9612756264236902
0.265118225570203,0.9613050075872535
0.26532747436702236,0.9613343442001516
0.2655367231638418,0.9613636363636363
0.26574597196066124,0.9613928841786525
0.2659552207574806,0.9614220877458396
0.26616446955430006,0.9614512471655329
0.2663737183511195,0.9614803625377644
0.2665829671479389,0.9615094339622642
0.2667922159447583,0.9615384615384616
0.2670014647415777,0.9615674453654861
0.26721071353839715,0.9615963855421686
0.2674199623352166,0.9616252821670429
0.26762921113203597,0.9616541353383459
0.2678384599288554,0.9616829451540195
0.2678384599288554,0.960960960960961
0.26804770872567485,0.9609902475618904
0.26825695752249423,0.9610194902548725
0.26846620631931367,0.9610486891385768
0.26867545511613306,0.9610778443113772
0.2688847039129525,0.9611069558713538
0.26909395270977193,0.9611360239162929
0.2693032015065913,0.9611650485436893
0.26951245030341076,0.9611940298507463
0.2697216991002302,0.9612229679343773
0.2699309478970496,0.9612518628912071
0.270140196693869,0.9612807148175726
0.27034944549068846,0.9613095238095238
0.27055869428750784,0.9613382899628253
0.2707679430843273,0.9613670133729569
0.27097719188114666,0.961395694135115
0.2711864406779661,0.9614243323442137
0.27139568947478554,0.9614529280948851
0.27139568947478554,0.9607407407407408
0.2716049382716049,0.9607698001480385
0.27181418706842436,0.9607988165680473
0.2720234358652438,0.9608277900960828
0.2722326846620632,0.9608567208271788
0.2724419334588826,0.9608856088560885
0.272651182255702,0.9609144542772862
0.27286043105252145,0.9609432571849669
0.2730696798493409,0.9609720176730486
0.27327892864616027,0.9610007358351729
0.2734881774429797,0.9610294117647059
0.2734881774429797,0.9603232916972814
0.27369742623979915,0.960352422907489
0.27390667503661853,0.9603815113719736
0.27411592383343797,0.9604105571847508
0.27432517263025735,0.9604395604395605
0.2745344214270768,0.9604685212298683
0.27474367022389623,0.9604974396488661
0.2749529190207156,0.9605263157894737
0.27516216781753505,0.960555149744339
0.2753714166143545,0.9605839416058394
0.2755806654111739,0.9606126914660832
0.2757899142079933,0.9606413994169096
0.2759991630048127,0.9606700655498908
0.27620841180163214,0.9606986899563319
0.2764176605984516,0.9607272727272728
0.27662690939527096,0.9607558139534884
0.2768361581920904,0.9607843137254902
0.27704540698890984,0.9608127721335269
0.2772546557857292,0.9608411892675852
0.27746390458254866,0.9608695652173913
0.27767315337936804,0.9608979000724113
0.2778824021761875,0.9609261939218524
0.2780916509730069,0.9609544468546638
0.2783008997698263,0.9609826589595376
0.2783008997698263,0.9602888086642599
0.27851014856664574,0.9603174603174603
0.2787193973634652,0.9603460706560922
0.27892864616028457,0.9603746397694525
0.279137894957104,0.9604031677465803
0.2793471437539234,0.960431654676259
0.2795563925507428,0.9604601006470166
0.27976564134756227,0.9604885057471264
0.27997489014438165,0.9605168700646087
0.2801841389412011,0.960545193687231
0.2803933877380205,0.9605734767025089
0.2806026365348399,0.9606017191977078
0.28081188533165935,0.9606299212598425
0.2810211341284788,0.9606580829756796
0.2812303829252982,0.9606862044317369
0.2814396317221176,0.9607142857142857
0.281648880518937,0.9607423269093505
0.28185812931575643,0.9607703281027105
0.2820673781125759,0.9607982893799002
0.28227662690939526,0.9608262108262108
0.2824858757062147,0.9608540925266904
0.28269512450303413,0.9608819345661451
0.2829043732998535,0.9609097370291401
0.28311362209667296,0.9609375
0.28332287089349234,0.9609652235628106
0.2835321196903118,0.9609929078014184
0.2837413684871312,0.961020552799433
0.2839506172839506,0.9610481586402266
0.28415986608077004,0.9610757254069356
0.2843691148775895,0.9611032531824611
0.28457836367440886,0.9611307420494699
0.2847876124712283,0.9611581920903954
0.2849968612680477,0.9611856033874383
0.2852061100648671,0.961212976022567
0.28541535886168656,0.9612403100775194
0.28562460765850595,0.9612676056338029
0.2858338564553254,0.9612948627726953
0.2860431052521448,0.9613220815752461
0.2860431052521448,0.960646521433591
0.2862523540489642,0.9606741573033708
0.28646160284578365,0.960701754385965
0.28667085164260303,0.9607293127629734
0.28688010043942247,0.9607568325157674
0.2870893492362419,0.9607843137254902
0.2872985980330613,0.960811756473058
0.28750784682988073,0.9608391608391609
0.28771709562670017,0.9608665269042628
0.28792634442351955,0.9608938547486033
0.288135593220339,0.9609211444521982
0.2883448420171584,0.9609483960948396
0.2885540908139778,0.9609756097560975
0.28876333961079725,0.9610027855153204
0.28876333961079725,0.9603340292275574
0.28897258840761664,0.9603616133518776
0.2891818372044361,0.9603891591382905
0.2893910860012555,0.9604166666666667
0.2896003347980749,0.9604441360166551
0.28980958359489434,0.9604715672676838
0.2900188323917137,0.9604989604989606
0.29022808118853316,0.9605263157894737
0.2904373299853526,0.960553633217993
0.2904373299853526,0.9598893499308437
0.290646578782172,0.9599170697995854
0.2908558275789914,0.9599447513812155
0.29106507637581086,0.9599723947550034
0.29127432517263024,0.96
0.2914835739694497,0.9600275671950379
0.29169282276626907,0.9600550964187328
0.2919020715630885,0.9600825877494839
0.29211132035990794,0.9601100412654745
0.29232056915672733,0.9601374570446736
0.29252981795354677,0.9601648351648352
0.2927390667503662,0.9601921757035004
0.2929483155471856,0.9602194787379973
0.29315756434400503,0.9602467443454421
0.29336681314082447,0.9602739726027397
0.29357606193764385,0.9603011635865846
0.2937853107344633,0.960328317373461
0.2939945595312827,0.9603554340396445
0.2942038083281021,0.9603825136612022
0.29441305712492155,0.9604095563139932
0.29462230592174093,0.9604365620736699
0.29462230592174093,0.9597818677573279
0.29462230592174093,0.9591280653950953
0.2948315547185604,0.9591558883594282
0.2950408035153798,0.9591836734693877
0.2952500523121992,0.9592114208021754
0.2952500523121992,0.9585597826086957
0.29545930110901863,0.9585879158180584
0.295668549905838,0.9586160108548168
0.29587779870265746,0.9586440677966102
0.2960870474994769,0.9586720867208672
0.2962962962962963,0.9587000677048071
0.2965055450931157,0.9587280108254398
0.29671479388993516,0.9587559161595672
0.29692404268675454,0.9587837837837838
0.297133291483574,0.9588116137744767
0.297133291483574,0.9581646423751687
0.29734254028039336,0.9581928523263655
0.2975517890772128,0.9582210242587601
0.29776103787403224,0.9582491582491582
0.2979702866708516,0.9582772543741588
0.29817953546767106,0.9583053127101546
0.2983887842644905,0.9583333333333334
0.2985980330613099,0.9583613163196776
0.2988072818581293,0.9583892617449664
0.2990165306549487,0.9584171696847753
0.29922577945176815,0.9584450402144772
0.2994350282485876,0.9584728734092431
0.29964427704540697,0.9585006693440429
0.2998535258422264,0.9585284280936455
0.30006277463904585,0.9585561497326203
0.30006277463904585,0.9579158316633266
0.30027202343586523,0.9579439252336449
0.30048127223268467,0.9579719813208806
0.30069052102950405,0.958
0.30069052102950405,0.9573617588274483
0.3008997698263235,0.9573901464713716
0.30110901862314293,0.957418496340652
0.30110901862314293,0.956781914893617
0.30110901862314293,0.9561461794019933
0.3013182674199623,0.9561752988047809
0.30152751621678175,0.9562043795620438
0.3017367650136012,0.9562334217506632
0.3019460138104206,0.9562624254473161
0.30215526260724,0.9562913907284768
0.3023645114040594,0.9563203176704169
0.30257376020087884,0.9563492063492064
0.3027830089976983,0.9563780568407139
0.30299225779451766,0.9564068692206077
0.3032015065913371,0.9564356435643564
0.30341075538815654,0.9564643799472295
0.3036200041849759,0.956493078444298
0.30382925298179536,0.9565217391304348
0.3040385017786148,0.956550362080316
0.3042477505754342,0.9565789473684211
0.3044569993722536,0.9566074950690335
0.304666248169073,0.9566360052562418
0.30487549696589245,0.9566644780039396
0.3050847457627119,0.9566929133858267
0.30529399455953127,0.9567213114754098
0.3055032433563507,0.9567496723460026
0.30571249215317015,0.9567779960707269
0.30592174094998953,0.9568062827225131
0.30613098974680897,0.9568345323741008
0.30634023854362835,0.9568627450980393
0.3065494873404478,0.9568909209666885
0.30675873613726723,0.9569190600522193
0.3069679849340866,0.9569471624266145
0.30717723373090605,0.9569752281616688
0.3073864825277255,0.9570032573289903
0.3075957313245449,0.95703125
0.3078049801213643,0.9570592062459337
0.3080142289181837,0.9570871261378413
0.30822347771500314,0.9571150097465887
0.3084327265118226,0.9571428571428572
0.30864197530864196,0.9571706683971447
0.3088512241054614,0.9571984435797666
0.30906047290228084,0.9572261827608555
0.3092697216991002,0.9572538860103627
0.30947897049591966,0.9572815533980582
0.30968821929273904,0.9573091849935317
0.3098974680895585,0.9573367808661927
0.3101067168863779,0.9573643410852714
0.3103159656831973,0.9573918657198193
0.31052521448001674,0.9574193548387097
0.3107344632768362,0.9574468085106383
0.31094371207365556,0.9574742268041238
0.311152960870475,0.9575016097875081
0.3113622096672944,0.9575289575289575
0.3115714584641138,0.957556270096463
0.31178070726093327,0.9575835475578406
0.31198995605775265,0.9576107899807321
0.3121992048545721,0.9576379974326059
0.3124084536513915,0.9576651699807569
0.3124084536513915,0.9570512820512821
0.3126177024482109,0.957078795643818
0.31282695124503035,0.9571062740076824
0.31303620004184973,0.9571337172104927
0.31324544883866917,0.9571611253196931
0.3134546976354886,0.9571884984025559
0.313663946432308,0.9572158365261814
0.31387319522912743,0.9572431397574984
0.31408244402594687,0.9572704081632653
0.31429169282276626,0.9572976418100702
0.3145009416195857,0.9573248407643312
0.3145009416195857,0.9567154678548695
0.31471019041640513,0.9567430025445293
0.3149194392132245,0.9567705022250477
0.31512868801004396,0.9567979669631512
0.31533793680686334,0.9568253968253968
0.3155471856036828,0.9568527918781726
0.3155471856036828,0.9562460367786937
0.3157564344005022,0.9562737642585551
0.3157564344005022,0.9556681443951869
0.3159656831973216,0.9556962025316456
0.31617493199414104,0.9557242251739405
0.3163841807909605,0.9557522123893806
0.31659342958777986,0.9557801642451043
0.3168026783845993,0.9558080808080808
0.3170119271814187,0.9558359621451105
0.3170119271814187,0.955233291298865
0.3172211759782381,0.9552614996849401
0.31743042477505756,0.9552896725440806
0.31763967357187695,0.9553178099433606
0.31763967357187695,0.9547169811320755
0.3178489223686964,0.9547454431175362
0.3180581711655158,0.9547738693467337
0.3182674199623352,0.9548022598870056
0.31847666875915465,0.9548306148055207
0.31868591755597403,0.954858934169279
0.31889516635279347,0.9548872180451128
0.3191044151496129,0.954915466499687
0.3193136639464323,0.9549436795994993
0.31952291274325173,0.9549718574108818
0.31973216154007117,0.955
0.31994141033689055,0.9550281074328545
0.32015065913371,0.9550561797752809
0.3203599079305294,0.9550842170929508
0.3205691567273488,0.9551122194513716
0.32077840552416825,0.9551401869158879
0.32098765432098764,0.9551681195516812
0.3211969031178071,0.955196017423771
0.3214061519146265,0.9552238805970149
0.3216154007114459,0.9552517091361094
0.32182464950826534,0.9552795031055901
0.3220338983050847,0.9553072625698324
0.32224314710190416,0.9553349875930521
0.3224523958987236,0.9553626782393057
0.322661644695543,0.9553903345724907
0.3228708934923624,0.9554179566563468
0.32308014228918186,0.9554455445544554
0.32328939108600124,0.9554730983302412
0.3234986398828207,0.9555006180469716
0.32370788867964007,0.9555281037677579
0.3239171374764595,0.9555555555555556
0.32412638627327894,0.9555829734731647
0.3243356350700983,0.9556103575832305
0.32454488386691777,0.955637707948244
0.3247541326637372,0.9556650246305419
0.3249633814605566,0.9556923076923077
0.325172630257376,0.955719557195572
0.3253818790541954,0.9557467732022127
0.32559112785101485,0.9557739557739557
0.3258003766478343,0.9558011049723757
0.3260096254446537,0.9558282208588957
0.3262188742414731,0.9558553034947884
0.3262188742414731,0.9552696078431373
0.32642812303829255,0.9552969993876301
0.32663737183511193,0.9553243574051408
0.3268466206319314,0.9553516819571866
0.3270558694287508,0.9553789731051344
0.3272651182255702,0.9554062309102016
0.32747436702238963,0.9554334554334555
0.327683615819209,0.9554606467358145
0.327683615819209,0.9548780487804878
0.32789286461602846,0.9549055453991468
0.3281021134128479,0.9549330085261876
0.3283113622096673,0.9549604382227632
0.3283113622096673,0.9543795620437956
0.3285206110064867,0.9544072948328267
0.32872985980330616,0.9544349939246659
0.32893910860012554,0.9544626593806922
0.329148357396945,0.9544902912621359
0.32935760619376436,0.9545178896300789
0.3295668549905838,0.9545454545454546
0.32977610378740324,0.9545729860690491
0.3299853525842226,0.9546004842615012
0.33019460138104206,0.9546279491833031
0.3304038501778615,0.9546553808948005
0.3306130989746809,0.9546827794561934
0.3308223477715003,0.9547101449275363
0.3310315965683197,0.9547374773687387
0.33124084536513915,0.9547647768395657
0.3314500941619586,0.9547920433996383
0.33165934295877797,0.9548192771084337
0.3318685917555974,0.954846478025286
0.33207784055241685,0.9548736462093863
0.33228708934923623,0.9549007817197835
0.33249633814605567,0.9549278846153846
0.33270558694287505,0.954954954954955
0.3329148357396945,0.9549819927971188
0.33312408453651393,0.9550089982003599
0.3333333333333333,0.9550359712230215
0.33354258213015275,0.9550629119233074
0.3337518309269722,0.9550898203592815
0.3339610797237916,0.9551166965888689
0.334170328520611,0.9551435406698564
0.334170328520611,0.9545726240286909
0.3343795773174304,0.954599761051374
0.33458882611424984,0.9546268656716418
0.3347980749110693,0.954653937947494
0.3347980749110693,0.9540846750149076
0.33500732370788866,0.9541120381406436
0.3352165725047081,0.9541393686718285
0.33542582130152754,0.9541666666666667
0.33542582130152754,0.9535990481856038
0.3356350700983469,0.9536266349583828
0.33584431889516636,0.9536541889483066
0.33605356769198574,0.9536817102137767
0.33605356769198574,0.9531157270029673
0.33605356769198574,0.9525504151838672
0.3362628164888052,0.95257854179016
0.3364720652856246,0.95260663507109
0.336681314082444,0.9526346950858496
0.33689056287926344,0.9526627218934911
0.3370998116760829,0.9526907155529273
0.33730906047290227,0.9527186761229315
0.3375183092697217,0.9527466036621383
0.33772755806654114,0.9527744982290437
0.33793680686336053,0.9528023598820059
0.33814605566017997,0.9528301886792453
0.33835530445699935,0.952857984678845
0.3385645532538188,0.9528857479387515
0.33877380205063823,0.9529134785167745
0.3389830508474576,0.9529411764705882
0.33919229964427705,0.9529688418577308
0.3394015484410965,0.9529964747356052
0.3396107972379159,0.9530240751614797
0.3398200460347353,0.9530516431924883
0.3398200460347353,0.9524926686217009
0.3398200460347353,0.9519343493552169
0.3398200460347353,0.9513766842413591
0.3400292948315547,0.9514051522248244
0.34023854362837413,0.9514335868929198
0.3404477924251936,0.9514619883040936
0.34065704122201296,0.9514903565166569
0.3408662900188324,0.951518691588785
0.34107553881565184,0.9515469935785172
0.3412847876124712,0.9515752625437572
0.34149403640929066,0.9516034985422741
0.34170328520611004,0.9516317016317016
0.3419125340029295,0.9516598718695399
0.3419125340029295,0.9511059371362048
0.3421217827997489,0.9511343804537522
0.3421217827997489,0.9505813953488372
0.3423310315965683,0.9506101104009297
0.34254028039338774,0.9506387921022067
0.3427495291902072,0.950667440510737
0.34295877798702656,0.9506960556844548
0.343168026783846,0.9507246376811594
0.3433772755806654,0.9507531865585168
0.3435865243774848,0.950781702374059
0.34379577317430426,0.9508101851851852
0.34400502197112365,0.9508386350491613
0.3442142707679431,0.9508670520231214
0.3444235195647625,0.950895436164067
0.3446327683615819,0.9509237875288684
0.34484201715840135,0.9509521061742643
0.34505126595522073,0.9509803921568627
0.34526051475204017,0.9510086455331412
0.3454697635488596,0.951036866359447
0.345679012345679,0.9510650546919976
0.34588826114249843,0.9510932105868815
0.34609750993931787,0.9511213341000575
0.34630675873613725,0.9511494252873564
0.3465160075329567,0.9511774842044802
0.3467252563297761,0.9512055109070034
0.3469345051265955,0.9512335054503729
0.34714375392341495,0.9512614678899083
0.34735300272023434,0.9512893982808023
0.3475622515170538,0.9513172966781214
0.3477715003138732,0.951345163136806
0.3479807491106926,0.9513729977116705
0.34818999790751204,0.9514008004574043
0.3483992467043315,0.9514285714285714
0.34860849550115086,0.9514563106796117
0.34860849550115086,0.9509132420091324
0.3488177442979703,0.9509412435824302
0.3490269930947897,0.95096921322691
0.3492362418916091,0.950997150997151
0.34944549068842856,0.9510250569476082
0.34965473948524795,0.9510529311326124
0.34965473948524795,0.9505119453924915
0.3498639882820674,0.9505400795906765
0.3500732370788868,0.9505681818181818
0.3502824858757062,0.9505962521294719
0.35049173467252565,0.9506242905788876
0.35070098346934503,0.9506522972206466
0.35091023226616447,0.9506802721088435
0.3511194810629839,0.9507082152974504
0.3513287298598033,0.950736126840317
0.35153797865662273,0.9507640067911715
0.35174722745344217,0.9507918552036199
0.35195647625026155,0.9508196721311475
0.352165725047081,0.9508474576271186
0.3523749738439004,0.950875211744777
0.3525842226407198,0.9509029345372461
0.35279347143753925,0.9509306260575296
0.35300272023435864,0.9509582863585119
0.3532119690311781,0.9509859154929577
0.3534212178279975,0.9510135135135135
0.3534212178279975,0.9504783342712436
0.3536304666248169,0.9505061867266592
0.35383971542163634,0.9505340078695896
0.3540489642184557,0.950561797752809
0.35425821301527516,0.9505895564289725
0.3544674618120946,0.9506172839506173
0.354676710608914,0.9506449803701627
0.3548859594057334,0.9506726457399103
0.3548859594057334,0.9501400560224089
0.3548859594057334,0.9496080627099664
0.3548859594057334,0.949076664801343
0.35509520820255286,0.9491051454138703
0.35530445699937224,0.9491335941866965
0.3555137057961917,0.9491620111731843
0.35572295459301106,0.9491903964265773
0.35572295459301106,0.9486607142857143
0.3559322033898305,0.9486893474623536
0.35614145218664994,0.9487179487179487
0.3563507009834693,0.9487465181058495
0.35655994978028877,0.9487750556792873
0.3567691985771082,0.9488035614913745
0.3569784473739276,0.9488320355951056
0.3569784473739276,0.9483046136742634
0.357187696170747,0.9483333333333334
0.3573969449675664,0.9483620210993893
0.35760619376438585,0.9483906770255272
0.3578154425612053,0.9484193011647255
0.3578154425612053,0.9478935698447893
0.35802469135802467,0.9479224376731302
0.3582339401548441,0.9479512735326688
0.35844318895166355,0.9479800774764804
0.35865243774848293,0.9480088495575221
0.35886168654530237,0.9480375898286346
0.35907093534212176,0.9480662983425414
0.35907093534212176,0.9475427940364439
0.3592801841389412,0.9475717439293598
0.35948943293576063,0.9476006618863761
0.35969868173258,0.9476295479603087
0.35990793052939946,0.9476584022038568
0.35990793052939946,0.947136563876652
0.3601171793262189,0.9471656576774904
0.3603264281230383,0.9471947194719472
0.3605356769198577,0.9472237493128093
0.36074492571667716,0.9472527472527472
0.36095417451349654,0.9472817133443163
0.361163423310316,0.9473106476399561
0.36137267210713536,0.9473395501919912
0.3615819209039548,0.9473684210526315
0.36179116970077424,0.9473972602739726
0.36179116970077424,0.9468784227820373
0.3620004184975936,0.9469074986316366
0.3620004184975936,0.9463894967177243
0.36220966729441306,0.9464188080918535
0.3624189160912325,0.946448087431694
0.3626281648880519,0.9464773347897324
0.3626281648880519,0.9459606986899564
0.3628374136848713,0.9459901800327333
0.3628374136848713,0.945474372955289
0.3630466624816907,0.9455040871934605
0.3630466624816907,0.9449891067538126
0.36325591127851015,0.945019052803484
0.3634651600753296,0.9450489662676823
0.36367440887214897,0.945078847199565
0.3638836576689684,0.9451086956521739
0.36409290646578785,0.9451385116784357
0.36409290646578785,0.9446254071661238
0.36409290646578785,0.9441128594682583
0.36430215526260723,0.9441431670281996
0.36451140405942667,0.9441734417344173
0.36451140405942667,0.9436619718309859
0.36472065285624605,0.9436924742826205
0.3649299016530655,0.9437229437229437
0.36513915044988493,0.9437533802055165
0.3653483992467043,0.9437837837837838
0.36555764804352375,0.9438141545110751
0.3657668968403432,0.9438444924406048
0.3659761456371626,0.9438747976254722
0.366185394433982,0.9439050701186623
0.3663946432308014,0.9439353099730459
0.36660389202762084,0.9439655172413793
0.3668131408244403,0.9439956919763058
0.36702238962125966,0.9440258342303552
0.3672316384180791,0.9440559440559441
0.36744088721489854,0.9440860215053763
0.3676501360117179,0.9441160666308437
0.36785938480853736,0.9441460794844253
0.36806863360535674,0.9441760601180891
0.3682778824021762,0.944206008583691
0.3684871311989956,0.9442359249329759
0.368696379995815,0.9442658092175777
0.36890562879263444,0.9442956614890198
0.3691148775894539,0.9443254817987152
0.36932412638627327,0.9443552701979668
0.3695333751830927,0.9443850267379679
0.3697426239799121,0.9444147514698022
0.3699518727767315,0.9444444444444444
0.37016112157355097,0.9444741057127602
0.37016112157355097,0.9439701173959445
0.37037037037037035,0.944
0.3705796191671898,0.9440298507462687
0.37078886796400923,0.9440596696856686
0.3709981167608286,0.9440894568690096
0.37120736555764805,0.944119212346993
0.37120736555764805,0.9436170212765957
0.3714166143544675,0.9436469962785752
0.3716258631512869,0.9436769394261424
0.3718351119481063,0.9437068507700478
0.3720443607449257,0.9437367303609342
0.37225360954174513,0.9437665782493369
0.3724628583385646,0.943796394485684
0.37267210713538396,0.9438261791202968
0.3728813559322034,0.9438559322033898
0.37309060472902283,0.9438856537850715
0.37309060472902283,0.9433862433862434
0.37309060472902283,0.9428873611845584
0.3732998535258422,0.9429175475687104
0.37350910232266166,0.9429477020602218
0.37371835111948104,0.9429778247096093
0.3739275999163005,0.9430079155672824
0.3741368487131199,0.9430379746835443
0.3743460975099393,0.9430680021085925
0.37455534630675874,0.9430979978925185
0.37455534630675874,0.9426013691416535
0.3747645951035782,0.9426315789473684
0.37497384390039756,0.9426617569700158
0.375183092697217,0.9426919032597266
0.3753923414940364,0.9427220178665265
0.3756015902908558,0.9427521008403361
0.3756015902908558,0.9422572178477691
0.37581083908767526,0.9422875131164743
0.37602008788449465,0.9423177766124803
0.3762293366813141,0.9423480083857443
0.3764385854781335,0.9423782084861184
0.3764385854781335,0.9418848167539267
0.3766478342749529,0.9419152276295133
0.37685708307177235,0.9419456066945606
0.37706633186859173,0.9419759539989545
0.37727558066541117,0.9420062695924765
0.3774848294622306,0.9420365535248042
0.37769407825905,0.9420668058455115
0.37769407825905,0.9415753781950965
0.37790332705586943,0.9416058394160584
0.37811257585268887,0.9416362688900469
0.37832182464950825,0.9416666666666667
0.3785310734463277,0.941697032795419
0.3787403222431471,0.9417273673257024
0.3789495710399665,0.9417576703068122
0.37915881983678595,0.9417879417879418
0.37936806863360534,0.9418181818181818
0.3795773174304248,0.9418483904465212
0.3797865662272442,0.9418785677218474
0.3799958150240636,0.941908713692946
0.38020506382088304,0.9419388284085018
0.3804143126177024,0.9419689119170984
0.38062356141452186,0.9419989642672191
0.3808328102113413,0.9420289855072463
0.3810420590081607,0.942058975685463
0.3812513078049801,0.9420889348500517
0.3812513078049801,0.9416020671834625
0.38146055660179956,0.9416322314049587
0.38166980539861894,0.9416623644811565
0.3818790541954384,0.9416924664602683
0.3820883029922578,0.9417225373904075
0.3822975517890772,0.9417525773195876
0.38250680058589664,0.9417825862957239
0.38271604938271603,0.9418125643666323
0.38292529817953547,0.9418425115800309
0.3831345469763549,0.9418724279835391
0.3833437957731743,0.9419023136246787
0.38355304456999373,0.9419321685508736
0.38376229336681317,0.9419619928094505
0.38397154216363255,0.9419917864476386
0.384180790960452,0.9420215495125706
0.3843900397572714,0.9420512820512821
0.3845992885540908,0.9420809841107125
0.38480853735091025,0.9421106557377049
0.38501778614772963,0.9421402969790067
0.38501778614772963,0.9416581371545547
0.3852270349445491,0.9416879795396419
0.3854362837413685,0.941717791411043
0.3856455325381879,0.941747572815534
0.38585478133500734,0.9417773237997957
0.3860640301318267,0.9418070444104135
0.38627327892864616,0.9418367346938775
0.3864825277254656,0.9418663946965834
0.386691776522285,0.9418960244648318
0.3869010253191044,0.9419256240448294
0.38711027411592386,0.9419551934826884
0.38731952291274324,0.9419847328244275
0.3875287717095627,0.9420142421159715
0.3875287717095627,0.9415353329944077
0.38773802050638206,0.9415650406504065
0.3879472693032015,0.941594718131031
0.38815651810002094,0.9416243654822335
0.3883657668968403,0.9416539827498731
0.38857501569365976,0.941683569979716
0.3887842644904792,0.9417131272174354
0.3889935132872986,0.9417426545086119
0.389202762084118,0.9417721518987342
0.389202762084118,0.9412955465587044
0.3894120108809374,0.9413252402630248
0.38962125967775685,0.9413549039433772
0.3898305084745763,0.9413845376452754
0.39003975727139567,0.9414141414141414
0.3902490060682151,0.9414437152953054
0.39045825486503455,0.941473259334006
0.39066750366185393,0.9415027735753908
0.39087675245867337,0.9415322580645161
0.39087675245867337,0.9410579345088161
0.39108600125549275,0.9410876132930514
0.39108600125549275,0.9406139909411173
0.3912952500523122,0.9406438631790744
0.39150449884913163,0.9406737053795877
0.391713747645951,0.9407035175879397
0.39192299644277045,0.940733299849322
0.39192299644277045,0.9402610441767069
0.3921322452395899,0.9402910185649774
0.3923414940364093,0.940320962888666
0.3925507428332287,0.9403508771929825
0.3927599916300481,0.9403807615230461
0.39296924042686754,0.9404106159238859
0.393178489223687,0.9404404404404404
0.39338773802050636,0.9404702351175588
0.3935969868173258,0.9405
0.39380623561414524,0.9405297351324338
0.39380623561414524,0.9400599400599401
0.3940154844109646,0.9400898652021967
0.39422473320778406,0.9401197604790419
0.39422473320778406,0.9396508728179551
0.3944339820046035,0.9396809571286141
0.3946432308014229,0.9397110114598903
0.3948524795982423,0.9397410358565738
0.3950617283950617,0.9397710303633648
0.39527097719188115,0.9398009950248756
0.3954802259887006,0.939830929885629
0.39568947478551997,0.9398608349900597
0.3958987235823394,0.9398907103825137
0.39610797237915885,0.9399205561072492
0.39631722117597823,0.9399503722084367
0.39631722117597823,0.939484126984127
0.39652646997279767,0.939514129895885
0.39673571876961705,0.9395441030723488
0.3969449675664365,0.9395740465577018
0.39715421636325593,0.9396039603960396
0.39715421636325593,0.9391390400791687
0.3973634651600753,0.9391691394658753
0.39757271395689475,0.9391992090954029
0.39757271395689475,0.9387351778656127
0.3977819627537142,0.9387654320987654
0.3979912115505336,0.9387956564659428
0.398200460347353,0.9388258510113469
0.3984097091441724,0.9388560157790927
0.39861895794099184,0.9388861508132085
0.3988282067378113,0.9389162561576355
0.3988282067378113,0.9384539635647464
0.39903745553463066,0.9384842519685039
0.39903745553463066,0.9380226266601082
0.3992467043314501,0.9380530973451328
0.39945595312826954,0.9380835380835381
0.3996652019250889,0.9381139489194499
0.39987445072190836,0.9381443298969072
0.40008369951872774,0.9381746810598626
0.4002929483155472,0.9382050024521824
0.4005021971123666,0.9382352941176471
0.4005021971123666,0.9377756001959824
0.400711445909186,0.9378060724779628
0.40092069470600544,0.937836514929026
0.4011299435028249,0.937866927592955
0.40133919229964427,0.9378973105134474
0.4015484410964637,0.9379276637341154
0.4017576898932831,0.9379579872984856
0.4019669386901025,0.93798828125
0.40217618748692197,0.9380185456320156
0.40238543628374135,0.9380487804878048
0.4025946850805608,0.9380789858605558
0.4025946850805608,0.9376218323586745
0.4028039338773802,0.9376522162688748
0.4030131826741996,0.937682570593963
0.40322243147101905,0.937712895377129
0.40322243147101905,0.9372568093385214
0.40322243147101905,0.9368011667476908
0.40343168026783843,0.9368318756073858
0.40364092906465787,0.9368625546381739
0.40364092906465787,0.9364077669902913
0.4038501778614773,0.9364386220281417
0.4040594266582967,0.9364694471387003
0.40426867545511613,0.9365002423654871
0.40447792425193557,0.936531007751938
0.40468717304875496,0.9365617433414044
0.4048964218455744,0.9365924491771539
0.40510567064239383,0.9366231253023706
0.40510567064239383,0.9361702127659575
0.4053149194392132,0.9362010633156114
0.40552416823603266,0.936231884057971
0.40573341703285204,0.9362626750362144
0.4059426658296715,0.9362934362934363
0.4061519146264909,0.9363241678726484
0.4063611634233103,0.9363548698167792
0.40657041222012974,0.9363855421686746
0.4067796610169492,0.9364161849710982
0.40698890981376856,0.9364467982667308
0.407198158610588,0.9364773820981713
0.4074074074074074,0.9365079365079365
0.4076166562042268,0.9365384615384615
0.40782590500104626,0.9365689572321
0.40803515379786565,0.9365994236311239
0.4082444025946851,0.9366298607777245
0.4084536513915045,0.9366602687140115
0.4086629001883239,0.9366906474820144
0.40887214898514335,0.9367209971236817
0.40908139778196273,0.9367513176808816
0.40929064657878217,0.9367816091954023
0.4094998953756016,0.9368118717089516
0.409709144172421,0.9368421052631579
0.40991839296924043,0.9368723098995696
0.41012764176605987,0.9369024856596558
0.41012764176605987,0.9364548494983278
0.41033689056287925,0.9364851957975168
0.4105461393596987,0.9365155131264916
0.4107553881565181,0.9365458015267175
0.4109646369533375,0.9365760610395804
0.41117388575015695,0.936606291706387
0.41138313454697634,0.9366364935683659
0.41138313454697634,0.9361904761904762
0.41138313454697634,0.9357448833888624
0.4115923833437958,0.9357754519505234
0.4118016321406152,0.9358059914407989
0.4120108809374346,0.9358365019011406
0.41222012973425404,0.9358669833729216
0.4124293785310734,0.9358974358974359
0.41263862732789286,0.9359278595158994
0.4128478761247123,0.9359582542694497
0.4130571249215317,0.9359886201991465
0.4130571249215317,0.9355450236966825
0.4132663737183511,0.9355755566082425
0.41347562251517056,0.9356060606060606
0.41368487131198994,0.9356365357311879
0.4138941201088094,0.935666982024598
0.41410336890562877,0.9356973995271868
0.4143126177024482,0.9357277882797732
0.41452186649926764,0.9357581483230987
0.414731115296087,0.9357884796978282
0.41494036409290647,0.9358187824445493
0.4151496128897259,0.9358490566037736
0.4153588616865453,0.9358793022159358
0.4155681104833647,0.9359095193213949
0.41577735928018417,0.9359397079604334
0.41598660807700355,0.935969868173258
0.416195856873823,0.936
0.4164051056706424,0.9360301034807149
0.4166143544674618,0.9360601786553832
0.41682360326428125,0.9360902255639098
0.41703285206110063,0.9361202442461249
0.4172421008579201,0.936150234741784
0.4174513496547395,0.9361801970905678
0.4176605984515589,0.9362101313320825
0.41786984724837833,0.9362400375058603
0.4180790960451977,0.936269915651359
0.41828834484201716,0.9362997658079625
0.4184975936388366,0.9363295880149812
0.4184975936388366,0.9358914365933552
0.418706842435656,0.9359214218896165
0.4189160912324754,0.9359513791491351
0.41912534002929486,0.935981308411215
0.41933458882611424,0.9360112097150864
0.4195438376229337,0.9360410830999066
0.41975308641975306,0.9360709286047597
0.4199623352165725,0.9361007462686567
0.42017158401339194,0.9361305361305361
0.4203808328102113,0.9361602982292637
0.42059008160703076,0.936190032603633
0.4207993304038502,0.936219739292365
0.4210085792006696,0.9362494183341089
0.421217827997489,0.9362790697674419
0.4214270767943084,0.9363086936308693
0.42163632559112785,0.9363382899628253
0.4218455743879473,0.9363678588016721
0.42205482318476667,0.9363974001857011
0.4222640719815861,0.9364269141531323
0.42247332077840555,0.936456400742115
0.42247332077840555,0.9360222531293463
0.42247332077840555,0.9355885078776645
0.42268256957522493,0.935618341824919
0.42289181837204437,0.9356481481481481
0.42310106716886375,0.9356779268857011
0.4233103159656832,0.9357076780758556
0.42351956476250263,0.9357374017568192
0.423728813559322,0.9357670979667283
0.42393806235614145,0.935796766743649
0.4241473111529609,0.935826408125577
0.4243565599497803,0.9358560221504384
0.4245658087465997,0.9358856088560885
0.4247750575434191,0.9359151682803135
0.42498430634023854,0.9359447004608294
0.425193555137058,0.9359742054352833
0.42540280393387736,0.9360036832412523
0.4256120527306968,0.9360331339162449
0.42582130152751624,0.9360625574977001
0.42582130152751624,0.9356321839080459
0.4260305503243356,0.9356617647058824
0.42623979912115506,0.9356913183279743
0.42644904791797444,0.9357208448117539
0.4266582967147939,0.9357503441945847
0.4268675455116133,0.9357798165137615
0.4270767943084327,0.9358092618065108
0.42728604310525214,0.9358386801099908
0.4274952919020716,0.9358680714612918
0.42770454069889097,0.9358974358974359
0.4279137894957104,0.9359267734553776
0.42812303829252984,0.9359560841720037
0.42833228708934923,0.9359853680841335
0.42854153588616867,0.9360146252285192
0.42875078468298805,0.9360438556418456
0.4289600334798075,0.9360730593607306
0.42916928227662693,0.9361022364217252
0.42916928227662693,0.9356751824817519
0.4293785310734463,0.9357045143638851
0.4293785310734463,0.935278030993619
0.42958777987026575,0.9353075170842825
0.4297970286670852,0.9353369763205829
0.4300062774639046,0.9353664087391899
0.4300062774639046,0.934940855323021
0.430215526260724,0.9349704411095953
0.4304247750575434,0.935
0.43063402385436284,0.935029532030895
0.4308432726511823,0.9350590372388737
0.43105252144800166,0.935088515660463
0.4312617702448211,0.9351179673321234
0.43147101904164054,0.9351473922902495
0.43147101904164054,0.9347234814143246
0.4316802678384599,0.9347530584503851
0.43188951663527936,0.9347826086956522
0.43209876543209874,0.9348121321865097
0.4323080142289182,0.934841628959276
0.4325172630257376,0.9348710990502035
0.432726511822557,0.9349005424954792
0.43293576061937644,0.9349299593312246
0.4331450094161959,0.9349593495934959
0.43335425821301526,0.9349887133182844
0.4335635070098347,0.9350180505415162
0.4337727558066541,0.9350473612990527
0.4337727558066541,0.9346257889990983
0.4339820046034735,0.9346552501126634
0.4339820046034735,0.9342342342342342
0.43419125340029296,0.9342638451148132
0.43440050219711235,0.9342934293429342
0.43440050219711235,0.9338731443994602
0.4346097509939318,0.9339028776978417
0.4348189997907512,0.933932584269663
0.4348189997907512,0.9335130278526504
0.4350282485875706,0.9335428828019757
0.43523749738439005,0.933572710951526
0.43544674618120943,0.933602512337371
0.43565599497802887,0.9336322869955157
0.4358652437748483,0.9336620349619005
0.4360744925716677,0.9336917562724014
0.43628374136848713,0.9337214509628303
0.43628374136848713,0.9333034914950761
0.43649299016530657,0.9333333333333333
0.43670223896212595,0.9333631484794276
0.4369114877589454,0.9333929369691552
0.4371207365557648,0.9334226988382485
0.4373299853525842,0.9334524341223761
0.43753923414940366,0.9334821428571428
0.43774848294622304,0.9335118250780902
0.4379577317430425,0.9335414808206958
0.4379577317430425,0.9331252786446723
0.4381669805398619,0.9331550802139037
0.4383762293366813,0.933184855233853
0.4383762293366813,0.9327693677649154
0.43858547813350074,0.9327992879394749
0.4387947269303202,0.9328291814946619
0.43900397572713956,0.9328590484659849
0.439213224523959,0.9328888888888889
0.4394224733207784,0.9329187027987561
0.4396317221175978,0.9329484902309059
0.43984097091441726,0.9329782512205947
0.44005021971123665,0.9330079858030168
0.4402594685080561,0.9330376940133037
0.4404687173048755,0.9330673758865248
0.4406779661016949,0.9330970314576872
0.44088721489851435,0.933126660761736
0.44109646369533373,0.9331562638335547
0.44130571249215317,0.9331858407079646
0.4415149612889726,0.9332153914197258
0.4415149612889726,0.9328028293545535
0.441724210085792,0.932832523199293
0.44193345888261143,0.9328621908127208
0.44193345888261143,0.9324503311258279
0.44214270767943087,0.9324801412180053
0.44235195647625025,0.9325099250110278
0.4425612052730697,0.9325396825396826
0.4427704540698891,0.9325694138386955
0.4427704540698891,0.93215859030837
0.4429797028667085,0.9321884632320564
0.4429797028667085,0.9317781690140845
0.44318895166352795,0.9318081830180378
0.44339820046034734,0.9318381706244503
0.4436074492571668,0.9318681318681319
0.4438166980539862,0.9318980667838312
0.4440259468508056,0.9319279754062363
0.44423519564762504,0.9319578577699736
0.4444444444444444,0.9319877139096094
0.44465369324126386,0.9320175438596491
0.4448629420380833,0.9320473476545375
0.4450721908349027,0.932077125328659
0.4452814396317221,0.9321068769163382
0.44549068842854156,0.9321366024518388
0.44569993722536094,0.9321663019693655
0.4459091860221804,0.9321959755030621
0.44611843481899977,0.9322256230870135
0.4463276836158192,0.9322552447552448
0.44653693241263864,0.9322848405417212
0.446746181209458,0.9323144104803494
0.44695543000627747,0.932343954604976
0.44695543000627747,0.9319371727748691
0.44695543000627747,0.9315307457479285
0.4471646788030969,0.9315605928509154
0.4473739275999163,0.9315904139433551
0.4475831763967357,0.9316202090592335
0.4477924251935551,0.9316499782324772
0.44800167399037455,0.9316797214969539
0.448210922787194,0.9317094388864724
0.44842017158401337,0.9317391304347826
0.4486294203808328,0.9317687961755758
0.4486294203808328,0.9313640312771503
0.44883866917765225,0.9313938341293965
0.44904791797447163,0.9314236111111112
0.44925716677129107,0.9314533622559653
0.4494664155681105,0.9314830875975716
0.4496756643649299,0.9315127871694842
0.44988491316174933,0.9315424610051993
0.4500941619585687,0.931572109138155
0.45030341075538816,0.9316017316017317
0.4505126595522076,0.9316313284292514
0.450721908349027,0.9316608996539792
0.450721908349027,0.9312581063553826
0.450721908349027,0.9308556611927399
0.4509311571458464,0.9308855291576674
0.45114040594266586,0.9309153713298791
0.45134965473948524,0.9309451877427708
0.4515589035363047,0.9309749784296808
0.4515589035363047,0.930573523070289
0.45176815233312406,0.930603448275862
0.4519774011299435,0.9306333476949591
0.45218664992676294,0.9306632213608957
0.45218664992676294,0.930262591476539
0.4523958987235823,0.9302925989672978
0.45260514752040176,0.9303225806451613
0.4528143963172212,0.9303525365434222
0.4530236451140406,0.9303824666953159
0.4530236451140406,0.9299828178694158
0.45323289391086,0.9300128810648347
0.4534421427076794,0.9300429184549356
0.4534421427076794,0.9296439296439296
0.45365139150449885,0.9296740994854202
0.4538606403013183,0.9297042434633519
0.45406988909813767,0.9297343616109683
0.4542791378949571,0.9297644539614561
0.45448838669177655,0.9297945205479452
0.45469763548859593,0.9298245614035088
0.45469763548859593,0.9294268605645851
0.45490688428541537,0.9294570329200513
0.45511613308223475,0.9294871794871795
0.4553253818790542,0.9295173002990175
0.45553463067587363,0.9295473953885568
0.45553463067587363,0.9291506615450278
0.455743879472693,0.9291808873720137
0.45595312826951245,0.9292110874200427
0.45595312826951245,0.9288150042625746
0.4561623770663319,0.9288453344695355
0.4563716258631513,0.9288756388415673
0.4565808746599707,0.9289059174116645
0.4567901234567901,0.928936170212766
0.45699937225360954,0.9289663972777541
0.45699937225360954,0.9285714285714286
0.457208621050429,0.9286017849553762
0.45741786984724836,0.9286321155480034
0.4576271186440678,0.9286624203821656
0.45783636744088724,0.9286926994906621
0.4580456162377066,0.9287229529062367
0.45825486503452606,0.9287531806615776
0.45846411383134544,0.9287833827893175
0.4586733626281649,0.9288135593220339
0.4588826114249843,0.928843710292249
0.4590918602218037,0.9288738357324301
0.45930110901862314,0.9289039356749894
0.4595103578154426,0.9289340101522843
0.45971960661226197,0.9289640591966173
0.4599288554090814,0.9289940828402367
0.4601381042059008,0.9290240811153359
0.4603473530027202,0.9290540540540541
0.46055660179953967,0.9290840016884762
0.46076585059635905,0.9291139240506329
0.4609750993931785,0.929143821172501
0.46118434818999793,0.9291736930860034
0.4613935969868173,0.9292035398230089
0.46160284578363675,0.9292333614153327
0.4618120945804562,0.9292631578947368
0.4620213433772756,0.9292929292929293
0.462230592174095,0.929322675641565
0.4624398409709144,0.9293523969722456
0.46264908976773383,0.9293820933165196
0.4628583385645533,0.9294117647058824
0.46306758736137266,0.9294414111717766
0.4632768361581921,0.929471032745592
0.4632768361581921,0.9290809903483005
0.46348608495501153,0.9291107382550335
0.46348608495501153,0.9287211740041929
0.4636953337518309,0.9287510477787091
0.46390458254865036,0.928780896522832
0.46411383134546974,0.9288107202680067
0.4643230801422892,0.9288405190456258
0.4643230801422892,0.9284518828451883
0.4645323289391086,0.9284818067754078
0.464741577735928,0.9285117056856187
0.46495082653274744,0.9285415796071876
0.4651600753295669,0.9285714285714286
0.46536932412638626,0.9286012526096034
0.4655785729232057,0.9286310517529215
0.4655785729232057,0.9282436378806842
0.4657878217200251,0.9282735613010842
0.4659970705168445,0.9283034597749062
0.46620631931366396,0.9283333333333333
0.46620631931366396,0.9279466888796335
0.46641556811048335,0.9279766860949209
0.4666248169073028,0.928006658343737
0.4668340657041222,0.9280366056572379
0.4670433145009416,0.9280665280665281
0.4670433145009416,0.9276807980049875
0.46725256329776105,0.927710843373494
0.46725256329776105,0.9273255813953488
0.46725256329776105,0.9269406392694064
0.46746181209458043,0.9269709543568465
0.46767106089139987,0.9270012442969722
0.4678803096882193,0.9270315091210614
0.4680895584850387,0.9270617488603399
0.46829880728185813,0.9270919635459818
0.46850805607867757,0.9271221532091097
0.46871730487549695,0.9271523178807947
0.4689265536723164,0.9271824575920563
0.4691358024691358,0.9272125723738627
0.4691358024691358,0.926829268292683
0.4693450512659552,0.9268595041322314
0.46955430006277465,0.9268897149938042
0.46976354885959404,0.9269199009083402
0.4699727976564135,0.9269500619067272
0.4701820464532329,0.926980198019802
0.4703912952500523,0.9270103092783505
0.47060054404687174,0.927040395713108
0.4708097928436911,0.927070457354759
0.47101904164051056,0.9271004942339374
0.47122829043733,0.9271305063812268
0.4714375392341494,0.9271604938271605
0.4716467880309688,0.9271904566022213
0.47185603682778826,0.9272203947368421
0.47206528562460764,0.9272503082614056
0.4722745344214271,0.9272801972062449
0.4724837832182465,0.9273100616016428
0.4726930320150659,0.9273399014778325
0.47290228081188534,0.9273697168649979
0.47311152960870473,0.9273995077932732
0.47311152960870473,0.9270192701927019
0.47311152960870473,0.9266393442622951
0.47332077840552417,0.9266693977877919
0.4735300272023436,0.9266994266994267
0.473739275999163,0.9267294310274253
0.473739275999163,0.9263502454991817
0.47394852479598243,0.9263803680981595
0.47415777359280187,0.9264104660670482
0.47436702238962125,0.9264405394360441
0.4745762711864407,0.9264705882352942
0.4747855199832601,0.9265006124948959
0.4749947687800795,0.926530612244898
0.47520401757689895,0.9265605875152999
0.47541326637371834,0.9265905383360522
0.4756225151705378,0.9266204647370566
0.4758317639673572,0.9266503667481663
0.4758317639673572,0.9262729124236253
0.4758317639673572,0.9258957654723127
0.4758317639673572,0.9255189255189256
0.4760410127641766,0.9255492270138324
0.47625026156099604,0.9255795038633591
0.4764595103578154,0.925609756097561
0.47666875915463486,0.9256399837464445
0.4768780079514543,0.9256701868399675
0.4770872567482737,0.925700365408039
0.4772965055450931,0.9257305194805194
0.4772965055450931,0.9253549695740365
0.4772965055450931,0.9249797242497972
0.47750575434191256,0.9250101337657073
0.47750575434191256,0.9246353322528363
0.47771500313873194,0.9246658566221142
0.4779242519355514,0.9246963562753037
0.47813350073237076,0.924726831242412
0.4783427495291902,0.9247572815533981
0.47855199832600964,0.9247877072381723
0.478761247122829,0.9248181083265966
0.47897049591964846,0.9248484848484848
0.4791797447164679,0.9248788368336026
0.4793889935132873,0.9249091643116674
0.4795982423101067,0.9249394673123487
0.4798074911069261,0.9249697458652683
0.48001673990374555,0.925
0.480225988700565,0.9250302297460702
0.480225988700565,0.9246575342465754
0.48043523749738437,0.9246878775674587
0.4806444862942038,0.9247181964573269
0.4806444862942038,0.9243460764587526
0.48085373509102325,0.9243765084473049
0.48106298388784263,0.9244069159630076
0.48127223268466207,0.9244372990353698
0.48148148148148145,0.924467657693853
0.4816907302783009,0.9244979919678715
0.48189997907512033,0.9245283018867925
0.48189997907512033,0.9241573033707865
0.48189997907512033,0.9237866024869635
0.4821092278719397,0.9238171611868484
0.48231847666875916,0.9238476953907816
0.4825277254655786,0.9238782051282052
0.482736974262398,0.9239086904285142
0.4829462230592174,0.9239391513210569
0.48315547185603686,0.923969587835134
0.48336472065285624,0.924
0.4835739694496757,0.924030387844862
0.48378321824649506,0.9240607513988809
0.4839924670433145,0.9240910906911706
0.48420171584013394,0.9241214057507987
0.4844109646369533,0.9241516966067864
0.48462021343377276,0.9241819632881085
0.4848294622305922,0.9242122058236937
0.4850387110274116,0.9242424242424242
0.4850387110274116,0.9238740534077322
0.485247959824231,0.9239043824701195
0.4854572086210504,0.9239346873755476
0.48566645741786985,0.9239649681528662
0.4858757062146893,0.9239952248308795
0.48608495501150867,0.9240254574383453
0.4862942038083281,0.9240556660039762
0.4862942038083281,0.9236883942766295
0.48650345260514755,0.9237187127532777
0.48650345260514755,0.9233518665607625
0.48671270140196693,0.9233822945613339
0.48671270140196693,0.9230158730158731
0.48692195019878637,0.9230464101547006
0.48713119899560575,0.9230769230769231
0.4873404477924252,0.9231074118113357
0.48754969658924463,0.9231378763866878
0.487758945386064,0.9231683168316832
0.487758945386064,0.9228028503562945
0.48796819418288345,0.9228333992876929
0.4881774429797029,0.9228639240506329
0.4883866917765223,0.9228944246737841
0.4885959405733417,0.9229249011857708
0.4888051893701611,0.9229553536151719
0.48901443816698054,0.9229857819905213
0.4892236869638,0.9230161863403079
0.48943293576061936,0.9230465666929756
0.48943293576061936,0.9226824457593689
0.4896421845574388,0.9227129337539433
0.48985143335425824,0.9227433977138353
0.48985143335425824,0.9223798266351458
0.4900606821510776,0.9224103977944073
0.4900606821510776,0.9220472440944882
0.49026993094789706,0.922077922077922
0.49026993094789706,0.9217151848937845
0.49047917974471644,0.9217459693275659
0.4906884285415359,0.9217767295597484
0.4908976773383553,0.9218074656188605
0.4911069261351747,0.9218381775333857
0.4911069261351747,0.9214762465645858
0.49131617493199414,0.9215070643642073
0.4915254237288136,0.921537857983523
0.4915254237288136,0.9211764705882353
0.49173467252563297,0.9212073696589572
0.4919439213224524,0.9212382445141066
0.4921531701192718,0.9212690951821386
0.4923624189160912,0.9212999216914644
0.49257166771291067,0.9213307240704501
0.49278091650973005,0.9213615023474179
0.4929901653065495,0.9213922565506453
0.4929901653065495,0.9210320562939797
0.4931994141033689,0.9210629152012505
0.4934086629001883,0.92109375
0.49361791169700775,0.9211245607184694
0.49382716049382713,0.9211553473848556
0.49403640929064657,0.9211861100273118
0.49403640929064657,0.9208268330733229
0.494245658087466,0.9208576998050683
0.4944549068842854,0.9208885424785659
0.49466415568110483,0.9209193611219322
0.4948734044779243,0.9209501557632399
0.49508265327474366,0.9209809264305178
0.4952919020715631,0.9210116731517509
0.49550115086838253,0.9210423959548814
0.4957103996652019,0.9210730948678072
0.4957103996652019,0.9207151185386708
0.49591964846202136,0.9207459207459208
0.49612889725884074,0.9207766990291262
0.4963381460556602,0.9208074534161491
0.4965473948524796,0.9208381839348079
0.4965473948524796,0.9204809930178433
0.496756643649299,0.9205118262892594
0.49696589244611844,0.9205426356589147
0.4971751412429379,0.9205734211545913
0.4971751412429379,0.9202168861347793
0.49738439003975726,0.9202477739063105
0.4975936388365767,0.9202786377708978
0.4978028876333961,0.9203094777562862
0.4980121364302155,0.9203402938901779
0.49822138522703496,0.9203710862002319
0.49843063402385435,0.9204018547140649
0.4986398828206738,0.9204325994592507
0.4986398828206738,0.92007722007722
0.4988491316174932,0.9201080663836356
0.4990583804143126,0.9201388888888888
0.4990583804143126,0.9197840339375241
0.49926762921113205,0.9198149575944488
0.49947687800795143,0.9198458574181118
0.49968612680477087,0.9198767334360555
0.4998953756015903,0.9199075856757798
0.5001046243984097,0.9199384141647421
0.5003138731952291,0.9199692189303579
0.5003138731952291,0.9196153846153846
0.5005231219920485,0.9196462898885044
0.500732370788868,0.9196771714066103
0.5009416195856874,0.9197080291970803
0.5009416195856874,0.9193548387096774
0.5011508683825068,0.9193857965451055
0.5013601171793263,0.9194167306216423
0.5015693659761457,0.9194476409666283
0.501778614772965,0.9194785276073619
0.5019878635697844,0.9195093905711
0.5021971123666039,0.9195402298850575
0.5024063611634233,0.9195710455764075
0.5026156099602427,0.9196018376722818
0.5026156099602427,0.9192499043245312
0.5028248587570622,0.9192807957153787
0.5030341075538816,0.9193116634799235
0.5032433563507009,0.9193425076452599
0.5034526051475204,0.919373328238441
0.5036618539443398,0.9194041252864782
0.5038711027411592,0.9194348988163421
0.5040803515379787,0.9194656488549618
0.5042896003347981,0.9194963754292255
0.5044988491316175,0.9195270785659801
0.504708097928437,0.919557758292032
0.504708097928437,0.9192073170731707
0.504708097928437,0.9188571428571428
0.5049173467252563,0.9188880426504189
0.5049173467252563,0.9185382565664256
0.5049173467252563,0.9181887366818874
0.5049173467252563,0.9178394826930392
0.5051265955220757,0.9178707224334601
0.5053358443188951,0.9179019384264538
0.5053358443188951,0.9175531914893617
0.5053358443188951,0.9172047094568933
0.5055450931157146,0.9172361427486713
0.505754341912534,0.9172675521821632
0.5059635907093534,0.917298937784522
0.5061728395061729,0.9173302995828593
0.5063820883029923,0.9173616376042456
0.5065913370998116,0.9173929518757105
0.5068005858966311,0.9174242424242425
0.5070098346934505,0.9174555092767891
0.5072190834902699,0.9174867524602573
0.5074283322870894,0.9175179720015134
0.5076375810839088,0.9175491679273827
0.5078468298807282,0.9175803402646503
0.5080560786775477,0.9176114890400605
0.508265327474367,0.9176426142803173
0.5084745762711864,0.9176737160120846
0.5086838250680059,0.9177047942619857
0.5086838250680059,0.9173584905660377
0.5088930738648253,0.9173896642776311
0.5091023226616447,0.917420814479638
0.5093115714584641,0.917451941198643
0.5095208202552836,0.9174830444611907
0.5095208202552836,0.9171374764595104
0.5097300690521029,0.9171686746987951
0.5099393178489223,0.9171998494542717
0.5101485666457418,0.9172310007524455
0.5103578154425612,0.9172621286197818
0.5105670642393806,0.9172932330827067
0.5105670642393806,0.9169485155956407
0.5107763130362001,0.9169797145003756
0.5109855618330195,0.9170108899737138
0.5111948106298388,0.9170420420420421
0.5114040594266583,0.9170731707317074
0.5116133082234777,0.9171042760690172
0.5118225570202971,0.9171353580802399
0.5118225570202971,0.9167916041979011
0.5120318058171166,0.916822780067441
0.512241054613936,0.9168539325842696
0.5124503034107554,0.9168850617746163
0.5126595522075748,0.9169161676646707
0.5126595522075748,0.9165731387953611
0.5128688010043942,0.9166043380703066
0.5128688010043942,0.9162616822429906
0.5130780498012136,0.9162929745889388
0.513287298598033,0.9163242435562197
0.5134965473948525,0.9163554891710232
0.5137057961916719,0.9163867114594998
0.5139150449884913,0.9164179104477612
0.5141242937853108,0.9164490861618799
0.5143335425821302,0.9164802386278896
0.5145427913789495,0.9165113678717853
0.514752040175769,0.9165424739195231
0.514752040175769,0.9162011173184358
0.5149612889725884,0.9162323157110945
0.5149612889725884,0.915891328619278
0.5151705377694078,0.9159226190476191
0.5153797865662273,0.9159538862030494
0.5155890353630467,0.9159851301115242
0.5157982841598661,0.9160163507989595
0.5160075329566854,0.9160475482912332
0.5162167817535049,0.9160787226141849
0.5164260305503243,0.9161098737936154
0.5164260305503243,0.9157699443413729
0.5166352793471437,0.9158011869436202
0.5168445281439632,0.9158324063774564
0.5170537769407826,0.9158636026686434
0.517263025737602,0.9158947758429048
0.5174722745344215,0.9159259259259259
0.5176815233312408,0.9159570529433543
0.5178907721280602,0.9159881569207994
0.5181000209248797,0.9160192378838328
0.5181000209248797,0.915680473372781
0.5183092697216991,0.9157116451016636
0.5185185185185185,0.9157427937915743
0.5185185185185185,0.9154045068341338
0.518727767315338,0.9154357459379616
0.5189370161121574,0.9154669619785899
0.5189370161121574,0.915129151291513
0.5191462649089768,0.9151604573957949
0.5191462649089768,0.9148230088495575
0.5191462649089768,0.914485809067453
0.5193555137057962,0.9145173176123802
0.5193555137057962,0.9141804788213628
0.5195647625026156,0.9142120765832106
0.519774011299435,0.9142436510857563
0.5199832600962544,0.9142752023546725
0.5199832600962544,0.9139389481426995
0.5201925088930739,0.9139705882352941
0.5201925088930739,0.9136346931275267
0.5204017576898933,0.9136664217487142
0.5206110064867127,0.9136981270657363
0.5208202552835322,0.9137298091042585
0.5210295040803515,0.9137614678899083
0.5212387528771709,0.9137931034482759
0.5214480016739904,0.9138247158049139
0.5216572504708098,0.9138563049853372
0.5218664992676292,0.9138878710150238
0.5220757480644487,0.9139194139194139
0.5220757480644487,0.913584767484438
0.5220757480644487,0.9132503660322109
0.5222849968612681,0.9132821075740944
0.5224942456580874,0.9133138258961229
0.5224942456580874,0.9129798903107861
0.5224942456580874,0.9126461988304093
0.5227034944549069,0.9126781147241505
0.5227034944549069,0.912344777209642
0.5229127432517263,0.9123767798466593
0.5231219920485457,0.9124087591240876
0.5231219920485457,0.9120758847136081
0.5233312408453651,0.912107950401167
0.5235404896421846,0.912139992708713
0.523749738439004,0.9121720116618076
0.5239589872358233,0.9122040072859745
0.5241682360326428,0.9122359796067007
0.5243774848294622,0.9122679286494357
0.5245867336262816,0.9122998544395924
0.5247959824231011,0.9123317570025464
0.5250052312199205,0.9123636363636364
0.5250052312199205,0.9120319883678663
0.5252144800167399,0.9120639534883721
0.5254237288135594,0.9120958953868508
0.5256329776103787,0.9121278140885984
0.5256329776103787,0.9117967332123412
0.5258422264071981,0.9118287373004355
0.5260514752040176,0.911860718171926
0.526260724000837,0.9118926758520667
0.526260724000837,0.9115621602029721
0.526260724000837,0.9112318840579711
0.5264699727976564,0.9112640347700108
0.5266792215944758,0.9112961622013034
0.5268884703912953,0.9113282663771263
0.5268884703912953,0.9109985528219972
0.5270977191881147,0.9110307414104882
0.527306967984934,0.911062906724512
0.5275162167817535,0.9110950487893025
0.5275162167817535,0.9107658959537572
0.5277254655785729,0.9107981220657277
0.5279347143753923,0.9108303249097472
0.5279347143753923,0.9105016239624685
0.5281439631722118,0.9105339105339105
0.5281439631722118,0.9102055535521096
0.5283532119690312,0.9102379235760635
0.5285624607658506,0.9102702702702703
0.5287717095626701,0.9103025936599424
0.5289809583594894,0.9103348937702557
0.5291902071563088,0.9103671706263499
0.5291902071563088,0.9100395825836632
0.5293994559531283,0.9100719424460432
0.5296087047499477,0.9101042790363179
0.5298179535467671,0.910136592379583
0.5298179535467671,0.9098095580309019
0.5300272023435866,0.9098419540229885
0.530236451140406,0.9098743267504489
0.5304456999372253,0.9099066762383345
0.5306549487340447,0.9099390025116613
0.5308641975308642,0.9099713055954088
0.5310734463276836,0.9100035855145213
0.5310734463276836,0.9096774193548387
0.531282695124503,0.909709781440344
0.5314919439213225,0.9097421203438395
0.5317011927181419,0.9097744360902256
0.5319104415149613,0.9098067287043665
0.5321196903117807,0.9098389982110913
0.5323289391086001,0.9098712446351931
0.5325381879054195,0.9099034680014301
0.532747436702239,0.9099356683345247
0.532747436702239,0.9096105752054305
0.5329566854990584,0.9096428571428572
0.5331659342958778,0.9096751160299893
0.5333751830926973,0.9097073518915061
0.5333751830926973,0.9093828041384231
0.5335844318895167,0.9094151212553495
0.533793680686336,0.9094474153297682
0.5340029294831554,0.909479686386315
0.5342121782799749,0.9095119344495903
0.5342121782799749,0.9091880341880342
0.5344214270767943,0.9092203631185475
0.5346306758736137,0.9092526690391459
0.5346306758736137,0.9089292066880114
0.5348399246704332,0.9089615931721194
0.5350491734672526,0.9089939566299324
0.5352584222640719,0.9090262970859986
0.5354676710608914,0.9090586145648313
0.5354676710608914,0.9087357954545454
0.5356769198577108,0.9087681931132411
0.5356769198577108,0.9084457061745919
0.5358861686545302,0.908478183753104
0.5360954174513497,0.9085106382978724
0.5360954174513497,0.9081885856079405
0.5360954174513497,0.9078667611622963
0.5360954174513497,0.9075451647183846
0.5363046662481691,0.9075779036827195
0.5365139150449885,0.9076106194690265
0.536723163841808,0.9076433121019108
0.5369324126386273,0.9076759816059426
0.5371416614354467,0.9077086280056577
0.5373509102322661,0.9077412513255567
0.5375601590290856,0.907773851590106
0.537769407825905,0.9078064288237372
0.537769407825905,0.9074858757062146
0.5379786566227244,0.907518531591952
0.5379786566227244,0.907198306280875
0.5379786566227244,0.9068783068783068
0.5381879054195439,0.9069111424541608
0.5383971542163632,0.9069439548819175
0.5386064030131826,0.9069767441860465
0.5386064030131826,0.9066572736879183
0.5388156518100021,0.9066901408450704
0.5390249006068215,0.9067229848644843
0.5392341494036409,0.9067558057705841
0.5392341494036409,0.9064368624692226
0.5394433982004604,0.9064697609001406
0.5396526469972798,0.9065026362038664
0.5398618957940992,0.9065354884047786
0.5398618957940992,0.9062170706006323
0.5398618957940992,0.9058988764044944
0.5400711445909187,0.905931905931906
0.5400711445909187,0.9056140350877193
0.540280393387738,0.9056471413539109
0.5404896421845574,0.905680224403927
0.5406988909813769,0.9057132842621801
0.5409081397781963,0.9057463209530483
0.5411173885750157,0.9057793345008757
0.5413266373718351,0.905812324929972
0.5415358861686546,0.9058452922646132
0.5417451349654739,0.9058782365290413
0.5417451349654739,0.9055613850996852
0.5419543837622933,0.9055944055944056
0.5421636325591128,0.905627403005942
0.5423728813559322,0.9056603773584906
0.5425821301527516,0.9056933286762138
0.5427913789495711,0.9057262569832403
0.5427913789495711,0.9054101221640488
0.5430006277463905,0.9054431263084438
0.5432098765432098,0.9054761074293687
0.5434191253400293,0.9055090655509066
0.5436283741368487,0.905542000697107
0.5438376229336681,0.9055749128919861
0.5438376229336681,0.9052594914663881
0.5440468717304876,0.9052924791086351
0.544256120527307,0.9053254437869822
0.5444653693241264,0.9053583855254002
0.5446746181209458,0.9053913043478261
0.5448838669177652,0.9054242002781642
0.5448838669177652,0.9051094890510949
0.5450931157145846,0.9051424600416956
0.5450931157145846,0.9048280653004516
0.545302364511404,0.9048611111111111
0.5455116133082235,0.9048941339812565
0.5455116133082235,0.9045801526717557
0.5457208621050429,0.9046132500867152
0.5457208621050429,0.9042995839112344
0.5457208621050429,0.9039861351819758
0.5459301109018623,0.9040194040194041
0.5461393596986818,0.9040526498094908
0.5463486084955012,0.9040858725761773
0.5465578572923205,0.9041190723433714
0.54676710608914,0.9041522491349481
0.5469763548859594,0.9041854029747493
0.5471856036827788,0.9042185338865837
0.5473948524795983,0.9042516418942275
0.5476041012764177,0.9042847270214236
0.5478133500732371,0.9043177892918826
0.5480225988700564,0.9043508287292817
0.5482318476668759,0.9043838453572661
0.5484410964636953,0.9044168391994479
0.5484410964636953,0.9041048637461193
0.5486503452605147,0.9041379310344828
0.5488595940573342,0.9041709755256808
0.5490688428541536,0.9042039972432805
0.549278091650973,0.9042369962108164
0.5494873404477925,0.9042699724517906
0.5496965892446118,0.904302925989673
0.5499058380414312,0.9043358568479009
0.5501150868382507,0.9043687650498796
0.5503243356350701,0.9044016506189821
0.5503243356350701,0.9040907528360261
0.5505335844318895,0.9041237113402062
0.5505335844318895,0.9038131226382686
0.550742833228709,0.9038461538461539
0.5509520820255284,0.9038791623755579
0.5511613308223478,0.9039121482498285
0.5513705796191672,0.9039451114922813
0.5515798284159866,0.9039780521262003
0.5515798284159866,0.9036681522111759
0.551789077212806,0.9037011651816312
0.551789077212806,0.9033915724563206
0.5519983260096254,0.9034246575342466
0.5519983260096254,0.9031153714481343
0.5522075748064449,0.9031485284052019
0.5524168236032643,0.9031816626753335
0.5526260724000837,0.9032147742818057
0.5526260724000837,0.9029059829059829
0.5528353211969032,0.9029391660970608
0.5530445699937225,0.9029723266142808
0.5532538187905419,0.9030054644808743
0.5534630675873614,0.903038579720041
0.5536723163841808,0.9030716723549488
0.5538815651810002,0.9031047424087342
0.5538815651810002,0.9027967257844475
0.5540908139778197,0.9028298670303444
0.5543000627746391,0.9028629856850716
0.5545093115714584,0.9028960817717206
0.5547185603682779,0.9029291553133515
0.5547185603682779,0.9026217228464419
0.5549278091650973,0.9026548672566371
0.5551370579619167,0.9026879891119428
0.5553463067587361,0.9027210884353741
0.5555555555555556,0.902754165249915
0.555764804352375,0.902787219578518
0.5559740531491943,0.9028202514441046
0.5561833019460138,0.9028532608695652
0.5563925507428332,0.902886247877759
0.5563925507428332,0.9025797691785472
0.5566017995396526,0.9026128266033254
0.5568110483364721,0.9026458616010855
0.5568110483364721,0.9023397761953205
0.5570202971332915,0.9023728813559322
0.5572295459301109,0.9024059640799729
0.5574387947269304,0.9024390243902439
0.5574387947269304,0.9021334236369793
0.5574387947269304,0.9018280297901151
0.5576480435237497,0.9018612521150592
0.5576480435237497,0.9015561569688768
0.5576480435237497,0.9012512681772066
0.5578572923205691,0.9012846517917512
0.5578572923205691,0.900980060831362
0.5580665411173886,0.9010135135135136
0.558275789914208,0.901046943600135
0.5584850387110274,0.9010803511141121
0.5586942875078468,0.901113736078299
0.5589035363046663,0.9011470985155196
0.5591127851014857,0.9011804384485667
0.559322033898305,0.9012137559002023
0.559322033898305,0.9009100101112234
0.5595312826951245,0.9009433962264151
0.5597405314919439,0.9009767598518019
0.5599497802887633,0.901010101010101
0.5601590290855828,0.9010434197239987
0.5603682778824022,0.9010767160161507
0.5603682778824022,0.9007736293306424
0.5603682778824022,0.9004707464694015
0.5605775266792216,0.9005042016806722
0.5605775266792216,0.9002016129032258
0.5605775266792216,0.8998992274101444
0.5605775266792216,0.8995970449966421
0.560786775476041,0.8996307485733468
0.5609960242728604,0.8996644295302013
0.5612052730696798,0.8996980878899699
0.5614145218664993,0.8997317236753857
0.5616237706633187,0.8997653369091518
0.5618330194601381,0.899798927613941
0.5618330194601381,0.8994974874371859
0.5620422682569576,0.899531145344943
0.562251517053777,0.8995647807164379
0.5624607658505963,0.8995983935742972
0.5626700146474157,0.8996319839411174
0.5628792634442352,0.8996655518394648
0.5630885122410546,0.8996990972918756
0.5630885122410546,0.8993983957219251
0.563297761037874,0.8994320080187104
0.5635070098346935,0.8994655978623914
0.5637162586315129,0.8994991652754591
0.5639255074283323,0.8995327102803738
0.5641347562251517,0.8995662328995663
0.5641347562251517,0.8992661774516344
0.5643440050219711,0.8992997665888629
0.5645532538187905,0.8993333333333333
0.56476250261561,0.8993668777074308
0.5649717514124294,0.899400399733511
0.5651810002092488,0.8994338994338994
0.5653902490060683,0.8994673768308922
0.5653902490060683,0.8991680532445924
0.5655994978028877,0.8992015968063872
0.565808746599707,0.8992351180578649
0.5660179953965264,0.8992686170212766
0.5662272441933459,0.8993020937188435
0.5664364929901653,0.8993355481727575
0.5664364929901653,0.8990368648289605
0.5666457417869847,0.899070385126162
0.5668549905838042,0.8991038831729173
0.5668549905838042,0.8988055739880557
0.5668549905838042,0.8985074626865671
0.5668549905838042,0.898209549071618
0.5668549905838042,0.8979118329466357
0.5670642393806236,0.8979456593770709
0.5672734881774429,0.8979794633984763
0.5674827369742624,0.8980132450331125
0.5676919857710818,0.8980470043032108
0.5676919857710818,0.8977498345466578
0.5676919857710818,0.8974528613959643
0.5679012345679012,0.8974867724867724
0.5679012345679012,0.8971900826446281
0.5681104833647207,0.8972240581625909
0.5683197321615401,0.8972580112322431
0.5685289809583595,0.8972919418758256
0.568738229755179,0.8973258501155497
0.568738229755179,0.897029702970297
0.568738229755179,0.8967337512372154
0.5689474785519983,0.8967678100263852
0.5691567273488177,0.8968018463567425
0.5691567273488177,0.8965062623599209
0.5691567273488177,0.8962108731466227
0.5691567273488177,0.8959156785243741
0.5691567273488177,0.8956206783009549
0.5691567273488177,0.8953258722843976
0.5693659761456371,0.8953603158933859
0.5695752249424566,0.8953947368421052
0.569784473739276,0.8954291351529102
0.5699937225360954,0.8954635108481263
0.5702029713329149,0.8954978639500493
0.5704122201297342,0.8955321944809461
0.5704122201297342,0.8952380952380953
0.5706214689265536,0.8952724885095207
0.5708307177233731,0.8953068592057761
0.5708307177233731,0.89501312335958
0.5708307177233731,0.8947195801902263
0.5708307177233731,0.8944262295081967
0.5708307177233731,0.8941330711242216
0.5710399665201925,0.8941677588466579
0.5712492153170119,0.8942024238453979
0.5714584641138314,0.8942370661427635
0.5716677129106508,0.8942716857610474
0.5718769617074702,0.8943062827225131
0.5720862105042896,0.8943408570493948
0.5720862105042896,0.8940483976455199
0.572295459301109,0.8940830336711344
0.5725047080979284,0.8941176470588236
0.5727139568947478,0.8941522378307742
0.5729232056915673,0.8941868060091444
0.5731324544883867,0.8942213516160626
0.5731324544883867,0.8939295039164491
0.5733417032852061,0.8939641109298532
0.5735509520820256,0.8939986953685584
0.5737602008788449,0.8940332572546462
0.5739694496756643,0.8940677966101694
0.5741786984724838,0.8941023134571522
0.5741786984724838,0.8938110749185668
0.5743879472693032,0.8938456528817975
0.5745971960661226,0.8938802083333334
0.5745971960661226,0.8935893263911487
0.5748064448629421,0.8936239427456083
0.5750156936597615,0.8936585365853659
0.5752249424565808,0.8936931079323797
0.5754341912534003,0.8937276568085798
0.5756434400502197,0.8937621832358674
0.5758526888470391,0.8937966872361156
0.5758526888470391,0.8935064935064935
0.5760619376438586,0.8935410580980201
0.576271186440678,0.8935756002595717
0.576271186440678,0.89328576062277
0.5764804352374974,0.8933203631647212
0.5766896840343168,0.893354943273906
0.5766896840343168,0.8930654569021387
0.5766896840343168,0.8927761580822805
0.5766896840343168,0.8924870466321243
0.5768989328311362,0.8925218517319521
0.5771081816279556,0.8925566343042072
0.5771081816279556,0.8922678744742801
0.5771081816279556,0.8919793014230272
0.577317430424775,0.8920142256708697
0.577317430424775,0.8917259211376859
0.5775266792215945,0.8917609046849758
0.5775266792215945,0.8914728682170543
0.5777359280184139,0.8915079108814983
0.5779451768152333,0.8915429309231763
0.5781544256120528,0.8915779283639884
0.5783636744088722,0.8916129032258064
0.5785729232056915,0.891647855530474
0.578782172002511,0.8916827852998066
0.578782172002511,0.8913954237834354
0.5789914207993304,0.8914304123711341
0.5792006695961498,0.8914653784219002
0.5794099183929693,0.8915003219575016
0.5794099183929693,0.891213389121339
0.5796191671897887,0.8912483912483913
0.5798284159866081,0.891283370858797
0.5800376647834274,0.8913183279742766
0.5802469135802469,0.891353262616522
0.5804561623770663,0.8913881748071979
0.5806654111738857,0.8914230645679408
0.5808746599707052,0.8914579319203597
0.5810839087675246,0.8914927768860353
0.5810839087675246,0.891206675224647
0.581293157564344,0.8912415784408084
0.5815024063611635,0.891276459268762
0.5817116551579828,0.8913113177300417
0.5819209039548022,0.8913461538461539
0.5821301527516217,0.8913809676385773
0.5823394015484411,0.8914157591287636
0.5823394015484411,0.8911303234069805
0.5825486503452605,0.8911651728553137
0.58275789914208,0.8912
0.5829671479388994,0.891234804862444
0.5829671479388994,0.8909497921330348
0.5829671479388994,0.8906649616368286
0.5831763967357187,0.8906999041227229
0.5833856455325381,0.8907348242811501
0.5835948943293576,0.8907697221335037
0.583804143126177,0.8908045977011494
0.5840133919229964,0.8908394510054262
0.5842226407198159,0.8908742820676452
0.5844318895166353,0.8909090909090909
0.5846411383134547,0.8909438775510204
0.5846411383134547,0.8906598661141217
0.5848503871102742,0.8906947100063735
0.5848503871102742,0.8904109589041096
0.5850596359070935,0.8904458598726115
0.5850596359070935,0.8901623686723973
0.5852688847039129,0.8901973265436028
0.5854781335007324,0.8902322621699014
0.5856873822975518,0.8902671755725191
0.5858966310943712,0.890302066772655
0.5858966310943712,0.8900190718372537
0.5861058798911907,0.8900540197013028
0.5861058798911907,0.8897712833545108
0.5863151286880101,0.8898062877103843
0.5865243774848294,0.8898412698412699
0.5867336262816489,0.8898762297683275
0.5869428750784683,0.8899111675126904
0.5871521238752877,0.8899460830954646
0.5873613726721071,0.8899809765377299
0.5873613726721071,0.8896988906497623
0.5875706214689266,0.8897338403041825
0.587779870265746,0.8897687678175483
0.5879891190625653,0.8898036732108929
0.5879891190625653,0.8895220006331117
0.5879891190625653,0.8892405063291139
0.5881983678593848,0.8892755457133819
0.5884076166562042,0.8893105629348513
0.5884076166562042,0.8890294024660133
0.5886168654530236,0.8890644753476612
0.5888261142498431,0.8890995260663507
0.5890353630466625,0.8891345546430828
0.5892446118434819,0.8891695610988317
0.5894538606403014,0.8892045454545454
0.5894538606403014,0.8889239507731146
0.5896631094371207,0.8889589905362776
0.5898723582339401,0.8889940081993062
0.5900816070307596,0.8890290037831021
0.590290855827579,0.8890639773085408
0.5905001046243984,0.8890989287964713
0.5907093534212178,0.8891338582677165
0.5907093534212178,0.8888539042821159
0.5909186022180373,0.8888888888888888
0.5911278510148567,0.8889238514789175
0.591337099811676,0.8889587920729789
0.591337099811676,0.8886792452830189
0.591337099811676,0.8883998742533794
0.5915463486084955,0.8884349465744814
0.5917555974053149,0.8884699968583097
0.5919648462021343,0.8885050251256281
0.5921740949989538,0.8885400313971743
0.5921740949989538,0.8882611424984307
0.5923833437957732,0.8882962033260119
0.5925925925925926,0.8883312421580929
0.592801841389412,0.8883662590153654
0.5930110901862314,0.8884012539184953
0.5932203389830508,0.8884362268881228
0.5934295877798703,0.8884711779448622
0.5936388365766897,0.8885061071093016
0.5938480853735091,0.8885410144020037
0.5940573341703285,0.8885758998435055
0.5940573341703285,0.8882978723404256
0.5940573341703285,0.8880200187675946
0.594266582967148,0.8880550343964978
0.5944758317639673,0.8880900281337918
0.5946850805607867,0.888125
0.5946850805607867,0.8878475476413621
0.5946850805607867,0.8875702685821362
0.5948943293576062,0.8876053699656572
0.5951035781544256,0.8876404494382022
0.5951035781544256,0.8873634945397816
0.5951035781544256,0.8870867124142233
0.595312826951245,0.8871219207982538
0.5955220757480645,0.8871571072319202
0.5955220757480645,0.8868806481770022
0.5955220757480645,0.8866043613707165
0.5955220757480645,0.8863282466521333
0.5957313245448839,0.8863636363636364
0.5957313245448839,0.8860877684407096
0.5959405733417033,0.8861232109520847
0.5961498221385227,0.8861586314152411
0.5963590709353421,0.8861940298507462
0.5965683197321615,0.886229406279142
0.596777568528981,0.8862647607209447
0.596777568528981,0.8859894377135756
0.596777568528981,0.8857142857142857
0.5969868173258004,0.8857497671530581
0.5971960661226198,0.8857852265673495
0.5974053149194393,0.8858206639776606
0.5974053149194393,0.885545905707196
0.5976145637162587,0.8855813953488372
0.5976145637162587,0.8853068815871048
0.597823812513078,0.8853424233033778
0.597823812513078,0.8850681536555143
0.5980330613098974,0.8851037472901827
0.5982423101067169,0.885139318885449
0.5984515589035363,0.8851748684617765
0.5984515589035363,0.8849009900990099
0.5986608077003557,0.8849365914011754
0.5988700564971752,0.8849721706864564
0.5988700564971752,0.8846986089644513
0.5990793052939946,0.884734239802225
0.5992885540908139,0.8847698486252703
0.5994978028876334,0.8848054354539839
0.5994978028876334,0.8845322630441494
0.5997070516844528,0.8845679012345679
0.5997070516844528,0.8842949706880593
0.5997070516844528,0.8840222085132634
0.5999163004812722,0.8840579710144928
0.5999163004812722,0.8837854500616523
0.6001255492780917,0.8838212634822804
0.6003347980749111,0.8838570548367222
0.6003347980749111,0.8835848475515861
0.6005440468717305,0.8836206896551724
0.60075329566855,0.8836565096952909
0.6009625444653693,0.8836923076923077
0.6011717932621887,0.8837280836665641
0.6011717932621887,0.8834563345633456
0.6011717932621887,0.8831847525361205
0.6013810420590081,0.883220651505839
0.6013810420590081,0.8829493087557604
0.6015902908558276,0.882985257985258
0.601799539652647,0.8830211851396991
0.6020087884494664,0.8830570902394107
0.6022180372462859,0.8830929733046947
0.6022180372462859,0.8828220858895706
0.6022180372462859,0.8825513646120822
0.6024272860431052,0.8825873697118333
0.6024272860431052,0.8823168863009501
0.6026365348399246,0.8823529411764706
0.6028457836367441,0.8823889739663093
0.6028457836367441,0.882118799755052
0.6030550324335635,0.8821548821548821
0.6032642812303829,0.8821909424724602
0.6034735300272024,0.8822269807280514
0.6036827788240218,0.882262996941896
0.6038920276208412,0.8822989911342097
0.6041012764176606,0.8823349633251834
0.60431052521448,0.8823709135349832
0.6045197740112994,0.8824068417837507
0.6047290228081188,0.8824427480916031
0.6047290228081188,0.8821733821733821
0.6049382716049383,0.8822093378089716
0.6051475204017577,0.8822452715070165
0.6053567691985771,0.8822811832875876
0.6053567691985771,0.8820121951219512
0.6055660179953966,0.8820481560499848
0.6057752667922159,0.8820840950639853
0.6057752667922159,0.881815412732257
0.6059845155890353,0.881851400730816
0.6061937643858548,0.8818873668188737
0.6064030131826742,0.8819233110164334
0.6066122619794936,0.8819592333434743
0.6066122619794936,0.8816909975669099
0.6068215107763131,0.8817269686834904
0.6068215107763131,0.8814589665653495
0.6068215107763131,0.881191127316925
0.6070307595731325,0.8812272174969623
0.6072400083699518,0.8812632857576678
0.6074492571667713,0.8812993321190042
0.6076585059635907,0.8813353566009104
0.6078677547604101,0.881371359223301
0.6080770035572296,0.8814073400060661
0.608286252354049,0.8814432989690721
0.6084955011508684,0.8814792361321613
0.6087047499476878,0.8815151515151515
0.6087047499476878,0.8812481066343533
0.6089139987445072,0.8812840702604482
0.6089139987445072,0.8810172570390554
0.6091232475413266,0.8810532687651331
0.609332496338146,0.881089258698941
0.6095417451349655,0.8811252268602541
0.6095417451349655,0.8808587843967342
0.6097509939317849,0.880894800483676
0.6099602427286043,0.880930794802055
0.6101694915254238,0.8809667673716012
0.6101694915254238,0.880700694654183
0.6101694915254238,0.8804347826086957
0.6101694915254238,0.8801690310896468
0.6103787403222432,0.880205190102595
0.6103787403222432,0.8799396681749623
0.6103787403222432,0.8796743063932448
0.6105879891190625,0.8797105818510702
0.610797237915882,0.879746835443038
0.6110064867127014,0.8797830671889123
0.6112157355095208,0.8798192771084338
0.6112157355095208,0.8795543510990665
0.6114249843063403,0.8795906080674293
0.6114249843063403,0.8793259103219982
0.6116342331031597,0.8793622141997594
0.6116342331031597,0.8790977443609023
0.6118434818999791,0.8791340950090198
0.6118434818999791,0.8788698527201683
0.6120527306967984,0.87890625
0.6120527306967984,0.878642234905377
0.6122619794936179,0.8786786786786787
0.6124712282904373,0.8787151005703993
0.6124712282904373,0.8784513805522209
0.6124712282904373,0.8781878187818782
0.6126804770872567,0.8782243551289742
0.6126804770872567,0.8779610194902548
0.6128897258840762,0.8779976019184652
0.6130989746808956,0.8780341624213366
0.6130989746808956,0.877771120431396
0.613308223477715,0.8778077268643306
0.6135174722745345,0.8778443113772455
0.6137267210713538,0.8778808739898234
0.6137267210713538,0.8776181926989827
0.6139359698681732,0.8776548010768771
0.6141452186649927,0.8776913875598086
0.6141452186649927,0.8774289985052317
0.6141452186649927,0.8771667662881052
0.6143544674618121,0.87720346579026
0.6143544674618121,0.8769414575866189
0.6145637162586315,0.8769782024484921
0.614772965055451,0.8770149253731343
0.614772965055451,0.8767532079976127
0.6149822138522704,0.8767899761336515
0.6151914626490897,0.8768267223382046
0.6154007114459091,0.8768634466308884
0.6156099602427286,0.8769001490312965
0.6156099602427286,0.8766388557806913
0.615819209039548,0.8766756032171582
0.615819209039548,0.8764145324597975
0.6160284578363674,0.8764513247990473
0.6162377066331869,0.8764880952380952
0.6162377066331869,0.8762273132996132
0.6164469554300063,0.8762641284949435
0.6166562042268257,0.8763009217960155
0.6168654530236451,0.8763376932223543
0.6170747018204645,0.8763744427934621
0.6172839506172839,0.8764111705288176
0.6172839506172839,0.8761508761508762
0.6172839506172839,0.8758907363420427
0.6174931994141034,0.8759275749480558
0.6177024482109228,0.8759643916913946
0.6177024482109228,0.8757045387125482
0.6177024482109228,0.8754448398576512
0.6177024482109228,0.8751852949896235
0.6177024482109228,0.8749259039715471
0.6179116970077422,0.8749629629629629
0.6181209458045617,0.875
0.6183301946013811,0.8750370151021617
0.6183301946013811,0.8747779751332149
0.6183301946013811,0.8745190884877183
0.6185394433982004,0.8745562130177514
0.6187486921950199,0.8745933155871044
0.6189579409918393,0.8746303962152573
0.6191671897886587,0.8746674549216672
0.6191671897886587,0.8744089834515366
0.6191671897886587,0.8741506646971935
0.6193764385854781,0.874187832250443
0.6195856873822976,0.8742249778565102
0.619794936179117,0.8742621015348289
0.6200041849759363,0.8742992033048097
0.6200041849759363,0.8740412979351032
0.6200041849759363,0.8737835446770864
0.6200041849759363,0.8735259433962265
0.6202134337727558,0.8735632183908046
0.6202134337727558,0.873305833824396
0.6204226825695752,0.8733431516936672
0.6206319313663946,0.8733804475853946
0.6208411801632141,0.8734177215189873
0.6210504289600335,0.8734549735138316
0.6210504289600335,0.8731979994115916
0.6212596777568529,0.8732352941176471
0.6214689265536724,0.8732725668920905
0.6216781753504917,0.8733098177542622
0.6216781753504917,0.8730531883632089
0.6216781753504917,0.8727967097532315
0.6216781753504917,0.8725403817914831
0.6218874241473111,0.8725778038755138
0.6220966729441306,0.8726152039917816
0.6220966729441306,0.8723591549295775
0.62230592174095,0.8723965972425931
0.6225151705377694,0.8724340175953079
0.6225151705377694,0.8721782468484316
0.6227244193345888,0.8722157092614302
0.6229336681314083,0.8722531497216525
0.6231429169282277,0.872290568248389
0.623352165725047,0.8723279648609078
0.6235614145218665,0.8723653395784543
0.6237706633186859,0.8724026924202517
0.6237706633186859,0.8721474546518432
0.6237706633186859,0.8718923661889442
0.6239799121155053,0.8719298245614036
0.6241891609123248,0.8719672610347852
0.6243984097091442,0.8720046756282875
0.6246076585059636,0.8720420683610868
0.624816907302783,0.8720794392523364
0.6250261560996024,0.8721167883211679
0.6252354048964218,0.87215411558669
0.6252354048964218,0.8718996206594689
0.6254446536932413,0.8719369894982497
0.6254446536932413,0.8716827063283756
0.6254446536932413,0.8714285714285714
0.6256539024900607,0.8714660448848732
0.6258631512868801,0.8715034965034965
0.6258631512868801,0.8712496358869793
0.6260724000836995,0.8712871287128713
0.626281648880519,0.8713245997088792
0.6264908976773383,0.8713620488940629
0.6267001464741577,0.87139947628746
0.6267001464741577,0.8711460151250727
0.6269093952709772,0.8711834835708054
0.6269093952709772,0.8709302325581395
0.6269093952709772,0.8706771287416448
0.6271186440677966,0.8707147007553748
0.627327892864616,0.8707522509439443
0.6275371416614355,0.8707897793263647
0.6277463904582549,0.8708272859216255
0.6277463904582549,0.8705745792222868
0.6277463904582549,0.8703220191470844
0.6277463904582549,0.8700696055684455
0.6279556392550742,0.8701072774717309
0.6281648880518937,0.8701449275362318
0.6281648880518937,0.8698927847000869
0.6283741368487131,0.8699304750869061
0.6285833856455325,0.8699681436432088
0.6285833856455325,0.8697162709901564
0.6285833856455325,0.869464544138929
0.628792634442352,0.8695023148148148
0.6290018832391714,0.8695400636389934
0.6290018832391714,0.8692886061307113
0.6290018832391714,0.8690372940156115
0.6292111320359908,0.8690751445086705
0.6292111320359908,0.8688240392950014
0.6294203808328103,0.8688619295205083
0.6294203808328103,0.8686110308980652
0.6296296296296297,0.86864896073903
0.629838878426449,0.8686868686868687
0.629838878426449,0.8684362377380266
0.629838878426449,0.8681857513700606
0.629838878426449,0.8679354094579008
0.629838878426449,0.8676852118766215
0.6300481272232684,0.8677233429394813
0.6302573760200879,0.867761452031115
0.6302573760200879,0.8675115207373272
0.6304666248169073,0.8675496688741722
0.6306758736137267,0.8675877950489349
0.6308851224105462,0.8676258992805755
0.6310943712073656,0.8676639815880323
0.6310943712073656,0.8674144377336784
0.6310943712073656,0.8671650373778034
0.6313036200041849,0.8672032193158954
0.6315128688010044,0.8672413793103448
0.6317221175978238,0.8672795173800631
0.6319313663946432,0.8673176335439403
0.6321406151914627,0.8673557278208441
0.6323498639882821,0.8673938002296211
0.6325591127851015,0.8674318507890961
0.632768361581921,0.8674698795180723
0.6329776103787403,0.8675078864353313
0.6329776103787403,0.8672591743119266
0.6331868591755597,0.8672972198337633
0.6331868591755597,0.8670487106017192
0.6333961079723791,0.8670867946147236
0.6336053567691986,0.8671248568155785
0.633814605566018,0.8671628972230174
0.6340238543628374,0.8672009158557528
0.6340238543628374,0.8669527896995708
0.6340238543628374,0.8667048054919908
0.6342331031596569,0.8667429225050043
0.6344423519564762,0.866781017724414
0.6344423519564762,0.8665332952272078
0.6346516007532956,0.8665714285714285
0.6348608495501151,0.866609540131391
0.6350700983469345,0.8666476299257567
0.6350700983469345,0.866400228375678
0.6352793471437539,0.8664383561643836
0.6354885959405734,0.8664764621968616
0.6356978447373928,0.8665145464917284
0.6359070935342122,0.8665526090675791
0.6361163423310316,0.8665906499429875
0.6361163423310316,0.8663436876603021
0.636325591127851,0.8663817663817663
0.6365348399246704,0.8664198234121333
0.6367440887214898,0.8664578587699316
0.6367440887214898,0.8662112154853402
0.6369533375183093,0.8662492885600456
0.6371625863151287,0.8662873399715505
0.6371625863151287,0.8660409556313993
0.6373718351119481,0.8660790446403185
0.6375810839087676,0.8661171119954519
0.6375810839087676,0.8658709860755897
0.6377903327055869,0.865909090909091
0.6379995815024063,0.8659471740982675
0.6382088302992258,0.8659852356615559
0.6384180790960452,0.8660232756173716
0.6386273278928646,0.8660612939841089
0.6388365766896841,0.8660992907801418
0.6388365766896841,0.8658536585365854
0.6390458254865035,0.8658916926566487
0.6392550742833228,0.8659297052154195
0.6394643230801423,0.8659676962312269
0.6394643230801423,0.8657223796033995
0.6394643230801423,0.8654772019258
0.6396735718769617,0.8655152887882219
0.6396735718769617,0.8652703085196717
0.6398828206737811,0.8653084323712507
0.6400920694706005,0.8653465346534653
0.64030131826742,0.8653846153846154
0.6405105670642394,0.86542267458298
0.6407198158610588,0.8654607122668174
0.6409290646578782,0.8654987284543656
0.6409290646578782,0.8652542372881356
0.6411383134546976,0.8652922903134708
0.641347562251517,0.8653303218520609
0.6415568110483365,0.8653683319220999
0.6417660598451559,0.8654063205417607
0.6417660598451559,0.8651622002820875
0.6419753086419753,0.8652002256063169
0.6421845574387948,0.8652382294897096
0.6423938062356142,0.8652762119503946
0.6426030550324335,0.8653141730064807
0.642812303829253,0.8653521126760564
0.6430215526260724,0.8653900309771895
0.6432308014228918,0.8654279279279279
0.6432308014228918,0.8651843512524627
0.6434400502197113,0.865222284749578
0.6436492990165307,0.8652601969057665
0.6436492990165307,0.8650168728908887
0.6436492990165307,0.8647736856901883
0.6438585478133501,0.8648116919617763
0.6438585478133501,0.8645686990727732
0.6440677966101694,0.8646067415730337
0.6440677966101694,0.8643639427127211
0.6440677966101694,0.8641212801796744
0.6442770454069889,0.8641594162222845
0.6444862942038083,0.8641975308641975
0.6444862942038083,0.8639551192145862
0.6446955430006277,0.8639932697700505
0.6446955430006277,0.8637510513036165
0.6446955430006277,0.8635089686098655
0.6446955430006277,0.8632670215746707
0.6449047917974472,0.8633053221288516
0.6451140405942666,0.8633436012321478
0.6451140405942666,0.8631019036954087
0.6451140405942666,0.8628603414497621
0.645323289391086,0.8628987129266927
0.645323289391086,0.8626573426573426
0.6455325381879055,0.8626957494407159
0.6457417869847248,0.8627341347497903
0.6459510357815442,0.8627724986025712
0.6461602845783637,0.8628108410170439
0.6463695333751831,0.8628491620111732
0.6465787821720025,0.8628874616029042
0.6465787821720025,0.8626465661641541
0.6465787821720025,0.8624058051911806
0.646788030968822,0.8624441964285714
0.646788030968822,0.8622036262203626
0.646788030968822,0.8619631901840491
0.6469972797656414,0.8620016727069975
0.6472065285624607,0.8620401337792643
0.6474157773592801,0.8620785734187796
0.6476250261560996,0.862116991643454
0.647834274952919,0.8621553884711779
0.6480435237497384,0.8621937639198218
0.6480435237497384,0.8619537990537156
0.6480435237497384,0.8617139677239845
0.6482527725465579,0.8617524339360223
0.6482527725465579,0.8615127919911012
0.6482527725465579,0.8612732832916319
0.6482527725465579,0.8610339077265148
0.6482527725465579,0.8607946651847735
0.6484620213433773,0.8608333333333333
0.6484620213433773,0.8605942793668425
0.6484620213433773,0.8603553581343698
0.6484620213433773,0.8601165695253955
0.6486712701401967,0.8601553829078802
0.6486712701401967,0.8599167822468793
0.6486712701401967,0.8596783139212424
0.6488805189370161,0.8597172165234267
0.6490897677338355,0.8597560975609756
0.6492990165306549,0.8597949570518149
0.6495082653274744,0.8598337950138504
0.6497175141242938,0.8598726114649682
0.6499267629211132,0.8599114064230343
0.6499267629211132,0.8596734016053141
0.6499267629211132,0.8594355285002767
0.6499267629211132,0.8591977869986168
0.6499267629211132,0.8589601769911505
0.6501360117179327,0.8589991705833564
0.6501360117179327,0.8587617468214483
0.6501360117179327,0.8585244542691352
0.650345260514752,0.8585635359116022
0.650345260514752,0.8583264291632146
0.650345260514752,0.8580894533406958
0.6505545093115714,0.8581286226883797
0.6505545093115714,0.8578918322295805
0.6507637581083908,0.8579310344827586
0.6509730069052103,0.8579702151130723
0.6511822557020297,0.8580093741384064
0.6511822557020297,0.8577728776185226
0.6511822557020297,0.8575365114356572
0.6513915044988491,0.8575757575757575
0.6516007532956686,0.8576149820985954
0.6516007532956686,0.8573788546255506
0.6516007532956686,0.8571428571428571
0.651810002092488,0.8571821684094661
0.6520192508893073,0.8572214580467675
0.6522284996861268,0.8572607260726073
0.6522284996861268,0.8570250206213913
0.6524377484829462,0.857064321055525
0.6524377484829462,0.8568287991206376
0.6526469972797656,0.8568681318681318
0.6526469972797656,0.8566327931886845
0.6528562460765851,0.85667215815486
0.6530654948734045,0.8567115015097447
0.6530654948734045,0.856476399560922
0.6532747436702239,0.8565157750342935
0.6534839924670434,0.8565551289083928
0.6536932412638627,0.8565944612009871
0.6539024900606821,0.8566337719298246
0.6541117388575016,0.8566730611126336
0.654320987654321,0.8567123287671233
0.6545302364511404,0.8567515749109833
0.6547394852479598,0.8567907995618839
0.6549487340447793,0.856830002737476
0.6549487340447793,0.8565955117679256
0.6549487340447793,0.8563611491108071
0.6549487340447793,0.8561269146608315
0.6549487340447793,0.8558928083128248
0.6549487340447793,0.8556588299617277
0.6549487340447793,0.8554249795025963
0.6549487340447793,0.855191256830601
0.6551579828415987,0.8552308112537558
0.655367231638418,0.8552703440742764
0.655367231638418,0.855036855036855
0.6555764804352375,0.8550764192139738
0.6555764804352375,0.8548431105047749
0.6555764804352375,0.8546099290780141
0.6555764804352375,0.8543768748295609
0.6555764804352375,0.854143947655398
0.6557857292320569,0.854183701281003
0.6559949780288763,0.8542234332425068
0.6562042268256958,0.8542631435576137
0.6564134756225152,0.8543028322440087
0.6566227244193346,0.8543424993193575
0.6566227244193346,0.854109961894393
0.6566227244193346,0.8538775510204082
0.6566227244193346,0.8536452665941241
0.656831973216154,0.8536850693500136
0.6570412220129734,0.8537248504622077
0.6570412220129734,0.8534927969556945
0.6570412220129734,0.8532608695652174
0.6570412220129734,0.8530290681879924
0.6572504708097928,0.8530689842476915
0.6574597196066123,0.8531088786315504
0.6574597196066123,0.8528773072747015
0.6574597196066123,0.8526458616010855
0.6576689684034317,0.852685838307108
0.6578782172002511,0.8527257933279089
0.6580874659970705,0.8527657266811279
0.65829671479389,0.852805638384386
0.65829671479389,0.8525745257452575
0.65829671479389,0.8523435383364941
0.65829671479389,0.852112676056338
0.6585059635907093,0.8521527213647441
0.6587152123875287,0.8521927449918787
0.6587152123875287,0.8519621109607578
0.6587152123875287,0.8517316017316018
0.6587152123875287,0.8515012172031377
0.6589244611843482,0.8515413737155219
0.6591337099811676,0.851581508515815
0.659342958777987,0.8516216216216216
0.6595522075748065,0.8516617130505268
0.6595522075748065,0.8514316585629389
0.6597614563716259,0.8514717796381313
0.6597614563716259,0.8512419006479481
0.6597614563716259,0.8510121457489879
0.6599707051684452,0.8510523475445224
0.6599707051684452,0.8508227677367143
0.6599707051684452,0.8505933117583603
0.6599707051684452,0.8503639795093016
0.6599707051684452,0.8501347708894879
0.6601799539652647,0.8501751549447588
0.6603892027620841,0.8502155172413793
0.6605984515589035,0.8502558577969297
0.660807700355723,0.8502961766289715
0.6610169491525424,0.8503364737550471
0.6610169491525424,0.8501076426264801
0.6612261979493618,0.8501479687920366
0.6612261979493618,0.849919311457773
0.6612261979493618,0.8496907770906158
0.6612261979493618,0.8494623655913979
0.6614354467461812,0.8495028218220908
0.6616446955430006,0.8495432563138098
0.6616446955430006,0.8493150684931506
0.6616446955430006,0.8490870032223415
0.66185394433982,0.8491275167785235
0.6620631931366394,0.8491680085882984
0.6622724419334589,0.8492084786691709
0.6622724419334589,0.8489806866952789
0.6624816907302783,0.8490211853043711
0.6624816907302783,0.8487935656836462
0.6626909395270977,0.8488340927365318
0.6629001883239172,0.8488745980707395
0.6629001883239172,0.8486472006429145
0.6631094371207366,0.8486877343331548
0.6633186859175559,0.8487282463186078
0.6635279347143754,0.8487687366167024
0.6637371835111948,0.8488092052448488
0.6637371835111948,0.8485821294810059
0.6639464323080142,0.8486226263706873
0.6639464323080142,0.8483957219251337
0.6639464323080142,0.8481689387864207
0.6639464323080142,0.8479422768572956
0.6641556811048337,0.8479829014159765
0.6641556811048337,0.8477564102564102
0.6643649299016531,0.8477970627503337
0.6643649299016531,0.8475707421249332
0.6645741786984725,0.8476114224713104
0.664783427495292,0.8476520811099253
0.664783427495292,0.847425980261403
0.664783427495292,0.8472
0.6649926762921113,0.8472407358037857
0.6649926762921113,0.8470149253731343
0.6649926762921113,0.846789235278444
0.6652019250889307,0.8468300479488545
0.6652019250889307,0.8466045272969375
0.6652019250889307,0.8463791267305645
0.6652019250889307,0.8461538461538461
0.6654111738857501,0.8461947844598191
0.6654111738857501,0.8459696727853152
0.6656204226825696,0.8460106382978724
0.665829671479389,0.8460515820260569
0.6660389202762084,0.8460925039872408
0.6662481690730279,0.8461334041987776
0.6662481690730279,0.8459086078639745
0.6664574178698472,0.8459495351925631
0.6666666666666666,0.8459904407859798
0.6668759154634861,0.8460313246615344
0.6670851642603055,0.8460721868365181
0.6672944130571249,0.8461130273282038
0.6675036618539444,0.8461538461538461
0.6677129106507638,0.8461946433306815
0.6677129106507638,0.8459703075291622
0.6679221594475832,0.8460111317254174
0.6679221594475832,0.8457869634340223
0.6679221594475832,0.8455629139072848
0.6681314082444026,0.845603813559322
0.668340657041222,0.8456446915541435
0.668340657041222,0.845420857596612
0.668340657041222,0.845197142101085
0.668340657041222,0.8449735449735449
0.668340657041222,0.8447500661200741
0.668340657041222,0.8445267054468535
0.6685499058380414,0.8445678033306899
0.6687591546348608,0.8446088794926004
0.6689684034316803,0.8446499339498018
0.6689684034316803,0.8444268357105125
0.6689684034316803,0.8442038552944283
0.6691776522284997,0.8442449841605069
0.6693869010253191,0.8442860913169702
0.6695961498221386,0.8443271767810027
0.6698053986189579,0.8443682405697706
0.6700146474157773,0.8444092827004219
0.6700146474157773,0.8441866596361719
0.6700146474157773,0.8439641539272535
0.6702238962125968,0.8440052700922266
0.6702238962125968,0.8437829293993677
0.6702238962125968,0.8435607058203846
0.6702238962125968,0.8433385992627699
0.6704331450094162,0.8433798367991576
0.6706423938062356,0.843421052631579
0.6706423938062356,0.8431991581162852
0.6708516426030551,0.8432403997895844
0.6708516426030551,0.8430186694714699
0.6710608913998745,0.8430599369085173
0.6712701401966938,0.8431011826544021
0.6712701401966938,0.8428796636889122
0.6714793889935133,0.8429209351195167
0.6714793889935133,0.8426995798319328
0.6716886377903327,0.8427408768705698
0.6716886377903327,0.84251968503937
0.6716886377903327,0.8422986092889005
0.6718978865871521,0.8423399790136411
0.6718978865871521,0.8421190663519539
0.6721071353839715,0.8421604614577871
0.672316384180791,0.8422018348623853
0.672316384180791,0.8419811320754716
0.672316384180791,0.8417605449305737
0.672316384180791,0.8415400733368256
0.672316384180791,0.8413197172034564
0.672316384180791,0.8410994764397905
0.6725256329776104,0.841141062549071
0.6725256329776104,0.8409209837781266
0.6727348817744297,0.8409625948208214
0.6729441305712492,0.8410041841004184
0.6731533793680686,0.841045751633987
0.673362628164888,0.8410872974385781
0.6735718769617075,0.8411288215312255
0.6737811257585269,0.8411703239289446
0.6737811257585269,0.8409506398537477
0.6737811257585269,0.8407310704960835
0.6739903745553463,0.8407726442182197
0.6741996233521658,0.8408141962421712
0.6741996233521658,0.8405948343334203
0.6744088721489852,0.8406364110589463
0.6746181209458045,0.8406779661016949
0.674827369742624,0.8407194994786236
0.6750366185394434,0.8407610112066719
0.6750366185394434,0.8405419489317353
0.6752458673362628,0.8405834852826257
0.6752458673362628,0.8403645833333333
0.6752458673362628,0.8401457953657901
0.6754551161330823,0.8401874023945861
0.6754551161330823,0.839968774395004
0.6756643649299017,0.8400104058272633
0.6756643649299017,0.8397919375812744
0.6756643649299017,0.8395735829433177
0.6758736137267211,0.8396152846373798
0.6760828625235404,0.8396569646569647
0.6762921113203599,0.8396986230189659
0.6765013601171793,0.8397402597402598
0.6767106089139987,0.8397818748377045
0.6767106089139987,0.839563862928349
0.6767106089139987,0.839345964183753
0.6767106089139987,0.8391281785158277
0.6769198577108182,0.8391699092088197
0.6771291065076376,0.8392116182572614
0.677338355304457,0.8392533056779881
0.6775476041012765,0.8392949714878175
0.6775476041012765,0.8390774812127494
0.6777568528980958,0.839119170984456
0.6779661016949152,0.8391608391608392
0.6779661016949152,0.8389435525634387
0.6779661016949152,0.838726378462335
0.6779661016949152,0.8385093167701864
0.6779661016949152,0.8382923673997412
0.6779661016949152,0.8380755302638386
0.6779661016949152,0.8378588052754073
0.6781753504917347,0.8379007238883144
0.6781753504917347,0.8376841561126906
0.6783845992885541,0.8377260981912145
0.6785938480853735,0.837768018599845
0.6785938480853735,0.837551652892562
0.6785938480853735,0.8373353989155693
0.6785938480853735,0.8371192565823439
0.6785938480853735,0.8369032258064516
0.678803096882193,0.8369453044375645
0.678803096882193,0.8367294299716276
0.6790123456790124,0.8367715317173801
0.6790123456790124,0.8365558133539572
0.6790123456790124,0.836340206185567
0.6792215944758317,0.8363823756763721
0.6792215944758317,0.8361669242658424
0.6794308432726511,0.8362091166623744
0.6794308432726511,0.8359938208032955
0.6794308432726511,0.8357786357786358
0.6794308432726511,0.8355635615028306
0.6796400920694706,0.8356058657062001
0.6796400920694706,0.8353909465020576
0.6796400920694706,0.8351761378246336
0.67984934086629,0.8352185089974293
0.67984934086629,0.8350038550501157
0.67984934086629,0.8347893114080165
0.6800585896631094,0.8348317492936039
0.6800585896631094,0.8346173600410889
0.6802678384599289,0.8346598202824134
0.6802678384599289,0.8344455852156057
0.6804770872567483,0.8344880677444187
0.6806863360535677,0.8345305284761416
0.6806863360535677,0.8343164914080533
0.6808955848503871,0.8343589743589743
0.6811048336472065,0.8344014355293514
0.6811048336472065,0.8341875961045617
0.6811048336472065,0.8339738662567256
0.6813140824440259,0.8340163934426229
0.6813140824440259,0.8338028169014085
0.6813140824440259,0.833589349718382
0.6815233312408454,0.8336319426670079
0.6815233312408454,0.8334186284544524
0.6815233312408454,0.8332054233819391
0.6817325800376648,0.8332480818414322
0.6817325800376648,0.8330350294042445
0.6819418288344842,0.8330777096114519
0.6821510776313037,0.833120368004089
0.6821510776313037,0.8329075114971896
0.682360326428123,0.8329501915708812
0.6825695752249424,0.8329928498467825
0.6825695752249424,0.8327801889200919
0.6827788240217618,0.8328228688106176
0.6827788240217618,0.8326103597856596
0.6829880728185813,0.8326530612244898
0.6831973216154007,0.8326957408824279
0.6831973216154007,0.8324834268230494
0.6831973216154007,0.8322712210043334
0.6831973216154007,0.832059123343527
0.6834065704122201,0.8321019108280254
0.6836158192090396,0.8321446765155375
0.683825068005859,0.8321874204227145
0.683825068005859,0.8319755600814664
0.683825068005859,0.8317638075846271
0.6840343168026783,0.8318066157760814
0.6840343168026783,0.8315950139913508
0.6842435655994978,0.8316378433367243
0.6844528143963172,0.8316806509026189
0.6846620631931366,0.8317234367056431
0.6846620631931366,0.8315120711562897
0.6846620631931366,0.8313008130081301
0.6846620631931366,0.8310896621793243
0.6848713119899561,0.8311325545962418
0.6850805607867755,0.8311754252348311
0.6850805607867755,0.8309644670050761
0.6850805607867755,0.8307536158335448
0.6852898095835949,0.8307965499746321
0.6854990583804144,0.8308394623383211
0.6854990583804144,0.8306288032454361
0.6857083071772337,0.8306717363751585
0.6859175559740531,0.8307146477445514
0.6861268047708726,0.8307575373701546
0.6861268047708726,0.8305471124620061
0.6861268047708726,0.830336794125095
0.6861268047708726,0.830126582278481
0.686336053567692,0.8301695773221969
0.6865453023645114,0.8302125506072875
0.6865453023645114,0.83000252972426
0.6867545511613308,0.8300455235204856
0.6867545511613308,0.8298356510745891
0.6867545511613308,0.8296258847320526
0.6869637999581503,0.8296689411170078
0.6869637999581503,0.8294593228903486
0.6871730487549697,0.8295023995958576
0.6871730487549697,0.8292929292929293
0.687382297551789,0.829336026255996
0.6875915463486085,0.8293791014639071
0.6878007951454279,0.8294221549331314
0.6878007951454279,0.829212916246216
0.6880100439422473,0.8292559899117277
0.6880100439422473,0.8290468986384266
0.6882192927390668,0.8290899924376103
0.6882192927390668,0.8288810483870968
0.6884285415358862,0.8289241622574955
0.6884285415358862,0.8287153652392947
0.6886377903327056,0.8287584991186099
0.688847039129525,0.8288016112789527
0.688847039129525,0.8285930027686886
0.6890562879263444,0.8286361348766985
0.6890562879263444,0.8284276729559749
0.6892655367231638,0.8284708249496981
0.6892655367231638,0.828262509429218
0.6894747855199833,0.8283056812468578
0.6896840343168027,0.8283488313646645
0.6898932831136221,0.8283919597989949
0.6901025319104415,0.8284350665661894
0.690311780707261,0.8284781516825716
0.690311780707261,0.8282701481295506
0.690311780707261,0.8280622489959839
0.690311780707261,0.8278544542032622
0.690311780707261,0.827646763672855
0.690311780707261,0.8274391773263106
0.690311780707261,0.8272316950852557
0.690311780707261,0.8270243168713963
0.6905210295040803,0.8270676691729323
0.6907302783008997,0.8271109997494362
0.6909395270977192,0.8271543086172345
0.6909395270977192,0.8269471575256699
0.6909395270977192,0.8267401101652478
0.6909395270977192,0.8265331664580726
0.6911487758945386,0.8265765765765766
0.691358024691358,0.8266199649737302
0.691358024691358,0.8264132066033016
0.6915672734881775,0.8264566141535384
0.6915672734881775,0.82625
0.6917765222849969,0.8262934266433392
0.6919857710818162,0.8263368315842079
0.6921950198786357,0.8263802148388708
0.6921950198786357,0.8261738261738262
0.6921950198786357,0.8259675405742821
0.6924042686754551,0.8260109835247129
0.6924042686754551,0.8258048415273271
0.6926135174722745,0.8258483033932136
0.692822766269094,0.8258917435769518
0.6930320150659134,0.8259351620947631
0.6932412638627328,0.8259785589628521
0.6934505126595522,0.8260219341974078
0.6934505126595522,0.8258160976825317
0.6934505126595522,0.8256103637269556
0.6936597614563716,0.825653798256538
0.6936597614563716,0.8254482071713147
0.6936597614563716,0.8252427184466019
0.6936597614563716,0.8250373320059731
0.6936597614563716,0.8248320477730778
0.693869010253191,0.8248756218905473
0.6940782590500104,0.8249191743347426
0.6940782590500104,0.8247140726006962
0.6940782590500104,0.8245090728312204
0.6940782590500104,0.8243041749502982
0.6940782590500104,0.8240993788819876
0.6940782590500104,0.8238946845504223
0.6940782590500104,0.8236900918798112
0.6940782590500104,0.8234856007944389
0.6940782590500104,0.8232812112186647
0.6940782590500104,0.823076923076923
0.6940782590500104,0.8228727362937236
0.6942875078468299,0.8229166666666666
0.6944967566436493,0.8229605752541532
0.6944967566436493,0.8227565691621219
0.6944967566436493,0.8225526641883519
0.6947060054404687,0.8225966303270565
0.6949152542372882,0.8226405746841714
0.6949152542372882,0.8224368499257058
0.6949152542372882,0.822233226046051
0.6951245030341076,0.8222772277227722
0.6951245030341076,0.8220737441227419
0.6953337518309269,0.822117763483424
0.6955430006277464,0.8221617610685135
0.6955430006277464,0.8219584569732937
0.6957522494245658,0.8220024721878862
0.6957522494245658,0.8217993079584776
0.6959614982213852,0.8218433407462318
0.6959614982213852,0.8216403162055336
0.6959614982213852,0.8214373919486293
0.6961707470182047,0.8214814814814815
0.6963799958150241,0.8215255492470995
0.6965892446118435,0.8215695952615992
0.696798493408663,0.8216136195410807
0.696798493408663,0.8214109521460287
0.6970077422054823,0.8214549938347719
0.6970077422054823,0.8212524654832347
0.6972169910023017,0.8212965245255115
0.6972169910023017,0.8210941350418925
0.6972169910023017,0.8208918452820891
0.6974262397991211,0.820935960591133
0.6974262397991211,0.8207338094065502
0.6976354885959406,0.8207779419005417
0.6976354885959406,0.8205759291164164
0.6976354885959406,0.8203740157480315
0.69784473739276,0.8204182041820418
0.69784473739276,0.8202164289227742
0.69784473739276,0.8200147528891074
0.69784473739276,0.8198131760078663
0.69784473739276,0.8196116982059474
0.69784473739276,0.8194103194103194
0.69784473739276,0.8192090395480226
0.69784473739276,0.819007858546169
0.69784473739276,0.8188067763319421
0.69784473739276,0.8186057928325969
0.69784473739276,0.8184049079754602
0.6980539861895794,0.8184494602551521
0.6980539861895794,0.8182487122884474
0.6982632349863989,0.8182932810201079
0.6982632349863989,0.8180926697720029
0.6984724837832182,0.8181372549019608
0.6984724837832182,0.8179367802009312
0.6984724837832182,0.8177364037236649
0.6986817325800376,0.8177810433504776
0.6986817325800376,0.8175808031341821
0.6986817325800376,0.8173806609547124
0.6986817325800376,0.8171806167400881
0.6988909813768571,0.8172253486665035
0.6988909813768571,0.8170254403131115
0.6988909813768571,0.8168256297383223
0.6991002301736765,0.8168704156479217
0.6991002301736765,0.8166707406502077
0.6991002301736765,0.8164711632453568
0.6993094789704959,0.8165160029318348
0.6993094789704959,0.8163165608207132
0.6993094789704959,0.8161172161172161
0.6995187277673154,0.816162109375
0.6997279765641348,0.8162069807175982
0.6997279765641348,0.8160078086871645
0.6999372253609542,0.8160526957794584
0.7001464741577736,0.8160975609756097
0.700355722954593,0.8161424042916362
0.700355722954593,0.8159434422233057
0.7005649717514124,0.8159883012429929
0.7007742205482318,0.8160331384015594
0.7007742205482318,0.8158343483556638
0.7007742205482318,0.8156356551388212
0.7007742205482318,0.8154370586803019
0.7007742205482318,0.815238558909445
0.7007742205482318,0.8150401557556584
0.7009834693450513,0.8150851581508516
0.7009834693450513,0.8148868888348334
0.7009834693450513,0.8146887159533074
0.7009834693450513,0.8144906394359348
0.7011927181418707,0.8145357316480311
0.7011927181418707,0.8143377885783718
0.7011927181418707,0.8141399416909622
0.7014019669386901,0.8141850862278358
0.7014019669386901,0.8139873725109277
0.7016112157355096,0.814032532168002
0.7018204645323289,0.8140776699029126
0.7020297133291483,0.8141227857316186
0.7020297133291483,0.8139252789907812
0.7020297133291483,0.8137278680572398
0.7022389621259678,0.8137730358874878
0.7024482109227872,0.8138181818181818
0.7024482109227872,0.8136209403780902
0.7024482109227872,0.8134237945238673
0.7026574597196066,0.813468992248062
0.7026574597196066,0.8132719786873335
0.7026574597196066,0.8130750605326876
0.7026574597196066,0.812878237714839
0.7026574597196066,0.8126815101645692
0.7028667085164261,0.8127268328090975
0.7030759573132455,0.8127721335268505
0.7032852061100648,0.8128174123337364
0.7032852061100648,0.8126208897485493
0.7032852061100648,0.8124244621706551
0.7032852061100648,0.8122281295311745
0.7034944549068843,0.8122734960135298
0.7034944549068843,0.8120772946859903
0.7034944549068843,0.8118811881188119
0.7034944549068843,0.8116851762433607
0.7037037037037037,0.8117306299782766
0.7039129525005231,0.8117760617760618
0.7041222012973425,0.8118214716525934
0.7041222012973425,0.811625663289918
0.7041222012973425,0.8114299493609839
0.7041222012973425,0.8112343297974928
0.7041222012973425,0.8110388045312124
0.7041222012973425,0.810843373493976
0.7041222012973425,0.8106480366176825
0.7041222012973425,0.8104527938342967
0.7041222012973425,0.8102576450758487
0.7041222012973425,0.8100625902744343
0.7041222012973425,0.8098676293622142
0.7041222012973425,0.8096727622714148
0.7041222012973425,0.8094779889343277
0.704331450094162,0.8095238095238095
0.7045406988909814,0.8095696080788651
0.7047499476878007,0.8096153846153846
0.7049591964846202,0.809661139149243
0.7049591964846202,0.8094666025949063
0.7051684452814396,0.8095123708863801
0.7051684452814396,0.8093179634966379
0.7051684452814396,0.8091236494597839
0.7051684452814396,0.8089294287085934
0.7051684452814396,0.808735301175906
0.705377694078259,0.8087811900191939
0.705377694078259,0.8085871911729432
0.705377694078259,0.8083932853717026
0.7055869428750785,0.8084392232078638
0.7057961916718979,0.8084851390220518
0.7057961916718979,0.8082913970764438
0.7057961916718979,0.8080977479635841
0.7057961916718979,0.8079041916167665
0.7057961916718979,0.8077107279693486
0.7060054404687173,0.8077567632271966
0.7062146892655368,0.8078027764480613
0.7064239380623561,0.8078487676477626
0.7066331868591755,0.8078947368421052
0.7066331868591755,0.8077015068165511
0.7066331868591755,0.8075083692013391
0.706842435655995,0.8075543868037294
0.7070516844528144,0.8076003824091779
0.7070516844528144,0.8074074074074075
0.7070516844528144,0.807214524605829
0.7070516844528144,0.8070217339383807
0.7072609332496338,0.8070678127984718
0.7074701820464532,0.8071138696586297
0.7074701820464532,0.8069212410501193
0.7074701820464532,0.8067287043664997
0.7074701820464532,0.8065362595419847
0.7074701820464532,0.8063439065108514
0.7074701820464532,0.8061516452074392
0.7076794308432727,0.8061978545887962
0.7078886796400921,0.8062440419447092
0.7078886796400921,0.8060519418632357
0.7078886796400921,0.8058599333015721
0.7080979284369114,0.8059061681352703
0.7080979284369114,0.8057142857142857
0.7080979284369114,0.8055224946441324
0.7083071772337309,0.8055687767729652
0.7083071772337309,0.8053771115869617
0.7083071772337309,0.8051855375832541
0.7083071772337309,0.8049940546967895
0.7083071772337309,0.8048026628625773
0.7083071772337309,0.8046113620156882
0.7085164260305503,0.8046577946768061
0.7087256748273697,0.804704205274412
0.7089349236241892,0.804750593824228
0.7089349236241892,0.804559487057706
0.7091441724210086,0.8046058879392213
0.7091441724210086,0.8044149062425825
0.709353421217828,0.8044613194114856
0.7095626700146475,0.8045077105575327
0.7095626700146475,0.8043168880455408
0.7095626700146475,0.8041261560350961
0.7095626700146475,0.8039355144618302
0.7097719188114668,0.8039819862526665
0.7099811676082862,0.8040284360189573
0.7099811676082862,0.8038379530916845
0.7101904164051057,0.8038844149692089
0.7101904164051057,0.8036940563580393
0.7103996652019251,0.8037405303030303
0.7103996652019251,0.8035502958579882
0.7106089139987445,0.8035967818267865
0.710818162795564,0.8036432458008044
0.710818162795564,0.8034531693472091
0.710818162795564,0.8032631827855284
0.710818162795564,0.8030732860520094
0.7110274115923834,0.803119829827464
0.7112366603892027,0.8031663516068053
0.7114459091860221,0.8032128514056225
0.7116551579828416,0.8032593292394898
0.7116551579828416,0.8030696576151122
0.711864406779661,0.8031161473087819
0.711864406779661,0.8029265990087326
0.7120736555764804,0.8029731005191127
0.7120736555764804,0.8027836753951404
0.7122829043732999,0.8028301886792453
0.7124921531701193,0.8028766800282953
0.7127014019669387,0.802923149457803
0.7127014019669387,0.8027339146830073
0.7127014019669387,0.8025447690857681
0.7129106507637581,0.8025912838633686
0.7129106507637581,0.8024022609514837
0.7129106507637581,0.8022133270543913
0.7129106507637581,0.8020244821092278
0.7129106507637581,0.801835726053189
0.7129106507637581,0.8016470588235294
0.7131198995605775,0.8016937191249118
0.7131198995605775,0.8015051740357478
0.7131198995605775,0.801316717611098
0.7133291483573969,0.8013634226610249
0.7133291483573969,0.8011750881316099
0.7133291483573969,0.8009868421052632
0.7133291483573969,0.8007986845196148
0.7133291483573969,0.8006106153123532
0.7133291483573969,0.8004226344212256
0.7135383971542164,0.8004694835680751
0.7135383971542164,0.8002816240319174
0.7135383971542164,0.8000938526513374
0.7135383971542164,0.7999061693642975
0.7135383971542164,0.799718574108818
0.7137476459510358,0.7997655334114888
0.7139568947478552,0.7998124706985467
0.7141661435446747,0.7998593859854699
0.7141661435446747,0.799671977507029
0.7141661435446747,0.7994846568282971
0.7141661435446747,0.7992974238875878
0.714375392341494,0.799344415827675
0.7145846411383134,0.7993913857677902
0.7145846411383134,0.7992043061081208
0.7147938899351328,0.7992512868507253
0.7147938899351328,0.7990643274853801
0.7147938899351328,0.7988774555659495
0.7150031387319523,0.7989244797755436
0.7152123875287717,0.798971482000935
0.7152123875287717,0.7987847627950456
0.7154216363255911,0.7988317757009346
0.7154216363255911,0.7986451763606633
0.7156308851224106,0.7986921999065857
0.7156308851224106,0.7985057202895167
0.71584013391923,0.7985527544351074
0.71584013391923,0.7983663943990665
0.71584013391923,0.798180121325245
0.7160493827160493,0.7982271985071145
0.7162586315128688,0.7982742537313433
0.7162586315128688,0.7980881324318023
0.7162586315128688,0.7979020979020979
0.7162586315128688,0.797716150081566
0.7162586315128688,0.7975302889095992
0.7164678803096882,0.797577451665502
0.7166771291065076,0.7976245924545878
0.7166771291065076,0.7974388824214202
0.7166771291065076,0.7972532588454376
0.7166771291065076,0.7970677216662788
0.7166771291065076,0.7968822708236389
0.7166771291065076,0.7966969062572691
0.7166771291065076,0.7965116279069767
0.7168863779033271,0.7965589397814462
0.7168863779033271,0.796373779637378
0.7168863779033271,0.7961887055542645
0.7168863779033271,0.796003717472119
0.7168863779033271,0.7958188153310104
0.7168863779033271,0.7956339990710636
0.7168863779033271,0.7954492686324588
0.7168863779033271,0.7952646239554317
0.7168863779033271,0.7950800649802738
0.7170956267001465,0.7951276102088167
0.7173048754969659,0.7951751333797262
0.7173048754969659,0.7949907235621522
0.7173048754969659,0.7948063992580571
0.7175141242937854,0.7948539638386648
0.7177233730906047,0.7949015063731171
0.7177233730906047,0.7947173308619092
0.7177233730906047,0.7945332406763956
0.7177233730906047,0.794349235757295
0.7179326218874241,0.7943968511229451
0.7179326218874241,0.794212962962963
0.7181418706842435,0.7942605878268919
0.718351119481063,0.7943081906524757
0.7185603682778824,0.7943557714550081
0.7187696170747018,0.7944033302497687
0.7187696170747018,0.7942196531791907
0.7187696170747018,0.7940360610263523
0.7187696170747018,0.7938525537323781
0.7187696170747018,0.7936691312384473
0.7187696170747018,0.7934857934857935
0.7187696170747018,0.7933025404157044
0.7187696170747018,0.7931193719695221
0.7189788658715213,0.7931671283471837
0.7191881146683407,0.7932148626817448
0.7191881146683407,0.7930318412551915
0.71939736346516,0.7930795847750866
0.7196066122619795,0.7931273062730627
0.7196066122619795,0.7929444316347706
0.7198158610587989,0.792992162286768
0.7198158610587989,0.7928094030882692
0.7198158610587989,0.7926267281105991
0.7200251098556183,0.7926744989633725
0.7202343586524378,0.7927222478120681
0.7202343586524378,0.7925397190881879
0.7204436074492572,0.7925874769797422
0.7204436074492572,0.7924050632911392
0.7206528562460766,0.7924528301886793
0.720862105042896,0.7925005751092707
0.7210713538397154,0.7925482980680773
0.7212806026365348,0.7925959990802484
0.7212806026365348,0.7924137931034483
0.7214898514333543,0.792461503102735
0.7214898514333543,0.7922794117647058
0.7216991002301737,0.7923271307144498
0.7216991002301737,0.7921451538814883
0.7219083490269931,0.7921928817451206
0.7219083490269931,0.7920110192837465
0.7219083490269931,0.7918292403029608
0.7221175978238125,0.791877007801744
0.7221175978238125,0.7916953429685708
0.7221175978238125,0.7915137614678899
0.722326846620632,0.7915615684476037
0.7225360954174513,0.7916093535075653
0.7227453442142707,0.7916571166628467
0.7227453442142707,0.7914757103574702
0.7227453442142707,0.7912943871706758
0.7229545930110902,0.7913421896472744
0.7231638418079096,0.7913899702312801
0.7231638418079096,0.7912087912087912
0.7231638418079096,0.7910276951247425
0.7231638418079096,0.7908466819221968
0.7231638418079096,0.790665751544269
0.7231638418079096,0.7904849039341263
0.7231638418079096,0.7903041390349874
0.723373090604729,0.7903520804755373
0.723373090604729,0.7901714285714285
0.723373090604729,0.7899908592321755
0.7235823394015485,0.7900388393877085
0.7237915881983679,0.7900867976244861
0.7240008369951872,0.7901347339575245
0.7242100857920067,0.7901826484018265
0.7242100857920067,0.7900022825838849
0.7242100857920067,0.7898219990871748
0.7242100857920067,0.7896417978553503
0.7242100857920067,0.7894616788321168
0.7242100857920067,0.7892816419612315
0.7244193345888261,0.7893296853625171
0.7246285833856455,0.7893777068611808
0.7246285833856455,0.7891978122151322
0.7246285833856455,0.7890179995443153
0.7246285833856455,0.7888382687927107
0.7246285833856455,0.7886586199043498
0.724837832182465,0.7887067395264117
0.7250470809792844,0.7887548372410653
0.7250470809792844,0.7885753299954483
0.7250470809792844,0.78839590443686
0.7252563297761038,0.7884440400363967
0.7252563297761038,0.788264725949511
0.7252563297761038,0.7880854934060937
0.7252563297761038,0.7879063423505343
0.7252563297761038,0.7877272727272727
0.7252563297761038,0.7875482844807998
0.7252563297761038,0.7873693775556565
0.7254655785729232,0.7874176697706109
0.7256748273697426,0.7874659400544959
0.725884076166562,0.7875141884222474
0.7260933249633814,0.787562414888788
0.7260933249633814,0.7873837077376901
0.7260933249633814,0.7872050816696915
0.7260933249633814,0.7870265366296212
0.7263025737602009,0.7870748299319728
0.7263025737602009,0.7868963953751984
0.7265118225570203,0.7869446962828649
0.7265118225570203,0.7867663720824836
0.7265118225570203,0.7865881286814681
0.7267210713538397,0.7866364665911665
0.7267210713538397,0.7864583333333334
0.7267210713538397,0.7862802807335295
0.7269303201506592,0.7863286555002263
0.7269303201506592,0.7861507128309573
0.7269303201506592,0.785972850678733
0.7269303201506592,0.7857950689889165
0.7269303201506592,0.7856173677069199
0.7269303201506592,0.7854397467782048
0.7269303201506592,0.7852622061482821
0.7269303201506592,0.7850847457627118
0.7269303201506592,0.7849073655671035
0.7271395689474786,0.7849559521120397
0.7271395689474786,0.7847786811201445
0.7273488177442979,0.78482727477986
0.7273488177442979,0.7846501128668172
0.7275580665411174,0.7846987136086662
0.7277673153379368,0.7847472924187726
0.7277673153379368,0.7845702684412362
0.7279765641347562,0.7846188543076229
0.7281858129315757,0.7846674182638106
0.7281858129315757,0.7844905320108205
0.7281858129315757,0.7843137254901961
0.7283950617283951,0.7843623253717891
0.7283950617283951,0.7841856273935571
0.7283950617283951,0.784009009009009
0.7286043105252145,0.7840576446746228
0.7288135593220338,0.7841062584421432
0.7290228081188533,0.784154850326356
0.7290228081188533,0.783978397839784
0.7292320569156727,0.7840269966254219
0.7294413057124921,0.7840755735492577
0.7294413057124921,0.7838992579266921
0.7294413057124921,0.7837230215827338
0.7296505545093116,0.783771634075073
0.7296505545093116,0.7835955056179775
0.729859803306131,0.7836441249157493
0.729859803306131,0.7834681042228212
0.729859803306131,0.78329216258702
0.729859803306131,0.7831162999550966
0.729859803306131,0.7829405162738496
0.729859803306131,0.7827648114901257
0.729859803306131,0.7825891855508189
0.729859803306131,0.7824136384028713
0.729859803306131,0.782238169993272
0.729859803306131,0.7820627802690583
0.7300690521029504,0.7821116341627438
0.7302783008997699,0.7821604661586733
0.7302783008997699,0.7819852117409815
0.7304875496965892,0.7820340501792115
0.7306967984934086,0.7820828667413214
0.7306967984934086,0.7819077474249888
0.7309060472902281,0.7819565704051936
0.7311152960870475,0.7820053715308863
0.7311152960870475,0.7818303871112106
0.7313245448838669,0.7818791946308725
0.7313245448838669,0.7817043167076717
0.7313245448838669,0.7815295169946332
0.7315337936806864,0.7815783590431478
0.7317430424775058,0.7816271792579347
0.7317430424775058,0.7814525139664804
0.7319522912743252,0.7815013404825737
0.7321615400711446,0.7815501451865088
0.732370788867964,0.7815989280928987
0.7325800376647834,0.781647689216343
0.7325800376647834,0.7814732142857143
0.7325800376647834,0.7812988172282973
0.7327892864616028,0.7813476126729139
0.7327892864616028,0.7811733214365381
0.7327892864616028,0.7809991079393399
0.7327892864616028,0.78082497212932
0.7327892864616028,0.7806509139545252
0.7327892864616028,0.7804769333630488
0.7329985352584223,0.7805258467023173
0.7332077840552417,0.7805747382490532
0.7334170328520611,0.7806236080178174
0.7336262816488806,0.7806724560231574
0.7336262816488806,0.7804986642920748
0.7336262816488806,0.780324949922101
0.7336262816488806,0.7801513128615932
0.7336262816488806,0.7799777530589544
0.7336262816488806,0.7798042704626335
0.7336262816488806,0.7796308650211252
0.7336262816488806,0.7794575366829702
0.7338355304456999,0.7795065570126695
0.7338355304456999,0.7793333333333333
0.7340447792425193,0.779382359475672
0.7342540280393388,0.7794313638382941
0.7342540280393388,0.7792582722629359
0.7342540280393388,0.7790852575488455
0.7342540280393388,0.7789123196448391
0.7342540280393388,0.7787394584997781
0.7342540280393388,0.7785666740625693
0.7342540280393388,0.7783939662821651
0.7342540280393388,0.7782213351075626
0.7344632768361582,0.7782705099778271
0.7344632768361582,0.7780979827089337
0.7344632768361582,0.7779255319148937
0.7344632768361582,0.7777531575448704
0.7344632768361582,0.7775808595480727
0.7344632768361582,0.7774086378737541
0.7344632768361582,0.7772364924712135
0.7344632768361582,0.7770644232897941
0.7344632768361582,0.7768924302788844
0.7344632768361582,0.7767205133879177
0.7344632768361582,0.7765486725663717
0.7346725256329776,0.776598097765981
0.7346725256329776,0.7764263600176913
0.7348817744297971,0.7764757904045987
0.7350910232266165,0.7765251989389921
0.7350910232266165,0.776353591160221
0.7350910232266165,0.7761820592134335
0.7350910232266165,0.7760106030483764
0.7350910232266165,0.775839222614841
0.7350910232266165,0.7756679178626629
0.7353002720234358,0.7757174392935983
0.7355095208202553,0.7757669388655926
0.7355095208202553,0.7755957634598412
0.7357187696170747,0.7756452680344142
0.7357187696170747,0.7754741949713277
0.7359280184138941,0.7755237045203969
0.7359280184138941,0.775352733686067
0.7359280184138941,0.7751818382190875
0.7359280184138941,0.7750110180696342
0.7359280184138941,0.7748402731879268
0.7359280184138941,0.7746696035242291
0.7359280184138941,0.7744990090288483
0.7361372672107135,0.7745486569793043
0.7361372672107135,0.7743781642086727
0.7361372672107135,0.7742077464788732
0.736346516007533,0.7742574257425743
0.7365557648043524,0.774307083150022
0.7365557648043524,0.7741367934902134
0.7367650136011717,0.7741864555848724
0.7367650136011717,0.7740162673114971
0.7369742623979912,0.774065934065934
0.7369742623979912,0.7738958470665788
0.7371835111948106,0.7739455184534271
0.7371835111948106,0.7737755326158576
0.73739275999163,0.7738252086078173
0.7376020087884495,0.7738748627881449
0.7376020087884495,0.7737050043898156
0.7376020087884495,0.7735352205398288
0.7376020087884495,0.773365511189118
0.7376020087884495,0.7731958762886598
0.7376020087884495,0.7730263157894737
0.7378112575852689,0.7730760798070598
0.7378112575852689,0.772906619903551
0.7378112575852689,0.7727372342756959
0.7380205063820883,0.7727870289219982
0.7380205063820883,0.772617743702081
0.7380205063820883,0.7724485326325011
0.7382297551789078,0.7724983577841034
0.7382297551789078,0.7723292469352014
0.7384390039757271,0.7723790763843291
0.7384390039757271,0.7722100656455142
0.7386482527725465,0.7722598993655655
0.738857501569366,0.7723097112860893
0.738857501569366,0.7721408265908594
0.738857501569366,0.7719720157411456
0.7390667503661854,0.7720218579234973
0.7392759991630048,0.7720716783216783
0.7392759991630048,0.7719029932270046
0.7394852479598242,0.7719528178243774
0.7396944967566437,0.7720026206595326
0.7396944967566437,0.7718340611353712
0.7396944967566437,0.771665575201921
0.739903745553463,0.7717154081187254
0.7401129943502824,0.7717652192886756
0.7403222431471019,0.7718150087260035
0.7403222431471019,0.7716466739367502
0.7403222431471019,0.7714784125599651
0.7403222431471019,0.7713102245476346
0.7403222431471019,0.7711421098517872
0.7403222431471019,0.7709740684244933
0.7405314919439213,0.7710239651416122
0.7405314919439213,0.7708560226530168
0.7407407407407407,0.7709059233449478
0.7407407407407407,0.7707380796864794
0.7407407407407407,0.7705703090988245
0.7407407407407407,0.7704026115342764
0.7407407407407407,0.7702349869451697
0.7407407407407407,0.7700674352838808
0.7407407407407407,0.7698999565028273
0.7407407407407407,0.7697325505544683
0.7409499895375602,0.7697826086956522
0.7411592383343796,0.7698326450771571
0.7411592383343796,0.7696653628857019
0.741368487131199,0.7697154029980448
0.741368487131199,0.7695482189400521
0.7415777359280185,0.7695982627578719
0.7417869847248378,0.7696482848458532
0.7417869847248378,0.769481224224007
0.7417869847248378,0.7693142361111112
0.7417869847248378,0.7691473204599696
0.7417869847248378,0.7689804772234273
0.7419962335216572,0.7690305790500976
0.7422054823184767,0.7690806591500433
0.7422054823184767,0.7689139388684153
0.7422054823184767,0.7687472908539228
0.7422054823184767,0.7685807150595882
0.7422054823184767,0.7684142114384749
0.7424147311152961,0.7684643708035521
0.7424147311152961,0.7682979644867908
0.7424147311152961,0.768131630222992
0.7424147311152961,0.767965367965368
0.7424147311152961,0.7677991776671717
0.7424147311152961,0.7676330592816962
0.7424147311152961,0.7674670127622756
0.7424147311152961,0.7673010380622838
0.7426239799121155,0.7673513513513514
0.7426239799121155,0.7671854734111544
0.7426239799121155,0.7670196671709532
0.7426239799121155,0.7668539325842697
0.7426239799121155,0.7666882696046662
0.7426239799121155,0.7665226781857452
0.742833228708935,0.7665730943640683
0.742833228708935,0.7664075993091537
0.742833228708935,0.7662421756960932
0.742833228708935,0.7660768234786361
0.742833228708935,0.7659115426105717
0.742833228708935,0.765746333045729
0.7430424775057544,0.7657968514125513
0.7430424775057544,0.765631737818025
0.7432517263025737,0.7656822591075663
0.7432517263025737,0.7655172413793103
0.7432517263025737,0.7653522947640594
0.7432517263025737,0.7651874192158552
0.7432517263025737,0.7650226146887789
0.7434609750993931,0.7650732127476314
0.7434609750993931,0.764908503767492
0.7434609750993931,0.7647438656909169
0.7434609750993931,0.7645792984721326
0.7436702238962126,0.7646299483648882
0.7436702238962126,0.7644654764465476
0.7436702238962126,0.7643010752688172
0.7436702238962126,0.7641367447860675
0.7436702238962126,0.7639724849527085
0.7436702238962126,0.7638082957231893
0.7436702238962126,0.7636441770519983
0.7436702238962126,0.7634801288936627
0.7436702238962126,0.7633161512027491
0.7436702238962126,0.763152243933863
0.7436702238962126,0.7629884070416488
0.743879472693032,0.7630392788151964
0.743879472693032,0.7628755364806867
0.743879472693032,0.7627118644067796
0.743879472693032,0.7625482625482626
0.743879472693032,0.7623847308599614
0.743879472693032,0.7622212692967409
0.743879472693032,0.7620578778135049
0.743879472693032,0.761894556365195
0.7440887214898514,0.7619455753160489
0.7442979702866709,0.7619965724078834
0.7442979702866709,0.7618333690297708
0.7445072190834903,0.7618843683083512
0.7445072190834903,0.7617212588310854
0.7445072190834903,0.7615582191780822
0.7447164678803097,0.7616092445966188
0.7447164678803097,0.7614462986735131
0.7447164678803097,0.761283422459893
0.7447164678803097,0.7611206159110351
0.7447164678803097,0.7609578789822535
0.7447164678803097,0.7607952116289013
0.7447164678803097,0.7606326138063689
0.7447164678803097,0.7604700854700854
0.7447164678803097,0.7603076265755181
0.7447164678803097,0.7601452370781717
0.7447164678803097,0.7599829169335895
0.7449257166771291,0.7600341588385995
0.7449257166771291,0.759871931696905
0.7449257166771291,0.7597097737942808
0.7451349654739485,0.7597610411777256
0.7451349654739485,0.759598976109215
0.7451349654739485,0.7594369801663468
0.7453442142707679,0.7594882729211088
0.7453442142707679,0.7593263696439991
0.7453442142707679,0.7591645353793691
0.7453442142707679,0.7590027700831025
0.7455534630675874,0.7590541116318704
0.7457627118644068,0.7591054313099042
0.7457627118644068,0.7589437819420783
0.7457627118644068,0.7587822014051522
0.7457627118644068,0.7586206896551724
0.7457627118644068,0.7584592466482231
0.7457627118644068,0.7582978723404256
0.7457627118644068,0.7581365666879387
0.7457627118644068,0.7579753296469588
0.7457627118644068,0.7578141611737189
0.7457627118644068,0.7576530612244898
0.7457627118644068,0.7574920297555792
0.7459719606612262,0.7575435614109647
0.7459719606612262,0.7573826216273635
0.7459719606612262,0.7572217502124045
0.7461812094580457,0.7572733064344872
0.7461812094580457,0.7571125265392782
0.746390458254865,0.7571640840585863
0.746390458254865,0.7570033955857386
0.746390458254865,0.7568427753023552
0.746390458254865,0.7566822231650403
0.746390458254865,0.7565217391304347
0.746390458254865,0.7563613231552163
0.7465997070516844,0.7564129743481026
0.7465997070516844,0.7562526494277236
0.7468089558485038,0.7563043017588472
0.7468089558485038,0.7561440677966101
0.7468089558485038,0.7559839017157381
0.7468089558485038,0.7558238034731046
0.7468089558485038,0.7556637730256193
0.7468089558485038,0.7555038103302286
0.7468089558485038,0.7553439153439153
0.7468089558485038,0.7551840880236987
0.7468089558485038,0.7550243283266342
0.7468089558485038,0.7548646362098139
0.7468089558485038,0.7547050116303659
0.7468089558485038,0.7545454545454545
0.7468089558485038,0.7543859649122807
0.7468089558485038,0.7542265426880812
0.7468089558485038,0.7540671878301289
0.7468089558485038,0.753907900295733
0.7468089558485038,0.7537486800422386
0.7470182046453233,0.7538006756756757
0.7470182046453233,0.7536415452818239
0.7470182046453233,0.753482482059941
0.7470182046453233,0.7533234859675036
0.7470182046453233,0.7531645569620253
0.7470182046453233,0.7530056950010546
0.7470182046453233,0.7528469000421762
0.7470182046453233,0.7526881720430108
0.7470182046453233,0.7525295109612141
0.7470182046453233,0.7523709167544784
0.7470182046453233,0.7522123893805309
0.7470182046453233,0.7520539287971351
0.7472274534421427,0.752106149957877
0.7472274534421427,0.75194777847968
0.7472274534421427,0.7517894736842106
0.7472274534421427,0.7516312355293623
0.7474367022389621,0.7516835016835017
0.7474367022389621,0.7515253524090049
0.7474367022389621,0.7513672696676483
0.7476459510357816,0.7514195583596215
0.7476459510357816,0.7512615643397813
0.747855199832601,0.7513138532688669
0.7480644486294203,0.7513661202185792
0.7480644486294203,0.751208237024585
0.7480644486294203,0.7510504201680672
0.7480644486294203,0.7508926696072253
0.7480644486294203,0.750734985300294
0.7480644486294203,0.7505773672055427
0.7482736974262398,0.7506297229219143
0.7482736974262398,0.7504721930745015
0.7484829462230592,0.7505245488879564
0.7486921950198786,0.7505768827354731
0.7489014438166981,0.7506291946308725
0.7489014438166981,0.7504717970224366
0.7489014438166981,0.7503144654088051
0.7489014438166981,0.7501571997484804
0.7489014438166981,0.75
0.7489014438166981,0.7498428661219358
0.7489014438166981,0.7496857980728948
0.7491106926135175,0.749738219895288
0.7491106926135175,0.7495812395309883
0.7491106926135175,0.7494243248900984
0.7493199414103369,0.7494767685223943
0.7493199414103369,0.7493199414103369
0.7493199414103369,0.749163179916318
0.7495291902071564,0.7492156452624974
0.7497384390039757,0.7492680886658302
0.7497384390039757,0.7491114363370269
0.7497384390039757,0.7489548494983278
0.7497384390039757,0.748798328108673
0.7497384390039757,0.7486418721270371
0.7499476878007951,0.7486943806141634
0.7499476878007951,0.7485380116959064
0.7501569365976145,0.7485905199415327
0.7501569365976145,0.7484342379958246
0.7501569365976145,0.7482780212899186
0.750366185394434,0.748330550918197
0.750366185394434,0.7481744210306698
0.7505754341912534,0.74822695035461
0.7505754341912534,0.7480709071949948
0.7505754341912534,0.7479149291075896
0.7505754341912534,0.747759016051699
0.7505754341912534,0.7476031679866612
0.7505754341912534,0.7474473848718483
0.7505754341912534,0.7472916666666667
0.7505754341912534,0.7471360133305561
0.7507846829880728,0.7471886713869221
0.7509939317848923,0.7472413075161357
0.7512031805817116,0.7472939217318901
0.7512031805817116,0.7471383975026015
0.7512031805817116,0.7469829379941739
0.7512031805817116,0.7468275431662159
0.7512031805817116,0.7466722129783694
0.7512031805817116,0.7465169473903098
0.7512031805817116,0.7463617463617463
0.7512031805817116,0.7462066098524215
0.751412429378531,0.7462593516209476
0.751412429378531,0.7461043008518595
0.7516216781753505,0.7461570419609472
0.7516216781753505,0.7460020768431983
0.7516216781753505,0.7458471760797342
0.7516216781753505,0.7456923396304754
0.7518309269721699,0.7457451224574512
0.7518309269721699,0.7455903714463582
0.7518309269721699,0.7454356846473029
0.7518309269721699,0.7452810620203277
0.7518309269721699,0.7451265035255081
0.7520401757689893,0.7451793489529338
0.7522494245658088,0.7452321724709784
0.7522494245658088,0.7450777202072539
0.7524586733626282,0.7451305428926648
0.7524586733626282,0.7449761756784753
0.7524586733626282,0.7448218724109362
0.7526679221594476,0.744874715261959
0.7526679221594476,0.7447204968944099
0.7526679221594476,0.7445663423721797
0.7526679221594476,0.7444122516556292
0.752877170956267,0.744465135526588
0.7530864197530864,0.7445179975175837
0.7532956685499058,0.7445708376421923
0.7532956685499058,0.7444168734491315
0.7532956685499058,0.7442629729170974
0.7532956685499058,0.7441091360066143
0.7532956685499058,0.7439553626782393
0.7532956685499058,0.743801652892562
0.7535049173467253,0.7438545755009296
0.7535049173467253,0.7437009500206526
0.7535049173467253,0.7435473879826554
0.7537141661435447,0.7436003303055326
0.7537141661435447,0.7434468524251806
0.7537141661435447,0.743293437886917
0.7537141661435447,0.7431400866515371
0.7537141661435447,0.7429867986798679
0.7539234149403641,0.7430398020210353
0.7539234149403641,0.7428865979381444
0.7539234149403641,0.7427334570191713
0.7539234149403641,0.7425803792250618
0.7539234149403641,0.7424273645167937
0.7541326637371835,0.7424804285125669
0.754341912534003,0.7425334706488157
0.754341912534003,0.7423805601317958
0.754341912534003,0.7422277125797817
0.754341912534003,0.7420749279538905
0.7545511613308223,0.7421280098785759
0.7545511613308223,0.7419753086419754
0.7545511613308223,0.7418226702324625
0.7545511613308223,0.7416700946112711
0.7545511613308223,0.7415175817396669
0.7547604101276417,0.7415707236842105
0.7547604101276417,0.7414182939362796
0.7547604101276417,0.741265926839293
0.7547604101276417,0.7411136223546333
0.7549696589244612,0.7411668036154478
0.7549696589244612,0.7410145820497022
0.7549696589244612,0.7408624229979466
0.7549696589244612,0.7407103264216793
0.7551789077212806,0.7407635467980296
0.7551789077212806,0.7406115329365893
0.7551789077212806,0.7404595814526057
0.7551789077212806,0.7403076923076923
0.7551789077212806,0.7401558654634947
0.7551789077212806,0.7400041008816896
0.7553881565181,0.7400574005740057
0.7553881565181,0.7399057183849149
0.7553881565181,0.7397540983606558
0.7553881565181,0.7396025404630199
0.7553881565181,0.7394510446538304
0.7553881565181,0.7392996108949417
0.7555974053149195,0.7393529893529893
0.7555974053149195,0.7392016376663255
0.7555974053149195,0.7390503479328694
0.7555974053149195,0.7388991201145897
0.7558066541117389,0.7389525368248773
0.7558066541117389,0.7388013908774801
0.7558066541117389,0.7386503067484662
0.7560159029085582,0.7387037415661419
0.7560159029085582,0.7385527391659853
0.7562251517053777,0.738606172082567
0.7562251517053777,0.7384552513281569
0.7562251517053777,0.7383043922369765
0.7562251517053777,0.7381535947712419
0.7562251517053777,0.7380028588931999
0.7564344005021971,0.7380563495304205
0.7564344005021971,0.7379056950398041
0.7564344005021971,0.7377551020408163
0.7564344005021971,0.7376045704958172
0.7566436492990165,0.7376580987352102
0.7566436492990165,0.7375076483785438
0.7566436492990165,0.7373572593800979
0.7566436492990165,0.7372069317023445
0.7566436492990165,0.7370566653077864
0.7566436492990165,0.7369064601589566
0.756852898095836,0.736960065199674
0.756852898095836,0.736809940924832
0.756852898095836,0.7366598778004073
0.756852898095836,0.736509875789045
0.756852898095836,0.7363599348534202
0.756852898095836,0.7362100549562386
0.756852898095836,0.7360602360602361
0.756852898095836,0.735910478128179
0.7570621468926554,0.7359641985353946
0.7570621468926554,0.7358145210494204
0.7570621468926554,0.7356649044326962
0.7570621468926554,0.7355153486480992
0.7570621468926554,0.7353658536585366
0.7570621468926554,0.7352164194269457
0.7570621468926554,0.7350670459162942
0.7572713956894748,0.7351208612634572
0.7572713956894748,0.7349715678310317
0.7572713956894748,0.7348223350253807
0.7572713956894748,0.7346731628095818
0.7572713956894748,0.7345240511467425
0.7574806444862942,0.734577922077922
0.7576898932831136,0.7346317711503347
0.7576898932831136,0.7344827586206897
0.757899142079933,0.734536605151085
0.7581083908767524,0.7345904298459043
0.7581083908767524,0.7344415163186702
0.7581083908767524,0.7342926631536278
0.7581083908767524,0.7341438703140831
0.7581083908767524,0.7339951377633711
0.7581083908767524,0.7338464654648572
0.7581083908767524,0.733697853381936
0.7581083908767524,0.733549301478032
0.7581083908767524,0.7334008097165992
0.7581083908767524,0.7332523780611212
0.7581083908767524,0.7331040064751113
0.7581083908767524,0.7329556949221121
0.7581083908767524,0.7328074433656958
0.7583176396735719,0.7328614762386249
0.7583176396735719,0.7327133036797412
0.7585268884703913,0.7327673337376187
0.7585268884703913,0.7326192400970089
0.7585268884703913,0.7324712063043038
0.7587361372672107,0.7325252525252526
0.7587361372672107,0.7323772975156534
0.7587361372672107,0.7322294022617124
0.7587361372672107,0.732081566727236
0.7587361372672107,0.7319337908760597
0.7587361372672107,0.7317860746720485
0.7587361372672107,0.731638418079096
0.7587361372672107,0.7314908210611257
0.7587361372672107,0.7313432835820896
0.7587361372672107,0.731195805605969
0.7587361372672107,0.7310483870967742
0.7589453860640302,0.7311026002822012
0.7589453860640302,0.7309552599758162
0.7589453860640302,0.7308079790449326
0.7589453860640302,0.7306607574536664
0.7589453860640302,0.7305135951661631
0.7589453860640302,0.7303664921465969
0.7591546348608496,0.7304207771290517
0.7591546348608496,0.7302737520128825
0.7591546348608496,0.7301267860736567
0.7591546348608496,0.7299798792756539
0.7591546348608496,0.7298330315831825
0.7591546348608496,0.7296862429605793
0.7591546348608496,0.7295395133722099
0.7593638836576689,0.7295938882187374
0.7593638836576689,0.7294472361809046
0.7593638836576689,0.7293006430868167
0.7593638836576689,0.7291541089009443
0.7593638836576689,0.7290076335877863
0.7593638836576689,0.7288612171118699
0.7593638836576689,0.728714859437751
0.7593638836576689,0.7285685605300141
0.7593638836576689,0.7284223203532718
0.7593638836576689,0.7282761388721654
0.7595731324544884,0.728330658105939
0.7597823812513078,0.7283851554663991
0.7597823812513078,0.728239069394304
0.7599916300481272,0.7282935632644877
0.7602008788449467,0.7283480352846833
0.7602008788449467,0.7282020444978954
0.7602008788449467,0.7280561122244489
0.7602008788449467,0.7279102384291725
0.7602008788449467,0.7277644230769231
0.7604101276417661,0.7278189465251352
0.7604101276417661,0.7276732078494194
0.7604101276417661,0.7275275275275275
0.7604101276417661,0.7273819055244195
0.7606193764385855,0.7274364618771263
0.7606193764385855,0.7272909163665466
0.7606193764385855,0.7271454290858171
0.7606193764385855,0.727
0.7606193764385855,0.7268546290741852
0.7608286252354048,0.7269092363054778
0.7608286252354048,0.726763941635019
0.7608286252354048,0.7266187050359713
0.7608286252354048,0.7264735264735265
0.7608286252354048,0.7263284059129045
0.7610378740322243,0.7263830637108049
0.7610378740322243,0.7262380191693291
0.7612471228290437,0.7262926731882612
0.7612471228290437,0.7261477045908183
0.7614563716258631,0.7262023548193973
0.7614563716258631,0.7260574620909817
0.7614563716258631,0.7259126271693597
0.7614563716258631,0.7257678500199441
0.7614563716258631,0.7256231306081755
0.7614563716258631,0.7254784688995215
0.7614563716258631,0.7253338648594778
0.7614563716258631,0.7251893184535672
0.7614563716258631,0.7250448296473401
0.7616656204226826,0.7250996015936255
0.7616656204226826,0.72495518820952
0.7616656204226826,0.724810832337714
0.761874869219502,0.7248656181564802
0.761874869219502,0.7247213375796179
0.761874869219502,0.7245771144278607
0.761874869219502,0.724432948666932
0.761874869219502,0.7242888402625821
0.761874869219502,0.7241447891805887
0.761874869219502,0.7240007953867568
0.761874869219502,0.7238568588469185
0.761874869219502,0.723712979526933
0.761874869219502,0.7235691573926868
0.7620841180163214,0.7236240810649712
0.7620841180163214,0.7234803337306317
0.7622933668131409,0.7235352532274082
0.7622933668131409,0.7233915806195393
0.7622933668131409,0.7232479650585666
0.7622933668131409,0.72310440651052
0.7622933668131409,0.7229609049414566
0.7622933668131409,0.7228174603174603
0.7622933668131409,0.7226740726046419
0.7622933668131409,0.7225307417691392
0.7622933668131409,0.7223874677771168
0.7622933668131409,0.722244250594766
0.7622933668131409,0.7221010901883053
0.7622933668131409,0.7219579865239794
0.7622933668131409,0.7218149395680602
0.7622933668131409,0.7216719492868463
0.7622933668131409,0.7215290156466627
0.7622933668131409,0.7213861386138614
0.7622933668131409,0.7212433181548208
0.7625026156099602,0.721298495645289
0.7627118644067796,0.7213536512962596
0.7627118644067796,0.7212109220419469
0.7627118644067796,0.7210682492581603
0.7629211132035991,0.721123417721519
0.7629211132035991,0.720980818667194
0.7631303620004185,0.7210359826018189
0.7633396107972379,0.7210911247282071
0.7635488595940574,0.7211462450592885
0.7635488595940574,0.7210037541987749
0.7637581083908768,0.721058870011853
0.7637581083908768,0.72091645269603
0.7637581083908768,0.7207740916271722
0.7637581083908768,0.7206317867719645
0.7639673571876961,0.7206869324911173
0.7639673571876961,0.7205447010065127
0.7639673571876961,0.7204025256511445
0.7641766059845156,0.7204576839613336
0.7641766059845156,0.7203155818540434
0.764385854781335,0.7203707355551173
0.764385854781335,0.7202287066246057
0.764385854781335,0.720086733688153
0.764385854781335,0.7199448167126528
0.764385854781335,0.7198029556650246
0.764385854781335,0.7196611505122144
0.7645951035781544,0.7197163679338192
0.7648043523749738,0.7197715636077195
0.7648043523749738,0.7196298483953534
0.7648043523749738,0.719488188976378
0.7648043523749738,0.7193465853178508
0.7648043523749738,0.7192050373868556
0.7648043523749738,0.7190635451505016
0.7648043523749738,0.7189221085759244
0.7648043523749738,0.7187807276302851
0.7650136011717933,0.7188360204482894
0.7650136011717933,0.7186947120110084
0.7650136011717933,0.7185534591194969
0.7650136011717933,0.71841226174101
0.7650136011717933,0.7182711198428291
0.7650136011717933,0.7181300333922609
0.7650136011717933,0.7179890023566379
0.7650136011717933,0.7178480267033183
0.7650136011717933,0.7177071063996859
0.7650136011717933,0.7175662414131502
0.7650136011717933,0.717425431711146
0.7650136011717933,0.717284677261134
0.7650136011717933,0.7171439780306003
0.7650136011717933,0.7170033339870563
0.7650136011717933,0.7168627450980393
0.7650136011717933,0.7167222113311116
0.7652228499686127,0.7167777342218737
0.7652228499686127,0.7166372721928278
0.7654320987654321,0.716692789968652
0.7654320987654321,0.7165523996082273
0.7656413475622516,0.7166079122600861
0.7656413475622516,0.7164675934991188
0.7656413475622516,0.716327329678935
0.7658505963590709,0.7163828537874339
0.7658505963590709,0.7162426614481409
0.7660598451558903,0.716298180395226
0.7660598451558903,0.7161580594679187
0.7662690939527098,0.7162135732446705
0.7664783427495292,0.7162690653109113
0.7664783427495292,0.7161290322580646
0.7664783427495292,0.7159890539483972
0.7664783427495292,0.7158491303498143
0.7664783427495292,0.7157092614302462
0.7664783427495292,0.715569447157648
0.7664783427495292,0.7154296875
0.7664783427495292,0.7152899824253075
0.7664783427495292,0.7151503319016009
0.7666875915463486,0.7152059340230333
0.7666875915463486,0.7150663544106167
0.7666875915463486,0.7149268292682927
0.7666875915463486,0.7147873585641826
0.7666875915463486,0.7146479422664326
0.7666875915463486,0.7145085803432137
0.7666875915463486,0.7143692727627218
0.7666875915463486,0.7142300194931774
0.7666875915463486,0.7140908205028259
0.7666875915463486,0.7139516757599377
0.7666875915463486,0.7138125852328073
0.7666875915463486,0.7136735488897545
0.7666875915463486,0.7135345666991236
0.7666875915463486,0.7133956386292835
0.7666875915463486,0.7132567646486276
0.7666875915463486,0.7131179447255741
0.7668968403431681,0.7131737692158008
0.7671060891399875,0.7132295719844358
0.7671060891399875,0.713090838358296
0.7673153379368068,0.7131466355503695
0.7675245867336263,0.7132024110441376
0.7675245867336263,0.7130637636080871
0.7675245867336263,0.7129251700680272
0.7675245867336263,0.7127866303925379
0.7675245867336263,0.7126481445502234
0.7675245867336263,0.7125097125097125
0.7675245867336263,0.7123713342396581
0.7675245867336263,0.7122330097087378
0.7675245867336263,0.7120947388856532
0.7675245867336263,0.7119565217391305
0.7675245867336263,0.7118183582379196
0.7675245867336263,0.7116802483507955
0.7675245867336263,0.7115421920465568
0.7675245867336263,0.7114041892940264
0.7677338355304457,0.7114601512507271
0.7677338355304457,0.7113222179139201
0.7677338355304457,0.7111843380500097
0.7679430843272651,0.7112403100775194
0.7681523331240845,0.7112962604146483
0.7681523331240845,0.7111584657109647
0.7681523331240845,0.7110207243850475
0.7681523331240845,0.7108830364058869
0.7681523331240845,0.7107454017424976
0.7681523331240845,0.7106078203639179
0.7681523331240845,0.7104702922392103
0.7681523331240845,0.7103328173374613
0.7681523331240845,0.710195395627781
0.7681523331240845,0.7100580270793037
0.7681523331240845,0.7099207116611874
0.7681523331240845,0.7097834493426141
0.7681523331240845,0.7096462400927895
0.7681523331240845,0.7095090838809431
0.7681523331240845,0.7093719806763285
0.7681523331240845,0.7092349304482226
0.7681523331240845,0.7090979331659262
0.7681523331240845,0.708960988798764
0.7681523331240845,0.7088240973160842
0.7681523331240845,0.7086872586872587
0.7681523331240845,0.708550472881683
0.7681523331240845,0.7084137398687765
0.7681523331240845,0.7082770596179818
0.7681523331240845,0.7081404320987654
0.7681523331240845,0.7080038572806172
0.7681523331240845,0.7078673351330506
0.7681523331240845,0.7077308656256025
0.7681523331240845,0.7075944487278335
0.7681523331240845,0.7074580844093274
0.7681523331240845,0.7073217726396918
0.768361581920904,0.7073781544981699
0.768361581920904,0.7072419106317411
0.768361581920904,0.707105719237435
0.768361581920904,0.7069695802849442
0.7685708307177234,0.7070259865255053
0.7685708307177234,0.7068899153194765
0.7685708307177234,0.7067538964787378
0.7685708307177234,0.7066179299730666
0.7687800795145427,0.7066743604539335
0.7687800795145427,0.7065384615384616
0.7687800795145427,0.7064026148817535
0.7687800795145427,0.7062668204536716
0.7687800795145427,0.7061310782241015
0.7687800795145427,0.7059953881629516
0.7687800795145427,0.7058597502401537
0.7687800795145427,0.7057241644256627
0.7687800795145427,0.7055886306894565
0.7687800795145427,0.7054531490015361
0.7689893283113622,0.7055096947590709
0.7689893283113622,0.7053742802303263
0.7689893283113622,0.7052389176741508
0.7689893283113622,0.7051036070606294
0.7689893283113622,0.7049683483598695
0.7689893283113622,0.7048331415420023
0.7689893283113622,0.7046979865771812
0.7689893283113622,0.7045628834355828
0.7689893283113622,0.7044278320874066
0.7691985771081816,0.7044844768110388
0.7691985771081816,0.7043494922398927
0.7691985771081816,0.7042145593869732
0.7691985771081816,0.7040796782225627
0.769407825905001,0.704136346227499
0.769407825905001,0.70400153168677
0.7696170747018205,0.7040581929555896
0.7696170747018205,0.7039234449760765
0.7696170747018205,0.703788748564868
0.7696170747018205,0.7036541036923666
0.7698263234986399,0.7037107880642693
0.7698263234986399,0.703576209600306
0.7698263234986399,0.7034416826003824
0.7698263234986399,0.7033072070349837
0.7698263234986399,0.7031727828746177
0.7700355722954593,0.7032295050640168
0.7700355722954593,0.7030951471150172
0.7700355722954593,0.7029608404966571
0.7700355722954593,0.7028265851795263
0.7700355722954593,0.7026923811342372
0.7700355722954593,0.7025582283314242
0.7700355722954593,0.7024241267417446
0.7702448210922788,0.7024809160305343
0.7704540698890981,0.7025376836481587
0.7704540698890981,0.7024036627241511
0.7704540698890981,0.7022696929238985
0.7704540698890981,0.7021357742181541
0.7706633186859175,0.7021925643469972
0.7706633186859175,0.7020587113991613
0.770872567482737,0.7021154945683248
0.770872567482737,0.7019817073170732
0.770872567482737,0.7018479710421033
0.770872567482737,0.7017142857142857
0.770872567482737,0.7015806513045134
0.770872567482737,0.7014470677837015
0.770872567482737,0.7013135351227869
0.770872567482737,0.7011800532927294
0.770872567482737,0.70104662226451
0.770872567482737,0.7009132420091324
0.770872567482737,0.7007799124976222
0.770872567482737,0.700646633701027
0.770872567482737,0.7005134055904164
0.7710818162795564,0.7005703422053232
0.7710818162795564,0.7004371792434898
0.7710818162795564,0.7003040668947168
0.7712910650763758,0.7003610108303249
0.7712910650763758,0.7002279635258358
0.7712910650763758,0.7000949667616334
0.7712910650763758,0.6999620205089252
0.7712910650763758,0.6998291247389405
0.7712910650763758,0.6996962794229309
0.7712910650763758,0.6995634845321693
0.7712910650763758,0.6994307400379507
0.7712910650763758,0.6992980459115917
0.7712910650763758,0.6991654021244309
0.7712910650763758,0.6990328086478286
0.7712910650763758,0.6989002654531665
0.7712910650763758,0.6987677725118483
0.7712910650763758,0.6986353297952995
0.7712910650763758,0.6985029372749668
0.7712910650763758,0.698370594922319
0.7712910650763758,0.6982383027088463
0.7712910650763758,0.6981060606060606
0.7712910650763758,0.6979738685854951
0.7712910650763758,0.697841726618705
0.7712910650763758,0.6977096346772667
0.7715003138731952,0.6977668433005298
0.7717095626700147,0.6978240302743614
0.771918811466834,0.697881195611048
0.771918811466834,0.6977491961414791
0.771918811466834,0.6976172465960666
0.7721280602636534,0.6976744186046512
0.7721280602636534,0.6975425330812854
0.7721280602636534,0.6974106974106974
0.7721280602636534,0.6972789115646258
0.7721280602636534,0.697147175514831
0.7721280602636534,0.6970154892330941
0.7723373090604729,0.6970727101038716
0.7723373090604729,0.6969410876132931
0.7723373090604729,0.6968095148197093
0.7723373090604729,0.6966779916949792
0.7723373090604729,0.6965465182109832
0.7723373090604729,0.6964150943396227
0.7723373090604729,0.6962837200528202
0.7723373090604729,0.6961523953225198
0.7723373090604729,0.6960211201206864
0.7723373090604729,0.6958898944193062
0.7723373090604729,0.6957587181903865
0.7723373090604729,0.6956275914059555
0.7725465578572923,0.6956849444130394
0.7725465578572923,0.6955538809344386
0.7725465578572923,0.6954228668299115
0.7727558066541117,0.6954802259887005
0.7727558066541117,0.695349275089437
0.7727558066541117,0.6952183734939759
0.7727558066541117,0.6950875211744777
0.7727558066541117,0.6949567181031239
0.7727558066541117,0.6948259642521166
0.7727558066541117,0.6946952595936795
0.7729650554509312,0.6947526800827535
0.7729650554509312,0.6946220383602858
0.7729650554509312,0.6944914457604813
0.7729650554509312,0.6943609022556391
0.7729650554509312,0.6942304078180793
0.7729650554509312,0.6940999624201428
0.7729650554509312,0.6939695660341912
0.7729650554509312,0.6938392186326071
0.7729650554509312,0.6937089201877934
0.7729650554509312,0.6935786706721743
0.7729650554509312,0.6934484700581941
0.7729650554509312,0.6933183183183184
0.7729650554509312,0.6931882154250328
0.7731743042477506,0.6932457786116323
0.7731743042477506,0.6931157381354343
0.7731743042477506,0.6929857464366092
0.77338355304457,0.6930433152072004
0.77338355304457,0.6929133858267716
0.77338355304457,0.6927835051546392
0.7735928018413895,0.6928410794602698
0.7735928018413895,0.6927112610080569
0.7735928018413895,0.6925814911952042
0.7738020506382088,0.6926390709870762
0.7738020506382088,0.6925093632958802
0.7738020506382088,0.6923797041752481
0.7738020506382088,0.6922500935979035
0.7738020506382088,0.6921205315365899
0.7738020506382088,0.6919910179640718
0.7738020506382088,0.6918615528531338
0.7738020506382088,0.6917321361765806
0.7738020506382088,0.6916027679072377
0.7738020506382088,0.6914734480179506
0.7738020506382088,0.6913441764815853
0.7738020506382088,0.691214953271028
0.7738020506382088,0.6910857783591852
0.7738020506382088,0.6909566517189836
0.7738020506382088,0.6908275733233701
0.7738020506382088,0.6906985431453119
0.7738020506382088,0.6905695611577964
0.7740112994350282,0.6906273338312173
0.7740112994350282,0.6904984132910211
0.7740112994350282,0.6903695408734603
0.7740112994350282,0.6902407165515955
0.7740112994350282,0.6901119402985074
0.7742205482318477,0.6901697444506621
0.7742205482318477,0.6900410294666169
0.7742205482318477,0.6899123624836845
0.7742205482318477,0.6897837434750187
0.7742205482318477,0.6896551724137931
0.7742205482318477,0.6895266492732016
0.7742205482318477,0.689398174026458
0.7742205482318477,0.6892697466467959
0.7742205482318477,0.6891413671074688
0.7742205482318477,0.6890130353817505
0.7744297970286671,0.6890709365108918
0.7744297970286671,0.6889426656738645
0.7744297970286671,0.6888144425832868
0.7744297970286671,0.6886862672125047
0.7744297970286671,0.6885581395348838
0.7744297970286671,0.6884300595238095
0.7744297970286671,0.6883020271526874
0.7744297970286671,0.6881740423949424
0.7744297970286671,0.6880461052240193
0.7746390458254865,0.6881040892193309
0.7748482946223059,0.6881620516632596
0.7748482946223059,0.688034188034188
0.7748482946223059,0.6879063719115734
0.7748482946223059,0.687778603268945
0.7748482946223059,0.6876508820798515
0.7750575434191254,0.68770887486075
0.7750575434191254,0.687581214033785
0.7750575434191254,0.6874536005939124
0.7750575434191254,0.6873260345147523
0.7750575434191254,0.6871985157699444
0.7750575434191254,0.6870710443331478
0.7750575434191254,0.6869436201780416
0.7750575434191254,0.6868162432783238
0.7752667922159447,0.6868743047830923
0.7752667922159447,0.6867469879518072
0.7752667922159447,0.6866197183098591
0.7754760410127641,0.6866777839540485
0.7754760410127641,0.6865505742867729
0.7754760410127641,0.6864234117429153
0.7756852898095836,0.6864814814814815
0.7756852898095836,0.6863543788187373
0.7756852898095836,0.6862273232136246
0.7756852898095836,0.6861003146400148
0.7756852898095836,0.6859733530717986
0.7756852898095836,0.6858464384828862
0.7756852898095836,0.6857195708472068
0.7756852898095836,0.6855927501387091
0.7756852898095836,0.685465976331361
0.7756852898095836,0.6853392493991496
0.7756852898095836,0.6852125693160813
0.7756852898095836,0.6850859360561818
0.7756852898095836,0.6849593495934959
0.7756852898095836,0.6848328099020876
0.7756852898095836,0.6847063169560399
0.7756852898095836,0.6845798707294553
0.7756852898095836,0.6844534711964549
0.7756852898095836,0.6843271183311797
0.7756852898095836,0.6842008121077888
0.7756852898095836,0.6840745525004613
0.7756852898095836,0.6839483394833948
0.7756852898095836,0.6838221730308062
0.7756852898095836,0.683696053116931
0.7756852898095836,0.6835699797160243
0.775894538606403,0.6836283185840708
0.775894538606403,0.6835023041474655
0.775894538606403,0.6833763361592333
0.775894538606403,0.6832504145936982
0.7761037874032224,0.6833087693441415
0.7761037874032224,0.6831829066126358
0.7761037874032224,0.6830570902394106
0.7761037874032224,0.6829313201988584
0.7761037874032224,0.6828055964653903
0.7761037874032224,0.6826799190134364
0.7761037874032224,0.6825542878174458
0.7763130362000419,0.6826126954921803
0.7765222849968613,0.6826710816777042
0.7767315337936807,0.6827294463858745
0.7767315337936807,0.6826038984920927
0.7767315337936807,0.682478396764111
0.7767315337936807,0.6823529411764706
0.7767315337936807,0.682227531703731
0.7769407825905001,0.6822859242925395
0.7769407825905001,0.6821605732133015
0.7769407825905001,0.6820352681851579
0.7769407825905001,0.6819100091827365
0.7769407825905001,0.6817847961806831
0.7769407825905001,0.6816596291536625
0.7769407825905001,0.6815345080763583
0.7769407825905001,0.6814094329234722
0.7769407825905001,0.6812844036697248
0.7769407825905001,0.6811594202898551
0.7771500313873195,0.6812179016874541
0.7771500313873195,0.6810929763432972
0.7771500313873195,0.680968096809681
0.7771500313873195,0.6808432630614115
0.7771500313873195,0.6807184750733137
0.7771500313873195,0.680593732820231
0.7771500313873195,0.6804690362770246
0.7771500313873195,0.6803443854185748
0.7771500313873195,0.6802197802197802
0.7771500313873195,0.6800952206555576
0.7771500313873195,0.6799707067008421
0.7771500313873195,0.6798462383305875
0.7771500313873195,0.6797218155197657
0.7771500313873195,0.6795974382433668
0.7771500313873195,0.6794731064763996
0.7773592801841389,0.679531735869764
0.7773592801841389,0.679407461594733
0.7773592801841389,0.6792832327665022
0.7773592801841389,0.6791590493601463
0.7773592801841389,0.6790349113507586
0.7775685289809584,0.679093567251462
0.7775685289809584,0.6789694865704367
0.7775685289809584,0.6788454512239679
0.7775685289809584,0.6787214611872147
0.7775685289809584,0.6785975164353543
0.7775685289809584,0.6784736169435822
0.7777777777777778,0.6785323110624315
0.7779870265745972,0.6785909837561599
0.7779870265745972,0.6784671532846716
0.7781962753714167,0.678525816456851
0.7781962753714167,0.6784020430499818
0.7781962753714167,0.6782783147911727
0.7781962753714167,0.6781546316557258
0.7781962753714167,0.6780309936189608
0.7781962753714167,0.6779074006562158
0.7781962753714167,0.6777838527428467
0.7781962753714167,0.6776603498542274
0.7781962753714167,0.6775368919657497
0.778405524168236,0.6775956284153005
0.7786147729650554,0.6776543434711346
0.7788240217618748,0.6777130371449381
0.7788240217618748,0.6775896595667212
0.7788240217618748,0.677466326902075
0.7788240217618748,0.6773430391264786
0.7788240217618748,0.6772197962154294
0.7790332705586943,0.6772785155539385
0.7790332705586943,0.677155329210622
0.7790332705586943,0.6770321876704856
0.7792425193555137,0.6770909090909091
0.7792425193555137,0.6769678240319942
0.7792425193555137,0.6768447837150128
0.7792425193555137,0.6767217881155734
0.7794517681523331,0.676780523255814
0.7794517681523331,0.6766575840145322
0.7794517681523331,0.6765346894297131
0.7796610169491526,0.6765934265480298
0.7796610169491526,0.6764705882352942
0.7796610169491526,0.6763477945180614
0.7796610169491526,0.6762250453720509
0.7796610169491526,0.6761023407729995
0.7796610169491526,0.6759796806966618
0.7796610169491526,0.67585706511881
0.7796610169491526,0.675734494015234
0.7796610169491526,0.6756119673617407
0.7796610169491526,0.6754894851341552
0.7796610169491526,0.6753670473083198
0.7796610169491526,0.6752446538600942
0.779870265745972,0.675303497010328
0.779870265745972,0.6751811594202899
0.779870265745972,0.675058866147437
0.779870265745972,0.6749366171676928
0.779870265745972,0.674814412456998
0.7800795145427913,0.6748732802317161
0.7800795145427913,0.6747511312217195
0.7802887633396108,0.6748099891422367
0.7802887633396108,0.6746878957843314
0.7802887633396108,0.6745658465991317
0.7802887633396108,0.6744438415626696
0.7804980121364302,0.674502712477396
0.7804980121364302,0.6743807629723377
0.7804980121364302,0.6742588575560376
0.7804980121364302,0.6741369962045907
0.7807072609332496,0.6741958800144561
0.7807072609332496,0.674074074074074
0.7807072609332496,0.6739523121387283
0.7807072609332496,0.6738305941845765
0.7809165097300691,0.6738894907908992
0.7811257585268885,0.6739483661310706
0.7811257585268885,0.6738267148014441
0.7811257585268885,0.6737051073813392
0.7811257585268885,0.6735835438469866
0.7811257585268885,0.6734620241746346
0.7811257585268885,0.6733405483405484
0.7811257585268885,0.67321911632101
0.7811257585268885,0.6730977280923188
0.7811257585268885,0.6729763836307914
0.7811257585268885,0.6728550829127613
0.7813350073237079,0.6729140385655072
0.7813350073237079,0.6727927927927928
0.7813350073237079,0.6726715907043775
0.7813350073237079,0.672550432276657
0.7813350073237079,0.6724293174860436
0.7813350073237079,0.6723082463089665
0.7815442561205274,0.6723672367236724
0.7815442561205274,0.6722462203023758
0.7815442561205274,0.6721252474356667
0.7817535049173467,0.6721842389348687
0.7817535049173467,0.6720633207411405
0.7817535049173467,0.6719424460431654
0.7817535049173467,0.6718216148174788
0.7817535049173467,0.6717008270406328
0.7817535049173467,0.6715800826891964
0.7817535049173467,0.6714593817397556
0.7817535049173467,0.6713387241689128
0.7817535049173467,0.6712181099532878
0.7819627537141661,0.6712771690317945
0.7819627537141661,0.6711566091954023
0.7819627537141661,0.671036092655773
0.7819627537141661,0.6709156193895871
0.7819627537141661,0.6707951893735415
0.7819627537141661,0.6706748025843503
0.7819627537141661,0.670554458998744
0.7819627537141661,0.6704341585934697
0.7819627537141661,0.6703139013452915
0.7819627537141661,0.6701936872309899
0.7821720025109855,0.6702528240989779
0.7821720025109855,0.6701326640372893
0.7821720025109855,0.6700125470514429
0.7821720025109855,0.6698924731182796
0.7821720025109855,0.6697724422146569
0.7821720025109855,0.6696524543174489
0.7821720025109855,0.6695325094035465
0.782381251307805,0.6695916905444126
0.782381251307805,0.669471799462847
0.782381251307805,0.6693519513068386
0.782381251307805,0.6692321460533381
0.782381251307805,0.6691123836793128
0.782381251307805,0.6689926641617463
0.782381251307805,0.6688729874776387
0.782381251307805,0.6687533536040065
0.7825905001046244,0.6688125894134478
0.7825905001046244,0.668693009118541
0.7825905001046244,0.6685734715766893
0.7825905001046244,0.6684539767649688
0.7825905001046244,0.6683345246604717
0.7825905001046244,0.6682151152403073
0.7825905001046244,0.6680957484816006
0.7827997489014438,0.6681550276835149
0.7827997489014438,0.6680357142857143
0.7827997489014438,0.6679164434922336
0.7827997489014438,0.667797215280257
0.7827997489014438,0.6676780296269855
0.7827997489014438,0.667558886509636
0.7827997489014438,0.6674397859054416
0.7827997489014438,0.6673207277916517
0.7827997489014438,0.6672017121455324
0.7830089976982633,0.6672610556348074
0.7830089976982633,0.6671420930647174
0.7830089976982633,0.6670231729055258
0.7830089976982633,0.6669042951345571
0.7830089976982633,0.6667854597291518
0.7830089976982633,0.6666666666666666
0.7830089976982633,0.6665479159244745
0.7830089976982633,0.6664292074799644
0.7832182464950826,0.666488603988604
0.7832182464950826,0.6663699483710166
0.7832182464950826,0.66625133499466
0.783427495291902,0.6663107314468767
0.783427495291902,0.6661921708185053
0.783427495291902,0.6660736523750223
0.783427495291902,0.6659551760939167
0.783427495291902,0.6658367419526943
0.783427495291902,0.6657183499288762
0.783427495291902,0.6656
0.783427495291902,0.665481692143619
0.783427495291902,0.6653634263373023
0.783427495291902,0.6652452025586354
0.783427495291902,0.6651270207852193
0.783427495291902,0.6650088809946714
0.783427495291902,0.6648907831646244
0.783427495291902,0.6647727272727273
0.783427495291902,0.6646547132966447
0.783427495291902,0.6645367412140575
0.783427495291902,0.664418811002662
0.7836367440887215,0.6644783534421576
0.7838459928855409,0.664537874756076
0.7840552416823603,0.6645973749556581
0.7840552416823603,0.6644795176449725
0.7840552416823603,0.6643617021276595
0.7840552416823603,0.6642439283814926
0.7840552416823603,0.6641261963842608
0.7840552416823603,0.6640085061137693
0.7840552416823603,0.6638908575478384
0.7842644904791798,0.6639503985828167
0.7842644904791798,0.6638328019837053
0.7842644904791798,0.6637152470338232
0.7842644904791798,0.6635977337110481
0.7844737392759992,0.6636572844751284
0.7844737392759992,0.6635398230088495
0.7844737392759992,0.663422403114493
0.7844737392759992,0.6633050247699929
0.7844737392759992,0.6631876879532992
0.7844737392759992,0.6630703926423771
0.7844737392759992,0.6629531388152078
0.7844737392759992,0.6628359264497878
0.7844737392759992,0.6627187555241294
0.7844737392759992,0.6626016260162602
0.7846829880728186,0.6626612475702421
0.784892236869638,0.6627208480565371
0.784892236869638,0.6626037802508391
0.784892236869638,0.6624867537972448
0.7851014856664574,0.6625463535228677
0.7851014856664574,0.6624293785310734
0.7851014856664574,0.6623124448367167
0.7851014856664574,0.6621955524179315
0.7851014856664574,0.6620787012528675
0.7853107344632768,0.6621383203952012
0.7855199832600962,0.6621979185041453
0.7855199832600962,0.6620811287477955
0.7855199832600962,0.6619643801798625
0.7857292320569157,0.6620239774330042
0.7859384808537351,0.662083553675304
0.7859384808537351,0.6619668664081777
0.7859384808537351,0.6618502202643172
0.7859384808537351,0.6617336152219874
0.7859384808537351,0.661617051259468
0.7859384808537351,0.6615005283550546
0.7859384808537351,0.6613840464870576
0.7859384808537351,0.6612676056338028
0.7859384808537351,0.6611512057736314
0.7859384808537351,0.6610348468848997
0.7859384808537351,0.6609185289459792
0.7861477296505545,0.6609781843771991
0.7861477296505545,0.6608619173262973
0.7861477296505545,0.6607456911712979
0.786356978447374,0.6608053455248813
0.7865662272441933,0.6608649789029536
0.7865662272441933,0.6607488134997364
0.7865662272441933,0.6606326889279438
0.7865662272441933,0.6605166051660517
0.7865662272441933,0.6604005621925509
0.7865662272441933,0.6602845599859477
0.7865662272441933,0.660168598524763
0.7865662272441933,0.660052677787533
0.7865662272441933,0.659936797752809
0.7865662272441933,0.6598209583991574
0.7865662272441933,0.6597051597051597
0.7865662272441933,0.6595894016494122
0.7865662272441933,0.6594736842105263
0.7867754760410127,0.6595334151903175
0.7869847248378322,0.6595931252192213
0.7869847248378322,0.6594774679992986
0.7869847248378322,0.6593618513323983
0.7869847248378322,0.6592462751971955
0.7869847248378322,0.65913073957238
0.7869847248378322,0.6590152444366567
0.7871939736346516,0.6590749824807288
0.7871939736346516,0.6589595375722543
0.7871939736346516,0.6588441330998248
0.7871939736346516,0.6587287690421992
0.7871939736346516,0.6586134453781513
0.7871939736346516,0.6584981620864695
0.787403222431471,0.6585579278963948
0.787403222431471,0.6584426946631671
0.7876124712282905,0.6585024492652204
0.7876124712282905,0.6583872660486269
0.7878217200251099,0.6584470094438615
0.7878217200251099,0.6583318762021333
0.7878217200251099,0.6582167832167832
0.7878217200251099,0.6581017304667016
0.7878217200251099,0.6579867179307934
0.7878217200251099,0.6578717455879783
0.7878217200251099,0.6577568134171907
0.7878217200251099,0.6576419213973799
0.7878217200251099,0.6575270695075096
0.7878217200251099,0.6574122577265584
0.7878217200251099,0.6572974860335196
0.7878217200251099,0.6571827544074009
0.7878217200251099,0.6570680628272252
0.7878217200251099,0.6569534112720293
0.7878217200251099,0.6568387997208653
0.7878217200251099,0.6567242281527996
0.7878217200251099,0.6566096965469131
0.7878217200251099,0.6564952048823016
0.7878217200251099,0.6563807531380753
0.7878217200251099,0.6562663412933589
0.7880309688219292,0.6563262460787731
0.7880309688219292,0.6562118836034152
0.7880309688219292,0.6560975609756098
0.7880309688219292,0.6559832781745341
0.7880309688219292,0.65586903517938
0.7880309688219292,0.655754831969354
0.7880309688219292,0.6556406685236769
0.7880309688219292,0.655526544821584
0.7880309688219292,0.6554124608423251
0.7880309688219292,0.6552984165651644
0.7880309688219292,0.6551844119693807
0.7880309688219292,0.6550704470342669
0.7880309688219292,0.6549565217391304
0.7880309688219292,0.6548426360632933
0.7880309688219292,0.6547287899860917
0.7880309688219292,0.6546149834868764
0.7880309688219292,0.6545012165450121
0.7880309688219292,0.6543874891398783
0.7882402176187487,0.654447533009034
0.7882402176187487,0.6543338544380753
0.7882402176187487,0.6542202153525529
0.7882402176187487,0.6541066157318979
0.7882402176187487,0.6539930555555555
0.7882402176187487,0.6538795348029856
0.7882402176187487,0.6537660534536619
0.7882402176187487,0.6536526114870727
0.7884494664155681,0.6537126995142263
0.7884494664155681,0.6535993061578491
0.7884494664155681,0.6534859521331946
0.7886587152123875,0.6535460378012832
0.7886587152123875,0.6534327323162274
0.7886587152123875,0.6533194661119778
0.788867964009207,0.6533795493934142
0.788867964009207,0.6532663316582915
0.788867964009207,0.6531531531531531
0.788867964009207,0.653040013857613
0.7890772128060264,0.6531001039140977
0.7890772128060264,0.652987012987013
0.7890772128060264,0.6528739612188366
0.7892864616028458,0.6529340488142634
0.7892864616028458,0.6528210453444099
0.7892864616028458,0.652708080982869
0.7892864616028458,0.6525951557093426
0.7892864616028458,0.6524822695035462
0.7892864616028458,0.6523694223452092
0.7892864616028458,0.6522566142140758
0.7892864616028458,0.6521438450899032
0.7892864616028458,0.6520311149524632
0.7892864616028458,0.6519184237815416
0.7892864616028458,0.651805771556938
0.7892864616028458,0.6516931582584657
0.7894957103996652,0.6517533252720678
0.7894957103996652,0.6516407599309154
0.7894957103996652,0.6515282334657226
0.7894957103996652,0.6514157458563536
0.7894957103996652,0.651303297082686
0.7894957103996652,0.6511908871246117
0.7894957103996652,0.6510785159620363
0.7894957103996652,0.6509661835748792
0.7897049591964846,0.6510263929618768
0.789914207993304,0.6510865815798551
0.789914207993304,0.6509743059148129
0.789914207993304,0.6508620689655172
0.789914207993304,0.6507498707119462
0.789914207993304,0.6506377111340917
0.789914207993304,0.6505255902119593
0.789914207993304,0.6504135079255686
0.789914207993304,0.6503014642549526
0.7901234567901234,0.6503616947984844
0.7901234567901234,0.6502496986395729
0.7901234567901234,0.650137741046832
0.7901234567901234,0.6500258220003443
0.7901234567901234,0.6499139414802065
0.7901234567901234,0.649802099466529
0.7901234567901234,0.6496902959394356
0.7901234567901234,0.6495785308790641
0.7901234567901234,0.6494668042655659
0.7901234567901234,0.6493551160791058
0.7903327055869429,0.6494154057771664
0.7903327055869429,0.6493037648272305
0.7903327055869429,0.6491921622550705
0.7903327055869429,0.6490805980409005
0.7905419543837623,0.6491408934707904
0.7905419543837623,0.6490293763958083
0.7907512031805817,0.6490896599106836
0.7907512031805817,0.6489781899364588
0.7907512031805817,0.6488667582417582
0.7907512031805817,0.6487553648068669
0.7907512031805817,0.6486440096120838
0.7907512031805817,0.648532692637721
0.7907512031805817,0.6484214138641043
0.7907512031805817,0.6483101732715731
0.7907512031805817,0.6481989708404803
0.7907512031805817,0.6480878065511919
0.7907512031805817,0.6479766803840878
0.7907512031805817,0.6478655923195611
0.7907512031805817,0.6477545423380185
0.7907512031805817,0.64764353041988
0.7907512031805817,0.6475325565455792
0.7909604519774012,0.6475929415795786
0.7909604519774012,0.6474820143884892
0.7909604519774012,0.6473711251926699
0.7909604519774012,0.6472602739726028
0.7909604519774012,0.6471494607087828
0.7909604519774012,0.6470386853817186
0.7909604519774012,0.6469279479719322
0.7909604519774012,0.6468172484599589
0.7911697007742206,0.6468776732249786
0.7911697007742206,0.6467670201847417
0.7911697007742206,0.646656404994014
0.7911697007742206,0.646545827633379
0.7911697007742206,0.6464352880834331
0.7911697007742206,0.6463247863247863
0.7911697007742206,0.6462143223380619
0.7911697007742206,0.6461038961038961
0.7913789495710399,0.6461643601571844
0.7913789495710399,0.6460539801844892
0.7913789495710399,0.6459436379163108
0.7913789495710399,0.6458333333333334
0.7913789495710399,0.6457230664162541
0.7913789495710399,0.6456128371457835
0.7913789495710399,0.6455026455026455
0.7913789495710399,0.6453924914675768
0.7913789495710399,0.6452823750213275
0.7913789495710399,0.6451722961446605
0.7913789495710399,0.6450622548183523
0.7913789495710399,0.6449522510231923
0.7913789495710399,0.644842284739983
0.7913789495710399,0.6447323559495397
0.7913789495710399,0.6446224646326913
0.7913789495710399,0.6445126107702794
0.7913789495710399,0.644402794343159
0.7913789495710399,0.6442930153321976
0.7913789495710399,0.6441832737182763
0.7913789495710399,0.6440735694822888
0.7913789495710399,0.6439639026051421
0.7913789495710399,0.6438542730677562
0.7913789495710399,0.6437446808510638
0.7913789495710399,0.6436351259360109
0.7913789495710399,0.6435256083035562
0.7915881983678594,0.6435862538278326
0.7915881983678594,0.6434767817656064
0.7915881983678594,0.6433673469387755
0.7915881983678594,0.6432579493283456
0.7915881983678594,0.6431485889153349
0.7917974471646788,0.6432092469828319
0.7917974471646788,0.6430999320190347
0.7920066959614982,0.643160577740017
0.7922159447583177,0.6432212028542303
0.7922159447583177,0.6431119415661627
0.7922159447583177,0.6430027173913043
0.7922159447583177,0.6428935303107488
0.7922159447583177,0.6427843803056027
0.7924251935551371,0.642845017823799
0.7924251935551371,0.6427359131025119
0.7924251935551371,0.6426268454098083
0.7924251935551371,0.6425178147268409
0.7924251935551371,0.6424088210347753
0.7924251935551371,0.6422998643147897
0.7926344423519565,0.6423605222994743
0.7926344423519565,0.6422516107154967
0.7928436911487758,0.6423122563146296
0.7928436911487758,0.6422033898305085
0.7928436911487758,0.6420945602440264
0.7928436911487758,0.6419857675364283
0.7928436911487758,0.6418770116889717
0.7930529399455953,0.6419376693766937
0.7930529399455953,0.6418289585097375
0.7930529399455953,0.6417202844564849
0.7930529399455953,0.6416116471982394
0.7930529399455953,0.6415030467163169
0.7932621887424147,0.6415637163648672
0.7932621887424147,0.6414551607445008
0.7932621887424147,0.6413466418541702
0.7932621887424147,0.6412381596752368
0.7932621887424147,0.6411297141890749
0.7932621887424147,0.6410213053770714
0.7932621887424147,0.6409129332206255
0.7932621887424147,0.6408045977011494
0.7934714375392341,0.6408653033631908
0.7934714375392341,0.6407570125042245
0.7934714375392341,0.6406487582361885
0.7934714375392341,0.6405405405405405
0.7934714375392341,0.6404323593987502
0.7934714375392341,0.6403242147923
0.7934714375392341,0.6402161067026845
0.7934714375392341,0.6401080351114112
0.7934714375392341,0.64
0.7934714375392341,0.6398920013499831
0.7934714375392341,0.6397840391429054
0.7934714375392341,0.6396761133603239
0.7934714375392341,0.6395682239838084
0.7936806863360536,0.6396290050590219
0.7936806863360536,0.6395211600067442
0.7936806863360536,0.6394133513149022
0.7936806863360536,0.6393055789651104
0.793889935132873,0.6393663633299629
0.793889935132873,0.6392586352148273
0.793889935132873,0.6391509433962265
0.793889935132873,0.6390432878558194
0.793889935132873,0.6389356685752778
0.793889935132873,0.6388280855362856
0.793889935132873,0.6387205387205387
0.793889935132873,0.6386130281097459
0.793889935132873,0.6385055536856278
0.793889935132873,0.6383981154299175
0.793889935132873,0.6382907133243607
0.793889935132873,0.6381833473507149
0.793889935132873,0.63807601749075
0.793889935132873,0.6379687237262486
0.793889935132873,0.6378614660390047
0.793889935132873,0.6377542444108254
0.793889935132873,0.6376470588235295
0.793889935132873,0.6375399092589481
0.793889935132873,0.6374327956989247
0.7940991839296924,0.6374937006551319
0.7940991839296924,0.6373866308364124
0.7940991839296924,0.6372795969773299
0.7943084327265119,0.6373404969778375
0.7943084327265119,0.6372335067987241
0.7945176815233312,0.6372943940919772
0.7947269303201506,0.6373552609498238
0.7947269303201506,0.637248322147651
0.7947269303201506,0.6371414192249623
0.7947269303201506,0.6370345521637034
0.7947269303201506,0.6369277209458326
0.7947269303201506,0.6368209255533199
0.7947269303201506,0.6367141659681476
0.7947269303201506,0.6366074421723098
0.7947269303201506,0.6365007541478129
0.7947269303201506,0.6363941018766756
0.7947269303201506,0.6362874853409282
0.7947269303201506,0.6361809045226131
0.7947269303201506,0.636074359403785
0.7947269303201506,0.6359678499665103
0.7947269303201506,0.6358613761928679
0.7947269303201506,0.6357549380649481
0.7947269303201506,0.6356485355648536
0.7947269303201506,0.6355421686746988
0.7947269303201506,0.6354358373766104
0.7947269303201506,0.6353295416527267
0.7947269303201506,0.6352232814851982
0.7947269303201506,0.6351170568561872
0.7947269303201506,0.6350108677478683
0.7947269303201506,0.6349047141424273
0.7947269303201506,0.6347985960220625
0.7947269303201506,0.6346925133689839
0.7949361791169701,0.6347535505430242
0.7951454279137895,0.6348145673237554
0.7951454279137895,0.6347085351595123
0.7951454279137895,0.6346025384101537
0.7953546767106089,0.6346635498413759
0.7953546767106089,0.6345575959933222
0.7953546767106089,0.6344516775162744
0.7953546767106089,0.6343457943925234
0.7953546767106089,0.6342399466043718
0.7955639255074284,0.634300967634301
0.7955639255074284,0.6341951626355297
0.7957731743042478,0.6342561707805203
0.7959824231010671,0.6343171585792896
0.7959824231010671,0.6342114038012671
0.7959824231010671,0.6341056842807135
0.7959824231010671,0.634
0.7959824231010671,0.6338943509415097
0.7959824231010671,0.6337887370876375
0.7959824231010671,0.6336831584207896
0.7961916718978865,0.6337441705529647
0.796400920694706,0.6338051623646961
0.796400920694706,0.6336996336996337
0.7966101694915254,0.6337606126186116
0.7966101694915254,0.6336551264980027
0.7966101694915254,0.6335496754867699
0.7966101694915254,0.6334442595673877
0.7966101694915254,0.6333388787223424
0.7968194182883448,0.633399866932801
0.7968194182883448,0.6332945285215367
0.7968194182883448,0.6331892251413369
0.7968194182883448,0.6330839567747298
0.7968194182883448,0.6329787234042553
0.7968194182883448,0.6328735250124646
0.7968194182883448,0.632768361581921
0.7968194182883448,0.6326632330951986
0.7968194182883448,0.6325581395348837
0.7968194182883448,0.6324530808835741
0.7968194182883448,0.6323480571238791
0.7968194182883448,0.6322430682384194
0.7968194182883448,0.6321381142098274
0.7968194182883448,0.6320331950207468
0.7968194182883448,0.6319283106538334
0.7968194182883448,0.6318234610917538
0.7970286670851643,0.6318845388188454
0.7970286670851643,0.6317797312987229
0.7970286670851643,0.6316749585406302
0.7970286670851643,0.6315702205272757
0.7970286670851643,0.6314655172413793
0.7970286670851643,0.6313608486656721
0.7970286670851643,0.631256214782897
0.7970286670851643,0.6311516155758078
0.7970286670851643,0.6310470510271703
0.7970286670851643,0.6309425211197615
0.7970286670851643,0.6308380258363696
0.7970286670851643,0.6307335651597946
0.7970286670851643,0.6306291390728477
0.7970286670851643,0.6305247475583513
0.7970286670851643,0.6304203905991393
0.7970286670851643,0.6303160681780573
0.7970286670851643,0.6302117802779617
0.7970286670851643,0.6301075268817204
0.7972379158819837,0.6301687065828647
0.7972379158819837,0.6300644947908054
0.7972379158819837,0.6299603174603174
0.7972379158819837,0.6298561745743098
0.7972379158819837,0.6297520661157024
0.7972379158819837,0.6296479920674268
0.7972379158819837,0.6295439524124257
0.7972379158819837,0.6294399471336527
0.7972379158819837,0.6293359762140733
0.797447164678803,0.6293971924029728
0.797447164678803,0.6292932628797886
0.797447164678803,0.6291893676737659
0.7976564134756225,0.6292505777484318
0.7978656622724419,0.6293117676184189
0.7978656622724419,0.6292079207920792
0.7980749110692613,0.6292690975086619
0.7980749110692613,0.629165291982844
0.7980749110692613,0.6290615206993238
0.7980749110692613,0.628957783641161
0.7980749110692613,0.6288540807914262
0.7982841598660808,0.6289152654137817
0.7984934086629002,0.6289764298664908
0.7984934086629002,0.6288727752142387
0.7984934086629002,0.6287691547207118
0.7984934086629002,0.628665568369028
0.7984934086629002,0.6285620161423159
0.7984934086629002,0.6284584980237155
0.7984934086629002,0.6283550139963774
0.7984934086629002,0.6282515640434639
0.7984934086629002,0.6281481481481481
0.7984934086629002,0.6280447662936142
0.7984934086629002,0.6279414184630574
0.7984934086629002,0.6278381046396841
0.7984934086629002,0.6277348248067116
0.7984934086629002,0.6276315789473684
0.7984934086629002,0.6275283670448939
0.7984934086629002,0.6274251890825386
0.7984934086629002,0.627322045043564
0.7984934086629002,0.6272189349112426
0.7984934086629002,0.6271158586688579
0.7984934086629002,0.6270128162997043
0.7984934086629002,0.6269098077870873
0.7984934086629002,0.6268068331143233
0.7984934086629002,0.6267038922647397
0.7984934086629002,0.6266009852216748
0.7984934086629002,0.626498111968478
0.7984934086629002,0.6263952724885096
0.7984934086629002,0.6262924667651403
0.7984934086629002,0.6261896947817526
0.7984934086629002,0.6260869565217392
0.7984934086629002,0.6259842519685039
0.7984934086629002,0.6258815811054617
0.7987026574597196,0.6259429321088882
0.7987026574597196,0.6258403016888014
0.7987026574597196,0.6257377049180328
0.7987026574597196,0.6256351417800361
0.7987026574597196,0.6255326122582759
0.7987026574597196,0.6254301163362281
0.7987026574597196,0.6253276539973788
0.7987026574597196,0.6252252252252253
0.7987026574597196,0.6251228300032755
0.7987026574597196,0.6250204683150483
0.7989119062565391,0.6250818598559267
0.7989119062565391,0.6249795383859879
0.7989119062565391,0.6248772504091653
0.7991211550533585,0.6249386352479136
0.7993304038501778,0.625
0.7995396526469973,0.6250613446752822
0.7995396526469973,0.6249591102387962
0.7995396526469973,0.6248569092395748
0.7995396526469973,0.6247547416612165
0.7995396526469973,0.6246526074873304
0.7997489014438167,0.6247139588100686
0.7997489014438167,0.6246118646837718
0.7997489014438167,0.6245098039215686
0.7999581502406361,0.6245711485051462
0.8001673990374555,0.6246324730480235
0.8001673990374555,0.6245304589253634
0.8001673990374555,0.6244284781188766
0.8001673990374555,0.6243265306122449
0.8001673990374555,0.6242246163891609
0.8001673990374555,0.6241227354333279
0.8001673990374555,0.6240208877284595
0.8001673990374555,0.6239190732582803
0.8001673990374555,0.6238172920065252
0.800376647834275,0.6238786494862176
0.800376647834275,0.6237769080234834
0.800376647834275,0.6236751997391162
0.800376647834275,0.6235735246168894
0.800376647834275,0.6234718826405868
0.800376647834275,0.6233702737940026
0.800376647834275,0.6232686980609419
0.800376647834275,0.6231671554252199
0.800376647834275,0.6230656458706629
0.800376647834275,0.6229641693811075
0.800376647834275,0.6228627259404006
0.800376647834275,0.6227613155323999
0.800376647834275,0.6226599381409734
0.800376647834275,0.62255859375
0.800376647834275,0.6224572823433686
0.800376647834275,0.6223560039049788
0.800376647834275,0.6222547584187409
0.800376647834275,0.6221535458685752
0.800376647834275,0.6220523662384128
0.800376647834275,0.6219512195121951
0.8005858966310944,0.6220126808649
0.8005858966310944,0.6219115734720416
0.8005858966310944,0.6218104989436047
0.8005858966310944,0.6217094572635684
0.8005858966310944,0.621608448415922
0.8005858966310944,0.6215074723846654
0.8005858966310944,0.6214065291538087
0.8005858966310944,0.6213056187073726
0.8005858966310944,0.6212047410293879
0.8005858966310944,0.6211038961038962
0.8005858966310944,0.6210030839149489
0.8005858966310944,0.6209023044466082
0.8005858966310944,0.6208015576829466
0.8005858966310944,0.6207008436080467
0.8005858966310944,0.6206001622060017
0.8005858966310944,0.6204995134609147
0.8005858966310944,0.6203988973568997
0.8005858966310944,0.6202983138780804
0.8005858966310944,0.6201977630085913
0.8005858966310944,0.620097244732577
0.8005858966310944,0.6199967590341922
0.8005858966310944,0.619896305897602
0.8005858966310944,0.619795885306982
0.8005858966310944,0.6196954972465176
0.8005858966310944,0.6195951417004049
0.8005858966310944,0.6194948186528497
0.8007951454279137,0.6195564189736118
0.8007951454279137,0.6194561346714147
0.8007951454279137,0.6193558828289367
0.8007951454279137,0.6192556634304207
0.8007951454279137,0.6191554764601197
0.8007951454279137,0.619055321902297
0.8007951454279137,0.6189551997412259
0.8007951454279137,0.6188551099611902
0.8010043942247332,0.6189167340339531
0.8010043942247332,0.6188166828322017
0.8010043942247332,0.6187166639728463
0.8010043942247332,0.6186166774402069
0.8010043942247332,0.6185167232186136
0.8010043942247332,0.6184168012924071
0.8010043942247332,0.6183169116459376
0.8010043942247332,0.6182170542635659
0.8012136430215526,0.6182787017600516
0.8012136430215526,0.6181788827897966
0.8012136430215526,0.6180790960451977
0.8012136430215526,0.617979341510652
0.8012136430215526,0.6178796191705664
0.8012136430215526,0.6177799290093579
0.8012136430215526,0.6176802710114535
0.8012136430215526,0.6175806451612903
0.801422891818372,0.6176423157555233
0.801422891818372,0.617542728152209
0.8016321406151915,0.6176043849750121
0.8016321406151915,0.617504835589942
0.8016321406151915,0.6174053182917002
0.8016321406151915,0.617305833064776
0.8016321406151915,0.6172063798936684
0.8016321406151915,0.6171069587628866
0.8018413894120109,0.6171686261877919
0.8018413894120109,0.6170692431561997
0.8018413894120109,0.6169698921268717
0.8018413894120109,0.6168705730843529
0.8020506382088303,0.6169322388540158
0.8020506382088303,0.616832957837142
0.8022598870056498,0.6168946098149638
0.8022598870056498,0.6167953667953668
0.8022598870056498,0.6166961557021071
0.8022598870056498,0.6165969765197813
0.8022598870056498,0.6164978292329957
0.8024691358024691,0.6165594855305466
0.8024691358024691,0.6164603761453142
0.8024691358024691,0.6163612986178078
0.8026783845992885,0.6164229471316085
0.8026783845992885,0.6163239074550129
0.8026783845992885,0.6162248995983935
0.8026783845992885,0.6161259235464183
0.8026783845992885,0.6160269792837643
0.8026783845992885,0.6159280667951188
0.8026783845992885,0.615829186065179
0.8026783845992885,0.6157303370786517
0.802887633396108,0.6157920077034184
0.8030968821929274,0.6158536585365854
0.8030968821929274,0.6157548532007059
0.8030968821929274,0.6156560795636831
0.8030968821929274,0.6155573376102647
0.8030968821929274,0.6154586273252085
0.8030968821929274,0.615359948693282
0.8030968821929274,0.6152613016992626
0.8030968821929274,0.6151626863279371
0.8030968821929274,0.6150641025641026
0.8030968821929274,0.6149655503925653
0.8030968821929274,0.6148670297981417
0.8030968821929274,0.6147685407656576
0.8030968821929274,0.6146700832799488
0.8033061309897468,0.6147317854283427
0.8033061309897468,0.6146333653538264
0.8033061309897468,0.6145349767888586
0.8033061309897468,0.6144366197183099
0.8033061309897468,0.6143382941270603
0.8033061309897468,0.61424
0.8033061309897468,0.6141417373220285
0.8033061309897468,0.614043506078055
0.8033061309897468,0.6139453062529986
0.8035153797865662,0.6140070354972818
0.8035153797865662,0.6139088729016786
0.8035153797865662,0.6138107416879796
0.8035153797865662,0.6137126418411379
0.8037246285833857,0.6137743688079259
0.8037246285833857,0.6136763061191883
0.8037246285833857,0.6135782747603834
0.8037246285833857,0.6134802747164989
0.8037246285833857,0.6133823059725327
0.8037246285833857,0.6132843685134919
0.8037246285833857,0.6131864623243933
0.8037246285833857,0.6130885873902634
0.8037246285833857,0.6129907436961379
0.8037246285833857,0.6128929312270623
0.8037246285833857,0.6127951499680919
0.803933877380205,0.6128569149784655
0.803933877380205,0.6127591706539075
0.803933877380205,0.6126614575027907
0.803933877380205,0.6125637755102041
0.803933877380205,0.6124661246612466
0.803933877380205,0.6123685049410265
0.803933877380205,0.6122709163346614
0.803933877380205,0.6121733588272785
0.803933877380205,0.6120758324040146
0.803933877380205,0.6119783370500159
0.803933877380205,0.611880872750438
0.803933877380205,0.6117834394904459
0.803933877380205,0.6116860372552141
0.803933877380205,0.6115886660299268
0.803933877380205,0.6114913257997772
0.803933877380205,0.6113940165499682
0.803933877380205,0.611296738265712
0.8041431261770244,0.611358574610245
0.8041431261770244,0.6112613329091777
0.8041431261770244,0.6111641221374046
0.8043523749738439,0.6112259500715536
0.8043523749738439,0.6111287758346582
0.8043523749738439,0.61103163249086
0.8043523749738439,0.6109345200254291
0.8043523749738439,0.6108374384236454
0.8043523749738439,0.6107403876707976
0.8043523749738439,0.6106433677521843
0.8045616237706633,0.610705209656925
0.8045616237706633,0.6106082261394314
0.8045616237706633,0.6105112734201333
0.8045616237706633,0.6104143514843626
0.8045616237706633,0.6103174603174604
0.8045616237706633,0.6102205999047771
0.8045616237706633,0.6101237702316725
0.8045616237706633,0.6100269712835158
0.8045616237706633,0.6099302030456852
0.8045616237706633,0.6098334655035687
0.8045616237706633,0.6097367586425626
0.8045616237706633,0.6096400824480736
0.8045616237706633,0.6095434369055168
0.8045616237706633,0.609446822000317
0.8047708725674827,0.6095087163232964
0.8047708725674827,0.6094121375376327
0.8047708725674827,0.6093155893536122
0.8047708725674827,0.6092190717566925
0.8049801213643022,0.6092809629394995
0.8049801213643022,0.6091844813935076
0.8049801213643022,0.6090880303989867
0.8049801213643022,0.6089916099414279
0.8049801213643022,0.6088952200063311
0.8049801213643022,0.6087988605792056
0.8049801213643022,0.6087025316455696
0.8049801213643022,0.6086062331909508
0.8049801213643022,0.6085099652008858
0.8049801213643022,0.6084137276609205
0.8049801213643022,0.6083175205566097
0.8049801213643022,0.6082213438735178
0.8049801213643022,0.6081251975972178
0.8049801213643022,0.6080290817132923
0.8051893701611216,0.6080910240202275
0.8051893701611216,0.6079949439089903
0.8051893701611216,0.6078988941548183
0.8051893701611216,0.6078028747433265
0.8051893701611216,0.607706885660139
0.8051893701611216,0.607610926890889
0.8051893701611216,0.6075149984212188
0.8051893701611216,0.6074191002367798
0.8051893701611216,0.6073232323232324
0.8051893701611216,0.6072273946662459
0.8051893701611216,0.6071315872514988
0.8051893701611216,0.607035810064679
0.8051893701611216,0.6069400630914826
0.8051893701611216,0.6068443463176155
0.8051893701611216,0.6067486597287922
0.8051893701611216,0.6066530033107362
0.8051893701611216,0.6065573770491803
0.8051893701611216,0.606461780929866
0.8051893701611216,0.6063662149385439
0.805398618957941,0.6064282338112494
0.8056078677547605,0.6064902331442974
0.8056078677547605,0.6063947078280044
0.8056078677547605,0.6062992125984252
0.8056078677547605,0.6062037474413479
0.8056078677547605,0.6061083123425692
0.8058171165515798,0.6061703132378404
0.8058171165515798,0.6060749134403526
0.8058171165515798,0.6059795436664044
0.8058171165515798,0.6058842039018251
0.8058171165515798,0.6057888941324524
0.8058171165515798,0.6056936143441334
0.8058171165515798,0.6055983645227238
0.8058171165515798,0.605503144654088
0.8058171165515798,0.6054079547241
0.8058171165515798,0.605312794718642
0.8058171165515798,0.6052176646236053
0.8058171165515798,0.60512256442489
0.8058171165515798,0.6050274941084054
0.8058171165515798,0.6049324536600691
0.8058171165515798,0.6048374430658081
0.8058171165515798,0.6047424623115578
0.8058171165515798,0.6046475113832627
0.8058171165515798,0.604552590266876
0.8058171165515798,0.6044576989483598
0.8060263653483992,0.6045197740112994
0.8060263653483992,0.6044249176212145
0.8060263653483992,0.6043300909946658
0.8060263653483992,0.6042352941176471
0.8060263653483992,0.6041405269761606
0.8060263653483992,0.6040457895562177
0.8060263653483992,0.6039510818438382
0.8060263653483992,0.6038564038250509
0.8060263653483992,0.6037617554858934
0.8060263653483992,0.6036671368124118
0.8060263653483992,0.6035725477906613
0.8060263653483992,0.6034779884067053
0.8060263653483992,0.6033834586466166
0.8060263653483992,0.6032889584964761
0.8060263653483992,0.603194487942374
0.8060263653483992,0.6031000469704086
0.8060263653483992,0.6030056355666875
0.8060263653483992,0.6029112537173267
0.8060263653483992,0.6028169014084507
0.8060263653483992,0.602722578626193
0.8060263653483992,0.6026282853566959
0.8060263653483992,0.6025340215861098
0.8062356141452187,0.6025961839224273
0.8062356141452187,0.6025019546520719
0.8062356141452187,0.6024077548467792
0.8062356141452187,0.602313584492731
0.8062356141452187,0.6022194435761176
0.8062356141452187,0.602125332083138
0.8062356141452187,0.60203125
0.8062356141452187,0.6019371973129198
0.8062356141452187,0.6018431740081225
0.8062356141452187,0.6017491800718413
0.8064448629420381,0.6018113678950656
0.8064448629420381,0.6017174082747854
0.8064448629420381,0.601623477989385
0.8064448629420381,0.6015295770251288
0.8064448629420381,0.6014357053682896
0.8066541117388575,0.6014978935871431
0.8066541117388575,0.6014040561622465
0.8066541117388575,0.6013102480112307
0.8066541117388575,0.6012164691203993
0.8068633605356769,0.6012786527366287
0.8068633605356769,0.60118490801372
0.8068633605356769,0.6010911925175371
0.8068633605356769,0.600997506234414
0.8068633605356769,0.6009038491506935
0.8068633605356769,0.6008102212527268
0.8068633605356769,0.6007166225268733
0.8068633605356769,0.6006230529595016
0.8068633605356769,0.600529512536988
0.8068633605356769,0.6004360012457178
0.8068633605356769,0.6003425190720847
0.8068633605356769,0.6002490660024906
0.8070726093324964,0.6003112840466927
0.8070726093324964,0.6002178649237473
0.8070726093324964,0.6001244748716353
0.8070726093324964,0.6000311138767891
0.8070726093324964,0.5999377819256494
0.8070726093324964,0.5998444790046656
0.8070726093324964,0.5997512051002954
0.8070726093324964,0.599657960199005
0.8070726093324964,0.5995647442872688
0.8070726093324964,0.5994715573515698
0.8070726093324964,0.5993783993783994
0.8070726093324964,0.5992852703542573
0.8072818581293157,0.5993475221376418
0.8072818581293157,0.5992544268406338
0.8072818581293157,0.5991613604596987
0.8072818581293157,0.5990683229813665
0.8072818581293157,0.5989753143921751
0.8072818581293157,0.5988823346786712
0.8072818581293157,0.5987893838274095
0.8072818581293157,0.5986964618249534
0.8072818581293157,0.5986035686578743
0.8072818581293157,0.5985107043127521
0.8074911069261351,0.5985729796804715
0.8074911069261351,0.5984801488833746
0.8074911069261351,0.5983873468754846
0.8074911069261351,0.5982945736434109
0.8074911069261351,0.5982018291737715
0.8074911069261351,0.5981091134531928
0.8074911069261351,0.5980164264683093
0.8074911069261351,0.5979237682057639
0.8074911069261351,0.5978311386522076
0.8074911069261351,0.5977385377942999
0.8074911069261351,0.5976459656187084
0.8074911069261351,0.597553422112109
0.8074911069261351,0.597460907261186
0.8074911069261351,0.5973684210526315
0.8074911069261351,0.5972759634731466
0.8074911069261351,0.5971835345094398
0.8074911069261351,0.5970911341482283
0.8074911069261351,0.5969987623762376
0.8074911069261351,0.596906419180201
0.8074911069261351,0.5968141045468605
0.8074911069261351,0.5967218184629658
0.8074911069261351,0.5966295609152752
0.8074911069261351,0.5965373318905549
0.8074911069261351,0.5964451313755796
0.8077003557229546,0.5965074949775924
0.8077003557229546,0.5964153275648949
0.8077003557229546,0.5963231886296926
0.8077003557229546,0.596231078158789
0.8077003557229546,0.5961389961389961
0.8077003557229546,0.5960469425571341
0.8077003557229546,0.5959549174000309
0.8077003557229546,0.595862920654523
0.8077003557229546,0.5957709523074548
0.8077003557229546,0.595679012345679
0.8077003557229546,0.5955871007560561
0.8077003557229546,0.5954952175254551
0.8077003557229546,0.5954033626407528
0.8077003557229546,0.595311536088834
0.8077003557229546,0.5952197378565921
0.8077003557229546,0.5951279679309281
0.8077003557229546,0.5950362262987513
0.8077003557229546,0.594944512946979
0.8077003557229546,0.5948528278625366
0.8077003557229546,0.5947611710323575
0.8077003557229546,0.5946695424433831
0.8077003557229546,0.5945779420825632
0.807909604519774,0.5946403819497921
0.807909604519774,0.594548814290114
0.807909604519774,0.5944572748267898
0.807909604519774,0.594365763546798
0.8081188533165934,0.5944281976296752
0.8081188533165934,0.5943367189904586
0.8081188533165934,0.5942452685028466
0.8081188533165934,0.5941538461538461
0.8081188533165934,0.5940624519304722
0.8081188533165934,0.5939710858197478
0.8081188533165934,0.5938797478087037
0.8081188533165934,0.5937884378843789
0.8081188533165934,0.5936971560338201
0.8081188533165934,0.5936059022440824
0.8081188533165934,0.5935146765022283
0.8081188533165934,0.5934234787953289
0.8083281021134129,0.593485942541097
0.8085373509102323,0.5935483870967742
0.8085373509102323,0.5934572262325296
0.8085373509102323,0.5933660933660934
0.8085373509102323,0.5932749884845693
0.8085373509102323,0.5931839115750691
0.8087465997070516,0.5932463545663853
0.8087465997070516,0.5931553100061387
0.8087465997070516,0.5930642933865276
0.8087465997070516,0.5929733046946917
0.8087465997070516,0.5928823439177788
0.8087465997070516,0.5927914110429447
0.8087465997070516,0.5927005060573531
0.8087465997070516,0.5926096289481754
0.8087465997070516,0.5925187797025908
0.8087465997070516,0.5924279583077866
0.8087465997070516,0.5923371647509579
0.8087465997070516,0.5922463990193074
0.8087465997070516,0.5921556611000459
0.8087465997070516,0.5920649509803921
0.8087465997070516,0.5919742686475724
0.8087465997070516,0.5918836140888208
0.8087465997070516,0.5917929872913795
0.8089558485038711,0.5918554807103491
0.8089558485038711,0.5917648859635696
0.8089558485038711,0.5916743189470463
0.8089558485038711,0.591583779648049
0.8089558485038711,0.5914932680538556
0.8091650973006905,0.5915557595227169
0.8091650973006905,0.5914652799021107
0.8093743460975099,0.5915277565376968
0.8093743460975099,0.5914373088685015
0.8093743460975099,0.5913468888549152
0.8093743460975099,0.5912564964842556
0.8093743460975099,0.5911661317438484
0.8093743460975099,0.5910757946210269
0.8093743460975099,0.5909854851031322
0.8093743460975099,0.590895203177513
0.8095835948943294,0.5909576905452879
0.8095835948943294,0.590867440439829
0.8095835948943294,0.590777217895862
0.8095835948943294,0.5906870229007634
0.8095835948943294,0.5905968554419173
0.8095835948943294,0.5905067155067155
0.8095835948943294,0.5904166030825576
0.8095835948943294,0.5903265181568508
0.8095835948943294,0.59023646071701
0.8095835948943294,0.5901464307504576
0.8095835948943294,0.5900564282446241
0.8095835948943294,0.5899664531869473
0.8095835948943294,0.5898765055648727
0.8095835948943294,0.5897865853658537
0.8095835948943294,0.589696692577351
0.8095835948943294,0.5896068271868333
0.8095835948943294,0.5895169891817766
0.8095835948943294,0.5894271785496649
0.8095835948943294,0.5893373952779893
0.8095835948943294,0.5892476393542492
0.8095835948943294,0.5891579107659509
0.8095835948943294,0.589068209500609
0.8095835948943294,0.5889785355457452
0.8095835948943294,0.5888888888888889
0.8095835948943294,0.5887992695175772
0.8095835948943294,0.5887096774193549
0.8095835948943294,0.5886201125817739
0.8095835948943294,0.5885305749923943
0.8095835948943294,0.5884410646387833
0.8095835948943294,0.5883515815085159
0.8095835948943294,0.5882621255891743
0.8095835948943294,0.588172696868349
0.8095835948943294,0.5880832953336373
0.8095835948943294,0.5879939209726444
0.8095835948943294,0.5879045737729828
0.8097928436911488,0.5879671832269827
0.8100020924879682,0.5880297736594258
0.8100020924879682,0.5879404617253949
0.8100020924879682,0.5878511769172361
0.8100020924879682,0.5877619192225934
0.8100020924879682,0.5876726886291179
0.8100020924879682,0.5875834851244688
0.8100020924879682,0.587494308696312
0.8100020924879682,0.5874051593323217
0.8100020924879682,0.587316037020179
0.8100020924879682,0.5872269417475728
0.8100020924879682,0.5871378735021993
0.8100020924879682,0.5870488322717622
0.8100020924879682,0.5869598180439727
0.8102113412847877,0.5870224378411159
0.8102113412847877,0.586933454600576
0.8102113412847877,0.5868444983328281
0.810420590081607,0.5869071071374451
0.810420590081607,0.5868181818181818
0.810420590081607,0.5867292834419028
0.810420590081607,0.5866404119963647
0.810420590081607,0.5865515674693321
0.810420590081607,0.5864627498485766
0.810420590081607,0.5863739591218774
0.810420590081607,0.5862851952770209
0.810420590081607,0.5861964583018011
0.8106298388784264,0.5862590799031477
0.8106298388784264,0.5861703737327886
0.8106298388784264,0.5860816944024205
0.8106298388784264,0.5859930418998639
0.8106298388784264,0.5859044162129462
0.8106298388784264,0.5858158173295025
0.8106298388784264,0.5857272452373753
0.8108390876752458,0.5857898715041572
0.8108390876752458,0.5857013301088271
0.8108390876752458,0.5856128154752909
0.8108390876752458,0.5855243275914174
0.8108390876752458,0.5854358664450824
0.8108390876752458,0.5853474320241692
0.8108390876752458,0.5852590243165685
0.8108390876752458,0.5851706433101782
0.8108390876752458,0.5850822889929035
0.8108390876752458,0.584993961352657
0.8108390876752458,0.5849056603773585
0.8108390876752458,0.584817386054935
0.8108390876752458,0.5847291383733213
0.8108390876752458,0.5846409173204586
0.8108390876752458,0.5845527228842963
0.8108390876752458,0.5844645550527904
0.8108390876752458,0.5843764138139044
0.8108390876752458,0.5842882991556092
0.8108390876752458,0.5842002110658827
0.8108390876752458,0.5841121495327103
0.8108390876752458,0.5840241145440844
0.8108390876752458,0.5839361060880048
0.8108390876752458,0.5838481241524786
0.8108390876752458,0.5837601687255197
0.8108390876752458,0.5836722397951498
0.8108390876752458,0.5835843373493976
0.8108390876752458,0.5834964613762987
0.8108390876752458,0.5834086118638964
0.8108390876752458,0.5833207888002409
0.8108390876752458,0.5832329921733895
0.8110483364720653,0.5832957110609481
0.8110483364720653,0.5832079446283479
0.8110483364720653,0.5831202046035806
0.8110483364720653,0.5830324909747292
0.8110483364720653,0.5829448037298842
0.8110483364720653,0.5828571428571429
0.8110483364720653,0.5827695083446098
0.8112575852688847,0.5828322309079976
0.8112575852688847,0.5827446264842928
0.8112575852688847,0.5826570483919447
0.8112575852688847,0.5825694966190834
0.8112575852688847,0.5824819711538461
0.8112575852688847,0.5823944719843773
0.8114668340657041,0.5824571943526584
0.8114668340657041,0.5823697251839616
0.8114668340657041,0.5822822822822823
0.8114668340657041,0.5821948656357904
0.8114668340657041,0.5821074752326628
0.8114668340657041,0.5820201110610836
0.8114668340657041,0.5819327731092437
0.8114668340657041,0.5818454613653413
0.8114668340657041,0.5817581758175817
0.8114668340657041,0.5816709164541773
0.8114668340657041,0.5815836832633473
0.8114668340657041,0.5814964762333183
0.8114668340657041,0.5814092953523239
0.8114668340657041,0.5813221406086044
0.8114668340657041,0.5812350119904077
0.8114668340657041,0.5811479094859883
0.8114668340657041,0.581060833083608
0.8114668340657041,0.5809737827715356
0.8114668340657041,0.5808867585380467
0.8114668340657041,0.5807997603714243
0.8114668340657041,0.5807127882599581
0.8114668340657041,0.5806258421919449
0.8114668340657041,0.5805389221556886
0.8114668340657041,0.5804520281395
0.8114668340657041,0.5803651601316971
0.8114668340657041,0.5802783181206045
0.8114668340657041,0.5801915020945542
0.8114668340657041,0.5801047120418849
0.8114668340657041,0.5800179479509423
0.8114668340657041,0.5799312098100793
0.8114668340657041,0.5798444976076556
0.8114668340657041,0.5797578113320376
0.8114668340657041,0.5796711509715994
0.8116760828625236,0.5797339710058287
0.8116760828625236,0.5796473401075911
0.8116760828625236,0.5795607350963693
0.8116760828625236,0.5794741559605617
0.8116760828625236,0.5793876026885736
0.8116760828625236,0.5793010752688172
0.8116760828625236,0.5792145736897119
0.8116760828625236,0.5791280979396835
0.8116760828625236,0.5790416480071653
0.8116760828625236,0.5789552238805971
0.8116760828625236,0.5788688255484256
0.8116760828625236,0.5787824529991047
0.8116760828625236,0.578696106221095
0.8116760828625236,0.578609785202864
0.8116760828625236,0.5785234899328859
0.8116760828625236,0.5784372203996421
0.8116760828625236,0.5783509765916207
0.8116760828625236,0.5782647584973166
0.811885331659343,0.578327619615442
0.811885331659343,0.5782414307004471
0.811885331659343,0.5781552674713157
0.8120945804561623,0.5782181168057211
0.8120945804561623,0.5781319827200954
0.8120945804561623,0.5780458742925231
0.8120945804561623,0.5779597915115413
0.8120945804561623,0.5778737343656939
0.8120945804561623,0.5777877028435313
0.8120945804561623,0.5777016969336112
0.8120945804561623,0.5776157166244977
0.8120945804561623,0.5775297619047619
0.8120945804561623,0.5774438327629817
0.8120945804561623,0.5773579291877418
0.8120945804561623,0.5772720511676335
0.8120945804561623,0.5771861986912552
0.8120945804561623,0.5771003717472118
0.8120945804561623,0.5770145703241154
0.8120945804561623,0.5769287944105842
0.8120945804561623,0.5768430439952438
0.8120945804561623,0.5767573190667261
0.8120945804561623,0.5766716196136701
0.8120945804561623,0.5765859456247214
0.8120945804561623,0.5765002970885323
0.8120945804561623,0.5764146739937621
0.8120945804561623,0.5763290763290764
0.8120945804561623,0.5762435040831477
0.8120945804561623,0.5761579572446556
0.8120945804561623,0.5760724358022858
0.8120945804561623,0.5759869397447314
0.8123038292529818,0.5760498590295297
0.8123038292529818,0.5759643916913947
0.8123038292529818,0.5758789497107254
0.8123038292529818,0.5757935330762385
0.8123038292529818,0.5757081417766573
0.8125130780498012,0.5757710557532622
0.8125130780498012,0.5756856931060045
0.8125130780498012,0.57560035576638
0.8125130780498012,0.5755150437231362
0.8125130780498012,0.5754297569650266
0.8125130780498012,0.575344495480812
0.8125130780498012,0.5752592592592592
0.8125130780498012,0.5751740482891423
0.8125130780498012,0.5750888625592417
0.8125130780498012,0.5750037020583444
0.8125130780498012,0.5749185667752443
0.8125130780498012,0.5748334566987416
0.8127223268466206,0.5748963883955003
0.8129315756434401,0.5749593014651473
0.8129315756434401,0.5748742231429417
0.8129315756434401,0.5747891699955615
0.8129315756434401,0.5747041420118343
0.8129315756434401,0.5746191391805946
0.8131408244402595,0.5746820467317362
0.8131408244402595,0.57459707230519
0.8133500732370789,0.5746599645180367
0.8133500732370789,0.5745750184774575
0.8133500732370789,0.5744900975465563
0.8133500732370789,0.5744052017142013
0.8133500732370789,0.5743203309692672
0.8133500732370789,0.5742354853006353
0.8133500732370789,0.5741506646971934
0.8135593220338984,0.5742135578201152
0.8135593220338984,0.5741287655050207
0.8135593220338984,0.5740439982282592
0.8135593220338984,0.5739592559787422
0.8135593220338984,0.5738745387453874
0.8135593220338984,0.5737898465171193
0.8135593220338984,0.5737051792828686
0.8135593220338984,0.5736205370315728
0.8135593220338984,0.5735359197521759
0.8135593220338984,0.5734513274336284
0.8135593220338984,0.5733667600648872
0.8135593220338984,0.5732822176349159
0.8137685708307177,0.5733451275246941
0.8137685708307177,0.5732606132075472
0.8137685708307177,0.5731761238025055
0.8137685708307177,0.5730916592985559
0.8139778196275371,0.5731545601885959
0.8139778196275371,0.5730701237477902
0.8141870684243565,0.5731330092797172
0.8141870684243565,0.5730486008836524
0.8141870684243565,0.572964217346488
0.8141870684243565,0.5728798586572438
0.8141870684243565,0.5727955248049462
0.8141870684243565,0.5727112157786282
0.8141870684243565,0.5726269315673289
0.8141870684243565,0.5725426721600941
0.8141870684243565,0.5724584375459761
0.8141870684243565,0.5723742277140336
0.8141870684243565,0.5722900426533314
0.8141870684243565,0.5722058823529412
0.8141870684243565,0.572121746801941
0.8141870684243565,0.5720376359894149
0.814396317221176,0.572100543877701
0.814396317221176,0.5720164609053497
0.814396317221176,0.5719324026451139
0.8146055660179954,0.5719952982662356
0.8146055660179954,0.5719112678125459
0.8148148148148148,0.5719741480611046
0.8148148148148148,0.5718901453957996
0.8148148148148148,0.5718061674008811
0.8148148148148148,0.5717222140654823
0.8148148148148148,0.5716382853787434
0.8148148148148148,0.5715543813298106
0.8148148148148148,0.5714705019078368
0.8148148148148148,0.571386647101981
0.8148148148148148,0.5713028169014085
0.8148148148148148,0.5712190112952912
0.8148148148148148,0.5711352302728073
0.8148148148148148,0.5710514738231413
0.8148148148148148,0.5709677419354838
0.8148148148148148,0.5708840345990324
0.8148148148148148,0.5708003518029904
0.8148148148148148,0.5707166935365675
0.8148148148148148,0.57063305978898
0.8148148148148148,0.5705494505494505
0.8150240636116343,0.5706123644887195
0.8150240636116343,0.5705287827742787
0.8152333124084536,0.5705916813122437
0.8152333124084536,0.5705081271049934
0.8152333124084536,0.5704245973645681
0.8152333124084536,0.5703410920802225
0.8152333124084536,0.5702576112412178
0.8152333124084536,0.5701741548368213
0.8152333124084536,0.5700907228563067
0.8152333124084536,0.5700073152889539
0.8152333124084536,0.5699239321240491
0.8152333124084536,0.5698405733508849
0.815442561205273,0.5699034805498684
0.815442561205273,0.5698201491446118
0.815442561205273,0.5697368421052632
0.815442561205273,0.5696535594211373
0.815442561205273,0.5695703010815552
0.815442561205273,0.569487067075844
0.815442561205273,0.5694038573933372
0.815442561205273,0.5693206720233748
0.815442561205273,0.5692375109553024
0.815442561205273,0.5691543741784724
0.815442561205273,0.569071261682243
0.815442561205273,0.568988173455979
0.815442561205273,0.568905109489051
0.815442561205273,0.5688220697708364
0.815442561205273,0.568739054290718
0.815442561205273,0.5686560630380855
0.815442561205273,0.5685730960023344
0.815442561205273,0.5684901531728666
0.815442561205273,0.5684072345390898
0.815442561205273,0.5683243400904185
0.8156518100020925,0.568387284922718
0.8156518100020925,0.5683044175535792
0.8156518100020925,0.5682215743440233
0.8156518100020925,0.5681387552834863
0.8158610587989119,0.568201690469251
0.8158610587989119,0.568118898440915
0.8160703075957313,0.5681818181818182
0.8160703075957313,0.5680990531682447
0.8160703075957313,0.5680163122633265
0.8160703075957313,0.5679335954565312
0.8160703075957313,0.5678509027373325
0.8160703075957313,0.5677682340952104
0.8160703075957313,0.5676855895196506
0.8160703075957313,0.5676029690001455
0.8160703075957313,0.5675203725261933
0.8160703075957313,0.5674378000872982
0.8160703075957313,0.5673552516729706
0.8160703075957313,0.5672727272727273
0.8160703075957313,0.5671902268760908
0.8160703075957313,0.5671077504725898
0.8160703075957313,0.5670252980517593
0.8160703075957313,0.56694286960314
0.8160703075957313,0.5668604651162791
0.8160703075957313,0.5667780845807295
0.8160703075957313,0.5666957279860506
0.8160703075957313,0.5666133953218073
0.8160703075957313,0.5665310865775712
0.8160703075957313,0.5664488017429193
0.8160703075957313,0.5663665408074354
0.8160703075957313,0.5662843037607086
0.8160703075957313,0.5662020905923345
0.8160703075957313,0.5661199012919147
0.8160703075957313,0.5660377358490566
0.8160703075957313,0.5659555942533739
0.8162795563925508,0.56601857225769
0.8162795563925508,0.5659364572754969
0.8162795563925508,0.5658543661154627
0.8162795563925508,0.5657722987672226
0.8162795563925508,0.5656902552204176
0.8162795563925508,0.5656082354646947
0.8162795563925508,0.5655262394897071
0.8162795563925508,0.5654442672851138
0.8162795563925508,0.5653623188405797
0.8164888051893702,0.5654253006810607
0.8164888051893702,0.5653433787308026
0.8164888051893702,0.5652614805157178
0.8164888051893702,0.5651796060254924
0.8164888051893702,0.565097755249819
0.8164888051893702,0.5650159281783956
0.8164888051893702,0.5649341248009266
0.8164888051893702,0.5648523451071221
0.8164888051893702,0.5647705890866985
0.8164888051893702,0.5646888567293777
0.8164888051893702,0.5646071480248879
0.8166980539861896,0.5646701388888888
0.8166980539861896,0.5645884565311732
0.8166980539861896,0.5645067978015621
0.8166980539861896,0.5644251626898048
0.8166980539861896,0.5643435511856565
0.8166980539861896,0.5642619632788781
0.8166980539861896,0.5641803989592368
0.8166980539861896,0.5640988582165053
0.8166980539861896,0.5640173410404624
0.8166980539861896,0.563935847420893
0.8166980539861896,0.5638543773475874
0.8166980539861896,0.5637729308103423
0.8166980539861896,0.5636915077989602
0.8166980539861896,0.5636101083032491
0.8166980539861896,0.5635287323130234
0.8166980539861896,0.5634473798181031
0.816907302783009,0.5635103926096998
0.816907302783009,0.5634290662433251
0.816907302783009,0.5633477633477634
0.816907302783009,0.5632664839128553
0.816907302783009,0.5631852279284478
0.816907302783009,0.5631039953843935
0.816907302783009,0.5630227862705509
0.816907302783009,0.5629416005767844
0.816907302783009,0.5628604382929643
0.816907302783009,0.5627792994089664
0.816907302783009,0.5626981839146729
0.816907302783009,0.5626170917999712
0.816907302783009,0.562536023054755
0.816907302783009,0.5624549776689238
0.816907302783009,0.5623739556323826
0.816907302783009,0.5622929569350424
0.816907302783009,0.5622119815668203
0.816907302783009,0.5621310295176386
0.816907302783009,0.5620501007774259
0.816907302783009,0.5619691953361163
0.816907302783009,0.56188831318365
0.816907302783009,0.5618074543099727
0.816907302783009,0.5617266187050359
0.816907302783009,0.5616458063587974
0.816907302783009,0.5615650172612198
0.816907302783009,0.5614842514022724
0.816907302783009,0.5614035087719298
0.816907302783009,0.5613227893601725
0.816907302783009,0.5612420931569868
0.816907302783009,0.5611614201523645
0.816907302783009,0.5610807703363035
0.816907302783009,0.5610001436988074
0.816907302783009,0.5609195402298851
0.8171165515798284,0.560982617440023
0.8171165515798284,0.5609020396437805
0.8171165515798284,0.5608214849921012
0.8171165515798284,0.5607409534750144
0.8171165515798284,0.5606604450825556
0.8171165515798284,0.560579959804766
0.8171165515798284,0.5604994976316923
0.8171165515798284,0.5604190585533869
0.8171165515798284,0.5603386425599082
0.8171165515798284,0.56025824964132
0.8171165515798284,0.5601778797876918
0.8171165515798284,0.5600975329890993
0.8171165515798284,0.5600172092356231
0.8173258003766478,0.5600802982506452
0.8173258003766478,0.56
0.8173258003766478,0.5599197247706422
0.8173258003766478,0.5598394725526731
0.8173258003766478,0.5597592433361995
0.8173258003766478,0.559679037111334
0.8175350491734672,0.5597421203438395
0.8177442979702867,0.5598051855035096
0.8177442979702867,0.5597250071612718
0.8177442979702867,0.5596448517829014
0.8179535467671061,0.5597079037800687
0.8179535467671061,0.5596277738010021
0.8179535467671061,0.5595476667620957
0.8179535467671061,0.5594675826534994
0.8181627955639255,0.5595306239267316
0.8181627955639255,0.5594505651738446
0.8181627955639255,0.5593705293276109
0.8181627955639255,0.5592905163782006
0.8181627955639255,0.5592105263157895
0.8181627955639255,0.5591305591305591
0.8181627955639255,0.5590506148126966
0.8181627955639255,0.5589706933523946
0.8181627955639255,0.5588907947398514
0.8181627955639255,0.5588109189652708
0.8181627955639255,0.5587310660188626
0.8181627955639255,0.5586512358908415
0.818372044360745,0.5587142857142857
0.818372044360745,0.5586344807884588
0.818372044360745,0.5585546986575264
0.818372044360745,0.5584749393117235
0.8185812931575643,0.5585379782981154
0.8187905419543837,0.5586009992862241
0.8187905419543837,0.5585212674850129
0.8189997907512032,0.5585842728699871
0.8189997907512032,0.5585045662100456
0.8189997907512032,0.5584248822941932
0.8192090395480226,0.5584878744650499
0.8192090395480226,0.558408215661104
0.8192090395480226,0.5583285795778665
0.8192090395480226,0.5582489662056181
0.8192090395480226,0.558169375534645
0.8192090395480226,0.5580898075552387
0.8192090395480226,0.5580102622576967
0.8192090395480226,0.5579307396323215
0.8192090395480226,0.5578512396694215
0.8192090395480226,0.5577717623593105
0.8192090395480226,0.5576923076923077
0.8192090395480226,0.5576128756587381
0.8192090395480226,0.557533466248932
0.8192090395480226,0.5574540794532251
0.8192090395480226,0.557374715261959
0.8192090395480226,0.5572953736654804
0.8192090395480226,0.5572160546541418
0.8192090395480226,0.5571367582183009
0.8192090395480226,0.557057484348321
0.8192090395480226,0.5569782330345711
0.819418288344842,0.5570412517780939
0.819418288344842,0.5569620253164557
0.819418288344842,0.5568828213879409
0.819418288344842,0.5568036399829376
0.819418288344842,0.5567244810918396
0.819418288344842,0.5566453447050462
0.819418288344842,0.5565662308129619
0.819418288344842,0.5564871394059969
0.819418288344842,0.5564080704745666
0.819418288344842,0.5563290240090922
0.8196275371416615,0.5563920454545455
0.8196275371416615,0.5563130237182219
0.8196275371416615,0.5562340244248793
0.8196275371416615,0.5561550475649581
0.8196275371416615,0.556076093128904
0.8196275371416615,0.5559971611071682
0.8196275371416615,0.5559182514902072
0.8196275371416615,0.555839364268483
0.8198367859384809,0.5559023836549376
0.8198367859384809,0.555823521066818
0.8198367859384809,0.5557446808510639
0.8198367859384809,0.5556658629981562
0.8198367859384809,0.555587067498582
0.8198367859384809,0.5555082943428329
0.8198367859384809,0.5554295435214063
0.8198367859384809,0.5553508150248051
0.8198367859384809,0.5552721088435374
0.8198367859384809,0.5551934249681167
0.8198367859384809,0.5551147633890621
0.8198367859384809,0.5550361240968976
0.8198367859384809,0.554957507082153
0.8198367859384809,0.5548789123353632
0.8198367859384809,0.5548003398470688
0.8198367859384809,0.5547217896078154
0.8198367859384809,0.554643261608154
0.8198367859384809,0.5545647558386412
0.8198367859384809,0.5544862722898387
0.8198367859384809,0.5544078109523136
0.8198367859384809,0.5543293718166383
0.8198367859384809,0.5542509548733908
0.8198367859384809,0.5541725601131542
0.8198367859384809,0.5540941875265167
0.8198367859384809,0.5540158371040724
0.8198367859384809,0.5539375088364202
0.8198367859384809,0.5538592027141646
0.8198367859384809,0.5537809187279152
0.8198367859384809,0.5537026568682871
0.8198367859384809,0.5536244171259008
0.8200460347353002,0.5536874823396439
0.8200460347353002,0.5536092668455996
0.8200460347353002,0.5535310734463277
0.8200460347353002,0.5534529021324671
0.8200460347353002,0.5533747528946625
0.8200460347353002,0.5532966257235634
0.8200460347353002,0.5532185206098249
0.8200460347353002,0.5531404375441072
0.8200460347353002,0.5530623765170759
0.8200460347353002,0.5529843375194017
0.8200460347353002,0.5529063205417607
0.8200460347353002,0.5528283255748343
0.8200460347353002,0.5527503526093089
0.8200460347353002,0.5526724016358765
0.8200460347353002,0.5525944726452341
0.8200460347353002,0.552516565628084
0.8200460347353002,0.5524386805751339
0.8200460347353002,0.5523608174770965
0.8200460347353002,0.5522829763246899
0.8200460347353002,0.5522051571086375
0.8200460347353002,0.5521273598196675
0.8200460347353002,0.5520495844485139
0.8200460347353002,0.5519718309859155
0.8200460347353002,0.5518940994226166
0.8200460347353002,0.5518163897493664
0.8200460347353002,0.5517387019569197
0.8200460347353002,0.551661036036036
0.8200460347353002,0.5515833919774806
0.8202552835321197,0.5516464959189418
0.8202552835321197,0.5515688757562967
0.8202552835321197,0.5514912774338773
0.8202552835321197,0.5514137009424673
0.8202552835321197,0.5513361462728551
0.8202552835321197,0.5512586134158346
0.8202552835321197,0.5511811023622047
0.8202552835321197,0.5511036131027696
0.8202552835321197,0.5510261456283385
0.8202552835321197,0.550948699929726
0.8204645323289391,0.5510118043844857
0.8204645323289391,0.5509343824645215
0.8204645323289391,0.5508569822983984
0.8204645323289391,0.550779603876949
0.8204645323289391,0.5507022471910112
0.8204645323289391,0.5506249122314282
0.8204645323289391,0.550547598989048
0.8204645323289391,0.5504703074547241
0.8204645323289391,0.550393037619315
0.8204645323289391,0.5503157894736842
0.8204645323289391,0.5502385630087006
0.8204645323289391,0.5501613582152378
0.8204645323289391,0.5500841750841751
0.8204645323289391,0.5500070136063964
0.8204645323289391,0.549929873772791
0.8204645323289391,0.5498527555742533
0.8204645323289391,0.5497756590016826
0.8204645323289391,0.5496985840459835
0.8204645323289391,0.5496215306980656
0.8204645323289391,0.5495444989488437
0.8204645323289391,0.5494674887892377
0.8204645323289391,0.5493905002101723
0.8204645323289391,0.5493135332025778
0.8204645323289391,0.549236587757389
0.8204645323289391,0.5491596638655463
0.8204645323289391,0.5490827615179947
0.8204645323289391,0.5490058807056847
0.8204645323289391,0.5489290214195716
0.8206737811257585,0.5489921612541994
0.820883029922578,0.5490552834149756
0.8210922787193974,0.5491183879093199
0.8210922787193974,0.5490415558975794
0.8213015275162168,0.5491046446558477
0.8213015275162168,0.5490278360609876
0.8215107763130362,0.5490909090909091
0.8215107763130362,0.5490141238987554
0.8217200251098556,0.5490771812080537
0.8217200251098556,0.5490004194044457
0.8217200251098556,0.5489236790606654
0.8217200251098556,0.5488469601677148
0.8217200251098556,0.5487702627166015
0.821929273906675,0.5488333100461087
0.821929273906675,0.5487566359318246
0.821929273906675,0.5486799832378824
0.821929273906675,0.5486033519553073
0.821929273906675,0.5485267420751292
0.821929273906675,0.5484501535883831
0.821929273906675,0.5483735864861091
0.821929273906675,0.5482970407593524
0.821929273906675,0.5482205163991626
0.8221385227034944,0.5482835612615127
0.8223477715003139,0.548346588530766
0.8223477715003139,0.5482700892857143
0.8223477715003139,0.5481936113823407
0.8223477715003139,0.5481171548117155
0.8223477715003139,0.5480407195649143
0.8223477715003139,0.5479643056330172
0.8223477715003139,0.54788791300711
0.8223477715003139,0.5478115416782827
0.8223477715003139,0.5477351916376306
0.8223477715003139,0.5476588628762542
0.8223477715003139,0.5475825553852585
0.8223477715003139,0.5475062691557537
0.8223477715003139,0.547430004178855
0.8223477715003139,0.5473537604456824
0.8223477715003139,0.5472775379473611
0.8223477715003139,0.5472013366750209
0.8223477715003139,0.5471251566197968
0.8223477715003139,0.5470489977728286
0.8223477715003139,0.5469728601252609
0.8223477715003139,0.5468967436682438
0.8223477715003139,0.5468206483929317
0.8223477715003139,0.5467445742904842
0.8223477715003139,0.5466685213520657
0.8223477715003139,0.5465924895688457
0.8223477715003139,0.5465164789319983
0.8225570202971333,0.546579532814238
0.8225570202971333,0.5465035451133046
0.8225570202971333,0.5464275785376703
0.8225570202971333,0.5463516330785267
0.8225570202971333,0.5462757087270705
0.8225570202971333,0.5461998054745033
0.8225570202971333,0.5461239233120311
0.8225570202971333,0.5460480622308654
0.8225570202971333,0.5459722222222222
0.8225570202971333,0.5458964032773226
0.8227662690939527,0.5459594557067481
0.8229755178907722,0.5460224906289046
0.8229755178907722,0.5459466962798445
0.8229755178907722,0.5458709229701596
0.8229755178907722,0.5457951706910907
0.8229755178907722,0.5457194394338837
0.8229755178907722,0.5456437291897891
0.8229755178907722,0.5455680399500624
0.8229755178907722,0.545492371705964
0.8229755178907722,0.5454167244487589
0.8229755178907722,0.5453410981697171
0.8229755178907722,0.5452654928601137
0.8229755178907722,0.5451899085112282
0.8229755178907722,0.5451143451143451
0.8229755178907722,0.5450388026607539
0.8229755178907722,0.5449632811417486
0.8229755178907722,0.5448877805486284
0.8229755178907722,0.544812300872697
0.8229755178907722,0.5447368421052632
0.8229755178907722,0.5446614042376402
0.8229755178907722,0.5445859872611465
0.8231847666875916,0.5446490377959297
0.8231847666875916,0.5445736434108527
0.8233940154844109,0.5446366782006921
0.8233940154844109,0.5445613063935787
0.8233940154844109,0.5444859554448596
0.8233940154844109,0.5444106253458771
0.8233940154844109,0.544335316087979
0.8233940154844109,0.5442600276625172
0.8233940154844109,0.5441847600608491
0.8233940154844109,0.5441095132743363
0.8233940154844109,0.5440342872943453
0.8233940154844109,0.5439590821122477
0.8233940154844109,0.5438838977194195
0.8233940154844109,0.5438087341072416
0.8233940154844109,0.5437335912670996
0.8233940154844109,0.5436584691903841
0.8233940154844109,0.5435833678684902
0.8233940154844109,0.5435082872928176
0.8233940154844109,0.5434332274547714
0.8236032642812304,0.5434962717481359
0.8236032642812304,0.5434212342951815
0.8236032642812304,0.5433462175593595
0.8236032642812304,0.5432712215320911
0.8236032642812304,0.5431962462048027
0.8236032642812304,0.5431212915689251
0.8236032642812304,0.543046357615894
0.8236032642812304,0.5429714443371499
0.8236032642812304,0.542896551724138
0.8236032642812304,0.5428216797683079
0.8236032642812304,0.5427468284611142
0.8236032642812304,0.5426719977940163
0.8236032642812304,0.5425971877584781
0.8236032642812304,0.5425223983459683
0.8236032642812304,0.5424476295479603
0.8236032642812304,0.5423728813559322
0.8236032642812304,0.5422981537613668
0.8236032642812304,0.5422234467557515
0.8236032642812304,0.5421487603305785
0.8236032642812304,0.5420740944773447
0.8236032642812304,0.5419994491875516
0.8238125130780498,0.5420625086052595
0.8238125130780498,0.541987885462555
0.8238125130780498,0.541913282863042
0.8238125130780498,0.5418387007982384
0.8238125130780498,0.5417641392596669
0.8238125130780498,0.5416895982388552
0.8238125130780498,0.5416150777273353
0.8238125130780498,0.5415405777166438
0.8238125130780498,0.5414660981983221
0.8238125130780498,0.5413916391639164
0.8238125130780498,0.5413172006049773
0.8238125130780498,0.5412427825130602
0.8238125130780498,0.5411683848797251
0.8238125130780498,0.5410940076965366
0.8238125130780498,0.5410196509550639
0.8238125130780498,0.540945314646881
0.8238125130780498,0.5408709987635664
0.8240217618748692,0.5409340659340659
0.8242310106716887,0.5409971157807993
0.8242310106716887,0.5409228234001648
0.8242310106716887,0.5408485514211177
0.8242310106716887,0.5407742998352554
0.8242310106716887,0.5407000686341799
0.8242310106716887,0.5406258578094977
0.8242310106716887,0.5405516673528201
0.8242310106716887,0.5404774972557629
0.8242310106716887,0.5404033475099465
0.8242310106716887,0.5403292181069959
0.8242310106716887,0.5402551090385407
0.8242310106716887,0.5401810202962151
0.8242310106716887,0.5401069518716578
0.8242310106716887,0.5400329037565123
0.8242310106716887,0.5399588759424263
0.8242310106716887,0.5398848684210527
0.8242310106716887,0.5398108811840482
0.8242310106716887,0.5397369142230748
0.8242310106716887,0.5396629675297986
0.8242310106716887,0.5395890410958905
0.8242310106716887,0.5395151349130256
0.8242310106716887,0.5394412489728841
0.8242310106716887,0.5393673832671505
0.8242310106716887,0.5392935377875137
0.8242310106716887,0.5392197125256674
0.8242310106716887,0.5391459074733096
0.8242310106716887,0.5390721226221431
0.8242310106716887,0.5389983579638752
0.8242310106716887,0.5389246134902176
0.8242310106716887,0.5388508891928865
0.8242310106716887,0.5387771850636028
0.8242310106716887,0.5387035010940919
0.8242310106716887,0.5386298372760837
0.8242310106716887,0.5385561936013126
0.8242310106716887,0.5384825700615175
0.8242310106716887,0.5384089666484417
0.8242310106716887,0.5383353833538336
0.8242310106716887,0.5382618201694452
0.8242310106716887,0.5381882770870338
0.8242310106716887,0.5381147540983606
0.8242310106716887,0.5380412511951919
0.8242310106716887,0.537967768369298
0.8242310106716887,0.5378943056124539
0.8242310106716887,0.5378208629164392
0.8242310106716887,0.5377474402730376
0.8242310106716887,0.5376740376740377
0.8242310106716887,0.5376006551112325
0.8242310106716887,0.5375272925764192
0.8244402594685081,0.5375903943239186
0.8244402594685081,0.5375170532060027
0.8244402594685081,0.5374437320965761
0.8244402594685081,0.5373704309874523
0.8244402594685081,0.5372971498704486
0.8244402594685081,0.5372238887373875
0.8244402594685081,0.5371506475800955
0.8244402594685081,0.5370774263904035
0.8244402594685081,0.5370042251601472
0.8244402594685081,0.5369310438811665
0.8244402594685081,0.5368578825453059
0.8244402594685081,0.5367847411444142
0.8244402594685081,0.5367116196703446
0.8244402594685081,0.536638518114955
0.8244402594685081,0.5365654364701076
0.8244402594685081,0.5364923747276689
0.8244402594685081,0.5364193328795098
0.8244402594685081,0.5363463109175062
0.8244402594685081,0.5362733088335375
0.8244402594685081,0.5362003266194882
0.8244402594685081,0.5361273642672473
0.8244402594685081,0.5360544217687074
0.8244402594685081,0.5359814991157665
0.8244402594685081,0.5359085963003264
0.8244402594685081,0.5358357133142935
0.8244402594685081,0.5357628501495785
0.8244402594685081,0.5356900067980965
0.8244402594685081,0.5356171832517672
0.8244402594685081,0.5355443795025147
0.8244402594685081,0.5354715955422669
0.8244402594685081,0.535398831362957
0.8244402594685081,0.5353260869565217
0.8244402594685081,0.5352533623149028
0.8244402594685081,0.5351806574300462
0.8244402594685081,0.535107972293902
0.8244402594685081,0.5350353068984248
0.8244402594685081,0.5349626612355737
0.8246495082653275,0.5350257941895195
0.8246495082653275,0.5349531695398398
0.8246495082653275,0.5348805646036916
0.8248587570621468,0.534943682996336
0.8248587570621468,0.5348710990502036
0.8248587570621468,0.5347985347985348
0.8248587570621468,0.5347259902333152
0.8248587570621468,0.5346534653465347
0.8248587570621468,0.5345809601301872
0.8248587570621468,0.5345084745762712
0.8248587570621468,0.5344360086767896
0.8248587570621468,0.5343635624237495
0.8248587570621468,0.5342911358091623
0.8250680058589663,0.534354248543163
0.8250680058589663,0.5342818428184282
0.8250680058589663,0.5342094567131825
0.8250680058589663,0.5341370902194528
0.8250680058589663,0.5340647433292699
0.8250680058589663,0.5339924160346695
0.8250680058589663,0.5339201083276912
0.8250680058589663,0.5338478202003791
0.8250680058589663,0.5337755516447814
0.8250680058589663,0.5337033026529507
0.8250680058589663,0.5336310732169441
0.8250680058589663,0.5335588633288227
0.8250680058589663,0.5334866729806521
0.8250680058589663,0.5334145021645021
0.8250680058589663,0.5333423508724469
0.8250680058589663,0.5332702190965648
0.8250680058589663,0.5331981068289384
0.8250680058589663,0.5331260140616549
0.8250680058589663,0.5330539407868055
0.8250680058589663,0.5329818869964855
0.8250680058589663,0.532909852682795
0.8250680058589663,0.5328378378378379
0.8250680058589663,0.5327658424537225
0.8250680058589663,0.5326938665225615
0.8250680058589663,0.5326219100364717
0.8250680058589663,0.5325499729875743
0.8250680058589663,0.5324780553679946
0.8250680058589663,0.5324061571698623
0.8250680058589663,0.5323342783853112
0.8250680058589663,0.5322624190064795
0.8250680058589663,0.5321905790255095
0.8250680058589663,0.5321187584345479
0.8250680058589663,0.5320469572257455
0.8250680058589663,0.5319751753912574
0.8250680058589663,0.531903412923243
0.8250680058589663,0.5318316698138656
0.8250680058589663,0.5317599460552933
0.8250680058589663,0.531688241639698
0.8250680058589663,0.5316165565592558
0.8250680058589663,0.5315448908061472
0.8250680058589663,0.5314732443725569
0.8250680058589663,0.5314016172506738
0.8250680058589663,0.531330009432691
0.8250680058589663,0.5312584209108057
0.8250680058589663,0.5311868516772195
0.8250680058589663,0.5311153017241379
0.8250680058589663,0.5310437710437711
0.8250680058589663,0.5309722596283328
0.8250680058589663,0.5309007674700418
0.8252772546557857,0.5309639203015617
0.8252772546557857,0.5308924485125858
0.8252772546557857,0.5308209959623149
0.8252772546557857,0.5307495626429821
0.8252772546557857,0.5306781485468245
0.8252772546557857,0.5306067536660837
0.8252772546557857,0.5305353779930051
0.8252772546557857,0.5304640215198386
0.8252772546557857,0.5303926842388381
0.8252772546557857,0.5303213661422617
0.8252772546557857,0.5302500672223716
0.8252772546557857,0.5301787874714343
0.8252772546557857,0.5301075268817205
0.8252772546557857,0.5300362854455046
0.8252772546557857,0.5299650631550659
0.8252772546557857,0.5298938600026871
0.8252772546557857,0.5298226759806556
0.8252772546557857,0.5297515110812626
0.8252772546557857,0.5296803652968036
0.8252772546557857,0.5296092386195783
0.8252772546557857,0.5295381310418904
0.8252772546557857,0.5294670425560478
0.8252772546557857,0.5293959731543624
0.8252772546557857,0.5293249228291504
0.8252772546557857,0.5292538915727322
0.8252772546557857,0.5291828793774319
0.8254865034526051,0.5292460423933458
0.8254865034526051,0.5291750503018109
0.8254865034526051,0.5291040772532188
0.8254865034526051,0.5290331232399088
0.8254865034526051,0.5289621882542237
0.8254865034526051,0.5288912722885105
0.8254865034526051,0.5288203753351206
0.8254865034526051,0.5287494973864093
0.8254865034526051,0.528678638434736
0.8254865034526051,0.5286077984724642
0.8254865034526051,0.5285369774919614
0.8256957522494246,0.5286001339584728
0.8256957522494246,0.5285293329761586
0.8256957522494246,0.5284585509575466
0.825905001046244,0.5285216925549009
0.825905001046244,0.5284509305127861
0.825905001046244,0.528380187416332
0.825905001046244,0.5283094632579307
0.825905001046244,0.5282387580299786
0.825905001046244,0.5281680717248762
0.825905001046244,0.528097404335028
0.825905001046244,0.5280267558528428
0.825905001046244,0.527956126270733
0.825905001046244,0.5278855155811154
0.825905001046244,0.5278149237764108
0.8261142498430634,0.5278780585639792
0.8261142498430634,0.5278074866310161
0.8261142498430634,0.5277369335650314
0.8261142498430634,0.5276663993584603
0.8261142498430634,0.5275958840037418
0.8261142498430634,0.5275253874933191
0.8261142498430634,0.5274549098196393
0.8261142498430634,0.5273844509751536
0.8261142498430634,0.5273140109523173
0.8261142498430634,0.5272435897435898
0.8261142498430634,0.5271731873414341
0.8261142498430634,0.5271028037383177
0.8261142498430634,0.527032438926712
0.8261142498430634,0.5269620928990923
0.8261142498430634,0.526891765647938
0.8261142498430634,0.5268214571657326
0.8261142498430634,0.5267511674449633
0.8261142498430634,0.5266808964781217
0.8261142498430634,0.5266106442577031
0.8261142498430634,0.526540410776207
0.8261142498430634,0.5264701960261369
0.8261142498430634,0.5264
0.8261142498430634,0.5263298226903079
0.8263234986398829,0.5263929618768328
0.8263234986398829,0.5263228042116487
0.8263234986398829,0.5262526652452025
0.8263234986398829,0.52618254497002
0.8263234986398829,0.5261124433786304
0.8263234986398829,0.5260423604635673
0.8263234986398829,0.5259722962173682
0.8263234986398829,0.5259022506325742
0.8263234986398829,0.525832223701731
0.8263234986398829,0.5257622154173879
0.8265327474367022,0.525825346112886
0.8265327474367022,0.5257553573805404
0.8265327474367022,0.5256853872770828
0.8265327474367022,0.5256154357950765
0.8265327474367022,0.5255455029270889
0.8265327474367022,0.5254755886656911
0.8265327474367022,0.5254056930034584
0.8265327474367022,0.5253358159329699
0.8265327474367022,0.5252659574468085
0.8265327474367022,0.5251961175375615
0.8265327474367022,0.5251262961978197
0.8265327474367022,0.5250564934201781
0.8267419962335216,0.5251196172248804
0.8267419962335216,0.5250498338870432
0.8267419962335216,0.5249800690938081
0.8267419962335216,0.5249103228377839
0.8269512450303411,0.5249734325185972
0.8269512450303411,0.5249037056714039
0.8269512450303411,0.5248339973439575
0.8269512450303411,0.5247643075288806
0.8269512450303411,0.5246946362187997
0.8269512450303411,0.5246249834063454
0.8269512450303411,0.5245553490841518
0.8269512450303411,0.5244857332448574
0.8269512450303411,0.524416135881104
0.8271604938271605,0.5244792357702004
0.8271604938271605,0.5244096577341469
0.8271604938271605,0.5243400981562542
0.8271604938271605,0.5242705570291777
0.8271604938271605,0.5242010343455775
0.8271604938271605,0.5241315300981172
0.8271604938271605,0.5240620442794645
0.8271604938271605,0.5239925768822906
0.8271604938271605,0.5239231278992711
0.8271604938271605,0.5238536973230851
0.8271604938271605,0.5237842851464158
0.8271604938271605,0.5237148913619502
0.8271604938271605,0.5236455159623791
0.8273697426239799,0.5237086092715232
0.8273697426239799,0.5236392530790623
0.8275789914207994,0.5237023305084746
0.8275789914207994,0.5236329935125116
0.8275789914207994,0.5235636748742388
0.8275789914207994,0.5234943745863666
0.8275789914207994,0.5234250926416093
0.8275789914207994,0.523355829032685
0.8275789914207994,0.5232865837523154
0.8275789914207994,0.5232173567932266
0.8275789914207994,0.5231481481481481
0.8275789914207994,0.5230789578098135
0.8275789914207994,0.52300978577096
0.8275789914207994,0.5229406320243289
0.8277882402176188,0.5230037017451085
0.8279974890144381,0.5230667547918043
0.8279974890144381,0.5229976209357653
0.8279974890144381,0.5229285053521872
0.8279974890144381,0.5228594080338267
0.8279974890144381,0.5227903289734444
0.8279974890144381,0.5227212681638045
0.8279974890144381,0.5226522255976753
0.8279974890144381,0.5225832012678289
0.8282067378112575,0.5226462432325366
0.828415986608077,0.5227092685503036
0.828415986608077,0.5226402640264026
0.828415986608077,0.5225712777191129
0.828415986608077,0.5225023096212221
0.828415986608077,0.5224333597255213
0.828415986608077,0.5223644280248054
0.828415986608077,0.5222955145118734
0.828415986608077,0.5222266191795277
0.828415986608077,0.5221577420205751
0.828415986608077,0.5220888830278254
0.828415986608077,0.5220200421940928
0.828415986608077,0.5219512195121951
0.828415986608077,0.5218824149749539
0.828415986608077,0.5218136285751944
0.828415986608077,0.521744860305746
0.828415986608077,0.5216761101594413
0.8286252354048964,0.5217391304347826
0.8286252354048964,0.5216703991568963
0.8286252354048964,0.5216016859852476
0.8286252354048964,0.5215329909126827
0.8286252354048964,0.5214643139320516
0.8286252354048964,0.521395655036208
0.8286252354048964,0.5213270142180095
0.8286252354048964,0.5212583914703173
0.8286252354048964,0.5211897867859964
0.8286252354048964,0.5211212001579155
0.8286252354048964,0.5210526315789473
0.8288344842017158,0.5211156426785949
0.8288344842017158,0.5210470928702973
0.8288344842017158,0.5209785610943048
0.8288344842017158,0.5209100473435034
0.8288344842017158,0.5208415516107824
0.8288344842017158,0.5207730738890349
0.8288344842017158,0.5207046141711581
0.8288344842017158,0.5206361724500526
0.8288344842017158,0.5205677487186227
0.8288344842017158,0.5204993429697766
0.8288344842017158,0.5204309551964262
0.8290437329985353,0.5204939569101419
0.8290437329985353,0.5204255878103244
0.8290437329985353,0.5203572366692935
0.8290437329985353,0.5202889034799737
0.8290437329985353,0.5202205882352942
0.8290437329985353,0.5201522909281869
0.8290437329985353,0.5200840115515883
0.8290437329985353,0.5200157500984381
0.8290437329985353,0.5199475065616798
0.8290437329985353,0.5198792809342606
0.8290437329985353,0.5198110732091314
0.8290437329985353,0.519742883379247
0.8290437329985353,0.5196747114375656
0.8290437329985353,0.5196065573770492
0.8290437329985353,0.5195384211906635
0.8290437329985353,0.519470302871378
0.8290437329985353,0.5194022024121657
0.8290437329985353,0.5193341198060034
0.8290437329985353,0.5192660550458715
0.8290437329985353,0.5191980081247543
0.8290437329985353,0.5191299790356394
0.8290437329985353,0.5190619677715184
0.8290437329985353,0.5189939743253864
0.8290437329985353,0.5189259986902423
0.8292529817953547,0.5189889994761655
0.8292529817953547,0.5189210422940945
0.8292529817953547,0.51885310290652
0.829462230592174,0.5189160884932583
0.829462230592174,0.518848167539267
0.829462230592174,0.5187802643633033
0.829462230592174,0.5187123789583878
0.829462230592174,0.5186445113175455
0.829462230592174,0.5185766614338043
0.829462230592174,0.5185088293001963
0.829462230592174,0.5184410149097567
0.829462230592174,0.5183732182555251
0.829462230592174,0.518305439330544
0.829462230592174,0.5182376781278598
0.8296714793889935,0.5183006535947713
0.8296714793889935,0.5182329107306235
0.8296714793889935,0.5181651855723993
0.8296714793889935,0.5180974781131582
0.8296714793889935,0.5180297883459629
0.8296714793889935,0.5179621162638798
0.8296714793889935,0.5178944618599791
0.8296714793889935,0.5178268251273345
0.8296714793889935,0.5177592060590233
0.8296714793889935,0.5176916046481264
0.8296714793889935,0.5176240208877284
0.8296714793889935,0.5175564547709176
0.8296714793889935,0.5174889062907857
0.8296714793889935,0.517421375440428
0.8296714793889935,0.5173538622129437
0.8296714793889935,0.5172863666014351
0.8298807281858129,0.5173493347247586
0.8298807281858129,0.5172818573105518
0.8298807281858129,0.5172143974960877
0.8298807281858129,0.5171469552744817
0.8298807281858129,0.5170795306388527
0.8298807281858129,0.5170121235823231
0.8300899769826323,0.517075078206465
0.8300899769826323,0.5170076893001434
0.8300899769826323,0.516940317956737
0.8300899769826323,0.5168729641693811
0.8300899769826323,0.5168056279312142
0.8300899769826323,0.5167383092353784
0.8300899769826323,0.5166710080750195
0.8300899769826323,0.5166037244432868
0.8300899769826323,0.5165364583333333
0.8300899769826323,0.5164692097383153
0.8300899769826323,0.5164019786513928
0.8300899769826323,0.5163347650657295
0.8300899769826323,0.5162675689744924
0.8300899769826323,0.5162003903708523
0.8300899769826323,0.5161332292479833
0.8300899769826323,0.5160660855990633
0.8302992257794518,0.5161290322580645
0.8302992257794518,0.5160619066198465
0.8302992257794518,0.5159947984395319
0.8302992257794518,0.5159277077103107
0.8302992257794518,0.515860634425377
0.8302992257794518,0.515793578577928
0.8302992257794518,0.5157265401611646
0.8302992257794518,0.5156595191682911
0.8302992257794518,0.5155925155925156
0.8302992257794518,0.5155255294270495
0.8305084745762712,0.5155884645362432
0.8305084745762712,0.5155214962982205
0.8305084745762712,0.5154545454545455
0.8305084745762712,0.5153876119984417
0.8307177233730906,0.5154505323292651
0.8307177233730906,0.515383616772686
0.8307177233730906,0.5153167185877466
0.8307177233730906,0.5152498377676833
0.8307177233730906,0.5151829743057358
0.8307177233730906,0.5151161281951473
0.8309269721699101,0.5151790347690711
0.8309269721699101,0.5151122065118693
0.8309269721699101,0.5150453955901426
0.8309269721699101,0.514978601997147
0.8309269721699101,0.514911825726141
0.8309269721699101,0.5148450667703877
0.8309269721699101,0.5147783251231527
0.8309269721699101,0.5147116007777057
0.8309269721699101,0.5146448937273198
0.8309269721699101,0.5145782039652714
0.8311362209667295,0.514641098730241
0.8311362209667295,0.5145744267392149
0.8311362209667295,0.5145077720207254
0.8311362209667295,0.5144411345680612
0.8311362209667295,0.5143745143745144
0.8311362209667295,0.5143079114333808
0.8311362209667295,0.5142413257379596
0.8311362209667295,0.5141747572815534
0.8311362209667295,0.5141082060574683
0.8313454697635488,0.514171088391355
0.8313454697635488,0.5141045548654244
0.8313454697635488,0.5140380385560874
0.8313454697635488,0.5139715394566624
0.8313454697635488,0.5139050575604708
0.8313454697635488,0.5138385928608381
0.8313454697635488,0.5137721453510927
0.8313454697635488,0.5137057150245669
0.8313454697635488,0.5136393018745959
0.8313454697635488,0.5135729058945191
0.8313454697635488,0.5135065270776786
0.8313454697635488,0.5134401654174205
0.8313454697635488,0.5133738209070939
0.8313454697635488,0.5133074935400517
0.8313454697635488,0.51324118330965
0.8313454697635488,0.5131748902092482
0.8313454697635488,0.5131086142322098
0.8313454697635488,0.5130423553719008
0.8313454697635488,0.5129761136216914
0.8313454697635488,0.5129098889749548
0.8313454697635488,0.5128436814250678
0.8313454697635488,0.5127774909654105
0.8313454697635488,0.5127113175893664
0.8313454697635488,0.5126451612903226
0.8313454697635488,0.5125790220616695
0.8313454697635488,0.5125128998968008
0.8315547185603683,0.5125757771185347
0.8315547185603683,0.5125096724271344
0.8315547185603683,0.5124435847840103
0.8315547185603683,0.5123775141825684
0.8315547185603683,0.5123114606162176
0.8315547185603683,0.5122454240783707
0.8315547185603683,0.5121794045624436
0.8315547185603683,0.5121134020618556
0.8315547185603683,0.5120474165700296
0.8315547185603683,0.5119814480803917
0.8315547185603683,0.5119154965863713
0.8315547185603683,0.5118495620814013
0.8315547185603683,0.5117836445589182
0.8315547185603683,0.5117177440123616
0.8315547185603683,0.5116518604351744
0.8317639673571877,0.5117147270854789
0.8317639673571877,0.5116488608572531
0.8317639673571877,0.5115830115830116
0.8317639673571877,0.511517179256209
0.8317639673571877,0.5114513638703037
0.8317639673571877,0.5113855654187572
0.8319732161540071,0.5114484178029328
0.8319732161540071,0.5113826366559485
0.8319732161540071,0.5113168724279835
0.8319732161540071,0.5112511251125113
0.8319732161540071,0.5111853947030085
0.8319732161540071,0.5111196811929554
0.8321824649508265,0.5111825192802056
0.8321824649508265,0.5111168230304588
0.8321824649508265,0.5110511436648676
0.832391713747646,0.5111139663368881
0.8326009625444654,0.5111767728674204
0.8326009625444654,0.5111111111111111
0.8326009625444654,0.5110454662214231
0.8326009625444654,0.5109798381918582
0.8326009625444654,0.5109142270159219
0.8326009625444654,0.5108486326871229
0.8326009625444654,0.510783055198973
0.8326009625444654,0.5107174945449878
0.8326009625444654,0.5106519507186859
0.8326009625444654,0.5105864237135891
0.8326009625444654,0.510520913523223
0.8326009625444654,0.5104554201411161
0.8326009625444654,0.5103899435608004
0.8326009625444654,0.5103244837758112
0.8326009625444654,0.5102590407796871
0.8328102113412847,0.5103218361328375
0.8328102113412847,0.5102564102564102
0.8330194601381042,0.5103191898474555
0.8330194601381042,0.5102537810817739
0.8330194601381042,0.5101883890811226
0.8330194601381042,0.5101230138390569
0.8330194601381042,0.5100576553491352
0.8330194601381042,0.5099923136049193
0.8330194601381042,0.5099269885999744
0.8330194601381042,0.5098616803278688
0.8330194601381042,0.5097963887821744
0.8330194601381042,0.5097311139564661
0.8330194601381042,0.5096658558443221
0.8330194601381042,0.5096006144393241
0.8330194601381042,0.509535389735057
0.8330194601381042,0.5094701817251088
0.8330194601381042,0.509404990403071
0.8330194601381042,0.5093398157625384
0.8330194601381042,0.5092746577971089
0.8330194601381042,0.5092095165003837
0.8330194601381042,0.5091443918659675
0.8330194601381042,0.509079283887468
0.8330194601381042,0.5090141925584963
0.8330194601381042,0.5089491178726668
0.8330194601381042,0.5088840598235971
0.8330194601381042,0.508819018404908
0.8330194601381042,0.5087539936102237
0.8330194601381042,0.5086889854331714
0.8330194601381042,0.5086239938673821
0.8330194601381042,0.5085590189064896
0.8330194601381042,0.5084940605441308
0.8330194601381042,0.5084291187739464
0.8330194601381042,0.5083641935895798
0.8330194601381042,0.5082992849846782
0.8330194601381042,0.5082343929528916
0.8330194601381042,0.5081695174878734
0.8330194601381042,0.5081046585832801
0.8330194601381042,0.5080398162327718
0.8330194601381042,0.5079749904300115
0.8330194601381042,0.5079101811686655
0.8330194601381042,0.5078453884424033
0.8330194601381042,0.507780612244898
0.8330194601381042,0.5077158525698253
0.8330194601381042,0.5076511094108646
0.8330194601381042,0.5075863827616983
0.8330194601381042,0.5075216726160122
0.8330194601381042,0.5074569789674952
0.8330194601381042,0.5073923018098394
0.8330194601381042,0.5073276411367401
0.8330194601381042,0.507262996941896
0.8330194601381042,0.5071983692190087
0.8330194601381042,0.5071337579617834
0.8330194601381042,0.5070691631639281
0.8330194601381042,0.5070045848191543
0.8330194601381042,0.5069400229211766
0.8332287089349236,0.5070028011204482
0.8332287089349236,0.5069382558879695
0.8332287089349236,0.5068737270875764
0.8332287089349236,0.5068092147129948
0.8332287089349236,0.5067447187579537
0.8332287089349236,0.5066802392161852
0.8332287089349236,0.5066157760814249
0.8332287089349236,0.5065513293474113
0.8332287089349236,0.506486899007886
0.8332287089349236,0.5064224850565942
0.8332287089349236,0.5063580874872838
0.8332287089349236,0.5062937062937063
0.8332287089349236,0.5062293414696161
0.8332287089349236,0.5061649930087708
0.8332287089349236,0.5061006609049313
0.8332287089349236,0.5060363451518617
0.8332287089349236,0.5059720457433291
0.8332287089349236,0.5059077626731038
0.8332287089349236,0.5058434959349594
0.8332287089349236,0.5057792455226724
0.8332287089349236,0.5057150114300228
0.8332287089349236,0.5056507936507937
0.8332287089349236,0.505586592178771
0.8332287089349236,0.5055224070077441
0.8332287089349236,0.5054582381315055
0.8332287089349236,0.5053940855438508
0.8332287089349236,0.5053299492385787
0.8332287089349236,0.5052658292094911
0.833437957731743,0.5053285968028419
0.833437957731743,0.5052644932132437
0.833437957731743,0.5052004058853374
0.833437957731743,0.505136334812936
0.833437957731743,0.5050722799898555
0.833437957731743,0.5050082414099151
0.833437957731743,0.5049442190669371
0.833437957731743,0.5048802129547472
0.833437957731743,0.5048162230671737
0.833437957731743,0.5047522493980484
0.833437957731743,0.5046882919412062
0.833437957731743,0.5046243506904853
0.833437957731743,0.5045604256397264
0.833437957731743,0.504496516782774
0.833437957731743,0.5044326241134752
0.833437957731743,0.5043687476256806
0.833437957731743,0.5043048873132439
0.833437957731743,0.5042410431700215
0.833437957731743,0.5041772151898735
0.833437957731743,0.5041134033666624
0.833437957731743,0.5040496076942547
0.833437957731743,0.503985828166519
0.833437957731743,0.5039220647773279
0.833437957731743,0.5038583175205567
0.833437957731743,0.5037945863900835
0.833437957731743,0.5037308713797901
0.833437957731743,0.503667172483561
0.833437957731743,0.5036034896952839
0.833437957731743,0.5035398230088496
0.833437957731743,0.5034761724181519
0.833437957731743,0.503412537917088
0.833437957731743,0.5033489194995577
0.833437957731743,0.5032853171594642
0.833437957731743,0.5032217308907139
0.833437957731743,0.5031581606872157
0.833437957731743,0.5030946065428824
0.833437957731743,0.5030310684516291
0.833437957731743,0.5029675464073746
0.833437957731743,0.5029040404040404
0.833437957731743,0.5028405504355511
0.833437957731743,0.5027770764958344
0.833437957731743,0.5027136185788211
0.833437957731743,0.5026501766784452
0.833437957731743,0.5025867507886436
0.833437957731743,0.502523340903356
0.8336472065285625,0.5025860981455784
0.8336472065285625,0.5025227043390514
0.8336472065285625,0.5024593265228906
0.8336472065285625,0.5023959646910466
0.8336472065285625,0.5023326188374732
0.8336472065285625,0.5022692889561271
0.8336472065285625,0.5022059750409681
0.8336472065285625,0.5021426770859592
0.8336472065285625,0.5020793950850662
0.8336472065285625,0.5020161290322581
0.8336472065285625,0.5019528789215069
0.8336472065285625,0.5018896447467877
0.8336472065285625,0.5018264265020783
0.8336472065285625,0.5017632241813602
0.8336472065285625,0.5017000377786173
0.8338564553253819,0.501762780156132
0.8338564553253819,0.5016996097192497
0.8338564553253819,0.5016364551863042
0.8338564553253819,0.5015733165512901
0.8338564553253819,0.5015101938082054
0.8340657041222013,0.5015729205989682
0.8340657041222013,0.5015098137896327
0.8340657041222013,0.5014467228582211
0.8340657041222013,0.5013836477987421
0.8340657041222013,0.5013205886052069
0.8340657041222013,0.5012575452716298
0.8340657041222013,0.5011945177920282
0.8340657041222013,0.5011315061604225
0.8340657041222013,0.501068510370836
0.8340657041222013,0.5010055304172951
0.8340657041222013,0.5009425662938294
0.8342749529190208,0.5010052777079669
0.8342749529190208,0.5009423294383717
0.8342749529190208,0.5008793969849247
0.8342749529190208,0.5008164803416656
0.8342749529190208,0.5007535795026375
0.8342749529190208,0.5006906944618862
0.8342749529190208,0.5006278252134606
0.8342749529190208,0.5005649717514125
0.8344842017158401,0.5006276675872458
0.8344842017158401,0.5005648299234342
0.8344842017158401,0.5005020080321285
0.8344842017158401,0.5004392019073911
0.8344842017158401,0.5003764115432874
0.8344842017158401,0.5003136369338853
0.8344842017158401,0.5002508780732564
0.8344842017158401,0.5001881349554748
0.8346934505126595,0.500250815149235
0.8346934505126595,0.5001880877742947
0.8346934505126595,0.5001253761283851
0.8346934505126595,0.5000626802055911
0.8346934505126595,0.5
0.8346934505126595,0.49993733550570246
0.8346934505126595,0.49987468671679197
0.834902699309479,0.49993735120912164
0.834902699309479,0.49987471811576045
0.834902699309479,0.49981210071401727
0.834902699309479,0.499749498997996
0.834902699309479,0.4996869129618034
0.834902699309479,0.4996243425995492
0.834902699309479,0.49956178790534617
0.834902699309479,0.49949924887331
0.834902699309479,0.49943672549755913
0.834902699309479,0.49937421777221525
0.8351119481062984,0.49943686647478414
0.8353211969031178,0.4994994994994995
0.8353211969031178,0.4994370073814588
0.8353211969031178,0.49937453089817363
0.8353211969031178,0.49931207004377737
0.8353211969031178,0.4992496248124062
0.8355304456999372,0.49931224209078406
0.8355304456999372,0.4992498124531133
0.8357396944967567,0.49931241405175647
0.8357396944967567,0.49925
0.8357396944967567,0.4991876015498063
0.8357396944967567,0.49912521869532617
0.8357396944967567,0.4990628514307135
0.8357396944967567,0.49900049975012495
0.8357396944967567,0.4989381636477202
0.8357396944967567,0.49887584311766175
0.8357396944967567,0.49881353815411517
0.8357396944967567,0.49875124875124877
0.8357396944967567,0.4986889749032339
0.8357396944967567,0.4986267166042447
0.8357396944967567,0.49856447384845837
0.8357396944967567,0.49850224663005493
0.8357396944967567,0.49844003494321726
0.8357396944967567,0.49837783878213127
0.8357396944967567,0.49831565814098566
0.8357396944967567,0.49825349301397204
0.8357396944967567,0.49819134339528504
0.8357396944967567,0.49812920927912197
0.8357396944967567,0.49806709065968324
0.8357396944967567,0.49800498753117206
0.8357396944967567,0.49794289988779455
0.8357396944967567,0.49788082772375963
0.8357396944967567,0.4978187710332793
0.8357396944967567,0.4977567298105683
0.8357396944967567,0.4976947040498442
0.8357396944967567,0.4976326937453277
0.8357396944967567,0.49757069889124206
0.8357396944967567,0.49750871948181363
0.8357396944967567,0.49744675551127165
0.8357396944967567,0.49738480697384807
0.8357396944967567,0.4973228738637779
0.8357396944967567,0.4972609561752988
0.8357396944967567,0.49719905390265157
0.8357396944967567,0.49713716704007965
0.8357396944967567,0.4970752955818295
0.8357396944967567,0.4970134395221503
0.8357396944967567,0.4969515988552943
0.8357396944967567,0.4968897735755163
0.8357396944967567,0.49682796367707427
0.8357396944967567,0.49676616915422883
0.8357396944967567,0.4967043900012436
0.8357396944967567,0.496642626212385
0.8357396944967567,0.49658087778192217
0.8357396944967567,0.4965191447041273
0.8357396944967567,0.49645742697327533
0.8357396944967567,0.49639572458364406
0.8357396944967567,0.4963340375295141
0.8357396944967567,0.496272365805169
0.8357396944967567,0.49621070940489503
0.835948943293576,0.4962732919254658
0.8361581920903954,0.4963358588995156
0.8361581920903954,0.496274217585693
0.8361581920903954,0.49621259158077735
0.8363674408872149,0.49627514278619317
0.8363674408872149,0.4962135319677219
0.8363674408872149,0.4961519364448858
0.8365766896840343,0.49621447188779944
0.8365766896840343,0.4961528915363614
0.8365766896840343,0.49609132646730364
0.8365766896840343,0.49602977667493797
0.8365766896840343,0.495968242153579
0.8365766896840343,0.49590672289754406
0.8365766896840343,0.4958452189011534
0.8365766896840343,0.4957837301587302
0.8365766896840343,0.4957222566646001
0.8367859384808537,0.49578477560128936
0.8367859384808537,0.49572331721829677
0.8369951872776732,0.495785820525533
0.8369951872776732,0.49572437724625107
0.8369951872776732,0.49566294919454773
0.8369951872776732,0.49560153636476273
0.8369951872776732,0.49554013875123887
0.8369951872776732,0.49547875634832156
0.8372044360744926,0.4955412434976468
0.8372044360744926,0.4954798761609907
0.8372044360744926,0.495418524021793
0.8372044360744926,0.4953571870744088
0.8372044360744926,0.49529586531319636
0.8372044360744926,0.49523455873251643
0.8372044360744926,0.49517326732673267
0.837413684871312,0.4952357381512189
0.837413684871312,0.4951744617668894
0.837413684871312,0.49511320054435237
0.837413684871312,0.49505195447798117
0.837413684871312,0.4949907235621521
0.837413684871312,0.4949295077912441
0.837413684871312,0.4948683071596389
0.837413684871312,0.4948071216617211
0.837413684871312,0.4947459512918779
0.837413684871312,0.4946847960444994
0.837413684871312,0.4946236559139785
0.837413684871312,0.4945625308947108
0.837413684871312,0.4945014209810948
0.837413684871312,0.49444032616753153
0.837413684871312,0.49437924644842496
0.837413684871312,0.4943181818181818
0.837413684871312,0.49425713227121154
0.837413684871312,0.4941960978019264
0.837413684871312,0.4941350784047413
0.837413684871312,0.49407407407407405
0.837413684871312,0.49401308480434514
0.837413684871312,0.4939521105899778
0.837413684871312,0.493891151425398
0.837413684871312,0.4938302073050346
0.837413684871312,0.49376927822331895
0.837413684871312,0.49370836417468544
0.837413684871312,0.493647465153571
0.837413684871312,0.4935865811544154
0.837413684871312,0.49352571217166114
0.837413684871312,0.4934648581997534
0.837413684871312,0.4934040192331402
0.837413684871312,0.4933431952662722
0.837413684871312,0.4932823862936029
0.837413684871312,0.49322159230958834
0.837413684871312,0.4931608133086876
0.837413684871312,0.4931000492853623
0.837413684871312,0.4930393002340766
0.837413684871312,0.49297856614929786
0.837413684871312,0.49291784702549574
0.837413684871312,0.4928571428571429
0.837413684871312,0.49279645363871444
0.837413684871312,0.4927357793646885
0.837413684871312,0.4926751200295457
0.837413684871312,0.49261447562776955
0.837413684871312,0.4925538461538462
0.837413684871312,0.4924932316022643
0.837413684871312,0.4924326319675157
0.837413684871312,0.4923720472440945
0.837413684871312,0.4923114774264977
0.837413684871312,0.4922509225092251
0.837413684871312,0.492190382486779
0.837413684871312,0.49212985735366455
0.837413684871312,0.49206934710438954
0.837413684871312,0.4920088517334645
0.837413684871312,0.4919483712354026
0.837413684871312,0.4918879056047198
0.837413684871312,0.4918274548359346
0.837413684871312,0.49176701892356844
0.837413684871312,0.4917065978621452
0.837413684871312,0.49164619164619167
0.837413684871312,0.49158580027023707
0.837413684871312,0.4915254237288136
0.837413684871312,0.49146506201645584
0.837413684871312,0.4914047151277014
0.837413684871312,0.4913443830570902
0.837413684871312,0.4912840657991652
0.8376229336681315,0.49134650791702467
0.8376229336681315,0.49128620520373095
0.8376229336681315,0.4912259172904651
0.8376229336681315,0.49116564417177916
0.8376229336681315,0.49110538584222796
0.8376229336681315,0.491045142296369
0.8376229336681315,0.49098491352876245
0.8376229336681315,0.49092469953397105
0.8376229336681315,0.49086450030656037
0.8376229336681315,0.49080431584109857
0.8376229336681315,0.49074414613215644
0.8376229336681315,0.49068399117430744
0.8376229336681315,0.49062385096212774
0.8376229336681315,0.49056372549019606
0.8376229336681315,0.490503614753094
0.8376229336681315,0.49044351874540554
0.8376229336681315,0.49038343746171753
0.8376229336681315,0.4903233708966193
0.8376229336681315,0.490263319044703
0.8376229336681315,0.49020328190056334
0.8376229336681315,0.4901432594587976
0.8376229336681315,0.49008325171400585
0.8376229336681315,0.4900232586607908
0.8376229336681315,0.48996328029375763
0.8376229336681315,0.4899033166075144
0.8376229336681315,0.4898433675966716
0.8376229336681315,0.4897834332558424
0.8378321824649508,0.48984585270369463
0.8380414312617702,0.48990825688073397
0.8380414312617702,0.48984833659491195
0.8380414312617702,0.48978843096490154
0.8380414312617702,0.4897285399853265
0.8380414312617702,0.4896686636508131
0.8380414312617702,0.4896088019559902
0.8380414312617702,0.48954895489548955
0.8380414312617702,0.48948912246394527
0.8380414312617702,0.48942930465599416
0.8380414312617702,0.48936950146627567
0.8380414312617702,0.48930971288943187
0.8380414312617702,0.4892499389201075
0.8380414312617702,0.4891901795529498
0.8380414312617702,0.4891304347826087
0.8380414312617702,0.4890707046037367
0.8380414312617702,0.489010989010989
0.8380414312617702,0.4889512879990233
0.8380414312617702,0.4888916015625
0.8380414312617702,0.488831929696082
0.8380414312617702,0.48877227239443494
0.8380414312617702,0.48871262965222695
0.8380414312617702,0.4886530014641288
0.8380414312617702,0.48859338782481393
0.8380414312617702,0.4885337887289583
0.8380414312617702,0.4884742041712404
0.8380414312617702,0.48841463414634145
0.8380414312617702,0.48835507864894523
0.8380414312617702,0.4882955376737381
0.8380414312617702,0.488236011215409
0.8380414312617702,0.4881764992686494
0.8380414312617702,0.48811700182815354
0.8380414312617702,0.4880575188886181
0.8380414312617702,0.4879980504447423
0.8380414312617702,0.48793859649122806
0.8380414312617702,0.4878791570227799
0.8380414312617702,0.4878197320341047
0.8380414312617702,0.48776032151991233
0.8380414312617702,0.4877009254749148
0.8380414312617702,0.48764154389382686
0.8380414312617702,0.48758217677136595
0.8380414312617702,0.48752282410225195
0.8380414312617702,0.4874634858812074
0.8380414312617702,0.4874041621029573
0.8380414312617702,0.4873448527622293
0.8380414312617702,0.4872855578537535
0.8380414312617702,0.48722627737226276
0.8380414312617702,0.4871670113124924
0.8380414312617702,0.48710775966918024
0.8380414312617702,0.48704852243706676
0.8380414312617702,0.48698929961089493
0.8380414312617702,0.4869300911854103
0.8380414312617702,0.486870897155361
0.8380414312617702,0.48681171751549773
0.8380414312617702,0.4867525522605736
0.8380414312617702,0.4866934013853445
0.8380414312617702,0.4866342648845686
0.8380414312617702,0.48657514275300695
0.8380414312617702,0.48651603498542273
0.8380414312617702,0.48645694157658204
0.8380414312617702,0.48639786252125333
0.8382506800585897,0.4864602307225258
0.8382506800585897,0.4864011656143759
0.8382506800585897,0.48634211484763873
0.8382506800585897,0.4862830784170915
0.8382506800585897,0.48622405631751425
0.8382506800585897,0.4861650485436893
0.8382506800585897,0.48610605509040167
0.8382506800585897,0.48604707595243873
0.8382506800585897,0.48598811112459056
0.8382506800585897,0.4859291606016497
0.8382506800585897,0.48587022437841115
0.8382506800585897,0.4858113024496726
0.8382506800585897,0.485752394810234
0.8382506800585897,0.48569350145489815
0.8382506800585897,0.4856346223784701
0.8382506800585897,0.48557575757575755
0.8382506800585897,0.48551690704157074
0.8382506800585897,0.4854580707707222
0.8382506800585897,0.48539924875802737
0.8382506800585897,0.48534044099830387
0.8382506800585897,0.48528164748637187
0.8382506800585897,0.48522286821705424
0.8382506800585897,0.4851641031851762
0.8382506800585897,0.4851053523855655
0.8382506800585897,0.4850466158130524
0.8382506800585897,0.48498789346246973
0.8382506800585897,0.4849291853286527
0.8382506800585897,0.4848704914064391
0.8382506800585897,0.4848118116906692
0.8382506800585897,0.48475314617618587
0.8382506800585897,0.4846944948578342
0.8382506800585897,0.48463585773046214
0.8382506800585897,0.4845772347889198
0.8382506800585897,0.48451862602806
0.8382506800585897,0.4844600314427379
0.8382506800585897,0.48440145102781135
0.8382506800585897,0.48434288477814047
0.8382506800585897,0.484284332688588
0.8382506800585897,0.4842257947540191
0.8382506800585897,0.4841672709693014
0.8382506800585897,0.48410876132930514
0.8382506800585897,0.48405026582890287
0.8382506800585897,0.4839917844629697
0.8382506800585897,0.48393331722638316
0.8382506800585897,0.4838748641140234
0.8382506800585897,0.48381642512077294
0.8384599288554091,0.48387875860403334
0.8384599288554091,0.48382033325283746
0.8384599288554091,0.483761922008934
0.8384599288554091,0.4837035248672139
0.8384599288554091,0.4836451418225709
0.8386691776522285,0.4837074583635047
0.8386691776522285,0.48364908893447567
0.8386691776522285,0.48359073359073357
0.8386691776522285,0.4835323923271806
0.8386691776522285,0.4834740651387214
0.8386691776522285,0.48341575202026293
0.8386691776522285,0.4833574529667149
0.8386691776522285,0.4832991679729893
0.8386691776522285,0.48324089703400047
0.8386691776522285,0.48318264014466544
0.8386691776522285,0.4831243972999036
0.8386691776522285,0.4830661684946366
0.8386691776522285,0.48300795372378885
0.8386691776522285,0.48294975298228704
0.8386691776522285,0.48289156626506025
0.8386691776522285,0.48283339356704014
0.8386691776522285,0.4827752348831607
0.8386691776522285,0.4827170902083584
0.8386691776522285,0.48265895953757226
0.8386691776522285,0.4826008428657435
0.8388784264490479,0.48266313508307246
0.8388784264490479,0.48260503190080656
0.8388784264490479,0.4825469427058257
0.8388784264490479,0.4824888674930798
0.8388784264490479,0.48243080625752105
0.8390876752458674,0.48249308145830827
0.8390876752458674,0.48243503368623675
0.8390876752458674,0.4823769998797065
0.8390876752458674,0.4823189800336781
0.8390876752458674,0.48226097414311486
0.8390876752458674,0.4822029822029822
0.8390876752458674,0.4821450042082482
0.8390876752458674,0.48208704015388315
0.8390876752458674,0.48202909003485994
0.8390876752458674,0.48197115384615385
0.8390876752458674,0.48191323158274246
0.8390876752458674,0.48185532323960584
0.8390876752458674,0.48179742881172655
0.8390876752458674,0.4817395482940894
0.8390876752458674,0.4816816816816817
0.8390876752458674,0.48162382896949313
0.8390876752458674,0.4815659901525159
0.8390876752458674,0.48150816522574447
0.8390876752458674,0.48145035418417576
0.8390876752458674,0.48139255702280914
0.8390876752458674,0.48133477373664624
0.8390876752458674,0.4812770043206913
0.8390876752458674,0.4812192487699508
0.8390876752458674,0.48116150707943367
0.8390876752458674,0.48110377924415115
0.8390876752458674,0.4810460652591171
0.8390876752458674,0.4809883651193475
0.8390876752458674,0.4809306788198609
0.8390876752458674,0.48087300635567815
0.8390876752458674,0.48081534772182255
0.8390876752458674,0.48075770291331976
0.8390876752458674,0.4807000719251978
0.8390876752458674,0.4806424547524871
0.8390876752458674,0.4805848513902205
0.8390876752458674,0.4805272618334332
0.8390876752458674,0.4804696860771627
0.8390876752458674,0.480412124116449
0.8390876752458674,0.48035457594633446
0.8392969240426867,0.48041681638519584
0.8392969240426867,0.48035928143712575
0.8392969240426867,0.48030176026823135
0.8395061728395061,0.4803639846743295
0.8395061728395061,0.4803064767149527
0.8395061728395061,0.48024898252334214
0.8395061728395061,0.48019150209455413
0.8395061728395061,0.4801340354236477
0.8395061728395061,0.48007658250568386
0.8395061728395061,0.48001914333572626
0.8395061728395061,0.4799617179088408
0.8395061728395061,0.47990430622009567
0.8395061728395061,0.47984690826456167
0.8395061728395061,0.4797895240373116
0.8395061728395061,0.479732153533421
0.8395061728395061,0.4796747967479675
0.8395061728395061,0.4796174536760311
0.8397154216363256,0.4796796557494621
0.8397154216363256,0.47962232580375286
0.8397154216363256,0.47956500956022946
0.8397154216363256,0.47950770701398016
0.8397154216363256,0.4794504181600956
0.8397154216363256,0.47939314299366864
0.8397154216363256,0.47933588150979456
0.8397154216363256,0.479278633703571
0.8397154216363256,0.4792213995700979
0.8397154216363256,0.4791641791044776
0.8397154216363256,0.4791069723018147
0.8397154216363256,0.4790497791572162
0.8397154216363256,0.4789925996657914
0.8397154216363256,0.47893543382265186
0.8397154216363256,0.4788782816229117
0.8397154216363256,0.47882114306168716
0.839924670433145,0.47888332140300643
0.839924670433145,0.4788261958725993
0.839924670433145,0.47876908396946566
0.839924670433145,0.47871198568872986
0.839924670433145,0.4786549010255187
0.839924670433145,0.47859782997496125
0.839924670433145,0.47854077253218885
0.839924670433145,0.4784837286923352
0.839924670433145,0.47842669845053637
0.839924670433145,0.4783696818019306
0.839924670433145,0.4783126787416587
0.839924670433145,0.47825568926486356
0.8401339192299644,0.47831784608053374
0.8401339192299644,0.4782608695652174
0.8401339192299644,0.478203906622201
0.8401339192299644,0.4781469572466357
0.8401339192299644,0.4780900214336747
0.8401339192299644,0.47803309917847364
0.8401339192299644,0.4779761904761905
0.8401339192299644,0.47791929532198546
0.8401339192299644,0.4778624137110212
0.8401339192299644,0.47780554563846245
0.8401339192299644,0.47774869109947643
0.8401339192299644,0.4776918500892326
0.8401339192299644,0.4776350226029027
0.8401339192299644,0.47757820863566075
0.8401339192299644,0.4775214081826832
0.8401339192299644,0.4774646212391485
0.8403431680267839,0.4775267538644471
0.8403431680267839,0.47746997978837236
0.8403431680267839,0.47741321921065144
0.8403431680267839,0.4773564721264709
0.8403431680267839,0.4772997385310197
0.8403431680267839,0.477243018419489
0.8403431680267839,0.47718631178707227
0.8403431680267839,0.4771296186289652
0.8403431680267839,0.4770729389403659
0.8403431680267839,0.4770162727164746
0.8403431680267839,0.4769596199524941
0.8403431680267839,0.476902980643629
0.8403431680267839,0.4768463547850867
0.8403431680267839,0.47678974237207644
0.8403431680267839,0.47673314339981004
0.8403431680267839,0.4766765578635015
0.8403431680267839,0.47661998575836695
0.8405524168236033,0.4766820932716269
0.8405524168236033,0.476625533934504
0.8405524168236033,0.4765689880175584
0.8405524168236033,0.47651245551601423
0.8405524168236033,0.47645593642509787
0.8405524168236033,0.47639943074003793
0.8405524168236033,0.47634293845606546
0.8405524168236033,0.4762864595684136
0.8405524168236033,0.4762299940723177
0.8405524168236033,0.47617354196301565
0.8407616656204226,0.4762356287780017
0.8407616656204226,0.47617918938137
0.8407616656204226,0.47612276336058773
0.8407616656204226,0.4760663507109005
0.8407616656204226,0.476009951427556
0.8407616656204226,0.4759535655058043
0.8409709144172421,0.4760156342532275
0.8409709144172421,0.4759592610137376
0.8409709144172421,0.475902901124926
0.8409709144172421,0.47584655458205066
0.8409709144172421,0.47579022138037175
0.8409709144172421,0.4757339015151515
0.8409709144172421,0.47567759498165463
0.8409709144172421,0.47562130177514794
0.8409709144172421,0.4755650218909005
0.8409709144172421,0.47550875532418363
0.8409709144172421,0.4754525020702709
0.8409709144172421,0.47539626212443814
0.8409709144172421,0.47534003548196335
0.8411801632140615,0.47540208136234624
0.8411801632140615,0.47534586732884
0.8411801632140615,0.4752896665878458
0.8411801632140615,0.4752334791346495
0.8411801632140615,0.475177304964539
0.8411801632140615,0.47512114407280465
0.8411801632140615,0.4750649964547388
0.8411801632140615,0.4750088621056363
0.8411801632140615,0.47495274102079393
0.8411801632140615,0.47489663319551095
0.8411801632140615,0.47484053862508857
0.8411801632140615,0.47478445730483054
0.8411801632140615,0.4747283892300425
0.8411801632140615,0.47467233439603257
0.8411801632140615,0.47461629279811096
0.8411801632140615,0.4745602644315901
0.8411801632140615,0.4745042492917847
0.8411801632140615,0.4744482473740116
0.8411801632140615,0.4743922586735898
0.8411801632140615,0.4743362831858407
0.8411801632140615,0.4742803209060878
0.8411801632140615,0.4742243718296567
0.8411801632140615,0.47416843595187547
0.8411801632140615,0.4741125132680741
0.8411801632140615,0.4740566037735849
0.8411801632140615,0.4740007074637425
0.8411801632140615,0.4739448243338835
0.8411801632140615,0.4738889543793469
0.8411801632140615,0.4738330975954738
0.8411801632140615,0.47377725397760756
0.8411801632140615,0.4737214235210936
0.8411801632140615,0.4736656062212796
0.8411801632140615,0.47360980207351555
0.8411801632140615,0.4735540110731535
0.8411801632140615,0.4734982332155477
0.8411801632140615,0.47344246849605465
0.8411801632140615,0.473386716910033
0.8411801632140615,0.4733309784528435
0.8411801632140615,0.4732752531198493
0.8411801632140615,0.47321954090641555
0.8411801632140615,0.4731638418079096
0.8413894120108809,0.4732258444156761
0.8413894120108809,0.473170157684161
0.8413894120108809,0.4731144840569479
0.8413894120108809,0.47305882352941175
0.8413894120108809,0.47300317609692977
0.8413894120108809,0.4729475417548812
0.8413894120108809,0.47289192049864753
0.8413894120108809,0.4728363123236124
0.8413894120108809,0.4727807172251617
0.8413894120108809,0.47272513519868326
0.8413894120108809,0.4726695662395674
0.8413894120108809,0.4726140103432064
0.8413894120108809,0.4725584675049947
0.8415986608077004,0.47262044653349
0.8415986608077004,0.47256491599107037
0.8415986608077004,0.47250939849624063
0.8415986608077004,0.4724538940444027
0.8415986608077004,0.4723984026309608
0.8415986608077004,0.4723429242513212
0.8415986608077004,0.47228745890089247
0.8415986608077004,0.47223200657508513
0.8415986608077004,0.47217656726931206
0.8415986608077004,0.47212114097898816
0.8415986608077004,0.47206572769953054
0.8415986608077004,0.4720103274263584
0.8415986608077004,0.4719549401548932
0.8415986608077004,0.4718995658805585
0.8418079096045198,0.47196152041295164
0.8418079096045198,0.4719061583577713
0.8418079096045198,0.47185080928923295
0.8418079096045198,0.47179547320276766
0.8418079096045198,0.47174015009380865
0.8418079096045198,0.4716848399577911
0.8418079096045198,0.4716295427901524
0.8418079096045198,0.4715742585863322
0.8418079096045198,0.47151898734177217
0.8418079096045198,0.4714637290519161
0.8418079096045198,0.47140848371221
0.8418079096045198,0.4713532513181019
0.8418079096045198,0.47129803186504216
0.8420171584013392,0.47135996251610635
0.8420171584013392,0.47130475521199344
0.8420171584013392,0.47124956083850567
0.8420171584013392,0.4711943793911007
0.8420171584013392,0.47113921086523824
0.8420171584013392,0.47108405525638025
0.8420171584013392,0.47102891255999063
0.8420171584013392,0.47097378277153557
0.8420171584013392,0.47091866588648335
0.8420171584013392,0.47086356190030426
0.8420171584013392,0.4708084708084708
0.8420171584013392,0.47075339260645765
0.8420171584013392,0.4706983272897415
0.8420171584013392,0.4706432748538012
0.8420171584013392,0.47058823529411764
0.8420171584013392,0.470533208606174
0.8420171584013392,0.4704781947854554
0.8420171584013392,0.4704231938274491
0.8420171584013392,0.47036820572764465
0.8420171584013392,0.47031323048153345
0.8420171584013392,0.4702582680846091
0.8420171584013392,0.47020331853236735
0.8420171584013392,0.4701483818203061
0.8422264071981586,0.4702102803738318
0.8422264071981586,0.47015535568274736
0.8422264071981586,0.47010044382153704
0.8422264071981586,0.4700455447857059
0.8422264071981586,0.46999065857076133
0.8422264071981586,0.4699357851722125
0.8422264071981586,0.46988092458557085
0.8422264071981586,0.46982607680634997
0.8422264071981586,0.46977124183006536
0.8422264071981586,0.4697164196522348
0.8422264071981586,0.46966161026837805
0.8422264071981586,0.469606813674017
0.8422264071981586,0.4695520298646757
0.8422264071981586,0.4694972588358801
0.8422264071981586,0.4694425005831584
0.8422264071981586,0.46938775510204084
0.8422264071981586,0.4693330223880597
0.8422264071981586,0.46927830243674945
0.8422264071981586,0.46922359524364654
0.8422264071981586,0.4691689008042895
0.8422264071981586,0.46911421911421913
0.8422264071981586,0.469059550168978
0.8422264071981586,0.46900489396411094
0.8422264071981586,0.46895025049516487
0.8422264071981586,0.46889561975768873
0.8422264071981586,0.46884100174723353
0.8422264071981586,0.46878639645935244
0.8422264071981586,0.46873180388960056
0.8422264071981586,0.4686772240335352
0.8422264071981586,0.46862265688671556
0.8422264071981586,0.46856810244470315
0.8422264071981586,0.4685135607030613
0.8422264071981586,0.4684590316573557
0.8422264071981586,0.46840451530315375
0.8422264071981586,0.46835001163602513
0.8422264071981586,0.4682955206515416
0.8422264071981586,0.46824104234527686
0.842435655994978,0.4683028963591951
0.842435655994978,0.46824842986741105
0.842435655994978,0.46819397604372603
0.842435655994978,0.46813953488372095
0.8426449047917974,0.4682013719334961
0.8426449047917974,0.46814694257149503
0.8426449047917974,0.46809252586307104
0.8426449047917974,0.46803812180381216
0.8426449047917974,0.4679837303893085
0.8426449047917974,0.4679293516151522
0.8426449047917974,0.4678749854769374
0.8426449047917974,0.46782063197026025
0.8426449047917974,0.467766291090719
0.8426449047917974,0.46771196283391403
0.8426449047917974,0.46765764719544767
0.8426449047917974,0.4676033441709243
0.8426449047917974,0.4675490537559503
0.8426449047917974,0.4674947759461342
0.8426449047917974,0.4674405107370865
0.8426449047917974,0.4673862581244197
0.8426449047917974,0.4673320181037484
0.8426449047917974,0.46727779067068925
0.8428541535886168,0.467339598561318
0.8428541535886168,0.46728538283062643
0.8428541535886168,0.4672311796775316
0.8428541535886168,0.46717698909765715
0.8428541535886168,0.4671228110866288
0.8428541535886168,0.4670686456400742
0.8428541535886168,0.46701449275362317
0.8428541535886168,0.4669603524229075
0.8428541535886168,0.4669062246435609
0.8428541535886168,0.4668521094112193
0.8428541535886168,0.46679800672152044
0.8428541535886168,0.4667439165701043
0.8428541535886168,0.4666898389526127
0.8428541535886168,0.4666357738646895
0.8428541535886168,0.4665817213019808
0.8428541535886168,0.46652768126013433
0.8428541535886168,0.4664736537348002
0.8428541535886168,0.4664196387216304
0.8428541535886168,0.4663656362162788
0.8428541535886168,0.46631164621440147
0.8428541535886168,0.4662576687116564
0.8428541535886168,0.46620370370370373
0.8428541535886168,0.4661497511862053
0.8428541535886168,0.4660958111548253
0.8428541535886168,0.4660418836052297
0.8428541535886168,0.46598796853308655
0.8428541535886168,0.46593406593406594
0.8428541535886168,0.46588017580383995
0.8428541535886168,0.4658262981380826
0.8428541535886168,0.46577243293246995
0.8428541535886168,0.4657185801826801
0.8428541535886168,0.46566473988439305
0.8428541535886168,0.46561091203329097
0.8428541535886168,0.4655570966250578
0.8428541535886168,0.4655032936553796
0.8428541535886168,0.46544950311994454
0.8428541535886168,0.46539572501444254
0.8428541535886168,0.4653419593345656
0.8428541535886168,0.46528820607600785
0.8428541535886168,0.4652344652344652
0.8428541535886168,0.46518073680563576
0.8428541535886168,0.4651270207852194
0.8428541535886168,0.46507331716891814
0.8428541535886168,0.4650196259524359
0.8428541535886168,0.4649659471314787
0.8428541535886168,0.4649122807017544
0.8428541535886168,0.4648586266589729
0.8428541535886168,0.46480498499884604
0.8428541535886168,0.4647513557170878
0.8428541535886168,0.46469773880941395
0.8428541535886168,0.4646441342715423
0.8430634023854363,0.4647058823529412
0.8430634023854363,0.4646522892399954
0.8430634023854363,0.46459870848708484
0.8430634023854363,0.4645451400899343
0.8430634023854363,0.4644915840442702
0.8430634023854363,0.4644380403458213
0.8430634023854363,0.46438450899031813
0.8430634023854363,0.46433098997349315
0.8430634023854363,0.4642774832910809
0.8430634023854363,0.46422398893881783
0.8430634023854363,0.4641705069124424
0.8430634023854363,0.464117037207695
0.8430634023854363,0.4640635798203179
0.8430634023854363,0.4640101347460555
0.8430634023854363,0.4639567019806541
0.8430634023854363,0.4639032815198618
0.8430634023854363,0.46384987335942895
0.8430634023854363,0.4637964774951076
0.8430634023854363,0.46374309392265195
0.8430634023854363,0.46368972263781794
0.8430634023854363,0.4636363636363636
0.8430634023854363,0.463583016914049
0.8430634023854363,0.463529682466636
0.8430634023854363,0.4634763602898884
0.8430634023854363,0.4634230503795721
0.8430634023854363,0.46336975273145486
0.8430634023854363,0.4633164673413063
0.8430634023854363,0.46326319420489825
0.8430634023854363,0.46320993331800414
0.8430634023854363,0.4631566846763996
0.8430634023854363,0.4631034482758621
0.8430634023854363,0.463050224112171
0.8430634023854363,0.4629970121811078
0.8430634023854363,0.46294381247845573
0.8430634023854363,0.462890625
0.8430634023854363,0.46283744974152785
0.8430634023854363,0.4627842866988284
0.8430634023854363,0.46273113586769266
0.8430634023854363,0.4626779972439136
0.8430634023854363,0.46262487082328624
0.8430634023854363,0.4625717566016074
0.8430634023854363,0.4625186545746757
0.8430634023854363,0.46246556473829203
0.8430634023854363,0.46241248708825894
0.8430634023854363,0.462359421620381
0.8430634023854363,0.46230636833046473
0.8430634023854363,0.4622533272143185
0.8430634023854363,0.46220029826775266
0.8430634023854363,0.46214728148657946
0.8430634023854363,0.46209427686661314
0.8430634023854363,0.4620412844036697
0.8430634023854363,0.4619883040935672
0.8430634023854363,0.46193533593212566
0.8430634023854363,0.4618823799151668
0.8430634023854363,0.46182943603851445
0.8430634023854363,0.4617765042979943
0.8430634023854363,0.46172358468943386
0.8430634023854363,0.4616706772086628
0.8430634023854363,0.46161778185151237
0.8430634023854363,0.461564898613816
0.8430634023854363,0.46151202749140896
0.8430634023854363,0.4614591684801283
0.8430634023854363,0.4614063215758131
0.8430634023854363,0.4613534867743044
0.8430634023854363,0.46130066407144493
0.8430634023854363,0.46124785346307956
0.8430634023854363,0.46119505494505497
0.8430634023854363,0.46114226851321966
0.8430634023854363,0.46108949416342415
0.8430634023854363,0.4610367318915208
0.8430634023854363,0.46098398169336385
0.8430634023854363,0.4609312435648095
0.8430634023854363,0.4608785175017159
0.8430634023854363,0.4608258034999428
0.8430634023854363,0.4607731015553522
0.8430634023854363,0.4607204116638079
0.8430634023854363,0.4606677338211754
0.8430634023854363,0.4606150680233223
0.8430634023854363,0.460562414266118
0.8430634023854363,0.46050977254543374
0.8430634023854363,0.46045714285714284
0.8430634023854363,0.46040452519712033
0.8430634023854363,0.46035191956124316
0.8430634023854363,0.46029932594539014
0.8430634023854363,0.4602467443454421
0.8430634023854363,0.4601941747572815
0.8430634023854363,0.4601416171767931
0.8430634023854363,0.46008907159986295
0.8430634023854363,0.46003653802237954
0.8430634023854363,0.4599840164402329
0.8430634023854363,0.45993150684931505
0.8430634023854363,0.45987900924551994
0.8430634023854363,0.4598265236247432
0.8430634023854363,0.45977404998288257
0.8430634023854363,0.45972158831583754
0.8430634023854363,0.4596691386195094
0.8430634023854363,0.4596167008898015
0.8430634023854363,0.45956427512261894
0.8430634023854363,0.4595118613138686
0.8430634023854363,0.4594594594594595
0.8430634023854363,0.45940706955530214
0.8430634023854363,0.4593546915973093
0.8430634023854363,0.45930232558139533
0.8430634023854363,0.4592499715034766
0.8430634023854363,0.45919762935947117
0.8430634023854363,0.45914529914529917
0.8430634023854363,0.4590929808568824
0.8430634023854363,0.4590406744901447
0.8430634023854363,0.4589883800410116
0.8432726511822557,0.4590500056954095
0.8432726511822557,0.45899772209567197
0.8432726511822557,0.458945450404282
0.8432726511822557,0.4588931906171715
0.8432726511822557,0.45884094273027437
0.8432726511822557,0.45878870673952643
0.8432726511822557,0.4587364826408651
0.8432726511822557,0.4586842704302299
0.8432726511822557,0.4586320701035621
0.8432726511822557,0.45857988165680474
0.8432726511822557,0.45852770508590285
0.8432726511822557,0.45847554038680316
0.8432726511822557,0.4584233875554544
0.8432726511822557,0.4583712465878071
0.8434818999790751,0.45843284430797226
0.8434818999790751,0.45838071412326586
0.8434818999790751,0.45832859579306423
0.8434818999790751,0.45827648931332426
0.8434818999790751,0.45822439468000453
0.8434818999790751,0.4581723118890657
0.8434818999790751,0.4581202409364701
0.8434818999790751,0.4580681818181818
0.8434818999790751,0.45801613453016704
0.8434818999790751,0.4579640990683935
0.8434818999790751,0.45791207542883106
0.8434818999790751,0.4578600636074512
0.8434818999790751,0.45780806360022713
0.8434818999790751,0.45775607540313423
0.8434818999790751,0.4577040990121494
0.8434818999790751,0.4576521344232516
0.8434818999790751,0.4576001816324214
0.8434818999790751,0.4575482406356413
0.8434818999790751,0.4574963114288957
0.8434818999790751,0.45744439400817066
0.8434818999790751,0.45739248836945423
0.8434818999790751,0.4573405945087361
0.8434818999790751,0.4572887124220079
0.8434818999790751,0.45723684210526316
0.8434818999790751,0.457184983554497
0.8434818999790751,0.4571331367657065
0.8434818999790751,0.4570813017348906
0.8434818999790751,0.45702947845804986
0.8434818999790751,0.45697766693118697
0.8434818999790751,0.45692586715030603
0.8434818999790751,0.45687407911141337
0.8434818999790751,0.4568223028105168
0.8434818999790751,0.45677053824362607
0.8434818999790751,0.45671878540675276
0.8434818999790751,0.45666704429591026
0.8434818999790751,0.4566153149071137
0.8434818999790751,0.4565635972363801
0.8434818999790751,0.4565118912797282
0.8434818999790751,0.4564601970331786
0.8434818999790751,0.4564085144927536
0.8436911487758946,0.45647005547379144
0.8436911487758946,0.45641838351822506
0.8436911487758946,0.4563667232597623
0.8436911487758946,0.4563150746944319
0.8436911487758946,0.4562634378182641
0.8436911487758946,0.45621181262729127
0.8436911487758946,0.45616019911754724
0.8436911487758946,0.45610859728506786
0.8436911487758946,0.45605700712589076
0.8436911487758946,0.4560054286360552
0.8436911487758946,0.4559538618116024
0.8436911487758946,0.4559023066485753
0.8436911487758946,0.45585076314301864
0.8436911487758946,0.455799231290979
0.8436911487758946,0.4557477110885046
0.8436911487758946,0.45569620253164556
0.8436911487758946,0.4556447056164538
0.8436911487758946,0.45559322033898303
0.8436911487758946,0.4555417466952887
0.8436911487758946,0.45549028468142794
0.8436911487758946,0.4554388342934598
0.8436911487758946,0.4553873955274452
0.8436911487758946,0.4553359683794466
0.8436911487758946,0.45528455284552843
0.8436911487758946,0.4552331489217568
0.8436911487758946,0.45518175660419957
0.8436911487758946,0.4551303758889265
0.8436911487758946,0.455079006772009
0.8436911487758946,0.4550276492495204
0.8436911487758946,0.4549763033175355
0.8436911487758946,0.4549249689721313
0.8436911487758946,0.4548736462093863
0.8436911487758946,0.4548223350253807
0.8436911487758946,0.45477103541619673
0.8436911487758946,0.45471974737791815
0.8436911487758946,0.4546684709066306
0.8436911487758946,0.4546172059984215
0.8436911487758946,0.45456595264937993
0.8436911487758946,0.4545147108555969
0.8436911487758946,0.454463480613165
0.8436911487758946,0.45441226191817874
0.8436911487758946,0.4543610547667343
0.8436911487758946,0.45430985915492955
0.8436911487758946,0.45425867507886436
0.8436911487758946,0.4542075025346401
0.8436911487758946,0.45415634151836
0.8436911487758946,0.4541051920261291
0.8436911487758946,0.4540540540540541
0.8436911487758946,0.45400292759824346
0.8436911487758946,0.4539518126548075
0.8436911487758946,0.45390070921985815
0.8436911487758946,0.45384961728950923
0.8436911487758946,0.4537985368598762
0.8436911487758946,0.4537474679270763
0.8436911487758946,0.45369641048722853
0.8436911487758946,0.45364536453645365
0.8436911487758946,0.45359433007087413
0.8436911487758946,0.45354330708661417
0.8436911487758946,0.4534922955797998
0.8436911487758946,0.4534412955465587
0.8436911487758946,0.45339030698302035
0.8436911487758946,0.45333932988531594
0.8436911487758946,0.4532883642495784
0.8436911487758946,0.45323741007194246
0.8436911487758946,0.45318646734854445
0.8436911487758946,0.4531355360755226
0.8436911487758946,0.45308461624901675
0.8436911487758946,0.45303370786516856
0.8436911487758946,0.4529828109201213
0.8436911487758946,0.4529319254100202
0.8436911487758946,0.45288105133101203
0.8436911487758946,0.4528301886792453
0.8436911487758946,0.4527793374508703
0.8436911487758946,0.4527284976420391
0.8436911487758946,0.45267766924890535
0.8436911487758946,0.4526268522676246
0.8436911487758946,0.45257604669435403
0.8436911487758946,0.45252525252525255
0.8436911487758946,0.45247446975648076
0.8436911487758946,0.4524236983842011
0.8436911487758946,0.4523729384045776
0.8436911487758946,0.4523221898137761
0.8436911487758946,0.4522714526079641
0.8436911487758946,0.4522207267833109
0.8436911487758946,0.4521700123359874
0.8436911487758946,0.4521193092621664
0.8436911487758946,0.4520686175580222
0.8436911487758946,0.45201793721973094
0.8436911487758946,0.45196726824347044
0.8436911487758946,0.4519166106254203
0.8436911487758946,0.45186596436176174
0.8436911487758946,0.45181532944867775
0.8436911487758946,0.45176470588235296
0.8436911487758946,0.4517140936589738
0.8436911487758946,0.45166349277472834
0.843900397572714,0.4517249103942652
0.843900397572714,0.45167431963265764
0.843900397572714,0.45162374020156776
0.8441096463695333,0.4516851416414735
0.8441096463695333,0.4516345723242275
0.8441096463695333,0.4515840143288929
0.8441096463695333,0.4515334676516678
0.8441096463695333,0.4514829322887521
0.8441096463695333,0.45143240823634734
0.8441096463695333,0.4513818954906568
0.8441096463695333,0.4513313940478854
0.8441096463695333,0.45128090390423986
0.8441096463695333,0.4512304250559284
0.8441096463695333,0.4511799574991612
0.8441096463695333,0.45112950123014983
0.8441096463695333,0.4510790562451079
0.8441096463695333,0.45102862254025045
0.8441096463695333,0.4509782001117943
0.8441096463695333,0.450927788955958
0.8441096463695333,0.4508773890689617
0.8441096463695333,0.4508270004470273
0.8441096463695333,0.4507766230863784
0.8441096463695333,0.4507262569832402
0.8441096463695333,0.4506759021338398
0.8441096463695333,0.4506255585344057
0.8441096463695333,0.4505752261811683
0.8441096463695333,0.45052490507035964
0.8441096463695333,0.4504745951982133
0.8441096463695333,0.4504242965609647
0.8441096463695333,0.45037400915485093
0.8441096463695333,0.4503237329761107
0.8441096463695333,0.4502734680209845
0.8443188951663528,0.45033482142857145
0.8445281439631722,0.4503961611427296
0.8445281439631722,0.4503459049319348
0.8445281439631722,0.4502956599352895
0.8445281439631722,0.4502454261490406
0.8445281439631722,0.4501952035694367
0.8445281439631722,0.4501449921927281
0.8445281439631722,0.4500947920151667
0.8445281439631722,0.45004460303300625
0.8445281439631722,0.44999442524250194
0.8445281439631722,0.44994425863991083
0.8445281439631722,0.4498941032214915
0.8445281439631722,0.4498439589835042
0.8445281439631722,0.44979382592221107
0.8445281439631722,0.44974370403387565
0.8445281439631722,0.4496935933147632
0.8445281439631722,0.4496434937611408
0.8445281439631722,0.44959340536927705
0.8445281439631722,0.4495433281354422
0.8445281439631722,0.4494932620559082
0.8445281439631722,0.4494432071269488
0.8445281439631722,0.4493931633448391
0.8445281439631722,0.44934313070585613
0.8447373927599916,0.44940443059111657
0.8447373927599916,0.44935440783615316
0.8447373927599916,0.4493043962159154
0.8447373927599916,0.44925439572668596
0.8447373927599916,0.44920440636474906
0.8447373927599916,0.4491544281263907
0.8447373927599916,0.4491044610078985
0.8447373927599916,0.4490545050055617
0.8447373927599916,0.44900456011567125
0.8447373927599916,0.44895462633451955
0.8447373927599916,0.44890470365840096
0.8447373927599916,0.4488547920836113
0.8447373927599916,0.44880489160644804
0.8447373927599916,0.4487550022232103
0.8447373927599916,0.44870512393019896
0.8447373927599916,0.44865525672371637
0.8449466415568111,0.4487165240582287
0.8449466415568111,0.44866666666666666
0.8449466415568111,0.4486168203532941
0.8449466415568111,0.448566985114419
0.8449466415568111,0.4485171609463512
0.8449466415568111,0.44846734784540204
0.8449466415568111,0.4484175458078845
0.8449466415568111,0.44836775483011326
0.8449466415568111,0.4483179749084046
0.8449466415568111,0.44826820603907636
0.8451558903536305,0.4483294483294483
0.8451558903536305,0.44827968923418426
0.8451558903536305,0.4482299411829986
0.8453651391504499,0.4482911673324456
0.8453651391504499,0.4482414290469322
0.8453651391504499,0.44819170179720436
0.8453651391504499,0.44814198557958956
0.8453651391504499,0.44809228039041704
0.8453651391504499,0.4480425862260175
0.8453651391504499,0.44799290308272344
0.8453651391504499,0.44794323095686883
0.8453651391504499,0.44789356984478934
0.8453651391504499,0.4478439197428223
0.8453651391504499,0.4477942806473066
0.8453651391504499,0.44774465255458273
0.8453651391504499,0.44769503546099293
0.8453651391504499,0.4476454293628809
0.8453651391504499,0.44759583425659205
0.8453651391504499,0.4475462501384735
0.8453651391504499,0.4474966770048737
0.8453651391504499,0.4474471148521431
0.8453651391504499,0.44739756367663347
0.8453651391504499,0.44734802347469826
0.8453651391504499,0.44729849424269263
0.8453651391504499,0.44724897597697333
0.8453651391504499,0.4471994686738986
0.8453651391504499,0.44714997232982845
0.8453651391504499,0.44710048694112436
0.8453651391504499,0.4470510125041496
0.8453651391504499,0.44700154901526884
0.8453651391504499,0.44695209647084855
0.8453651391504499,0.4469026548672566
0.8453651391504499,0.4468532242008627
0.8453651391504499,0.446803804468038
0.8453651391504499,0.44675439566515535
0.8453651391504499,0.44670499778858913
0.8453651391504499,0.44665561083471533
0.8453651391504499,0.4466062347999116
0.8453651391504499,0.4465568696805571
0.8453651391504499,0.4465075154730327
0.8453651391504499,0.44645817217372086
0.8453651391504499,0.44640883977900553
0.8453651391504499,0.44635951828527237
0.8453651391504499,0.44631020768890856
0.8453651391504499,0.44626090798630286
0.8455743879472694,0.4463220675944334
0.8455743879472694,0.4462727774710105
0.8455743879472694,0.44622349823321555
0.8455743879472694,0.4461742298774429
0.8455743879472694,0.4461249724000883
0.8455743879472694,0.4460757257975494
0.8455743879472694,0.4460264900662252
0.8455743879472694,0.4459772652025163
0.8455743879472694,0.44592805120282497
0.8455743879472694,0.4458788480635551
0.8455743879472694,0.4458296557811121
0.8455743879472694,0.44578047435190293
0.8455743879472694,0.4457313037723362
0.8455743879472694,0.4456821440388221
0.8455743879472694,0.4456329951477724
0.8455743879472694,0.4455838570956004
0.8455743879472694,0.44553472987872106
0.8455743879472694,0.44548561349355087
0.8455743879472694,0.44543650793650796
0.8457836367440887,0.44549763033175355
0.8457836367440887,0.4454485342737492
0.8457836367440887,0.4453994490358127
0.8457836367440887,0.44535037461436755
0.8457836367440887,0.4453013110058389
0.8457836367440887,0.44525225820665343
0.8457836367440887,0.44520321621323933
0.8459928855409081,0.44526431718061676
0.8459928855409081,0.4452152846602797
0.8459928855409081,0.4451662629376789
0.8459928855409081,0.44511725200924807
0.8459928855409081,0.4450682518714223
0.8459928855409081,0.4450192625206384
0.8459928855409081,0.4449702839533348
0.8459928855409081,0.4449213161659514
0.8459928855409081,0.44487235915492956
0.8459928855409081,0.4448234129167125
0.8459928855409081,0.4447744774477448
0.8459928855409081,0.44472555274447256
0.8459928855409081,0.44467663880334357
0.8459928855409081,0.4446277356208072
0.8459928855409081,0.44457884319331425
0.8459928855409081,0.4445299615173172
0.8459928855409081,0.44448109058927
0.8459928855409081,0.44443223040562824
0.8459928855409081,0.44438338096284896
0.8459928855409081,0.44433454225739094
0.8459928855409081,0.4442857142857143
0.8459928855409081,0.4442368970442808
0.8459928855409081,0.44418809052955394
0.8459928855409081,0.44413929473799846
0.8459928855409081,0.4440905096660808
0.8459928855409081,0.4440417353102691
0.8459928855409081,0.4439929716670327
0.8459928855409081,0.44394421873284284
0.8459928855409081,0.44389547650417216
0.8459928855409081,0.44384674497749477
0.8459928855409081,0.4437980241492865
0.8459928855409081,0.4437493140160246
0.8459928855409081,0.44370061457418786
0.8459928855409081,0.44365192582025675
0.8459928855409081,0.4436032477507132
0.8459928855409081,0.4435545803620406
0.8459928855409081,0.443505923650724
0.8459928855409081,0.44345727761325
0.8459928855409081,0.4434086422461066
0.8459928855409081,0.4433600175457835
0.8459928855409081,0.4433114035087719
0.8459928855409081,0.4432628001315645
0.8459928855409081,0.44321420741065554
0.8459928855409081,0.44316562534254084
0.8459928855409081,0.44311705392371764
0.8459928855409081,0.4430684931506849
0.8459928855409081,0.443019943019943
0.8459928855409081,0.44297140352799386
0.8459928855409081,0.44292287467134095
0.8459928855409081,0.4428743564464892
0.8459928855409081,0.44282584884994525
0.8459928855409081,0.44277735187821704
0.8459928855409081,0.44272886552781426
0.8459928855409081,0.442680389795248
0.8459928855409081,0.4426319246770309
0.8459928855409081,0.4425834701696771
0.8459928855409081,0.44253502626970226
0.8459928855409081,0.44248659297362375
0.8462021343377275,0.4425476034143139
0.8462021343377275,0.44249917934128463
0.8462021343377275,0.44245076586433263
0.8462021343377275,0.4424023629799803
0.8462021343377275,0.4423539706847517
0.8462021343377275,0.44230558897517225
0.8462021343377275,0.442257217847769
0.8462021343377275,0.44220885729907056
0.8462021343377275,0.4421605073256068
0.8462021343377275,0.4421121679239095
0.8462021343377275,0.4420638390905116
0.8462021343377275,0.4420155208219477
0.8462021343377275,0.4419672131147541
0.8462021343377275,0.44191891596546823
0.8462021343377275,0.4418706293706294
0.8462021343377275,0.4418223533267781
0.8462021343377275,0.44177408783045663
0.8462021343377275,0.4417258328782086
0.8462021343377275,0.4416775884665793
0.8462021343377275,0.44162935459211533
0.8462021343377275,0.44158113125136494
0.8462021343377275,0.44153291844087783
0.846411383134547,0.4415938864628821
0.846411383134547,0.4415456827857221
0.846411383134547,0.4414974896310849
0.846411383134547,0.4414493069955255
0.846411383134547,0.4414011348756002
0.846411383134547,0.4413529732678669
0.846411383134547,0.441304822168885
0.846411383134547,0.44125668157521547
0.846411383134547,0.4412085514834206
0.846411383134547,0.4411604318900643
0.846411383134547,0.4411123227917121
0.846411383134547,0.44106422418493074
0.846411383134547,0.4410161360662887
0.846411383134547,0.4409680584323558
0.846411383134547,0.4409199912797035
0.846411383134547,0.44087193460490465
0.846411383134547,0.44082388840453357
0.8466206319313664,0.440884820747521
0.8466206319313664,0.44083678361298756
0.8466206319313664,0.440788756945201
0.8466206319313664,0.44074074074074077
0.8466206319313664,0.4406927349961878
0.8466206319313664,0.44064473970812457
0.8466206319313664,0.44059675487313515
0.8466206319313664,0.4405487804878049
0.8466206319313664,0.44050081654872075
0.8466206319313664,0.44045286305247117
0.8466206319313664,0.440404919995646
0.8466206319313664,0.44035698737483675
0.8466206319313664,0.4403090651866362
0.8468298807281858,0.44036996735582157
0.8468298807281858,0.44032205418344034
0.8468298807281858,0.4402741514360313
0.8468298807281858,0.44022625911019253
0.8468298807281858,0.4401783772025234
0.8468298807281858,0.4401305057096248
0.8468298807281858,0.44008264462809915
0.8468298807281858,0.4400347939545504
0.8468298807281858,0.4399869536855838
0.8468298807281858,0.4399391238178063
0.8468298807281858,0.4398913043478261
0.8468298807281858,0.439843495272253
0.8468298807281858,0.43979569658769835
0.8468298807281858,0.43974790829077476
0.8468298807281858,0.43970013037809647
0.8468298807281858,0.4396523628462792
0.8468298807281858,0.43960460569194004
0.8468298807281858,0.4395568589116976
0.8468298807281858,0.439509122502172
0.8468298807281858,0.4394613964599848
0.8468298807281858,0.43941368078175896
0.8468298807281858,0.439365975464119
0.8468298807281858,0.4393182805036908
0.8468298807281858,0.43927059589710193
0.8468298807281858,0.4392229216409811
0.8468298807281858,0.43917525773195876
0.8468298807281858,0.4391276041666667
0.8470391295250053,0.43918845611370294
0.8470391295250053,0.43914081145584727
0.8470391295250053,0.4390931771341794
0.8470391295250053,0.4390455531453362
0.8472483783218246,0.4391063875935365
0.8472483783218246,0.4390587725005422
0.8472483783218246,0.4390111677328418
0.8472483783218246,0.4389635732870772
0.8472483783218246,0.4389159891598916
0.8472483783218246,0.43886841534792975
0.8472483783218246,0.43882085184783787
0.8472483783218246,0.4387732986562635
0.8472483783218246,0.4387257557698559
0.8472483783218246,0.43867822318526545
0.8472483783218246,0.4386307008991442
0.8472483783218246,0.43858318890814557
0.8472483783218246,0.4385356872089245
0.8472483783218246,0.4384881957981373
0.8472483783218246,0.4384407146724418
0.8472483783218246,0.4383932438284972
0.8472483783218246,0.43834578326296414
0.8472483783218246,0.43829833297250487
0.8472483783218246,0.4382508929537829
0.8472483783218246,0.4382034632034632
0.8472483783218246,0.4381560437182123
0.8472483783218246,0.4381086344946981
0.8472483783218246,0.43806123552959
0.8472483783218246,0.4380138468195586
0.8472483783218246,0.43796646836127634
0.8472483783218246,0.43791910015141683
0.8472483783218246,0.43787174218665514
0.8472483783218246,0.43782439446366783
0.8472483783218246,0.4377770569791329
0.8472483783218246,0.43772972972972973
0.847457627118644,0.4377905091341477
0.847457627118644,0.4377431906614786
0.847457627118644,0.4376958824165136
0.847457627118644,0.4376485843959369
0.847457627118644,0.4376012965964344
0.847457627118644,0.43755401901469315
0.847457627118644,0.437506751647402
0.847457627118644,0.4374594944912508
0.847457627118644,0.4374122475429312
0.847457627118644,0.4373650107991361
0.847457627118644,0.43731778425655976
0.847457627118644,0.43727056791189806
0.847457627118644,0.43722336176184823
0.847457627118644,0.4371761658031088
0.847457627118644,0.43712898003237993
0.847457627118644,0.437081804446363
0.847457627118644,0.4370346390417611
0.847457627118644,0.43698748381527835
0.847457627118644,0.43694033876362065
0.847457627118644,0.4368932038834951
0.847457627118644,0.4368460791716104
0.847457627118644,0.43679896462467643
0.847457627118644,0.4367518602394047
0.847457627118644,0.43670476601250807
0.847457627118644,0.4366576819407008
0.847457627118644,0.43661060802069857
0.847457627118644,0.4365635442492185
0.847457627118644,0.4365164906229791
0.847457627118644,0.4364694471387003
0.847457627118644,0.4364224137931034
0.847457627118644,0.4363753905829113
0.847457627118644,0.4363283775048481
0.847457627118644,0.43628137455563937
0.847457627118644,0.43623438173201207
0.847457627118644,0.43618739903069464
0.847457627118644,0.436140426448417
0.847457627118644,0.4360934639819102
0.847457627118644,0.436046511627907
0.847457627118644,0.4359995693831413
0.847457627118644,0.43595263724434874
0.847457627118644,0.43590571520826604
0.847457627118644,0.4358588032716315
0.847457627118644,0.43581190143118476
0.847457627118644,0.4357650096836669
0.847457627118644,0.43571812802582033
0.847457627118644,0.435671256454389
0.847457627118644,0.4356243949661181
0.847457627118644,0.43557754355775435
0.847457627118644,0.4355307022260458
0.847457627118644,0.43548387096774194
0.847457627118644,0.4354370497795936
0.847457627118644,0.435390238658353
0.847457627118644,0.43534343760077393
0.847457627118644,0.43529664660361134
0.847457627118644,0.4352498656636217
0.847457627118644,0.43520309477756286
0.8476668759154635,0.43526377995057486
0.8476668759154635,0.43521701761925224
0.8476668759154635,0.4351702653346224
0.8476668759154635,0.43512352309344793
0.8476668759154635,0.43507679089249274
0.8476668759154635,0.43503006872852235
0.8476668759154635,0.43498335659830345
0.8476668759154635,0.43493665449860425
0.8478761247122829,0.4349973161567364
0.8478761247122829,0.43495062258480033
0.8478761247122829,0.4349039390361704
0.8478761247122829,0.43485726550761966
0.8478761247122829,0.4348106019959223
0.8478761247122829,0.4347639484978541
0.8480853735091023,0.4348245896363051
0.8480853735091023,0.4347779446470714
0.8480853735091023,0.43473130966427115
0.8480853735091023,0.4346846846846847
0.8480853735091023,0.43463806970509383
0.8480853735091023,0.4345914647222818
0.8480853735091023,0.43454486973303313
0.8480853735091023,0.43449828473413377
0.8480853735091023,0.4344517097223711
0.8480853735091023,0.4344051446945338
0.8480853735091023,0.43435858964741186
0.8480853735091023,0.4343120445777968
0.8480853735091023,0.4342655094824815
0.8480853735091023,0.4342189843582601
0.8480853735091023,0.4341724692019282
0.8480853735091023,0.43412596401028275
0.8480853735091023,0.4340794687801221
0.8480853735091023,0.4340329835082459
0.8480853735091023,0.4339865081914552
0.8480853735091023,0.43394004282655246
0.8480853735091023,0.4338935874103415
0.8480853735091023,0.4338471419396275
0.8480853735091023,0.43380070641121693
0.8480853735091023,0.4337542808219178
0.8480853735091023,0.4337078651685393
0.8480853735091023,0.43366145944789214
0.8480853735091023,0.43361506365678826
0.8480853735091023,0.43356867779204106
0.8480853735091023,0.4335223018504653
0.8480853735091023,0.433475935828877
0.8480853735091023,0.4334295797240937
0.8480853735091023,0.4333832335329341
0.8480853735091023,0.4333368972522185
0.8482946223059218,0.43339747701518067
0.8482946223059218,0.4333511491181187
0.8482946223059218,0.43330483112441215
0.8482946223059218,0.43325852303088597
0.8482946223059218,0.43321222483436633
0.8482946223059218,0.43316593653168073
0.8482946223059218,0.43311965811965814
0.8482946223059218,0.4330733895951287
0.8482946223059218,0.4330271309549242
0.8482946223059218,0.4329808821958774
0.8482946223059218,0.43293464331482273
0.8482946223059218,0.4328884143085958
0.8482946223059218,0.4328421951740337
0.8482946223059218,0.4327959859079748
0.8482946223059218,0.43274978650725876
0.8482946223059218,0.4327035969687267
0.8482946223059218,0.4326574172892209
0.8482946223059218,0.4326112474655853
0.8482946223059218,0.43256508749466493
0.8482946223059218,0.4325189373733063
0.8482946223059218,0.4324727970983572
0.8482946223059218,0.4324266666666667
0.8482946223059218,0.4323805460750853
0.8482946223059218,0.43233443532046495
0.8482946223059218,0.4322883343996588
0.8482946223059218,0.43224224330952127
0.8482946223059218,0.4321961620469083
0.8482946223059218,0.4321500906086771
0.8482946223059218,0.4321040289916862
0.8482946223059218,0.4320579771927955
0.8482946223059218,0.43201193520886616
0.8482946223059218,0.4319659030367608
0.8482946223059218,0.4319198806733433
0.8482946223059218,0.43187386811547884
0.8482946223059218,0.4318278653600341
0.8482946223059218,0.4317818724038769
0.8482946223059218,0.43173588924387646
0.8482946223059218,0.4316899158769034
0.8482946223059218,0.43164395229982966
0.8482946223059218,0.43159799850952835
0.8482946223059218,0.43155205450287415
0.8482946223059218,0.43150612027674295
0.8482946223059218,0.4314601958280119
0.8482946223059218,0.4314142811535596
0.8482946223059218,0.43136837625026603
0.8482946223059218,0.43132248111501226
0.8482946223059218,0.43127659574468086
0.8482946223059218,0.4312307201361557
0.8482946223059218,0.4311848542863221
0.8482946223059218,0.43113899819206636
0.8482946223059218,0.43109315185027647
0.8482946223059218,0.43104731525784157
0.8482946223059218,0.43100148841165214
0.8482946223059218,0.43095567130859996
0.8482946223059218,0.43090986394557823
0.8482946223059218,0.4308640663194813
0.8482946223059218,0.4308182784272051
0.8482946223059218,0.43077250026564656
0.8482946223059218,0.43072673183170423
0.8482946223059218,0.4306809731222777
0.8482946223059218,0.43063522413426814
0.8482946223059218,0.4305894848645778
0.8482946223059218,0.43054375531011047
0.8482946223059218,0.43049803546777105
0.8482946223059218,0.4304523253344659
0.8482946223059218,0.4304066249071027
0.8482946223059218,0.43036093418259025
0.8482946223059218,0.43031525315783886
0.8482946223059218,0.43026958182976016
0.8485038711027412,0.43033004351055926
0.8485038711027412,0.43028438030560273
0.8485038711027412,0.43023872679045094
0.8485038711027412,0.43019308296201997
0.8485038711027412,0.4301474488172271
0.8485038711027412,0.4301018243529911
0.8485038711027412,0.43005620956623186
0.8485038711027412,0.4300106044538706
0.8485038711027412,0.42996500901283
0.8485038711027412,0.4299194232400339
0.8485038711027412,0.4298738471324075
0.8485038711027412,0.42982828068687723
0.8485038711027412,0.429782723900371
0.8485038711027412,0.4297371767698177
0.8485038711027412,0.42969163929214793
0.8485038711027412,0.42964611146429327
0.8485038711027412,0.4296005932831868
0.8485038711027412,0.4295550847457627
0.8485038711027412,0.42950958584895665
0.8485038711027412,0.4294640965897056
0.8485038711027412,0.4294186169649476
0.8485038711027412,0.4293731469716222
0.8485038711027412,0.4293276866066702
0.8485038711027412,0.4292822358670337
0.8485038711027412,0.429236794749656
0.8485038711027412,0.4291913632514818
0.8485038711027412,0.4291459413694571
0.8485038711027412,0.4291005291005291
0.8485038711027412,0.4290551264416464
0.8485038711027412,0.4290097333897588
0.8485038711027412,0.4289643499418174
0.8485038711027412,0.4289189760947747
0.8485038711027412,0.42887361184558437
0.8485038711027412,0.4288282571912014
0.8485038711027412,0.428782912128582
0.8485038711027412,0.42873757665468387
0.8485038711027412,0.4286922507664658
0.8485038711027412,0.428646934460888
0.8485038711027412,0.4286016277349117
0.8485038711027412,0.4285563305854999
0.8485038711027412,0.4285110430096164
0.8485038711027412,0.42846576500422656
0.8485038711027412,0.4284204965662969
0.8485038711027412,0.4283752376927953
0.8485038711027412,0.4283299883806908
0.8485038711027412,0.4282847486269539
0.8485038711027412,0.42823951842855634
0.8485038711027412,0.428194297782471
0.8485038711027412,0.42814908668567203
0.8485038711027412,0.42810388513513514
0.8485038711027412,0.428058693127837
0.8485038711027412,0.42801351066075577
0.8485038711027412,0.42796833773087073
0.8485038711027412,0.4279231743351625
0.8485038711027412,0.4278780204706131
0.8485038711027412,0.4278328761342055
0.8485038711027412,0.42778774132292435
0.8485038711027412,0.4277426160337553
0.8485038711027412,0.42769750026368525
0.8485038711027412,0.4276523940097026
0.8485038711027412,0.4276072972687968
0.8485038711027412,0.4275622100379587
0.8485038711027412,0.42751713231418026
0.8485038711027412,0.427472064094455
0.8485038711027412,0.4274270053757774
0.8485038711027412,0.42738195615514335
0.8485038711027412,0.42733691642955
0.8485038711027412,0.4272918861959958
0.8485038711027412,0.42724686545148033
0.8485038711027412,0.42720185419300466
0.8485038711027412,0.42715685241757084
0.8485038711027412,0.42711186012218244
0.8485038711027412,0.42706687730384413
0.8485038711027412,0.4270219039595619
0.8485038711027412,0.42697694008634307
0.8485038711027412,0.42693198568119606
0.8485038711027412,0.42688704074113065
0.8485038711027412,0.4268421052631579
0.8485038711027412,0.42679717924429006
0.8485038711027412,0.4267522626815407
0.8485038711027412,0.42670735557192463
0.8485038711027412,0.42666245791245794
0.8485038711027412,0.4266175697001578
0.8485038711027412,0.4265726909320429
0.8485038711027412,0.4265278216051331
0.8485038711027412,0.4264829617164493
0.8485038711027412,0.426438111263014
0.8485038711027412,0.4263932702418507
0.8485038711027412,0.42634843864998423
0.8485038711027412,0.4263036164844407
0.8485038711027412,0.42625880374224745
0.8485038711027412,0.42621400042043306
0.8485038711027412,0.4261692065160273
0.8485038711027412,0.4261244220260614
0.8485038711027412,0.4260796469475675
0.8485038711027412,0.4260348812775793
0.8485038711027412,0.4259901250131316
0.8485038711027412,0.4259453781512605
0.8485038711027412,0.42590064068900324
0.8485038711027412,0.42585591262339845
0.8485038711027412,0.42581119395148587
0.8485038711027412,0.4257664846703066
0.8485038711027412,0.42572178477690287
0.8485038711027412,0.4256770942683183
0.8485038711027412,0.42563241314159755
0.8487131198995606,0.4256926952141058
0.8487131198995606,0.4256480218281037
0.8487131198995606,0.4256033578174187
0.8487131198995606,0.4255587031790998
0.8487131198995606,0.42551405791019725
0.8487131198995606,0.4254694220077625
0.8487131198995606,0.4254247954688483
0.8487131198995606,0.42538017829050867
0.8487131198995606,0.42533557046979864
0.8487131198995606,0.42529097200377475
0.8487131198995606,0.4252463828894947
0.8487131198995606,0.4252018031240172
0.8487131198995606,0.42515723270440253
0.8487131198995606,0.425112671627712
0.8487131198995606,0.4250681198910082
0.8487131198995606,0.42502357749135494
0.8487131198995606,0.42497904442581724
0.8487131198995606,0.4249345206914615
0.8487131198995606,0.4248900062853551
0.8487131198995606,0.4248455012045669
0.8487131198995606,0.4248010054461667
0.8487131198995606,0.4247565190072259
0.8487131198995606,0.42471204188481676
0.8487131198995606,0.42466757407601297
0.8487131198995606,0.42462311557788945
0.8487131198995606,0.42457866638752223
0.8487131198995606,0.4245342265019887
0.8487131198995606,0.42448979591836733
0.8487131198995606,0.424445374633738
0.8487131198995606,0.42440096264518157
0.8487131198995606,0.4243565599497803
0.8487131198995606,0.4243121665446176
0.8487131198995606,0.42426778242677826
0.8487131198995606,0.424223407593348
0.8487131198995606,0.42417904204141393
0.8487131198995606,0.4241346857680644
0.8487131198995606,0.424090338770389
0.8487131198995606,0.4240460010454783
0.84892236869638,0.42410620949195066
0.84892236869638,0.42406187937702516
0.84892236869638,0.4240175585284281
0.84892236869638,0.4239732469432543
0.84892236869638,0.4239289446185998
0.84892236869638,0.423884651551562
0.84892236869638,0.42384036773923944
0.84892236869638,0.42379609317873185
0.84892236869638,0.42375182786714016
0.84892236869638,0.4237075718015666
0.84892236869638,0.42366332497911446
0.84892236869638,0.42361908739688836
0.84892236869638,0.42357485905199416
0.84892236869638,0.4235306399415388
0.84892236869638,0.4234864300626305
0.84892236869638,0.4234422294123787
0.84892236869638,0.423398037987894
0.84892236869638,0.4233538557862882
0.84892236869638,0.42330968280467446
0.84892236869638,0.4232655190401669
0.84892236869638,0.42322136448988107
0.84892236869638,0.42317721915093354
0.84892236869638,0.4231330830204422
0.84892236869638,0.4230889560955261
0.84892236869638,0.42304483837330553
0.84892236869638,0.42300072985090187
0.84892236869638,0.42295663052543786
0.84892236869638,0.4229125403940373
0.84892236869638,0.4228684594538253
0.84892236869638,0.4228243877019281
0.84892236869638,0.4227803251354731
0.84892236869638,0.42273627175158907
0.84892236869638,0.4226922275474057
0.84892236869638,0.4226481925200542
0.84892236869638,0.42260416666666667
0.84892236869638,0.42256014998437663
0.84892236869638,0.42251614247031866
0.84892236869638,0.42247214412162865
0.84892236869638,0.42242815493544356
0.8491316174931994,0.4224882873503384
0.8491316174931994,0.4224443056423069
0.8491316174931994,0.4224003330904549
0.8491316174931994,0.4223563696919234
0.8491316174931994,0.4223124154438547
0.8491316174931994,0.4222684703433923
0.8491316174931994,0.42222453438768076
0.8491316174931994,0.422180607573866
0.8491316174931994,0.422136689899095
0.8491316174931994,0.4220927813605159
0.8491316174931994,0.42204888195527823
0.8491316174931994,0.42200499168053246
0.8491316174931994,0.4219611105334304
0.8491316174931994,0.42191723851112495
0.8491316174931994,0.4218733756107704
0.8491316174931994,0.4218295218295218
0.8491316174931994,0.4217856771645359
0.8491316174931994,0.4217418416129703
0.8491316174931994,0.4216980151719838
0.8491316174931994,0.4216541978387365
0.8491316174931994,0.4216103896103896
0.8491316174931994,0.42156659048410555
0.8491316174931994,0.4215228004570479
0.8491316174931994,0.4214790195263814
0.8491316174931994,0.421435247689272
0.8491316174931994,0.4213914849428868
0.8491316174931994,0.4213477312843941
0.8491316174931994,0.4213039867109635
0.8491316174931994,0.4212602512197654
0.8491316174931994,0.4212165248079718
0.8491316174931994,0.4211728074727556
0.8491316174931994,0.421129099211291
0.8491316174931994,0.42108540002075334
0.8491316174931994,0.4210417098983191
0.8491316174931994,0.4209980288411661
0.8491316174931994,0.42095435684647303
0.8491316174931994,0.42091069391142
0.8493408662900188,0.4209707529558183
0.8493408662900188,0.42092709737633516
0.8493408662900188,0.4208834508502696
0.8493408662900188,0.4208398133748056
0.8493408662900188,0.42079618494712834
0.8493408662900188,0.4207525655644242
0.8493408662900188,0.4207089552238806
0.8493408662900188,0.4206653539226863
0.8493408662900188,0.4206217616580311
0.8493408662900188,0.420578178427106
0.8493408662900188,0.4205346042271032
0.8493408662900188,0.420491039055216
0.8493408662900188,0.4204474829086389
0.8493408662900188,0.4204039357845676
0.8493408662900188,0.42036039768019884
0.8493408662900188,0.42031686859273065
0.8493408662900188,0.4202733485193622
0.8493408662900188,0.4202298374572937
0.8493408662900188,0.4201863354037267
0.8493408662900188,0.4201428423558638
0.8493408662900188,0.4200993583109087
0.8493408662900188,0.42005588326606647
0.8493408662900188,0.42001241721854304
0.8493408662900188,0.4199689601655458
0.8493408662900188,0.419925512104283
0.8493408662900188,0.4198820730319644
0.8493408662900188,0.4198386429458006
0.8493408662900188,0.4197952218430034
0.8493408662900188,0.41975180972078596
0.8493408662900188,0.4197084065763623
0.8493408662900188,0.41966501240694787
0.8493408662900188,0.4196216272097591
0.8493408662900188,0.4195782509820136
0.8493408662900188,0.41953488372093023
0.8493408662900188,0.4194915254237288
0.8493408662900188,0.41944817608763046
0.8493408662900188,0.4194048357098574
0.8493408662900188,0.419361504287633
0.8493408662900188,0.4193181818181818
0.8493408662900188,0.41927486829872945
0.8493408662900188,0.4192315637265028
0.8493408662900188,0.4191882680987297
0.8493408662900188,0.4191449814126394
0.8493408662900188,0.41910170366546207
0.8493408662900188,0.41905843485442906
0.8493408662900188,0.419015174976773
0.8493408662900188,0.4189719240297275
0.8493408662900188,0.4189286820105274
0.8493408662900188,0.41888544891640866
0.8495501150868382,0.41894541327004436
0.8495501150868382,0.41890218737102763
0.8495501150868382,0.41885897039100384
0.8495501150868382,0.4188157623272127
0.8495501150868382,0.4187725631768953
0.8495501150868382,0.41872937293729373
0.8495501150868382,0.41868619160565124
0.8495501150868382,0.4186430191792122
0.8495501150868382,0.4185998556552222
0.8495501150868382,0.41855670103092785
0.8497593638836577,0.4186166374600557
0.8497593638836577,0.41857349000206145
0.8497593638836577,0.4185303514376997
0.8497593638836577,0.41848722176422093
0.8497593638836577,0.41844410097887685
0.8499686126804771,0.41850401813311355
0.8499686126804771,0.4184609045019058
0.8501778614772965,0.41852080758137616
0.8501778614772965,0.4184777011020702
0.8501778614772965,0.4184346035015448
0.8501778614772965,0.41839151477705694
0.8501778614772965,0.41834843492586493
0.8501778614772965,0.41830536394522805
0.8501778614772965,0.4182623018324068
0.8501778614772965,0.4182192485846629
0.8501778614772965,0.41817620419925894
0.8501778614772965,0.4181331686734589
0.8501778614772965,0.41809014200452765
0.8501778614772965,0.41804712418973144
0.8501778614772965,0.41800411522633746
0.8501778614772965,0.41796111511161405
0.8501778614772965,0.41791812384283067
0.8501778614772965,0.41787514141725807
0.8501778614772965,0.4178321678321678
0.8501778614772965,0.4177892030848329
0.8501778614772965,0.41774624717252723
0.8501778614772965,0.41770330009252593
0.8501778614772965,0.41766036184210525
0.8501778614772965,0.4176174324185425
0.8501778614772965,0.41757451181911615
0.8501778614772965,0.41753160004110573
0.8501778614772965,0.41748869708179204
0.8501778614772965,0.4174458029384568
0.8501778614772965,0.417402917608383
0.8501778614772965,0.41736004108885466
0.8501778614772965,0.41731717337715696
0.8501778614772965,0.41727431447057617
0.8501778614772965,0.4172314643663997
0.8501778614772965,0.417188623061916
0.8501778614772965,0.4171457905544148
0.8501778614772965,0.41710296684118675
0.8501778614772965,0.4170601519195237
0.8501778614772965,0.4170173457867187
0.8501778614772965,0.4169745484400657
0.8501778614772965,0.41693175987685993
0.8501778614772965,0.4168889800943977
0.8501778614772965,0.4168462090899764
0.8501778614772965,0.41680344686089454
0.8501778614772965,0.41676069340445177
0.8501778614772965,0.4167179487179487
0.8501778614772965,0.4166752127986873
0.8501778614772965,0.4166324856439705
0.8501778614772965,0.41658976725110225
0.8501778614772965,0.41654705761738775
0.850387110274116,0.4166068682726807
0.850387110274116,0.41656416564165644
0.850387110274116,0.41652147176386184
0.850387110274116,0.41647878663660587
0.850387110274116,0.4164361102571985
0.850387110274116,0.4163934426229508
0.850387110274116,0.41635078373117507
0.850387110274116,0.4163081335791846
0.850387110274116,0.41626549216429376
0.850387110274116,0.4162228594838181
0.8505963590709353,0.4162826420890937
0.8505963590709353,0.4162400163833709
0.8505963590709353,0.4161973994061636
0.8505963590709353,0.41615479115479115
0.8505963590709353,0.41611219162657387
0.8505963590709353,0.41606960081883315
0.8505963590709353,0.41602701872889164
0.8505963590709353,0.41598444535407286
0.8505963590709353,0.4159418806917016
0.8505963590709353,0.41589932473910374
0.8505963590709353,0.4158567774936061
0.8505963590709353,0.41581423895253683
0.8505963590709353,0.4157717091132249
0.8505963590709353,0.4157291879730006
0.8505963590709353,0.4156866755291952
0.8505963590709353,0.4156441717791411
0.8505963590709353,0.4156016767201718
0.8505963590709353,0.41555919034962174
0.8505963590709353,0.41551671266482676
0.8505963590709353,0.41547424366312347
0.8505963590709353,0.41543178334184977
0.8508056078677547,0.41549151849581034
0.8508056078677547,0.415449065086339
0.8508056078677547,0.41540662035145076
0.8508056078677547,0.4153641842884871
0.8508056078677547,0.4153217568947906
0.8508056078677547,0.415279338167705
0.8508056078677547,0.4152369281045752
0.8508056078677547,0.41519452670274687
0.8508056078677547,0.41515213395956707
0.8508056078677547,0.41510974987238386
0.8508056078677547,0.41506737443854635
0.8508056078677547,0.41502500765540473
0.8508056078677547,0.4149826495203103
0.8508056078677547,0.4149403000306154
0.8508056078677547,0.41489795918367345
0.8508056078677547,0.4148556269768391
0.8508056078677547,0.41481330340746786
0.8508056078677547,0.41477098847291644
0.8508056078677547,0.41472868217054265
0.8508056078677547,0.41468638449770523
0.8508056078677547,0.4146440954517642
0.8508056078677547,0.41460181503008053
0.8508056078677547,0.4145595432300163
0.8508056078677547,0.4145172800489347
0.8508056078677547,0.4144750254841998
0.8508056078677547,0.41443277953317703
0.8508056078677547,0.4143905421932328
0.8508056078677547,0.41434831346173445
0.8508056078677547,0.41430609333605056
0.8508056078677547,0.41426388181355067
0.8508056078677547,0.41422167889160555
0.8508056078677547,0.41417948456758685
0.8508056078677547,0.4141372988388674
0.8508056078677547,0.41409512170282103
0.8508056078677547,0.41405295315682283
0.8508056078677547,0.41401079319824863
0.8508056078677547,0.4139686418244757
0.8508056078677547,0.41392649903288203
0.8508056078677547,0.4138843648208469
0.8508056078677547,0.41384223918575064
0.8508056078677547,0.4138001221249746
0.8508056078677547,0.4137580136359011
0.8508056078677547,0.4137159137159137
0.8508056078677547,0.41367382236239697
0.8508056078677547,0.4136317395727365
0.8508056078677547,0.413589665344319
0.8508056078677547,0.41354759967453214
0.8508056078677547,0.41350554256076477
0.8508056078677547,0.4134634940004068
0.8508056078677547,0.413421453990849
0.8508056078677547,0.4133794225294835
0.8510148566645742,0.41343905662295416
0.8510148566645742,0.4133970319170563
0.8510148566645742,0.4133550157536335
0.8510148566645742,0.4133130081300813
0.8510148566645742,0.4132710090437964
0.8510148566645742,0.4132290184921764
0.8510148566645742,0.4131870364726201
0.8510148566645742,0.4131450629825274
0.8510148566645742,0.4131030980192991
0.8510148566645742,0.4130611415803372
0.8510148566645742,0.41301919366304457
0.8510148566645742,0.41297725426482534
0.8512241054613936,0.41303685653365824
0.8512241054613936,0.412994923857868
0.8512241054613936,0.4129529996954624
0.8512241054613936,0.41291108404384896
0.8512241054613936,0.4128691769004364
0.8512241054613936,0.4128272782626345
0.8512241054613936,0.41278538812785387
0.8512241054613936,0.4127435064935065
0.8512241054613936,0.41270163335700516
0.8512241054613936,0.4126597687157638
0.8512241054613936,0.4126179125671975
0.8512241054613936,0.4125760649087221
0.8512241054613936,0.4125342257377548
0.8512241054613936,0.41249239505171365
0.8512241054613936,0.41245057284801784
0.8512241054613936,0.4124087591240876
0.8512241054613936,0.4123669538773441
0.8512241054613936,0.41232515710520984
0.8512241054613936,0.4122833688051079
0.8512241054613936,0.4122415889744629
0.8512241054613936,0.4121998176107002
0.8512241054613936,0.4121580547112462
0.8512241054613936,0.4121163002735285
0.8512241054613936,0.4120745542949757
0.8512241054613936,0.41203281677301734
0.8512241054613936,0.4119910877050841
0.8512241054613936,0.4119493670886076
0.8512241054613936,0.41190765492102066
0.8512241054613936,0.411865951199757
0.8512241054613936,0.41182425592225147
0.8512241054613936,0.41178256908593985
0.8512241054613936,0.4117408906882591
0.8512241054613936,0.4116992207266471
0.8512241054613936,0.4116575591985428
0.8512241054613936,0.4116159061013862
0.8512241054613936,0.4115742614326184
0.8512241054613936,0.4115326251896813
0.8512241054613936,0.4114909973700182
0.8512241054613936,0.4114493779710731
0.8512241054613936,0.41140776699029125
0.8512241054613936,0.4113661644251188
0.8512241054613936,0.411324570273003
0.8512241054613936,0.41128298453139217
0.8512241054613936,0.41124140719773555
0.8512241054613936,0.4111998382694835
0.8512241054613936,0.4111582777440873
0.8512241054613936,0.4111167256189995
0.8512241054613936,0.4110751818916734
0.8512241054613936,0.4110336465595635
0.8512241054613936,0.4109921196201253
0.8512241054613936,0.4109506010708152
0.8512241054613936,0.4109090909090909
0.851433354258213,0.410968589031411
0.851433354258213,0.4109270854372854
0.851433354258213,0.4108855902251843
0.851433354258213,0.41084410339256866
0.851433354258213,0.41080262493690056
0.851433354258213,0.410761154855643
0.851433354258213,0.4107196931462602
0.851433354258213,0.4106782398062172
0.851433354258213,0.4106367948329801
0.851433354258213,0.41059535822401616
0.851433354258213,0.41055392997679346
0.851433354258213,0.41051251008878126
0.851433354258213,0.4104710985574498
0.851433354258213,0.4104296953802703
0.851433354258213,0.4103883005547151
0.851433354258213,0.41034691407825735
0.851433354258213,0.4103055359483715
0.851433354258213,0.41026416616253275
0.851433354258213,0.41022280471821754
0.851433354258213,0.4101814516129032
0.851433354258213,0.41014010684406815
0.851433354258213,0.4100987704091917
0.851433354258213,0.4100574423057543
0.851433354258213,0.4100161225312374
0.8516426030550325,0.4100755667506297
0.8516426030550325,0.4100342534757203
0.8516426030550325,0.40999294852422685
0.8516426030550325,0.40995165189363414
0.8516426030550325,0.4099103635814281
0.8516426030550325,0.40986908358509566
0.8516426030550325,0.40982781190212464
0.8518518518518519,0.4098872331856625
0.8518518518518519,0.4098459679855029
0.8518518518518519,0.4098047110932152
0.8518518518518519,0.40976346250629087
0.8518518518518519,0.4097222222222222
0.8518518518518519,0.4096809902385026
0.8518518518518519,0.4096397665526263
0.8518518518518519,0.40959855116208876
0.8518518518518519,0.4095573440643863
0.8518518518518519,0.4095161452570164
0.8518518518518519,0.40947495473747736
0.8518518518518519,0.4094337725032686
0.8518518518518519,0.4093925985518906
0.8518518518518519,0.40935143288084463
0.8518518518518519,0.4093102754876332
0.8518518518518519,0.4092691263697597
0.8518518518518519,0.4092279855247286
0.8518518518518519,0.40918685295004525
0.8518518518518519,0.4091457286432161
0.8518518518518519,0.4091046126017486
0.8518518518518519,0.4090635048231511
0.8518518518518519,0.40902240530493317
0.8518518518518519,0.4089813140446052
0.8518518518518519,0.4089402310396786
0.8518518518518519,0.4088991562876657
0.8518518518518519,0.4088580897860801
0.8518518518518519,0.40881703153243626
0.8518518518518519,0.40877598152424943
0.8518518518518519,0.40873493975903613
0.8518518518518519,0.40869390623431384
0.8518518518518519,0.4086528809476009
0.8518518518518519,0.40861186389641674
0.8518518518518519,0.40857085507828184
0.8518518518518519,0.4085298544907175
0.8518518518518519,0.40848886213124624
0.8518518518518519,0.4084478779973914
0.8518518518518519,0.40840690208667735
0.8518518518518519,0.40836593439662955
0.8518518518518519,0.4083249749247743
0.8518518518518519,0.40828402366863903
0.8518518518518519,0.4082430806257521
0.8518518518518519,0.40820214579364283
0.8518518518518519,0.4081612191698416
0.8518518518518519,0.4081203007518797
0.8518518518518519,0.4080793905372895
0.8518518518518519,0.4080384885236043
0.8518518518518519,0.4079975947083584
0.8518518518518519,0.4079567090890871
0.8518518518518519,0.4079158316633267
0.8518518518518519,0.4078749624286144
0.8518518518518519,0.4078341013824885
0.8518518518518519,0.4077932485224882
0.8518518518518519,0.40775240384615385
0.8518518518518519,0.40771156735102654
0.8518518518518519,0.4076707390346485
0.8518518518518519,0.40762991889456296
0.8518518518518519,0.40758910692831396
0.8518518518518519,0.4075483031334468
0.8518518518518519,0.4075075075075075
0.8518518518518519,0.40746672004804324
0.8518518518518519,0.4074259407526021
0.8518518518518519,0.4073851696187331
0.8518518518518519,0.4073444066439864
0.8518518518518519,0.40730365182591294
0.8518518518518519,0.4072629051620648
0.8518518518518519,0.407222166649995
0.8518518518518519,0.40718143628725745
0.8518518518518519,0.4071407140714071
0.8518518518518519,0.4071
0.8518518518518519,0.40705929407059294
0.8518518518518519,0.4070185962807438
0.8518518518518519,0.4069779066280116
0.8518518518518519,0.406937225109956
0.8518518518518519,0.4068965517241379
0.8518518518518519,0.40685588646811915
0.8518518518518519,0.4068152293394624
0.8518518518518519,0.40677458033573144
0.8518518518518519,0.40673393945449093
0.8518518518518519,0.40669330669330667
0.8518518518518519,0.4066526820497453
0.8518518518518519,0.40661206552137436
0.8518518518518519,0.40657145710576253
0.8518518518518519,0.40653085680047935
0.8518518518518519,0.40649026460309534
0.8518518518518519,0.40644968051118213
0.8518518518518519,0.40640910452231205
0.8518518518518519,0.4063685366340587
0.8518518518518519,0.4063279768439964
0.8518518518518519,0.4062874251497006
0.8518518518518519,0.4062468815487476
0.8518518518518519,0.4062063460387148
0.8518518518518519,0.4061658186171805
0.8518518518518519,0.40612529928172386
0.8518518518518519,0.4060847880299252
0.8518518518518519,0.40604428485936567
0.8518518518518519,0.4060037897676274
0.8518518518518519,0.4059633027522936
0.8518518518518519,0.40592282381094824
0.8518518518518519,0.40588235294117647
0.8518518518518519,0.40584189014056427
0.8518518518518519,0.40580143540669855
0.8518518518518519,0.40576098873716737
0.8518518518518519,0.4057205501295595
0.8518518518518519,0.4056801195814649
0.8520611006486712,0.4057393383818254
0.8520611006486712,0.4056989140181329
0.8522703494454907,0.40575811914724047
0.8522703494454907,0.4057177009662317
0.8522703494454907,0.4056772908366534
0.8522703494454907,0.4056368887561
0.8522703494454907,0.4055964947221669
0.8522703494454907,0.40555610873245046
0.8522703494454907,0.405515730784548
0.8522703494454907,0.40547536087605773
0.8522703494454907,0.4054349990045789
0.8522703494454907,0.40539464516771173
0.8522703494454907,0.40535429936305734
0.8522703494454907,0.40531396158821775
0.8522703494454907,0.405273631840796
0.8522703494454907,0.4052333101183962
0.8522703494454907,0.40519299641862316
0.8522703494454907,0.4051526907390829
0.8522703494454907,0.4051123930773821
0.8522703494454907,0.4050721034311288
0.8522703494454907,0.40503182179793157
0.8522703494454907,0.40499154817540023
0.8522703494454907,0.4049512825611454
0.8522703494454907,0.4049110249527786
0.8522703494454907,0.40487077534791255
0.8522703494454907,0.4048305337441606
0.8522703494454907,0.40479030013913736
0.8522703494454907,0.40475007453045814
0.8524795982423101,0.40480922098569155
0.8524795982423101,0.404769001490313
0.8524795982423101,0.4047287899860918
0.8524795982423101,0.40468858647064665
0.8524795982423101,0.40464839094159716
0.8524795982423101,0.4046082033965637
0.8524795982423101,0.4045680238331678
0.8524795982423101,0.40452785224903187
0.8524795982423101,0.4044876886417792
0.8524795982423101,0.4044475330090341
0.8524795982423101,0.4044073853484217
0.8524795982423101,0.40436724565756826
0.8524795982423101,0.4043271139341008
0.8524795982423101,0.4042869901756475
0.8526888470391295,0.40434610041674934
0.8526888470391295,0.4043059827363826
0.8528980958359489,0.40436507936507937
0.8531073446327684,0.40442416426941774
0.8531073446327684,0.4043840507835747
0.8531073446327684,0.40434394525438855
0.8531073446327684,0.4043038476794923
0.8531073446327684,0.4042637580565196
0.8531073446327684,0.4042236763831053
0.8531073446327684,0.4041836026568851
0.8531073446327684,0.40414353687549565
0.8531073446327684,0.4041034790365745
0.8531073446327684,0.40406342913776017
0.8531073446327684,0.4040233871766921
0.8531073446327684,0.4039833531510107
0.8531073446327684,0.4039433270583573
0.8531073446327684,0.4039033088963741
0.8531073446327684,0.4038632986627043
0.8531073446327684,0.4038232963549921
0.8531073446327684,0.4037833019708824
0.8531073446327684,0.4037433155080214
0.8531073446327684,0.40370333696405586
0.8531073446327684,0.4036633663366337
0.8531073446327684,0.4036234036234036
0.8531073446327684,0.40358344882201547
0.8531073446327684,0.4035435019301198
0.8531073446327684,0.40350356294536815
0.8531073446327684,0.4034636318654132
0.8531073446327684,0.40342370868790817
0.8531073446327684,0.40338379341050756
0.8531073446327684,0.4033438860308666
0.8531073446327684,0.4033039865466416
0.8531073446327684,0.4032640949554896
0.8531073446327684,0.40322421125506874
0.8531073446327684,0.403184335443038
0.8531073446327684,0.40314446751705724
0.8531073446327684,0.40310460747478744
0.8531073446327684,0.40306475531389024
0.8531073446327684,0.4030249110320285
0.8533165934295878,0.40308391815755656
0.8533165934295878,0.40304407985767937
0.8533165934295878,0.40300424943176205
0.8533165934295878,0.40296442687747036
0.8533165934295878,0.4029246121924711
0.8533165934295878,0.40288480537443194
0.8533165934295878,0.40284500642102145
0.8533165934295878,0.40280521532990915
0.8533165934295878,0.4027654320987654
0.8533165934295878,0.4027256567252617
0.8533165934295878,0.4026858892070702
0.8533165934295878,0.40264612954186413
0.8533165934295878,0.4026063777273176
0.8533165934295878,0.40256663376110563
0.8533165934295878,0.40252689764090416
0.8533165934295878,0.40248716936439005
0.8533165934295878,0.4024474489292411
0.8533165934295878,0.402407736333136
0.8533165934295878,0.40236803157375434
0.8533165934295878,0.40232833464877665
0.8533165934295878,0.4022886455558844
0.8533165934295878,0.4022489642927599
0.8533165934295878,0.4022092908570865
0.8533165934295878,0.4021696252465483
0.8533165934295878,0.4021299674588305
0.8533165934295878,0.402090317491619
0.8533165934295878,0.4020506753426008
0.8533165934295878,0.4020110410094637
0.8533165934295878,0.4019714144898965
0.8533165934295878,0.40193179578158883
0.8533165934295878,0.4018921848822312
0.8535258422264071,0.40195112337406386
0.8535258422264071,0.4019115183761947
0.8535258422264071,0.401871921182266
0.8535258422264071,0.4018323317899714
0.8535258422264071,0.4017927501970055
0.8535258422264071,0.4017531764010637
0.8535258422264071,0.40171361039984244
0.8535258422264071,0.4016740521910389
0.8535258422264071,0.4016345017723513
0.8535258422264071,0.4015949591414788
0.8535258422264071,0.4015554242961213
0.8535258422264071,0.40151589723397973
0.8535258422264071,0.4014763779527559
0.8535258422264071,0.40143686645015253
0.8535258422264071,0.4013973627238733
0.8535258422264071,0.40135786677162255
0.8535258422264071,0.40131837859110586
0.8535258422264071,0.4012788981800295
0.8535258422264071,0.4012394255361007
0.8535258422264071,0.4011999606570276
0.8535258422264071,0.4011605035405193
0.8537350910232266,0.4012193922706264
0.8537350910232266,0.40117994100294985
0.8537350910232266,0.4011404974928719
0.8537350910232266,0.4011010617381046
0.8537350910232266,0.40106163373636095
0.8537350910232266,0.40102221348535483
0.8537350910232266,0.400982800982801
0.8537350910232266,0.4009433962264151
0.853944339820046,0.4010022599980348
0.853944339820046,0.40096286107290235
0.853944339820046,0.40092346988898714
0.853944339820046,0.40088408644400786
0.853944339820046,0.4008447107356841
0.853944339820046,0.4008053427617364
0.853944339820046,0.4007659825198861
0.853944339820046,0.40072663000785547
0.853944339820046,0.4006872852233677
0.853944339820046,0.4006479481641469
0.853944339820046,0.40060861882791793
0.853944339820046,0.40056929721240675
0.853944339820046,0.40052998331534007
0.853944339820046,0.4004906771344455
0.853944339820046,0.4004513786674517
0.853944339820046,0.40041208791208793
0.853944339820046,0.40037280486608456
0.853944339820046,0.4003335295271728
0.853944339820046,0.40029426189308487
0.853944339820046,0.40025500196155356
0.853944339820046,0.4002157497303128
0.853944339820046,0.40017650519709747
0.853944339820046,0.4001372683596431
0.853944339820046,0.40009803921568626
0.853944339820046,0.4000588177629644
0.853944339820046,0.4000196039992158
0.853944339820046,0.39998039792217976
0.853944339820046,0.3999411995295962
0.853944339820046,0.3999020088192063
0.853944339820046,0.3998628257887517
0.853944339820046,0.3998236504359753
0.853944339820046,0.39978448275862066
0.853944339820046,0.39974532275443236
0.853944339820046,0.39970617042115575
0.853944339820046,0.39966702575653706
0.853944339820046,0.39962788875832356
0.853944339820046,0.3995887594242632
0.853944339820046,0.39954963775210495
0.853944339820046,0.3995105237395986
0.853944339820046,0.39947141738449493
0.8541535886168654,0.39953019477341684
0.8541535886168654,0.3994910941475827
0.8541535886168654,0.3994520011742832
0.8541535886168654,0.39941291585127203
0.8541535886168654,0.3993738381763037
0.8541535886168654,0.39933476814713365
0.8541535886168654,0.3992957057615181
0.8541535886168654,0.3992566510172144
0.8541535886168654,0.39921760391198047
0.8541535886168654,0.3991785644435752
0.8541535886168654,0.3991395326097585
0.8541535886168654,0.399100508408291
0.8541535886168654,0.3990614918369342
0.8541535886168654,0.39902248289345066
0.8541535886168654,0.39898348157560354
0.8541535886168654,0.39894448788115716
0.8541535886168654,0.3989055018078765
0.8543628374136849,0.39896423685753374
0.8543628374136849,0.3989252564728871
0.8543628374136849,0.3988862837045721
0.8543628374136849,0.39884731855035654
0.8543628374136849,0.39880836100800937
0.8543628374136849,0.39876941107530034
0.8543628374136849,0.39873046875
0.8543628374136849,0.3986915340298799
0.8543628374136849,0.39865260691271237
0.8543628374136849,0.3986136873962706
0.8543628374136849,0.39857477547832876
0.8543628374136849,0.3985358711566618
0.8543628374136849,0.39849697442904547
0.8543628374136849,0.39845808529325655
0.8543628374136849,0.3984192037470726
0.8543628374136849,0.39838032978827204
0.8543628374136849,0.39834146341463417
0.8543628374136849,0.3983026046239391
0.8543628374136849,0.398263753413968
0.8543628374136849,0.3982249097825027
0.8543628374136849,0.3981860737273259
0.8543628374136849,0.39814724524622136
0.8545720862105043,0.39820592823712947
0.8545720862105043,0.39816710539144
0.8545720862105043,0.39812829011503215
0.8545720862105043,0.3980894824056926
0.8545720862105043,0.3980506822612086
0.8545720862105043,0.39801188967936846
0.8545720862105043,0.39797310465796143
0.8545720862105043,0.39793432719477734
0.8545720862105043,0.39789555728760717
0.8545720862105043,0.3978567949342426
0.8545720862105043,0.3978180401324761
0.8545720862105043,0.3977792928801013
0.8545720862105043,0.39774055317491236
0.8545720862105043,0.39770182101470447
0.8545720862105043,0.3976630963972736
0.8545720862105043,0.3976243793204167
0.8545720862105043,0.39758566978193144
0.8545720862105043,0.39754696777961646
0.8545720862105043,0.39750827331127114
0.8545720862105043,0.39746958637469587
0.8545720862105043,0.39743090696769173
0.8545720862105043,0.3973922350880607
0.8545720862105043,0.3973535707336058
0.8545720862105043,0.3973149139021306
0.8545720862105043,0.39727626459143967
0.8545720862105043,0.3972376227993386
0.8545720862105043,0.39719898852363356
0.8545720862105043,0.39716036176213165
0.8545720862105043,0.397121742512641
0.8545720862105043,0.39708313077297036
0.8545720862105043,0.3970445265409294
0.8545720862105043,0.39700592981432875
0.8545720862105043,0.39696734059097977
0.8545720862105043,0.3969287588686947
0.8545720862105043,0.3968901846452867
0.8545720862105043,0.3968516179185696
0.8545720862105043,0.39681305868635836
0.8545720862105043,0.3967745069464685
0.8545720862105043,0.3967359626967165
0.8547813350073237,0.3967945604662457
0.8547813350073237,0.39675602175602176
0.8547813350073237,0.3967174905312227
0.8547813350073237,0.3966789667896679
0.8547813350073237,0.39664045052917757
0.8547813350073237,0.3966019417475728
0.8547813350073237,0.39656344044267544
0.8547813350073237,0.3965249466123083
0.8547813350073237,0.39648646025429485
0.8547813350073237,0.39644798136645965
0.8547813350073237,0.3964095099466278
0.8547813350073237,0.3963710459926257
0.8547813350073237,0.39633258950228
0.8547813350073237,0.3962941404734187
0.8547813350073237,0.3962556989038704
0.8547813350073237,0.3962172647914646
0.8547813350073237,0.3961788381340316
0.8547813350073237,0.39614041892940266
0.8547813350073237,0.39610200717540966
0.8547813350073237,0.39606360286988557
0.8547813350073237,0.3960252060106641
0.8547813350073237,0.39598681659557966
0.8547813350073237,0.39594843462246776
0.8547813350073237,0.3959100600891646
0.8547813350073237,0.3958716929935071
0.8547813350073237,0.3958333333333333
0.8547813350073237,0.3957949811064819
0.8547813350073237,0.3957566363107925
0.8547813350073237,0.3957182989441054
0.8547813350073237,0.3956799690042619
0.8547813350073237,0.3956416464891041
0.8547813350073237,0.3956033313964749
0.8547813350073237,0.3955650237242181
0.8547813350073237,0.39552672347017814
0.8547813350073237,0.3954884306322006
0.8547813350073237,0.39545014520813165
0.8547813350073237,0.3954118671958184
0.8547813350073237,0.3953735965931088
0.8547813350073237,0.39533533339785154
0.8547813350073237,0.3952970776078963
0.8547813350073237,0.3952588292210934
0.8547813350073237,0.3952205882352941
0.8547813350073237,0.3951823546483506
0.8547813350073237,0.3951441284581157
0.8547813350073237,0.3951059096624432
0.8547813350073237,0.39506769825918764
0.8547813350073237,0.3950294942462044
0.8547813350073237,0.3949912976213498
0.8549905838041432,0.39504979212994296
0.8549905838041432,0.39501160092807425
0.8549905838041432,0.39497341710971484
0.8549905838041432,0.39493524067272373
0.8549905838041432,0.39489707161496085
0.8549905838041432,0.3948589099342868
0.8549905838041432,0.39482075562856317
0.8549905838041432,0.3947826086956522
0.8549905838041432,0.39474446913341704
0.8549905838041432,0.3947063369397218
0.8551998326009626,0.3947648024727132
0.8551998326009626,0.39472667568089626
0.8551998326009626,0.39468855625301785
0.8551998326009626,0.3946504441869448
0.8551998326009626,0.3946123394805446
0.8551998326009626,0.3945742421316856
0.8551998326009626,0.3945361521382373
0.8551998326009626,0.3944980694980695
0.8551998326009626,0.3944599942090532
0.8551998326009626,0.39442192626906003
0.8551998326009626,0.39438386567596256
0.8551998326009626,0.3943458124276341
0.8551998326009626,0.3943077665219489
0.8551998326009626,0.3942697279567818
0.8551998326009626,0.3942316967300087
0.8551998326009626,0.3941936728395062
0.8551998326009626,0.3941556562831517
0.8551998326009626,0.3941176470588235
0.8551998326009626,0.39407964516440075
0.8551998326009626,0.3940416505977632
0.8551998326009626,0.39400366335679166
0.8551998326009626,0.39396568343936766
0.8551998326009626,0.39392771084337347
0.8551998326009626,0.3938897455666924
0.8551998326009626,0.39385178760720824
0.8551998326009626,0.3938138369628059
0.8551998326009626,0.39377589363137105
0.8551998326009626,0.39373795761079
0.8551998326009626,0.39370002889895
0.8551998326009626,0.39366210749373914
0.8551998326009626,0.39362419339304633
0.8551998326009626,0.3935862865947612
0.8551998326009626,0.3935483870967742
0.8551998326009626,0.3935104948969767
0.8551998326009626,0.3934726099932608
0.8551998326009626,0.39343473238351945
0.8551998326009626,0.39339686206564634
0.8551998326009626,0.3933589990375361
0.8551998326009626,0.393321143297084
0.8551998326009626,0.39328329484218627
0.8551998326009626,0.39324545367073993
0.8551998326009626,0.39320761978064267
0.8551998326009626,0.39316979316979317
0.8551998326009626,0.39313197383609083
0.8551998326009626,0.3930941617774358
0.8551998326009626,0.3930563569917292
0.8551998326009626,0.39301855947687275
0.8554090813977819,0.3930769230769231
0.8554090813977819,0.3930391308528026
0.8554090813977819,0.39300134589502017
0.8554090813977819,0.3929635682014803
0.8554090813977819,0.3929257977700884
0.8554090813977819,0.3928880345987506
0.8554090813977819,0.3928502786853738
0.8554090813977819,0.39281253002786587
0.8554090813977819,0.3927747886241353
0.8554090813977819,0.39273705447209145
0.8554090813977819,0.3926993275696446
0.8554090813977819,0.3926616079147056
0.8554090813977819,0.39262389550518634
0.8554090813977819,0.39258619033899933
0.8554090813977819,0.392548492414058
0.8554090813977819,0.3925108017282765
0.8556183301946014,0.39256912442396313
0.8558275789914208,0.3926274359220505
0.8558275789914208,0.3925897485121904
0.8558275789914208,0.3925520683366926
0.8558275789914208,0.3925143953934741
0.8558275789914208,0.39247672968045294
0.8558275789914208,0.3924390711955479
0.8558275789914208,0.3924014199366785
0.8558275789914208,0.39236377590176513
0.8558275789914208,0.39232613908872904
0.8558275789914208,0.39228850949549204
0.8558275789914208,0.39225088711997697
0.8558275789914208,0.3922132719601074
0.8558275789914208,0.39217566401380766
0.8558275789914208,0.39213806327900286
0.8558275789914208,0.392100469753619
0.8558275789914208,0.3920628834355828
0.8558275789914208,0.3920253043228218
0.8558275789914208,0.39198773241326434
0.8558275789914208,0.3919501677048395
0.8558275789914208,0.3919126101954772
0.8558275789914208,0.39187505988310817
0.8558275789914208,0.3918375167656639
0.8560368277882402,0.39189577545741927
0.8560368277882402,0.39185823754789273
0.8560368277882402,0.3918207068288478
0.8560368277882402,0.3917831832982187
0.8560368277882402,0.3917456669539404
0.8560368277882402,0.3917081577939487
0.8560368277882402,0.39167065581618
0.8560368277882402,0.3916331610185717
0.8560368277882402,0.3915956733990619
0.8562460765850597,0.39165390505359876
0.8562460765850597,0.39161642262417456
0.8562460765850597,0.391578947368421
0.8562460765850597,0.391541479284279
0.8562460765850597,0.39150401836969
0.8562460765850597,0.3914665646225964
0.8562460765850597,0.39142911804094127
0.8562460765850597,0.3913916786226686
0.8562460765850597,0.391354246365723
0.8562460765850597,0.3913168212680501
0.8562460765850597,0.3912794033275961
0.8562460765850597,0.39124199254230807
0.8562460765850597,0.3912045889101338
0.8562460765850597,0.3911671924290221
0.8562460765850597,0.3911298030969222
0.8562460765850597,0.39109242091178437
0.8562460765850597,0.39105504587155965
0.8562460765850597,0.39101767797419973
0.8562460765850597,0.3909803172176572
0.8562460765850597,0.39094296359988534
0.8562460765850597,0.39090561711883837
0.8562460765850597,0.39086827777247113
0.8562460765850597,0.39083094555873926
0.8562460765850597,0.3907936204755993
0.8562460765850597,0.3907563025210084
0.8562460765850597,0.3907189916929247
0.8562460765850597,0.39068168798930686
0.8562460765850597,0.3906443914081146
0.8562460765850597,0.39060710194730813
0.8562460765850597,0.3905698196048487
0.8562460765850597,0.3905325443786982
0.8562460765850597,0.39049527626681935
0.8562460765850597,0.39045801526717555
0.8562460765850597,0.39042076137773113
0.8562460765850597,0.39038351459645104
0.8562460765850597,0.39034627492130114
0.8562460765850597,0.390309042350248
0.8562460765850597,0.39027181688125895
0.8562460765850597,0.39023459851230213
0.8562460765850597,0.39019738724134645
0.8562460765850597,0.3901601830663616
0.8562460765850597,0.39012298598531797
0.8562460765850597,0.39008579599618687
0.8562460765850597,0.3900486130969402
0.8562460765850597,0.3900114372855509
0.8562460765850597,0.3899742685599924
0.8562460765850597,0.389937106918239
0.8562460765850597,0.38989995235826586
0.8562460765850597,0.3898628048780488
0.8562460765850597,0.38982566447556444
0.8562460765850597,0.38978853114879025
0.8562460765850597,0.38975140489570437
0.8562460765850597,0.38971428571428574
0.8562460765850597,0.389677173602514
0.8562460765850597,0.38964006855836986
0.8562460765850597,0.38960297057983434
0.8562460765850597,0.3895658796648896
0.8562460765850597,0.38952879581151834
0.8562460765850597,0.3894917190177042
0.8562460765850597,0.3894546492814314
0.8562460765850597,0.3894175866006852
0.8564553253818791,0.3894756875059473
0.8564553253818791,0.3894386298763083
0.8564553253818791,0.3894015792978784
0.8564553253818791,0.3893645357686454
0.8564553253818791,0.38932749928659754
0.8564553253818791,0.38929046984972415
0.8564553253818791,0.3892534474560152
0.8564553253818791,0.3892164321034614
0.8564553253818791,0.3891794237900542
0.8564553253818791,0.3891424225137859
0.8564553253818791,0.3891054282726495
0.8564553253818791,0.3890684410646388
0.8564553253818791,0.3890314608877483
0.8564553253818791,0.3889944877399734
0.8564553253818791,0.3889575216193101
0.8564553253818791,0.38892056252375523
0.8564553253818791,0.3888836104513064
0.8564553253818791,0.388846665399962
0.8564553253818791,0.3888097273677211
0.8564553253818791,0.3887727963525836
0.8564553253818791,0.3887358723525501
0.8564553253818791,0.38869895536562205
0.8564553253818791,0.38866204538980154
0.8564553253818791,0.38862514242309154
0.8564553253818791,0.38858824646349566
0.8564553253818791,0.3885513575090184
0.8564553253818791,0.38851447555766494
0.8564553253818791,0.38847760060744113
0.8564553253818791,0.3884407326563538
0.8564553253818791,0.3884038717024103
0.8564553253818791,0.3883670177436189
0.8564553253818791,0.3883301707779886
0.8564553253818791,0.38829333080352907
0.8564553253818791,0.3882564978182508
0.8564553253818791,0.38821967182016504
0.8564553253818791,0.38818285280728376
0.8564553253818791,0.3881460407776197
0.8564553253818791,0.38810923572918643
