filename, bike, bus, car, hydrant, light, motor, person, sign, truck
video-JFiGa9oAAN2queuLt-frame-002677-AsyQr46D5fRX2Hi3L_jpg.rf.821443279f148c437cb9bc131614dfc9.jpg,1,1,1,1,0,0,1,1,0
video-nodg7n2aFzCWFJBnv-frame-000845-NicaHR3Kj8A4y5WB3_jpg.rf.8216807e8e09f8127defb349529d12c7.jpg,1,0,1,0,1,0,1,0,0
video-aTxg8EcSRQyDvisMX-frame-002366-6SzPP5hPYx73Dp8WL_jpg.rf.821b355ae9521db59d851382ec252c1a.jpg,1,0,1,0,1,0,1,1,0
video-DJYDQTZH7GLCqw3Tx-frame-003067-ShpbD5DB5S5Rhh2GZ_jpg.rf.82206f82ee87172a888d0b3a7b8f39d5.jpg,1,0,1,0,0,0,1,0,0
video-SyzNY82LYZrhkPH7x-frame-002050-JnPADKeWh3Fg9nhmH_jpg.rf.8223c87de7cd6b02cb6311935080cceb.jpg,0,0,1,0,0,0,0,0,0
video-JFiGa9oAAN2queuLt-frame-007581-8rzhNLYwxkPT7Exik_jpg.rf.82318684ec9daf09c76c73c24b1c54a8.jpg,1,0,1,0,1,0,1,1,0
video-dgYrcYcm5G75w2GJc-frame-000633-W4JE2dqHEFF6883qe_jpg.rf.823f656913ecbad35a7a73bf7d5aaf0d.jpg,0,0,0,0,0,0,0,1,0
video-49ZHZYTfjWxQXmrQs-frame-009450-euRbHtky5QMPedp3h_jpg.rf.824cb7266c762dbe8c376964eb07a8a4.jpg,0,0,1,0,0,0,0,1,0
video-JFiGa9oAAN2queuLt-frame-000260-Rwd5baw4bXGJBWHec_jpg.rf.825459b12dddabb9f8df4b7f13bcebad.jpg,0,1,1,1,0,0,1,1,0
video-r68Yr9RPWEp5fW2ZF-frame-006916-wFYp6KPeLEqbH4YED_jpg.rf.825cadb5e44e8b5dfc86dec0dab17328.jpg,0,0,1,0,0,0,1,1,0
video-XCJD9qhzXNoZCn37i-frame-000541-nx4PB5hkAJ59iPTkq_jpg.rf.826243105f191f5ae2994e926e0432cf.jpg,0,0,1,0,0,1,1,1,0
video-DJYDQTZH7GLCqw3Tx-frame-005559-R7FyqxP2F68mipf4x_jpg.rf.8271a051d08f259e099f2c7e8b6b6f2f.jpg,1,0,1,0,0,0,1,0,0
video-sEs53HkN6oRqWdeQK-frame-002962-RZA8vYBoaRsnTkqPb_jpg.rf.82548889842809c157dfbb5fa481acc8.jpg,1,0,1,0,1,0,1,1,0
video-4E8nAe7bkHkSZfpjq-frame-009000-pjgKhxo5wDauiJmgq_jpg.rf.825bc61b3a1ef345d69aeadc442ab10e.jpg,0,0,0,0,0,0,0,1,0
video-JFiGa9oAAN2queuLt-frame-005057-gCQveFcH6FzK4KSLx_jpg.rf.8275fef9d98d065cf16b9daf513ffadb.jpg,0,1,1,1,0,0,1,0,0
video-rzDLT664bgLJ29B2f-frame-006300-w7LDfgqjoamLiu4xc_jpg.rf.826ac4dfa4c7e4400f62009214b27da1.jpg,0,0,1,0,0,0,0,0,0
video-o9b92aG9EbJnkJEwF-frame-001794-nyfHeaCeoKzJvt4iC_jpg.rf.828b92ede14827aaeb24e16ac613deac.jpg,0,1,1,0,0,1,1,0,0
video-aiXLPEvp86raemrsp-frame-002544-MieuiWrfZBwj4eADP_jpg.rf.827a5c0ea32688327ebe0227288fd596.jpg,0,1,1,0,0,0,1,0,0
video-GMDwNs5TdqejpF4vu-frame-003264-7ELnEyqk4sJjYLyWS_jpg.rf.827ba21cceae48387dea1669461e4ab3.jpg,0,0,0,0,0,0,1,1,0
video-7EPybiwBrzjDKn7TZ-frame-004306-vpSh6EH97jLsrrQMG_jpg.rf.82b086d753d5429cccd15cbce2b25998.jpg,0,0,1,0,0,0,1,1,0
video-JFiGa9oAAN2queuLt-frame-000210-3h3uGWJWcRDNoahfZ_jpg.rf.82a3f0fae4dd79dbe6af565569f01444.jpg,1,1,1,0,0,0,1,1,0
video-JFiGa9oAAN2queuLt-frame-002887-rPQvwNiR8oRCtzuB4_jpg.rf.82c3efbdcae3c2edc79faa9c2205a0d2.jpg,0,1,1,1,0,0,1,1,0
video-4KhLCjoeEmjGBaRLQ-frame-001173-3oGCAjsrynLmFYnH9_jpg.rf.82b8ae05a90605733bf47e93cf701b86.jpg,0,0,1,0,1,0,0,1,1
video-aMQG7QCtJKfnEdue5-frame-001102-Dbo3h364G4Pv5JfvF_jpg.rf.82b875203ffacde1a6ee2fb8b72055da.jpg,0,0,1,0,0,0,1,0,0
video-67ZzTP4GCNj69eNPs-frame-001692-FAQsdMp3B5tRxMXq9_jpg.rf.82e4d9ccd47eef7d5afe4f3ffbc762dc.jpg,0,1,1,0,0,0,1,1,0
video-7yaY3LisuPdNyfZH9-frame-002816-thR2AEefK8bFE7a6T_jpg.rf.828e2df2dad89a094a64589684e44511.jpg,0,0,1,0,1,0,1,1,0
video-aMQG7QCtJKfnEdue5-frame-002975-54eECBzst8nhtmnqg_jpg.rf.82c1342bcaa3ef8fb7ae8b37cdcf8b42.jpg,0,0,1,0,0,0,1,0,0
video-9BBhGg3MKeaChnLjP-frame-002250-yWqGLGjBQrnkzNcMi_jpg.rf.82e3cca30ec2d494be2fac3e8b2fed46.jpg,0,0,1,0,0,0,0,1,0
video-5YuhMWusfM3ZMtvDx-frame-008534-iZD56htmBropdbQFB_jpg.rf.82f062a0970c5f10933d38e8cde99afd.jpg,1,1,1,0,0,0,1,0,0
video-r68Yr9RPWEp5fW2ZF-frame-013668-2835M7kinHYtcToqX_jpg.rf.82ffd655ac61587b332d980d7d33111a.jpg,0,0,1,0,1,0,1,1,0
video-kZvY7NeD8kA7PiMWX-frame-001939-2jYfWBjpGRdyEfsNa_jpg.rf.82f9db876069bc42c2c5fee30fd37ea3.jpg,1,0,1,0,1,1,1,1,0
video-4zQqsnWRwK7SFPpBy-frame-005292-3exHteiEpQbM5axtf_jpg.rf.82b3fa3ef9d431d63e8748a2e4f1e4de.jpg,0,0,1,0,0,1,1,1,1
video-86XuF6pPvWfBCqyNt-frame-006145-nGbAh4q7b8eFhoLPs_jpg.rf.82f0e5ac49f77f27bdfe42d7206de658.jpg,1,0,1,0,1,0,1,1,1
video-S5osy2ei487eAM2fw-frame-004025-CQAjzFYPH7a28RetD_jpg.rf.82ff0515fd027d1c297091edead145bf.jpg,0,1,1,0,1,1,1,1,0
video-AEZAaF8epmvQv5Nfj-frame-015251-KAtb5KQHfBbNQL7xB_jpg.rf.82fbd553586bdaba53fbc281d3f6e974.jpg,1,0,1,0,0,0,1,0,0
video-49ZHZYTfjWxQXmrQs-frame-005700-Mku3NhJv2fSsiCqpj_jpg.rf.83275c303c66bbe1c774e8d9ccccaf25.jpg,0,0,1,0,0,0,0,0,0
video-BvDJ7TewksQCjCtyN-frame-006875-jDoTg4Wnpoj6Afg9r_jpg.rf.8301b58a4a609fc51a2873634434e69e.jpg,0,0,1,1,1,0,0,1,0
video-GXXqNLCqyu72TLx5i-frame-002571-iXGm6jDDTPabPywnw_jpg.rf.83342034b354cb9e19f6aace71d61d9a.jpg,0,0,1,0,1,0,1,0,0
video-AEZAaF8epmvQv5Nfj-frame-010936-DhpSfeReresBY5ctB_jpg.rf.839c04b5e63e7a5d35e57a8a9afe3548.jpg,0,0,1,0,0,0,1,1,0
video-MoCHppHsM4bnncPmS-frame-003109-9SrpRbRQErg4LKv7H_jpg.rf.8390bba0f84bede07503470cdba43309.jpg,0,0,1,0,0,0,0,1,0
video-gwN2KCXHzE6CQJ85P-frame-005100-uuKjdjFxPgHhLJupM_jpg.rf.83bf0db8725870f0d409f185f8045bd5.jpg,0,0,1,0,0,0,0,1,0
video-fg5eBhFE7kHyXPtBi-frame-000509-MFwbjDzWLbYxhfuo7_jpg.rf.83a910554357311bce214454956c9f7e.jpg,1,0,1,1,1,0,1,1,0
video-cprcATqPmWGnc3cgi-frame-001126-8oRwjbjhnAQ8TR9wh_jpg.rf.8415f9ddee2ab8940e3c615b9ec9c7db.jpg,0,0,1,0,0,0,1,1,1
video-zNFzcc9wW8XB4QwTa-frame-001327-TQLW6YDaEY9KNAkj2_jpg.rf.83fa0205bf5dda1c15971e1bf505f43d.jpg,0,0,1,0,0,1,0,0,0
video-BjSfmxLQqCGjg8tya-frame-007781-SgSB4qKiKZnTrwGyn_jpg.rf.83e16ee5c4209d301c2355f5a11a8ad1.jpg,0,0,1,0,0,0,0,1,0
video-9BBhGg3MKeaChnLjP-frame-002260-jvnWs3qp2yFd6hoAi_jpg.rf.83855c01ec87aecf2e7f859af9949964.jpg,0,0,1,0,0,0,0,0,0
video-DJYDQTZH7GLCqw3Tx-frame-003017-e73GEWETYYcwCc5sW_jpg.rf.83ee304697edb703ce22b7ea02d041e3.jpg,1,0,1,0,0,0,1,0,0
video-wGdqQimawNX3RYv76-frame-008458-G7kvYR8u9dFEisjvS_jpg.rf.84311ddd0f774964c6405904298b1c20.jpg,0,0,1,0,0,0,1,0,0
video-r68Yr9RPWEp5fW2ZF-frame-016939-TDvKQxgoRN2SJB82s_jpg.rf.8441761070b077738ec2af61a22133c2.jpg,0,0,1,0,1,0,1,1,0
video-2Af3dwvs6YPfwSSf6-frame-003000-JDCnjR57S7SyyuhHx_jpg.rf.83b0d7d9cc64848598ec079095797f2b.jpg,0,0,1,0,0,0,1,1,0
video-AEZAaF8epmvQv5Nfj-frame-009759-fbYukxsbDLbfsfoZu_jpg.rf.83d29e493bfe71e5e4682145d595f42b.jpg,0,0,1,0,0,0,1,0,0
video-AEZAaF8epmvQv5Nfj-frame-006450-yro4KnJnoJuF42CiA_jpg.rf.8442584ad048ec20ec982ecfecda0687.jpg,1,0,1,1,0,0,1,1,0
video-GXXqNLCqyu72TLx5i-frame-002959-WjA27BA7ff25csMQW_jpg.rf.83b7452912296f15c7901060049471fc.jpg,0,0,1,0,1,0,1,1,0
video-r68Yr9RPWEp5fW2ZF-frame-017019-gTRfXSG3KSMDjAEMH_jpg.rf.8455300a8bb698236e5af71ba8309a65.jpg,0,0,1,0,1,0,1,1,0
video-DJYDQTZH7GLCqw3Tx-frame-005066-yKkzdztBFriSpE6dL_jpg.rf.84321c2ef46a4a9f4f3324e6627ab699.jpg,0,0,0,0,0,0,1,0,0
video-a9TgkAvMGtM2gXpdj-frame-008534-mCe3qYCwqtC3Kez5Y_jpg.rf.847b2093c2a1c3e9c8055a715c7a1870.jpg,0,1,1,0,0,1,1,0,0
video-9BBhGg3MKeaChnLjP-frame-000860-JE5MbkiMHSiWgWe8L_jpg.rf.8481156f28ca768c82e77e07115d8154.jpg,0,0,0,0,0,0,0,1,0
video-ELruYFQjkqpZnir29-frame-001456-Lr9kK8kpNXFRcSJcZ_jpg.rf.848b0937f25b1f14cf9fb4cbeb4b0c25.jpg,1,0,1,0,0,0,1,1,0
video-DJYDQTZH7GLCqw3Tx-frame-003811-k785y3vJapxHmWYMC_jpg.rf.8487325cba22288cd7e320f6fc149bcd.jpg,1,0,1,0,0,0,1,1,0
video-Gfv3kbdf5KAYRtPcz-frame-002711-bc7diK7wAp7zLi9pq_jpg.rf.84e05c02b510b7c9c5401b737328723d.jpg,0,0,1,0,0,0,1,1,0
video-8CvM2BExBLyQFZrK8-frame-005506-XPNtC2aSvKaksc7yt_jpg.rf.84d85eae7a707804852ffe5685bd5032.jpg,0,1,1,0,1,0,1,1,1
video-jNQtRj6NGycZDEXpe-frame-005977-Z7WpJLvT4MCknjNu6_jpg.rf.8472ac3ebcc489029ba3e63d2a649463.jpg,1,0,1,0,1,0,1,1,0
video-5RBAcNR5F6fB3i6P5-frame-008519-5oRBFEENxBCKrbBWF_jpg.rf.84a9264867672c0f6f2e44a1d09a1fbf.jpg,0,0,1,0,0,0,0,0,0
video-JFiGa9oAAN2queuLt-frame-001324-bprm8d7QxqT32pgN3_jpg.rf.84fc63d50b68f2f01a0ed6f879910c03.jpg,1,0,1,1,1,0,1,0,0
video-r68Yr9RPWEp5fW2ZF-frame-006086-Tg8deerYZyi2cY2EP_jpg.rf.84fbdfc0c5efba3fcae90c54b35e2d72.jpg,1,0,1,0,0,0,1,1,0
video-Gfv3kbdf5KAYRtPcz-frame-003305-9qtWqEDX6Fb6HCHtP_jpg.rf.84585460e1f0a70aaef7a13fe004f848.jpg,1,0,1,0,0,0,1,1,0
video-DJYDQTZH7GLCqw3Tx-frame-003601-8cZHxKbM9cEzoMqaj_jpg.rf.8465ce85f21de9c51ac5f7ad28d00e07.jpg,1,0,1,0,0,0,1,1,0
video-JnRLAYvPLms37xEzD-frame-002700-mQ7KHMmWkRRhHkmrd_jpg.rf.84e86ed8998f2aa698fc99fcb74ec893.jpg,0,0,1,0,0,0,0,0,0
video-wGdqQimawNX3RYv76-frame-001200-dtJaGHgEAoZJ7WqnJ_jpg.rf.84b9754026361f093ee5445bedc9251a.jpg,0,0,1,0,0,0,0,1,0
video-GXXqNLCqyu72TLx5i-frame-005056-wMChoRK63F4yvpx5t_jpg.rf.84afd94e328438a56f1a5b97eafa9a82.jpg,1,0,1,0,1,0,1,1,0
video-iFWh9r9TJWmTzTrha-frame-002747-2rmvgXHeGqwzCaRZs_jpg.rf.84dd7ea17e2cc7a31278ec7df63a9165.jpg,1,0,1,0,0,0,0,1,0
video-yNoh5QQAPbR9Afm4i-frame-003376-JCTfk6HoRgWGXYKLi_jpg.rf.84fc74e81d3d005054537eb30713f995.jpg,0,0,1,0,0,0,1,0,1
video-nCxsLGvXK8o25AmXW-frame-002010-aWRKdEtC3jDPHKCgL_jpg.rf.84ead8aecc13ab469ef862915284aeb9.jpg,0,0,1,0,1,0,1,1,1
video-o68zKob2nb8QMktLF-frame-000581-WsNqqpxxtsouyzeLo_jpg.rf.850be9d121bb7fd0c1c9d230128ec02d.jpg,0,0,1,1,0,0,0,0,0
video-2SReBn5LtAkL5HMj2-frame-011095-8SEcDWSnZuzPr5pGw_jpg.rf.850d2c99880d3f5d3e3e9db8fd80eccd.jpg,0,0,1,0,1,0,0,1,1
video-XCJD9qhzXNoZCn37i-frame-007574-LRfLMrrdQDK4ahS6j_jpg.rf.852c68aaefec1b04cdf85d7cb7dcae2a.jpg,0,1,1,0,0,1,1,1,0
video-7yaY3LisuPdNyfZH9-frame-004987-HsEkFxmMjRw7eWeMi_jpg.rf.850cb4390e4c9d8bf6975a573679ada1.jpg,0,0,1,0,0,0,0,0,1
video-nodg7n2aFzCWFJBnv-frame-003849-pYQgENS4JQwXEnz5c_jpg.rf.853cfb66e5d2571391be76178da020cb.jpg,1,0,1,0,1,0,1,0,1
video-SyzNY82LYZrhkPH7x-frame-003248-YJpkeJkYZ7pdKoMST_jpg.rf.85309e2b53c1ed0c1bea2946ee248797.jpg,0,0,1,0,0,0,1,1,0
video-XNM8eHsvxCMJ6peuj-frame-001330-bPwXeoYiiCxBzewgv_jpg.rf.8550da3e948bc8dbb1edb9096260eded.jpg,0,0,1,0,0,1,1,0,0
video-mBQmysFvQtPK36MsF-frame-001136-zWyraR3fdzDtrjyRh_jpg.rf.85412d2a3353d476567a8a34f0d11b51.jpg,0,0,1,0,0,0,0,1,0
video-3eAD4KjAqae5iq48L-frame-000754-PPATHnstmm6BEP2dt_jpg.rf.8576a4381b67aa6d50e06d4bfc729daf.jpg,0,0,1,0,0,0,1,0,0
video-7RdKmtytvKgfNcTNv-frame-004800-cxtejZkH2Cwy2f47j_jpg.rf.85660b40550df613899470dcd26b98c7.jpg,0,0,1,0,1,0,0,1,0
video-5YffDt2oYT6CDzYHk-frame-001594-dGhcjmedubp9mQggr_jpg.rf.8540d48e8fef530ac73e4bbb8090cf14.jpg,1,0,1,0,1,0,1,1,0
video-EcPY55txZdfhevYiW-frame-012705-cnvhbg9qXBHW8eWwy_jpg.rf.85869a2a0818c0c18c081b5c9a768e9f.jpg,0,1,1,0,1,0,1,1,0
video-gwN2KCXHzE6CQJ85P-frame-004500-Jpg8xHpp5HD4uxn9L_jpg.rf.8586974f06e7fb4c1b301e1753510f54.jpg,0,0,1,0,1,0,0,1,0
video-AEZAaF8epmvQv5Nfj-frame-015581-RKAixX7CejR6eLWpD_jpg.rf.857a297fb0b3591cd3114d3e935546c2.jpg,0,0,1,0,0,0,1,0,0
video-4zQqsnWRwK7SFPpBy-frame-001512-5qpFjGumiYZzpvoNk_jpg.rf.8580e23519223a06dee89071e039e9eb.jpg,0,0,1,0,0,0,0,1,0
video-rnZseY2bPiYhWEF2m-frame-007470-dkcieiB9psmgd74aZ_jpg.rf.859011111a23a4e7694a43879f66b299.jpg,0,0,1,0,0,0,1,1,0
video-vbhpsNpMoX2Qbhw2A-frame-000474-viPeYGEPX6ZRRfXND_jpg.rf.85674e520a47ee53ae24de4e56e54e8d.jpg,0,0,1,1,1,0,1,1,0
video-yNoh5QQAPbR9Afm4i-frame-003946-YvedJE4gzefCn9DvM_jpg.rf.855f13d3cdd0fffeed614fbe2223c24d.jpg,0,0,1,0,1,0,1,0,1
video-nodg7n2aFzCWFJBnv-frame-001960-CBXLH8sWHDEJPwDB3_jpg.rf.858de4f88c28819f9cba7ea5e11d038a.jpg,1,0,1,0,1,0,1,0,0
video-AkvAvb4X72cnTbbCw-frame-002169-RJmLrjg2CswJEXNWw_jpg.rf.854e1a475ad1f54e566d07f8edeae2e8.jpg,0,0,1,0,1,0,1,0,0
video-AEZAaF8epmvQv5Nfj-frame-013450-Pix5T6tq5MXgwGWDq_jpg.rf.85c413e1a28b1e62f2177eacdc369b47.jpg,1,0,1,0,0,0,1,0,0
video-7EPybiwBrzjDKn7TZ-frame-002277-yamkQbbmoaLNoi3tC_jpg.rf.85dfdee63ac4f33cbccaf96f10986809.jpg,1,0,1,0,0,1,1,1,0
video-7EPybiwBrzjDKn7TZ-frame-002307-C3e3vJNjCrPW73mCM_jpg.rf.85d5c6881ea1cce0324fd62ab992d028.jpg,1,0,1,0,0,1,1,1,0
video-TTDq3x6HSvFx3YRDH-frame-000570-EGcAmY3QSjeC7yoqL_jpg.rf.85c4ddc085541f1cf2a5ebe150e5fbf7.jpg,0,0,1,0,0,0,1,1,0
video-DJYDQTZH7GLCqw3Tx-frame-000660-Hcr6YTa2cAsGtkxj5_jpg.rf.85e3885e90bbb25e155d29485c34d9ff.jpg,1,0,1,0,0,0,1,0,0
video-AEZAaF8epmvQv5Nfj-frame-015031-dXzXq5SBSCA7vMdsr_jpg.rf.85bc72cca074a0182a6b8e6cbbb04673.jpg,1,0,1,0,0,0,1,0,0
video-JFiGa9oAAN2queuLt-frame-004667-tDNTvSn9mCN8FufnB_jpg.rf.85d855c0168f1a11fea508afd1af2864.jpg,1,1,1,1,0,0,1,0,0
video-2rsjnZFyGQGeynfbv-frame-002478-3aGLGbgJdYkaLmttd_jpg.rf.85e8df53eb009c4a709ce2db416f44ed.jpg,0,0,1,0,0,0,1,0,0
video-ZicHYAPRYGdu82nAa-frame-002424-wZvvr92g2nXvrwciQ_jpg.rf.8617d49d7a33380e8e0c1056c8546854.jpg,1,0,1,0,1,0,1,1,0
video-RzCFkE9yg95GWAnYj-frame-001200-JGMJLfucY6zvFQMsZ_jpg.rf.8602a4874f560008e8309508dbe3fdbc.jpg,0,0,1,0,0,0,0,1,0
video-86XuF6pPvWfBCqyNt-frame-007169-99kGjY9vr5vzbcSND_jpg.rf.86b1da505aeae60d241f2fc66bb16fe8.jpg,0,0,1,0,0,0,0,1,0
video-JFiGa9oAAN2queuLt-frame-011702-skCNn5BWJthiAKkTx_jpg.rf.866520c2b331056046d783820915780b.jpg,0,0,1,0,1,0,0,0,0
video-JFiGa9oAAN2queuLt-frame-007381-i3ibksYW7YHMirrLD_jpg.rf.863069c6991755953bd5ebea4648da61.jpg,0,0,1,0,1,0,1,1,0
video-AEZAaF8epmvQv5Nfj-frame-014671-WidDPHnCiB3rtBrNG_jpg.rf.86c47e266cc7cf224b252518c30087fd.jpg,0,0,1,0,0,0,1,0,0
video-S5osy2ei487eAM2fw-frame-002388-qeKDSEo4SJWD4H4qP_jpg.rf.86492d85b6dfa31fac02c7c4b6e8c598.jpg,1,0,1,0,1,1,1,1,0
video-vbhpsNpMoX2Qbhw2A-frame-001565-TZKyaRCZMAN98Dyav_jpg.rf.868f49e095ea16b38695ca7069f648c7.jpg,0,0,1,0,1,0,0,1,0
video-r68Yr9RPWEp5fW2ZF-frame-014770-ok3qS2AH3WouFqHGm_jpg.rf.86b73eb6336c18fdbade428a976e99db.jpg,0,0,1,0,1,0,1,1,0
video-24ysbPEGoEKKDvRt6-frame-000525-Wj7A6cgJL9gy83aaY_jpg.rf.869861bb04865e8af13c416a74b6172c.jpg,0,0,1,0,0,0,1,1,0
video-yBdrow6zFe5E8uEwn-frame-012900-QFtrGzB4PjQf2Am9B_jpg.rf.8642e02839d3ba67dd19d81c76aea08b.jpg,1,1,1,0,1,0,1,0,1
video-kDDWXrnLSoSdHCZ7S-frame-001954-ekAp6WfYeTiN3gQk7_jpg.rf.86b1b38c7b64635ece648602a069b8f7.jpg,0,0,1,0,1,0,0,1,0
video-67ZzTP4GCNj69eNPs-frame-001782-ALYXKK8tzY4o9Q2BS_jpg.rf.868ff5ccd0c29f5a6c0094eb23e4598e.jpg,0,1,1,1,1,0,1,1,0
video-DJYDQTZH7GLCqw3Tx-frame-008630-WPBi4TdpT7HR547Wt_jpg.rf.87083d9e640bcebcda80a6e5746b4941.jpg,1,0,1,0,1,0,1,0,0
video-GXXqNLCqyu72TLx5i-frame-000289-8yBvE24NAc9baFXwZ_jpg.rf.86f0d6abcaebe527f56c95a6fa01d1ac.jpg,0,0,1,0,0,0,1,1,0
video-nodg7n2aFzCWFJBnv-frame-002065-YAdECAauLGhTSJNXn_jpg.rf.86ae6b75b2a3e1d0d5167085aaa6a426.jpg,1,0,1,0,0,0,1,1,0
video-vvYEi6EdCrYXeHwpD-frame-009792-7T8eJZSQkaKJFnetE_jpg.rf.8708bd2a01695a6921a1292fe1923e0c.jpg,0,0,1,0,0,0,0,1,1
video-AEZAaF8epmvQv5Nfj-frame-016141-Z9LCWhcWZe8ppSAiy_jpg.rf.871bcd274794bd7b634fb797b10c7997.jpg,0,0,1,0,0,0,1,0,0
video-Gfv3kbdf5KAYRtPcz-frame-003455-Hi3Jo9S876MuP5Jfm_jpg.rf.8704eb892de95d144c943be49aa67016.jpg,1,0,1,1,0,1,1,1,0
video-AEZAaF8epmvQv5Nfj-frame-008560-AQoX9ymnC3x8gy4yy_jpg.rf.8776a355423e98f52215d190238d13cd.jpg,1,0,1,0,0,0,1,0,0
video-Gfv3kbdf5KAYRtPcz-frame-002871-KEMisRdHTE9K8ydYz_jpg.rf.86c3a4fdd1951bacf5cb1b86d0d68133.jpg,0,0,1,0,0,0,1,1,0
video-AEZAaF8epmvQv5Nfj-frame-013600-XkWpFtE4XXXp7Cqfc_jpg.rf.8665a3277e3269a657e45cc93e9bb1de.jpg,1,0,1,0,0,1,1,0,0
video-r68Yr9RPWEp5fW2ZF-frame-014460-ZyvZiyZ8yR2JXaGQw_jpg.rf.879d3beb1da25b59deb5e9cef11156a2.jpg,0,0,1,0,1,0,1,1,0
video-r68Yr9RPWEp5fW2ZF-frame-015695-dpP6rr2ZL4v2ASW53_jpg.rf.872f88a3e0cb073036ba3d9a654b2c0f.jpg,1,0,1,0,1,0,1,0,0
video-sEs53HkN6oRqWdeQK-frame-000597-GWbscFzkTFGShFBzp_jpg.rf.879988d044a7f9efe44c59f43850b8f8.jpg,1,0,1,0,1,0,1,1,0
video-JFiGa9oAAN2queuLt-frame-002687-8nkeKKDtviwemodWn_jpg.rf.87ac23b080efccd0d32ec28ae8be6056.jpg,1,1,1,1,0,0,1,1,0
video-5YffDt2oYT6CDzYHk-frame-000410-YkXScScdnAtxYovvF_jpg.rf.8758806ae11db11bf0fffd8089784fa6.jpg,0,0,1,1,0,0,1,1,0
video-5YffDt2oYT6CDzYHk-frame-003839-oAcn7pGQhAKBF7e5F_jpg.rf.87a5a970d59fbd3f0e6262d636877a39.jpg,0,0,1,1,1,0,1,1,0
video-mBQmysFvQtPK36MsF-frame-001361-WKDHgRfvvsayjXJuH_jpg.rf.875d41a6f422296ddef46ba11c93d337.jpg,0,0,1,0,0,0,1,1,0
video-wGdqQimawNX3RYv76-frame-006474-Gk4Q5GqWSxhMN3isu_jpg.rf.87b6da80fdaa04d339aa9211411960ad.jpg,0,0,0,0,0,0,1,0,0
video-r68Yr9RPWEp5fW2ZF-frame-008663-yXz27tCcwnTChqeDu_jpg.rf.87c2b95d459a1520e64688a74744b125.jpg,0,0,1,0,0,0,1,1,0
video-AEZAaF8epmvQv5Nfj-frame-017102-aB29n7jtk9gz754RM_jpg.rf.87a3a778fccd97a0b7e0e67eaadff5a0.jpg,1,0,1,0,0,0,1,1,0
video-DJYDQTZH7GLCqw3Tx-frame-003631-4orxeMiJvuBt2xtiX_jpg.rf.87dddc3f874d57b984c320b858c0e2a2.jpg,1,0,1,0,0,0,1,1,0
video-aktbgSQhAxvb8arnx-frame-000150-xiwyA3XoqzaXa8DC4_jpg.rf.87e4d1dcd6f88d682d86ec7f3614e79f.jpg,0,0,1,0,0,0,0,1,0
video-nodg7n2aFzCWFJBnv-frame-002215-rdyFo5kQBsqtdnTff_jpg.rf.87fd34263a9f830135a5a346be566a8b.jpg,1,0,1,0,0,0,1,0,0
video-DJYDQTZH7GLCqw3Tx-frame-000020-fSGkSkyFCwnHzRAGq_jpg.rf.87e1f50d5d7e1a88e3f24610ce1f383b.jpg,1,0,1,0,0,0,1,1,0
video-JFiGa9oAAN2queuLt-frame-007231-k6D7AdXSzs3k9WwyH_jpg.rf.87100e7120d426a80090e0305f567856.jpg,1,0,1,0,1,0,1,0,0
video-DJYDQTZH7GLCqw3Tx-frame-001199-5SzDTuE3rut4gkayG_jpg.rf.88085c26dae245821c48732a4702c8ef.jpg,1,0,1,0,0,0,1,0,0
video-DJYDQTZH7GLCqw3Tx-frame-005409-PvbRncCw4HTRqgbgJ_jpg.rf.88032d6ecf2e5e6c454ffc4be97c07ca.jpg,1,0,1,0,0,0,1,0,0
video-bk2x9u9JivsWRS9Nk-frame-005886-XJSEdSNLAe9PEKn2u_jpg.rf.880bfa25a5c65c53260d8ab6b77a64ad.jpg,0,0,1,0,0,0,1,0,1
video-JFiGa9oAAN2queuLt-frame-000220-i8DtHKPd8g7pAsPTG_jpg.rf.881d02f28202051492c2980e9b720142.jpg,0,1,1,0,0,0,1,1,0
video-BjSfmxLQqCGjg8tya-frame-003896-qQCxCyonh8wFF9wKK_jpg.rf.88252629bbd8c4d6c14752f588f92e5c.jpg,1,1,1,0,1,0,1,1,0
video-XqruwSRkto63xLX3v-frame-008118-RdY8qzeiFX4N5thBM_jpg.rf.88296e9e00b7ee6ce7e74e54ee75d062.jpg,0,0,0,0,0,0,1,0,0
video-3eAD4KjAqae5iq48L-frame-012818-qwsZFCRA5HEdvAdxj_jpg.rf.8836b8e1d6d0c5b11cba47275ff96764.jpg,1,1,1,0,0,0,1,0,0
video-TTDq3x6HSvFx3YRDH-frame-000525-67bQcdS7Gt9STPnSE_jpg.rf.881750d334c1774dcb22ce42929bed1d.jpg,0,0,1,0,0,0,1,1,0
video-rnZseY2bPiYhWEF2m-frame-000417-wnjGLGh4F3jyzDFhJ_jpg.rf.885c65e8e43bc0b4824c3fc68baa6877.jpg,1,1,1,0,1,0,1,1,0
video-ZicHYAPRYGdu82nAa-frame-003291-ztMKSuYSJm77LSm27_jpg.rf.8881a361821f7311129d9067e56dc520.jpg,0,0,1,0,1,0,1,1,0
video-AEZAaF8epmvQv5Nfj-frame-009711-zLMxdePZ7mGjhgSTp_jpg.rf.885bf5bc5cfaf93c50b7ccd16ffbaf7c.jpg,0,0,1,0,0,0,1,0,0
video-o68zKob2nb8QMktLF-frame-000431-R6Lkq7Gfq5hzfF7vT_jpg.rf.8825444e1d1d4e3907679864119da2c5.jpg,0,0,1,0,0,0,1,1,0
video-sEs53HkN6oRqWdeQK-frame-000462-K5ftL255Rbhhc38oj_jpg.rf.88577cee43aac2cc930de4ac46695c27.jpg,1,0,1,0,1,0,1,1,0
video-a9TgkAvMGtM2gXpdj-frame-003982-gcCk56jxoEMkA7cTA_jpg.rf.88806750831032c19f7371eaf8baa07e.jpg,1,1,1,0,1,0,1,1,0
video-AEZAaF8epmvQv5Nfj-frame-016001-ABNnoFb9vvSTWoTnR_jpg.rf.889b3a261508d4b9c6a06855d0c048ac.jpg,1,0,1,0,0,0,1,1,0
video-TxNGEKRyWMf6Q7hS2-frame-000903-NBmX6pPQrWjfHnrtK_jpg.rf.88a1652d9f51bf92b1bb97f37c20c73e.jpg,0,1,1,0,0,0,0,1,0
video-7EPybiwBrzjDKn7TZ-frame-004936-heKZTq3oAejiwHA4R_jpg.rf.88a4a3aef39d49ce2ab5eeed2f020e4d.jpg,0,0,1,0,0,0,1,1,0
video-MoCHppHsM4bnncPmS-frame-002712-NqW38wAvCagDD5goD_jpg.rf.888dae8cc4c40b0c50e9e4ed75368e6f.jpg,1,0,1,0,0,0,1,1,0
video-mBQmysFvQtPK36MsF-frame-001541-sv93RCLfTwCKPmhGF_jpg.rf.88a81870d85ec831aa857b49def132c3.jpg,0,0,1,0,0,0,1,1,0
video-ELruYFQjkqpZnir29-frame-003189-4yuhqFqCJFhN5jWqK_jpg.rf.88de4be7228fcd14e3cf487c5e27bea4.jpg,0,0,1,0,1,0,1,1,0
video-nodg7n2aFzCWFJBnv-frame-001240-qPKFWXHwBBHFfh3pq_jpg.rf.88c67ba0e413fccf188202b4abc34588.jpg,1,0,1,0,0,0,1,1,0
video-jNQtRj6NGycZDEXpe-frame-001483-8iww52BeXxjfdLhnn_jpg.rf.88b14f8e3627d1ae27a6dc1ec47feaa4.jpg,0,0,1,0,0,0,1,1,0
video-JFiGa9oAAN2queuLt-frame-003797-7A6iT5WZrpFkqsa7o_jpg.rf.88ef4d36fa0fb337122fa2ad77e4f331.jpg,0,1,1,0,0,0,1,0,0
video-Gfv3kbdf5KAYRtPcz-frame-002831-kxp4NGM7x3CPbs4x6_jpg.rf.88db440e7f1e2725f3577809d4b0ad04.jpg,0,0,1,0,0,0,1,1,0
video-7EPybiwBrzjDKn7TZ-frame-001542-PWrSvK5YQv8f7avYr_jpg.rf.88f75b3328ae6d1c283ce4a0a6c8c9ea.jpg,0,0,1,0,0,0,1,0,0
video-r68Yr9RPWEp5fW2ZF-frame-006036-zSouLmLF8LP2cgjpJ_jpg.rf.88ab8ef6f369e3cf7ebf227a0c0ab47c.jpg,1,0,1,0,0,0,1,1,0
video-a9TgkAvMGtM2gXpdj-frame-010670-vzrYyccdDzNSnYfAj_jpg.rf.88af78b59616abef7abc8002f6ddda64.jpg,1,0,1,0,0,0,1,0,0
video-24ysbPEGoEKKDvRt6-frame-000285-ijGWHCEETWYmtjvDr_jpg.rf.88b5309ec9bd7fd1fa011fb22e847e57.jpg,0,0,1,0,0,0,1,1,0
video-wGdqQimawNX3RYv76-frame-004800-tfnwDcLbpnAKzsJFq_jpg.rf.891e17ff3d7b58df078134a03894d4f5.jpg,0,0,0,0,0,0,0,1,0
video-wGdqQimawNX3RYv76-frame-006294-sDTWNHR2cF2cgXmqu_jpg.rf.891fb9a5236e0fd16b7690d1f970a8c5.jpg,0,0,1,0,0,0,1,0,0
video-TxNGEKRyWMf6Q7hS2-frame-000328-hmgWtEcPRRm693xuK_jpg.rf.8954cbde23007a7edbf56da059cd80f4.jpg,0,1,1,0,0,0,0,0,0
video-r68Yr9RPWEp5fW2ZF-frame-008973-K3bs9mugELMf2BKh7_jpg.rf.892b7406fa4de46857a4a4431fcbbabd.jpg,0,0,1,0,0,0,1,1,0
video-zNFzcc9wW8XB4QwTa-frame-000243-mNGaGN696wXbuEhqH_jpg.rf.88f3dd2a8a4a2659aeff89a1e7a63443.jpg,0,0,0,0,0,0,1,1,0
video-GMDwNs5TdqejpF4vu-frame-000723-e7Bav5SjZMmxhD7yG_jpg.rf.89075bfac92514ee427dad4ecd7b6739.jpg,0,0,1,0,0,0,1,1,0
video-r68Yr9RPWEp5fW2ZF-frame-003476-XEecPMf3sgJHLdbuB_jpg.rf.89a3ce152cd48173d58f75eab5a1fd3f.jpg,0,0,1,0,1,0,1,0,0
video-24ysbPEGoEKKDvRt6-frame-000090-texZDfwT9iwYNRRgG_jpg.rf.8977ebe3f8d98b18e00dd1b331dc87ad.jpg,0,0,1,1,1,0,1,1,0
video-DJYDQTZH7GLCqw3Tx-frame-005326-JsftfXqw5Lo4RWJzD_jpg.rf.89059190bd8f7c93b0e876eb70b1bd9f.jpg,1,0,1,0,0,0,1,0,0
video-2Af3dwvs6YPfwSSf6-frame-007350-HcpRTzWM89Kha6Em6_jpg.rf.8994f93f4266eadab35fe6bdf3236fc9.jpg,0,0,1,0,0,0,0,0,0
video-JFiGa9oAAN2queuLt-frame-004427-rGAEuig5kmBvXzk4R_jpg.rf.89e8ed6f062579fd62b554263141bb8a.jpg,0,1,1,1,0,0,1,0,0
video-fg5eBhFE7kHyXPtBi-frame-000629-oGmdH8o7aMPpMSwbQ_jpg.rf.892304493be2f9cf51ceed747e7b7aa2.jpg,0,0,1,0,1,0,0,1,0
video-rzDLT664bgLJ29B2f-frame-003000-HPidn9iPZvSHjD6mA_jpg.rf.8955424d426602beb0afe41bf51732c4.jpg,0,0,1,0,0,0,0,0,0
video-o9b92aG9EbJnkJEwF-frame-000000-iJ4tRfQCKb7XNsr7d_jpg.rf.89ef7280529f986f190d3624dfc1e0af.jpg,0,1,1,0,1,0,1,1,0
video-sEs53HkN6oRqWdeQK-frame-000522-22bTubsCWSDKawqDo_jpg.rf.89fc6e98fbdfcfd161085e4ec4b28f5c.jpg,0,0,1,0,1,0,1,1,0
video-DJYDQTZH7GLCqw3Tx-frame-006737-KjZdK7oDvRaWrZM8x_jpg.rf.89aa2f3bb2f35f93cddc43542ba88f14.jpg,1,0,1,0,0,0,1,0,0
video-7EPybiwBrzjDKn7TZ-frame-003876-iJuopEbFEM2B8KLXF_jpg.rf.8a1c185e76b2807b76eea1079615c03c.jpg,0,1,1,0,0,0,1,1,0
video-sEs53HkN6oRqWdeQK-frame-000612-sknHoBiPaFh2KMxWx_jpg.rf.89d9890646457925bdcadc83435d07c9.jpg,1,0,1,0,1,0,1,1,0
video-SyzNY82LYZrhkPH7x-frame-003638-9Lp29RnvHrvWCZfkP_jpg.rf.8a2abbbe481c22ca4148f7386cc170fc.jpg,0,0,1,0,0,0,1,1,0
video-AkvAvb4X72cnTbbCw-frame-002184-tC5x7emNfEs2oJcL6_jpg.rf.89c887c2e8562aec958dfb5e4e05d41e.jpg,0,0,1,0,1,0,1,0,0
video-5YuhMWusfM3ZMtvDx-frame-001506-6dLkGYuxMQBXectzC_jpg.rf.892fed90ea1311fdc5f187893edd8e5c.jpg,0,0,1,0,0,0,1,1,1
video-S5osy2ei487eAM2fw-frame-003764-uuif7YzepoEw4nhdP_jpg.rf.8a1c52a89d13481bdcabbd9a909eacae.jpg,0,1,1,0,0,1,1,0,0
video-FWQff8BQpTRSt9hfA-frame-004050-YJRK43xH9uKp9FXJa_jpg.rf.8a5b97a610cb82184a30a6a9b4f4d1d0.jpg,0,1,1,0,0,0,1,0,0
video-DJYDQTZH7GLCqw3Tx-frame-006777-pHpKC4ESJfyBTPdo9_jpg.rf.8a65b4a1deee3f5be339a3c3de520065.jpg,1,0,1,0,0,0,1,0,0
video-r68Yr9RPWEp5fW2ZF-frame-006546-7L82koFYkLHw99Kp3_jpg.rf.8a01a4fd6a5979a727f7c4edd7bec7d9.jpg,0,0,1,0,0,0,1,1,0
video-uSr74imQfjLhADgQZ-frame-002520-FJNajGrczH7TGZnjf_jpg.rf.8a621a5599bdb82f7da2396ed86ed015.jpg,0,0,1,0,0,0,1,0,0
video-aTxg8EcSRQyDvisMX-frame-005518-4sfHeML6ycs4hW5go_jpg.rf.8a77925d8cd226f362ed419d1dd1bd2b.jpg,0,0,1,0,0,1,1,1,0
video-XvhW2CuNNzf5oWRXK-frame-000036-dNdNKFANPMyQeDwgR_jpg.rf.8a668d6cbdd476e756302601906ed826.jpg,0,0,1,0,0,1,1,1,0
video-JFiGa9oAAN2queuLt-frame-001594-dSdqqBXqeh3wt8zpj_jpg.rf.8a75c49ad763dde974a6cc40c3f8c073.jpg,1,0,1,0,0,0,1,1,0
video-JFiGa9oAAN2queuLt-frame-015403-knRHCGPgtzyDrZseY_jpg.rf.8a8e3daae0e66e3dc1b4ee4bb1eb8bcb.jpg,0,0,0,0,0,0,1,1,0
video-LRYpoNWeYLm3tZZst-frame-001200-MsNrAELrxoFi8rpKq_jpg.rf.8a8404c50798c5eb0836b5ab510af059.jpg,0,0,1,0,1,0,0,1,0
video-nCxsLGvXK8o25AmXW-frame-002190-aj8Auu5e7JGBBSsT4_jpg.rf.8a5557ba7c5104d75317404c8efdbd5e.jpg,0,0,1,0,1,0,1,1,1
video-r68Yr9RPWEp5fW2ZF-frame-001536-b4Es7pnuAkdsWrcSR_jpg.rf.8a8b24b2970dd80811c12ea6891e3168.jpg,1,0,1,0,1,0,1,1,0
video-jNQtRj6NGycZDEXpe-frame-014951-HNL3S9MsftrHEtNPx_jpg.rf.8a908cc136814689ee843e0361bc6d24.jpg,0,0,1,1,1,0,1,1,0
video-JFiGa9oAAN2queuLt-frame-004577-KjNLTt7RYxd57wq9X_jpg.rf.8aac2fed241c121052ab27181c510a07.jpg,1,1,1,0,0,0,1,0,0
video-o9b92aG9EbJnkJEwF-frame-004002-x8Es8HbcD9qE9k264_jpg.rf.8a972a8cf799aecbe5ab624f64e0557d.jpg,0,0,1,0,0,0,0,0,0
video-GzdKTLbkG5F7gAunM-frame-002039-2sYHrSqDBbbNhFur9_jpg.rf.8a67c6c04b5ac1296318a3c469858b2c.jpg,0,0,1,0,0,0,0,0,0
video-r68Yr9RPWEp5fW2ZF-frame-009043-z6ecLNxGuZoJQH27a_jpg.rf.8abe807365c7033ad9f3a45c27910abb.jpg,0,0,1,0,0,0,1,1,0
video-S5osy2ei487eAM2fw-frame-002569-MfyLNar5sRm6eY2JM_jpg.rf.8ab15d90d68c7c11342437ff010c4d57.jpg,0,1,1,0,0,1,1,1,0
video-DJYDQTZH7GLCqw3Tx-frame-005779-nnuzGBf4DSPtmsZ9r_jpg.rf.8adcb61dc731e43634193ceb77bd378b.jpg,1,0,1,0,0,0,1,0,0
video-JFiGa9oAAN2queuLt-frame-007371-77wk8Z4MvP3pnr2vm_jpg.rf.8b0f6e90073fc5c6828267ae29906af9.jpg,0,0,1,0,1,0,1,1,0
video-MoCHppHsM4bnncPmS-frame-000991-DdHjnfhEGR4wZGKru_jpg.rf.8a9375ce5232959e985cc7beb1dfa15c.jpg,0,0,1,0,1,1,1,1,0
video-dpPsuZToLaq9myAK8-frame-001873-E94jL8KbwW5S6vDMa_jpg.rf.8b2097fdf3bfc7d8c1467018073c44eb.jpg,0,0,1,0,0,0,1,1,0
video-idbEkd82DJQ5RxW8M-frame-000750-WvCa8R5YWWJGxgqWH_jpg.rf.8b1e0d83b9c4449bf2238bad1b2e3387.jpg,0,0,0,0,0,0,0,1,0
video-DJYDQTZH7GLCqw3Tx-frame-008470-d2W6b8Q2qPK3u77wr_jpg.rf.8b69782eee1d758ecab7db3851237f46.jpg,1,0,1,0,0,0,1,0,0
video-bk2x9u9JivsWRS9Nk-frame-009156-drKFBbZp2wptYZZAq_jpg.rf.8b22d134d74bee72e99bc38635ba4b1c.jpg,0,0,1,0,1,0,1,1,1
video-wGdqQimawNX3RYv76-frame-003600-NKALB9fNNyaqnCGiv_jpg.rf.8ae3d0fbf44ecd260ee533328b893841.jpg,0,0,1,0,0,0,0,1,0
video-AEZAaF8epmvQv5Nfj-frame-006840-zy5fukJd25efSxfqE_jpg.rf.8b2f35d63496f28f1e1247ab2d027aae.jpg,1,0,1,0,1,0,1,0,0
video-AEZAaF8epmvQv5Nfj-frame-015211-KdhAv5Zthwesz2K3Q_jpg.rf.8b1d1b7701f83855836c076a66c7fc9f.jpg,1,0,1,0,0,0,1,0,0
video-LRYpoNWeYLm3tZZst-frame-004200-sapKnCTS4ctgJEJ75_jpg.rf.8b41682ab411dfb6426bd20e22bfd4d7.jpg,0,0,1,0,0,0,0,1,0
video-vbhpsNpMoX2Qbhw2A-frame-001535-Ja3ietG5mckvWQ2Yq_jpg.rf.8b1df85056069ad4050a01175c5b48f0.jpg,0,0,1,0,1,0,0,1,0
video-XCJD9qhzXNoZCn37i-frame-000000-nZDojctY6Qs3hzz5A_jpg.rf.8b188230c3dfe63af668fef20d0fe05d.jpg,1,1,1,0,1,0,1,1,0
video-jNQtRj6NGycZDEXpe-frame-006197-3pPTsnZXgGtYxdn3P_jpg.rf.8b844d68fdc44dd7fffe46f33d85285f.jpg,0,0,1,1,1,0,1,1,0
video-dpPsuZToLaq9myAK8-frame-001843-tM9QksQoHeGZYqgEq_jpg.rf.8b8bed2468c6c4e361bf3caad4f1d447.jpg,0,0,1,0,0,0,1,1,0
video-S5osy2ei487eAM2fw-frame-002883-kQwXdR9LFCSaJ6K8G_jpg.rf.8b56beaedae9c1d342a80055986596e5.jpg,0,0,1,0,1,1,1,1,1
video-ipHbyAv8iW9kmxTGj-frame-003620-GETXmMfodxyrfgKNk_jpg.rf.8add45cd035b5d8107a4a62c948068f2.jpg,0,0,1,1,0,0,0,1,0
video-4dy5Hhcg93BTyG9KZ-frame-001051-EPPJJndJptApmsznx_jpg.rf.8ba2a9812d15c7a9a5d2cdf1f7b8ea3d.jpg,1,0,1,0,0,0,1,1,1
video-Bfb39QmAgJQZfE7Pu-frame-023603-vSyKrBk9EjY8Wb9zu_jpg.rf.8bab79576a69893c3e71350337774f9a.jpg,0,1,1,0,0,0,1,1,0
video-fZKBh7mRSKHjXS2zk-frame-007650-udboAYToi5bzjH7zS_jpg.rf.8bb71925cbb18dc8dc078d76da477c28.jpg,0,0,1,0,0,0,0,1,0
video-aiXLPEvp86raemrsp-frame-003400-AcauPZSo5wKTvPjtu_jpg.rf.8b583cb05767f71c51858493e75b9344.jpg,0,1,1,0,0,0,1,0,0
video-BjSfmxLQqCGjg8tya-frame-006219-P8erBq8egkqkMN4k3_jpg.rf.8be91905226cb28717cd5de20804b7d6.jpg,0,0,0,0,1,0,1,1,0
video-r68Yr9RPWEp5fW2ZF-frame-008813-dkrv8zEriK4KskCRe_jpg.rf.8bf407d0a3062b708e0784c578f01976.jpg,0,0,1,0,0,0,1,1,0
video-BvDJ7TewksQCjCtyN-frame-005341-iEnFsNGGHpMXABXNX_jpg.rf.8c1007a9dab863debe209fe45eead71b.jpg,0,0,1,0,1,0,0,1,0
video-Gj7ejTPCZZnD5YwPv-frame-000187-JorvgPc4fCWBPAm9N_jpg.rf.8c0d5d2e37a974d34ba0cef83589dac1.jpg,0,0,1,0,0,0,0,1,0
video-JFiGa9oAAN2queuLt-frame-003517-H3sbTzfTbY2i7J6KF_jpg.rf.8bbbe09685e20abfe472e807f305a86f.jpg,0,1,1,1,0,0,1,0,0
video-nodg7n2aFzCWFJBnv-frame-003412-LfusAqK9Qwz4sqgy4_jpg.rf.8bfa554d2b9709c78ab63a4a65c1de1b.jpg,1,0,1,0,0,0,1,1,0
video-GzdKTLbkG5F7gAunM-frame-003923-znBAb4JQWQiP2pXoW_jpg.rf.8c2340fd664013d60470e807c3e01ade.jpg,0,0,1,0,0,0,0,1,0
video-ZicHYAPRYGdu82nAa-frame-002394-JnwYr6urzoimw6Eoo_jpg.rf.8bbe39db7dcb38150d2e54aa02476851.jpg,1,0,1,0,1,0,1,1,0
video-AEZAaF8epmvQv5Nfj-frame-015921-nNpER5B7WA5jQZmj6_jpg.rf.8c23b60b452f10e59b5224d270f5ab99.jpg,0,0,1,0,0,0,1,1,0
video-o9b92aG9EbJnkJEwF-frame-004140-qZMckzhvrhc7qwwjX_jpg.rf.8c46b30f3226413c04c78d4f398140d4.jpg,0,0,1,0,1,0,1,1,0
video-DJYDQTZH7GLCqw3Tx-frame-000920-xtErcsJ43AAgy9KqY_jpg.rf.8c4b3b8565ae968e58ad6412c6f9cb19.jpg,0,0,1,0,0,0,1,0,0
video-AkvAvb4X72cnTbbCw-frame-002154-QjWfCh8mTeFMZuCmD_jpg.rf.8c711954099eb8c4f632a9e6aa900ec2.jpg,0,0,1,0,1,0,1,1,0
video-kDDWXrnLSoSdHCZ7S-frame-003183-Fv2TbX2e9Yvr4qBd5_jpg.rf.8c753a93da6ed4d2a9882aefbe7cbc7a.jpg,1,0,1,0,1,0,1,1,0
video-bk2x9u9JivsWRS9Nk-frame-006867-w8C82EoEk64QRtdDp_jpg.rf.8c2a9634a5b9742aaf0bacaac6420b9d.jpg,0,0,1,0,1,0,0,1,0
video-5HPT2goT53ceRpvRm-frame-000585-fggKinixfr85gAjgx_jpg.rf.8c24da9015f32a2f353e2a7333976f32.jpg,1,0,0,0,0,0,1,0,0
video-6WgZhpFdCJP3a2cWi-frame-012400-4syRhnxufP5JSj7S2_jpg.rf.8c51477b65a195a7d5b654605a194543.jpg,0,1,1,0,0,1,1,0,0
video-DJYDQTZH7GLCqw3Tx-frame-007740-pDpix69EkDuvS5v3G_jpg.rf.8c8ebe04b8fedb8622e71e85eb58fd3f.jpg,0,0,0,0,0,0,1,1,0
video-SyzNY82LYZrhkPH7x-frame-002125-QcFC7GqG2TpzGFZe9_jpg.rf.8c86bc18118daf6287d563e73872b7fc.jpg,0,0,1,0,0,1,1,1,0
video-dpPsuZToLaq9myAK8-frame-000993-6k7dYAzuZ29dL5PkG_jpg.rf.8ca6b6679f29107c6cc45a45651e6c32.jpg,0,0,1,0,0,0,1,1,0
video-AEZAaF8epmvQv5Nfj-frame-014711-v7E5ALmJn2SSTEEaA_jpg.rf.8c5bd39c4e60941a75d415dd484687ab.jpg,0,0,1,0,0,0,1,0,0
video-TxNGEKRyWMf6Q7hS2-frame-000164-CRD5YpY5asorKGEBc_jpg.rf.8c59cfb58ccc2ed18cb9a7e6d935e7a5.jpg,0,1,1,0,0,0,0,0,1
video-7EPybiwBrzjDKn7TZ-frame-003247-6Doew5wFKxv8uF2BW_jpg.rf.8ca86cc79ba8ba0361874a8f9f79b7a8.jpg,0,0,1,0,0,1,1,1,0
video-vbhpsNpMoX2Qbhw2A-frame-001045-YFntBLDHPcXAcTmYw_jpg.rf.8cb15d1d3b4d68087279074b907b819f.jpg,0,0,1,0,0,0,1,1,0
video-4dy5Hhcg93BTyG9KZ-frame-000548-6i86SrkK6ETPPARuq_jpg.rf.8c5c606c73aca9803009dfda32f6c4b3.jpg,0,1,1,0,1,0,1,1,0
video-jNQtRj6NGycZDEXpe-frame-002545-2n5swGbM3yDRRq6Yb_jpg.rf.8cba69e9a1db0a00a61f18e641b8e3ea.jpg,0,0,1,0,0,0,0,1,0
video-r68Yr9RPWEp5fW2ZF-frame-003626-Xn6HfHR7w9fXETcet_jpg.rf.8c87766df9e4c6f0dab0dfc4463abac0.jpg,0,0,1,0,1,0,1,1,0
video-5Lwe5DATf4BxKtaiB-frame-001097-3w5FciCakprcvEaDy_jpg.rf.8cefb44599538ba7547cfbbcdb8d2a00.jpg,1,0,1,0,0,0,1,1,0
video-o68zKob2nb8QMktLF-frame-000381-A4aMrCuvGQ27fwFNJ_jpg.rf.8c53c60d84fb23e3a29d78f17f2652ff.jpg,0,0,1,0,0,0,1,1,0
video-JFiGa9oAAN2queuLt-frame-001104-HgrZEkNwxKutAtjko_jpg.rf.8cc968226e42ab7e2b83154bf7c54398.jpg,1,0,1,1,1,0,1,0,0
video-r68Yr9RPWEp5fW2ZF-frame-006636-JgTp8KnKKXZqaJwQn_jpg.rf.8cff393b5b1b81035425883b670f1e51.jpg,0,0,1,0,0,0,1,1,0
video-JFiGa9oAAN2queuLt-frame-003987-nGhd9qShHE8ndsrQp_jpg.rf.8d5682443b12b944311f50fb4a789927.jpg,0,1,1,0,0,0,1,0,0
video-evnmmkhaqckdxWa9P-frame-002266-pNaXToLcA3s6DFyz5_jpg.rf.8d58c4d93326f2fb448c186a3b1cc8fc.jpg,0,1,1,1,0,0,1,1,0
video-wGdqQimawNX3RYv76-frame-006414-zjkabPgB8FyDNiDhi_jpg.rf.8d3da10e8854a3084b3b699d194710d2.jpg,0,0,0,0,0,0,1,0,0
video-ELruYFQjkqpZnir29-frame-001441-ngQpN2M5cJep3EkvX_jpg.rf.8ce184bb6906ca2dd02d42d10a426133.jpg,0,0,1,0,0,0,1,1,0
video-GzdKTLbkG5F7gAunM-frame-001353-6ZW79P7qPyyPPFvGC_jpg.rf.8d1a293b8909a1aa98710b2f8e3f3ac9.jpg,0,0,1,0,1,0,0,1,0
video-7ac97f4pH2W94Kgm4-frame-014400-FNydwqXhGrLRxMxW9_jpg.rf.8d10392d3d761a038bdea636f72ae765.jpg,0,0,1,0,0,0,0,0,0
video-AEZAaF8epmvQv5Nfj-frame-016471-j4XXjxeD5BgGokwQh_jpg.rf.8cf781a36a51fe1015d3a52fc8f5665c.jpg,0,0,1,0,0,0,1,0,0
video-AkvAvb4X72cnTbbCw-frame-001127-GrDa4jWrapRi7thxN_jpg.rf.8d238f325faa7892be0df64966a5304c.jpg,1,0,1,0,1,0,1,1,0
video-bMrDdfuGsBBSj3ApB-frame-001500-zfY6R48zCA4gFDKJK_jpg.rf.8d6023593a3ccc82015f49beab1de942.jpg,0,0,1,0,0,0,1,1,0
video-aMQG7QCtJKfnEdue5-frame-001316-zd9Sjavku4kitmwH4_jpg.rf.8d627ed5c268c1b5d3fc6760e1cd5b3c.jpg,1,0,1,0,0,0,1,0,0
video-DJYDQTZH7GLCqw3Tx-frame-002414-WpaTJTjBsXpGt69cN_jpg.rf.8ca25702ba14cfb5f9137bc266508165.jpg,1,0,1,0,0,0,1,1,0
video-mBQmysFvQtPK36MsF-frame-004781-bToKHZkDsKzygGrof_jpg.rf.8d31396402042c899dbe6d6544fdda56.jpg,0,0,1,0,0,0,0,0,0
video-AEZAaF8epmvQv5Nfj-frame-013610-tyh2rNmxHRwAeFW2j_jpg.rf.8d670268ffc25a4bd0df955bf39405b2.jpg,1,0,1,0,0,1,1,0,0
video-BvDJ7TewksQCjCtyN-frame-000801-TmQfyv9JzjsKyyJbR_jpg.rf.8d5a37444babc30388b1f246829bb9c3.jpg,0,0,1,0,1,0,1,1,0
video-r68Yr9RPWEp5fW2ZF-frame-003486-Rc9bpkKjAbSyfZrvW_jpg.rf.8d1802ba539ee60ff70ccd9569859e0d.jpg,1,0,1,0,1,0,1,0,0
video-DJYDQTZH7GLCqw3Tx-frame-002947-HvtPxhsXCwMkb6HnK_jpg.rf.8d65f3c6ffa0bbe01156e329478ebca5.jpg,0,0,1,0,0,0,1,0,0
video-DJYDQTZH7GLCqw3Tx-frame-004151-t29sZcLf2NeB7DqRE_jpg.rf.8d61e6a1ab2726e84c6dc057e547c16d.jpg,1,0,1,0,0,1,1,0,0
video-vvYEi6EdCrYXeHwpD-frame-001224-p8rfE64P3sT7iQ8XG_jpg.rf.8d1ab9ba11f514503a1d0cf35f571370.jpg,0,0,1,0,0,1,1,0,1
video-BjSfmxLQqCGjg8tya-frame-000948-GMtqpH7b95y6T6hgd_jpg.rf.8d22a7fa5a15fbdf5fd390074bd542e0.jpg,0,0,1,0,1,0,1,1,0
video-86XuF6pPvWfBCqyNt-frame-002908-8L63Y7L2AdmkNDRto_jpg.rf.8d8e0bd6bd3bf50d0a590296baeb3356.jpg,0,1,1,0,1,0,1,1,0
video-XqruwSRkto63xLX3v-frame-002954-sf5TuyABoF3QfXPDR_jpg.rf.8d8355e2a93b0344ae36a99ae8daed62.jpg,1,0,0,0,0,0,1,0,0
video-r68Yr9RPWEp5fW2ZF-frame-008573-WcRtsA7kbEJKWebY7_jpg.rf.8d955d719c757755701cdc06821ec50d.jpg,0,0,1,0,0,0,1,1,0
video-aMQG7QCtJKfnEdue5-frame-000700-Y4TKrsrD7PT8QbLnz_jpg.rf.8ddf6859fe6712ea02cc2c8af716efdd.jpg,0,0,1,0,0,0,1,1,0
video-rnZseY2bPiYhWEF2m-frame-005478-e2ejCyjTuTed2uARw_jpg.rf.8dc0c7cff51aa94a90357215e1041433.jpg,0,0,1,0,1,0,1,1,0
video-iTrM5ner4KQGLvpdC-frame-003217-FSMy47WKxvq4TdLaX_jpg.rf.8da560a6f26030dbdfcd2f0bc89af650.jpg,0,0,0,0,0,0,0,1,0
video-AkvAvb4X72cnTbbCw-frame-000500-mhsQdyoxK4otD2T5r_jpg.rf.8da49636033051c9c178b69cde57d5f6.jpg,0,0,1,1,1,0,1,1,0
video-5An82wT7iBmfZSwx7-frame-005391-6kEwp7DpRytjaHv4h_jpg.rf.8dbe94e07991647c0394ea5cbe122a74.jpg,0,0,1,0,1,0,1,1,0
video-DJYDQTZH7GLCqw3Tx-frame-005509-Qgqoa9FwBNZEvSFFq_jpg.rf.8dd76faf353a2207f2195580811e9afb.jpg,1,0,1,0,0,0,1,0,0
video-JFiGa9oAAN2queuLt-frame-001404-YcYMGrhDv7tJuME2K_jpg.rf.8dfc98f7287a1b0cee6391076381d702.jpg,1,0,1,1,1,0,1,1,0
video-AEZAaF8epmvQv5Nfj-frame-006710-7WCx2GmhCXvYXasuz_jpg.rf.8de074dabee31bd06b43f3f510ccd692.jpg,1,0,1,0,0,0,1,1,0
video-GXXqNLCqyu72TLx5i-frame-001973-vWSi8r5BYyDuHz27b_jpg.rf.8e003062285b9f2e797ee5063d0a3a4b.jpg,0,0,1,0,1,0,1,1,0
video-JFiGa9oAAN2queuLt-frame-007551-iowhTh2s8tbFBpkaT_jpg.rf.8e435d5d61b66bda048ba05443b1ab7e.jpg,1,0,1,0,1,0,1,1,0
video-eLrXYzMxSL9NCXiQq-frame-002045-ee8ETrjkvXs78EYhw_jpg.rf.8e09de785fbcb91e73f254acb58bfcb7.jpg,0,1,1,0,1,0,1,1,1
video-XCJD9qhzXNoZCn37i-frame-008656-5Q7SMopTTB64qe3ic_jpg.rf.8e2afa3d060f7fa4494ad097b5c9a68c.jpg,1,0,1,0,0,1,1,0,0
video-DJYDQTZH7GLCqw3Tx-frame-006407-4WzQca2TxdsjqMp6S_jpg.rf.8e3fd62e8f239d24b12cc132117dba94.jpg,0,0,1,0,0,1,1,0,0
video-r68Yr9RPWEp5fW2ZF-frame-014510-6RJBHb7WP82WSTTg5_jpg.rf.8e0bbfc22c4edfbf9bc960eabba75e23.jpg,0,0,1,0,1,0,1,1,0
video-BjSfmxLQqCGjg8tya-frame-001128-qLnXqpJWbGa4vNqpu_jpg.rf.8e60a28748bf02439db2de05132e5852.jpg,0,1,1,0,1,0,1,1,0
video-8CvM2BExBLyQFZrK8-frame-001576-fxXSAfYvWNDBDikj4_jpg.rf.8e4d09bad35fdddb4ad139f6b2786b93.jpg,0,0,1,0,1,0,1,1,0
video-dpPsuZToLaq9myAK8-frame-001593-tRHuqqMhFjs3qN9dL_jpg.rf.8e507a5cb883a48f7a61fdada5696c23.jpg,1,0,1,0,0,0,1,0,0
video-AEZAaF8epmvQv5Nfj-frame-006580-XHn3jCqwRahir45eL_jpg.rf.8e34bcd8e75665710e72b03dd378be33.jpg,1,0,1,1,0,0,1,1,0
video-nCxsLGvXK8o25AmXW-frame-014530-4JJRnC3Dq4996mJWn_jpg.rf.8e6d79f10c43a11384a2c926c82db473.jpg,0,0,1,0,0,0,0,0,0
video-KTtJnXH7CcPgLeF2G-frame-004288-vNM5p3X8f3xBoeDTP_jpg.rf.8e71fe1c141f9d3c7c1b4a666075899d.jpg,1,0,1,0,0,0,1,0,0
video-7EPybiwBrzjDKn7TZ-frame-006800-8CGC2BQYG2Yg2o2br_jpg.rf.8ea185b58da06a695d75a8e4471c26a2.jpg,0,0,1,0,1,0,1,1,0
video-dgYrcYcm5G75w2GJc-frame-000422-HuJAKFBSZ4id6mWYQ_jpg.rf.8e6fc35327b74f86741e7c5cdb476db1.jpg,0,0,1,0,0,0,0,1,0
video-5Lwe5DATf4BxKtaiB-frame-001762-p97rsP3LQsf95GX9M_jpg.rf.8e967dfcd15ad5f38bf302e42c9b1b78.jpg,1,0,1,0,0,0,1,0,0
video-evnmmkhaqckdxWa9P-frame-001846-c2x7HibbCfu7ZshN5_jpg.rf.8e7d1bb5e1d5150bd797898d5ef1cc86.jpg,0,0,1,0,1,0,1,1,1
video-nCxsLGvXK8o25AmXW-frame-009247-qKaoz4PSpXA3HrLav_jpg.rf.8ee366044ccc821befabf41828931bfd.jpg,0,0,0,0,0,0,1,1,0
video-2rsjnZFyGQGeynfbv-frame-004532-CJSHta7WiS5vvx4jn_jpg.rf.8ed47746bb1ac3de701f983be8f3d53f.jpg,0,0,1,0,0,0,1,1,1
video-r68Yr9RPWEp5fW2ZF-frame-006786-Sg8NdJaDLtXw5NbCq_jpg.rf.8ebde560a7352f43cb14650ec29e7ca7.jpg,0,0,1,0,0,0,1,1,0
video-aiXLPEvp86raemrsp-frame-002968-ABzDSwwCZRmQZGYoW_jpg.rf.8ec30b4241b508f2a960210e2b8265c8.jpg,0,1,1,0,0,0,1,0,0
video-TTDq3x6HSvFx3YRDH-frame-000540-ujJDzfFNt2Ei4iSKv_jpg.rf.8ebd84382044007da2f218f49b23dee9.jpg,0,0,1,0,0,0,1,1,0
video-aiXLPEvp86raemrsp-frame-007632-XFqQapTZLkRwDj5xX_jpg.rf.8ea3f209a47a9a1c338f7b3cc715d2f0.jpg,1,1,1,0,1,0,1,1,0
video-67ZzTP4GCNj69eNPs-frame-002111-wRfXCWk43hZf9iqF6_jpg.rf.8ecaa099e693474b7ed9d34cc752a30b.jpg,0,0,1,1,1,0,0,1,0
video-DJYDQTZH7GLCqw3Tx-frame-000180-Lg9TAzS3CF9RRQCgF_jpg.rf.8f23ea617a163a42c3f88c680f933226.jpg,0,0,1,0,0,0,1,0,0
video-vbhpsNpMoX2Qbhw2A-frame-000935-qo7cLHe2uy9D7Rbjs_jpg.rf.8ef0c9a73ddb646056955675f005c2f2.jpg,0,0,1,0,0,0,1,0,0
video-5nvtKBPHiNQqpswFE-frame-000300-9tytRvDqD4isrBCn4_jpg.rf.8f1e5de997f4c8610a940fa07287ec7b.jpg,0,0,0,0,0,0,0,1,0
video-G9ZpKLJEKsMheip7b-frame-005550-fiYMejcGoyyfcsvSx_jpg.rf.8f42143a21dedeef1dd567299a9cbec2.jpg,0,0,1,0,0,0,0,0,0
video-sEs53HkN6oRqWdeQK-frame-000807-BJtHCztwppW5ddwyX_jpg.rf.8ef4df997e108d60f6b1c28c48e470ea.jpg,1,0,1,0,1,0,1,1,0
video-aTxg8EcSRQyDvisMX-frame-000356-vdu7MCeGtnveamc84_jpg.rf.8f2de02e43af7e49610340edebd3ac54.jpg,0,0,1,0,1,1,1,1,0
video-r68Yr9RPWEp5fW2ZF-frame-013688-xXebmRAxoS2B6fJne_jpg.rf.8f55cc6b37bdc0952f4a517e099f19e8.jpg,0,0,1,1,1,0,1,1,0
video-GXXqNLCqyu72TLx5i-frame-004704-YGcGGGh4nvX9RxC9G_jpg.rf.8f4848d26382ca0ca1229f3204d86f86.jpg,1,0,1,0,1,0,1,1,0
video-BjSfmxLQqCGjg8tya-frame-005427-t63d3g5b6CmQfK7CS_jpg.rf.8f52c60a9c43bf5d17fd03d7e9aaa80a.jpg,0,1,1,0,0,0,1,0,0
video-r68Yr9RPWEp5fW2ZF-frame-014290-sXsHPYXfKnzKCjanR_jpg.rf.8f117104eceb5c9b3e692297c5a3e582.jpg,0,0,1,1,1,0,1,0,0
video-iS9cAu6Ms3CXQtY92-frame-001570-ReYASoeCb4bpZScyt_jpg.rf.8f5e89fd6e7241aa429fb04c3d3e5597.jpg,0,0,1,0,0,0,0,1,0
video-nodg7n2aFzCWFJBnv-frame-004546-enagWYZydgDD68tzs_jpg.rf.8f623872c270e00f71e68382a47b73ec.jpg,1,0,1,0,0,0,1,1,0
video-WXTMrJkrK8BMoMkxk-frame-001909-dNAXHGrWQ4qezomxe_jpg.rf.8f614d4000bd9c59fbc095d2b12a9051.jpg,0,0,1,1,0,0,1,1,0
video-ydbh3ikFGJFieXswZ-frame-008100-mxCiGQX2qHNRYts9H_jpg.rf.8f6540005ab245864e1c4d530387628e.jpg,0,0,1,0,0,0,0,1,0
video-BvDJ7TewksQCjCtyN-frame-000831-kBoucYRtob4P2MzpN_jpg.rf.8f3a1ed083ac38c942e950bfb671c652.jpg,0,0,1,0,1,0,1,1,1
video-5RBAcNR5F6fB3i6P5-frame-015719-kPaTex8K7D7g9Hu3J_jpg.rf.8f76841154207c7f63d8c0e33f11a24b.jpg,0,0,1,0,0,0,0,1,0
video-Gfv3kbdf5KAYRtPcz-frame-004211-FXvuQMdiGyupvMwKA_jpg.rf.8f7949b6349b3e21c1e6f8e620132502.jpg,1,1,1,0,0,0,1,0,0
video-MoCHppHsM4bnncPmS-frame-002772-3f3eabuCRjskvLChw_jpg.rf.8f8cf7c10e96f8bd58951663ad2c004b.jpg,1,0,1,0,0,0,1,1,0
video-uSr74imQfjLhADgQZ-frame-001512-876EWeRiGC858Epir_jpg.rf.8fa2b98b42730cbb8e27d8099f7ff8de.jpg,1,0,1,0,0,0,1,0,0
video-7EPybiwBrzjDKn7TZ-frame-004711-veuJeJyJ3CvykH9CF_jpg.rf.8f24b93ef508fd007682d8133679c432.jpg,0,0,1,0,0,0,1,0,0
video-KTtJnXH7CcPgLeF2G-frame-003488-36XSvT5uJXFQZyni9_jpg.rf.8fabcaeca8da13a605f7211d98429f88.jpg,0,0,1,0,0,0,1,0,0
video-c3Lxro5s7dbYgdGRp-frame-004784-sPqBG3qyC3gq3bW7b_jpg.rf.8f9c16338606c649fe3d87566ffdfa22.jpg,0,0,0,0,0,0,1,1,0
video-86XuF6pPvWfBCqyNt-frame-003717-oc5cRSxZneKTkjjj6_jpg.rf.8fccbb0938f45e5824d73c35462caa16.jpg,0,1,1,0,1,0,1,1,0
video-jNQtRj6NGycZDEXpe-frame-002440-oXpZTiskb38yxJRZy_jpg.rf.8fb78fe83a380bc254bb5b853d0944e0.jpg,1,0,1,0,0,0,1,1,1
video-r68Yr9RPWEp5fW2ZF-frame-009423-hDdk26PxMB5ao5Lp8_jpg.rf.8fbaf89db4400fe5a8ba6b2223d68f1d.jpg,0,0,1,1,0,0,1,1,0
video-5YffDt2oYT6CDzYHk-frame-002497-F8GSfiTdMAxscrBXs_jpg.rf.8fd00a89936aeea73b7d38c7253da147.jpg,0,0,1,0,1,0,1,1,0
video-r68Yr9RPWEp5fW2ZF-frame-006346-ysuNPcEQqxYdDLm75_jpg.rf.8fa9f1c950d0c78bae04c4c2bea2ed30.jpg,0,0,1,0,0,0,1,1,0
video-BjSfmxLQqCGjg8tya-frame-007258-um82iG5dfLwfmiDjc_jpg.rf.8fbdda4e93fd535a4cb40f5e597e82c8.jpg,0,0,1,0,0,0,1,1,0
video-Gfv3kbdf5KAYRtPcz-frame-004091-JybEhYfTmke7tQNdr_jpg.rf.8fd6b7bf569c62463fc78db8689c476c.jpg,1,0,1,0,0,0,1,1,0
video-DJYDQTZH7GLCqw3Tx-frame-004421-nSYxRRGmKpaBaf8tr_jpg.rf.8fe6669132875a59a8469fd590939c11.jpg,1,0,1,0,0,0,1,1,0
video-vvYEi6EdCrYXeHwpD-frame-002446-24thDFiFrP3iFuP3a_jpg.rf.90423cce5c596ac9f07bea6afa83f740.jpg,0,0,1,0,0,0,0,1,1
video-DJYDQTZH7GLCqw3Tx-frame-003951-BexzLmsMcjHSc8Gab_jpg.rf.8ff55147278296833e494f28bd27fbcf.jpg,1,0,1,0,0,0,1,0,0
video-gwN2KCXHzE6CQJ85P-frame-004800-9BAcHsF2uQcntFite_jpg.rf.90016c9bcc9044e27721e5675014fdbf.jpg,0,0,1,0,0,0,0,0,0
video-aMQG7QCtJKfnEdue5-frame-001027-c4QcTLt3eQhQwAoLd_jpg.rf.90457f4f22c4a2f0f5485f705a88fe58.jpg,0,0,1,0,0,0,1,0,0
video-AEZAaF8epmvQv5Nfj-frame-013500-RdMCzZ6EEhm4MP2Dk_jpg.rf.903adfc11c6624eb8f7ceaa9703a3290.jpg,1,0,1,0,0,0,1,0,0
video-Jbg7v6iuvSJavrMsD-frame-010800-h5i3E5YJG6kkSb9sQ_jpg.rf.8fd71908595282c016984a8647adb0b9.jpg,0,0,0,0,0,0,0,1,0
video-AEZAaF8epmvQv5Nfj-frame-008790-7nTA7dAc2q7jJoADu_jpg.rf.904494097d8d6057630f6fcc1257afef.jpg,1,0,1,0,0,0,1,0,0
video-XCJD9qhzXNoZCn37i-frame-005410-3q22ZzJhexBej5MF5_jpg.rf.903f4ac83efae678724fcbb6863bdca4.jpg,0,1,1,0,1,0,0,0,0
video-rnZseY2bPiYhWEF2m-frame-003114-LSEwYqJoBAwDWWSA3_jpg.rf.8fa7e7acdc586ef8918f6c562f1855de.jpg,0,0,1,0,1,0,1,1,0
video-AEZAaF8epmvQv5Nfj-frame-008620-PhbKmTmC4NE3hSuuJ_jpg.rf.905a1b873dae9582937c47f887b38935.jpg,1,0,1,0,0,0,1,0,0
video-r68Yr9RPWEp5fW2ZF-frame-013708-AxXwYxpnxc7guYjtG_jpg.rf.90166c62f9dbdfb164b395f272b082eb.jpg,0,0,1,0,1,0,1,1,0
video-JFiGa9oAAN2queuLt-frame-004817-b6YKYMMLcrSbR9tQ8_jpg.rf.904abeddbd2f110d935887a466fec645.jpg,0,1,1,1,0,0,1,0,0
video-ZicHYAPRYGdu82nAa-frame-002679-SKHBoaHS9WaiCqNHG_jpg.rf.905625266c0ffd51477471d50ee37a28.jpg,1,0,1,0,1,0,1,1,0
video-mBQmysFvQtPK36MsF-frame-001586-LEo56Ym9DRQT8YbC6_jpg.rf.9081869e2d2a17d1125bd29f36d3cdc5.jpg,0,0,1,0,0,0,1,0,0
video-wGdqQimawNX3RYv76-frame-005229-RWdft2bWkpKvBGKkz_jpg.rf.90bd3cf3bf67fdd869793fd01e021e91.jpg,1,0,0,0,1,0,1,1,0
video-aMQG7QCtJKfnEdue5-frame-003483-umCjxhXQB3DoK8dBE_jpg.rf.909a6b5230332f253aeff78cc68b6177.jpg,0,0,1,0,0,0,1,0,0
video-WiuWWrsHrJsDcfFzg-frame-009078-LYsSzqMFGCzMuaZF6_jpg.rf.90c50f11edb81d28b4b665c817977b24.jpg,1,0,1,0,1,1,1,1,0
video-5YffDt2oYT6CDzYHk-frame-001177-tEPoF6wEPNGEMF76u_jpg.rf.90b57229160dbe9c079ca6df40c2f490.jpg,0,0,1,1,1,0,1,0,0
video-DJYDQTZH7GLCqw3Tx-frame-004061-YXEaxRnjzQQPtFPdC_jpg.rf.909849d5d7806c197d8b2fef22a9b979.jpg,1,0,1,0,0,0,1,0,0
video-2SReBn5LtAkL5HMj2-frame-000951-vhmqWWsgX7iQy65jf_jpg.rf.90e7b88ffafd4127b3cceed1737377ec.jpg,0,0,1,0,1,1,1,1,0
video-ZicHYAPRYGdu82nAa-frame-001200-fGangpBtNHBfxmftH_jpg.rf.909db11f2fa42414cc82635b892f13d9.jpg,0,0,1,1,1,0,1,0,0
video-jNQtRj6NGycZDEXpe-frame-005552-5osWqZGjRThXTiuSz_jpg.rf.90d256e8595fca39e7c7af1c2e227f2e.jpg,0,0,1,1,0,0,1,1,0
video-5RBAcNR5F6fB3i6P5-frame-004919-YYeyscygnAiKSAz9X_jpg.rf.90c82e45b6d54d749a158c042e5c89ee.jpg,0,0,1,1,0,0,0,0,0
video-5YffDt2oYT6CDzYHk-frame-001337-yq367JMf2hnquJwiA_jpg.rf.90eb006f1d0e01c9238efbf981ffbadf.jpg,0,0,1,1,1,0,1,1,0
video-iTrM5ner4KQGLvpdC-frame-003247-owKMSX3RRWp84HSpA_jpg.rf.907e37ad29a9c52865b51ee6d80c9494.jpg,0,0,1,0,0,0,0,0,0
video-ELruYFQjkqpZnir29-frame-001381-6hr3SeFeb7ShZk2Cu_jpg.rf.90f09fe01a4346aff8373d5bce8e63d1.jpg,0,0,1,0,0,0,1,0,0
video-KTtJnXH7CcPgLeF2G-frame-001866-uT9wi9pt92o78MEsn_jpg.rf.90477484ec12df8682c34c12f201e60e.jpg,0,0,1,0,0,0,1,0,0
video-2Af3dwvs6YPfwSSf6-frame-000600-7xocuSbRZZqCuKzRo_jpg.rf.9110ff47a5235a832a9086ac0223ab89.jpg,0,0,1,1,0,0,0,1,0
video-DJYDQTZH7GLCqw3Tx-frame-002364-8dW3mLdskgRckDpug_jpg.rf.90900accf053603563f3b77f31698bf6.jpg,1,0,1,0,0,0,1,1,0
video-aMQG7QCtJKfnEdue5-frame-001301-gkfzLZ9E2EtuxdoiS_jpg.rf.90e756f8d40d2809b64628b5f856c001.jpg,1,0,1,0,0,0,1,0,0
video-r68Yr9RPWEp5fW2ZF-frame-008913-3hDxGbyxwmMiYi793_jpg.rf.9180a1bcf7c175697ad1a6692481577d.jpg,0,0,1,0,0,0,1,1,0
video-j884P5ZjKNEm9pq56-frame-000450-qpPhYbkpFDkM2KXQR_jpg.rf.913801d86f6aa280603057ad9250003e.jpg,0,0,1,0,0,0,0,0,0
video-AEZAaF8epmvQv5Nfj-frame-015601-WMTbPLDtuKmomykrY_jpg.rf.911fafee33d721bb79dc41172d8343fe.jpg,0,0,1,0,0,0,1,0,0
video-DJYDQTZH7GLCqw3Tx-frame-004926-LLfNxjLxPaZqavSot_jpg.rf.9130d022fe09ca19b2be703ea88be761.jpg,0,0,0,0,0,0,1,1,0
video-6WgZhpFdCJP3a2cWi-frame-002800-5hCGY8pLnnbsQCWtf_jpg.rf.910c582c972eaf8204eb2c35899d1ab0.jpg,0,0,1,0,0,0,0,1,1
video-XqruwSRkto63xLX3v-frame-005460-eaBBXar6GzuJbx29r_jpg.rf.90faa56e9de8f8e3d76c6ab3fe2033cd.jpg,1,0,0,0,0,0,1,1,0
video-rnZseY2bPiYhWEF2m-frame-000784-Jv6Xnf9PH6u5eDLko_jpg.rf.911f5418dadc6b3c10cdd5b84ce1f3cc.jpg,1,0,1,0,1,0,1,0,0
video-S5osy2ei487eAM2fw-frame-002189-c9ePjD3iYYfCGEmwg_jpg.rf.912b698c9a0b370eee65a532629563ca.jpg,0,0,1,0,1,1,1,1,0
video-aTxg8EcSRQyDvisMX-frame-000178-TYh8kzw4cA8LyGk3r_jpg.rf.91856170ac0864dfb1db9f9457ea117a.jpg,0,0,1,0,0,1,1,1,0
video-JFiGa9oAAN2queuLt-frame-014402-3CoutXbFzMdp9iP6u_jpg.rf.918917dadbf3daadf75ecb383be90bdc.jpg,0,0,0,0,0,0,0,1,0
video-iFWh9r9TJWmTzTrha-frame-000056-PJdYbPQjYWdxuK9i5_jpg.rf.918b22128ce8957349f6317ee4d69ba1.jpg,0,0,1,0,1,0,1,0,0
video-5YffDt2oYT6CDzYHk-frame-000677-FbjvFeMGhZRqSGeDu_jpg.rf.911aa1718f8e7242cdd1678522c5bbf9.jpg,0,0,1,0,1,0,1,1,0
video-r68Yr9RPWEp5fW2ZF-frame-001586-efnEvdWiZrGTFbrtR_jpg.rf.91533dc7546b91c42a7f8722c70a9066.jpg,0,0,1,0,1,0,1,1,0
video-DJYDQTZH7GLCqw3Tx-frame-007510-kN785asWPxAgQwSw3_jpg.rf.9161139574de1175d0a82e5b53dd8f48.jpg,1,0,1,0,0,0,1,1,0
video-GXXqNLCqyu72TLx5i-frame-003881-YTAtDSAiJyqpd3LSn_jpg.rf.9175367ace0b3b9bca77263d192f4e10.jpg,1,0,1,0,1,0,1,0,0
video-ooW42bEtJrR4gufJr-frame-000600-9xcDMH4d3D4TJBPC8_jpg.rf.91099602bf7bae2ca2405ab3fc23e09b.jpg,0,0,1,0,0,0,0,1,0
video-iTrM5ner4KQGLvpdC-frame-003952-tpCQNd24DBEphgAmD_jpg.rf.91a6949428362e8f50c77e4db1fac11a.jpg,0,0,1,0,0,0,1,1,0
video-49ZHZYTfjWxQXmrQs-frame-007500-uxKKDgoGigfXpQXAq_jpg.rf.91ad249e9f4ee6863ddb71e37dc6f920.jpg,0,0,0,0,0,0,0,1,0
video-FWQff8BQpTRSt9hfA-frame-000300-fp2Jv6PpGDNGfSnwp_jpg.rf.91bcb97f97b127bc9ea9020d6dacf9af.jpg,0,0,1,0,0,0,0,1,0
video-r68Yr9RPWEp5fW2ZF-frame-003096-CJ8bNJEXnt6eaqiLj_jpg.rf.91d0126d26602dc25dcc4e9863a29212.jpg,0,0,1,0,1,0,1,1,0
video-WGCm6DTcSjgg7FgMm-frame-006300-mXAzyhfE2MuqNmSYx_jpg.rf.912ce60e5cff717e73c6653fb6d0eb69.jpg,0,0,1,0,0,0,0,0,0
video-adR56jeLozpyonfJ4-frame-003600-q2tko9YjjHPDgeswf_jpg.rf.920bf63d843e1282a9f990474fdd71d8.jpg,0,0,1,0,0,0,0,1,0
video-Gfv3kbdf5KAYRtPcz-frame-001002-6q93jkgCHzh6fKcq7_jpg.rf.91da3bd980c4002bd2c183a3c742d223.jpg,1,0,1,1,0,0,1,1,0
video-AkvAvb4X72cnTbbCw-frame-002124-F2FPJauWdJ7NkxfJF_jpg.rf.91b442a152d0e8d39bc380f651ddfefe.jpg,0,0,1,0,0,0,1,1,0
video-adR56jeLozpyonfJ4-frame-000000-3jjZpJXad28MqKASk_jpg.rf.91b30d46d9cdacdce101b470bb32aef3.jpg,0,0,1,0,0,0,0,1,0
video-KTtJnXH7CcPgLeF2G-frame-003743-qkKS2ob7BCSZAWhGY_jpg.rf.91e43ff885e0b996698ac9cbbf017f41.jpg,0,0,1,0,0,0,1,0,0
video-rnZseY2bPiYhWEF2m-frame-003545-ximtBH5amBhghiezZ_jpg.rf.9223903fe8553d73142e0804612a61b1.jpg,0,0,1,0,0,0,0,1,0
video-iTrM5ner4KQGLvpdC-frame-003922-nxQCnafDgmr8ixPbS_jpg.rf.91f00e70ee257ab960a6a20e3810b44c.jpg,0,0,1,1,0,0,1,1,0
video-nodg7n2aFzCWFJBnv-frame-000260-CTpPrx3CB7Fdgwfec_jpg.rf.91f425dc34ad12574f86cd49991c6d67.jpg,0,0,1,0,0,0,0,1,1
video-BjSfmxLQqCGjg8tya-frame-003701-HPWYkiwiY9sKB3GxQ_jpg.rf.9224e261b788eae69b9e8033840d0061.jpg,0,0,1,0,1,0,0,1,0
video-TEAocgWiwwMWxYtgJ-frame-003184-uf9ainK4qESmNtiJa_jpg.rf.920b34ddfbe36c102ad1b02ef7450b30.jpg,0,0,1,0,0,0,1,1,0
video-TTDq3x6HSvFx3YRDH-frame-007298-EXQNDs7XXmfiP7vwX_jpg.rf.91c64337a4c203faaa653805f7e38b79.jpg,0,0,1,0,0,0,1,1,0
video-KTtJnXH7CcPgLeF2G-frame-003928-v4BwmnDQEXLJdTjJF_jpg.rf.91ebcc95e9eccbdc4e63c074e821c8b3.jpg,0,0,1,0,1,0,1,1,0
video-AEZAaF8epmvQv5Nfj-frame-013480-JWqgv8WjYfx92iWo8_jpg.rf.919ca28d71425187d6623c9f9a8f0709.jpg,1,0,1,0,0,0,1,0,0
video-BjSfmxLQqCGjg8tya-frame-000963-KkcToGJFPAsGhXFNe_jpg.rf.9211db17097318449283c98aea38f77e.jpg,0,0,1,0,1,0,1,1,0
video-JFiGa9oAAN2queuLt-frame-002957-8LY4vRZiYPbEPtGnE_jpg.rf.91f3ac553a7e41ffc5a63cb8a08f7ec1.jpg,0,1,1,1,0,0,1,0,0
video-BvDJ7TewksQCjCtyN-frame-000606-o8kbsexZQcipknXX5_jpg.rf.923fc8ac3b108625ed5cb864f83a389c.jpg,0,0,1,0,1,0,1,1,0
video-GMDwNs5TdqejpF4vu-frame-000888-Fxi3fHAbGKXBNP575_jpg.rf.9297d66f56b65d01919b4ef596d39234.jpg,0,0,1,0,0,0,1,1,0
video-5Lwe5DATf4BxKtaiB-frame-000448-n7D9Rf8jkKBh5TAN9_jpg.rf.91ccd7f36dc05df47c5510eb9c9a6b12.jpg,1,0,1,0,0,0,1,1,0
video-dgYrcYcm5G75w2GJc-frame-005064-Wv4JHXMz7b83nxw7d_jpg.rf.923cd99c344d276ca1ca66e8263959d5.jpg,0,0,1,0,0,0,0,0,0
video-a9TgkAvMGtM2gXpdj-frame-014224-kWpEoLPb5osrEKXmp_jpg.rf.922b5f98611d7d391134e48a33a4dcc6.jpg,1,0,1,0,1,0,1,1,0
video-WiuWWrsHrJsDcfFzg-frame-001102-pCF3LxKmqinF5XsuX_jpg.rf.9239ea7af37d9472ad415975cb2f2d5f.jpg,0,1,1,0,0,0,1,0,0
video-rnZseY2bPiYhWEF2m-frame-003735-sFccyB7mSxRZa4utj_jpg.rf.929a8f4682f7a387d865761b1549d7cc.jpg,0,0,1,0,1,0,1,0,0
video-AEZAaF8epmvQv5Nfj-frame-010636-6NNm5d75ytd8SEMP5_jpg.rf.9234890af90a54351138e48b0c3c9cc4.jpg,1,0,1,0,0,0,1,1,0
video-sEs53HkN6oRqWdeQK-frame-000777-q3enZhwakuFnnpRwq_jpg.rf.92a325fcadcbada9b7b06514d6c89adf.jpg,1,0,1,0,1,0,1,1,0
video-QvjyFt7jvqczmaoNZ-frame-003999-yvE4DJX7fX6YDoP6J_jpg.rf.92acdc05c9ca8e87c7fc5786c582d3a4.jpg,1,0,1,0,0,0,1,1,0
video-TTDq3x6HSvFx3YRDH-frame-001019-n5MjHGYAHKHSj7u78_jpg.rf.927d7033d27bd52a67ba861675912346.jpg,0,0,1,0,0,0,1,1,0
video-o68zKob2nb8QMktLF-frame-000391-vH29ZX8jdCzFjcpAv_jpg.rf.92e25572e9a5f0eda0444d088f78304b.jpg,0,0,1,0,0,0,1,1,0
video-kDDWXrnLSoSdHCZ7S-frame-003213-eFjYvrAYyBYkfTyu4_jpg.rf.92e770f05895dd2875dd8800964432ea.jpg,1,0,1,0,0,0,1,1,0
video-a9TgkAvMGtM2gXpdj-frame-010241-EDFiCWG5fMeGZBxHf_jpg.rf.92a602e64902835c13abaf80b0f3476f.jpg,0,0,1,0,0,0,1,1,1
video-iS9cAu6Ms3CXQtY92-frame-002649-CMPQa2PKPjoS5XCbk_jpg.rf.93014fd55bdca1acbe569a5507d8f82f.jpg,0,0,1,1,0,0,0,1,0
video-7EPybiwBrzjDKn7TZ-frame-003187-TrmqPLSR6dKBfrRpi_jpg.rf.92dd71538b1cc141700dd53d34cc724b.jpg,0,0,1,0,0,1,1,1,0
video-JFiGa9oAAN2queuLt-frame-002667-Rhug5Lz2EKxSBR8ev_jpg.rf.92db737d2bc9d22d9ca64e9f88cc64ee.jpg,0,1,1,1,0,0,1,1,0
video-DJYDQTZH7GLCqw3Tx-frame-008180-TceDX7PEvTbqMBseS_jpg.rf.930ba70d93ec15479bd9dd66df281624.jpg,0,0,1,0,0,0,1,1,0
video-TxNGEKRyWMf6Q7hS2-frame-000984-hrsTZSFm5mbJJSotr_jpg.rf.930dc4262e870c16d158c433ce4bfc72.jpg,0,1,1,0,0,0,0,1,0
video-8CvM2BExBLyQFZrK8-frame-000308-r3PjXydGv65TDNeSS_jpg.rf.930013e2c4d89925d64648284292f2d5.jpg,0,0,1,0,1,0,1,1,0
video-5YuhMWusfM3ZMtvDx-frame-007530-szuJcHqPrZZ2HrEXb_jpg.rf.93152a9012286532fb9d0ec04b7ac29d.jpg,1,1,1,0,0,0,1,1,1
video-nodg7n2aFzCWFJBnv-frame-002782-63QTzcSMgEJdqfg6N_jpg.rf.934d9b6efd3db281a052c4a7ad80aa99.jpg,1,0,1,0,1,0,1,1,0
video-2MbnnGTv27EBLGqiQ-frame-002700-B6syJrG6Jbr8GBnmQ_jpg.rf.9344d656d35051ecfd4172c8c2a315a3.jpg,0,0,1,0,1,0,1,1,0
video-r68Yr9RPWEp5fW2ZF-frame-006066-CfADvPjsLj4d3hwRP_jpg.rf.932575a81f3b2d9dfb6755465ffbbe8c.jpg,1,0,1,0,0,0,1,1,0
video-DJYDQTZH7GLCqw3Tx-frame-004221-P47Sq7v38wmJ2ZaSt_jpg.rf.93446fc1c96ae500505069916cafca96.jpg,1,0,1,0,0,0,1,0,0
video-5YffDt2oYT6CDzYHk-frame-001964-hxk9n9Qz3Awa7cK3i_jpg.rf.9332dbbd7be99a9009995ffdaec7351e.jpg,1,0,1,0,1,0,1,1,0
video-eLrXYzMxSL9NCXiQq-frame-004096-HSA3BtBLND5dQD2q4_jpg.rf.932fec48fae7c9a7106736fa0b11625c.jpg,1,1,1,0,0,1,1,0,0
video-dpPsuZToLaq9myAK8-frame-005637-Rqa8vRoCovb466ijM_jpg.rf.938631eb8aad9b46e72480dc30b66afb.jpg,1,0,1,0,0,0,1,1,0
video-r68Yr9RPWEp5fW2ZF-frame-000123-qtju2uHAFhiP7enAK_jpg.rf.933c18286404ed043a963016e1f501ed.jpg,0,0,1,0,1,0,1,1,0
video-muKWZNM2FxQoStMQh-frame-002309-WPAhheYmXJyZPqAH7_jpg.rf.934dde4c7680bc0dd51e6e5dd516138d.jpg,0,1,1,0,0,1,1,0,0
video-KTtJnXH7CcPgLeF2G-frame-002409-sagHTqP5Hd9gPfgo2_jpg.rf.938685a74bed003a6fe953076744bf16.jpg,0,0,1,0,0,0,1,1,0
video-r68Yr9RPWEp5fW2ZF-frame-013478-DqYZr9WaPDnB9wKMq_jpg.rf.93421169b90a0a6bb81dff03dd748713.jpg,1,0,1,0,1,0,1,1,0
video-4dy5Hhcg93BTyG9KZ-frame-001021-MzkByogMqxatXfuPe_jpg.rf.9331adf2f056986ddbedcd07cc47b54e.jpg,1,0,1,0,0,0,1,0,1
video-fZKBh7mRSKHjXS2zk-frame-008250-FpD2B3zAs8vQcctF3_jpg.rf.93a512aa94908c579950ac575f69cbfc.jpg,0,0,1,0,0,0,0,0,0
video-r68Yr9RPWEp5fW2ZF-frame-006206-vWCQ8w4Et23eRpu7J_jpg.rf.9356b6e174928d943eb0b4d31ac86e12.jpg,1,0,1,0,0,0,1,1,0
video-AkvAvb4X72cnTbbCw-frame-002246-FSAmJWFDXrLEHC8Hq_jpg.rf.93e9cdd1728fcda53b83d9fd84eeed3f.jpg,0,0,1,0,1,0,1,0,0
video-5An82wT7iBmfZSwx7-frame-007285-AbTNDQuzMJLxeCeFB_jpg.rf.935e9ec81b199d6daa9d43b1b423524e.jpg,0,0,1,1,1,0,1,1,0
video-vbhpsNpMoX2Qbhw2A-frame-005831-BtTQgdaDFMNmcZZHE_jpg.rf.936de7f4ad65ce8e742d411326f52e99.jpg,0,0,1,0,0,0,0,0,0
video-AEZAaF8epmvQv5Nfj-frame-015771-Mcs4NZbagxmtyZsPX_jpg.rf.93df6af063b6dcf2cabb8545116ea345.jpg,0,0,1,0,0,0,1,1,0
video-ooW42bEtJrR4gufJr-frame-004200-dGMCqzD85cFNip5WY_jpg.rf.94206c03c766dbd7463a656646fc9dd4.jpg,0,0,1,0,0,0,0,0,0
video-GzdKTLbkG5F7gAunM-frame-000479-nvcQASNCzmahTcagj_jpg.rf.944829cd3a8b459478b3e5c233aef662.jpg,0,0,1,0,1,1,1,1,0
video-4KhLCjoeEmjGBaRLQ-frame-001380-YvS6bxw5h6HCX6bEB_jpg.rf.94155dd8cd84631d3a5f254b3d976d64.jpg,0,0,1,0,1,0,1,0,0
video-yNoh5QQAPbR9Afm4i-frame-001351-S2633pmKQj4jtKWeK_jpg.rf.949d39b15a2566cd6167155c4dd8acc6.jpg,0,1,1,0,1,1,1,0,0
video-iFWh9r9TJWmTzTrha-frame-006750-GYoueaxrFYHGYJxoL_jpg.rf.9441e4f21024a11dc024c806ae672285.jpg,1,0,1,0,1,0,1,1,0
video-KTtJnXH7CcPgLeF2G-frame-001746-6ZDBK2ofZgCnQy3kF_jpg.rf.946308efad62678731d205416ef7b685.jpg,0,0,1,0,0,0,1,0,0
video-Gj7ejTPCZZnD5YwPv-frame-000540-zzNPptkdjsMDAixgE_jpg.rf.9472e7f1b850a95074bc8fac7c1643ae.jpg,1,1,1,0,1,0,1,1,0
video-BjSfmxLQqCGjg8tya-frame-001443-efmi3jYpgEQmm7sWp_jpg.rf.9488f53d47a90bf68b7145947ad0c37a.jpg,0,1,1,1,0,0,1,0,0
video-KTtJnXH7CcPgLeF2G-frame-003548-mXBQaouxgK9SvJLmj_jpg.rf.93e658aaabc99d5e9a0efdb3df19bc52.jpg,0,0,1,0,0,0,1,1,0
video-vbhpsNpMoX2Qbhw2A-frame-000454-vNvy7ybvF8Tcy5byA_jpg.rf.94ce8e87722bda19df76ee3ddb16ecd2.jpg,0,0,1,1,1,0,1,1,0
video-aiXLPEvp86raemrsp-frame-001908-JsCeiGSziPkS2nzQd_jpg.rf.94dfc0ad2958e13a19fc22aa79d68a38.jpg,0,1,1,0,1,0,1,1,0
video-aMQG7QCtJKfnEdue5-frame-001481-bQKuycKFhHqvMRg8i_jpg.rf.946a81c8fd4f4855616cf74e27d8a712.jpg,0,0,1,0,0,0,1,0,0
video-aMQG7QCtJKfnEdue5-frame-000832-ErqJSwKNSPmRuDEre_jpg.rf.948f21ff5342d494ae974988dc6aaeac.jpg,0,0,1,0,0,0,1,1,0
video-DJYDQTZH7GLCqw3Tx-frame-005186-cMdJ5KfgmrXaSajzn_jpg.rf.94e06691739bb228dd4f1ba01ba9e1a6.jpg,1,0,1,0,0,0,1,0,0
video-AEZAaF8epmvQv5Nfj-frame-014931-bTX8uQtiBXa3uEmFZ_jpg.rf.94d7ece317ba59756049e6ea33994776.jpg,0,0,1,0,0,0,1,0,0
video-idbEkd82DJQ5RxW8M-frame-001350-tp7xT4XNGmeD8zujs_jpg.rf.94a551650b81b7153969b27080770515.jpg,0,0,1,0,1,0,0,1,1
video-qmuvFTzLkR28JMp7r-frame-000446-w2YMnfabzSwRYNyvG_jpg.rf.94fc279b64a4950949ac5dc0038947a3.jpg,0,1,1,0,1,0,0,0,0
video-4E8nAe7bkHkSZfpjq-frame-008100-wKrB8P7yhtQqB6AqG_jpg.rf.94d70ba496d890d6deb154b7317ee644.jpg,0,0,0,0,0,0,0,1,0
video-8CvM2BExBLyQFZrK8-frame-000998-wmeSJjHHHa7C2oPPk_jpg.rf.9505bf810c94df40874631f8c1bf9bb1.jpg,0,0,1,0,0,0,1,1,0
video-AEZAaF8epmvQv5Nfj-frame-010836-Aqf5FuHvffFFXrvor_jpg.rf.94f82cf748be442b28c4bfc52ab56b7c.jpg,0,0,1,0,0,0,1,0,0
video-5v4MPkCMGEKPfroxc-frame-001182-fGnXRn4shM844L57W_jpg.rf.95252a8e6702d5235b5551ff600483cb.jpg,0,0,1,0,0,0,1,1,0
video-YzRKMLLSDnZLFpPmg-frame-010659-i82e7FQkJvori7rXo_jpg.rf.950a960c612a2c97d98027fa10cbcfe6.jpg,0,1,1,0,0,0,0,1,0
video-yNoh5QQAPbR9Afm4i-frame-001559-fMNDJjKZ7FzYNChAP_jpg.rf.9510c7982b3313eff0eccd938dc9e813.jpg,0,1,1,0,1,1,1,1,0
video-AEZAaF8epmvQv5Nfj-frame-017042-Qk4R8SadJ332SrqPZ_jpg.rf.9520c06cad804005ed59bf8a971e72bc.jpg,1,0,1,0,0,0,1,1,0
video-7yaY3LisuPdNyfZH9-frame-002411-y6a6E8zTZyyB8muWe_jpg.rf.95697c75c09f55df9f80dcb1a35d132b.jpg,1,0,1,0,1,0,1,1,0
video-r68Yr9RPWEp5fW2ZF-frame-011063-aHT3mZoFEXRxd858W_jpg.rf.957a2edad0ad49517547637f7675af3a.jpg,0,0,1,0,1,0,1,1,0
video-aiXLPEvp86raemrsp-frame-003816-MoPAK8NtEFCanxYFE_jpg.rf.953f819622b20b5dc5a8506a826c3e27.jpg,1,1,1,0,0,0,1,0,0
video-G6FT88p5kgvAR2Y92-frame-003300-MXRXnm8rSx6z9brK2_jpg.rf.956c09e193fce70e8df3b793ea23198c.jpg,0,0,1,0,0,0,0,1,0
video-iTrM5ner4KQGLvpdC-frame-003412-CuenZtHphyqJks6bm_jpg.rf.9567d8368acae5ec6f912f348b14b1cd.jpg,0,0,1,0,0,0,1,0,0
video-iTrM5ner4KQGLvpdC-frame-003292-TjQfDTemkP5uTFyWv_jpg.rf.955beac660fd6989b2a0c32b3fae625f.jpg,0,0,1,0,0,0,1,0,0
video-5An82wT7iBmfZSwx7-frame-005331-aRzr3nuhpo8j79i2P_jpg.rf.958fdfad3f1f39558b821971079b822e.jpg,0,0,1,0,1,0,1,0,0
video-AEZAaF8epmvQv5Nfj-frame-015471-9KQMHZKrYDWcp7Z5E_jpg.rf.953359c0aadd91b8bdbd3d2d589976c3.jpg,0,0,1,0,0,0,1,0,0
video-bk2x9u9JivsWRS9Nk-frame-007194-nnSevEGxLebhEzrZf_jpg.rf.9565f4921eeaf4271a5d9ef29bb0daa6.jpg,0,1,1,0,1,0,1,1,0
video-nCxsLGvXK8o25AmXW-frame-001811-ZkvN9hx6h36TYMZZP_jpg.rf.9582d8a4f2b11db6bea72cbf48d3d342.jpg,0,0,1,0,1,0,1,1,1
video-nodg7n2aFzCWFJBnv-frame-003007-Xi6yrHDT92zETcJ3S_jpg.rf.958341e1039468891b40e304b2e70b04.jpg,1,0,1,0,1,0,1,1,0
video-86XuF6pPvWfBCqyNt-frame-005053-QuNcvZCumztavps56_jpg.rf.94646b7ce6d4a17995559ce3fdaa6529.jpg,1,0,1,0,1,0,1,0,0
video-DJYDQTZH7GLCqw3Tx-frame-004091-jrYyERrJEXg7EXt4y_jpg.rf.9587216036f6eff5f68524ff7ae20b50.jpg,1,0,1,0,0,1,1,0,0
video-rzDLT664bgLJ29B2f-frame-004050-q3et87nSPeWNWgCQ4_jpg.rf.959b67a8c3d3ff751890f5a4d0b2d570.jpg,0,0,0,0,0,0,0,1,0
video-2rsjnZFyGQGeynfbv-frame-006592-cnyXfveep444e9fJp_jpg.rf.95c3efe20270d228f4fe3b9d879d832b.jpg,0,1,1,0,1,0,0,0,0
video-8CvM2BExBLyQFZrK8-frame-007686-YuMoBs3KfHxqmupZT_jpg.rf.95bc285fa0121f23f7b168b6f57be6a0.jpg,0,1,1,0,1,0,1,1,0
video-qmuvFTzLkR28JMp7r-frame-000466-RRfn9DxkvFadH93hy_jpg.rf.95e2d278d97d107d3d39b433a1efeab8.jpg,0,1,1,0,1,0,1,0,0
video-iFWh9r9TJWmTzTrha-frame-000407-4q52oQMndnW5njAyn_jpg.rf.95cc15fb4a0ce0955a5cea65ca05d483.jpg,0,0,1,0,0,0,1,1,0
video-5An82wT7iBmfZSwx7-frame-000809-xrfojvZadrXtr3PDF_jpg.rf.95b994dd40ac88fed5f71ac256a19181.jpg,0,0,1,0,1,0,1,1,0
video-AEZAaF8epmvQv5Nfj-frame-006500-dvvuwnrmrgAbFuEP7_jpg.rf.9633b422c88b35bb9a38d679f3fabfd6.jpg,1,0,1,0,0,0,1,1,0
video-iTrM5ner4KQGLvpdC-frame-003337-q7LYfeS9PQEsrwz3A_jpg.rf.9600f86f6cf14c31eb65f80c82703346.jpg,0,0,1,0,0,0,1,0,0
video-SyzNY82LYZrhkPH7x-frame-000306-NroHroXYjFPbgbbYL_jpg.rf.9603cf7d339330a65f0a19b43ce923d1.jpg,0,0,1,0,1,0,1,1,0
video-XqruwSRkto63xLX3v-frame-001500-F7iPLMGtrfRQBctXS_jpg.rf.961719c857614592a042842e73678cef.jpg,0,0,0,0,0,0,0,1,0
video-KTtJnXH7CcPgLeF2G-frame-004243-4MYBaKdAd96x6k7aH_jpg.rf.95c9170435e342aa16d90475bd7477d1.jpg,1,0,1,0,0,0,1,0,0
video-vbhpsNpMoX2Qbhw2A-frame-001595-foBwx8LWBKF9GPLLg_jpg.rf.961f1b21e086af1163cf83f3e5f8a27f.jpg,0,0,1,0,1,0,0,1,0
video-fg5eBhFE7kHyXPtBi-frame-003218-sQnfjEHciTKYDpTWz_jpg.rf.95fef983167c3dc77730853e78f6ba8d.jpg,0,0,1,0,1,0,0,1,0
video-r68Yr9RPWEp5fW2ZF-frame-003636-M9kbKJsstgx84PXjb_jpg.rf.964cf71c86a24ea77bba5feb2185a816.jpg,0,0,1,0,1,0,1,1,0
video-2MbnnGTv27EBLGqiQ-frame-002100-fc6cRYXc6SFtDHFjZ_jpg.rf.964e2c5eb7b0cf6bf44b2f2280ce5249.jpg,0,0,0,0,0,0,1,0,0
video-49ZHZYTfjWxQXmrQs-frame-009000-BAHeYY83CoyyBHcLk_jpg.rf.963808673a1f1fb95cb1f02456099e3b.jpg,0,0,1,0,0,0,0,1,0
video-ipHbyAv8iW9kmxTGj-frame-004070-5TEn9WDdxzY33xcgz_jpg.rf.961f06673fa727d66897f5b7192b3374.jpg,0,0,1,0,0,0,0,1,0
video-WGCm6DTcSjgg7FgMm-frame-005400-ZCbtx2WjpJn7KGCtb_jpg.rf.969dee15abbb98229ff7b2707079cefa.jpg,0,0,1,0,0,0,0,1,0
video-6WgZhpFdCJP3a2cWi-frame-008000-DFt9xBEDxWeEFfjwW_jpg.rf.9662f9535c44d52da259637ce0038951.jpg,0,1,1,0,1,0,0,1,1
video-AEZAaF8epmvQv5Nfj-frame-013390-t2dqE7XpRuH4FzsJt_jpg.rf.96ad0fe2217c5bdc3a9138ea7531b80c.jpg,1,0,1,0,0,0,1,0,0
video-ZicHYAPRYGdu82nAa-frame-003746-rEkKWmkpNE36LyojP_jpg.rf.96b980e71710ebc3034acd04e4cc3fd4.jpg,1,0,1,0,1,0,1,1,0
video-24ysbPEGoEKKDvRt6-frame-000570-42SYLv95ic8mKf4pe_jpg.rf.9698210c1da340c4585284a910d0444a.jpg,0,0,1,0,0,0,1,1,0
video-ipHbyAv8iW9kmxTGj-frame-007820-KwkEDWHA4SFfBtYeF_jpg.rf.967beda1294a07a1e36e9661c8fe1e1c.jpg,0,0,1,0,0,0,0,1,0
video-r68Yr9RPWEp5fW2ZF-frame-014240-9k9Sag4NTArWcfxTx_jpg.rf.96bf9e9ad76935c654c5fb528f28d081.jpg,1,0,1,1,1,0,1,0,0
video-vbhpsNpMoX2Qbhw2A-frame-001175-rcBWrriqrioJBfJAw_jpg.rf.96bb8f87d14dec6a580484dc5dcfc84c.jpg,0,0,1,0,1,0,1,1,0
video-5Lwe5DATf4BxKtaiB-frame-001082-ZzSWptaadLYES4y4J_jpg.rf.96b9bebebc5fec183c939b25caecaddf.jpg,1,0,1,0,0,0,1,1,0
video-KTtJnXH7CcPgLeF2G-frame-002184-GwMJWojGNRhC4kqpE_jpg.rf.96a5041a9aaa76d86d573452e5d04f8f.jpg,0,0,1,0,0,0,1,0,0
video-DJYDQTZH7GLCqw3Tx-frame-008520-6S2Cjr9sTQc9e35Yp_jpg.rf.962252e097bfe88442ccd1d89a4ae3aa.jpg,1,0,1,0,0,0,1,1,0
video-BjSfmxLQqCGjg8tya-frame-000615-xgy9rfXAxJN6mThtR_jpg.rf.975cb0d1cd43d69d116fbe78631d4401.jpg,1,1,1,0,1,0,1,1,0
video-c3Lxro5s7dbYgdGRp-frame-002029-d4h9zQ2S4xpQAMcy3_jpg.rf.96dd720dc3b6852069db842ff90bd1dd.jpg,0,0,1,0,0,0,1,1,0
video-bk2x9u9JivsWRS9Nk-frame-002616-yxo4FnGBnnFSysbXp_jpg.rf.9740c17a8ec00d13e1ddbad24cfda60b.jpg,0,0,1,0,1,0,0,1,0
video-XNM8eHsvxCMJ6peuj-frame-000420-AiuHiM5mr3QHB8B8Y_jpg.rf.971970b1f674487ea561568df9b88d22.jpg,0,0,1,0,0,1,1,1,0
video-5An82wT7iBmfZSwx7-frame-000345-qLP78HGR8T3GNChJ2_jpg.rf.96f049a99bfb59375ae325efbcebbe2e.jpg,0,0,1,0,1,0,1,1,0
video-vbhpsNpMoX2Qbhw2A-frame-001205-rmz8sxnov6dYmBLYv_jpg.rf.972c5fab3cfcf5ed5ac53caeef263514.jpg,0,0,1,0,1,0,1,1,0
video-7EPybiwBrzjDKn7TZ-frame-004741-a7t52YHWTpbiSMajF_jpg.rf.9725cc432670a2433ac16a20338d7c29.jpg,0,0,1,0,0,0,1,0,0
video-SyzNY82LYZrhkPH7x-frame-000171-pmwBrHEXnf7BePi9M_jpg.rf.96d340c4661367d627d97f3d28fdefad.jpg,0,0,1,0,1,0,1,1,0
video-zNFzcc9wW8XB4QwTa-frame-001027-oAyfscYySvRczjCkr_jpg.rf.9765602b5ae7e521be14f21d4ec16018.jpg,0,0,1,0,0,0,1,0,0
video-sEs53HkN6oRqWdeQK-frame-003755-92GqRmgTWAZqftNyi_jpg.rf.976a2f340be3f353abab932eff5daeb4.jpg,0,0,1,0,1,0,1,1,0
video-5Lwe5DATf4BxKtaiB-frame-000313-6LKRt3H5bDcAzK3ht_jpg.rf.976fe0562d577f4a73ec5af442c66772.jpg,1,0,1,0,0,0,1,0,0
video-5HPT2goT53ceRpvRm-frame-000600-Xbg7W3vba4uuMgQfu_jpg.rf.96d3a193fd460ad9eb003c0ac33ef9cd.jpg,1,0,0,0,0,0,1,0,0
video-DwBWZSnE7WHzSoM2G-frame-001800-NXjRxKwE9BKbHtBKC_jpg.rf.9785292bc3a8d0ebf327d434061adcaa.jpg,0,0,1,0,0,0,0,1,0
video-eLrXYzMxSL9NCXiQq-frame-001452-qk32q4zmNzsfYTLYG_jpg.rf.978cb90bfcf2da6a9953b331096138fb.jpg,0,0,1,0,1,1,1,1,1
video-rYXSHjnEfuLmjE6Z4-frame-000417-rP5DPxR68CZJ2RA4F_jpg.rf.9788c7cc6119041b555495f8597e550e.jpg,1,0,1,0,1,0,1,0,0
video-aMQG7QCtJKfnEdue5-frame-000565-xhrqJrSQMESA8tN3T_jpg.rf.97a1f71692cf73d3519ef9da5e0e592f.jpg,0,0,1,0,0,0,0,1,0
video-rYXSHjnEfuLmjE6Z4-frame-000372-hBD5P9Ppb2uMTMR54_jpg.rf.97d03a9be80d14ba173e2731a5b7ba08.jpg,1,0,1,0,1,0,1,0,0
video-XqruwSRkto63xLX3v-frame-008058-wgHMQfvXTobnoTD7E_jpg.rf.9799bb2a6d6382d518231d48f343bd4e.jpg,0,0,0,0,0,0,1,1,0
video-5Lwe5DATf4BxKtaiB-frame-000253-QJ9WQMtmSJBSHFpxz_jpg.rf.97c453784e90c8430a65c21b3a99b679.jpg,1,0,1,0,0,0,1,0,0
video-PY5tYnNPcGE9WrZuq-frame-001966-wHsEh2ffxhfiMtqAj_jpg.rf.97b298e158d3c5c680739471d5f76748.jpg,0,0,1,0,0,0,1,0,0
video-TEAocgWiwwMWxYtgJ-frame-004341-wRad2gQEZHsjWke2r_jpg.rf.97b6ec08cb8f83171c7b2a99b6bf7ee5.jpg,0,0,1,0,0,0,1,0,0
video-2Af3dwvs6YPfwSSf6-frame-008850-PwmQvrv7sTwFpjC8J_jpg.rf.97b6bc71f15f449eed8039dddb392df9.jpg,0,0,1,0,0,0,1,1,0
video-7EPybiwBrzjDKn7TZ-frame-002367-s5MFNwJ6L8eWkNfAh_jpg.rf.97e2bcdc80c0204da542bcaa9e7c5678.jpg,1,0,1,0,0,1,1,1,0
video-yBdrow6zFe5E8uEwn-frame-001546-cWwY9zqiSCWoqZbLZ_jpg.rf.97d1d515069eb0f14e3cc732be827ffa.jpg,1,0,0,0,1,1,1,1,0
video-r68Yr9RPWEp5fW2ZF-frame-002856-w74CjY6pnZyfytk23_jpg.rf.97d3030219f5b7e41ebfa369dc09cf0d.jpg,1,0,1,0,1,0,1,0,0
video-2MbnnGTv27EBLGqiQ-frame-002400-R2sq9tc3NE2tsjJpm_jpg.rf.97eff2e866dc33eeb4744ebea603c2da.jpg,1,0,1,1,1,0,1,1,0
video-GXXqNLCqyu72TLx5i-frame-004764-WJEBTPtxL674Ap6wr_jpg.rf.97f7db5fa4b416bfc6606799dfb67795.jpg,1,0,0,0,1,0,1,1,0
video-aTxg8EcSRQyDvisMX-frame-006408-3oemTiK2Ak3oY9rBm_jpg.rf.97a214137d459e26a9d1a2c027f190f4.jpg,0,0,1,0,1,1,1,1,0
video-AEZAaF8epmvQv5Nfj-frame-009239-FHKQWjxEw3iJ9Zx7n_jpg.rf.97f63276500fca8415f21b9b75458e68.jpg,0,0,1,0,0,0,1,0,0
video-bNfjGzbuFRY9NkHKz-frame-000300-5EoAqFaGtnTbN4Sqh_jpg.rf.983672c04f6e1be2d08f77e2e92b9359.jpg,0,0,1,0,1,0,0,1,0
video-DJYDQTZH7GLCqw3Tx-frame-006547-kTRjscssGzGdwXJ7X_jpg.rf.980dab993b335c337ccefd166e8f1ead.jpg,1,0,1,0,0,0,1,0,0
video-TTDq3x6HSvFx3YRDH-frame-001304-8NiiQHsmW5AYAgNao_jpg.rf.9821a304dbe492347e3869f3a6e20a21.jpg,0,0,1,0,0,0,1,0,0
video-5An82wT7iBmfZSwx7-frame-001408-NCQRjzhBGEjoRAttN_jpg.rf.97c682ab980f21cf9f774ce5df36e4dc.jpg,0,0,1,1,1,0,1,1,0
video-vvYEi6EdCrYXeHwpD-frame-017122-75CRAMnDJ2zyYm2DZ_jpg.rf.984bf0569cd7a2247e8420b6beefadf9.jpg,0,0,1,0,0,0,0,1,1
video-AHWxmA7AFazuCjdrS-frame-000352-5kuCHXXzNfqqBM2Wx_jpg.rf.982a1116d1f8ed0b38536c60c7835561.jpg,0,0,1,0,0,0,1,1,0
video-soRFb9y3iqE3YpJSG-frame-006491-sLWJ78D5bSKPFiuAG_jpg.rf.98632999db23b5b6e663f0027d48353d.jpg,0,0,0,0,0,0,0,1,0
video-TTDq3x6HSvFx3YRDH-frame-001685-WF9G7AAjQXyh5gRYs_jpg.rf.97adb07367ccfee6dc47f6b267b7c92d.jpg,0,0,1,0,0,0,1,1,0
video-vbhpsNpMoX2Qbhw2A-frame-005944-iKiHNmQmwbghNvLh6_jpg.rf.984e3209c72cedf301e111b77a51ab59.jpg,0,0,1,0,0,0,0,1,0
video-yBdrow6zFe5E8uEwn-frame-005590-5zYGG8TJHwjEsxeA8_jpg.rf.9892ea4561a3174ab0cc5af48dcb6d4b.jpg,0,0,1,0,1,0,1,1,0
video-BjSfmxLQqCGjg8tya-frame-003866-cxDJSigxSrarHL43c_jpg.rf.98a838ae7e7c467c9fdfff92af301337.jpg,1,1,1,0,1,0,1,1,0
video-DJYDQTZH7GLCqw3Tx-frame-007760-EfYhqbjCjXHQDHSW5_jpg.rf.98458dd34e57022ee0afba698f15d857.jpg,0,0,0,0,0,0,1,0,0
video-jEAhuERdkqBfeTdux-frame-000300-zF4j6akCAGZw3RLjD_jpg.rf.98e3d3348874d9475bcb20c8453bbb22.jpg,0,0,1,0,0,0,0,0,0
video-r68Yr9RPWEp5fW2ZF-frame-006406-WJZRBcTNefhti957T_jpg.rf.98d6fffbffa1a9dd6b5c29a079b36014.jpg,0,0,1,0,0,0,1,1,0
video-rnZseY2bPiYhWEF2m-frame-000731-mZbrp3RwdP9Bstguo_jpg.rf.98917ad1b24ddacc31650cc7adb63707.jpg,1,0,1,0,1,0,1,1,1
video-DJYDQTZH7GLCqw3Tx-frame-001159-43ykAvgDWdZ9Xnvhd_jpg.rf.98b4172676c829277d7e76e9df7f67c3.jpg,1,0,1,0,0,0,1,0,0
video-4dy5Hhcg93BTyG9KZ-frame-001851-jxBYGNFmnHdipXcmq_jpg.rf.98acd6b857a0d5d2786be521d10d3a90.jpg,0,0,1,0,1,0,1,1,0
video-r68Yr9RPWEp5fW2ZF-frame-000283-sRZY3xLujygbCZxPn_jpg.rf.98af6589f505461926bb5d4b29515999.jpg,0,0,1,1,1,0,1,1,0
video-r68Yr9RPWEp5fW2ZF-frame-009103-4r4kdDGBhuQY4DGyz_jpg.rf.987ea55f19419b12b7caae3540f80556.jpg,0,0,1,1,0,0,1,1,0
video-DJYDQTZH7GLCqw3Tx-frame-001579-e6h6ve6qsSRXvQ2AC_jpg.rf.9897487e7ab1bc8dcb0fed59d5de533e.jpg,0,0,1,0,0,0,1,0,0
video-XqruwSRkto63xLX3v-frame-005011-wWQvLq5RTRfs8qza6_jpg.rf.98c78ca581591f77dcbc42250e213f28.jpg,1,0,0,0,0,0,1,1,0
video-2SReBn5LtAkL5HMj2-frame-006340-zr2dm7DR8L8eTPQHh_jpg.rf.98ccdf37d83f223e28d971ae338c7bcf.jpg,0,0,1,0,0,0,0,0,0
video-muKWZNM2FxQoStMQh-frame-000415-rKXWgSLXwygDjDTtM_jpg.rf.98834734c846d38e68c41965f6fe37b2.jpg,0,0,1,0,0,0,1,1,0
video-DJYDQTZH7GLCqw3Tx-frame-002907-Xd7c7sim9okPAaFXL_jpg.rf.98fad671616f1e1000286e79ccc98c50.jpg,1,0,1,0,0,0,1,0,0
video-kDDWXrnLSoSdHCZ7S-frame-001834-Twa6M3nTrEurwN54o_jpg.rf.98f8887e881f13d25a1b7da08a6b9dc0.jpg,1,0,1,0,1,0,1,1,0
video-Gfv3kbdf5KAYRtPcz-frame-002981-Mk9wYEZTZhNiBSkjn_jpg.rf.98f2f5e5718602ab00225fe659ca4e02.jpg,1,0,1,1,0,0,1,0,0
video-AEZAaF8epmvQv5Nfj-frame-009469-DnoeH8W7ojiG7fvQD_jpg.rf.9911195515b338de7676fa15a06fb7b8.jpg,1,0,1,0,0,0,1,0,0
video-BjSfmxLQqCGjg8tya-frame-003431-BpjfXsxN7p68XG5gy_jpg.rf.990a581555dd41b03fe30c05574b632b.jpg,1,0,1,0,1,0,1,1,0
video-KTtJnXH7CcPgLeF2G-frame-004453-zuCAhmBLPYJnh5MTf_jpg.rf.997c687c6dbf24775af7810823b383cb.jpg,0,0,1,0,0,0,1,0,0
video-WFkuHrJEHigf6HCWZ-frame-003696-rBfBKDyYByTdaLqWP_jpg.rf.99a05293313c65480f2a808cbec6b0f7.jpg,0,0,1,0,1,0,1,1,0
video-r68Yr9RPWEp5fW2ZF-frame-002446-hTtaE5T7vsCkQ5QA4_jpg.rf.993fa8e2ee2e055e06b6a36a48db213c.jpg,1,0,1,0,1,0,1,0,0
video-4zQqsnWRwK7SFPpBy-frame-009828-sWuCLxcyM5M4TdBm8_jpg.rf.990a35cf1e566bb8cc49938db9a5944b.jpg,0,0,1,0,0,1,1,0,1
video-AEZAaF8epmvQv5Nfj-frame-015721-cTeLwc57Cc929tKGP_jpg.rf.996448e8d93223cdd266c4d930da3638.jpg,0,0,1,0,0,0,1,0,0
video-aiXLPEvp86raemrsp-frame-004250-eoYq4L4trvfPPentx_jpg.rf.9982b0a42189d6b0fd57b1ecdec529e1.jpg,0,1,1,0,1,0,1,0,0
video-iTrM5ner4KQGLvpdC-frame-001903-WCaRQauarTtsomTRu_jpg.rf.9925f29d077259ce2a7a888d089d16f2.jpg,0,0,1,0,0,0,0,1,0
video-jNQtRj6NGycZDEXpe-frame-008525-ZHACZofccsmXmCLCG_jpg.rf.99899c085978a91f451730c7bfcb83c8.jpg,0,0,1,0,0,0,1,1,0
video-BjSfmxLQqCGjg8tya-frame-000450-t4ott5WNd88EyCDqB_jpg.rf.996e22c44d5d1e5a19f750a92f8646ca.jpg,1,0,1,0,1,0,1,1,0
video-yNoh5QQAPbR9Afm4i-frame-003490-CNwKPzZFZh4DLa4Aw_jpg.rf.99a704da3c8c9384c21fa8b1dfd991dc.jpg,0,0,1,0,0,0,1,0,1
video-XNM8eHsvxCMJ6peuj-frame-000210-SeHKQE7e4oq8FjteT_jpg.rf.99bee9019066ced0741a9bf0f6329d80.jpg,0,0,1,0,0,1,1,1,0
video-BjSfmxLQqCGjg8tya-frame-009025-r2pjYNM4kF3nuj7AS_jpg.rf.998d15c22afc4f0f58c42d006e802024.jpg,0,0,1,0,0,0,1,0,1
video-jNQtRj6NGycZDEXpe-frame-001513-dFa3buFEnhCe3ST3C_jpg.rf.99b01018267ec3ffa1d9b4f70e3332ba.jpg,0,0,1,0,0,0,0,0,0
video-SyzNY82LYZrhkPH7x-frame-000126-YCbgcJa9dAMWwvPoy_jpg.rf.994667608a390bc4bde75214f0795c36.jpg,0,0,1,0,1,0,1,1,0
video-AEZAaF8epmvQv5Nfj-frame-008730-cwpySK2LLLczHgXJy_jpg.rf.999ede3205fd5bc6c14f870567bb9d4a.jpg,1,0,1,0,0,0,1,0,0
video-r68Yr9RPWEp5fW2ZF-frame-008563-Mn3fvc3mqx9rAM36Q_jpg.rf.99b750b0987a3fb026136d75f016ce2b.jpg,0,0,1,0,0,0,1,0,0
video-JFiGa9oAAN2queuLt-frame-000547-Yu3issNSY4MkD3tdm_jpg.rf.9911adac2aa758ff9befd88a025f9ba4.jpg,0,0,1,1,0,0,1,1,0
video-8CvM2BExBLyQFZrK8-frame-000264-C6H7gADXprR6h4Q99_jpg.rf.99af9746d8956f2cd9e7ef498617e0dd.jpg,0,0,1,0,1,0,1,1,0
video-nodg7n2aFzCWFJBnv-frame-001870-u227AKPkwCLy8PX4a_jpg.rf.995bf6d010d9731fcc8253d5d47a6a19.jpg,1,0,1,0,1,0,1,0,0
video-MoCHppHsM4bnncPmS-frame-001247-Tojj3dzHqkYDrnnur_jpg.rf.999b77bc9447442cd1df0d631533e866.jpg,1,0,1,0,1,0,1,1,0
video-GXXqNLCqyu72TLx5i-frame-002616-PCnamqNm6aAeudrKw_jpg.rf.994973e8d38804d169e1d600be16f217.jpg,0,0,1,0,1,0,0,1,0
video-cprcATqPmWGnc3cgi-frame-002921-kRrkdQ9hmFHmJDcR6_jpg.rf.99c4df34493a3ef44c2fa053d0aeb2c2.jpg,0,0,1,0,0,0,1,1,1
video-r68Yr9RPWEp5fW2ZF-frame-009313-mrLLCoGtALduEfGGA_jpg.rf.997a41233baf009b70e168bacec404d0.jpg,0,0,1,0,0,0,1,1,0
video-fg5eBhFE7kHyXPtBi-frame-000584-JYsbasXzMB3gb5qNv_jpg.rf.99cf0a2fc4a457f87d4276b32368f273.jpg,0,0,1,0,1,0,1,1,0
video-MoCHppHsM4bnncPmS-frame-001995-E7G2PJ6bfxrRqCxFF_jpg.rf.99db84b30b0afac8bf33830a9ddd24cd.jpg,1,0,1,0,1,0,1,1,0
video-iTrM5ner4KQGLvpdC-frame-000273-iSuopcPKTNDJpC7ue_jpg.rf.995f7c875602f9bc010f655f764930ac.jpg,0,0,1,0,1,1,1,1,0
video-JFiGa9oAAN2queuLt-frame-000290-fKEWcFguPpr8kqT68_jpg.rf.99d74cbaf7d9e9031882bf6001939ced.jpg,0,1,1,0,0,0,1,1,0
video-AEZAaF8epmvQv5Nfj-frame-016111-RebWaLBGRjfBuLwzH_jpg.rf.99d9b740cf8e9e79c78b74df32bca504.jpg,1,0,1,0,0,0,1,1,0
video-5An82wT7iBmfZSwx7-frame-005121-uBdzcchioTbJZcgdk_jpg.rf.99fe38879f09c60f5fc22f4dc848f874.jpg,1,0,1,0,1,0,1,1,0
video-r68Yr9RPWEp5fW2ZF-frame-006516-sPfRoRkSdFiYFSuYn_jpg.rf.9a0418ff910a1497bb83ae2eb5155da5.jpg,0,0,1,0,0,0,1,0,0
video-MJMd3yspHSkfwpDSD-frame-009600-XjnuHYcGxdM3w9EP3_jpg.rf.99edc028b900f1250db7b10f5fc35b3b.jpg,0,0,0,0,0,0,0,1,0
video-5An82wT7iBmfZSwx7-frame-001378-jnqiS82zFmi42XGAg_jpg.rf.9a190edc4c30d2ce9c105e4f1d6f4dc9.jpg,0,0,1,1,1,0,1,1,0
video-EFh9oKSJrkMFW8gtT-frame-006000-jKacBDpmv5tX58KTw_jpg.rf.9a1153d05e478f7d47b2dd7ab92e6c3b.jpg,0,0,1,0,0,0,0,0,0
video-Jbg7v6iuvSJavrMsD-frame-015300-FkwYjvrig26jtv69C_jpg.rf.9a2e979b6d555dc0b782a35566070429.jpg,0,0,1,0,0,0,0,1,0
video-nCxsLGvXK8o25AmXW-frame-009000-cA4S3vLwaTdwLWJHq_jpg.rf.9a287502ff1e5e6ec0026021ba3da5ff.jpg,0,0,0,0,0,0,1,1,0
video-TEAocgWiwwMWxYtgJ-frame-004581-HTF3krbkRimNxWsws_jpg.rf.9a756897ade24e236d3f1c16af46c6ff.jpg,0,0,1,0,0,0,1,0,1
video-BjSfmxLQqCGjg8tya-frame-001473-DGL4Mzd6LCKY8RkWs_jpg.rf.9a7c09ef94b3c0cec6ca03ec221395d3.jpg,1,1,1,0,1,0,1,1,0
video-Gfv3kbdf5KAYRtPcz-frame-001162-2gbz9dvf5qX2QCvhZ_jpg.rf.9a22ac37a4cbd9b618691f08a601da72.jpg,0,0,1,1,1,0,1,1,0
video-r68Yr9RPWEp5fW2ZF-frame-000313-Cxhuuc8xaMsd5BZHL_jpg.rf.9a75d7a6c1f79ef98d1f12f5fa450741.jpg,0,0,1,1,1,0,1,1,0
video-YzRKMLLSDnZLFpPmg-frame-006969-9k2KKnkFuZB7sczLg_jpg.rf.9a7bd5571a07626a3117890265c75676.jpg,0,1,1,0,0,0,0,1,0
video-nCxsLGvXK8o25AmXW-frame-011830-nnGbyXCsS2wNsqQRt_jpg.rf.9a6129b35b18d33ff6c2c73c45a46b9c.jpg,0,1,1,0,0,0,0,1,0
video-yNoh5QQAPbR9Afm4i-frame-004266-xhyhPNYbgppgkEYyy_jpg.rf.9a9d19edbaada8595b6c603714a96594.jpg,0,0,1,0,0,1,1,0,0
video-AEZAaF8epmvQv5Nfj-frame-016021-PcJ4EnA2RGardsiMS_jpg.rf.9a3d24ed9ff4e3bc7a9bd7c3bcb40451.jpg,1,0,1,0,0,0,1,1,0
video-5An82wT7iBmfZSwx7-frame-002677-ksAuQg7jxACWR3swt_jpg.rf.9a9f45d4a208236ee633064d678cc10b.jpg,1,0,1,0,0,0,1,1,0
video-JFiGa9oAAN2queuLt-frame-007561-jKiKkJJY9yjxZQjDi_jpg.rf.9a793584d97f02193c2810a0a28ed66f.jpg,1,0,1,0,1,0,1,1,0
video-7EPybiwBrzjDKn7TZ-frame-004666-jAFdX8tDXPphdFjqf_jpg.rf.9a37f24967aa5c00bbd1198314a5a86e.jpg,0,0,1,0,0,0,1,0,0
video-5YffDt2oYT6CDzYHk-frame-002547-bXNerTKp4EWprpPje_jpg.rf.9aabd4c4991568c55fe767cd205efd0a.jpg,0,0,1,0,1,0,1,1,0
video-c3Lxro5s7dbYgdGRp-frame-004934-Bir6EEbSDHBvT3csq_jpg.rf.9aae52a1229d4e0fb605a713c10569f8.jpg,0,0,1,0,0,0,0,0,0
video-8CvM2BExBLyQFZrK8-frame-004740-tpyPg2n4waNYFz2s8_jpg.rf.9abbc84d3d70f9c76d19824316f41046.jpg,0,0,1,0,1,0,1,1,1
video-TxNGEKRyWMf6Q7hS2-frame-000246-LBJbPotWyfgYZ2BEm_jpg.rf.9aae9e5f9771ed61263b5675e8f8e916.jpg,0,1,1,0,0,0,0,0,0
video-KTtJnXH7CcPgLeF2G-frame-003773-8ffcwATBsSyo9mrXS_jpg.rf.9aaff148382343df6f0ffae4c442741d.jpg,0,0,1,0,0,0,1,0,0
video-8QxGjiebFiGwCKrd5-frame-000300-WruwNu2aNHn8CqKjH_jpg.rf.9ab786af586420a32c07f2df82e474cd.jpg,0,0,0,0,0,0,0,1,0
video-5v4MPkCMGEKPfroxc-frame-000150-dino9CxvnbPFy7zkM_jpg.rf.9ac39a193ccdd8f7742ed6f4c8ebf0a8.jpg,0,1,1,1,1,0,1,1,0
video-rnZseY2bPiYhWEF2m-frame-007221-p2qX9We98QsbwQEdN_jpg.rf.9acc62ee4e456ef35dc2630fa592a03c.jpg,1,0,1,0,1,0,1,0,0
video-67ZzTP4GCNj69eNPs-frame-002036-Mg85H3QiJ8yvPCKkG_jpg.rf.9acfbd8ea3174a4b442379cbaec08973.jpg,1,0,1,1,1,0,1,1,0
video-DJYDQTZH7GLCqw3Tx-frame-003731-JybBfnspgk9aAF9Jp_jpg.rf.9add9e3ecb7dee5b1bc88eec5e5ed2f1.jpg,1,0,1,0,0,0,1,1,0
video-rnZseY2bPiYhWEF2m-frame-010458-FKgQ5EhHFETfRbL6N_jpg.rf.9ac7a05cf8d15908b6e641742f573598.jpg,0,0,1,0,1,1,1,0,0
video-7EPybiwBrzjDKn7TZ-frame-006710-TeNRhAF58jLj8vq49_jpg.rf.9ad19918bba910b0b0b3d6c8948d11f4.jpg,1,0,1,0,1,0,1,1,0
video-S5osy2ei487eAM2fw-frame-003842-oB79w3oRH96WZoqia_jpg.rf.9aee1ad834e384d10a5664be1dd4c6d1.jpg,0,1,1,0,1,1,1,0,0
video-fg5eBhFE7kHyXPtBi-frame-000539-7yW8Kom97g8raA9Zk_jpg.rf.9af3061232b41a3a09589326c3f0279c.jpg,1,0,1,0,1,0,1,1,0
video-XvhW2CuNNzf5oWRXK-frame-000006-JWGGDpwGHbMo4Fkuw_jpg.rf.99f51b77f2f69f3ccd670390ce75e383.jpg,0,0,1,0,0,1,1,1,0
video-BjSfmxLQqCGjg8tya-frame-001398-wvbSNWXzd74mtmBEs_jpg.rf.9b3d1318b3069aac57efcceab0485feb.jpg,0,0,0,0,1,0,1,1,0
video-4dy5Hhcg93BTyG9KZ-frame-000563-FkzDhXejYeePZjJWk_jpg.rf.9b0de34ef0a1c64bac365b22d532a6d2.jpg,0,1,1,0,0,0,1,1,0
video-4E8nAe7bkHkSZfpjq-frame-008700-a4SMFQgdw9YyqcCvb_jpg.rf.9b397c52f91430edc1dd1ac6e7b02bd1.jpg,0,0,1,0,0,0,0,1,0
video-JFiGa9oAAN2queuLt-frame-004547-Z74EbqwWrwwMtWpdn_jpg.rf.9b4b0e2ac6733b1b9f4e615c9a9cee3d.jpg,1,1,1,1,0,0,1,0,0
video-5YffDt2oYT6CDzYHk-frame-001107-w8Aexb5f2947bQtFc_jpg.rf.9b37d7967fd9a94dcb8524b4f03bf39d.jpg,0,0,1,1,1,0,1,0,0
video-8CvM2BExBLyQFZrK8-frame-007288-jNNADZjeZBzwnXscA_jpg.rf.9b454e4707bb36e289cdd5d73f625272.jpg,0,1,1,0,1,0,1,0,1
video-mBQmysFvQtPK36MsF-frame-001316-WsKtMMQAKbz72h8Y7_jpg.rf.9b544fa94023e14a2a671cdb1ee76df1.jpg,0,0,1,0,0,0,1,0,0
video-ELruYFQjkqpZnir29-frame-001351-uh4N4rqtXSymub49w_jpg.rf.9b57d43fa6ed62e957fbcebcc3d8a8a3.jpg,0,0,1,0,0,0,1,1,0
video-4zQqsnWRwK7SFPpBy-frame-007917-7zwjHa8sshEQnDmFv_jpg.rf.9b56e6b01ac2c853bf6e6bc50e54f4be.jpg,0,1,1,0,0,0,0,1,0
video-c3Lxro5s7dbYgdGRp-frame-000600-W7Sk3yaciShZWsefj_jpg.rf.9b503871236d072902091024455a12f1.jpg,0,0,1,0,0,0,1,1,0
video-PY5tYnNPcGE9WrZuq-frame-002111-MvxdcsDDfTCbM66id_jpg.rf.9b63dc6fc309a036576e3bd38ffb2eaf.jpg,1,0,1,0,0,0,1,0,0
video-TEAocgWiwwMWxYtgJ-frame-004656-4p4Fki8yPuSNY3MfZ_jpg.rf.9b76d89d8d7ada1ba686649160740cc0.jpg,0,0,1,0,0,0,1,0,0
video-DJYDQTZH7GLCqw3Tx-frame-006347-sgwgtSMnN6JhsLy2p_jpg.rf.9b8de828aeb25b3c59cf7e2d64c75bad.jpg,1,0,1,0,0,0,1,0,0
video-GXXqNLCqyu72TLx5i-frame-003749-Dstni5isd39TTKP39_jpg.rf.9b69ac1c94dffa68de32f397d226f3d4.jpg,0,0,1,0,1,0,1,1,0
video-BjSfmxLQqCGjg8tya-frame-001458-EoSLpMqjHBoiC9ctj_jpg.rf.9b172bfe42e1889e6c1a66c72551518f.jpg,1,1,1,0,1,0,1,1,0
video-4zQqsnWRwK7SFPpBy-frame-009802-ryvcBLPXj6yN5jTvt_jpg.rf.9b5e604708c9c1651f488ccf8173fe50.jpg,0,0,1,0,0,1,1,1,0
video-Gfv3kbdf5KAYRtPcz-frame-000450-8xT7FhKzMRndPHSuv_jpg.rf.9b808f5ea35032a113d3ad1b89f2644d.jpg,0,0,1,1,0,0,1,1,0
video-vbhpsNpMoX2Qbhw2A-frame-004481-bt8pHNirfQeph5ghG_jpg.rf.9bbb0f43bef4cb3247f12b0064ae063e.jpg,0,0,1,0,0,0,0,1,0
video-DJYDQTZH7GLCqw3Tx-frame-003301-CGHvK7Fd8QzuCf9KL_jpg.rf.9bfddeb51465ebff592f640bfcc835b0.jpg,1,0,1,0,0,0,1,0,0
video-2rsjnZFyGQGeynfbv-frame-002678-JJ3Bm5p2Tyrhc8ZJW_jpg.rf.9bdca2f792f5f16c257c165f0c309f20.jpg,0,0,1,0,0,0,1,0,0
video-7yaY3LisuPdNyfZH9-frame-006055-etE6fmM6ukPwgbsj6_jpg.rf.9bf845738d7fbb15f4da2b873ec3ce7e.jpg,0,0,1,0,1,0,1,1,0
video-JFiGa9oAAN2queuLt-frame-004407-qAdBoYmg9tgWaYQ4C_jpg.rf.9c08fb203ce5b138c3452de320ad8d69.jpg,0,1,1,1,0,0,1,0,0
video-r68Yr9RPWEp5fW2ZF-frame-009643-EQs5z8dduMKiNTDdh_jpg.rf.9c0159f8c9dc50221a89a6b68f85bb29.jpg,0,0,1,1,0,0,1,1,0
video-kDDWXrnLSoSdHCZ7S-frame-003243-GwfbMTEapdNDBSby9_jpg.rf.9c2bc87e48acd9b1ff92b5ca85e6a584.jpg,1,0,1,0,0,0,1,0,0
video-5An82wT7iBmfZSwx7-frame-001518-yjmqcfNCYkhc3DaFR_jpg.rf.9c195d542cbe6d6f527d45590d8e81f0.jpg,0,0,1,1,1,0,1,1,0
video-JFiGa9oAAN2queuLt-frame-003267-kWrgC3vpivaDjjRGT_jpg.rf.9c6ff9842e5d417e50573a4e654b95c7.jpg,0,1,1,1,0,0,1,0,0
video-XCJD9qhzXNoZCn37i-frame-018394-s9d3mjzWN8xG6bYqH_jpg.rf.9c43e9a6d2500ef55f2104b235e2e28f.jpg,1,1,1,0,1,1,1,1,0
video-nodg7n2aFzCWFJBnv-frame-000440-rBHyeTuhXGp5BmeLM_jpg.rf.9c2c395cfb64386df85ff3dc5e97c185.jpg,0,0,1,0,0,0,1,0,0
video-EcPY55txZdfhevYiW-frame-007260-cF7PL4MpjXTpoTajC_jpg.rf.9bbf73ff8224c812c3f462fd2dfcbe22.jpg,0,1,1,0,1,0,1,1,0
video-MoCHppHsM4bnncPmS-frame-001905-XN5roYht8moCvAbj5_jpg.rf.9c02d7d6a7b5b4e2529ea2a9c98aa361.jpg,1,0,1,0,1,0,1,0,0
video-WXTMrJkrK8BMoMkxk-frame-000210-T3Tw8Cz2NHjQb4XB4_jpg.rf.9c55b6229b15c8d73eb871777a8123dd.jpg,0,0,0,1,0,0,0,1,0
video-AEZAaF8epmvQv5Nfj-frame-008380-iBKcGsurnr7dx2yD3_jpg.rf.9c6de319ea34396d7019d6aab66e95f7.jpg,1,0,1,1,0,0,1,1,0
video-r68Yr9RPWEp5fW2ZF-frame-008953-8L5hXGvY645sGXAcm_jpg.rf.9c8f46a2bb9258af5021932bc403704a.jpg,0,0,1,0,0,0,1,1,0
video-aMQG7QCtJKfnEdue5-frame-000907-m9ooEJrE3W2DEE7fS_jpg.rf.9c2371a463d0fac703763c5df803ae08.jpg,0,0,1,0,0,0,1,1,0
video-r68Yr9RPWEp5fW2ZF-frame-008593-9q72pErW2kC4PiHMN_jpg.rf.9c56524341f25c8546d734d76b499f4a.jpg,0,0,1,0,0,0,1,0,0
video-r68Yr9RPWEp5fW2ZF-frame-006556-dghL6wuGzFvkvdr27_jpg.rf.9c936cba15b950aa82b82f1fff08c37f.jpg,0,0,1,0,0,0,1,1,0
video-nodg7n2aFzCWFJBnv-frame-002737-53oqMu5jRnRJ8dLKK_jpg.rf.9ca2214381836bb2fc1ee2876fc88f50.jpg,1,0,1,0,1,0,1,1,0
video-rnZseY2bPiYhWEF2m-frame-002241-QrS3HsqiW6DaxeAJS_jpg.rf.9c8d7dac8a0e5388100583376b37f244.jpg,0,0,1,0,1,0,1,0,0
video-2SReBn5LtAkL5HMj2-frame-006281-3qo8RBEJPPyt5MANL_jpg.rf.9c8981612e46471d56e526e767995790.jpg,0,0,1,0,0,1,1,0,0
video-r68Yr9RPWEp5fW2ZF-frame-013918-8DC5w2TjcHarDNCMo_jpg.rf.9c8d572c5aa7a315ecd9b0513c5f7283.jpg,1,0,1,1,1,0,1,1,0
video-dpPsuZToLaq9myAK8-frame-001609-BwxZmmbGeZgpgBMML_jpg.rf.9cbd4c78f8cea5055aa1b9858a558e1d.jpg,1,0,1,0,0,0,1,0,0
video-BjSfmxLQqCGjg8tya-frame-001623-wvD2gup2ncbnAQErB_jpg.rf.9cc0212605a4f39f73e964f3c78c95c2.jpg,0,0,1,0,1,0,1,1,0
video-rnZseY2bPiYhWEF2m-frame-002468-vJK3M9HGKtR5LhmZA_jpg.rf.9cfba7c7f7b7db969f8dc9f81fdf8659.jpg,0,0,1,0,1,0,1,0,0
video-nCxsLGvXK8o25AmXW-frame-001766-8MdRpQusjJ4wZQ3PY_jpg.rf.9caebd11e96ac3699fc8af4dd90f00ce.jpg,0,0,1,0,1,0,1,1,1
video-MJMd3yspHSkfwpDSD-frame-000450-cwEE5ZeNtaFdXwn3u_jpg.rf.9cb89e485277cfccecc9d960d9a3a7a9.jpg,0,0,1,0,0,0,1,0,0
video-9BBhGg3MKeaChnLjP-frame-000960-oLoLWSpL7kANwvWge_jpg.rf.9ce2761e5d732ad17ea17d6d77b4470f.jpg,0,0,0,0,0,0,0,1,0
video-r68Yr9RPWEp5fW2ZF-frame-009293-tAgTFokSmE7CDWX7d_jpg.rf.9d0077b5e14d55df527c4471646d79dd.jpg,0,0,1,0,0,0,1,1,0
video-r68Yr9RPWEp5fW2ZF-frame-004476-WBEKBNMHR2juznnBZ_jpg.rf.9d13a71d1f2488de7617a5bf067e1f6d.jpg,0,0,1,0,1,0,1,1,0
video-AEZAaF8epmvQv5Nfj-frame-001800-QJyNnSFiR9ebk4Q6A_jpg.rf.9d36014c379ef07bfbc8c59fa8562078.jpg,0,0,1,0,0,0,0,1,0
video-GXXqNLCqyu72TLx5i-frame-000094-P7bQ6sbk59RBCQwuh_jpg.rf.9d33110ec4918ed9dcbdd526ef2741ad.jpg,0,0,1,0,0,0,1,1,0
video-AEZAaF8epmvQv5Nfj-frame-009971-4Pa6CYkMzygs839qF_jpg.rf.9cbfad0f2b23cea6b97615e061a69b4c.jpg,1,0,1,0,0,0,1,0,0
video-AEZAaF8epmvQv5Nfj-frame-014571-MvNL9aNRkfqRhHgk4_jpg.rf.9d3f9296e2f0fbc45c02f6662f55701d.jpg,0,0,1,0,0,0,1,0,0
video-iS9cAu6Ms3CXQtY92-frame-000970-N2yefuxhctGjiH2g3_jpg.rf.9d45e3711f88ff1fda1ba0df0fa6f04b.jpg,0,0,1,0,0,0,0,1,0
video-eLrXYzMxSL9NCXiQq-frame-002619-mQvCCAKZzJyPgjfTb_jpg.rf.9d144cbfb156cea821354a582f462811.jpg,1,0,1,0,1,0,1,1,0
video-r68Yr9RPWEp5fW2ZF-frame-002596-cemL4byFdJEhsPZN5_jpg.rf.9c8c2c5a64648b966adbeb4054ede409.jpg,1,0,1,0,0,0,1,0,0
video-3eAD4KjAqae5iq48L-frame-000000-osYJAfF6cFPw49J7n_jpg.rf.9d3990cfd5700007273a9d923c526e0d.jpg,0,1,0,0,0,0,1,1,0
video-GXXqNLCqyu72TLx5i-frame-004464-wzrv4hFnNifzXLQei_jpg.rf.9d14e73266ea8dd07195bde413ebd220.jpg,0,0,1,0,1,0,1,1,0
video-AkvAvb4X72cnTbbCw-frame-000170-HPfb5JwuNi2nQf5jp_jpg.rf.9d3801f69be9e53b040b927cbaff47b4.jpg,0,0,1,0,1,0,1,1,0
video-G6FT88p5kgvAR2Y92-frame-003600-KhrqepN6xacjzFzCQ_jpg.rf.9d88618d8552726d324db1b6596ceb46.jpg,0,0,1,0,0,0,0,1,0
video-r68Yr9RPWEp5fW2ZF-frame-015715-JKDaBckeyx9teW94H_jpg.rf.9d8048359aa7ffe59bfed171129407d0.jpg,1,0,1,0,1,0,1,1,0
video-67ZzTP4GCNj69eNPs-frame-002021-D3tvKPAutbsCm7LGZ_jpg.rf.9d54c7b39bd9efbde834502e0c33838c.jpg,1,0,1,1,1,0,1,1,0
video-WFkuHrJEHigf6HCWZ-frame-003003-zcBdhK5AjffY5qHEu_jpg.rf.9d5d0bf9f81ed5a562b3466bf8b73ec1.jpg,0,0,0,0,0,0,1,0,1
video-XNM8eHsvxCMJ6peuj-frame-000000-w3mJyd5BeFB4vg2cy_jpg.rf.9d8b7b6ef208d68766beaf0419a972da.jpg,0,0,1,0,0,1,1,1,0
video-ooW42bEtJrR4gufJr-frame-006300-AfMZHkMxmT6pBXYtH_jpg.rf.9d74aba46579b90263f3723a6229649d.jpg,0,0,1,0,0,0,0,1,0
video-DJYDQTZH7GLCqw3Tx-frame-003771-R6WA6GTKB2x6TAKY5_jpg.rf.9d2faf49f04671821e99c1f1aa10c45b.jpg,1,0,1,0,0,0,1,1,0
video-AEZAaF8epmvQv5Nfj-frame-009359-FuiHMZtsp6KbkzqK3_jpg.rf.9d7fd26b4c05ec4394eb231349e01883.jpg,0,0,1,0,0,0,1,1,0
video-bk2x9u9JivsWRS9Nk-frame-001635-LuPASSoE4vHzoBmvo_jpg.rf.9d752aafb7c1a644fe04feb37a28887e.jpg,0,0,1,0,0,0,0,0,1
video-GXXqNLCqyu72TLx5i-frame-004449-Cg6z2fifL83QwnmXT_jpg.rf.9d8314bdd0b6b7c9cd86d9bef30c9eff.jpg,1,0,1,0,1,0,1,1,0
video-JFiGa9oAAN2queuLt-frame-000904-eFdkzShYfS2wyYGv5_jpg.rf.9d99c4e84e3e9e82f1e7b595853d7613.jpg,0,0,1,0,0,0,1,1,0
video-SyzNY82LYZrhkPH7x-frame-000261-ikjMXNGB2d6Erw8o3_jpg.rf.9ce071526cf91fa6f7c9cd130c891992.jpg,0,0,1,0,1,0,0,1,0
video-DJYDQTZH7GLCqw3Tx-frame-003281-M7g2TJKLLaZnKrH8m_jpg.rf.9d9dbc5dd108d290fb457ac1fe512794.jpg,1,0,1,0,0,0,1,0,0
video-KTtJnXH7CcPgLeF2G-frame-002274-brKn7ZGtaTsnhW3R4_jpg.rf.9da1856718cfc5e36dae79a3ddab8942.jpg,0,0,1,0,0,0,1,1,0
video-8CvM2BExBLyQFZrK8-frame-006927-hXKe9MjSqJFqaPpvt_jpg.rf.9d65625ac5c4031dc51e6665e60e7bef.jpg,0,0,1,0,0,0,1,1,0
video-vvYEi6EdCrYXeHwpD-frame-020791-vBruRpvuP2eWxPNPv_jpg.rf.9d9af083ba5ddaf621dd8f34bef0d827.jpg,0,0,1,0,0,0,0,1,0
video-r68Yr9RPWEp5fW2ZF-frame-014440-eM3Cmiq4LuEJA7zkb_jpg.rf.9dbeee177a23a607b585dab58bcd1eac.jpg,1,0,1,0,1,0,1,1,0
video-aMQG7QCtJKfnEdue5-frame-002900-tYH29ev9bGsEHmX3n_jpg.rf.9d96b1abe55992bfe167b3e41f57c39e.jpg,0,0,1,0,0,0,1,1,0
video-kDDWXrnLSoSdHCZ7S-frame-005978-FiNwzsp4k2Fkh7xkK_jpg.rf.9d9e803cc454e33f7cb50be215507354.jpg,0,0,1,0,0,0,1,0,0
video-r68Yr9RPWEp5fW2ZF-frame-008943-94Bp4dkW9M7iLkB83_jpg.rf.9d547bedfd96faa89d40c15c6895f0f5.jpg,0,0,1,0,0,0,1,1,0
video-ydbh3ikFGJFieXswZ-frame-004050-xS9S5JSqGyB6btwtM_jpg.rf.9d9db28da691e5285ca2255d6c9b5fe1.jpg,0,0,0,0,0,0,0,1,0
video-DJYDQTZH7GLCqw3Tx-frame-007380-ufpgniYCfQrvhfZJq_jpg.rf.9dd3c8716d4877290975c0fc7cd09962.jpg,1,0,1,0,0,0,1,1,0
video-uSr74imQfjLhADgQZ-frame-000236-8i4JgnWecjCCMcEpA_jpg.rf.9e0664cbcc3dfe70486bc80734cf4d0c.jpg,0,0,1,0,0,0,1,0,0
video-jEAhuERdkqBfeTdux-frame-004350-9JRorD8XDtytdmvCM_jpg.rf.9e2f70fc3f37e1fe7f34dff1bb983609.jpg,0,0,0,0,0,0,1,1,1
video-vbhpsNpMoX2Qbhw2A-frame-001545-XMxy3zCtuGoGGrB8r_jpg.rf.9df2c390d17a8f3ff39306df2d906cf7.jpg,0,0,1,0,1,0,0,1,0
video-DJYDQTZH7GLCqw3Tx-frame-000720-Hv9vF4Q5dGdxytPcj_jpg.rf.9dd3d159ae3ebd9e183b42040c75db47.jpg,1,0,1,0,0,0,1,1,0
video-mBQmysFvQtPK36MsF-frame-001391-fpS8yZNMM4xMBmwf8_jpg.rf.9e0aef9799bdb087cb3612e6b366b106.jpg,0,0,1,0,0,0,1,1,0
video-AHWxmA7AFazuCjdrS-frame-001883-AGHzvBWwoCqpW2eDo_jpg.rf.9e329e053f1a6931c565c9f3df2a353a.jpg,0,0,1,0,0,0,0,1,0
video-c3Lxro5s7dbYgdGRp-frame-004739-6Ei5bh46eqCfAXYjk_jpg.rf.9e51f82d3e574815100bbda93228aef6.jpg,0,0,0,0,0,0,1,0,0
video-aMQG7QCtJKfnEdue5-frame-000280-DtYYMYnArkdbLuqSb_jpg.rf.9e1dc5ba0815c2ad0a57f9dea7aafb18.jpg,0,0,1,0,1,0,1,1,0
video-AEZAaF8epmvQv5Nfj-frame-016431-S3YKJyZe9y8tyKjzE_jpg.rf.9dead38896d78995730685438275d962.jpg,0,0,1,0,0,0,1,0,0
video-5An82wT7iBmfZSwx7-frame-005361-nHzZ5s4qZJQwcWXf2_jpg.rf.9e2596253ee109362cae146a5687ebaa.jpg,1,0,1,0,1,0,1,0,0
video-vbhpsNpMoX2Qbhw2A-frame-000925-7pLcFtNiAz8NkzPvQ_jpg.rf.9e5f49b4ccf0678ca68f2e41f14bc4de.jpg,0,0,1,0,0,0,1,0,0
video-5Lwe5DATf4BxKtaiB-frame-000842-gpPKGjBxqRNFBPAuo_jpg.rf.9e6da80b203110c37b13c18f8a46275d.jpg,1,0,1,0,0,0,1,1,0
video-FpPLvkRLgQbgG7A7n-frame-001200-pxjqzgHapCzTEiZcT_jpg.rf.9e8b56cab480f9fa1ef135c3e04ce935.jpg,0,0,1,0,0,0,0,1,0
video-2SReBn5LtAkL5HMj2-frame-009136-cGSq9AZNhwi3DSZoF_jpg.rf.9e6b0bad53f9ce43bc19965ecfbac3e1.jpg,0,0,1,0,0,1,1,0,0
video-BvDJ7TewksQCjCtyN-frame-001041-zJo7vjvqryKi9LDYn_jpg.rf.9e71b88cd06fa795a429654d1b87b0d6.jpg,0,0,1,0,1,0,0,1,0
video-JFiGa9oAAN2queuLt-frame-003617-Wsjvq2kxr8Y5kg5kQ_jpg.rf.9e93fbfdcb07d7a4228eabc41330a39f.jpg,0,1,1,1,0,0,1,0,0
video-AEZAaF8epmvQv5Nfj-frame-014521-yj2C4h5fudS4NisNo_jpg.rf.9eb6f4835e1b1bddec74c531c1df3cab.jpg,0,0,1,0,0,0,1,0,0
video-bk2x9u9JivsWRS9Nk-frame-004960-HEQcq7DfuxhHT6LsC_jpg.rf.9ec37c1debd9df0239be6db9d2209313.jpg,0,0,1,0,1,0,1,1,0
video-AEZAaF8epmvQv5Nfj-frame-009579-ahhF3gT8TzfxMED7K_jpg.rf.9ea536abd170a10cbb05c0086e1abe36.jpg,0,0,1,0,0,0,1,0,0
video-fg5eBhFE7kHyXPtBi-frame-000419-beWXtbooaDRqutvKC_jpg.rf.9eca9f30a018f7e18f2cdbb0f4e95b29.jpg,1,0,1,0,1,0,1,1,0
video-4zQqsnWRwK7SFPpBy-frame-012096-8Cr4pmwRS3wQx4fE7_jpg.rf.9e9aa3872cdd492e7ec9c895ffbd509c.jpg,0,0,1,0,0,0,0,1,0
video-7yaY3LisuPdNyfZH9-frame-005587-PeiPyH6yyXzrjgzvq_jpg.rf.9ef3522ee32629a64d4449470e1f0cd6.jpg,0,0,1,0,0,0,0,0,0
video-8CvM2BExBLyQFZrK8-frame-002326-FfafRRe3WcyXtL3kn_jpg.rf.9edd7628f390c9250daa5a5786ffc6de.jpg,0,0,1,0,1,0,1,1,1
video-ZicHYAPRYGdu82nAa-frame-001927-im6tiZwtevvDxxYgj_jpg.rf.9edae615d3420d584d8d35d6c899726f.jpg,1,0,1,0,1,0,1,1,0
video-hmsJCeMCWjX2FhxD8-frame-009156-hcGAkeG8QnJkn6EzR_jpg.rf.9e57e283efac5ec5ba4620c7c2993dc3.jpg,0,0,1,0,1,0,1,1,0
video-G6FT88p5kgvAR2Y92-frame-009600-4ciF7ZspR4HicngPC_jpg.rf.9ee90ba660a150c1de191b52202b03fb.jpg,1,0,1,0,0,0,1,1,0
video-7EPybiwBrzjDKn7TZ-frame-006815-tsA3MR7EdHyTKASCA_jpg.rf.9f0761077b443aa686d37293178bf2b8.jpg,0,0,1,0,1,0,1,1,0
video-MJMd3yspHSkfwpDSD-frame-009300-GqXQvxBBkXjtpb3fs_jpg.rf.9effa1d2ed94fd1ffa8d3b3dc8be202b.jpg,0,0,1,0,0,0,1,1,0
video-AEZAaF8epmvQv5Nfj-frame-009749-49KhikFH8wZ5R9o4G_jpg.rf.9ea6e30c0133d5c5437a9fcb61e200d4.jpg,0,0,1,0,0,0,1,0,0
video-r68Yr9RPWEp5fW2ZF-frame-009783-75nKRLx9sCutM9aXn_jpg.rf.9ecad553b9eae79856d0105561048e6c.jpg,0,0,1,0,0,0,1,0,0
video-r68Yr9RPWEp5fW2ZF-frame-008713-YpdosiaDtmynM8hcX_jpg.rf.9f313dcae07ddb9ac09f44cb53cae77a.jpg,0,0,1,0,0,0,1,1,0
video-86XuF6pPvWfBCqyNt-frame-005098-YACzDmDKFgjSMMXbZ_jpg.rf.9f01ea82d0a0ead3fd92fc4246fab20c.jpg,0,0,1,0,1,0,1,0,0
video-S5osy2ei487eAM2fw-frame-004029-iwhMtnzxua87v2mDq_jpg.rf.9f08a98d8944f95af342ce26e2a39b27.jpg,1,1,1,0,1,1,1,1,0
video-WXTMrJkrK8BMoMkxk-frame-001929-yTp3ciET8kzn93Zp7_jpg.rf.9f3702a4678d183d1b9e94742f097b3d.jpg,0,0,1,1,0,0,1,1,0
video-TTDq3x6HSvFx3YRDH-frame-001394-A652GdvDXYR7G8TKZ_jpg.rf.9f3e80c79f5e29011f154062085b3f12.jpg,0,0,1,0,0,0,1,0,0
video-vbhpsNpMoX2Qbhw2A-frame-001555-6hQd7ZRrPvCMZiquB_jpg.rf.9ef8faf76a29988bc943aaf8984e6b8e.jpg,0,0,1,0,1,0,0,1,0
video-G9ZpKLJEKsMheip7b-frame-011400-XaNrFxTX2zwPdMn6u_jpg.rf.9f3ba67f9482b89bf5427acf38c176d5.jpg,0,0,1,0,0,0,0,1,0
video-KTtJnXH7CcPgLeF2G-frame-005021-Dgmuve2MsoimoGA2b_jpg.rf.9f14eec1e2ec2c36066310121684f175.jpg,0,0,1,0,0,0,1,0,0
video-r68Yr9RPWEp5fW2ZF-frame-000433-yWkAE9PcuACgzyEZm_jpg.rf.9fa51878728ed59b48ce34aaff3b3801.jpg,0,0,1,1,1,0,0,1,0
video-aMQG7QCtJKfnEdue5-frame-000817-rJbGp7bFSCB2pZWsJ_jpg.rf.9f9aef88b0a3664d0f32f90b818bc4ca.jpg,0,0,1,0,0,0,1,1,0
video-zNFzcc9wW8XB4QwTa-frame-000288-xrDibFnGyJwqWdQvK_jpg.rf.9f4f9baad5b7fed600370b7a37ddc726.jpg,0,0,0,0,0,0,1,1,0
video-S5osy2ei487eAM2fw-frame-001851-2nfJEKZXkuymFrKjq_jpg.rf.9fa6970b0b0648d5934211a398c83f1e.jpg,0,0,1,0,0,1,1,1,0
video-r68Yr9RPWEp5fW2ZF-frame-001606-uDnKpWfYqdx8HpqZR_jpg.rf.9f4182ba956e259267963b437b8fdc36.jpg,0,0,1,1,1,0,1,1,0
video-jNQtRj6NGycZDEXpe-frame-014786-eEi8MrYiedwwHeWB7_jpg.rf.9facc9fec0ca0f26282917dd70af3674.jpg,0,0,1,0,0,0,1,1,0
video-7EPybiwBrzjDKn7TZ-frame-001737-wFZ6E5FGkjermEBkf_jpg.rf.9fc14c769907f431f0e5845c1d0ca7bb.jpg,0,0,0,0,0,0,1,1,0
video-r68Yr9RPWEp5fW2ZF-frame-002946-6LoDKGSui5JsdRuxc_jpg.rf.9fdbdea17fc900a2bf7551bc99d14806.jpg,0,0,1,0,1,0,1,1,0
video-nodg7n2aFzCWFJBnv-frame-003187-GHSaRudtENxhMD5ww_jpg.rf.9fe3509d6861441f4fed4903e4464608.jpg,1,0,1,0,1,0,1,0,0
video-AEZAaF8epmvQv5Nfj-frame-008820-6QXJQW36YzMt5fkZr_jpg.rf.9fbae579bec59200b7ff3c2564c15d7f.jpg,0,0,1,0,0,0,1,0,0
video-r68Yr9RPWEp5fW2ZF-frame-002076-QpJgzw9o8LvzLwEsT_jpg.rf.a0143cbcd43811d7822b7d965db432c1.jpg,1,0,1,0,1,0,1,1,0
video-JFiGa9oAAN2queuLt-frame-003217-mZq8oZEXo8KnaoBGr_jpg.rf.9fef31f7608d2feae8963f6781a4b9d0.jpg,0,1,1,0,0,0,1,0,0
video-nodg7n2aFzCWFJBnv-frame-004929-sAZQATZCFhdBX7TqK_jpg.rf.9ff1b630a5e6dbbc71cc7ccad8ccf739.jpg,1,0,0,0,0,0,1,1,1
video-5HPT2goT53ceRpvRm-frame-001170-4jvDuT6XsMafPnCwW_jpg.rf.a022221973ab58730f7bc9a803fbabdb.jpg,1,0,1,0,0,0,1,0,0
video-86XuF6pPvWfBCqyNt-frame-002487-hCcCBNia58o7i9dJG_jpg.rf.a01f0337c31a22eae74cddcf8f85768e.jpg,1,0,1,0,1,0,1,1,0
video-49ZHZYTfjWxQXmrQs-frame-004950-hgAHbPFGW6j5RLyKp_jpg.rf.a038aa3ee9fcf7cf73ed5b77da85fb7d.jpg,0,0,1,0,0,0,0,1,0
video-aTxg8EcSRQyDvisMX-frame-003382-eeHnPoAGDX75gDLw4_jpg.rf.9fe5e1b72d350574d82dde149596841a.jpg,0,0,1,0,1,1,1,1,0
video-WGCm6DTcSjgg7FgMm-frame-006000-6stFhLQz8yCHYqxvE_jpg.rf.a009b2d682e00cd52842c79c09203429.jpg,0,0,1,0,0,0,1,0,0
video-JFiGa9oAAN2queuLt-frame-000407-u64QPS353MfqJgBBT_jpg.rf.9fd752acdfd98386be8076d60afc3967.jpg,0,0,1,1,0,0,1,1,0
video-AEZAaF8epmvQv5Nfj-frame-015891-zzv76QrZM9rCaMFpz_jpg.rf.a03fc704b240a84156d1458e1ffe0ae6.jpg,0,0,1,0,0,0,1,1,0
video-jNQtRj6NGycZDEXpe-frame-010385-mZfpxAAiawPF7NHRB_jpg.rf.9ffe83ac06373879b6d6c02dfbf8bfc7.jpg,0,0,1,0,0,0,1,1,0
video-Jbg7v6iuvSJavrMsD-frame-009600-sgfr6RcusC3WKkFPe_jpg.rf.a030f3f9522297a169ae7029bcf0f1b0.jpg,0,0,0,1,0,0,0,0,1
video-QvjyFt7jvqczmaoNZ-frame-000900-9jPYdXigGoJ5HSZyH_jpg.rf.a0493b21270be87fa3e359a907bb5cc0.jpg,0,0,1,0,0,0,1,0,0
video-wGdqQimawNX3RYv76-frame-008154-e5k7Pgc8g8pAWvNPM_jpg.rf.a03c94f826d941775eba230c5e905e7e.jpg,0,0,1,0,0,0,0,0,0
video-KTtJnXH7CcPgLeF2G-frame-000844-Q4y3im8q96Mgp5D39_jpg.rf.a035e29c801acc0378e88086b3ff00cc.jpg,1,0,0,0,0,0,1,0,0
video-eLrXYzMxSL9NCXiQq-frame-000858-itmCFjwePDDwuApYF_jpg.rf.a068b4a7cd85bb5415f550fc45e27981.jpg,0,0,1,0,0,1,1,1,0
video-aMQG7QCtJKfnEdue5-frame-001406-6STMpXkqqmgAgzoqy_jpg.rf.a05f23f1a708ae929dd40ead6207b958.jpg,0,0,1,0,0,0,1,0,0
video-TTDq3x6HSvFx3YRDH-frame-005639-XbZXThpfp4qFHCkgg_jpg.rf.a0ccc30afee66f51c5496c9024497870.jpg,0,0,1,0,0,0,1,0,0
video-BvDJ7TewksQCjCtyN-frame-000921-iJdSDkmtBnGBcrrEn_jpg.rf.a0721cef7035039045cab67b582de3e6.jpg,0,0,1,0,1,0,1,1,1
video-r68Yr9RPWEp5fW2ZF-frame-006316-LoGW4AWGBKdX4JhaK_jpg.rf.a08d3a6feb57ae8e388d9f863d638573.jpg,0,0,1,0,0,0,1,1,0
video-rnZseY2bPiYhWEF2m-frame-003182-x3SdmZDa9BK6Jm26T_jpg.rf.a0c070244f2b85911ccea90311e5996c.jpg,0,0,1,0,1,0,0,1,0
video-DJYDQTZH7GLCqw3Tx-frame-002324-rmAkgMqwmyhLTr7Nc_jpg.rf.a04508dc42c5a898140cb143fb6c53d3.jpg,1,0,1,0,0,0,1,1,0
video-TxNGEKRyWMf6Q7hS2-frame-000820-bvfPXCtMPA8cTm3oS_jpg.rf.a07942f6cd95db1554159ca0322825ed.jpg,0,1,1,0,0,0,0,0,1
video-KTtJnXH7CcPgLeF2G-frame-003698-AZ832CM98pASLRShP_jpg.rf.a0c1ae4d013f016ee3417b3204ac1c2c.jpg,0,0,1,0,0,0,1,0,0
video-JFiGa9oAAN2queuLt-frame-003097-wan6EGmSvcX5fC74x_jpg.rf.a0688471d37cf8bcfb976f18854834b3.jpg,0,1,1,0,0,0,1,0,0
video-AEZAaF8epmvQv5Nfj-frame-009259-e8s4zei3Qwhc3yiCz_jpg.rf.a0e7d904c4dc090623264c370b2f5c54.jpg,0,0,1,0,0,0,1,0,0
video-2SReBn5LtAkL5HMj2-frame-010144-nf6gF7JzojyquLPcE_jpg.rf.a0ef27fd7f0d9ffec8ef99e84e3223af.jpg,0,0,1,0,0,0,0,0,0
video-DJYDQTZH7GLCqw3Tx-frame-007600-gP97BPY39tDgWgKy8_jpg.rf.a0fd4bac6388f9935f6269fb70a351ee.jpg,1,0,1,0,0,0,1,1,0
video-DJYDQTZH7GLCqw3Tx-frame-000770-Qpd38CiKdBSzbSPp7_jpg.rf.a08d774c6602543d6bfa5b815352f3d9.jpg,0,0,1,0,0,0,1,1,0
video-Bfb39QmAgJQZfE7Pu-frame-013986-9JyZqeHSLrvHwakjG_jpg.rf.a11176a8753d571610bf036be17f517a.jpg,0,0,1,0,1,0,1,1,0
video-uSr74imQfjLhADgQZ-frame-002088-GHEZ86RmGu6BQrQMA_jpg.rf.a100240339e189ab635d63bb8820759c.jpg,0,0,1,0,0,0,1,0,0
video-5YuhMWusfM3ZMtvDx-frame-008032-RxXtm4tB7iTcMsqFZ_jpg.rf.a1075869ad903b30eacf93c066554e4d.jpg,0,1,1,0,0,0,1,0,1
video-sEs53HkN6oRqWdeQK-frame-000822-kmHN4MTMghvEMhyEm_jpg.rf.a0dde3ac2dc183ca678f61bed0210d2c.jpg,1,0,1,0,1,0,1,1,0
video-DJYDQTZH7GLCqw3Tx-frame-000150-AQirCnJwcrB3HSL3v_jpg.rf.a12669d2f9a3ea1d823bca3a09545cc8.jpg,0,0,1,0,0,0,1,0,0
video-Gfv3kbdf5KAYRtPcz-frame-003845-Pm4kcBpNyz4889Ne4_jpg.rf.a0ce9d5ea9eada3888f6e2ee715bc843.jpg,1,0,1,0,0,0,1,1,0
video-r68Yr9RPWEp5fW2ZF-frame-013528-uPtWoquWqHLSEy3G7_jpg.rf.a1686b81e564c4a99f96148372963efa.jpg,0,0,1,0,1,0,1,1,0
video-KTtJnXH7CcPgLeF2G-frame-003533-Dd2kaFQTvF73QvE9B_jpg.rf.a144872644cc96e7ee7985791a8148c1.jpg,0,0,1,0,0,0,1,0,0
video-DJYDQTZH7GLCqw3Tx-frame-005026-P6wwwnATNCBooiHYE_jpg.rf.a13479cfbfd3b9d2a310313f7e1a7cb2.jpg,0,0,0,0,0,0,1,1,0
video-Bfb39QmAgJQZfE7Pu-frame-004995-7Yb53NCfN2o9R9AKg_jpg.rf.a1452a8119f8673bf9bf406d3776306e.jpg,0,0,1,0,0,0,0,1,0
video-JFiGa9oAAN2queuLt-frame-004917-C2PT4acCmPW6RZKiT_jpg.rf.a17122b0a23926c5aedc373dcf6adf2d.jpg,0,1,1,1,0,0,1,0,0
video-XqruwSRkto63xLX3v-frame-006901-r4fqAD5b7dpRi6JQT_jpg.rf.a116e3b5f8f87de601888fa26c0caebb.jpg,1,0,0,0,0,0,1,0,0
video-aMQG7QCtJKfnEdue5-frame-003828-EMD8H2fDaDxKrSbJy_jpg.rf.a16d127c488c9c1d67e473f76df55fd6.jpg,0,0,1,0,0,0,1,0,0
video-24ysbPEGoEKKDvRt6-frame-000330-qFeh2Qpu5GKEvLPqt_jpg.rf.a1459f994bc8b157ad4fb81d5f29d8ac.jpg,0,0,1,0,0,0,1,1,0
video-muKWZNM2FxQoStMQh-frame-001315-pfjgfREgimTNgniJX_jpg.rf.a128e9c912782a871d2bf17ec33e5312.jpg,0,0,1,0,1,0,1,1,0
video-JFiGa9oAAN2queuLt-frame-007241-ybcKankys359PDMNM_jpg.rf.a17a413acb97b626034395c7ef7cacdb.jpg,1,0,1,0,1,0,1,0,0
video-iTrM5ner4KQGLvpdC-frame-003577-jGd5SsT6wbngKFXep_jpg.rf.a1a0ad02a92c58952ffabc692900b02d.jpg,1,0,1,0,0,0,1,0,0
video-GXXqNLCqyu72TLx5i-frame-004659-PbC6GvQnZobfLSjXG_jpg.rf.a199b34cb4135a31366acc3cf37e2193.jpg,1,0,1,0,1,0,1,0,0
video-5An82wT7iBmfZSwx7-frame-001019-Xv44nhx2gB46jMpCY_jpg.rf.a18bd39d35e2006255f1ec362b8f6562.jpg,0,0,1,1,1,0,1,1,0
video-DJYDQTZH7GLCqw3Tx-frame-003971-bpXfEu3tmgsjChMkC_jpg.rf.a18fb00a6284c936c7e88d2beffc8f1e.jpg,1,0,1,0,0,0,1,0,0
video-5YffDt2oYT6CDzYHk-frame-002687-YGiWcT3YuSMZ836wD_jpg.rf.a19585c3795dbeba099287e6726bc475.jpg,0,0,1,0,1,0,1,1,0
video-ZicHYAPRYGdu82nAa-frame-002993-kHZyZdZEwRCXLcgyZ_jpg.rf.a176b7301cc870dfccbcb05d6a3c2b39.jpg,0,1,1,0,1,0,1,1,0
video-G9ZpKLJEKsMheip7b-frame-007050-G9EdHRQRS4sy6zNgX_jpg.rf.a19a2a68bedb019b655ba9379b6e39d5.jpg,0,0,1,0,0,0,0,1,0
video-r68Yr9RPWEp5fW2ZF-frame-002456-qe5np8D5ncNpHzX9q_jpg.rf.a1a2fdd391dbab9d781ccd47b26d47a7.jpg,1,0,1,0,1,0,1,0,0
video-5YuhMWusfM3ZMtvDx-frame-001255-NbRm5zeExMwdPFaFN_jpg.rf.a1bb5f0f8436c9d15f949f9023448726.jpg,0,0,1,0,1,0,1,1,1
video-5YffDt2oYT6CDzYHk-frame-001357-cWjBJJS3r7NxdnHs6_jpg.rf.a1ac269544b3d1eb898c7beace567cea.jpg,0,0,1,1,1,0,1,1,0
video-SyzNY82LYZrhkPH7x-frame-002095-BA6FTfysGMyRZBoA4_jpg.rf.a1ca474deb41b65ffab9c7cd674c309c.jpg,1,0,1,0,0,0,1,0,1
video-AEZAaF8epmvQv5Nfj-frame-008680-MhxXo5492ne3JgYWA_jpg.rf.a1aa018195baafcbc71c1473172b6b27.jpg,1,0,1,0,0,0,1,0,0
video-wGdqQimawNX3RYv76-frame-006234-3zF9sfZWxQiaYv4Ns_jpg.rf.a1d77afcecd34e253941bb32ab388744.jpg,0,0,1,0,0,0,1,0,0
video-DJYDQTZH7GLCqw3Tx-frame-006517-CMvM7aJabu4GXsMco_jpg.rf.a1d83597266020511c29d4b2b7bc239c.jpg,1,0,1,0,0,0,1,0,0
video-r68Yr9RPWEp5fW2ZF-frame-009273-BSkbPsANvTgpZJi74_jpg.rf.a1e4f9b279401b7fd8bd7ab1cad57d05.jpg,0,0,1,0,0,0,1,1,0
video-WiuWWrsHrJsDcfFzg-frame-003310-2mRw4wfdD9B3Wah7d_jpg.rf.a1df79db301e2238de033c8cb44d4178.jpg,0,0,1,0,1,1,1,1,0
video-DJYDQTZH7GLCqw3Tx-frame-004551-GuPMvjkZmLmFM6bK9_jpg.rf.a1aedc9a2e9a90ed5370fa1f9352f127.jpg,1,0,1,0,0,0,0,0,0
video-r68Yr9RPWEp5fW2ZF-frame-009333-M4kyAZwZ57mqm9WMs_jpg.rf.a1ea54c267d6ca434c3665b74a581d0f.jpg,0,0,1,0,0,0,1,1,0
video-5YuhMWusfM3ZMtvDx-frame-006275-WSENW79pRSuKQAjFu_jpg.rf.a1f498c4d441924c03c9572a69f4f8f1.jpg,1,0,1,0,1,1,1,1,1
video-xEYBrQ5tarcDbiw9p-frame-012100-zmkRK4FHA5bMvkRn3_jpg.rf.a0e4b433735067bc67f50ede50d13159.jpg,0,0,1,0,0,0,1,0,0
video-DJYDQTZH7GLCqw3Tx-frame-002727-hp2PXXxhD83GvydC8_jpg.rf.a1e35d172b31281eabb4ab84ea45c47f.jpg,1,0,1,0,0,0,1,0,0
video-7yaY3LisuPdNyfZH9-frame-004380-k6c6a5KEERvqvtrMM_jpg.rf.a1fb45e8df0b725c186f548251388e4d.jpg,0,0,1,0,0,0,1,0,0
video-AEZAaF8epmvQv5Nfj-frame-015941-NBpi2staqWxuFrbK4_jpg.rf.a1faa908300fd4cc3155902ad5c536be.jpg,0,0,1,0,0,0,1,1,0
video-5YffDt2oYT6CDzYHk-frame-001754-tydYBXiog2HB9DdHA_jpg.rf.a1ef648013cc9c49e4338129f0ddef09.jpg,1,0,1,0,1,0,1,1,0
video-bk2x9u9JivsWRS9Nk-frame-006213-z4HwciE5r4Xve89sc_jpg.rf.a23edc6626e49bffc314f0abf2558712.jpg,0,0,1,0,1,1,1,0,1
video-ZicHYAPRYGdu82nAa-frame-002948-Q5bM2YDMH72hWvNRW_jpg.rf.a22979ec2ba23faab7f942420c99e5e8.jpg,1,1,1,0,1,0,1,1,0
video-sEs53HkN6oRqWdeQK-frame-000537-ENJJcAfCwKHnJoucw_jpg.rf.a2350b977a76e7707c3dbff69e48cf45.jpg,1,0,1,0,1,0,1,1,0
video-86XuF6pPvWfBCqyNt-frame-002938-vZ5nbyCY8XYAbStfe_jpg.rf.a17a25b13ce96f512290924508348760.jpg,0,1,1,0,1,0,1,1,0
video-dpPsuZToLaq9myAK8-frame-006811-ioTSFwuMzLDBFuQt4_jpg.rf.a2416ddd1fdae11972016794c6187952.jpg,1,0,1,0,1,0,1,1,0
video-DJYDQTZH7GLCqw3Tx-frame-004231-o3c2WCtq6gBRW3mQA_jpg.rf.a24f06fce112bd544bf4d12c46a56a34.jpg,1,0,1,0,0,0,1,0,0
video-bNfjGzbuFRY9NkHKz-frame-001800-qjawiJrQ3DQFZPgby_jpg.rf.a2412ff387b8ddc6cfb5e35b6e228771.jpg,0,0,1,0,0,0,0,0,0
video-DJYDQTZH7GLCqw3Tx-frame-006357-RqFS49jjP3kNvP2Pr_jpg.rf.a255aa4c37a010f0d3ea609f96052725.jpg,1,0,1,0,0,1,1,0,0
video-DJYDQTZH7GLCqw3Tx-frame-008060-83nt7pE5FQ9DFS4fj_jpg.rf.a2427e31a3a2717f1f2b7d1a4dae9cea.jpg,1,0,1,0,0,0,1,1,0
video-eLrXYzMxSL9NCXiQq-frame-001122-DiTyp73SPPr2jYbp7_jpg.rf.a27ff4b37a5283b2183bcd4b0fec26d8.jpg,0,0,1,0,1,0,0,1,0
video-jNQtRj6NGycZDEXpe-frame-011594-gNQi26vrmx5KARWfc_jpg.rf.a25a07680c8d7991645a350729bbb3f0.jpg,0,0,1,0,0,0,0,0,0
video-nCxsLGvXK8o25AmXW-frame-010630-nNXxgyHLEjrWQi5bX_jpg.rf.a2469073a1df09a2a56b5827f7912431.jpg,0,0,1,0,0,0,0,0,0
video-nCxsLGvXK8o25AmXW-frame-000202-Fzq4MK4iTsFnZ5zij_jpg.rf.a2a6e4c33435d133707adf934f1d5d4c.jpg,0,1,1,0,1,0,0,1,0
video-5YuhMWusfM3ZMtvDx-frame-005020-ALcFsFbfpaZBbi7gQ_jpg.rf.a2913adfc541a0c95b218364b113adc3.jpg,0,1,1,0,0,0,1,0,0
video-Bfb39QmAgJQZfE7Pu-frame-005043-wMLgsgNcBvRbFJf8D_jpg.rf.a2b2c50c1469a5264dafd8cd4d5766a7.jpg,0,0,1,0,0,0,0,1,0
video-9BBhGg3MKeaChnLjP-frame-000870-NtYmBbJmqREye963b_jpg.rf.a2b5a7a08efa8db31c9155447dcd4369.jpg,0,0,0,0,0,0,0,1,0
video-Gj7ejTPCZZnD5YwPv-frame-001377-iCqz4CraHB28jXNhK_jpg.rf.a2abf91aa15fdebdf73eb16517d3226c.jpg,0,0,1,0,1,0,0,1,0
video-AkvAvb4X72cnTbbCw-frame-001202-Tj9W7g9uzjdjsgMSM_jpg.rf.a28c9a7ebe903787047061356d91e3b0.jpg,0,0,1,0,1,0,1,1,0
video-iS9cAu6Ms3CXQtY92-frame-002770-GCPYkd79AGFrJhDrD_jpg.rf.a1dd767d24dc2123b5694d6399a6c49c.jpg,0,0,1,0,0,0,1,1,0
video-iTrM5ner4KQGLvpdC-frame-003202-nNM8GkZPMdcZusxD6_jpg.rf.a2e54ab4154217b15a0f080d4ae103eb.jpg,0,0,0,0,0,0,0,1,0
video-evnmmkhaqckdxWa9P-frame-001651-F6GMjkHYmxfkXaez4_jpg.rf.a2dac0f4cdee7d11206998065dc4bdc2.jpg,1,0,1,0,1,0,1,1,0
video-DJYDQTZH7GLCqw3Tx-frame-006867-K9s3nc7CKEg3ZMWKs_jpg.rf.a2b511516b0d6767f78480f549f5c188.jpg,1,0,1,0,0,0,1,0,0
video-QvjyFt7jvqczmaoNZ-frame-003293-hgX8Y6SkoNu26WggC_jpg.rf.a2d430a88d087efbf4310ae9cf006af8.jpg,0,0,1,0,0,0,0,1,0
video-8CvM2BExBLyQFZrK8-frame-002776-PvGdipQLNEYsAWvoi_jpg.rf.a2c238afd2916d74a41723ce0c277063.jpg,1,0,1,0,1,0,1,1,0
video-TTDq3x6HSvFx3YRDH-frame-006398-5SNR7WtfED6wDqB87_jpg.rf.4189e5042520231d8eb0b6d073a28d6c.jpg,0,0,1,0,0,0,1,0,0
video-JFiGa9oAAN2queuLt-frame-004377-HHywNjAHJ2gm2L2tx_jpg.rf.418dc427827b2f5bc67e615909005d47.jpg,0,1,1,1,0,0,1,0,0
video-5YffDt2oYT6CDzYHk-frame-000210-9gbDF7AjSi9nCWsfh_jpg.rf.418fa7bbb618da4ad266fdb3b2422e64.jpg,0,0,1,0,1,0,0,1,0
video-vbhpsNpMoX2Qbhw2A-frame-000975-8dAv4oxgNNXWj7xmP_jpg.rf.419f4b5ab2718c6dbd96b024ce4e882e.jpg,0,0,1,0,0,0,1,1,0
video-WXTMrJkrK8BMoMkxk-frame-001839-9tPDFnHM3nZgJEvxs_jpg.rf.41adbf11597ee0d9de9dd0cb4457e470.jpg,0,0,1,0,0,0,1,1,0
video-bk2x9u9JivsWRS9Nk-frame-010540-Z4RbjPrz9rfoxFgK8_jpg.rf.41b14dca49efd2386dee30f0ca5d691c.jpg,0,1,1,0,1,0,1,1,0
video-JFiGa9oAAN2queuLt-frame-004717-7R6f9LWBZ4G38Hy3T_jpg.rf.41b6bfdd549a47007ca064bcecdaaba3.jpg,0,1,1,1,0,0,1,0,0
video-AEZAaF8epmvQv5Nfj-frame-008850-rKanFacYRNEKWczKF_jpg.rf.41b8a73750c3b41d0011cdec75bb8d63.jpg,0,0,1,0,0,0,1,0,0
video-xEYBrQ5tarcDbiw9p-frame-002639-tetRWj36CZgxqBn8A_jpg.rf.41c2fcb913b4eed6174c9d88d8b1eea2.jpg,0,0,1,0,1,0,1,1,0
video-XNM8eHsvxCMJ6peuj-frame-001856-msDqCz5ZGAFTw2rXA_jpg.rf.41cb5349327bdf880eb8f59601b34980.jpg,0,1,1,0,1,1,1,1,0
video-2Af3dwvs6YPfwSSf6-frame-002700-BQr4Yz4iny38ucwLN_jpg.rf.41d6eb61d12db80a68edb66902b91c07.jpg,0,0,1,0,0,0,1,1,0
video-JFiGa9oAAN2queuLt-frame-003757-W2yak9kBPGESuCpjA_jpg.rf.41cc50d42cb8bd04c5d36abaa1dd2521.jpg,0,1,1,0,0,0,1,0,0
video-DJYDQTZH7GLCqw3Tx-frame-000640-gWj7rpkwa73jDuzwr_jpg.rf.41d0372434348c0514a08e70b08f3230.jpg,1,0,1,0,0,0,1,1,0
video-AEZAaF8epmvQv5Nfj-frame-009821-Gt32gphWNYviCpNfq_jpg.rf.41e0959f177737a6846aef948a8db73f.jpg,1,0,1,0,0,0,1,0,0
video-vbhpsNpMoX2Qbhw2A-frame-006014-7WM2y2ARY4XX65T74_jpg.rf.41d8bc776af2885ae217674b10c48599.jpg,0,0,1,0,0,0,0,1,0
video-7yaY3LisuPdNyfZH9-frame-002846-WH5rRLbYpZxAQPGeM_jpg.rf.41e5459aaf7cf1ebdb3d65f42ac23f61.jpg,0,0,1,0,1,0,1,1,0
video-JFiGa9oAAN2queuLt-frame-005097-3zvkReDqMPqEjnMuA_jpg.rf.41eb1214fe115faf64e86ab08664ca89.jpg,0,1,1,1,0,0,1,0,0
video-7EPybiwBrzjDKn7TZ-frame-002472-vHBCE9ZLkNk7mofBk_jpg.rf.41f01ea7e322bc935a6c3f39e1df9f86.jpg,0,0,1,0,0,0,1,0,0
video-DJYDQTZH7GLCqw3Tx-frame-003741-6AWxAEtnbDCTGLSgf_jpg.rf.41ee746f769043ea59d536cb75bccb9b.jpg,1,0,1,0,0,0,1,1,0
video-AEZAaF8epmvQv5Nfj-frame-009509-ZebvuM2maHeYN7Jv8_jpg.rf.41d4a7fa8e6e444f047b35e62a4aadc5.jpg,0,0,1,0,0,0,1,0,0
video-S5osy2ei487eAM2fw-frame-000000-6hCx2z3Ao8y4MN9Sf_jpg.rf.41f229b176e0f90de723d64584446eda.jpg,0,0,1,0,1,1,1,1,0
video-xEYBrQ5tarcDbiw9p-frame-000484-qBbeB75CvdGR9XLDA_jpg.rf.42540bddae5558d63929f8f6ca97b180.jpg,0,0,1,0,0,0,1,1,0
video-FpPLvkRLgQbgG7A7n-frame-002700-2BYEKLYSRRHZDLaWM_jpg.rf.42054b0f50ce0ee48b6dfbd952d6ee36.jpg,0,0,1,0,0,0,0,0,0
video-nodg7n2aFzCWFJBnv-frame-000125-sBn3v3PCgbYLsYDdy_jpg.rf.4225e67d5d61c972ca5e7aa46a08d34c.jpg,1,0,1,0,0,0,1,1,0
video-yBdrow6zFe5E8uEwn-frame-004300-hiERYiKkXYRd32g2G_jpg.rf.42010d658577dcaca386cc9bb5f360d9.jpg,0,0,0,0,0,0,1,0,1
video-FWQff8BQpTRSt9hfA-frame-005100-JRJvvFrSkKLuQ8iGZ_jpg.rf.421b5e8dcbf91edbe405ef595ff0470c.jpg,0,0,1,0,0,0,0,1,0
video-7EPybiwBrzjDKn7TZ-frame-002962-obvhi5kMHAwaCpowX_jpg.rf.4249146aefb722e04a9adb3e368411d8.jpg,1,0,1,0,1,0,1,1,0
video-a9TgkAvMGtM2gXpdj-frame-005689-DFbTDAqfgFsy96pBG_jpg.rf.4268f702c4d38fb16b8dd47ab74e8cd1.jpg,0,0,1,0,0,1,1,0,1
video-kZvY7NeD8kA7PiMWX-frame-000277-JJjK8NDpYjBPqSmLn_jpg.rf.4263b7ff6afcc9570bcb6e75df4861aa.jpg,1,0,1,0,0,0,1,0,0
video-r68Yr9RPWEp5fW2ZF-frame-009383-zNMPoBuWkmzruFiEv_jpg.rf.41fd12d01f4e17adc5cc2a4af2f3f33d.jpg,0,0,1,0,0,0,1,1,0
video-WGCm6DTcSjgg7FgMm-frame-004800-2JW5EmCSJG8t2vbAf_jpg.rf.423b0b3f9557baac7fdc6a17e1315c3c.jpg,0,0,1,0,0,0,0,0,0
video-aiXLPEvp86raemrsp-frame-002125-ruFRbEYQA7WWZ5Wvy_jpg.rf.4272a9aef8cf0a8449fb3b842688d975.jpg,1,0,1,0,0,0,1,0,0
video-4KhLCjoeEmjGBaRLQ-frame-002001-FhzJYujDqQn6AuedD_jpg.rf.42a1c2131df432ccb4058cbe498371e1.jpg,0,1,1,0,1,0,0,1,0
video-jNQtRj6NGycZDEXpe-frame-014741-eJPRkrzXWhuELDTDj_jpg.rf.42ae4fd4f702e5f073ef4c6d22c06230.jpg,0,0,1,0,0,0,0,1,0
video-5YffDt2oYT6CDzYHk-frame-001724-eW6nkzeKn8RMWjDdz_jpg.rf.4289a4a8c59e48d5e105756e6cdfbb21.jpg,1,0,1,0,1,0,1,1,0
video-WXTMrJkrK8BMoMkxk-frame-001604-Ys9cu7oYhmoZvMaDS_jpg.rf.42a50001dc5ec8a5670f4ef6c59d71ce.jpg,0,0,1,0,0,0,1,1,0
video-ZicHYAPRYGdu82nAa-frame-002017-yZhYMcTQjHkg64dGx_jpg.rf.4270b115a98c75ec2507a3c869bb075a.jpg,1,0,1,0,1,0,1,0,0
video-TTDq3x6HSvFx3YRDH-frame-001625-zyfiiDqdCgXpkB3N5_jpg.rf.42b7744adee5b5f7ac9856330232fa0a.jpg,0,0,1,0,0,0,1,0,0
video-nodg7n2aFzCWFJBnv-frame-003457-eLYDEzZmoXH6TBiL8_jpg.rf.42a617f7e7d7c7105c4048db9f3bd3a5.jpg,1,0,1,0,0,0,1,1,0
video-5YuhMWusfM3ZMtvDx-frame-007014-Jjs2xfEWEaqNTHY96_jpg.rf.42c3c63e59345c23436c473bf3f0166d.jpg,1,0,1,0,1,0,1,1,1
video-BjSfmxLQqCGjg8tya-frame-004319-jyT6PJo8mLYJnPE5F_jpg.rf.42bc3fd73d411858465957363de71a23.jpg,1,0,1,0,1,0,1,1,0
video-r68Yr9RPWEp5fW2ZF-frame-017109-C3xKMoAxykgjtgJ95_jpg.rf.42c5c31e5399a3e04509718023845bcc.jpg,0,0,1,0,1,0,1,1,0
video-7EPybiwBrzjDKn7TZ-frame-003983-YjFuwoNzQa6Jo7pi4_jpg.rf.42d65a9f9b7fbab8b5e2fe9d6f1c071a.jpg,0,0,1,0,0,0,1,0,0
video-5RBAcNR5F6fB3i6P5-frame-013469-eRChhkstQ25NdMShf_jpg.rf.428b201e90301a79bee9a0560ff14584.jpg,0,0,1,0,0,0,0,0,0
video-5Lwe5DATf4BxKtaiB-frame-001687-8skNP2ETNTADvDTaW_jpg.rf.42d8552277261cf85ed9851e13469cf0.jpg,1,0,1,0,0,0,1,0,0
video-eLrXYzMxSL9NCXiQq-frame-001985-WWJuXs5xKxjqRPXAi_jpg.rf.42d17f1fbfa957803df7c70bbd2b2aa0.jpg,0,1,1,0,1,0,1,1,1
video-AEZAaF8epmvQv5Nfj-frame-003150-cdJ9WXj6roNgLJC3R_jpg.rf.430fa15a249ce98e3a8cf3edd51cd265.jpg,0,0,0,0,1,0,0,0,0
video-qmuvFTzLkR28JMp7r-frame-000744-dCoYnz2iB9kZYiqR7_jpg.rf.42de4884af008446fe6cfeb16106726b.jpg,0,1,1,0,1,0,1,1,0
video-rYXSHjnEfuLmjE6Z4-frame-000582-5wfZ6at9HBzgz9L7P_jpg.rf.42d08611876125bbbac331989d79c48b.jpg,1,0,1,0,1,0,1,0,0
video-AHWxmA7AFazuCjdrS-frame-002598-voohk2Yr3K72xDrbu_jpg.rf.43586a414f8d826f25fd913359f52fd1.jpg,0,0,1,0,0,0,1,1,0
video-eLrXYzMxSL9NCXiQq-frame-001136-TKWPruuosN6bNKTEA_jpg.rf.43565eb547e81ccff1e57500be479bb4.jpg,0,0,1,0,1,0,1,1,0
video-WiuWWrsHrJsDcfFzg-frame-000980-pPvjNYcs3CDPq3bbt_jpg.rf.43596b0b8e04bd217274d455a092c914.jpg,0,0,1,0,0,0,1,0,0
video-GXXqNLCqyu72TLx5i-frame-001572-eFFMWGsB4sxBESS6c_jpg.rf.42f1090c9d8718948d7862b805f234c0.jpg,0,0,1,0,1,0,1,1,0
video-iTrM5ner4KQGLvpdC-frame-004267-zxjQeCHziBr2bGkwq_jpg.rf.4364b41f35718c228c789a5e395e37de.jpg,0,1,1,0,0,0,1,1,0
video-fg5eBhFE7kHyXPtBi-frame-000404-Qbea6MteFr7A2Ydx8_jpg.rf.434bb19c38fd28d133b97bd25e787d05.jpg,1,0,1,0,1,0,1,1,0
video-bk2x9u9JivsWRS9Nk-frame-003720-whZDvT4yJkNx6XnFE_jpg.rf.4364a034caa15716deae5717841804ae.jpg,0,0,1,0,0,0,0,1,1
video-nodg7n2aFzCWFJBnv-frame-005004-3aASHczk7iXtQgzZ6_jpg.rf.433e194e5db6b1210a7f473f17290852.jpg,0,0,1,0,0,0,0,1,0
video-GXXqNLCqyu72TLx5i-frame-000109-GFLseHFig4AcQ9wb5_jpg.rf.43489ff5cccf2a0055f381cc20e8238e.jpg,0,0,1,0,0,0,1,1,0
video-67ZzTP4GCNj69eNPs-frame-003356-hK58QDQW74Szs4s8y_jpg.rf.4373ae04693292c55076558c9ea8eb22.jpg,1,0,1,0,1,0,1,1,0
video-aMQG7QCtJKfnEdue5-frame-000610-beGGQyaNppSa3BC9D_jpg.rf.4385ef0a95b1c3ac71ac6cb5aa33516c.jpg,0,1,1,0,0,0,1,1,0
video-iFWh9r9TJWmTzTrha-frame-004453-HCJxY7K53TythwJRf_jpg.rf.438c0b9abe7379507e0db93456f12b23.jpg,0,1,1,0,1,0,1,1,0
video-wGdqQimawNX3RYv76-frame-008428-BzqFYbaJvHiX8Ay8X_jpg.rf.43b058f235c2509e53a5391487c15616.jpg,0,0,1,0,0,0,1,0,0
video-AEZAaF8epmvQv5Nfj-frame-015651-8opXQrSGe7Kriropk_jpg.rf.43c5aaf0481bfa8bf6c18ed2be37957f.jpg,0,0,1,0,0,0,1,0,0
video-DJYDQTZH7GLCqw3Tx-frame-004271-DfHqT9abcnKpJw7rL_jpg.rf.43e9c517eea33d39eeeb953f924c206c.jpg,1,0,1,0,0,0,1,0,0
video-AEZAaF8epmvQv5Nfj-frame-006560-GtKPoKoNC222Ztxfg_jpg.rf.43cb6451f8d4d9f269a56caa5e235da9.jpg,1,0,1,1,0,0,1,0,0
video-JFiGa9oAAN2queuLt-frame-004037-W4cNeYQgJmWBXJM6d_jpg.rf.44069f5a453f78e85ce7fe90393e8feb.jpg,0,1,1,1,0,0,1,0,0
video-c3Lxro5s7dbYgdGRp-frame-004904-t5o8hCuSqvoh9Z8Qk_jpg.rf.441f4cd01307e521a6309e3bb2fa4267.jpg,0,0,1,0,0,0,0,0,0
video-vvYEi6EdCrYXeHwpD-frame-008568-q4urx8SZJbFGLCrc7_jpg.rf.44404db4b934803c96b80d8fe4e2ba34.jpg,0,0,1,0,0,1,1,1,1
video-5Lwe5DATf4BxKtaiB-frame-001642-XXChrfKiqa8YkDDbt_jpg.rf.444cc91bbde70f3be4b2535364bc8eeb.jpg,1,0,1,0,0,0,1,1,0
video-DJYDQTZH7GLCqw3Tx-frame-001329-wvG6ETuYXFmcF3gcD_jpg.rf.442b0d3b11dc1ed1ec022ef2cef57595.jpg,0,0,1,0,0,0,1,0,0
video-jNQtRj6NGycZDEXpe-frame-014546-hn2zjkbsqNZREM9Gz_jpg.rf.43ffb987ee42ddabd03108aff55f85a3.jpg,0,0,1,0,1,0,1,1,0
video-KTtJnXH7CcPgLeF2G-frame-004213-LDWFnMfndSaMAMp3X_jpg.rf.43d14c79099db3ad88ac5c41aa9f1b8e.jpg,1,0,1,0,0,0,1,1,0
video-BvDJ7TewksQCjCtyN-frame-002941-KAL288HhLpQCegJ2D_jpg.rf.44216db5518da30ef0e5b5876f596375.jpg,0,0,1,0,0,0,0,1,0
video-yBdrow6zFe5E8uEwn-frame-000773-et8buXe4MjQhmCyrZ_jpg.rf.43f834270e6bb8a07fbc6c6ca18dc331.jpg,1,0,1,0,0,0,1,1,1
video-AkvAvb4X72cnTbbCw-frame-002586-agiEhhT28cSqDbxBE_jpg.rf.4466e196dd2e325f617394ee09f0f11d.jpg,0,0,1,0,0,0,0,0,0
video-DJYDQTZH7GLCqw3Tx-frame-005789-ehFZjLzbkGCxwAY2L_jpg.rf.446509d4027288f5d352ddf9ff3bec79.jpg,1,0,1,0,0,0,1,0,0
video-JFiGa9oAAN2queuLt-frame-008552-MLLdysoYHMoZjkugN_jpg.rf.442bc9c1691661eb6d5c1de3f418595a.jpg,0,0,1,0,1,0,1,1,0
video-2Af3dwvs6YPfwSSf6-frame-007050-ctaMuXjYcGJ6Z3FH5_jpg.rf.445ce82d7e2624b1495d2ed62a1e10d9.jpg,0,0,1,0,0,0,0,1,0
video-Gj7ejTPCZZnD5YwPv-frame-000495-o8ZFac7Yhq4MjG8of_jpg.rf.446761ac62533dbe7fb642719eafe28c.jpg,1,1,1,0,1,0,1,1,0
video-7EPybiwBrzjDKn7TZ-frame-006620-Mwxvt7XYHJff9W3Mw_jpg.rf.446a7f2c8c6b662b542789d052e76d05.jpg,1,0,1,0,1,0,1,1,0
video-nodg7n2aFzCWFJBnv-frame-003397-5KHHYskD5BM66Wq39_jpg.rf.446e910ea33ace70c429d4f780ceca25.jpg,1,0,1,0,0,0,1,1,0
video-TEAocgWiwwMWxYtgJ-frame-000800-amgenWCpyLtHLMTA8_jpg.rf.43e5ebe92f7ca524efc1d558c9bc4c36.jpg,1,0,1,0,0,0,1,1,0
video-jNQtRj6NGycZDEXpe-frame-009385-6xxqwZMMtnuN7TAkK_jpg.rf.447a48da045eeeb7ad8c4a0b1b1b3bcf.jpg,0,0,1,0,1,0,1,1,0
video-nodg7n2aFzCWFJBnv-frame-002872-q35bdrmNKm7cWcPRG_jpg.rf.44878a88aebcd435a801b041b3193a8d.jpg,1,0,1,0,1,0,1,1,0
video-JFiGa9oAAN2queuLt-frame-004367-kwaiGGxDTcoEfkPyi_jpg.rf.449ad4298422bfebbd16988ef309cdd4.jpg,0,1,1,1,0,0,1,0,0
video-aMQG7QCtJKfnEdue5-frame-003020-nhdFh2ebevikbdqQB_jpg.rf.4462fa3b99afe526cfd611cefae6719c.jpg,0,0,1,0,0,0,1,0,0
video-kDDWXrnLSoSdHCZ7S-frame-003093-ogyaSFj7qwd6KNLs3_jpg.rf.4496dfbd5d3a3ec53ab2d0e690113ec4.jpg,0,0,1,0,1,0,1,1,0
video-5YffDt2oYT6CDzYHk-frame-001854-jqb63ZtkoQXxL6jyJ_jpg.rf.44a709a9c62d87c787f521b21801080e.jpg,1,0,1,0,1,0,1,1,0
video-yNoh5QQAPbR9Afm4i-frame-004722-jN9ddZqytC9z8Dcos_jpg.rf.44a6c6e13696b9fd16bc07f0927b5834.jpg,0,1,1,0,1,0,1,1,0
video-nodg7n2aFzCWFJBnv-frame-002305-xHgWJWnqbuHom4PD3_jpg.rf.44ad5452f1ffd26c593461270524f59a.jpg,1,0,0,0,0,0,1,1,0
video-5Lwe5DATf4BxKtaiB-frame-001187-XS5ohqukpfThkxQL9_jpg.rf.44bb7b7a43d742150a74dfd84c75c8ea.jpg,1,0,1,0,0,0,1,1,0
video-JFiGa9oAAN2queuLt-frame-001354-CgpQB9eXNewAZE9Ni_jpg.rf.44df7ed8ed837045ffbf2bdac41a1953.jpg,1,0,1,1,1,0,1,1,0
video-4KhLCjoeEmjGBaRLQ-frame-000000-z72ypPgQmYwBLQZYA_jpg.rf.44aaf3d1b40f895b36be3512fad82480.jpg,0,0,1,0,1,0,0,1,0
video-wGdqQimawNX3RYv76-frame-009112-Y8htdQb2eddWo2bMm_jpg.rf.450c2ef3175b9f66112f572c703f00ad.jpg,0,0,1,0,0,0,1,0,0
video-Gfv3kbdf5KAYRtPcz-frame-000972-XxhCy6ix2SYQwaMx5_jpg.rf.44b3e0b3e2bcee662076a18381beacbc.jpg,1,0,1,1,0,0,1,1,0
video-evnmmkhaqckdxWa9P-frame-001681-EFFenyhyzKJ6LYAMc_jpg.rf.4512b8fc1787097cd0f1b7fc6e4a121f.jpg,0,0,1,0,1,0,1,1,0
video-fg5eBhFE7kHyXPtBi-frame-002937-ZYbuvqW3wioNvKSdo_jpg.rf.452304e6ffce2ca57e4e5dd36803f953.jpg,1,1,1,0,1,0,1,1,0
video-JFiGa9oAAN2queuLt-frame-005527-8YiNeTR78KN83nFjX_jpg.rf.456e29bfa97e8fad40b8a2d0c84d3bb6.jpg,1,1,1,0,0,0,1,0,0
video-nodg7n2aFzCWFJBnv-frame-004899-EFrhZRb2t9Sv9uQp9_jpg.rf.452455490bae7f46a1e03a2d48aaec1e.jpg,0,0,1,0,0,0,0,1,1
video-7EPybiwBrzjDKn7TZ-frame-003037-SgMDXEEzi8Mc3GB6J_jpg.rf.4571349463130ee68ec593a0f64e4108.jpg,0,0,1,0,0,1,1,1,0
video-49ZHZYTfjWxQXmrQs-frame-008850-GfrCGbR5SofLsvKJ4_jpg.rf.44fcb649a88e1ce9c637145b1831f16f.jpg,0,0,1,0,0,0,0,0,0
video-5An82wT7iBmfZSwx7-frame-006691-786M7fokQyoMzf6LG_jpg.rf.4516ba4b3426c99b8054230e5e58bd59.jpg,0,0,1,1,1,0,1,1,0
video-o68zKob2nb8QMktLF-frame-000501-E6qhTSWBbBku9hwxk_jpg.rf.452c6dcf031aea58f8ae07239d270792.jpg,0,0,1,0,0,0,0,0,0
video-8CvM2BExBLyQFZrK8-frame-008358-ts8c43Aw5MhzShLzL_jpg.rf.45640ad418ee78640ab3a6668293f223.jpg,0,0,1,0,1,0,1,1,0
video-7EPybiwBrzjDKn7TZ-frame-005493-KqQAxva2wqEfb6Aod_jpg.rf.456683e832548ec3c464536be6c1fcc7.jpg,0,1,1,0,0,0,0,1,0
video-BjSfmxLQqCGjg8tya-frame-000630-q487xvT59W4t2iNap_jpg.rf.457f302f80b0cb6bad5c273fe5dfc043.jpg,0,1,1,0,1,0,0,1,0
video-WFkuHrJEHigf6HCWZ-frame-002310-NP5Mnm9kcfybi8N3K_jpg.rf.4574a917907cc57ddc81d2d2b6b4d7d1.jpg,0,0,1,0,1,0,1,1,1
video-r68Yr9RPWEp5fW2ZF-frame-013718-ReZzbi3KZabn3ya6d_jpg.rf.45341c4304f212d6705e1293aa9621b1.jpg,0,0,1,0,1,0,1,1,0
video-DJYDQTZH7GLCqw3Tx-frame-006957-LFkEaKLX4r3G7Q3PB_jpg.rf.450c6b1ecd7c924aa8db71b64796acf3.jpg,1,0,1,0,0,0,1,1,0
video-WXTMrJkrK8BMoMkxk-frame-000254-574xFjazwofNHvpK8_jpg.rf.4537eac1df7cf36dc6b60e727f4b01d2.jpg,0,0,1,0,0,0,0,1,0
video-RaiPnxNTaxcGE5qfG-frame-000600-GbkeZggRwn77aGQX9_jpg.rf.44f96f3b3e48f56b0935f322b1e9d8f9.jpg,0,1,1,0,1,0,0,1,1
video-r68Yr9RPWEp5fW2ZF-frame-016909-oF6LxSAf5yt5R9fuh_jpg.rf.459b929c15d1c0f4cae55ccfc80cbe63.jpg,0,0,1,0,1,0,1,1,0
video-yBdrow6zFe5E8uEwn-frame-013141-FipHQu4xSxR6sHiP5_jpg.rf.4562516c1ddf8bfe5b7fd4484a37303b.jpg,1,0,1,0,1,0,1,1,1
video-dgYrcYcm5G75w2GJc-frame-005430-ZRMBCuWQ8xYjKKavT_jpg.rf.45a872cabf1290c719e52269e1dcbe13.jpg,0,0,1,0,0,0,0,1,0
video-JFiGa9oAAN2queuLt-frame-005137-FbfS8h3p6px3JdPJz_jpg.rf.45916f085e2af6f4215a79a2a8753fc6.jpg,0,1,1,1,0,0,1,0,0
video-muKWZNM2FxQoStMQh-frame-001531-zHvRmeDuwpWJfkELF_jpg.rf.459c4b76ad60f4e29122fdcfc7403e6a.jpg,0,0,1,1,1,0,1,0,0
video-zNFzcc9wW8XB4QwTa-frame-009298-iigJz3LbjpYDtsiGC_jpg.rf.459321f3912faa4791f86a51fd85f12c.jpg,0,0,1,1,0,0,0,1,0
video-r68Yr9RPWEp5fW2ZF-frame-009673-uDD6GyKw6xNq7FNWz_jpg.rf.45a920124a8aef5617e1162576eb1815.jpg,0,0,1,1,0,0,1,0,0
video-kDDWXrnLSoSdHCZ7S-frame-001879-eXeJLrn6mZJJ4RQdc_jpg.rf.45bd3f6a6b40c1b4dc9db6fa35b49916.jpg,0,0,1,0,1,0,0,1,0
video-AEZAaF8epmvQv5Nfj-frame-017112-N6ubYMt5dovjiB9Rt_jpg.rf.45ccf06c39bc03a3c7428dc3cc17f5b0.jpg,1,0,1,0,0,0,1,1,0
video-MoCHppHsM4bnncPmS-frame-002682-WrGxu4fnzgpPeY2G8_jpg.rf.45d2b086d322e15573fb0ce8671d8371.jpg,1,0,1,0,0,0,1,0,0
video-67ZzTP4GCNj69eNPs-frame-002066-mM7k5tbKD4To5Tpwj_jpg.rf.45e6a0ab96b9f8eedcf24fd17c2ea740.jpg,0,0,1,1,1,0,1,1,0
video-XNM8eHsvxCMJ6peuj-frame-000770-ATjguCX2ZtmYRy8Yd_jpg.rf.4604d2a39c069ae2607f5ccd5e89a281.jpg,0,0,1,0,0,1,1,1,0
video-5YffDt2oYT6CDzYHk-frame-001664-4tFMXdcwBjre7zCiN_jpg.rf.45b5c15bf9be40b2eeebeca07d3ea576.jpg,1,0,1,0,1,0,1,1,0
video-TTDq3x6HSvFx3YRDH-frame-007898-Ddwfuqxgntvt9z8ZP_jpg.rf.45e7b5f10d124a202ae9e028dcf0c578.jpg,0,0,1,0,0,0,0,0,0
video-jNQtRj6NGycZDEXpe-frame-014936-MtqoQSA5eedd9wa7z_jpg.rf.461b524d2bdd4870a19c3e3280b25604.jpg,0,0,1,0,0,0,1,1,0
video-BjSfmxLQqCGjg8tya-frame-004983-znmTBkSYA2sRhgEhZ_jpg.rf.466e5177927f2c35904614a7e2b59142.jpg,0,0,1,0,0,0,1,1,0
video-aMQG7QCtJKfnEdue5-frame-002265-Mzny67CkPFt39aN5m_jpg.rf.4629c9326f10cce94907d1d764b86a62.jpg,0,0,1,0,0,0,1,1,0
video-DJYDQTZH7GLCqw3Tx-frame-002574-vK5Yu8vr5WFGJSGdx_jpg.rf.46191e6f1ab8b002c74f1353d8a5b621.jpg,0,0,1,0,0,0,1,1,0
video-kDDWXrnLSoSdHCZ7S-frame-002229-i7KxZxATyAGWtpNu7_jpg.rf.4667f81ffa23dfa16bf886f8ab37f376.jpg,0,0,1,0,0,0,1,1,0
video-vbhpsNpMoX2Qbhw2A-frame-001275-PewbphrfAsBmjEuv5_jpg.rf.45b2f7ff88169d851eb63f7bd51b7f50.jpg,0,0,1,0,1,0,1,1,0
video-5An82wT7iBmfZSwx7-frame-001653-H9rCytXsf3XC5nhrx_jpg.rf.460bbaa49f0673993a8cdf1b2b342526.jpg,0,0,1,1,1,0,1,1,0
video-7ac97f4pH2W94Kgm4-frame-013950-z9EtMTXbMqz6xXz6f_jpg.rf.466f5805984dddeef4b0bda5bcd77887.jpg,0,0,1,0,0,0,0,0,0
video-5YffDt2oYT6CDzYHk-frame-000420-ua685wQhs4qgEJyCi_jpg.rf.45dc8bed48086bd00504c01737b1eea8.jpg,0,0,1,1,0,0,1,1,0
video-JFiGa9oAAN2queuLt-frame-007511-vjsHBuCS7sjrcQT2t_jpg.rf.45b8b396fda200ec0016b23cd38af515.jpg,1,0,1,0,1,0,1,1,0
video-r68Yr9RPWEp5fW2ZF-frame-013958-JC2mikEHWqC52DgNG_jpg.rf.46708e294a703b7d88d0fc6ef62bbf0b.jpg,1,0,1,0,1,0,1,1,0
video-EcPY55txZdfhevYiW-frame-009438-KnoZkmS49SDt7iyWS_jpg.rf.46701ea6a288a48b02ed969f0e9e4291.jpg,0,0,1,0,0,0,1,1,0
video-aiXLPEvp86raemrsp-frame-004664-Jrv9fD2jSBoc9Fpvc_jpg.rf.467d3ee3ae6a72c6266dbd25a87d20e2.jpg,1,1,1,0,1,0,1,0,0
video-DJYDQTZH7GLCqw3Tx-frame-006337-psCBCrAbAsGntqftQ_jpg.rf.4682f9becbe38b4a906056e32e2c9bd7.jpg,1,0,1,0,0,1,1,0,0
video-fZKBh7mRSKHjXS2zk-frame-007950-26GLHtX6dHFJJKoM3_jpg.rf.45d0b5ecfec85e9a22b8ed4697bacf47.jpg,0,0,1,0,0,0,0,0,0
video-eLrXYzMxSL9NCXiQq-frame-004390-wQ23RvKYzD5vLMw7E_jpg.rf.46a43576efa47f9790f26b2c997006cc.jpg,0,1,1,0,1,1,1,1,0
video-7EPybiwBrzjDKn7TZ-frame-002397-p4cjTcwTu2QtBPDay_jpg.rf.4683cf0114c28ad0da2303277d3e40ec.jpg,0,0,1,0,0,0,1,0,0
video-jNQtRj6NGycZDEXpe-frame-005672-cJtwSckbERGM3khdM_jpg.rf.4698c4a76f44f7f888a6ef6faa4476c4.jpg,0,0,1,1,0,0,1,0,0
video-GzdKTLbkG5F7gAunM-frame-000569-QTsMst76zh9ztJWmH_jpg.rf.46931bf0c3614e239dbb4d53fecfa5ea.jpg,0,0,1,0,1,1,1,1,0
video-dpPsuZToLaq9myAK8-frame-006766-4TJcYWetv3S8GzRAn_jpg.rf.46a697574a6c5bae07e50470277a43f8.jpg,1,0,1,0,1,0,1,1,0
video-GXXqNLCqyu72TLx5i-frame-001002-RQ6WtvRXuTudj5LBa_jpg.rf.45dfd1ef19934d5d68cdecffe1124597.jpg,0,0,1,0,0,0,1,1,0
video-SyzNY82LYZrhkPH7x-frame-003488-YqW534E3FkgspY4Ha_jpg.rf.46df961183b22543cb6a1e438913bc91.jpg,0,0,1,0,0,0,1,1,0
video-jNQtRj6NGycZDEXpe-frame-007877-7354qv7fb3cQ8pQnG_jpg.rf.46d5dbc721e32825136aa492f7420a6c.jpg,0,0,1,0,0,0,0,1,0
video-r68Yr9RPWEp5fW2ZF-frame-009743-4Bb3CWQ3bpn9HDkbn_jpg.rf.46e0f4f7b85c456bdda6bca7e9eb5025.jpg,0,0,1,0,0,0,1,0,0
video-7yaY3LisuPdNyfZH9-frame-003415-bcavTruo5B29dTFGA_jpg.rf.4714abb156ec500182cada61ec17bc83.jpg,1,0,1,0,1,0,1,1,0
video-ZicHYAPRYGdu82nAa-frame-001882-FdGT8XK6RYFZPJ5qt_jpg.rf.46f343782818988cfbc981b4a863f015.jpg,0,0,1,0,1,0,1,1,0
video-ZicHYAPRYGdu82nAa-frame-003306-RqmbJj9gSEQdm7LXR_jpg.rf.46fbd49f183a940daea39d73e95f6d4e.jpg,0,0,1,1,1,0,1,1,0
video-jNQtRj6NGycZDEXpe-frame-000308-jvFeGkt5dZq9fTwZW_jpg.rf.4708b734d00a745253c97f95df10cf32.jpg,0,0,1,0,0,0,1,1,0
video-7EPybiwBrzjDKn7TZ-frame-001797-NCDWZBDyci29XjaqR_jpg.rf.46cceff427bdad81e046f85a41ebc950.jpg,0,0,0,0,0,0,1,1,0
video-nCxsLGvXK8o25AmXW-frame-000127-ZmTdTvkWa8cgpsrWc_jpg.rf.46a315f07adce0b1a48afbc897368841.jpg,0,0,1,0,1,0,1,1,0
video-GMDwNs5TdqejpF4vu-frame-000300-NXCr3TGo3C9gRmYpx_jpg.rf.47034a6c50057f624e55012bd59fd480.jpg,0,0,1,0,0,0,0,0,0
video-JFiGa9oAAN2queuLt-frame-004697-CWrjJsH9pxCHFGLPJ_jpg.rf.4732373f833c1f222c14243d16a52669.jpg,0,1,1,1,0,0,1,0,0
video-ZicHYAPRYGdu82nAa-frame-002649-5c2QBP3ovfryTg9Q7_jpg.rf.46afb17a95a683eeb2dc3fd60badea8f.jpg,1,1,1,0,1,0,1,1,0
video-DJYDQTZH7GLCqw3Tx-frame-006787-mfEuERXE8gLnKPgnb_jpg.rf.473e20451b99887dfe33eea4542390de.jpg,0,0,1,0,0,0,0,0,0
video-86XuF6pPvWfBCqyNt-frame-007592-PqxwwvRpLuXNWTjAt_jpg.rf.47369f079a4caa7b754e29b92608ecd8.jpg,0,0,1,0,1,0,1,1,1
video-QvjyFt7jvqczmaoNZ-frame-003593-gY6bYejmh23PwziiQ_jpg.rf.4739fa9be1095f4070a9f4001110df99.jpg,0,0,1,0,0,0,0,1,0
video-G6FT88p5kgvAR2Y92-frame-007200-q5gpkCRLctLnL7p9R_jpg.rf.4767b96a67d8889d059876f97685de52.jpg,0,0,1,0,0,0,0,1,0
video-FWQff8BQpTRSt9hfA-frame-003900-G68SYTMCtYLwQG2sm_jpg.rf.472e2cf28686762ae9714bd496355873.jpg,0,0,1,0,0,0,0,1,0
video-PY5tYnNPcGE9WrZuq-frame-002865-NrHruWtcyDavA5yLY_jpg.rf.477183bd36e05620c7fb6eca1281dca4.jpg,0,0,1,0,0,0,1,0,0
video-nodg7n2aFzCWFJBnv-frame-001435-Fut8bN7cnxZvacRoj_jpg.rf.4759525ec9a3cf78f6d358a30826189b.jpg,1,0,1,0,1,0,1,1,0
video-kDDWXrnLSoSdHCZ7S-frame-005843-QM9JDzZSXeXhAnB9P_jpg.rf.4772d454f12fd41832a02b45446509c2.jpg,0,0,1,0,0,0,1,0,0
video-dgYrcYcm5G75w2GJc-frame-002534-y7j3wc9DRzNRyyRQ8_jpg.rf.47952e143d87db2bc412218b64b0ac63.jpg,0,0,1,0,0,0,0,1,0
video-nCxsLGvXK8o25AmXW-frame-008262-5THFDTXc7enc9xKbF_jpg.rf.472f45f87b13cb5786fbccbb6c9bb2dc.jpg,0,0,1,0,0,0,1,0,0
video-r68Yr9RPWEp5fW2ZF-frame-009753-oeZx2cqMnqXLDoHnN_jpg.rf.4786ccc47fa8e74a7a981e6f335d0d84.jpg,0,0,1,0,0,0,1,0,0
video-iFWh9r9TJWmTzTrha-frame-007319-L5vgukaEoxsDEm5uW_jpg.rf.47686ac5a5c3b3aa84699cc9af7e89ca.jpg,0,0,1,0,1,0,1,1,0
video-5v4MPkCMGEKPfroxc-frame-000902-6PZEGF8EudP54FBgr_jpg.rf.47a5037c90bfddfd1da9c183f503e2b8.jpg,0,1,1,0,1,0,1,1,0
video-5v4MPkCMGEKPfroxc-frame-000045-24em6bwDPLDvmBRfr_jpg.rf.47e6c653788013223fb3d2f6e8e10a24.jpg,0,0,1,1,1,0,1,1,0
video-AEZAaF8epmvQv5Nfj-frame-006540-JPf7sBHfDkX7Kdh7Q_jpg.rf.47f5d8a47ab5793791a81bcafe52c58b.jpg,1,0,1,1,0,0,1,0,0
video-vvYEi6EdCrYXeHwpD-frame-011628-W8w6oEuAPimMf3j9q_jpg.rf.47e3e3fcd68538059a7286c791d2d950.jpg,0,0,1,0,0,0,0,1,1
video-24ysbPEGoEKKDvRt6-frame-000480-oSY5E3Ek3PcxWvp6x_jpg.rf.48002c5dc4313593c8f4b00302c3e47c.jpg,1,0,1,0,0,0,1,1,0
video-RzCFkE9yg95GWAnYj-frame-003300-n94cKEC4WKavvDrD3_jpg.rf.47f87576806927d44cf8dc5f6dff6e6a.jpg,0,0,0,0,0,0,0,1,0
video-r68Yr9RPWEp5fW2ZF-frame-006506-cgnir5pb2NY5KZmSM_jpg.rf.4797457fc015e800feebf6241288ac21.jpg,0,0,1,0,0,0,1,0,0
video-S5osy2ei487eAM2fw-frame-002876-QSJSGiKNxQ5rZecWc_jpg.rf.47a296c0d506452ead41c157669cda53.jpg,0,0,1,0,1,1,1,1,0
video-6WgZhpFdCJP3a2cWi-frame-003200-w3tAsPzWgNXja2Gff_jpg.rf.48178cbc95cde05d78e0b582455d5651.jpg,0,0,0,0,1,0,0,1,0
video-XCJD9qhzXNoZCn37i-frame-017853-osnzMZvdGBX2tDMwA_jpg.rf.480cb9db2e0c5f8d7a72b2a638c7014f.jpg,0,1,1,0,0,0,1,0,0
video-hmsJCeMCWjX2FhxD8-frame-000195-RD6y2vWTdvriYHPYC_jpg.rf.480acf91528a936b5759771475fddb28.jpg,0,0,1,0,0,0,1,0,0
video-fZKBh7mRSKHjXS2zk-frame-006750-rvLkPTwEWjMHNEKmL_jpg.rf.48094433e729a41f43a4e60d020e809a.jpg,1,0,1,0,0,0,1,1,0
video-2MbnnGTv27EBLGqiQ-frame-002850-EA8YYMvdQfxtnXbS9_jpg.rf.4822809ecc0ee5a06be455e96affbf7b.jpg,1,0,1,0,1,0,1,0,0
video-AEZAaF8epmvQv5Nfj-frame-015821-W95g9oGpAnMuZ4zzG_jpg.rf.481aaba1ecd3365b97013e97e7c690b9.jpg,0,0,1,0,0,0,1,1,0
video-5An82wT7iBmfZSwx7-frame-000375-2PYoquyQ2zdqKbeMQ_jpg.rf.47f53be73308ad0aa29f021a4a7ba98e.jpg,0,0,1,1,1,0,1,1,0
video-dgYrcYcm5G75w2GJc-frame-006752-m8zfGnZusqSGRkusi_jpg.rf.4829ac33ba61b28950c9b63c6214d876.jpg,0,0,1,0,0,0,1,1,0
video-Gfv3kbdf5KAYRtPcz-frame-001082-KkN6FK2rf6ZNijvo8_jpg.rf.483cbdd5f463cb7ee6095a544fad5564.jpg,0,0,1,0,1,0,0,1,0
video-vbhpsNpMoX2Qbhw2A-frame-000574-LGNrDBYoJcwSrpoek_jpg.rf.484411aec633f4cbe7a0e95486693a4e.jpg,1,0,1,0,1,0,1,1,0
video-WXTMrJkrK8BMoMkxk-frame-001939-pRMiRF35NKBv2kejs_jpg.rf.4872140368400b2a1f0636abbccfeee4.jpg,0,0,1,0,0,0,1,0,0
video-aMQG7QCtJKfnEdue5-frame-001241-jsF6WjgCi2iChZs48_jpg.rf.482b0439a1684009283352bf1da5a7c8.jpg,0,0,1,0,0,0,1,0,0
video-SyzNY82LYZrhkPH7x-frame-002080-zYJoJ3uX3XYbQfY3R_jpg.rf.4867ad391cf004ffb54d955afc00d67b.jpg,0,0,1,0,0,0,1,0,0
video-r68Yr9RPWEp5fW2ZF-frame-001696-pGLvenQFRX3xWXL5H_jpg.rf.489d77bb8499f364799663534c1575fe.jpg,1,0,1,1,1,0,1,0,0
video-JFiGa9oAAN2queuLt-frame-004307-rdbX6oQRmXn8MaTD8_jpg.rf.4869de347a004b2da736c3f92c3ce9a9.jpg,0,1,1,0,0,0,1,0,0
video-rnZseY2bPiYhWEF2m-frame-010707-xnKQkDpJD8scE6wTd_jpg.rf.48a761fcb24d44153b37b7805a4657cf.jpg,0,0,1,0,0,1,1,1,0
video-AEZAaF8epmvQv5Nfj-frame-008360-CDkmBhRnG8HxPeuze_jpg.rf.484e61fdfd85938d988c916d8efd9b92.jpg,0,0,1,1,0,0,1,1,0
video-kZvY7NeD8kA7PiMWX-frame-005540-bsxNKJni9wm8W53wo_jpg.rf.48633ba271aa699c7951d0fa5e79a666.jpg,0,0,1,0,0,0,1,0,0
video-4E8nAe7bkHkSZfpjq-frame-006600-MhA9o5Lip89Zo5Mmf_jpg.rf.48a2f1356e8d22efe330982f53235c24.jpg,0,0,1,0,0,0,0,1,0
video-G9ZpKLJEKsMheip7b-frame-001800-cpfrEHrHWQ4yZ3Lyt_jpg.rf.485142d8a1da44146e1d87ab6be18dd3.jpg,0,0,1,0,0,0,0,1,0
video-cprcATqPmWGnc3cgi-frame-001186-hPHPJGoQCu3S8Y7Qk_jpg.rf.489f06dd1815350967d1679bb9161f88.jpg,0,0,1,0,0,0,1,1,1
video-5v4MPkCMGEKPfroxc-frame-000287-PHWw9y2miQxRWJggg_jpg.rf.48a9c95315531b1afc041aed6fa74e08.jpg,0,0,1,0,0,0,1,1,0
video-MoCHppHsM4bnncPmS-frame-002055-yBAS5sodeFBjAzM6K_jpg.rf.48a7867c3d192ecc0ef31a89981b9ab1.jpg,1,0,1,0,1,0,1,1,0
video-JFiGa9oAAN2queuLt-frame-003277-f7z2T4TRMchgFZxR7_jpg.rf.478b2a867ebb8bbe541aa9d6cd6d29c6.jpg,0,1,1,1,0,0,1,0,0
video-G9ZpKLJEKsMheip7b-frame-002850-KF8nYv96eSzNxqpBt_jpg.rf.48dd1f4367196a27977fc5744873fe04.jpg,0,0,1,0,0,0,1,1,0
video-JFiGa9oAAN2queuLt-frame-007411-QCqcSHmXRQeRfwioy_jpg.rf.48a7d9b64fafdefaf0d69ae58ad7e30b.jpg,1,0,1,0,1,0,1,1,0
video-5An82wT7iBmfZSwx7-frame-000719-Hcbj2miPjETfZKkxZ_jpg.rf.4802bb83e8ce4330085719164439eb23.jpg,0,0,1,1,1,0,1,1,0
video-kZvY7NeD8kA7PiMWX-frame-003601-cTqWDpBqLeLJiaqvG_jpg.rf.48607a4be9ea08e50ab69cdcb33674d8.jpg,0,1,1,0,1,1,1,0,0
video-c3Lxro5s7dbYgdGRp-frame-004919-EQr8Soj4EtzrT4RcR_jpg.rf.48d225115852e408e58f9e4fed4cbd8b.jpg,0,0,1,0,0,0,0,1,0
video-iTrM5ner4KQGLvpdC-frame-001468-LNAgYd7N5SXufhTzf_jpg.rf.48e5669de893bb23833550f9f3fe6c1a.jpg,0,0,1,0,1,0,0,1,0
video-JFiGa9oAAN2queuLt-frame-007651-FqKhaDeTZwJCcejmA_jpg.rf.48f0141e7a723075b98e7367baa45a64.jpg,1,0,1,0,0,0,1,1,0
video-iFWh9r9TJWmTzTrha-frame-005710-cQj7ZyB3RQ7ZaTcx3_jpg.rf.49000c134a91dc9d991f711d2ea2a1bc.jpg,0,0,1,0,1,0,1,1,0
video-KTtJnXH7CcPgLeF2G-frame-004438-oYnijKFdBdKF7sopT_jpg.rf.4937c5e1c4fbce27bc9b9fe476ee5ab1.jpg,0,0,1,0,0,0,1,0,0
video-7yaY3LisuPdNyfZH9-frame-000780-94bn6DScvn4BNMQvN_jpg.rf.4926f1d3a5044fef9e862dcbc5cb1e31.jpg,1,0,1,0,0,0,1,0,0
video-WXTMrJkrK8BMoMkxk-frame-000250-K28sQcyaJn2NwCR5L_jpg.rf.4939fcf6d699ddc1e5bb56c730171c30.jpg,0,0,1,0,0,0,0,1,0
video-kDDWXrnLSoSdHCZ7S-frame-000600-qNjGJnbXQagjzxQcf_jpg.rf.4890c9eb0572d42b56dc9f6baae44557.jpg,0,0,1,0,1,0,1,1,0
video-AEZAaF8epmvQv5Nfj-frame-009861-RmCxvDarAEhGNYc8W_jpg.rf.493ee14d9df5a371a2ee3f9466c851ff.jpg,1,0,1,0,0,0,1,0,0
video-DJYDQTZH7GLCqw3Tx-frame-003681-FMzFhWPE4GdWbC4Wz_jpg.rf.493d0cb4e46dc7ee4f4656dccd0db7fb.jpg,1,0,1,0,0,0,1,1,0
video-DJYDQTZH7GLCqw3Tx-frame-003037-pgGuLBSoYBnpxjiEv_jpg.rf.498250332124931f0484437e2f769305.jpg,1,0,1,0,0,0,1,0,0
video-Gfv3kbdf5KAYRtPcz-frame-003715-LK3J25kGGBxMaPJ9u_jpg.rf.495868e33331f71363c31d0adf6fabda.jpg,1,0,1,0,0,0,1,1,0
video-AEZAaF8epmvQv5Nfj-frame-014601-AMDfMyG2GuDF9PJFN_jpg.rf.494908571c60bec266a96e74fdc5e70c.jpg,0,0,1,0,0,0,1,0,0
video-evnmmkhaqckdxWa9P-frame-002426-yKqMcwXoxA2xvtYZ9_jpg.rf.49855be504b267a6a0e35c98483feb80.jpg,1,1,0,1,0,0,1,0,0
video-zNFzcc9wW8XB4QwTa-frame-000378-2ej4sgZyzj82JNJ8M_jpg.rf.49694ab77479adb71267a861ddafdabd.jpg,0,0,0,0,0,0,1,1,0
video-AEZAaF8epmvQv5Nfj-frame-013460-HyvQJ43Toa7yLMxXN_jpg.rf.495f04261eae419222250905db120534.jpg,1,0,1,0,0,0,1,0,0
video-S5osy2ei487eAM2fw-frame-002451-uZ4LFqWyk8kKqqSCh_jpg.rf.496cb51b88697e8dd78e2c844a45e96b.jpg,0,0,1,0,1,1,1,1,0
video-wGdqQimawNX3RYv76-frame-004500-sfbBNtTYb6YTm7yxL_jpg.rf.4972e43cf3a4b24436db0c939caafb6a.jpg,0,0,1,0,0,0,0,0,0
video-7yaY3LisuPdNyfZH9-frame-002047-BLPbBcWFR4xT4LPoE_jpg.rf.49672877e849e34e0b69e033ec095da1.jpg,0,0,1,0,1,0,0,1,0
video-3eAD4KjAqae5iq48L-frame-012064-xM7mNYYA6QRwuHS6H_jpg.rf.497b68e9c8473d1e69324f4fbea2d542.jpg,0,0,1,0,1,1,1,1,0
video-a9TgkAvMGtM2gXpdj-frame-004551-MTCngsfytkvKTHDez_jpg.rf.49811969b764e0e9279adb0197abb8b8.jpg,0,1,1,0,1,0,1,1,0
video-ZicHYAPRYGdu82nAa-frame-002559-nDrhGKM9iBokFoHay_jpg.rf.499dbdb97f1d1c5486858dc3f2d3fdd6.jpg,1,0,1,0,1,0,1,1,0
video-bk2x9u9JivsWRS9Nk-frame-008829-uCm8XfhcktgNJ2vn9_jpg.rf.49a0d5c2650b4a0a01ea7f310768a803.jpg,0,0,1,0,1,0,0,1,0
video-5Lwe5DATf4BxKtaiB-frame-001552-wmiZctzdb4qqbCS2o_jpg.rf.49ca1ef971c47f2b2c074870ea717dfd.jpg,1,0,1,0,0,0,1,1,0
video-dpPsuZToLaq9myAK8-frame-005079-sCAkZ9mGgX3BGRXZf_jpg.rf.49c8051babef8b8ad541813fef0939bd.jpg,0,0,1,0,0,0,1,1,0
video-xEYBrQ5tarcDbiw9p-frame-008712-S2eiu5vDfQYQbfEoE_jpg.rf.49bdacedcf44dd3549b1e4b56624d7e8.jpg,1,0,1,0,0,0,1,1,0
video-Bfb39QmAgJQZfE7Pu-frame-008391-v5fcrXqXeQ7PTG883_jpg.rf.49b7f6b3b4f17282e92d1ab6bfdf6e77.jpg,0,0,1,0,0,0,1,1,0
video-Gfv3kbdf5KAYRtPcz-frame-001142-oyzPZaANJ8A46hgre_jpg.rf.4967b65c9210ff1aa974e817386bf8b4.jpg,0,0,1,0,1,0,1,1,0
video-SyzNY82LYZrhkPH7x-frame-000291-oRqgBwJ2cAewE5dcY_jpg.rf.4987a55df8d3979865c09ad0f5eb0e81.jpg,0,0,1,0,1,0,0,1,0
video-DJYDQTZH7GLCqw3Tx-frame-004511-fCHS8ExsWRirzup9J_jpg.rf.49bd0a4cec925838cc6175c6e899bd9d.jpg,1,0,1,0,0,0,0,0,0
video-soRFb9y3iqE3YpJSG-frame-000612-oKRzPvhF6ihqRnRmv_jpg.rf.49d9405b1e19d0df2c668004adbecc28.jpg,0,0,1,0,0,0,1,0,0
video-jNQtRj6NGycZDEXpe-frame-011564-K6StaSB6dtMQEdwmz_jpg.rf.49df5249c7a307bf563ffd11642bdd79.jpg,0,0,1,0,1,0,1,0,0
video-r68Yr9RPWEp5fW2ZF-frame-009023-JJfJpc5BDnWvD2FbJ_jpg.rf.49c5c191709a9ac2731e8c34a0512eb7.jpg,0,0,1,0,0,0,1,1,0
video-hmsJCeMCWjX2FhxD8-frame-002552-A2pFHspizS5LkqJds_jpg.rf.4a18253394bff4c15ea8b39c7b1cfd17.jpg,0,0,1,0,0,1,1,1,0
video-BjSfmxLQqCGjg8tya-frame-001653-AQcaAkhs8o4dK4Dqd_jpg.rf.4a1ae13ef3c22cd048e1cc91c627ceae.jpg,0,0,1,0,1,0,1,1,0
video-AkvAvb4X72cnTbbCw-frame-000605-MhWh4hYwechvjFej3_jpg.rf.49314f61f932fe319b7d4cf9559400f5.jpg,0,0,1,1,1,0,1,1,0
video-mBQmysFvQtPK36MsF-frame-001091-2AfymqDffC7KXFrAL_jpg.rf.49a3124f5e4caa03c6b333dff1d1055b.jpg,0,0,1,0,0,0,0,1,0
video-YzRKMLLSDnZLFpPmg-frame-005733-mrQosFR3Byq8LLj33_jpg.rf.4a2994f78c5be0b741ad91b7c8f3c6e0.jpg,0,1,1,0,0,0,0,0,0
video-JFiGa9oAAN2queuLt-frame-012152-Wx4AzLoBejCmbqvoG_jpg.rf.4a0ec8330ceaecb3d7d20da689cfb128.jpg,0,0,1,0,0,0,0,0,0
video-AEZAaF8epmvQv5Nfj-frame-008640-2PQTA6rAoQJoboKrm_jpg.rf.4a16a2e283430531da730a050de43eb0.jpg,1,0,1,0,0,0,1,0,0
video-5YffDt2oYT6CDzYHk-frame-001764-hkhpfYcoxqhMpGMRk_jpg.rf.4ab8fe0382f0d03e5669478684fca9f3.jpg,1,0,1,0,1,0,1,1,0
video-sEs53HkN6oRqWdeQK-frame-000567-CHWzWm4zSKEHhS9mh_jpg.rf.4a631968ddfc0952c3fcf7fc8203d013.jpg,1,0,1,0,1,0,1,1,0
video-bk2x9u9JivsWRS9Nk-frame-009920-8tuN88RFCKBiZose8_jpg.rf.4a606688066a9143c773f8fcd192157e.jpg,0,0,1,0,1,1,1,1,1
video-iFWh9r9TJWmTzTrha-frame-003006-WwWqKHoD8muJszWD2_jpg.rf.4a866f7ae919c45d0ba04d8edbd5b1a6.jpg,0,0,1,0,0,0,1,0,0
video-JFiGa9oAAN2queuLt-frame-001494-Tttjm4kvx7sGLL7yw_jpg.rf.4a7bc7834c694e052dd1a4fcb8ba5062.jpg,1,0,1,0,0,0,1,1,0
video-8CvM2BExBLyQFZrK8-frame-003780-C3qCq6eBm4H4ordr4_jpg.rf.4aab9cd7d211b45368216b819ce465e9.jpg,0,1,1,0,1,1,1,1,0
video-r68Yr9RPWEp5fW2ZF-frame-003126-nXsz6wRBeYF8sS3oZ_jpg.rf.4a30c673188cd6b83001b7e60c4fc816.jpg,0,0,1,0,1,0,1,1,0
video-r68Yr9RPWEp5fW2ZF-frame-014680-TxJ3WXuSGJP7TzJDf_jpg.rf.4a904092df6aa2d441d2cea1ca1d11e5.jpg,0,0,1,0,1,0,1,1,0
video-r68Yr9RPWEp5fW2ZF-frame-009093-GChD99ZkudBjbHJ2x_jpg.rf.4ab5512e547e2d757f223723b78e27dd.jpg,0,0,1,1,0,0,1,1,0
video-ydbh3ikFGJFieXswZ-frame-006300-r7qS9ypod7Gxo2g5w_jpg.rf.4ab9052a4bd8741e2a52704ecab797eb.jpg,0,1,1,0,0,0,0,1,0
video-5v4MPkCMGEKPfroxc-frame-000842-QnJaihiqvTyFXWDLz_jpg.rf.4ad4be8959146b3ed3cddc7d12fe9ecf.jpg,0,1,1,0,1,0,1,1,0
video-8CvM2BExBLyQFZrK8-frame-001188-tp24TAhF9W8M8JbPM_jpg.rf.4ae4b5146536293bb9d59a8b41f4f653.jpg,0,0,1,0,1,1,1,1,0
video-Jbg7v6iuvSJavrMsD-frame-006600-fK2xwtL2taZF6J3jt_jpg.rf.4abac6234d83a90c21fd26d4d45b8cc1.jpg,0,0,0,0,0,0,0,1,0
video-AEZAaF8epmvQv5Nfj-frame-016351-czfJwypLWTxDJQrna_jpg.rf.4b5ccedac892892a0022a5135f2338ad.jpg,0,0,1,0,0,0,1,0,0
video-SyzNY82LYZrhkPH7x-frame-003278-4cgJMJSvbdpBKcZAC_jpg.rf.4b02d11670a575480ede8769d94ce033.jpg,0,0,1,0,0,0,1,1,0
video-aMQG7QCtJKfnEdue5-frame-000475-EDPbLKckoqpLbTCx9_jpg.rf.4b4de1efd47c246cff2b6c1c53d9e1d0.jpg,1,0,1,0,1,0,1,1,0
video-TTDq3x6HSvFx3YRDH-frame-005983-xhDwfErqqTtT94NmT_jpg.rf.4af7ac82a9308d83ea435503a7032ecf.jpg,0,0,1,0,0,0,1,0,0
video-dgYrcYcm5G75w2GJc-frame-006119-oakNS7dNqqiYDHPLf_jpg.rf.4b50f096df3dd9afe9783ee893e8773c.jpg,0,0,0,0,0,0,1,1,0
video-AEZAaF8epmvQv5Nfj-frame-015161-SXP9kP8FPyDwijQJw_jpg.rf.4b5674dd9448108608f17ff6697197a0.jpg,1,0,1,0,0,0,1,0,0
video-AEZAaF8epmvQv5Nfj-frame-006610-AKJDHDbXMfjjthSM7_jpg.rf.4af7c7b0a398717e699e0892d748a687.jpg,1,0,1,0,0,0,1,1,0
video-DJYDQTZH7GLCqw3Tx-frame-000650-7gpnL5K3PSXtzkZHE_jpg.rf.4afdf4d17dfbae94b1f74f7451a3d404.jpg,1,0,1,0,0,0,1,1,0
video-8QxGjiebFiGwCKrd5-frame-002250-GKcWidWcgpAErq5dE_jpg.rf.4b4af2176a8e3eabf35b5fc841320e48.jpg,0,0,0,0,0,0,0,1,0
video-5RBAcNR5F6fB3i6P5-frame-009419-GDo6ujSvBZuyRHHWq_jpg.rf.4b1da1426310bcc39bab09b03b74544c.jpg,0,0,1,0,0,0,0,0,0
video-JFiGa9oAAN2queuLt-frame-005257-Cs6BuLGpXErJTGawR_jpg.rf.4ac86542166bb95f1b73bdeecb44391b.jpg,0,1,1,0,0,0,1,0,0
video-DJYDQTZH7GLCqw3Tx-frame-008100-BkYqWWCkiaGv9LsgP_jpg.rf.4b5eb1a3e04b0bb83d0a4b4d65b6ab82.jpg,1,0,1,0,0,0,1,1,0
video-DJYDQTZH7GLCqw3Tx-frame-004916-vvoRbypZnCKpLmdAb_jpg.rf.4b2c8ba64ff4089d5c701934dde67fdd.jpg,0,0,0,0,0,0,1,1,0
video-qmuvFTzLkR28JMp7r-frame-003426-bbu7y7cnGT7M2epza_jpg.rf.4b6c30b2711a7ea28d2c91549cf79e4c.jpg,0,1,1,0,1,0,0,1,1
video-sEs53HkN6oRqWdeQK-frame-001753-aQaviithLWc7fs4vH_jpg.rf.4b6fbcc5eed33b0e74d044ff403c35cf.jpg,0,0,1,0,1,0,1,0,0
video-2Af3dwvs6YPfwSSf6-frame-001200-oG9sisHExWk63oMN5_jpg.rf.4babd8cd1476de40617a01d887fa4765.jpg,0,0,1,0,0,0,0,1,0
video-KTtJnXH7CcPgLeF2G-frame-002154-fbPWzuqmTJb5dLWAa_jpg.rf.4b9bcb0409173691863bbf320f581531.jpg,1,0,1,0,0,0,1,0,0
video-AkvAvb4X72cnTbbCw-frame-000110-uydPJDRWgkfdWgBHR_jpg.rf.4b6b82e9d8554343142df98cf048ccf2.jpg,1,0,1,0,1,0,1,1,0
video-FpPLvkRLgQbgG7A7n-frame-006000-veCrBADLv57YfxGvY_jpg.rf.4b6067a87b654b32578ffe32fab5829c.jpg,0,0,1,0,0,0,0,0,0
video-sEs53HkN6oRqWdeQK-frame-000747-Z5hGwkbZsK727o39p_jpg.rf.4bb1cb9409e0847c0b258f95f657a054.jpg,1,0,1,0,1,0,1,1,0
video-ZicHYAPRYGdu82nAa-frame-003761-zHsjrrGNtdTgiTe4D_jpg.rf.4ba40e1644d1979694f9e244c9aba77c.jpg,0,0,1,0,1,0,1,1,0
video-7EPybiwBrzjDKn7TZ-frame-002247-xdG3G9tEnLDAS7fMb_jpg.rf.4bc1f44dddbca6d6e9113600a1abc12a.jpg,1,0,1,0,0,1,1,1,0
video-DJYDQTZH7GLCqw3Tx-frame-005216-6526xcunuuA2iFnkb_jpg.rf.4baee2bf4da4ab9d3c7bc38534a7d358.jpg,1,0,1,0,0,0,1,0,0
video-jNQtRj6NGycZDEXpe-frame-003100-7jMyjTbB67BmSvbuZ_jpg.rf.4bd5c74a4ae8abbedcb528edc9dab300.jpg,0,0,1,0,0,0,0,0,0
video-GMDwNs5TdqejpF4vu-frame-003309-Md8iN9WaZAT69KJmD_jpg.rf.4ba5fafa6fdc03babf2afac30c79d18a.jpg,0,0,1,0,0,0,0,1,0
video-AEZAaF8epmvQv5Nfj-frame-008580-pMFb4fHePKMSmY46q_jpg.rf.4bdfea76491d7fd8a33a8e15fc408e85.jpg,1,0,1,0,0,0,1,0,0
video-AEZAaF8epmvQv5Nfj-frame-009951-mvNdDDzSKWv2GwA4K_jpg.rf.4be24bdc26fb10f8f625c3d3a60aa4ab.jpg,1,0,1,0,0,0,1,0,0
video-5v4MPkCMGEKPfroxc-frame-000105-euqT42fCrk7rnWfjR_jpg.rf.4bf0f0bcc75df587afa68fccfb7756e8.jpg,0,1,1,1,1,0,1,1,0
video-BjSfmxLQqCGjg8tya-frame-005994-tTMPwbZjEBQthExGL_jpg.rf.4bf84290804e1a2dca2210a98f8716bb.jpg,1,0,0,0,1,0,1,1,0
video-WiuWWrsHrJsDcfFzg-frame-003296-sNBPdQod3s64pgtFa_jpg.rf.4c125c8fd7b2d301ba002d966de9f2fd.jpg,0,0,1,0,1,1,1,1,0
video-AEZAaF8epmvQv5Nfj-frame-015451-sE2snAobByAqC3dL7_jpg.rf.4c2b43b23d9ddd5f2d2de21b7529934c.jpg,0,0,1,0,0,0,1,0,0
video-Bfb39QmAgJQZfE7Pu-frame-023925-dMvjKWLCQPjuKBtGr_jpg.rf.4c5e62e64d4805aa2c82960e97a86f35.jpg,0,1,1,0,1,0,1,1,0
video-a9TgkAvMGtM2gXpdj-frame-005120-umaPC2SCbKr3HFPcy_jpg.rf.4c16b927b0e15e28b5dc4cb87113d09e.jpg,0,0,1,0,0,1,1,0,1
video-7EPybiwBrzjDKn7TZ-frame-002322-fS82zFgmxnbkff7TM_jpg.rf.4c6247d32adc5ded33398e1c85769826.jpg,1,0,1,0,0,1,1,1,0
video-uSr74imQfjLhADgQZ-frame-000354-yyziSSyZ5NQuXMj6D_jpg.rf.4c7a6469b0fdf69fdade0752c80b0e85.jpg,0,0,1,0,0,0,1,0,0
video-G9ZpKLJEKsMheip7b-frame-005400-Gr2r6RB54kws67jFJ_jpg.rf.4c89e38c69b47c58065771644462e3de.jpg,0,0,1,0,0,0,1,1,0
video-7EPybiwBrzjDKn7TZ-frame-002067-sg7RLHovzJwKgGx9X_jpg.rf.4c75343a6588c2f3b8ee080dfd8f7a77.jpg,0,0,1,0,0,0,1,0,0
video-KTtJnXH7CcPgLeF2G-frame-000439-jsYFrbtYuLupyuvCL_jpg.rf.4ca00e1431cd9e67a2de18709c455699.jpg,0,0,0,0,1,0,1,0,0
video-49ZHZYTfjWxQXmrQs-frame-008100-YzLhKRk4DgDBkxhNY_jpg.rf.4c4f41295d6d3c7b5cf3d88b30f33503.jpg,0,0,1,0,0,0,0,1,0
video-nodg7n2aFzCWFJBnv-frame-002902-vSXZoAy7qyyc65XXh_jpg.rf.4cb7aeb974ae702313b381428b02ebc5.jpg,1,0,1,0,1,0,1,1,0
video-2Af3dwvs6YPfwSSf6-frame-007500-G5EZQnjGiHz9A8WvX_jpg.rf.4ca0fa7e0d2148d8421dcc0405d428d7.jpg,0,0,1,0,0,0,0,0,0
video-7EPybiwBrzjDKn7TZ-frame-004426-3yN7xnh3dkkgxgybB_jpg.rf.4c2a89b9d8a33df45e1535359d9d7b9a.jpg,0,0,1,0,0,0,1,1,0
video-DJYDQTZH7GLCqw3Tx-frame-008700-o7JpYL6mmwCWEpNqW_jpg.rf.4cd1a707af94004af57e6f6f4151768b.jpg,1,0,1,0,1,1,1,1,0
video-5YffDt2oYT6CDzYHk-frame-001904-QqAPs7WtcumAG7T8y_jpg.rf.4cda7130642825332d7def281d3b6d93.jpg,1,0,1,1,1,0,1,1,0
video-rYXSHjnEfuLmjE6Z4-frame-000672-g48c8Pft6c78jfCpH_jpg.rf.4ce00906d7b4b7501a93e70cb3cd2d4a.jpg,1,0,1,0,1,0,1,0,0
video-fg5eBhFE7kHyXPtBi-frame-001083-CJAMbKo5YwZQrxawL_jpg.rf.4cdf3d1ec92430ff41f3dc52889957ce.jpg,1,0,1,0,1,0,1,1,0
video-ELruYFQjkqpZnir29-frame-002356-qngCupCWty6FjzwBe_jpg.rf.4cf2cd8066f021b9516abd30205f949a.jpg,0,0,1,0,0,0,1,1,0
video-WFkuHrJEHigf6HCWZ-frame-003596-pPsXjEFAzMWEYFgp6_jpg.rf.4c5bc762cffd99a1518fbfe4fa055f10.jpg,0,0,1,0,1,0,1,1,0
video-AHWxmA7AFazuCjdrS-frame-000322-BPQjnwYC43tem3fPj_jpg.rf.4d0731ed66e579ba56fac36cc5e7c56b.jpg,0,0,1,0,0,0,1,1,0
video-nodg7n2aFzCWFJBnv-frame-000985-t4PYFkRay7A5t7P8b_jpg.rf.4d1dae81199121a0b5a514e2ebe5d98c.jpg,1,0,1,0,1,0,1,0,0
video-r68Yr9RPWEp5fW2ZF-frame-009543-EuttB8QpTohd6xdM8_jpg.rf.4cdfb480afd4bcf1716b0ce6c8f91439.jpg,0,0,1,1,0,0,1,1,0
video-JFiGa9oAAN2queuLt-frame-005107-yjeMkRd4Nm9AQT2kq_jpg.rf.4d1f2e09bf715c2895076fc4917dee5a.jpg,0,1,1,1,0,0,1,0,0
video-GXXqNLCqyu72TLx5i-frame-005116-8b5wqdEdpSw5PnJM4_jpg.rf.4d1e97f771d91ea1fcf1bdd974be4bd6.jpg,1,0,1,0,1,0,1,1,0
video-2MbnnGTv27EBLGqiQ-frame-004800-hy4F7JTvMjs5BYQvC_jpg.rf.4d2d026932dbf3495699612805c61801.jpg,0,0,1,0,0,0,1,0,0
video-r68Yr9RPWEp5fW2ZF-frame-000453-yGHB8YGxHCYJb5Tb9_jpg.rf.4d6b276ace4e9772efce83b0c9cd05b1.jpg,0,0,1,1,1,0,1,1,0
video-YzRKMLLSDnZLFpPmg-frame-004095-JdN6fmmtL6gywi4Pb_jpg.rf.4d9cd86b51569ba579d6eb93232d2ec4.jpg,0,1,1,0,0,0,0,1,0
video-AEZAaF8epmvQv5Nfj-frame-008350-zPCt5FrR4b5DAKNDd_jpg.rf.4d3b2e4805135355614f1fe1522291c4.jpg,0,0,1,1,0,0,1,1,0
video-DJYDQTZH7GLCqw3Tx-frame-001519-qG2ZRHrvoiuKWhuae_jpg.rf.4d68cfffa0bdd69cd20395b3596686cf.jpg,1,0,1,0,0,0,1,0,0
video-AEZAaF8epmvQv5Nfj-frame-015531-2pHnGtanrjRjTXMjX_jpg.rf.4d7df1e29046eb34565178ebc4d32168.jpg,0,0,1,0,0,0,1,0,0
video-r68Yr9RPWEp5fW2ZF-frame-015735-EFkk3PFxf3Z5bSbWT_jpg.rf.4d612fa116d28df1c630444893e453cf.jpg,1,0,1,0,1,0,1,1,0
video-qmuvFTzLkR28JMp7r-frame-003728-ftTPQeRbaQw3FC2K3_jpg.rf.4d2acda262309930e3011b754a772434.jpg,0,1,1,0,0,0,0,1,0
video-muKWZNM2FxQoStMQh-frame-002324-MEvA8F8vmaaRaNb87_jpg.rf.4d9dd211e35c6fa65db746488cf9a587.jpg,0,1,1,0,0,1,1,0,0
video-Gfv3kbdf5KAYRtPcz-frame-002661-PsCSwStHwAYZbatt4_jpg.rf.4d3dad03d9ae050a9a5eca384fb3a254.jpg,0,0,1,1,0,0,1,1,0
video-dpPsuZToLaq9myAK8-frame-001918-hLyW4evjKNfnrG7Ri_jpg.rf.4d4763c214ed626bc2477322f9c52985.jpg,0,0,1,0,0,0,1,1,0
video-bNfjGzbuFRY9NkHKz-frame-002400-YEG7SyB4dGjd9aWGW_jpg.rf.4d919b1c72a5c3e383befab2da5eb927.jpg,0,0,1,0,0,0,0,0,0
video-7yaY3LisuPdNyfZH9-frame-006205-C5qcE6DjETXDLpxh2_jpg.rf.4d907d27c16b9528d76541ab0c80c731.jpg,0,0,1,0,1,0,1,1,0
video-Gfv3kbdf5KAYRtPcz-frame-002991-MxG2zRH7RTgjKrw8Z_jpg.rf.4dd84ab0e7f653b77e7963b692bac9a6.jpg,1,0,1,1,0,0,1,0,0
video-AEZAaF8epmvQv5Nfj-frame-004050-Gr72KJmxmJNicgBZR_jpg.rf.4db473785c5e4696c181124ccf5850a5.jpg,0,0,1,0,0,0,0,0,0
video-5An82wT7iBmfZSwx7-frame-005496-grTL6BZoffhpwZNHD_jpg.rf.4d6ebc7f25de2af1a5554609f2ca1207.jpg,0,0,1,1,1,0,1,0,0
video-r68Yr9RPWEp5fW2ZF-frame-006766-yir3kHuhSz6Rj557u_jpg.rf.4df21c6c9490f982aa35f8da2ece3bd4.jpg,0,0,1,0,0,0,1,1,0
video-r68Yr9RPWEp5fW2ZF-frame-003016-E7GwGNYSsxFwJkorS_jpg.rf.4de20bbefd067384f160e4744c67ebbb.jpg,0,0,1,0,1,0,1,1,0
video-ooW42bEtJrR4gufJr-frame-004800-oyCEG6j4mdByh9vic_jpg.rf.4d542ba343be9d676a2c09c907f38b6f.jpg,0,0,1,0,0,0,0,0,0
video-5An82wT7iBmfZSwx7-frame-001798-MR7ZsXmvuEeZcYPZh_jpg.rf.4df7a65a6bb54a27e21536d1be71112d.jpg,1,0,1,0,1,0,1,1,0
video-7yaY3LisuPdNyfZH9-frame-003460-bpjtkgZZPWmKN4NSn_jpg.rf.4e1bbb097defeb7d956a52fcfb9ea8fc.jpg,1,0,1,0,0,0,0,1,0
video-BvDJ7TewksQCjCtyN-frame-001741-3ZYjfHjqfxQpvMfGd_jpg.rf.4e4a2cd856093c52d9257d8eb13b03a5.jpg,0,0,1,0,1,0,0,1,1
video-KTtJnXH7CcPgLeF2G-frame-004543-nY9QY7oCfQft3Dzsk_jpg.rf.4e3a751d80226632af753549a0993933.jpg,0,0,1,0,0,0,1,0,0
video-o68zKob2nb8QMktLF-frame-000471-RYBRDk36omPPwvggJ_jpg.rf.4e145a96e82f552a43a257e1b9e42129.jpg,0,0,1,0,0,0,1,0,0
video-GMDwNs5TdqejpF4vu-frame-001268-378DhPGFgbnMkmTcd_jpg.rf.4e3b2853dc6e31ae422b328b94d3065f.jpg,0,0,1,0,0,0,1,1,0
video-JFiGa9oAAN2queuLt-frame-003847-Ryqa4W5G3AcMba6JX_jpg.rf.4e287aa7f2fb56ca521f45cea8d2d5e8.jpg,0,1,1,0,0,0,1,0,0
video-adR56jeLozpyonfJ4-frame-005100-aQtSbNLccqEtZTpGo_jpg.rf.4e6649947b6cbd87fd984969917d333e.jpg,0,0,1,0,0,0,0,1,0
video-r68Yr9RPWEp5fW2ZF-frame-007026-mDtzQpvLvpuYTRvgQ_jpg.rf.4e011fab399ab09c90e9be7f51b2c172.jpg,0,0,1,0,0,0,1,1,0
video-GzdKTLbkG5F7gAunM-frame-001158-Dwbsbj7teqsMD2jqB_jpg.rf.4e6f48d36ac834d360994071e7df97f9.jpg,0,0,1,0,1,0,1,1,0
video-GzdKTLbkG5F7gAunM-frame-001218-vnv5McFmBcDQiztea_jpg.rf.4e35b2031e4ffb2061f41599e19fd0e4.jpg,0,0,1,0,1,0,1,1,0
video-iFWh9r9TJWmTzTrha-frame-006958-c8irxmhvGBoeuep7B_jpg.rf.4e53b9fc1905657b3eae19137d858f13.jpg,0,0,1,0,1,0,1,1,1
video-AEZAaF8epmvQv5Nfj-frame-010164-eWur5sACXR3pjFKAi_jpg.rf.4e9f29520021b7941671b89efcc61fbf.jpg,0,0,1,0,0,0,1,0,0
video-XNM8eHsvxCMJ6peuj-frame-002304-2ndFtzafPYaPNGmSc_jpg.rf.4e79c9213de19cb5a6abb3ac76698ff3.jpg,0,0,0,0,0,0,1,0,0
video-DJYDQTZH7GLCqw3Tx-frame-006307-YbQ3PnJxXNSpaPsA5_jpg.rf.4e39b45102a881352c59e3baf3f0a842.jpg,1,0,1,0,0,1,1,0,0
video-cprcATqPmWGnc3cgi-frame-002831-GynA4HMEvgrw9E5ci_jpg.rf.4e94a1ab2c6ae48ffeae834e7e74f3a2.jpg,0,0,1,0,0,0,1,1,1
video-r68Yr9RPWEp5fW2ZF-frame-014128-qd6WNtJoZoqexGwhx_jpg.rf.4e5c9fcf2743dde3575141b6f50d34bc.jpg,0,0,1,0,1,0,1,1,0
video-G9ZpKLJEKsMheip7b-frame-003900-9ANe2SoaZwjWrX8Ga_jpg.rf.4e349b78060e271c2f387b127df397d4.jpg,0,0,1,0,1,0,0,1,0
video-TxNGEKRyWMf6Q7hS2-frame-000215-JJDjAjQQcnsWsFArT_jpg.rf.4ea89e6ad29c7f59b49015e7be05d807.jpg,0,1,1,0,0,0,0,0,1
video-MJMd3yspHSkfwpDSD-frame-010050-ZhqjnucrNi4zY5Rjq_jpg.rf.4eaf08ed7862a2bb71d3364bbf4ec52f.jpg,0,0,1,0,0,0,0,1,0
video-rnZseY2bPiYhWEF2m-frame-009213-JvJsw2q39CkzLADd2_jpg.rf.4eb57e9b2c3aa865316e22a67ced7d4f.jpg,1,0,1,0,1,0,1,0,0
video-yNoh5QQAPbR9Afm4i-frame-000772-irY9h8eq9xP6tkTn2_jpg.rf.4ea95cea397bfee20203963303b20398.jpg,0,0,1,0,0,1,1,1,0
video-sEs53HkN6oRqWdeQK-frame-002977-e4vqvKkTcAuqhwm7i_jpg.rf.4eaf749f0c7ec02e73c764a107390937.jpg,1,0,1,0,1,0,1,1,0
video-iFWh9r9TJWmTzTrha-frame-001345-MKyyEYwLd9XhQ2iF4_jpg.rf.4ed24cc6cfd091ca5e5e123bf26072e8.jpg,0,0,1,0,1,0,1,1,0
video-KTtJnXH7CcPgLeF2G-frame-004633-SHC5NvKCZpcTJpSiR_jpg.rf.4ef49feade1f886c64c2144b75d3ef15.jpg,0,0,1,0,0,0,1,0,0
video-DJYDQTZH7GLCqw3Tx-frame-007370-iiHwjMsGEBMTxCzfC_jpg.rf.4e72ffa67485811704b9883d76008f78.jpg,1,0,1,0,0,0,1,1,0
video-Bfb39QmAgJQZfE7Pu-frame-024408-XB4rThjsgr6hQPvC3_jpg.rf.4efde9ade33e12eeb50b8f35921b58bf.jpg,0,0,1,0,1,0,1,1,0
video-GXXqNLCqyu72TLx5i-frame-000957-dqfxMrhtkvfv2cGAW_jpg.rf.4f12bead0c66c5c68ce25c0456db5fc5.jpg,0,0,1,0,1,0,1,1,0
video-vbhpsNpMoX2Qbhw2A-frame-006154-pDneSXqr5w857gYzN_jpg.rf.4edb492f11cf66eee505a57abd8abb48.jpg,0,0,1,0,0,0,0,1,0
video-86XuF6pPvWfBCqyNt-frame-007852-9okgCLMK92QWmZXJj_jpg.rf.4f0919fb34dbab717fbfc42d039733df.jpg,0,0,1,0,1,0,1,1,1
video-a9TgkAvMGtM2gXpdj-frame-014793-SEBYp73MoxuC4C4n5_jpg.rf.4f17dc69247a11449064c0701f826656.jpg,0,0,1,0,0,0,1,0,0
video-5HPT2goT53ceRpvRm-frame-001095-Mn2Hs59utwSTRRhgJ_jpg.rf.4f18e79097da45f096799359f86abcdb.jpg,1,0,1,0,0,0,1,0,0
video-S5osy2ei487eAM2fw-frame-001596-k4mpGSPvQ2j4hdm6J_jpg.rf.4ebe71c107009587cd50123a3b899718.jpg,0,0,1,0,1,1,1,1,0
video-LRYpoNWeYLm3tZZst-frame-000900-w9oSduBHySb7ovdqG_jpg.rf.4eff150100c2fe8bb10c8ab3d352fa3c.jpg,0,0,1,0,0,0,1,1,0
video-qmuvFTzLkR28JMp7r-frame-002563-ttoQE2aaeNkzfDqdz_jpg.rf.4f1f47fb8359323b63ffdc5815be69d0.jpg,0,0,1,0,0,0,0,0,0
video-XNM8eHsvxCMJ6peuj-frame-000280-JJYx6JhhcFRfaFRTx_jpg.rf.4e452c4f6b15fb994360382cf0c0cf8c.jpg,0,0,1,0,0,1,1,1,0
video-nodg7n2aFzCWFJBnv-frame-001900-9B9G82wyEbftCbzzx_jpg.rf.4f30ee51fa8b1b66760e12ff27788b00.jpg,1,0,1,0,0,0,1,0,0
video-SyzNY82LYZrhkPH7x-frame-000848-aSLDRrAKvgo4HxNRC_jpg.rf.4f4cada32a5d46ba6e3d015f130be516.jpg,0,0,1,0,0,0,0,1,0
video-SyzNY82LYZrhkPH7x-frame-001172-RYqhgG4BTPsNcQQfE_jpg.rf.4f8bc5ab2cec195aa15b50024765f061.jpg,0,0,1,0,0,0,0,1,0
video-jEAhuERdkqBfeTdux-frame-003300-cnz4Am8pySKdmGM6R_jpg.rf.4effc1dc67f8d4125f8a5ca0ee1866a8.jpg,0,0,0,0,0,0,0,1,0
video-DJYDQTZH7GLCqw3Tx-frame-004391-HJEyZrAe9y4wgPhLS_jpg.rf.4fa591d6926ba7955831df41b9072f7d.jpg,1,0,1,0,0,0,1,0,0
video-r68Yr9RPWEp5fW2ZF-frame-014660-25SqqbnNHGNQriDnp_jpg.rf.4f93989531c63ed2d312abcebc4bdedc.jpg,0,0,1,0,1,0,1,1,0
video-rYXSHjnEfuLmjE6Z4-frame-000297-KBs7rG8YAdyJoxe9L_jpg.rf.4f9d6346c8e2787fc327273c0aa357a6.jpg,1,0,1,0,1,0,1,0,0
video-r68Yr9RPWEp5fW2ZF-frame-014250-eYHeaSg2Y7GKvaZWk_jpg.rf.4fa761aea9515fd4dc1d550d7c18d643.jpg,0,0,1,1,1,0,1,0,0
video-8CvM2BExBLyQFZrK8-frame-009162-QMjRng5scbqkPbhKb_jpg.rf.4fba6f9ca86fe1605db25ec1b6a7f6f4.jpg,1,0,1,0,1,1,1,1,0
video-2Af3dwvs6YPfwSSf6-frame-006150-xZP5QKmkgFnumv5M3_jpg.rf.4fc33226f52f02fefcea0926d888a308.jpg,0,0,1,0,0,0,0,1,0
video-FWQff8BQpTRSt9hfA-frame-006900-yq9MnyTqGzmcuacJS_jpg.rf.4fa3da551b425d7aeaae2181e8911237.jpg,0,0,1,0,0,0,1,1,0
video-3eAD4KjAqae5iq48L-frame-001885-mSAZY2ncY2MrYDHrp_jpg.rf.4fa2bf31c8e0ef96212467c4a3f78f46.jpg,0,1,1,0,1,1,1,1,0
video-Gfv3kbdf5KAYRtPcz-frame-003445-qCkkCN8p7gEt8sHuw_jpg.rf.4fd6f4175f494bff54f868755e1c3ffe.jpg,1,0,1,1,0,1,1,1,0
video-AEZAaF8epmvQv5Nfj-frame-008750-NY6YhLbQ9emwaZ69v_jpg.rf.50170b0bb904e3fc59a91af452ba3c39.jpg,1,0,1,0,0,0,1,0,0
video-AEZAaF8epmvQv5Nfj-frame-010656-AtuADpCC8ceHRtZJM_jpg.rf.4fc1ee1308f5b3ff9cbb8f66a9cb03c3.jpg,1,0,1,0,0,0,1,1,0
video-2rsjnZFyGQGeynfbv-frame-000000-YQtPWGXWt5YNqe7ae_jpg.rf.500ce2accbfd5f1df25dbfc679ae9dd9.jpg,0,0,1,0,0,0,1,0,0
video-DJYDQTZH7GLCqw3Tx-frame-001279-8fLq3NGjBYTav4a6H_jpg.rf.5020de542182f147b41b5ae9be8081ac.jpg,1,0,1,0,0,0,1,0,0
video-DJYDQTZH7GLCqw3Tx-frame-008500-k9fyNFZY7F52NmNmm_jpg.rf.5027b48c2a9f1461436c5db689523482.jpg,1,0,1,0,0,0,1,1,0
video-KTtJnXH7CcPgLeF2G-frame-000964-5xmwPhMawhcNfhgH7_jpg.rf.4fdd2fb6caf163f5d482365d8893f8ac.jpg,0,0,1,0,0,0,1,1,0
video-GXXqNLCqyu72TLx5i-frame-000566-kXPCBhFND85bYEPDC_jpg.rf.4fc127644f6183ea384e31279ff8f58c.jpg,0,0,1,0,0,0,1,0,0
video-mBQmysFvQtPK36MsF-frame-000300-cHf6wBTrFz3NRgLoH_jpg.rf.50594f3fa6b154c6cb14b39874ac682f.jpg,0,1,1,0,0,0,0,0,0
video-xEYBrQ5tarcDbiw9p-frame-011616-fC65TtYJpGcY4qJdQ_jpg.rf.501024ccf62956cf2aedd4892e761586.jpg,0,0,1,0,1,0,1,0,0
video-j884P5ZjKNEm9pq56-frame-000300-Eh2pNFfFGb6EKSQnq_jpg.rf.504f9740880986749ae15a0084403bdb.jpg,0,0,1,0,0,0,0,1,0
video-2Af3dwvs6YPfwSSf6-frame-005550-uXJmyCdFWQQqYfmRd_jpg.rf.5020e2fa2b028350ae3c154b114d6e59.jpg,0,0,1,0,0,0,0,1,1
video-qmuvFTzLkR28JMp7r-frame-004893-kkoWSsrvyDAR65FN2_jpg.rf.50220f4139ccd5a57c80af61378a3a6b.jpg,0,1,1,0,0,0,1,1,0
video-9BBhGg3MKeaChnLjP-frame-000900-6dDJ7kxkWmtyxn3oP_jpg.rf.504a2df94690dd757057080acd609d75.jpg,0,0,0,0,0,0,0,1,0
video-MJMd3yspHSkfwpDSD-frame-001050-RcaMn8LaQWeC7W63r_jpg.rf.50760bef0a4f48b687c175eb8f2de687.jpg,0,0,0,0,0,0,0,1,0
video-DJYDQTZH7GLCqw3Tx-frame-002957-RqCLGh2Z9H9ZLkAJf_jpg.rf.505f75ce73429c99029b7ca08d5233e3.jpg,0,0,1,0,0,0,1,0,0
video-XNM8eHsvxCMJ6peuj-frame-001050-LZCYWunaHM24CYqkP_jpg.rf.50cb1793d19f5f0400e64af34e4f0396.jpg,0,0,1,0,0,0,0,0,0
video-JFiGa9oAAN2queuLt-frame-003917-uuFW3zNyGKDE3GWGm_jpg.rf.5098e2f8741fafe10b1c6c29987e878c.jpg,0,1,1,1,0,0,1,0,0
video-BvDJ7TewksQCjCtyN-frame-000981-ciH7xBR2G4KL3pG37_jpg.rf.507945f43d402dbf7b602501b1c435c3.jpg,0,0,1,0,1,0,0,1,1
video-jNQtRj6NGycZDEXpe-frame-005537-KhtRKvXsE6TuhQhcA_jpg.rf.5090590e3ad9a706b153260bc957050f.jpg,0,0,1,0,0,0,1,1,0
video-5An82wT7iBmfZSwx7-frame-001243-gnz2JqbyckRebNx3S_jpg.rf.50db9bd85f28f7d1e978b2501c7edb2d.jpg,0,0,1,1,1,0,1,1,0
video-86XuF6pPvWfBCqyNt-frame-007184-9Ses8i6rvM3QjR9S2_jpg.rf.510ca2aca847cdd049fe9e2dbf06db1e.jpg,0,0,1,0,0,0,0,1,0
video-67ZzTP4GCNj69eNPs-frame-002246-N2XtCctx8p3aR4fAm_jpg.rf.50ddd9ebcb4d096f5f7014b4635c3c99.jpg,0,0,1,1,1,0,1,1,0
video-xEYBrQ5tarcDbiw9p-frame-003388-bCArKnKaZpZqC2pcZ_jpg.rf.510ad55b613aac3831c24c5a1f6ae3e4.jpg,0,0,1,0,1,0,1,0,0
video-DJYDQTZH7GLCqw3Tx-frame-002404-sbQJE9JacASPiYbDt_jpg.rf.50fd47d16090fedce1b4c9b26e33db0e.jpg,1,0,1,0,0,0,1,1,0
video-a9TgkAvMGtM2gXpdj-frame-015931-wntLMyeJ2pDqZGvjQ_jpg.rf.50bd469f712a082aba6d405d1b55effd.jpg,0,0,1,0,1,0,0,1,1
video-JFiGa9oAAN2queuLt-frame-001234-xGsReyNup6wTMi7zE_jpg.rf.5078eeb6d7850c1f4523a0a5e3405bb3.jpg,1,0,1,0,1,0,1,0,0
video-r68Yr9RPWEp5fW2ZF-frame-013908-h5wHkw7sBLZGiAycx_jpg.rf.51316df14179841545562de4ad8355db.jpg,1,0,1,1,1,0,1,1,0
video-r68Yr9RPWEp5fW2ZF-frame-006496-5nxYEEB6eLmezHpAe_jpg.rf.5125aa804020d98349bd2673ecf7c693.jpg,0,0,1,0,0,0,1,0,0
video-DwBWZSnE7WHzSoM2G-frame-001200-DkhFHthsQ58g3kwoX_jpg.rf.51161cf5879e321284b77bf6fa39cf01.jpg,0,0,1,0,1,0,0,1,0
video-r68Yr9RPWEp5fW2ZF-frame-014048-NLAxeN9E9s9rQ34FH_jpg.rf.51149cc278ed46eb10b6a388e7ddeaad.jpg,0,0,1,0,1,0,1,1,0
video-aMQG7QCtJKfnEdue5-frame-003513-ezsfpQveY5G6bQFoP_jpg.rf.513df7af5f322339ede7cbcd661c0c7d.jpg,0,0,1,0,0,0,1,0,0
video-vbhpsNpMoX2Qbhw2A-frame-000845-QKw3uoj7W9hQMhjwg_jpg.rf.513b1431b08f0e9c250de73d96711e75.jpg,0,0,1,1,1,0,0,1,0
video-5YffDt2oYT6CDzYHk-frame-001057-xonM7RzRT38cgA2qk_jpg.rf.515008f09b6102d5b87d2e360a50b9a9.jpg,0,0,1,1,1,0,1,0,0
video-GXXqNLCqyu72TLx5i-frame-004599-8ApWaPFxpz9G8jiNP_jpg.rf.5158b6e441dc2ce2a394c3558d161308.jpg,1,0,1,0,1,0,1,1,0
video-Gfv3kbdf5KAYRtPcz-frame-003011-DSNwWQoxet93PG3tm_jpg.rf.515cc43fbb64be71e37f39f3ca45247d.jpg,1,0,1,1,0,0,1,1,0
video-r68Yr9RPWEp5fW2ZF-frame-008893-xj4thDqAgZtuhviJb_jpg.rf.516cdb6fe5901d2aa9831ce933c8f30e.jpg,0,0,1,0,0,0,1,1,0
video-AEZAaF8epmvQv5Nfj-frame-010876-f6NMtLSDTimvE4x9q_jpg.rf.518c081b521a79a316e756886fb0e640.jpg,0,0,1,0,0,0,1,0,0
video-eLrXYzMxSL9NCXiQq-frame-002560-fedCWsN4Wdg8txbAv_jpg.rf.5163909613b983b53f3c87d354503055.jpg,1,0,1,0,1,1,1,1,1
video-nodg7n2aFzCWFJBnv-frame-001375-8z2GHC53evv6M4Weq_jpg.rf.519abcedadc2c7a9da2652b628f89e61.jpg,1,0,1,0,0,0,1,1,0
video-DJYDQTZH7GLCqw3Tx-frame-001179-n78s6BxKbvbaPvbsy_jpg.rf.516f3356bc1df67b26298897278c5bba.jpg,1,0,1,0,0,0,1,0,0
video-yBdrow6zFe5E8uEwn-frame-006450-DyFo77kXA3h4qGZ8Y_jpg.rf.51bfe5ae2275ef15ad9da288a536857c.jpg,0,0,1,0,1,1,1,0,0
video-mBQmysFvQtPK36MsF-frame-001571-KEBN5k67LQzLq6DnN_jpg.rf.5196d0181e9250dc48367e524cd4b3d7.jpg,0,0,1,0,0,0,1,1,0
video-7yaY3LisuPdNyfZH9-frame-004350-a82mMovaMmnMnyXXW_jpg.rf.51c3ca9b39e78547dc8d8082c0e11340.jpg,0,0,1,0,0,0,1,1,0
video-nodg7n2aFzCWFJBnv-frame-003082-FvEYn2gStvYQE3ith_jpg.rf.51bd0d100454af33ebf9e944566ea78f.jpg,1,0,1,0,1,0,1,1,0
video-nodg7n2aFzCWFJBnv-frame-002962-udrqqmdrukTRD56kN_jpg.rf.51a7e67bff3cbf5a647f93bcc62a7bc5.jpg,1,0,1,0,1,0,1,1,0
video-r68Yr9RPWEp5fW2ZF-frame-007401-ej8RNRCd7B856AvSh_jpg.rf.517fcc18d2d32f5aa4c3c8202b180ceb.jpg,1,0,1,0,0,0,1,1,0
video-r68Yr9RPWEp5fW2ZF-frame-006736-YawJrrHWqneADLhuE_jpg.rf.51d7d24517994948ad52a799cb54a512.jpg,0,0,1,0,0,0,1,1,0
video-xEYBrQ5tarcDbiw9p-frame-014959-EEqQJWx3Wu7xauSFh_jpg.rf.51ed7788aee8c3481b818eff967d9f60.jpg,0,0,1,0,0,0,0,0,1
video-aMQG7QCtJKfnEdue5-frame-000580-c2FqBS7kThGDwqnHQ_jpg.rf.52036aaf7b80d23a4bfdfc33026b7a7b.jpg,0,0,1,0,1,0,1,1,0
video-zNFzcc9wW8XB4QwTa-frame-000363-bgXzoJooPNHJfZiti_jpg.rf.522eb1528d9cebe738862a7b02b1cebb.jpg,0,0,0,0,0,0,1,1,0
video-dpPsuZToLaq9myAK8-frame-005184-W6uL3rQMdaLK2NFzD_jpg.rf.51d0829f1b1b8e535d579699928cbf58.jpg,0,0,1,0,0,0,1,1,0
video-zNFzcc9wW8XB4QwTa-frame-006223-2KkfH6x2P8z8gcnJh_jpg.rf.522dbcb2a5be3ede6fec779dd48eebcd.jpg,0,0,1,0,0,0,1,0,0
video-GMDwNs5TdqejpF4vu-frame-003004-jfZNzkPui424oXe3c_jpg.rf.523ce21eff3d489bddac41eb3d8a0a13.jpg,0,0,1,0,0,0,1,1,0
video-KTtJnXH7CcPgLeF2G-frame-004108-a6iJaP7cxmbzvot4k_jpg.rf.5248f7b73398e752eeec7738f3aaf045.jpg,1,0,1,0,0,0,1,0,0
video-WFkuHrJEHigf6HCWZ-frame-001155-YwjHJp6f3iSjydpv3_jpg.rf.519079ab81c396d64778dcde91ef7c41.jpg,0,0,1,0,1,0,1,1,0
video-DJYDQTZH7GLCqw3Tx-frame-008590-RkA6J5PfKXXjmBPbh_jpg.rf.524775c2077efc6ab9845b469dec93a1.jpg,0,0,1,0,1,0,1,1,0
video-DJYDQTZH7GLCqw3Tx-frame-004261-4Y6QCjFGp5BZDizfS_jpg.rf.52617fd3fea29000afc91bd14fa56303.jpg,1,0,1,0,0,0,1,0,0
video-bk2x9u9JivsWRS9Nk-frame-009810-rwmBgjmWjmKmno9PT_jpg.rf.528d81406f4c111ba10e2da884cdad3a.jpg,0,1,1,0,1,1,1,1,1
video-eLrXYzMxSL9NCXiQq-frame-003499-6dm8AbvjS5t7Xedk8_jpg.rf.5290c29a1d294fc901e78180ec5a9498.jpg,0,0,1,0,1,0,1,1,0
video-Bfb39QmAgJQZfE7Pu-frame-006993-xmmL2r9cpBuPBC4mF_jpg.rf.5272a2cf4a78983e2d2e458d57013fb6.jpg,0,0,1,0,0,0,0,0,0
video-G9ZpKLJEKsMheip7b-frame-009000-YqPtAJSCFjk33HDfb_jpg.rf.523563e5e8f2a0cee1f66d1c01ec822a.jpg,0,0,1,0,0,0,0,0,0
video-AEZAaF8epmvQv5Nfj-frame-013380-9pdfiAcw8XYXJd7oG_jpg.rf.52592f62bcc282b960052af75772cf5c.jpg,1,0,1,0,0,0,1,0,0
video-iS9cAu6Ms3CXQtY92-frame-002286-pZQg3onvS4trzDnzy_jpg.rf.525be7d602eb3ded9a1f7b10eace1f5f.jpg,0,0,1,0,0,0,0,0,0
video-iTrM5ner4KQGLvpdC-frame-004578-m9HoLWabTgW2jJ45q_jpg.rf.5293fb9ea242a7c7b8e941bab66509a4.jpg,0,0,1,0,0,0,0,1,0
video-dgYrcYcm5G75w2GJc-frame-002172-aauKRRd4B3iCkh4WS_jpg.rf.52826405f247cef236400fe697d33822.jpg,0,0,0,0,0,0,0,1,0
video-r68Yr9RPWEp5fW2ZF-frame-002066-bhwRJkieZX2oSrzfj_jpg.rf.52816f5f6a9079938c9c42d9df28d03a.jpg,1,0,1,1,1,0,1,1,0
video-fZKBh7mRSKHjXS2zk-frame-004050-wMqRBWJAmP97wsMap_jpg.rf.5298e73b5e21ec352b266ac2819c1ea8.jpg,0,0,0,0,0,0,0,1,0
video-cprcATqPmWGnc3cgi-frame-001692-nBLNknca4xfpXHBTo_jpg.rf.52abc36e80a76cc3c268cce2b009b838.jpg,0,1,1,0,0,0,1,1,0
video-r68Yr9RPWEp5fW2ZF-frame-017229-WduDES97Z9BCQriNv_jpg.rf.52ae736c3a90712815972d769d5a4eaa.jpg,0,0,1,0,1,0,1,1,0
video-AkvAvb4X72cnTbbCw-frame-000125-WEwhX9p46NgXp37ZM_jpg.rf.52d5acd06ee7db8534d8027cc40f458d.jpg,1,0,1,0,1,0,1,1,0
video-JFiGa9oAAN2queuLt-frame-005087-RqbgeA8pmKTd6hogM_jpg.rf.52be8240650848b4b1b8e4f9c5a78b43.jpg,0,1,1,1,0,0,1,0,0
video-7EPybiwBrzjDKn7TZ-frame-001602-cTGyHByebufmx96Gm_jpg.rf.52cda4df616f5408bd91d993a8617337.jpg,0,0,1,0,0,0,1,1,0
video-nodg7n2aFzCWFJBnv-frame-002827-Hck2C5LXR8cYft775_jpg.rf.52cad126fae4bed8379f602b5e0f8e7c.jpg,1,0,1,0,1,0,1,0,0
video-49ZHZYTfjWxQXmrQs-frame-008700-5Skk7yYfFQydfWt8p_jpg.rf.52c421c9373d0b49bce05cc08a1abf1d.jpg,0,0,1,0,0,0,0,0,0
video-vbhpsNpMoX2Qbhw2A-frame-000514-kXeZrNgDAs9jMK8Tf_jpg.rf.53252fc31e72a13644455b5a1f243a6b.jpg,1,0,1,0,1,0,1,1,0
video-7yaY3LisuPdNyfZH9-frame-001147-ctuwndE9x3djPfxkw_jpg.rf.530309ee13562c7326a94c1fbeb091fe.jpg,0,0,1,0,1,0,0,0,0
video-8CvM2BExBLyQFZrK8-frame-007956-b7TrwYxqubRrBNxpw_jpg.rf.526cf4de26c3cddbc9fd884a5d9b0603.jpg,0,1,1,0,1,0,1,1,0
video-nodg7n2aFzCWFJBnv-frame-001495-v9ap9fuwpqCiJ3s49_jpg.rf.52fb83b4e8a3fe79ee60460e3a52fb71.jpg,1,0,1,0,1,0,1,1,0
video-JFiGa9oAAN2queuLt-frame-000330-vaq53FErFuHw9Ygs2_jpg.rf.52d44caaad8de04f4564528a8041cd00.jpg,0,1,1,1,0,0,1,1,0
video-GzdKTLbkG5F7gAunM-frame-000389-xNBEaFoPwygS6ykzS_jpg.rf.53396bfc88db67f2e1bd0b31c23af4f2.jpg,0,0,1,0,0,1,1,1,0
video-SyzNY82LYZrhkPH7x-frame-000490-GsqkfZbXrJteCHEpL_jpg.rf.532ecf5537065c574843190f9fc9a40d.jpg,0,0,1,0,1,0,0,1,0
video-67ZzTP4GCNj69eNPs-frame-001254-ibG6oWKXSWwfWia23_jpg.rf.530616d50e1ff1866d8e087013d5e44e.jpg,0,0,1,0,0,0,0,0,0
video-BjSfmxLQqCGjg8tya-frame-000825-sXHiu5EdkGsDatART_jpg.rf.5355e5270c15b2a2551556f0f5738e2b.jpg,0,1,1,0,1,0,1,1,0
video-DJYDQTZH7GLCqw3Tx-frame-008840-MfFaQQqynoaQyAiK5_jpg.rf.52e6e3230d4bcb8d727dd9bfae141295.jpg,1,0,1,0,1,0,1,1,0
video-TTDq3x6HSvFx3YRDH-frame-001760-4GDtiNYAPR3Mi7ut4_jpg.rf.534fa34dbeb966a10864d4f1c875e408.jpg,0,0,1,0,0,0,1,0,0
video-r68Yr9RPWEp5fW2ZF-frame-009433-ZtgCokgWLmFDo2vak_jpg.rf.5310d8fa6149a00058e4378928698c3f.jpg,0,0,1,1,0,0,1,1,0
video-ZicHYAPRYGdu82nAa-frame-002529-pRYa4viEDWcK3EcWx_jpg.rf.5309da7d467fe28d27c64e4782ae9098.jpg,1,0,1,0,1,0,1,1,0
video-r68Yr9RPWEp5fW2ZF-frame-013638-xqAzTX9JGFg2RjYv8_jpg.rf.537d229847c2ab29823c4c4ff550d10a.jpg,0,0,1,0,1,0,1,1,0
video-nodg7n2aFzCWFJBnv-frame-003037-v4c3WxJs5M6wENgQA_jpg.rf.534104e4381e142672709e8006f17afd.jpg,1,0,1,0,1,0,1,1,0
video-dgYrcYcm5G75w2GJc-frame-004220-TPPjmi85Ai3RJPQBJ_jpg.rf.535becdcecf4c7d731923afd92149251.jpg,1,0,1,0,0,0,1,1,0
video-TTDq3x6HSvFx3YRDH-frame-004936-ozdGrnGTCQE6wdcE3_jpg.rf.5388141598b5253ffdb073783eb6e75e.jpg,0,0,0,0,0,0,1,0,0
video-kZvY7NeD8kA7PiMWX-frame-007756-kwXDyA3ENqoqYn4bQ_jpg.rf.5356c2411c801fccc9b28aad5abe4b21.jpg,0,0,1,0,1,0,1,1,1
video-WiuWWrsHrJsDcfFzg-frame-000946-CHkjmuqyb8PeePMBP_jpg.rf.53a23555cece03f39cd41377fab48c8c.jpg,0,0,1,0,0,0,1,0,0
video-a9TgkAvMGtM2gXpdj-frame-009103-ZDHEwvZtpnDy5WoBF_jpg.rf.538a7b8ab4192a766170461c4ceff763.jpg,0,1,1,0,1,1,1,1,0
video-DJYDQTZH7GLCqw3Tx-frame-004541-QmuknAW8KQhE9vMNP_jpg.rf.5389d53917dd0a0c8917c83d77e5700b.jpg,1,0,1,0,0,0,0,0,0
video-jNQtRj6NGycZDEXpe-frame-012710-4WBpxhwNaE8Ddz4Cu_jpg.rf.53639ec06a16cd455e48b8b33df7620b.jpg,0,0,1,0,0,0,1,0,0
video-67ZzTP4GCNj69eNPs-frame-001976-4drB5K9s9ayuwueuT_jpg.rf.53b954fe90b10aefd6e5e4ecfea80bdc.jpg,1,0,1,0,1,0,1,1,0
video-c3Lxro5s7dbYgdGRp-frame-002059-Qtb5r2ywQj3FSCmCi_jpg.rf.53b415333b5f63c70ea3d736cb60ef1f.jpg,0,0,1,0,0,0,1,1,0
video-aiXLPEvp86raemrsp-frame-002756-sTDSXWMQZmyTEPxCJ_jpg.rf.53e56e2b2bb6caf2c413bb17f3e474c9.jpg,0,1,1,0,0,0,1,0,0
video-r68Yr9RPWEp5fW2ZF-frame-009393-xSeAfDxEfXnyrGjpM_jpg.rf.539772bfea05bea546620f6060dbf079.jpg,0,0,1,0,0,0,1,1,0
video-5v4MPkCMGEKPfroxc-frame-000135-QQhGenXEpD7A3Mqtv_jpg.rf.53d2d673459fc8c2340e64869721b6c8.jpg,0,0,1,1,1,0,1,1,0
video-nCxsLGvXK8o25AmXW-frame-005800-8aS6GPTnssoogZkNo_jpg.rf.53be5703b073d3b5a97911378bb5db0e.jpg,0,0,1,0,0,0,0,1,1
video-evnmmkhaqckdxWa9P-frame-001741-2zJhyDrpBxafnYxRB_jpg.rf.5402e63a87e5aa3fe249b8ec3ce775d9.jpg,0,0,1,0,1,0,1,1,1
video-DJYDQTZH7GLCqw3Tx-frame-007270-uhoBYXqwuT2NZH77h_jpg.rf.54145869d1352c890818dd04fea6ea4e.jpg,1,0,1,1,0,0,1,0,0
video-5An82wT7iBmfZSwx7-frame-007165-nHqNppaHGjPrX7jfu_jpg.rf.5416c69bc0bda025a0b93481d8506cc5.jpg,1,0,1,0,1,0,1,1,0
video-AEZAaF8epmvQv5Nfj-frame-010121-FRCXJiYuESXpemE7N_jpg.rf.53a55ee542cb2ca56664b781ee49454c.jpg,0,0,1,0,0,0,1,0,0
video-xEYBrQ5tarcDbiw9p-frame-006292-6E5oNAWC77MCfCraK_jpg.rf.54258ef9c32545ecb20b04f0eab076ab.jpg,1,0,1,0,0,0,1,0,1
video-JFiGa9oAAN2queuLt-frame-004927-5N6tQLu94LC6x33zu_jpg.rf.543a46dd6f83dc488597ba53bf99c503.jpg,0,1,1,1,0,0,1,0,0
video-JFiGa9oAAN2queuLt-frame-007261-jFdjEWRYdQMPj9LMB_jpg.rf.53f43a1679f8c83129e10e5b322a0e25.jpg,1,0,1,0,1,0,1,0,0
video-aMQG7QCtJKfnEdue5-frame-003888-AhTgukmFmLSbSnNi9_jpg.rf.5437d53174ddc64272feb18f5e75dcc8.jpg,0,0,1,0,0,0,1,0,0
video-dpPsuZToLaq9myAK8-frame-005667-8H6wov5txL5eDAaq9_jpg.rf.540825f164e0f467430ea58964793bf7.jpg,1,0,1,0,0,0,1,1,1
video-BjSfmxLQqCGjg8tya-frame-009010-c4qYrCP9zPMMdnbcq_jpg.rf.5441da679f9692912f942e81fe40a9cd.jpg,0,0,1,0,0,0,1,0,1
video-qmuvFTzLkR28JMp7r-frame-001631-jRGLjanhqXFqHzCGq_jpg.rf.53f401603c7e4154a6f2e4897a96a9bd.jpg,0,1,1,0,0,0,0,1,0
video-dpPsuZToLaq9myAK8-frame-001858-4pxndTTuZcdTtQqHu_jpg.rf.54299e0b9efdba11ab8c27733dbc1fd9.jpg,0,0,1,0,0,0,1,1,0
video-DJYDQTZH7GLCqw3Tx-frame-007890-bSCckX74sEcmc5qY2_jpg.rf.5425b363457797e181c780c6729dc76a.jpg,1,0,1,1,0,0,1,0,0
video-nodg7n2aFzCWFJBnv-frame-001030-EmhiFvpKjAPBbmfTF_jpg.rf.53a4f27e4ac056bbb8e52ce37559531b.jpg,1,0,1,0,1,0,1,0,0
video-GXXqNLCqyu72TLx5i-frame-005071-PNYDpZrCfXK73ALZh_jpg.rf.545a3aba6223740a1bf552f13ece2fd8.jpg,1,0,1,0,1,0,1,1,0
video-86XuF6pPvWfBCqyNt-frame-006480-LJZdniTA92Tnqjkgi_jpg.rf.547d9ab3c84bc458c1deb153c3561d06.jpg,1,0,1,0,1,0,1,1,0
video-r68Yr9RPWEp5fW2ZF-frame-014430-HfpB7GdtGpWuC7Knr_jpg.rf.5462431ad339255cbf173c0869d4415e.jpg,0,0,1,0,1,0,1,1,0
video-TEAocgWiwwMWxYtgJ-frame-004989-Pg7riayLeAvT4sic6_jpg.rf.547c19afd9f431b0ad402c3f2ddd846e.jpg,0,0,1,0,0,0,0,1,0
video-Gfv3kbdf5KAYRtPcz-frame-003665-egCaQRZohPZqqwqcf_jpg.rf.5453c670501f920b775e5b2ff78ceee7.jpg,1,0,1,0,0,0,1,1,0
video-2SReBn5LtAkL5HMj2-frame-002219-7Xz7PbvugdeYbTwmf_jpg.rf.5484398f491d8f53807cb496e49fca27.jpg,1,0,1,0,1,1,1,1,0
video-5YffDt2oYT6CDzYHk-frame-003849-Wtjb9XncEkPctMJRD_jpg.rf.545b7e813b433a2ceaf236f6837bde5f.jpg,0,0,1,1,1,0,1,1,0
video-AEZAaF8epmvQv5Nfj-frame-009539-zi5KpaB6z2HaoLFnj_jpg.rf.54a3288c00bccf868bba175b3e31a63f.jpg,0,0,1,0,0,0,1,0,0
video-7EPybiwBrzjDKn7TZ-frame-000491-AoxG5EjMJdZ2LGe7v_jpg.rf.54887325c59fed38546876edab464e2e.jpg,1,0,1,0,1,0,1,1,0
video-Bfb39QmAgJQZfE7Pu-frame-000988-8MghgbpTin5iY6QAX_jpg.rf.54b28ce5fc9942ffd4489e180fa0eaac.jpg,0,0,1,0,0,0,0,1,0
video-KTtJnXH7CcPgLeF2G-frame-003803-Actie9oCEGv4gFX4B_jpg.rf.543b87a1c80187942462875208e12976.jpg,0,0,1,0,0,0,1,0,0
video-r68Yr9RPWEp5fW2ZF-frame-008853-cw6mWi2g8AyzpHZET_jpg.rf.54df145cb34b24c7d167a004b49ec7fb.jpg,0,0,1,0,0,0,1,1,0
video-5An82wT7iBmfZSwx7-frame-000974-tj9JtuebMgKtvAdHx_jpg.rf.546cecf10d766091ed03f2e0193555a4.jpg,0,0,1,1,1,0,1,1,0
video-nCxsLGvXK8o25AmXW-frame-000217-su2XHRx6pDzmYNP2p_jpg.rf.54a4ddeebb3e76efc098d963b6f2dc07.jpg,0,1,1,0,1,0,0,1,0
video-j884P5ZjKNEm9pq56-frame-001350-NAkbx5TWgq4ePRSkD_jpg.rf.54c408bf5b597e96e93b63f8b90a481d.jpg,0,0,1,0,0,0,1,0,0
video-idbEkd82DJQ5RxW8M-frame-000450-z6W9zQeF6py3mvEMh_jpg.rf.5495328201fcd994b5dd373d4a500227.jpg,0,1,1,0,0,0,0,1,0
video-GXXqNLCqyu72TLx5i-frame-002854-6mJvu9MBshdkWr9Nw_jpg.rf.54c48e39573adec2e06c7ac828b453d5.jpg,1,0,1,0,1,0,1,1,0
video-ELruYFQjkqpZnir29-frame-002651-KfWrqd4AqWMaTtY5K_jpg.rf.54cf1aa5cb52b387249874aedbe46471.jpg,0,0,1,0,0,0,1,1,0
video-JFiGa9oAAN2queuLt-frame-015443-Hi3KZKHNPiX5GK7pm_jpg.rf.54c280434522a18d08c1e72984db2381.jpg,0,0,1,0,0,0,1,0,0
video-TTDq3x6HSvFx3YRDH-frame-000220-zD5gcZbKZ32qBauCk_jpg.rf.54da4ce9969574fad4e2c49bb6e60467.jpg,0,0,1,0,0,0,0,1,1
video-iFWh9r9TJWmTzTrha-frame-003630-n9jyQd3K6xzQHktZZ_jpg.rf.5471188d5d4f69366bb89f264bd3a9c8.jpg,1,0,1,0,1,0,1,1,0
video-7EPybiwBrzjDKn7TZ-frame-001752-DdDRpuF3bcZPCrJgN_jpg.rf.54ee5cdc49852386ab54ff7eacae6791.jpg,0,0,0,0,0,0,1,1,0
video-5Lwe5DATf4BxKtaiB-frame-000827-NsDPkeFWHtiXMLcC4_jpg.rf.55031efec3e71ed4292be7a3498239c6.jpg,1,0,1,0,0,0,1,1,0
video-wGdqQimawNX3RYv76-frame-006399-tkTAmABvmzYKvM34r_jpg.rf.54f92e0e25de79be1341c7ba73567154.jpg,0,0,0,0,0,0,1,0,0
video-Gj7ejTPCZZnD5YwPv-frame-001407-73fgz8af88hMAW4u2_jpg.rf.552133a97f8bfd99be8902639f69f643.jpg,0,0,1,0,1,0,0,1,0
video-AEZAaF8epmvQv5Nfj-frame-010776-Qv6r3BHzpkAXxmSSb_jpg.rf.5530f4e7a0d8876fc3bd0f0129cfd4cb.jpg,0,0,1,0,0,0,1,1,0
video-aMQG7QCtJKfnEdue5-frame-000235-F7K4yzXBusFfKAdxN_jpg.rf.550395cccb0830f5a47a43a5b1b37d24.jpg,0,0,1,0,1,0,1,1,0
video-5YffDt2oYT6CDzYHk-frame-001197-DcpufyA6ETEKQnsPH_jpg.rf.55073fee7d4cfc5d4db4205a95a1a447.jpg,0,0,1,1,1,0,1,0,0
video-GzdKTLbkG5F7gAunM-frame-001083-5T6AyR8KmEsJnhJnt_jpg.rf.55369e0d0f83ad9ca8b0b6512865ea7f.jpg,0,0,1,0,1,0,1,1,0
video-DJYDQTZH7GLCqw3Tx-frame-007780-ECRqFztHwXZWfBsxn_jpg.rf.554f610aed2c07872b138633b837d0d1.jpg,0,0,1,1,0,0,0,1,0
video-S5osy2ei487eAM2fw-frame-002967-tuzrFhtPwgqyqRxtN_jpg.rf.55538425637764d6c74b15cb292bbc82.jpg,0,0,1,0,1,1,1,1,1
video-JFiGa9oAAN2queuLt-frame-001434-mBQvDsTBnJemHpFqp_jpg.rf.556a93bd5a20c0a24757a626fabc8fe9.jpg,1,0,1,1,1,0,1,1,0
video-Bfb39QmAgJQZfE7Pu-frame-024569-dsKJQR8u4zhyAYjio_jpg.rf.55648570bd1bb495fe185941b8d5f868.jpg,0,0,1,0,1,0,1,1,0
video-TEAocgWiwwMWxYtgJ-frame-004716-tfcFkXxxsn5DiSKAi_jpg.rf.558e1d498785ec349d9db327414bd1fb.jpg,0,0,1,0,0,0,1,0,0
video-SyzNY82LYZrhkPH7x-frame-003109-5qgJgajHCrJx5WnSM_jpg.rf.5579c55b55447bd512abe0e79b539d54.jpg,0,0,1,0,0,0,0,0,1
video-r68Yr9RPWEp5fW2ZF-frame-004466-oSBXEvHeHEeEjGDRi_jpg.rf.559f90212ff6caed49163d40e26c869b.jpg,0,0,1,0,1,0,1,1,0
video-JFiGa9oAAN2queuLt-frame-000320-LmCpkeZeQ8jAjq87Q_jpg.rf.5562ed6205e5d7744af32c82bd8bd6e3.jpg,0,1,1,1,0,0,1,1,0
video-FWQff8BQpTRSt9hfA-frame-001500-R3nPh3N4hBrezSza5_jpg.rf.55893d732b7a986bbc4d649f0fd8bfe1.jpg,0,0,1,0,0,0,0,1,0
video-hmsJCeMCWjX2FhxD8-frame-001683-5hdciLNqikGxK6Dbb_jpg.rf.55876ce3d349b6f3efac4ead51880f6e.jpg,0,0,1,0,0,1,1,1,0
video-fg5eBhFE7kHyXPtBi-frame-002982-JP4PBJKLEBK5xL89C_jpg.rf.55abcb147dab8b2b4579e7f7132736c2.jpg,1,1,1,0,1,0,1,1,0
video-GXXqNLCqyu72TLx5i-frame-000611-s2a6Lwj9DFAJXjhYZ_jpg.rf.55a50cbb46aadc52380f57c31efc213b.jpg,0,0,1,0,0,0,1,0,0
video-AkvAvb4X72cnTbbCw-frame-000335-PrKphvaf7DehtphBe_jpg.rf.558fdd0325528ad0220b3033292fd87c.jpg,0,0,1,1,1,0,1,1,0
video-vvYEi6EdCrYXeHwpD-frame-019584-8NrnbXNG2d9Yk6GH7_jpg.rf.55738b3f503df7efdd92c9311e1403a8.jpg,0,0,1,0,0,0,0,1,1
video-TTDq3x6HSvFx3YRDH-frame-001379-asEzhYZ9yQX7nrcxb_jpg.rf.55be8f93b0a956f524f68f129a1d54ae.jpg,0,0,1,0,0,0,1,0,0
video-r68Yr9RPWEp5fW2ZF-frame-013968-C3sYuuirJPEeiKvBr_jpg.rf.558749ef52d62d1dfab807dfd098b4ba.jpg,1,0,1,0,1,0,1,1,0
video-7EPybiwBrzjDKn7TZ-frame-003262-jydhrqCK25D5zLJf9_jpg.rf.55a72d6f5243491fea0bbcfa54b67f8a.jpg,0,0,1,0,0,1,1,1,0
video-nodg7n2aFzCWFJBnv-frame-000680-iPpqjQZATbnh529Sw_jpg.rf.55f44f925590499da45c7a29c2844330.jpg,1,0,1,0,0,0,1,1,0
video-DJYDQTZH7GLCqw3Tx-frame-006427-b2umBb4PiKEvC66wq_jpg.rf.557a18fc088c5671c29c92b14d66f4ef.jpg,1,0,1,0,0,0,1,0,0
video-JFiGa9oAAN2queuLt-frame-003927-Xq536WBWKTyQLxDjK_jpg.rf.56159784077e28906f23d572abf7d309.jpg,0,1,1,1,0,0,1,0,0
video-r68Yr9RPWEp5fW2ZF-frame-002646-DZQJBcnqSPJm7zbDH_jpg.rf.56082e72bfeb57465f8aee233847c288.jpg,1,0,1,0,1,0,1,1,0
video-5YffDt2oYT6CDzYHk-frame-001277-Qa3ei3rqk5ivyQHdN_jpg.rf.5629b3b99589f650931d80e467881b1a.jpg,0,0,1,1,1,0,1,1,0
video-DJYDQTZH7GLCqw3Tx-frame-007630-p38gYknYGMKDp5XgM_jpg.rf.5602b3caa995fbcd60c03fc60d610e0d.jpg,1,0,1,0,0,0,1,1,0
video-Gfv3kbdf5KAYRtPcz-frame-004241-hbnfzbmMSxP88fnZP_jpg.rf.5640bca87d0e6276dadaf179494b2ff6.jpg,1,1,1,1,0,0,1,0,0
video-bk2x9u9JivsWRS9Nk-frame-006200-PubXyXPHvNgPq9h4t_jpg.rf.5581f33827719788dbb9f24d99547507.jpg,0,0,1,0,1,1,1,0,0
video-5An82wT7iBmfZSwx7-frame-005316-ZwyfwgMECRxnbFAya_jpg.rf.5662365e6e99234f08d0a5a678c1935a.jpg,0,0,1,0,1,0,1,0,0
video-YzRKMLLSDnZLFpPmg-frame-009019-opFMoF74x8tetsrxn_jpg.rf.5674da90b3aeeb41f907def4e6f5211d.jpg,0,1,1,0,0,0,0,1,0
video-7yaY3LisuPdNyfZH9-frame-001084-zZdy8SWZFsMdKbYtx_jpg.rf.563d9e6581421d22b5cb06652374587c.jpg,0,0,1,0,1,0,1,0,0
video-idbEkd82DJQ5RxW8M-frame-000150-DDLysY5iJDce2qkwr_jpg.rf.567bea2f5260bd3388b9ab1c37cd4e10.jpg,0,0,0,0,0,0,0,1,0
video-wGdqQimawNX3RYv76-frame-006919-EqRFRjx57WGL5FrEW_jpg.rf.565996acc10e13eba6c0614fcc0788dc.jpg,0,0,1,0,0,0,1,0,0
video-Gfv3kbdf5KAYRtPcz-frame-003695-j4pZNQKp3C9SdgjGD_jpg.rf.56862677ec3de605b8b3b06f1f6211e7.jpg,1,0,1,0,0,0,1,1,0
video-ELruYFQjkqpZnir29-frame-004695-Tpjsmso8YyAzT3h9Y_jpg.rf.567d320cde4a58ff1fe379a9ddaecc66.jpg,0,1,1,0,1,0,1,1,0
video-5Lwe5DATf4BxKtaiB-frame-001702-xHErSDMjbP8SqBiZh_jpg.rf.568873ecf480f4d57cb72adf228f244f.jpg,1,0,1,0,0,0,1,0,0
video-DJYDQTZH7GLCqw3Tx-frame-005399-6NSkYGqqR4B2jEpLm_jpg.rf.56812419ebf169b3a25d0fe80b336d76.jpg,1,0,1,0,0,0,1,0,0
video-yNoh5QQAPbR9Afm4i-frame-004570-Muzwttf8AYz4xNChk_jpg.rf.56687ae878d87aa29bfb52a81be8bc59.jpg,1,1,1,0,0,1,1,1,0
video-4dy5Hhcg93BTyG9KZ-frame-001006-Bonr2JDugd8Akyr5B_jpg.rf.55fdd9d684f18eee617361b63e151f1b.jpg,1,0,1,0,1,0,1,1,1
video-AEZAaF8epmvQv5Nfj-frame-010856-YZMftwLodTZSQ8fF7_jpg.rf.56897be51bebb60c2b9eede363f71e80.jpg,0,0,1,0,0,0,1,0,0
video-dpPsuZToLaq9myAK8-frame-004959-z9rawDaSSbjwnnPEq_jpg.rf.56cc2d3aab9579231c7fd7395ee3cb3e.jpg,1,0,1,0,0,0,1,1,0
video-DJYDQTZH7GLCqw3Tx-frame-005499-riiYX6Zwu6Ys62C2D_jpg.rf.569292d7411fb569e04d5d2ec59e0891.jpg,1,0,1,0,0,0,1,0,0
video-o9b92aG9EbJnkJEwF-frame-002622-v6hs7xhhKH3r7eqL9_jpg.rf.5691d47de10e2d9cd9bcc66dcdd4700e.jpg,0,0,1,0,1,0,1,1,0
video-Gfv3kbdf5KAYRtPcz-frame-003365-AHKxHizKTfrq5NXCM_jpg.rf.56d2ee222883c054f092dd6791135303.jpg,1,0,1,1,0,1,1,1,0
video-TEAocgWiwwMWxYtgJ-frame-004326-NPMyppbp2Y9k28rEw_jpg.rf.569bc5ceccdf3c9d2c2d817a001c106d.jpg,0,0,1,0,0,0,1,1,0
video-dgYrcYcm5G75w2GJc-frame-007385-xm8bJgQfabsdn9K9K_jpg.rf.56f91c0f73e5ec7318502468cf011da8.jpg,0,0,1,0,0,0,0,1,0
video-AkvAvb4X72cnTbbCw-frame-000470-7QyqjxFEBSqfRiibr_jpg.rf.56d8d78bbf3db017e0c1bca7de0a8188.jpg,0,0,1,1,1,0,1,1,0
video-YzRKMLLSDnZLFpPmg-frame-014742-HDxvdTNGcq35iTun5_jpg.rf.56925605fea955504735bade24ff080f.jpg,0,0,1,0,0,0,0,0,1
video-DJYDQTZH7GLCqw3Tx-frame-006247-mgG2dq22Yciar9W2g_jpg.rf.56c5ea9927a4bc1bfe5f2d00dea8132c.jpg,0,0,1,0,0,0,1,1,0
video-DJYDQTZH7GLCqw3Tx-frame-001459-MPnayAvGuZ9XJSXBw_jpg.rf.56aae36375d10701cd89c08605b463f1.jpg,1,0,1,0,0,0,1,0,0
video-jNQtRj6NGycZDEXpe-frame-000278-PvEWXv6ZCdigkzeTc_jpg.rf.56da3226d7768dd7b055290c4236784d.jpg,0,0,1,0,0,0,1,1,0
video-yNoh5QQAPbR9Afm4i-frame-004646-YiiazBaXBH588B4eN_jpg.rf.56e03b42e0d6435ecd0b69984901feee.jpg,0,1,1,0,1,1,1,1,1
video-TEAocgWiwwMWxYtgJ-frame-001430-YSP8p4LnMqJLeSCua_jpg.rf.56feb0ed623fc0938c9ee90f5ded36a2.jpg,0,0,0,0,0,0,0,1,0
video-AEZAaF8epmvQv5Nfj-frame-010716-GRfaoX5eb6fSc7vNL_jpg.rf.570b1acd6d7fa02bdd258221bd4da655.jpg,0,0,1,0,0,0,1,1,0
video-5An82wT7iBmfZSwx7-frame-006706-fFWnDdrQk5MCnAjqg_jpg.rf.570fc8ff8560243e6a1cf0d977656e73.jpg,0,0,1,1,1,0,1,1,0
video-5YffDt2oYT6CDzYHk-frame-003749-8GYQbtcz4jyb2YsjS_jpg.rf.57120a1a11f577181f6e5006cd572039.jpg,0,0,1,0,1,0,1,1,0
video-r68Yr9RPWEp5fW2ZF-frame-002476-X3AYhXRrMFwsdTtq6_jpg.rf.56cf937368dcbfe25982e12f50acdc85.jpg,1,0,1,0,1,0,1,1,0
video-67ZzTP4GCNj69eNPs-frame-002929-aRH2yMv2ruLcNQ8JZ_jpg.rf.57145a9e475d11819742e6af68347519.jpg,0,0,1,0,1,0,0,1,0
video-Gfv3kbdf5KAYRtPcz-frame-002881-HigpQfifRWwMBskPw_jpg.rf.56fa4041d25320900bc27e4c4d5ce586.jpg,0,0,1,0,0,0,1,1,0
video-XNM8eHsvxCMJ6peuj-frame-001344-kYYncKJiSBnhHc24e_jpg.rf.572658e5a4f87e00cbac2dc8d632113f.jpg,0,0,1,0,0,1,1,1,0
video-nodg7n2aFzCWFJBnv-frame-001645-yx8Ky4e6FxXdRM4ZF_jpg.rf.572f377893e768d9e7a09f6fa675485c.jpg,1,0,1,0,1,0,1,1,0
video-TTDq3x6HSvFx3YRDH-frame-005654-m3bRCHvhMzWsSb9ax_jpg.rf.576da5c8ec4564a07fc5b1bb1916f4a5.jpg,0,0,1,0,0,0,1,0,0
video-3eAD4KjAqae5iq48L-frame-013572-Qqs9NKknhLcGQ8JqB_jpg.rf.57435cb6bddf75aecb828b8bbc9dff12.jpg,0,1,1,0,0,0,1,0,0
video-r68Yr9RPWEp5fW2ZF-frame-008843-isgpF8e5ZvJ3N8Z2K_jpg.rf.5751860acb72b3277c2c576c59b9cc10.jpg,0,0,1,0,0,0,1,1,0
video-G9ZpKLJEKsMheip7b-frame-000300-bLs4TboJECYLCA6Rm_jpg.rf.5723ea317aec748381c8999a086de2cf.jpg,0,0,0,0,0,0,0,1,0
video-r68Yr9RPWEp5fW2ZF-frame-002796-dppPhDgCnEWtsXv2s_jpg.rf.573f5c305c0a51245ce9305f2bc90746.jpg,1,0,1,0,1,0,1,1,0
video-24ysbPEGoEKKDvRt6-frame-000105-dGhhn5isEciBcm4Kh_jpg.rf.572307c9cdb88eb9ef25ac39843973bd.jpg,0,0,1,1,1,0,1,1,0
video-evnmmkhaqckdxWa9P-frame-001801-qh3xng9de23mbarnr_jpg.rf.5764e562a0a96abe2aa6a83c67914951.jpg,0,0,1,0,1,0,1,1,1
video-aMQG7QCtJKfnEdue5-frame-003203-RYmLwoJcZckz9qdXQ_jpg.rf.574278d47c748d9a19d79a8f62bf9572.jpg,0,0,1,0,0,0,1,0,0
video-DJYDQTZH7GLCqw3Tx-frame-006597-LCWJYJkzg22MGjEiM_jpg.rf.577bbdeb60d8c709677226f2849872ad.jpg,1,0,1,0,0,0,1,0,0
video-ydbh3ikFGJFieXswZ-frame-009000-PJSGkQBghewE2vyKe_jpg.rf.57a144c548635dba087da7e24fe203bd.jpg,0,0,0,0,0,0,0,1,0
video-JFiGa9oAAN2queuLt-frame-004197-kHoaYhtspNcdTAT4m_jpg.rf.572e5827603b0d86d65fa4e4365c5404.jpg,0,1,1,1,0,0,1,0,0
video-JFiGa9oAAN2queuLt-frame-001144-sMHw55FoWhsfqCtQ2_jpg.rf.57a7c24e48130154a0245802c1db27ec.jpg,1,0,1,0,1,0,1,0,0
video-r68Yr9RPWEp5fW2ZF-frame-017239-aHDWRudYaX9H5SxW3_jpg.rf.5790a0970fe4fcd22abe1d16364c2ae6.jpg,0,0,1,0,1,0,1,1,0
video-BjSfmxLQqCGjg8tya-frame-000525-PtgfKeT9bndXjoeQ4_jpg.rf.57453b018172f675733a89d42583d01e.jpg,1,1,1,0,1,0,1,1,0
video-TEAocgWiwwMWxYtgJ-frame-005319-ddBwT6HAwt88a5crr_jpg.rf.57c7149f34a280e2743c7e18fd51dc67.jpg,0,0,1,0,0,0,1,1,0
video-QvjyFt7jvqczmaoNZ-frame-004029-tmK4FxhDJMECsNHzM_jpg.rf.57b515b4f59b996af3fad44e58da6ce2.jpg,1,0,1,0,0,0,1,1,0
video-r68Yr9RPWEp5fW2ZF-frame-017209-SnT236uB9azZhjdp6_jpg.rf.577d1dd1c84a0adc9050ba9085185cfc.jpg,0,0,1,0,1,0,1,1,0
video-Bfb39QmAgJQZfE7Pu-frame-022977-ADbsAfJwC8tmgpNim_jpg.rf.580c70734247c20460b52a92f1747022.jpg,0,1,1,0,1,1,1,1,0
video-QvjyFt7jvqczmaoNZ-frame-003128-37kuW7XT5uuweCPHc_jpg.rf.57c0dff4816e22ef0958f2e2af8d082f.jpg,0,0,1,0,0,0,1,1,0
video-2rsjnZFyGQGeynfbv-frame-002266-fwHFqSF9i4bXb2kZW_jpg.rf.57d6c23bcc8ec8eaeedccfadff544c32.jpg,0,0,1,0,0,1,1,0,0
video-JFiGa9oAAN2queuLt-frame-000517-8P2ApTDXMki2fyAGk_jpg.rf.57a411d920854e6c95ea4df82d99017e.jpg,0,0,1,1,0,0,1,0,0
video-DJYDQTZH7GLCqw3Tx-frame-003891-tyFeF8kmZg3szBDGe_jpg.rf.57fa69bcf2af832cca72c7a2da5f001c.jpg,1,0,1,0,0,0,1,0,0
video-c3Lxro5s7dbYgdGRp-frame-004281-yjWTvcjRW2p2XfqcX_jpg.rf.57cdf6731ea54c4857b111129e935a9d.jpg,0,0,0,0,0,0,0,1,0
video-nodg7n2aFzCWFJBnv-frame-003202-iXDvq4uc3QhCHDM5S_jpg.rf.57cb34aa46ea130036d5761ed6cfbc36.jpg,1,0,1,0,1,0,1,0,0
video-rnZseY2bPiYhWEF2m-frame-004731-XSBJpz8m9Ag7oDxKk_jpg.rf.583b0d8765fa3f62ed02cbed57724a48.jpg,0,0,1,0,0,0,0,0,0
video-eLrXYzMxSL9NCXiQq-frame-002816-TnMaofFMoZRebtPfm_jpg.rf.582968652cd567e13c0973a6fb6a75ac.jpg,0,1,1,0,1,0,1,1,0
video-BvDJ7TewksQCjCtyN-frame-006575-mbwQNjFwKwWRS4Gux_jpg.rf.58420f938f0924788abf81c9eb95edda.jpg,0,0,1,0,0,0,0,1,0
video-r68Yr9RPWEp5fW2ZF-frame-006126-7qSpyNN8TKTciDZnE_jpg.rf.581d42b8ea7cc89732931a9e8d045513.jpg,1,0,1,0,0,0,1,1,0
video-bNfjGzbuFRY9NkHKz-frame-001200-dFwpuX4DnkN8DNnaA_jpg.rf.586153545db93fbca288f6f8f230012a.jpg,0,0,1,0,0,0,0,1,0
video-vbhpsNpMoX2Qbhw2A-frame-000494-tZ5BpRYqJygv94NZD_jpg.rf.586740f8e5a673c87a1f1cb5faf01530.jpg,1,0,1,1,1,0,1,1,0
video-r68Yr9RPWEp5fW2ZF-frame-016849-NaZSTa6jKHfEEmdFa_jpg.rf.5877c809bb907ef41e87fea447d56ac2.jpg,0,0,1,0,1,0,1,1,0
video-AEZAaF8epmvQv5Nfj-frame-006820-vxp6brJbyuj92d7sn_jpg.rf.588188fe62c2dbbb33f4b3818614367f.jpg,1,0,1,0,1,0,1,0,0
video-DJYDQTZH7GLCqw3Tx-frame-008400-8FAogBPxcnPfiCfME_jpg.rf.587c2d72bc9f0d3238900e048225e472.jpg,1,0,1,0,0,0,1,1,0
video-sEs53HkN6oRqWdeQK-frame-000642-nhArn2oHoAK8bzGcE_jpg.rf.5882484b52016ced03feb83d62feffe6.jpg,1,0,1,1,1,0,1,1,0
video-aMQG7QCtJKfnEdue5-frame-003453-3679nscJBJ5jJSngT_jpg.rf.586a1d5f204197de4eee1fc8a82e2b4e.jpg,0,0,1,0,0,0,1,0,0
video-fZKBh7mRSKHjXS2zk-frame-007050-vN9yp7FbhoT2wjEzv_jpg.rf.588746e8bba07f09a26449cb05e69aca.jpg,0,0,1,0,0,0,0,1,0
video-r68Yr9RPWEp5fW2ZF-frame-002356-3CjraL97WCtsM6SmH_jpg.rf.586a53765d37dc6c16b9214172ab2d44.jpg,1,0,1,0,1,0,1,1,0
video-JFiGa9oAAN2queuLt-frame-000854-jpQtYMQxXQMRBd4xW_jpg.rf.57eb3fb0b19314313c52b184b62bcebd.jpg,0,0,1,0,0,0,1,1,0
video-86XuF6pPvWfBCqyNt-frame-002442-FauEpsqs6CMDrot32_jpg.rf.58aaae46e63493fdcefb9095c6202e1c.jpg,1,0,1,0,1,0,1,1,0
video-iFWh9r9TJWmTzTrha-frame-006542-vzQJjvSpJaHxDmGxz_jpg.rf.58a3ec91a2cc8dc7a060840eff8c37c6.jpg,0,0,1,0,1,1,1,1,0
video-sEs53HkN6oRqWdeQK-frame-001895-BLtgM3Mc8HLduzEFm_jpg.rf.58b8179ffd060e1a1677e2dc70a81fbf.jpg,0,0,1,0,1,0,1,1,0
video-Gj7ejTPCZZnD5YwPv-frame-000734-i98QbNcw4JCAfyeJt_jpg.rf.5887fc751b1f783689ab5bd512af6d57.jpg,0,0,1,0,0,0,0,0,0
video-GXXqNLCqyu72TLx5i-frame-004824-r4bxRGu6Fns996W4S_jpg.rf.59018f00b336417408851a1b87e766a5.jpg,1,0,1,0,1,0,1,1,0
video-AkvAvb4X72cnTbbCw-frame-000440-oan85x96fXJaqzRTa_jpg.rf.58a4246918ba3162e1b06a00742feeab.jpg,0,0,1,1,1,0,1,1,0
video-WiuWWrsHrJsDcfFzg-frame-004371-v7ALnnbwhhFwhwCDy_jpg.rf.58f66743c42e536f15dc391104705cdb.jpg,1,0,1,0,0,1,1,0,0
video-zNFzcc9wW8XB4QwTa-frame-004842-xQXkK7wpwfqbyBXgB_jpg.rf.58e3f65bc5b4e88b44486c361443c906.jpg,0,0,1,0,1,0,0,1,0
video-7yaY3LisuPdNyfZH9-frame-004687-5nAjJbp2JGBmvbbjN_jpg.rf.58e0636fccbb9536ce2e69b0774d480f.jpg,0,0,1,0,0,0,0,1,0
video-BjSfmxLQqCGjg8tya-frame-001728-iCwjr3ESmdkt656xt_jpg.rf.58ce400fd985678e1283d55f5d303fe8.jpg,0,0,1,0,1,0,1,1,0
video-3eAD4KjAqae5iq48L-frame-002639-je4oNHe5MMJYZs9Sf_jpg.rf.59087b84e75c3546fa1980d1e2f3d75f.jpg,1,0,1,0,0,1,1,0,0
video-G9ZpKLJEKsMheip7b-frame-006450-NwesHxFGCNKQznyQ6_jpg.rf.589f6635ec29e225232c795594e2ebb3.jpg,0,0,1,0,0,0,0,1,0
video-sEs53HkN6oRqWdeQK-frame-004151-JF8AWfaGdvM4YcK8Q_jpg.rf.592f7ac1f4362343fba3f0f3f0add063.jpg,1,0,1,0,1,0,1,0,0
video-r68Yr9RPWEp5fW2ZF-frame-007371-bMfuN9L3pwwoMw5Hh_jpg.rf.59425d694513c32aca0988f4fb982c4e.jpg,1,0,0,0,0,0,1,1,0
video-rYXSHjnEfuLmjE6Z4-frame-000747-PG3PQ5QPSmmJxzK8F_jpg.rf.593a507e04ab550477ef477ae5164cd4.jpg,1,0,1,0,1,0,1,0,0
video-dpPsuZToLaq9myAK8-frame-001699-4evY8HXim3KGmeqzp_jpg.rf.594a17fadc0209a63a40ae27ade00384.jpg,0,0,1,0,0,0,1,1,0
video-GXXqNLCqyu72TLx5i-frame-001458-375Swx2DGNDtjZ3ua_jpg.rf.590fb4cada35606b4de2b1d28b3bda8d.jpg,1,0,1,0,1,0,1,1,0
video-o9b92aG9EbJnkJEwF-frame-001242-G4YDWKN3YxSxhL2TS_jpg.rf.594ba39309c1e1318ada6d54a0a1f255.jpg,0,1,1,0,0,0,0,0,0
video-JFiGa9oAAN2queuLt-frame-001004-ZtXMfq5monw6iYXwW_jpg.rf.58f3eea40464b29bd843102d8b9e57d4.jpg,1,0,1,0,0,0,1,0,0
video-nodg7n2aFzCWFJBnv-frame-000410-i57RECMa36a7uQ5r8_jpg.rf.58fe7eb7eb70c2b815c4758ef55cb3cd.jpg,0,0,1,0,0,0,1,0,0
video-uSr74imQfjLhADgQZ-frame-000472-YQkGc7xhZcDqshT6N_jpg.rf.59566caa9d3ad665c5fee6a90277d59b.jpg,0,0,1,0,0,0,1,0,0
video-AEZAaF8epmvQv5Nfj-frame-007335-sENK4tewfGHkKfokM_jpg.rf.596c324da71e9d114437d861e2bfa0fa.jpg,1,0,1,0,1,0,1,0,0
video-zNFzcc9wW8XB4QwTa-frame-000258-yyWjd2KhKqQBsYDXr_jpg.rf.5957498a9d605b6910e7ee491c67e8e8.jpg,0,0,0,0,0,0,1,1,0
video-c3Lxro5s7dbYgdGRp-frame-001047-qDGCFknRzGtgrLaEG_jpg.rf.595157709bc2da00623c32a59e399534.jpg,0,0,1,0,0,0,0,0,1
video-a9TgkAvMGtM2gXpdj-frame-015362-uisZTm5zhEd8sK6Gv_jpg.rf.596ed7a62007988624f31b7711cc162d.jpg,0,0,1,0,0,0,0,1,0
video-PY5tYnNPcGE9WrZuq-frame-002550-JwXHRrii8PYBSvQ2R_jpg.rf.5960ff37f6f417e50fdb9bea8b1230ac.jpg,1,0,1,0,0,0,1,0,0
video-dpPsuZToLaq9myAK8-frame-002958-nhcj6bv9ZFJ4jk3oZ_jpg.rf.598a3ead691cb9c28761f329387b945d.jpg,0,0,1,0,0,0,1,0,0
video-a9TgkAvMGtM2gXpdj-frame-008536-MWXQsjhc3SRmhsgup_jpg.rf.598679ca4bb44229611e499e031baa3b.jpg,0,1,1,0,1,1,1,0,0
video-jNQtRj6NGycZDEXpe-frame-014921-zN4qzn32WZeDeYJou_jpg.rf.5995200371849e9f22cc77087cd0eb18.jpg,0,0,1,0,0,0,1,1,0
video-4KhLCjoeEmjGBaRLQ-frame-000966-BLfJEgQouE8Css3CS_jpg.rf.59569b417b446e461dd51907031016bc.jpg,0,0,1,0,1,0,0,1,1
video-7ac97f4pH2W94Kgm4-frame-016050-jesDYRFk87aXWcWWn_jpg.rf.5970b852c85b38a79dd951644df9905a.jpg,0,0,0,0,0,0,0,1,0
video-G6FT88p5kgvAR2Y92-frame-008100-RbexjSyKGXqJdeBnk_jpg.rf.59990aec609903c35f438fd5311b4b56.jpg,0,0,0,0,0,0,1,1,0
video-iS9cAu6Ms3CXQtY92-frame-002755-qGHRSrNaq84fEuDy7_jpg.rf.59992598458a0e922a4e79726926f5e2.jpg,0,0,0,0,0,0,1,1,0
video-DJYDQTZH7GLCqw3Tx-frame-002474-Pr9tkENhxfx7XgQr7_jpg.rf.59a801de316c380f843daf7537d00a59.jpg,1,0,1,0,0,0,1,1,0
video-r68Yr9RPWEp5fW2ZF-frame-009873-ixFgKQQfRh8fTAb9y_jpg.rf.59a5995541e8e92dcf969f424293359d.jpg,0,0,1,0,1,0,1,1,0
video-EFh9oKSJrkMFW8gtT-frame-002850-tdf9u3SxpNmBzYTpb_jpg.rf.59bf8b801f5322f96e7902d97b9f73b7.jpg,0,0,1,0,0,0,0,1,0
video-DJYDQTZH7GLCqw3Tx-frame-008580-8dTLvXaefj4fTuLus_jpg.rf.5997c9c541d1ddc852f0083514543748.jpg,0,0,1,0,0,0,1,1,0
video-jNQtRj6NGycZDEXpe-frame-013660-43Dq6DCPAfhxf6Dfw_jpg.rf.59b992e57f4529513aed144bc2f5aa1d.jpg,0,0,1,0,1,0,0,1,0
video-24ysbPEGoEKKDvRt6-frame-000225-MiJC44sYvEWepdTuK_jpg.rf.59f068c621c189d39ad509ef79160f00.jpg,0,0,1,0,0,0,1,1,0
video-JFiGa9oAAN2queuLt-frame-000934-aCpRxdK99gK36ectK_jpg.rf.59ee79bd4175ac119277dadfd3a87760.jpg,1,0,0,0,0,0,1,0,0
video-5Lwe5DATf4BxKtaiB-frame-000872-Jp4sLNnWFbyNwDnqe_jpg.rf.59d1fbc31c07da11c5afc1cff4b1525c.jpg,1,0,1,0,0,0,1,1,0
video-Gfv3kbdf5KAYRtPcz-frame-004111-AxjzWiwJoTAFkCZpY_jpg.rf.59fa22989ed37a4e15d17f6729431dc9.jpg,1,0,1,0,0,0,1,1,0
video-KTtJnXH7CcPgLeF2G-frame-005186-ongjWH3vTQkwMaLaZ_jpg.rf.59b8e85d38285507d5213b70ee594b35.jpg,0,0,1,0,0,0,0,1,0
video-5YffDt2oYT6CDzYHk-frame-001167-mHMowkMmgYMfTjLKE_jpg.rf.5999b9a70c98d80d0ad973f557a01b4d.jpg,0,0,1,1,1,0,1,0,0
video-2rsjnZFyGQGeynfbv-frame-005782-Fcs8J8Lbprrng2gL2_jpg.rf.59f446129301e1c06de15c449ac52908.jpg,0,0,1,0,1,0,1,0,0
video-XCJD9qhzXNoZCn37i-frame-014607-6ELPiLXqCkZvYzctf_jpg.rf.59e4e626c55715ddb607e2fc03917c83.jpg,1,1,1,0,1,1,1,1,0
video-2MbnnGTv27EBLGqiQ-frame-002550-PSiCb5xMLvpQwrahN_jpg.rf.5a2996d76cef8040b54335ccd3510330.jpg,0,0,1,1,1,0,0,1,0
video-JFiGa9oAAN2queuLt-frame-005367-fdThDNmigaHitRkyp_jpg.rf.59f2b0175685a8a511fdf32369cde392.jpg,0,1,1,0,0,0,1,0,0
video-4dy5Hhcg93BTyG9KZ-frame-000768-uTP6KX8kruWYdtu4e_jpg.rf.59b89d01fd089e332d52cf3b793fc498.jpg,0,0,1,0,1,0,1,1,1
video-WiuWWrsHrJsDcfFzg-frame-007647-qDa7ijgyRqGLnqeBG_jpg.rf.5a19470763acc60d9fd754b14144a3a6.jpg,0,0,1,0,0,0,1,1,0
video-JFiGa9oAAN2queuLt-frame-000240-CbAdBRzhGAN5cT9K8_jpg.rf.5a0c2b82e7d0dde858ef0bedc6f45301.jpg,0,1,1,0,0,0,1,1,0
video-G6FT88p5kgvAR2Y92-frame-007800-mEhhe6Gto7QjEF7r9_jpg.rf.59c845e459edd93c28f1371e28ca44c0.jpg,0,0,1,0,0,0,0,1,0
video-3eAD4KjAqae5iq48L-frame-006032-wDwHd2Fs7hAoSAtqF_jpg.rf.5a3861042282acfc170e769755c6691c.jpg,0,1,1,0,1,0,1,1,0
video-AkvAvb4X72cnTbbCw-frame-001187-EpAwFY7kj29MwKaRZ_jpg.rf.59f082399af8dc837eb349c6603f5ee2.jpg,0,0,1,0,1,0,1,1,0
video-aTxg8EcSRQyDvisMX-frame-005874-NBmEbAJc29jqfsW92_jpg.rf.5a4c42ecb3961ee61e06b73a6254ae47.jpg,1,0,1,0,0,1,1,1,0
video-S5osy2ei487eAM2fw-frame-005298-ajHPGBZmyGcg7Zng6_jpg.rf.5a2001d99a538fbc6cada38ffb84afbb.jpg,0,0,1,0,0,0,1,0,0
video-GXXqNLCqyu72TLx5i-frame-000807-tc6yWeXcXpLqmgWJ3_jpg.rf.5a5feafb9a51b3c152b0580217e2677c.jpg,0,0,1,0,0,0,1,0,0
video-JFiGa9oAAN2queuLt-frame-009452-Kzh92C3PHu2Mi794z_jpg.rf.5a50934392143d74df1646f08f1600db.jpg,0,0,1,0,0,0,0,0,0
video-r68Yr9RPWEp5fW2ZF-frame-000383-cvBo8cLcaczM8NZkw_jpg.rf.5a7587eeb9922798310f02cc875a5c46.jpg,0,0,1,1,1,0,1,1,0
video-r68Yr9RPWEp5fW2ZF-frame-014018-FchtY6XB7hv826Yo5_jpg.rf.5a9b8b920ae9e34866d8c9abdc188c7b.jpg,1,0,1,0,1,0,1,1,0
video-mBQmysFvQtPK36MsF-frame-001256-Pwggd8YDFNj7MvwzB_jpg.rf.5a9ddd52d87a340b7ef26149f2c93a46.jpg,0,0,1,0,0,0,1,1,0
video-DJYDQTZH7GLCqw3Tx-frame-004491-MwShSaq7mJFJLdPr8_jpg.rf.5a840def4d63b0e5a849fa4e7d7efc64.jpg,0,0,1,0,0,0,0,0,0
video-iFWh9r9TJWmTzTrha-frame-000833-qjKPqzMtvBMi6qNZs_jpg.rf.5a86bc83d58e95e4ccb3a548477b1ebb.jpg,0,0,1,0,1,1,1,1,0
video-vbhpsNpMoX2Qbhw2A-frame-001095-8vHJA98RdBih6zZCR_jpg.rf.5a5915099ddef981bda58ec96ec37528.jpg,0,0,1,0,0,0,1,1,0
video-PY5tYnNPcGE9WrZuq-frame-002955-4nuS3DG5zPHPsMvq2_jpg.rf.5aba6f043f5104c3677615e7e6989f77.jpg,0,0,1,0,0,0,1,0,0
video-4KhLCjoeEmjGBaRLQ-frame-001932-pmuec4pFbh3djsWKi_jpg.rf.5a4bc9c5d1fe2f70bc7b76339f1550d5.jpg,0,0,1,0,0,0,0,1,0
video-AEZAaF8epmvQv5Nfj-frame-008310-vXHAoYYMh32fNWwFv_jpg.rf.5ab1126b9a34a5700a0f27937c61adaf.jpg,0,0,1,1,0,0,1,1,0
video-Gfv3kbdf5KAYRtPcz-frame-001122-EPhKs5pu8tKWgR7vn_jpg.rf.5a663366dbb579e48b564d7f5c8ef2a3.jpg,0,0,1,0,1,0,0,0,0
video-PY5tYnNPcGE9WrZuq-frame-000930-j2dxNnZMomhWx824h_jpg.rf.5a9e6902eac6d185e3a692a0093ecb89.jpg,0,0,1,0,0,0,0,0,0
video-kZvY7NeD8kA7PiMWX-frame-000000-352kA7w5erbcjkAvo_jpg.rf.5a47e8e11601d80e9e0f0a6ac7c9c173.jpg,0,1,1,0,1,0,1,1,0
video-eLrXYzMxSL9NCXiQq-frame-000990-ZLcyPptkgTd7AQ77X_jpg.rf.5a95accd99e134516cd8b7aca3139c98.jpg,0,0,1,0,0,0,1,1,0
video-JFiGa9oAAN2queuLt-frame-001244-Wuc6pipsoyoJiNbsK_jpg.rf.5a6ba2b4c4c580f4d7548e4ef276da5a.jpg,1,0,1,1,1,0,1,0,0
video-r68Yr9RPWEp5fW2ZF-frame-006446-mQ8ykLAnG78t5CpTt_jpg.rf.5ae95f410fb9de01e4e8529bd658308c.jpg,0,0,1,0,0,0,1,1,0
video-RaiPnxNTaxcGE5qfG-frame-001500-qYH4aEEByXFwcASgx_jpg.rf.5ab90b39b9760a0a739b42aa7f698e01.jpg,0,0,1,0,0,0,0,0,0
video-c3Lxro5s7dbYgdGRp-frame-001906-3rh48ih3c9YNNFJwg_jpg.rf.5ae6b3bf8c936a7d6d8a250f3e75d0dd.jpg,0,0,0,0,0,0,0,1,0
video-eLrXYzMxSL9NCXiQq-frame-005888-ogSWzeExwhHwWHoqe_jpg.rf.5a3801b695034df0add553dc4593cf73.jpg,0,1,1,0,0,0,0,0,0
video-KTtJnXH7CcPgLeF2G-frame-003758-nPvx8ciD94FTDe2P8_jpg.rf.5b083b36285860ba5975f5b9291ad87e.jpg,0,0,1,0,0,0,1,0,0
video-vbhpsNpMoX2Qbhw2A-frame-005974-ftFYrPSGwzXAeR5MW_jpg.rf.5af192581bb4e02c990aeddfae35941e.jpg,0,0,1,0,0,0,0,1,0
video-S5osy2ei487eAM2fw-frame-001990-zaTjgydgnu9MsqLrk_jpg.rf.5b41781486f7a5defa90fd7450553a1a.jpg,0,0,1,0,0,1,1,0,0
video-ELruYFQjkqpZnir29-frame-002416-8DtQwxxps3Tix5jtT_jpg.rf.5b40cc0d835f40cdf16dd19960a9c2f3.jpg,0,0,1,0,0,0,1,1,0
video-vvYEi6EdCrYXeHwpD-frame-009180-yzgtazs3KwrXtyr7F_jpg.rf.5b522144c46c0ee4ec5412094a44a8e3.jpg,0,0,1,0,0,1,1,1,1
video-r68Yr9RPWEp5fW2ZF-frame-006686-hWzCwqmAMN4BdpFDL_jpg.rf.5b5fbe6a21cb8d4661e621f34ad6a146.jpg,0,0,1,0,0,0,1,1,0
video-ZicHYAPRYGdu82nAa-frame-002694-e29RePwSWSKeatqEb_jpg.rf.591fa72d1a773a7bfa67757e20568c16.jpg,1,1,1,0,1,0,1,1,0
video-WiuWWrsHrJsDcfFzg-frame-012015-xAFHEnJttzJ4XMb7A_jpg.rf.5bbebdbbabea04db7f4cf8bb4ff41415.jpg,0,0,1,0,1,0,1,1,1
video-iTrM5ner4KQGLvpdC-frame-001363-HCRibBJLyKBiwW8dv_jpg.rf.5b317d42a4a3f645ed94ca86b3230cad.jpg,0,1,1,0,1,0,1,1,0
video-BjSfmxLQqCGjg8tya-frame-005382-vsTzrYK526ovQnZdG_jpg.rf.5b751fac212eadb8971af6aede80628d.jpg,0,0,1,0,0,0,1,1,0
video-AEZAaF8epmvQv5Nfj-frame-007040-kTZSMFYZmpH4hDLdt_jpg.rf.5ba572ae2d6758cf2fd43fc665d843aa.jpg,1,0,1,0,1,0,1,0,0
video-4KhLCjoeEmjGBaRLQ-frame-001035-SpXkK3ondjCw3W6N7_jpg.rf.5bcd66ebb47cf947be01b0679561eb72.jpg,0,0,1,0,1,0,0,1,1
video-BjSfmxLQqCGjg8tya-frame-007423-C7AzXQ7rN4Er6iwcT_jpg.rf.5bc678a79571d1fdbd3bda3b5b614377.jpg,0,0,1,0,0,0,1,0,0
video-5An82wT7iBmfZSwx7-frame-001873-JAwQFyBW4DCr3ooMK_jpg.rf.5adbe073f76ec5bd4ae70fbccb98396b.jpg,0,0,0,0,1,0,1,1,0
video-r68Yr9RPWEp5fW2ZF-frame-014170-keLzyX4p2rpjJTsoT_jpg.rf.5bd26419dd254391f30bb98cefb5d5b5.jpg,0,0,1,1,1,0,1,0,0
video-5HPT2goT53ceRpvRm-frame-001155-Kq4iNc8skpxXDS77T_jpg.rf.5be0d469f10c629b07d497b7b9086d9a.jpg,1,0,1,0,0,0,1,0,0
video-nodg7n2aFzCWFJBnv-frame-000155-tr4Ds3eQhDNdYLvza_jpg.rf.5bd1f42c5d7a4facbb1ea66942f37dfc.jpg,1,0,1,0,0,0,1,1,0
video-AEZAaF8epmvQv5Nfj-frame-010996-Nm8hhs6SpvADMoLgp_jpg.rf.5c20c56002ff7846d964796ba74efeff.jpg,0,0,1,0,0,0,1,0,0
video-r68Yr9RPWEp5fW2ZF-frame-014700-hkacZdsAWQw9Jst2Y_jpg.rf.5b8b3f05113bdbb1760c5dff2f7de91d.jpg,0,0,1,0,1,0,1,1,0
video-DJYDQTZH7GLCqw3Tx-frame-003007-7CzQDnEiCrbDNfE55_jpg.rf.5c184f0064328b0115526d994e93c214.jpg,1,0,1,0,0,0,1,0,0
video-JFiGa9oAAN2queuLt-frame-004637-pTzNKmNdMP8e7qLhK_jpg.rf.5bfae73efc1ed6fc3e05acb7c95559a0.jpg,1,1,1,1,0,0,1,0,0
video-ZicHYAPRYGdu82nAa-frame-002903-G2yyNvKyRHRL8agJx_jpg.rf.5c0fdd11618adeeaff6d404ea8dc7a9d.jpg,1,1,1,0,1,0,1,1,0
video-XqruwSRkto63xLX3v-frame-008088-uGEAdSCphc7yxfzHE_jpg.rf.5b55e9dec7f0195cfac3700b6da215a7.jpg,0,0,0,0,0,0,1,1,0
video-GzdKTLbkG5F7gAunM-frame-000108-QHZmA4QTZCnzBG3HZ_jpg.rf.5c61842004e5a04b1e7927f7e62728da.jpg,1,0,1,0,1,0,1,1,0
video-7yaY3LisuPdNyfZH9-frame-000795-szaSincQEPXwxba3Z_jpg.rf.5c02de00fa68c64c3aa690e5fc239708.jpg,1,0,1,0,0,0,1,0,0
video-rnZseY2bPiYhWEF2m-frame-000747-2k4QzcfdrZE3rNWQh_jpg.rf.5bf1f15c419e88fcf651fd122c66c39a.jpg,1,0,1,0,1,0,1,0,1
video-r68Yr9RPWEp5fW2ZF-frame-003076-kzSJN2CakNpchjeMk_jpg.rf.5c7155611712cdcea5b43ac5d06fd9b9.jpg,0,0,1,0,1,0,1,1,0
video-jNQtRj6NGycZDEXpe-frame-009445-LhMm7qzGhHo3L2NTT_jpg.rf.5c25a7283af79f73cd017c9a09e6bb4d.jpg,0,0,1,0,1,0,0,1,0
video-iTrM5ner4KQGLvpdC-frame-003907-XFRy6SXYyAAXxzaDp_jpg.rf.5c3e2385a9db548e5459f71d55cf9c50.jpg,0,0,1,1,0,0,1,0,0
video-yNoh5QQAPbR9Afm4i-frame-002647-tgNuqCfEyosPBG6kY_jpg.rf.5c3a030a31e5538f5d28742620ad9dfa.jpg,0,1,1,0,0,1,1,1,0
video-5YffDt2oYT6CDzYHk-frame-000270-XD2SPq7G4HvMQzBKu_jpg.rf.5c7782b581eeb505774965b32467d123.jpg,0,0,1,1,1,0,0,1,0
video-evnmmkhaqckdxWa9P-frame-001891-ueijZ2bcjt8zheC68_jpg.rf.5c7b5ab6f796983e3848d61988a7ed81.jpg,0,0,1,0,1,0,1,1,1
video-ZicHYAPRYGdu82nAa-frame-001215-hsy5gRmYp3b9aYJxx_jpg.rf.5c0f2a3d7c8b1ca938a40135e13871d9.jpg,0,0,1,1,0,0,1,0,0
video-DJYDQTZH7GLCqw3Tx-frame-008220-Fz2dhx7ncnnD8YuTK_jpg.rf.5c94269cbe074f0db14fb17666b5fd58.jpg,0,0,1,0,0,0,0,1,0
video-4dy5Hhcg93BTyG9KZ-frame-001453-dAXasQg9F5QXrHiJS_jpg.rf.5ca358b3ae6d95a2d90d1e1bba21b439.jpg,0,0,1,0,1,0,0,1,0
video-4dy5Hhcg93BTyG9KZ-frame-001513-Nyubia4rAWZMhDsio_jpg.rf.5c579b41e69f934656326230de276ffb.jpg,0,0,1,0,0,0,1,1,0
video-BjSfmxLQqCGjg8tya-frame-006114-oCsurCdhZYyn28pgw_jpg.rf.5cc8eba033350d2b83e9313ed2376887.jpg,0,0,0,0,1,0,1,1,0
video-JFiGa9oAAN2queuLt-frame-005447-QYr9aMTagFReLzigz_jpg.rf.5c80a7d56a10c862e76a004c2cd32166.jpg,1,1,1,1,0,0,1,0,0
video-5Lwe5DATf4BxKtaiB-frame-001717-JeR4psAsFiEMheMCQ_jpg.rf.5ca3b01bd65ac717a7ac626eb9fcbfff.jpg,1,0,1,0,0,0,1,0,0
video-5HPT2goT53ceRpvRm-frame-001110-r4aSfKxbKFTyH5WiD_jpg.rf.5cf01635eb45a6536985b60d95f92ea7.jpg,1,0,1,0,0,0,1,0,0
video-aMQG7QCtJKfnEdue5-frame-001057-m7mrEMrbahANGDjSR_jpg.rf.5ca9fc24a4299f024563ab670dbdb522.jpg,0,0,1,0,0,0,1,0,0
video-evnmmkhaqckdxWa9P-frame-002206-xXumdrhog6XxYSGvy_jpg.rf.5cc138242e7f3c744b8bf0d03140fe17.jpg,0,1,1,0,0,0,1,1,0
video-JgqSK9D5cCD7HBYzg-frame-000153-p5jBAXPpxohTYc33t_jpg.rf.5ce39f78e25305a4b11f7966a3ee99a1.jpg,1,0,1,0,0,0,1,1,0
video-nCxsLGvXK8o25AmXW-frame-014230-9pNAnFMmD5FGujNGF_jpg.rf.5ccdbd58b5bea36678dcaed06ee773c0.jpg,0,0,1,0,0,0,0,1,0
video-DJYDQTZH7GLCqw3Tx-frame-004461-oDfHXkcnoN68ezbAz_jpg.rf.5ccc695d552fb60d3235cc82429a8585.jpg,1,0,1,0,0,0,1,1,0
video-jNQtRj6NGycZDEXpe-frame-006007-uEuQyB3YaQxdBSgyN_jpg.rf.5cbcea00e2e4a89b81429805c8dd8a84.jpg,0,0,1,0,1,0,1,1,0
video-MoCHppHsM4bnncPmS-frame-001708-XSWEJyu6aPSvN8wzi_jpg.rf.5d1103ef4997ff6b467d0ee0b79f7516.jpg,1,0,1,0,0,0,1,1,0
video-G9ZpKLJEKsMheip7b-frame-006150-qX92TQ3jBzAMyf5Ai_jpg.rf.5d34b234b2909ea45a2bd3586126cff3.jpg,0,0,1,0,0,0,0,1,0
video-jNQtRj6NGycZDEXpe-frame-002800-v3vy4yFAgEZ4J4BrH_jpg.rf.5d19eab782d2dc8db2ec352644b738f9.jpg,1,0,1,1,1,0,1,1,1
video-r68Yr9RPWEp5fW2ZF-frame-006756-R8KetFf3HBtMTRabx_jpg.rf.5d1ff8e1705292cedf86100125fbec46.jpg,0,0,1,0,0,0,1,1,0
video-GXXqNLCqyu72TLx5i-frame-002824-wfSomvM4D3iaCYRPj_jpg.rf.5d252e6bf7451cd93148565e64585f0a.jpg,0,0,1,0,1,0,1,1,0
video-SyzNY82LYZrhkPH7x-frame-003593-JpjtptxnqKktFGoCt_jpg.rf.5cb787c08e04c4b8cef3c98855096f11.jpg,0,0,1,0,0,0,1,1,0
video-Jbg7v6iuvSJavrMsD-frame-004650-RKg7vPHqWdWQhyv3q_jpg.rf.5beac77301ec88efbce9ce3e4f6e39a3.jpg,0,0,0,0,0,0,0,1,0
video-r68Yr9RPWEp5fW2ZF-frame-013788-FuwmSamkgSbanhKRE_jpg.rf.5cfec9ac3025170b5d0ad6c3a2ff6aac.jpg,1,0,1,0,1,0,1,1,0
video-7EPybiwBrzjDKn7TZ-frame-001662-aa6EEh84jCYGMEA3A_jpg.rf.5d41feaffa7c7a6bf662a02f3aed5c34.jpg,0,0,1,0,0,0,1,1,0
video-dpPsuZToLaq9myAK8-frame-006841-XW4gwBKzMEicR9ZJr_jpg.rf.5d525372220e992500f225fad3e0f4b7.jpg,1,0,1,1,1,0,1,1,0
video-Gfv3kbdf5KAYRtPcz-frame-001202-7qJvE9wHCexMjF5gp_jpg.rf.5d4ecfdb7e2b46d5577432b2d0128b51.jpg,0,0,1,1,1,0,1,1,0
video-evnmmkhaqckdxWa9P-frame-001516-B5WwH3JqGQotTBkyY_jpg.rf.5d61d9e392d4cae91409db29ea89d84b.jpg,1,0,1,0,1,0,1,1,1
video-JFiGa9oAAN2queuLt-frame-003977-pHx5RPocckZKZv2GR_jpg.rf.5d7dbb131d613f2a1cac5bedac68db85.jpg,0,1,1,0,0,0,1,0,0
video-vvYEi6EdCrYXeHwpD-frame-001836-FcFMW3kYZwphgfsYv_jpg.rf.5d8a42912bdb8a9fe82df03396cca776.jpg,0,0,1,0,0,0,1,1,0
video-Gfv3kbdf5KAYRtPcz-frame-002791-8vctEzu6GfWAL3uMJ_jpg.rf.5c68eff67b2762158804d6069a95da9f.jpg,0,0,1,0,0,0,1,1,0
video-Gfv3kbdf5KAYRtPcz-frame-003395-cM8CcDaqM2bfPoQ4Q_jpg.rf.5db016c00f87ed76f4d5454a30b7d9d9.jpg,1,0,1,1,0,1,1,1,1
video-5Lwe5DATf4BxKtaiB-frame-000208-hSPENiqw5HuAMCuFv_jpg.rf.5db453c19602b0803ade4815d876407c.jpg,1,0,1,0,0,0,1,0,0
video-nCxsLGvXK8o25AmXW-frame-005500-tvddo7HbjzNFpzwos_jpg.rf.5d63d92ea56240bc119658cf9cfb1968.jpg,0,0,1,0,0,0,0,1,0
video-zNFzcc9wW8XB4QwTa-frame-007661-8bxJQPF77qgHjY677_jpg.rf.5d66a34fc4d6315a61947246b907e85a.jpg,1,0,1,0,0,0,1,1,0
video-dgYrcYcm5G75w2GJc-frame-002110-bhEmK8u3vSoC3r3of_jpg.rf.5d8bf2b9a22251c1b69c8b61d229930f.jpg,0,0,0,0,0,0,0,1,0
video-JFiGa9oAAN2queuLt-frame-013052-kieEAoaQvsResHtuB_jpg.rf.5d9936dad3a6d03312d1ae51178fb099.jpg,0,0,1,0,0,0,0,0,0
video-gwN2KCXHzE6CQJ85P-frame-000600-RchG78c9RdSenBA8F_jpg.rf.5d9a62e6047e632a0a7c3277dba2e518.jpg,0,0,1,0,0,0,0,1,0
video-ooW42bEtJrR4gufJr-frame-004350-P3o8TJeWpYEk6cTrw_jpg.rf.5d8e4324156895cd63e0f0ef693c1f6c.jpg,0,0,0,0,0,0,0,1,0
video-BvDJ7TewksQCjCtyN-frame-000951-yRbY9M3aHnEER2YDe_jpg.rf.5db2bbfae335e6a0b2c519d9b7a63dd2.jpg,0,0,1,0,1,0,1,1,1
video-JFiGa9oAAN2queuLt-frame-001424-ux2uAkxz4vqqoTSGY_jpg.rf.5d6f4479ebf2d55b2a99db21b6bb597c.jpg,1,1,1,1,1,0,1,1,0
video-DJYDQTZH7GLCqw3Tx-frame-002737-zQxD4YoRQTavTRexA_jpg.rf.5dc07533e378dcad189aa014e04d80c1.jpg,1,0,1,0,0,0,1,0,0
video-Jbg7v6iuvSJavrMsD-frame-007650-sGThYdzqcnzwDdmEQ_jpg.rf.5c9a306f7c53a7152c8bbe9c80572b7e.jpg,0,0,1,1,0,0,0,1,0
video-uSr74imQfjLhADgQZ-frame-001080-kju73z4LQf6WsgvAH_jpg.rf.5d78cfe2636fba3adfaa3ff3e6ee1794.jpg,0,0,1,0,0,0,1,0,0
video-AEZAaF8epmvQv5Nfj-frame-006750-aL48sBsbqX8YJPyjE_jpg.rf.5dbc343fbd98f9873d95ab113d62a15b.jpg,1,0,1,0,0,0,1,1,0
video-qmuvFTzLkR28JMp7r-frame-005065-BYcbh6mRytYsEqRaM_jpg.rf.5da3c3aa09ea566dc41ea19f4e9f1efe.jpg,0,1,1,0,1,0,0,1,0
video-cprcATqPmWGnc3cgi-frame-001677-TtRPRbuBxgyiofHAA_jpg.rf.5dc247728b195065cc268a1ab2d78a2e.jpg,0,1,1,0,0,0,1,1,0
video-dpPsuZToLaq9myAK8-frame-001903-C4H8xswoDiqp8RwBe_jpg.rf.5dc35bbad05d9c99379a400bb617c465.jpg,0,0,1,0,0,0,1,1,0
video-DJYDQTZH7GLCqw3Tx-frame-004001-4HpRo6EpmMx7CLuLi_jpg.rf.5d01cec7ea81489e7769319daed273c9.jpg,1,0,1,0,0,0,1,0,0
video-iTrM5ner4KQGLvpdC-frame-003112-3fsjQb5FTiei9EJRg_jpg.rf.5df6f7c607b6e94c44b22d2358389789.jpg,0,0,1,0,0,0,0,1,0
video-XqruwSRkto63xLX3v-frame-006796-74FEmXWQ9qDgZXo77_jpg.rf.5de070d3b76fae4167a295107c934aef.jpg,1,0,0,0,0,0,1,1,0
video-4KhLCjoeEmjGBaRLQ-frame-000897-6T92M6YqY6rRKC5iu_jpg.rf.5e2c8108a94b7364389f22afd223fba5.jpg,0,0,1,0,1,0,0,1,0
video-AEZAaF8epmvQv5Nfj-frame-006490-e6HbYBrqatX4sTgQr_jpg.rf.5e06d82498f45f4aa638339b7d7b57a3.jpg,1,0,1,0,0,0,1,0,0
video-BjSfmxLQqCGjg8tya-frame-004803-zrpYLCcmrjQn8ahje_jpg.rf.5e64346931a4b478a73926fdb7506233.jpg,0,0,1,0,0,0,1,1,0
video-86XuF6pPvWfBCqyNt-frame-005038-iwM2LGKcbXcg3zfCK_jpg.rf.5e6f0a9db2fc4226414189c7b27d6bf3.jpg,1,0,1,0,1,0,1,0,0
video-DJYDQTZH7GLCqw3Tx-frame-000620-rEFxLyyStQJzCZbjj_jpg.rf.5dffb86eb6e7f861abc0ff1acc14e5d1.jpg,1,0,1,0,0,0,1,1,0
video-5YuhMWusfM3ZMtvDx-frame-007515-fYAvDFS2Deen7oYW9_jpg.rf.5e7c6afa60f5a3e9ddf953a526cadd51.jpg,1,0,1,0,1,0,1,1,1
video-EcPY55txZdfhevYiW-frame-008349-88RRxzQFCuXC4soyy_jpg.rf.5e244dd76f0def25542336d839e4e135.jpg,0,1,1,0,0,1,1,1,0
video-WGCm6DTcSjgg7FgMm-frame-003000-ZEwqcQjaJHDRkuLPA_jpg.rf.5e5b93ba7702f4077a4569181ab8eba6.jpg,0,0,0,0,0,0,0,0,1
video-iS9cAu6Ms3CXQtY92-frame-002524-5rEBf7fZ6m3yLz4eW_jpg.rf.5e7a18e154b9655e8d71ab40140241ff.jpg,0,0,1,0,0,0,1,1,0
video-BjSfmxLQqCGjg8tya-frame-006174-zC26DnLJP6vfHhztS_jpg.rf.5e393a4c5efb85eb006c82aed4b339f0.jpg,0,0,1,0,1,0,1,1,0
video-iTrM5ner4KQGLvpdC-frame-000333-RFLKtijXgevFQAsxy_jpg.rf.5e82af9b1fe77992de0e65bf7787b25e.jpg,0,0,1,0,1,0,1,1,0
video-MoCHppHsM4bnncPmS-frame-002160-Cm2hXvqEH494Nh9Jk_jpg.rf.5e847f3246eac2c9b533c79c00473913.jpg,0,0,1,0,1,0,1,1,0
video-GXXqNLCqyu72TLx5i-frame-000154-izdFbusXbibFnzxxg_jpg.rf.5e31a4b3804ef11f052161f326df43ff.jpg,0,0,1,0,0,0,1,1,0
video-BjSfmxLQqCGjg8tya-frame-000570-m74nbBFaHohKWqmsN_jpg.rf.5e9f45a5a936140db6ddd6b6a867142f.jpg,1,1,1,0,1,0,1,1,0
video-JFiGa9oAAN2queuLt-frame-000834-9nSNxSzj8PmeM4eww_jpg.rf.5dd5a09c0f36e6657591f6c9da62a78f.jpg,0,0,1,1,0,0,1,1,0
video-DJYDQTZH7GLCqw3Tx-frame-004886-gowa9miNeyNYTeQhp_jpg.rf.5ea5973d2da6c64e0c0676ac46d5857c.jpg,0,0,1,0,0,0,1,1,0
video-hmsJCeMCWjX2FhxD8-frame-002637-vZGKjtF9puhZ2sev9_jpg.rf.5ed0bd8eafee13f23891446bb07cdefc.jpg,0,0,1,0,0,0,1,1,0
video-BvDJ7TewksQCjCtyN-frame-004141-6PZx9Dveqmboud4Rx_jpg.rf.5ea97150b5df57a382bdb53428a381bf.jpg,0,0,1,0,0,0,0,1,1
video-7EPybiwBrzjDKn7TZ-frame-003082-dkfaaF6ncdDQ2Jekd_jpg.rf.5efc41a91bbfd050a395210a497323ce.jpg,0,0,1,0,0,1,1,0,0
video-5Lwe5DATf4BxKtaiB-frame-000647-pC4yrp9Lso2Gi4D4B_jpg.rf.5ee25e310e5f587d0bc6e9a99260a54d.jpg,1,0,1,0,0,0,1,1,0
video-DJYDQTZH7GLCqw3Tx-frame-002827-CjxyXuFzkgoeRn4DC_jpg.rf.5ecba9364174ee3ec54359b3ccb79bb6.jpg,0,0,1,0,0,0,1,0,0
video-Gfv3kbdf5KAYRtPcz-frame-004131-yyRHxK9z3R4o4ab9X_jpg.rf.5efab618b08883425ec2ff20124a85ff.jpg,1,0,1,0,0,0,1,1,0
video-TxNGEKRyWMf6Q7hS2-frame-000738-vYCtWP4iveZR69cyp_jpg.rf.5ef3fce271d65e827765e556e9219fb2.jpg,0,1,1,0,0,0,0,1,1
video-AkvAvb4X72cnTbbCw-frame-000080-WLAjK7uHHxK3DMPhb_jpg.rf.5f0a623ae86bdbdec340d905d551fb38.jpg,1,0,1,0,1,0,1,1,0
video-5YffDt2oYT6CDzYHk-frame-000300-ZKeeGZ9jFsXGHkKTd_jpg.rf.5f1435e75996b0829d579c4d5e328941.jpg,0,0,1,1,1,0,0,1,0
video-WXTMrJkrK8BMoMkxk-frame-001829-2PPXPeGdopTEezhtP_jpg.rf.5ee2836b5964ed99ac4319d8465e03be.jpg,0,0,1,0,0,0,1,1,0
video-7EPybiwBrzjDKn7TZ-frame-005478-8X9pw83u4GmXpKniE_jpg.rf.5ee8c048b69f0c2071272c12a6f623b9.jpg,0,1,1,0,0,0,0,1,0
video-49ZHZYTfjWxQXmrQs-frame-008250-p8YYkzsofEKRsp3Jw_jpg.rf.5f6614f778796093c23c0fd0bc51025e.jpg,0,0,1,0,0,0,0,1,0
video-S5osy2ei487eAM2fw-frame-002343-p3NmqnBxFSKpBso8k_jpg.rf.5f0372669e9652fb92e0d938ec69f172.jpg,1,0,1,0,1,1,1,0,0
video-5Lwe5DATf4BxKtaiB-frame-000797-8WiqAM8iTXtbCdYgA_jpg.rf.5f67f945ade0d053bba68c6dbea72a39.jpg,1,0,1,0,0,0,1,1,0
video-r68Yr9RPWEp5fW2ZF-frame-007016-k3wGEPR6WPkCvdaam_jpg.rf.5f10c70b4747d488269c8c50c6cb6de7.jpg,0,0,1,0,0,0,1,0,0
video-SyzNY82LYZrhkPH7x-frame-001157-n66ETZSCSNgsj22kz_jpg.rf.5edf92639862ab6db8d9802290726e88.jpg,1,0,1,0,0,0,1,0,0
video-iTrM5ner4KQGLvpdC-frame-000643-pJb6ppkkHx4puerAe_jpg.rf.5f8b78531a9ea7710c7e8fe8b3bd7183.jpg,0,0,1,0,0,0,0,1,0
video-BjSfmxLQqCGjg8tya-frame-001608-CXYJDEbMMGSFRKkZR_jpg.rf.5f93011e4b4e9ffb2a4b92f0c3d1cf0f.jpg,0,0,1,0,1,0,1,1,0
video-7EPybiwBrzjDKn7TZ-frame-002082-gas7vgkoLFQhoCeRr_jpg.rf.5f75ed9868c098aa1dc64ca37b44c80e.jpg,0,0,1,0,0,0,1,0,0
video-5v4MPkCMGEKPfroxc-frame-000270-ermBRk4LAq5tDmzhA_jpg.rf.5f8f744782bda3a008d48a39192237eb.jpg,0,1,1,1,1,0,1,1,0
video-Gfv3kbdf5KAYRtPcz-frame-000992-kaaq6kqjfhmXDyGzL_jpg.rf.5fa1ad1e9bbd684874ffa27613a67eb5.jpg,1,0,1,1,0,0,1,1,0
video-DJYDQTZH7GLCqw3Tx-frame-007950-uAkqoGwapa4tyZPhZ_jpg.rf.5fae6cf8641f8733efe795049bf3bf94.jpg,1,0,1,0,0,0,1,1,0
video-YzRKMLLSDnZLFpPmg-frame-001638-6aQbJLaZuWvZo7iTL_jpg.rf.5fa296a48d2b46c0215a5092f61f4410.jpg,0,1,1,0,1,0,0,0,1
video-r68Yr9RPWEp5fW2ZF-frame-001786-FsHiK3v8Z8EHdgWeJ_jpg.rf.5fd4042e5121e23458d6cc58d0a0e4f1.jpg,1,0,1,1,1,0,1,0,0
video-r68Yr9RPWEp5fW2ZF-frame-013758-SAMBTequcwyEAaHBf_jpg.rf.5fa53c90596fdbf0d6aa8b598f223b81.jpg,1,0,1,0,1,0,1,1,0
video-BjSfmxLQqCGjg8tya-frame-003491-gPCZbkgZi2j8tdtZC_jpg.rf.5fb97078a83c6599b99f19b0fbbd376f.jpg,1,0,1,0,1,0,1,1,0
video-XvhW2CuNNzf5oWRXK-frame-000066-cXkAJ97L4LdTzzAPE_jpg.rf.5fedc48fe386e7164c8c840aa0802e09.jpg,0,0,1,0,0,1,1,1,0
video-fZKBh7mRSKHjXS2zk-frame-006900-kJAvTPSLRyEiwsGkk_jpg.rf.5f8cb3cde60d67291a88615c4255f012.jpg,0,0,1,0,0,0,0,1,0
video-KTtJnXH7CcPgLeF2G-frame-004648-tLHKk52efr5rvhrHa_jpg.rf.60032958ff72cd33e082cd4a87662f84.jpg,0,0,1,0,0,0,1,0,0
video-ELruYFQjkqpZnir29-frame-002446-jMw327nJYcMpH4Xcj_jpg.rf.5fc6fc9d71ea14770705ec1bc95ba5a8.jpg,0,0,1,0,0,0,1,1,0
video-r68Yr9RPWEp5fW2ZF-frame-011083-fLvJExs8erAHfGRCD_jpg.rf.6006b979aa38ada3f8d1c7d8de1494ea.jpg,0,0,1,0,1,0,1,1,0
video-QvjyFt7jvqczmaoNZ-frame-003909-Aq5daoREdCDkqpjxc_jpg.rf.5ffbe1873b98397df2738c235469ac57.jpg,1,0,1,0,0,0,1,0,0
video-r68Yr9RPWEp5fW2ZF-frame-007231-CMtXqSa6RwnHkaoCr_jpg.rf.5fea22cb09bfa30feb0db6975d650f0e.jpg,0,0,1,0,0,0,1,1,0
video-JFiGa9oAAN2queuLt-frame-003387-C8s5EwkGAuHxxTDEb_jpg.rf.5fe8427d897c7d0f50a16bea5af25237.jpg,0,1,1,0,0,0,1,0,0
video-ipHbyAv8iW9kmxTGj-frame-001820-5DD9oEqBZ7MshQgFX_jpg.rf.6032998d05c2b464c18db2f011273940.jpg,0,0,1,0,0,0,0,0,0
video-evnmmkhaqckdxWa9P-frame-002026-dYGLf5zk65crHipNq_jpg.rf.603b1fab404f32168ebd115fa1e70353.jpg,0,1,1,0,1,0,0,1,1
video-DJYDQTZH7GLCqw3Tx-frame-005689-gxngotDvYzqn32arj_jpg.rf.5fd895bd3428b3f8fe27021d34b06543.jpg,1,0,1,0,0,0,1,0,0
video-AEZAaF8epmvQv5Nfj-frame-006690-9yBu8BAHgCQahLNHZ_jpg.rf.60114764c0cd36b1f5248a1ea93bdc0e.jpg,1,0,1,0,0,0,1,1,0
video-DJYDQTZH7GLCqw3Tx-frame-000740-k6ZbZWhr6qSJMoSFF_jpg.rf.60377aea90ee01ad092629f00ef291f2.jpg,0,0,1,0,0,0,1,1,0
video-AHWxmA7AFazuCjdrS-frame-002483-MrTGfNuC7E9pTfDNa_jpg.rf.60444e833318aac9eb5225e5c8f698a9.jpg,0,0,1,0,0,0,0,1,0
video-r68Yr9RPWEp5fW2ZF-frame-009633-SPZCNhQBDP6Hrncxg_jpg.rf.60641de8fe807a87083243dba8b2f528.jpg,0,0,1,1,0,0,1,1,0
video-5v4MPkCMGEKPfroxc-frame-000947-P47cvSoLFv5ShZnZp_jpg.rf.6078b6036599a61f88a11cb5f18da476.jpg,0,1,1,0,0,0,1,1,0
video-DJYDQTZH7GLCqw3Tx-frame-003107-2SE2tsR6ttuCiCBDk_jpg.rf.6074b7397c010122ab090a8b08174e0d.jpg,1,0,1,0,0,0,1,0,0
video-nodg7n2aFzCWFJBnv-frame-003442-kgBWWAnuj4jvmofjm_jpg.rf.60655cc2cc31e8ef686bbe94d02fa32a.jpg,1,0,1,0,0,0,1,1,0
video-5HPT2goT53ceRpvRm-frame-001005-KHnHbjC78ersiTrSu_jpg.rf.609913e988bf627e5655e0e6c2250424.jpg,1,0,1,0,0,0,1,1,0
video-vbhpsNpMoX2Qbhw2A-frame-006054-feQuN7mmpDhMekqMS_jpg.rf.60a0ea7f324a9f72c702abf6a06a9137.jpg,0,0,1,0,0,0,0,1,0
video-rnZseY2bPiYhWEF2m-frame-000582-ELhYPQJdspA8kycaL_jpg.rf.5fa49bc7bf4188a6e767bf820703b444.jpg,0,1,1,0,1,0,0,1,0
video-kDDWXrnLSoSdHCZ7S-frame-001230-h9mN3nZAfAGjmTYG4_jpg.rf.60b2f3f77cae87cfd27dfb3ae5c37c72.jpg,0,0,1,0,0,0,1,1,0
video-wGdqQimawNX3RYv76-frame-006954-iH8XCZBvqqqtjgGGy_jpg.rf.608d2130b1464f99b92871ea21c9a28b.jpg,0,0,1,0,0,0,1,1,0
video-S5osy2ei487eAM2fw-frame-004095-ngZXvBHsCd3Hz9PLG_jpg.rf.60ae66e741a32c1b127aa9b8a82987bd.jpg,0,1,1,0,1,1,1,1,0
video-ipHbyAv8iW9kmxTGj-frame-007370-TELHJtY5t6paPrjtm_jpg.rf.60da273e57c2b469df5b69e5770d3639.jpg,0,0,1,0,0,0,1,0,0
video-r68Yr9RPWEp5fW2ZF-frame-005876-JwgJ3ZNLvQE4wZpzA_jpg.rf.60bb522275062c5e90c77d9aabc0c1dd.jpg,1,0,1,0,0,0,1,1,0
video-DJYDQTZH7GLCqw3Tx-frame-001229-9Q7FBzQ57tf5Yimr8_jpg.rf.60b3eb457e1627140557f54b378e6b9d.jpg,1,0,1,0,0,0,1,0,0
video-JFiGa9oAAN2queuLt-frame-001574-TXbCuLj6CbrsemGtd_jpg.rf.60b7bfd91b02a0f2f1eb34bf656819ec.jpg,1,0,1,0,0,0,1,1,0
video-TEAocgWiwwMWxYtgJ-frame-005304-RqhPgkwjxbr2JwHL4_jpg.rf.609a742c60c5ba24f54a659c85c10978.jpg,0,0,1,0,0,0,1,1,0
video-JFiGa9oAAN2queuLt-frame-001414-gKoPcWcKdm6ZxGNPq_jpg.rf.60d43309c17a2b1f616c7892777e0ae6.jpg,1,1,1,1,1,0,1,0,0
video-r68Yr9RPWEp5fW2ZF-frame-007361-C7tcnd82boDfR8H66_jpg.rf.60bd539b868e035b29e0eab61b2c09ca.jpg,0,0,0,0,0,0,1,1,0
video-RaiPnxNTaxcGE5qfG-frame-002550-p5eSzDN5r6NSDbszq_jpg.rf.60cb86f7a6105712abc29c5545898293.jpg,1,1,1,0,0,0,1,1,0
video-24ysbPEGoEKKDvRt6-frame-001015-bKF8hfWfhGJ45xLJb_jpg.rf.60b81ce21e905cc5609a34167341ad24.jpg,0,0,1,0,0,0,0,1,0
video-AEZAaF8epmvQv5Nfj-frame-009921-nNLAu4DqPPhs8Hdtd_jpg.rf.0002736246fcb6ddb0b0051d648ddb4e.jpg,1,0,1,0,0,0,1,0,0
video-GXXqNLCqyu72TLx5i-frame-003734-Z2do38RBj5dxBpBCu_jpg.rf.00042263ed2fab121fd94076dabab935.jpg,0,0,1,0,1,0,1,1,0
video-r68Yr9RPWEp5fW2ZF-frame-014320-ndg7aaWLqWgqyKaMR_jpg.rf.0004bc82f52c17f83394d28b163295d0.jpg,0,0,1,0,0,0,1,0,0
video-TTDq3x6HSvFx3YRDH-frame-001109-8vxFe3kPToxrcEJho_jpg.rf.00068171a8523efdab9641b60da5b636.jpg,0,0,1,0,0,0,1,1,0
video-aTxg8EcSRQyDvisMX-frame-000000-E25mvLcZuxZQNT3Xz_jpg.rf.00081dc288f0bf0b93978543ad488cbf.jpg,0,0,1,0,0,0,0,1,0
video-sEs53HkN6oRqWdeQK-frame-000672-iQoYukvSYEZ6hjdyg_jpg.rf.0060bed87738ebc91807a8701b44a1ff.jpg,1,0,1,0,1,0,1,1,0
video-GMDwNs5TdqejpF4vu-frame-002564-BLhEKkn4CjGbQaCZL_jpg.rf.00697f2a3de5f2951860ece9526d7f56.jpg,0,0,1,0,1,0,0,1,0
video-BjSfmxLQqCGjg8tya-frame-004031-cary8FKp936fghgyY_jpg.rf.007147360afaa1d3093d58cc6742799a.jpg,0,1,1,0,1,1,1,1,0
video-DJYDQTZH7GLCqw3Tx-frame-008300-DQW4hYheGFFMDpxyp_jpg.rf.0083f088f0171af8b2d64b96ecbf78fe.jpg,1,0,1,1,0,0,1,1,0
video-BjSfmxLQqCGjg8tya-frame-003746-5TBhMX4E5x5v43nEJ_jpg.rf.00854cef8b43438bfdf6b0ac5d4f0aa5.jpg,1,0,1,0,1,0,1,1,0
video-7RdKmtytvKgfNcTNv-frame-003900-iCXpq7GMevJbGQtsB_jpg.rf.0081e76425fdeb81c17acd303f6940fd.jpg,0,0,1,0,1,0,0,1,0
video-AEZAaF8epmvQv5Nfj-frame-009589-Q9RKnwMT9FqtDZn33_jpg.rf.0091ff119aa429212b5b12653fdb2842.jpg,0,0,1,0,0,0,1,0,0
video-qmuvFTzLkR28JMp7r-frame-004618-b9vByKRMwfugXm5e5_jpg.rf.00b080fb28f31ea5d6791182cd49f595.jpg,0,1,1,0,0,0,0,1,0
video-nodg7n2aFzCWFJBnv-frame-000290-qwRonBFqhaBGyyMG2_jpg.rf.00b4af3d3864bf1d4cbdd3c526e494f9.jpg,0,0,1,0,0,0,0,1,0
video-r68Yr9RPWEp5fW2ZF-frame-001676-qqS4KkdYwJxxWhvkd_jpg.rf.00bb7a2d7e4a2de60aab35f54cdcef66.jpg,1,0,1,1,1,0,1,1,0
video-fZKBh7mRSKHjXS2zk-frame-001350-SHi44TFqzTNzhkvMk_jpg.rf.00bbd721748e19d871fd553ac20c4121.jpg,0,0,1,0,0,0,0,0,0
video-AEZAaF8epmvQv5Nfj-frame-013760-oTGLnEuqZB5Qy7ACW_jpg.rf.00e8c00e8c07fc4ca0337acdfe7bcbd1.jpg,1,0,1,0,0,0,1,0,0
video-KTtJnXH7CcPgLeF2G-frame-003623-m4KWXgGTqoknueFhF_jpg.rf.00f3cd1b6dc3506da6d2197a9e65a590.jpg,0,0,1,0,0,0,1,0,0
video-DJYDQTZH7GLCqw3Tx-frame-006967-3Xc3wgqGeEShX2Mtc_jpg.rf.00cab1c5ee869c7e5a31d1953e64e702.jpg,1,0,1,0,0,0,1,1,0
video-BjSfmxLQqCGjg8tya-frame-004244-DGmr92i5b4Cms4BZk_jpg.rf.00bda116420dfd257af69ef059203e6b.jpg,1,0,1,0,1,0,1,1,0
video-ZicHYAPRYGdu82nAa-frame-003791-cp4mhGnEWNx6JtHDS_jpg.rf.01006940713cbc90a2c9357cf8b71120.jpg,1,0,1,0,1,0,1,1,0
video-5An82wT7iBmfZSwx7-frame-006811-gdtPHd5rtTEhW5gDX_jpg.rf.00d0a0344ab77b58f8c66e75c96ae036.jpg,0,0,1,0,1,0,1,1,0
video-GXXqNLCqyu72TLx5i-frame-002003-y2z75mM7reDeSBjKW_jpg.rf.00ca98f1cd395a7482bd7703d77e294f.jpg,0,0,1,0,1,0,1,1,0
video-DJYDQTZH7GLCqw3Tx-frame-003531-BZJvjdruaWTrLWmLX_jpg.rf.01245836faa1f9eabced0734d4465ad4.jpg,1,0,1,0,0,0,1,1,0
video-4zQqsnWRwK7SFPpBy-frame-006032-iR7aMetYSJgzZthGR_jpg.rf.00c9aa5f680f6b91ec1320ace74196f5.jpg,0,0,1,0,0,0,0,1,1
video-DJYDQTZH7GLCqw3Tx-frame-008490-zxjcwdbb3EP7Zrueh_jpg.rf.011ad359d9d3649a168621bef2d3e974.jpg,1,0,1,0,0,0,1,0,0
video-nodg7n2aFzCWFJBnv-frame-001915-hRC7kAxuRyNxwskE6_jpg.rf.012cae9ad89fd6106a2b3d3927414dcd.jpg,1,0,1,0,0,0,1,0,0
video-kZvY7NeD8kA7PiMWX-frame-006371-DawkrC8tPotdDiHMJ_jpg.rf.00d944c09ce54fced05bc397e0256855.jpg,0,1,1,0,1,0,1,1,0
video-2MbnnGTv27EBLGqiQ-frame-003300-ezpY2iztuhCZZwPvy_jpg.rf.00fab629173b2705266b355d2847c8c5.jpg,0,0,1,1,0,0,1,1,0
video-G9ZpKLJEKsMheip7b-frame-004950-wHrMPgrqF5iif4cpt_jpg.rf.0117100750170e860c68c0772b555640.jpg,0,0,1,0,0,0,1,1,0
video-24ysbPEGoEKKDvRt6-frame-000210-TvhngHEBSnvXtcAXS_jpg.rf.0143ec5a208cde0ac752101ec2959ca5.jpg,0,0,1,0,0,0,1,1,0
video-SyzNY82LYZrhkPH7x-frame-000878-PmXt393rwSwucEr55_jpg.rf.015712a59ea8b9d0e02a4fac1b78ac72.jpg,0,0,1,1,0,0,0,1,0
video-c3Lxro5s7dbYgdGRp-frame-000987-cK6S4xhgWgKt4rMkD_jpg.rf.01959076e903cddc71b9699ea22a2758.jpg,0,0,1,0,0,0,1,0,1
video-DJYDQTZH7GLCqw3Tx-frame-008910-XzK4GahFoDjhKvgE9_jpg.rf.018f366591aaddef27b0616c58395044.jpg,1,0,1,0,1,0,1,1,0
video-AEZAaF8epmvQv5Nfj-frame-008370-gZ8jyFykxS4CKJga3_jpg.rf.01bb452bf5f5bae06d4d4738ed15cd9a.jpg,0,0,1,1,0,0,1,1,0
video-WFkuHrJEHigf6HCWZ-frame-003364-zqTc8kbLoX8SWc3zz_jpg.rf.015efd89d6a0dfabb84ac24ec1a76dc8.jpg,0,0,1,0,1,0,1,1,0
video-aMQG7QCtJKfnEdue5-frame-000310-XG7pyieb2QTm2em6N_jpg.rf.00fcb8a9f858fb26cfef05665df192b9.jpg,1,0,1,0,1,0,1,1,0
video-dgYrcYcm5G75w2GJc-frame-001899-hwyiJo22LpaRYZiFv_jpg.rf.01c2068d9570ccd37e6a9fe4fc9280ac.jpg,0,0,0,0,0,0,0,1,0
video-zNFzcc9wW8XB4QwTa-frame-005672-MLMiB5QKi7Lo9NLn4_jpg.rf.01d1a5aa4f4b6868bc93682716210ff7.jpg,0,0,1,0,0,0,1,0,0
video-PY5tYnNPcGE9WrZuq-frame-000630-HiWgSHEfqwEM5kuNv_jpg.rf.01b96f7fc8e95588d9d82ecd0dd8327d.jpg,0,0,1,0,0,0,0,1,0
video-JFiGa9oAAN2queuLt-frame-000417-DpSZb7DiAzufmJ6Jt_jpg.rf.01664f3c1d6b9c8896c8f7adb96f8079.jpg,0,0,1,1,0,0,1,0,0
video-Gfv3kbdf5KAYRtPcz-frame-001032-8cWDr3gpJn9mgmuLA_jpg.rf.01447a9f42b361cf44842cd1a9f05817.jpg,0,0,1,0,1,0,0,1,0
video-mBQmysFvQtPK36MsF-frame-004357-oLzaEQruHCpqmPn96_jpg.rf.01e664cc1c579ca55d38235a7f97d378.jpg,1,0,1,0,0,0,1,0,0
video-86XuF6pPvWfBCqyNt-frame-003687-PtYfDZthSZTZSW7MJ_jpg.rf.01d545967be25d469c907ff71dc7079b.jpg,0,1,1,0,1,0,1,1,0
video-DJYDQTZH7GLCqw3Tx-frame-003361-AHimu52QhrGqo84mX_jpg.rf.015945cd7e7b785782156deb8e0b2114.jpg,1,0,1,0,0,0,1,0,0
video-DJYDQTZH7GLCqw3Tx-frame-005809-SAX4vRtRdFJ3bwX5T_jpg.rf.01601228f96e2b79717e6508b1fc79ab.jpg,1,0,1,0,0,0,1,0,0
video-r68Yr9RPWEp5fW2ZF-frame-000093-vumrYj47cyaNKXzWN_jpg.rf.01fdda95c7d5e3c816ffe172d01357cf.jpg,0,0,1,1,1,0,1,1,0
video-AEZAaF8epmvQv5Nfj-frame-014721-yTWH6kjb7mbvCWvnE_jpg.rf.01e70a088503e906f2305d6a2e77b07a.jpg,0,0,1,0,0,0,1,0,0
video-BjSfmxLQqCGjg8tya-frame-009040-Pxc4EbyJDaP6SEb9E_jpg.rf.02175a0f525dc6b30de12c9b6a980ded.jpg,0,0,1,0,0,0,1,0,1
video-r68Yr9RPWEp5fW2ZF-frame-017049-7N65fuYiseShjb9Pu_jpg.rf.01eb6274d2132a605b1497e3fa1c7db7.jpg,0,0,1,0,1,0,1,1,0
video-MJMd3yspHSkfwpDSD-frame-000000-YGtWtBcMse4ncCsiq_jpg.rf.0222744d0ff22ecd6b73aa60501648e3.jpg,0,0,1,0,0,0,0,1,0
video-SyzNY82LYZrhkPH7x-frame-003518-vzCpJvcbRYsmfJcP7_jpg.rf.02191e6450036db407834bcd964b8f66.jpg,0,0,1,0,0,0,1,1,0
video-4dy5Hhcg93BTyG9KZ-frame-000753-s2KeQbc78mfZQNHMF_jpg.rf.024008eeaf0d0ffcdbe966b22449bd94.jpg,0,0,1,0,0,0,1,0,0
video-cprcATqPmWGnc3cgi-frame-001812-kssJA9cTLLjntx4xe_jpg.rf.022d02e61db0749aabe30a095c698421.jpg,0,0,1,0,0,0,1,1,1
video-4zQqsnWRwK7SFPpBy-frame-000754-sEW4CYBhGDFsCSe8M_jpg.rf.02340139315c42e4a1020ed0c13cc091.jpg,0,0,1,0,0,0,0,1,0
video-DJYDQTZH7GLCqw3Tx-frame-007390-Zc3JsXCxBS9EEtsSS_jpg.rf.021d4ec250bf37a9d8303f73d7c7b539.jpg,1,0,1,0,0,0,1,1,0
video-DJYDQTZH7GLCqw3Tx-frame-005329-4WbEQShxsvmqPT9n6_jpg.rf.024c41bf801c4a36f24af378d9592007.jpg,1,0,1,0,0,0,1,0,0
video-JFiGa9oAAN2queuLt-frame-004987-pNCqzF9qTZS6nnET8_jpg.rf.025cd94e84896a3fd3731a9b4ff819be.jpg,0,1,1,1,0,0,1,0,0
video-DJYDQTZH7GLCqw3Tx-frame-001419-viJ5B6oYa8mT6YTLJ_jpg.rf.0266e205ee3ef1378724f130ed48d3c8.jpg,1,0,1,1,0,0,1,0,0
video-bk2x9u9JivsWRS9Nk-frame-004905-q6TkbsyWyr2sxBwkt_jpg.rf.0267fa9eaec056363efeff6c8aefd646.jpg,0,1,1,0,1,0,0,1,0
video-jEAhuERdkqBfeTdux-frame-001800-gJEMQLGoaffMdBANC_jpg.rf.02708e39fc648547790f53eb1f4e4f85.jpg,0,0,0,0,0,0,1,1,0
video-aMQG7QCtJKfnEdue5-frame-002915-TBh4PgW9EmLcZXeSF_jpg.rf.026b66cf69b50af92ebb6b2cafeebef8.jpg,0,0,1,0,0,0,1,1,0
video-4E8nAe7bkHkSZfpjq-frame-003600-AinXArcyAtkdaTAg7_jpg.rf.02703fb14d567791934a897eae6de526.jpg,0,0,1,0,0,0,0,1,0
video-r68Yr9RPWEp5fW2ZF-frame-005986-BxAx64P2zEjBe6fXN_jpg.rf.02c65b5832f063d4fe264a06b3d81aa6.jpg,1,0,1,0,0,0,1,1,0
video-Gfv3kbdf5KAYRtPcz-frame-004051-n6rgmtghY3LswzMjX_jpg.rf.02eb4de7356cbe51f4b071f94a42f6b5.jpg,1,0,1,0,0,0,1,1,0
video-r68Yr9RPWEp5fW2ZF-frame-006926-QcdxBaXTWozrnkNjc_jpg.rf.02da9f8984fbc25db2f7b0e9df59cd56.jpg,0,0,1,0,0,0,1,1,0
video-r68Yr9RPWEp5fW2ZF-frame-002506-MCY7RLxfsWqJWtfSe_jpg.rf.02f0e0784c334e5104377ecdf0de49cd.jpg,1,0,1,0,1,0,1,1,0
video-KTtJnXH7CcPgLeF2G-frame-001761-9JqYtLHe6q74EaZ9B_jpg.rf.02f313016832e4715ffa5c8f047a2064.jpg,0,0,1,0,0,0,1,0,0
video-JFiGa9oAAN2queuLt-frame-001614-tF4cBngvAPiNnCpmQ_jpg.rf.0295c21257e1dd8b782d2bb81070bf39.jpg,1,0,1,0,0,0,1,1,0
video-TEAocgWiwwMWxYtgJ-frame-003154-ub9o8cZmHmbs6yhYE_jpg.rf.02d14a5c8cbdc8ec3f05993ded3db2a0.jpg,0,0,1,0,0,0,1,1,0
video-Gfv3kbdf5KAYRtPcz-frame-003435-eBKhC6Hno3bh8upNW_jpg.rf.030f14bff84d4d741c1d411158d2d704.jpg,1,0,1,1,0,1,1,1,0
video-AEZAaF8epmvQv5Nfj-frame-015081-RvxE3LCSdC4iLnZXG_jpg.rf.02d1b64f9c49bc37c1fc6974be5f4ed4.jpg,1,0,1,0,0,0,1,0,0
video-AkvAvb4X72cnTbbCw-frame-000260-8tKZMfABcJr8TnMxz_jpg.rf.032b757d0e16e7bf53f9e03629aa36f5.jpg,1,0,1,1,1,0,1,1,0
video-XNM8eHsvxCMJ6peuj-frame-000768-FGsMRzd5gyCyAgf47_jpg.rf.02bbbd4b0c23872c5f6f30ce7b9cf748.jpg,0,0,1,0,0,1,1,1,0
video-hmsJCeMCWjX2FhxD8-frame-008488-os4rdzigw4pqSsuJX_jpg.rf.0323f5d0441bcebb5c62daa554c9cb1b.jpg,0,1,1,0,1,0,1,1,0
video-GzdKTLbkG5F7gAunM-frame-001428-7euP2EctZJP6G8tdJ_jpg.rf.033f267ae3edeabd54c56320e0c53ed4.jpg,0,0,1,0,0,0,1,1,0
video-sEs53HkN6oRqWdeQK-frame-004211-59Hukhod3WmQyNMEB_jpg.rf.033fd2dbc1e714b41c84cf85db3b874e.jpg,1,0,1,0,1,0,1,1,0
video-fZKBh7mRSKHjXS2zk-frame-001650-2pyqu7svrf7vLH6Kj_jpg.rf.034b069a7ae0d8994e4561cf31436c0a.jpg,0,0,1,0,1,0,1,1,0
video-AHWxmA7AFazuCjdrS-frame-000337-fsoeAZ6C6XostmpBb_jpg.rf.03359d3d1ad82424f841c1b5663b7b66.jpg,0,0,1,0,0,0,1,1,0
video-JFiGa9oAAN2queuLt-frame-007321-wXqQvfXEQBpBALvBv_jpg.rf.035ba6d2bb8e10b7bbcc16768823eb65.jpg,1,0,1,0,1,0,1,1,0
video-aTxg8EcSRQyDvisMX-frame-001690-meeaMi2HgBrM6inZ5_jpg.rf.0361b6cdf28c8ac96212b407f5d38a2c.jpg,0,0,1,0,1,1,1,1,0
video-DJYDQTZH7GLCqw3Tx-frame-004121-v2Cn4C83e3Fdd9Jzk_jpg.rf.036cd52b103cc5978f39946a62681817.jpg,1,0,1,0,0,1,1,0,0
video-dpPsuZToLaq9myAK8-frame-003196-vWHZ4fPvcA8cpBFec_jpg.rf.03be5d85edfd0a1df65f26d9d44487ab.jpg,0,0,1,0,0,0,1,0,0
video-iS9cAu6Ms3CXQtY92-frame-002539-S9kY65x3XvWBiGuAM_jpg.rf.03abd3fa7b4685c79c850b2b82ce17d6.jpg,0,0,1,0,0,0,1,1,0
video-iFWh9r9TJWmTzTrha-frame-000165-6xiYrBC9tS9exZw3i_jpg.rf.03a51f81873b7011e455a8ac35272817.jpg,0,0,1,0,1,1,1,1,0
video-nodg7n2aFzCWFJBnv-frame-003729-vK24DdAaghZQnpAAm_jpg.rf.03dcec7e687c9213040083e578158f47.jpg,1,0,1,0,1,0,1,0,0
video-PY5tYnNPcGE9WrZuq-frame-002051-aEkuAFihbh3YiJrP3_jpg.rf.03c558839a38ce4c5e894735dcbe8516.jpg,1,0,1,0,0,0,1,0,0
video-GzdKTLbkG5F7gAunM-frame-000329-CvNDA6nRRHaphYaCg_jpg.rf.03e9b234cc4bd80f7076f44452e3a8a6.jpg,0,0,1,0,0,1,1,1,0
video-jNQtRj6NGycZDEXpe-frame-014636-ksadY8sYBFhd4gQEY_jpg.rf.03f5ae11b5625529d9a57abcd0151d11.jpg,0,0,1,0,1,0,1,1,1
video-5HPT2goT53ceRpvRm-frame-001020-KECeqWWY8Mo5Sp9AK_jpg.rf.03d437fd73f8173362c2b59dbbf2d6bd.jpg,1,0,1,0,0,0,1,1,0
video-5v4MPkCMGEKPfroxc-frame-001242-sAqsJyHWnbZgbAkHF_jpg.rf.03fcf26398d8c5b1ccc414bbcd5cd6d2.jpg,0,0,1,0,0,0,1,0,0
video-iFWh9r9TJWmTzTrha-frame-000077-FH4gALSXNKGtixmp2_jpg.rf.041f3e248db35fd5af1fa19310f0a21f.jpg,0,0,1,0,1,1,1,1,0
video-LRYpoNWeYLm3tZZst-frame-004800-9ewkWB249jGyHxuqZ_jpg.rf.0423d22334cf3155db9730b59619a7ae.jpg,0,0,1,0,0,0,0,0,0
video-r68Yr9RPWEp5fW2ZF-frame-014740-iNiLnXAt8nt6Awnsi_jpg.rf.03e49b64d3cb321ba8de59e778ef1b4c.jpg,0,0,1,0,1,0,1,1,0
video-JFiGa9oAAN2queuLt-frame-015363-xEZknHYpEKF9H7Daj_jpg.rf.042fb430b291b0ef83e6de602d64a1c4.jpg,0,0,0,0,0,0,1,1,0
video-AkvAvb4X72cnTbbCw-frame-001022-2GixHoyMoAH599pAh_jpg.rf.0426d7e4ffc80edb1f85f8560fbf62f9.jpg,1,0,1,0,1,0,1,1,0
video-DJYDQTZH7GLCqw3Tx-frame-006977-kx8E6PgSXkNdKXkcD_jpg.rf.043b95f01d8a46de07cbecd3df0a1d19.jpg,1,0,1,0,0,0,1,1,0
video-7EPybiwBrzjDKn7TZ-frame-003022-HDLaHqJaYvP9Gh3NG_jpg.rf.042dd8ac1c35948fccf6be58ba66c53b.jpg,0,0,1,0,0,1,1,0,0
video-fZKBh7mRSKHjXS2zk-frame-006150-S6T7xgnAYDBTSmmK9_jpg.rf.04563eda1c76dc56a3bb46229c0822b4.jpg,0,0,1,0,1,0,0,1,0
video-DJYDQTZH7GLCqw3Tx-frame-006937-WDZmyrneq74rvf259_jpg.rf.04bd6c150656401a6e3aa3123bc46ad7.jpg,1,0,1,0,0,0,1,1,0
video-nodg7n2aFzCWFJBnv-frame-002020-o8bQWzdfZyEqL9pTz_jpg.rf.0479bed22c2f4feb0aa0a2dd8b8d3910.jpg,1,0,1,0,0,0,1,0,0
video-jNQtRj6NGycZDEXpe-frame-011609-w2EyZrKy7aRpAPGsA_jpg.rf.047f1fa0b87153daeba4bbfee3d63b28.jpg,0,0,1,0,0,0,0,0,0
video-fg5eBhFE7kHyXPtBi-frame-001429-a5TjLkRstvG9drZ3G_jpg.rf.04b19acef5b42a3467f8c3b9f9f2e9da.jpg,1,0,1,0,0,0,1,1,0
video-7EPybiwBrzjDKn7TZ-frame-003382-MYxq7BGNz5Ss8DvSq_jpg.rf.04b443ff9d0170439e15e2679557e2f5.jpg,1,0,0,0,0,0,1,1,0
video-SyzNY82LYZrhkPH7x-frame-001232-rtyxQrqJhzFj8BaQt_jpg.rf.0498154ce1f616e272c3964fac186e71.jpg,0,0,1,0,0,0,1,1,0
video-KTtJnXH7CcPgLeF2G-frame-005141-tN62qKwmZ2Rng2gey_jpg.rf.04d7df95468e40a3052b90c7e0f3c700.jpg,1,0,1,0,0,0,1,1,0
video-dpPsuZToLaq9myAK8-frame-005502-YhRcmETYj9jMjkCu6_jpg.rf.04e24f307c4e26da38d8b7e28153d780.jpg,0,0,1,0,0,0,1,1,0
video-JFiGa9oAAN2queuLt-frame-004597-9qYYxwGP6Z36t9bf2_jpg.rf.04eed7734983ccc772125f100fae345a.jpg,1,1,1,1,0,0,1,0,0
video-4KhLCjoeEmjGBaRLQ-frame-001518-Yg6EG9YTBdAsr9QdJ_jpg.rf.048de280961df144987e80afe6c77d5e.jpg,0,0,1,0,0,0,0,1,0
video-BjSfmxLQqCGjg8tya-frame-000420-nthJyuvtP4or7FMh8_jpg.rf.04a597bdb587a9e91854999e863d2392.jpg,0,0,1,0,1,0,1,1,0
video-BjSfmxLQqCGjg8tya-frame-000750-Njwmh28ypxeFZqdj3_jpg.rf.0513b8f99aae969d1c2e23f5f8a2dc49.jpg,0,1,1,0,1,0,1,1,0
video-JFiGa9oAAN2queuLt-frame-003737-fvQ3BTgKC5e8nM4C9_jpg.rf.04fbf93bb572293738bb15c41efbd648.jpg,0,1,1,0,0,0,1,0,0
video-ZicHYAPRYGdu82nAa-frame-002334-YQC5LGJmzEsKDGYmL_jpg.rf.04e810c0160732959f1fe46f164f6773.jpg,1,0,1,0,1,0,1,1,0
video-soRFb9y3iqE3YpJSG-frame-006272-GxrBGGm4TGB8kCQXc_jpg.rf.0506d6cdfeab4b67b33763838ea9f909.jpg,0,0,1,0,0,0,0,0,0
video-ipHbyAv8iW9kmxTGj-frame-003470-HuHrZE22tTnq5WWRH_jpg.rf.051e0c3d4391370c602ca0981bf78c5c.jpg,0,0,0,0,0,0,1,0,0
video-GzdKTLbkG5F7gAunM-frame-001023-RHyMtDCjwZR2nwoqf_jpg.rf.05298248df79fd304c0a5a962d6534c9.jpg,0,0,1,0,1,0,1,1,0
video-cprcATqPmWGnc3cgi-frame-002906-PfwSymo8Pnd3giqRM_jpg.rf.050517c38376481c83713cfb04cddefb.jpg,0,1,1,0,0,0,1,0,0
video-5An82wT7iBmfZSwx7-frame-006796-mdPrFkvrgpG98CK6T_jpg.rf.047a3509e0be23ed841b0524e8b9936a.jpg,0,0,1,0,1,0,1,1,0
video-2MbnnGTv27EBLGqiQ-frame-005250-Mqu9k8kctiYgiKap8_jpg.rf.051ae159eba4e35cc65f666e8ff6e6a5.jpg,0,0,1,0,0,0,1,1,0
video-2Af3dwvs6YPfwSSf6-frame-003750-upuZXfnQCJRg3BMGP_jpg.rf.04cc4aa6300f52952384569c533e5989.jpg,0,0,1,0,0,0,0,1,0
video-vbhpsNpMoX2Qbhw2A-frame-001615-a38K4nzaMzPXuPcXC_jpg.rf.052f788b0b9e8bac08f682aa27613fe7.jpg,0,0,1,0,1,0,0,1,0
video-a9TgkAvMGtM2gXpdj-frame-009603-bpexQ2xJfoQSdBra3_jpg.rf.057b93a0b13e6ed57906a5bc186c410a.jpg,0,0,1,0,0,0,0,0,1
video-GXXqNLCqyu72TLx5i-frame-000184-6cjqtx5r26oTLcYtH_jpg.rf.057e235bf9cbc208e7c7a4d8f8b463b7.jpg,0,0,1,0,0,0,1,1,0
video-r68Yr9RPWEp5fW2ZF-frame-015565-tkzeTZgduun4TrAqu_jpg.rf.0560cbc65765583f30d6bb09b2c8d8f7.jpg,1,0,1,1,1,0,1,0,0
video-AEZAaF8epmvQv5Nfj-frame-010114-YnFxANrxrTFpGzEgS_jpg.rf.057d0ca4d2861157a9715abc4c46822e.jpg,0,0,1,0,0,0,1,0,0
video-AEZAaF8epmvQv5Nfj-frame-009489-yLwAc7dMS5oQB29Z4_jpg.rf.0596f3c0655a16e8a9e2414aa991e448.jpg,1,0,1,0,0,0,1,0,0
video-86XuF6pPvWfBCqyNt-frame-000300-swQ3TWp2tFGqMXmjN_jpg.rf.05901b24e408887df968e54ec8df75c4.jpg,0,0,1,0,0,0,0,0,0
video-fg5eBhFE7kHyXPtBi-frame-001173-bKkHcA3voa64nf9WE_jpg.rf.05c0f5ce5b12d2a9e56dc53a69876e00.jpg,1,0,1,0,1,0,1,1,0
video-KTtJnXH7CcPgLeF2G-frame-003413-Hx5J2TYnQztGsXNrN_jpg.rf.05a6aa88c689f8a88e17498a05cfc190.jpg,0,0,1,0,0,0,1,0,0
video-DJYDQTZH7GLCqw3Tx-frame-008860-5WvmnBd7vpTJKZb3D_jpg.rf.0590416bb757202823a32631c85520d1.jpg,1,0,1,0,1,0,1,1,0
video-iTrM5ner4KQGLvpdC-frame-003487-e5ksFXfgXPJhWR83A_jpg.rf.0561941f732c6c831a668f320f955fde.jpg,0,0,1,0,0,0,0,0,0
video-24ysbPEGoEKKDvRt6-frame-000360-GaZnMMse6mkHKng63_jpg.rf.05bec0013e7f55d2c69a509f2c31af7e.jpg,0,0,1,0,0,0,1,1,0
video-JFiGa9oAAN2queuLt-frame-002827-yvE5Podan5ajnzpii_jpg.rf.05ae8664647affd5219b0efaa881a91c.jpg,1,1,1,0,0,0,1,1,0
video-aiXLPEvp86raemrsp-frame-000212-6pov4sWFDhfao7PCC_jpg.rf.05e255615413474c11526ed0cee9206a.jpg,0,0,1,0,0,0,0,0,0
video-4dy5Hhcg93BTyG9KZ-frame-000797-5RAdyvYRom2XAzwvL_jpg.rf.0609dbfc20aad2e29f0aceeb52b9d06f.jpg,0,0,1,0,1,0,1,1,0
video-nodg7n2aFzCWFJBnv-frame-002080-BYQfEPyXaMqiaBdBm_jpg.rf.04acd54a7cd4e953f7d6035cefcd738b.jpg,1,0,1,0,0,0,1,0,0
video-Gfv3kbdf5KAYRtPcz-frame-003485-YTxvxb7D6AxM3BjQi_jpg.rf.059a6c5d033af9c92b0fedbab57b0529.jpg,1,0,1,0,0,1,1,1,1
video-j884P5ZjKNEm9pq56-frame-000150-o3jH8JSEeqcbgSoh3_jpg.rf.05d4cce78993474b8e5fb0a469841be7.jpg,0,0,1,0,0,0,0,1,0
video-XvhW2CuNNzf5oWRXK-frame-000042-XxehSwq5YdXiCM6kr_jpg.rf.05c9915f63d5fcf6c412058b50d82faf.jpg,0,0,1,0,0,1,1,1,0
video-kDDWXrnLSoSdHCZ7S-frame-001969-MotFXyPDcsyTuMDHG_jpg.rf.05f60c1713d6daa662026b86441c94ff.jpg,0,0,1,0,1,0,1,1,0
video-Gfv3kbdf5KAYRtPcz-frame-001092-omJ2vDBRGknBtwFPs_jpg.rf.0603b169988c7a357b08bb672a86b3d9.jpg,0,0,1,0,1,0,1,1,0
video-ZicHYAPRYGdu82nAa-frame-001125-bTncGrPn2a6rJ5g9x_jpg.rf.060c39bf5641f58b33361f824baa2a6a.jpg,0,0,1,0,1,0,1,1,0
video-AEZAaF8epmvQv5Nfj-frame-017012-2GtbPHnrr9ZgnznkH_jpg.rf.0628ece13fb4ac0a97887df82941d3a2.jpg,1,1,1,1,0,0,1,1,0
video-JFiGa9oAAN2queuLt-frame-003607-cyZHncAotHzHukWyh_jpg.rf.06303bc766a943c348dbae229dd0d9db.jpg,0,1,1,0,0,0,1,0,0
video-DJYDQTZH7GLCqw3Tx-frame-000630-FuscxCgaos5MkCNZJ_jpg.rf.063481627daffba44fb655225c82195a.jpg,1,0,1,0,0,0,1,1,0
video-AEZAaF8epmvQv5Nfj-frame-008600-SqCYtFZXPEPYYbTC3_jpg.rf.06234a078d731f75f661d709af71effb.jpg,1,0,1,0,0,0,1,0,0
video-EcPY55txZdfhevYiW-frame-007986-kS4WTmF6w6SkAyqCe_jpg.rf.068de845e3ff79d3f59a4602106346b5.jpg,0,1,1,0,0,0,1,0,1
video-ooW42bEtJrR4gufJr-frame-004650-Mt6xKpTwFQR4itcT5_jpg.rf.063847f66f3b805687226e952bb3ee48.jpg,0,0,0,0,0,0,0,1,0
video-DJYDQTZH7GLCqw3Tx-frame-002494-xCzKPfBsKc6CRcmpC_jpg.rf.0648eb1af6be69261c60705ba85c8f4a.jpg,1,0,1,0,0,0,1,1,0
video-BjSfmxLQqCGjg8tya-frame-005949-So3JoZeBkm4G24JtE_jpg.rf.066ba9a3c4be58bd15b9266f76d74f73.jpg,1,0,1,0,1,0,1,1,0
video-GXXqNLCqyu72TLx5i-frame-001032-WfRSa3ifq8w4jsJK7_jpg.rf.06c2f802a6cfe2c7095a0f6bc83f6a4c.jpg,0,0,1,0,0,0,1,1,0
video-Gj7ejTPCZZnD5YwPv-frame-001630-kRQGwrWDdjqxTYCq4_jpg.rf.06b8492135391985844ef74d8c199d57.jpg,1,0,1,0,0,0,1,1,0
video-DJYDQTZH7GLCqw3Tx-frame-008420-nY8oYrsATSZLgE58N_jpg.rf.06c7d407335f6176324dfcd74d2d8a69.jpg,1,0,1,0,0,0,1,1,0
video-uSr74imQfjLhADgQZ-frame-000826-FSJqtCKsQAxsBTrY5_jpg.rf.06c6f406e524447e86d320bf320cc0b0.jpg,0,0,1,0,0,0,1,0,0
video-Bfb39QmAgJQZfE7Pu-frame-010187-CPvMzN7ecYK2iZKa9_jpg.rf.0691233244a33788ed6e3504ab9f7824.jpg,0,0,1,0,0,0,0,1,0
video-FWQff8BQpTRSt9hfA-frame-003150-9HoAAPmRauhY48YAr_jpg.rf.06dbbb311376cc85b9f925f2fb2d3c0a.jpg,0,0,1,0,0,0,0,1,0
video-Gfv3kbdf5KAYRtPcz-frame-004181-ichr7HX9cj8CrfioT_jpg.rf.06c23c0eca33eaa0c618d279be28f8bc.jpg,1,0,0,0,0,0,1,1,0
video-5An82wT7iBmfZSwx7-frame-001318-yAxBH4CgdCdmX57nG_jpg.rf.06d3bc120f92506ba26039011c9788e1.jpg,0,0,1,0,1,0,1,0,0
video-bk2x9u9JivsWRS9Nk-frame-011160-Wy5Wwes7nzLYiapE5_jpg.rf.063c8e9698f8e7b4f0353147dc41de5c.jpg,0,0,1,0,1,1,1,1,0
video-AEZAaF8epmvQv5Nfj-frame-015001-4F662kgLLd3hicfzC_jpg.rf.06a0c8b79202fe5ea452e8892e91585f.jpg,1,0,1,0,0,0,1,0,0
video-jNQtRj6NGycZDEXpe-frame-007442-WwCuKsNamA9rWtTMx_jpg.rf.06ba22548015de65f55edbf4e3332a9e.jpg,0,1,1,0,0,0,1,1,0
video-nodg7n2aFzCWFJBnv-frame-004974-GEDe5vpJAJZDSvhRJ_jpg.rf.06e1f40f95f675fe03d26164736f0617.jpg,1,0,1,0,0,0,1,1,0
video-Gfv3kbdf5KAYRtPcz-frame-001212-GtwoNsczeeDvcReSL_jpg.rf.06f96e26c867696588237bf36e1099ca.jpg,0,0,1,1,1,0,1,1,0
video-Gfv3kbdf5KAYRtPcz-frame-003415-dZdAN2hBrck8c38oy_jpg.rf.06ccc7eb86952ac4d05182976890dc56.jpg,1,0,1,1,0,1,1,1,1
video-vvYEi6EdCrYXeHwpD-frame-007956-5dmqBuXpGdoQXP3iy_jpg.rf.0760f448b63e5f614ce1126e4d04b5e2.jpg,0,1,1,0,0,0,0,0,0
video-7yaY3LisuPdNyfZH9-frame-002756-ju4WQRhaPK24nY8oB_jpg.rf.07317c017e0366e3ea3d2b929f383916.jpg,0,0,1,0,1,0,1,1,0
video-r68Yr9RPWEp5fW2ZF-frame-002296-enZu8aEo4zj5gxxET_jpg.rf.0735a3b8c4d3098608d88ebc855ce1d8.jpg,1,0,1,0,1,0,1,0,0
video-qmuvFTzLkR28JMp7r-frame-000699-cbzCYav97bLtgDPJq_jpg.rf.0738fb1048dcb4e238e73b4b62c61171.jpg,1,1,1,0,1,0,1,1,0
video-r68Yr9RPWEp5fW2ZF-frame-001636-D7AdXmsNdMmYd4Fua_jpg.rf.07185ca0db09432b1f982c4916c51aec.jpg,1,0,1,1,1,0,1,1,0
video-DJYDQTZH7GLCqw3Tx-frame-002534-6fmNuWoR9xknjLySu_jpg.rf.075170a767f44a5192f23bbd77c9fc31.jpg,1,0,1,0,0,0,1,1,0
video-7EPybiwBrzjDKn7TZ-frame-002457-ciBq9ryhQsmgZ9xdr_jpg.rf.07927e94650b007f145dcd32c130d45c.jpg,0,0,1,0,0,0,1,0,0
video-JFiGa9oAAN2queuLt-frame-005327-RR3LAuRx5XdjYRs2C_jpg.rf.073600a3be9a1a81f1d3ae0b336d6378.jpg,0,1,1,0,0,0,1,0,0
video-JFiGa9oAAN2queuLt-frame-005237-KdsGK4XbrFTurKHwB_jpg.rf.07a1e02c4b7bee00f22af6035ad1b53f.jpg,0,1,1,1,0,0,1,0,0
video-MoCHppHsM4bnncPmS-frame-001202-gmppYAWGMW69h5tsk_jpg.rf.07b12a897b09565d75f0178924899027.jpg,1,0,1,0,1,0,1,1,0
video-ZicHYAPRYGdu82nAa-frame-003008-M9tCojipsBMHZoMcj_jpg.rf.07361232131d426ac55284c526347c8d.jpg,0,1,1,0,1,0,1,1,0
video-aMQG7QCtJKfnEdue5-frame-001421-z2RuPQSaJLw2msJ6d_jpg.rf.076d53c55692df949deff4068229a12b.jpg,0,0,1,0,0,0,1,1,0
video-rnZseY2bPiYhWEF2m-frame-002721-hyrcmdw5jx5jH8qKY_jpg.rf.0791d71c79262d8d1ea4eeb5cf4d706c.jpg,0,0,1,0,1,0,0,1,0
video-Gfv3kbdf5KAYRtPcz-frame-003555-2oD2n2hXNuQmvCmWp_jpg.rf.07ad7f89a2a0134e3505f9aa87c8c175.jpg,1,0,1,1,0,0,1,1,1
video-WXTMrJkrK8BMoMkxk-frame-000170-fJANhs6AmnvtqdumR_jpg.rf.07c30be8e4fe8d9989e2a24c86a52b20.jpg,0,0,0,1,0,0,0,1,0
video-86XuF6pPvWfBCqyNt-frame-002722-WHATkZCijDAk9QeeX_jpg.rf.0797bc27f98c214ee141ca11063f9a20.jpg,0,1,1,0,1,0,1,1,0
video-o9b92aG9EbJnkJEwF-frame-000276-wRLbcTZJsrSMLhhu3_jpg.rf.07043e006b9954ce1e408512ab179008.jpg,0,0,1,0,0,0,1,0,0
video-7EPybiwBrzjDKn7TZ-frame-005163-oBeoiLi5ZxjgKFFPr_jpg.rf.07c69ed5f61095a1ff80de1085e2aa94.jpg,1,0,1,0,0,0,1,0,0
video-FWQff8BQpTRSt9hfA-frame-002100-Eq3WhPu8MrHRFfAF6_jpg.rf.07dd97fcee80125b95f7d1500daa5fc1.jpg,0,1,1,0,0,0,0,1,0
video-GXXqNLCqyu72TLx5i-frame-005161-TGJeDLXEkd9gTZwZa_jpg.rf.07db79c4201daaafd651aa15068f0818.jpg,1,0,1,0,1,0,1,1,0
video-Gj7ejTPCZZnD5YwPv-frame-000390-coSKCT64P9sR9JxgK_jpg.rf.078bd1982ffa81ebccbd512406f2bca6.jpg,1,1,1,0,0,0,1,1,0
video-r68Yr9RPWEp5fW2ZF-frame-008743-76NoQbwp7n2zFDuPG_jpg.rf.07ec18477e00dcd7f1d88e267cefe0cf.jpg,0,0,1,0,0,0,1,1,0
video-qmuvFTzLkR28JMp7r-frame-004171-WrHwonwJohEwu7H4z_jpg.rf.07ffd5cacae41da8cb362eb4f5f67ec4.jpg,0,1,1,0,0,0,1,1,0
video-BjSfmxLQqCGjg8tya-frame-005307-Hyjy4Qvf6KsirkojD_jpg.rf.07d6fb466dc079187697c47d4d1f081b.jpg,0,0,0,0,0,0,1,1,0
video-MoCHppHsM4bnncPmS-frame-002787-zTYrmi2zcG7KXWCEb_jpg.rf.07fbee108978710fcc99e07f25860528.jpg,1,0,1,0,0,0,1,1,0
video-r68Yr9RPWEp5fW2ZF-frame-007341-gEQKB9WoBNYESLmEn_jpg.rf.0805ecda6651a9edf114f6a3b79f3537.jpg,0,0,0,0,0,0,1,1,0
video-AEZAaF8epmvQv5Nfj-frame-014731-T8LumoK7mNTCna72x_jpg.rf.0817eab31c2d62bce19b75ccb08d8840.jpg,0,0,1,0,0,0,1,0,0
video-SyzNY82LYZrhkPH7x-frame-001247-3P7xpT7FGZgbtPQXm_jpg.rf.0837e5041a86d3c6e191689c67fa8811.jpg,0,0,1,0,0,0,1,1,0
video-9BBhGg3MKeaChnLjP-frame-000910-J7RKteKJGqH87ueAB_jpg.rf.082a4a39bfb69ae31389aaf423b98431.jpg,0,0,0,0,0,0,0,1,0
video-AHWxmA7AFazuCjdrS-frame-004737-LKZ9eGyhJ78SXD5r9_jpg.rf.07e876286d58eacb056ce02ab87a8766.jpg,0,0,1,0,0,0,0,0,0
video-kDDWXrnLSoSdHCZ7S-frame-003123-7G9sGCDTbk4xZtMue_jpg.rf.083f5351831e3ca83b5845689a2072d4.jpg,0,0,1,0,1,0,1,1,0
video-WiuWWrsHrJsDcfFzg-frame-010196-LBmJSwQzZa59fp7ji_jpg.rf.084dd10dbd563a3d7971b7e5eddd1b1d.jpg,0,0,1,0,1,0,1,1,0
video-WXTMrJkrK8BMoMkxk-frame-001849-y8tMJNJfnXG3Ykh77_jpg.rf.085e2f5eadb8e6e16d9e5d7da20c89e0.jpg,0,0,1,0,0,0,1,1,0
video-ELruYFQjkqpZnir29-frame-002551-juQ4j5KgNh4cMBq6h_jpg.rf.0867d5d1b3197a14aee861f5bc06bc63.jpg,0,0,1,0,0,0,1,1,0
video-DJYDQTZH7GLCqw3Tx-frame-007360-vpZ4tBYmkyX6n3nBz_jpg.rf.08b64e08f60d273956a3221e1ce1a4eb.jpg,1,0,1,0,0,0,1,0,0
video-5YuhMWusfM3ZMtvDx-frame-001503-fDtMwDCJcPhpKgM6e_jpg.rf.08c79c57524d3bf5872f5d21c7a63da3.jpg,0,0,1,0,0,0,1,1,1
video-r68Yr9RPWEp5fW2ZF-frame-009163-LkXMHAjLvurPTtLoY_jpg.rf.08533bc35686a6defb920315553854bf.jpg,0,0,1,1,0,0,1,1,0
video-aTxg8EcSRQyDvisMX-frame-000890-jYWW6qhrPE2sb4zph_jpg.rf.08a5abe0739414e0abc634c49240cfd7.jpg,0,0,1,0,0,0,0,1,0
video-EcPY55txZdfhevYiW-frame-006543-8qddcCTDy6s3Xw6rb_jpg.rf.08745a8ddfd1a145839ddd21d3ccb6c2.jpg,1,0,1,0,1,0,1,1,0
video-5YffDt2oYT6CDzYHk-frame-000310-vKde4s8dMiqkmRSbk_jpg.rf.08d4d073b0718eb2231c7506d3c95340.jpg,0,0,0,1,1,0,0,1,0
video-AEZAaF8epmvQv5Nfj-frame-017172-mPFSFYWhnxQ6Gd2N8_jpg.rf.08cd37a7d3b0d1bb11de119e7aa7c6c7.jpg,0,0,1,0,0,0,1,0,0
video-9BBhGg3MKeaChnLjP-frame-000940-fJyE7GeAkDCdMqP9B_jpg.rf.08d74e791f1b6cfaf77ceb6a634c9ce1.jpg,0,0,1,0,0,0,0,1,0
video-5An82wT7iBmfZSwx7-frame-002647-DFpdY3sLFy6HFoekh_jpg.rf.087aaccb12298a95c21248d56069ec7f.jpg,1,0,1,0,0,0,1,1,0
video-ZicHYAPRYGdu82nAa-frame-003411-bAiYLhazkFrwwJyiZ_jpg.rf.08b44b32de68752d9c92b76925368e25.jpg,0,0,1,0,1,0,1,1,0
video-AEZAaF8epmvQv5Nfj-frame-010726-uQDoRGuBbgiHtdffw_jpg.rf.08e07fc1514edc9073a1a2972cfaede8.jpg,0,0,1,0,0,0,1,1,0
video-BvDJ7TewksQCjCtyN-frame-000591-nFRtTnGaXhzhqZyjz_jpg.rf.08eafa157143681c2a25fc24849cf248.jpg,0,0,1,0,1,0,1,1,0
video-5An82wT7iBmfZSwx7-frame-000405-wubeBjPEP82PPu2fg_jpg.rf.08f3a861319d26819efceb841058b5db.jpg,0,0,1,1,1,0,1,1,0
video-a9TgkAvMGtM2gXpdj-frame-019914-AkN2AKsm4P9FDqbHZ_jpg.rf.08f35f4cafb4ef5fddd098d1dbf490f3.jpg,0,0,1,0,1,0,0,1,0
video-5YffDt2oYT6CDzYHk-frame-002447-rb4zZPu2zfT3fSuQC_jpg.rf.09283aeca3b077f2e1aac8c003e87d6b.jpg,0,0,1,0,1,0,1,1,0
video-AEZAaF8epmvQv5Nfj-frame-006940-8q2vwsaPbPviJCzDv_jpg.rf.09bbca29c3f658ed7705d067f2ad4a71.jpg,1,0,1,1,1,0,1,0,0
video-BvDJ7TewksQCjCtyN-frame-000696-mgao7WMRR6HBGo9Go_jpg.rf.09a67fb033aac6159a30bb557d7170b5.jpg,0,0,1,1,1,0,0,1,0
video-TEAocgWiwwMWxYtgJ-frame-002974-S4Tw5yuyrCekF9ox7_jpg.rf.09a2ab1c6696e2d3d6614144ace7db41.jpg,1,0,1,0,0,0,1,0,0
video-r68Yr9RPWEp5fW2ZF-frame-003676-hsw7ikJgbagLXa6P2_jpg.rf.0999d54f0cfdfc9ee0fb34f84778bad7.jpg,0,0,1,0,1,0,1,1,0
video-TTDq3x6HSvFx3YRDH-frame-001745-BtqNudymACbxH4xNB_jpg.rf.09f3671177bc33f55fca1282b274864c.jpg,0,0,0,0,0,0,1,1,0
video-8CvM2BExBLyQFZrK8-frame-005142-4TDDTKFhYLqWZhrpt_jpg.rf.093b86970f86c3e991f919d82f33f8fd.jpg,0,1,1,0,0,0,1,1,0
video-TEAocgWiwwMWxYtgJ-frame-000830-tFLQYDjf7E4HjYa4C_jpg.rf.099e448e97b2742827e9e0d567577418.jpg,0,0,1,0,0,0,0,1,0
video-Gj7ejTPCZZnD5YwPv-frame-000330-55nT5YdcpELRo5PFL_jpg.rf.0a02fbdc8ef40b4d822bb46489d0d14e.jpg,1,1,1,1,1,0,1,1,0
video-GXXqNLCqyu72TLx5i-frame-004794-uJALdWTGyqn8PjjXG_jpg.rf.09fd88761d66ff5af3f3408d5af5d5b9.jpg,1,0,1,0,1,0,1,1,0
video-r68Yr9RPWEp5fW2ZF-frame-015505-cKSaZdSGxWH3uu2o9_jpg.rf.09ed9610511ea72971a7c8877661a28e.jpg,1,0,1,1,1,0,1,0,0
video-WFkuHrJEHigf6HCWZ-frame-002204-dgnrvr5v2zW6F9xZY_jpg.rf.099ddfbb1a3d9d236677547e4931d089.jpg,0,0,1,0,1,0,1,0,0
video-yBdrow6zFe5E8uEwn-frame-011180-oY8cs3hdkMXtpdJJF_jpg.rf.097a460cfd3e460cee8bd678b9d8e776.jpg,0,0,1,0,0,0,0,0,0
video-WXTMrJkrK8BMoMkxk-frame-002049-xNiitFofLnQ37k7bZ_jpg.rf.09baa774404146f01f2cc1fb80fdfd96.jpg,0,0,1,0,0,0,1,1,0
video-r68Yr9RPWEp5fW2ZF-frame-009843-nyCWix57gS69QPDKF_jpg.rf.093215cc70f8a388f0c5aa2764acc2c7.jpg,0,0,0,0,1,0,1,1,0
video-S5osy2ei487eAM2fw-frame-002657-WZSNAZcndA3inXrC8_jpg.rf.0a05d3f95a69281edf29b9af19b64fa2.jpg,0,0,1,0,1,1,1,0,0
video-rYXSHjnEfuLmjE6Z4-frame-000627-Ek4k4JuQubhArNqK9_jpg.rf.0a280c6cc548affad19f607cb0102924.jpg,1,0,1,0,1,0,1,0,0
video-24ysbPEGoEKKDvRt6-frame-000135-doBTjevToEjCAXbrz_jpg.rf.0a655ed8b9fb6e8bea5f60de52021646.jpg,0,0,1,0,1,0,1,1,0
video-FWQff8BQpTRSt9hfA-frame-006300-qW2rLmzp9k9pm5zpa_jpg.rf.0a44ba0fb1891749421dd48a5e1374ad.jpg,0,0,1,0,0,0,0,1,0
video-67ZzTP4GCNj69eNPs-frame-002216-PkcFBztxKsGf8sa3i_jpg.rf.0a5c3f50723a39d4d7e8f5fdfbbe8cde.jpg,1,0,1,1,1,0,1,1,0
video-r68Yr9RPWEp5fW2ZF-frame-005906-w5HNDnzfJnDZwNWJ5_jpg.rf.0a6981dbaf1d186411fbbfcae6bb807e.jpg,1,0,1,0,0,0,1,1,0
video-GMDwNs5TdqejpF4vu-frame-000843-j5j4rRN5qgi2vmskZ_jpg.rf.0a824911f2bf107e27d0aa53f9dabf6a.jpg,0,0,1,0,0,0,1,1,0
video-DJYDQTZH7GLCqw3Tx-frame-006437-Bgc3Hk5KATi6pwppi_jpg.rf.0ac4d7810a3945c6a40b2b8591bb3eeb.jpg,1,0,1,0,0,0,1,0,0
video-JFiGa9oAAN2queuLt-frame-003527-P7EiLBXsTzBxnKfuG_jpg.rf.0a68e800c5c8810db0ce79c0dfb66c90.jpg,0,1,1,1,0,0,1,0,0
video-KTtJnXH7CcPgLeF2G-frame-002049-wQRdpcQaRKKFhy3md_jpg.rf.0a97ca54ec710ac06d30509292417b9b.jpg,0,0,1,0,0,0,1,0,0
video-fg5eBhFE7kHyXPtBi-frame-000332-CCPQ8AQ8Huaorynb7_jpg.rf.0ab29b5f7391f7e2cb5b3e1143d51536.jpg,1,0,1,0,1,0,1,1,0
video-GzdKTLbkG5F7gAunM-frame-001398-yYdDTCDvCHkTkYYeH_jpg.rf.0a9c4c6e54de04ba10939911b6d7e367.jpg,0,0,1,0,0,0,1,1,0
video-jNQtRj6NGycZDEXpe-frame-002515-J3YntG8ntvZheKK3P_jpg.rf.0ad6ba48cc539e3e88d75c911f76258e.jpg,0,0,1,0,0,0,0,0,1
video-DJYDQTZH7GLCqw3Tx-frame-001449-r4Qi4QWiviPpaLcqy_jpg.rf.0aa1488cf314816709607ac97f26a0c3.jpg,1,0,1,0,0,0,1,0,0
video-JFiGa9oAAN2queuLt-frame-001264-TH8TLkZmsn7heWhSi_jpg.rf.0ab4a36dddf189bdea0fcefc983b6c2f.jpg,1,0,1,1,1,0,1,1,0
video-WiuWWrsHrJsDcfFzg-frame-004337-yA8skJQ9GsCPgBCsJ_jpg.rf.0add4d6638ecf6f80fb59579dd339b53.jpg,0,0,0,0,1,1,1,0,0
video-o68zKob2nb8QMktLF-frame-000461-WFawbfkzXkssCD3B5_jpg.rf.0ae601d431e460dc04e7ae13f0ac24e0.jpg,0,0,1,0,0,0,1,0,0
video-evnmmkhaqckdxWa9P-frame-001500-bx7zZb36xy58bLurw_jpg.rf.0ac8ce7c41a79f7c78e7ddac9322e085.jpg,0,1,1,0,1,0,1,1,0
video-JFiGa9oAAN2queuLt-frame-003777-Y5bLC9ASmAXET76Se_jpg.rf.0acc300c18804fa1c3ea9fe9990935b3.jpg,0,1,1,0,0,0,1,0,0
video-r68Yr9RPWEp5fW2ZF-frame-008863-mNx3CGjkvcDzjxXpg_jpg.rf.0adf80a1dfe4ebd241c3c4cfb6af0b7b.jpg,0,0,1,0,0,0,1,1,0
video-o68zKob2nb8QMktLF-frame-000341-AJssJB7TchFHe3sPB_jpg.rf.0adfcd5e93f01719a25c9cefdacd182c.jpg,0,0,1,0,1,0,1,1,0
video-soRFb9y3iqE3YpJSG-frame-007907-TwA7h5evD9zatecXk_jpg.rf.0abea4c2632bc72b8e35c895c40924b3.jpg,0,0,0,0,0,0,1,1,0
video-nodg7n2aFzCWFJBnv-frame-006504-WdkgBMqwqkRHa7xxs_jpg.rf.0aad8c7914681f160dfc8643a8c45e38.jpg,0,0,0,0,0,0,1,0,0
video-ooW42bEtJrR4gufJr-frame-000000-nmg9GomNveeHzJNgW_jpg.rf.0b0fe6709bc4d0a59c282592c3780cfc.jpg,0,0,1,0,1,0,0,0,0
video-iTrM5ner4KQGLvpdC-frame-004252-KMjfJ6pep2kzDuSBs_jpg.rf.0b168454bc89697419454df91cc7bee5.jpg,0,1,1,0,0,0,1,1,0
video-KTtJnXH7CcPgLeF2G-frame-002229-LxbsXHpsmZqysW7mg_jpg.rf.0b1e0139994bf4a467d97686cd41ed6e.jpg,0,0,1,0,0,0,1,0,0
video-BjSfmxLQqCGjg8tya-frame-004379-hvLBHLj4atav6sHgC_jpg.rf.0b53f194d3473c5d76b21097ce763388.jpg,1,0,1,0,1,0,1,1,0
video-jNQtRj6NGycZDEXpe-frame-009415-uQ9Zt8B9kQjJDdWqE_jpg.rf.0b6c702514b7bbfdcf29bf51267719c0.jpg,0,0,1,0,1,0,1,1,0
video-FWQff8BQpTRSt9hfA-frame-003000-Dr7heaApijj7GaHTt_jpg.rf.0b81f36a929ff1bcedad24dcfe12467f.jpg,0,0,1,0,0,0,0,0,0
video-AEZAaF8epmvQv5Nfj-frame-006740-zxCTDWnXEXpNXQvSP_jpg.rf.0b95c5604046924eded1162c4ddbe2d4.jpg,1,0,1,0,0,0,1,1,0
video-nodg7n2aFzCWFJBnv-frame-002517-2PpiWxSip6TFHcnYp_jpg.rf.0b26f038f3a6d72e80a18daf7968af8f.jpg,1,0,1,0,0,0,1,0,0
video-AEZAaF8epmvQv5Nfj-frame-013410-7txbuB8eztotxKKhj_jpg.rf.0b71abd3aa27017f04c3b4716bc83a7b.jpg,1,0,1,0,0,0,1,0,0
video-DJYDQTZH7GLCqw3Tx-frame-007300-bf7mmcF9Ge2ZQN78d_jpg.rf.0b9e49faf3af9774b2c0cbdf55c80a62.jpg,1,0,1,1,0,0,1,0,0
video-soRFb9y3iqE3YpJSG-frame-003272-wPFqEfPcXmMuvex6y_jpg.rf.0bc2b831e860c874a8b816d228c19f00.jpg,0,0,0,0,0,0,1,1,0
video-gwN2KCXHzE6CQJ85P-frame-000900-rigqLLSwvg5tXrz9f_jpg.rf.0bc8cbd6b720f349e02dc45fe2a0b858.jpg,0,0,1,0,0,0,0,1,1
video-fg5eBhFE7kHyXPtBi-frame-000245-MLMLPqBDrxeTWGzRM_jpg.rf.0baa925bb9d7b195c49df53e40f2c2ac.jpg,1,1,1,0,1,0,1,1,0
video-cprcATqPmWGnc3cgi-frame-001156-ijFuGC7vFoxbTCu9d_jpg.rf.0bd0f35d06be2b8755d5b8f4734fde1f.jpg,0,0,1,0,0,0,1,1,1
video-jNQtRj6NGycZDEXpe-frame-014621-9KJSyecGjQft8tvdP_jpg.rf.0bf59baf9d28acea53339306259daf16.jpg,0,0,1,0,1,0,1,1,1
video-iFWh9r9TJWmTzTrha-frame-004971-uFpBwdzMzaHMfB4fZ_jpg.rf.0beafdbf2424c3a67f5a0e4904240cd3.jpg,1,0,1,0,1,0,1,1,0
video-5Lwe5DATf4BxKtaiB-frame-001582-8eZx3vwEyhy2jPhNg_jpg.rf.0bad1aedcad655d5dae4e27146c4b6a5.jpg,1,0,1,0,0,0,1,1,0
video-KTtJnXH7CcPgLeF2G-frame-002394-v3R7aQKBDWEGpjCYx_jpg.rf.0ba42fb6b4206d65544644876998a154.jpg,0,0,1,0,0,0,1,0,0
video-aiXLPEvp86raemrsp-frame-004240-B9dRpFeiSAXmn2wP9_jpg.rf.0b74762ab56e4a382983094245216437.jpg,0,1,1,0,1,0,1,0,0
video-nodg7n2aFzCWFJBnv-frame-003804-3Rma2KmCKS4eeQHiL_jpg.rf.0c06c23b658c6072981bd0c8c31459c2.jpg,1,0,1,0,1,0,1,0,1
video-3eAD4KjAqae5iq48L-frame-009425-PYBPcWwZZYTcSugJT_jpg.rf.0b71c72138d0815aa14cd0d7689c86f6.jpg,0,1,1,0,0,1,1,1,0
video-WKEP66Yn5CGfgdFd5-frame-000600-BbzG8EkBWw9JNKRWj_jpg.rf.0c09c15a7189caa0feeb7d97c1d9442b.jpg,0,0,1,0,0,0,0,0,1
video-ooW42bEtJrR4gufJr-frame-006150-iMif7qAdLcB9ieaNM_jpg.rf.0c15cf01ece13edbdc0f567a5fb5da72.jpg,0,0,1,0,0,0,0,1,0
video-TEAocgWiwwMWxYtgJ-frame-003109-Hx7W4apnePaYaYtTN_jpg.rf.0c28849989acefaef9a0c51c4b50fe01.jpg,1,0,1,0,0,0,1,1,0
video-5Lwe5DATf4BxKtaiB-frame-000388-stxsa2hjEsoRa4dcE_jpg.rf.0c2d67e5a20947ac76ddba7586ef8414.jpg,1,0,1,0,0,0,1,1,0
video-r68Yr9RPWEp5fW2ZF-frame-009693-a9yM4JyyGMuuma4GT_jpg.rf.0c571df65d676b82de99e155b6cb50ce.jpg,0,0,1,1,0,0,1,0,0
video-ELruYFQjkqpZnir29-frame-002848-szHxqEKJyuk645csa_jpg.rf.0c377b675e4e8b02e73ab16f4430f2e1.jpg,0,0,1,0,0,0,1,1,0
video-8QxGjiebFiGwCKrd5-frame-008100-yftKEZPx792iGNk87_jpg.rf.0c6da3f64e9e1a990bf2c9fd3024210c.jpg,0,0,0,0,0,0,0,1,0
video-7yaY3LisuPdNyfZH9-frame-003295-LoHqEtY9uHZtXp92m_jpg.rf.0cd07f9f349a515c8bb0c12781b9e250.jpg,0,0,1,1,0,0,1,1,0
video-KTtJnXH7CcPgLeF2G-frame-001851-JnB5BRKjTFSFGZpXh_jpg.rf.0ca1897577fe28458647811453d82996.jpg,0,0,1,0,0,0,1,0,0
video-adR56jeLozpyonfJ4-frame-009450-ppKiZxfYKXCXXhkTH_jpg.rf.0cb4dd643ee8954a266f1358994bc18c.jpg,0,0,1,0,0,0,0,1,0
video-2rsjnZFyGQGeynfbv-frame-000824-jGii7sJ7z93ewzfFA_jpg.rf.0c4d6329bdae31fb37181de6d4c78847.jpg,0,0,1,0,1,0,1,0,0
video-r68Yr9RPWEp5fW2ZF-frame-015635-W5vosyXhecEiyvFK5_jpg.rf.0bcad5bb7e3bca9a32fad0fae1d7e8d2.jpg,1,0,1,1,1,0,1,0,0
video-S5osy2ei487eAM2fw-frame-006370-zfWt22senr6GPGrN8_jpg.rf.0d07acc31d130e962f02ba1712bc6e2f.jpg,0,0,1,0,1,1,1,1,0
video-8CvM2BExBLyQFZrK8-frame-000440-tDLhr8tf7FjDMdp2c_jpg.rf.0cd9dffe94ddb5dfa0673d97995be21d.jpg,0,0,1,0,0,1,1,1,0
video-zNFzcc9wW8XB4QwTa-frame-003612-A6AHTDJA2fEXLSCB5_jpg.rf.0cca719b6d4937f7404c05062db2ffc0.jpg,0,0,1,0,0,0,1,1,0
video-r68Yr9RPWEp5fW2ZF-frame-009113-Z6nzAaDZ2AG7AM2e3_jpg.rf.0d1c8a3774dcb6bb0971472a1080e454.jpg,0,0,1,1,0,0,1,1,0
video-sEs53HkN6oRqWdeQK-frame-003007-GyT46qnwFH4y9qA4o_jpg.rf.0c84cab3b5f1adffc934ba4b6fe760ca.jpg,0,0,1,0,0,0,1,1,0
video-5YffDt2oYT6CDzYHk-frame-001327-pvsuJGAhTgiBzg3FR_jpg.rf.0d25160f9851051ce0d70a2e4ed97c3a.jpg,1,0,1,1,1,0,1,1,0
video-AEZAaF8epmvQv5Nfj-frame-017192-2S8eSSWKigRGRATdN_jpg.rf.0d3829449fa063a98f94e713178f415b.jpg,0,0,1,0,0,0,0,0,0
video-5Lwe5DATf4BxKtaiB-frame-001142-dQEBhfwHkYdoMiJzi_jpg.rf.0d21445e90f0864ac2e2432511e19642.jpg,1,0,1,0,0,0,1,1,0
video-JFiGa9oAAN2queuLt-frame-003157-urT9GMTwQd4ntmdkE_jpg.rf.0d17a5437c22a0dbf1be426a8257afad.jpg,0,1,1,0,0,0,1,0,0
video-8CvM2BExBLyQFZrK8-frame-000616-u5G8AytqWFnM32pGF_jpg.rf.0ce75ec72e028cf058d1bad58cbd7f8c.jpg,0,0,1,0,1,0,1,1,0
video-JFiGa9oAAN2queuLt-frame-004657-QK8XvXXzrfN7BS6Nn_jpg.rf.0d43ba0295fb817c7f9134ad838abefa.jpg,1,1,1,1,0,0,1,0,0
video-dpPsuZToLaq9myAK8-frame-001669-aGDNsuDqbC3FY6ipY_jpg.rf.0d28786e036e34102e7a58584d245c97.jpg,0,0,1,0,0,0,1,0,0
video-gwN2KCXHzE6CQJ85P-frame-001200-a93X6xQQWApvyvtpM_jpg.rf.0d3bf728e572ef0b22b0d0c050004eea.jpg,0,0,1,0,0,0,0,1,0
video-KTtJnXH7CcPgLeF2G-frame-005036-NEkqbzNxcer86dNDc_jpg.rf.0d2c3d499bebf00933a9c424711e2338.jpg,0,0,1,0,0,0,1,0,0
video-bNfjGzbuFRY9NkHKz-frame-003900-vxpipDEc6aJqAMtib_jpg.rf.0d40904aa5200340e3761cceb6186bc7.jpg,0,1,1,0,1,0,0,1,0
video-yBdrow6zFe5E8uEwn-frame-014687-NHbu4qwrGcHt7jhME_jpg.rf.0d66b63e190edba24c7cb760b3a4c162.jpg,0,1,1,0,0,0,1,0,0
video-Gfv3kbdf5KAYRtPcz-frame-002751-HY8v5vJAPeYPQAPY9_jpg.rf.0d530dbeaf0130d47e16619069d5c34f.jpg,0,0,1,0,0,0,1,1,0
video-xEYBrQ5tarcDbiw9p-frame-002420-peWAphMcN7wYfuBjG_jpg.rf.0d5fc6233d6c1cbbcfcaed9072e6e878.jpg,0,1,1,0,1,0,1,0,0
video-r68Yr9RPWEp5fW2ZF-frame-006656-ya77viAXeEMgjcYMe_jpg.rf.0d512def350d9524d4e98ddc643d8fb2.jpg,0,0,1,0,0,0,1,1,0
video-Gfv3kbdf5KAYRtPcz-frame-003081-6uMCCdXajTLCfQaFP_jpg.rf.0d7f135c7c5eea3be99c340eb680178b.jpg,1,0,1,0,0,0,1,1,0
video-JFiGa9oAAN2queuLt-frame-000050-xY7z57Mhg5WEMaPNF_jpg.rf.0d622cfd36a7cc491a57244be10e5767.jpg,1,1,1,0,0,0,1,1,1
video-nodg7n2aFzCWFJBnv-frame-000365-M2ygwSK3QEz356Ct7_jpg.rf.0d5e61081a86029291dff3d5fd0ef5d4.jpg,0,0,1,0,0,0,1,0,0
video-JFiGa9oAAN2queuLt-frame-007441-FqPGk5hfgXnhWfshA_jpg.rf.0d7003c098fe83f3f4b43e4a2cbb3c0f.jpg,1,0,1,0,1,0,1,1,0
video-KTtJnXH7CcPgLeF2G-frame-004483-5b4okTsecbniuibm9_jpg.rf.0d7e626fdd965f96077eba29837eee65.jpg,0,0,1,0,0,0,1,1,0
video-7EPybiwBrzjDKn7TZ-frame-004846-jwfBWSAf2trZXGt7E_jpg.rf.0d4fb958ac053ce86ca1bf2eea8e8104.jpg,0,0,1,0,0,0,1,1,0
video-muKWZNM2FxQoStMQh-frame-002649-ZhyjmWRaKR4dXLzhv_jpg.rf.0d971631e81730c2d7f2176bfc39465a.jpg,0,0,1,0,0,0,0,1,0
video-DJYDQTZH7GLCqw3Tx-frame-000210-dZcBtcBtTP8kndCEB_jpg.rf.0d60971e5eb42af67972a947378b5950.jpg,0,0,1,0,0,0,1,0,0
video-5YffDt2oYT6CDzYHk-frame-003719-DyH2H63bo53ZxdqAo_jpg.rf.0d94832da18f03df87d4708730196433.jpg,0,0,1,0,1,0,0,1,0
video-aMQG7QCtJKfnEdue5-frame-003143-s2jaNHWqYS6eii3ch_jpg.rf.0d598e3e69688236bd225f0a3bcf15f3.jpg,0,0,1,0,0,0,1,0,0
video-JFiGa9oAAN2queuLt-frame-000557-jqyHmHq2TB86cbCys_jpg.rf.0d9511648b5c7ba4dde2375c8a8c5e5c.jpg,0,0,1,1,0,0,1,1,0
video-QvjyFt7jvqczmaoNZ-frame-003879-2F6hfY9hPotnDnvAj_jpg.rf.0d8c55f9c067134d3ed4181780937a4b.jpg,0,0,1,0,0,0,0,1,0
video-7EPybiwBrzjDKn7TZ-frame-006635-kDBMLmqYn2Z7Gs65p_jpg.rf.0d9afedf00927870c2f41b449a6dc0a8.jpg,1,0,1,0,1,0,1,1,0
video-5YffDt2oYT6CDzYHk-frame-000448-DftJtwz2LGfmaP5L9_jpg.rf.0db5db17edfe3e35a91423a2d9e114a6.jpg,0,0,1,1,1,0,0,1,0
video-GMDwNs5TdqejpF4vu-frame-002327-7yjke6etLSodS9G6p_jpg.rf.0db14b07f9ce6d1153493df978e424cc.jpg,0,0,1,0,1,0,1,1,0
video-MoCHppHsM4bnncPmS-frame-002190-PWTxj7oQQHg6TQ7fh_jpg.rf.0d61bb71401c459545894784c1d26798.jpg,1,0,1,0,1,0,1,1,0
video-mBQmysFvQtPK36MsF-frame-004372-pddktPm2mvfwHFut9_jpg.rf.0d9d9ed722e2152c42dfc90fe5de7b9c.jpg,1,0,1,0,0,0,1,0,0
video-RzCFkE9yg95GWAnYj-frame-002700-9crLwkgDCfg8sqGsF_jpg.rf.0deaffa1bf14ad844848f5943c4352a6.jpg,0,0,1,0,0,0,0,0,0
video-cprcATqPmWGnc3cgi-frame-000600-tZuvnKjLQKGg8k3s3_jpg.rf.0dfa2d91887ad6fd2d948ce57fcf8c9e.jpg,0,0,1,0,0,0,0,1,1
video-5Lwe5DATf4BxKtaiB-frame-001262-j6PnsippSs9DwPJys_jpg.rf.0ddd9a9a1e8e924989272a46c0ab9572.jpg,1,1,1,0,0,0,1,1,0
video-TTDq3x6HSvFx3YRDH-frame-001004-FgkF9BgRqfqsJQMP6_jpg.rf.0df5b9287a0d1bf8cb48b2088d6c59ee.jpg,0,0,1,0,0,0,1,1,0
video-fZKBh7mRSKHjXS2zk-frame-001200-X3rc6cdZsCJiB4uHp_jpg.rf.0e143564574e13a29c4ae17d719cf56c.jpg,1,0,1,0,0,0,1,0,0
video-5YffDt2oYT6CDzYHk-frame-001117-cg3ci9GcLhH7RuXZY_jpg.rf.0e0d2dbc231235f420e0a664711b10b3.jpg,0,0,1,1,1,0,1,0,0
video-ipHbyAv8iW9kmxTGj-frame-004670-vNSHX8maecfmALReC_jpg.rf.0d81267795cc34e3aa6cb4d822eb5ef4.jpg,0,0,1,0,0,0,0,1,0
video-aiXLPEvp86raemrsp-frame-005936-cnddwa9gprGAvFjMH_jpg.rf.0e31c590bdded1f74ee110bd4812842c.jpg,1,1,1,0,0,0,1,0,0
video-EcPY55txZdfhevYiW-frame-007997-QZzTv8T76DvA9aBWg_jpg.rf.0e267759fc6fbc95d9f444551e0d0455.jpg,0,1,1,0,1,0,1,0,1
video-kZvY7NeD8kA7PiMWX-frame-009695-66h9R4ntNPKRgnqtq_jpg.rf.0e34b1c8fdbfed2bc6438911ded5764b.jpg,1,1,1,0,1,0,1,0,1
video-aMQG7QCtJKfnEdue5-frame-000550-RSFrMBPRqpZAAsv9T_jpg.rf.0e350665297be2266cd1a76f3e3188e6.jpg,0,0,1,0,0,0,1,0,0
video-rYXSHjnEfuLmjE6Z4-frame-000342-xXpsNcjqPorx6kpYA_jpg.rf.0e46cdf929c39161ce4212061a8dee7a.jpg,1,0,1,0,1,0,1,0,0
video-r68Yr9RPWEp5fW2ZF-frame-002666-8YCvahKtrY8eJ4uJa_jpg.rf.0e2543fa8c23a90b049f9b4b9c25ee03.jpg,1,0,1,0,1,0,1,0,0
video-BvDJ7TewksQCjCtyN-frame-000906-3jRJQzHPuvi2hP5yq_jpg.rf.0e5734f71913feb565c70e6f674afd52.jpg,0,0,1,0,1,0,1,1,0
video-DJYDQTZH7GLCqw3Tx-frame-000910-KWcGEEQEJEWTBWb9t_jpg.rf.0e352dcdf7a63ccd3eac9434bdf1e553.jpg,0,0,1,0,0,0,1,0,0
video-AkvAvb4X72cnTbbCw-frame-000140-mjJ7738BzCSyvgLEN_jpg.rf.0e5943e66a76c61fda3131717dc89e3d.jpg,1,0,1,0,1,0,1,1,0
video-AEZAaF8epmvQv5Nfj-frame-010224-ipq9BF7wcCYWCEXmX_jpg.rf.0ec0cc561f5de13a2d36701c5b9806a3.jpg,0,0,1,0,0,0,1,0,0
video-sEs53HkN6oRqWdeQK-frame-003695-ZNMLKrajfHhCMm7FQ_jpg.rf.0e78264523e24adbb216be21c9c4e580.jpg,0,0,1,0,1,1,1,1,0
video-DJYDQTZH7GLCqw3Tx-frame-002524-QuYZFKjYLMHkHHfgh_jpg.rf.0e82d8c69ffcc65eee37b5c9ad4a8f7c.jpg,1,0,1,0,0,0,1,1,0
video-nodg7n2aFzCWFJBnv-frame-000455-eD3kt4TqanG3atbGJ_jpg.rf.0e7186c43adcea032771999b9d2c10a8.jpg,0,0,1,0,0,0,1,0,0
video-5YffDt2oYT6CDzYHk-frame-000997-MR5bPXcr45hGSyWD7_jpg.rf.0e7f36d84ebf7fba4e27682f096639c2.jpg,1,0,1,1,1,0,1,1,0
video-S5osy2ei487eAM2fw-frame-002734-situ9LWvmQ9vtePiy_jpg.rf.0ebe943e3fee6cfe74aafc81be2159bc.jpg,0,0,1,0,0,1,1,0,0
video-jNQtRj6NGycZDEXpe-frame-014861-TunG4FRr75JP6nTFn_jpg.rf.0e6a6fce7ff1961ba31e7a4326852c93.jpg,0,0,1,0,0,0,1,1,0
video-AEZAaF8epmvQv5Nfj-frame-010021-yvjFvcrnwvzXHxThu_jpg.rf.0eca051d00867a2cbdf0339060d6baaf.jpg,1,0,1,0,0,0,1,0,0
video-JFiGa9oAAN2queuLt-frame-004107-Mom7TzFoyiHXY3Nmo_jpg.rf.0eb6293e8ba3463c4e20586f00d4ddd2.jpg,0,1,1,1,0,0,1,0,0
video-86XuF6pPvWfBCqyNt-frame-003612-m5MAQQEDGdDSyNFLe_jpg.rf.0ed5575d2c8cdd2061c8e2e0a204dfd4.jpg,1,0,0,0,1,0,1,0,0
video-r68Yr9RPWEp5fW2ZF-frame-008513-RKk5GHt4MfniBg6KG_jpg.rf.0e8b49b726e93af18afe50170276d9a6.jpg,0,0,1,0,0,0,1,1,0
video-XNM8eHsvxCMJ6peuj-frame-000350-nmaSYKphTdfBKWq6g_jpg.rf.0edafa436df3e4c34950a0258aff98bf.jpg,1,0,1,0,0,1,1,1,0
video-rnZseY2bPiYhWEF2m-frame-000605-8gySv9G6JZE6uMhdG_jpg.rf.0ee48f16a2ce34c1a1534717cf878364.jpg,0,1,1,0,1,0,0,1,0
video-G9ZpKLJEKsMheip7b-frame-002250-YRoTb84LGGTFCaCQy_jpg.rf.0eb7fa622b024b34fa3de32e24626d95.jpg,0,0,1,0,0,0,0,1,0
video-r68Yr9RPWEp5fW2ZF-frame-013618-n2AMdcGwdbF7ByeGd_jpg.rf.0ef51e0ff1eef7577c26a93361ffcff1.jpg,0,0,1,0,1,0,1,1,0
video-EcPY55txZdfhevYiW-frame-007623-GAvTDz6YpNJGazWPQ_jpg.rf.0f081e55349ec536a8c57e0e089f0560.jpg,0,0,1,0,1,1,1,1,0
video-YzRKMLLSDnZLFpPmg-frame-011069-zQySXnYc8H6ZeTDxz_jpg.rf.0f22f101ac57cceb1c1a570b8c02f5f1.jpg,0,0,1,0,0,0,0,1,1
video-JFiGa9oAAN2queuLt-frame-002777-PckBL95eRySxFeQKa_jpg.rf.0f2ffc6f11031cf883c0c6d5c77e3b67.jpg,1,1,1,0,0,0,1,1,0
video-PY5tYnNPcGE9WrZuq-frame-001656-ujPyuavZrW9KJbzu3_jpg.rf.0f4d5c382546dc69c8c73acd7e12a875.jpg,0,0,1,0,0,0,1,0,0
video-zNFzcc9wW8XB4QwTa-frame-008998-SSiNhgcv5xoNMDHPF_jpg.rf.0f131d860c56626ad4d6857a6f0016fe.jpg,0,0,1,0,0,0,0,1,0
video-aMQG7QCtJKfnEdue5-frame-003233-y8o4cJ8QQ6W8Pzznn_jpg.rf.0f6e71d91a075461160da3aef2d2ae19.jpg,0,0,1,0,0,0,1,1,0
video-5Lwe5DATf4BxKtaiB-frame-000977-Hfob3ba5u2BWRA76j_jpg.rf.0f6337cc4cd066b54c61dcf872557d7c.jpg,1,0,1,0,0,0,1,1,0
video-Gfv3kbdf5KAYRtPcz-frame-004251-EozTMa4ZrZSttgx49_jpg.rf.0f2fa9700b88be510c39c0ef0e0155f3.jpg,1,1,1,1,0,0,1,0,0
video-GzdKTLbkG5F7gAunM-frame-004523-WQhi46tEZ45iK3xEF_jpg.rf.0f5c80f2cedefd62fa911810e1c24c25.jpg,0,0,1,0,0,0,0,1,0
video-XNM8eHsvxCMJ6peuj-frame-000320-fKLBZGFBeDNDrgGtR_jpg.rf.0f5e867f640aff491c3c8c11d50090b7.jpg,0,0,1,0,0,1,1,1,0
video-gwN2KCXHzE6CQJ85P-frame-003600-JhozJyBzWztXYevBP_jpg.rf.0f8d5cd2c13368806e381139e0d37c9f.jpg,0,0,1,0,0,0,0,1,0
video-EcPY55txZdfhevYiW-frame-005808-KsuupkJFzNYAyGvhk_jpg.rf.0facf43b0c3edef2fb0584855a2072e3.jpg,0,0,1,0,1,0,1,1,0
video-GXXqNLCqyu72TLx5i-frame-000259-yYm2DyzrJHRGjpRpx_jpg.rf.1005139dd13975b0d06215cf9944bf9c.jpg,0,0,1,0,0,0,1,1,0
video-jNQtRj6NGycZDEXpe-frame-005582-zRQMaT92a7PkLbL6G_jpg.rf.0f0cbcbf7c1bf71707fac18f68c86a8d.jpg,0,0,1,1,0,0,1,1,0
video-PY5tYnNPcGE9WrZuq-frame-001641-eDXkkc3DcgBtKbwQY_jpg.rf.0fcde858032dd45c51cca08c2c32b02f.jpg,0,0,1,0,0,0,1,0,0
video-5Lwe5DATf4BxKtaiB-frame-000148-hHvSQRemHtrLSWFwL_jpg.rf.0f791adc560d9854a8e4706bbe04459a.jpg,1,0,1,0,0,0,1,0,0
video-iTrM5ner4KQGLvpdC-frame-001573-XR6pRD3EGMWSLD2CT_jpg.rf.0fe5945fab45aa122709df2b0c305b2b.jpg,0,0,1,0,1,0,0,1,0
video-ZicHYAPRYGdu82nAa-frame-002724-ATF682z4u9MP8xdRp_jpg.rf.101549f413fcb65f0e964dd09ce93c7c.jpg,1,1,1,0,1,0,1,1,0
video-JFiGa9oAAN2queuLt-frame-007311-gpNhYvsNJdLdpYigz_jpg.rf.0fb8ea0210ca17e858b378fdd2b127b0.jpg,1,0,1,0,1,0,1,1,0
video-r68Yr9RPWEp5fW2ZF-frame-009083-JgF7QXy7EEAnimSSp_jpg.rf.1007cfb936ddd7b0679a6437e8788975.jpg,0,0,1,1,0,0,1,1,0
video-ZicHYAPRYGdu82nAa-frame-003038-kAeHof6ZY6NLhwvym_jpg.rf.104121debf2968ad7b590bcf825ff8cb.jpg,0,1,1,0,1,0,1,1,0
video-5YffDt2oYT6CDzYHk-frame-003829-ezaZnTsganp2WWiZ8_jpg.rf.0f9faf7cbda78bab8aaa373c6c622fdc.jpg,0,0,1,0,1,0,1,1,0
video-ZicHYAPRYGdu82nAa-frame-001972-FPiepAzHz4LDYqWss_jpg.rf.10433956e76cc692d816e8421813a974.jpg,1,0,1,0,1,0,1,0,0
video-DJYDQTZH7GLCqw3Tx-frame-006907-cgGMzSKAtHntw5MAB_jpg.rf.1039151f28909b9330067e0583d9cc9d.jpg,1,0,1,0,0,0,1,1,0
video-5An82wT7iBmfZSwx7-frame-000255-y5ZJ7t6bxyWy4Dbw2_jpg.rf.10467c7dd359894f2820ec21b8af3a4b.jpg,0,0,1,0,1,0,1,1,0
video-BjSfmxLQqCGjg8tya-frame-008081-B794EiN8yQ95p6q8i_jpg.rf.0ee542fcfb6f8e1aaf9204169969896a.jpg,0,1,1,0,0,1,0,1,0
video-7yaY3LisuPdNyfZH9-frame-002861-jkCDoKndCD7HfYE5J_jpg.rf.105cf5355d6ff02a2fcea165bab2e928.jpg,0,0,1,0,1,0,1,1,0
video-r68Yr9RPWEp5fW2ZF-frame-014480-YYTR5jLenMtSTzPsy_jpg.rf.1042ca163525f5c59e691bc241696383.jpg,0,0,1,0,1,0,1,1,0
video-8CvM2BExBLyQFZrK8-frame-003076-y9qMA8YBfe7SapXR4_jpg.rf.103332be90304298ffa589d0143eb1ea.jpg,1,0,1,0,1,0,1,1,1
video-WGCm6DTcSjgg7FgMm-frame-007500-SaX6E8K2PhBG4YMcR_jpg.rf.105510bf0f13e2da5dc556f71fff5565.jpg,0,0,1,0,0,0,0,0,0
video-hmsJCeMCWjX2FhxD8-frame-008484-6EeqzYLPximf6L4DC_jpg.rf.1046a60fd943a0d7929ced7164380206.jpg,0,0,1,0,1,0,1,1,0
video-r68Yr9RPWEp5fW2ZF-frame-017079-2KT8ebWQoZtWQNWkP_jpg.rf.107edf986e1e35dd759325460b13705b.jpg,0,0,1,0,1,0,1,1,0
video-ZicHYAPRYGdu82nAa-frame-001517-dEHezKR7ZL6vBHLtC_jpg.rf.107394dd610c50156c0af4b28df54898.jpg,0,0,1,1,1,0,1,1,0
video-5v4MPkCMGEKPfroxc-frame-000030-c3LmoFFjwrWjxjbYm_jpg.rf.0ff3e5319e089757491cb96571d51b8b.jpg,0,1,1,1,1,0,1,1,0
video-c3Lxro5s7dbYgdGRp-frame-002089-M5Lyo2geGFnZnweKo_jpg.rf.108ff2ab52e03c0aa9aa112a57fe8e07.jpg,0,0,1,0,0,0,1,0,0
video-2rsjnZFyGQGeynfbv-frame-004738-YAmpJL5j62RXxERm7_jpg.rf.10931d8ec599b46a998da3646dbd2339.jpg,0,0,1,0,0,0,1,0,0
video-Gj7ejTPCZZnD5YwPv-frame-001074-wSAT9gcQvZyonyhC4_jpg.rf.1054fb4329b0d6de5865676a356bb97b.jpg,0,0,1,0,0,0,1,1,0
video-BjSfmxLQqCGjg8tya-frame-004818-ttBYiEquhZeR9BWtZ_jpg.rf.1092dd4db126aab99076c3c54fe570cd.jpg,0,0,1,0,0,0,1,1,0
video-2Af3dwvs6YPfwSSf6-frame-009600-dfPNHbnKNBdzyFxjH_jpg.rf.106593b8397a09800948a0948d1fbd1c.jpg,0,0,1,0,0,0,0,1,0
video-AkvAvb4X72cnTbbCw-frame-000350-cbhBz3xiMMxy2PiPk_jpg.rf.10a0a56822254241bbadef9242db1e9f.jpg,0,0,1,0,1,0,1,1,0
video-GMDwNs5TdqejpF4vu-frame-002267-ygTbB7opTGstN2oYy_jpg.rf.10c400c9dd080d8558a2cec8fa4fe21c.jpg,0,0,1,0,1,0,1,1,0
video-evnmmkhaqckdxWa9P-frame-001951-6tvjDJdAkNH9fB64A_jpg.rf.10c56844a427051ffca5500fc5befbb4.jpg,0,0,1,1,1,0,0,1,0
video-ooW42bEtJrR4gufJr-frame-003600-QKLQBowarfuZ5WsMv_jpg.rf.10dcbcd4aedec486da549e3f210351a1.jpg,0,0,1,0,1,0,0,1,0
video-S5osy2ei487eAM2fw-frame-002587-NaDGFfJFKFL7shSqy_jpg.rf.10499ba5bb9fff40e18ccda2b4d793ec.jpg,0,1,1,0,0,1,1,0,0
video-AEZAaF8epmvQv5Nfj-frame-008840-7xku9unFr39B8vATa_jpg.rf.10858aba177a11b04e1bebfb654b3042.jpg,0,0,1,0,0,0,1,0,0
video-GzdKTLbkG5F7gAunM-frame-002639-RG265QpSb5zzSe9g4_jpg.rf.10a451005a67f3d1eeae02e3e20810a6.jpg,0,0,1,0,0,0,0,1,0
video-r68Yr9RPWEp5fW2ZF-frame-000373-GqgfaSxZYNcwdQB9M_jpg.rf.10e01a582144e84ed1349c522df0ac58.jpg,0,0,1,0,1,0,1,1,0
video-86XuF6pPvWfBCqyNt-frame-003043-qmxKEWMMDKrsjkz3z_jpg.rf.10c79441dcb72e9a5261b243396894a5.jpg,0,0,1,0,1,0,1,1,1
video-r68Yr9RPWEp5fW2ZF-frame-000333-X6K5iopqbmjKEsSqN_jpg.rf.10fd62a0fe21c683a403b08f36fa3f74.jpg,0,0,1,1,1,0,1,1,0
video-BjSfmxLQqCGjg8tya-frame-000255-GY3QLxHP8uBnHkfHb_jpg.rf.114953ea9e67954145341f02c8b238a4.jpg,1,0,1,0,0,0,1,1,0
video-TxNGEKRyWMf6Q7hS2-frame-001066-2befwtczQ5p9ycL8f_jpg.rf.11116f1f0aca4291b79ae155d476032b.jpg,0,1,1,0,0,0,0,0,0
video-XqruwSRkto63xLX3v-frame-004966-WxdFTiZ3JDQhYCWtm_jpg.rf.11302b31953e0f18da3f8f8cf08ac081.jpg,1,0,0,0,0,0,1,1,0
video-JFiGa9oAAN2queuLt-frame-013502-Eb7kwp3c3d7oEZvnb_jpg.rf.112262c68746f6285950b6e3edbf7088.jpg,0,0,1,0,1,0,0,1,0
video-2Af3dwvs6YPfwSSf6-frame-006000-anHHQbXab2TWZG2ne_jpg.rf.114c25b16e42b3841885f9b8edf80a30.jpg,0,0,1,0,0,0,0,1,1
video-KTtJnXH7CcPgLeF2G-frame-004048-qhRbda6HbCzWaAD3t_jpg.rf.114d839342486453318fd96f6974dd37.jpg,0,0,1,0,1,0,1,1,0
video-2MbnnGTv27EBLGqiQ-frame-001050-4tYw9mXhCnt3eqBZH_jpg.rf.115e911ddb5742c1fb23cd3d750f976b.jpg,0,0,1,0,0,0,0,0,0
video-5HPT2goT53ceRpvRm-frame-000675-K3879b72W9iBctC3M_jpg.rf.11796db23675132e1575a34890324ec3.jpg,1,0,0,0,0,0,1,0,0
video-vbhpsNpMoX2Qbhw2A-frame-001445-rsd3mekPauDdvCe39_jpg.rf.10fcc3cdc3d9b7f8fc45665a8fa166cd.jpg,0,0,1,0,1,0,0,1,0
video-ZicHYAPRYGdu82nAa-frame-002664-ehMfib6xBAQGoYn93_jpg.rf.114f4614da2d62fb46766a7b3ec7c880.jpg,1,0,1,0,1,0,1,1,0
video-iTrM5ner4KQGLvpdC-frame-003367-KHCij4J4YxHv5d4vk_jpg.rf.1174ccd307cc1c17eba789edaedae26f.jpg,0,0,1,0,0,0,1,0,0
video-7EPybiwBrzjDKn7TZ-frame-004103-H29bpHun7tWiJkdyv_jpg.rf.11908e932971dcd7974a30e0ed4650da.jpg,0,0,1,0,0,0,1,0,1
video-5HPT2goT53ceRpvRm-frame-000930-evviTx4CgF9SJqefZ_jpg.rf.119e4abefaff24b94a394129fc64ff7d.jpg,1,0,1,0,0,0,1,0,0
video-S5osy2ei487eAM2fw-frame-003527-wTsdnShKsqSzGxNLo_jpg.rf.11a3aad3b17eeb9c0c5f33c3f2d6f55c.jpg,0,0,1,0,1,1,1,1,1
video-a9TgkAvMGtM2gXpdj-frame-003413-JNuRZJYJFX5SseC4J_jpg.rf.11b2789cab0c308e5287f6090ba4025a.jpg,0,1,1,0,1,1,1,1,1
video-GXXqNLCqyu72TLx5i-frame-000852-K8f7uNA2ZWSpagmm5_jpg.rf.11a3de51577830f91886248bdf12f92c.jpg,0,0,1,0,0,0,1,0,0
video-AEZAaF8epmvQv5Nfj-frame-013710-823BhyTYn2FQNX9m9_jpg.rf.11a20ea0c5da7ac84358ba0196949d0a.jpg,1,0,1,0,0,0,1,0,0
video-6WgZhpFdCJP3a2cWi-frame-012800-mtqpbEnBTqbJQEZLH_jpg.rf.118a61623e0ff924f74962abc5b5543f.jpg,0,1,1,0,1,0,1,0,0
video-6WgZhpFdCJP3a2cWi-frame-003196-DT5HShPiHTWPADenN_jpg.rf.11c0a1d1b49ca2544f2359775a4aa912.jpg,0,0,0,0,1,0,0,1,0
video-67ZzTP4GCNj69eNPs-frame-001554-CfCKrXQXjMPEsKg7W_jpg.rf.11bb2ee99760887bbf1fce345d93cd47.jpg,1,0,1,1,1,0,1,1,0
video-BjSfmxLQqCGjg8tya-frame-000315-FAqSRW4WhHKWgp6S4_jpg.rf.11b616471d2f0f19854e1e5f4e3fc399.jpg,0,1,1,0,1,0,0,1,0
video-JFiGa9oAAN2queuLt-frame-003007-mNYqkupeyepr6ZcWD_jpg.rf.11d37d4b3bc0c80290f36d69635d7b90.jpg,0,1,1,0,0,0,1,0,0
video-vbhpsNpMoX2Qbhw2A-frame-006034-LBwEdm4B4uPSPeFBg_jpg.rf.12018fc4ce6776b796cd4c98e3056303.jpg,0,0,1,0,0,0,0,1,0
video-DJYDQTZH7GLCqw3Tx-frame-008550-rSHoduCMWBeLafgi8_jpg.rf.11daee1d5a03f7822d6ecb32fb061471.jpg,1,0,1,0,0,0,1,1,0
video-ZicHYAPRYGdu82nAa-frame-002978-3oX9SpX7XZCrTteTn_jpg.rf.11c9f5b7f047b62dbcc9fe8d6b008555.jpg,1,1,1,0,1,0,1,1,0
video-7EPybiwBrzjDKn7TZ-frame-001647-NBewyjF9DLFbHyNti_jpg.rf.11d9559e40bc96a0d99fc6b13154b0c4.jpg,0,0,1,0,0,0,1,1,0
video-AEZAaF8epmvQv5Nfj-frame-014921-Pk8NKGbbyTvkeeGcM_jpg.rf.11ee57a3d0102bf0054bf11b21d569a1.jpg,0,0,1,0,0,0,1,1,0
video-j884P5ZjKNEm9pq56-frame-001650-uA8yR9dTMtszc6rhC_jpg.rf.11fe2649884c536f36a1688f222d83b6.jpg,0,0,1,0,0,0,0,1,0
video-7yaY3LisuPdNyfZH9-frame-006160-kCZJXAW8oa8TRZkpP_jpg.rf.11e0c2b19c60cf89add1a514dfc012d9.jpg,0,0,1,0,1,0,1,1,0
video-ZicHYAPRYGdu82nAa-frame-001867-4Xxf8zLwfwEhpW56a_jpg.rf.121e1f8e2582a475a5069e5216fc0ded.jpg,0,0,1,0,1,0,1,1,0
video-SyzNY82LYZrhkPH7x-frame-004325-opk3BY9iKarkHeR4X_jpg.rf.122fafc027194970bc86381ffc21e12f.jpg,0,0,1,0,0,0,0,0,0
video-nodg7n2aFzCWFJBnv-frame-002887-hTkTj4g9wGy4tfgGv_jpg.rf.122bb2f0bf157becf77f202829460946.jpg,1,0,1,0,1,0,1,1,0
video-AEZAaF8epmvQv5Nfj-frame-016011-PtTd2CegeKi4q4B2b_jpg.rf.1263ff40a64ef2f0f9d8728fdf3897b8.jpg,1,0,1,0,0,0,1,1,0
video-5An82wT7iBmfZSwx7-frame-001303-EY4a9CWDzhwS8sniD_jpg.rf.11df6e762edf86a8f67168dd7b8ba686.jpg,0,0,1,0,1,0,1,1,0
video-r68Yr9RPWEp5fW2ZF-frame-011103-PvrQ268SGQnTskjHX_jpg.rf.129671de3b0239271183e12f213bf196.jpg,0,0,1,0,1,0,1,1,0
video-XNM8eHsvxCMJ6peuj-frame-001820-zFs26Bk6AiG7Yy6ZP_jpg.rf.127c5f455795ec299ce2df95ee7c4593.jpg,0,0,1,0,1,1,1,0,1
video-KTtJnXH7CcPgLeF2G-frame-004093-xwgHeaQAWEBgniZKe_jpg.rf.12c000433608d469f87ffa664843c496.jpg,1,0,1,0,0,0,1,0,0
video-kDDWXrnLSoSdHCZ7S-frame-000630-uPc9RigTwLgjHkPvu_jpg.rf.12a2cfffffd6e49c527109fe85d675e0.jpg,0,0,1,1,1,0,1,1,0
video-r68Yr9RPWEp5fW2ZF-frame-013798-MFtHcaPaBks2PA9bu_jpg.rf.12e0ca365e5a241c2e9934842fa7e8c2.jpg,1,0,1,0,1,0,1,1,0
video-nodg7n2aFzCWFJBnv-frame-002290-37oEy3C6CMv4NbYgr_jpg.rf.12d2319a73b7ab78ad3aa82865f3edb9.jpg,1,0,0,1,0,0,1,1,0
video-KTtJnXH7CcPgLeF2G-frame-002139-c4GiEjRXakmWc48qD_jpg.rf.12977b3e5a76d0084d4e8319ab3e125c.jpg,1,0,1,0,0,0,1,0,0
video-r68Yr9RPWEp5fW2ZF-frame-011023-D29xbfKYG6bKS8Jcm_jpg.rf.12acac81c25d06f8ebaff5199aaad888.jpg,0,0,1,0,1,0,1,1,0
video-49ZHZYTfjWxQXmrQs-frame-006750-LMBoJGkB88LcvXFyS_jpg.rf.12d50b391d761e622204ed0e3cd3e8fa.jpg,0,0,0,0,0,0,0,1,0
video-7EPybiwBrzjDKn7TZ-frame-003112-jTNsrbuJz4BP6N6oM_jpg.rf.12b2eebd8b2d916ec8a9a6ea37d52dbd.jpg,0,0,1,0,0,1,1,1,0
video-G9ZpKLJEKsMheip7b-frame-007800-73BLSZBujFT4NhSdQ_jpg.rf.12d4bbbc013e510e3f932ef58a9a3212.jpg,0,0,1,0,0,0,0,1,0
video-JFiGa9oAAN2queuLt-frame-005587-MckMbir5uPgx6SCxe_jpg.rf.12c52cbb5c1165609695189263f7265b.jpg,1,1,1,0,0,0,1,0,0
video-wGdqQimawNX3RYv76-frame-006844-Naepf7YDeLsjsm9fr_jpg.rf.131a7efedf51e3fe0d857ca9645df70b.jpg,0,0,1,0,0,0,1,1,0
video-S5osy2ei487eAM2fw-frame-003459-akZcFSG2hiispSBy6_jpg.rf.12e9cafe12fea0832f342abbb9c12d68.jpg,0,1,1,0,1,1,1,1,0
video-7EPybiwBrzjDKn7TZ-frame-005553-BwLc8WPcKmC8WFRyC_jpg.rf.133bed429e8ce7afa05128df1789c2d3.jpg,0,0,1,0,0,0,0,0,0
video-GzdKTLbkG5F7gAunM-frame-000359-FZJ62yuucEZeTisfB_jpg.rf.12e6a7d8a8af06c90e049a184d48ece8.jpg,0,1,1,0,0,1,1,1,0
video-jNQtRj6NGycZDEXpe-frame-000443-kxJN9K3GBYy5bXoiP_jpg.rf.131887f23465d838cb28fc02e671cf3f.jpg,1,0,1,1,1,0,1,1,0
video-67ZzTP4GCNj69eNPs-frame-003386-5THftX649vZrToGja_jpg.rf.13113ca001863d64d4443c813b8ae54f.jpg,0,0,1,0,1,0,1,1,0
video-5YffDt2oYT6CDzYHk-frame-001874-DzyTv2ws9jyAnCuqz_jpg.rf.1343fecef95cc3e7600a8673579b6759.jpg,1,0,1,1,1,0,1,1,0
video-4E8nAe7bkHkSZfpjq-frame-005100-3jSefh3dNciRaedhE_jpg.rf.1364dea768e4a897cd4a67b8df8d0923.jpg,0,0,0,0,0,0,1,1,0
video-XqruwSRkto63xLX3v-frame-004981-wLrGhfN3u5PYESfkQ_jpg.rf.135b58a1f09c4e52083c7050442985fe.jpg,1,0,0,0,0,0,1,0,0
video-AEZAaF8epmvQv5Nfj-frame-015071-6HZh2ENAPW6mJDJSf_jpg.rf.1347f89c8a755722f1dff34ba686bf4e.jpg,1,0,1,0,0,0,1,0,0
video-rnZseY2bPiYhWEF2m-frame-005476-pkFrW6x3KNFchMSnF_jpg.rf.137ebeb44411feaf8ea496ed5975289b.jpg,0,0,1,0,1,0,1,1,0
video-LRYpoNWeYLm3tZZst-frame-000000-iCnGPcek3j2CsEFoD_jpg.rf.136e1d026d911e40d720dba4c3125d0d.jpg,0,0,1,0,0,0,0,0,0
video-5Lwe5DATf4BxKtaiB-frame-000403-Den25LYmRZjEjmCj7_jpg.rf.13458e48f5f9f3eec9b8d43ef51d93b7.jpg,1,0,1,0,0,0,1,1,0
video-kZvY7NeD8kA7PiMWX-frame-003047-n4efYishQyTM2gXnK_jpg.rf.13732e096faa5bbe20b05bde971b6bcb.jpg,0,1,1,1,1,1,1,1,1
video-TTDq3x6HSvFx3YRDH-frame-005669-AL57XygR4DoTM8QvG_jpg.rf.138b2e7a9b72f26b90891be4cdb05fcc.jpg,0,0,1,0,0,0,1,0,0
video-jNQtRj6NGycZDEXpe-frame-012695-27RZjNZGo8jvJE6a2_jpg.rf.13875f33874593c6a53893407620dad6.jpg,0,0,1,0,0,0,1,1,0
video-FWQff8BQpTRSt9hfA-frame-000450-funKotWcPcjYi67k3_jpg.rf.138c829b24b990ee84e93e3939d8c48c.jpg,1,0,1,0,0,0,1,1,0
video-4zQqsnWRwK7SFPpBy-frame-006804-DNmrn6tokMXNivDyZ_jpg.rf.131c987a035ed5655d25a9a6c1798fb4.jpg,0,0,1,0,0,0,0,1,0
video-7EPybiwBrzjDKn7TZ-frame-001722-d2DK8pRNCkpwQD8Cf_jpg.rf.13995fdd7029fa7013a714241208dc44.jpg,0,0,0,0,0,0,1,0,0
video-ZicHYAPRYGdu82nAa-frame-002319-LYCHQsPwT8nG3TNqe_jpg.rf.13aebb7c0a1c18aead29749abe33a517.jpg,1,0,1,0,1,0,1,1,0
video-6WgZhpFdCJP3a2cWi-frame-008400-cXT92i6wEGvwhNQEa_jpg.rf.1377819ab302c610fc8758783649c158.jpg,0,1,1,0,1,0,1,1,0
video-JFiGa9oAAN2queuLt-frame-007601-3N9jzEAoqYXYAs64E_jpg.rf.131bc230e5a35adb59570990243ef016.jpg,1,0,1,0,1,0,1,1,0
video-JFiGa9oAAN2queuLt-frame-005197-Qqof8mzW3h6gmefdc_jpg.rf.139d84281cc6e6cc08556651cd28c448.jpg,0,1,1,0,0,0,1,0,0
video-r68Yr9RPWEp5fW2ZF-frame-014340-6scuAKdTwSKhkzHaY_jpg.rf.13c1a3818fa673b415bd4f43c44a5bb2.jpg,0,0,1,0,0,0,1,0,0
video-DJYDQTZH7GLCqw3Tx-frame-005016-batZGCgGRn3HAr3xT_jpg.rf.14017f33aca46549ad3e9cb19ed94d07.jpg,0,0,0,0,0,0,1,1,0
video-AEZAaF8epmvQv5Nfj-frame-013780-6JJeZEG3EdRkjAX8K_jpg.rf.135f0432a156317db2ebf10a47f81ee6.jpg,1,0,1,0,0,0,1,0,0
video-WiuWWrsHrJsDcfFzg-frame-012023-JREW37HbpL6NzRWte_jpg.rf.1350cb7db8378dbd94f3748f136b71c9.jpg,0,0,1,0,0,0,1,1,1
video-FpPLvkRLgQbgG7A7n-frame-002100-P4qytzXXeBBLHF6ry_jpg.rf.13a2f0c102abf8da6f04f199174d4974.jpg,0,0,1,0,1,0,0,1,0
video-AEZAaF8epmvQv5Nfj-frame-017152-NEQCF6brnRExZGPab_jpg.rf.13d4be9bc706aed97bb6884e27de0f53.jpg,0,0,1,0,0,0,1,0,0
video-DJYDQTZH7GLCqw3Tx-frame-006687-GJKFcFmRrYLyjHEYS_jpg.rf.1401f10ca5b1bdd67e11b64c63db98b2.jpg,1,0,1,0,0,0,1,0,0
video-GXXqNLCqyu72TLx5i-frame-003629-ZRiAcJ69KaXEefMvq_jpg.rf.141c627b8300f509bfeb7b5f912f8523.jpg,0,0,1,0,1,0,1,1,0
video-5YuhMWusfM3ZMtvDx-frame-004008-8MdwhNECuXPQi7bvE_jpg.rf.1437702699af1f0a824084ddd82aca6e.jpg,1,1,1,0,0,0,1,1,0
video-3eAD4KjAqae5iq48L-frame-010179-Eaq7qgkWnJbcGPiyh_jpg.rf.14273a368fbaacfb0f84b2f3b7f2b858.jpg,0,1,1,0,0,1,1,1,0
video-7EPybiwBrzjDKn7TZ-frame-004981-2HcYpGdBKsWTDNobs_jpg.rf.1450f95aec8239a696da02519bf249fc.jpg,0,0,1,0,0,0,1,0,0
video-kDDWXrnLSoSdHCZ7S-frame-002154-oAZavGTF3jTzzF9bh_jpg.rf.13f279f7f0ea937af7db3c5c6dc008ae.jpg,0,0,0,0,1,0,1,1,0
video-vbhpsNpMoX2Qbhw2A-frame-001315-YXEAqtLbLQzwckdi5_jpg.rf.1447f225d54554b3197551e8c1ff5c3b.jpg,0,0,1,0,1,0,1,0,0
video-o68zKob2nb8QMktLF-frame-000571-ys8bifiFMN7qvD92R_jpg.rf.141f4e4b3730f21652f8f6c72899f45c.jpg,0,0,1,1,0,0,0,0,0
video-kZvY7NeD8kA7PiMWX-frame-008033-6nZFKSsQLDikt38pt_jpg.rf.13c36cd9349014d6b76a4debb768e47a.jpg,0,1,1,0,0,0,1,0,0
video-5Lwe5DATf4BxKtaiB-frame-001037-BujotHQFCTWcxvpak_jpg.rf.141aca77564357715af376d50c8ee13a.jpg,1,0,1,0,0,0,1,1,0
video-r68Yr9RPWEp5fW2ZF-frame-015555-iSuaRR8DuxAxopejs_jpg.rf.141ee1f4914976873cd30096160583c3.jpg,1,0,1,1,1,0,1,0,0
video-5Lwe5DATf4BxKtaiB-frame-000343-vTi5b43p7TkcmEtwe_jpg.rf.147a93d891891c571654a06290b6b176.jpg,1,0,1,0,0,0,1,1,0
video-iTrM5ner4KQGLvpdC-frame-003877-NNecznDbXGXMizPw5_jpg.rf.14a421c4ec3bcc54ef775cc4650b545e.jpg,0,0,1,1,0,0,1,0,0
video-TTDq3x6HSvFx3YRDH-frame-000235-FhFdQLh2dQMdCWdtW_jpg.rf.14a645d5e35041a443f4d8fd392f1007.jpg,0,0,1,0,0,0,1,1,1
video-7yaY3LisuPdNyfZH9-frame-003445-DurttH7koLrW7fh8r_jpg.rf.14a463c66324d4726fdfbe4a019d2da6.jpg,1,0,1,0,0,0,0,1,0
video-ooW42bEtJrR4gufJr-frame-001950-svhci3DhPnAKb99JR_jpg.rf.148e8755c8a6ca00704c8014bdd18605.jpg,0,0,1,1,0,0,0,0,0
video-r68Yr9RPWEp5fW2ZF-frame-001646-QDfGN8sYH85TutNXC_jpg.rf.14b326fbaef2915d970f4ae25f43f4a5.jpg,1,0,1,1,1,0,1,1,0
video-JFiGa9oAAN2queuLt-frame-001444-otcX5BmbY3B2svAeo_jpg.rf.14bad0ef9f56f1f3b6a67ff2b87ae87f.jpg,1,1,1,1,1,0,1,1,0
video-8CvM2BExBLyQFZrK8-frame-000359-xDcHC9huiueSppbQT_jpg.rf.14ce8bc2bff01b6a4644dc945e61ff14.jpg,0,0,1,0,0,0,1,1,0
video-r68Yr9RPWEp5fW2ZF-frame-002716-mRFwzPKRJxAtHGyA6_jpg.rf.14debbc5c54498eade3b780ecde57c89.jpg,1,0,1,0,1,0,1,0,0
video-sEs53HkN6oRqWdeQK-frame-003022-nkWaJmRaLGBfu2jvb_jpg.rf.14ae343fcb440b0e1430ccfdf7d9d584.jpg,0,0,1,0,1,0,1,1,0
video-r68Yr9RPWEp5fW2ZF-frame-001806-XMFYW6wk2f7kxJfDC_jpg.rf.14ba8a90e806818c3695b5b9852f4ffc.jpg,1,0,1,1,1,0,1,0,0
video-nCxsLGvXK8o25AmXW-frame-008016-7QnP3AJBBn7pNfMwr_jpg.rf.14d174329964770a975bfb9dce2f2d05.jpg,0,0,1,0,0,0,0,1,0
video-ZicHYAPRYGdu82nAa-frame-001807-pDcKgn4JShz5hGKF3_jpg.rf.14b9ac19506296c3585252fb90024723.jpg,1,0,1,0,1,0,1,1,0
video-iFWh9r9TJWmTzTrha-frame-000589-Ysmrd9MLmgvh77XZf_jpg.rf.14add097fe4d824de2348e6f1c2bdea0.jpg,0,0,1,0,0,0,1,1,0
video-zNFzcc9wW8XB4QwTa-frame-008378-FgSmFRoeFiK7Pc7q4_jpg.rf.14cbc2020eb8e6e483e2d6bff90d8bc6.jpg,0,0,1,0,1,0,1,1,0
video-vvYEi6EdCrYXeHwpD-frame-010404-bzqW4jxQp9QefsS9w_jpg.rf.147a0ba5f68f74bd50b2afa97541cf0d.jpg,0,0,1,0,0,0,0,1,1
video-5An82wT7iBmfZSwx7-frame-001213-TcwHJvDKxznttaWe3_jpg.rf.14d9e980e7d48a764beecaaa20ca47f7.jpg,0,0,1,1,1,0,1,1,0
video-5YffDt2oYT6CDzYHk-frame-001654-4PGoR8K2rh9tTMPnC_jpg.rf.14eda6fb18165d7e6a3736773d5569b3.jpg,1,0,1,0,1,0,1,1,0
video-AkvAvb4X72cnTbbCw-frame-000932-7zn6RW4xYbFFFoZX3_jpg.rf.150449c02fb669d233886d94b9ebc481.jpg,0,0,1,0,1,0,1,1,0
video-DJYDQTZH7GLCqw3Tx-frame-000670-B8cKaNsQCbZvDkg2v_jpg.rf.14ea98ced57c3828104b7ec0a2283437.jpg,1,0,1,0,0,0,1,1,0
video-MJMd3yspHSkfwpDSD-frame-004800-JJ3LjT4ZTK9wHoezD_jpg.rf.1537b2dbc0de62a2419a3eb2b3e7a0ee.jpg,0,0,0,0,0,0,0,1,0
video-yNoh5QQAPbR9Afm4i-frame-002509-Yadq6mHAEMJXozwXY_jpg.rf.150aa6d9f256be778a32c0adea9caf41.jpg,0,1,1,0,1,1,1,0,0
video-XqruwSRkto63xLX3v-frame-008073-CfKssvLavjan5zkYL_jpg.rf.15272e68f4d880ac4bf283dae33b05a9.jpg,0,0,0,0,0,0,1,1,0
video-AEZAaF8epmvQv5Nfj-frame-006600-H4Cio6FgimaesBo2E_jpg.rf.14a08231c7cbb1ab38a98ce780284391.jpg,1,0,1,0,0,0,1,1,0
video-aktbgSQhAxvb8arnx-frame-000450-8AAixMpWbHfJR4DRJ_jpg.rf.153b68fc7f429cfda80a624ec44a4ba9.jpg,0,0,1,0,0,0,1,1,0
video-jNQtRj6NGycZDEXpe-frame-007787-cXztHeGkduT9FJpPT_jpg.rf.14f625a03c0b33271db413627a17bffa.jpg,0,0,1,0,1,0,1,1,0
video-vbhpsNpMoX2Qbhw2A-frame-000000-WJeQekQrbYEBsfWPG_jpg.rf.155322c3aa856c44526c30e7bc98e391.jpg,0,0,1,0,0,0,1,0,0
video-5Lwe5DATf4BxKtaiB-frame-000992-qtjCTf33oDTfaZhsC_jpg.rf.1577532e0e60300cf7c4483d4b8d251a.jpg,1,0,1,0,0,0,1,1,0
video-iTrM5ner4KQGLvpdC-frame-001588-R85vbcobKnJXshrnN_jpg.rf.14f51749e13497d66d229434893c7913.jpg,0,0,1,0,1,0,0,1,0
video-SyzNY82LYZrhkPH7x-frame-000246-N2rmXmhHfxzQZNvTY_jpg.rf.15600ab6589dd24cb7af2ab50c3fdca8.jpg,0,0,1,0,1,0,1,1,0
video-AEZAaF8epmvQv5Nfj-frame-010956-M6tZZGYdNG7dpffFi_jpg.rf.14fbac5bae24aba6a2cc5345b8e90d15.jpg,0,0,1,0,0,0,1,1,0
video-AEZAaF8epmvQv5Nfj-frame-015521-HZe3pmgZxbzyidRmx_jpg.rf.156871838ca2f213db39b563855ff046.jpg,0,0,1,0,0,0,1,0,0
video-XNM8eHsvxCMJ6peuj-frame-001400-nZuy9X3GkSZCrcvDL_jpg.rf.15766376b3dbe71d0d56efc18053b7ab.jpg,1,0,1,0,1,1,1,1,0
video-S5osy2ei487eAM2fw-frame-003894-z24iK2fbvND69AiXw_jpg.rf.1578c92d47118486313187225335a2e1.jpg,0,1,1,0,1,0,1,1,0
video-FWQff8BQpTRSt9hfA-frame-004500-2zAbc5iMuT2GNGhH7_jpg.rf.1585127046a59f26294896a19d0c9aa8.jpg,0,0,1,0,0,0,0,1,0
video-cprcATqPmWGnc3cgi-frame-002955-i8tTtmBQYSm4y9Rw2_jpg.rf.152caa421abe780c15a45ff89e006646.jpg,0,1,1,0,0,0,1,1,0
video-ELruYFQjkqpZnir29-frame-002606-8BEhmSH5u488ZNuRb_jpg.rf.15859140e76094a329c3a62ef6ebb876.jpg,0,0,1,0,0,0,1,1,0
video-Gfv3kbdf5KAYRtPcz-frame-002891-6dNtBBtSKT6nzyPsy_jpg.rf.15a72063fb971e71b07f161a6b8a3219.jpg,0,0,1,1,0,0,1,1,0
video-r68Yr9RPWEp5fW2ZF-frame-002486-RBRB4r4iwYFrfvXHz_jpg.rf.15360fb287f8dfd002d6430861cc7afc.jpg,1,0,1,0,1,0,1,1,0
video-JFiGa9oAAN2queuLt-frame-002707-RRtykepWddsFejsSi_jpg.rf.154ea0524528a66152edb27b67e8d859.jpg,1,1,1,1,0,0,1,1,0
video-yBdrow6zFe5E8uEwn-frame-006020-cyLajDhMFnWdozS4K_jpg.rf.158f7ab31bdc3bb147169049c949751a.jpg,1,1,1,0,0,1,1,1,0
video-rnZseY2bPiYhWEF2m-frame-006723-WQrrdfJur25BfWcbX_jpg.rf.153f9d39364b3709a4efc342813d6773.jpg,0,0,1,0,1,1,1,1,1
video-yNoh5QQAPbR9Afm4i-frame-000941-RipJZ9poA9JSCbC5v_jpg.rf.15ba02e490b1c8dc6dc8804231c5fef8.jpg,0,1,1,0,0,1,1,1,0
video-Gfv3kbdf5KAYRtPcz-frame-003585-RmNtxpRqDtTfvoMZo_jpg.rf.15bc8a038699ef15f2ede97c4900fbd1.jpg,1,0,1,1,0,0,1,1,1
video-xEYBrQ5tarcDbiw9p-frame-004399-TgoXtHyg8xzPzCDm3_jpg.rf.15ef1156023305966b66609ac4521daf.jpg,0,0,1,0,0,0,1,1,0
video-jNQtRj6NGycZDEXpe-frame-014816-TSNYFYWuW2avD7NbH_jpg.rf.15279a7fff11203ffb59542c666e1e6e.jpg,0,0,1,0,0,0,1,1,0
video-8CvM2BExBLyQFZrK8-frame-001276-qgxJbsybuhY7v9soT_jpg.rf.15aa690c8e266622fa98d5f7da233185.jpg,0,0,1,0,0,0,1,1,0
video-Jbg7v6iuvSJavrMsD-frame-012150-3eaBqcBdNta9973rX_jpg.rf.15cd18428520b48f740014a4fa3eed95.jpg,0,0,0,0,0,0,0,1,0
video-rYXSHjnEfuLmjE6Z4-frame-000717-dZcSzC8JmMkpspdrj_jpg.rf.15eab7234242ccdeaa08eb25532754c8.jpg,1,0,1,0,1,0,1,0,0
video-bk2x9u9JivsWRS9Nk-frame-001962-ofrjp9Sfar5evsvLF_jpg.rf.15eff24fac51664bd17c12efbbc5136d.jpg,0,0,1,0,1,0,0,1,0
video-WiuWWrsHrJsDcfFzg-frame-001699-x9H3Eevzr9Rm68No4_jpg.rf.15f83cbf38892a6b7d06221d7e1e7cc3.jpg,0,0,1,0,1,0,1,0,0
video-Gj7ejTPCZZnD5YwPv-frame-000420-97uuH7JxtbC5wQA3P_jpg.rf.1625d32c40123d733e57286c582b47ab.jpg,0,1,1,0,0,0,0,1,0
video-rnZseY2bPiYhWEF2m-frame-000310-SBZZW4oQ68x4Cj8eS_jpg.rf.15bc2fb0bf0b15f7674bb1ba4d618c34.jpg,0,1,1,0,0,0,1,1,0
video-iFWh9r9TJWmTzTrha-frame-000369-HQEQbo7GwyCFxRv66_jpg.rf.160b97e9e1f9e836f6d95343677da780.jpg,0,0,1,0,0,0,1,1,0
video-6WgZhpFdCJP3a2cWi-frame-003600-ovL3cDENxXPey3cub_jpg.rf.160a61c6e940d1ddf11a82bfe2418cf5.jpg,0,0,1,0,1,0,1,1,0
video-mBQmysFvQtPK36MsF-frame-001301-LsHMfgSr5PKnih4xY_jpg.rf.160117d4ff484270af5f4827ffda1554.jpg,0,0,1,0,0,0,1,0,0
video-5An82wT7iBmfZSwx7-frame-001273-x4v3xng26iywSha82_jpg.rf.163a3a1c494308069cfcac3d59b0691b.jpg,0,0,1,1,1,0,1,1,0
video-nodg7n2aFzCWFJBnv-frame-001465-YPem35jxRHnZM6hMg_jpg.rf.161ca4405bcb676f1c482f4a060b004d.jpg,1,0,1,0,1,0,1,1,0
video-dgYrcYcm5G75w2GJc-frame-002321-TMLeNXZvi7b8u8Qmq_jpg.rf.1666147395f7c4fa5b5c247b905834b8.jpg,0,0,1,0,0,0,0,1,0
video-r68Yr9RPWEp5fW2ZF-frame-009123-J4aBTzofehoLiE8SQ_jpg.rf.1637ef1eefe47abd7e246e366e1d1ab4.jpg,0,0,1,1,0,0,1,1,0
video-Gfv3kbdf5KAYRtPcz-frame-004061-8DztqPHgmkfsAmKEN_jpg.rf.1637697b346af9df3d4430e771695229.jpg,1,0,1,0,0,0,1,1,0
video-kZvY7NeD8kA7PiMWX-frame-009141-erboyxLeGSAnoSe54_jpg.rf.165906b67647f7c80b3cafe62153da93.jpg,0,1,1,0,0,0,1,0,0
video-fZKBh7mRSKHjXS2zk-frame-000750-nqh3f4ewabZBFuej2_jpg.rf.165cb6ac4ae7e04ce327e33b44523ba8.jpg,0,0,1,0,1,0,1,0,1
video-r68Yr9RPWEp5fW2ZF-frame-013558-BFACZ6r7eJWDdRctp_jpg.rf.16357109d3d5927620645508794a8f9b.jpg,0,0,1,0,1,0,1,1,0
video-nodg7n2aFzCWFJBnv-frame-000335-Z6ZpNr2o8tDKnraRj_jpg.rf.166dc19c2a19b0a64967bb491ba76af5.jpg,0,0,1,0,0,0,1,0,0
video-r68Yr9RPWEp5fW2ZF-frame-003516-YwGJg3osuFPjbtseX_jpg.rf.1694c97325a17373ab41705cbe2f5172.jpg,1,0,1,0,1,0,1,0,0
video-r68Yr9RPWEp5fW2ZF-frame-007311-hkPqGELMsPhk7a2C8_jpg.rf.1644e6dcd1428e094ca4bdd3e88bf998.jpg,0,0,0,0,0,0,1,1,0
video-AEZAaF8epmvQv5Nfj-frame-013540-iA8oxY5u3crvtQEox_jpg.rf.160b7253698fb544768905e865002853.jpg,1,0,1,0,0,0,1,1,0
video-nodg7n2aFzCWFJBnv-frame-002050-6ZKM9h6fhj2maKbDT_jpg.rf.1682eea96a137cf43ae8cfe2ec87a691.jpg,1,0,1,0,0,0,1,1,0
video-4dy5Hhcg93BTyG9KZ-frame-001423-xMdvNjtB2QFavRmMx_jpg.rf.168e6396b038ca4a861baa32a6c4d951.jpg,0,0,1,0,1,0,0,1,0
video-PY5tYnNPcGE9WrZuq-frame-002445-XBr8H9eZ3xpxR7ock_jpg.rf.1671b24e1d01d97f1d2dfffa9c640111.jpg,1,0,1,0,0,0,1,0,0
video-TTDq3x6HSvFx3YRDH-frame-005953-jS4yMisCsQyBLJzjz_jpg.rf.16a62f2b4a2e2efc6ae1c70ad171788c.jpg,0,0,1,0,0,0,1,0,0
video-AEZAaF8epmvQv5Nfj-frame-016501-SCs9a7htt3sjnM7tQ_jpg.rf.1692ebf4b026eb411c2341e0ab626a60.jpg,0,0,1,0,0,0,1,0,0
video-GXXqNLCqyu72TLx5i-frame-002899-2gQ3Hk7CANZ7WRwCk_jpg.rf.169ae4ceabfea2d0fb58e2822c0488c1.jpg,1,0,1,0,1,0,1,1,0
video-5YuhMWusfM3ZMtvDx-frame-000753-BiAirRrfvcSnqhyPa_jpg.rf.16774620ea82bbffdd3472f5b71b907d.jpg,0,0,1,0,0,0,1,1,0
video-SyzNY82LYZrhkPH7x-frame-002209-KrbwMeAYr5TM2wZSn_jpg.rf.166aad842a39b57fa9fde9a536495670.jpg,0,0,1,0,0,0,1,0,0
video-wGdqQimawNX3RYv76-frame-003300-4Ei39uYR99QKiCXet_jpg.rf.16a848ba85e8edc4d192837cb6e43d0f.jpg,0,0,1,0,0,0,0,1,0
video-DJYDQTZH7GLCqw3Tx-frame-000100-653L3GMetmDJPEeqk_jpg.rf.16d5ecef48e22c0acedd78df7ac3d99f.jpg,0,0,1,0,0,0,0,0,0
video-WFkuHrJEHigf6HCWZ-frame-001972-DJYg7dnz7vuJXpGK7_jpg.rf.16cbefe531134e21a6e81c9573b9b527.jpg,0,0,1,0,1,0,1,1,0
video-aMQG7QCtJKfnEdue5-frame-000415-iQMsxTKEHEgM7hMr3_jpg.rf.16d6ff760e196a09c094f2170e0a4192.jpg,1,0,1,0,1,0,1,1,0
video-7yaY3LisuPdNyfZH9-frame-000855-Cq6ovGYZanjaSJfhz_jpg.rf.16ccb821a5861fa7738b5f2a2f71cfba.jpg,0,0,1,0,1,0,0,1,0
video-sEs53HkN6oRqWdeQK-frame-002281-HBcRGSmPP3jemd66b_jpg.rf.16aceec9f59222478eccd165940e57d5.jpg,1,0,1,0,1,0,1,0,0
video-rnZseY2bPiYhWEF2m-frame-011205-MXY7kNvg4bKoSkK52_jpg.rf.16e0dc728e677f755464765be10fde24.jpg,0,0,1,0,1,1,1,0,0
video-YzRKMLLSDnZLFpPmg-frame-005329-6Nb7S5ngNqDaPie8r_jpg.rf.16e6f9336609b269267a9c46a24ee605.jpg,0,1,1,0,0,0,0,0,0
video-iTrM5ner4KQGLvpdC-frame-002977-waZ8nEZTS9vYA6ZSi_jpg.rf.16d8c0f81bac0b2cdfba87b55cf45c0f.jpg,0,0,1,0,0,0,0,1,0
video-7EPybiwBrzjDKn7TZ-frame-003277-kkGxTqv6kN3vx9bX8_jpg.rf.170d6c65fb3dfebb1f0b572f87037864.jpg,0,0,1,0,0,1,1,1,0
video-EcPY55txZdfhevYiW-frame-000000-BkP8C5PBPbGqYfLGr_jpg.rf.170337f77f42a345d00ef3e0186e5854.jpg,0,0,1,0,1,1,1,1,0
video-r68Yr9RPWEp5fW2ZF-frame-002786-C99pd8wcdjec45L7k_jpg.rf.16feab7b5596046782c56e93406e773d.jpg,1,0,1,0,1,0,1,1,0
video-S5osy2ei487eAM2fw-frame-001514-5dnJQMddaqcNzqMRQ_jpg.rf.16e4c1acb4eea1e83ab729da1b998eae.jpg,0,0,1,0,1,1,1,1,0
video-jNQtRj6NGycZDEXpe-frame-008690-nWqMQ5wnYiihjMygB_jpg.rf.16f4f8c751909aab72dd2aab8722f01d.jpg,0,0,1,0,0,0,1,1,0
video-7EPybiwBrzjDKn7TZ-frame-000521-KgxBBbyjBSfBds2Z8_jpg.rf.16f9eadd60636447b5d36bfffa21e54d.jpg,1,0,1,0,1,1,1,1,0
video-wGdqQimawNX3RYv76-frame-006904-AYYNDaNWzcbKeYmRY_jpg.rf.1707c9c86af0108714f6082c53f5d349.jpg,0,0,1,0,0,0,1,1,0
video-QvjyFt7jvqczmaoNZ-frame-004089-P7u45Xy8Ngi4fJS6M_jpg.rf.170772804075c8998a60fa7aaf07f490.jpg,1,0,1,0,0,0,1,0,0
video-MJMd3yspHSkfwpDSD-frame-004500-rGg3RrzPnqQ2RuwX5_jpg.rf.17099c5a755f0e191f68759784766b20.jpg,0,0,0,0,0,0,0,1,0
video-5An82wT7iBmfZSwx7-frame-001698-nH6Kd6rooQP4ijqeq_jpg.rf.1731998281652ecaf155978e895838d0.jpg,0,0,1,0,1,0,1,1,0
video-Bfb39QmAgJQZfE7Pu-frame-011014-zbhekRz8eEsXY5gFk_jpg.rf.177c959d2d1182b182c90459c260240e.jpg,1,0,1,0,0,0,1,1,0
video-r68Yr9RPWEp5fW2ZF-frame-008993-XHD97kGPQYrG6hmSP_jpg.rf.16ed1015ccea0cfdf0c721a44bd3c245.jpg,0,0,1,0,0,0,1,1,0
video-wGdqQimawNX3RYv76-frame-006124-XJtaFPnJ6D2sTNoAz_jpg.rf.176bcce776d46ba7597791b06d4e649f.jpg,0,0,1,0,0,0,1,0,0
video-5YffDt2oYT6CDzYHk-frame-003699-gnRfcY95PMRsiqxix_jpg.rf.174be1df2258b9e9d243948ab82fb3af.jpg,0,0,0,0,1,0,0,1,0
video-r68Yr9RPWEp5fW2ZF-frame-007321-cyZe8SoeAHHih92Hc_jpg.rf.170ff30b654f40e52ad911d2bacd6052.jpg,0,0,0,0,0,0,1,1,0
video-AkvAvb4X72cnTbbCw-frame-001052-T48suYMAfh5gML3c6_jpg.rf.178bffa72f35c6e2405be1b4062a5d0d.jpg,1,0,1,0,1,0,1,1,0
video-4dy5Hhcg93BTyG9KZ-frame-001836-jQ3SLg3rALECnw3HE_jpg.rf.1762185e98a1172416b235b378449de3.jpg,0,0,1,0,1,0,1,0,0
video-7EPybiwBrzjDKn7TZ-frame-003998-7Wh2ys9RaTApjayNy_jpg.rf.176828d86e9d08404d5e2f1bbefdba5b.jpg,0,0,1,0,0,0,1,0,0
video-4KhLCjoeEmjGBaRLQ-frame-000483-mSrt9LftNZm5azmST_jpg.rf.17a24370e14de901cdba74ceab8657f3.jpg,0,0,1,0,1,1,1,1,0
video-AEZAaF8epmvQv5Nfj-frame-015491-oEK3Afx2TzRWnf8h8_jpg.rf.17a3692552a5119b69af2e0df76fc6f7.jpg,0,0,1,0,0,0,1,0,0
video-jEAhuERdkqBfeTdux-frame-004800-fjFgywYBozf3hBfCd_jpg.rf.17612d4a8149269bea9781754d372bcc.jpg,0,0,1,0,0,0,0,0,0
video-eLrXYzMxSL9NCXiQq-frame-004352-cyC49PCQ5Sho23iHv_jpg.rf.17b2d990bbb5d00377d477d801c141c2.jpg,1,1,1,0,1,1,1,1,0
video-JFiGa9oAAN2queuLt-frame-004887-KsGA3qctDgMfzDDiZ_jpg.rf.17d35cd4f246bbc6fcaf4814d7ff5a9d.jpg,0,1,1,1,0,0,1,0,0
video-aiXLPEvp86raemrsp-frame-005088-a3WYKTbECFSotHP9y_jpg.rf.172d078e4d62ec1c00f469e8ade29d03.jpg,0,0,1,0,1,0,1,0,1
video-JFiGa9oAAN2queuLt-frame-004957-zTE8KwkNJhzNH55G7_jpg.rf.17de72caeab1b5f242d3ca23360d75d9.jpg,0,1,1,0,0,0,1,0,0
video-nodg7n2aFzCWFJBnv-frame-000695-vbbsxgjwTyeiRwqv9_jpg.rf.17e61bccfcf859c9a9a71248297bb483.jpg,1,0,1,0,0,0,1,1,0
video-86XuF6pPvWfBCqyNt-frame-002412-dnGLTFcpGwEayfbLq_jpg.rf.17c9b81083af73f211015d1c6c77ee1b.jpg,0,0,1,0,1,0,1,1,0
video-r68Yr9RPWEp5fW2ZF-frame-009493-83hCJrFds5KcAMLvo_jpg.rf.1703ce0c86d2474f751dcb5999863f8b.jpg,0,0,1,1,0,0,1,1,0
video-nodg7n2aFzCWFJBnv-frame-002502-LTALHhTxGdiE6P3me_jpg.rf.17e290a200034341d300e27f94009275.jpg,1,0,1,0,0,0,1,0,0
video-5An82wT7iBmfZSwx7-frame-005181-fbxhmp7RB85KEY8m9_jpg.rf.1813714dd4498f504c9f7754179d2f0a.jpg,1,0,1,0,1,0,1,1,0
video-JFiGa9oAAN2queuLt-frame-015423-7FLGxj683Mv5dXtTX_jpg.rf.17fd884698ea48beb78712164b5588ed.jpg,0,0,1,0,0,0,1,0,0
video-DJYDQTZH7GLCqw3Tx-frame-001409-fa2TNuGZJ3BzsGo8f_jpg.rf.181d071d028b2366de4823232a9c0bb8.jpg,1,0,1,0,0,0,1,0,0
video-DJYDQTZH7GLCqw3Tx-frame-007410-fG774ZrQkLdjBQr6b_jpg.rf.17dc7cd4d6e87df470110958a9be5bbb.jpg,1,0,1,0,0,0,1,1,0
video-DJYDQTZH7GLCqw3Tx-frame-008880-GvPnEjFKxjcgKXR7v_jpg.rf.185cbfc665f974546fc002600b489949.jpg,1,0,1,0,1,0,1,1,0
video-r68Yr9RPWEp5fW2ZF-frame-002726-tfHHtTE7DeJzk6Yz6_jpg.rf.18469f377f8a1635488b1a52cff4e8c4.jpg,1,0,1,0,1,0,1,0,0
video-9BBhGg3MKeaChnLjP-frame-001445-oJwgAf2dRcsstXZuN_jpg.rf.18aceeaf189e47f3be582d76e4e0fac0.jpg,0,0,1,0,0,0,0,1,0
video-3eAD4KjAqae5iq48L-frame-008671-2z6Y3Tv8CcspKx46R_jpg.rf.18625c2fd396035bdf977e2b2aa42113.jpg,0,1,1,0,0,0,1,1,1
video-JFiGa9oAAN2queuLt-frame-007341-avCpcsmtcxnYHZ5ME_jpg.rf.18108747ce1de0874766b29805ca3dc3.jpg,1,0,1,0,1,0,1,1,0
video-GzdKTLbkG5F7gAunM-frame-000168-T6ecK2ACpL8zQCKwL_jpg.rf.18626576923158a83f997aaa18dc6c17.jpg,0,0,1,0,0,0,0,1,0
video-5YffDt2oYT6CDzYHk-frame-000330-KcHpeuFvnnJsoSbXi_jpg.rf.18630cee1c66df8c547e6afad0883160.jpg,0,0,0,1,0,0,0,0,0
video-5RBAcNR5F6fB3i6P5-frame-017069-DnexsLjJ7Q3Sz5Wnh_jpg.rf.18803ecbcb5bbb42cbcdd5b215f282fe.jpg,0,0,1,1,1,0,0,1,0
video-r68Yr9RPWEp5fW2ZF-frame-009683-c8bk2mMHZ2Y3koE8X_jpg.rf.18b188c254dc90cfe1f82a11a75c2164.jpg,0,0,1,1,0,0,1,0,0
video-r68Yr9RPWEp5fW2ZF-frame-007191-CjAE8i5gjAf38dLfx_jpg.rf.17fd6a4c96f12b832c08dfac45310e0b.jpg,0,0,1,0,0,0,1,1,0
video-JFiGa9oAAN2queuLt-frame-003967-S6ZGR6XAiRHuSBpyj_jpg.rf.18baff1e68fc485a1048661853e4cf14.jpg,0,1,1,1,0,0,1,0,0
video-r68Yr9RPWEp5fW2ZF-frame-002376-kQYibkpKzMxThDdME_jpg.rf.18b67b96024deb3767969e4b8d45eaf7.jpg,1,0,1,0,1,0,1,1,0
video-dpPsuZToLaq9myAK8-frame-000393-YJLw847uAtCoi9Z34_jpg.rf.187f00616cc6b76250ccbae0486dab47.jpg,1,0,1,0,0,0,1,0,0
video-FpPLvkRLgQbgG7A7n-frame-000600-dnd7BssaxKysGdFjN_jpg.rf.18b99c215078574033389d4e5b489ac7.jpg,0,0,1,0,0,0,0,1,0
video-nodg7n2aFzCWFJBnv-frame-001615-cE84HMgQua8Eb5iNT_jpg.rf.18e9db9964a5ae4ac7daf59e3dce2418.jpg,1,0,1,0,1,0,1,1,0
video-a9TgkAvMGtM2gXpdj-frame-017069-mEmvPBcxFAjjndjWc_jpg.rf.18daf2dca4782d3c4904adc5f977b0c0.jpg,0,0,1,0,0,0,0,0,0
video-4KhLCjoeEmjGBaRLQ-frame-001863-6dJg7SSocmfswqtYF_jpg.rf.18bcebb0a040427b3ea03dc099bcd3e0.jpg,0,0,1,0,0,1,1,1,0
video-AEZAaF8epmvQv5Nfj-frame-009991-XrBZKdEHapKFXe58S_jpg.rf.193cf75b26a7a8c6e92cf1d834a4b5e9.jpg,1,0,1,0,0,0,1,0,0
video-r68Yr9RPWEp5fW2ZF-frame-008553-AyZwrzbxa464z9KZz_jpg.rf.189af310b93b0f2eed152fc15a8e1e82.jpg,0,0,1,0,0,0,1,0,0
video-jEAhuERdkqBfeTdux-frame-002700-FyMqYx436GQvSp5Gj_jpg.rf.18d70f5a21d334907b148ad25b37bafa.jpg,0,0,0,0,0,0,0,1,0
video-9BBhGg3MKeaChnLjP-frame-002180-nZ2nvXeDDWKdk863q_jpg.rf.1917e8702e529b9df40f1ec17ffc8444.jpg,0,0,1,0,0,0,0,1,0
video-o68zKob2nb8QMktLF-frame-000371-ZaTiDS9X57tC6h5Tv_jpg.rf.18def98a433241f9d27e78057773a2fc.jpg,0,0,1,0,0,0,1,1,0
video-rYXSHjnEfuLmjE6Z4-frame-000762-Y5mposc9RLYzERSxw_jpg.rf.18f7a1b3b24ba360414c119054541ffb.jpg,1,0,1,0,1,0,1,0,0
video-fg5eBhFE7kHyXPtBi-frame-000644-wnorL5FCpJrsqkcZC_jpg.rf.194309d0edb8bbe726de881fb0d3414e.jpg,0,0,1,0,1,0,0,1,0
video-7EPybiwBrzjDKn7TZ-frame-004411-bqQxtnD3jBSpni8Kr_jpg.rf.19998351c75f8cafec4713676a7650eb.jpg,0,0,1,0,0,0,1,1,0
video-JFiGa9oAAN2queuLt-frame-004617-9Q6cY9JaQzZHbPsKZ_jpg.rf.196793f5b1bf0c5d2eec9d6eacf35d34.jpg,1,1,1,0,0,0,1,0,0
video-aTxg8EcSRQyDvisMX-frame-004806-iEcfL9CsSt4hTqa62_jpg.rf.199fb39cdede1c8f0252aaa39af74812.jpg,1,0,1,0,0,1,1,0,0
video-AEZAaF8epmvQv5Nfj-frame-017122-eRchNwEAa33wcigro_jpg.rf.192bb32c220ae1c1d0fb67830c0a0288.jpg,0,0,0,0,0,0,1,0,0
video-zNFzcc9wW8XB4QwTa-frame-000318-zLf9FujBdWB6oMkWy_jpg.rf.193914964724a12c8d90c9db9fde3585.jpg,0,0,0,0,0,0,1,1,0
video-r68Yr9RPWEp5fW2ZF-frame-009483-QWmgEBHXZ5MshN4y5_jpg.rf.197bb3477b584f241892900699845f42.jpg,0,0,1,1,0,0,1,1,0
video-KTtJnXH7CcPgLeF2G-frame-002973-stDLeS5pZHrddqMpo_jpg.rf.197c40e7e6fe0ddf43722d35c32cffaf.jpg,0,0,1,0,0,0,1,0,0
video-8CvM2BExBLyQFZrK8-frame-000496-agjnNcNFtBG9fpxkn_jpg.rf.19e04eb9f36b501c49ff5add2acc1b3b.jpg,0,0,1,0,1,0,1,1,0
video-XvhW2CuNNzf5oWRXK-frame-000024-AEduJLL5S7pZC9Wj6_jpg.rf.19f262e73464d37d88deeb32a866792c.jpg,0,0,1,0,0,1,1,1,0
video-4dy5Hhcg93BTyG9KZ-frame-001468-cQ2AeqfWe7A9tMRiL_jpg.rf.19121bf612724cfd8283527309363726.jpg,0,0,1,0,1,0,1,1,0
video-LRYpoNWeYLm3tZZst-frame-003600-8KrYF6KuyHrsWnNwK_jpg.rf.1992bf5bf763f9652214245bb1a12284.jpg,0,0,1,0,0,0,0,1,0
video-KTtJnXH7CcPgLeF2G-frame-004303-7xKBYKAgqHXG2H6X3_jpg.rf.19af619bd1d59be7d576324f9f508eb4.jpg,0,0,1,0,0,0,1,0,0
video-7EPybiwBrzjDKn7TZ-frame-003142-7p5n7PB8vsky68g2p_jpg.rf.1a4ed5ead52713ff5daed5afa5c0df53.jpg,0,0,1,0,0,1,1,1,0
video-AEZAaF8epmvQv5Nfj-frame-015441-C475YRfgJBRPGm8Mt_jpg.rf.19e0e6fffb252533f3a85277b463265f.jpg,0,0,1,0,0,0,1,0,0
video-S5osy2ei487eAM2fw-frame-002706-nFn9AASk6sAmoCQxM_jpg.rf.19cdd74d2c39ccb61603a65c56460801.jpg,0,0,1,0,1,1,1,1,0
video-vbhpsNpMoX2Qbhw2A-frame-001435-uGxL5Y25TeMvPEAYb_jpg.rf.1a09384652e159166940c6e1dc132fa8.jpg,0,0,1,0,0,0,0,1,0
video-AEZAaF8epmvQv5Nfj-frame-009701-qMG4wxRNKiE7q4eW2_jpg.rf.1a3f783f499dc0807841089e27a6af8a.jpg,0,0,1,0,0,0,1,0,0
video-JFiGa9oAAN2queuLt-frame-009902-dbeTWZ6LcC93S4adc_jpg.rf.1a56c388b097cab9720b845bac798234.jpg,0,0,1,1,1,0,0,1,0
video-5An82wT7iBmfZSwx7-frame-007210-v88eN5np7yZLrmM75_jpg.rf.1a4f08378ec0b4de11716d1d1fbc9461.jpg,1,0,1,1,1,0,1,1,0
video-JFiGa9oAAN2queuLt-frame-004727-hXvhKLhN56Tv8ZPtP_jpg.rf.1a719c004634e321f57d769e62908d07.jpg,1,1,1,1,0,0,1,0,0
video-a9TgkAvMGtM2gXpdj-frame-002134-zCtMKiHM99HcwCmzk_jpg.rf.1a1cbf8392e0b75054e9614e0ce7e671.jpg,0,1,1,0,1,0,1,1,0
video-8CvM2BExBLyQFZrK8-frame-007152-Ybwoi4bSJ6qkg9Ypn_jpg.rf.1a767c0874aec1425e29081f559a119d.jpg,0,0,1,0,0,0,1,1,0
video-aMQG7QCtJKfnEdue5-frame-000847-cAxdKsNEdjWccBfpy_jpg.rf.199522e40029da30d4b1b9897c79d6db.jpg,0,0,1,0,0,0,1,1,0
video-iTrM5ner4KQGLvpdC-frame-003667-TZ89AxtLFh3AHDsgR_jpg.rf.1a35f2cf5567dceb6d998aaa9983b5a1.jpg,0,0,0,0,0,1,1,0,0
video-vvYEi6EdCrYXeHwpD-frame-015912-AYPp3RjQeCN2iifmH_jpg.rf.19c76e956040b4791a8f4303c2ee541d.jpg,0,1,1,0,0,0,0,0,0
video-WFkuHrJEHigf6HCWZ-frame-000231-HSyHTZb9zn4RmqhZp_jpg.rf.1a40a010e7ed2dc1180278bab9e14f22.jpg,0,1,1,0,0,0,1,0,0
video-r68Yr9RPWEp5fW2ZF-frame-006566-xfrH4x2SctZSyfRdf_jpg.rf.1a2368665d5b1be111736d2ee5ae9750.jpg,0,0,1,0,0,0,1,1,0
video-r68Yr9RPWEp5fW2ZF-frame-007106-CDvgCgzMksnuNy63H_jpg.rf.1a9ff1052f14fe09ddc15c79da695442.jpg,0,0,1,0,0,0,1,1,0
video-8CvM2BExBLyQFZrK8-frame-001010-4MRjfNCsxyBSRC2TN_jpg.rf.1a77230e2ee275e2106abb78de1eb98e.jpg,1,0,1,0,0,0,1,1,0
video-AEZAaF8epmvQv5Nfj-frame-015291-Tj4Ckq5ZaZLNctxnE_jpg.rf.1ab0fdea67c63a3029828512b046e8ab.jpg,1,0,1,0,0,0,1,0,0
video-QvjyFt7jvqczmaoNZ-frame-003864-LSqk5Souia6gHun5m_jpg.rf.1aa241f91d21f6c609ea89d5dcf502ad.jpg,0,0,1,0,0,0,1,1,0
video-AEZAaF8epmvQv5Nfj-frame-006790-QdgeqZGQTxM5qtq4G_jpg.rf.1acfdb0e711b3c06a6354ed6c92a1464.jpg,1,0,1,0,0,0,1,0,0
video-mBQmysFvQtPK36MsF-frame-001406-6YXEr8hMzuSditxNM_jpg.rf.1afb47b7180e71f889f832b8e86e992e.jpg,0,0,1,0,0,0,1,1,0
video-7EPybiwBrzjDKn7TZ-frame-002217-CmGyZsMYMJL29ob5R_jpg.rf.1a764184cfa911cba0ef1303559e6e43.jpg,1,0,1,0,0,1,1,1,0
video-zNFzcc9wW8XB4QwTa-frame-011098-FvEcXvweMBFztHuEj_jpg.rf.1a1fd1864ce3d53c6abcf99e7748cb1b.jpg,0,0,1,0,0,0,0,0,0
video-ZicHYAPRYGdu82nAa-frame-001837-GHSA6SWZGjoyrBBuz_jpg.rf.1aec13f13a291da75b6fb14419ab0d40.jpg,0,0,1,0,0,0,1,1,0
video-qmuvFTzLkR28JMp7r-frame-001489-chmhHuxPAB6zfW4BJ_jpg.rf.1af2db700fad7aca0f6e7353cc2db6ea.jpg,0,1,1,0,1,0,1,0,1
video-nodg7n2aFzCWFJBnv-frame-001765-PZMuycWMtH6zm682k_jpg.rf.1b13ef9946039f07563740e29ebc303c.jpg,1,0,1,0,1,0,1,1,0
video-6WgZhpFdCJP3a2cWi-frame-001598-ekcxE3kaApEWYfRv8_jpg.rf.1a7baf5fc81d7e2b7380fe6d4c9e5fed.jpg,0,0,1,0,0,1,1,0,1
video-BjSfmxLQqCGjg8tya-frame-001203-e4DWFKhAQ8ei2XtA4_jpg.rf.1ad560089e6fe21a39fbb3b4cbcde123.jpg,1,0,1,0,1,0,1,1,1
video-TEAocgWiwwMWxYtgJ-frame-004641-W9oJe8m7hq4zFNanp_jpg.rf.1b0b0ce6d979fc2e30088c7eb77a266b.jpg,0,0,1,0,0,0,1,0,0
video-2Af3dwvs6YPfwSSf6-frame-002850-cgsxfPLceDwscCPZu_jpg.rf.1b245c79ff0f7aa12381084d031ea037.jpg,0,0,1,0,1,0,1,1,0
video-vbhpsNpMoX2Qbhw2A-frame-000835-Zd8eMEPfDp2TX6YWr_jpg.rf.1af2453ac3ea48c01b1c3b692f3c849a.jpg,0,0,1,1,1,0,0,1,0
video-6WgZhpFdCJP3a2cWi-frame-008800-9F2cL5pGCXfcCCHej_jpg.rf.1ae5a2f17aea475bec0ebf80ea30745d.jpg,0,1,1,0,0,1,1,0,0
video-5YuhMWusfM3ZMtvDx-frame-003006-Ti35cEK7uFvnah5Pf_jpg.rf.1b5116f4facaa9fdcaef78ea08d7594e.jpg,1,1,1,0,1,0,1,1,1
video-WFkuHrJEHigf6HCWZ-frame-000928-7zDLzRHxdDmKnofeN_jpg.rf.1b47b238cb946ce7b5ee17535fdfdd3d.jpg,0,0,1,0,0,0,1,1,1
video-BjSfmxLQqCGjg8tya-frame-005217-RPhe6GSGepMRaDWWu_jpg.rf.1bbc3804d2bc2a56dcab2b9af08f0125.jpg,0,0,1,0,0,0,1,1,0
video-SyzNY82LYZrhkPH7x-frame-000141-MwPyXMEesgXueyqkg_jpg.rf.1b6e67b1daad836c3ce47e081e9b59eb.jpg,0,0,1,0,1,0,1,1,0
video-TTDq3x6HSvFx3YRDH-frame-005609-DRB3sFpwAmAL2Qhmg_jpg.rf.1b4bdb8917ebde1a531b8ef390593b6a.jpg,0,0,1,0,0,0,1,0,0
video-kZvY7NeD8kA7PiMWX-frame-000554-yHERN2EuBotfqreTu_jpg.rf.1b9c893ea440185d092cc31fb201fb1b.jpg,1,0,1,0,1,0,1,1,1
video-Gj7ejTPCZZnD5YwPv-frame-001615-4MA4Avn29hGsEeKfk_jpg.rf.1b6a5288ac86e18cef6586ff3a5f10d4.jpg,1,0,1,0,1,0,1,0,0
video-2Af3dwvs6YPfwSSf6-frame-003150-wNtjKqfoRc7abaWmm_jpg.rf.1b7238e566a9192b49df3c352e56f42b.jpg,0,0,1,0,0,0,0,1,1
video-iTrM5ner4KQGLvpdC-frame-003622-pbJQFqJjW6TAgq8XP_jpg.rf.1b5907fd34b50799f04d1de719ef6673.jpg,0,0,0,0,0,1,1,0,0
video-G9ZpKLJEKsMheip7b-frame-004350-jwmF4R3j3JnXAq6Fr_jpg.rf.1b5e2b81f16c66c750137c8369e8e7ee.jpg,0,1,1,0,1,0,0,1,0
video-kDDWXrnLSoSdHCZ7S-frame-000300-GWSZ3WWfzGCKYZ8mp_jpg.rf.1ba28dbea2b7ec67af0129a0d5163b6c.jpg,0,0,1,0,0,0,0,1,1
video-iFWh9r9TJWmTzTrha-frame-001109-AAexoCew6kxuEC69M_jpg.rf.1b5a0ee8a1bd825e229a6658c2b896d5.jpg,0,0,1,0,0,0,1,0,0
video-2Af3dwvs6YPfwSSf6-frame-007800-FDaY9b6sc4qwsq9Wu_jpg.rf.1bc6097d8fb4ea3c9ec79b2f3ec75dee.jpg,0,0,1,0,0,0,0,1,0
video-JFiGa9oAAN2queuLt-frame-002837-NmuYgEGMwe4RujZTp_jpg.rf.1b8da51c463dfd7b49c8e516651f54de.jpg,1,1,1,0,0,0,1,0,0
video-BjSfmxLQqCGjg8tya-frame-005187-zGxtbdDSF9rg9cB7G_jpg.rf.1bc5e57126528397c964d6bd56b1201c.jpg,0,0,1,0,0,0,1,1,0
video-AEZAaF8epmvQv5Nfj-frame-007355-4E7SqRYGu9T3RNa8p_jpg.rf.1be39cc20564a9835ab8e7c77283f332.jpg,1,0,1,0,1,0,1,0,0
video-rYXSHjnEfuLmjE6Z4-frame-000207-FR7gnhqg8SRFZRMLM_jpg.rf.1bf31b7964de0156f09d09c8c0a2d409.jpg,1,0,1,0,0,0,1,0,0
video-TEAocgWiwwMWxYtgJ-frame-003049-hS7SCmKskmFe3GSvz_jpg.rf.1bea3fadbe0dc7128d500102a91ed300.jpg,1,0,1,0,0,0,1,1,0
video-qmuvFTzLkR28JMp7r-frame-002532-bNSjP2z9CFn4QFbaM_jpg.rf.1b94f4b3b66adc429072da78be3ec006.jpg,0,1,1,0,0,0,0,0,0
video-Bfb39QmAgJQZfE7Pu-frame-008991-TuEJC2CNkXTj4m2Ah_jpg.rf.1c1091c6ea5c730f30953c5143c7af50.jpg,0,0,1,0,0,0,0,1,0
video-r68Yr9RPWEp5fW2ZF-frame-002396-B99X6ZunahnRuuykg_jpg.rf.1c29c7a3449a83c019c30ce4d14a5b28.jpg,1,0,1,0,1,0,1,1,0
video-BjSfmxLQqCGjg8tya-frame-005964-c3cdvaEjXnYbrYDDo_jpg.rf.1bd93781d85ff4a2c67f045b864fd80e.jpg,1,0,1,0,1,0,1,1,0
video-xEYBrQ5tarcDbiw9p-frame-010559-MufAe6KSuHwx9dg4x_jpg.rf.1c1a68dca21411a39e5e3786395a3250.jpg,0,1,1,0,1,0,1,0,1
video-r68Yr9RPWEp5fW2ZF-frame-014038-kLn9vDW2CK7DZHXTH_jpg.rf.1b71fe4593237a32a91b016701cf865b.jpg,0,0,1,0,1,0,1,1,0
video-5v4MPkCMGEKPfroxc-frame-000000-aMSPEdD9X6oakJpc7_jpg.rf.1be7f5ec5612b0c93a6aefb74245c114.jpg,0,1,1,1,1,0,1,1,0
video-qmuvFTzLkR28JMp7r-frame-000595-uZZagHwWrzFMe4wRe_jpg.rf.1b2d893156ee57dc2be73a66d19931ae.jpg,0,1,1,0,1,0,1,0,1
video-TEAocgWiwwMWxYtgJ-frame-000231-MjyT2ou2gnBDKE3oD_jpg.rf.1c20100d915f8c0f8e4ca321aa436e8f.jpg,0,0,1,0,0,0,1,0,0
video-wGdqQimawNX3RYv76-frame-006279-vxr2JvLc2sfZo5mAx_jpg.rf.1c2efec86011d954a61def5a98966b3d.jpg,0,0,1,0,0,0,1,0,0
video-kDDWXrnLSoSdHCZ7S-frame-001864-tGmuKBPLZe2EqAvef_jpg.rf.1c3a1be04d47b6f435a885a3d81f8250.jpg,0,0,1,0,1,0,1,1,0
video-TxNGEKRyWMf6Q7hS2-frame-000574-zPKbBr52JmLPycd9R_jpg.rf.1c47af5b5c67ccb41bb8f7cbd08502cb.jpg,0,1,1,0,0,0,1,0,1
video-GXXqNLCqyu72TLx5i-frame-004524-FEJZuEH4LbWeE9ao7_jpg.rf.1c1992ffde00cc48bd333bf2a4fbfa00.jpg,1,0,1,1,1,0,1,1,0
video-XCJD9qhzXNoZCn37i-frame-002164-ZqM934Cu38Q2ikezn_jpg.rf.1c54175e441d017d584ad57e01d04cc5.jpg,0,1,1,0,0,0,1,1,0
video-dpPsuZToLaq9myAK8-frame-004764-DE7o4E4ffbGbWazi8_jpg.rf.1c35a201eca2db437361972e49503cbb.jpg,0,0,1,0,0,0,1,1,0
video-RzCFkE9yg95GWAnYj-frame-000300-qF4waKB63Khx6nxqW_jpg.rf.1c5114e54d3e5adf1b2dc09e0b16a483.jpg,0,0,1,0,0,0,0,0,0
video-DJYDQTZH7GLCqw3Tx-frame-005629-eaBYaSb353kuva2xh_jpg.rf.1c430870a1a887fb266c376bc9644c36.jpg,1,0,1,0,0,0,1,0,0
video-r68Yr9RPWEp5fW2ZF-frame-011043-JNezx6Q98FBkP7wth_jpg.rf.1c56235385141240d867bbcd4bd70056.jpg,0,0,1,0,1,0,1,1,0
video-4dy5Hhcg93BTyG9KZ-frame-001126-XJppRPHhw4HMEwjiS_jpg.rf.1c8e7e88441b42ca9709d1849fc006b8.jpg,0,0,1,0,0,0,0,1,0
video-WiuWWrsHrJsDcfFzg-frame-010916-yAYXdW2S2jY55HcFd_jpg.rf.1c5d946da2aabb9539755b328b0ac60c.jpg,0,1,1,0,1,1,1,1,0
video-G9ZpKLJEKsMheip7b-frame-010050-iiN3AZnmFZJb8RBHc_jpg.rf.1c8fec89ca86d07524a6c24f7ba02ee4.jpg,0,0,0,0,0,0,0,1,0
video-JFiGa9oAAN2queuLt-frame-002697-Djrrde8jRkAfT746C_jpg.rf.1cb5eb06b61f234b6e65723f9917a3b9.jpg,1,1,1,1,0,0,1,1,0
video-4KhLCjoeEmjGBaRLQ-frame-000069-s5R2QqeHdtLReAih8_jpg.rf.1cdd14d7a180ac0d69380b86fc66d54f.jpg,0,0,1,0,1,0,0,1,0
video-7yaY3LisuPdNyfZH9-frame-000281-c9LpaJD6MZQLve2GT_jpg.rf.1cbb17b961d42ba3daea0f400ed456b6.jpg,0,0,0,0,0,0,1,0,0
video-DJYDQTZH7GLCqw3Tx-frame-006617-ALpztDmiSbFR5uvpu_jpg.rf.1d3a135c4292a8a709742d137c63ecd1.jpg,1,0,1,0,0,0,1,0,0
video-7yaY3LisuPdNyfZH9-frame-006250-HkM2u6WPy3SBhXjj8_jpg.rf.1c803dec46ed9e979862339d115fd8fa.jpg,0,0,1,0,1,0,1,1,0
video-r68Yr9RPWEp5fW2ZF-frame-002216-GJFaXhJyWDfWytDXd_jpg.rf.1d244427b0624524035551af607fc7dd.jpg,0,0,1,0,0,0,1,0,0
video-dpPsuZToLaq9myAK8-frame-006309-AgWH5Zz2hu9w2BxtC_jpg.rf.1cdeb9b11c39b5672118ec0102d50970.jpg,0,0,1,0,1,0,1,1,1
video-vbhpsNpMoX2Qbhw2A-frame-001065-SnqqqYPJe4zxkDkJs_jpg.rf.1d43e1c8511125a7283b79ae5b6ef4fa.jpg,0,0,1,0,0,0,1,1,0
video-nodg7n2aFzCWFJBnv-frame-001810-5YCgpP8kPrSAFrqvF_jpg.rf.1d2a7846ab612607af4095a78e26cf82.jpg,1,0,1,0,1,0,1,0,0
video-BjSfmxLQqCGjg8tya-frame-005397-SfowPmmfJXpbeq4Am_jpg.rf.1d653d5983cf0516b2e4edbed9cffdc4.jpg,0,0,0,0,0,0,1,0,0
video-kDDWXrnLSoSdHCZ7S-frame-005858-PNnpW5jqDK3BETchv_jpg.rf.1d3d4803f40ef52aaefe9ca084b2be42.jpg,0,0,1,0,0,0,1,0,0
video-86XuF6pPvWfBCqyNt-frame-007637-wqTP7rT6mbSTKy5L4_jpg.rf.1d1c2f2281407ea28a79033210d84b31.jpg,0,0,0,0,1,0,1,0,1
video-AEZAaF8epmvQv5Nfj-frame-010011-kgtk85m3qwFe8J2Ag_jpg.rf.1c877a3f4c7a04fd2c0c525bfe23dff7.jpg,1,0,1,0,0,0,1,0,0
video-24ysbPEGoEKKDvRt6-frame-000075-QiHFeD5XJCmhf4oQu_jpg.rf.1d94a7948ead48fadf48d3e562634dce.jpg,0,0,1,1,1,0,1,1,0
video-a9TgkAvMGtM2gXpdj-frame-007396-HtNKKLziLZbJCf8LZ_jpg.rf.1d7c97202cc7637d03f72148ee9bfee8.jpg,0,0,1,0,1,0,1,1,1
video-Gfv3kbdf5KAYRtPcz-frame-001102-Fct4GBSyyFnw2fTGr_jpg.rf.1d919b5a10bcd3517159ea34a18a3c38.jpg,0,0,1,0,1,0,0,0,0
video-nodg7n2aFzCWFJBnv-frame-002005-BWh4TctJDhbh2Jh2J_jpg.rf.1cfaaccdc4d35ce482c71e6a10b5cc6a.jpg,1,0,1,0,0,0,1,0,0
video-5An82wT7iBmfZSwx7-frame-000869-HAK2byvqmHJyNuFPT_jpg.rf.1d9ffd42731a5d8e0292d3b42d2608d0.jpg,0,0,1,1,1,0,1,1,0
video-8CvM2BExBLyQFZrK8-frame-008488-eN35BfnSmx6FReMsL_jpg.rf.1dad7a84a9d1bb6caa95710f618e09e3.jpg,0,0,1,0,1,1,1,1,0
video-vvYEi6EdCrYXeHwpD-frame-004896-kJDJRFvz6eJF7x4FH_jpg.rf.1d3289b5ea2f50ed324ee5f56963be49.jpg,0,0,1,0,0,0,0,1,1
video-cprcATqPmWGnc3cgi-frame-001246-eHocTdDo8hvJoeMik_jpg.rf.1d92305b4fd132bd7e429093e94ebc8d.jpg,0,0,1,0,0,0,1,1,1
video-5HPT2goT53ceRpvRm-frame-001065-2hxeoGSY9fe7NTJLL_jpg.rf.1e03ad41047820d9dbb8dbfa125a3abd.jpg,1,0,1,0,0,0,1,0,0
video-r68Yr9RPWEp5fW2ZF-frame-011033-LpP6nvRndoDznqiJk_jpg.rf.1d8f0ced9234ff1cfd0bfa0941201f94.jpg,0,0,1,0,1,0,1,1,0
video-5YffDt2oYT6CDzYHk-frame-001774-mRQ9usLCvDC4oAK4i_jpg.rf.1deccae9dbaeb0a72f8078b839ce329d.jpg,1,0,1,0,1,0,1,1,0
video-AEZAaF8epmvQv5Nfj-frame-009389-L9MYuGrvXJn7rjZer_jpg.rf.1cdd884914b9faf44b0c9b9dc974b3af.jpg,1,0,1,0,0,0,1,1,0
video-iTrM5ner4KQGLvpdC-frame-003232-wiYpZHrkJSpEZEL5P_jpg.rf.1daeff382b467c0f0da6acc352f23af8.jpg,0,0,1,0,0,0,1,0,0
video-qmuvFTzLkR28JMp7r-frame-001165-ZDFHaCawMnJcGJfnN_jpg.rf.1d6017e436ca6f07400aa7002558afc3.jpg,0,1,1,0,0,0,0,0,1
video-WFkuHrJEHigf6HCWZ-frame-001848-tMEFRJtui7azu9wE5_jpg.rf.1e06561735207c3e8fa195ebdc16a6c8.jpg,1,0,1,0,1,0,1,0,0
video-GMDwNs5TdqejpF4vu-frame-001313-H3FqQMo5pGsXoyzTo_jpg.rf.1dfb63567e07e9185497956fb5abb334.jpg,0,0,1,0,0,0,1,1,0
video-nodg7n2aFzCWFJBnv-frame-005304-oo6BjHiddbMak5vxb_jpg.rf.1e0939788c2472b14438fdc57ea618ee.jpg,0,0,1,0,1,0,0,1,1
video-ozJ2BvNKN96SvRTFv-frame-004500-c3z2kXigNZSyBaGJW_jpg.rf.1e234811842af824f9fb16926d578f85.jpg,0,0,1,0,0,0,0,1,0
video-nodg7n2aFzCWFJBnv-frame-000200-8HL8GPepxK85p5P2G_jpg.rf.1e3cbc8681f77847624f2a395c2ee54c.jpg,1,0,1,0,0,0,1,1,0
video-TTDq3x6HSvFx3YRDH-frame-009398-ffs2BJiqP82K2p5ZG_jpg.rf.1e7837341c1d3be642ec10813781533c.jpg,0,0,1,0,0,0,0,1,0
video-9BBhGg3MKeaChnLjP-frame-000970-L6f27EQKqLgyMQaeL_jpg.rf.1e6a5a615b17a008acf0f84309be1082.jpg,0,0,0,0,0,0,0,1,0
video-JFiGa9oAAN2queuLt-frame-005477-qqybw7FFvLMX6mTEt_jpg.rf.1eb317be6c57e0270c77adaeb3b4a5d5.jpg,1,1,1,1,0,0,1,0,0
video-DJYDQTZH7GLCqw3Tx-frame-007770-GqpKBfJxmqzE2o5GT_jpg.rf.1eb9d4fe35c9da43640ca0ed1514fcc4.jpg,0,0,0,1,0,0,1,1,0
video-r68Yr9RPWEp5fW2ZF-frame-002616-mhHQuAWAJXF3GXaRm_jpg.rf.1f010196bbbf858a6394ef306851798e.jpg,1,0,1,0,1,0,1,1,0
video-GzdKTLbkG5F7gAunM-frame-002998-hgXYjamkh4njXwsEb_jpg.rf.1e9e44a2c705dd36ffbd6e4953f97fbd.jpg,0,0,1,0,0,0,0,1,0
video-JFiGa9oAAN2queuLt-frame-001164-CJWTbAb6J9fuy2gmC_jpg.rf.1ec113752390cbeae16457b4510e2312.jpg,1,0,1,0,1,0,1,0,0
video-idbEkd82DJQ5RxW8M-frame-000000-38fSX5tJKGMFqAr5d_jpg.rf.1f22e15420581f0b80125655e17ed708.jpg,0,0,1,0,0,0,0,0,0
video-jNQtRj6NGycZDEXpe-frame-008585-k9eZdX8FJgQkcdC6e_jpg.rf.1f2867d3d8f516b4e5d2d1d295dd2efc.jpg,0,0,1,0,0,0,1,1,0
video-Bfb39QmAgJQZfE7Pu-frame-023120-65tHxnCdHjNjjyQz5_jpg.rf.1f256ae1af0d3d6ede0a295fd38199d0.jpg,0,1,1,0,1,0,1,0,0
video-eLrXYzMxSL9NCXiQq-frame-001884-LP9NWzdfXuCoRivR7_jpg.rf.1f27cb8a705a613ee5ebcd9c52477ce9.jpg,0,1,1,0,1,0,1,1,1
video-5nvtKBPHiNQqpswFE-frame-007950-ScEbqFN93nZtFCkf4_jpg.rf.1f41aa80b8f87522a755bfb11713c16c.jpg,0,0,1,0,0,0,0,0,0
video-AEZAaF8epmvQv5Nfj-frame-016191-68gnvfcrv4dLd3Hiv_jpg.rf.1e1f2528fb84911e549ddf149b03c2ea.jpg,0,0,1,0,0,0,1,0,0
video-MoCHppHsM4bnncPmS-frame-002175-sKCSMb8pv9B7gfnEx_jpg.rf.1f31d6b270439cf65088ff079c075b11.jpg,1,0,1,0,1,0,1,1,0
video-fZKBh7mRSKHjXS2zk-frame-005250-6Xe58843T8v6brGso_jpg.rf.1e3324f724872ceb0838ba44b5c4a590.jpg,0,0,0,0,0,0,0,1,0
video-2Af3dwvs6YPfwSSf6-frame-008250-SzCvpjLedsAsMG5dP_jpg.rf.1f2b60227c43efd8e153b8fc92853f16.jpg,0,0,1,0,0,0,0,0,1
video-ooW42bEtJrR4gufJr-frame-002700-MkNJxfZzddeseQFca_jpg.rf.1f0140178a6de51df5fa37f014270b7a.jpg,0,0,1,0,0,0,0,0,0
video-49ZHZYTfjWxQXmrQs-frame-007950-HaG3P2QAcmNu5u5ex_jpg.rf.1f313ec94f4dfecb17b3c9843e73d052.jpg,0,0,1,0,0,0,0,1,0
video-AHWxmA7AFazuCjdrS-frame-002628-S2jW3mTwyc9M6ZGbr_jpg.rf.1f4265488a013197c8552912d7975730.jpg,0,0,1,0,0,0,1,1,0
video-ELruYFQjkqpZnir29-frame-002741-aZjssKmz3pq6egKAu_jpg.rf.1f44191e4e7b8f58b986e9c896e5ca98.jpg,0,0,0,0,0,0,0,1,0
video-BjSfmxLQqCGjg8tya-frame-003671-vnFaiZ5DgvYRtngLG_jpg.rf.1f629101690032148681a3e7ff30c576.jpg,0,0,1,0,1,0,0,1,0
video-5An82wT7iBmfZSwx7-frame-006871-X8qWxGhi7c9WukfJA_jpg.rf.1f6271ac5766301d47ccf93d377168d4.jpg,0,0,1,1,1,0,1,1,0
video-qmuvFTzLkR28JMp7r-frame-001191-pEJtZsiT8nM2YoKCA_jpg.rf.1f6075094ebb25fff3bee02975ee6793.jpg,0,1,1,0,0,0,0,1,0
video-r68Yr9RPWEp5fW2ZF-frame-009803-bg9jYLxJcZfmneyFc_jpg.rf.1f7e0afff0caa9cd1be53e983b8c8c87.jpg,0,0,1,0,0,0,1,0,0
video-7yaY3LisuPdNyfZH9-frame-003040-7i55gGJg3EMFDzgFR_jpg.rf.1f81e3658cae54c52630ae4ab764b4a8.jpg,0,1,1,0,1,0,0,1,0
video-AEZAaF8epmvQv5Nfj-frame-016071-H3uTDth5f9j4QPR8Z_jpg.rf.1f72999ab436f7c7fd9f482f64afa713.jpg,1,0,1,0,0,0,1,1,0
video-iFWh9r9TJWmTzTrha-frame-005086-LzTEBkb2TG85Nsio6_jpg.rf.1f91efd77d77b920dbc96ac586977971.jpg,0,0,1,0,1,1,1,1,0
video-aTxg8EcSRQyDvisMX-frame-004094-XFdMzhyKHXoEHcD4y_jpg.rf.1f855ab2ff5da3fe951b475c35bf4119.jpg,0,0,1,0,0,1,1,0,0
video-DJYDQTZH7GLCqw3Tx-frame-001219-X5KQi5oYXY4itzQy4_jpg.rf.1f6e989091d8cf0b72f65c6b7317e0a6.jpg,1,0,1,0,0,0,1,0,0
video-ZicHYAPRYGdu82nAa-frame-003836-Bpz4qYjQsiuKEMuK2_jpg.rf.1f9e137656734c4eddf093b37e5c95ed.jpg,0,0,1,0,1,1,1,1,0
video-XNM8eHsvxCMJ6peuj-frame-001890-oFFGXD5L8L2M3EMbA_jpg.rf.1f5080a12c4d368bf5773fe072544377.jpg,0,1,1,0,0,0,1,0,0
video-JFiGa9oAAN2queuLt-frame-004167-hvGXZiRiL7FJsG3kF_jpg.rf.1f9708598d3075dcde976c3ce21e0d21.jpg,0,1,1,1,0,0,1,0,0
video-FWQff8BQpTRSt9hfA-frame-000900-66CMK5gPQvPSpkMNt_jpg.rf.1f7f1c82881ec9778536e4f151d61245.jpg,0,0,1,0,0,0,0,1,0
video-SyzNY82LYZrhkPH7x-frame-003308-Yd8jaAZZf9gmgz9Fh_jpg.rf.1f873622bd2042e898f9f6ac2ed5e900.jpg,0,0,1,0,0,0,1,1,0
video-GMDwNs5TdqejpF4vu-frame-003204-o9W9KrZGfHzkrNPy7_jpg.rf.1fb01a927e47fc34ec325a0c5277697b.jpg,0,0,1,0,0,0,1,1,0
video-zNFzcc9wW8XB4QwTa-frame-009598-jug2LWHtL6m6aAekh_jpg.rf.1e1e4b7cb8f5fecf1dc9ff30f5d3b544.jpg,0,0,1,0,0,0,0,1,0
video-8CvM2BExBLyQFZrK8-frame-003572-tp6y4yeZ5deBquSSe_jpg.rf.1e829fe7640eeae356dd8d77e21425b2.jpg,0,1,1,0,1,0,1,0,0
video-muKWZNM2FxQoStMQh-frame-001516-BEPb62r6YYseQeDw5_jpg.rf.1fb756bda93be3ce09977e2cd4eeaaac.jpg,0,0,1,1,1,0,1,1,0
video-5YffDt2oYT6CDzYHk-frame-002667-Rqdq87fS6Nos3jNFq_jpg.rf.1fe540c91096786facc2dd8a7cfd460a.jpg,0,0,1,0,1,0,1,1,0
video-GzdKTLbkG5F7gAunM-frame-000153-CLf3aejSKSCNt94Aw_jpg.rf.1ffc061411724d123c92a56c701f457d.jpg,1,0,1,0,0,0,0,1,0
video-5Lwe5DATf4BxKtaiB-frame-001217-6oug4Y6JB2NHQambg_jpg.rf.1fe0b46ac71b3accc2ab16eb6ecdb1a8.jpg,1,0,1,0,0,0,1,1,0
video-ooW42bEtJrR4gufJr-frame-002550-3AQfdrFCCQXsbSRTH_jpg.rf.200460fb46762bfdfe7b7a320d4d1df5.jpg,0,0,1,0,0,0,0,0,0
video-r68Yr9RPWEp5fW2ZF-frame-013988-CQf7NNQvWHHScTHDk_jpg.rf.1fe3fc82aea07f006b3ef4f3dceed1ec.jpg,0,0,1,0,1,0,1,1,0
video-AEZAaF8epmvQv5Nfj-frame-014681-auupTWXvty3oN4QEN_jpg.rf.1f9eb50d717e4186f7a70f5cb459edd9.jpg,0,0,1,0,0,0,1,0,0
video-kDDWXrnLSoSdHCZ7S-frame-005918-YXsZ6cxMDSvBcPcXC_jpg.rf.20056db8c6efbef5ff7d30c241784918.jpg,0,0,1,0,0,0,1,0,0
video-zNFzcc9wW8XB4QwTa-frame-011398-BnmWrvMFmpcrPWRdk_jpg.rf.202924719d35e7362cdfb6d05ba17171.jpg,0,0,1,0,0,0,0,0,0
video-vbhpsNpMoX2Qbhw2A-frame-001745-yxqQYLLe7pYzyCN8H_jpg.rf.2008a720bfd5ac16e4837067ef1500ca.jpg,0,0,1,0,1,0,0,1,0
video-r68Yr9RPWEp5fW2ZF-frame-002096-4f2j4pkt7HzfJue4P_jpg.rf.20676734579a2972a462bc9a5763ceae.jpg,1,0,1,0,1,0,1,1,0
video-nCxsLGvXK8o25AmXW-frame-006400-BBXFGHzo2ZpWQX3Js_jpg.rf.207949e48ae68ff37610681e3aade04a.jpg,0,0,1,0,0,0,0,1,1
video-TTDq3x6HSvFx3YRDH-frame-004906-Y4Z5AG7FFHGsN28J8_jpg.rf.2037a7195520dc4d9af74476d703dba4.jpg,0,0,0,0,0,0,1,0,0
video-5YuhMWusfM3ZMtvDx-frame-005511-b2mZFfsvs6DTDw7Dm_jpg.rf.206a3b5f573da5134667ccb629bbdc0b.jpg,1,1,1,0,1,0,1,0,1
video-GMDwNs5TdqejpF4vu-frame-001253-FCjjHbYnhRDy8Dnxz_jpg.rf.205f725897b6b35c9e5aa4a7d3d56e3d.jpg,0,0,1,0,0,0,1,1,0
video-r68Yr9RPWEp5fW2ZF-frame-015535-AwyvZN72qrbggKSNy_jpg.rf.2022d55b8a804f9b629878f715eab578.jpg,1,0,1,1,1,0,1,0,0
video-JFiGa9oAAN2queuLt-frame-007541-kzaroETfPt7iz5hkr_jpg.rf.2089eb5d485ccff554f101fe920648c0.jpg,1,0,1,0,1,0,1,1,0
video-wGdqQimawNX3RYv76-frame-006324-73JtGRFkRXtrHw86Y_jpg.rf.206b002ff7b252f5d647747288a7b5be.jpg,0,0,1,0,0,0,1,0,0
video-vvYEi6EdCrYXeHwpD-frame-002448-5BfEbAYFCF3Y6YzxQ_jpg.rf.1f51104b9c9e3f22963ee9ef4b88c6eb.jpg,0,0,1,0,0,0,0,1,1
video-nodg7n2aFzCWFJBnv-frame-000830-DQ2qocqYe6wNa2zHn_jpg.rf.207f480049465075bf50f49e42e31ab5.jpg,1,0,1,0,1,0,1,0,0
video-67ZzTP4GCNj69eNPs-frame-001752-ovHPmpob95L4wohCa_jpg.rf.2054842ed56292d3918b9b56d8213b0f.jpg,0,1,1,1,1,0,1,1,0
video-mBQmysFvQtPK36MsF-frame-001436-BmgvtsXMXw2PxMDn5_jpg.rf.20df28284f16deae9d52df42fad257a5.jpg,0,0,1,0,0,0,0,1,0
video-WiuWWrsHrJsDcfFzg-frame-004569-ceQuarsy7bKQA8kCd_jpg.rf.20fb46b3b0a768b30a68297010753302.jpg,0,0,1,0,0,1,1,1,1
video-BjSfmxLQqCGjg8tya-frame-005277-vWGBdd4JY2rwLzYpW_jpg.rf.20e98ef7e5c2a363c5825fc0d087106c.jpg,0,0,1,0,0,0,0,1,0
video-vbhpsNpMoX2Qbhw2A-frame-000885-KrkjPqb22Lq67fQBh_jpg.rf.213df98718efe0b45200a3c4828189d1.jpg,0,0,0,0,1,0,0,1,0
video-bk2x9u9JivsWRS9Nk-frame-001860-ond5MPF3qaiAFeqwW_jpg.rf.21298af1b7abc726ffcf8f48be4c13a4.jpg,0,0,1,0,1,0,0,0,1
video-Gfv3kbdf5KAYRtPcz-frame-002941-QMitezT7g8HLdnfGk_jpg.rf.2141c69c8fa6722cd7245f0affa770ef.jpg,1,0,1,0,0,0,1,0,0
video-DJYDQTZH7GLCqw3Tx-frame-006257-wrmydyKPsZ6AWKnM2_jpg.rf.214747ef9cf002fef5959cb7753f86c8.jpg,1,0,1,0,0,1,1,1,0
video-r68Yr9RPWEp5fW2ZF-frame-005846-dxDGtL7nRDjTA3dcT_jpg.rf.2137a2ada15298598147c60c839002fd.jpg,1,0,1,0,0,0,1,1,0
video-sEs53HkN6oRqWdeQK-frame-001940-NSA63iw49eBLBu4eE_jpg.rf.2116a2b2b0fc46aae47c0e37a520d1c7.jpg,0,0,1,0,1,0,0,1,0
video-r68Yr9RPWEp5fW2ZF-frame-013518-8iYdhdgrFEJQFQZHD_jpg.rf.215f72a31b4bda13320070764e4e770a.jpg,0,0,1,0,1,0,1,1,0
video-S5osy2ei487eAM2fw-frame-002554-SzAywgQ6RNWo2CFNx_jpg.rf.1fe306fd5da00a9bb75e7bca2bed347d.jpg,1,1,1,0,0,1,1,1,0
video-iTrM5ner4KQGLvpdC-frame-003352-wNWo7T8xxTrMpEfEw_jpg.rf.21655bf142605625a5e46c5fb6fb5f72.jpg,0,0,1,0,0,0,1,0,0
video-nodg7n2aFzCWFJBnv-frame-002170-7PgzP5jD235R3W9ze_jpg.rf.2178c1c0fa4779aa0569153a78b33feb.jpg,1,0,1,0,0,0,1,1,0
video-yBdrow6zFe5E8uEwn-frame-012368-BzjtJf3Jb8Br3rcMj_jpg.rf.219a8704341f67563471b42e5bd15c1c.jpg,1,0,1,0,1,0,1,1,1
video-iFWh9r9TJWmTzTrha-frame-003149-JK3K4LxT4G7buxkyf_jpg.rf.21897f452207f629a7c95c54725b1acd.jpg,0,1,1,0,1,0,1,1,0
video-JFiGa9oAAN2queuLt-frame-003667-dr2ygKrP4revCPsrd_jpg.rf.219cf3a012c655093de8534002ffd257.jpg,0,1,1,0,0,0,1,0,0
video-WXTMrJkrK8BMoMkxk-frame-000190-NSt9NGWuJNGdSMABb_jpg.rf.219f2d38c183d689218ba600b068d78f.jpg,0,0,0,1,0,0,0,1,0
video-aTxg8EcSRQyDvisMX-frame-002492-gbn28vfYKrpCNRDNH_jpg.rf.2166f745245f862ce1b2009949150429.jpg,0,0,1,0,0,0,1,0,0
video-XNM8eHsvxCMJ6peuj-frame-002170-mrcD7ktYRGRgnwuPZ_jpg.rf.21c06658f931bc9e9b3dae5911768b2c.jpg,0,0,1,0,0,0,0,0,0
video-MoCHppHsM4bnncPmS-frame-002040-2vZMnp37ezwRQiR7h_jpg.rf.21bc9d8a784bd7ce58d0f21a98267e6d.jpg,1,0,1,0,1,0,1,1,0
video-5HPT2goT53ceRpvRm-frame-000855-r9vY2YisNtXTGsqfP_jpg.rf.21929609ccb530e5e1fc802983e31a11.jpg,1,0,1,0,0,0,1,0,0
video-iS9cAu6Ms3CXQtY92-frame-002554-tTwNiwTD7rEnKy6nD_jpg.rf.20b0f6867de241ba5a15390d8e22f471.jpg,0,0,0,1,0,0,1,1,0
video-AEZAaF8epmvQv5Nfj-frame-009669-eQmgzDDmh4jHi7Lsq_jpg.rf.21d436882532ea99a8f4a1871f3061ec.jpg,1,0,1,0,0,0,1,0,0
video-JFiGa9oAAN2queuLt-frame-000537-zkL67BsodRuLyEyiv_jpg.rf.21e841c0f9a3e00aa51d9689d77856ae.jpg,0,0,1,1,0,0,1,1,0
video-LRYpoNWeYLm3tZZst-frame-001800-SPjtR75r4gdkkde4B_jpg.rf.218a97669bfe5dea3bb9b8dbc10ff7f7.jpg,0,0,1,0,0,0,0,0,0
video-dpPsuZToLaq9myAK8-frame-005577-q7bQubHCeAaWAPtmo_jpg.rf.21eb98e85c8fdef6f6d10449ccc8006b.jpg,0,0,1,0,0,0,0,1,0
video-jNQtRj6NGycZDEXpe-frame-014996-5dzMs3vAEqSQKMHNb_jpg.rf.21eed8697d94d31fca618d18782aadcd.jpg,0,0,1,0,1,0,1,1,0
video-FWQff8BQpTRSt9hfA-frame-002850-Mqk7bzppAMoeWthfK_jpg.rf.21f0b55217e229ff75a3d9d912f57c94.jpg,0,0,1,0,0,0,0,1,0
video-Jbg7v6iuvSJavrMsD-frame-006150-BfhRKWhBYPq9J452g_jpg.rf.2208633e53c27e59ab5814b37d4ae9b4.jpg,0,0,1,0,0,0,0,1,0
video-5YffDt2oYT6CDzYHk-frame-001584-XDFk6BJqFdQYp5WEe_jpg.rf.221568799bb75e6849b9ef945c76e474.jpg,1,0,1,0,1,0,1,1,0
video-5RBAcNR5F6fB3i6P5-frame-007619-MZZzcQvWPRyptJBgq_jpg.rf.221ec67e4285285375b3449e6eaef72f.jpg,0,0,0,0,0,0,0,1,0
video-adR56jeLozpyonfJ4-frame-004650-i5hoQ7RWZmw7Wh2GG_jpg.rf.222512946193e8b62a689f3207a86409.jpg,0,0,1,0,0,0,0,1,0
video-a9TgkAvMGtM2gXpdj-frame-004268-KZxvhY9HFt5BQ3pms_jpg.rf.22285190b81f535e27d4989093c4c62c.jpg,0,1,1,0,0,0,1,1,0
video-TTDq3x6HSvFx3YRDH-frame-000265-ieAmh9gcfHuzaYofZ_jpg.rf.222967f0a382aff16f35121b08287fc5.jpg,0,0,1,0,0,0,0,1,1
video-AEZAaF8epmvQv5Nfj-frame-015331-p5MYJnFSXuNpt4Sh6_jpg.rf.222e7828d7c609af909a12b472966897.jpg,0,0,1,0,0,0,1,0,0
video-aMQG7QCtJKfnEdue5-frame-000922-kWi9PnTrM5BfJXwog_jpg.rf.223ecd4f32bb994e09f82dc80966282b.jpg,0,0,1,0,0,0,1,1,0
video-aMQG7QCtJKfnEdue5-frame-003263-bav47NSiRZuudyW4w_jpg.rf.22557f5828cda3ee6d3adf5abea25ef0.jpg,0,0,0,0,0,0,1,1,0
video-r68Yr9RPWEp5fW2ZF-frame-015475-5ibfTegJCTTbk7Tcw_jpg.rf.2257ba2aa7e4c8acfa55cc98bf3d35cd.jpg,1,0,1,0,1,0,1,0,0
video-rzDLT664bgLJ29B2f-frame-001500-8eCJQwQmi5TBxwxYe_jpg.rf.225d9e58899e5901ef421f05ddff4818.jpg,0,0,0,0,0,0,1,0,0
video-5YffDt2oYT6CDzYHk-frame-001307-5ecgy2Z85J5X5KtGA_jpg.rf.225fab6e4f799bde06ce7bfe4380b7af.jpg,1,0,1,1,1,0,1,1,0
video-sEs53HkN6oRqWdeQK-frame-003037-YpAe8hGp3QJ5FFbPn_jpg.rf.229294de1703e264b01334ed14c58df2.jpg,0,0,1,0,1,0,1,1,0
video-DJYDQTZH7GLCqw3Tx-frame-006927-cnQBZ899CSYQyPXcC_jpg.rf.2294a2a5fd9cbca2ce6cd44a5c81fafd.jpg,1,0,1,0,0,0,1,1,0
video-r68Yr9RPWEp5fW2ZF-frame-008793-yPZ3ye6dwdhv2TXsg_jpg.rf.22977c84850779528f70bbea96d1ced2.jpg,0,0,1,0,0,0,1,1,0
video-dpPsuZToLaq9myAK8-frame-005547-3brmJp6JXbLWfjfDB_jpg.rf.22ba1c496ec537a9040e4db603e4fc4f.jpg,1,0,1,0,0,0,1,1,0
video-a9TgkAvMGtM2gXpdj-frame-018207-eR9es53FQg3KuTeiG_jpg.rf.22b2049311d9c85de66e4b734d0631e6.jpg,0,0,0,0,1,0,0,1,0
video-JFiGa9oAAN2queuLt-frame-004087-ia3cDdbX4a9KvrCQw_jpg.rf.230e226b3714f92fbcef207adbc761d7.jpg,0,1,1,1,0,0,1,0,0
video-vvYEi6EdCrYXeHwpD-frame-003669-5XzXpYe6qBBWrK2yu_jpg.rf.22fd1b2d863faeb97e955f0b23abaf15.jpg,0,0,1,0,0,0,0,1,0
video-WFkuHrJEHigf6HCWZ-frame-003712-4wvioXKxWKpkoQHue_jpg.rf.22e70aaeb8c52f93c6f3c5f68f5be3fb.jpg,0,0,1,0,1,0,1,1,0
video-Gfv3kbdf5KAYRtPcz-frame-001242-HNRCkQ3uw45GBA55M_jpg.rf.2315a287ceeed414fe8b4bc4d80939ae.jpg,0,0,1,1,1,0,1,1,0
video-nCxsLGvXK8o25AmXW-frame-004300-WPZWBYsRzHyFyoymk_jpg.rf.22eee972b1b56f53644c812d9a87970c.jpg,0,0,1,0,0,0,0,0,0
video-DJYDQTZH7GLCqw3Tx-frame-005086-cTm8apFcQMCEQX8Kj_jpg.rf.2314ef3ef2f49454d2c3ac6ed126b723.jpg,0,0,1,0,0,0,1,0,0
video-a9TgkAvMGtM2gXpdj-frame-002844-iq9GDwJYdeTuXdHdK_jpg.rf.22da5953d9fc07a7e0ba455479bdcb3b.jpg,0,1,1,0,1,1,1,1,0
video-iFWh9r9TJWmTzTrha-frame-005014-WMB7fgRFkSpqa7DL2_jpg.rf.230ec553871e293c24c24802d2c2d344.jpg,0,0,1,0,1,0,1,1,0
video-JFiGa9oAAN2queuLt-frame-001334-FrSAuqwRBRxD2vh2n_jpg.rf.22fa39afc26ca919f8d8d86bb4af1194.jpg,1,0,1,1,1,0,1,0,0
video-nodg7n2aFzCWFJBnv-frame-007104-hNx7jKuSHtAvGDnx9_jpg.rf.22d5558977b5edff8fa20fa888696cc7.jpg,0,0,1,1,1,0,0,1,1
video-soRFb9y3iqE3YpJSG-frame-002972-ZYJFiCRaL8xDnaQhX_jpg.rf.22a45ed4036f2ff403631fbac5757bfd.jpg,0,0,1,0,0,0,0,1,0
video-7yaY3LisuPdNyfZH9-frame-005719-5Q79tP6ArM7S8oKKj_jpg.rf.2322abfed0f24fec00b9131d5048927f.jpg,0,0,1,0,0,0,1,0,0
video-rYXSHjnEfuLmjE6Z4-frame-000432-w6j8xPKzxnnFzB6mv_jpg.rf.232f46e903b7b747f540a9ad9d7bb19d.jpg,1,0,1,0,0,0,1,0,0
video-r68Yr9RPWEp5fW2ZF-frame-002846-v3rAXy2ncq5wGBLxS_jpg.rf.23336d2c02c89c406e4676c471f29907.jpg,1,0,1,0,1,0,1,0,0
video-cprcATqPmWGnc3cgi-frame-001782-LcpchHfJnpH87oDAW_jpg.rf.234916a02cfc84692ebc536c3aa4cb4d.jpg,0,1,1,0,0,0,1,1,0
video-nodg7n2aFzCWFJBnv-frame-003127-jckPiAe5wZLH633Me_jpg.rf.2346e70049b2b2f75c9f6e75a307e882.jpg,1,0,1,0,1,0,1,1,0
video-kDDWXrnLSoSdHCZ7S-frame-004458-w86fMLW6dpiwYgj4a_jpg.rf.23496d6af1938c2e4186f745223eecf2.jpg,0,0,1,0,0,0,0,1,0
video-JFiGa9oAAN2queuLt-frame-000527-Hy8kFvgioW7fnPMDW_jpg.rf.233cd3944222d44a4359fc4190bbb827.jpg,0,0,1,1,0,0,1,0,0
video-AEZAaF8epmvQv5Nfj-frame-010124-XffHFsLzDxGAd5w36_jpg.rf.23414d71b327f3c3d3267bf7f3afb8aa.jpg,0,0,1,0,0,0,1,0,0
video-vbhpsNpMoX2Qbhw2A-frame-001075-83TqMg6cKswRLsgBS_jpg.rf.2391038753e43441c92e82b2d1fa60d8.jpg,0,0,1,0,0,0,1,1,0
video-r68Yr9RPWEp5fW2ZF-frame-015725-9ttuLpNtdwFGrqDw7_jpg.rf.2360cbc4e30f847c37fa865cb0e16853.jpg,1,0,1,0,1,0,1,0,0
video-AkvAvb4X72cnTbbCw-frame-002139-hDhWrkGEgnXkEqfzq_jpg.rf.23854d501f6636bb294a1be99ea34c93.jpg,0,0,1,0,0,0,1,0,0
video-Gfv3kbdf5KAYRtPcz-frame-002971-sXxKgqtcbHSF56zMg_jpg.rf.23629238e4d5c78de16ba1982b0de3cd.jpg,1,0,1,1,0,0,1,0,0
video-AHWxmA7AFazuCjdrS-frame-001283-8woSabSTHrhzeMyQr_jpg.rf.235702dfd37b1eada8220792856b9472.jpg,1,0,0,0,0,0,1,1,0
video-nodg7n2aFzCWFJBnv-frame-002577-SbifxW8iYz6KtFu3y_jpg.rf.23816a15e083e931bb0ce82da56fc40a.jpg,0,0,1,0,0,0,1,1,0
video-Gfv3kbdf5KAYRtPcz-frame-003885-JS7j5yevuZzqWjGBX_jpg.rf.2337c4781e13738b2faa5b378ed68246.jpg,0,0,1,0,0,0,1,1,0
video-DJYDQTZH7GLCqw3Tx-frame-003321-AScqm6REH3bE7ndFg_jpg.rf.239272d0188bc028e27a79c6e289ed0d.jpg,1,0,1,0,0,0,1,0,0
video-DJYDQTZH7GLCqw3Tx-frame-008670-BaREsnProDstejKSa_jpg.rf.23b9acd51deb7c91d9fe3b4337d944eb.jpg,1,0,1,0,1,1,1,0,0
video-5An82wT7iBmfZSwx7-frame-001888-suamzaDzuGSsirEvZ_jpg.rf.23931bcdd0b33d0ed439272fb108fba4.jpg,0,0,1,0,1,0,1,1,0
video-rnZseY2bPiYhWEF2m-frame-003316-KTCkyT2pd9vN3kHwt_jpg.rf.23b9d6e0f93eaee45726f6085d95d8a3.jpg,0,0,1,0,0,0,0,1,0
video-TxNGEKRyWMf6Q7hS2-frame-000410-9jm3vwCKohtw6oDmR_jpg.rf.23c9c13cacc1d93370a66fa2118d1242.jpg,0,1,1,0,0,0,0,0,1
video-xEYBrQ5tarcDbiw9p-frame-007919-QatrFvq8LHBBopYYw_jpg.rf.23d13d9509184eca6861fafefd7f2eb1.jpg,1,0,1,0,0,0,1,1,0
video-XCJD9qhzXNoZCn37i-frame-004328-m9uxJYQdeWzPyJyWP_jpg.rf.23fbb51a82121b6f61736911e1794015.jpg,0,0,1,0,1,1,1,1,0
video-2SReBn5LtAkL5HMj2-frame-009707-bJtvBeJFbGYhqcrhh_jpg.rf.24015eead763c69a4a11324a0c269d2d.jpg,0,0,1,0,0,1,1,1,0
video-Gfv3kbdf5KAYRtPcz-frame-003385-8WoDohedDgyGCheDe_jpg.rf.240a167f91cf1383c512ac985bae770a.jpg,1,0,1,1,0,1,1,1,0
video-aMQG7QCtJKfnEdue5-frame-000685-agWYA8G6TWtnkcQPt_jpg.rf.241610ec0fd655ce3493e01b3a9fc959.jpg,0,0,1,0,0,0,1,1,0
video-jEAhuERdkqBfeTdux-frame-000000-96EneFLSSmKkitLQu_jpg.rf.241ee4fd6b10eab944a2d283d9d976c3.jpg,0,0,1,0,1,0,1,1,0
video-iTrM5ner4KQGLvpdC-frame-001498-LbQaBcS9rcYvqRHtQ_jpg.rf.24074e5b9cdaa57af38010c35129f5a7.jpg,0,0,1,0,1,0,0,1,0
video-r68Yr9RPWEp5fW2ZF-frame-015545-ZMjBDHmBSaAPd8H7P_jpg.rf.242d50f857921c88758f6080f73358f6.jpg,1,0,1,1,1,0,1,0,0
video-AEZAaF8epmvQv5Nfj-frame-015051-2zA9wPEXEFsLrrfzd_jpg.rf.243adbcdcbfe53badb3e44d9aef76702.jpg,1,0,1,0,0,0,1,0,0
video-ELruYFQjkqpZnir29-frame-001974-vFXtNBi5qqXsear2d_jpg.rf.242e256d10abacfb5db8f654d837ec7d.jpg,0,1,1,0,0,0,1,0,0
video-TTDq3x6HSvFx3YRDH-frame-003635-p3dHDZuRXnZxX7q8Q_jpg.rf.241d78656f43e7f381b9f6ec0bd72292.jpg,0,0,1,0,0,0,0,1,0
video-jNQtRj6NGycZDEXpe-frame-014260-veKCrocMrj8LkBkHx_jpg.rf.2487aa7dc724b5a651baa45be812c288.jpg,0,0,1,0,1,0,0,1,0
video-7EPybiwBrzjDKn7TZ-frame-002172-45Xunknxrj2C9owtw_jpg.rf.248492b508596cbf1d4b0498133654b3.jpg,1,0,1,0,0,0,1,1,0
video-DJYDQTZH7GLCqw3Tx-frame-007940-jD4XSSjFDWDz828HE_jpg.rf.2498808a14da2ffb29e331ed0f949bf4.jpg,1,0,1,1,0,0,1,0,0
video-eLrXYzMxSL9NCXiQq-frame-001386-uZKaR5KMKREgHd8SM_jpg.rf.24928196f090917a2e9cfc3d71d927a0.jpg,0,1,1,0,1,1,1,1,1
video-wGdqQimawNX3RYv76-frame-013027-Nhy4xhj824rsR2nxB_jpg.rf.241c56b3fe64c2968c7eeccddcbbed2f.jpg,0,0,1,0,0,0,0,0,0
video-bMrDdfuGsBBSj3ApB-frame-000300-5xPmq59bC4kDQFTqA_jpg.rf.240eb1612921b67af21ce6d1731cd089.jpg,0,0,1,0,0,0,0,1,0
video-c3Lxro5s7dbYgdGRp-frame-004949-yuJLfD5SEQocDTDBS_jpg.rf.249da57cb493752f10ea763222a73d4a.jpg,0,0,1,0,0,0,0,0,0
video-YzRKMLLSDnZLFpPmg-frame-013119-zdA3SapdcZcapiccz_jpg.rf.24ab6b3605e7619448ef3921493fa98a.jpg,0,0,0,0,0,0,0,1,0
video-4zQqsnWRwK7SFPpBy-frame-007163-EvefAdJpHsWKJ9ghb_jpg.rf.24b36edc778b8dd428d48a82bcb9adbc.jpg,0,0,1,0,0,0,0,1,0
video-ELruYFQjkqpZnir29-frame-001200-gS5BkLtNNuYQL5FE6_jpg.rf.24c5eea9b50fd74ee03762a79bb2c655.jpg,0,0,1,0,0,0,1,1,0
video-c3Lxro5s7dbYgdGRp-frame-003981-MDu9S42QXL7GJmjRB_jpg.rf.24d23422cf21d0f8fd0b528705683f61.jpg,0,0,0,0,0,0,0,1,0
video-iTrM5ner4KQGLvpdC-frame-003442-47NLt2KBeySX95L3N_jpg.rf.248a7e2955bbd676469e89260447c3b4.jpg,0,0,1,0,0,0,0,0,0
video-YzRKMLLSDnZLFpPmg-frame-012299-mxTk4sqTgnJR7wgQi_jpg.rf.24f95bab5368c2db4cee06dfa10f8c4d.jpg,0,0,1,0,0,0,1,1,0
video-DJYDQTZH7GLCqw3Tx-frame-008210-yDJjRsNa6JcFcKTuZ_jpg.rf.24d36b0ad4fbe83052b316bee88debe6.jpg,0,0,1,0,0,0,1,1,0
video-rYXSHjnEfuLmjE6Z4-frame-000687-t3jsQYoa6zsq5FACE_jpg.rf.24a62c7d7ff143391fecf2ad80caabc5.jpg,1,0,1,0,1,0,1,0,0
video-wGdqQimawNX3RYv76-frame-006549-zgsGksQcrKyFdrQvz_jpg.rf.254c5b24c0e57ac48220c309be356265.jpg,1,0,1,0,0,0,0,0,0
video-r68Yr9RPWEp5fW2ZF-frame-014690-LL6bnj4snMzRJNJik_jpg.rf.25201f2fe160776c2f64fbbbc71263f1.jpg,0,0,1,0,1,0,1,1,0
video-DJYDQTZH7GLCqw3Tx-frame-006917-YD6WN8N5cpkJuP6Jx_jpg.rf.25796936ab021e2f65a717f1ba3261b2.jpg,1,0,1,0,0,0,1,1,0
video-86XuF6pPvWfBCqyNt-frame-001896-rLKLTxY4XSgzY3ZGq_jpg.rf.253bcc0200aa2ab994cf4ba65ea3ec88.jpg,0,0,1,0,0,0,1,1,0
video-TxNGEKRyWMf6Q7hS2-frame-001548-DkdrjtFPkw7sJZuiA_jpg.rf.2509aa6624cf2750c054cb4314c75e5c.jpg,0,1,1,0,0,0,0,0,0
video-ydbh3ikFGJFieXswZ-frame-009450-uGChn2FuQPhkCCSa8_jpg.rf.24fc54211600c1729b331e75d7d294d6.jpg,0,0,1,0,0,0,0,0,0
video-8CvM2BExBLyQFZrK8-frame-003445-22HR9LhfZDGyprh9Y_jpg.rf.2552b0ad986a63c663e4b3e0c01189c8.jpg,0,1,1,0,1,1,1,1,0
video-Bfb39QmAgJQZfE7Pu-frame-026823-cF9Q43kob3omWKHvy_jpg.rf.2570bbff22c356941da604eeb11b3432.jpg,0,0,1,0,1,0,1,1,0
video-vbhpsNpMoX2Qbhw2A-frame-001155-KxXogmserhYke4pu7_jpg.rf.250d5cfeffeecb54c5adccc202c343aa.jpg,0,0,1,0,1,0,1,1,0
video-vbhpsNpMoX2Qbhw2A-frame-000604-cBskMS7qGxbb3gn57_jpg.rf.254e6c9476e821df679e10b2e940c5ce.jpg,1,0,1,1,1,0,1,1,0
video-DJYDQTZH7GLCqw3Tx-frame-007490-rudvdk48BxB2PpAup_jpg.rf.25baba20a42314833c1ff76e85019374.jpg,1,0,1,0,0,0,1,1,0
video-5nvtKBPHiNQqpswFE-frame-006900-gi5Akc5AhTCcbLPv6_jpg.rf.2596c1e3b0300b6b9bec578a95202cca.jpg,0,0,1,0,0,0,0,1,0
video-2MbnnGTv27EBLGqiQ-frame-003450-LbKQsJZLc6qh2tuxg_jpg.rf.25ba9134c79d44b1013e6856b6d8813f.jpg,0,0,1,0,0,0,1,0,0
video-5HPT2goT53ceRpvRm-frame-000885-7Yenw5RRmfLdrrYPu_jpg.rf.2592fcff4a9a00e5ae1bfb1933c5e9ed.jpg,1,0,1,0,0,0,1,0,0
video-wGdqQimawNX3RYv76-frame-010927-Q3Kooi8s8ahYpfx8E_jpg.rf.25a40d457aa0c7a7c09dfa8dbc2a7628.jpg,0,0,1,0,0,0,0,1,0
video-rYXSHjnEfuLmjE6Z4-frame-000162-frbj6tSkfhSLWMsgv_jpg.rf.25a175df1931dd264c88215b71cbdb6f.jpg,1,0,1,0,0,0,1,1,0
video-Gfv3kbdf5KAYRtPcz-frame-001302-JHP9K9xezYzZbNb6M_jpg.rf.25a4d5cc80f2b2a0ad5539e7e4921734.jpg,0,0,1,1,1,0,0,1,0
video-5HPT2goT53ceRpvRm-frame-000450-NpjLSJEiGah6ypS4A_jpg.rf.25ae5f1fda6459d44e5e8f8d6a149b54.jpg,1,0,0,0,0,0,1,0,0
video-YzRKMLLSDnZLFpPmg-frame-007371-WS7RJm3kwxkCjsPQ4_jpg.rf.25d524f60763975e10bc439c0b273865.jpg,0,1,1,0,0,0,0,1,1
video-EcPY55txZdfhevYiW-frame-000363-etDHSYfrn789zAbn5_jpg.rf.25ed7499e3d5e5abd35e207eb84e2506.jpg,0,1,1,0,0,0,1,0,0
video-Gfv3kbdf5KAYRtPcz-frame-003655-pncgz4N6MQG7uzaP7_jpg.rf.25d7ef9f911322123774c88e9df54461.jpg,1,0,1,0,0,0,1,1,1
video-4zQqsnWRwK7SFPpBy-frame-002268-9D78vn3W2PB8dWEXb_jpg.rf.261fa2bf8844369db69a38940648b9d3.jpg,0,1,1,0,0,0,0,1,0
video-XNM8eHsvxCMJ6peuj-frame-000256-KGQEWwRCY284FNd63_jpg.rf.25bee11d6e2035071b528d54f554947e.jpg,0,0,1,0,0,1,1,1,0
video-a9TgkAvMGtM2gXpdj-frame-014938-L7cbeRJR4ArFGv9MX_jpg.rf.25fb4967259a9c9da4df3e0ed1853936.jpg,0,0,1,0,0,0,0,1,0
video-iFWh9r9TJWmTzTrha-frame-006334-r5Wet9caHcDRhZ7YA_jpg.rf.2625b41d0a8358e86365c3554362c048.jpg,1,0,1,0,0,0,1,1,0
video-DJYDQTZH7GLCqw3Tx-frame-003461-yTRbQMLQcmJNhTHzA_jpg.rf.25fcc2ed8563adcd4f78953dd128e91f.jpg,1,0,1,0,0,0,1,1,0
video-4KhLCjoeEmjGBaRLQ-frame-000690-q4oqBFoaAtkzivjY5_jpg.rf.250d69f716d4a40b257322a206e1e594.jpg,0,0,1,0,0,0,1,1,1
video-5YffDt2oYT6CDzYHk-frame-003689-ZoPdsW2yjvStfabbJ_jpg.rf.25e8498b37f7592571f5c05069cbeda1.jpg,0,0,0,0,1,0,0,1,0
video-nodg7n2aFzCWFJBnv-frame-000875-dmNv4bAGKmFSj8mMX_jpg.rf.26365fbfe2421a24e77a073fe7b26747.jpg,1,0,1,0,1,0,1,0,0
video-TEAocgWiwwMWxYtgJ-frame-004701-nk7acYK2aFhY4ZBTR_jpg.rf.2608893df6b1795a91a0e24d51d2205c.jpg,0,0,1,0,0,0,1,0,0
video-Gj7ejTPCZZnD5YwPv-frame-001585-T6wEi5EZCScFbhxLw_jpg.rf.2646a61fc06a60b03e246e3b07ece2a6.jpg,1,0,1,1,0,0,1,1,0
video-8CvM2BExBLyQFZrK8-frame-000826-keCAg8LyAmk2ZdXeK_jpg.rf.262365e74e3157a8690c94da344debb6.jpg,0,0,1,0,1,0,1,1,0
video-vbhpsNpMoX2Qbhw2A-frame-006074-yXSw3PQPnYetMghN5_jpg.rf.2630fffb887504885b6e23c68bbbb2bb.jpg,0,0,1,0,0,0,0,1,0
video-a9TgkAvMGtM2gXpdj-frame-013871-d9gA5uPMsZaLbtzjk_jpg.rf.25fb03f46dc7dc7ec1fa0306e2cfbdf3.jpg,1,1,1,0,1,0,1,1,0
video-WFkuHrJEHigf6HCWZ-frame-001617-XehKjQmmmFJb9ZFFh_jpg.rf.264bb65a581092046465b1031610b7d7.jpg,0,0,1,0,0,1,1,0,0
video-AEZAaF8epmvQv5Nfj-frame-016992-RXK8xA5WkYzkhJemv_jpg.rf.2646d427646e614b76d20b27fc846dc1.jpg,1,0,0,1,0,0,1,1,0
video-dpPsuZToLaq9myAK8-frame-005154-2YLD5PpENy8BxwGWh_jpg.rf.25f6c426568c8a94dd81d918f5e2c471.jpg,0,0,1,0,0,0,1,1,0
video-DJYDQTZH7GLCqw3Tx-frame-004321-rsursPB8ZCegdaFoo_jpg.rf.262b91e4e44a2c098f386b3e3aca32bf.jpg,1,0,1,0,0,0,1,0,0
video-AEZAaF8epmvQv5Nfj-frame-009459-cDFs3iQKXKM5wzeee_jpg.rf.261ec80a216ebef9c8d5cb13d8514119.jpg,1,0,1,0,0,0,1,0,0
video-AEZAaF8epmvQv5Nfj-frame-006530-8ZPsTHTyKrvkv9RRb_jpg.rf.26558db6025d649d950b474edd2219b7.jpg,1,0,1,1,0,0,1,0,0
video-Gfv3kbdf5KAYRtPcz-frame-004321-Fa4zmHbapnzYTrHhd_jpg.rf.2648aac5e208fe6a74559314837e6721.jpg,1,0,1,1,0,0,1,1,0
video-EcPY55txZdfhevYiW-frame-009451-xS9uAeZBMh3CkTd8n_jpg.rf.266a79e3a97b122aa466009a2aac20ef.jpg,0,0,1,0,0,0,1,1,0
video-nodg7n2aFzCWFJBnv-frame-000185-owPz7urmArGyZFQiP_jpg.rf.265c95d90f599be286b17c932d2e64ef.jpg,1,0,1,0,0,0,1,1,0
video-7EPybiwBrzjDKn7TZ-frame-003157-DfFAJqk9A8aiHdifZ_jpg.rf.2665090cb75919651dae8d243aa71874.jpg,0,0,1,0,0,1,1,1,0
video-5YffDt2oYT6CDzYHk-frame-002517-Sg29DoTxF5CjBoGsu_jpg.rf.26a19c770b4e0695071f64ea9fa6098e.jpg,0,0,1,0,1,0,1,1,0
video-KTtJnXH7CcPgLeF2G-frame-002454-htWvXx9Wffs5gm64X_jpg.rf.2684d90a31c2f845ee01f9f7f10f251d.jpg,0,0,1,0,0,0,1,0,0
video-rnZseY2bPiYhWEF2m-frame-000129-aiyqoF8ZEWMkSNpfL_jpg.rf.269fa04037d4c6b9b39ccf1626703ac7.jpg,0,0,1,0,0,0,1,1,0
video-ZicHYAPRYGdu82nAa-frame-003276-rKAqQAkQhsBYy3nYz_jpg.rf.26dbf3586f9bea920b086635ece74429.jpg,0,0,1,0,1,0,1,1,0
video-DJYDQTZH7GLCqw3Tx-frame-005679-pe2RLqjdbQjhbqFsW_jpg.rf.26a1bcc87d0baaef1c8a4d3adea519e0.jpg,1,0,1,0,0,0,1,0,0
video-cprcATqPmWGnc3cgi-frame-001036-aMSgZfcKuTJrocZg8_jpg.rf.26b4c8dd82693025829677e149313be1.jpg,1,1,1,0,0,0,1,1,1
video-zNFzcc9wW8XB4QwTa-frame-003942-47cqtpMMdATtwyYS5_jpg.rf.2672566f3d5af32672702b1e46d6c56a.jpg,0,0,1,0,0,0,0,1,0
video-TTDq3x6HSvFx3YRDH-frame-001715-fJTpgwM9wxwYHsmMW_jpg.rf.26e6c0fe14ce7bf12d05a3d43bececf3.jpg,0,0,1,0,0,0,0,1,0
video-6WgZhpFdCJP3a2cWi-frame-003995-eFqBY5cbiN8n466uT_jpg.rf.2736b174a126538b4cec4f7539696355.jpg,1,1,1,0,1,1,1,1,0
video-Gfv3kbdf5KAYRtPcz-frame-001222-FN6bGEL5SwDy425H6_jpg.rf.275485dcbd0a1659956ed5bdea7f0712.jpg,0,0,1,1,1,0,1,1,0
video-GXXqNLCqyu72TLx5i-frame-002601-3sCer54HybXW65sqx_jpg.rf.2732e445f7553200058da77e075c10f4.jpg,0,0,1,0,1,0,1,1,0
video-DJYDQTZH7GLCqw3Tx-frame-007530-BTwfQX3wKmToWy34g_jpg.rf.27226f8743f7ec0733a591169cb819e8.jpg,1,0,1,0,0,0,1,1,0
video-aiXLPEvp86raemrsp-frame-002975-kZJ89dCfWgHE8RT6M_jpg.rf.275d4a873fe6ccb2e8eff55b4d1d2003.jpg,0,1,1,0,0,0,1,0,0
video-aMQG7QCtJKfnEdue5-frame-002840-6XSJnotLMFywEsCs6_jpg.rf.2671cd126197c18abd7d3aef3862223f.jpg,0,0,1,0,0,0,1,1,0
video-GzdKTLbkG5F7gAunM-frame-000584-e77hj2diWCrozywZk_jpg.rf.272726d802b6e48f4af2a20208fe0183.jpg,0,0,1,0,1,1,1,1,0
video-2Af3dwvs6YPfwSSf6-frame-004350-FpBDZ5wooJyu44oWw_jpg.rf.274f7657ee80dc1c1e74e6425ea022f8.jpg,0,0,1,0,0,0,0,1,1
video-r68Yr9RPWEp5fW2ZF-frame-006366-6mxDS69qohm3WC3fg_jpg.rf.279c9aa96bcb31017baec4a31a1f576a.jpg,0,0,1,0,0,0,1,1,0
video-GXXqNLCqyu72TLx5i-frame-001062-PF5DjGunJmm2kyhRn_jpg.rf.279a05a7affdb8aa6f96d2ee32026671.jpg,0,0,1,0,1,0,1,1,0
video-JFiGa9oAAN2queuLt-frame-003947-ZuoGtTpoa9tdWierY_jpg.rf.27876d205f906974687bf1f1e6661ae4.jpg,0,1,1,0,0,0,1,0,0
video-vbhpsNpMoX2Qbhw2A-frame-001185-vjeo49sttSekN5rWF_jpg.rf.277fd278b8b20082f907473084d6a726.jpg,0,0,1,0,1,0,1,1,0
video-AEZAaF8epmvQv5Nfj-frame-015221-xu2naZz6my5GiosKa_jpg.rf.27c38ae0c4d2d2db85df737e7eeffe06.jpg,1,0,1,0,0,0,1,0,0
video-eLrXYzMxSL9NCXiQq-frame-000000-2tm4q3d4pZ98FisyQ_jpg.rf.277e607b755bf201c70fff8cde372067.jpg,0,0,1,0,1,0,1,1,0
video-bMrDdfuGsBBSj3ApB-frame-004800-uuDEyzLzHsb655TvP_jpg.rf.27c662a21a28a09352ca67976cb80739.jpg,0,0,0,0,0,0,0,0,1
video-AEZAaF8epmvQv5Nfj-frame-015671-8QCctZqDHCcLhKSdQ_jpg.rf.2775cdf3c74c29005f48ea31f2bfa003.jpg,0,0,1,0,0,0,1,0,0
video-yBdrow6zFe5E8uEwn-frame-001290-xSzWsSysEtubs48js_jpg.rf.27ed5f92d29a42529e8f247544a77a11.jpg,1,0,1,0,0,0,1,0,0
video-DJYDQTZH7GLCqw3Tx-frame-007320-3gEnG8GSkByQZAihX_jpg.rf.27f787dd6c8a6639c997a33d7ed40f73.jpg,1,0,1,0,0,0,1,1,0
video-7yaY3LisuPdNyfZH9-frame-005980-RRqGt8HwxRQAnDK63_jpg.rf.277769a3975abf33c8d91e0a658e1956.jpg,0,0,1,0,1,0,1,1,0
video-hmsJCeMCWjX2FhxD8-frame-002569-rfzkyxHmLp7MZrSni_jpg.rf.27cd4f90338361494743074ba43cbe6b.jpg,0,0,1,0,0,1,1,1,0
video-7RdKmtytvKgfNcTNv-frame-000600-MkRNgQsjL4nswFXNf_jpg.rf.27edd8b8b29a4c7a20d3002ba9882251.jpg,0,0,1,0,0,0,0,0,0
video-AEZAaF8epmvQv5Nfj-frame-006550-SEyrnjTTQohaoudaa_jpg.rf.2797f5f40bdaaad4112a7c60e9927184.jpg,1,0,1,1,0,0,1,0,0
video-5An82wT7iBmfZSwx7-frame-001533-y638m2ZBvCrrQL98T_jpg.rf.27b99d21f28ee2ffeb2f52ed77ccfd8b.jpg,0,0,1,1,1,0,1,1,0
video-XCJD9qhzXNoZCn37i-frame-009738-8fqnjnR2EmugceRgJ_jpg.rf.27eb4872f5ea9443bf8ee30ba78a3e28.jpg,0,0,1,0,1,1,1,1,0
video-ZicHYAPRYGdu82nAa-frame-003321-GJGafZg3A9b8thQyy_jpg.rf.2804cad010dfc538b933e7fd6998cec0.jpg,0,0,1,1,1,0,1,1,0
video-JFiGa9oAAN2queuLt-frame-005397-xgLzsrrYc8AtFRdEu_jpg.rf.28153993794a7213efb02ec65feeef3c.jpg,0,1,1,0,0,0,1,0,0
video-FWQff8BQpTRSt9hfA-frame-005250-Xo5k8iLCkK8fHuMxY_jpg.rf.276bf434488a52b00a2db8e798ef727b.jpg,0,0,1,0,0,0,1,0,0
video-uSr74imQfjLhADgQZ-frame-000288-tsShE5pXY8nxYkv5A_jpg.rf.2827d637459f7ee3074254edae78fcaa.jpg,0,0,1,0,0,0,1,0,0
video-Gfv3kbdf5KAYRtPcz-frame-003111-WKKTMkW76zW7CLTLr_jpg.rf.281e92a29c1aa2cf9ea23b3deeb7319f.jpg,1,0,1,0,0,1,1,1,0
video-Gfv3kbdf5KAYRtPcz-frame-004231-nNg5ZWH3b9hTAe2ne_jpg.rf.2823b3ab75b2d723170705f674c074e4.jpg,1,1,1,1,0,0,1,0,0
video-BjSfmxLQqCGjg8tya-frame-004848-3LNcKnDpcDBggP6hX_jpg.rf.28629800f5a0eead899fb90d136846ab.jpg,1,0,1,0,0,0,1,1,0
video-BjSfmxLQqCGjg8tya-frame-001533-2kbg8W8a9gZcizkh4_jpg.rf.288f1d4ab966b8ac06200389bbc6de32.jpg,0,1,1,0,1,0,1,1,0
video-WGCm6DTcSjgg7FgMm-frame-002700-WY3RAnmz3qhQve8yR_jpg.rf.28a5ba62e6fd5f7ef9fda8a5fa1024db.jpg,0,0,0,0,0,0,0,1,0
video-yBdrow6zFe5E8uEwn-frame-013760-ZLMf2SwQ4BRthLxCN_jpg.rf.289b7d1de442e6da5c434874ced7c9fd.jpg,1,0,1,0,1,0,1,1,1
video-7EPybiwBrzjDKn7TZ-frame-003831-fDbzSvxzHJbvsC9Ld_jpg.rf.28c01c0d718e1ecadb6a77dec46c6654.jpg,1,1,1,0,0,0,1,1,0
video-dpPsuZToLaq9myAK8-frame-000693-kGjcKSK5rut93jjCa_jpg.rf.28dc9ff12b5f0993c9f9ab81004edfb6.jpg,0,0,1,0,0,0,1,1,0
video-fZKBh7mRSKHjXS2zk-frame-005850-6thjnDxyWxRCSaW8X_jpg.rf.2898d201f30f86f0c3086061b73ada58.jpg,0,0,1,0,0,0,0,1,0
video-MoCHppHsM4bnncPmS-frame-001753-4N9xuKqiCs9MfZXEd_jpg.rf.28a47035776d6779e0760c9d785ca06f.jpg,0,0,1,0,0,0,1,1,0
video-8CvM2BExBLyQFZrK8-frame-003586-fAqph2B2FCZAxtKhj_jpg.rf.28c890536749da14a6c9cf0f5ded76e5.jpg,0,1,1,0,0,0,1,0,0
video-AEZAaF8epmvQv5Nfj-frame-015241-r6rxKS8vZpSg55JyN_jpg.rf.28ed8059ceeb6fc90ae304a4c22b9b97.jpg,1,0,1,0,0,0,1,0,0
video-r68Yr9RPWEp5fW2ZF-frame-013818-xuWbBmFv6xZcQhXts_jpg.rf.28e8124063d6e87a9b1e4a7435725c1e.jpg,0,0,1,1,1,0,1,1,0
video-AHWxmA7AFazuCjdrS-frame-004137-KCKfkfmk92Xyn8L65_jpg.rf.2891a61449f16b7537b50842f4f45cbe.jpg,0,0,0,1,0,0,0,1,0
video-7yaY3LisuPdNyfZH9-frame-001129-ezxhpW7ut3yujs5JS_jpg.rf.29095deb083b7775a3ee1e2bf873cc3c.jpg,0,0,1,0,1,0,1,1,0
video-Gfv3kbdf5KAYRtPcz-frame-003795-qkww63QLtnYjEQdHc_jpg.rf.2911f4442593d65343852e58822c8ce1.jpg,1,0,1,1,0,0,1,1,0
video-vbhpsNpMoX2Qbhw2A-frame-005994-AyyTy33hFa8quetW6_jpg.rf.28e3b71a069479dbcbbadfc3d344dbdd.jpg,0,0,1,0,0,0,0,1,0
video-AEZAaF8epmvQv5Nfj-frame-009739-yc8GasSrq9YG3NF8w_jpg.rf.29551f65c4dc74b7d97b1f74f710043d.jpg,0,0,1,0,0,0,1,0,0
video-XqruwSRkto63xLX3v-frame-004996-kADeXMuETSWbvK6H8_jpg.rf.290f518196172e2e80bd9af3e11d8816.jpg,1,0,0,0,0,0,1,0,0
video-WiuWWrsHrJsDcfFzg-frame-003619-hW6c3wem3f27Tuaur_jpg.rf.28f4995804112898065752588cad2080.jpg,0,0,1,0,1,1,1,1,0
video-86XuF6pPvWfBCqyNt-frame-007837-ckwiRsBmXAA4vY355_jpg.rf.292c783e96b668e384feec29e80cbebe.jpg,0,0,1,0,1,0,1,1,1
video-JFiGa9oAAN2queuLt-frame-005017-Ta6acevTedjYtcyWe_jpg.rf.291cdd774c48762b457de48ba20cc572.jpg,0,1,1,1,0,0,1,0,0
video-r68Yr9RPWEp5fW2ZF-frame-014820-hJbYdhLKSFbzsATww_jpg.rf.2920a519a1967c47fe5b04009e7e2f5e.jpg,0,0,1,0,1,0,1,0,0
video-G9ZpKLJEKsMheip7b-frame-005850-KPe5LiPq2JWjyumpT_jpg.rf.28fd8f7116066e0504b618c3f31a9f00.jpg,0,0,1,0,0,0,1,0,0
video-BjSfmxLQqCGjg8tya-frame-000585-qH8LjTDKFvmk6NuYL_jpg.rf.2943846c98ec326f7715ea0811c815fc.jpg,1,1,1,0,1,0,1,1,0
video-eLrXYzMxSL9NCXiQq-frame-003442-tcL9wKbxRAQY3FA8N_jpg.rf.296bc3e3eb811d1af1fd5f54ab1e03a3.jpg,0,1,1,0,1,1,1,1,0
video-TEAocgWiwwMWxYtgJ-frame-004671-WSkKxyBrPaLLqqr94_jpg.rf.295b7cd7889608bddfca0d19e5827e6f.jpg,0,0,1,0,0,0,1,0,0
video-8CvM2BExBLyQFZrK8-frame-001076-BSSjHJpJrAKtrgy2T_jpg.rf.28ee7d0dc311d36e90656b2b75c9f3cf.jpg,0,0,1,0,0,0,1,1,0
video-vbhpsNpMoX2Qbhw2A-frame-001335-SLDCcsYGZL5tJZfRh_jpg.rf.2961b39541c6b481302b6cc34b2d7107.jpg,0,0,1,0,1,0,1,0,0
video-Jbg7v6iuvSJavrMsD-frame-010050-z8wT4vFm5tXQiPfYo_jpg.rf.297df4e691a2dd15398cd8b80ff2bfd8.jpg,0,0,1,0,0,0,0,0,0
video-5An82wT7iBmfZSwx7-frame-000360-b6gPgrRqvZQyhtrRr_jpg.rf.2987e0924601436a4170b9351977f760.jpg,0,0,1,1,1,0,1,1,0
video-dgYrcYcm5G75w2GJc-frame-001688-sD4LzcYPvhu2hYWh5_jpg.rf.298397f06d6f8b3fc13c98ff5c7526ae.jpg,0,0,0,0,0,0,0,1,0
video-AEZAaF8epmvQv5Nfj-frame-009721-TadgLwCLGTiMaXqux_jpg.rf.29a8677ce28eaecaa0939db9677b8e27.jpg,0,0,1,0,0,0,1,0,0
video-JFiGa9oAAN2queuLt-frame-001114-7x5s3Ydc6mg9p9PG9_jpg.rf.29b9017d898d8c8a043a209653a703e0.jpg,1,0,1,1,1,0,1,0,0
video-2rsjnZFyGQGeynfbv-frame-007004-DZs6azsLkS2nnxxPA_jpg.rf.29d38584182fba75a2443672411c5412.jpg,0,0,1,0,1,0,1,1,0
video-YzRKMLLSDnZLFpPmg-frame-006559-icWqXxd2qZcugrcYr_jpg.rf.29ae6622f4ce847269a391907508289e.jpg,0,1,1,0,0,1,1,1,0
video-7EPybiwBrzjDKn7TZ-frame-003367-LFYwszaa9qF5dBEa7_jpg.rf.29c951350cccabac58d5f1b4cb052a42.jpg,1,0,1,0,0,1,1,1,0
video-jNQtRj6NGycZDEXpe-frame-008510-h8zisYz983snAsPDX_jpg.rf.295b45c088ff83bb28d7122550333979.jpg,0,0,1,0,0,0,1,1,0
video-aMQG7QCtJKfnEdue5-frame-003158-SYrZXtSaavAJtThj4_jpg.rf.2a052d913abeee91349d67329a19852a.jpg,0,0,1,0,0,0,1,0,0
video-7yaY3LisuPdNyfZH9-frame-006220-wpYtFvcMbrLR2y7Ys_jpg.rf.29f9bb0f7f1e84f119d82e0ffb9ec96f.jpg,0,0,1,0,1,0,1,1,0
video-JFiGa9oAAN2queuLt-frame-007251-zcgDSq2FZrDoe6A5h_jpg.rf.29ffa4b500f1552625f6f3f081512cb4.jpg,1,0,1,0,1,0,1,0,0
video-vbhpsNpMoX2Qbhw2A-frame-000434-B6fnD5bPPuk9rS5yB_jpg.rf.2a06030ef563bccf6c9efc69762da512.jpg,0,0,1,1,1,0,1,1,0
video-vbhpsNpMoX2Qbhw2A-frame-001195-iE2azpgPSJBePXCvH_jpg.rf.2a364968e94aac8e74fdbc58cc8ca630.jpg,0,0,1,0,1,0,1,1,0
video-7EPybiwBrzjDKn7TZ-frame-001902-MqMkm3BZ7K4WwaeWW_jpg.rf.2a0113ffcc8232e627429eb931720f7d.jpg,0,0,0,0,0,0,1,0,0
video-MoCHppHsM4bnncPmS-frame-000300-3w6yijQiABJZ8uvTD_jpg.rf.2a1cbb08ae2dd4ef8ced6dc64d0543e7.jpg,0,0,1,0,1,0,1,1,0
video-aMQG7QCtJKfnEdue5-frame-000505-wAszScapyZ6NLY3nE_jpg.rf.2a5777e16abbcbd8fb6b04600d948f49.jpg,1,0,1,0,1,0,1,1,0
video-cprcATqPmWGnc3cgi-frame-000300-7N5bRC8zYeXag27hz_jpg.rf.29bab1b6612a762d7fe3328bb704e0a4.jpg,0,0,1,0,0,0,0,0,0
video-nodg7n2aFzCWFJBnv-frame-000245-anv6fgMhjWBwZ4vHx_jpg.rf.2a5d5f311b52c7abf886d4d27acd3eec.jpg,1,0,1,0,0,0,1,1,1
video-iFWh9r9TJWmTzTrha-frame-007374-itCkRWbhDEquayBri_jpg.rf.2a5ec07d1a621ff7f2af677f1c58d135.jpg,0,0,1,0,1,0,1,1,0
video-TTDq3x6HSvFx3YRDH-frame-004082-6FRCPFwgDy4KkTq5v_jpg.rf.29acddf5ef518cf0c3de82ada896d98f.jpg,0,0,1,0,0,0,1,1,0
video-dpPsuZToLaq9myAK8-frame-004884-v2RiMdiqR7jY87cQC_jpg.rf.29d03fdeb0861fa70f9396d8f9006e60.jpg,1,0,1,0,0,0,1,1,0
video-BjSfmxLQqCGjg8tya-frame-000705-N6aH5tib9m6Zvf7po_jpg.rf.2a1d41763409f1b31175836ec4b9f5fa.jpg,0,1,1,0,1,0,1,1,0
video-8CvM2BExBLyQFZrK8-frame-001749-3eAGx57FBX9s6gvoj_jpg.rf.2a6c26c22167e22d8c8579a56708ec91.jpg,0,0,1,0,1,0,1,1,0
video-DJYDQTZH7GLCqw3Tx-frame-007310-jXuJxYhr2eeek5NmW_jpg.rf.2a9a8646e308163918179285faac5027.jpg,1,0,1,0,0,0,1,1,0
video-AEZAaF8epmvQv5Nfj-frame-010946-gxp5RyP5FZnSfNS4T_jpg.rf.2a2d5e24c95bc866892c099cbcdad5fe.jpg,0,0,1,0,0,0,1,1,0
video-7EPybiwBrzjDKn7TZ-frame-004996-Rwifd4CB2oSWznHXH_jpg.rf.2a7b0256d419e36d52f829f74903928e.jpg,0,0,1,0,0,0,1,1,0
video-aMQG7QCtJKfnEdue5-frame-000892-nuWgXE36g3mJZT9fK_jpg.rf.2a98105bc9967be6c5c30e82955ba271.jpg,0,0,1,0,0,0,1,1,0
video-AkvAvb4X72cnTbbCw-frame-001820-qMsGLkY2LTKT7C6z9_jpg.rf.2ab329e72c36385c82fd71d8e1fc3b84.jpg,0,0,1,0,1,0,0,0,0
video-Bfb39QmAgJQZfE7Pu-frame-005994-4hMtu2HP6HxqmRhPm_jpg.rf.2a69261378a241cd5b1724dc9705004c.jpg,0,0,0,0,0,0,0,1,0
video-soRFb9y3iqE3YpJSG-frame-006401-58oM2sCfenozxbknj_jpg.rf.2a875df54c55479a392d155e4401ddd9.jpg,1,0,1,0,0,0,1,0,0
video-rYXSHjnEfuLmjE6Z4-frame-000387-wBfdgDpFgAFQkgsHd_jpg.rf.2ab8de762584876fcf8bf60358071bf7.jpg,1,0,1,0,1,0,1,0,0
video-2rsjnZFyGQGeynfbv-frame-000618-NJ64kYwEcXrG5eBdC_jpg.rf.2acaf36e8c3af253ad1eb253caf17cd3.jpg,0,0,1,0,1,0,1,1,0
video-kDDWXrnLSoSdHCZ7S-frame-001924-AAqiGRFpeeSwRR5ZD_jpg.rf.2ab0120a64592b2960b106db910d1d02.jpg,0,0,1,0,1,0,1,1,0
video-GXXqNLCqyu72TLx5i-frame-003971-eXgnh5n5uXn7NpSZe_jpg.rf.2ab987860063c97e8d3ca19d4ef03175.jpg,0,0,1,0,1,0,1,1,0
video-jNQtRj6NGycZDEXpe-frame-007412-5iWmmhPyWS4g5qXvT_jpg.rf.29da13ca459b4d4328a12bb2c3b2b611.jpg,0,0,1,0,0,0,1,1,0
video-5YffDt2oYT6CDzYHk-frame-000380-uEEz2tHZ87jdoY7p5_jpg.rf.2a258146c60a7290b2eb537d2de205ec.jpg,0,0,1,1,0,0,0,1,0
video-r68Yr9RPWEp5fW2ZF-frame-008473-E8dyndWNxNS7EwsNE_jpg.rf.2a578e53940962cc0f1932f9b5096a9a.jpg,0,0,1,1,0,0,1,1,0
video-BjSfmxLQqCGjg8tya-frame-000675-aPKknWLBrk5qZbMph_jpg.rf.2a93c55e1008ae6b9bedb0d76a52b5ae.jpg,0,1,1,0,1,0,1,1,0
video-DJYDQTZH7GLCqw3Tx-frame-006497-ghp6KETzHCTkjgfgu_jpg.rf.2a8b6aeb2fcf1abe5333d2d55f3f9f31.jpg,1,0,1,0,0,0,1,0,0
video-DJYDQTZH7GLCqw3Tx-frame-008810-zLboSzPyqEzu5GzBJ_jpg.rf.293bac099cfd680db5fe84b2a39f9155.jpg,1,0,1,0,1,0,1,1,0
video-ZicHYAPRYGdu82nAa-frame-001897-g7HFaXZARhfSEfXFb_jpg.rf.2ae6071705adb22ffe7667d9e62bf4c9.jpg,0,0,1,0,1,0,1,1,0
video-AEZAaF8epmvQv5Nfj-frame-006930-3beFFmp7uaNuMzSDx_jpg.rf.2b086d95c3ef37ed5d693add6a8fc862.jpg,1,0,1,1,1,0,1,0,0
video-5YffDt2oYT6CDzYHk-frame-002587-pYKRW8xoGFXf6qSHS_jpg.rf.2b020cc17de37d138ab9f16b1d6ebe3b.jpg,0,0,1,0,1,0,1,1,0
video-67ZzTP4GCNj69eNPs-frame-002276-b9WeapHagzjKvphrn_jpg.rf.2b1e7313aac9ecbd2c9f6a3635b9b14d.jpg,1,0,1,1,1,0,1,1,0
video-5nvtKBPHiNQqpswFE-frame-003000-PkAfDxxCyw54dLcPy_jpg.rf.2b47ee18318a7bc8267f3fdca3cfc066.jpg,0,0,0,0,0,0,0,1,0
video-5YffDt2oYT6CDzYHk-frame-002727-XwL824mGebR4annkg_jpg.rf.2b17c82ba0c59e4e0ee6a0fcf9b024ec.jpg,0,0,1,0,1,0,1,1,0
video-MoCHppHsM4bnncPmS-frame-001965-WRi65CiE8SKQnaaho_jpg.rf.2b3e0bceecb196369e89b59395843aaf.jpg,1,0,1,0,1,0,1,1,0
video-r68Yr9RPWEp5fW2ZF-frame-014098-tGdtQAK5X65JoweZH_jpg.rf.2b5eec2cc7c73ee5aef967f5f9d9ae02.jpg,1,0,1,1,1,0,1,1,0
video-GXXqNLCqyu72TLx5i-frame-002123-n6pcvqmqw7ZRngowh_jpg.rf.2b4cc3970d5b4eea60326102bc56d50c.jpg,0,0,1,0,1,0,1,1,0
video-DJYDQTZH7GLCqw3Tx-frame-005006-LNZFiW6iqtpXHq96Y_jpg.rf.2b82d7bf1221a1e349e3242d28106cfe.jpg,0,0,0,0,0,0,1,1,0
video-7EPybiwBrzjDKn7TZ-frame-005041-F5Hybm7SPnQmCnHPs_jpg.rf.2b5391d913862b4fd4abc476f53481ad.jpg,0,0,1,0,0,0,1,0,0
video-4KhLCjoeEmjGBaRLQ-frame-001656-8ebES7YYvtBjRjyu7_jpg.rf.2ba769faa29bceb75274919f3e67647b.jpg,0,0,1,0,0,0,0,1,0
video-wGdqQimawNX3RYv76-frame-006859-JHK8HtjRFeMSnTFDW_jpg.rf.2b67524a2bc714432cd6b71dd3cb19ba.jpg,0,0,1,0,0,0,1,1,0
video-9BBhGg3MKeaChnLjP-frame-002220-2D462PhEZ9qposvYn_jpg.rf.2bd35f6e1623d568f72e6a43c98c4179.jpg,0,0,1,0,0,0,0,1,0
video-r68Yr9RPWEp5fW2ZF-frame-014280-YAQXRQt7QBzmtJMxe_jpg.rf.2b9fb8a7c0041431fdb943020b36c513.jpg,0,0,1,1,1,0,1,0,0
video-sEs53HkN6oRqWdeQK-frame-003815-euKnkoaqJbEmmwAKd_jpg.rf.2b533f66e57ff2334800eafe82fb11b5.jpg,1,0,1,1,1,0,1,1,0
video-fg5eBhFE7kHyXPtBi-frame-001188-g4RETJeWYgb5GGpDb_jpg.rf.2bd4a8693653db0eb7bef950f227273a.jpg,1,0,1,0,1,0,1,1,0
video-nodg7n2aFzCWFJBnv-frame-003744-x28Cy7NYxx7B8Z9Eu_jpg.rf.2bbe635b67ab40fe37e386990bbeca47.jpg,1,0,1,0,1,0,1,0,0
video-TTDq3x6HSvFx3YRDH-frame-000600-2hqi5yCWQMbokqzuR_jpg.rf.2bd8c46fc78613f32b88041df0cbc84d.jpg,0,0,1,0,0,0,1,1,0
video-r68Yr9RPWEp5fW2ZF-frame-000113-drdLr6cQqpaRbnuJh_jpg.rf.2bf1474575ff980fbd19aa08e37d8b01.jpg,0,0,1,0,1,0,1,1,0
video-JFiGa9oAAN2queuLt-frame-004457-QEYgSKp5tivrNdmDG_jpg.rf.2bef8a5f6877e14065a4c1f760a5383a.jpg,0,1,1,1,0,0,1,0,0
video-dpPsuZToLaq9myAK8-frame-005274-N9ojGc4u8jN8fZNZC_jpg.rf.2b7e116a1b4fea27fa43232de2aaf81f.jpg,0,0,1,0,0,0,1,0,0
video-DJYDQTZH7GLCqw3Tx-frame-005529-RM7eDanRbSEbTBipn_jpg.rf.2c251f16a4bac99f96404961b68cfe42.jpg,1,0,1,0,0,0,1,0,0
video-r68Yr9RPWEp5fW2ZF-frame-006426-YWzQnCgd6QkspZjCp_jpg.rf.2c2bab6bca291c0cdb1274ac1860e152.jpg,0,0,1,0,0,0,1,0,0
video-AEZAaF8epmvQv5Nfj-frame-010906-DJLmmBLt2ZGWxrYsc_jpg.rf.2c1625f25d6213e20d535a52af0b8a8a.jpg,0,0,1,0,0,0,1,1,0
video-GXXqNLCqyu72TLx5i-frame-005041-nJmJcgZREikpcvLZF_jpg.rf.2c49921a5bceaa7476ad8b48e0ed16dc.jpg,1,0,1,0,1,0,1,1,0
video-2Af3dwvs6YPfwSSf6-frame-002100-QzJMCRkKRdp8HFavR_jpg.rf.2c2793d624204b49269f549c3269ce76.jpg,0,0,1,0,1,0,1,1,0
video-MoCHppHsM4bnncPmS-frame-002727-dN4XfJRXTNSFEbb3y_jpg.rf.2c24659149c7f6b73fa2ecadaa15a571.jpg,1,0,1,0,0,0,1,1,0
video-DJYDQTZH7GLCqw3Tx-frame-007250-6dmzwLBna6KmwveNc_jpg.rf.2c54bc2c72ca64fffdd50f90b75832c7.jpg,1,0,1,0,0,0,1,0,0
video-JFiGa9oAAN2queuLt-frame-004977-hkooCwxfkMKGmiDCt_jpg.rf.2c103d5422a413baf0067ba0a91b91aa.jpg,0,1,1,1,0,0,1,0,0
video-AEZAaF8epmvQv5Nfj-frame-010806-vCfYJhRD7QrjgTjjk_jpg.rf.2c84ee91ff62250c0276e7da4baaa3c6.jpg,0,0,1,0,0,0,1,0,0
video-5YuhMWusfM3ZMtvDx-frame-006526-2r25Sy7q3AmgqSW55_jpg.rf.2c30a52c65b93869f7e42bad04d1bc87.jpg,0,1,1,0,0,0,1,0,0
video-TEAocgWiwwMWxYtgJ-frame-005274-nwKB7QkxPcuy8EDeD_jpg.rf.2c528897cccfd10771e81530eb96e36f.jpg,0,0,1,0,0,0,1,1,0
video-JFiGa9oAAN2queuLt-frame-005307-Hg8hDqH7EGtxhMb4h_jpg.rf.2c5e234f641b0ee914fe35537edb802f.jpg,0,1,1,0,0,0,1,0,0
video-DJYDQTZH7GLCqw3Tx-frame-006397-vYMQqAP5FzttAMMxs_jpg.rf.2c4de1d2e91db7739eaf8bb8bccfff50.jpg,0,0,1,0,0,1,1,0,0
video-AEZAaF8epmvQv5Nfj-frame-016301-GLPeKW9WK6AjQrXqz_jpg.rf.2c4844fc47446749bc25734c9cca7146.jpg,0,0,1,0,0,0,1,0,0
video-bMrDdfuGsBBSj3ApB-frame-000000-syTDRii8qE8zeKhLR_jpg.rf.2c0ddfca1e0ea9077b241f3fa181d08e.jpg,0,0,1,0,0,0,0,1,0
video-AEZAaF8epmvQv5Nfj-frame-017132-LejQmYANgd4PtWsKy_jpg.rf.2c97dd943fd863113cce63fa9123d5fb.jpg,0,0,1,0,0,0,1,1,0
video-cprcATqPmWGnc3cgi-frame-001201-sfntpdTWMHQbTmzXD_jpg.rf.2c6418192daf6d16f8954f97791e19c7.jpg,0,0,1,0,0,0,1,1,1
video-AEZAaF8epmvQv5Nfj-frame-015421-w8dNQ4BvtBosxmgpC_jpg.rf.2ca1cc808aeda5997a8679a47bdae38e.jpg,0,0,1,0,0,0,1,0,0
video-ydbh3ikFGJFieXswZ-frame-007650-2Xg3ZGQpSoeT94eGm_jpg.rf.2ca3704deda868205d864d201fafd866.jpg,0,0,0,0,0,0,0,1,0
video-BjSfmxLQqCGjg8tya-frame-000855-yXNXTjBFZ3xFagJaS_jpg.rf.2ca8637bfa0f21ce0d02a377466848fa.jpg,0,1,1,0,1,0,1,1,0
video-5HPT2goT53ceRpvRm-frame-000070-yiFiZFjDGwT6hzyn9_jpg.rf.2cb91b88d3636577686002945f5ae696.jpg,1,0,1,0,1,0,1,1,0
video-DJYDQTZH7GLCqw3Tx-frame-007450-rnKnzPuJCriTDju82_jpg.rf.2c89e102c8533802d0314f287b5c620a.jpg,1,0,1,0,0,0,1,1,0
video-TxNGEKRyWMf6Q7hS2-frame-000129-BXMs5A9FMFibDuSmp_jpg.rf.2ce92e9c4a1beead4c9bb047f01ee2ef.jpg,0,1,1,0,0,0,0,0,1
video-nCxsLGvXK8o25AmXW-frame-001826-wbBLWfeAQvzjXbsdz_jpg.rf.2cde0b5bdb533c3d841e204860a3faaf.jpg,0,0,1,0,1,0,1,1,1
video-r68Yr9RPWEp5fW2ZF-frame-014630-yKnzqrQBNv5pQ5ztP_jpg.rf.2cc6792e17621df0df4b61490e6430ff.jpg,0,0,1,0,1,0,1,1,0
video-rYXSHjnEfuLmjE6Z4-frame-000822-En2Ge8ZRyekGBDBEH_jpg.rf.2cbffedbc597a4c000400c02598f0254.jpg,1,0,1,0,1,0,1,0,0
video-2Af3dwvs6YPfwSSf6-frame-008100-WcCrbQrnAKauPjjxr_jpg.rf.2ce651ddbee0ddaed02ec3731729acba.jpg,0,0,1,0,0,0,0,1,1
video-jNQtRj6NGycZDEXpe-frame-013960-in23EZACgGiEfpF5u_jpg.rf.2cb1f11055e52ac947d84fa3b6e110ca.jpg,0,0,1,0,0,0,1,0,0
video-DJYDQTZH7GLCqw3Tx-frame-004291-sBa3CHFzA4eXvaZmm_jpg.rf.2ce95e4ad6d0d1ffa186f39df0f2894e.jpg,1,0,1,0,0,0,1,0,0
video-vbhpsNpMoX2Qbhw2A-frame-000865-5FX3WaGkM9XpmDmef_jpg.rf.2d03d65d11220ef1dc766e6b747a78e4.jpg,0,0,0,1,1,0,0,0,0
video-AEZAaF8epmvQv5Nfj-frame-010746-e8ySCdJufonxncuya_jpg.rf.2ceecb502138cd17938724bd21a2efc4.jpg,0,0,1,0,0,0,1,1,0
video-AEZAaF8epmvQv5Nfj-frame-002700-wPYMf2KhWJ9cAadwg_jpg.rf.2d0f31491f54cffac5f84835af92a5b0.jpg,0,0,1,0,0,0,0,0,0
video-7EPybiwBrzjDKn7TZ-frame-002917-S53LNqXBfGutqAz2f_jpg.rf.2cff810ce356e0cddaa5c443af75f8ef.jpg,1,0,1,0,1,0,1,1,0
video-fg5eBhFE7kHyXPtBi-frame-003203-5ZJQdbusmxcSHWb4K_jpg.rf.2cd99ddc4d156f137d954ac5181d1dc5.jpg,0,0,1,0,1,0,0,1,0
video-r68Yr9RPWEp5fW2ZF-frame-003116-GFB6ZWyC3cB6foHwT_jpg.rf.2cfe51f1bb794ee38bdbf791e1c27ad1.jpg,0,0,1,0,1,0,0,1,0
video-JFiGa9oAAN2queuLt-frame-000170-KbtXwNi5F5GZyfEEP_jpg.rf.2d0c16d9fb1cdcf1d77389a2aaa9fbe8.jpg,1,1,1,0,0,0,1,0,1
video-RzCFkE9yg95GWAnYj-frame-004500-sqvQhsqLPtZb9gPGW_jpg.rf.2cd030bdee21029d3e9829eab4b7b14d.jpg,0,0,1,0,0,0,0,1,0
video-7EPybiwBrzjDKn7TZ-frame-001812-coyiG6Le722v8Sair_jpg.rf.2d550fd4b9e57adc1d69976de6bb7de0.jpg,0,0,0,0,0,0,1,1,0
video-BjSfmxLQqCGjg8tya-frame-004484-PbCnhZDrE77wtgE4t_jpg.rf.2d4687e1a02ffa409fdc44e786f7df04.jpg,0,1,1,0,1,0,1,1,0
video-67ZzTP4GCNj69eNPs-frame-002604-XoAJcoBP5DY23zuv9_jpg.rf.2d5a28ed2a621a0d325907edd1636fa4.jpg,0,0,1,1,1,0,1,0,0
video-DJYDQTZH7GLCqw3Tx-frame-006417-PtJwLotovmLWxGwBS_jpg.rf.2d25951973831d703db90bc33a437551.jpg,1,0,1,0,0,0,1,0,0
video-eLrXYzMxSL9NCXiQq-frame-000884-zuHBuxjsXGxusfTKm_jpg.rf.2d8028472cfd3221461d8ad5f21709a6.jpg,0,0,1,0,0,1,1,1,0
video-SyzNY82LYZrhkPH7x-frame-002155-DtRi4uEhGcH5qcTN9_jpg.rf.2d814e2a3252d090cf9a31eb821ecf58.jpg,0,0,1,0,0,0,0,1,0
video-4KhLCjoeEmjGBaRLQ-frame-000207-tq5ADSK8Hs8BZ8piq_jpg.rf.2d6b16bf8216f431b65c47b61d7786f9.jpg,0,0,1,0,1,1,1,1,0
video-5v4MPkCMGEKPfroxc-frame-000857-PjkdRzS2bpdisGG4Y_jpg.rf.2d809a76d37452fbaca85e57341a9093.jpg,0,1,1,0,1,0,1,1,0
video-6WgZhpFdCJP3a2cWi-frame-006400-2yeiZ9FtaQH5hHkby_jpg.rf.2d7ca65baec4609542b4c528d4254bcf.jpg,0,1,1,0,1,0,1,1,0
video-cprcATqPmWGnc3cgi-frame-001216-dzMpFtwsTZC8zFJ9z_jpg.rf.2dc2daac747f268143c4968b178fe6b5.jpg,0,0,1,0,0,0,1,1,1
video-vbhpsNpMoX2Qbhw2A-frame-003581-EF7Lfr3mrsbXAmQt2_jpg.rf.2d6575ee46eb037c14996e893f50643d.jpg,0,0,1,0,0,0,0,0,0
video-TTDq3x6HSvFx3YRDH-frame-004597-QmmwKMdLXDaKbHGP6_jpg.rf.2dc80d373cb89e75398c3ae8eb5ba3d2.jpg,0,0,1,0,0,0,1,0,0
video-5YffDt2oYT6CDzYHk-frame-001914-SYFwYfqcXpWiD3muA_jpg.rf.2dd41f9a11a5ddfcdfabe94976093a1c.jpg,1,0,1,0,1,0,1,1,0
video-r68Yr9RPWEp5fW2ZF-frame-000323-huTqZQNBwQuQGx8rb_jpg.rf.2de61f857236d347cc0b89ab8bda3acd.jpg,0,0,1,0,1,0,1,1,0
video-TTDq3x6HSvFx3YRDH-frame-001700-5JgY5oEJ4WKNBBZY4_jpg.rf.2ddca2eb88e99c6620728a1e94f57a26.jpg,0,0,1,0,0,0,1,1,0
video-kDDWXrnLSoSdHCZ7S-frame-006008-exQCTrnBtWCF8cexZ_jpg.rf.2da4aff073eb4a5fce85ec63c58c5240.jpg,0,0,1,1,0,0,1,1,0
video-mBQmysFvQtPK36MsF-frame-001646-LBKhDJSYJEhqMHZZr_jpg.rf.2ded40cb5b82a0c90610bd532009a0ec.jpg,0,0,1,0,0,0,1,1,0
video-2rsjnZFyGQGeynfbv-frame-004944-9DddDnxwZfNK8ea7a_jpg.rf.2df5fa00698bb846290796caf98ec3d6.jpg,0,0,1,0,0,0,0,0,0
video-5YffDt2oYT6CDzYHk-frame-003739-EfvBfcrg4Q3khRJii_jpg.rf.2dfd15f0e5122df97b49ef92b8a59dd3.jpg,0,0,1,0,1,0,1,1,0
video-JFiGa9oAAN2queuLt-frame-015453-W6PbPFyYmZvc64Ka5_jpg.rf.2df28701e47a383e1ef16b711541c023.jpg,0,0,0,0,0,0,1,0,0
video-c3Lxro5s7dbYgdGRp-frame-004814-GvL6B46CY93cpwADa_jpg.rf.2e1706d48fccb3956735049ae9d09807.jpg,0,0,1,0,0,0,1,1,0
video-Gfv3kbdf5KAYRtPcz-frame-002961-N5RLjreS4SYk762v7_jpg.rf.2e26d6fef25b0becf7585f57f137f9c5.jpg,0,0,1,0,0,0,1,0,0
video-iS9cAu6Ms3CXQtY92-frame-002301-SRDXnrhFdGLuSPhTv_jpg.rf.2e2f67e1c63baa36c541605af7907131.jpg,0,0,1,0,0,0,0,1,0
video-DJYDQTZH7GLCqw3Tx-frame-004451-Gn2CD6MMJYojQtbHC_jpg.rf.2dfe2e2018c2eb25ccd238bb88e621f1.jpg,1,0,1,0,0,0,1,1,0
video-jNQtRj6NGycZDEXpe-frame-007427-yXQ3AdBaofq8eDiYC_jpg.rf.2e2fbfa0edccddbfde1b9f10c545139a.jpg,0,0,1,0,0,0,1,1,0
video-5Lwe5DATf4BxKtaiB-frame-000947-PzDma9WZeym72pBB7_jpg.rf.2e646a0a6a5e7a55d8d65f6cd53d80f1.jpg,1,0,1,0,0,0,1,0,0
video-r68Yr9RPWEp5fW2ZF-frame-010983-yBHRqFfsvnMsvYh8z_jpg.rf.2e82949f4bdc8a3e0ed8016680ec9a48.jpg,0,0,1,0,1,0,1,1,0
video-JFiGa9oAAN2queuLt-frame-004077-GiCZNSpMEtyqvXmi2_jpg.rf.2e1506caee90065c32d50790996b79e8.jpg,0,1,1,1,0,0,1,0,0
video-AEZAaF8epmvQv5Nfj-frame-014891-sr3yCkNtLhS2d83sY_jpg.rf.2e6d70b415d705b1ca344685d1a945df.jpg,0,0,1,0,0,0,1,1,0
video-muKWZNM2FxQoStMQh-frame-000109-zSu8NBja6KM2i7umF_jpg.rf.2e5f953ef2930bad627d64f57b82889b.jpg,0,0,1,0,0,0,1,0,0
video-iFWh9r9TJWmTzTrha-frame-003487-xA6MebsR2eJWbNs4B_jpg.rf.2e82fda7d709d48d040e59f120efb4f8.jpg,0,0,1,0,1,1,1,1,0
video-iFWh9r9TJWmTzTrha-frame-002396-TYuK4f5JRqZyge4PW_jpg.rf.2e913708a3cf08ceedaf09d2f9857b46.jpg,0,1,1,0,1,1,1,1,0
video-GzdKTLbkG5F7gAunM-frame-000554-mvBhuSMDwBZxRWAbc_jpg.rf.2e70d776e9867aa79466b67f880fa89c.jpg,0,0,1,0,1,1,1,1,0
video-GzdKTLbkG5F7gAunM-frame-000524-pNnfAiiGcoGbt6Fnz_jpg.rf.2e9636e64a58ee7baa24e8c123e77726.jpg,0,0,1,0,1,1,1,1,0
video-ZicHYAPRYGdu82nAa-frame-001792-dxfYdF24HceiMBBwe_jpg.rf.2e5cf15bec27f43e188b61a0b32fbb69.jpg,1,0,1,0,1,0,1,1,0
video-LRYpoNWeYLm3tZZst-frame-003900-hrDLMmvWr2dgQzvAi_jpg.rf.2e29b6c9f4fc8c4d8d8cb0ef2ee53640.jpg,0,0,1,0,0,0,0,1,0
video-ydbh3ikFGJFieXswZ-frame-011342-Zwj3EgrHZvhuPnDep_jpg.rf.2ebbf2153de2dc6fcb70e709c6e3cba8.jpg,0,0,0,0,0,0,0,1,0
video-7RdKmtytvKgfNcTNv-frame-003300-ie2zTKyCACQL7srJP_jpg.rf.2e63125426c11b852bcdb7cad36cf755.jpg,0,0,1,0,0,0,0,0,0
video-jNQtRj6NGycZDEXpe-frame-012665-238zDcqk6aYAQcuqK_jpg.rf.2e976b4f180dcf8a32ee32da63f6fe62.jpg,0,0,1,0,0,0,1,1,0
video-WXTMrJkrK8BMoMkxk-frame-000020-BSG5ju72prnHCnDDm_jpg.rf.2e8583cfab92d5096650f772039ab7ce.jpg,0,0,1,1,1,0,0,1,0
video-r68Yr9RPWEp5fW2ZF-frame-014270-HFtnyXmEF7oFC7gRJ_jpg.rf.2e9967dafd1a5dfb7daf6b59f7c5f933.jpg,0,0,1,1,1,0,1,0,0
video-S5osy2ei487eAM2fw-frame-005803-qd9di7zW5jwgmhiLy_jpg.rf.2e993bf8ce2c779a3ad8b0a3b7bd8d00.jpg,0,0,1,0,1,1,1,1,0
video-Gfv3kbdf5KAYRtPcz-frame-001232-Nztomq6jo97adibeC_jpg.rf.2ec5f57961768974138412fb10f2f359.jpg,0,0,1,0,0,0,1,0,0
video-SyzNY82LYZrhkPH7x-frame-003188-jMr6YpkygjB5ENNNn_jpg.rf.2ebb82d70f0ee92ff387576f18dcf967.jpg,0,0,1,0,0,0,1,0,0
video-EFh9oKSJrkMFW8gtT-frame-005100-AGMamBrZJkQWX3cso_jpg.rf.2e48648ba0bd4b888ae8fbb31b2b9933.jpg,0,0,1,0,0,0,0,1,0
video-nCxsLGvXK8o25AmXW-frame-002070-fKXKvcRKEQ9AmjmZ5_jpg.rf.2ec68c82ad9959f1300e4d79f43b0fa5.jpg,0,0,0,0,1,0,1,1,1
video-JFiGa9oAAN2queuLt-frame-002857-n9KvbRfSmFpiJWXEw_jpg.rf.2e02f6d38a13e12325b3984813f4d28e.jpg,0,1,1,1,0,0,1,0,0
video-muKWZNM2FxQoStMQh-frame-000115-vQpziStBrziEgzk9G_jpg.rf.2eb5ce8a6f135984c144815d7961147d.jpg,0,0,1,1,0,0,0,0,0
video-7EPybiwBrzjDKn7TZ-frame-003217-7TyczMTDHnER8orfK_jpg.rf.2edf947ff2517a1a4e52a54a23a76218.jpg,0,0,1,0,0,1,1,1,0
video-GXXqNLCqyu72TLx5i-frame-000169-hXqE6xum3gXPsRb9r_jpg.rf.2ea7de5213c41e4b75d0452e11511187.jpg,0,0,1,0,0,0,1,1,0
video-c3Lxro5s7dbYgdGRp-frame-004829-EyNYLS8BNpPugwkD4_jpg.rf.2ef9637f91a7c04178bee03087558bcd.jpg,0,0,1,0,0,0,0,0,0
video-o9b92aG9EbJnkJEwF-frame-000966-mXd4zpw7qaC4jeqfv_jpg.rf.2ed0168685e2c7755c299b35e96fd7ac.jpg,0,1,1,0,0,1,1,0,0
video-iTrM5ner4KQGLvpdC-frame-001483-MAt6e3BuDxZ7cXNci_jpg.rf.2f1005849505cfa6cc5115237459de81.jpg,0,0,1,0,0,0,0,1,0
video-eLrXYzMxSL9NCXiQq-frame-006912-HcprAETdm7XM5Exqs_jpg.rf.2f1269a958dc13ce3dee514fb7047ed4.jpg,0,0,1,0,1,0,1,1,0
video-iTrM5ner4KQGLvpdC-frame-004237-fkqsX5wsenBsEdFpD_jpg.rf.2f13ac255188f37a3bbf177ffce7997f.jpg,0,1,1,0,0,0,1,0,0
video-4zQqsnWRwK7SFPpBy-frame-004524-45khF5csWQAMqi9S6_jpg.rf.2f2f998eb66b0e1d8a969b9beb642564.jpg,0,1,1,0,0,0,0,1,1
video-cprcATqPmWGnc3cgi-frame-001722-tBjAku4gnXE4JJssf_jpg.rf.2ee457212ad09d0ed824ac424c4fa59d.jpg,0,1,1,0,0,0,1,1,0
video-vbhpsNpMoX2Qbhw2A-frame-000594-NSHoYkAMw7RgBP6G2_jpg.rf.2f46ba6c427a336d4577b42dcb413d64.jpg,1,0,1,1,1,0,1,1,0
video-BvDJ7TewksQCjCtyN-frame-002341-XX2nikztbF5zthnxY_jpg.rf.2f572e69e8f4db35e426eeb3b0edbabe.jpg,0,1,1,0,0,0,0,0,0
video-ozJ2BvNKN96SvRTFv-frame-000900-4QrASR3vRC6SJGPPS_jpg.rf.2f2dd2118dc37570511b6ea3b65ff3f6.jpg,0,0,1,0,0,0,1,1,0
video-4E8nAe7bkHkSZfpjq-frame-007500-qf3dFTqhTZN2eL8L7_jpg.rf.2f09824461125e21a59b9ff9736e749e.jpg,0,0,0,0,0,0,0,1,0
video-BjSfmxLQqCGjg8tya-frame-006144-2KHu9TCsrAAuDir7C_jpg.rf.2f66bfe455b8c70703daab656ad4e24a.jpg,0,0,0,0,1,0,1,1,0
video-sEs53HkN6oRqWdeQK-frame-003725-LTizxhh7j9vu9soL9_jpg.rf.2eff138f762ad4d7396d8c0f4bbd43ba.jpg,0,0,1,0,1,0,1,1,0
video-ozJ2BvNKN96SvRTFv-frame-001500-asuYipRgyS6F4uK5p_jpg.rf.2f79d2af9c733c4e53528650c6bfba49.jpg,0,0,1,0,0,0,0,0,0
video-JFiGa9oAAN2queuLt-frame-001364-EDmjHkm46jRqoocFq_jpg.rf.2f6f90504916447a46d76ee6b99194bf.jpg,1,0,1,1,1,0,1,1,0
video-JFiGa9oAAN2queuLt-frame-003457-Y4fGTwvx3z5Apfavw_jpg.rf.2f70ec0142150b6125a5b5d60943e072.jpg,0,1,0,0,0,0,1,0,0
video-r68Yr9RPWEp5fW2ZF-frame-000173-3mPTwiEsMmp9hmx68_jpg.rf.2fcf9aea6b61cae547e65b44b971129c.jpg,0,0,1,0,1,0,1,1,0
video-ooW42bEtJrR4gufJr-frame-005700-ybF3kSYHqKtzRQHKS_jpg.rf.2fb9e6f744c1d36e9f363870b442065d.jpg,0,0,1,0,0,0,0,1,0
video-dpPsuZToLaq9myAK8-frame-005064-TkJRWbxsKPepka5oH_jpg.rf.2ff17ab5205dbbac314f8edb950bf370.jpg,0,0,1,0,0,0,1,1,0
video-dpPsuZToLaq9myAK8-frame-005124-2tPijvPgewfBBix6G_jpg.rf.2fcfc0429fb7e0942a7e3f8a4ae9cf3e.jpg,0,0,1,0,0,0,1,1,0
video-r68Yr9RPWEp5fW2ZF-frame-009503-QYXkfR9M9GFPEwNPm_jpg.rf.2fdf9e3699d92276d62fa272eeeb317b.jpg,0,0,1,1,0,0,1,1,0
video-JFiGa9oAAN2queuLt-frame-007471-nx2d7akci3spYSBhp_jpg.rf.2fcad198b1d29bb4b89042e05b6b625b.jpg,1,0,1,0,1,0,1,1,0
video-AEZAaF8epmvQv5Nfj-frame-006860-zL78A2ysoRtbZ9e88_jpg.rf.2fdf54b1d4c347909bddc8a2482729b7.jpg,1,0,1,0,1,0,1,1,0
video-JFiGa9oAAN2queuLt-frame-001134-RhTPoNGNyo9osGrS2_jpg.rf.2fe09155fab38d3a39aedaaa9d17d816.jpg,1,0,1,0,1,0,1,0,0
video-iTrM5ner4KQGLvpdC-frame-001243-qXffJLmjZmijAK2qp_jpg.rf.2febefbdee278c2923d663b9f0f0dc8e.jpg,0,1,1,0,1,0,0,1,0
video-S5osy2ei487eAM2fw-frame-004101-X7WZRPhpcwX8ED2fM_jpg.rf.2f60ecadceeea1e113e441121aacf4da.jpg,0,1,1,0,1,0,1,1,1
video-r68Yr9RPWEp5fW2ZF-frame-014008-m2vHShgHoKrCmA5b8_jpg.rf.2f9a022ff2e5ff41c85b3d813b0183c2.jpg,0,0,1,0,1,0,1,1,0
video-G9ZpKLJEKsMheip7b-frame-010650-JysWzRsrc2iNSQJPN_jpg.rf.3009cfa577e97589e03b5ea22d3cd602.jpg,0,0,1,0,0,0,0,1,0
video-AEZAaF8epmvQv5Nfj-frame-015681-j6pTp4qgbZtmPipNM_jpg.rf.2f1e97297f78602ea00973bdc1a9a584.jpg,0,0,1,0,0,0,1,0,0
video-2rsjnZFyGQGeynfbv-frame-001442-Dwz8YoHBteC9uTeyQ_jpg.rf.2fe1eeb968b058e199d60f2af240a91b.jpg,0,0,1,0,0,0,1,0,0
video-GXXqNLCqyu72TLx5i-frame-001988-8Poq4NNxWciXweB7x_jpg.rf.3021f5aef7024f777d6f7085e5030a8f.jpg,0,0,1,0,1,0,1,1,0
video-aTxg8EcSRQyDvisMX-frame-001602-dbdbTPyNuPpwWo56m_jpg.rf.2ff7a1014761bab2c176dcb94f88e87f.jpg,0,0,1,0,1,0,0,1,0
video-vbhpsNpMoX2Qbhw2A-frame-001781-yK2zozPc495nA7FJH_jpg.rf.2fe78897cdd00754260b9b21eaaa4e4b.jpg,0,0,1,0,1,0,0,1,0
video-sEs53HkN6oRqWdeQK-frame-004231-5s33LpgzprbxirmLy_jpg.rf.2ffb3d04b0685284ae5db41b6674f077.jpg,1,0,1,0,1,0,1,1,0
video-TEAocgWiwwMWxYtgJ-frame-005094-YLYrSZRafzmo3wiMi_jpg.rf.2ffbfc6508ada5abe04e97610a1aec38.jpg,0,0,1,0,0,0,1,1,0
video-DJYDQTZH7GLCqw3Tx-frame-005819-JwSSibkkXXr4sfZBn_jpg.rf.3047ff85ca5d9ff5d9332bc9d744af11.jpg,1,0,1,0,0,0,1,0,0
video-8CvM2BExBLyQFZrK8-frame-002026-4xf3gD77pRmPCKmZ4_jpg.rf.30369a0abc99ede5d4478658a25c7f1d.jpg,0,1,1,0,1,0,1,1,0
video-JFiGa9oAAN2queuLt-frame-003117-X5rap3MFLLJydLFgt_jpg.rf.302d3d0ff968f22f2ed0dcc38d6cd6a3.jpg,0,1,1,0,0,0,1,0,0
video-7yaY3LisuPdNyfZH9-frame-004320-n7W25ZSHuH6xjfJrZ_jpg.rf.302fc2131fd2810c7b8f1b39b00336e3.jpg,0,0,1,1,0,0,1,0,0
video-iTrM5ner4KQGLvpdC-frame-004563-sDXDhGsZpizCd28hg_jpg.rf.3039066e2efdee9e4858f752a974c6b0.jpg,0,0,1,0,0,0,0,0,0
video-jNQtRj6NGycZDEXpe-frame-008615-MMJJgnxX2JiRNpEtf_jpg.rf.307e02b551a58676f329a8216fd24f13.jpg,0,0,1,0,0,0,1,1,0
video-Jbg7v6iuvSJavrMsD-frame-008700-tSamnWXBBxiedW3YX_jpg.rf.30284b676f3f8180cf85b3d59c57c068.jpg,0,0,1,0,0,0,0,0,0
video-5YuhMWusfM3ZMtvDx-frame-004769-K84dMT9scGHo5TYRi_jpg.rf.30489e82184945e7287d31b4c26e5173.jpg,1,1,1,0,0,0,1,0,1
video-FWQff8BQpTRSt9hfA-frame-006600-eCLZDkQvymdodZ6TL_jpg.rf.3033646a53b123e20cea2ab5e6ce0765.jpg,0,0,1,0,0,0,1,1,1
video-fg5eBhFE7kHyXPtBi-frame-001623-dGfvs5Yzjs25eK3K8_jpg.rf.306634851a9fbb7ac7322bd09e03ff16.jpg,1,0,1,0,1,0,1,1,0
video-5YuhMWusfM3ZMtvDx-frame-002008-Nf7Dxmjmg24DEaNPz_jpg.rf.307850bc7f12eb25777a1720664b39dc.jpg,1,1,1,0,0,0,1,1,1
video-MJMd3yspHSkfwpDSD-frame-010950-nP45iKi26nSiTmAFB_jpg.rf.3061f454c1488768caa6275ab61cdaa7.jpg,0,0,1,0,0,0,0,0,0
video-r68Yr9RPWEp5fW2ZF-frame-015645-72ukYYwnLSLXK85z5_jpg.rf.30430f1ecce85f100252d9be07aa94b2.jpg,1,0,1,0,1,0,1,0,0
video-vbhpsNpMoX2Qbhw2A-frame-001225-MuLduTn2SzQHWuWJm_jpg.rf.308571b5eee61c304461cb7a0f1ebe6d.jpg,0,0,1,0,1,0,1,1,0
video-Gfv3kbdf5KAYRtPcz-frame-004341-bDL6fewYotF3zk7Li_jpg.rf.309949b9ecd1393635de47abe4adfb92.jpg,0,0,1,1,0,0,1,1,0
video-XNM8eHsvxCMJ6peuj-frame-000630-qB2gcX6MuqmkQ4pmZ_jpg.rf.30ac55799bb5bfbdf457258c3f6a27a3.jpg,0,0,1,0,0,1,1,1,0
video-aiXLPEvp86raemrsp-frame-003180-zhPPWXyzXce4Wqe8e_jpg.rf.308402e2065b0119de303b70be9ef7bd.jpg,0,1,1,0,1,0,1,0,0
video-DJYDQTZH7GLCqw3Tx-frame-007340-j5cJm9836KnP3uwap_jpg.rf.307297d07c6fb212d15c5ea7bca676b1.jpg,1,0,1,0,0,0,1,0,0
video-DJYDQTZH7GLCqw3Tx-frame-008730-b6JGj49LFTZg6NTrr_jpg.rf.30b2ebb8b48dc3cccaa8de5b3f5dd19d.jpg,1,0,1,0,1,1,1,1,0
video-2SReBn5LtAkL5HMj2-frame-002284-nXf4u3wFfD5MsyWbp_jpg.rf.304e243cfdfc8314cdda4374f805bbf9.jpg,0,0,1,0,0,1,1,1,0
video-r68Yr9RPWEp5fW2ZF-frame-001756-6PLkKFmwopvpp9xom_jpg.rf.30c35338f5fbe1a2735b699776aadccf.jpg,1,0,1,1,1,0,1,0,0
video-DJYDQTZH7GLCqw3Tx-frame-003791-rRYiSWrPNunmQE7Ev_jpg.rf.30c0ad232d847c5f492a38942e3c3bef.jpg,1,0,1,0,0,0,1,1,0
video-G6FT88p5kgvAR2Y92-frame-002100-FnpcWjJzhA74eHZeA_jpg.rf.3097238aacf5a275c3c308ef32064c64.jpg,0,0,1,0,0,0,0,0,0
video-bk2x9u9JivsWRS9Nk-frame-007521-DsSNh4pbn99Rs7SES_jpg.rf.3084ebfa09ca5379df0e332dd30aeb06.jpg,0,0,1,0,1,0,1,1,0
video-GXXqNLCqyu72TLx5i-frame-004494-qB7SngvBvyHpTpQxb_jpg.rf.30fa07d7d35d2f7d10ae947a5411a4cf.jpg,0,0,1,0,1,0,1,1,0
video-S5osy2ei487eAM2fw-frame-004360-wmwCpiN4ycRMyefzH_jpg.rf.30765150580e79a1cff38a75ce0a70c0.jpg,0,1,1,0,1,0,1,1,0
video-DJYDQTZH7GLCqw3Tx-frame-000200-Nxji3c2jpDf7Gtox9_jpg.rf.310cf63760d4b99130c1b59284f7977e.jpg,0,0,1,0,0,0,1,0,0
video-AEZAaF8epmvQv5Nfj-frame-009609-hqKBwEnGM9F4JPd5J_jpg.rf.310f16507f0a20195bc129dde2b98a98.jpg,1,0,1,0,0,0,1,0,0
video-qmuvFTzLkR28JMp7r-frame-003495-KXnetf79N6P2SRTZ9_jpg.rf.31153fdf2a74a1417d5a82ebdc58c8d1.jpg,0,1,1,0,0,0,0,0,0
video-DJYDQTZH7GLCqw3Tx-frame-000850-r96fz266nMca4HYhQ_jpg.rf.312bc1313aea40ca564f7e84fa131a88.jpg,0,0,1,0,0,0,1,1,0
video-iTrM5ner4KQGLvpdC-frame-003142-KDWt4FG2oFQoxbaxf_jpg.rf.30ff3c4c8e627e0497296b50723bf567.jpg,0,1,0,0,0,0,0,0,0
video-kDDWXrnLSoSdHCZ7S-frame-001939-WFwzQY7ttNqqqHwuz_jpg.rf.30f995d0661d4122825af6462f260b94.jpg,0,0,1,0,1,0,1,1,0
video-TEAocgWiwwMWxYtgJ-frame-000815-BoSb3TWcLrpSjZyr3_jpg.rf.3125788a62ebb52f00b9c214e8806a48.jpg,1,0,1,0,0,0,1,1,0
video-r68Yr9RPWEp5fW2ZF-frame-006226-a7HYK8FXC2xRgmsuf_jpg.rf.313fb7cfaba74e2c267708105aca38ca.jpg,1,0,1,0,0,0,1,0,0
video-vbhpsNpMoX2Qbhw2A-frame-006094-4CaWqddomHZYu9YQj_jpg.rf.315524be18fc9bcb6d6a8bbb78320166.jpg,0,0,1,0,0,0,0,1,0
video-xEYBrQ5tarcDbiw9p-frame-008228-KK5vqEn56RKRQCvLL_jpg.rf.3176dd43d3010101c57e13e5d881137f.jpg,1,0,1,0,0,0,1,1,0
video-DJYDQTZH7GLCqw3Tx-frame-000820-BhRcfWzShNHDticLp_jpg.rf.315289d1254065b3384b3cc85e9b99c2.jpg,0,0,1,0,0,0,1,1,0
video-eLrXYzMxSL9NCXiQq-frame-002512-FuA7CyNqfyjWsae59_jpg.rf.316fe0ebd1fafaa99d12b35c35dc41ac.jpg,1,0,1,0,1,0,1,1,1
video-2MbnnGTv27EBLGqiQ-frame-004950-W9Ajic6WcWtwAv39M_jpg.rf.317778d0a3b6bd972e623ef0ead279f7.jpg,0,0,1,0,0,0,1,0,0
video-BjSfmxLQqCGjg8tya-frame-001173-nxp79MgKqvpYhSceQ_jpg.rf.3187e6fd68b6858dd78a1c0b07da85e8.jpg,0,0,1,0,1,0,0,1,0
video-jNQtRj6NGycZDEXpe-frame-006137-2S4sGqkfr86rs4cH8_jpg.rf.31a0b12d7191a5bd986ce199aa2a09b0.jpg,0,0,1,0,0,0,1,1,0
video-LRYpoNWeYLm3tZZst-frame-003000-xZNdrppCiokAijAnJ_jpg.rf.31819ccf9d7329fa6d034373c6581aa9.jpg,0,0,1,0,0,0,0,1,0
video-sEs53HkN6oRqWdeQK-frame-001153-SGLZJGEiRmPwB8CLq_jpg.rf.31a880600f7d0e3dfde712bd2d4d7c4a.jpg,0,0,1,0,0,0,0,1,0
video-G6FT88p5kgvAR2Y92-frame-004200-iQLY5bhj5K6x9NEuw_jpg.rf.318a73fe476ef30216b833f64f314537.jpg,0,0,1,0,0,0,0,1,0
video-r68Yr9RPWEp5fW2ZF-frame-009863-cHSKWhhu7McWY2nZg_jpg.rf.31bc9691be42650c13caa0de3994187a.jpg,0,0,1,0,1,0,1,1,0
video-iFWh9r9TJWmTzTrha-frame-003422-r6mr8dARwQPbW5a8H_jpg.rf.315d2c487868009c6d2c5ca8a07a9f48.jpg,0,1,1,0,1,0,1,1,0
video-AEZAaF8epmvQv5Nfj-frame-016411-u29jFtCbdmZ3sTkFL_jpg.rf.31b72d84eaeca00325742b5538503e45.jpg,0,0,1,1,0,0,1,0,0
video-ydbh3ikFGJFieXswZ-frame-004950-nNoPHkGRx6DjT88Gc_jpg.rf.31ebfbdc03cb3497d22f8cfe573de321.jpg,0,0,1,0,0,0,0,1,1
video-r68Yr9RPWEp5fW2ZF-frame-016999-hp4hTP6toLih2gEeN_jpg.rf.31d1d4e12cd6f5858d0c255a4e031b7f.jpg,0,0,1,0,1,0,1,1,0
video-vbhpsNpMoX2Qbhw2A-frame-001395-2Z8yWiz8q6SqHEdz8_jpg.rf.32507d18e62b47d10da4bf18432e4866.jpg,0,0,1,0,0,0,1,1,0
video-r68Yr9RPWEp5fW2ZF-frame-013898-Dox7XPkaw2YZvSAD4_jpg.rf.321b1d2397d34a42cbe974ded55e75e8.jpg,1,0,1,1,1,0,1,1,0
video-24ysbPEGoEKKDvRt6-frame-000045-7nyNoWkZdoYr7CXa8_jpg.rf.322cd2d9c998e8db4286d3bbf8c793cb.jpg,0,0,1,1,1,0,1,1,0
video-nCxsLGvXK8o25AmXW-frame-007971-osJZAGs5AmwJQrPP2_jpg.rf.3231a7662cecb3353ec2af2b4840c6c3.jpg,0,0,1,1,0,0,0,0,0
video-5YffDt2oYT6CDzYHk-frame-001944-s9LSE3vgWPy8nNwEX_jpg.rf.31455697a7df7f77c75b8d0d143a605f.jpg,1,0,1,0,1,0,1,1,0
video-JFiGa9oAAN2queuLt-frame-000010-JhfT22Rfs8AAwakCe_jpg.rf.32615d44031d06de0ff57a5c1065f907.jpg,0,0,1,1,0,0,1,0,0
video-7EPybiwBrzjDKn7TZ-frame-001857-DtNjRCpjyJX3zk2Zd_jpg.rf.324924904bdcf3360c66a54be7a2cfb8.jpg,0,0,1,0,0,0,1,1,0
video-JFiGa9oAAN2queuLt-frame-003487-vEGWDjHw8Tj9cY3MS_jpg.rf.326de64113152b4ad1f401dec51c88cf.jpg,0,1,1,1,0,0,1,0,0
video-WXTMrJkrK8BMoMkxk-frame-001809-BDAF24PwQhoXMX3YD_jpg.rf.326fcea0db8d934265f14e0fcfb353f2.jpg,0,0,1,0,0,0,1,1,0
video-XCJD9qhzXNoZCn37i-frame-002705-rGNv9TgnS6ke7Pipq_jpg.rf.321ab5281d58250c6333233fc7bac623.jpg,1,1,1,0,0,0,1,1,1
video-5YffDt2oYT6CDzYHk-frame-001097-v5pSRAkQT4obq4uuk_jpg.rf.327498660d88889014583fda9fab8ac2.jpg,0,0,1,1,1,0,1,0,0
video-r68Yr9RPWEp5fW2ZF-frame-002576-bKrmTQPzi8vBNEAao_jpg.rf.3291c56051678ea0c011eb598c5b1ad3.jpg,1,0,1,0,0,0,1,0,0
video-DJYDQTZH7GLCqw3Tx-frame-004501-Y4JXA7NRBvJoHxZPv_jpg.rf.3283ab5e8915fc666bd5854d5f760e59.jpg,0,0,1,0,0,0,0,0,0
video-nodg7n2aFzCWFJBnv-frame-000230-g3Zbxz5Qru9Q63WkL_jpg.rf.32b7aefe1cc3a2913708aa3b1da7703b.jpg,1,0,1,0,0,0,1,1,1
video-WXTMrJkrK8BMoMkxk-frame-001949-wtGeEYiQ5u9XYBAu5_jpg.rf.328e8a5ef2079e9a08b129b4d56da920.jpg,0,0,1,0,0,0,1,1,0
video-nodg7n2aFzCWFJBnv-frame-000815-vKgjtgM2PxCJvWDDa_jpg.rf.3285d0287bc3496936b273248027cdd9.jpg,1,0,1,0,1,0,1,0,0
video-XvhW2CuNNzf5oWRXK-frame-000081-A3iSmPyNzTsQKvmLN_jpg.rf.3291cd0f13e4e407566eba2f3db3ea68.jpg,0,0,1,0,0,1,1,1,0
video-c3Lxro5s7dbYgdGRp-frame-003381-uTyJcevPcXkjNsfQJ_jpg.rf.32ba2845feaf480839ef550466b34f7e.jpg,0,0,1,0,0,0,0,0,0
video-eLrXYzMxSL9NCXiQq-frame-000330-CfzTFoFXawSAKf7Dx_jpg.rf.329c70100ac166d479ff7a16860b9ce9.jpg,0,0,1,0,1,1,1,1,0
video-AEZAaF8epmvQv5Nfj-frame-010896-wLSWpg2JbTiczTR6W_jpg.rf.32cb43cb846ad485115852d7a6c21d63.jpg,0,0,1,0,0,0,1,0,0
video-JFiGa9oAAN2queuLt-frame-007361-RBorqAb6J9SzxemK7_jpg.rf.32bef16e18cab19fe06db2cb24675505.jpg,0,0,1,0,1,0,1,1,0
video-c3Lxro5s7dbYgdGRp-frame-001017-yBCsXssH5z8QSo3HF_jpg.rf.3293d3efc563a442d6c427bce4457019.jpg,0,0,1,0,0,0,1,0,1
video-BjSfmxLQqCGjg8tya-frame-004439-9mxxaqQrqjtBNjvax_jpg.rf.3304ed3db73a02d5ccd47beada1e01fa.jpg,1,1,1,1,1,0,1,1,0
video-KTtJnXH7CcPgLeF2G-frame-004378-DGY4nAtEEnv8Yx3kS_jpg.rf.32cb81a3f810dccc8cc114508e4cfcf2.jpg,0,0,1,0,0,0,1,0,0
video-iTrM5ner4KQGLvpdC-frame-003742-oZsCTmoTFZwtmdvg9_jpg.rf.3133b804444b74336f12de7eda356d11.jpg,0,0,1,0,0,0,0,0,0
video-JFiGa9oAAN2queuLt-frame-001094-4EiKHj7QBw6Aymnmq_jpg.rf.329973f774a5c20d99b64c85c44ce2e9.jpg,1,0,1,1,1,0,1,0,0
video-o9b92aG9EbJnkJEwF-frame-001104-uxDv8HK5s2JxmZBSB_jpg.rf.32ed23150fa14f4423420f87326f4704.jpg,0,1,1,0,0,0,1,0,0
video-aiXLPEvp86raemrsp-frame-000636-p5WRKpHohhNnqpx82_jpg.rf.3310df4d9f78eaade4bdbb0de7c31d15.jpg,0,0,1,0,0,0,1,0,0
video-DJYDQTZH7GLCqw3Tx-frame-003831-kiPJggL9gSzKsoMQn_jpg.rf.333f0adc7fb6954f149dcfa47738d83c.jpg,1,0,1,0,0,0,1,1,0
video-JFiGa9oAAN2queuLt-frame-004447-yBnP2Jhm3d6BhJNnW_jpg.rf.331708dc7ae8076ee6aa97e208492784.jpg,0,1,1,1,0,0,1,0,0
video-ooW42bEtJrR4gufJr-frame-001800-jD4uDkKsQEkeezkFp_jpg.rf.3343d20f7390d1541d194f34e4ce820d.jpg,0,0,0,0,0,0,0,1,0
video-fg5eBhFE7kHyXPtBi-frame-001248-vSpX7jywSpbZ8e9uG_jpg.rf.32d2a7eb1c734c4c5fee9a27198a432d.jpg,1,0,1,0,1,0,1,1,0
video-8QxGjiebFiGwCKrd5-frame-005400-Zq74QjiT64hyLQEdC_jpg.rf.330d1690972d9ccbe067ba940a2c7da3.jpg,0,0,0,0,0,0,1,0,0
video-2rsjnZFyGQGeynfbv-frame-002884-Ag86RZFLdjtJ4iJJu_jpg.rf.33560b8c52345b1e493e8697fd141569.jpg,0,0,1,0,1,0,1,0,0
video-vvYEi6EdCrYXeHwpD-frame-017748-8gxC3JeMGQf3ZZom8_jpg.rf.3381a4115669481dbd99895856eb6baa.jpg,0,0,1,0,0,0,0,1,0
video-7EPybiwBrzjDKn7TZ-frame-004786-cdMtrNgYuxZ7j8m4f_jpg.rf.3333cf45226662470f09737d24f4c0ff.jpg,0,0,0,0,0,0,1,0,0
video-Bfb39QmAgJQZfE7Pu-frame-012987-qZQyPBLMCEaf3MMGP_jpg.rf.3384ef895dd5dbc05fd1e87945abdc39.jpg,0,0,1,0,1,0,1,1,0
video-5RBAcNR5F6fB3i6P5-frame-005369-isKQoi8c7BB2wt39p_jpg.rf.338906e23f72ddaf6522ddd98d873719.jpg,0,0,1,0,0,0,0,0,0
video-BvDJ7TewksQCjCtyN-frame-001071-73KX9z7xQcgnofFNf_jpg.rf.3349f807866329e9bb5e0aa9b4612b3f.jpg,0,0,1,0,1,0,0,1,0
video-r68Yr9RPWEp5fW2ZF-frame-002906-pyNM4Pstbuu2bRoFY_jpg.rf.338c8a1ddfce8171bc8d582a0b0d372f.jpg,1,0,1,0,1,0,1,1,0
video-r68Yr9RPWEp5fW2ZF-frame-009073-HvD2BghiBdesPRjAd_jpg.rf.33864687a34332984c0ab1dc54c70c1b.jpg,0,0,1,1,0,0,1,1,0
video-7EPybiwBrzjDKn7TZ-frame-001842-hAESRNw95efy6okY9_jpg.rf.33d1f106b46df7d678676092f0b5fe53.jpg,0,0,1,0,0,0,1,1,0
video-XNM8eHsvxCMJ6peuj-frame-000512-r2YPEW5yNtQvwmQRz_jpg.rf.334abc66a851bc8996dd3340e6486ff3.jpg,0,0,1,0,0,1,1,1,0
video-4E8nAe7bkHkSZfpjq-frame-000900-Jp4gg4ZunPCw5oLh2_jpg.rf.33579338b639167a2dcae581cda01f68.jpg,0,0,1,0,0,0,0,0,0
video-G6FT88p5kgvAR2Y92-frame-006000-PYr39Z6uNnNKXFjh6_jpg.rf.332ad5412ce0198b8f844f715262b856.jpg,0,0,1,0,0,0,0,0,0
video-rzDLT664bgLJ29B2f-frame-009000-BqhDT3Pi89R23vNpQ_jpg.rf.33d2ba4ee336cd06e9efbba805d05940.jpg,0,0,0,0,0,0,0,1,0
video-ZicHYAPRYGdu82nAa-frame-002634-kXYCn47SCwuheTeER_jpg.rf.33286d0e602fff8b8d1528725fcce167.jpg,1,0,1,0,1,0,1,1,0
video-XNM8eHsvxCMJ6peuj-frame-001152-XJFjgjdgt8bweyBTe_jpg.rf.33f95ed53873c1a0d1fecd9216272fe1.jpg,0,0,1,0,0,1,1,1,0
video-fg5eBhFE7kHyXPtBi-frame-002967-Fv2joiPh7v5udbAwo_jpg.rf.3398de5aed1a71cc1a7a32f1995eed3a.jpg,0,1,1,0,1,0,1,1,0
video-r68Yr9RPWEp5fW2ZF-frame-009773-wpjw9BYJLA4fsg6bj_jpg.rf.33e00a0503060c1647be4f7e4f544ac1.jpg,0,0,1,0,0,0,1,0,0
video-rnZseY2bPiYhWEF2m-frame-002594-AuFYzgw2t85N29Rye_jpg.rf.33c74e0f8da8cabc466854445d77c709.jpg,0,0,1,0,1,0,1,0,0
video-2SReBn5LtAkL5HMj2-frame-007925-oHQsK6Bz7b3xAoBdQ_jpg.rf.33fd87853147f1737c80839a1add4387.jpg,0,0,1,0,0,1,1,0,0
video-7EPybiwBrzjDKn7TZ-frame-000650-3KXKYF8uy7EoR5wPs_jpg.rf.33db5f2e79198f91a440088c9c85b6a0.jpg,0,0,1,0,1,0,0,1,0
video-vbhpsNpMoX2Qbhw2A-frame-000965-AhFfadBR3q3fzPHF8_jpg.rf.33fef2393d716c5409ed4f4f465bff60.jpg,0,0,1,0,0,0,1,1,0
video-xEYBrQ5tarcDbiw9p-frame-013199-oNmE5wXngKrBJfXDi_jpg.rf.34289a842b823cd9caf6e11ed1fac26e.jpg,0,1,1,0,1,0,0,1,0
video-AEZAaF8epmvQv5Nfj-frame-010846-Xqboe3TFcRe4ihGGG_jpg.rf.343dc47fcae6acf9d4685bec703ead94.jpg,0,0,1,0,0,0,1,0,0
video-ozJ2BvNKN96SvRTFv-frame-001800-CHsdDKiB24aqC7sjA_jpg.rf.33ed46b82193fbe77bf73660903416cd.jpg,0,0,1,0,0,0,0,0,0
video-AEZAaF8epmvQv5Nfj-frame-006760-AT8xKtQiRBHysJfcf_jpg.rf.344bf7f04c250623dbdcef71dafbc1f2.jpg,1,0,1,0,0,0,1,1,0
video-jNQtRj6NGycZDEXpe-frame-014801-69K6yJeNMZaBDoYGf_jpg.rf.3411c5d81fddb97ab4cc272878ce4949.jpg,0,0,1,0,0,0,1,1,0
video-WiuWWrsHrJsDcfFzg-frame-002444-QiENdLyu8hfddkpwL_jpg.rf.345450b454b5d87d40dc87cf38cc2e43.jpg,0,0,1,0,1,1,1,1,0
video-5YffDt2oYT6CDzYHk-frame-001227-wySThC5SeyQ8K5Gqd_jpg.rf.345e61696e02666fda535427705b4b98.jpg,1,0,1,0,1,0,1,0,0
video-fg5eBhFE7kHyXPtBi-frame-000260-FApTp3qgZEYzmJXqm_jpg.rf.341e47fe0f6e0a1df33a63d922ed4bae.jpg,1,1,1,0,1,0,1,1,0
video-AEZAaF8epmvQv5Nfj-frame-016041-iaGbjEbdJPAu5kc6Q_jpg.rf.345869767901ba2dd085cc47cc2844ee.jpg,1,0,1,0,0,0,1,1,0
video-r68Yr9RPWEp5fW2ZF-frame-000403-56eFTMsNTi8yxZggp_jpg.rf.33ec60913888ed18ba6925e8ca1effa8.jpg,0,0,1,1,1,0,0,1,0
video-hmsJCeMCWjX2FhxD8-frame-008498-EmLiBukgNZDeicGbu_jpg.rf.34912a64ba5d49091e5a4750ab9a4ac1.jpg,0,0,1,0,1,0,1,1,0
video-86XuF6pPvWfBCqyNt-frame-001971-3pJfb8ZkNPTyTFsGn_jpg.rf.34801a978e1a65982cb32d1bb3b795cf.jpg,0,0,1,0,0,0,1,1,0
video-JFiGa9oAAN2queuLt-frame-005117-2S7kjRTHnzFLahEKb_jpg.rf.34c18c09a38bb69791d7ebb02710d98d.jpg,0,1,1,1,0,0,1,0,0
video-2MbnnGTv27EBLGqiQ-frame-003600-ZyruYM67Bk2uDvtc8_jpg.rf.3496cccbb42628aa1a56c9782f3a4485.jpg,0,0,1,0,0,0,0,1,0
video-AEZAaF8epmvQv5Nfj-frame-006810-rP4Rgz6nk2bu5KE6e_jpg.rf.34d7961c8c54f549c99bd16000fdfe1f.jpg,1,0,1,0,1,0,1,0,0
video-LRYpoNWeYLm3tZZst-frame-000600-T6YQBBH8gJfPWxaDK_jpg.rf.351756681422958a1ec53839474d2785.jpg,0,0,1,0,0,0,0,1,0
video-2Af3dwvs6YPfwSSf6-frame-004650-TcWv4H8WWF2yq6aCp_jpg.rf.3524a4b789eab4bce5856c42f31b87cf.jpg,0,0,1,0,0,0,0,1,0
video-AkvAvb4X72cnTbbCw-frame-000455-LdymWqwBxviMbg65a_jpg.rf.3431c3331380d9843ed933a7d50e10b2.jpg,0,0,1,1,1,0,1,1,0
video-j884P5ZjKNEm9pq56-frame-001200-oiGzw5dgojMwexGjb_jpg.rf.351ad8f23a72e38e3c5e080e9cf94847.jpg,0,0,1,0,0,0,0,1,0
video-kDDWXrnLSoSdHCZ7S-frame-003228-ESuRbNA8SXF45hNjS_jpg.rf.3516dcd5848315cba6004e718a4158ac.jpg,1,0,1,0,0,0,1,1,0
video-WXTMrJkrK8BMoMkxk-frame-002019-z3p9hxSNAA8WfQG5u_jpg.rf.3546690c4a8c3f5170286f7438f210f6.jpg,0,0,1,0,0,0,1,1,0
video-iFWh9r9TJWmTzTrha-frame-001343-qSa8jMqx6qA7pjhJn_jpg.rf.35344cdf72389876ce29471c5a74834f.jpg,1,0,1,0,1,0,1,1,0
video-nCxsLGvXK8o25AmXW-frame-001492-9d4oikuY2x3eanswh_jpg.rf.352f1607e9cbd742f4fa68d810d3c4ab.jpg,0,0,1,0,1,0,1,1,1
video-cprcATqPmWGnc3cgi-frame-002876-uJomugpinqwddK83y_jpg.rf.3552dde9efef4caf1dab3e46ff1bf278.jpg,0,0,1,0,0,0,1,0,1
video-wGdqQimawNX3RYv76-frame-005244-7zWcFHhtSw9FEqHeg_jpg.rf.3595a917b191599d315f4b571e7b65b7.jpg,1,0,0,0,0,0,1,1,0
video-bk2x9u9JivsWRS9Nk-frame-000654-wb5msgRWa244RPQaH_jpg.rf.354372c5caa237dc9c1c7dbf6c498953.jpg,0,0,1,0,0,0,0,0,1
video-7yaY3LisuPdNyfZH9-frame-005920-jgSX7pCkhJHCjc5u9_jpg.rf.3584cb15723c938d4881c886dd444345.jpg,0,0,1,0,1,0,1,1,0
video-a9TgkAvMGtM2gXpdj-frame-003201-kv3GXzdFCJ9NTP5qC_jpg.rf.31f83165d2a2bbb81ec08bc6eca641de.jpg,0,1,1,0,0,1,1,0,1
video-nodg7n2aFzCWFJBnv-frame-000425-j3nHweDAqFjeLB5C5_jpg.rf.3536152ce0b042be8765ea133edb3197.jpg,0,0,1,0,0,0,1,0,0
video-aiXLPEvp86raemrsp-frame-002120-xPZC5ygnPvK6Bd8nG_jpg.rf.35994461ded06fc0de6d72154c85dae3.jpg,1,0,1,0,0,0,1,0,0
video-GMDwNs5TdqejpF4vu-frame-003189-i3w5pTKzC6AgGPAyJ_jpg.rf.35ab8abdc5680fb974dda4da516d162c.jpg,0,0,1,0,0,0,1,1,0
video-67ZzTP4GCNj69eNPs-frame-001827-82LLSfjmJBkFDxoPi_jpg.rf.3573da724a563f0c79b79dfdffa126e4.jpg,1,1,1,0,0,0,1,1,0
video-r68Yr9RPWEp5fW2ZF-frame-009723-wHeygZ7Rea9J5cMk2_jpg.rf.35ad91ad971e12690c7aef7ca023b5a7.jpg,0,0,1,0,0,0,1,0,0
video-AEZAaF8epmvQv5Nfj-frame-013740-mbxzyB7mhFKadNQbh_jpg.rf.352eee2c579ec5905ee6fcf00a679b3f.jpg,1,0,1,0,0,0,1,0,0
video-vbhpsNpMoX2Qbhw2A-frame-000444-pNNudwAeoom22zruC_jpg.rf.35c67df351987120ac0af38d0e99f49f.jpg,0,0,1,1,1,0,1,1,0
video-GXXqNLCqyu72TLx5i-frame-004434-BDYCKGuoegiSvZQnS_jpg.rf.35d25ac748fcb93921eb41092b8e454c.jpg,0,0,1,0,1,0,1,1,0
video-KTtJnXH7CcPgLeF2G-frame-003578-dF65MQ8a6Mu6xkNCa_jpg.rf.35cf5dea6f906d7214a3b0206cd3f6db.jpg,0,0,1,0,0,0,1,0,0
video-j884P5ZjKNEm9pq56-frame-000000-RKwTM9zqQABwQRXQe_jpg.rf.3588b8726f6739d087e00f85c5bc4fb6.jpg,0,0,1,0,0,0,0,0,0
video-vbhpsNpMoX2Qbhw2A-frame-001145-5JW9d3xcDa3aqEid3_jpg.rf.35ce7ff247bad102041c075568c72891.jpg,0,0,1,0,1,0,1,1,0
video-uSr74imQfjLhADgQZ-frame-001440-YLfWxX5qDfigg3vgt_jpg.rf.35d99a38ce93358f5ac0e90fe15d23e3.jpg,1,0,1,0,0,0,1,0,0
video-24ysbPEGoEKKDvRt6-frame-000120-wL5LL3hey6HeprLEt_jpg.rf.357f903243d19b9c959ff94232909b66.jpg,0,0,1,0,1,0,1,1,0
video-Bfb39QmAgJQZfE7Pu-frame-000375-opXfYr6M2PXZJHotc_jpg.rf.35ddcd8a1dd5d86d6c3970aa0e6e22a0.jpg,0,0,1,0,0,0,0,1,0
video-nodg7n2aFzCWFJBnv-frame-000320-PQXYsjR9g6TmCfibz_jpg.rf.35dee7d12d0d1dd062a727bf1f0fc86a.jpg,0,0,1,0,0,0,1,1,0
video-rnZseY2bPiYhWEF2m-frame-003699-vdaiS7vCi3W9skQ7J_jpg.rf.34e7fd48c8c280ae1008b2b304d8131c.jpg,0,0,1,0,1,0,0,1,0
video-Gfv3kbdf5KAYRtPcz-frame-000952-8wbaWbyP33fDPt4W8_jpg.rf.35dfd3fcf3e17ed9382a97b355e2f7a0.jpg,1,0,1,1,0,0,1,1,0
video-BjSfmxLQqCGjg8tya-frame-007438-zYXajLZDNGQzAicAQ_jpg.rf.362bc8cdaa893a46ddf8c68a46e8b612.jpg,1,0,1,0,0,0,1,1,0
video-hmsJCeMCWjX2FhxD8-frame-002339-Yow3GkoWBK5XiY55G_jpg.rf.364af859f4f6c55c751fbf213eb0423b.jpg,1,0,1,0,0,0,1,1,0
video-AEZAaF8epmvQv5Nfj-frame-006850-YfEKFMLyhjeqS8dgf_jpg.rf.3616114dc5030795c653f31daf2a79f0.jpg,1,0,1,0,1,0,1,0,0
video-2rsjnZFyGQGeynfbv-frame-001236-RfFsq2hqBTyNwo6bF_jpg.rf.35e8976ee60b58baccea93db2d5e7290.jpg,0,0,1,0,0,0,1,0,0
video-sEs53HkN6oRqWdeQK-frame-001955-A4dcLH8g5JhDwpCGK_jpg.rf.3664dfd240e37f8372796bfb4758e6eb.jpg,0,0,1,0,1,0,0,1,0
video-TTDq3x6HSvFx3YRDH-frame-000190-EWFwteKe8HWvsaKwh_jpg.rf.362c599e690908b9a7ff144ef921c781.jpg,0,0,1,0,0,0,1,1,1
video-5HPT2goT53ceRpvRm-frame-000100-awHr9MKjWNy3mSm4o_jpg.rf.360d2adc906c17d64a5fea5f57b86275.jpg,1,0,1,0,1,0,1,1,0
video-r68Yr9RPWEp5fW2ZF-frame-013808-Be83TvLRZH6dwGx6g_jpg.rf.364b14e725f3c7d48dae361d819e478c.jpg,0,0,1,1,1,0,1,1,0
video-5An82wT7iBmfZSwx7-frame-000914-QcyYyyYfAACpoRHud_jpg.rf.3657ed7783308eed0b6f7e7806811313.jpg,0,0,1,1,1,0,1,1,0
video-mBQmysFvQtPK36MsF-frame-004387-NejHSCRMbEFrRxNuo_jpg.rf.3663ef1fef27c81beb614981dfbe740d.jpg,1,0,1,0,0,0,1,0,0
video-aiXLPEvp86raemrsp-frame-001060-9zusjL3xmkQFqy4tK_jpg.rf.360329cde517627e5db46c705b22e598.jpg,0,1,1,0,1,0,1,0,0
video-adR56jeLozpyonfJ4-frame-001050-iWcmo57iecfnooAhM_jpg.rf.361947592eb02ce9c553fa1aa7fba879.jpg,0,0,1,0,0,0,0,0,0
video-dgYrcYcm5G75w2GJc-frame-005792-77FK8QahQ5djXj4oq_jpg.rf.36a1c93d86f68e8328ca96df5de3aa6b.jpg,0,0,1,0,0,0,1,1,0
video-AEZAaF8epmvQv5Nfj-frame-016171-qQ3BYdezKZ85YuRyi_jpg.rf.3688267c10b6463dc0f057be157bafd1.jpg,0,0,1,0,0,0,1,0,0
video-xEYBrQ5tarcDbiw9p-frame-006159-uCtY6NQnuvNA3NgE8_jpg.rf.360edb45774c41b8eff6f2517fcc28e3.jpg,1,1,1,0,0,0,1,1,0
video-MoCHppHsM4bnncPmS-frame-001783-YcQmKX3XBYhSPDafk_jpg.rf.3695284e06d98a2a5ef961e4222963f7.jpg,0,0,1,0,0,0,1,1,0
video-GzdKTLbkG5F7gAunM-frame-000419-Y5KhpsrMtf5Df6AZd_jpg.rf.3646bdce9bf1b8579b3df448a1af55b9.jpg,0,0,1,0,0,1,1,0,0
video-GXXqNLCqyu72TLx5i-frame-001722-Bee2TgKrL8oMMqqMy_jpg.rf.36d692baa3d81aa29ec789b83c7b6796.jpg,0,0,1,0,1,0,1,0,0
video-fg5eBhFE7kHyXPtBi-frame-000599-hg5sXkAyCeWdy7EdL_jpg.rf.36e9b7266312ad3e9f7a890a45e84b2f.jpg,0,0,1,0,1,0,0,1,0
video-vvYEi6EdCrYXeHwpD-frame-018345-NtXrh5GEx38rWkCsD_jpg.rf.36e937185524ae480ab3057a201cf64c.jpg,0,0,1,0,0,0,0,1,1
video-5Lwe5DATf4BxKtaiB-frame-001397-hPLgki7hwJzoZRoSo_jpg.rf.36c532937fb631a14c79b3afae5d70b4.jpg,1,0,1,0,0,0,1,1,0
video-aMQG7QCtJKfnEdue5-frame-001391-JP7KDYktP4SHvsk4Y_jpg.rf.370e5550c6242b732a203bbf27925379.jpg,0,0,1,0,0,0,1,0,0
video-r68Yr9RPWEp5fW2ZF-frame-017089-LC7r36KHPhMnD5BXf_jpg.rf.370a54fd2e33cdc565c7405a3f3ac3f7.jpg,0,0,1,0,1,0,1,1,0
video-TTDq3x6HSvFx3YRDH-frame-001154-NEdrYmhXunNeKupAw_jpg.rf.3771076fa02377e7dc98fec8ec68651a.jpg,0,0,1,0,0,0,1,0,0
video-kDDWXrnLSoSdHCZ7S-frame-002628-x3fs3Fs2oHvDujDs9_jpg.rf.3755dac1be5522c6ebcadef88fc7002b.jpg,1,0,1,0,0,0,1,0,0
video-r68Yr9RPWEp5fW2ZF-frame-006236-LEchy2vtnRbpat5ng_jpg.rf.34417495dd8a6168c04fa5889bb6e653.jpg,1,0,1,0,0,0,1,0,0
video-5An82wT7iBmfZSwx7-frame-005556-ze2uTjckrZWuxntHY_jpg.rf.3776d6c1a080d3e478a50e7b72080282.jpg,0,0,1,1,1,0,1,1,0
video-5YuhMWusfM3ZMtvDx-frame-007781-8Y3g7vB642ByN25m9_jpg.rf.3744a71174a95385120d77b6955fdd96.jpg,1,1,1,0,1,0,1,0,1
video-S5osy2ei487eAM2fw-frame-002893-Ydjsm57dbeAPQr7La_jpg.rf.373172c1d09a4053d152dd2b2490175f.jpg,0,0,1,0,1,1,1,1,1
video-AEZAaF8epmvQv5Nfj-frame-015061-xpvDSu44YhfxsFRtT_jpg.rf.3732456fdbb15de3a3f67bac364edbdd.jpg,1,0,1,0,0,0,1,0,0
video-KTtJnXH7CcPgLeF2G-frame-003853-YBoZFGtnw4Xow8aBv_jpg.rf.373467496b35469a0ae836e7e74888b5.jpg,1,0,1,0,1,0,1,0,0
video-muKWZNM2FxQoStMQh-frame-000094-skfz3WRaxJFc8DHqx_jpg.rf.371182c68618665e16283331c0df37e0.jpg,0,0,1,1,0,0,1,1,0
video-BjSfmxLQqCGjg8tya-frame-007273-qtRQ5mZxt6amRMt7j_jpg.rf.375528c4d0293d41646072d66b7604b7.jpg,1,0,1,0,0,0,1,0,0
video-ELruYFQjkqpZnir29-frame-002476-QrhWgZWvHZDvnt5PE_jpg.rf.371b49b3af1c1d523db699fadc4840c9.jpg,0,0,1,0,0,0,1,1,0
video-r68Yr9RPWEp5fW2ZF-frame-006586-G7fcfkndhMLuxksmj_jpg.rf.3779fe7488cdffdc84432ab7ff323092.jpg,0,0,1,0,0,0,1,1,0
video-JFiGa9oAAN2queuLt-frame-003227-xbcDkvg6uhJQkyfsE_jpg.rf.377e41abefcb0fafe8e30e521c1991b9.jpg,0,1,1,0,0,0,1,0,0
video-AEZAaF8epmvQv5Nfj-frame-015811-duQxgngtJGiKL4GGJ_jpg.rf.379836f76bc943358385daf8713be5f3.jpg,0,0,1,0,0,0,1,1,0
video-24ysbPEGoEKKDvRt6-frame-000435-xoWdB9bRdFYwi8vnb_jpg.rf.376975e0b1766a231c8b4d504ceab87b.jpg,1,0,1,0,0,0,1,1,0
video-cprcATqPmWGnc3cgi-frame-001066-6k248iswEjC7T7DkP_jpg.rf.37930b62fdff5143d64415a8b893654c.jpg,0,0,1,0,0,0,1,1,1
video-ELruYFQjkqpZnir29-frame-001411-gSqapDPqNSJ2qdFhk_jpg.rf.379a4727376e3e21d4cb5082c2737033.jpg,1,0,1,0,0,0,1,1,0
video-KTtJnXH7CcPgLeF2G-frame-001881-AZd4kxjy8PtcHYEQC_jpg.rf.37bdfe39522fe54d2772bcceb2b45031.jpg,0,0,1,0,0,0,1,0,0
video-hmsJCeMCWjX2FhxD8-frame-002357-6YLiZFbkAWb4mv3nY_jpg.rf.37bb1029415741b42ca4923f571dcc68.jpg,1,0,1,0,0,1,1,1,0
video-r68Yr9RPWEp5fW2ZF-frame-009793-MaZonhssE9sTMyyaA_jpg.rf.3793e8f150eb3834c42b9948aae27ef5.jpg,0,0,1,0,0,0,1,0,0
video-ZicHYAPRYGdu82nAa-frame-002514-dwBfnyz2whBGt59Ch_jpg.rf.36fbff369020fb48dfec60dde6ae4609.jpg,1,0,1,0,1,0,1,1,0
video-7yaY3LisuPdNyfZH9-frame-005950-eaiLNCSBCfHoeuMjc_jpg.rf.37be9286cc5e93adf34168da4bfc3e77.jpg,0,0,1,0,1,0,1,1,0
video-r68Yr9RPWEp5fW2ZF-frame-015685-5E785TLswriS24q74_jpg.rf.37a823ff9f98a8d7ba0c1cde3d076435.jpg,1,0,1,0,1,0,1,0,0
video-GMDwNs5TdqejpF4vu-frame-003174-MqqwxTNS3wwsyjFwo_jpg.rf.37cac00c11d2f6b207a54391f50c0cab.jpg,0,0,1,0,0,0,1,1,0
video-5YuhMWusfM3ZMtvDx-frame-000000-mNqWQiLzgKkqrk6gG_jpg.rf.37dcdc4ef537329188931211d13250d5.jpg,0,0,1,0,0,0,0,1,1
video-AEZAaF8epmvQv5Nfj-frame-007020-Zvb3ZN9qZ2RP4rJqj_jpg.rf.37ec1fbb80149e620453a0b0a2f5ab4e.jpg,1,0,1,0,1,0,1,0,0
video-aiXLPEvp86raemrsp-frame-007420-xsJFjTQfmFKBktw2r_jpg.rf.37fb4c47b72e4008e2fcb1e1bebd52f1.jpg,0,1,1,0,1,0,1,1,0
video-ipHbyAv8iW9kmxTGj-frame-003170-WjQYdKYMR6MaZACq5_jpg.rf.37fa5a0b082b78159aec0baf0480badb.jpg,0,0,1,1,0,0,1,1,0
video-7EPybiwBrzjDKn7TZ-frame-003816-6fESQjy7gDQoTXT22_jpg.rf.37e9e36b06d4494d40f05e82219e86f8.jpg,0,1,1,0,0,0,1,1,0
video-r68Yr9RPWEp5fW2ZF-frame-011133-4j62pMr8Dhh33rv76_jpg.rf.37efac14177edb5c4b6f385da336c15d.jpg,0,0,1,1,1,0,1,1,0
video-r68Yr9RPWEp5fW2ZF-frame-015615-28jMCpepjHZ2uuwtz_jpg.rf.37f3444eab7884c2c292c070233d50ae.jpg,1,0,1,0,1,0,1,0,0
video-AEZAaF8epmvQv5Nfj-frame-008780-D96B8FZEihq25YdfF_jpg.rf.38222b2c09eacf61a51e4b7874c462bb.jpg,1,0,1,0,0,0,1,0,0
video-DJYDQTZH7GLCqw3Tx-frame-006447-vCunvWGTkYybnNosw_jpg.rf.3853865c89879c9e838de1297b7d33ad.jpg,1,0,1,0,0,0,1,0,0
video-bk2x9u9JivsWRS9Nk-frame-009483-degBokfhYY8uTr4jW_jpg.rf.380db36433fa42c0d54d73c33713aea9.jpg,0,0,1,0,1,1,1,1,1
video-5YffDt2oYT6CDzYHk-frame-003177-6QGsHmwLm49Qz2XnX_jpg.rf.37fb09319cd34eb1d689c87f0028194d.jpg,0,0,1,0,1,0,0,0,0
video-AEZAaF8epmvQv5Nfj-frame-013430-ucFSm7rpJri7Kivoj_jpg.rf.384be7b51b5ca806a1d4d2e14d513aff.jpg,1,0,1,0,0,0,1,0,0
video-Jbg7v6iuvSJavrMsD-frame-014700-FmLSWTdGeQjZA2wMi_jpg.rf.3832179e5f9c04e4d59c9e43d330ede1.jpg,0,0,1,0,0,0,0,0,0
video-7yaY3LisuPdNyfZH9-frame-006145-AMrGNB3GN3zWGeX5d_jpg.rf.37ff7ad2fdcb49d69aacfb208d140007.jpg,0,0,1,0,1,0,1,1,0
video-yNoh5QQAPbR9Afm4i-frame-000579-MDToYorZfRmyGhd6D_jpg.rf.3860b6b136e6300bb325ca7d175493da.jpg,0,0,1,0,0,1,1,1,0
video-r68Yr9RPWEp5fW2ZF-frame-002836-w5AW7Qs29ARi3NAgq_jpg.rf.3862fafbb8582c5f7fd9174d79765be2.jpg,1,0,1,0,1,0,1,1,0
video-SyzNY82LYZrhkPH7x-frame-003263-dNHc48KgtaH3GiaNs_jpg.rf.384a8020760acbc12b352a88b492246a.jpg,0,0,1,0,0,0,1,1,0
video-c3Lxro5s7dbYgdGRp-frame-001002-swcXa3bkWCwwaF7kz_jpg.rf.380dd9fe54972883b2f19e295d9a2624.jpg,0,0,1,0,0,0,1,0,1
video-24ysbPEGoEKKDvRt6-frame-000180-ioP2AstLukvvSQqNy_jpg.rf.38712d8dca31602c11e5e47c79fc5e67.jpg,0,0,1,0,1,0,1,1,0
video-ZicHYAPRYGdu82nAa-frame-003441-fgjbut6Tq5hKfDESh_jpg.rf.3877b015b74307e6952936602d1f50de.jpg,1,0,1,0,1,0,1,0,0
video-fg5eBhFE7kHyXPtBi-frame-001399-kPKpR3xkoJJpSwYNn_jpg.rf.3899b272c48fa06c3441a05e7a3d0fea.jpg,1,0,1,0,0,0,1,1,0
video-5YffDt2oYT6CDzYHk-frame-002597-FxaQKEGt3E9XquxSN_jpg.rf.3894c4883956b3bf0a43402c7cc4b7b8.jpg,0,0,1,0,1,0,1,1,0
video-Gj7ejTPCZZnD5YwPv-frame-000232-zkNSPoJjxLs5MjXnu_jpg.rf.380c741d6c1fa8f23b3a61d878ddb120.jpg,1,0,1,1,1,0,1,1,0
video-AEZAaF8epmvQv5Nfj-frame-016401-qaRRtGkAWuduEtiZ2_jpg.rf.38735d05a24ea98aa2be4cef3f5258ab.jpg,0,0,1,1,0,0,1,0,0
video-mBQmysFvQtPK36MsF-frame-000900-Cy5oJxDNDqYYB7EPe_jpg.rf.3897a162b2e6111eea2cb66e9cb86e29.jpg,0,0,1,0,0,0,0,1,0
video-Jbg7v6iuvSJavrMsD-frame-001650-5zxkHEB7havTKDMkZ_jpg.rf.387645e04bd1c3d68194ad60ac605bd1.jpg,0,0,1,0,0,0,0,0,0
video-hmsJCeMCWjX2FhxD8-frame-002463-5uqG8FC7ZpuWM8DPw_jpg.rf.384b0ca3166f3b15568fffdafbeaa519.jpg,1,0,1,0,0,0,1,1,0
video-cprcATqPmWGnc3cgi-frame-001306-nDLNMhSotdXxAqjLx_jpg.rf.389b603b9a1e1c0b9d230d8baa3cd670.jpg,0,0,1,0,0,0,1,0,1
video-5Lwe5DATf4BxKtaiB-frame-000358-Yp6Zzeti5Mdv2kdTS_jpg.rf.38d3a80bc115262583a85c96d15bbf4c.jpg,1,0,1,0,0,0,1,1,0
video-wGdqQimawNX3RYv76-frame-006354-dpNkHAguLbCbPq9yC_jpg.rf.38fea7c1bd902c63c7fb718b826c33e2.jpg,0,0,1,0,0,0,1,0,0
video-XqruwSRkto63xLX3v-frame-002984-3EejgKFSbhQmXB7iQ_jpg.rf.38c910841bf845845a1a85c5dd3f9938.jpg,1,0,0,0,0,0,1,0,0
video-mBQmysFvQtPK36MsF-frame-004432-pyyaHfSqAgZjXW33X_jpg.rf.3919413addbc0aad76328022a7a471fe.jpg,1,0,1,0,0,0,1,0,0
video-o9b92aG9EbJnkJEwF-frame-002070-QiYb2wXgdnrYGNKQp_jpg.rf.38ee9da61c586d35c6eade4cd772b656.jpg,0,0,1,0,1,0,1,1,0
video-r68Yr9RPWEp5fW2ZF-frame-009523-y4zySprWxFMPc5AYQ_jpg.rf.3614ca4a206140e729c2c2ceb226f9bc.jpg,0,0,1,1,0,0,1,1,0
video-Gfv3kbdf5KAYRtPcz-frame-003825-a8yiDTSimZNBb6icW_jpg.rf.390ed935411fea9f5764ecec483621b4.jpg,1,0,1,1,0,0,1,1,0
video-49ZHZYTfjWxQXmrQs-frame-007050-tA2FQdRQw32vgvRsz_jpg.rf.392f0b0ff98aa4ebca299fa9c7b0530e.jpg,0,0,0,0,0,0,0,1,0
video-DJYDQTZH7GLCqw3Tx-frame-008640-Mq6roEwnGh84NgKmF_jpg.rf.393d3ef1dc92ad9061e78a8fbe27cdc3.jpg,1,0,1,0,1,1,1,0,0
video-TEAocgWiwwMWxYtgJ-frame-004386-PX32DDCpmwbhr6WWB_jpg.rf.391ecce51bf526e3159306852d2cb3f7.jpg,0,0,1,0,0,0,1,0,0
video-BjSfmxLQqCGjg8tya-frame-004878-n4wdTdJnjDSf7Xbty_jpg.rf.3949ffedc8f822fb54409c0609ff063b.jpg,0,0,1,1,0,0,1,0,1
video-FWQff8BQpTRSt9hfA-frame-006150-NkFYJAPr6i5st9gfC_jpg.rf.394db4c00098994014d70fa1555e0b3e.jpg,0,0,1,0,0,0,0,1,0
video-r68Yr9RPWEp5fW2ZF-frame-007156-PrcWJsXn934DLcbXZ_jpg.rf.393745751f35cf7e64548ab4ab09715a.jpg,0,0,1,0,0,0,1,1,0
video-nodg7n2aFzCWFJBnv-frame-007404-jRmXtDxNF72jGks9i_jpg.rf.38550abbb76bada297d426304d6ebcd2.jpg,0,0,1,0,1,0,1,1,0
video-c3Lxro5s7dbYgdGRp-frame-002741-EzzFNnsnZ7kovy2ep_jpg.rf.398ae298bdc9926ccf36be58b64348b6.jpg,0,0,1,0,0,0,0,1,0
video-9BBhGg3MKeaChnLjP-frame-000950-LTar9jzwRT3pvaStS_jpg.rf.395e7bfa7a2264ff92ed24a14b13b63a.jpg,0,0,1,0,0,0,0,1,0
video-fg5eBhFE7kHyXPtBi-frame-000230-ZuoNbDcrGoEXfHAij_jpg.rf.395d4496216cfe7be441dfc2efb35fda.jpg,0,1,1,0,1,0,0,1,0
video-jEAhuERdkqBfeTdux-frame-001650-uDEXYWb3Xu9WRRNf5_jpg.rf.38d19fc5385f08e8a10144cbe2b61a56.jpg,0,0,1,0,0,0,0,1,0
video-ELruYFQjkqpZnir29-frame-004725-KbtvR5jGdLKbveh9N_jpg.rf.39607cf964747366f2085592432329cc.jpg,0,0,1,0,1,0,1,1,0
video-JFiGa9oAAN2queuLt-frame-003407-ZEggk3h67pYQewQPS_jpg.rf.397a9eef7ed4358fb40a90501bed91b4.jpg,0,1,1,0,0,0,1,0,0
video-GXXqNLCqyu72TLx5i-frame-002526-sNJTa5Py7oxCCfNBx_jpg.rf.398be9300c09eb67ff92afa3460de42e.jpg,0,0,1,0,0,0,1,0,0
video-aMQG7QCtJKfnEdue5-frame-002855-xbMupqeiWTkWJa4vT_jpg.rf.398ec9324b20614b87e6a505620297f0.jpg,0,0,1,0,0,0,1,1,0
video-8CvM2BExBLyQFZrK8-frame-000970-YrKroAJH76NNev4iz_jpg.rf.39c8d1bc9aa45ec2b67f423cb5a8c471.jpg,1,0,1,0,1,0,1,1,0
video-67ZzTP4GCNj69eNPs-frame-001812-Cz56kARJ4rEhNuXXX_jpg.rf.39b76413a85600a4d4567bbb77629eea.jpg,1,1,1,0,0,0,1,1,0
video-5Lwe5DATf4BxKtaiB-frame-000238-PhLeAmuWen3KMoX7L_jpg.rf.39ea64878174ad503d97915890eb145d.jpg,1,0,1,0,0,0,1,0,0
video-eLrXYzMxSL9NCXiQq-frame-002206-n4QcE7TuFJg43TEN9_jpg.rf.39eee91000b62afb0ef7ce6c9f34484a.jpg,0,1,1,0,1,0,1,1,1
video-xEYBrQ5tarcDbiw9p-frame-000439-Hf4Tj8oeEeNbgeFRB_jpg.rf.39a7c1b15303a61c6d50a85ae869f4c8.jpg,0,0,1,0,0,0,1,1,0
video-AkvAvb4X72cnTbbCw-frame-000947-iezv23ofaQMmNnE95_jpg.rf.39bf07596afd219e47d50d52f250db0e.jpg,1,0,1,0,1,0,1,0,0
video-r68Yr9RPWEp5fW2ZF-frame-002046-Pd5ELg27CXgoevhbt_jpg.rf.39b433420aa312d4d3134a8a53c2e99a.jpg,1,0,1,1,1,0,1,1,0
video-7yaY3LisuPdNyfZH9-frame-000885-d5MvXZrDZGbjoyZXp_jpg.rf.39d1aaa746bc1020dc84126e28f7dfe3.jpg,0,0,1,0,1,0,1,0,0
video-r68Yr9RPWEp5fW2ZF-frame-002256-ueGv643MfuGsqY9bq_jpg.rf.39de4be4d800b2be8a9e3633bc104874.jpg,1,0,1,0,1,0,1,0,0
video-AEZAaF8epmvQv5Nfj-frame-003600-TbtYpqWZeneaGKLqR_jpg.rf.3a1c00fb3fe3a6c4a1089994567ec1cc.jpg,0,0,1,0,0,0,0,0,0
video-AEZAaF8epmvQv5Nfj-frame-015591-9S5TLutJiQ4PMBCrL_jpg.rf.3a1967e2119063954c8496603c749b5c.jpg,0,0,1,0,0,0,1,0,0
video-ZicHYAPRYGdu82nAa-frame-001777-uGgQ45i9nXrdJWnKx_jpg.rf.39e7a96ca9a2de8103211457478452f3.jpg,1,0,1,0,1,0,1,1,0
video-JnRLAYvPLms37xEzD-frame-002400-9jYNSyfPXFPTtax8a_jpg.rf.38fe795d738ed455c5ca1c85a95d4d80.jpg,0,0,1,0,0,0,0,0,0
video-7yaY3LisuPdNyfZH9-frame-005905-yGiRLqYJDyL8dLDpJ_jpg.rf.39f6d01b43d8d43b0d51366dbfa4530e.jpg,0,0,1,0,1,0,1,1,0
video-3eAD4KjAqae5iq48L-frame-002262-eS4YNaSHBPWAd8yzX_jpg.rf.39c665532e2962773bbf0c0498a825b2.jpg,0,0,1,0,0,0,1,0,0
video-yNoh5QQAPbR9Afm4i-frame-004798-rft2h4zJLwjLgJCDr_jpg.rf.399f1cf2b7a46bbb97ffe1d1a8c65bb0.jpg,0,1,1,0,1,0,1,0,0
video-86XuF6pPvWfBCqyNt-frame-006115-tWzeRANedrgto84bt_jpg.rf.3a217680e696fd501b336b0fdb62ce85.jpg,1,0,1,0,1,0,1,0,1
video-iTrM5ner4KQGLvpdC-frame-004488-3GXY3ekS9DR7PyHie_jpg.rf.3a51fcdb5900339be1abff14853c9e29.jpg,0,0,1,0,0,0,0,1,1
video-BjSfmxLQqCGjg8tya-frame-004908-i9n2YzvQgehe8J24z_jpg.rf.3a48cf83aefb2ef9c3bdc223b2020c3e.jpg,0,0,1,0,0,0,1,0,1
video-fg5eBhFE7kHyXPtBi-frame-000389-ggdGFptYomWGLn3yH_jpg.rf.3a910d46d2da92a040df406e580fc9a7.jpg,0,1,1,0,1,0,0,1,0
video-AEZAaF8epmvQv5Nfj-frame-007345-5d3XpEYqMub3JsQJD_jpg.rf.3a9796569290dea1b47332652e2adbcd.jpg,1,0,1,0,1,0,1,0,0
video-dpPsuZToLaq9myAK8-frame-003496-wWnms2yXBdkK4fFJz_jpg.rf.3a59b146e772c01aa98e124959ff2397.jpg,0,0,1,0,0,0,1,1,0
video-evnmmkhaqckdxWa9P-frame-001636-eTQraHcSfwc6pzRz4_jpg.rf.3a71e971da593388ab4a0701be84cad3.jpg,1,0,1,0,1,0,1,1,0
video-7yaY3LisuPdNyfZH9-frame-002891-7tAS7KMbuJmr8tPbs_jpg.rf.3a6a1ed7a4b53b47b66afb05ff5d3ee4.jpg,0,0,1,0,1,0,1,1,0
video-DwBWZSnE7WHzSoM2G-frame-000000-TCEn5GEqxFwk28x3W_jpg.rf.3a8f90856e3d195bc9d56762dcb813ec.jpg,0,0,1,0,1,0,1,1,0
video-DJYDQTZH7GLCqw3Tx-frame-005719-3zezWS84A5xCYgvHb_jpg.rf.3a852d4593137850613127f9e2e0bc4f.jpg,1,0,1,0,0,0,1,0,0
video-r68Yr9RPWEp5fW2ZF-frame-005856-mYhgNhabEvZS5Twam_jpg.rf.3a8b912b4bcfe06191d4156fda039a2e.jpg,1,0,1,0,0,0,1,1,0
video-nCxsLGvXK8o25AmXW-frame-001507-oajrb4stawq47QGz3_jpg.rf.3a909540409a06d65bab0f53dcb4f2ed.jpg,0,0,1,0,1,0,1,1,1
video-QvjyFt7jvqczmaoNZ-frame-000600-NFgLwPeAtiNw2rT4N_jpg.rf.3a57a0151e453910a9f51d121df72775.jpg,0,0,1,0,0,0,0,1,0
video-5YffDt2oYT6CDzYHk-frame-001894-ey8EG4fN8Sk9oHL6p_jpg.rf.3a469e5b62504195c95c884dba9b0a82.jpg,1,0,1,1,1,0,1,1,0
video-dpPsuZToLaq9myAK8-frame-003226-cdDCjossXHvfHfcp3_jpg.rf.3a347bf7d8ea4f8779700a3170c1b231.jpg,0,0,1,0,0,0,1,0,0
video-iS9cAu6Ms3CXQtY92-frame-002509-2XrN7yaPdJFrPe4GG_jpg.rf.3a924021142d867d30fee399281cbdd8.jpg,0,0,1,0,0,0,1,0,0
video-8CvM2BExBLyQFZrK8-frame-007476-wZ8Xy4FfagkfsnTdu_jpg.rf.39ce28a695f3360385f4c3754de9073f.jpg,1,1,1,0,1,0,1,1,0
video-nodg7n2aFzCWFJBnv-frame-000110-Z9fq6RKj6Ra2cbC5B_jpg.rf.3a8d6232e4900aa8e0fdba88279f022e.jpg,1,0,1,0,0,0,1,1,0
video-G9ZpKLJEKsMheip7b-frame-004050-AeNykJnytbh4TzS6Z_jpg.rf.3ab82af7cee69bb73efb4b828d743443.jpg,0,0,1,0,1,0,0,1,0
video-DJYDQTZH7GLCqw3Tx-frame-008090-p7Z6rg94qkiXa6Fjm_jpg.rf.3ab0ee8d1f97f30b0cb6889fd7edb4c8.jpg,1,0,1,0,0,0,1,1,0
video-Bfb39QmAgJQZfE7Pu-frame-006232-JjhncgbALeyiBFv69_jpg.rf.39ff1ce49667e70f4b8e31bbaa56ca7d.jpg,0,0,1,0,0,0,0,1,0
video-5YffDt2oYT6CDzYHk-frame-003627-6vFzfamxejsuGR9Kw_jpg.rf.3ac87d8a0429865769637654d1a8953a.jpg,0,0,0,0,1,0,0,1,0
video-DJYDQTZH7GLCqw3Tx-frame-008650-D6LZER3DCBoAmxdiX_jpg.rf.3b028c80e88de9905c88e9f305c62694.jpg,1,0,1,0,1,1,1,0,0
video-9BBhGg3MKeaChnLjP-frame-000000-jZeDev6BNTWwcdHnP_jpg.rf.3af5db182ac42b09a9116b54622c9254.jpg,0,0,1,0,0,0,0,1,0
video-ZicHYAPRYGdu82nAa-frame-002574-B6XPDY2jiPZKofHx2_jpg.rf.3b027ba1d827565e21a8f8d602f97b97.jpg,1,0,1,0,1,0,1,1,0
video-5An82wT7iBmfZSwx7-frame-001918-LQWwyCFhQmY8xxa5u_jpg.rf.3abc831cae1dbd36b618b37687b26c68.jpg,0,0,1,0,1,0,1,1,0
video-nodg7n2aFzCWFJBnv-frame-003292-6c2AXjimrE7xBzHHJ_jpg.rf.3ae3d694445dd7fa858e39797025cf91.jpg,1,0,1,0,1,0,1,0,0
video-cprcATqPmWGnc3cgi-frame-002137-myhDeGM9KCWsbDbZn_jpg.rf.3aee2adac508634e58203a1372b540ea.jpg,0,1,1,0,0,0,1,1,0
video-iTrM5ner4KQGLvpdC-frame-001378-TzxGZNvX45AFKRDY8_jpg.rf.3aeb31452118cf6b861b4db46429561b.jpg,0,1,1,0,1,0,1,1,0
video-o9b92aG9EbJnkJEwF-frame-002484-dHeMu7EGvypMimA4R_jpg.rf.3ac7022076921c164ac4f419f759b53c.jpg,0,0,1,0,0,0,1,1,0
video-dgYrcYcm5G75w2GJc-frame-007596-Bpc9ZygkroSQiygpc_jpg.rf.3b347f9ddfbb4296c64f35b2a81c7775.jpg,0,0,0,0,0,0,0,1,0
video-DwBWZSnE7WHzSoM2G-frame-000600-ZiTPPBgFKXs8gBtnn_jpg.rf.3b1be64b1a210d5bdd630bca4b297281.jpg,0,0,1,0,1,0,1,1,0
video-kZvY7NeD8kA7PiMWX-frame-004432-wBctotbCaptmSXxcG_jpg.rf.3b268b81f9b9683d4979aa5f4a196e3e.jpg,0,1,1,0,1,0,1,0,0
video-o68zKob2nb8QMktLF-frame-000679-bZx6xkw5TWj3dJzAH_jpg.rf.3b1427cb2a0f2ce6a16757733fe8459d.jpg,0,0,1,0,0,0,0,0,0
video-ZicHYAPRYGdu82nAa-frame-002169-6asJgdJLRxf2TaD2q_jpg.rf.3b48875cda078447431f5aa68c70962a.jpg,1,0,1,0,1,0,1,1,0
video-JFiGa9oAAN2queuLt-frame-003627-SHsMiJipDeBrHADcZ_jpg.rf.3b5eb2a15f4f01890e9248a47ce958b9.jpg,0,1,1,1,0,0,1,0,0
video-iS9cAu6Ms3CXQtY92-frame-002725-PCeNnof5e5wB8SEGE_jpg.rf.3b1178d64386bc141feb2d45711bcdae.jpg,0,0,1,0,0,0,1,1,0
video-WiuWWrsHrJsDcfFzg-frame-003656-rmm7mnnvoWThAbuyK_jpg.rf.3b3de9e0571c9ddcdcf7eb5ef0317b8e.jpg,0,0,0,0,1,1,1,0,0
video-iFWh9r9TJWmTzTrha-frame-003319-by2Afg4XLg3x6at6G_jpg.rf.3b684b0efe74e881db0c5198a058036c.jpg,0,1,1,0,0,0,1,1,0
video-hmsJCeMCWjX2FhxD8-frame-000601-MCYDQL5fCzf2D9MYr_jpg.rf.3b46fd2205bce703fd54ea5414b7cc01.jpg,0,0,1,0,1,1,1,1,0
video-7EPybiwBrzjDKn7TZ-frame-000461-v3jafBZbc6R8dPT5T_jpg.rf.3b532367dc9b78cfc5416dd00afd3e90.jpg,1,0,1,0,1,0,1,1,0
video-JFiGa9oAAN2queuLt-frame-003817-D2jBbce2F3j8uSPYA_jpg.rf.3afd92d2bc437b34de6c1ee94648422a.jpg,0,1,1,0,0,0,1,0,0
video-fg5eBhFE7kHyXPtBi-frame-001354-344cTuWgDkGHw6u3n_jpg.rf.3b6c4b15102d041185016dd26e1dd7cb.jpg,1,0,1,0,0,0,1,1,0
video-AEZAaF8epmvQv5Nfj-frame-009891-TLhA8gKY3EQyHwTkR_jpg.rf.3b6936890fed342e09d7ee78a7b0dd1d.jpg,1,0,1,0,0,0,1,0,0
video-dpPsuZToLaq9myAK8-frame-002558-n2zRyAXtvgyXX42WG_jpg.rf.3b8a6cb52ebbd71133f2909d07ed3bab.jpg,1,0,1,0,0,0,1,0,0
video-nCxsLGvXK8o25AmXW-frame-010626-uBPiGujdSFS7mQxgX_jpg.rf.3b97c8a69f91d14c73279a3d664a2b28.jpg,0,0,1,0,0,0,1,0,0
video-DJYDQTZH7GLCqw3Tx-frame-005709-ws6crHwr98F5TXLyE_jpg.rf.3ba44913966b28c311c440ea7328f833.jpg,1,0,1,0,0,0,1,0,0
video-AEZAaF8epmvQv5Nfj-frame-011036-BETAQ6GykT5MokYWF_jpg.rf.3ae9f938437bd8c62e0259bf73627575.jpg,0,0,1,0,0,0,0,0,0
video-aiXLPEvp86raemrsp-frame-006996-Sbd6Xm8kiTuZdiwmW_jpg.rf.3bb4cfebac2ce541b74e1e9b98e21f82.jpg,1,1,1,0,1,0,1,0,1
video-KTtJnXH7CcPgLeF2G-frame-001896-N5X8wfSnmwKnFQCEp_jpg.rf.3bb760689e89c4f20aa75925fcebbd33.jpg,0,0,1,0,0,0,1,0,0
video-j884P5ZjKNEm9pq56-frame-000750-Wac6gFfAAzqACPKRQ_jpg.rf.3bb899c53c94bed2b74478f8a2c0ff02.jpg,0,0,1,0,0,0,0,1,0
video-DJYDQTZH7GLCqw3Tx-frame-003411-BRxFyHBnCtPJFqGS5_jpg.rf.3bb9daa23cac96d9539b21c6e1cf1415.jpg,1,0,1,0,0,0,1,0,0
video-QvjyFt7jvqczmaoNZ-frame-000300-paHWgaLEtkvMDiQsg_jpg.rf.3bb8531c53dce48a0a2a3b8159a3d46c.jpg,0,0,1,0,0,0,0,1,0
video-JFiGa9oAAN2queuLt-frame-001394-7ueF7uiQ8kcQ72jdG_jpg.rf.3bce28ca93dbaa5dae232a4813590581.jpg,1,0,1,1,1,0,1,1,0
video-jNQtRj6NGycZDEXpe-frame-007817-eJeiLtSJQzzMDiqvJ_jpg.rf.3b71ddd69ef3a19abfb70a17b9b2bb8b.jpg,0,0,1,0,1,0,1,1,0
video-GXXqNLCqyu72TLx5i-frame-000897-siNcKHh9cqSAfoCyk_jpg.rf.3bffa941fc86b752bde515387d44509e.jpg,0,0,1,0,0,0,1,1,0
video-24ysbPEGoEKKDvRt6-frame-000375-P4T5iAtYh9j83P4oY_jpg.rf.3c1aa1931972c48258c490dc9587b36a.jpg,0,0,1,0,0,0,1,1,0
video-r68Yr9RPWEp5fW2ZF-frame-009033-eT2Jj9hFXRYhKk6uP_jpg.rf.3c026b827a604594a668c18602b0e473.jpg,0,0,1,0,0,0,1,1,0
video-aTxg8EcSRQyDvisMX-frame-003204-RkRBvumNpCLKSzYFR_jpg.rf.3bd909b2b7a4a76d07281cbebccd9f02.jpg,0,0,1,0,0,0,0,1,0
video-5v4MPkCMGEKPfroxc-frame-000120-uxEaLKzpWbeexBJN6_jpg.rf.3c10b5353ec9e199a7eff201054640a1.jpg,0,1,1,1,1,0,1,1,0
video-GXXqNLCqyu72TLx5i-frame-004981-XCirurME7Xnm9dbyT_jpg.rf.3ba7668a9a157d2077d69dd3fb46b16a.jpg,0,0,1,0,1,0,1,1,0
video-BjSfmxLQqCGjg8tya-frame-008381-uAnERxa68FzTAJgxp_jpg.rf.3ba644d364bed667aadc0f7ee17aab9e.jpg,0,0,1,0,0,0,0,1,0
video-TEAocgWiwwMWxYtgJ-frame-003229-acfjwgwh4vxfGHibA_jpg.rf.3c4fc78ad1d02f5c48e5e1227243aba7.jpg,0,0,1,0,0,0,1,1,0
video-r68Yr9RPWEp5fW2ZF-frame-013938-gk3DzNCy9uq3d72wD_jpg.rf.3c2f3af994683c1b9bcd3109add687ff.jpg,1,0,1,0,1,0,1,1,0
video-XNM8eHsvxCMJ6peuj-frame-001088-qHn255ABsFKhHsbti_jpg.rf.3c6233b33da112c90949243e05284317.jpg,0,0,0,0,0,0,0,1,0
video-aMQG7QCtJKfnEdue5-frame-003753-oXJyWRyRHgJDC3FHk_jpg.rf.3bd0fe1ec544b903582fc2104c8e3ed8.jpg,0,0,1,0,0,0,1,0,0
video-aMQG7QCtJKfnEdue5-frame-001042-2WomNnGd9zERcDdvM_jpg.rf.3bf8934f1ae02619857e575e1ee77566.jpg,0,0,1,0,0,0,1,0,0
video-cprcATqPmWGnc3cgi-frame-001051-GKw9iv5LGdbb4o7mw_jpg.rf.3c31336b1c42025aadbec1a8556c08d9.jpg,0,0,1,0,0,0,1,1,1
video-kDDWXrnLSoSdHCZ7S-frame-001849-mWpsb2RGEqJew3W2d_jpg.rf.3c2e2892175b91012a0db07c4ade485c.jpg,1,0,1,0,1,0,1,1,0
video-vbhpsNpMoX2Qbhw2A-frame-001685-6ckgGftZJjFGwtt5p_jpg.rf.3c6d79e5ec72cb91c5caa10d22e53366.jpg,0,0,1,0,1,0,0,1,0
video-rYXSHjnEfuLmjE6Z4-frame-000612-2ha6bjsrJSX29MQSD_jpg.rf.3c97c76dbfe8a290584ba9747b725880.jpg,1,0,1,0,1,0,1,0,0
video-KTtJnXH7CcPgLeF2G-frame-002064-exf2qSzdSfywmdEad_jpg.rf.3c3dbbd644e7e48d89e2c4aaf8920d4f.jpg,0,0,0,0,0,0,1,0,0
video-r68Yr9RPWEp5fW2ZF-frame-006386-bsXHiZ39xny3ZqY35_jpg.rf.3c45179a375a80ce471bf9c6f72ac642.jpg,0,0,1,0,0,0,1,1,0
video-iFWh9r9TJWmTzTrha-frame-001256-xrw7s7pxKYeWcWok8_jpg.rf.3c7657e3e93a69d0e9aa0552fa3d9a7c.jpg,0,0,1,0,1,0,1,0,0
video-BjSfmxLQqCGjg8tya-frame-007348-MnctDzBdady5NErD5_jpg.rf.3c6047fb36bc4181a9a1da2feeabeb31.jpg,1,0,1,0,0,0,1,1,0
video-S5osy2ei487eAM2fw-frame-002505-DBAQLS7wcjFhDJzwb_jpg.rf.3c07767ce65e64018d81d488587f96f4.jpg,1,0,1,0,1,1,1,1,0
video-aMQG7QCtJKfnEdue5-frame-003528-yFW4DRBBZMfXmdYRe_jpg.rf.3c83ee9f9b4cceda966bb7336a5632bf.jpg,0,0,1,0,0,0,1,0,0
video-PY5tYnNPcGE9WrZuq-frame-003960-ttvmTCn9X8ajcnxHg_jpg.rf.3c817e94be6d18a10504fea73974c136.jpg,0,0,1,0,0,0,0,0,0
video-JFiGa9oAAN2queuLt-frame-005157-y2Wr3LH5ehX8rhSqt_jpg.rf.3ccc0720405ffce21dfcfdcfb19c1cee.jpg,0,1,1,1,0,0,1,0,0
video-r68Yr9RPWEp5fW2ZF-frame-002516-rguhizSfbJ2wMfwmi_jpg.rf.3cba9df70a303a201d5891d5b81500e5.jpg,1,0,1,0,1,0,1,1,0
video-r68Yr9RPWEp5fW2ZF-frame-003036-rh5af7zaDsyXybSRa_jpg.rf.3ca7970d3921b9c53e5df5a120f2f661.jpg,0,0,1,0,1,0,1,1,0
video-WXTMrJkrK8BMoMkxk-frame-003477-2iz43WMok7xo3SbqM_jpg.rf.3cb641da034d152a52c2c1021c601fb5.jpg,0,0,1,0,0,0,1,0,0
video-rYXSHjnEfuLmjE6Z4-frame-000357-EoHT5qYuW6WvSyEy5_jpg.rf.3cd393b6069b84ddb2c4cade4759cac5.jpg,1,0,1,0,1,0,1,0,0
video-nCxsLGvXK8o25AmXW-frame-010930-fmvWCKCDHCYJgotr9_jpg.rf.3c8d87656c7b5b3cdd58e7f3d49e99fe.jpg,0,0,1,0,0,0,0,1,0
video-soRFb9y3iqE3YpJSG-frame-000687-BhNHK2oRKZdFaaESK_jpg.rf.3cdfc870e2d8c70d25d4f7628ed276d7.jpg,0,0,1,0,0,0,0,0,0
video-JFiGa9oAAN2queuLt-frame-005387-TJ5y4F89hhR5QBiJs_jpg.rf.3cc0077866a5342ba3c808fb1c3890bf.jpg,0,1,1,0,0,0,1,0,0
video-KTtJnXH7CcPgLeF2G-frame-000409-d22W83XHdDYnaHhtn_jpg.rf.3c9eeeaef4ae75240832ba29cb2e2b86.jpg,0,0,1,0,1,0,1,1,1
video-muKWZNM2FxQoStMQh-frame-002006-meCSqtd8FbzNTGfjG_jpg.rf.3ce528af26945bd8ab784ba261dc32f6.jpg,0,0,1,0,0,0,1,1,0
video-5An82wT7iBmfZSwx7-frame-002587-RSqLeFFDnpLgHmuDH_jpg.rf.3cd46c4444316a99ebb404ebb55bfd5a.jpg,0,0,1,0,0,0,1,0,0
video-S5osy2ei487eAM2fw-frame-004762-rf3CurTh35XKLZgP8_jpg.rf.3ce1e8d1171feb5b638f0a547a74a7f8.jpg,0,0,1,0,1,0,1,1,0
video-5YffDt2oYT6CDzYHk-frame-001127-wiQBGYcFie2ztxYfj_jpg.rf.3ca56209167305ab5366c868662f85ba.jpg,0,0,1,1,1,0,1,0,0
video-AkvAvb4X72cnTbbCw-frame-000275-6gckPkebbWm8zDXRh_jpg.rf.3cd6615dd994cd12139907786671e55e.jpg,1,0,1,1,1,0,1,1,0
video-DJYDQTZH7GLCqw3Tx-frame-003491-BTBWNQCYvHbksoL4d_jpg.rf.3ce7440bbfa3cf517500dda9f2d4ee44.jpg,1,0,1,0,0,0,1,1,0
video-iFWh9r9TJWmTzTrha-frame-000770-vkKDiqDwsEweBbbSy_jpg.rf.3ce858c6da51b153aca0c28d832d7405.jpg,0,0,1,0,1,0,1,0,0
video-r68Yr9RPWEp5fW2ZF-frame-013578-AAyHHy5CDmjrNZfus_jpg.rf.3cea102c01016720662a6e9105a00382.jpg,0,0,1,0,1,0,1,1,0
video-TTDq3x6HSvFx3YRDH-frame-004996-nyfudrQdcBtFnd53H_jpg.rf.3cf39ad6c67ce551ff860b8b5276adc9.jpg,0,0,0,0,0,0,1,0,0
video-GzdKTLbkG5F7gAunM-frame-001338-AjBhmk3isTPE9Kyfk_jpg.rf.3d466122d98f78038fb3acc479888060.jpg,0,0,1,0,1,0,1,1,0
video-4dy5Hhcg93BTyG9KZ-frame-001036-2WGq4tiwfsYYNpQvX_jpg.rf.3d27f371959d16c8e31dde6cad40ed14.jpg,1,0,1,0,0,0,1,1,1
video-AEZAaF8epmvQv5Nfj-frame-006470-JrYdcyXfctj4DRY9L_jpg.rf.3d8e6eb2b16a14cd2510ee677457b4aa.jpg,0,0,1,1,0,0,1,1,0
video-xEYBrQ5tarcDbiw9p-frame-011879-QCQ8rJWEq9BgitMvS_jpg.rf.3d1955aca491d6b6be904ad488d892c7.jpg,0,0,1,0,0,0,1,0,1
video-AEZAaF8epmvQv5Nfj-frame-015121-eCvEvXKYKWtg9SDwd_jpg.rf.3d6c0b2ce0692f4ecc836a7e430bde9a.jpg,1,0,1,0,0,0,1,0,0
video-SyzNY82LYZrhkPH7x-frame-003473-GhqP5pzBv7kzsF5gb_jpg.rf.3d0cbc1db349558680f75f38d3d63ad6.jpg,0,0,1,0,0,0,1,1,0
video-kDDWXrnLSoSdHCZ7S-frame-000555-SQPpEXcEZjdpqgM4o_jpg.rf.3d9be60b9c57ab1e2ce7f550f6e47f72.jpg,0,0,1,0,1,0,1,1,0
video-BjSfmxLQqCGjg8tya-frame-006009-FcHNnA5dFX55rDkmD_jpg.rf.3d6ad0b7b8afc9742b74a969d5a984d5.jpg,1,0,0,0,1,0,1,1,0
video-ELruYFQjkqpZnir29-frame-001531-nbrKMd9Y2bAEnCWTz_jpg.rf.3d6c3c51f8789435c3c7c9b9238e06f7.jpg,1,0,1,0,0,0,1,1,0
video-qmuvFTzLkR28JMp7r-frame-002681-HbprTydErWHxEeDGe_jpg.rf.3d617609d644332fdf02151c378d808f.jpg,0,0,1,0,0,0,0,0,0
video-mBQmysFvQtPK36MsF-frame-004481-qQbQHvPr2Y3ffTrvk_jpg.rf.3d83d2ae3086852ae181e3bd47d119e4.jpg,0,0,1,0,0,0,0,0,0
video-r68Yr9RPWEp5fW2ZF-frame-014590-rgspRvnGmyqbAnWvx_jpg.rf.3d141ad255fa9fd433bec44fa6fca834.jpg,0,0,1,0,1,0,1,1,0
video-6WgZhpFdCJP3a2cWi-frame-007200-vZyZgZwWFJYzfoQxb_jpg.rf.3d9dd68a2c65e94c3d494eb5ebceeb33.jpg,0,1,1,0,0,0,0,1,0
video-soRFb9y3iqE3YpJSG-frame-007307-ie2zsaF5YDmTWwbYF_jpg.rf.3dad8cacc411c91c2326bfc006a8233a.jpg,0,0,0,0,0,0,0,1,0
video-TTDq3x6HSvFx3YRDH-frame-001034-qtZijXJfuEp6tr4v5_jpg.rf.3d871ef18c2d78ffb6819241208ffd0c.jpg,0,0,1,0,0,0,1,1,0
video-WFkuHrJEHigf6HCWZ-frame-000696-d3g76eFcjW2N32Nmr_jpg.rf.3d931625a149fd0bd4ece60ed118f4ae.jpg,0,0,1,0,1,0,1,1,0
video-vvYEi6EdCrYXeHwpD-frame-004892-j4JxvZNRC8o6vhs3R_jpg.rf.3db55bed3cee8ef1a4115be15d7cec8c.jpg,0,0,1,0,0,0,0,1,1
video-49ZHZYTfjWxQXmrQs-frame-000450-hQhHPTDX4yNtPAcbJ_jpg.rf.3dd5f83f28d78e79879b09904e5fb71f.jpg,0,0,0,0,0,0,0,1,0
video-24ysbPEGoEKKDvRt6-frame-000150-mCb5xZ3NsykJTySm7_jpg.rf.3d8ec89d0b5300310449b6886157f4e3.jpg,0,0,1,0,1,0,1,1,0
video-eLrXYzMxSL9NCXiQq-frame-005423-C44Xh5XCd2hucee4i_jpg.rf.3dcffa10f65f047a3a6266f04b7cc50d.jpg,1,0,1,0,0,0,1,1,0
video-GMDwNs5TdqejpF4vu-frame-001328-eyDbqPv7TWqgAL92L_jpg.rf.3df8cff3708e162ea8d6949a88e59cd4.jpg,0,0,1,0,0,0,1,1,0
video-kDDWXrnLSoSdHCZ7S-frame-003168-2bMHQWYvAJMESJ6DQ_jpg.rf.3e2751f24560fa540667d9be1301abec.jpg,0,0,1,0,1,0,1,1,0
video-DJYDQTZH7GLCqw3Tx-frame-005669-4mz26EpKYufiTKGsS_jpg.rf.3e317a8a38e1bee2aba711fd418e4798.jpg,1,0,1,0,0,0,1,0,0
video-JFiGa9oAAN2queuLt-frame-002917-SJvkXd8JncZrNkp63_jpg.rf.3dbfa837caf85df8314d273792f6562a.jpg,0,1,1,1,0,0,1,1,0
video-G9ZpKLJEKsMheip7b-frame-003150-uPwSkhidGQ6QiAadh_jpg.rf.3e0553b2be5def1d358062a418ace780.jpg,0,0,1,0,0,0,0,0,0
video-ozJ2BvNKN96SvRTFv-frame-002700-fLj5judMYdPihCApj_jpg.rf.3e00f9f43096c9d186d3be9fb329164a.jpg,0,0,1,0,0,0,1,0,0
video-AkvAvb4X72cnTbbCw-frame-002231-AZJRHWypYmiFhHEBN_jpg.rf.3de496e359f9332a1453e8052aa3f860.jpg,0,0,1,0,1,0,1,1,0
video-dpPsuZToLaq9myAK8-frame-006751-dkg9q5P44Tw6Q5bjj_jpg.rf.3d75630e5c1c888e4c32d9d1a42188bc.jpg,1,0,1,0,1,0,1,1,0
video-AEZAaF8epmvQv5Nfj-frame-014871-hx9EqnQxokM7rTcLz_jpg.rf.3db7c264a793f9f607d0ab32a4b31db1.jpg,0,0,1,0,0,0,1,1,0
video-r68Yr9RPWEp5fW2ZF-frame-000233-QPSnAXgK8yp8BH4ni_jpg.rf.3db93069d82b8ff489052a35ed07ecdf.jpg,0,0,1,0,1,0,1,1,0
video-nodg7n2aFzCWFJBnv-frame-001345-RRGjNbfGiQ3QMFTGC_jpg.rf.3e3cd50240ca6e6a4f91179c7d29655a.jpg,1,0,1,0,0,0,1,1,0
video-mBQmysFvQtPK36MsF-frame-004297-reNskRgxPgGxQvLWh_jpg.rf.3db01a383fcaa44cf5d628ac2ac1180a.jpg,0,0,1,0,0,0,1,0,0
video-r68Yr9RPWEp5fW2ZF-frame-002676-w24p9Q9n8Knd35NgT_jpg.rf.3e3793932323197bbade30ab6d04669a.jpg,1,0,1,0,1,0,1,0,0
video-5Lwe5DATf4BxKtaiB-frame-001442-Jn5cv6pCn8Qevpafo_jpg.rf.3e68f3e8fac002b79b832c43f05fbd99.jpg,1,0,1,0,0,0,1,0,0
video-iFWh9r9TJWmTzTrha-frame-005811-Lb8FjzRYAkedpY3Td_jpg.rf.3e462dbbe1abb50059cd842d73eb08ed.jpg,0,0,1,0,1,1,1,1,0
video-AEZAaF8epmvQv5Nfj-frame-008810-EqFXEToBDYekYKZwk_jpg.rf.3e6e5217ac60df587b7e2c4f79578dae.jpg,0,0,1,0,0,0,1,0,0
video-nCxsLGvXK8o25AmXW-frame-001796-QZEo9ERPK4J2keyBa_jpg.rf.3e3992ccf4044c883785cd10bcf6f2a0.jpg,0,0,1,0,1,0,1,1,1
video-dpPsuZToLaq9myAK8-frame-004096-mSi4Jif6gnT9sXwga_jpg.rf.3e6f513566fc0fe696a8e0b10171c7d8.jpg,0,0,1,0,0,0,0,0,0
video-7EPybiwBrzjDKn7TZ-frame-002127-9yW873ZwvdyDiFcy4_jpg.rf.3e32bf7a68819a10f85446ba90726530.jpg,0,0,1,0,0,0,1,0,0
video-qmuvFTzLkR28JMp7r-frame-004320-LuMkhXW3CPKzozSAP_jpg.rf.3e77c4886f169456b6a5e03affc65e08.jpg,0,1,1,0,1,0,0,1,0
video-Gj7ejTPCZZnD5YwPv-frame-000480-RHNvTYz9qNwxzMRCY_jpg.rf.3eb9f0b5f7888c51be06907c499000c9.jpg,1,1,1,0,0,0,1,1,0
video-DJYDQTZH7GLCqw3Tx-frame-006467-bthcRn8LGFoEMZF3o_jpg.rf.3e8d84924d3ef1a372d7b57366e610b3.jpg,1,0,1,0,0,0,1,0,0
video-Gfv3kbdf5KAYRtPcz-frame-003465-ZK64MTpDBWp3WgS3t_jpg.rf.3e8f71a1ad869bd1de7e388db7b6b586.jpg,1,0,1,1,0,1,1,1,0
video-evnmmkhaqckdxWa9P-frame-000600-e9hfFhB2mCwZorhof_jpg.rf.3ec42e5951090433e631596d9c1342ab.jpg,0,0,1,0,1,0,1,1,0
video-zNFzcc9wW8XB4QwTa-frame-000273-rXvdfbtYscegCRNHm_jpg.rf.3eaf191a9dc70f90cdf691ce0f0c2199.jpg,0,0,0,0,0,0,1,1,0
video-5An82wT7iBmfZSwx7-frame-000749-jMhAtk8NjD7PRQ47d_jpg.rf.3ec0db4c823f8046aa00a166f6ba2168.jpg,0,0,1,1,1,0,1,1,0
video-r68Yr9RPWEp5fW2ZF-frame-006076-SFSzYheH4xST6vfG8_jpg.rf.3ecb8aec87ee175b1e81e0f90fb61e88.jpg,1,0,1,0,0,0,1,1,0
video-Bfb39QmAgJQZfE7Pu-frame-004714-rRkbewuheRjQcB5mR_jpg.rf.3ee019284e1f36d82a54fc1310d7f164.jpg,0,0,1,0,0,0,0,1,0
video-fg5eBhFE7kHyXPtBi-frame-003233-3AyyatzAnc7oLp7ge_jpg.rf.3ed73fcb4a136febab257ded497ca04e.jpg,0,0,1,0,0,0,0,1,0
video-aMQG7QCtJKfnEdue5-frame-001072-XJfuZqfiLzSFsvyEd_jpg.rf.3eef5be70722fa2ef69821b59586e9fd.jpg,0,0,1,0,0,0,1,0,0
video-Gfv3kbdf5KAYRtPcz-frame-003685-A7aPmyZ8P3if4neDc_jpg.rf.3f20daa7c07314886083fa8b19a63616.jpg,1,0,1,0,0,0,1,0,0
video-ELruYFQjkqpZnir29-frame-004145-x52BnsZ3kYGJr7hvs_jpg.rf.3f36316d892f0bf4df61e8405556f024.jpg,0,0,1,0,1,0,0,0,0
video-a9TgkAvMGtM2gXpdj-frame-006402-ve7f3m6aA33r87D4n_jpg.rf.3ef011e4e3618524c6b0df7496c96869.jpg,0,0,1,0,1,0,1,1,0
video-BjSfmxLQqCGjg8tya-frame-001338-sumLgtyZqnRiopQx2_jpg.rf.3f01c1a9d4786bd9489054f7ef3305ea.jpg,0,0,1,0,1,0,0,1,0
video-24ysbPEGoEKKDvRt6-frame-000300-7j42s9uBoET5EYsJL_jpg.rf.3f36b8a99425826944945ca34ec8a00b.jpg,0,0,1,0,0,0,1,1,0
video-5An82wT7iBmfZSwx7-frame-006886-fiWdtgJAbDiNmgbZT_jpg.rf.3f653d6762ba242a6839bdb7579320a4.jpg,0,0,1,1,1,0,1,1,0
video-8CvM2BExBLyQFZrK8-frame-000220-7J6FPn6RYyKCajJDb_jpg.rf.3f1814c5512c2bf499b6727f3ef34ea4.jpg,0,0,1,0,0,0,1,0,0
video-aktbgSQhAxvb8arnx-frame-001650-8SYkw6H973v2GMzyu_jpg.rf.3f186813a4ff3ef6ee815730e93231e7.jpg,0,0,1,0,0,0,0,0,0
video-FWQff8BQpTRSt9hfA-frame-000750-ykRNYDXSA89zg3JiY_jpg.rf.3f46d1827bc11d65de3fc8833b671883.jpg,0,0,1,0,1,0,0,1,0
video-r68Yr9RPWEp5fW2ZF-frame-006166-Nv6eftCWp8X7PSn6L_jpg.rf.3f32983579b0c7a4a4b9df8c8f552220.jpg,1,0,1,0,0,0,1,1,0
video-rnZseY2bPiYhWEF2m-frame-008964-MobXjxxnwSxsNyfsj_jpg.rf.3f14983780cc5f1d6bc20410b7ac0d5f.jpg,0,0,1,0,0,0,1,0,0
video-hmsJCeMCWjX2FhxD8-frame-010861-5fXNfqDgd8WHmMvwf_jpg.rf.3ec6592793c0335c81f57f396a4cde48.jpg,0,1,1,0,1,0,1,1,0
video-fZKBh7mRSKHjXS2zk-frame-003150-W7ofPgqDDYDnJ3kex_jpg.rf.3f061d6f0371e27de76b3e4b65c25e65.jpg,0,0,0,0,0,0,0,1,0
video-BjSfmxLQqCGjg8tya-frame-001008-GRfwXnTxDJxfBtKGY_jpg.rf.3f9f8c8d4475e9dcd3f7d8f35a688844.jpg,0,0,1,0,1,0,1,1,0
video-7EPybiwBrzjDKn7TZ-frame-004906-EHhuhS8MwK29oePmt_jpg.rf.3f7653cf19878cbe916a99db347067b5.jpg,0,0,1,0,0,0,1,1,0
video-JFiGa9oAAN2queuLt-frame-001584-aQg6cMEJRmhuZmWvu_jpg.rf.3fb0b2236ccde9480c95d9b58a74f0a6.jpg,1,0,1,0,0,0,1,1,0
video-SyzNY82LYZrhkPH7x-frame-001187-RYcH74ZQGS9qDDqvk_jpg.rf.3f806bddf06056bdae62aca6f33f8717.jpg,0,0,1,0,0,0,1,1,0
video-r68Yr9RPWEp5fW2ZF-frame-007281-qxCZKBAcJQHE5i8qy_jpg.rf.3f932b7dc5e41747a7497a25ce828a45.jpg,0,0,0,0,0,0,1,1,0
video-BjSfmxLQqCGjg8tya-frame-003581-iZcwv8Dwr2CkLDmks_jpg.rf.3f96e7ebbbc43191d53cadccfb4d1431.jpg,0,0,1,0,1,0,0,1,0
video-7yaY3LisuPdNyfZH9-frame-003385-XSJ7NbnuvgijG95yH_jpg.rf.3fa0954b931a1542cc27fb4f5fff4f3c.jpg,0,0,1,1,1,0,1,1,0
video-5An82wT7iBmfZSwx7-frame-005481-tARRpta7fLrPniZ2x_jpg.rf.3fa173bad55c43cc0d0bf3656676d8f1.jpg,0,0,1,1,1,0,1,0,0
video-fg5eBhFE7kHyXPtBi-frame-001339-5mWgyB5RSbAub6tap_jpg.rf.3fbc7f21fc8fb999170d5b0d3b0dc8c8.jpg,1,0,1,0,0,0,1,1,0
video-rnZseY2bPiYhWEF2m-frame-003817-FCEFbi6xjsek4wgdj_jpg.rf.3fddc5bf6d50be13e939679f3265d2df.jpg,0,0,1,0,0,0,0,0,0
video-evnmmkhaqckdxWa9P-frame-001726-29SRXKtPYbyiAhhoN_jpg.rf.3fd2b1dcc27277ae4559c7e79abf1a2f.jpg,0,0,1,0,1,0,1,1,1
video-ubAGXmaZ8NwDHWYNC-frame-000900-77arQcTNCxGP7JmbW_jpg.rf.3fa10b9becdf5db048d7c77240929298.jpg,0,0,1,0,0,0,0,1,1
video-r68Yr9RPWEp5fW2ZF-frame-003086-s7YhaMBJ9wN857Asc_jpg.rf.3fb6ed7c91d2b7424073dbc1b6cfeb1f.jpg,0,0,1,0,1,0,1,1,0
video-Gfv3kbdf5KAYRtPcz-frame-003091-MvXvPofRHTq4N9T5E_jpg.rf.3ff787e164dbb28506f697d161f0c19e.jpg,1,0,1,0,0,0,1,1,0
video-fZKBh7mRSKHjXS2zk-frame-000300-pcyAtdbDY9nhjf38G_jpg.rf.3ff51d82f4a7189b861a88b8ebf8d5c2.jpg,0,1,1,0,0,0,1,0,0
video-AEZAaF8epmvQv5Nfj-frame-007375-Ak8Awq4mg4XcbDx2r_jpg.rf.3ffe3687d8ee3052b4c1ab3eb9ff09ea.jpg,1,0,1,0,1,0,1,0,0
video-AEZAaF8epmvQv5Nfj-frame-016261-oP2xtNNE8TnuSy6Dp_jpg.rf.3fe683bd8645b965d7e536e4cba9e5e7.jpg,0,0,1,0,0,0,1,0,0
video-nodg7n2aFzCWFJBnv-frame-001165-ai2jkoCQdiCSF5FAX_jpg.rf.3fc75bf940ffc238345f8cbe47dd9427.jpg,1,0,1,0,0,0,1,1,0
video-cprcATqPmWGnc3cgi-frame-002861-GQdQd9dT9ryT7zJ4H_jpg.rf.3fcf3c2dba9ee4467a875618f7dc19c5.jpg,0,1,1,0,0,0,1,0,0
video-zNFzcc9wW8XB4QwTa-frame-000348-kuDzQNpWRfx5KbPrA_jpg.rf.3fdd4d9508b37281e19ce87544cd359f.jpg,0,0,0,0,0,0,1,1,0
video-jNQtRj6NGycZDEXpe-frame-003400-92ECzW9Hbb3sYEmxx_jpg.rf.4006a6dd87b033423a9a76df5e6f2d62.jpg,0,0,1,0,0,0,0,1,0
video-JFiGa9oAAN2queuLt-frame-007281-a48zsCeiJTiWnKqti_jpg.rf.401ccfed7daa1040ec0fabcba6531c4d.jpg,1,0,1,0,1,0,1,0,0
video-G9ZpKLJEKsMheip7b-frame-001500-drRfQgWoe6WgPXvrj_jpg.rf.401739450d71fb542f2cb8ba10cfeb33.jpg,0,0,1,0,0,0,1,1,1
video-TxNGEKRyWMf6Q7hS2-frame-000086-AAbZaYWFQ4o6yoiz5_jpg.rf.3f7b07f04cc1cc13222d3ee4142761c1.jpg,0,1,1,0,0,0,0,0,0
video-7yaY3LisuPdNyfZH9-frame-003370-sZFG7STpwwFGyHEod_jpg.rf.401346d832871437102f880b4dccc908.jpg,0,0,1,1,1,0,1,1,0
video-7yaY3LisuPdNyfZH9-frame-004305-a7p3QPkjLK6gLWN7X_jpg.rf.40305ec62165acbbed57428259afd967.jpg,0,0,1,0,0,0,1,0,0
video-FWQff8BQpTRSt9hfA-frame-004200-CQfbf2hzLDRYeo3py_jpg.rf.404b37913b75afe454e59311e7c30af9.jpg,0,0,1,0,0,0,0,1,0
video-AkvAvb4X72cnTbbCw-frame-000290-KZxEYwmwy3f7cjkoY_jpg.rf.4027c3fdfacedc13bcc33512aaae9ae6.jpg,1,0,1,1,1,0,1,1,0
video-4zQqsnWRwK7SFPpBy-frame-002262-X45n6j73CBgWbSkPC_jpg.rf.402c81a791e2a5f681ad2413e75145b7.jpg,0,0,1,0,0,0,1,0,0
video-hmsJCeMCWjX2FhxD8-frame-002434-Yn4Wgbont4jc99BhJ_jpg.rf.404e637dd939bbef7f3e838bf7b87495.jpg,0,0,1,0,0,0,1,1,0
video-AHWxmA7AFazuCjdrS-frame-000382-9FmAoscH7HhmSAJ3h_jpg.rf.40465a02c11d57ab597dcab063840e05.jpg,0,0,1,0,1,0,1,0,0
video-AEZAaF8epmvQv5Nfj-frame-015831-WbQyDcGD7otdQXZWS_jpg.rf.404201914994dc51ecf3146daf79a53e.jpg,0,0,1,0,0,0,1,1,0
video-67ZzTP4GCNj69eNPs-frame-001961-wSN2CJum5gn7NaEWA_jpg.rf.403ad7f9d89c0bea8c2ad56c5b12e580.jpg,1,0,1,0,1,0,1,1,0
video-8QxGjiebFiGwCKrd5-frame-001500-DpsamRtjrYHMRCkk7_jpg.rf.4076f50efd77c3a1898b83f920b3ba6e.jpg,0,0,0,0,0,0,0,0,0
video-qmuvFTzLkR28JMp7r-frame-004916-K6Qqp7N7YvegTX7Ls_jpg.rf.404030190878edadda5ae944ef86ff10.jpg,0,1,1,0,0,0,0,1,0
video-JFiGa9oAAN2queuLt-frame-001024-5G3Be53RN8isBGYYe_jpg.rf.40524991ace9d938cd023bf16afe4add.jpg,1,0,1,0,1,0,1,1,0
video-GXXqNLCqyu72TLx5i-frame-000304-KBnAY8Br3cCi9r4te_jpg.rf.4053e608da91f076dbeee82948789ad1.jpg,0,0,1,0,0,0,1,1,0
video-GXXqNLCqyu72TLx5i-frame-002944-sbidH4ZJdD4EhhZgz_jpg.rf.406d9086b3260dd1ec7d953a25bb42c3.jpg,1,0,1,0,1,0,1,1,0
video-MJMd3yspHSkfwpDSD-frame-009750-QHSQG2nB7QgEeBLCK_jpg.rf.406d0af17b1ed4a88332f2a07f5007a6.jpg,0,0,0,0,0,0,0,0,0
video-Gfv3kbdf5KAYRtPcz-frame-000000-jhwmN56HxdP5ZMNex_jpg.rf.407e7c86ecf55bb1835a38a8ce41d13e.jpg,0,0,1,0,0,0,0,0,0
video-7EPybiwBrzjDKn7TZ-frame-004276-N3MH5nzrnjJkELPg2_jpg.rf.40a11544d13ab3aca99dc629973e2c09.jpg,0,0,1,0,0,0,1,1,0
video-S5osy2ei487eAM2fw-frame-000995-aB3qvNaww55pqPp4d_jpg.rf.40241dfc641a8c796b94198a799bfd17.jpg,1,0,1,0,1,1,1,1,0
video-eLrXYzMxSL9NCXiQq-frame-002410-ifXye9W2t9rEQAasM_jpg.rf.40901958ef2a5a671f74b2077d18f885.jpg,0,1,1,0,1,1,1,0,1
video-wGdqQimawNX3RYv76-frame-008473-RLWxCzLhN6hAZxiuQ_jpg.rf.406cc29a50d6adba1e40ac5f56992762.jpg,0,0,1,0,0,0,1,0,0
video-DJYDQTZH7GLCqw3Tx-frame-005116-yEMm8w37tGqregYQF_jpg.rf.40995d612878ac9d1823e424cef51007.jpg,0,0,1,0,0,0,1,0,0
video-49ZHZYTfjWxQXmrQs-frame-009150-q9wrKa3NwhJrPeR9Z_jpg.rf.4054d18472a8b631e43df9f01783c058.jpg,0,0,0,0,0,0,0,1,0
video-evnmmkhaqckdxWa9P-frame-002131-teeDS8A2BuwyP6BTr_jpg.rf.407aa346a11c0b2c991da262b5cb0a41.jpg,0,1,1,0,0,0,0,1,0
video-DJYDQTZH7GLCqw3Tx-frame-003341-CLK34Hu9e4ncGrLSj_jpg.rf.4095a92ab560362ca765d9249ad6275f.jpg,1,0,1,0,0,0,1,0,0
video-r68Yr9RPWEp5fW2ZF-frame-002156-P2p7xBfEAq5ivrcm9_jpg.rf.40b3f557fba49360ff952d5aa7a9da65.jpg,1,0,1,0,1,0,1,1,0
video-iFWh9r9TJWmTzTrha-frame-004190-JQppdhy4g5CEfquf4_jpg.rf.40b7e4b39627f9339a4e530626bd9b64.jpg,0,0,1,0,1,0,1,1,0
video-KTtJnXH7CcPgLeF2G-frame-005216-WQYa5Y3GxRKbWPSGW_jpg.rf.41012eb47d1b9ea336b9045bee002f12.jpg,0,0,1,0,0,0,0,1,0
video-r68Yr9RPWEp5fW2ZF-frame-013598-rsq5WHqvrovfCpTY7_jpg.rf.41048bd04d4a82b3360a508442fbee3e.jpg,1,0,1,0,1,0,1,1,0
video-EcPY55txZdfhevYiW-frame-010164-BoQdLsJY7mhm7FXDy_jpg.rf.40e9d0f987c3637a3ff729d46326778c.jpg,0,0,1,0,0,0,1,0,0
video-JFiGa9oAAN2queuLt-frame-004867-v4Bi8eRcsyczNBFWG_jpg.rf.40b6709e2ead66ffa319e65c3f951a90.jpg,0,1,1,1,0,0,1,0,0
video-qmuvFTzLkR28JMp7r-frame-003262-vo4RtGhQnoQh8Y9Wa_jpg.rf.410b0d09f590c585026312af0d073e5c.jpg,0,1,1,0,0,0,0,1,1
video-5Lwe5DATf4BxKtaiB-frame-001777-9azrFzcmieormX7iL_jpg.rf.4124fcdce08727a0e12d3b67f73cf0b5.jpg,1,0,1,0,0,0,1,0,0
video-DJYDQTZH7GLCqw3Tx-frame-003077-PHaaT6WqjKPv7iHRP_jpg.rf.40ea4b684e93c02f02a461db0a0c3e30.jpg,1,0,1,0,0,0,1,0,0
video-G9ZpKLJEKsMheip7b-frame-010350-vd82iuQWCfCJyw9PK_jpg.rf.412f618f44edc6a460a8074d93f525fc.jpg,0,0,1,0,0,0,0,0,0
video-AEZAaF8epmvQv5Nfj-frame-010736-eciAdxEouMa3uYFxB_jpg.rf.4065bb9260a4f05d708c707ce602f154.jpg,0,0,1,0,0,0,1,1,0
video-67ZzTP4GCNj69eNPs-frame-000293-LWYBpA9dFyaFqrtwD_jpg.rf.41314a546dd9be9f12c159ad146a2f1c.jpg,0,0,1,0,1,0,1,0,0
video-vbhpsNpMoX2Qbhw2A-frame-001425-CvfiKLDTTv5J4FQzZ_jpg.rf.41093f339b4c7a098200cd15e53b8acb.jpg,0,0,1,0,0,0,0,1,0
video-r68Yr9RPWEp5fW2ZF-frame-014420-YosRBLeJtMnv7Wnu8_jpg.rf.413e796654ca95861fa7f9ddbcfc449c.jpg,0,0,1,0,1,0,1,1,0
video-uSr74imQfjLhADgQZ-frame-000118-gCbxHCqHuNJk2FGh9_jpg.rf.41205bae65c42850be014cccc9d28acf.jpg,0,0,1,0,0,0,1,0,0
video-evnmmkhaqckdxWa9P-frame-002101-wXe6BWvxGm6cyYum9_jpg.rf.413718059bfb5befe8d0de8808f26077.jpg,0,1,1,0,0,0,0,1,1
video-4zQqsnWRwK7SFPpBy-frame-010179-dKN9NpCieEvEnRPtz_jpg.rf.4176e74b4d9646e83db88bc9e8f8e215.jpg,0,0,1,0,0,1,1,1,0
video-r68Yr9RPWEp5fW2ZF-frame-014450-WDnfQuS2aej5EwS2g_jpg.rf.417370b6575d0aa5714b001a6ffd1378.jpg,0,0,1,0,1,0,1,1,0
video-JgqSK9D5cCD7HBYzg-frame-000078-nngHwPBuc4HTahaJb_jpg.rf.4138b3975fa579d5718703aa0e349acb.jpg,1,0,1,0,0,0,1,1,0
video-G9ZpKLJEKsMheip7b-frame-003000-5fvs5727FdCyeWdiu_jpg.rf.41523baf455c6ca2d507eda1415bd9cb.jpg,0,0,1,0,0,0,0,0,0
video-wGdqQimawNX3RYv76-frame-012427-BPSZ2cx8FHjMqCtcc_jpg.rf.40c9eef2e274dbbecd99a38353d9755c.jpg,0,0,1,0,0,0,0,0,0
video-FCsBmpEbC3S9MhE7M-frame-000000-tEtzKPsPdCy8wSGcN_jpg.rf.41869c21d3b62b3f17d164ff7bc8b1ce.jpg,0,0,1,0,0,0,0,1,0
video-BjSfmxLQqCGjg8tya-frame-000645-gyu9wMM3z5pKRFe2s_jpg.rf.418866c4370aea212e93d1a6b76bf937.jpg,1,0,0,0,0,0,1,0,0
video-5HPT2goT53ceRpvRm-frame-000085-7nHAbcEdDycpZFTZi_jpg.rf.4107182fb6bb7e74a06522178cdc6be9.jpg,1,0,1,0,1,0,1,1,0
video-EFh9oKSJrkMFW8gtT-frame-007800-Sjp2ttunQL9GcBWcE_jpg.rf.414433042bd7e69894e61eecd20219f8.jpg,0,0,1,0,0,0,0,1,0
video-DJYDQTZH7GLCqw3Tx-frame-008370-cST8zhost8pY7HCaX_jpg.rf.415f48131f7b1d7dc4351766095217db.jpg,1,0,1,0,0,0,1,1,0
video-jNQtRj6NGycZDEXpe-frame-006082-H5HQNmF9ZCrt3oy9j_jpg.rf.414362768cc0973943d024088405aaf9.jpg,0,0,0,0,0,0,1,1,0
video-nodg7n2aFzCWFJBnv-frame-001990-g8ogtrF8v9bnWpRtD_jpg.rf.3f49d5f60bfc19b459f363fe23e3548d.jpg,1,0,1,0,0,0,1,0,0
video-r68Yr9RPWEp5fW2ZF-frame-014780-Qcr2zNkgjFM3oJvGi_jpg.rf.c423c3a7142b79e66f821210045be83c.jpg,0,0,1,0,1,0,1,1,0
video-2SReBn5LtAkL5HMj2-frame-003170-kdqi4yPPfKnzLSTSE_jpg.rf.c42eaa222357a8284d524e8ae90af7f4.jpg,0,0,1,0,1,1,1,1,0
video-zNFzcc9wW8XB4QwTa-frame-003567-BL2rumRamXgxsjwZu_jpg.rf.c42fee922c653c76e0e63441046ee493.jpg,0,0,1,0,0,0,1,1,0
video-aMQG7QCtJKfnEdue5-frame-000325-u4ftrdqquKkfeTxvB_jpg.rf.c43f62ad476478005cf6e1c77f1078d2.jpg,1,0,1,0,1,0,1,1,0
video-adR56jeLozpyonfJ4-frame-009000-s8AdaTbrHfooSgTwh_jpg.rf.c441cca6588c952d79b523b35b6b8d7c.jpg,0,0,1,0,0,0,0,1,0
video-KTtJnXH7CcPgLeF2G-frame-003368-SQHPiDEC6XM2Kw6ur_jpg.rf.c44d020a680aac23234aa6900cefa94e.jpg,0,0,1,0,0,0,1,0,0
video-GMDwNs5TdqejpF4vu-frame-001964-3nLQhFbboDPq2SzPi_jpg.rf.c452df618befb8ed7d92bf21cf545da3.jpg,0,0,1,0,0,0,1,1,0
video-5YuhMWusfM3ZMtvDx-frame-008517-YxweanXbh8yJWcZxD_jpg.rf.c45974f75461cf15b7bacddf90f0d3d2.jpg,1,0,1,0,0,0,1,0,1
video-bNfjGzbuFRY9NkHKz-frame-000000-oEtBhuTqxPj8rD8Hy_jpg.rf.c461b5bdb845ec6a82877735dc4050fe.jpg,0,0,1,0,1,0,0,1,1
video-Gfv3kbdf5KAYRtPcz-frame-003755-6yxb2iCqS4TeWz4ZD_jpg.rf.c4649a036275b5d2350d447122605e64.jpg,1,0,1,1,0,0,1,1,0
video-r68Yr9RPWEp5fW2ZF-frame-001876-cGkQib4K3zvAXKd6Z_jpg.rf.c46fc7fc513e8aaaa9b6997f491ef51c.jpg,1,0,1,1,1,0,1,0,0
video-jNQtRj6NGycZDEXpe-frame-014696-irF4eWnWrC3Zmcrea_jpg.rf.c469b65bfa5f64416c7f8ab5304cfbe0.jpg,0,1,1,0,1,0,1,1,0
video-r68Yr9RPWEp5fW2ZF-frame-006806-MLFy7YYN53qK7u6GL_jpg.rf.c46c31525eccdeefd82f95ba25d55351.jpg,0,0,1,0,0,0,1,1,0
video-KTtJnXH7CcPgLeF2G-frame-004273-XLR5v7d5TWpambeFy_jpg.rf.c472977565f08e555860386410985dcb.jpg,1,0,1,0,0,0,1,0,0
video-evnmmkhaqckdxWa9P-frame-002221-QJqzjATMPFrEMs3Nn_jpg.rf.c4858d73c0a3b2858088cb6f9d8c44bc.jpg,0,1,1,0,0,0,1,1,0
video-7EPybiwBrzjDKn7TZ-frame-006740-KWFpfo7Qt4PPBu3TR_jpg.rf.c4827d6ffacf96d5f0b3a33508c2ce3a.jpg,1,0,1,0,1,0,1,1,0
video-AEZAaF8epmvQv5Nfj-frame-000000-uwESwhDQCax2qYvWD_jpg.rf.c48e54ed48bcb74132e0106dff7a0b55.jpg,0,0,1,0,0,0,0,0,0
video-cprcATqPmWGnc3cgi-frame-001276-DPu6ofDpJTbe5EDRg_jpg.rf.c49a4dbefe2e71aed65efde75f2571e0.jpg,0,0,1,0,0,0,1,0,1
video-jNQtRj6NGycZDEXpe-frame-001498-w3fqRcmfETyus2q8j_jpg.rf.c48b1182bec7e87d7aa6ece15d58a538.jpg,0,0,1,0,0,0,0,1,0
video-AEZAaF8epmvQv5Nfj-frame-010134-oFHNibZH6MgRnve5Z_jpg.rf.c492ece50d5100878af056cb0b79b037.jpg,0,0,1,0,0,0,1,0,0
video-JFiGa9oAAN2queuLt-frame-000110-owCfrrdtM7L7for7H_jpg.rf.c49dc1495210d24f81381e8663168d6a.jpg,1,1,1,0,0,0,1,1,1
video-SyzNY82LYZrhkPH7x-frame-003353-xpQFJ3LftKk76Riw5_jpg.rf.c4d1e85977d331c3ec5ae756f680aec0.jpg,0,0,1,0,0,0,1,1,0
video-FWQff8BQpTRSt9hfA-frame-001800-XTSPrFRKaMMgjkm7C_jpg.rf.c4b656b3cfc470049a32487a9f863e03.jpg,0,0,1,0,0,0,0,0,1
video-2rsjnZFyGQGeynfbv-frame-005562-jgsrr77g8JYad9NMg_jpg.rf.c4c5a4ff615e050f038e12ff1cab2c69.jpg,1,0,0,0,0,0,1,1,0
video-hmsJCeMCWjX2FhxD8-frame-002805-6cZ7yqCbAfwbXqgKx_jpg.rf.c4f327f6f96b4a5fd2c5df1820982493.jpg,0,0,0,0,0,0,0,1,0
video-GXXqNLCqyu72TLx5i-frame-004996-sgQzcppga5R5Z69Qw_jpg.rf.c4bb0038090a2b7797f5841d3d901685.jpg,0,0,1,0,1,0,1,0,0
video-muKWZNM2FxQoStMQh-frame-000064-tyLgpheG27PnDMXnn_jpg.rf.c4d5ae1b5370337e523528a150e0b6f6.jpg,0,0,1,0,0,0,1,1,0
video-5Lwe5DATf4BxKtaiB-frame-001597-5crrhPRzc3m6N5nyY_jpg.rf.c5147b421ccbcbcd8213629908486bed.jpg,1,0,1,0,0,0,1,1,0
video-dpPsuZToLaq9myAK8-frame-005517-kMck8LnozZ7KGmF4i_jpg.rf.c5181cebe6f06f7a2145f3a7cdff55a5.jpg,0,0,1,0,0,0,1,1,0
video-TTDq3x6HSvFx3YRDH-frame-001364-dGv7gDxD4rcnMDyhv_jpg.rf.c4f74acd87b96d5b2baa6a069edc9f47.jpg,0,0,1,0,0,0,1,0,0
video-XNM8eHsvxCMJ6peuj-frame-000576-pCf32EjaN6L2HSbPT_jpg.rf.c52d58672997f233de7387e7ab25a528.jpg,0,0,1,0,0,1,1,1,0
video-JFiGa9oAAN2queuLt-frame-007461-xM4iT2PK6gN2tKury_jpg.rf.c5160fcc1d9088ec8ac323a8b79d52ca.jpg,1,0,1,0,1,0,1,1,0
video-DJYDQTZH7GLCqw3Tx-frame-007810-zXbAwtkK3SunxauES_jpg.rf.c50666778a898082dff693a77909fa27.jpg,0,0,1,0,0,0,1,1,0
video-BjSfmxLQqCGjg8tya-frame-001278-kGfgqdpRpmpKZza3L_jpg.rf.c526b627c00f8aa6314038e34c9e2145.jpg,0,0,1,0,1,0,1,1,1
video-iTrM5ner4KQGLvpdC-frame-004222-XsPveg3RBCFDqBWHq_jpg.rf.c5004d200f26bcf01359d8a74a4df9cc.jpg,0,1,1,0,0,0,1,0,0
video-ELruYFQjkqpZnir29-frame-001336-6n7buKRckH8CeKe9r_jpg.rf.c5143c2f4a0051e93c1b06ade0800072.jpg,0,0,1,0,0,0,1,1,0
video-iTrM5ner4KQGLvpdC-frame-003772-q6oR8yNA2Hcu8amhk_jpg.rf.c5715bacf0012ac800558d71e920fd52.jpg,0,0,1,0,0,0,0,0,0
video-ELruYFQjkqpZnir29-frame-001696-RNpA2sm9aJuxF38wR_jpg.rf.c5722bfae75de7a89cc26f019b97877d.jpg,0,0,1,0,0,0,1,1,0
video-KTtJnXH7CcPgLeF2G-frame-002289-pA6PAHKFBoqSRFxb6_jpg.rf.c53aec7333dd236d2816acd76f0daa05.jpg,0,0,1,0,0,0,1,1,0
video-5An82wT7iBmfZSwx7-frame-001548-vQMLEigTPnDq7XEPu_jpg.rf.c5ace94c75d27499b971f265e8ecc0ff.jpg,0,0,1,1,1,0,1,1,0
video-aTxg8EcSRQyDvisMX-frame-004272-XTHXEyyDy4acf3v4Z_jpg.rf.c5e96789fde111a28bdfa8d3e71e5998.jpg,0,0,1,0,0,1,1,1,0
video-eLrXYzMxSL9NCXiQq-frame-002346-dW6T2adzE88XhCmq3_jpg.rf.c54e8d5899674857e49343f04f48d9ba.jpg,0,1,1,0,1,0,1,1,1
video-GXXqNLCqyu72TLx5i-frame-004749-SHvFeLfxaKZqkQeMs_jpg.rf.c588512e70a9ce736dfe6c62cf9fb2de.jpg,0,0,1,0,1,0,1,1,0
video-7EPybiwBrzjDKn7TZ-frame-001692-Cyv8WbhhdbdmP4Kdf_jpg.rf.c5726e1e614ef025f52e4da8a8a7c5ad.jpg,0,0,0,0,0,0,1,1,0
video-5Lwe5DATf4BxKtaiB-frame-001472-uAa4Aywwew2PXBRfw_jpg.rf.c57e98fc1bcdbbb9bc89cf95d0cbeb89.jpg,1,0,1,0,0,0,1,0,0
video-ELruYFQjkqpZnir29-frame-002863-Pqt4eHcnbRx7cikyt_jpg.rf.c5edd8a73a70e8a92bb81ae35ae52146.jpg,0,0,1,0,0,0,1,1,0
video-aTxg8EcSRQyDvisMX-frame-006230-nruCry5ehs3stznsv_jpg.rf.c58b4997a309a92b9a5a09ff6cd9bc4b.jpg,0,0,1,0,1,1,1,1,0
video-jNQtRj6NGycZDEXpe-frame-015011-2B2xinjauRm8JuD3y_jpg.rf.c59fd548bf30049c89a68515a9691556.jpg,0,0,1,1,1,0,1,1,0
video-nCxsLGvXK8o25AmXW-frame-007986-cDAFwvdyQQwQASxbG_jpg.rf.c5d93156f846de5fc14f174eec7e1cba.jpg,0,0,1,0,0,0,0,0,0
video-r68Yr9RPWEp5fW2ZF-frame-001996-NA64jGzJprBau9pAP_jpg.rf.c5f64b45563f0bb5c2da13038e257440.jpg,1,0,1,0,1,0,1,1,0
video-ipHbyAv8iW9kmxTGj-frame-006920-DEELkA6txABZpAfQk_jpg.rf.c56d0b8577177f4bcbca6489d9797cfb.jpg,0,0,1,0,0,0,0,0,0
video-YzRKMLLSDnZLFpPmg-frame-000000-H85L4ESFQms4Zantc_jpg.rf.c53a17e6e7bcb5b1fb55c12ba3924d12.jpg,0,1,1,0,1,0,0,0,0
video-6WgZhpFdCJP3a2cWi-frame-000400-WgcX4LRZ97p5W5CE3_jpg.rf.c606ed997337ad2ac1cf51ac7eb35ea3.jpg,0,0,1,0,1,0,1,1,1
video-Gj7ejTPCZZnD5YwPv-frame-000764-Yb9wKjPoCk4jYe4QB_jpg.rf.c5fa50af784f9e2bf5024926c0eb122f.jpg,0,0,1,1,0,0,0,1,0
video-aTxg8EcSRQyDvisMX-frame-005696-YE5KLKgfMnRkDzJFx_jpg.rf.c614ed1756b078e70ce5109d7f49b80a.jpg,1,0,1,0,0,1,1,1,0
video-jNQtRj6NGycZDEXpe-frame-004900-Jj5YRTiEq4HKMFGsc_jpg.rf.c621d6837464748b88a06d0f1d8d93b4.jpg,0,0,1,0,0,0,0,1,0
video-7EPybiwBrzjDKn7TZ-frame-003007-rj3fn7MAaMSXaYYSE_jpg.rf.c622bccc400cf1b9ae9e5c8f51ada51a.jpg,0,0,1,0,0,1,1,1,0
video-MoCHppHsM4bnncPmS-frame-001036-DWvaBh6Loo4MFSu5d_jpg.rf.c63116ad8ad7dc03eee73f5842cc0288.jpg,0,0,1,0,1,0,1,1,0
video-r68Yr9RPWEp5fW2ZF-frame-008723-iNketh78J7qWA2ioP_jpg.rf.c5f8f1574ae141c098f93e519676e984.jpg,0,0,1,0,0,0,1,1,0
video-AEZAaF8epmvQv5Nfj-frame-017062-f8SSgnqYYxiGwmpbi_jpg.rf.c65a4de82a637b83673aa9463d9a3de1.jpg,1,0,1,1,0,0,1,1,0
video-r68Yr9RPWEp5fW2ZF-frame-001596-deBAwGH5sgEFduu2i_jpg.rf.c643828838399f9c081d04be0072d89a.jpg,0,0,1,0,1,0,1,1,0
video-DJYDQTZH7GLCqw3Tx-frame-005479-MsjGjQDaTZkZwsbCP_jpg.rf.c63819c860c9f69e272615e7bef22029.jpg,1,0,1,1,0,0,1,0,0
video-nodg7n2aFzCWFJBnv-frame-001285-AKtBuSPKza3ozgsLi_jpg.rf.c644414ff6a3bddbac04a30798cef37e.jpg,1,0,1,0,0,0,1,1,0
video-RzCFkE9yg95GWAnYj-frame-001500-qxEwXsaeccRFTHNHt_jpg.rf.c680e84ab168db406191728c9a8f04ca.jpg,0,0,0,0,0,0,1,1,0
video-S5osy2ei487eAM2fw-frame-003516-6ySh5vi8epaPZ8xLu_jpg.rf.c63504cb21d0d75d2c3561f8844ed4f7.jpg,0,0,1,0,1,1,1,1,1
video-KTtJnXH7CcPgLeF2G-frame-004393-2regqGoKiXRmobtB8_jpg.rf.c63751eb4f2bc40097a8f854743fe87f.jpg,0,0,1,0,0,0,1,0,0
video-Bfb39QmAgJQZfE7Pu-frame-017982-FzwGjddCbv6LqJcw9_jpg.rf.c65f34e6e209870782729facfd4587a5.jpg,0,0,1,0,1,0,1,1,0
video-G9ZpKLJEKsMheip7b-frame-003600-Qs23G48j6cqDSgCbD_jpg.rf.c6859fb3cc5c61144055febb4e5cfb51.jpg,0,0,1,0,0,0,0,0,0
video-r68Yr9RPWEp5fW2ZF-frame-000253-vZbdXaEgXMZHCa3fd_jpg.rf.c68d97185d4bafbe7dda7c90b4d31ca1.jpg,0,0,1,1,1,0,1,1,0
video-nodg7n2aFzCWFJBnv-frame-001735-CX2ntssPzbTMe5nfd_jpg.rf.c6708fb01456c13de6f51462cf99c69e.jpg,1,0,1,0,1,0,1,0,0
video-fg5eBhFE7kHyXPtBi-frame-001068-JfJ673JXyF6s5Yt4b_jpg.rf.c6a19a19a8c44471a831492e3486af85.jpg,1,0,1,0,1,0,1,1,0
video-dgYrcYcm5G75w2GJc-frame-001266-ne3cAiAuuSG8ATJLt_jpg.rf.c697fc709b049ebdfe5b08faf8a7f16a.jpg,0,0,1,0,0,0,0,1,0
video-kDDWXrnLSoSdHCZ7S-frame-001804-rSpSkZwNRRKBFPqGh_jpg.rf.c69be26c04b6e7c3621d05d3994e394f.jpg,0,0,1,0,1,0,1,1,0
video-zNFzcc9wW8XB4QwTa-frame-010198-REAAjtYdEpiH5scrj_jpg.rf.c6be1d116eabb393fac6cf735bfdf201.jpg,0,0,1,0,0,0,0,1,0
video-6WgZhpFdCJP3a2cWi-frame-004000-ApCmnNJ9fR7Y2uDEp_jpg.rf.c6dd7d0ec606141105439ec66c4b5e75.jpg,1,1,1,0,1,1,1,1,0
video-yNoh5QQAPbR9Afm4i-frame-001930-2wK36WbC5ZFwFzti6_jpg.rf.c6f56c9687dd1e5d616c9ca9c27119c1.jpg,0,1,1,0,0,0,1,0,0
video-5YffDt2oYT6CDzYHk-frame-001604-zE5cJxvkL2FAXKoF7_jpg.rf.c6f6f5f2de89a7b63199b42a19a5a109.jpg,1,0,1,0,1,0,1,1,0
video-dgYrcYcm5G75w2GJc-frame-001477-G6YDtA2sp9mQTXMtp_jpg.rf.c6c207203853ef8f4ab7f3cf95aba241.jpg,0,0,1,0,0,0,0,1,0
video-fg5eBhFE7kHyXPtBi-frame-001444-gj7qqxYCSMmokBrQa_jpg.rf.c6b80aafa4ad270a2a30337a52092735.jpg,1,0,1,0,0,0,1,1,0
video-KTtJnXH7CcPgLeF2G-frame-002493-dHYQsKLBL9jQzaBaj_jpg.rf.c7040613c06b2dacd6e0058ea609867e.jpg,1,0,1,0,0,0,1,0,0
video-nCxsLGvXK8o25AmXW-frame-010566-XSAFLKRx7Q7NQdETj_jpg.rf.c714c1f18da20cc5be67018d50727ef8.jpg,0,0,1,0,0,0,1,0,0
video-r68Yr9RPWEp5fW2ZF-frame-017039-RZ4PxY4BsHjKtwvaj_jpg.rf.c705debb8119e487ce7a502240ddfff1.jpg,0,0,1,0,1,0,1,1,0
video-xEYBrQ5tarcDbiw9p-frame-009196-5ADPPotpa82yZ5qf3_jpg.rf.c70cfaeab57c13f4dfb4c06f8d056d08.jpg,1,0,1,0,1,0,1,0,0
video-SyzNY82LYZrhkPH7x-frame-003293-i2yhzMPD2zbqowAg9_jpg.rf.c716fa9002659ef40939342bcd2bc09a.jpg,0,0,1,0,0,0,0,1,0
video-yNoh5QQAPbR9Afm4i-frame-000193-KQGqBfv9bYkCH4bt5_jpg.rf.c6de897bf8554f427427270ac6678820.jpg,0,0,1,0,1,1,1,0,1
video-JFiGa9oAAN2queuLt-frame-004737-FPNbbZN5yzFnEGrzk_jpg.rf.c7289ab62c5669a16733695655c48e15.jpg,0,1,1,1,0,0,1,0,0
video-5YffDt2oYT6CDzYHk-frame-003913-hazMsgqRuaGBnQMaw_jpg.rf.c6f204ab77a8f9fbb3f199405a9bfa89.jpg,0,0,1,1,1,0,0,1,0
video-XNM8eHsvxCMJ6peuj-frame-001960-CJo2xwsywBHJn5gi2_jpg.rf.c75a0051ddc247902b96625e83cf383e.jpg,1,1,1,0,1,1,1,0,0
video-DJYDQTZH7GLCqw3Tx-frame-007500-2yGbixTQmzmP4PcJ5_jpg.rf.c78f0db1bbbc4cbf0d26a2476469a1c6.jpg,1,0,1,0,0,0,1,1,0
video-AEZAaF8epmvQv5Nfj-frame-006950-hzPwdfcFof55fLoQF_jpg.rf.c73895ed97fa66d67a92fd5f01c0159f.jpg,1,0,1,1,1,0,1,0,0
video-DJYDQTZH7GLCqw3Tx-frame-002887-NwhS3kBKJRyecmRCg_jpg.rf.c70d154b5d2041094e4ae87d7b013a9d.jpg,1,0,1,0,0,0,1,0,0
video-rYXSHjnEfuLmjE6Z4-frame-001108-M92zoSENwZx2sFskh_jpg.rf.c775cdedb7053ab21a0ad99d979741a4.jpg,1,0,1,0,0,0,1,0,0
video-nodg7n2aFzCWFJBnv-frame-002767-ciytKgz55SYqWJ4j2_jpg.rf.c79082031d2b2a0ae65335565e2ac5ac.jpg,1,0,1,0,1,0,1,1,0
video-nodg7n2aFzCWFJBnv-frame-006204-h5jJvYNoBforupisH_jpg.rf.c76bac100a3c1d6e5a82af61908c531f.jpg,0,0,1,0,0,0,0,1,0
video-eLrXYzMxSL9NCXiQq-frame-000924-xGSaeJRwPaY7guYA8_jpg.rf.c79a917d2fc54c5ab91cf3ac73b5e6de.jpg,0,0,1,0,0,0,1,1,0
video-vbhpsNpMoX2Qbhw2A-frame-000554-6YJYsyWyw6x8ud64M_jpg.rf.c7955fa2f4c9b02b7c3baf7748bbabd8.jpg,1,0,1,0,1,0,1,1,0
video-AEZAaF8epmvQv5Nfj-frame-014621-9x5GJnBc5yD5TKh4a_jpg.rf.c7a6293a0af7f634348cf73b3e9a8bc7.jpg,1,0,1,0,0,0,1,0,0
video-AEZAaF8epmvQv5Nfj-frame-007405-KdkxFec2bwHhutPic_jpg.rf.c7adb9ed05ca02dcdf283432c55ecc33.jpg,1,0,1,0,0,0,1,1,0
video-AEZAaF8epmvQv5Nfj-frame-013700-jxje2asi4zNuEG2gr_jpg.rf.c75ec849c313f2cceeb59246a1abcc2d.jpg,1,0,1,0,0,0,1,0,0
video-r68Yr9RPWEp5fW2ZF-frame-009703-7YLu5gb58mjYP7xgG_jpg.rf.c7ae91edc728b57cbe963be57bb8fa22.jpg,0,0,1,0,0,0,1,0,0
video-c3Lxro5s7dbYgdGRp-frame-001999-JfekMLgH2nd7wcmiu_jpg.rf.c7cd80b01efb1f7dc39e0c3ce0929fc1.jpg,0,0,1,0,0,0,1,1,0
video-jNQtRj6NGycZDEXpe-frame-005932-tZ9qp8qjkvG9xsbzw_jpg.rf.c7dbdb50596b87fcfe914e60faf2ef83.jpg,1,1,1,0,1,0,1,1,0
video-o68zKob2nb8QMktLF-frame-000401-cwPGKHwESLCq3p5iX_jpg.rf.c7c118c23e3c9a37d363efffcc5a61f8.jpg,0,0,1,0,0,0,1,1,0
video-BjSfmxLQqCGjg8tya-frame-003566-dQhcCXGK9juyR6PTY_jpg.rf.c7de55c13ba0018706bc4787b691212e.jpg,0,0,1,0,1,0,0,1,0
video-5v4MPkCMGEKPfroxc-frame-000195-Pug4RKeXo9dKGg62t_jpg.rf.c7e37008eaf9245e8b28603f1c72493b.jpg,0,1,1,1,1,0,1,1,0
video-AEZAaF8epmvQv5Nfj-frame-006670-TmN6rtmyKtEHJ4u48_jpg.rf.c82e02797aa0aefd5f62e23f90fe7505.jpg,1,0,1,0,0,0,1,1,0
video-r68Yr9RPWEp5fW2ZF-frame-000163-EFW7TmAK5PM827QSL_jpg.rf.c7cd8099b0ddb692c9ececce6a567919.jpg,0,0,1,0,1,0,1,1,0
video-jNQtRj6NGycZDEXpe-frame-006182-FCvzn4nRfBkP5PpmE_jpg.rf.c81ee038cf4741633892d6b6e8c0ccb2.jpg,0,0,1,1,1,0,1,1,0
video-QvjyFt7jvqczmaoNZ-frame-003894-4cGXyEcbDaHvd8saM_jpg.rf.c81514c75fa6803aaa4f3ebf1814cf47.jpg,1,0,1,0,0,0,1,1,0
video-ozJ2BvNKN96SvRTFv-frame-002400-g2HYJfwjTF67ranGw_jpg.rf.c7ceec98bfa10247d1453ddcb68ef6a8.jpg,0,0,1,0,0,0,0,1,1
video-JFiGa9oAAN2queuLt-frame-000814-g3vpFLbGLnFeN3EcP_jpg.rf.c7c1a12bb4b5dc0d4710a1e8f30c5c44.jpg,0,0,1,0,0,0,1,1,0
video-TTDq3x6HSvFx3YRDH-frame-001214-5eToFcf36yQePKXdD_jpg.rf.c8340118b9422133cbbfcca8eebce5e7.jpg,0,0,1,0,0,0,1,0,0
video-Gfv3kbdf5KAYRtPcz-frame-003335-QfzbGmaKTYnGkPDv8_jpg.rf.c841d80eb4c2e07ea9b6b288ffdbdbd8.jpg,1,0,1,0,0,1,1,1,0
video-fg5eBhFE7kHyXPtBi-frame-000152-QnDgqzmptMhnQPH9J_jpg.rf.c85f79c91b8459c498ea6325608b8edc.jpg,0,1,1,0,1,0,0,1,0
video-JFiGa9oAAN2queuLt-frame-005487-HBuvLq3xfhW5iKv5A_jpg.rf.c86d1568d435fb0b9eaf98c1e79a897c.jpg,1,1,1,1,0,0,1,0,0
video-AEZAaF8epmvQv5Nfj-frame-008250-cNa4AJCRNQHA2cTRM_jpg.rf.c860dee4536807fa6b62382c31d76573.jpg,0,0,1,1,0,0,1,0,0
video-KTtJnXH7CcPgLeF2G-frame-003398-DbP5jjTYSQRycYCyX_jpg.rf.c8522ba5e06249079b12e084e6ce64bf.jpg,0,0,1,0,0,0,1,0,0
video-TTDq3x6HSvFx3YRDH-frame-008798-v8sdY66vjYhgyDsQj_jpg.rf.c8273de431db26fbdf5bed1d98184152.jpg,0,0,1,1,1,0,0,1,0
video-7yaY3LisuPdNyfZH9-frame-000266-nx9bafsS2xZhdiNnR_jpg.rf.c8796f863dcabe00655bccfa7d093612.jpg,0,0,0,0,0,0,1,1,0
video-dpPsuZToLaq9myAK8-frame-001948-dPbgSsv4zKKWSaKHE_jpg.rf.c7edf3a9c84b4b0fe1c4ffe0e071435f.jpg,0,0,1,0,0,0,1,1,0
video-AkvAvb4X72cnTbbCw-frame-001007-YzmRY3drmyRyKu5fc_jpg.rf.c890a3b949a912559d7db14b685a30e4.jpg,1,0,1,0,1,0,1,1,0
video-TTDq3x6HSvFx3YRDH-frame-000205-MPfAhGgpsrEW9Z228_jpg.rf.c804c5ec3195e0acfc72d091a07dbda3.jpg,0,0,1,0,0,0,0,1,1
video-6WgZhpFdCJP3a2cWi-frame-000000-wNnSrzLGrTgAztgEo_jpg.rf.c8c8d3c7dbbfbbe02c910a246bead399.jpg,0,0,1,0,1,0,0,1,0
video-wGdqQimawNX3RYv76-frame-009727-vQBehE5QJq98kdGp9_jpg.rf.c8611b54674a3442ad9af819a4142666.jpg,0,0,1,0,0,0,0,0,0
video-r68Yr9RPWEp5fW2ZF-frame-007251-kcjR6rnf99DwofJPt_jpg.rf.c8cec0a790d7840b79672dd14a00db40.jpg,0,0,1,0,0,0,1,1,0
video-GzdKTLbkG5F7gAunM-frame-000123-zT9WiGpogNTW2duPu_jpg.rf.c8b350b8bbf06c3d8143ae8730daf60d.jpg,1,0,1,0,0,0,1,1,0
video-nCxsLGvXK8o25AmXW-frame-013330-sPBGodrfDsZQW2TWo_jpg.rf.c86b82cb069c32336b3d637929a60945.jpg,0,0,1,0,0,0,0,1,0
video-zNFzcc9wW8XB4QwTa-frame-008393-x3EEru8A4SopYB65t_jpg.rf.c8c90559f013b8cea5fc7abe90abd74a.jpg,0,0,1,0,1,0,0,1,0
video-86XuF6pPvWfBCqyNt-frame-007762-Sya8npeytg5cKWzdq_jpg.rf.c88e1fa4460ecd99073a9b6cafcfecb6.jpg,0,0,1,0,1,0,1,0,1
video-Gfv3kbdf5KAYRtPcz-frame-002651-Lsr9wRPt33ECW46yT_jpg.rf.c919f8246999bfe769a9e9fa784ae1a9.jpg,0,0,1,1,0,0,1,1,0
video-KTtJnXH7CcPgLeF2G-frame-000534-oznNxhQwmHgvjK7id_jpg.rf.c91af9f176d79b5e009850f1014e419f.jpg,0,0,1,0,1,0,1,1,0
video-r68Yr9RPWEp5fW2ZF-frame-014800-AhaEsaMCoxjizoEMS_jpg.rf.c923bcde92bb323d87ed019834603c8a.jpg,0,0,1,0,1,0,1,0,0
video-TTDq3x6HSvFx3YRDH-frame-001409-RGciA26qd3brLXrf4_jpg.rf.c8e5fa3b4b52daaa29a13dc7bd12bafe.jpg,0,0,0,0,0,0,1,0,0
video-5Lwe5DATf4BxKtaiB-frame-001612-PasyJEjpMvBZjyq5t_jpg.rf.c93195978a073e5baea4c5228b6f854e.jpg,1,0,1,0,0,0,1,1,0
video-r68Yr9RPWEp5fW2ZF-frame-014730-Se2gWMqEPgscx7KoC_jpg.rf.c9121686e1608bd431d277df93d26426.jpg,0,0,1,0,1,0,1,1,0
video-ZicHYAPRYGdu82nAa-frame-002214-LeC7XGKgyvWf65ysa_jpg.rf.c92de4b830874c3836356a206b06c1ec.jpg,1,0,1,0,1,0,1,1,0
video-JFiGa9oAAN2queuLt-frame-003767-qyBeef3ZzWhommHvL_jpg.rf.c8fa9a17f458183bbfd64ae90fd4b789.jpg,0,1,1,0,0,0,1,0,0
video-S5osy2ei487eAM2fw-frame-003582-JkDJdpdJrEJQTXWee_jpg.rf.c9263d30b2b7fcbc886350a7454c89ae.jpg,0,1,1,0,0,1,1,0,0
video-6WgZhpFdCJP3a2cWi-frame-004794-hwxXQ7THTnwKjnfqj_jpg.rf.c943ba48983202b4d0869be5dc0c9ea7.jpg,0,1,1,0,1,0,0,1,0
video-TEAocgWiwwMWxYtgJ-frame-002989-vQeDx34hRW7uNvvS4_jpg.rf.c97afe1c83e11ee7620cba2c4273e048.jpg,1,0,1,0,0,0,1,0,0
video-BjSfmxLQqCGjg8tya-frame-004893-jTDHGsFiAWud8NLDC_jpg.rf.c9709ce29cc7b3e0a663e5e5651e3ada.jpg,0,0,1,0,0,0,1,0,1
video-eLrXYzMxSL9NCXiQq-frame-005632-k5aLcrnarMxdw8fhn_jpg.rf.c9205508ccb0dc6dc932d4f18de2883a.jpg,0,1,1,0,0,0,1,1,0
video-JFiGa9oAAN2queuLt-frame-000090-Arktfw8NEE2XNBgKa_jpg.rf.c9344c7daca46c356f674eb9c9bee919.jpg,1,1,1,0,0,0,1,1,1
video-nodg7n2aFzCWFJBnv-frame-002842-wb4ygTkhstaLKQmTX_jpg.rf.c94c4d54a2616345291925109ab5add1.jpg,1,0,1,0,1,0,1,1,0
video-ELruYFQjkqpZnir29-frame-003245-WoCR4LCQHhJivGssK_jpg.rf.c96f14536b6f030e03b299363eeaf2dc.jpg,0,0,1,0,0,0,0,0,0
video-AEZAaF8epmvQv5Nfj-frame-008390-9DpYDEZFoMWSyRb52_jpg.rf.c96c61cc532f91611df0ee0782604ec0.jpg,1,0,1,1,0,0,1,1,0
video-ZicHYAPRYGdu82nAa-frame-002769-C7LBu2WWSAdbc2GTn_jpg.rf.c998414eb826bc73852120fd75364934.jpg,1,1,1,0,1,0,1,1,0
video-JFiGa9oAAN2queuLt-frame-003647-LmN2EMJqHXMQB2qbS_jpg.rf.c98b3c5affe44e725a636f5eeca82650.jpg,0,1,1,1,0,0,1,0,0
video-4zQqsnWRwK7SFPpBy-frame-012441-pCxeGQiRoeWPZcsWT_jpg.rf.c9a7f41042b1180456974ffb734e21df.jpg,0,0,1,0,0,0,0,1,0
video-aMQG7QCtJKfnEdue5-frame-000655-6xb6AmEuj3g3F6L5a_jpg.rf.c9dfd6fed4a7b9532806802b1f02366b.jpg,0,0,1,0,0,0,1,1,0
video-JFiGa9oAAN2queuLt-frame-005337-mFNjJuFz7d2umuRD4_jpg.rf.c9887a8747594b93d3246569125b1208.jpg,0,1,1,0,0,0,1,0,0
video-JFiGa9oAAN2queuLt-frame-002717-3PQNPRridffBE2yuc_jpg.rf.c9a2f6d4ea699259c2eff5c912dc8413.jpg,1,1,1,1,0,0,1,1,0
video-Gfv3kbdf5KAYRtPcz-frame-003425-pbRhoFXrZiNc2sYJf_jpg.rf.c9a436c0fa4ebbb3b462780f3e2eb488.jpg,1,0,1,1,0,1,1,1,0
video-G6FT88p5kgvAR2Y92-frame-003900-LnekbLLf4M4wGMHsA_jpg.rf.c9e78ce158163a9fc13785abd02603e5.jpg,0,0,1,0,0,0,1,1,0
video-ooW42bEtJrR4gufJr-frame-000750-kADRk7dMp7xDaaApX_jpg.rf.c9e7fa7e056e2cd52a6500c91d86cf10.jpg,0,0,1,0,0,0,1,1,0
video-DJYDQTZH7GLCqw3Tx-frame-005226-AawjC6afG67QgBzyv_jpg.rf.c924b86095ac9b71a21c7b83a1657e16.jpg,1,0,1,0,0,0,1,0,0
video-KTtJnXH7CcPgLeF2G-frame-002109-ZitoRtXHckNGJfRMe_jpg.rf.c9a34bf9b895580dfa9df783d10dcbf0.jpg,1,0,1,0,0,0,1,0,0
video-XqruwSRkto63xLX3v-frame-008740-C8h327a6R6NWQ3T3B_jpg.rf.c9fb001a7b2c460cb4b1bdad22b4a18e.jpg,0,0,0,0,0,0,0,1,0
video-aiXLPEvp86raemrsp-frame-001272-2RukKc67esbD7doED_jpg.rf.ca540ddec153ee0d3546c58aa942addd.jpg,0,0,1,0,1,0,1,0,1
video-jNQtRj6NGycZDEXpe-frame-001423-f7Jmrchsi3QGD8kE4_jpg.rf.c9414896c1692059d198c20ad7306a30.jpg,0,0,1,0,0,0,1,1,0
video-TEAocgWiwwMWxYtgJ-frame-004446-ATuaXrB2eS2ZpLwGv_jpg.rf.ca4b6d6927e00d94c884cb52200cdeec.jpg,0,0,1,0,0,0,1,0,0
video-r68Yr9RPWEp5fW2ZF-frame-009513-DaKYNrWGCR5usMG8R_jpg.rf.ca15f5d0303806d1355ed8ef99d43b9c.jpg,0,0,1,1,0,0,1,1,0
video-BvDJ7TewksQCjCtyN-frame-000756-xayP2txDmJ2WmT4YZ_jpg.rf.ca12d3cd1630f2ecaa331323a441c87c.jpg,0,0,1,0,1,0,1,1,0
video-yNoh5QQAPbR9Afm4i-frame-000386-5Dx4eYkyY9k8kxe69_jpg.rf.ca0be7a643846cfe2099c070d9691283.jpg,0,0,1,0,0,1,1,0,1
video-DJYDQTZH7GLCqw3Tx-frame-003541-NAthQbDfBezutSpwL_jpg.rf.ca8dbc1d9f7d185a91617d72abf4490f.jpg,1,0,1,0,0,0,1,1,0
video-BjSfmxLQqCGjg8tya-frame-001308-pPTf8QCsmfGonPn9N_jpg.rf.ca9b63648bb5e7d2eeed2742aae5a2d8.jpg,1,1,1,0,1,0,1,1,0
video-fg5eBhFE7kHyXPtBi-frame-000479-M2C4hyeT2CaL4Fm5e_jpg.rf.ca2326bebad811090f368dce89c2fab7.jpg,1,0,1,1,1,0,1,1,0
video-AEZAaF8epmvQv5Nfj-frame-015621-bi2ZAzt9RGtJ5dYtu_jpg.rf.ca99d539c0a7d144048e026be3e5a30e.jpg,0,0,1,0,0,0,1,0,0
video-xEYBrQ5tarcDbiw9p-frame-001319-jRNPwCZrw6ABkF7Me_jpg.rf.ca29e1b115cb8432fca67a378e030729.jpg,0,0,1,0,1,0,1,1,0
video-8CvM2BExBLyQFZrK8-frame-000460-3GSF7nNkYtKcktaND_jpg.rf.ca7f383cd861ba57f740dc8932ae93d0.jpg,0,0,1,0,1,0,1,1,0
video-JFiGa9oAAN2queuLt-frame-004827-ELDQrjozNrn3zsXz8_jpg.rf.ca7572e17d8ddd5cd52e77c139873c1e.jpg,0,1,1,1,0,0,1,0,0
video-aMQG7QCtJKfnEdue5-frame-003363-7YzMqSvRHkE7zzkjC_jpg.rf.c9fcb024c89e44a67b16364a8fd9eaee.jpg,1,0,1,0,0,0,1,0,0
video-7RdKmtytvKgfNcTNv-frame-001800-XduaKuPod4cHGMkMC_jpg.rf.ca9dd425dc100294f0e6401f8bfede22.jpg,0,0,1,0,0,0,0,0,0
video-AEZAaF8epmvQv5Nfj-frame-014661-G8FN6a3n4QDfccMjt_jpg.rf.ca8f9008c995a9faa6a9c2f1ed6374ff.jpg,0,0,1,0,0,0,1,0,0
video-GXXqNLCqyu72TLx5i-frame-004404-yycXhWNftw88HWwPb_jpg.rf.ca6a94a63796250bf6128f2286990387.jpg,1,0,1,0,1,0,1,1,0
video-7yaY3LisuPdNyfZH9-frame-005890-rxCkyfbdGQDe8reCD_jpg.rf.ca52233f774e7a029621b86da8cee62c.jpg,0,0,1,0,1,0,0,1,0
video-5YuhMWusfM3ZMtvDx-frame-002761-tn9BkJBMQCzs2KeaK_jpg.rf.cae6d0f0e31f1e0558e4ba5a15de4f80.jpg,0,1,1,0,1,0,1,1,1
video-AEZAaF8epmvQv5Nfj-frame-016051-NjMneutSfGhuKia72_jpg.rf.cac916672603cd6a2b25f1e6277e9437.jpg,1,0,1,0,0,0,1,1,0
video-aTxg8EcSRQyDvisMX-frame-002704-TxJaRduTwaxMcLQDH_jpg.rf.caba9a663f58bf99654ac3646951f44d.jpg,0,0,1,0,1,0,0,1,0
video-nodg7n2aFzCWFJBnv-frame-008304-ExQW2Pppoco6nTsdf_jpg.rf.cadaf340bb49002e5f01e3ca6914762c.jpg,0,0,1,0,0,0,0,0,0
video-rYXSHjnEfuLmjE6Z4-frame-000732-eBLH3ZDwoQ5JwZKEc_jpg.rf.cb3753c6cf3855198b8705a362c586a1.jpg,1,0,1,0,1,0,1,0,0
video-r68Yr9RPWEp5fW2ZF-frame-014640-eiHxcpMsfz6J5nScp_jpg.rf.ca7b3d9392c50daa311f16d60e1c3fff.jpg,0,0,1,0,1,0,1,1,0
video-vbhpsNpMoX2Qbhw2A-frame-005964-3TuYQvQHGbSg3cfBg_jpg.rf.cb13a94e31b788554038996a40e22504.jpg,0,0,1,0,0,0,0,1,0
video-DJYDQTZH7GLCqw3Tx-frame-001549-YtNEC7YeHMQWh7ky6_jpg.rf.cae21c7607268138658bec0c4ac790f9.jpg,1,0,1,0,0,0,1,0,0
video-TEAocgWiwwMWxYtgJ-frame-002630-76osQ6KEc24cTz2TA_jpg.rf.cb111f72085b2136b70598a556b34302.jpg,0,0,1,0,0,0,0,0,0
video-o68zKob2nb8QMktLF-frame-000631-YawXFYZorrDsqPxjC_jpg.rf.cb2734e0ff0962dc2b2bd41d994b6c0f.jpg,0,0,1,1,0,0,0,0,0
video-aMQG7QCtJKfnEdue5-frame-002295-q9J4PNgmzdsHhMxY2_jpg.rf.cb2aab147bfe36e14c9ce624d289f6bf.jpg,0,0,1,0,0,0,1,1,0
video-XCJD9qhzXNoZCn37i-frame-016230-2Ft53HkohuxAhtuDq_jpg.rf.cb307a836cb3d6f49830e9b4423d3ec3.jpg,0,1,1,0,0,1,1,1,0
video-GzdKTLbkG5F7gAunM-frame-001188-j3zKDh29DY3bTTB3M_jpg.rf.cb3c6ce0387e35ff0d99264d268c92a4.jpg,0,0,1,0,1,0,1,1,0
video-nodg7n2aFzCWFJBnv-frame-000095-yi34Ts7gqSefSvrMG_jpg.rf.cb42d8d8aab3ece9539428e404908937.jpg,1,0,1,0,0,0,1,0,0
video-WFkuHrJEHigf6HCWZ-frame-002900-NWcgd4EhwNpsCCHfB_jpg.rf.cadceaeef73c9bc6fe9d66e8f87d36a3.jpg,0,0,1,0,0,0,1,1,0
video-S5osy2ei487eAM2fw-frame-003738-W2W8sEFTMHTxF6Da8_jpg.rf.caad0cc69358325fc628a20131196dd6.jpg,0,1,1,0,0,1,1,0,0
video-evnmmkhaqckdxWa9P-frame-001816-fw5cR2MvviR5JAyCk_jpg.rf.cb0b7b40d0f0b1f0c44f5de5ffcbaf14.jpg,0,0,1,0,1,0,1,1,1
video-fZKBh7mRSKHjXS2zk-frame-000600-KqjyRMez2AXzMSaZQ_jpg.rf.cada617f612ae58b709b922276426e39.jpg,0,0,1,0,0,0,1,1,0
video-ooW42bEtJrR4gufJr-frame-002250-LNPNfRedN2nARTA4m_jpg.rf.cb536b04dc9fd3685eced941fe703d22.jpg,0,0,0,0,0,0,0,1,0
video-bk2x9u9JivsWRS9Nk-frame-011772-A4ug42hRkpPFQFapY_jpg.rf.cb5953bf3b1112506c71371fab0956bb.jpg,0,0,1,0,1,0,0,1,0
video-WFkuHrJEHigf6HCWZ-frame-001386-cZYdrnJrqiJWTcGmF_jpg.rf.cb68cf43eefc98696be1f9323710b607.jpg,0,0,1,0,1,0,1,0,0
video-sEs53HkN6oRqWdeQK-frame-000732-XkrRfTMxG79bbhZyJ_jpg.rf.cb68dcd926e2282da2f104538789651e.jpg,1,0,1,1,1,0,1,1,0
video-jNQtRj6NGycZDEXpe-frame-008675-7tweR5raAR5TQuNtA_jpg.rf.cb67ea6d07587fdfec77f4611df7d3ed.jpg,0,0,1,0,0,0,1,1,0
video-ZicHYAPRYGdu82nAa-frame-001547-RgnTekQpq6ZSnpRXA_jpg.rf.cb69e348fea7ca51ba32de61ed573061.jpg,0,0,1,0,1,0,1,1,0
video-rYXSHjnEfuLmjE6Z4-frame-000837-gL4siZNmw77zfoLDy_jpg.rf.cb77fc05e34e5d1a768c4c48bb803fcf.jpg,1,0,1,0,1,0,1,0,0
video-nCxsLGvXK8o25AmXW-frame-002085-Hky8dsu56Sh57dn5T_jpg.rf.cb80d3e9d3411c557ffa086e1e49f457.jpg,0,0,0,0,1,0,1,1,1
video-2MbnnGTv27EBLGqiQ-frame-003150-ZBESWkBAd5xTLMSKw_jpg.rf.cb7111f920856c31e40046772150f060.jpg,0,0,1,0,0,0,1,1,0
video-G9ZpKLJEKsMheip7b-frame-002100-y9nonKmJtPGkXwHyo_jpg.rf.cba8fc300602669e1085eec7c2fb2725.jpg,0,0,1,1,0,0,0,1,0
video-2MbnnGTv27EBLGqiQ-frame-000150-7sLLLYKqSjvsjXQhn_jpg.rf.cb6cfe6507472135b84247ca20f837f1.jpg,0,1,1,0,1,0,1,1,1
video-nCxsLGvXK8o25AmXW-frame-013930-XgaTwxCkryG5AWuFu_jpg.rf.cb8a35c38c54bc5c49eaeb52cca08cea.jpg,0,0,1,0,0,0,0,1,0
video-S5osy2ei487eAM2fw-frame-005968-uYdFYNDSv2sALnDRk_jpg.rf.cba08e490e2587deb68ce2ba7ef761e3.jpg,0,0,1,0,1,0,1,0,0
video-iFWh9r9TJWmTzTrha-frame-006050-2F8LZjupoWYFXunED_jpg.rf.cb834b86fadf904f6596d384549652ac.jpg,0,0,1,0,1,1,1,1,1
video-WXTMrJkrK8BMoMkxk-frame-002099-7eEuSCPKX9ZLmRxgp_jpg.rf.cb679be759027c6a71ff1b82d335180e.jpg,0,0,1,0,0,0,1,1,0
video-5An82wT7iBmfZSwx7-frame-001258-Ti3dM4KfcHKPsPC9d_jpg.rf.cbaf25a047591725f974c3394fba4f02.jpg,0,0,1,1,1,0,1,1,0
video-evnmmkhaqckdxWa9P-frame-001576-NEYpr5ZGFfQTh7q9D_jpg.rf.cbb7f9c5b7ff19b8549eab54761f2754.jpg,1,0,1,0,1,0,1,1,0
video-fg5eBhFE7kHyXPtBi-frame-001143-yarB6HyJD6oCSMfch_jpg.rf.cbd2117ca9b04587c77bc3dd6a0ce53f.jpg,1,0,1,0,1,0,1,1,0
video-sEs53HkN6oRqWdeQK-frame-000687-3EX4zZZmZ7uqReRK4_jpg.rf.cb95192176929530817ee44d419b1c96.jpg,1,0,1,0,1,0,1,1,0
video-2Af3dwvs6YPfwSSf6-frame-003600-hcsQ3h5KFrEQqKc7v_jpg.rf.cbcc63cff57bcfca94fa37d9c7844678.jpg,0,0,1,0,0,0,0,1,0
video-86XuF6pPvWfBCqyNt-frame-004065-FhL9ZNmQbvAQ5YGYs_jpg.rf.cbbe601707e4723b7b5fd9b60acf4fce.jpg,0,0,1,0,0,0,1,0,0
video-JFiGa9oAAN2queuLt-frame-004707-ruB2DTkN48QAad4Ts_jpg.rf.cbd73791596c1c43b84725cfe24b7595.jpg,0,1,1,1,0,0,1,0,0
video-ZicHYAPRYGdu82nAa-frame-003351-jELfYorrZ8o4sPbb2_jpg.rf.cbbeca1fb390f903d1df05a24041feda.jpg,0,0,1,1,1,0,1,1,0
video-BjSfmxLQqCGjg8tya-frame-006099-6bLeBr7DEqTjGeE6c_jpg.rf.cbfecc5303c8149ec87ec48fd7a66ace.jpg,0,0,0,0,1,0,1,1,0
video-aMQG7QCtJKfnEdue5-frame-000460-HP7sR23MStq5aPSFt_jpg.rf.cc0087194b58210c6564401f65b124e1.jpg,1,0,1,0,1,0,1,1,0
video-7yaY3LisuPdNyfZH9-frame-002936-XkmSquMiN7QaQcvPu_jpg.rf.cc4318d54ea9a7399281114ba3512171.jpg,0,0,1,0,1,0,1,1,0
video-PY5tYnNPcGE9WrZuq-frame-002475-Qi3Sb8JdYC3z9kB23_jpg.rf.cc05c19c6568da2fb5598a6dd7eb77f8.jpg,1,0,1,0,0,0,1,0,0
video-FpPLvkRLgQbgG7A7n-frame-003900-goWDiYP9SM2gsvNPS_jpg.rf.cc56d82369084419ab61e8448e7562f1.jpg,0,0,1,0,0,0,0,1,0
video-r68Yr9RPWEp5fW2ZF-frame-006696-77jAYNNtARuTQTR4w_jpg.rf.cc3532e51cdec6dc76ae4661150f0ce9.jpg,0,0,1,0,0,0,1,1,0
video-aMQG7QCtJKfnEdue5-frame-003173-Z2bzenZtz6bhgrW4o_jpg.rf.cc36e9fa330d2ba659664593d8a6db4a.jpg,0,0,1,0,0,0,1,1,0
video-hmsJCeMCWjX2FhxD8-frame-008536-2uLk3wJSNxXXeCzRW_jpg.rf.cc33ce8b86b6a03c356661fda9a62d9f.jpg,0,0,1,0,1,0,1,1,0
video-a9TgkAvMGtM2gXpdj-frame-019206-vkrG9xMm38w7n4qx2_jpg.rf.cc6dbeaaa31e0bdfc358c5dbf62b06da.jpg,0,0,1,0,0,0,0,1,0
video-Gfv3kbdf5KAYRtPcz-frame-002921-ooxwG3qq7E6aYQvnv_jpg.rf.cc7acc6ab9f265133fe82215663c0f47.jpg,0,0,1,0,0,0,1,1,0
video-AEZAaF8epmvQv5Nfj-frame-009791-n8r3CbfwNca8s7R5Q_jpg.rf.cc5dad3587b697d01a4ab80f92567545.jpg,0,0,1,0,0,0,1,0,0
video-8CvM2BExBLyQFZrK8-frame-002081-E2rgth7vXxc6YqLhX_jpg.rf.cc7c9905c39269933f7b673bdc01360f.jpg,0,0,1,0,1,0,1,1,0
video-4KhLCjoeEmjGBaRLQ-frame-000414-cpvZWhYoyh3MZxoiZ_jpg.rf.cc8397930b7ab045e1c750902341c6cf.jpg,1,0,1,0,1,0,1,1,0
video-GMDwNs5TdqejpF4vu-frame-002864-MsJz4fmjm3BMiyxbK_jpg.rf.cc436332d92f3084fd3bc1e7c87869ab.jpg,0,0,1,0,0,0,0,1,0
video-jEAhuERdkqBfeTdux-frame-000750-DGQbcGtRuzer88HiG_jpg.rf.cc8505856481d410ee74dcfb657dbbf0.jpg,0,0,1,0,0,0,0,1,0
video-soRFb9y3iqE3YpJSG-frame-008227-968L5ZiysYAmYtgjA_jpg.rf.cbf103e0ad0b6bab54fd2b3a193da30c.jpg,0,0,0,1,0,0,1,1,0
video-muKWZNM2FxQoStMQh-frame-000715-LZ8Avb4ahYoEv29ha_jpg.rf.cc8c44ebe5be8da062163397fe815959.jpg,0,0,1,0,0,0,0,1,0
video-r68Yr9RPWEp5fW2ZF-frame-016969-bXzQqqmbsoNM7rkAD_jpg.rf.cc963e9cdb22a292c7f46fabed378f4e.jpg,0,0,1,0,1,0,1,1,0
video-SyzNY82LYZrhkPH7x-frame-000216-CqhMo4uevdS7Ah6iH_jpg.rf.cc8c16e14e67dc5c39ea454c53d10dfa.jpg,0,0,1,0,1,0,1,1,0
video-muKWZNM2FxQoStMQh-frame-000079-v4JW5QvY8uL7M2xES_jpg.rf.cc91e8f6d586318af8dfb58b208fd6a4.jpg,0,0,1,0,0,0,1,1,0
video-DJYDQTZH7GLCqw3Tx-frame-008820-HXo89uhR9J6PxuB5E_jpg.rf.cc9a276c2f9d4a7b121e962e3628f654.jpg,1,0,1,0,1,0,1,1,0
video-bNfjGzbuFRY9NkHKz-frame-000600-bjPp463R95KYAyTCT_jpg.rf.ccab8356e181e516110e83e8aa1c426a.jpg,0,0,1,0,0,0,0,1,0
video-5YffDt2oYT6CDzYHk-frame-001147-izvdXGG5XrLYaTjZa_jpg.rf.cc9e14f649f9e1ccde6255f31e718b9c.jpg,0,0,1,1,1,0,1,0,0
video-SyzNY82LYZrhkPH7x-frame-004025-Z7bKyAAnE9YapEY45_jpg.rf.cce09607b232cd3a9f7b3c43aa132e2b.jpg,0,0,1,0,0,0,0,0,0
video-8CvM2BExBLyQFZrK8-frame-000528-vx8m7kB95CQeJL3AZ_jpg.rf.ccc21783f19f90b44baed7f2ef73e454.jpg,0,0,1,0,1,0,1,1,0
video-JgqSK9D5cCD7HBYzg-frame-000033-hhgx9N7C6jxynx9Zb_jpg.rf.ccfba76ce101085f9c0693817d73f534.jpg,1,0,1,0,0,0,1,1,0
video-Gj7ejTPCZZnD5YwPv-frame-000749-o4hrw7tCqgffFRS4M_jpg.rf.cd387edfe4633e7ca5ef167d3c348db0.jpg,0,0,1,0,0,0,0,1,0
video-FWQff8BQpTRSt9hfA-frame-001950-NZKPyrWYT4K2997Pp_jpg.rf.ccb9fb7861c8a45ae33df6aa8a9d8160.jpg,0,0,1,0,0,0,0,1,0
video-5YffDt2oYT6CDzYHk-frame-000250-6qzwCtiydT7KXbBER_jpg.rf.ccb1a9f46fee2d063f75324753aaa1d8.jpg,0,0,1,1,1,0,0,1,0
video-G9ZpKLJEKsMheip7b-frame-000900-97Dhg6b9rwWRwhzz4_jpg.rf.ccac760cc198bb34be38ae87c82b6786.jpg,0,0,1,0,0,0,0,1,0
video-YzRKMLLSDnZLFpPmg-frame-004914-4nhQc6rXAfmAfyt5k_jpg.rf.cd362fb9ba2949910202dfe2ad6e2fce.jpg,0,1,1,0,0,0,0,1,0
video-Gfv3kbdf5KAYRtPcz-frame-004071-wsmgoayBuJpkiALZD_jpg.rf.cd3ed8602900449b252566c052d0e722.jpg,1,0,1,0,0,0,1,1,0
video-XNM8eHsvxCMJ6peuj-frame-000910-wEZxZEps4fosquMe9_jpg.rf.cd12201da72ed8b5c11c8bb7419de3b9.jpg,0,0,1,0,0,1,1,1,0
video-r68Yr9RPWEp5fW2ZF-frame-003706-sxwPKgWH45Azr3wXg_jpg.rf.cd42e0ee810769b68cc550d6e9da955f.jpg,0,0,1,0,1,0,1,1,0
video-TTDq3x6HSvFx3YRDH-frame-001169-f4GPmW6AE3rbnHhCF_jpg.rf.cd673766b9795361b0c2520cda891fc7.jpg,0,0,1,0,0,0,1,0,0
video-GXXqNLCqyu72TLx5i-frame-002556-RcQ2i7PTcJ2yhd5Ch_jpg.rf.cd90ce6d02f0e36e37b0263043d30908.jpg,0,0,1,0,0,0,1,0,0
video-JFiGa9oAAN2queuLt-frame-001274-jBwftffcdCmwYZ39r_jpg.rf.cd3d68c8e6eae55d692b5b2d5d47b7b3.jpg,1,0,1,1,1,0,1,1,0
video-7RdKmtytvKgfNcTNv-frame-005100-dSu6z3ahSCoixXZAQ_jpg.rf.cd6d17b078c79d97e2ac1db777edce41.jpg,0,0,1,0,0,0,0,1,0
video-JFiGa9oAAN2queuLt-frame-005537-a7Qq9oJBjv3aP4Pmt_jpg.rf.cdb5c52d4352db5de6f9bfe9d7cca88b.jpg,1,1,1,0,0,0,1,0,0
video-hmsJCeMCWjX2FhxD8-frame-008496-rmxtSopQviPifuBfK_jpg.rf.cdb45ad37c68d6a27ff63bf2fdc47cf9.jpg,0,0,1,0,1,0,1,1,0
video-JFiGa9oAAN2queuLt-frame-003907-HfLZeBXo9QGwQmmTj_jpg.rf.cdebec01022d3b77e7582d4ce58d5690.jpg,0,1,1,1,0,0,1,0,0
video-dpPsuZToLaq9myAK8-frame-000385-ogwv6wsrCvPE9CPpX_jpg.rf.cdc0e48301e2cd48053cf2f40d366372.jpg,1,0,1,0,0,0,1,0,0
video-aTxg8EcSRQyDvisMX-frame-001246-Ei3m2PoxnHvTbH8NY_jpg.rf.cd78c7af59262bda39e31a0fb7ca681a.jpg,0,0,1,0,0,0,0,1,0
video-bk2x9u9JivsWRS9Nk-frame-008060-5gs6sCoQtqbaLJKRi_jpg.rf.cde6aa2b087b4d3a45880e550e7e8def.jpg,0,0,1,0,1,0,0,0,0
video-ELruYFQjkqpZnir29-frame-004445-7Fz6xEtXr8hM97cFo_jpg.rf.cdba6b2cb13a67d71bf71b1173593206.jpg,0,0,1,0,1,0,0,1,0
video-vbhpsNpMoX2Qbhw2A-frame-001645-k6zmPSb4zgYjmEJMX_jpg.rf.cdf0e2701c4255bc12d82c791feb842a.jpg,0,0,1,0,1,0,0,1,0
video-fg5eBhFE7kHyXPtBi-frame-001324-uGYyuZoGNup7xcGgB_jpg.rf.cdf1223d36e45c406888286859ce50fa.jpg,1,0,1,0,0,0,1,1,0
video-5Lwe5DATf4BxKtaiB-frame-001427-Gey3vzKrGJd9AMtbm_jpg.rf.cdfa09cfc00ca2d98b929db89bdf18bd.jpg,1,0,1,0,0,0,1,1,0
video-aMQG7QCtJKfnEdue5-frame-003873-J8KLG3DrjCFjYMnFs_jpg.rf.cd3d01f2b662ed99ca59075509f44a1a.jpg,0,0,1,0,0,0,1,0,0
video-qmuvFTzLkR28JMp7r-frame-001398-dCWMCWKixYMDorAjR_jpg.rf.ce0fcab32b630801059b48a48f868745.jpg,0,1,1,0,1,0,1,0,1
video-GMDwNs5TdqejpF4vu-frame-003279-p822EeFz2QvdzCLdT_jpg.rf.cdf8ab00cd4df709dab750b3e427e7ee.jpg,0,0,0,0,0,0,1,1,0
video-DJYDQTZH7GLCqw3Tx-frame-007077-QG9PJvceiJCHuPhE6_jpg.rf.ce09c9fecee0283aead6e19a4c9ff0f3.jpg,0,0,1,0,0,0,1,0,0
video-XNM8eHsvxCMJ6peuj-frame-000960-w9qdSuC2GQsRvgLZm_jpg.rf.cdfa1a81ee19619e9386c7e205a68e7d.jpg,0,0,1,0,0,1,1,1,0
video-DJYDQTZH7GLCqw3Tx-frame-004441-7Pi6NGcGahiyaPgrm_jpg.rf.ce35bdb2bba2c936bf43aab7820fe8b9.jpg,1,0,1,0,0,0,1,1,0
video-BvDJ7TewksQCjCtyN-frame-006255-m3j7LQ8MQudQjqPkp_jpg.rf.ce4f339f10dea8e1a389265d10e8ab6f.jpg,0,0,1,0,0,0,1,0,0
video-DJYDQTZH7GLCqw3Tx-frame-008410-955Z3ybTS5KntK8tG_jpg.rf.ce48f229b3d11a430634427cd52ebd8c.jpg,1,0,1,0,0,0,1,1,0
video-r68Yr9RPWEp5fW2ZF-frame-003056-96RtuNdKyBLvC4xGT_jpg.rf.ce1dd6eda255ab63470faf451b0597ea.jpg,0,0,1,0,1,0,1,1,0
video-r68Yr9RPWEp5fW2ZF-frame-014610-CszXCNqEQLzLnLw6T_jpg.rf.ce54599ce547ba39335d7c06bdf3c25b.jpg,0,0,1,0,1,0,1,1,0
video-PY5tYnNPcGE9WrZuq-frame-002141-5oRxgxERcb5aGgxtx_jpg.rf.ce84674b6e3ea65501c581842eb7bcb3.jpg,1,0,1,0,0,0,1,0,0
video-vbhpsNpMoX2Qbhw2A-frame-001485-JMXprswRB3iymjo9F_jpg.rf.ce5640f30d22618ebdee772842053273.jpg,0,0,1,0,1,0,1,1,0
video-DJYDQTZH7GLCqw3Tx-frame-005036-iMWcwcYmEJQucm4Js_jpg.rf.ce3c14a0d337f418e8a4fcf0a6a0a736.jpg,0,0,0,0,0,0,1,0,0
video-7EPybiwBrzjDKn7TZ-frame-005568-mH3HyoAsfbNXuc9y3_jpg.rf.ce65b902f705f460976ee72ea92a6885.jpg,0,0,1,0,0,0,0,0,0
video-AEZAaF8epmvQv5Nfj-frame-015311-6j8fAT6synthcSYKR_jpg.rf.cdd5f1087ae445ae81a85e71f58f3b05.jpg,1,0,1,0,0,0,1,0,0
video-r68Yr9RPWEp5fW2ZF-frame-005996-jXtyugXM92HreMacv_jpg.rf.ce4eafaad3904360ec636ef36091352c.jpg,1,0,1,0,0,0,1,1,0
video-5Lwe5DATf4BxKtaiB-frame-001007-rfJQXzKcwwagQawQh_jpg.rf.ce79ad9ee1aee59c28da03e587ed8fb4.jpg,1,0,1,0,0,0,1,1,0
video-DJYDQTZH7GLCqw3Tx-frame-006767-yDumcRn7eZEpfCPY9_jpg.rf.ce5067673d4c1ee7e439d6575f1b21ca.jpg,1,0,1,0,0,0,1,0,0
video-ELruYFQjkqpZnir29-frame-001606-p4pCRjuKXkQvyBvye_jpg.rf.ce646fef3a965e1da3da4e6af49d6b49.jpg,1,0,1,0,0,0,1,1,0
video-yNoh5QQAPbR9Afm4i-frame-001158-a9SYrGNfoBMpu6DaE_jpg.rf.ce6c1ada7911b1b4158c3adbb920a550.jpg,0,1,1,0,1,1,1,0,0
video-cprcATqPmWGnc3cgi-frame-000000-biMSyCGM4xHh3Ynqx_jpg.rf.cedbc2479c0843a09c41cb76d8935f85.jpg,0,0,1,0,0,0,1,1,0
video-DJYDQTZH7GLCqw3Tx-frame-004011-d84xqmuvdh5sHkmDW_jpg.rf.ce8e96a90603626ff3e09f2584dbe47f.jpg,1,0,1,0,0,0,1,0,0
video-TTDq3x6HSvFx3YRDH-frame-006043-XqkbMaNgatuPKhmtJ_jpg.rf.ced87fd44af45d614a5339f1595715bf.jpg,0,0,1,0,0,0,1,1,0
video-Gfv3kbdf5KAYRtPcz-frame-002731-TpxwCRqwTqyy2j9tE_jpg.rf.cf1e13e8bb02de8221c6edf01dac704d.jpg,0,0,1,0,0,0,1,1,0
video-bk2x9u9JivsWRS9Nk-frame-007848-aNsjqC3MH39u3Qmj5_jpg.rf.ce8e4c350ab9f17b14454d5d7fa1760f.jpg,0,0,1,0,0,0,1,0,0
video-iFWh9r9TJWmTzTrha-frame-004121-FBivAg3HigoPKSjFP_jpg.rf.cee0958aeb64f83a9da80cda6ccdf46a.jpg,0,1,1,0,1,0,1,1,0
video-cprcATqPmWGnc3cgi-frame-001171-9jGovSwTbgeqxduNw_jpg.rf.ce7844365fce76b12ab10d2fdf13c00d.jpg,0,0,1,0,0,0,1,1,1
video-G6FT88p5kgvAR2Y92-frame-005100-2sgKGL6WYG4Y8BG6f_jpg.rf.ce8cdb7d5561c67e95db88ee0a78ddda.jpg,0,0,1,0,0,0,0,1,0
video-o9b92aG9EbJnkJEwF-frame-003726-FQAkvC5rmMDKaWcwQ_jpg.rf.ced18d0b9db07525dcf9b59a29f431fc.jpg,0,0,1,0,1,0,0,0,0
video-PY5tYnNPcGE9WrZuq-frame-001626-e4a7FmxfBLF6Rb3hW_jpg.rf.cec34f79a339cec591d242c40855f2fb.jpg,0,0,1,0,0,0,1,0,0
video-dgYrcYcm5G75w2GJc-frame-003620-Xt3gNuDJvHNLWABR4_jpg.rf.cf2492dfd72d9f0912c02aa6726b3bba.jpg,1,0,1,0,0,0,1,1,0
video-2Af3dwvs6YPfwSSf6-frame-003300-krNtD5PSWzMZ8yhD3_jpg.rf.cf8a1fb48276151a1095a74342ccae4c.jpg,0,0,1,0,0,0,1,1,0
video-86XuF6pPvWfBCqyNt-frame-007822-7svYTzj4XxdQ8dYiC_jpg.rf.cf6287a52c4ab49949d6a4a68ca97b62.jpg,0,0,1,0,1,0,1,0,1
video-67ZzTP4GCNj69eNPs-frame-000354-LfAkwBi9T3z7b44yy_jpg.rf.ceafb36eccecad04005dc49a5fa13f3c.jpg,0,0,1,0,0,0,0,1,0
video-dgYrcYcm5G75w2GJc-frame-006330-eZL7fKuGw2Fhk8zCx_jpg.rf.cf6db27ffbe9a377adb09bab465c60ab.jpg,0,0,0,0,0,0,0,1,0
video-DJYDQTZH7GLCqw3Tx-frame-001299-i3RnDjddrnaKc8zPs_jpg.rf.cef728252076879f82a379c719ad3c7d.jpg,1,0,1,0,0,0,1,0,0
video-8CvM2BExBLyQFZrK8-frame-004962-vSmDByK8GvdYonwcB_jpg.rf.cf97cb82b8b6c5860f36ef9906e2c379.jpg,1,0,0,0,0,0,1,1,0
video-bNfjGzbuFRY9NkHKz-frame-003600-QGT7gyYhR3XzigaaM_jpg.rf.cf59db9c82bcb8072427b31337298e64.jpg,0,1,1,0,0,0,1,1,0
video-r68Yr9RPWEp5fW2ZF-frame-006966-CKhGBDRL34Q64tWn9_jpg.rf.cf7e3fd8c6dcbe5b3f8edd5ffb0b677e.jpg,0,0,1,0,0,0,1,1,0
video-aMQG7QCtJKfnEdue5-frame-003558-ChDyaMEvPpv3QSCBK_jpg.rf.cf4f8cf96174fc82fd3ff46b21167f4e.jpg,0,0,1,0,0,0,1,0,0
video-5YffDt2oYT6CDzYHk-frame-002537-sqQMKzjQr7GNuzt2f_jpg.rf.cef190ce1a8446eb40c9f9e1f8b53547.jpg,0,0,1,0,1,0,1,1,0
video-mBQmysFvQtPK36MsF-frame-005681-5jwgo8dGCAyrYDKGz_jpg.rf.ce8a1c6c452c017d208d7e9e4a60a568.jpg,0,0,1,0,0,0,0,1,0
video-JFiGa9oAAN2queuLt-frame-003567-qFmFrbx7feog958YJ_jpg.rf.cf8ac9478449992016e5392af3d1588b.jpg,0,1,1,0,0,0,1,0,0
video-ydbh3ikFGJFieXswZ-frame-003150-xmgRiyhhcAowMgzAr_jpg.rf.cfb2e92d357630bf2b7c7c491fa82500.jpg,0,0,1,0,0,0,0,0,1
video-aMQG7QCtJKfnEdue5-frame-002960-8npeZmHDAfcmZntqj_jpg.rf.cf5000900048cb86facc56106907c5c3.jpg,0,0,1,0,0,0,1,0,0
video-DJYDQTZH7GLCqw3Tx-frame-004996-yLmMrFc8kDMDkSfRS_jpg.rf.cf9083a3d4ffc6652b732782a73d1ca0.jpg,1,0,0,0,0,0,1,1,0
video-r68Yr9RPWEp5fW2ZF-frame-003536-x39YJzn9TZrNmWnDF_jpg.rf.cfc3068ed49414e6c35eeab724d0dc3b.jpg,1,0,1,0,1,0,1,0,0
video-mBQmysFvQtPK36MsF-frame-001511-p7wp3ggWiGwY84HZy_jpg.rf.cfba4475379a235d35188615d2345d71.jpg,0,0,1,0,0,0,0,1,0
video-nCxsLGvXK8o25AmXW-frame-000172-7DE2uqKc7bcMDZJYf_jpg.rf.cfbbe7557ac1c5c58c6ea7fbc02d72d2.jpg,0,1,1,0,1,0,1,1,0
video-ELruYFQjkqpZnir29-frame-001726-6JyiEKtMtX9ZyuvDC_jpg.rf.cfdc53d22488a2cb0f6006f726a8f5e0.jpg,0,0,1,0,0,0,1,1,0
video-JFiGa9oAAN2queuLt-frame-007481-4XZ7fFupPnTEREqCn_jpg.rf.cfcfb8002b70258ca373a2149eb79c55.jpg,1,0,1,0,1,0,1,1,0
video-o68zKob2nb8QMktLF-frame-000541-EdsgAayP3zoumsJ3b_jpg.rf.cfc41fa349a78b9911ab356da70290ee.jpg,0,0,1,0,0,0,1,0,0
video-QvjyFt7jvqczmaoNZ-frame-002400-mmhkkxW8kEXjhFPg6_jpg.rf.cfe47aca5765630159b5137a8d4fcd96.jpg,0,0,1,0,0,0,0,1,0
video-bMrDdfuGsBBSj3ApB-frame-000900-rrowJQiBkYT6Egibq_jpg.rf.cfe4365551546bf0af646fc0888b979f.jpg,0,0,1,0,1,0,0,1,0
video-AEZAaF8epmvQv5Nfj-frame-007435-Fazp9KZPyqD5WdCS6_jpg.rf.cfe1149efff8d52dffae4c1d0d995e36.jpg,1,0,1,0,0,0,1,1,0
video-WXTMrJkrK8BMoMkxk-frame-002577-R7WaPWWXoGXNHqZJf_jpg.rf.cf71beacb19994e7495c0e5531768ec9.jpg,0,0,1,0,0,0,1,1,0
video-5An82wT7iBmfZSwx7-frame-000854-GK8APDtHjQMpL98mL_jpg.rf.cf2742a55738f8174748959a74ea1307.jpg,0,0,1,0,1,0,1,1,0
video-dpPsuZToLaq9myAK8-frame-004824-FvjK7d752GLg6rC8D_jpg.rf.cff3d5935d9c8c515525ef606d0fef78.jpg,0,0,1,0,0,0,1,1,0
video-BvDJ7TewksQCjCtyN-frame-000711-5E2LejK8k4YkMojou_jpg.rf.cfe626375d6bc50aab8996a0bc1f24ae.jpg,0,0,1,0,1,0,1,1,0
video-7EPybiwBrzjDKn7TZ-frame-003846-GAAx4pLBBZ9xH3Abn_jpg.rf.cff79ab02748c1d0ce6ecaba11b17569.jpg,1,1,1,0,0,0,1,1,0
video-S5osy2ei487eAM2fw-frame-006236-LMArKccs93ZCn4cYq_jpg.rf.d01695406d459bd892efe83a2b1eb001.jpg,0,0,1,0,1,0,1,1,0
video-QvjyFt7jvqczmaoNZ-frame-004119-huiFzNpvPQPqv59Go_jpg.rf.d02438d2165c3c87c4a69c2870fdfb18.jpg,0,0,1,0,0,0,0,1,0
video-DJYDQTZH7GLCqw3Tx-frame-003851-qiMvn8fDqxo3aJKTd_jpg.rf.d01d53e87e3c504af87cb8637aa81e1e.jpg,1,0,1,0,0,0,1,1,0
video-86XuF6pPvWfBCqyNt-frame-002427-Y8gC2qSMqXRQWLG7P_jpg.rf.cfa30ff48fb313c819469852b154aef6.jpg,0,0,1,0,1,0,1,1,0
video-4zQqsnWRwK7SFPpBy-frame-001885-PKNG8Xu6zPQvorKNK_jpg.rf.d0187c4944e5956d62c38824452d62b9.jpg,0,0,1,0,0,0,0,1,0
video-kZvY7NeD8kA7PiMWX-frame-006648-dNtvP9okb8XytYAYe_jpg.rf.d030bd7b78f2f2cd90d7c39a1a135081.jpg,0,0,1,0,1,0,1,0,0
video-MoCHppHsM4bnncPmS-frame-001723-a25WwQ3S265jH7hNX_jpg.rf.d036433a1a2c362ab4e653fb6e3b2755.jpg,0,0,1,0,0,0,1,1,0
video-sEs53HkN6oRqWdeQK-frame-001970-tDsPSZ5LP77M3SNps_jpg.rf.d04ffd388a36ec4b3f7d14e26144b660.jpg,0,0,1,0,1,0,1,1,0
video-5An82wT7iBmfZSwx7-frame-005136-rY2Mn7YZ42DJnupXf_jpg.rf.d04f4e350291b575544bf960ac79d926.jpg,1,0,1,0,1,0,1,1,0
video-PY5tYnNPcGE9WrZuq-frame-002246-5HjBWYiccckoNjMbj_jpg.rf.d039e9fd4ac70a979c32e2021aff7b7a.jpg,1,0,1,0,0,0,1,0,0
video-WiuWWrsHrJsDcfFzg-frame-011200-hgQqxpNciSsd9ihJr_jpg.rf.d05053f33809e921cb1307ed36ba09ed.jpg,0,0,1,0,1,0,1,1,0
video-mBQmysFvQtPK36MsF-frame-004056-F7v6Ruhk8nRrWGbsm_jpg.rf.d0b20e8ce7f2345d44593624623ccf99.jpg,0,0,1,0,0,0,0,1,0
video-r68Yr9RPWEp5fW2ZF-frame-017139-cqYeM4ajxBov48TKF_jpg.rf.d07d4cdabf077111930cd1fa9b82941a.jpg,0,0,1,0,1,0,1,1,0
video-XCJD9qhzXNoZCn37i-frame-012443-5badvNDWN7qvN5mbS_jpg.rf.d05ae430c9d353eb0d6bdac1c6a88fe3.jpg,0,0,1,0,0,0,1,1,0
video-7EPybiwBrzjDKn7TZ-frame-005538-gQZeogCbNxHhsno2Y_jpg.rf.d0286cd32e84f5664bec7e7e63314f73.jpg,0,1,1,0,0,0,0,1,1
video-5v4MPkCMGEKPfroxc-frame-000932-fv5o8b2k7RAbPMfyT_jpg.rf.d0510d6f19231d14d0e6fd8308d784b1.jpg,0,1,1,0,0,0,1,1,0
video-r68Yr9RPWEp5fW2ZF-frame-017159-XivRAhFum54etFfni_jpg.rf.d0b206b1882430a3c51a0feab7019a21.jpg,0,0,1,0,1,0,1,1,0
video-Gfv3kbdf5KAYRtPcz-frame-000962-7x7awAr3yh3m6QwHh_jpg.rf.d072badd7af8836b57b0bc8bc59c6fc3.jpg,1,0,1,1,0,0,1,0,0
video-JFiGa9oAAN2queuLt-frame-001294-DujjidCPmQgS8DvTM_jpg.rf.d0c225aaf54a214f0f178c5f1a185fbe.jpg,1,0,1,1,1,0,1,0,0
video-DJYDQTZH7GLCqw3Tx-frame-000130-qjMh24WavKvrXQrHD_jpg.rf.d0afd974548de527414d53c99bb0ff9a.jpg,0,0,1,0,0,0,1,0,0
video-aMQG7QCtJKfnEdue5-frame-001271-7vedBMyuusSqG2R9X_jpg.rf.d0b8df5f626a39c9c916e8c09521731d.jpg,1,0,1,0,0,0,1,0,0
video-GXXqNLCqyu72TLx5i-frame-001632-hjAy3LHtZBPN5wDnk_jpg.rf.d053a98907f53b1df59ce033e6d40edd.jpg,1,0,1,0,1,0,1,0,0
video-bMrDdfuGsBBSj3ApB-frame-004200-bHbSjqR9jnMvXL35F_jpg.rf.d0b2216b97a2dc14820ddfe13b6c7a0b.jpg,0,0,1,0,0,0,0,0,0
video-eLrXYzMxSL9NCXiQq-frame-003328-Yjey5pAsWS2xJdmcJ_jpg.rf.d0d16427b0336a734c8e628adf466522.jpg,0,1,1,0,1,1,1,1,0
video-nCxsLGvXK8o25AmXW-frame-005200-FMAujd9FMJWTzJnEH_jpg.rf.d0076a45d6761dd7708b4ef48ce81792.jpg,0,0,1,0,0,0,0,1,1
video-GXXqNLCqyu72TLx5i-frame-001647-G78zenvb6eHLi6jyd_jpg.rf.d0b7937db4b6857b45c9d50baf783bb3.jpg,1,0,1,0,1,0,1,0,0
video-nCxsLGvXK8o25AmXW-frame-003400-9Ds2pGfp4jRjJWkra_jpg.rf.d0beae28865cba34932a812a785d7dac.jpg,0,0,1,0,0,1,1,1,0
video-5An82wT7iBmfZSwx7-frame-001858-8725BbRZii2pev2WN_jpg.rf.d0a1553641468376ff25cf8b550eaa87.jpg,0,0,0,0,1,0,1,1,0
video-7yaY3LisuPdNyfZH9-frame-006130-b6NtcHCXRmXmcian7_jpg.rf.d0d90c6af12b4b6bc5c7cc5dc3cddd43.jpg,0,0,1,0,1,0,1,1,0
video-sEs53HkN6oRqWdeQK-frame-003845-w2Mzq52rWXMaGZ7m9_jpg.rf.d0cd59f300db7e0f636f3545945b6691.jpg,0,0,1,1,1,0,1,1,0
video-aMQG7QCtJKfnEdue5-frame-000967-HZQyvxk7rs2tyZnxa_jpg.rf.d0e14bc492dad58174a6eae8ee853260.jpg,0,0,1,0,0,0,1,1,0
video-kDDWXrnLSoSdHCZ7S-frame-003018-H4fAvstyLoke8ow7P_jpg.rf.d0dc1e4682e8389805bd471edf915a22.jpg,0,0,1,0,1,0,1,1,0
video-JFiGa9oAAN2queuLt-frame-005077-WbEtCbYpL9Rrfym5t_jpg.rf.d0e97341bdc9c8b147ef170957dbedec.jpg,0,1,1,1,0,0,1,0,0
video-soRFb9y3iqE3YpJSG-frame-000657-oWTvsbHZi6yNoz4sn_jpg.rf.d0e1eaa0ec01613d32c69ad30406578e.jpg,0,0,1,0,0,0,0,1,0
video-aiXLPEvp86raemrsp-frame-005300-swKjLouDJYeBrRaqD_jpg.rf.d0fb5e74646947b35c06e87bbadf90af.jpg,0,0,1,0,1,0,1,0,0
video-AEZAaF8epmvQv5Nfj-frame-008860-vc64a7eJZi8EzNTTk_jpg.rf.d0d7ee7f0efaa5eefdac854522b69131.jpg,0,0,1,0,0,0,1,0,0
video-2Af3dwvs6YPfwSSf6-frame-009450-Mq8cJtpFF6KK2wPQe_jpg.rf.d11c9356125f12ea21b1406867b02e87.jpg,0,0,1,0,0,0,0,1,0
video-nodg7n2aFzCWFJBnv-frame-001405-T5cbvdHYAsH4DtSL8_jpg.rf.d11b183d780156418eb51a8a772984e4.jpg,0,0,1,0,0,0,1,0,0
video-TEAocgWiwwMWxYtgJ-frame-004281-ZREsy8rYWGgAQJ28N_jpg.rf.d1216733f659434915a88ac5e6cdbe3c.jpg,0,0,1,0,0,0,1,1,0
video-evnmmkhaqckdxWa9P-frame-002456-9bwa3ty25iTj3ZPWH_jpg.rf.d0f88f80f099600434df8c9a1c5a2b69.jpg,1,1,0,0,0,0,1,0,0
video-iTrM5ner4KQGLvpdC-frame-001603-A9oCGEt6ppFZ9ZNwn_jpg.rf.d13bad808bed54fdceef41f4cbd8e924.jpg,0,0,1,0,1,0,0,1,0
video-r68Yr9RPWEp5fW2ZF-frame-009453-hpKydQgRXCi2YGNXs_jpg.rf.d0fd285705ba91564c6dedc06bce845a.jpg,0,0,1,1,0,0,1,1,0
video-AEZAaF8epmvQv5Nfj-frame-016491-4YcmEJkmwjMTYYgpX_jpg.rf.d1081b12d3b20d1c69858ece3a4325c5.jpg,0,0,1,0,0,0,0,0,0
video-2rsjnZFyGQGeynfbv-frame-001239-2twe2Lv9r3cmJ2GRp_jpg.rf.d116b3de9e137ecea525f53fa50b2fa6.jpg,0,0,1,0,1,0,1,0,0
video-yNoh5QQAPbR9Afm4i-frame-002716-AGgBqBQXpHymfa3Gn_jpg.rf.d0f1bb5fcafe0531afef1e183c892d30.jpg,0,1,1,0,1,1,1,0,0
video-YzRKMLLSDnZLFpPmg-frame-001229-7gFM7BwsG6ic8kk8f_jpg.rf.d12617b6f8e5c71e8416d7894846a0e0.jpg,0,1,1,0,0,0,0,0,0
video-r68Yr9RPWEp5fW2ZF-frame-007301-FAr48nHw4iCb5Rkry_jpg.rf.d15417881ede665c89cc59c74e5f65d4.jpg,0,0,0,0,0,0,1,1,0
video-5An82wT7iBmfZSwx7-frame-005511-FPPvHdStZxy88z5Tx_jpg.rf.d0ff7539eda4cfe6f1fb5e3ee8f778ce.jpg,0,0,1,1,1,0,1,1,0
video-JFiGa9oAAN2queuLt-frame-003107-H8CsS39DRqSePfkvH_jpg.rf.d0f1efef2b9d4d12287b6eefc6cb886f.jpg,0,1,1,0,0,0,1,0,0
video-KTtJnXH7CcPgLeF2G-frame-003353-xmsiMdmhpcmCLKQN7_jpg.rf.d172b7f8415f11fdb650f2ad9e4f0daf.jpg,0,0,1,0,0,0,1,0,0
video-qmuvFTzLkR28JMp7r-frame-000233-TPtnXmmFWE6mDQoxz_jpg.rf.d1709d9e428f048119688a1ee4135a72.jpg,0,1,1,0,1,0,1,0,0
video-nCxsLGvXK8o25AmXW-frame-006100-A44Hrsw6vGbPiEHq5_jpg.rf.d1792e33be2100531710ad813f2ba9cb.jpg,0,0,1,0,0,0,0,1,0
video-DJYDQTZH7GLCqw3Tx-frame-005349-Qa83AaEq2Cbnoqpfa_jpg.rf.d16f8b3c25d5c39a1ac308559ce6663d.jpg,1,0,1,0,0,0,1,0,0
video-7EPybiwBrzjDKn7TZ-frame-000626-d8BDZndAeX7qW8Wz7_jpg.rf.d1766eb1e3401df917f64599dc0fa726.jpg,1,0,1,0,1,0,1,1,0
video-DJYDQTZH7GLCqw3Tx-frame-006667-3HiEvYbY3sXxQvK3z_jpg.rf.d157d407ab45263852acf638e3a23e64.jpg,1,0,1,0,0,0,1,0,0
video-2MbnnGTv27EBLGqiQ-frame-005550-5KRKAthjTDCh6MYKz_jpg.rf.d16a29b3f823353ecf163db4b20c244d.jpg,0,0,1,0,0,0,1,1,0
video-nodg7n2aFzCWFJBnv-frame-002547-AGeBgZMXDAHpgbY2B_jpg.rf.d161b2bbef33df645983b66343f9fd35.jpg,1,0,1,0,0,0,1,0,0
video-fg5eBhFE7kHyXPtBi-frame-008588-99wQ7XCX5CJj6XvXS_jpg.rf.d1997225dac39a36b8c1813eb9c02bf2.jpg,0,0,1,0,0,0,1,1,0
video-vbhpsNpMoX2Qbhw2A-frame-000544-M22qZvhh7mxS4Dppq_jpg.rf.d19ca67c139d687e8d6fdd104dddb7fd.jpg,1,0,1,0,1,0,1,1,0
video-BjSfmxLQqCGjg8tya-frame-004349-o7SggmicNE9yRvp48_jpg.rf.d194a9764d8b41ebf0f84269080b679e.jpg,1,0,1,0,1,0,1,1,0
video-6WgZhpFdCJP3a2cWi-frame-010800-ixGbenBt8Sy8PY2oF_jpg.rf.d19b6274cc557b6e2710f90803c3672f.jpg,0,1,1,0,0,1,1,0,0
video-JgqSK9D5cCD7HBYzg-frame-000168-mFtNAWv72TJffJRuz_jpg.rf.d1c47c1a4eae5b9dc8353a9978e9f294.jpg,1,0,1,0,0,0,1,1,0
video-Gj7ejTPCZZnD5YwPv-frame-001362-uSsDD8uxnc73feLNr_jpg.rf.d1b2c305fdb88def35e1c6f797c1adce.jpg,0,0,1,0,1,0,0,1,0
video-wGdqQimawNX3RYv76-frame-006219-QcCEFfnWLwh2aC7ne_jpg.rf.d1b7ad1681af305399d832b32e4f5f32.jpg,0,0,1,0,0,0,1,0,0
video-xEYBrQ5tarcDbiw9p-frame-014079-DuoSd37uvmige2CfJ_jpg.rf.d1aeacd48e39137af7bbb75e5b310146.jpg,0,1,1,0,1,0,1,1,0
video-PY5tYnNPcGE9WrZuq-frame-002505-NDFC9DnKFxh4cpkr4_jpg.rf.d1b204fb319def0b4740eaf9ca59ca0b.jpg,1,0,1,0,0,0,1,0,0
video-nCxsLGvXK8o25AmXW-frame-002115-zAY5SLzvB2qvS7Mt5_jpg.rf.d1a525abf24632ba5fbadfbf838a7f47.jpg,0,0,0,0,1,0,1,1,1
video-r68Yr9RPWEp5fW2ZF-frame-009403-gt7xPw5AYk4nwoDp8_jpg.rf.d1e8a02f26ba538c72d0f54ad1be1443.jpg,0,0,1,1,0,0,1,1,0
video-7EPybiwBrzjDKn7TZ-frame-004891-L8Csnyk7uWoTH9Epc_jpg.rf.d1e35d8c974f34c7196fbf537f4810dd.jpg,0,0,1,0,0,0,1,1,0
video-DJYDQTZH7GLCqw3Tx-frame-000700-mz8ept5tAx9WC24ZC_jpg.rf.d22b24901aa5e827d25e88188b16d35b.jpg,1,0,1,0,0,0,1,1,0
video-ZicHYAPRYGdu82nAa-frame-003426-uqAptEPLXP7m7ZSHN_jpg.rf.d234cf7a2d681b73649b2c2f154282f3.jpg,0,0,1,0,1,0,1,1,0
video-7EPybiwBrzjDKn7TZ-frame-005056-yE9efnvWdpdSheWBr_jpg.rf.d228ab812c1f1d89b9369b0022f87283.jpg,0,0,1,0,0,0,1,0,0
video-yBdrow6zFe5E8uEwn-frame-000430-fQ7xWB8JeS8buKJZQ_jpg.rf.d2545498e082dcca6906ed5f51696747.jpg,1,0,1,0,0,0,1,0,0
video-nCxsLGvXK8o25AmXW-frame-009277-qkPQJDzxYFAusqaDb_jpg.rf.d245a8f7429c7901446c272515148a9f.jpg,0,0,0,0,0,0,1,1,0
video-JFiGa9oAAN2queuLt-frame-004467-fjvp6KYuYTA26jE3p_jpg.rf.d239649a72e7c95bf987e57410ccf540.jpg,0,1,1,0,0,0,1,0,0
video-DJYDQTZH7GLCqw3Tx-frame-005206-FuGp3LuNuMp5yPpFH_jpg.rf.d217aa147b9507d2b5e07b4b8e4759f9.jpg,1,0,1,0,0,0,1,0,0
video-KTtJnXH7CcPgLeF2G-frame-000829-t87r7Rxxfok8PkPPt_jpg.rf.d2541356d34fade083929d69065bd284.jpg,1,0,1,0,0,0,1,0,0
video-aTxg8EcSRQyDvisMX-frame-003738-Bkspdi7aHhKwJXyLW_jpg.rf.d25a61192457746574dd76e8e2228558.jpg,0,0,1,0,0,1,1,1,0
video-DJYDQTZH7GLCqw3Tx-frame-001209-vFENKSveCo7fv9LMr_jpg.rf.d19e133c50b4247b635b359bc7ab95dc.jpg,1,0,1,0,0,0,1,0,0
video-S5osy2ei487eAM2fw-frame-005164-RyzBpHbysspdkMjzX_jpg.rf.d278af4e1cfc8550368b1f5c664b793f.jpg,0,0,1,0,1,0,1,0,0
video-GXXqNLCqyu72TLx5i-frame-005026-RuJooq68STcHk7gPC_jpg.rf.d18bfd7e43c501be7bb721ac8fe1414b.jpg,1,0,1,0,1,0,1,0,0
video-4E8nAe7bkHkSZfpjq-frame-002400-irL4ptzFtrgQEdHKL_jpg.rf.d25b4a3367ddae3f4fb5ca2c3b5a8477.jpg,0,0,1,0,0,0,0,1,0
video-7yaY3LisuPdNyfZH9-frame-003250-cfhxWQ4W9KxyQxQZS_jpg.rf.d2aef5983e4c1b8ebff516d3d28b374d.jpg,0,0,1,1,0,0,1,0,0
video-XNM8eHsvxCMJ6peuj-frame-001600-vGEy8eYFrmyDyZ8qs_jpg.rf.d249e7e0969ed269260bb356dba24e41.jpg,0,1,0,0,1,1,1,1,0
video-5An82wT7iBmfZSwx7-frame-002632-EJuw8tD6FrmP9J5T3_jpg.rf.d2cb9b76a1694c59d62325cf2a8330bb.jpg,1,0,1,0,0,0,1,1,0
video-TEAocgWiwwMWxYtgJ-frame-000740-7e3H4pjZc7pophBrd_jpg.rf.d272730d1fa08cb5031465b4ed07ea2b.jpg,1,0,1,0,1,0,1,1,0
video-AEZAaF8epmvQv5Nfj-frame-010786-9YtSgABK6AjAJwEzN_jpg.rf.d26054a6e5a82959147a7ea847e34be4.jpg,0,0,1,0,0,0,1,0,0
video-ELruYFQjkqpZnir29-frame-000000-MoHC2J7tuMvY7CsTz_jpg.rf.d2e42a451df0538d04dc64ee060b9e14.jpg,0,0,1,0,0,0,0,0,0
video-nodg7n2aFzCWFJBnv-frame-000065-gLRpDcih9jZikZkbw_jpg.rf.d21b441d62ab21b276c2af058adab356.jpg,1,0,1,0,0,0,1,1,0
video-vvYEi6EdCrYXeHwpD-frame-012852-2ngA8SM4J8983N4dZ_jpg.rf.d2dbe0ee400579745a24ec6018341427.jpg,1,0,1,0,0,0,0,0,0
video-iS9cAu6Ms3CXQtY92-frame-002830-f4heukq4DeDAwyFHD_jpg.rf.d2de38599266060f00c126427ce32fdb.jpg,0,0,0,0,0,0,1,1,0
video-r68Yr9RPWEp5fW2ZF-frame-000083-BqWnzZBnBwDLmSwhC_jpg.rf.d2cf31c3534d90c057996abea1b75cff.jpg,0,0,1,1,1,0,1,1,0
video-DJYDQTZH7GLCqw3Tx-frame-003821-ZkdPyn3L2BugHjLCG_jpg.rf.d2cd518637faddb7b51eeacfb82d77ed.jpg,1,0,1,0,0,0,1,1,0
video-hmsJCeMCWjX2FhxD8-frame-008478-d2MnxKY3rpFCwbbSN_jpg.rf.d20d340aed892060ee2a9294a266f901.jpg,0,0,1,0,1,0,1,1,0
video-DJYDQTZH7GLCqw3Tx-frame-007970-4DMj3gqrqrTRJCTeZ_jpg.rf.d2e4b6685206db1d26bd0103251ede79.jpg,1,0,1,0,0,0,1,1,0
video-5HPT2goT53ceRpvRm-frame-000750-nKoBPfMdD8jcMZxo8_jpg.rf.d2e51fcc01d5c5bc12248b1efd81b6de.jpg,1,0,0,0,0,0,1,0,0
video-iTrM5ner4KQGLvpdC-frame-003712-kzn3bnagbg5stouTe_jpg.rf.d361bc3933fafdb26e43fdc745a6c683.jpg,0,0,1,0,0,0,1,0,0
video-Bfb39QmAgJQZfE7Pu-frame-019980-6ZsMZvwm3MXJq7ckp_jpg.rf.d1c9e8249a483b235aca09b350afe1dc.jpg,0,0,1,0,0,0,0,1,0
video-jNQtRj6NGycZDEXpe-frame-014651-6YcepZpbc4N32Ake2_jpg.rf.d343f3ea8abd7fa84f2ed87e8d4f25a5.jpg,0,0,1,0,1,0,1,1,1
video-6WgZhpFdCJP3a2cWi-frame-013600-CcMqSpmWTTMZ2g6QR_jpg.rf.d310d3f7cec0cc7d0b5c923ce25a2e02.jpg,0,0,1,0,0,1,1,1,0
video-r68Yr9RPWEp5fW2ZF-frame-006976-r9HKcrd3oR8YT6ZsP_jpg.rf.d34d84a5dae35ff2bca005a873fa6eb0.jpg,0,0,1,0,0,0,1,1,0
video-4E8nAe7bkHkSZfpjq-frame-001200-8ezKtF5nzCin76SzB_jpg.rf.d27b38e2665087b8c31f4f28fb6a6026.jpg,0,0,1,0,0,0,0,1,0
video-jNQtRj6NGycZDEXpe-frame-007487-kmPnzWFan39km7JkW_jpg.rf.d333ffcf51fe928e4b5de9a493af3049.jpg,0,0,1,0,0,0,1,1,0
video-JFiGa9oAAN2queuLt-frame-000924-XuDKCKp5LnJXdDjZf_jpg.rf.d39c78fe1c9287e3bf0a51b4a4425c72.jpg,0,0,0,0,0,0,1,0,0
video-kZvY7NeD8kA7PiMWX-frame-001108-Zbb4g6cukuHhDbALR_jpg.rf.d39de1130f40d5e3bd9f846b1e691733.jpg,0,0,1,0,1,0,1,0,0
video-DJYDQTZH7GLCqw3Tx-frame-006627-osC6C6sBQ4E893nvX_jpg.rf.d3b351afecd3dae3d923252f1ef1f41f.jpg,1,0,1,0,0,0,1,0,0
video-5v4MPkCMGEKPfroxc-frame-001212-2umoRziDYwjNJQ6Kk_jpg.rf.d3a99a8ffaeeb5d3191a8dbefd966b81.jpg,0,0,1,0,0,0,1,1,0
video-JFiGa9oAAN2queuLt-frame-003427-WCzEtiRDsXgNEhprj_jpg.rf.d3a9e87ee8f16a21c2fc081b8c456a16.jpg,0,1,0,0,0,0,1,0,0
video-JgqSK9D5cCD7HBYzg-frame-000138-3dyR8s5h3dPesncJD_jpg.rf.d3bf322a54ea2f82a98984e2272b371e.jpg,1,0,1,0,0,0,1,1,0
video-vbhpsNpMoX2Qbhw2A-frame-000955-k5eKKyMiaDhAEzHG5_jpg.rf.d2baf7fe3df7c872e659cef272587a58.jpg,0,0,1,0,0,0,1,1,0
video-AEZAaF8epmvQv5Nfj-frame-016391-NmZXAkAkFnwr6DmNR_jpg.rf.d382c70f6c50105ec1215cbc24fb1c2a.jpg,0,0,1,1,0,0,1,0,0
video-4zQqsnWRwK7SFPpBy-frame-012852-2TDZJJwGfqPFbwnec_jpg.rf.d3b7b284d1a988084799b864f8bb3889.jpg,0,0,1,0,0,0,0,1,0
video-DJYDQTZH7GLCqw3Tx-frame-008870-owxnthN39oqBPbF4Y_jpg.rf.d3291328a652adca0f4c0373f91658ac.jpg,1,0,1,0,1,0,1,1,0
video-EcPY55txZdfhevYiW-frame-001815-cjpnFtqQXRGcvwHFK_jpg.rf.d39054e1c1e150639d69748cbac084f6.jpg,0,0,1,0,1,1,1,1,0
video-nCxsLGvXK8o25AmXW-frame-000247-7wyMmgqyvyk3H5W96_jpg.rf.d3cc2a63e362a52394ba12e8f9b5b322.jpg,0,1,1,0,1,0,0,1,0
video-8CvM2BExBLyQFZrK8-frame-001126-P9LbjfYupnrq9RRAA_jpg.rf.d3fcffe6bd367ba277048922f9bc7db7.jpg,0,0,1,0,0,0,1,1,0
video-AkvAvb4X72cnTbbCw-frame-001097-Z9NgMZ29pCiTunEXL_jpg.rf.d3f06a25a9fc82d89aa84ececd61d2de.jpg,1,0,1,0,1,0,1,1,0
video-S5osy2ei487eAM2fw-frame-001607-DNv9GTprnyrZQg5Rr_jpg.rf.d3d991518d1836a844226e43b64c289c.jpg,0,0,1,0,1,1,1,1,0
video-evnmmkhaqckdxWa9P-frame-001786-X6XB6eCmvTxTs5zwn_jpg.rf.d3e39bb67740ecab818add29329c358a.jpg,0,0,1,0,1,0,1,1,1
video-vbhpsNpMoX2Qbhw2A-frame-001255-ugKyc9JzB4od72GTi_jpg.rf.d437dcb6ed84c5d71c6f2788ed042b3b.jpg,0,0,1,1,1,0,1,1,0
video-DJYDQTZH7GLCqw3Tx-frame-000010-b8tzTwDbthphCXqEF_jpg.rf.d396b5446754a2463b8ac08c97c31007.jpg,1,0,1,0,0,0,1,1,0
video-KTtJnXH7CcPgLeF2G-frame-001009-rqR2H5CEfXxPi3NFL_jpg.rf.d3f1d87d8c76c05d45bc5096d807dc80.jpg,0,0,1,0,0,0,1,1,0
video-5Lwe5DATf4BxKtaiB-frame-000283-hTgeBZACyYbdaXMAC_jpg.rf.d2c4b8deda37b124f0a52e641c372880.jpg,1,0,1,0,0,0,1,0,0
video-r68Yr9RPWEp5fW2ZF-frame-009243-SLXbMs49vwJdraWu4_jpg.rf.d40c9189d598981a019db1f7d4d1d6be.jpg,0,0,0,0,0,0,1,1,0
video-7yaY3LisuPdNyfZH9-frame-006085-EtydBSc8WAWtvsBMw_jpg.rf.d3e2376df7043d4d457305130f2045de.jpg,0,0,1,0,1,0,1,1,0
video-DJYDQTZH7GLCqw3Tx-frame-007200-Way7qQ8Lc6MPYMswq_jpg.rf.d4298a10e0789a566c9e6b03e97126b1.jpg,1,0,1,0,0,0,1,0,0
video-iS9cAu6Ms3CXQtY92-frame-002905-frWsF6WRnZFT2Fkwe_jpg.rf.d42c67138334290c59622527d646da9e.jpg,0,0,0,0,0,0,1,1,0
video-kZvY7NeD8kA7PiMWX-frame-005263-uTxgkNH6GuRyMwQD6_jpg.rf.d4449847848d22dacc4abded153e7921.jpg,0,0,1,0,0,1,1,0,0
video-2SReBn5LtAkL5HMj2-frame-001142-YeWXSq8GzusZLTEZj_jpg.rf.d3e3f2e14afaecd65a8bfb142adc7ef9.jpg,1,0,1,0,0,1,1,1,0
video-c3Lxro5s7dbYgdGRp-frame-002074-gd8JSgWec5PfhXzkR_jpg.rf.d43a91e35cc860e2cfc5c29034a4202c.jpg,0,0,1,0,0,0,1,0,0
video-soRFb9y3iqE3YpJSG-frame-000627-LFSZKZgfNzkfZLTKG_jpg.rf.d42d415b6d1d771370bd9681d68af803.jpg,0,0,1,0,0,0,1,0,0
video-vbhpsNpMoX2Qbhw2A-frame-000895-75WsPTaqDtojR2tff_jpg.rf.d42533a0f1ce29a17e76da4d2a16d508.jpg,0,0,0,0,1,0,1,1,0
video-JFiGa9oAAN2queuLt-frame-000437-ZwhuniCFgZf5p6EZN_jpg.rf.d4148e712fce525a53032ee247967720.jpg,0,0,1,1,0,0,1,0,0
video-8QxGjiebFiGwCKrd5-frame-009900-jHbtKYvYCW98zDoFi_jpg.rf.d470ee9e9858a060f78e8dcd2e341aad.jpg,0,0,0,0,0,0,0,1,0
video-ZicHYAPRYGdu82nAa-frame-003023-wCP6b34eA26Pk36q7_jpg.rf.d46b52d85b5d653d6ae01076b4e3356a.jpg,0,1,0,0,1,0,0,0,0
video-nodg7n2aFzCWFJBnv-frame-003654-sTDmoXneycGAHqNBp_jpg.rf.d4673eee44fab8955b023905a8e03d12.jpg,1,0,1,0,1,0,1,1,0
video-G6FT88p5kgvAR2Y92-frame-001800-wrhienYTGHcMjhgQM_jpg.rf.d4892e3dd7246c835a81551de95a6c13.jpg,0,0,1,0,0,0,0,1,0
video-S5osy2ei487eAM2fw-frame-005432-qATPDh4aPMfabE5vx_jpg.rf.d4bdc041b8762676de185019cb16de77.jpg,0,0,1,0,1,0,1,0,0
video-uSr74imQfjLhADgQZ-frame-001368-GeHprZPZ2h8fMfSMq_jpg.rf.d4bafd57d9b72d646f5ccf2a0f2e02d6.jpg,1,0,1,0,0,0,1,0,0
video-5v4MPkCMGEKPfroxc-frame-000075-oQaRoYGnSYjFXMcND_jpg.rf.d46017b2a592dfd2e35da4bbd5765c1d.jpg,0,0,1,1,1,0,1,1,0
video-Gfv3kbdf5KAYRtPcz-frame-001312-x3sqTYeLbKAvYLJBQ_jpg.rf.d4c48924eee3118a3ca322ff43759912.jpg,0,0,1,1,1,0,0,1,0
video-aMQG7QCtJKfnEdue5-frame-000175-Jx3LBv9ethEitthYA_jpg.rf.d4a9046536c0db8f51867cde797b69f1.jpg,1,0,1,0,1,0,1,1,0
video-iTrM5ner4KQGLvpdC-frame-003697-PXEnC2T7CEuFdPxEk_jpg.rf.d4dd8a45019c588ded2c1e06970d227b.jpg,0,0,1,0,0,0,1,0,0
video-JnRLAYvPLms37xEzD-frame-001500-wBu4TgWCwRsWEfYaK_jpg.rf.d48ce07958beb1e3985bf417915b43f6.jpg,0,0,1,0,0,0,0,1,0
video-DJYDQTZH7GLCqw3Tx-frame-004401-9DyLfk8sSYnCvwbrh_jpg.rf.d47d4589ce09356c49ae9bd9621d504a.jpg,1,0,1,0,0,0,1,0,0
video-S5osy2ei487eAM2fw-frame-003480-9o4mrqTA3LN5igT6T_jpg.rf.d4f4fc0f7c9a9d21bcaeba6247d3a59c.jpg,0,1,1,0,1,1,1,1,0
video-evnmmkhaqckdxWa9P-frame-001621-C5686NRFs98RD4nBf_jpg.rf.d4d03d4d0b15430b8b159bb416db7770.jpg,1,0,1,0,1,0,1,1,0
video-BjSfmxLQqCGjg8tya-frame-000300-gGyHGz7dKp8gH2MKY_jpg.rf.d4e159a882f036d7c9c9affffd5d7fa1.jpg,1,0,1,0,0,0,1,1,0
video-TEAocgWiwwMWxYtgJ-frame-003199-jxi9JQBPgWoX8aWjK_jpg.rf.d501cf3bb3b55903fbac65e692fdd5b8.jpg,0,0,1,0,0,0,1,1,0
video-mBQmysFvQtPK36MsF-frame-001106-WXLKfrjbc4rkcWpJh_jpg.rf.d4ff2139a0055832ffeb7bc4d42a94f8.jpg,0,0,1,0,0,0,0,1,0
video-BvDJ7TewksQCjCtyN-frame-000771-ayT55R6AjcP3tMCQo_jpg.rf.d4f7b6c3935ff676a073f15b365bf842.jpg,0,0,1,0,1,0,1,1,0
video-r68Yr9RPWEp5fW2ZF-frame-011003-6xkXpiJ6PFRwyFSH7_jpg.rf.d4fef12b265d99d58af02073b74be169.jpg,0,0,1,1,1,0,1,1,0
video-BjSfmxLQqCGjg8tya-frame-004469-YP4WajtXu5keDi3uh_jpg.rf.d517aa8794b9e53775dcd284a39b22d2.jpg,1,1,1,0,1,0,1,1,0
video-MoCHppHsM4bnncPmS-frame-002607-fjeEeEJaRZBsmtvKq_jpg.rf.d4c42d404c40f6be21e1a428eb614efa.jpg,1,0,1,0,0,0,1,1,0
video-AEZAaF8epmvQv5Nfj-frame-009901-FytKw6SrMpWKCnWi6_jpg.rf.d501035de5be882d5603ab5358607b64.jpg,1,0,1,0,0,0,1,0,0
video-AEZAaF8epmvQv5Nfj-frame-013420-578Zcp34z9Pa3Y6Pv_jpg.rf.d443270b4d3f11e12386d0eb52a63b15.jpg,1,0,1,0,0,0,1,0,0
video-5Lwe5DATf4BxKtaiB-frame-000662-ZoPnXmrFXywD62gsm_jpg.rf.d50c26742fb2bbffd25d92caebe0e33a.jpg,1,0,1,0,0,0,1,1,0
video-r68Yr9RPWEp5fW2ZF-frame-013998-7rBrFMYAeETXjQQAm_jpg.rf.d5364f3a01617403190e8d26cc05d4e7.jpg,0,0,1,0,1,0,1,1,0
video-jNQtRj6NGycZDEXpe-frame-005522-KDCi2AdiXwfFj6CHn_jpg.rf.d522bc4d7652bee83bf036ee6a6e4f31.jpg,0,0,1,1,0,0,1,1,0
video-r68Yr9RPWEp5fW2ZF-frame-007036-8qJPZrEYQysxmyX8P_jpg.rf.d519e8092de449e62fc1297e7ca2a1b6.jpg,0,0,1,0,0,0,1,0,0
video-kDDWXrnLSoSdHCZ7S-frame-000000-TZa6ppKkkG6FW9uDy_jpg.rf.d52f8a6beb81eff2a43561681d7ba19f.jpg,0,0,1,0,0,0,0,1,0
video-AEZAaF8epmvQv5Nfj-frame-016091-xDRYRpvQbAQQPw47a_jpg.rf.d50f3275b13a22ed117f70657e1ea051.jpg,1,0,1,0,0,0,1,1,0
video-r68Yr9RPWEp5fW2ZF-frame-016809-35LGAxt33NSPvhEqS_jpg.rf.d507649c70110c1cc77de5ac986ae2ee.jpg,0,0,1,1,1,0,1,1,0
video-nodg7n2aFzCWFJBnv-frame-002185-EtfWGGMn3tGkdDxSH_jpg.rf.d54cda9447b3492bd13511f48a2ca3dc.jpg,1,0,1,0,0,0,1,1,0
video-ELruYFQjkqpZnir29-frame-001989-A4gXubzz7qNApAwBk_jpg.rf.d5719c279d0baaa11ef6ef5cabb9e359.jpg,0,1,1,0,0,0,1,0,0
video-GMDwNs5TdqejpF4vu-frame-000768-9zefCu7AXkc9B4njs_jpg.rf.d55964c3d59a1f8a5150e07e49a68b4c.jpg,0,0,1,0,0,0,1,1,0
video-DJYDQTZH7GLCqw3Tx-frame-002584-kYd55CKqt76wTWH3Q_jpg.rf.d55ba080d5b1bdd8ba76c7d400f94b5d.jpg,0,0,1,0,0,0,1,0,0
video-DJYDQTZH7GLCqw3Tx-frame-008040-b37BRbgagg4eq4Lia_jpg.rf.d54fde99860311ec311a96eda21ae86a.jpg,1,0,1,0,0,0,1,1,0
video-ooW42bEtJrR4gufJr-frame-000150-SpjaeX6Qnxk6rve6p_jpg.rf.d58db1f3c2188938cfdc6e4384d83ca5.jpg,0,0,1,0,0,0,0,1,0
video-aMQG7QCtJKfnEdue5-frame-003393-QvoSHLScjEmAnyJFx_jpg.rf.d59fa99b058ccb7f815f31c163291178.jpg,1,0,1,0,0,0,1,0,0
video-eLrXYzMxSL9NCXiQq-frame-004608-2NZAku45gEdrn85Ee_jpg.rf.d5b36e822c6546d3c22e745deb783a03.jpg,0,0,1,0,0,1,1,1,1
video-TEAocgWiwwMWxYtgJ-frame-004521-8x4dCdruKLgrsKevh_jpg.rf.d5574969ac73098a0d835b492cc9fda2.jpg,0,0,1,0,0,0,1,0,0
video-Bfb39QmAgJQZfE7Pu-frame-000999-Ea5fJgdeq48YqSfqj_jpg.rf.d5dc10bc3f273b4db1ec650b4fc9df1b.jpg,0,0,1,0,0,0,0,1,0
video-jNQtRj6NGycZDEXpe-frame-005612-BfzH9ynSNYNwxC28a_jpg.rf.d5a54a7463481963537a8d7a7fe0471f.jpg,0,0,1,1,0,0,1,1,0
video-GzdKTLbkG5F7gAunM-frame-003023-7evRqAbAAyowQhPkm_jpg.rf.d6045935940c5d04ab8bb785c969e493.jpg,0,0,1,0,0,0,0,1,0
video-XCJD9qhzXNoZCn37i-frame-017312-niwMkgDGwnDXC6atm_jpg.rf.d5ad967a68877583da2d1574ea39f614.jpg,0,0,1,0,1,1,1,1,0
video-AEZAaF8epmvQv5Nfj-frame-009219-R7WiKMuphKxHhvA7Q_jpg.rf.d5c66a2a856305b4c25bf6b7296a6c60.jpg,0,0,1,0,0,0,1,0,0
video-5An82wT7iBmfZSwx7-frame-006826-Xda72DuHSw39xDYrn_jpg.rf.d616fe6ad20901a4be9d4c207415d01b.jpg,0,0,1,1,1,0,1,1,0
video-YzRKMLLSDnZLFpPmg-frame-012709-8Au4Mn3N9QWbGfoec_jpg.rf.d62a2806efced7fa05075552da75097f.jpg,0,0,0,0,0,0,0,1,0
video-r68Yr9RPWEp5fW2ZF-frame-006536-R3nbdxTfoBvKgW2Sq_jpg.rf.d6246b7de7070627c4cd128e1bf697d9.jpg,0,0,1,0,0,0,1,1,0
video-RzCFkE9yg95GWAnYj-frame-002400-2C6j4hNoqjXiwzBr2_jpg.rf.d641917ca579adaf207bc574d802ca35.jpg,0,0,1,0,0,0,0,0,0
video-jNQtRj6NGycZDEXpe-frame-001468-nQH5sQJG6wSnbf4i4_jpg.rf.d5af82c29739e7195926e4040a36c859.jpg,0,0,1,0,0,0,0,1,0
video-4KhLCjoeEmjGBaRLQ-frame-001725-qH9jLBgrQnatHEpvY_jpg.rf.d6435754139cf1948d49483ef97871b5.jpg,0,0,1,0,0,1,1,1,0
video-aMQG7QCtJKfnEdue5-frame-003813-ab97ZwK7PviZPkagt_jpg.rf.d63ceb63d6fb82bbfd1d861ba35fe117.jpg,0,0,1,0,0,0,1,0,0
video-5An82wT7iBmfZSwx7-frame-007255-okZkEJDtmtqHXXyAK_jpg.rf.d64e5097c0f4011a4eb4417725b521ad.jpg,0,0,1,0,1,0,1,1,0
video-r68Yr9RPWEp5fW2ZF-frame-002036-nJvo99tbsozZ3gYHz_jpg.rf.d63dd389812e9d6c5b31626940f9c6cf.jpg,1,0,1,0,1,0,1,1,0
video-r68Yr9RPWEp5fW2ZF-frame-005946-tjHLdyAj28XnB77bK_jpg.rf.d63bab33f4d773498f6d7d845460ab83.jpg,1,0,1,0,0,0,1,1,0
video-mBQmysFvQtPK36MsF-frame-000000-wiGk9hEseEMNpkqwh_jpg.rf.d62ac344ef5e3b916531313bfc58f918.jpg,0,0,1,0,1,0,0,1,0
video-AkvAvb4X72cnTbbCw-frame-001217-hgGyyQCa9NdShaWch_jpg.rf.d659d2c113143f43bb53483a484c804a.jpg,0,0,1,0,1,0,1,1,0
video-KTtJnXH7CcPgLeF2G-frame-003124-9CzzNXgg757w7kodn_jpg.rf.d6302b99a2272b8d499eb2d254e48624.jpg,0,0,1,0,0,0,1,0,0
video-aMQG7QCtJKfnEdue5-frame-002310-jarL2AfwTfcJvxoLm_jpg.rf.d6613777d78e64a4dcebefcbd7cdd34b.jpg,0,0,1,0,0,0,1,1,0
video-wGdqQimawNX3RYv76-frame-006094-nzDChcT2P9zZyBZQ2_jpg.rf.d69bcdb1984acc75c0e39adfa731d724.jpg,0,0,1,0,0,0,1,0,0
video-24ysbPEGoEKKDvRt6-frame-000255-Y56C5LQh45y9wHxTS_jpg.rf.d68ef3dd8518524aab1bbe02ecbb692a.jpg,0,0,1,0,0,0,1,1,0
video-DJYDQTZH7GLCqw3Tx-frame-003841-32vokTKZ8t7NEroE5_jpg.rf.d66b332acee59804195483ec674e8eab.jpg,1,0,1,0,0,0,1,1,0
video-7EPybiwBrzjDKn7TZ-frame-001827-nhx6PerTYZAA2b9gi_jpg.rf.d698e72c09a6ebd9b16aa5e6d876e6b7.jpg,0,0,0,0,0,0,1,1,0
video-r68Yr9RPWEp5fW2ZF-frame-006466-q8kxjJbWWjheftnKQ_jpg.rf.d62b9051cf8fe751c32414623bdc8820.jpg,0,0,1,0,0,0,1,0,0
video-nCxsLGvXK8o25AmXW-frame-008031-PNHdk4dy4zmYFuc4r_jpg.rf.d662b6017ff5f6d5943babf4c7a5becf.jpg,0,0,1,0,0,0,0,1,0
video-DJYDQTZH7GLCqw3Tx-frame-007930-Mt8jhjSzqejsmd5P6_jpg.rf.d69ddfbbcc3abdf1646de76c99f45276.jpg,1,0,1,1,0,0,1,0,0
video-7EPybiwBrzjDKn7TZ-frame-001992-qyXdL5EcFbqzqTKNF_jpg.rf.d6a46dc9c6365735248edb7d4f0777f8.jpg,0,0,0,0,0,0,1,0,0
video-AEZAaF8epmvQv5Nfj-frame-014641-vXgTZ6pHzz4WxmGtJ_jpg.rf.d69e97bf4c07b7e1c2664ae2b513fd56.jpg,0,0,1,0,0,0,1,0,0
video-ELruYFQjkqpZnir29-frame-001636-oeohvGMM7PowGYjL5_jpg.rf.d6bd99e3ade7b1e31770e92cac564350.jpg,1,0,1,0,0,0,1,1,0
video-iFWh9r9TJWmTzTrha-frame-002530-q728M9BmbEeebDgBd_jpg.rf.d6bad876eb44f9df6307ac3c0da12d2b.jpg,0,0,1,0,1,0,0,1,0
video-iTrM5ner4KQGLvpdC-frame-002203-Y3kEEvABesYhsQJod_jpg.rf.d680a7210d23f539887657ca915f37ba.jpg,0,0,1,0,0,0,0,1,0
video-WFkuHrJEHigf6HCWZ-frame-001856-TKhccWoSo5BvKJ8ch_jpg.rf.d6e9bc0cc9516fc5e28340761c67ce41.jpg,1,0,1,0,1,0,1,0,0
video-86XuF6pPvWfBCqyNt-frame-006100-jEGex8SZAM3oLQqxJ_jpg.rf.d6b192be3492f459cd6079991fa6ed5a.jpg,1,0,1,0,1,0,1,0,1
video-WiuWWrsHrJsDcfFzg-frame-003361-ikNGgrsJvuADigymh_jpg.rf.d6b04050a63348ea13a31dee9a8faa4e.jpg,0,0,1,0,1,1,1,0,0
video-AEZAaF8epmvQv5Nfj-frame-009931-PZtwnwKe3bxPbHkeF_jpg.rf.d6aa39af43058b38e01c1ecf5d80ee72.jpg,1,0,1,0,0,0,1,0,0
video-DJYDQTZH7GLCqw3Tx-frame-007750-XGLAEbG7PM7Gyn9L6_jpg.rf.d70aa07f07900c879bd6150d6c530924.jpg,0,0,0,0,0,0,1,0,0
video-r68Yr9RPWEp5fW2ZF-frame-001566-MTbA5tCvY8ZSdhgtZ_jpg.rf.d6de8c4ad3eb0d986ca61345f7b7ffc9.jpg,0,0,1,0,1,0,1,1,0
video-TEAocgWiwwMWxYtgJ-frame-004311-6iv7FP9X2PdaEHX9C_jpg.rf.d6beea095b45c5d5661e701c33b1d87c.jpg,0,0,1,0,0,0,1,0,0
video-BjSfmxLQqCGjg8tya-frame-001668-7j2zomPncHTMaP5uF_jpg.rf.d6e1766a4ad5a1f45efcbdc30b2ba415.jpg,0,0,1,0,1,0,1,1,0
video-nodg7n2aFzCWFJBnv-frame-004854-EE6NxyxxQqGYo6Qs6_jpg.rf.d6b54a15d7da1952a97957cdfd5453d1.jpg,1,0,1,0,0,0,1,1,1
video-hmsJCeMCWjX2FhxD8-frame-009931-rRWpy4abTkrkxLaLd_jpg.rf.d6ab6615cdcb8fe6419dd074e2801387.jpg,0,0,1,0,1,0,1,0,0
video-8CvM2BExBLyQFZrK8-frame-004338-T6KL4mNxeWapQZfJB_jpg.rf.d6a5337e131376cf5c6ae2d4e1c279aa.jpg,0,1,1,0,1,0,1,0,0
video-5An82wT7iBmfZSwx7-frame-000315-dZRksScob4mZFdgj3_jpg.rf.d72cdaa72a66f26bacc3e5958ac63bae.jpg,0,0,1,1,1,0,1,1,0
video-o68zKob2nb8QMktLF-frame-000611-Txz5hFAbfahPFxidP_jpg.rf.d6f1c9c41a3e3882bc4fb386fafa9a5c.jpg,0,0,1,1,0,0,0,0,0
video-AEZAaF8epmvQv5Nfj-frame-009229-6xHuRhZHiqHEQahq6_jpg.rf.d72fd28f7447fb567c40ad843d29da68.jpg,0,0,1,0,0,0,1,0,0
video-aiXLPEvp86raemrsp-frame-002550-2B6uFJjsj9xfnFzhh_jpg.rf.d739600e0f7c6b02cdb37821ba7048d8.jpg,0,1,1,0,0,0,1,0,0
video-EcPY55txZdfhevYiW-frame-007270-C8Su4GcHGuWSNJDB9_jpg.rf.d70bc007e3b6934a61fbe07729d8f54d.jpg,0,1,1,0,1,0,1,1,0
video-4zQqsnWRwK7SFPpBy-frame-011687-KXL8PMPSor7h9rq9H_jpg.rf.d7447e1384ed176038a7f1cb7659206f.jpg,0,0,1,0,0,0,0,1,0
video-mBQmysFvQtPK36MsF-frame-005081-hHSz2KKS4jeCHExSB_jpg.rf.d74e2e6b50b7633c12c7a540a772d4b4.jpg,0,0,1,0,0,0,0,0,0
video-DJYDQTZH7GLCqw3Tx-frame-008030-63e5PoAMusiPbyARz_jpg.rf.d747e565d6317206678c5615e1744601.jpg,1,0,1,0,0,0,1,1,0
video-JFiGa9oAAN2queuLt-frame-004847-hkX6D8z7DtYrTWqrq_jpg.rf.d761a043beb6146d43254d5141a2fda9.jpg,0,1,1,0,0,0,1,0,0
video-dpPsuZToLaq9myAK8-frame-005214-PigaQQejKuNDEPc9q_jpg.rf.d7b68d8c19ea9537cbf993772fe64214.jpg,0,0,1,0,0,0,1,1,0
video-DJYDQTZH7GLCqw3Tx-frame-007730-DSGSYmZifr6csx3H5_jpg.rf.d76c1db7957ad25cfa458a53e1e888ce.jpg,0,0,1,0,0,0,1,1,0
video-DwBWZSnE7WHzSoM2G-frame-000900-AcwekjXwZuZLnaviL_jpg.rf.d755f701640e48a0bfad492a89600f14.jpg,0,0,1,0,1,0,0,0,0
video-2rsjnZFyGQGeynfbv-frame-002472-brs8854tM7zanvKHA_jpg.rf.d7625d7a8cbe7582c559560144b0b3b5.jpg,1,0,1,0,0,0,1,0,0
video-DJYDQTZH7GLCqw3Tx-frame-000860-38uPj2RgT3s4znFi3_jpg.rf.d7a7a6776bc7ff28308939cd08e2d126.jpg,0,0,1,0,0,0,1,1,0
video-ipHbyAv8iW9kmxTGj-frame-005720-32WgvHjvCGjkE7j89_jpg.rf.d7c2dbf3cdd9c7c2a780dc4afa9f2273.jpg,0,0,1,0,0,0,1,1,0
video-DJYDQTZH7GLCqw3Tx-frame-005316-3jwSkCHkDHiFu8EGs_jpg.rf.d7ac588f7dce22378bedd09277de13e3.jpg,1,0,1,0,0,0,1,0,0
video-r68Yr9RPWEp5fW2ZF-frame-000273-7R9rqQTfgCBQ8KodX_jpg.rf.d78df994564d6bc103bcda9233ef1d18.jpg,0,0,1,1,1,0,1,1,0
video-YzRKMLLSDnZLFpPmg-frame-011466-2iiYo2BmtEqpgrhHz_jpg.rf.d79507a72222cf5624fdcad2182faad9.jpg,0,0,0,0,0,0,0,1,0
video-JFiGa9oAAN2queuLt-frame-000964-59QnEsMo6FfDeHMKi_jpg.rf.d74a4e177d17c937f33ce979aa41399a.jpg,1,0,1,0,0,0,1,0,0
video-WFkuHrJEHigf6HCWZ-frame-003465-3hykmEgGR2rqDyMYb_jpg.rf.d7ace74a0342f3c9d99d2aa11f7f141c.jpg,0,0,1,0,1,0,1,0,0
video-7EPybiwBrzjDKn7TZ-frame-003352-Qac8REywZzMNTXEGs_jpg.rf.d77311284666dfb5bf737eefa2da7eeb.jpg,1,0,1,0,0,1,1,1,0
video-7yaY3LisuPdNyfZH9-frame-003325-3874EGMkvbHgmNgDC_jpg.rf.d7b0bd244aa171c69de05e0bb7824d81.jpg,0,0,1,0,1,0,1,1,0
video-KTtJnXH7CcPgLeF2G-frame-004348-iwjBHoGhEL8xyDGyH_jpg.rf.d7ba128f5ae694c66a2eb922ef24a1f1.jpg,0,0,1,0,0,0,1,0,0
video-DJYDQTZH7GLCqw3Tx-frame-008750-J5fZ7GugokdZTnXu4_jpg.rf.d7d3f5302c8f9735d12c3709e5f35c1c.jpg,1,0,1,0,1,1,1,1,0
video-r68Yr9RPWEp5fW2ZF-frame-014118-nf5A3T7kuzPvBJemv_jpg.rf.d757c4d77728fdff459484d4709ffcff.jpg,1,0,1,1,1,0,1,1,0
video-AEZAaF8epmvQv5Nfj-frame-010646-JMDmGHGhPzNJD5W5R_jpg.rf.d7e5be2ade2b7a9cd4a27f0da8131cb6.jpg,1,0,1,0,0,0,1,1,0
video-nodg7n2aFzCWFJBnv-frame-003669-7R5uqjiBXQgAhMdtw_jpg.rf.d7da982d2091cb58161e9e388bdfc4b0.jpg,1,0,1,0,1,0,1,1,0
video-hmsJCeMCWjX2FhxD8-frame-001057-eP3HGXfhyffsgZPDF_jpg.rf.d7f2cbabe951da30631d27c9c9574dd8.jpg,0,0,1,0,1,1,1,1,0
video-G9ZpKLJEKsMheip7b-frame-006900-FuDo7udbZRfRkqk8c_jpg.rf.d7f8a83af4bf53a1bbbda0b26cfb7b99.jpg,0,0,1,0,0,0,1,1,0
video-PY5tYnNPcGE9WrZuq-frame-002081-z57b3dYvjTDB2QMD4_jpg.rf.d818378bd02cef70ec5e895a974c6f96.jpg,1,0,1,0,0,0,1,0,0
video-G6FT88p5kgvAR2Y92-frame-005400-6gymKw4Xma6oAwEbn_jpg.rf.d7fb75944fd0a59ef7a49e4c4cabce7d.jpg,0,0,1,0,0,0,0,0,0
video-6WgZhpFdCJP3a2cWi-frame-002397-BHK92NKunLhw77Lrm_jpg.rf.d85a53251cc74822bf11574ed6d3116f.jpg,0,1,1,0,0,0,1,1,1
video-TEAocgWiwwMWxYtgJ-frame-002330-vbNYHZ2L6yTgvYosd_jpg.rf.d809890fed2698da7ef0720e1e1908b9.jpg,0,0,1,0,1,0,0,1,0
video-JFiGa9oAAN2queuLt-frame-004997-yzeMZBxbtBztv5wWg_jpg.rf.d83353869df1f4c709e9bf0bd00f8074.jpg,0,1,1,1,0,0,1,0,0
video-6WgZhpFdCJP3a2cWi-frame-001600-upXPXh4SAq3hbSzJL_jpg.rf.d83f4b100e38e7b1cf1d27de1f3cdc5a.jpg,0,0,1,0,0,1,1,1,1
video-5YffDt2oYT6CDzYHk-frame-000280-pFR9PcWGr222LJ5bE_jpg.rf.d872eafa33ba00f805ac5e9d8ccbbc11.jpg,0,0,1,1,1,0,0,1,0
video-Gfv3kbdf5KAYRtPcz-frame-003255-muPMGsMK6amZCpTPu_jpg.rf.d87a279fbced8d058cbcb17cbe871fa3.jpg,1,0,1,1,0,1,1,1,0
video-ZicHYAPRYGdu82nAa-frame-002062-CtdL6ydtG8GeCBZsf_jpg.rf.d826b3145e75a35f01dcc667f7be285c.jpg,1,0,1,0,0,0,1,0,0
video-JFiGa9oAAN2queuLt-frame-007271-RzBNWepxjusJqjk2z_jpg.rf.d849f836560beb5f9e2186eede8cd015.jpg,1,0,1,0,1,0,1,0,0
video-soRFb9y3iqE3YpJSG-frame-002072-8G5Y378SoMjwaHXBx_jpg.rf.d885efe6fa28c11d7208d2ac0397a12d.jpg,0,0,0,0,0,0,0,1,0
video-DJYDQTZH7GLCqw3Tx-frame-006277-upj7BpXqsm7oRvAm6_jpg.rf.d890560efa733465489cc1a646dd5bc1.jpg,0,0,1,0,0,1,1,0,0
video-a9TgkAvMGtM2gXpdj-frame-007469-TFZErd98rWrgWMZy8_jpg.rf.d886fa0c7aa603a32e1f8d0fe6c246c6.jpg,0,1,1,0,1,1,1,1,1
video-JFiGa9oAAN2queuLt-frame-005377-aCgc9n4HjZnWpYe4n_jpg.rf.d89630325d6e3df7fd3f3a25b01b2ef0.jpg,0,1,1,0,0,0,1,0,0
video-r68Yr9RPWEp5fW2ZF-frame-001666-57Ymcy2qnNkgkkJvc_jpg.rf.d8a3a9db95a8462f53c43ed34b7d5957.jpg,1,0,1,1,1,0,1,1,0
video-r68Yr9RPWEp5fW2ZF-frame-003526-xmoLyHNeJ3zYSaJDh_jpg.rf.d8634f8972caf0b9c790948cc12f2cf5.jpg,1,0,1,0,1,0,1,0,0
video-AkvAvb4X72cnTbbCw-frame-000560-Jxw4jvoicjofnfCj8_jpg.rf.d8c1fbbf1a3b88700d22e041a944f0ff.jpg,0,0,1,1,1,0,1,1,0
video-JFiGa9oAAN2queuLt-frame-003017-7Ljog9bLyJzQ4cctB_jpg.rf.d85eb4c1d895b8c5a5c56258f888cdfa.jpg,0,1,1,1,0,0,1,0,0
video-7EPybiwBrzjDKn7TZ-frame-005011-2BkzRRtHw3iMyptfx_jpg.rf.d8e827eb917bbf9c30a908b40fc9cf48.jpg,0,0,1,0,0,0,1,1,0
video-TTDq3x6HSvFx3YRDH-frame-008198-jWr6HEPsKp8BbaW8e_jpg.rf.d8ce7e1b248a9b0828e8e647c9622b95.jpg,0,0,1,0,0,0,0,0,0
video-WXTMrJkrK8BMoMkxk-frame-002039-YRbu8ZBXz5b64oENz_jpg.rf.d8e06178077cf61cab77e8ae63c53f33.jpg,0,0,1,0,0,0,1,1,0
video-DJYDQTZH7GLCqw3Tx-frame-008890-mTZXMw4nocqEZZNsC_jpg.rf.d929dc58df7bdf9307fea1cd2977283a.jpg,1,0,1,0,1,0,1,1,0
video-DJYDQTZH7GLCqw3Tx-frame-008850-vXZkaEGDZNJ2ne5m4_jpg.rf.d92a32397f664552ba9badbeee276ca7.jpg,1,0,1,0,1,0,1,1,0
video-ozJ2BvNKN96SvRTFv-frame-003000-Yz63SNBTe6YEx4JxJ_jpg.rf.d92d65fd45eb1b3bdabe49759469c0b0.jpg,0,0,1,0,0,0,0,0,0
video-iTrM5ner4KQGLvpdC-frame-003757-PE26LGQRC3ud2siLb_jpg.rf.d93e5c8d49bd780d5729e0326a16ae1b.jpg,0,0,1,0,0,0,0,0,0
video-o68zKob2nb8QMktLF-frame-001579-8uHmKexvvySDBBMwQ_jpg.rf.d93434d571b57cd6c0a60cba42cd9474.jpg,0,0,1,0,0,0,0,0,0
video-JFiGa9oAAN2queuLt-frame-007391-pF3T8mL6rdmYszzZ3_jpg.rf.d94b1b757e432e69c5bf3c9064c52a75.jpg,0,0,1,0,1,0,1,1,0
video-5YffDt2oYT6CDzYHk-frame-001924-56udt9gkmxyR7BRnN_jpg.rf.d94de15d7635d4bc3642355f2f343e0e.jpg,1,0,1,1,1,0,1,1,0
video-2SReBn5LtAkL5HMj2-frame-010461-cMLkb89r38Nq3AwvN_jpg.rf.d94ecbf2e7d84c1b38ccd0607cd592c4.jpg,0,0,1,0,0,0,0,1,0
video-BjSfmxLQqCGjg8tya-frame-007153-3qJTKwJ4nhKHwkau8_jpg.rf.d9aaa7704cf5212a83932d152deb18cf.jpg,0,0,1,0,0,0,1,1,0
video-GXXqNLCqyu72TLx5i-frame-002183-7eHQjPnfA5475uYfT_jpg.rf.d9995fb351527db24f27a0ebdb8d43b1.jpg,0,0,1,0,1,0,0,1,0
video-WXTMrJkrK8BMoMkxk-frame-002029-AcKbHicqtLo7nxJvN_jpg.rf.d9b1238c21d5a86af2af5d0c26d40bc4.jpg,0,0,1,0,0,0,1,1,0
video-nodg7n2aFzCWFJBnv-frame-001420-DK6GhZJmArwjNh6GZ_jpg.rf.d989ed57306f19fa2e77cf7d08f07d82.jpg,1,0,1,0,1,0,1,0,0
video-aMQG7QCtJKfnEdue5-frame-003468-iitYQz5r3BcgXDjwA_jpg.rf.d9a1df950a25aca0c8fe8013dec6e989.jpg,0,0,1,0,0,0,1,0,0
video-soRFb9y3iqE3YpJSG-frame-002028-JkrR4toBiz2gKEiB2_jpg.rf.d9b208310d00956d7cb6f408e2a05208.jpg,0,0,0,0,0,0,1,1,0
video-FWQff8BQpTRSt9hfA-frame-000000-yTeWxwJiHgeTzDqNo_jpg.rf.d9b594f455a7fc2de35eb6a53f80f1f0.jpg,0,0,1,0,1,0,0,1,0
video-ozJ2BvNKN96SvRTFv-frame-003300-QR63NMq4X2Jsh4fjD_jpg.rf.d9e7d44b53586b5786bb23557d2b1262.jpg,0,0,1,0,0,0,0,0,0
video-r68Yr9RPWEp5fW2ZF-frame-002766-ukYHuPkFBvzL6PMYF_jpg.rf.d9e15d14ea716f8d44c50f256ca677d7.jpg,1,0,1,0,1,0,1,1,0
video-Gfv3kbdf5KAYRtPcz-frame-003071-HqrzvAJTJFd9t8iWZ_jpg.rf.d99a7e5b4f1e0ff6be26ca284f7d5b5c.jpg,1,0,1,0,0,0,1,1,0
video-c3Lxro5s7dbYgdGRp-frame-002014-D6hLMeXWSygathy8z_jpg.rf.d9b64fbe56a5ecf17ad45b69116e9519.jpg,0,0,1,0,0,0,1,1,0
video-xEYBrQ5tarcDbiw9p-frame-013639-fJBpMXbnyW5XmnvnQ_jpg.rf.da0ae0fb8ef49ac5827bc831a8a2acc2.jpg,1,0,1,0,1,0,1,1,1
video-DJYDQTZH7GLCqw3Tx-frame-003481-g46WJBbqwNP98wta6_jpg.rf.d9f4bf1b15c5f3427ef81ae12db8a872.jpg,1,0,1,0,0,0,1,1,0
video-AEZAaF8epmvQv5Nfj-frame-015011-4kQerFp8nJK6qFiuG_jpg.rf.d9c19ef631f1cca876ce0d95e087b655.jpg,1,0,1,0,0,0,1,0,0
video-AkvAvb4X72cnTbbCw-frame-000992-SfBpaRpkgrYH7ppmz_jpg.rf.d9a9c3c0eabd7dd8cc5943fb86303ab2.jpg,1,0,1,0,1,0,1,1,0
video-5Lwe5DATf4BxKtaiB-frame-000193-YTswrGevJuEQ5b3e7_jpg.rf.da1b483b70aee4c539b14c854d997c54.jpg,1,0,1,0,0,0,1,0,0
video-hmsJCeMCWjX2FhxD8-frame-002490-ehx2z3sQhW9CfE9GQ_jpg.rf.d9f7b500c33424f568c246765c3e803c.jpg,1,0,1,0,0,1,1,1,0
video-aMQG7QCtJKfnEdue5-frame-001012-LGLjEs6bgWsnXdWKL_jpg.rf.da0b38ff67f3c62372395ea66062be11.jpg,0,0,1,0,0,0,1,1,0
video-KTtJnXH7CcPgLeF2G-frame-000454-p8y4epcf7u5Mw3agt_jpg.rf.da281023bd692ecd63e3a0049a63b785.jpg,0,0,1,1,1,0,1,1,0
video-3eAD4KjAqae5iq48L-frame-005655-5a3FYxjDywPR6uaDW_jpg.rf.d9c6145c9fd11476e122bfcb1e19baf2.jpg,0,0,1,0,1,0,0,1,0
video-iFWh9r9TJWmTzTrha-frame-005834-wSthSibXLxFHeihjB_jpg.rf.d9ef280a8ef45955d71a24d2a50cfc61.jpg,0,0,1,0,1,0,1,1,0
video-DJYDQTZH7GLCqw3Tx-frame-007840-qqHXNCxPXa8ybv6c2_jpg.rf.da1e5b2ede36fc03cfdd2246b460017f.jpg,0,0,1,0,0,0,1,1,0
video-FWQff8BQpTRSt9hfA-frame-005850-LscaeCR2QwnKXjyKh_jpg.rf.da2db078509b61802933db12140b2ac0.jpg,0,0,1,0,0,0,0,1,0
video-DJYDQTZH7GLCqw3Tx-frame-006897-tW2Wpx8MMEkpGghzp_jpg.rf.d9c4e42e221a469f7357c9e2df405b79.jpg,1,0,1,0,0,0,1,1,0
video-sEs53HkN6oRqWdeQK-frame-002251-6CLuMXAgvhk5m9ZF2_jpg.rf.da1fcdaadbabb9471c3f1ccecd3659c6.jpg,1,0,1,0,0,0,1,0,0
video-wGdqQimawNX3RYv76-frame-006139-EDtyoR7LBLJtkSFSX_jpg.rf.da52b43a04faf60415bb465c8e467023.jpg,0,0,0,0,0,0,1,0,0
video-JFiGa9oAAN2queuLt-frame-000190-Ef4CSqyfRbYsjePiE_jpg.rf.da476e557389a14a2d3b3a1252e486e2.jpg,1,1,1,0,0,0,1,0,0
video-DJYDQTZH7GLCqw3Tx-frame-006707-pcqDHFJY9v5W9Ly8m_jpg.rf.da83f5657c472eafbb3edc10ef5fe9ae.jpg,1,0,1,0,0,0,1,0,0
video-4zQqsnWRwK7SFPpBy-frame-008316-krntrfNPGKwXCLo39_jpg.rf.da5a8f1ea4208c247a813274e4f154f3.jpg,0,1,1,0,0,1,1,1,1
video-YzRKMLLSDnZLFpPmg-frame-002457-Y97axF9GEqiaHmvr8_jpg.rf.da506909b64f010940e62bd506a8c64b.jpg,0,1,1,0,0,0,0,1,1
video-EcPY55txZdfhevYiW-frame-011253-PCfnfpYugocRnWnMj_jpg.rf.da938081e8e91a6ff37ee2020b0fbd2b.jpg,0,0,1,0,0,0,1,1,1
video-KTtJnXH7CcPgLeF2G-frame-003958-jQSBpNsHwuMfhraH8_jpg.rf.da4431ef89e338ffed2bcb988a8e3269.jpg,0,0,1,0,1,0,1,1,0
video-TEAocgWiwwMWxYtgJ-frame-002030-3YZTEshnxfgK9pwgT_jpg.rf.da97317be404662d09b096d3d30476c5.jpg,0,0,1,0,0,0,0,1,0
video-ELruYFQjkqpZnir29-frame-001576-ynCcDz7hwBuzJWXnb_jpg.rf.da4ece52b9f51fe1255b8a12c217b226.jpg,1,0,1,0,0,0,1,1,0
video-5Lwe5DATf4BxKtaiB-frame-001747-B7E47KXWmirj3xEMD_jpg.rf.da543d7af717c09b5d9da5c4d58a2013.jpg,1,0,1,0,0,0,1,0,0
video-r68Yr9RPWEp5fW2ZF-frame-006936-QEHLqrwBKtSiStKCX_jpg.rf.da909aec506919b087be275bd278c799.jpg,0,0,1,0,0,0,1,1,0
video-vvYEi6EdCrYXeHwpD-frame-014688-K4cNAss4Ctc2TQpFs_jpg.rf.daa98d4aae1b404e53118f9db806b3aa.jpg,0,0,1,0,0,0,0,1,1
video-AEZAaF8epmvQv5Nfj-frame-015901-D2yPirAaMaMhEt9SY_jpg.rf.dab80ea4f1aaf4e9c7a5446093c8004d.jpg,0,0,1,0,0,0,1,1,0
video-AEZAaF8epmvQv5Nfj-frame-015571-hxK5wYG4dti4cv8QS_jpg.rf.dabaff1cd5a4f776cadaaa6bb6292c41.jpg,0,0,1,0,0,0,1,0,0
video-5Lwe5DATf4BxKtaiB-frame-000133-ondFe37MpreonquRf_jpg.rf.dac3e75c4745ce09a80c00dfc58fcf40.jpg,1,0,1,0,0,0,1,0,0
video-TTDq3x6HSvFx3YRDH-frame-004981-SjosuRvuQQouYRvj9_jpg.rf.dad653b7978bafeec32635e709d88f46.jpg,0,0,0,0,0,0,1,0,0
video-dpPsuZToLaq9myAK8-frame-004989-R9k8XPG4z5iN7g3cb_jpg.rf.dab6e6fa7579d6dc2010ca57ca688ac1.jpg,1,0,1,0,0,0,1,1,0
video-iTrM5ner4KQGLvpdC-frame-003787-Cfn2NpqtEAQtBvd9Y_jpg.rf.dacb66ea0b9d2b3356987215a4561ed6.jpg,0,0,1,0,0,0,0,0,0
video-Bfb39QmAgJQZfE7Pu-frame-002139-ber8mT9Q7mDR4gFRm_jpg.rf.dae3e156a0acd4e13bc0f1e8dc86dfcf.jpg,0,0,1,0,0,0,0,1,0
video-qmuvFTzLkR28JMp7r-frame-001864-QWr2d4fZSq5PwTvJi_jpg.rf.dad552a6b11654f2cbf4b7275da49952.jpg,0,0,1,0,0,0,1,1,0
video-MoCHppHsM4bnncPmS-frame-003409-M4x2mNR4tRP8LNbSL_jpg.rf.dad107f6cc1c3c4a13ec18d9911a9d11.jpg,0,0,1,0,0,0,1,0,0
video-AEZAaF8epmvQv5Nfj-frame-006980-bvggy7W8zAcZi8Jyn_jpg.rf.dae10c7b84a77fc6026aa04690bc3861.jpg,1,0,1,0,1,0,1,0,0
video-XCJD9qhzXNoZCn37i-frame-011902-ZnQeLT6Lx3TC7jC8c_jpg.rf.dac4d0789741511fffe1585c0d5b6179.jpg,0,0,1,0,0,0,1,1,0
video-S5osy2ei487eAM2fw-frame-003946-fDpZdx54HmbFsah9x_jpg.rf.db155e37bc049b659f6f715003e388b7.jpg,0,1,1,0,1,1,1,1,0
video-AEZAaF8epmvQv5Nfj-frame-013590-pZa6oR5ocA44xhquP_jpg.rf.daa6a9fa244bd3910ef12538d91f236a.jpg,1,0,1,0,0,1,1,0,0
video-qmuvFTzLkR28JMp7r-frame-001042-ZgJHdcBR4DHDgZtsB_jpg.rf.db1241a6ce58cef1b654c809f4b4c8cc.jpg,0,1,1,0,0,0,0,1,0
video-DJYDQTZH7GLCqw3Tx-frame-003591-HG9NJQgvMTNNAH5QQ_jpg.rf.dafc027e748d88a8f4cdb2233dd0fa41.jpg,1,0,1,0,0,0,1,1,0
video-evnmmkhaqckdxWa9P-frame-002071-tYPYMgmT9SaB7FSd6_jpg.rf.db37ee3a4a0e4eb1d7427218ee4c7ce3.jpg,0,1,1,0,1,0,0,1,1
video-BjSfmxLQqCGjg8tya-frame-001683-TaK8c4HN7zTj5AESy_jpg.rf.dae3936c154203e4f0321478f5f9e364.jpg,0,0,1,0,1,0,1,1,0
video-r68Yr9RPWEp5fW2ZF-frame-016799-BGj7m2hWwERe6LE7S_jpg.rf.dae7a4c6ab607f1244fd9ca2a633c035.jpg,0,0,1,1,1,0,0,1,0
video-JFiGa9oAAN2queuLt-frame-003137-N888dR5jEPQck8z9P_jpg.rf.db2457715c39ba12f570a382576819e1.jpg,0,1,1,0,0,0,1,0,0
video-TTDq3x6HSvFx3YRDH-frame-005564-2MdmC98TAG8snvsh3_jpg.rf.db2b2f02e01e5b4549906e83aae3a69d.jpg,0,0,1,0,0,0,1,0,0
video-ZicHYAPRYGdu82nAa-frame-003261-wGx5M7vMbdS3yXrxK_jpg.rf.db4e562979052b3ec01f52f85a0618ad.jpg,1,0,1,0,0,0,1,1,0
video-KTtJnXH7CcPgLeF2G-frame-004468-Nt9Lug6W8DEiieGRi_jpg.rf.db570403f1a58ca518a0d176fc7077c9.jpg,0,0,1,0,0,0,1,0,0
video-r68Yr9RPWEp5fW2ZF-frame-017059-gqSkgsyMqcCxckLww_jpg.rf.db2104d71563d4f51bb570def17222cb.jpg,0,0,1,0,1,0,1,1,0
video-qmuvFTzLkR28JMp7r-frame-002796-jGMpoqzTX4fAYdGj8_jpg.rf.daf6c01011deff97dfff956a494d299d.jpg,0,1,1,0,0,0,0,0,0
video-nCxsLGvXK8o25AmXW-frame-001477-CWxzK5D5km499Ke5P_jpg.rf.db63eeedd1cd3de7f6de044e9e928a7c.jpg,0,0,1,0,1,0,1,1,1
video-nodg7n2aFzCWFJBnv-frame-001390-vcioPJA6Tm2hwQibD_jpg.rf.db4454b185174b4bd7896d8e38111dc3.jpg,1,0,1,0,0,0,1,1,0
video-KTtJnXH7CcPgLeF2G-frame-004423-Q3bfWCQjs6xeBGWH7_jpg.rf.db3d171fd7a135f8c3d6a3eafc025b34.jpg,0,0,0,0,0,0,1,0,0
video-r68Yr9RPWEp5fW2ZF-frame-011053-HzQTLXxubxXwCHM5H_jpg.rf.dad8709ba665a5fb41d9f9ba4a82884a.jpg,0,0,1,0,1,0,1,1,0
video-Bfb39QmAgJQZfE7Pu-frame-025857-4Sx592jeLiS3Rgkt3_jpg.rf.db46571ff6286d2d8d692b398e842c0d.jpg,0,0,1,0,1,0,1,1,1
video-WFkuHrJEHigf6HCWZ-frame-000232-hz6e2L8ypgathhBfn_jpg.rf.db9852062122a70a8ce9211876fdc35e.jpg,0,1,1,0,0,0,0,0,0
video-DJYDQTZH7GLCqw3Tx-frame-002384-YgyftJHdqrr34TnZw_jpg.rf.dbd1ca09dee271de7a935523cefb20fa.jpg,1,0,1,0,0,0,1,1,0
video-JFiGa9oAAN2queuLt-frame-004297-DGsNGKCW7mFnkaGuz_jpg.rf.dbb095949a45f5c52ed8d7cb69fdadcf.jpg,0,1,1,1,0,0,1,0,0
video-JFiGa9oAAN2queuLt-frame-000447-RRQBdFqEyqC6GXDoY_jpg.rf.dbf3b5ab2fb407e380288883c39a555b.jpg,0,0,1,1,0,0,1,0,0
video-r68Yr9RPWEp5fW2ZF-frame-008533-LC3Xj3efRhMypoCKM_jpg.rf.dbf736bce9248540647ddc13321cf38c.jpg,0,0,1,0,0,0,1,1,0
video-rnZseY2bPiYhWEF2m-frame-002739-QPExicdgeSgQEEdD3_jpg.rf.dc0263961aa1c401462490fc1c891055.jpg,0,0,1,0,0,0,1,0,0
video-eLrXYzMxSL9NCXiQq-frame-003781-cX6hqeQBsfZTBm2Ab_jpg.rf.db89407d89a26c53f34a33fd6c936428.jpg,0,0,1,0,1,0,1,1,0
video-rYXSHjnEfuLmjE6Z4-frame-000702-85KzZkqqupTd8Xzj2_jpg.rf.dc0460a97d18418379707f55510fe887.jpg,1,0,1,0,1,0,1,0,0
video-2MbnnGTv27EBLGqiQ-frame-004350-vbB6unBkk36yeEgxd_jpg.rf.dbfc7cf036d5eb569dc3276042c62656.jpg,0,0,1,0,0,0,1,0,0
video-7EPybiwBrzjDKn7TZ-frame-001947-NrPJ29BAdvQzd3oJL_jpg.rf.dc5a60b550fa685a459968fd3c6bcc3d.jpg,1,0,0,0,0,0,1,0,0
video-aTxg8EcSRQyDvisMX-frame-006084-hr7g5rWevtoK6BHyb_jpg.rf.dc495617dbc0190b8da88a976b1abb92.jpg,0,0,1,0,0,0,1,1,0
video-AEZAaF8epmvQv5Nfj-frame-015231-SB7grSrs3esqWoxMN_jpg.rf.dc2a2b64c1c80e996320f9e9df245a98.jpg,1,0,1,0,0,0,1,0,0
video-sEs53HkN6oRqWdeQK-frame-000507-obZcB5YZgHoKJeEbJ_jpg.rf.dbf6d454d3984919f394550c79a0a1b7.jpg,1,0,1,0,1,0,1,1,0
video-Gfv3kbdf5KAYRtPcz-frame-002841-oxdjJGqwYpZYxQ6W7_jpg.rf.dbda1a6f888b9e9befcec5f4daeae826.jpg,0,0,1,0,0,0,1,1,0
video-AEZAaF8epmvQv5Nfj-frame-010676-dqG4TREmn963aFkwS_jpg.rf.dc6778a14a8dd7a5ba74a83fcdfafecd.jpg,0,0,1,0,0,0,1,1,0
video-AEZAaF8epmvQv5Nfj-frame-015481-Puey7TuP4rAXzPZFf_jpg.rf.dc2039c5a2792f1cce1df17116c780b4.jpg,0,0,1,0,0,0,1,0,0
video-KTtJnXH7CcPgLeF2G-frame-003883-9W72cYPbqRWYHb3BX_jpg.rf.dc6ab19ea32a4b089dad60a7b834bfc7.jpg,1,0,1,0,0,0,1,1,0
video-5An82wT7iBmfZSwx7-frame-000839-LGDvQ8Kn4TSPFFZwr_jpg.rf.dc4b8339e5172b5e7bb96f08317b0fc5.jpg,0,0,1,1,1,0,1,1,0
video-DJYDQTZH7GLCqw3Tx-frame-003421-RRehaN8cqpResHayY_jpg.rf.db627cbe568b8b20dc6dfc920130198f.jpg,1,0,1,0,0,0,1,1,0
video-kDDWXrnLSoSdHCZ7S-frame-003558-95X7HQgTTLxbPbRue_jpg.rf.dc7aeab381cb5db196f359dd278fb58a.jpg,0,0,1,0,0,0,0,1,0
video-bk2x9u9JivsWRS9Nk-frame-008680-ziXXHhiDKDCdWdZNe_jpg.rf.dc8c2f9ed505e98e99f7f7e1a65afed7.jpg,1,0,1,0,1,0,1,1,0
video-nodg7n2aFzCWFJBnv-frame-001120-R5dvTm8HYnaH8wwt6_jpg.rf.dca4486b5933e2587276d2e5252143d2.jpg,1,0,1,0,1,0,1,0,0
video-DJYDQTZH7GLCqw3Tx-frame-007007-rQRwFhZ8bP4ZXyYai_jpg.rf.dcadc45fb6648a3dfa89558361933fbb.jpg,1,0,1,0,0,0,1,1,0
video-nodg7n2aFzCWFJBnv-frame-002035-N9ACtiZpYgWCLEFwW_jpg.rf.dc9ad9694c264c8a0931265a01647e72.jpg,1,0,1,0,0,0,1,0,0
video-rnZseY2bPiYhWEF2m-frame-008466-32bvzANLckYRxhyFK_jpg.rf.dc880bea3173b8c88ac925b7d1dfd9a3.jpg,0,0,1,0,1,0,1,1,0
video-jNQtRj6NGycZDEXpe-frame-000643-7EKedGJCpSZQdZzjg_jpg.rf.dcb3dd038c29d609985dce713e90501e.jpg,0,0,1,1,0,0,0,1,0
video-BjSfmxLQqCGjg8tya-frame-005172-4cnYebgZAob28htYY_jpg.rf.dc6c541da3bfc9b621eb148f9feb1508.jpg,1,0,1,0,0,0,1,1,0
video-KTtJnXH7CcPgLeF2G-frame-004018-HB55pNak6jp37zv4K_jpg.rf.dca9f631cf3a47f63e086888683f12fc.jpg,0,0,1,0,1,0,1,1,0
video-jNQtRj6NGycZDEXpe-frame-000383-oHLqrDpKY9h5jouGd_jpg.rf.dc85cc00a5b6852d77e702f48cfbc16b.jpg,0,0,1,0,0,0,1,0,0
video-4E8nAe7bkHkSZfpjq-frame-003000-p64L68NqtMciFJQbE_jpg.rf.dcd531ecf79bdb9161702dfd16f66894.jpg,1,0,1,0,0,0,1,0,1
video-BvDJ7TewksQCjCtyN-frame-002041-fmP5kprZwgDxnkmXq_jpg.rf.dcc635b6c8a576f1efa238d65a08cb26.jpg,0,0,1,0,0,0,0,1,0
video-r68Yr9RPWEp5fW2ZF-frame-014180-apZs8TcxSCQXokJYR_jpg.rf.dcd1a4ddb652a9a0732cb4996ee17a64.jpg,0,0,1,1,1,0,1,0,0
video-86XuF6pPvWfBCqyNt-frame-001926-rCB9vT8nxY87Cd4cp_jpg.rf.dcb371a634950e723714dbe1289bb867.jpg,0,0,1,0,0,0,1,1,0
video-JFiGa9oAAN2queuLt-frame-000070-hRybz4ceAEutzYrFc_jpg.rf.dcdaf74065e29360a68612da400bfc92.jpg,1,1,1,0,0,0,1,1,1
video-7EPybiwBrzjDKn7TZ-frame-004441-3aTGRdY7erAo5riJe_jpg.rf.dced888469adef12116d2c575709044b.jpg,0,0,1,0,0,0,0,1,0
video-ipHbyAv8iW9kmxTGj-frame-002420-KsjstarFL3WWyxfcx_jpg.rf.dcd9f78439f1628dad25e706dd5de57e.jpg,1,0,1,0,0,0,1,1,1
video-4E8nAe7bkHkSZfpjq-frame-004800-rjzY5HuPKJ97Hgg7R_jpg.rf.dce52e4c5ff4dcfb01a91e697366f8f5.jpg,0,0,1,0,0,0,0,0,0
video-WFkuHrJEHigf6HCWZ-frame-002772-3S9TQLiR773sLSN7A_jpg.rf.dd01069cdc6e97d4ce00f783e390f563.jpg,0,0,1,0,1,0,1,0,0
video-MoCHppHsM4bnncPmS-frame-002010-EJnyitp7zGFDvCcH2_jpg.rf.dcf7642e5ec47a9fd0c7e316693c8385.jpg,1,0,1,0,1,0,1,1,0
video-6WgZhpFdCJP3a2cWi-frame-007990-JMaEb9y5gCEA6nGBg_jpg.rf.dd0b2b359bb800aac4b54ac3b2845261.jpg,0,1,1,0,1,0,1,1,1
video-G6FT88p5kgvAR2Y92-frame-008700-Hhy6zcg4N95Ft6jjk_jpg.rf.dcded92b0c3d744875fc3f0cc4159167.jpg,0,0,1,0,0,0,1,1,0
video-DJYDQTZH7GLCqw3Tx-frame-004341-oyukdkubukpz8Y7NZ_jpg.rf.dc86e17f8b2cb7b32d256bedb7472431.jpg,1,0,1,0,0,0,1,0,0
video-iS9cAu6Ms3CXQtY92-frame-002860-gryB9xFBMSjdejdrv_jpg.rf.dcb02f2d4350483532ab9660bd67449c.jpg,0,0,0,0,0,0,1,0,0
video-sEs53HkN6oRqWdeQK-frame-002992-bod9r86bRbkCSvmoX_jpg.rf.dd96c6a7d2db2120f166b2acb11ba257.jpg,0,0,1,0,1,0,1,1,0
video-4zQqsnWRwK7SFPpBy-frame-004901-ebvvX7c8q96ZknXFJ_jpg.rf.dd1e358a63d7648d6a28c36ddf948f5e.jpg,0,1,1,0,0,0,0,1,0
video-KTtJnXH7CcPgLeF2G-frame-002244-zzAtpmPcZK2trFmyN_jpg.rf.dd9c2d0c5102460cda4085a1f3111550.jpg,0,0,1,0,0,0,1,1,0
video-idbEkd82DJQ5RxW8M-frame-001500-LG9JyEAsSeThpmSpA_jpg.rf.ddb4b020538e15acb953a97463ee79e6.jpg,0,0,1,0,1,0,0,1,0
video-r68Yr9RPWEp5fW2ZF-frame-003616-g5igYrdpivnFtXdT4_jpg.rf.dd7625ae47646f884c71d20dea41f868.jpg,0,0,1,0,1,0,1,1,0
video-WGCm6DTcSjgg7FgMm-frame-006600-o3PiTQTCrWK4MRJdW_jpg.rf.dda97d79764e4bdc698523a4e99e4926.jpg,0,0,1,0,0,0,0,1,0
video-xEYBrQ5tarcDbiw9p-frame-003872-7BPBJS5dgN9WKP648_jpg.rf.dd633d582ce1b471d4d2462a76b691a3.jpg,0,0,1,0,1,0,1,1,1
video-aMQG7QCtJKfnEdue5-frame-003573-RKEGxR9RmvE8pyqJD_jpg.rf.ddbfc3a63bfe55700d52c14ccfbe7e36.jpg,0,0,1,0,0,0,1,0,0
video-XNM8eHsvxCMJ6peuj-frame-001540-QvyZMRC3eE3uKFbtP_jpg.rf.dde997d728e02b2788fa2ccf7d9f375f.jpg,0,0,1,0,1,1,1,0,0
video-AEZAaF8epmvQv5Nfj-frame-006660-FAtK2oqXPZ8dXRtna_jpg.rf.dde08056a48fa5b6984a4fa756185b02.jpg,1,0,1,0,0,0,1,1,0
video-JFiGa9oAAN2queuLt-frame-003077-AHv8KmCwbnBqcMoEK_jpg.rf.de052b764da47726e3a288b745b789ca.jpg,0,1,1,0,0,0,1,0,0
video-Bfb39QmAgJQZfE7Pu-frame-005824-WoHjGkcHww3hHmBdB_jpg.rf.de00fdfd9ffa1bbb7ad8d884184b3fc8.jpg,0,0,1,0,0,0,0,1,0
video-JFiGa9oAAN2queuLt-frame-001524-uGXbfWT44DGqbPvKX_jpg.rf.de0db5e9921d52d65d7309cbc8b2c05e.jpg,1,0,1,0,0,0,1,1,0
video-7EPybiwBrzjDKn7TZ-frame-004133-X89F2k8oLX4Yrwez9_jpg.rf.de05408fa9784cfad6609b984ac81dc5.jpg,0,0,1,0,0,0,1,0,1
video-ipHbyAv8iW9kmxTGj-frame-000020-r4M9Dyak6pHxriTdM_jpg.rf.de23e967e3624cb692b3bde7ceb11733.jpg,0,0,1,0,0,0,0,1,0
video-eLrXYzMxSL9NCXiQq-frame-005991-SqLGRojx6hff3nEFw_jpg.rf.dde11c836a9cf73376bbf7692496baee.jpg,1,0,1,0,0,0,1,1,0
video-r68Yr9RPWEp5fW2ZF-frame-002466-uiBBwwHzFFuB8Ho46_jpg.rf.de0f9b01b94aa6cd2cf74c41c6eda88f.jpg,1,0,1,0,1,0,1,1,0
video-dpPsuZToLaq9myAK8-frame-000355-xgFXQac9JEd2Sv6jL_jpg.rf.de40181fe6b786fefa4188b6da6bda22.jpg,1,0,1,0,0,0,1,1,0
video-ydbh3ikFGJFieXswZ-frame-002250-NsycJidyo7DsAJxcj_jpg.rf.de62a4aafc442908609cb8f290a24e8d.jpg,0,0,1,0,0,0,0,0,1
video-EFh9oKSJrkMFW8gtT-frame-006900-PHkjw7vDtv3YD9ToT_jpg.rf.de638ce53ee3761b5e0582a795d0d4fc.jpg,0,0,1,0,0,0,0,0,1
video-DJYDQTZH7GLCqw3Tx-frame-007190-88YG7tGTDCEnv2CJ7_jpg.rf.de671efec2a55936507fcb60b6d0c8e7.jpg,1,0,1,0,0,0,1,0,0
video-jNQtRj6NGycZDEXpe-frame-002670-itxE7K7qijavbLPm8_jpg.rf.de439a8240b1ada925c0af8877c7ddf0.jpg,1,0,1,1,1,0,1,1,0
video-DJYDQTZH7GLCqw3Tx-frame-008270-3bxQfGLChEz7FYRiK_jpg.rf.de157d69ff63a601dc0a2b2504091c1d.jpg,1,0,1,1,0,0,1,1,0
video-JFiGa9oAAN2queuLt-frame-005547-Cne2mzTsucCRFe3uM_jpg.rf.de1367774951d96fdf42e226483ae5a9.jpg,1,1,1,0,0,0,1,0,0
video-GzdKTLbkG5F7gAunM-frame-000314-eX5pi3pcXMkXDivrC_jpg.rf.de55f5df096deba5f367dc83d3b36532.jpg,0,0,1,0,0,1,1,1,0
video-DJYDQTZH7GLCqw3Tx-frame-006697-ZGPz5DDkuZXBgNuoz_jpg.rf.de87a85e329ad6e65c798e2282060054.jpg,1,0,1,0,0,0,1,0,0
video-5YffDt2oYT6CDzYHk-frame-001187-hqk9wC2wbpABJpFPp_jpg.rf.de43276f4940dff1f3da2d976f2a05cc.jpg,0,0,1,1,1,0,1,0,0
video-zNFzcc9wW8XB4QwTa-frame-008363-rK8DLw7W8zFzCFkWs_jpg.rf.de7f8325573cc20819238e522f720319.jpg,1,0,1,0,1,0,1,1,0
video-fg5eBhFE7kHyXPtBi-frame-001414-4Aig8nmzmiA3RgPTe_jpg.rf.de87f3cb7d0dedd10ee6cd2a450d8f27.jpg,1,0,1,0,0,0,1,1,0
video-r68Yr9RPWEp5fW2ZF-frame-003646-XuabEWbd9iEhw4zxs_jpg.rf.de4bdd21320d997186e5112113ff1d87.jpg,0,0,1,0,1,0,1,1,0
video-G9ZpKLJEKsMheip7b-frame-005700-CNg3JEeZKCEr3TBBS_jpg.rf.de2015ab0ddce7e6d87149a0f3245c91.jpg,0,0,1,0,0,0,0,1,0
video-ZicHYAPRYGdu82nAa-frame-002379-W5PSwnbgYcjnEALNp_jpg.rf.de83dd47e2cb0debd61c8170730fb00d.jpg,1,0,1,0,1,0,1,1,0
video-sEs53HkN6oRqWdeQK-frame-000582-Z96i42dAdZ2Mrs8Mn_jpg.rf.deb7a0771fbacf271ad812512f0ebefe.jpg,1,0,1,0,1,0,1,1,0
video-AHWxmA7AFazuCjdrS-frame-001262-4ZpvcYb7szZBjQ4mA_jpg.rf.de69956cbcbc735040698b1f6dd1fce0.jpg,1,0,0,0,0,0,1,1,0
video-GXXqNLCqyu72TLx5i-frame-000139-FuA4ARQnhdAArEiGk_jpg.rf.decfb37dbfb2fb4f8af42d2eeaf471ce.jpg,0,0,1,0,0,0,1,1,0
video-hmsJCeMCWjX2FhxD8-frame-000464-mx4CZzPksQhrCEJNm_jpg.rf.ded37c5107c04c98ef7a727f1ad9ebc7.jpg,0,0,1,0,1,0,1,1,0
video-JFiGa9oAAN2queuLt-frame-007491-4xP3QQ4zBQNLfrvkG_jpg.rf.de8b3e79bd701a765bd7d5af21c70cd5.jpg,1,0,1,0,1,0,1,1,0
video-aktbgSQhAxvb8arnx-frame-000900-Nbj7YdFzZWohirH8b_jpg.rf.dea76556e2336e05796882f6d6e34353.jpg,0,0,1,0,0,0,0,1,0
video-YzRKMLLSDnZLFpPmg-frame-004099-CrGikF3Kda8SdHuq3_jpg.rf.dec6eca7257669fbea74af6c240b49a9.jpg,0,1,1,0,0,0,0,1,0
video-YzRKMLLSDnZLFpPmg-frame-000409-rFzG9A75b6C5spHwq_jpg.rf.deebeac8c9b8393b4f88364a6c78263c.jpg,0,1,1,0,0,0,0,0,0
video-hmsJCeMCWjX2FhxD8-frame-010086-4LQEFZfuXaAHqn5kn_jpg.rf.dea239896d671efd02deaa59f211b81b.jpg,0,1,1,0,1,0,1,0,0
video-EFh9oKSJrkMFW8gtT-frame-003750-yQ6SzEH3XWPxy5Eud_jpg.rf.defe922ccd019b70d1992ad4cacec969.jpg,0,0,0,0,0,0,0,1,0
video-9BBhGg3MKeaChnLjP-frame-000995-RxYCpEyt3GAeGmCaq_jpg.rf.de4e6fdfe22a3b98119e5d293b5d6d06.jpg,0,0,0,0,0,0,0,1,0
video-WiuWWrsHrJsDcfFzg-frame-006631-gxEjvu5S52Tao8Equ_jpg.rf.def84cfb49506758c0942c0b927a0cc9.jpg,0,0,1,0,1,0,1,1,1
video-YzRKMLLSDnZLFpPmg-frame-005739-yQPbApSjJ6Bs6ANwa_jpg.rf.def99b9fbb2cef9b53a210f88d91f580.jpg,0,1,1,0,0,0,1,1,1
video-fZKBh7mRSKHjXS2zk-frame-000150-9LTxP24NzbsDNyg6A_jpg.rf.deb84ee8ee490b4de565bdbd476a47ca.jpg,0,0,1,0,0,0,1,0,1
video-nCxsLGvXK8o25AmXW-frame-009262-KaFMJvWMP6QLWXwsN_jpg.rf.defd5c67f0205aad49c9b0b0d44ed724.jpg,0,0,0,0,0,0,1,1,0
video-DJYDQTZH7GLCqw3Tx-frame-008720-2aQLcjJ8tFZaLLNyT_jpg.rf.df045ae29d5cc7a07b7c7f1e676f1927.jpg,1,0,1,0,1,1,1,0,0
video-4E8nAe7bkHkSZfpjq-frame-007200-9gf5x4fwsKbvAzN4G_jpg.rf.df0504aa46cae95007a348e956ea220f.jpg,0,0,1,0,0,0,0,0,0
video-67ZzTP4GCNj69eNPs-frame-002291-8KjaYEiuNr9R78jnh_jpg.rf.dece01e06db9c0f3df1480f20cbc308a.jpg,1,0,1,1,1,0,1,1,0
video-aTxg8EcSRQyDvisMX-frame-005408-evuASdJX2Cwf3PMdm_jpg.rf.df0cb6d3facf851e735b43dff4676088.jpg,0,0,1,0,0,1,1,0,0
video-bNfjGzbuFRY9NkHKz-frame-004500-cqJjwhLjLPZAyw7LQ_jpg.rf.def4731384138076494eb0a05734b5a4.jpg,0,0,1,0,0,0,0,1,0
video-vvYEi6EdCrYXeHwpD-frame-007338-i7qNmTCPjnJtmHz7s_jpg.rf.df075bd26717b79fecaca77da1b77a82.jpg,0,1,1,0,0,0,0,1,0
video-JFiGa9oAAN2queuLt-frame-003067-GA4dhRMmcngNuoSvm_jpg.rf.df66709b7c86f5d3d4176614f19eac39.jpg,0,1,1,0,0,0,1,0,0
video-DJYDQTZH7GLCqw3Tx-frame-001569-3pfmeZywGpjzSShvH_jpg.rf.df05489a3be2ed404aacb4532120f44b.jpg,0,0,1,0,0,0,1,0,0
video-r68Yr9RPWEp5fW2ZF-frame-014300-PyYGe5Frzzjqmm9jr_jpg.rf.df6d038fea3a08bd8be3045a0de4ba50.jpg,0,0,1,0,0,0,1,0,0
video-iFWh9r9TJWmTzTrha-frame-007166-4cxeMZKiaLkxyALDp_jpg.rf.df68cfb516f8373cd06c857ee035f2b9.jpg,0,0,1,0,0,0,1,1,1
video-AEZAaF8epmvQv5Nfj-frame-008430-d3eQeWAwcLyfRvw2u_jpg.rf.df2435627cc7de6612d531629706e3d8.jpg,1,0,1,0,0,0,1,1,0
video-wGdqQimawNX3RYv76-frame-008503-Gxg4RxbiEr7ugGjaE_jpg.rf.df6e951d2dfa355838fb6b93431cca81.jpg,0,0,1,0,0,0,1,0,0
video-yNoh5QQAPbR9Afm4i-frame-002666-WMWh6hynzRkR7Pb3Y_jpg.rf.df3a1c38562a8a870cea4eb90f02db74.jpg,0,1,1,0,0,0,1,1,1
video-XqruwSRkto63xLX3v-frame-002301-pgDoxNEh39iTWPstx_jpg.rf.df81243ec3d2587e93d5c3a40ffdc3a8.jpg,0,0,0,0,0,0,1,1,0
video-DJYDQTZH7GLCqw3Tx-frame-005126-44PJ7BnsMN5NKrQxd_jpg.rf.df8fa992606ca1462fde20ed009fa29a.jpg,1,0,1,0,0,0,1,0,0
video-r68Yr9RPWEp5fW2ZF-frame-002366-5CwuHdR9hmphRESYA_jpg.rf.df93a4c2bfc9b517f6bd796a893ad0a8.jpg,1,0,1,0,1,0,1,0,0
video-yBdrow6zFe5E8uEwn-frame-010320-eva3bkL4upmdS7jZz_jpg.rf.df8fdacd112fcbea7f0dd8c531880a4d.jpg,0,0,1,0,0,0,1,0,0
video-86XuF6pPvWfBCqyNt-frame-006070-5gm4dJes7aHkfvt9r_jpg.rf.df9f3402059e231f6b6f12b0a575c682.jpg,0,0,1,0,1,0,1,1,0
video-BvDJ7TewksQCjCtyN-frame-001131-isq4PbXxyskTjpLDB_jpg.rf.dfac6cd7d8a7a8109329aa26bb610c3a.jpg,0,0,1,0,1,0,1,1,0
video-AEZAaF8epmvQv5Nfj-frame-015371-ToJrespoDWCmmXqtK_jpg.rf.dfabb04f0e85d9bdc4ad2dafc52767c3.jpg,0,0,1,0,0,0,1,0,0
video-nodg7n2aFzCWFJBnv-frame-003142-Aq6WkuDGCaAYQghcZ_jpg.rf.dfc537071d9645d934fe5873c820f7ba.jpg,1,0,1,0,1,0,1,1,0
video-Jbg7v6iuvSJavrMsD-frame-000150-2cR5T8zdv2o3d42Bw_jpg.rf.dfa76d949e93c834392ed43cd89cf27e.jpg,0,0,1,0,0,0,0,1,0
video-iS9cAu6Ms3CXQtY92-frame-002815-uZ8JrWWqhiDgN6DP7_jpg.rf.df95d334fbbbf4f3d7ea3051c95efa5c.jpg,0,0,1,0,0,0,1,0,0
video-4dy5Hhcg93BTyG9KZ-frame-000000-4MkPxmvZkqdPwufao_jpg.rf.e02002a5decdefb5a3141574642f2501.jpg,0,0,1,0,1,0,0,1,0
video-r68Yr9RPWEp5fW2ZF-frame-001556-JmnqRdZhgpZSMbWFb_jpg.rf.dfacbde9cf5157557a5582f65c3c4509.jpg,1,0,1,0,1,0,1,1,0
video-iTrM5ner4KQGLvpdC-frame-003082-5Yy6qL27iD8emjCCo_jpg.rf.dfbb419266da14428938e5bf664a23f5.jpg,0,0,1,0,0,0,0,1,0
video-DJYDQTZH7GLCqw3Tx-frame-004531-docMLZhkH4KfeDXwg_jpg.rf.dff60d68b2607e4522a6b44fdf727a71.jpg,1,0,1,0,0,0,0,0,0
video-TEAocgWiwwMWxYtgJ-frame-003169-EfMii4hTDmTw9ynLj_jpg.rf.dfca196c0cf149f63d6d8e2bc663bf61.jpg,0,0,1,0,0,0,1,1,0
video-BjSfmxLQqCGjg8tya-frame-000405-jK8KT3EGSFqH4qNdf_jpg.rf.dfbf92bd690077c70fe732a4040f5645.jpg,0,0,1,0,1,0,1,1,0
video-5YffDt2oYT6CDzYHk-frame-001367-EGwkGHSzTLj88zfRf_jpg.rf.dfc712827fa1cd32021965ab405ecafd.jpg,1,0,1,1,1,0,1,1,0
video-nodg7n2aFzCWFJBnv-frame-000860-NHTMXcCsQM7n7RTbB_jpg.rf.e0225e84fe48746483ce1ceb6daa975f.jpg,1,0,1,0,1,0,1,0,0
video-MoCHppHsM4bnncPmS-frame-001648-WTy4AC9edzGK5ppNR_jpg.rf.dffb83af98b69ecee4a003f22dd9acce.jpg,1,0,1,0,0,0,1,1,0
video-KTtJnXH7CcPgLeF2G-frame-005066-xvPh3aSefLuL2SLEK_jpg.rf.dfaf3724b479e72a5c7ed740531680b9.jpg,0,0,1,0,0,0,1,1,0
video-yBdrow6zFe5E8uEwn-frame-003870-jRhdeLiTefTTjoS5k_jpg.rf.e003bc3af79301c29dcf8cfe27b6463b.jpg,0,0,0,0,0,0,1,0,1
video-4zQqsnWRwK7SFPpBy-frame-013195-TThxEBsWX998XjduB_jpg.rf.dffc955a1d9704f7d9dc136ae416b4e5.jpg,0,0,1,0,0,0,0,1,0
video-r68Yr9RPWEp5fW2ZF-frame-006436-p8j3rpwqyDEE37tBs_jpg.rf.dfdb3745374128e6d0fdf274fc9b2a77.jpg,0,0,1,0,0,0,1,1,0
video-Gfv3kbdf5KAYRtPcz-frame-003151-7XZ6uMXEYWS3DyGrg_jpg.rf.dfe46799aa2d1842cc44f2ef48383ae6.jpg,1,0,1,1,0,1,1,1,0
video-kDDWXrnLSoSdHCZ7S-frame-002199-6BbTkobCrJiuLnZdv_jpg.rf.e030174e9b42f7340988f94c8fe6c39f.jpg,0,0,1,0,0,0,1,1,0
video-rzDLT664bgLJ29B2f-frame-000150-Q4DTRHW7mMZWy2SvE_jpg.rf.e04b5e9fdefa519a445874ca5f762fd9.jpg,0,0,0,0,0,0,0,1,0
video-r68Yr9RPWEp5fW2ZF-frame-006276-JaTmNazNdNELCb3Gz_jpg.rf.e057fd1e74a5fe48aed4f201920871b7.jpg,0,0,1,0,0,0,1,0,0
video-XqruwSRkto63xLX3v-frame-000000-tZ3jf6NhdB7qRjLpR_jpg.rf.e05e7f815d7529c57403f752674415be.jpg,0,0,0,1,0,0,0,1,0
video-o68zKob2nb8QMktLF-frame-000661-qzomPqt3FYbeCSdYj_jpg.rf.e0ecd1d914363eee0c4fd7620e8d8d62.jpg,0,0,1,1,0,0,0,0,0
video-5Lwe5DATf4BxKtaiB-frame-001292-omuSqnYKtg85pYwAP_jpg.rf.e08ff83597cf06c8f80e7af57311ec3f.jpg,1,0,1,0,0,0,1,0,0
video-r68Yr9RPWEp5fW2ZF-frame-005826-7qLnqGYz6ehPTwG3E_jpg.rf.e0bdcf5ea438425601acd0ac781f5a78.jpg,1,0,1,0,0,0,1,1,0
video-4zQqsnWRwK7SFPpBy-frame-003770-xnrpCoEXTRsnJM9Y8_jpg.rf.e09eadafe5b267894e47eed4b12cf7ee.jpg,0,0,1,0,0,0,0,1,0
video-sEs53HkN6oRqWdeQK-frame-001805-QHtx92fiP7ZLeeGqK_jpg.rf.e0c6ee8d7212db18813d25270c050013.jpg,1,0,1,0,1,0,1,1,0
video-BjSfmxLQqCGjg8tya-frame-001548-g3KXeLXTd356pqDKY_jpg.rf.e0b08450dcc7556dd39c43981dd0a820.jpg,0,0,1,0,1,0,1,1,0
video-XNM8eHsvxCMJ6peuj-frame-002048-a6ZHTwpe3h96gGKKW_jpg.rf.e0d93a11458c5357f4b7d142a5463cbc.jpg,1,1,1,0,1,0,1,0,0
video-rzDLT664bgLJ29B2f-frame-003450-upws6CmpTvMjFbxmp_jpg.rf.e056dfa4fea4ef82fc631343152849b4.jpg,0,0,1,0,0,0,0,0,0
video-LRYpoNWeYLm3tZZst-frame-002400-jatvTnoK8gRmxMckW_jpg.rf.e0be99f31227e06f73a3e0a866317af1.jpg,0,0,0,0,0,0,0,1,0
video-WGCm6DTcSjgg7FgMm-frame-006900-KB8zzAxyHXEpowEDy_jpg.rf.e0ad420605b7aa85329bc01e46017d78.jpg,0,0,1,0,0,0,0,1,0
video-DJYDQTZH7GLCqw3Tx-frame-003027-nyMES9furkXAaq2Gm_jpg.rf.e08dbf7bf005a7501841fe1379e065f4.jpg,1,0,1,0,0,0,1,0,0
video-vbhpsNpMoX2Qbhw2A-frame-006224-owLfiYb3qzggNCJ2h_jpg.rf.e072a3ac216c15b0f054e1c4b27227a4.jpg,0,0,1,0,0,0,0,1,0
video-Bfb39QmAgJQZfE7Pu-frame-005296-bazhkK89iwrKYfdtz_jpg.rf.e0e881fa7aad359c23456d45732f741c.jpg,0,0,1,0,0,0,0,1,0
video-BjSfmxLQqCGjg8tya-frame-001368-eAmyNMkfYGYi8wwRv_jpg.rf.e0f870fa5572f44c0cc33c71dbabce77.jpg,0,0,1,0,0,0,0,1,0
video-DJYDQTZH7GLCqw3Tx-frame-002977-BErCmKfpRRst98DmD_jpg.rf.e09bb10b48bcdf59d14d5a25ca1c5348.jpg,1,0,1,0,0,0,1,0,0
video-7EPybiwBrzjDKn7TZ-frame-002872-qX9JRRy9G3scMiKdp_jpg.rf.e0ef25992b0173a457148aebf1055ec0.jpg,1,0,1,0,1,0,1,1,0
video-ELruYFQjkqpZnir29-frame-001516-yfcDvmmgDSQFykNPx_jpg.rf.e0da563e688396fd155a5bcb1694a604.jpg,1,0,1,0,0,0,1,1,0
video-dpPsuZToLaq9myAK8-frame-006781-AbkEoqJi2CM4noAsr_jpg.rf.dfc5521331a2cf46a52d1738c9b462f8.jpg,1,0,1,0,1,0,1,1,0
video-QvjyFt7jvqczmaoNZ-frame-004044-KjjrGFYhYjsMBJXdk_jpg.rf.e115e1f3ad9562a9e50dfc6da2e15992.jpg,0,0,1,0,0,0,0,0,0
video-zNFzcc9wW8XB4QwTa-frame-001970-YY3CPs68bXxS9ZJXK_jpg.rf.e1176840e152133aae12e0042189790b.jpg,0,0,1,0,0,0,1,0,0
video-ZicHYAPRYGdu82nAa-frame-002229-BqsYmtLgHQehYaK4s_jpg.rf.e134c7486da3d17bf9bfb60a44bb247d.jpg,1,0,1,0,1,0,1,1,0
video-GzdKTLbkG5F7gAunM-frame-000509-WP4r5vbpWDXcxD2fq_jpg.rf.e110d4c6d793645460597b37359533ab.jpg,0,0,1,0,1,1,1,1,0
video-nodg7n2aFzCWFJBnv-frame-003714-MPeTKbvpcCnsTXgNW_jpg.rf.e13e23e704d7eb277f5ea326fa76c31e.jpg,1,0,1,0,1,0,1,0,0
video-xEYBrQ5tarcDbiw9p-frame-014036-tAB7zgbK9ja4FH3JF_jpg.rf.e13eb03ac44077f35863515cd727ee43.jpg,1,1,1,0,1,0,1,1,1
video-fZKBh7mRSKHjXS2zk-frame-006300-Qjkzhp9QXDYKb3uab_jpg.rf.e14171b9cb0a197b68a0eaba16f0fa44.jpg,0,0,1,1,1,0,0,1,0
video-AkvAvb4X72cnTbbCw-frame-000530-koshpjuGXsbpkBn9G_jpg.rf.e182674b9fa6083fa2d470fdb766e3c2.jpg,0,0,1,1,1,0,1,1,0
video-JFiGa9oAAN2queuLt-frame-003237-Q9eFnn8D4nbcQae4J_jpg.rf.e185e5f72ffb73b9188fafbc94c008f8.jpg,0,1,1,0,0,0,1,0,0
video-DJYDQTZH7GLCqw3Tx-frame-002897-wy2TNWvm9mvkL9YRW_jpg.rf.e16412480d8f6c7b79cd8055f35f2d06.jpg,1,0,1,0,0,0,1,0,0
video-aiXLPEvp86raemrsp-frame-000424-FKuc5r4tjayCShXxq_jpg.rf.e1c98a1affa6bdd9855c525e72273cda.jpg,1,0,1,0,1,0,1,1,0
video-GzdKTLbkG5F7gAunM-frame-001308-Fz2NT6g6rm2vK5R9d_jpg.rf.e0f767ab0a49cb19eb0d2a96b72f72fe.jpg,0,0,1,0,1,0,1,1,0
video-aMQG7QCtJKfnEdue5-frame-001361-kMTvd4jcQhqpADXFF_jpg.rf.e18a3392095734d97ece4f3c3de7f291.jpg,0,0,1,0,0,0,1,0,0
video-nodg7n2aFzCWFJBnv-frame-002140-55sXCiF2NNvvWww2e_jpg.rf.e19f4e94ad877c965747248689bdbcd0.jpg,1,0,1,0,0,0,1,1,0
video-iTrM5ner4KQGLvpdC-frame-003502-BSBWyuGHjYQaenZRt_jpg.rf.e19c6399ffdfd8c5cc76426c8b3c7d26.jpg,0,0,1,0,0,0,0,0,0
video-r68Yr9RPWEp5fW2ZF-frame-001576-GeDeHqdngaYnfxQai_jpg.rf.e18dc1574c39a31119c2df8d130beb7a.jpg,0,0,1,0,1,0,1,1,0
video-o9b92aG9EbJnkJEwF-frame-003864-FHaJPkdcE6Cig7h5N_jpg.rf.e1a7e32f1b29707675cf0b879331611a.jpg,0,0,1,0,1,0,0,1,0
video-FpPLvkRLgQbgG7A7n-frame-001800-CDFs8iDYAY4yBoMsX_jpg.rf.e1ac651e93dbb3e62f715538c0626695.jpg,0,0,1,0,0,0,0,0,0
video-vbhpsNpMoX2Qbhw2A-frame-001715-6nt9iAE6Cj9A6cBmJ_jpg.rf.e1515e553f7c012800f775ca824c1266.jpg,0,0,1,0,1,0,0,1,0
video-24ysbPEGoEKKDvRt6-frame-000405-BrAdtQzH3kwgEQjJD_jpg.rf.e1ec9e362308faee8cbac3903f788f28.jpg,0,0,1,0,0,0,1,1,0
video-Bfb39QmAgJQZfE7Pu-frame-010300-yCrig7NfWdS5PbsCB_jpg.rf.e1869411ee734528e6c7ef6ed5555330.jpg,0,0,1,0,0,0,0,1,0
video-5An82wT7iBmfZSwx7-frame-005346-ZiGquharhMGAdCzMb_jpg.rf.e1cece8e929a134a077492a54096a2a9.jpg,1,0,1,0,1,0,1,0,0
video-soRFb9y3iqE3YpJSG-frame-004172-6apePPGz4wDA4AfSf_jpg.rf.e22e428ddf71b2746e9349f0a43ca57b.jpg,0,0,0,0,0,0,0,1,0
video-r68Yr9RPWEp5fW2ZF-frame-001686-BciSonQiAgTMPwzpH_jpg.rf.e1f46ea6b7d2893e479cb2c08ac344ee.jpg,1,0,1,1,1,0,1,1,0
video-ZicHYAPRYGdu82nAa-frame-002032-vudrjgSQH6sHHRjCs_jpg.rf.e26a016859d593568b5fc49982f435c7.jpg,1,0,1,0,1,0,1,1,0
video-aMQG7QCtJKfnEdue5-frame-000937-jrYGptSHrDgrMGA9F_jpg.rf.e220a52684d2433897d2ff852dfec075.jpg,0,0,1,0,0,0,1,1,0
video-EcPY55txZdfhevYiW-frame-005082-NSgnfm9PmWZbtJQFY_jpg.rf.e1cfbe6eae70a5dd3ef5c4de36c641e7.jpg,1,1,1,0,1,1,1,1,0
video-XCJD9qhzXNoZCn37i-frame-005951-k9TTNWQmetMZSR7xm_jpg.rf.e23c63e59859903affeb25ad6e435248.jpg,0,1,1,0,0,1,1,0,0
video-5Lwe5DATf4BxKtaiB-frame-000782-qBWEBPzr5v2LfBgF2_jpg.rf.e2615b3678cecd67c939f3e5c187b541.jpg,1,0,1,0,0,0,1,1,0
video-vbhpsNpMoX2Qbhw2A-frame-000614-Lzq3nziHd6RvpGtJR_jpg.rf.e24f939e9e1eef94d81f66de9b3676c4.jpg,1,0,1,0,1,0,1,0,0
video-jNQtRj6NGycZDEXpe-frame-000338-Tn2inMajTkGns5tmx_jpg.rf.e2599bf33bb440fe62038372fd98f030.jpg,0,0,1,0,0,0,1,1,0
video-fg5eBhFE7kHyXPtBi-frame-001384-Xa2qsNMLMSNTjwEkw_jpg.rf.e215996f0a70367d5c8c0a59b763908a.jpg,1,0,1,0,0,0,1,1,0
video-aiXLPEvp86raemrsp-frame-006375-MoHvn4kqkmagbfL8g_jpg.rf.e21a3094e1c7edc2c594f2356bfbb11f.jpg,0,1,1,0,1,0,1,0,1
video-nodg7n2aFzCWFJBnv-frame-003022-ogjMX9ybsXiwHRXgw_jpg.rf.e282bb548758c4fc94b29274809cfc1e.jpg,1,0,1,0,1,0,1,1,0
video-2Af3dwvs6YPfwSSf6-frame-006900-5Wtfwmyb2bG37jhDQ_jpg.rf.e288384cadc0408620e37efb849d248c.jpg,0,0,1,0,0,0,0,0,1
video-AHWxmA7AFazuCjdrS-frame-002937-442fjebtRWYf8vmte_jpg.rf.e21e03c8e013d405d4e85859883523f8.jpg,0,0,1,0,0,0,0,0,0
video-86XuF6pPvWfBCqyNt-frame-001911-9mrPTDdnezw3ryaSe_jpg.rf.e2562bb717d9a10d1f92519abf0bd083.jpg,0,0,1,0,0,0,1,1,0
video-r68Yr9RPWEp5fW2ZF-frame-003556-49C25givgRCmkaAh3_jpg.rf.e26cb537373594ea4bbe6f0cf27dd869.jpg,0,0,1,0,1,0,0,0,0
video-WiuWWrsHrJsDcfFzg-frame-003462-zAE9fomrEd8q9yRr6_jpg.rf.e291a9fa9a66a8e161fd9acb6e307864.jpg,0,0,1,0,1,1,0,0,0
video-WXTMrJkrK8BMoMkxk-frame-001999-NPkAYpXRGXqEyopeh_jpg.rf.e28fd735e88c36b020bcfc24cfcab0f4.jpg,0,0,1,0,0,0,1,1,0
video-XqruwSRkto63xLX3v-frame-000600-aA34PE8YdJ8JABkdJ_jpg.rf.e29636165f22107d742638a07d93dc85.jpg,0,0,0,0,0,0,0,1,0
video-5An82wT7iBmfZSwx7-frame-001903-bNJSdvudbsJ4NevCK_jpg.rf.e287fdab69c6f7a4596e907421ae44ee.jpg,0,0,1,0,1,0,1,0,0
video-bMrDdfuGsBBSj3ApB-frame-003600-bxmCdLKaETDMo2EMe_jpg.rf.e2909365db271b2ea2240722d2f15c2a.jpg,0,0,1,0,0,0,1,1,0
video-ZicHYAPRYGdu82nAa-frame-004027-6YAwBkmbJERCrx3fa_jpg.rf.e2263bcec5b36d5af6169f8ff7a5d56b.jpg,0,0,1,0,1,0,1,1,0
video-aiXLPEvp86raemrsp-frame-000848-ujHMCS2jepxpGWsfz_jpg.rf.e27f12c60d1577e3331038deff0d2836.jpg,0,1,1,0,1,0,1,0,1
video-jNQtRj6NGycZDEXpe-frame-002700-fdAHfzCwWQQLZZqw9_jpg.rf.e2357d3d7b350c05115f76ca017be666.jpg,1,0,1,0,1,0,1,1,1
video-eLrXYzMxSL9NCXiQq-frame-001188-RE4gcmNtkF48sCKf6_jpg.rf.60da2bd475870721ad7ce87a6c5c7631.jpg,0,0,1,0,1,0,1,1,1
video-eLrXYzMxSL9NCXiQq-frame-002014-Jw6ForupN7MS4Jzzk_jpg.rf.60e66f3e837ecdb3a8ccb0d59a9f5972.jpg,0,0,1,0,1,0,1,1,1
video-hmsJCeMCWjX2FhxD8-frame-008494-8nmyd3BS2p2myGXSN_jpg.rf.60e8499877e8bd8a7d0f492da3a410c2.jpg,0,0,1,0,1,0,1,1,0
video-JFiGa9oAAN2queuLt-frame-004397-6zi6aRsDjF6vLL5iv_jpg.rf.6122f859319cc20a5a3f41d5a2c5f8fe.jpg,0,1,1,1,0,0,1,0,0
video-JFiGa9oAAN2queuLt-frame-000120-DNX7wo3HmuSfwuA78_jpg.rf.612dc288bc98c6c454b03dec1155492d.jpg,1,1,1,0,0,0,1,0,1
video-24ysbPEGoEKKDvRt6-frame-000675-EoyDxYnrKjQXGCi2D_jpg.rf.612fae2ef446b983f51afd6eb09c6d62.jpg,0,0,1,0,0,0,1,1,0
video-DJYDQTZH7GLCqw3Tx-frame-008780-ELH7X6s5BzggWaDss_jpg.rf.6131b457323398c32d5ca62921c1d729.jpg,1,0,1,0,1,0,1,1,0
video-XCJD9qhzXNoZCn37i-frame-010820-aruCrxq3HYgK46gez_jpg.rf.6146587a169cc57642caa84a8574157e.jpg,1,0,1,0,1,1,1,1,0
video-adR56jeLozpyonfJ4-frame-002700-ghQDLhhGqAWZwKLTK_jpg.rf.61533c358468056563641712602e5a94.jpg,0,0,1,0,0,0,0,1,0
video-wGdqQimawNX3RYv76-frame-006689-cFag9SYNnXRwDr9su_jpg.rf.615012aaed75608c477609e427df4198.jpg,0,0,1,0,0,0,1,0,0
video-4dy5Hhcg93BTyG9KZ-frame-001526-2yi3RoLmqGPhoPsoQ_jpg.rf.6178adf6d533d88263fb94b26f8e2139.jpg,0,0,1,0,1,0,0,1,0
video-JnRLAYvPLms37xEzD-frame-000000-JHFASLcoHAePKyyYi_jpg.rf.6149909c3773a39d4946e1dd6ec216f1.jpg,0,0,1,0,0,0,0,0,0
video-G9ZpKLJEKsMheip7b-frame-011100-fWmuLf4MB99AZRpFH_jpg.rf.61741db7ac0f887f268f3bf2ef2e89ca.jpg,0,0,1,0,0,0,0,1,0
video-5YffDt2oYT6CDzYHk-frame-003799-xcdhnyMSc6vqCQSaL_jpg.rf.613fc444be7ae709a33d5288049be3bc.jpg,0,0,1,1,1,0,1,1,0
video-WFkuHrJEHigf6HCWZ-frame-000580-vKSg7Zye5H6GyeFon_jpg.rf.617875fb7a5e7fa6bd055be8dc08db59.jpg,0,0,1,0,1,0,1,1,0
video-DJYDQTZH7GLCqw3Tx-frame-000250-snd2RfMi27XWGfJB9_jpg.rf.617b2698a39b0dc7bb8f38404e0cc636.jpg,0,0,1,0,0,0,1,0,0
video-zNFzcc9wW8XB4QwTa-frame-000408-GxCie7cBS62ztYHp2_jpg.rf.617db502f07ef6d343de05866b009143.jpg,0,0,0,0,0,0,1,1,0
video-GXXqNLCqyu72TLx5i-frame-000551-cikNKgDXDgJ94CFZW_jpg.rf.61a4e87f4472680ad6130a6e431217c0.jpg,0,0,1,0,0,0,1,0,0
video-7yaY3LisuPdNyfZH9-frame-002801-E3HDvGcDmiSS8TKSC_jpg.rf.618f5fff4b135037057b309820938943.jpg,0,0,1,0,1,0,1,0,0
video-r68Yr9RPWEp5fW2ZF-frame-013508-oHS8nzc8zECowhizy_jpg.rf.61b5d10968bf879d54062c716c314adc.jpg,0,0,1,0,1,0,1,1,0
video-JFiGa9oAAN2queuLt-frame-007221-35tMozyzcvfrJkBS5_jpg.rf.619fe0206c732c88490b7d788a49d38f.jpg,1,0,1,0,1,0,1,0,0
video-zNFzcc9wW8XB4QwTa-frame-003627-meRyAyjiP8cnCoKAK_jpg.rf.61bbcbebf5e9783ece2bfbb0ca6d449b.jpg,0,0,1,0,0,0,1,1,0
video-yBdrow6zFe5E8uEwn-frame-015050-42kTvEzbAD2YSqnYp_jpg.rf.61ca8c2e0cdde0fbbc4089af766e44fc.jpg,0,1,1,0,1,0,1,0,1
video-XvhW2CuNNzf5oWRXK-frame-000090-5Lm4sBrw9qkkvD2Wp_jpg.rf.61cc9927480c84a99ba248795346aea7.jpg,0,0,1,0,0,1,1,1,0
video-AEZAaF8epmvQv5Nfj-frame-009781-SXReRFzwYX65rb9yk_jpg.rf.61b8f000161491d20bc886d2403fd745.jpg,0,0,1,0,0,0,1,0,0
video-5YuhMWusfM3ZMtvDx-frame-003514-7PdAZK6fjym2JQLJq_jpg.rf.61ce5970de8311cdba7a3c7e7c78e8c8.jpg,0,0,1,0,0,0,1,1,1
video-AEZAaF8epmvQv5Nfj-frame-009569-XxFpicNJK986dWub6_jpg.rf.61f781b6ceb3fcf7172632791622269c.jpg,0,0,1,0,0,0,1,0,0
video-AEZAaF8epmvQv5Nfj-frame-007315-uimQAfbN47vT3k7if_jpg.rf.620c3defcc5d60ac3a41ced91cab3013.jpg,1,0,1,0,1,0,1,0,0
video-r68Yr9RPWEp5fW2ZF-frame-000423-HSCPTXkv8KYrSE6Ag_jpg.rf.61ed3868c90c81e3eeacc15079edc8ea.jpg,0,0,1,1,1,0,0,1,0
video-BjSfmxLQqCGjg8tya-frame-001263-2gbcJqnaaRFes3Cfj_jpg.rf.62323fce79819f6be1f445171faeeca9.jpg,1,1,1,0,1,0,1,1,0
video-vbhpsNpMoX2Qbhw2A-frame-001705-RMtShywed5qBxHc4A_jpg.rf.62109f3c3a75080ae3bffe0e656a32e9.jpg,0,0,1,0,1,0,0,1,0
video-EcPY55txZdfhevYiW-frame-005445-cR6tMT2Y26n9o9WWc_jpg.rf.621c0f61925b73b0c3da6e61764e859d.jpg,1,1,1,0,1,0,1,1,0
video-BvDJ7TewksQCjCtyN-frame-003541-MLxhBdotsMLS88uZc_jpg.rf.621a49bfbfd0a8d903971ce17c83c7df.jpg,0,0,1,0,0,0,0,0,0
video-kDDWXrnLSoSdHCZ7S-frame-002958-HByA7qmg6T2v8huYW_jpg.rf.620f94b4f03c27f041f9ad5b88c4a7c0.jpg,0,0,1,0,1,0,1,1,0
video-eLrXYzMxSL9NCXiQq-frame-001575-fzrt5PfmhkcfX3evD_jpg.rf.6266d675f70e6f46d206492fdcf84c49.jpg,0,0,1,0,1,1,1,1,1
video-KTtJnXH7CcPgLeF2G-frame-000859-2oSxpzER54amnKWrT_jpg.rf.624c9e0e1d92fa4f6934e1a34ee1df6e.jpg,0,0,0,0,0,0,1,0,0
video-rnZseY2bPiYhWEF2m-frame-004482-NCJDgHAAoPQe2Pour_jpg.rf.628a0a2ca1330ac9f3ce8d07f22be37f.jpg,0,1,1,0,0,0,1,0,0
video-JFiGa9oAAN2queuLt-frame-003307-cqMFjQhkJ6ge8Pjzo_jpg.rf.6290852881b68f0dbdc2abcdedf1537d.jpg,0,1,1,1,0,0,1,0,0
video-nodg7n2aFzCWFJBnv-frame-002932-Gb69nh4m2Sj5kKNuf_jpg.rf.62573dfdc99a98cd5c0707ad14aaca10.jpg,1,0,1,0,0,0,1,1,0
video-DJYDQTZH7GLCqw3Tx-frame-000830-2wyBGhNgGuFQzcHYa_jpg.rf.624fa163a190ed13e8389e60de949f49.jpg,0,0,1,0,0,0,1,1,0
video-XqruwSRkto63xLX3v-frame-006856-GL4RNxMw5wnxrJxqS_jpg.rf.6269c1dc229da55c999172be4b572c5d.jpg,1,0,0,0,0,0,1,0,0
video-iTrM5ner4KQGLvpdC-frame-003097-9Mz73D3dCcRbof2rK_jpg.rf.628a4787bcd9b462e00d3a7e6ddd722a.jpg,0,0,1,0,0,0,0,1,0
video-8CvM2BExBLyQFZrK8-frame-002176-QL9Gu64QARujuQSRa_jpg.rf.62acca6ba1bd502c1ab143f83343998b.jpg,0,1,1,0,1,0,1,1,0
video-ZicHYAPRYGdu82nAa-frame-002933-cvHqmbaHjGjJg9qSi_jpg.rf.62a1c811bdb526d910f021a900129a27.jpg,1,1,1,0,1,0,1,1,0
video-7RdKmtytvKgfNcTNv-frame-003600-M4kvbCFjKWqZjwhGJ_jpg.rf.6294e3a7b141ba0a2386c949d0c18ed3.jpg,0,0,1,0,0,0,0,1,0
video-dgYrcYcm5G75w2GJc-frame-007174-AzuczWLW3sjhohaSd_jpg.rf.62aec0a7560604a129708cf81f4c18e8.jpg,0,0,0,0,0,0,0,1,0
video-ZicHYAPRYGdu82nAa-frame-001822-AKXqjcvdo8Yybqp37_jpg.rf.62b452194fc548d12f9c05a4de6aec69.jpg,0,0,1,0,1,0,1,1,0
video-7yaY3LisuPdNyfZH9-frame-006175-QtQa9Sn8zT6fLdduu_jpg.rf.62b1f0a2c6b9935580531f4a65274f56.jpg,0,0,1,0,1,0,1,1,0
video-5YffDt2oYT6CDzYHk-frame-001614-jZt4ByzqnWxMhqpWX_jpg.rf.62b71647da58c9da5fb45e46575943b3.jpg,1,0,1,0,1,0,1,1,0
video-a9TgkAvMGtM2gXpdj-frame-017638-oyQasuCuzFGnbhHMu_jpg.rf.62c3d199c2d5e6d2a62cd7987cb7c562.jpg,0,0,1,0,0,0,1,1,1
video-JFiGa9oAAN2queuLt-frame-000487-HdgPZDkKJMK7xg3xn_jpg.rf.62cfab54a970196cc341699a4c1016d4.jpg,1,0,1,1,0,0,1,1,0
video-fg5eBhFE7kHyXPtBi-frame-001278-fyjgw3H29aCdNYHX5_jpg.rf.62a932f47c58472ebb552ab41d172989.jpg,0,0,1,0,1,0,0,1,0
video-49ZHZYTfjWxQXmrQs-frame-009600-yHxJNm59zb2EMYtQq_jpg.rf.62d1960eac148bffc11a10f51215c8a7.jpg,0,0,1,0,0,0,1,0,0
video-vbhpsNpMoX2Qbhw2A-frame-001455-FwACJPYhFAr22sSmK_jpg.rf.62ded99a39d98dece2608648da0a714a.jpg,0,0,1,0,1,0,0,1,0
video-r68Yr9RPWEp5fW2ZF-frame-006896-qRgp7GcQn7peXApFA_jpg.rf.62c13e3bb60d6fe51735827125542a6d.jpg,0,0,1,0,0,0,1,1,0
video-5An82wT7iBmfZSwx7-frame-006751-dqt6PF4PPNhZbyky2_jpg.rf.62dba28544cb6ea2ce27a515ed2e9f82.jpg,0,0,1,1,1,0,1,1,0
video-rnZseY2bPiYhWEF2m-frame-009960-yqJcv3mgnyZuKpwqk_jpg.rf.62f2c0ee4bbcbdb29a62b729d037587e.jpg,0,0,1,0,0,0,1,0,0
video-7EPybiwBrzjDKn7TZ-frame-004576-wdrf4RKCxxzfb4XLz_jpg.rf.62ca47b89db7a477b40900278e996297.jpg,0,0,1,0,0,0,1,0,0
video-evnmmkhaqckdxWa9P-frame-002161-7n22GDhmup6kRg2mn_jpg.rf.62e4d635220e08588df5a0a6cda05dc1.jpg,0,1,1,0,0,0,0,1,0
video-7yaY3LisuPdNyfZH9-frame-003130-fQSJ5ga7q377RHcu7_jpg.rf.62f675c9509343739cd0fd0f8ba53312.jpg,0,0,1,0,1,0,1,0,0
video-TTDq3x6HSvFx3YRDH-frame-006698-tpjYtYKF9GqneSRXf_jpg.rf.62a27642de3cccb33c8ce4f17d700e44.jpg,0,0,1,0,0,0,1,1,0
video-Gj7ejTPCZZnD5YwPv-frame-001317-wtuY6mYLfjhHp8Txm_jpg.rf.62f6b62d0f68e36186d77a9e202a0244.jpg,0,0,1,0,1,0,1,1,0
video-5HPT2goT53ceRpvRm-frame-000735-DJ8GjN8ZHPBchg76B_jpg.rf.62bc7313be6aff561e7935a77c6ce31b.jpg,1,0,0,0,0,0,1,0,0
video-AEZAaF8epmvQv5Nfj-frame-014901-gGTqWK9au3F8Gmmez_jpg.rf.6315285f696c661492f65fe03687c7cd.jpg,0,0,1,0,0,0,1,1,0
video-XCJD9qhzXNoZCn37i-frame-003787-CArxT9joyP83vhH7i_jpg.rf.631d7017484f054a1ef417186dcd8997.jpg,0,0,1,0,1,1,1,0,1
video-uSr74imQfjLhADgQZ-frame-000708-X7bSCzKsTFsWZtgRS_jpg.rf.6326b25182319b64507d5ca6b118572e.jpg,0,0,1,0,0,0,1,0,0
video-G9ZpKLJEKsMheip7b-frame-011250-er3mTRhwuNuuEiGfk_jpg.rf.630fc7b37beec5519c9d7bd0e7bb6eff.jpg,0,0,1,0,1,0,1,1,0
video-7EPybiwBrzjDKn7TZ-frame-000476-zC6pWMFonqpZwhuaF_jpg.rf.6339421bf6fd7930fd1502bbf3b48264.jpg,1,0,1,0,1,0,1,1,0
video-BjSfmxLQqCGjg8tya-frame-003911-ZJaduuG9X2vGvCJkh_jpg.rf.633746296ee2e84fe46a4cc3b230b3d1.jpg,1,1,1,0,1,1,1,1,0
video-TEAocgWiwwMWxYtgJ-frame-000261-TvY9wQ4cfSNxM9mxR_jpg.rf.63620d02bb13d82a6fe153f99df95f0a.jpg,0,0,1,0,0,0,1,0,0
video-7EPybiwBrzjDKn7TZ-frame-004801-c3oZ3SXhw5wh7cA3i_jpg.rf.634787fabab6773e1ff35a9e8f456125.jpg,0,0,1,0,0,0,1,0,0
video-bk2x9u9JivsWRS9Nk-frame-000981-rBs5ejxzyiLhfay24_jpg.rf.631f3a22318ad676f72412ac0ba1a011.jpg,0,0,1,0,0,0,0,1,1
video-TEAocgWiwwMWxYtgJ-frame-004476-cv4QQiz3nDZ5a5EBz_jpg.rf.6351dfb421b969d31095d809bf0be7dc.jpg,0,0,1,0,0,0,1,0,0
video-8QxGjiebFiGwCKrd5-frame-008400-WNYwdmKTNnwnSHbTS_jpg.rf.6318eae71796bf4cdfb38649a86c728a.jpg,0,0,0,0,0,0,0,1,0
video-7EPybiwBrzjDKn7TZ-frame-001572-vhHqb7W3Ldts4ybf6_jpg.rf.634392b6d8cded35c37db223c21090cc.jpg,0,0,1,0,0,0,1,1,0
video-dpPsuZToLaq9myAK8-frame-001639-6EtAJpP3YPvtuCsGK_jpg.rf.6357afbb609ea11c62ac5814826bb59f.jpg,0,0,1,0,0,0,1,0,0
video-dpPsuZToLaq9myAK8-frame-003796-NFT4rgN2QuwtJbJK6_jpg.rf.635206fa48d38572cbbecddba3aa4be6.jpg,0,1,1,0,0,0,0,0,0
video-o68zKob2nb8QMktLF-frame-000451-85GxfT7Rk2m5caB9Y_jpg.rf.6325a4143ccd354684b936aef3545594.jpg,0,0,1,0,0,0,1,1,0
video-zNFzcc9wW8XB4QwTa-frame-000423-PQahnhbbaFoBA9AtS_jpg.rf.6388c1ae1d8fada90475e980820e7324.jpg,0,0,0,0,0,0,1,1,0
video-r68Yr9RPWEp5fW2ZF-frame-014210-xreq2bPXFQu9etioS_jpg.rf.637cd71a73dd16aaa292383ce6c6f750.jpg,0,0,1,1,1,0,1,0,0
video-fZKBh7mRSKHjXS2zk-frame-003000-TXWCYHPnJm263bG7g_jpg.rf.638ee8000799ae764d03c24618f5fd5b.jpg,0,0,1,0,0,0,0,0,0
video-r68Yr9RPWEp5fW2ZF-frame-002016-HYY8f6tTBzmBrQwnp_jpg.rf.6378ec946889979bddae9cc7975b17f8.jpg,1,0,1,0,1,0,1,1,0
video-XNM8eHsvxCMJ6peuj-frame-001408-vC2cnCResMR54m6uM_jpg.rf.639d2d897b61d553a2f3dc1038d72aac.jpg,1,1,1,0,1,1,1,1,0
video-mBQmysFvQtPK36MsF-frame-001121-cMY9hegFKi3EdYnWH_jpg.rf.63ace3e832cbe2842c72f0dee26b1161.jpg,0,0,1,0,0,0,0,1,0
video-BvDJ7TewksQCjCtyN-frame-001056-stmgYS79KeR8GYY9T_jpg.rf.63dc11f73cfa88c36ae32723d485cfe1.jpg,0,0,1,0,1,0,0,1,0
video-nodg7n2aFzCWFJBnv-frame-001075-jmj9HQpJdFKdqjZFi_jpg.rf.63abe4ecac91945e7e0f53e25a69f0a4.jpg,1,0,1,0,1,0,1,0,0
video-jNQtRj6NGycZDEXpe-frame-009430-zoxNiyehCoxq38ed5_jpg.rf.63973e699b480656fdb0e3841e2b0cdb.jpg,0,0,1,0,1,0,1,1,0
video-xEYBrQ5tarcDbiw9p-frame-000000-M4zHeWDuSN24CaRcX_jpg.rf.6327ad72d5e081e67222549f9b3e7a16.jpg,0,0,1,0,0,0,1,0,0
video-cprcATqPmWGnc3cgi-frame-002936-JvrmENezBmhie7JwX_jpg.rf.63aea743c8cd1310ffc4c48eb60db3cc.jpg,0,1,1,0,0,0,1,0,0
video-dpPsuZToLaq9myAK8-frame-004944-syimGe2FemiX26ii8_jpg.rf.63bbcdbd3fd1c52874cf08be6c1baec2.jpg,1,0,1,0,0,0,1,1,0
video-mBQmysFvQtPK36MsF-frame-004447-hBEgYkgwKgx58Luxo_jpg.rf.63ef59b99728d5c3f396553ee06afea3.jpg,1,0,1,0,0,0,1,0,0
video-FWQff8BQpTRSt9hfA-frame-006750-6gNhHqy5B9geRxQFB_jpg.rf.63d38e5d415b47920908e7ad6c20bf29.jpg,0,0,1,0,0,0,1,1,0
video-EFh9oKSJrkMFW8gtT-frame-003000-7dKJaniCX4QgToTKe_jpg.rf.63c1d9dc4d6778b245762905c5df1553.jpg,0,0,0,0,0,0,0,1,0
video-nodg7n2aFzCWFJBnv-frame-001135-XWq7RSpufmdNHA8qk_jpg.rf.640b350d162aae51e400048d6fa52624.jpg,1,0,1,0,1,0,1,0,0
video-JFiGa9oAAN2queuLt-frame-001344-MqksqfN6RFzFvJsE3_jpg.rf.63d0f8d3c85db463cd0dc3381b3bf7e2.jpg,1,0,1,1,1,0,1,0,0
video-86XuF6pPvWfBCqyNt-frame-006180-KK5hf4wghbBe7uWS8_jpg.rf.63e8a4ba9faa53d4f9b58e4b7c256951.jpg,0,0,1,0,1,0,1,0,1
video-WFkuHrJEHigf6HCWZ-frame-002552-t5WsS88PHjdCNSyM5_jpg.rf.63945e6fe6fd94e931d3829e6df0eb7d.jpg,0,0,1,0,0,0,1,0,0
video-TTDq3x6HSvFx3YRDH-frame-006013-Sr3TawvFQk2QWhLXB_jpg.rf.632afa72e3e0a7c8f6b97bafbe207f3d.jpg,0,0,1,0,0,0,1,0,0
video-FpPLvkRLgQbgG7A7n-frame-004800-HrKMdX76z5gpZrPDc_jpg.rf.640c9a97c11247178d275a62b30481ee.jpg,0,0,1,0,0,0,0,0,0
video-nCxsLGvXK8o25AmXW-frame-008970-F5fgPYyoY4EiNnCZH_jpg.rf.63f9b15a6faa03c2cafdef347e3e7440.jpg,0,0,0,0,0,0,1,1,0
video-AEZAaF8epmvQv5Nfj-frame-010886-BvizCZMufqY2JyvuN_jpg.rf.63f3df9d91da2fa73bfaa549d784d024.jpg,0,0,1,0,0,0,1,1,0
video-dgYrcYcm5G75w2GJc-frame-003376-Hv6jtfQxGwpWELz2R_jpg.rf.6445678524442d516a32b012e5cab94a.jpg,0,0,1,0,0,0,0,1,0
video-BvDJ7TewksQCjCtyN-frame-001011-KDJ467zzY79EGDLhC_jpg.rf.64666be090f948769f646a12e8a37b11.jpg,0,0,1,0,1,0,1,1,0
video-r68Yr9RPWEp5fW2ZF-frame-002916-GMLAoeYBtwcnKb7fS_jpg.rf.64978963b12627f82f639d6614e7ce7d.jpg,0,0,1,0,1,0,1,1,0
video-aMQG7QCtJKfnEdue5-frame-000220-SwFh6cuv5CSuAzoiC_jpg.rf.64337a13ab84258184a4f5953d2e7165.jpg,1,0,1,0,1,0,1,1,0
video-BjSfmxLQqCGjg8tya-frame-007333-BdDC7D6ngjqXAdsDh_jpg.rf.6464dc47019320c4aebd6b05ad080977.jpg,0,0,1,0,0,0,0,0,0
video-WXTMrJkrK8BMoMkxk-frame-000220-jwTC9wj39hJDDn3x8_jpg.rf.6455c2a31e1e42012b6b4243bff414d0.jpg,0,0,0,1,0,0,0,1,0
video-TTDq3x6HSvFx3YRDH-frame-004951-iryhjiZe5w9ciwCuv_jpg.rf.649c74801c17c42de72ccfb8795e8cea.jpg,0,0,0,0,0,0,1,0,0
video-JFiGa9oAAN2queuLt-frame-001014-WMeh8B2Kh62Q9rPJs_jpg.rf.64a515f1a41cad2437eccc8020fd90f9.jpg,1,0,1,0,1,0,1,1,0
video-5YffDt2oYT6CDzYHk-frame-000290-frYLAoPJrL9986493_jpg.rf.6497a85d5acec80fc8d9120a86bcb8fd.jpg,0,0,1,1,1,0,0,1,0
video-5HPT2goT53ceRpvRm-frame-001050-PjghZhMzg5GZzqdcv_jpg.rf.64bd59f5549827516a423bd3d4ccc7a1.jpg,1,0,1,0,0,0,1,0,0
video-7EPybiwBrzjDKn7TZ-frame-003322-3t46uB2rywbb4emww_jpg.rf.649649e46562e12f3008df3850b3652a.jpg,1,0,1,0,0,1,1,1,0
video-r68Yr9RPWEp5fW2ZF-frame-008603-e4deyweAa2r4Rb22u_jpg.rf.64417a6c136927375e127bcadb31aefb.jpg,0,0,1,0,0,0,1,1,0
video-JFiGa9oAAN2queuLt-frame-003937-oKy3NyFa3PmhNt2nR_jpg.rf.64b85d4e8bc2208e589b4e903cf5cebe.jpg,0,1,1,0,0,0,1,0,0
video-DJYDQTZH7GLCqw3Tx-frame-001389-z8smgmqtpDoHKkGFg_jpg.rf.64ad4a4e73ee2c0f8dc6df14122a7803.jpg,1,0,1,0,0,0,1,0,0
video-yNoh5QQAPbR9Afm4i-frame-002702-Bwa2BinKjz7dKMkAx_jpg.rf.64cd9aa8040d32e3ccf8f5037fbafdca.jpg,0,1,1,0,0,0,1,1,0
video-Gfv3kbdf5KAYRtPcz-frame-004291-Yta87HxPYa9EmbsPT_jpg.rf.64ad16ac77f4843487645aca03e49949.jpg,0,0,1,1,0,0,1,0,0
video-5An82wT7iBmfZSwx7-frame-001843-XwfXTRGeC8WABPFhm_jpg.rf.649b8ea00c532b72c39054ab7a79296f.jpg,0,0,1,0,1,0,1,1,0
video-PY5tYnNPcGE9WrZuq-frame-002276-v8a9ZNtk3WvKYtxh3_jpg.rf.64e9e11bca57f3714d3ec5c4638193f2.jpg,1,0,1,0,0,0,1,0,0
video-eLrXYzMxSL9NCXiQq-frame-002227-wCzKQSGL8oYaRkHEg_jpg.rf.6432ec8915bff9d8da43f94199932e9e.jpg,0,1,1,0,0,0,1,1,1
video-nodg7n2aFzCWFJBnv-frame-002200-XP5yiTsNJtDPKtknZ_jpg.rf.64f993ce001df3fc511498b2119f42b7.jpg,1,0,1,0,0,0,1,0,0
video-iS9cAu6Ms3CXQtY92-frame-000033-87Z2imvwz3fXLmgNz_jpg.rf.6508e14f2647b2ee2dada9ce569eef14.jpg,0,0,0,0,0,0,1,1,0
video-dpPsuZToLaq9myAK8-frame-002498-ne8SDD9dSeDwyHiGS_jpg.rf.655f27887bee0f8373a46416998919ce.jpg,0,0,1,0,1,0,1,1,0
video-ELruYFQjkqpZnir29-frame-003174-eecyBKvvyQ75MxFrX_jpg.rf.65506d782bbba577dc1a46cbf2990ee3.jpg,0,0,1,0,1,0,1,1,0
video-5An82wT7iBmfZSwx7-frame-001623-Lj843hq3kzhZSYisX_jpg.rf.64da6661b26dea3835e21eab6d2b0a7a.jpg,0,0,1,1,1,0,1,1,0
video-aTxg8EcSRQyDvisMX-frame-003560-7d3uKE2s2necAoa9u_jpg.rf.6520e372b4964c8bc058d89628070411.jpg,0,0,1,0,0,1,1,1,0
video-Gfv3kbdf5KAYRtPcz-frame-004311-kBgEXLLhTHtzYScYq_jpg.rf.655ff4e49c199a266c33fcfd67e0ac14.jpg,0,0,1,1,0,0,1,0,0
video-iTrM5ner4KQGLvpdC-frame-003307-Av33L7ZB9hCF7Rs9o_jpg.rf.6546eddc91fc22578d8ed12afe1974aa.jpg,0,0,1,0,0,0,1,0,0
video-iFWh9r9TJWmTzTrha-frame-000875-5XoPGwJFBMiKWxuQa_jpg.rf.656e6a9eefaf6d0a77144b660859616c.jpg,0,0,1,0,1,0,1,1,0
video-5nvtKBPHiNQqpswFE-frame-001350-4XwGg3z8xn7g3DmxC_jpg.rf.6591f3519dadf0cc9cf1710a20af4294.jpg,0,0,1,0,0,0,0,0,0
video-FCsBmpEbC3S9MhE7M-frame-001500-AtkYTFgevHzSXRJWC_jpg.rf.659a4d6a278b088720c5511e9d580e79.jpg,0,0,1,0,0,0,0,1,1
video-9BBhGg3MKeaChnLjP-frame-000880-JYMAPNofJfw2GrixB_jpg.rf.658d9e8a5b2311ed5ff02f8bd7a4db0b.jpg,0,0,0,0,0,0,0,1,0
video-AkvAvb4X72cnTbbCw-frame-001157-iSRDGxe2rbjZ8QvoW_jpg.rf.6576537b8953d3f0e09267a2d2022a0e.jpg,1,0,1,0,1,0,1,1,0
video-c3Lxro5s7dbYgdGRp-frame-004769-tzhPGj5NM2Wam9zNc_jpg.rf.65ea2fdf7805a3681564e37806cad7d8.jpg,0,0,0,0,0,0,1,1,0
video-AEZAaF8epmvQv5Nfj-frame-008460-xdhRoTszAowxk2oRe_jpg.rf.65c57bc27c39e7377244be1620e8390c.jpg,1,0,1,0,0,0,1,1,0
video-BjSfmxLQqCGjg8tya-frame-003656-ee6ywJivWJbSsAdyz_jpg.rf.65c13445bb2af2cab5e4ebd93148ff33.jpg,0,0,1,0,1,0,0,1,0
video-jNQtRj6NGycZDEXpe-frame-007862-K8sCMWzfB34W2QwKD_jpg.rf.65d821d4555f9c9910fab23cf08dc40c.jpg,0,0,1,0,0,0,0,1,0
video-5RBAcNR5F6fB3i6P5-frame-006719-kaDKwnirdvEZoLSAB_jpg.rf.65bbe4d51c09f6d1c2a27a65e6c80a86.jpg,0,0,1,0,0,0,0,0,0
video-ipHbyAv8iW9kmxTGj-frame-000320-fMSvdhhRdEnzTez4G_jpg.rf.65c8c81127e5a1dd186d2a425352c360.jpg,1,0,1,1,0,0,1,1,0
video-vbhpsNpMoX2Qbhw2A-frame-000484-Ey9PEzQXxc7DLZSrG_jpg.rf.65ddf039c2bbe8725f6613cad7bb578a.jpg,0,0,1,1,1,0,1,1,0
video-Gfv3kbdf5KAYRtPcz-frame-003275-puzZ7RjwYruypG8H4_jpg.rf.65cb475139d46e50edab0da734a73124.jpg,1,0,1,0,0,1,1,1,0
video-5HPT2goT53ceRpvRm-frame-000160-3hXRdLa5QBDtFnJDx_jpg.rf.65ffaaeddbadfbf25392f0242dc3247c.jpg,1,0,1,0,1,0,1,1,0
video-dpPsuZToLaq9myAK8-frame-006736-s5N6BMmkgX88qPWnt_jpg.rf.659f4d80af3313aff965b58f4406e9da.jpg,1,0,1,0,0,0,1,0,0
video-iFWh9r9TJWmTzTrha-frame-000290-raDR7miFouDbvpipE_jpg.rf.65b4b10c4dd7bff416bf90a9e5c50c1a.jpg,0,0,1,0,0,0,0,1,0
video-dpPsuZToLaq9myAK8-frame-001684-ZwBMJEWPtiRSbrCgq_jpg.rf.660a534e86c56e62a4687bd60f177b03.jpg,0,0,1,0,0,0,1,0,0
video-SyzNY82LYZrhkPH7x-frame-003218-AERdD3vb9uSPFbgKv_jpg.rf.663d75dc950befafcd1fd505be60b191.jpg,0,0,1,0,0,0,1,1,0
video-Bfb39QmAgJQZfE7Pu-frame-024247-okn275MCKxzG3awSj_jpg.rf.662a9a76ed8ac638ee3b47022a713adf.jpg,0,0,1,0,1,0,1,1,1
video-soRFb9y3iqE3YpJSG-frame-004472-CJLEgrcuQ78mkc9cc_jpg.rf.658660ee87a2fb19cf1712a08e1d209d.jpg,0,0,1,0,0,0,0,1,0
video-Gfv3kbdf5KAYRtPcz-frame-004141-CtAYdRCjxYB8zK5nn_jpg.rf.65244de04e721b9b0a2186628868437a.jpg,1,0,1,0,0,0,1,1,0
video-7EPybiwBrzjDKn7TZ-frame-004381-YByhpNT8RGcc2vkoQ_jpg.rf.662b3f506bf478b930ef077536c62b2c.jpg,0,0,1,0,0,0,1,1,0
video-r68Yr9RPWEp5fW2ZF-frame-006886-ukjrhSNpmHHAtan3r_jpg.rf.665b0fa0dd701e21314ba485b0a069c2.jpg,0,0,1,0,0,0,1,1,0
video-kDDWXrnLSoSdHCZ7S-frame-002943-uW2NMbpBHWs5AnB7q_jpg.rf.65c8151226a42d0f275001b2574de2f9.jpg,0,0,1,0,1,0,1,1,0
video-vbhpsNpMoX2Qbhw2A-frame-004031-7nTbxLD4vi8PCpnos_jpg.rf.6653e49fe82251afa601f718b98cd82b.jpg,0,0,1,1,0,0,0,1,0
video-SyzNY82LYZrhkPH7x-frame-002035-f66kXGzr94FzSASSx_jpg.rf.665e1f97835bba79cb5d56022e065c8b.jpg,0,0,1,0,0,0,0,0,0
video-DJYDQTZH7GLCqw3Tx-frame-006987-Hui49LeYvXNjYcn3B_jpg.rf.668658d0fcda027bbaa8675d80c36d26.jpg,1,0,1,0,0,0,1,1,0
video-7EPybiwBrzjDKn7TZ-frame-004606-HBhq2XRsYxa2GJXjZ_jpg.rf.668984365c782154d7d20cc1f1ad0232.jpg,0,0,1,0,0,0,1,0,0
video-67ZzTP4GCNj69eNPs-frame-002141-xtCGGQ8nLPAyXMjAG_jpg.rf.66f7578e1af2d90da7eef1f3f776e627.jpg,0,0,1,1,1,0,1,1,0
video-r68Yr9RPWEp5fW2ZF-frame-008933-Gb5nSatf7ypik6fnm_jpg.rf.66a95a9c9fb42edeec722f0461bc2cde.jpg,0,0,1,0,0,0,1,1,0
video-dgYrcYcm5G75w2GJc-frame-003982-HvQL2JfYqft39PmtS_jpg.rf.6704024ae523a05c72725fbba6751cd3.jpg,1,0,0,0,0,0,1,1,0
video-7EPybiwBrzjDKn7TZ-frame-003292-WpgTFJPcmiSGg2bG4_jpg.rf.66cdb719d85cb591ec02ad7fdd7520c1.jpg,0,0,1,0,0,1,1,1,0
video-iS9cAu6Ms3CXQtY92-frame-002920-mcuNkmXXqv73pZqt2_jpg.rf.66db25858e7c86d1b158367a751a6dd4.jpg,0,0,0,0,0,0,1,1,0
video-7EPybiwBrzjDKn7TZ-frame-002187-9tzytCjTu7PmfcZ6k_jpg.rf.66b154475e2ec56d3443779d6bba0cf4.jpg,1,0,1,0,0,0,1,1,0
video-MoCHppHsM4bnncPmS-frame-002025-yshdGgkQ6Z7iWi4zb_jpg.rf.669eafb2b1b0478c5f40abcc25aa0b05.jpg,1,0,1,0,1,0,1,1,0
video-BvDJ7TewksQCjCtyN-frame-004741-8NEQcymJDjQh2MPji_jpg.rf.66f9fccf6cc0220d5fbe9141c432faa1.jpg,0,1,1,0,1,0,0,1,0
video-5YffDt2oYT6CDzYHk-frame-001007-cAzGuYd9wfny5s4Jb_jpg.rf.66ff977fb294d940f0a9d82cef044e51.jpg,1,0,1,1,1,0,1,1,0
video-KTtJnXH7CcPgLeF2G-frame-002259-pTEqmBfNFgeEkDZ3W_jpg.rf.66b5af9cfd2a398b35da95db062bc260.jpg,0,0,1,0,0,0,1,1,0
video-hmsJCeMCWjX2FhxD8-frame-009001-WfJEGBbH9mez97iXa_jpg.rf.670e73ce98055ad32cbbc0450adf1837.jpg,0,0,1,0,1,0,1,1,0
video-rnZseY2bPiYhWEF2m-frame-006225-4aZHGxKneToutQSdc_jpg.rf.671be36303ac08bb6a165695221ef667.jpg,0,0,1,0,1,0,1,1,0
video-mBQmysFvQtPK36MsF-frame-001466-CzP6TgnPQ2aSAc6Wn_jpg.rf.672c47d2d6c07257d7acc5f03d275cef.jpg,0,0,1,0,0,0,0,1,0
video-5Lwe5DATf4BxKtaiB-frame-000178-6xTby9vpDRNsaG64b_jpg.rf.66f389c16bc85793fd88855e5aa0b02f.jpg,1,0,1,0,0,0,1,0,0
video-r68Yr9RPWEp5fW2ZF-frame-002166-xEGD5DzjPn8u9QjKo_jpg.rf.67314ba57002e86cd96eeb323bb4adf5.jpg,0,0,1,0,1,0,1,1,0
video-BjSfmxLQqCGjg8tya-frame-000810-iu8fGAJnmjLQfTeiE_jpg.rf.66d2cb94e39e44be3cfbc475d8a8944e.jpg,0,1,1,0,1,0,1,1,0
video-yBdrow6zFe5E8uEwn-frame-012470-6AmfnyY7cuk7NdprZ_jpg.rf.67364c3b47afb719ed9567687297662a.jpg,1,1,1,0,1,0,1,1,1
video-iFWh9r9TJWmTzTrha-frame-006126-xk3XZ7pyHu4ZbKgn6_jpg.rf.6763336d6cb58dbd013f8a67e2843c13.jpg,0,0,1,0,1,0,1,1,0
video-7yaY3LisuPdNyfZH9-frame-005815-iefREkw6JDEDcaNbd_jpg.rf.6749f0b5d961e053bd9e35fa915101d3.jpg,0,0,1,0,0,0,1,0,0
video-kZvY7NeD8kA7PiMWX-frame-005817-KrnNokvw4Am2iqwdM_jpg.rf.67588bc8f490db44d8cc85b0f85ebc7c.jpg,0,0,1,0,1,0,1,1,0
video-BjSfmxLQqCGjg8tya-frame-000600-eCgj7RGHAYcvtkHuA_jpg.rf.67905c8d2be9b821cb7d6fb5baeaec02.jpg,1,1,1,0,1,0,1,1,0
video-AEZAaF8epmvQv5Nfj-frame-008700-EfpAhPiav2nLaMjZb_jpg.rf.67455743af4479f92613e1c67862ae53.jpg,1,0,1,0,0,0,1,0,0
video-GXXqNLCqyu72TLx5i-frame-002033-QuE7mGuhJtsRBWQCx_jpg.rf.675cb8d89c81dd47694c307a0ffa497a.jpg,0,0,1,0,1,0,1,1,0
video-yNoh5QQAPbR9Afm4i-frame-002548-9ugzC8X2uxhTyvrXe_jpg.rf.6761fa196e0986957c09fec4787397c4.jpg,0,1,1,0,0,0,1,0,0
video-JFiGa9oAAN2queuLt-frame-004627-3aekyjweDx98Th4p4_jpg.rf.677c2de315f940dfac5aff1205f38d5d.jpg,1,1,1,0,0,0,1,0,0
video-ydbh3ikFGJFieXswZ-frame-009900-TwHGACGeA7FYZKJer_jpg.rf.67866176d7d685fd75e3e738fae016e1.jpg,0,0,1,0,0,0,0,1,0
video-evnmmkhaqckdxWa9P-frame-001561-BsJcWhXT9CdrLrBY5_jpg.rf.679adef24fe4502ffac37cc139d8c79e.jpg,1,0,1,0,1,0,1,1,1
video-rYXSHjnEfuLmjE6Z4-frame-000867-MR58A7ugDC8jsM4vx_jpg.rf.67c9982e9740407e72253b0c8bd9ab72.jpg,1,0,1,0,1,0,1,0,0
video-r68Yr9RPWEp5fW2ZF-frame-004496-wXnFTfEFY2YXTMfxv_jpg.rf.67f5de00eeb90b119d83c6140867c7ee.jpg,0,0,1,0,1,0,1,1,0
video-kDDWXrnLSoSdHCZ7S-frame-005903-J9w94rNfrkcft5asM_jpg.rf.67e4cd3b331c5adcc742343946c6edea.jpg,0,0,1,0,0,0,1,0,0
video-Bfb39QmAgJQZfE7Pu-frame-006000-vid3f3qhD8paDsk4v_jpg.rf.6800b29a655b7d5a5d7c37126988decd.jpg,0,0,1,0,0,0,0,1,0
video-JFiGa9oAAN2queuLt-frame-001194-GwTv5T2F9j3xAwN7q_jpg.rf.67f1acb6b77adf9feddd99c8e01b0d3d.jpg,1,0,1,0,1,0,1,0,0
video-nodg7n2aFzCWFJBnv-frame-003472-uiECY2yAQ7KwdPpbH_jpg.rf.681973602154e3de77aca50b8946de38.jpg,1,0,1,0,0,0,1,1,0
video-7yaY3LisuPdNyfZH9-frame-000311-3WdhYPCvMDBKytXLN_jpg.rf.681bddcf2450d86228a030468ee7c69f.jpg,0,0,0,0,0,0,1,0,0
video-5YffDt2oYT6CDzYHk-frame-002677-ECpvS8EEchW7kaFNf_jpg.rf.685e3f5bbf586b52752ce71729a2a8d1.jpg,0,0,1,0,1,0,1,1,0
video-AkvAvb4X72cnTbbCw-frame-000365-YziD9se7q8b4xpu5J_jpg.rf.67fddba6e55ff2cb9498ffbc8e1e5607.jpg,0,0,1,1,1,0,1,1,0
video-qmuvFTzLkR28JMp7r-frame-005214-CT57rWDwav7pZtESm_jpg.rf.68122d549c584c56267fcd7b80bfba89.jpg,0,1,1,0,1,0,0,1,0
video-2Af3dwvs6YPfwSSf6-frame-005100-TKGLg7WCgGTSMvvSb_jpg.rf.688f73adbcb595e2f98a08fe1a2007e6.jpg,0,0,1,0,0,0,0,1,0
video-iTrM5ner4KQGLvpdC-frame-001408-tZKe6kerXBioMcZsh_jpg.rf.688c44063cf61050d48c9e43e546b5da.jpg,0,1,1,0,0,0,0,1,0
video-ozJ2BvNKN96SvRTFv-frame-000300-bQkacZCMCECHvayHc_jpg.rf.687a17efb1c596fb4b847b59ee615d2f.jpg,0,0,1,0,0,0,0,1,0
video-DJYDQTZH7GLCqw3Tx-frame-000760-CMrLGfTrSoZdmJj5n_jpg.rf.67afeb3b1fb508ba6d5c2a47952f54c7.jpg,0,0,1,0,0,0,1,1,0
video-RzCFkE9yg95GWAnYj-frame-000900-hNDA2fQe3zJiYoX5m_jpg.rf.67ff9f8e383b616adddb4f63a64719a2.jpg,0,0,1,0,0,0,0,1,0
video-JFiGa9oAAN2queuLt-frame-005127-YRaD5aKvRjrQzLfkS_jpg.rf.6898b6ea463babf49ad77309bff6c3da.jpg,0,1,1,1,0,0,1,0,0
video-86XuF6pPvWfBCqyNt-frame-006160-w5sXAdudtCAhX52Aq_jpg.rf.68ba0a5eb6169961666bf3b3ab568c21.jpg,0,0,1,0,1,0,1,1,1
video-LRYpoNWeYLm3tZZst-frame-004500-MgPNny4CYGoJQ9FLc_jpg.rf.6897f54452971cd86ba076e858071852.jpg,1,0,1,0,0,0,1,1,0
video-evnmmkhaqckdxWa9P-frame-001966-A2rZYTmEeeKifZMdX_jpg.rf.67aaff68909d4d235e8b1ec66e1921bf.jpg,0,0,1,1,1,0,0,1,0
video-r68Yr9RPWEp5fW2ZF-frame-000303-NTKP6mH6gHxHdnYaD_jpg.rf.68ae645793d750f2a7444ccb3471e62e.jpg,0,0,1,1,1,0,1,1,0
video-AEZAaF8epmvQv5Nfj-frame-013560-ZmWbTRiNQBy5rWPsm_jpg.rf.68902196de978099ec5def01a9084ab8.jpg,1,0,1,0,0,0,1,0,0
video-a9TgkAvMGtM2gXpdj-frame-002275-4Z54obMZgZLAETtYY_jpg.rf.68cf9f681a67c829b00217bdb14926c1.jpg,0,1,1,0,1,1,1,1,0
video-r68Yr9RPWEp5fW2ZF-frame-002276-JZGjSAurWGcRimRMj_jpg.rf.67a12abd14cd2c37527d0eb5cc742c31.jpg,1,0,1,0,1,0,1,0,0
video-GXXqNLCqyu72TLx5i-frame-002063-AjgNLxKCZFofN8JK6_jpg.rf.683e2ba345a192f2a3f8b3da3c470369.jpg,0,0,1,0,1,0,1,1,0
video-r68Yr9RPWEp5fW2ZF-frame-009203-XofPmC9KcnPQeHR9s_jpg.rf.68c5a6232a78cc985c8dd8dfa11b26c0.jpg,0,0,1,0,0,0,1,1,0
video-DJYDQTZH7GLCqw3Tx-frame-007460-tLn9vM6Pr3CsXFrht_jpg.rf.68e7ed5e85d4396f66226e74f2ff1002.jpg,1,0,1,0,0,0,1,1,0
video-AEZAaF8epmvQv5Nfj-frame-015731-AarkJua4oEsNueA2R_jpg.rf.68cdc6b828d214cac8e88acacd3dcff5.jpg,0,0,1,0,0,0,1,0,0
video-YzRKMLLSDnZLFpPmg-frame-008190-mLFfDKKbTDGXoiGpr_jpg.rf.68e35a0edcbc7d3bdb5cb3f526647a76.jpg,0,1,1,0,0,0,0,1,1
video-5YuhMWusfM3ZMtvDx-frame-005271-9ia3gDMcwdeYMkPdg_jpg.rf.68f17b04245117c9306c0a07184de2ed.jpg,1,1,1,0,1,0,1,1,0
video-GMDwNs5TdqejpF4vu-frame-002959-6e9dLv3LQ6u8FAvw6_jpg.rf.68df45b4eda8856ba8ed6b60754bdb1a.jpg,0,0,1,1,0,0,1,1,0
video-FWQff8BQpTRSt9hfA-frame-003300-SboAZngmLSAGmGqFT_jpg.rf.6906814fbbb41a3c8f6b47b1c81e63b7.jpg,0,0,1,0,0,0,0,1,0
video-r68Yr9RPWEp5fW2ZF-frame-017189-LSDTka9gdBXB2Y3JE_jpg.rf.690ea34eaeb49269f88ea4d7bed3d1ef.jpg,0,0,1,0,1,0,1,1,0
video-BjSfmxLQqCGjg8tya-frame-004454-QFJTjirreAe4chqMn_jpg.rf.68ffc050fbc7c0d0301cd163d563a254.jpg,1,1,1,0,1,0,1,1,0
video-DJYDQTZH7GLCqw3Tx-frame-008440-ctALE4wFrJpQbsKy5_jpg.rf.691cea01e5c0f9bdf2f1266950389cd2.jpg,1,0,1,0,0,0,1,0,0
video-iFWh9r9TJWmTzTrha-frame-007790-JdRqW63cQesnSqnCt_jpg.rf.6910003c0c417239878016e130b26823.jpg,0,1,1,0,0,0,1,1,0
video-BjSfmxLQqCGjg8tya-frame-003446-4RNLp42nnX2xayRFt_jpg.rf.68efea0fb0dad9f46998126dfcd3e195.jpg,1,0,1,0,1,0,1,1,0
video-r68Yr9RPWEp5fW2ZF-frame-003046-qp3Zpi7zg2nzXmSE5_jpg.rf.690e267450c4e9294213731abaf62e91.jpg,0,0,1,0,1,0,1,1,0
video-Jbg7v6iuvSJavrMsD-frame-009300-zTNFM4t3j6QrC4ESv_jpg.rf.68b19eb9f411c07b937750f75f0cd066.jpg,0,0,1,0,0,0,0,1,0
video-ZicHYAPRYGdu82nAa-frame-003821-D6CHRAp8ALtJJjfv3_jpg.rf.6909b4f1414f24c8fa4a2c7f3ddbf0fe.jpg,0,0,1,0,1,1,1,1,0
video-aMQG7QCtJKfnEdue5-frame-001211-MQgELbHNZejPudxNt_jpg.rf.693e72c723af78298ddcb10e53ca3064.jpg,0,0,1,0,0,0,1,0,0
video-PY5tYnNPcGE9WrZuq-frame-002096-gXc65vKJoi7rBWWnn_jpg.rf.6926c54dcc3cb704c78c91c6d6b97fc2.jpg,1,0,1,0,0,0,1,0,0
video-eLrXYzMxSL9NCXiQq-frame-007424-brFmsdp6hREQurMqK_jpg.rf.6964090762dbeef9bf04d50de65352e9.jpg,0,1,1,0,0,0,1,1,0
video-WXTMrJkrK8BMoMkxk-frame-002079-7ZhsAYqmvyZHWuqaP_jpg.rf.693264113840641e6016e1e8dfdebc88.jpg,0,0,1,0,0,0,1,0,0
video-4zQqsnWRwK7SFPpBy-frame-013572-HFZhZvTZ7x4TnxrAS_jpg.rf.69655bf7de11f5548e61feb918aa6b85.jpg,0,0,1,0,0,0,0,1,0
video-EcPY55txZdfhevYiW-frame-010178-PGs3MJkq2ZnHKC8th_jpg.rf.694a1df343e2ea8ba13c88f8594b4f95.jpg,0,0,1,0,0,0,1,0,0
video-r68Yr9RPWEp5fW2ZF-frame-014580-jZk62TWoZYp36iRKC_jpg.rf.696e839bdc8a20ec2f9b64a6073cb0bf.jpg,0,0,1,0,1,0,1,1,0
video-xEYBrQ5tarcDbiw9p-frame-005324-fbMs8mo84hC2HM5G9_jpg.rf.6941c09949f3aca109ac720270968320.jpg,0,0,1,0,1,0,1,1,1
video-nodg7n2aFzCWFJBnv-frame-001315-ir44pzRDKa3qzQ5Rh_jpg.rf.694f1792e1edc9b3f7cea5abfd840e1d.jpg,1,0,1,0,0,0,1,1,0
video-bMrDdfuGsBBSj3ApB-frame-003900-rHT3yK6STmeZvMjo5_jpg.rf.6986d37dc6f6a0e846cebb39509e3c1e.jpg,0,0,1,0,0,0,0,1,0
video-eLrXYzMxSL9NCXiQq-frame-000198-5TyhkgjFYZwmjYBg4_jpg.rf.69ed939b552ab90347b4766c25305c2f.jpg,0,0,1,0,1,0,1,1,0
video-nCxsLGvXK8o25AmXW-frame-000157-c8MKxBbyyk2Du9D4p_jpg.rf.6974bfd3dc0368ed516e01068ad75735.jpg,0,0,1,1,1,0,1,1,1
video-BjSfmxLQqCGjg8tya-frame-000240-he9W6WGuKGKohBdeW_jpg.rf.69a8d569143e2ed5bed352ec89b690a7.jpg,1,0,1,0,0,0,1,1,0
video-dgYrcYcm5G75w2GJc-frame-002532-idc9bzZbq4SogkGoA_jpg.rf.69b851cc1fe17583497476b50b27a1a9.jpg,0,0,1,0,0,0,0,0,0
video-5HPT2goT53ceRpvRm-frame-000825-wCCNqPs9ossebdKsn_jpg.rf.69a3024a0493345b9b5a4952b2e8d3f8.jpg,1,0,1,0,0,0,1,0,0
video-Gfv3kbdf5KAYRtPcz-frame-003315-98sSppvCAtJhSm2rP_jpg.rf.69ed2cc5365b96b2a74779f21446b2fa.jpg,1,0,1,0,0,0,1,1,0
video-rnZseY2bPiYhWEF2m-frame-009462-nL8dYJynZyjDpF4dg_jpg.rf.69d7113593e365a81605af57ee7a0361.jpg,0,0,1,0,0,0,1,0,0
video-AEZAaF8epmvQv5Nfj-frame-009289-8jr4Wc4k5vJhofPfq_jpg.rf.6995f160facf743dc78409e40f750d83.jpg,0,0,1,0,0,0,1,1,0
video-mBQmysFvQtPK36MsF-frame-003156-rCXbAGmQHS8dYfYpt_jpg.rf.6a0e533479f7c34469415f9345f91bd8.jpg,0,0,1,0,1,0,0,1,0
video-SyzNY82LYZrhkPH7x-frame-000758-jza764ZiffL5uSpMp_jpg.rf.69a594101078c3cf2510e698068e5b10.jpg,0,1,1,1,0,0,0,1,0
video-DJYDQTZH7GLCqw3Tx-frame-008600-EtRBiXffQEDdrkiXx_jpg.rf.697055206e22b56bb3ed04671feff57d.jpg,1,0,1,0,1,0,1,1,0
video-rYXSHjnEfuLmjE6Z4-frame-000567-3yNMraJfCLo3Fttdr_jpg.rf.6a2141fd713d68c2eec76dfe25984303.jpg,1,0,1,0,1,0,1,0,0
video-DJYDQTZH7GLCqw3Tx-frame-007690-sF9FE3R5aPRZ4muq5_jpg.rf.69a2be5f74afc9385aa7d0e8c01666a8.jpg,0,0,1,0,0,0,1,1,0
video-eLrXYzMxSL9NCXiQq-frame-000857-DGr3iiMXA499jzS5D_jpg.rf.6a28fe4d76a34a3a7b800741e8bd6759.jpg,0,0,1,0,1,1,1,1,0
video-KTtJnXH7CcPgLeF2G-frame-003988-cz92TnmP9cHKaXwyj_jpg.rf.6986f064a601a837d374791c9c946724.jpg,0,0,1,0,1,0,1,1,0
video-AEZAaF8epmvQv5Nfj-frame-009961-pFpt4tDrMy5q9ncsD_jpg.rf.6a378cdc91e323330c94c9d2abf6d4c5.jpg,1,0,1,0,0,0,1,0,0
video-nodg7n2aFzCWFJBnv-frame-002797-7SAFqA2FHjtHAWfNG_jpg.rf.69f35deb6c65027786efc36a16948d4b.jpg,1,0,1,0,1,0,1,1,0
video-DJYDQTZH7GLCqw3Tx-frame-002594-dcepq7XuSjxaMqd4v_jpg.rf.6a20b00af8cb7ec532709e06fe70bc92.jpg,0,0,1,0,0,0,1,0,0
video-BjSfmxLQqCGjg8tya-frame-003521-S5wheyTQRCXQuizC5_jpg.rf.6a55177619af748eb255e11bdc37edce.jpg,1,0,1,0,1,0,1,1,0
video-TEAocgWiwwMWxYtgJ-frame-003094-6qEqxcyyh4tbDBzuY_jpg.rf.6a62fa66624ac978a4625413b5d73b0c.jpg,1,0,1,0,0,0,1,1,0
video-BjSfmxLQqCGjg8tya-frame-004364-PuyhSSdRe8GDL773t_jpg.rf.6a645c16e471a503a96410c58842c86c.jpg,1,0,1,0,1,0,1,1,0
video-7ac97f4pH2W94Kgm4-frame-015750-JcsPMjak3LiSgR7dC_jpg.rf.6a367068ff007df789ab793af579cac7.jpg,0,0,1,0,0,0,0,0,0
video-wGdqQimawNX3RYv76-frame-010327-dcd2t3z2YTkWgHxRC_jpg.rf.6a80ea5c22f7c3dd2d4813fc950190eb.jpg,0,0,1,0,0,0,0,0,0
video-r68Yr9RPWEp5fW2ZF-frame-015665-TFJDPaCLNkQy6AtaT_jpg.rf.6aa7dabaa4f280d3966455d79a3dcbd4.jpg,1,0,1,0,1,0,1,0,0
video-EcPY55txZdfhevYiW-frame-008724-WTrfnmP3v7AX93gvb_jpg.rf.6a9abac184c80adf6b29800847b475cb.jpg,0,0,1,0,0,0,1,1,0
video-5YffDt2oYT6CDzYHk-frame-003819-SBDv4hn88MMyZvfqo_jpg.rf.6aaa2e73dec1a026e3fa153f56c8b8d8.jpg,0,0,1,1,1,0,1,1,0
video-AEZAaF8epmvQv5Nfj-frame-015741-YLPntr2W4fjtGshrw_jpg.rf.6a7e2b84541339b8cdf574290a5bb02a.jpg,0,0,1,0,0,0,1,0,0
video-vbhpsNpMoX2Qbhw2A-frame-001515-GxsEfTkeDjLXAytd2_jpg.rf.6a875475edd47eb3495bb24495d4f0b7.jpg,0,0,1,0,1,0,0,1,0
video-r68Yr9RPWEp5fW2ZF-frame-002866-zGchJYufnA83LmXsB_jpg.rf.6aa82c6c07d0b686e77d1b26c8ec1fe9.jpg,1,0,1,0,1,0,1,1,0
video-5YffDt2oYT6CDzYHk-frame-000707-2Tzz4XMW3LQnSFnsM_jpg.rf.6a3a28a91e8880ae1751a00c77960b80.jpg,0,0,1,0,1,0,1,1,0
video-hmsJCeMCWjX2FhxD8-frame-009621-Wi28ABWumSE6tSo4K_jpg.rf.6ac829d1bab077d6a830542b9796fc82.jpg,0,0,1,0,1,0,0,1,0
video-GXXqNLCqyu72TLx5i-frame-004509-KFN5T5Jmmd8HhoNxT_jpg.rf.6ac2795483bd2cab041ede29b190c96b.jpg,1,0,1,0,1,0,1,1,0
video-SyzNY82LYZrhkPH7x-frame-003398-y3cfsWrC85bbwsgRr_jpg.rf.6a7c0a0301514c06d3f78a71e65f31a4.jpg,0,0,1,0,0,0,1,1,0
video-DJYDQTZH7GLCqw3Tx-frame-000050-kbBnRRZYcQa2nXsop_jpg.rf.6aac09f908793d490ca5e4b17b4e110d.jpg,1,0,1,0,0,0,1,1,0
video-AEZAaF8epmvQv5Nfj-frame-008480-BBGrc4scySvwsLT7q_jpg.rf.6abc9938876f3e62dec8de81fd1ca263.jpg,1,0,1,0,0,0,1,1,0
video-BjSfmxLQqCGjg8tya-frame-001083-KGXNhffXenetZddd3_jpg.rf.6b182717faedb8e40015a361408659e9.jpg,1,1,1,0,1,0,1,1,0
video-DJYDQTZH7GLCqw3Tx-frame-002554-E2FFbk3ueHhYG25T7_jpg.rf.6ac773aae4318ee0070e659b9b4881f9.jpg,0,0,1,0,0,0,1,1,0
video-yNoh5QQAPbR9Afm4i-frame-002655-AL28k7zkFjkesKkXr_jpg.rf.6a3d6b5d12e085bda3b40d51ea4529f0.jpg,0,0,1,0,0,1,1,1,1
video-AEZAaF8epmvQv5Nfj-frame-009619-s3y5FzXEdygKwjPxE_jpg.rf.6b08e37f3aff4a24a39ddd7ccb767fca.jpg,0,0,1,0,0,0,1,0,0
video-7yaY3LisuPdNyfZH9-frame-006190-i5oWY7kdSuTbmutFt_jpg.rf.6ae1379d8a98641c03d347dd7608f723.jpg,0,0,1,0,1,0,1,1,0
video-2Af3dwvs6YPfwSSf6-frame-005400-pfyDvbSFjWLf7h5ca_jpg.rf.6b2c43d66f9d6bbe71f7f7566480c06f.jpg,0,0,1,0,0,0,0,1,0
video-S5osy2ei487eAM2fw-frame-003549-Fua9xoZN78udRvNHY_jpg.rf.6a936db6cbef080ea17bd71cdc3531bd.jpg,0,1,1,0,0,1,1,0,1
video-4KhLCjoeEmjGBaRLQ-frame-001449-zRaTW75QXNCpxByRb_jpg.rf.6b374d14715fa61eab1161548d6deba3.jpg,0,0,1,0,1,1,1,1,0
video-7EPybiwBrzjDKn7TZ-frame-001782-CS864c6toWrJs5Gks_jpg.rf.6b0236048d8511d93e946ac4b065a97e.jpg,0,0,0,0,0,0,1,1,0
video-r68Yr9RPWEp5fW2ZF-frame-002556-Lsw8ZmHZWMQAxZ9de_jpg.rf.6b2fe2e110982b35c03a73375463c507.jpg,1,0,1,0,1,0,1,1,0
video-r68Yr9RPWEp5fW2ZF-frame-014600-D7hzzJSwdANPRJHKh_jpg.rf.6b3abb8e7df3dd0e7de6bc671a4a290d.jpg,0,0,1,0,1,0,1,1,0
video-Gfv3kbdf5KAYRtPcz-frame-003121-DYz2QA4w2y62Ybhrr_jpg.rf.6b48fc187ab225fe330ba8af2d6cf4e6.jpg,1,0,1,0,0,1,1,1,0
video-sEs53HkN6oRqWdeQK-frame-004181-LoxHGwZby3S2v8vQo_jpg.rf.6b41e0de2efe5119dc2d88f228617a18.jpg,0,0,1,0,1,0,0,1,0
video-G9ZpKLJEKsMheip7b-frame-010800-MnEkWHYfaZjCY3MLo_jpg.rf.6ad0d7d5e57eb1b8cba6dc057ce07db4.jpg,0,0,1,0,0,0,0,0,0
video-jEAhuERdkqBfeTdux-frame-002550-FkiYpFcKLaL8iQJSP_jpg.rf.6b64401fa73ca2b75891053fa2b1fd8b.jpg,0,0,0,0,0,0,1,1,0
video-wGdqQimawNX3RYv76-frame-006719-xbtqeLk5HvwJBKtST_jpg.rf.6b766442fa5a0b50372eb330e8f51b48.jpg,0,0,1,0,0,0,0,0,0
video-DJYDQTZH7GLCqw3Tx-frame-003621-2rQyTkjoGva42WfTp_jpg.rf.6b41a89cd7cfa4adb7913237f2f23a30.jpg,1,0,1,0,0,0,1,0,0
video-SyzNY82LYZrhkPH7x-frame-003503-szmpKC9aRNMkvBDpo_jpg.rf.6b678034959f2c7564d2a0944319a4f6.jpg,0,0,1,0,0,0,1,1,0
video-KTtJnXH7CcPgLeF2G-frame-003593-9TYSnNSfC6GfyMx7t_jpg.rf.6b74adb98373aae591693c63cac255da.jpg,0,0,1,0,0,0,1,0,0
video-9BBhGg3MKeaChnLjP-frame-002190-993LecgTZKMQDa5M5_jpg.rf.6b6a0fa9c0355ef981d84affe1fd55a2.jpg,0,0,1,0,0,0,0,1,0
video-AEZAaF8epmvQv5Nfj-frame-009419-kC2LtG4xgLMvc5ibE_jpg.rf.6b67c220f4ec0a830676c76e388a78dd.jpg,1,0,1,0,0,0,1,1,0
video-r68Yr9RPWEp5fW2ZF-frame-013538-7TSTspZDc9BsMfGLe_jpg.rf.6b87dbc74bf87a6c7894bc09a45de35d.jpg,0,0,1,0,1,0,1,1,0
video-3eAD4KjAqae5iq48L-frame-005278-68JsxxdjCteEye8GE_jpg.rf.6bac20d606d6efbab812af207bbb98b3.jpg,0,1,1,0,1,0,1,0,0
video-DJYDQTZH7GLCqw3Tx-frame-008540-ZGxBrm5wEb7ZnLtDX_jpg.rf.6b79f4861f99bd1f14a3405daac3e89a.jpg,1,0,1,0,0,0,1,0,0
video-jEAhuERdkqBfeTdux-frame-001050-DKxpD3sK6p4nz2WNe_jpg.rf.6ba287aa838def0c5b94a5f0213ca370.jpg,0,0,1,0,0,0,0,1,0
video-bMrDdfuGsBBSj3ApB-frame-001200-7KiKsM4aHn7vJsbFA_jpg.rf.6bb89979719fa7b95501bbdb310fc868.jpg,0,0,1,0,0,0,1,1,0
video-AEZAaF8epmvQv5Nfj-frame-010666-42ooHXfSpgun8oRv9_jpg.rf.6b2d1ec1c39a58cba57d81bcd9343f07.jpg,0,0,1,0,0,0,1,1,0
video-yNoh5QQAPbR9Afm4i-frame-003604-2fFbHonZmoErWY45p_jpg.rf.6beb3f2ab597259330a9634c174c753c.jpg,0,0,1,0,0,0,1,0,0
video-JFiGa9oAAN2queuLt-frame-005067-vdxTBudDuQG5in4s9_jpg.rf.6bd4c77fa24463c4665804a148fc86cf.jpg,0,1,1,1,0,0,1,0,0
video-r68Yr9RPWEp5fW2ZF-frame-006846-md3dsnrfrLMtCHotu_jpg.rf.6bbff908b3f2fccb90d9e153c0fedbdf.jpg,0,0,1,0,0,0,1,1,0
video-5v4MPkCMGEKPfroxc-frame-001252-KJQg8NqjxRT8ug8ty_jpg.rf.6be8ce3adbdf267ae12f2c271f6a52b2.jpg,0,0,1,0,0,0,1,0,0
video-AEZAaF8epmvQv5Nfj-frame-014961-CrutfMJiEQTMrT2X4_jpg.rf.6b92cbe9fc0aba6571653dde0bfff0ee.jpg,0,0,1,0,0,0,1,0,0
video-fZKBh7mRSKHjXS2zk-frame-004200-ingFG2hffQk2Z76ce_jpg.rf.6bd99da5d31a8a83d52c125c82a59205.jpg,0,0,0,0,0,0,0,1,0
video-r68Yr9RPWEp5fW2ZF-frame-002686-eieTKMkePqrBe4XFN_jpg.rf.6ba49875d0d901c8b9d7c9e0169b698e.jpg,1,0,1,0,1,0,1,0,0
video-aTxg8EcSRQyDvisMX-frame-005070-3hrnnxiKRngn8ajhc_jpg.rf.6ba73075d16b4eef8c4b6dcbb12503a6.jpg,0,0,1,0,0,1,1,0,0
video-GXXqNLCqyu72TLx5i-frame-004554-Ffa7iwiTDT5e9zGSu_jpg.rf.6c06cd076732ea7c36875608be95cfc5.jpg,1,0,1,1,1,0,1,1,0
video-JFiGa9oAAN2queuLt-frame-004807-vMki8tsu65x7H9SpF_jpg.rf.6c1de9ffa2dc56127ec1ab116a41ed11.jpg,0,1,1,1,0,0,1,0,0
video-AEZAaF8epmvQv5Nfj-frame-015431-YHyRP9XW6LSx83Jcz_jpg.rf.6c046a9a8b74a5301ed5eff50b34abce.jpg,0,0,1,0,0,0,1,0,0
video-BvDJ7TewksQCjCtyN-frame-005941-EXykH6fbpQMNpXnv9_jpg.rf.6c6dc38827f27bd30dc1d4c5ddc3fb7c.jpg,0,0,1,0,0,0,0,0,0
video-qmuvFTzLkR28JMp7r-frame-003724-swR3vRenjciCz7aWX_jpg.rf.6c869e88c529cdfdc76a3b99eb964e16.jpg,0,1,1,0,0,0,1,1,0
video-7EPybiwBrzjDKn7TZ-frame-006650-ZnugY39Bk7WbAxdtR_jpg.rf.6c385e8153f6424179de4bd8d10a6ec6.jpg,1,0,1,0,1,0,1,1,0
video-5YffDt2oYT6CDzYHk-frame-002557-zqcBH6RBEA5QAdgSe_jpg.rf.6c10207fa0b25c5c22ccf7b0202b422d.jpg,0,0,1,0,1,0,1,1,0
video-KTtJnXH7CcPgLeF2G-frame-005051-oB8dCy7ELdBWA9NAY_jpg.rf.6c3bfb1fbe1bb77af0a212d46f8dc97f.jpg,0,0,1,0,0,0,1,1,0
video-r68Yr9RPWEp5fW2ZF-frame-009713-hhHKKR33iQyYgi2ri_jpg.rf.6c9b4c17cb7406682879dc9295e451f4.jpg,0,0,1,0,0,0,1,0,0
video-qmuvFTzLkR28JMp7r-frame-002979-7PBTg9xPPMBM4Ds6s_jpg.rf.6bcc842c7719053d01bfef94dfe2ff6a.jpg,0,0,1,0,0,0,0,0,0
video-WGCm6DTcSjgg7FgMm-frame-003600-4o9SshyaDi62ps8Ru_jpg.rf.6c9764595e37495db5aa698dc86821db.jpg,0,0,0,0,0,0,0,1,0
video-vbhpsNpMoX2Qbhw2A-frame-000504-sAuBaCHRmZDift7xi_jpg.rf.6cbc767a86434cf8add4c4b4456431c9.jpg,1,0,1,1,1,0,1,1,0
video-5An82wT7iBmfZSwx7-frame-000659-TqHB8DuRxwmqALcxe_jpg.rf.6a60b2744edc0af890aca363ad1d9852.jpg,0,0,1,1,1,0,1,1,0
video-nodg7n2aFzCWFJBnv-frame-003052-4xZSnmS8HNPxebcTe_jpg.rf.6be90da18aa2b6d5acc6ce86ccdd2167.jpg,1,0,1,0,1,0,1,1,0
video-7yaY3LisuPdNyfZH9-frame-005659-ktj7HBhR8EYH8MFSA_jpg.rf.6cc949f0201773c28f4acad3b7136a75.jpg,0,0,1,0,0,0,1,1,0
video-vbhpsNpMoX2Qbhw2A-frame-000584-4MpADCZEvkr6sMNfd_jpg.rf.6c3a5af5c870a8285a979e97849e733b.jpg,1,0,1,1,1,0,1,1,0
video-RaiPnxNTaxcGE5qfG-frame-000450-zCnpRdbDFxjaXkoJE_jpg.rf.6cc0ce32ee3cca541518dea3ffc2f28f.jpg,0,0,1,0,0,0,0,1,0
video-ZicHYAPRYGdu82nAa-frame-002184-ic8dosqmfYZ8BoR2k_jpg.rf.6cd8c940930cbaa62255fddcf9e0977a.jpg,1,0,1,0,1,0,1,1,0
video-MoCHppHsM4bnncPmS-frame-002637-XQE3yLwziohjtmTbB_jpg.rf.6cb2ab2d9dd4319d9c9e422017ae7d8e.jpg,1,0,1,0,0,0,1,1,0
video-DJYDQTZH7GLCqw3Tx-frame-005176-WbqWhpmocJLJvT9GZ_jpg.rf.6d0fe820ee90532a9a9eeecfeb7a7a38.jpg,1,0,1,0,0,0,1,0,0
video-r68Yr9RPWEp5fW2ZF-frame-015705-3ZwEmmH7dBgKfoRm8_jpg.rf.6ce82c64ee2cc74497ba167b7fbcdea2.jpg,1,0,1,0,1,0,1,0,0
video-DJYDQTZH7GLCqw3Tx-frame-005609-fLTRo3uGBshC997hD_jpg.rf.6d104cfd0acb1ce77e9e3eff3fe19649.jpg,1,0,1,0,0,0,1,0,0
video-r68Yr9RPWEp5fW2ZF-frame-001506-hh7McqHyWDp5pehtQ_jpg.rf.6cf88183c28eecc74f0923dcae05a814.jpg,0,0,1,0,1,0,1,1,0
video-bk2x9u9JivsWRS9Nk-frame-000620-t5MGR8KvxuaFhkbkn_jpg.rf.6d0fe071c657b6be8c9dc53ec4102667.jpg,0,0,1,0,0,0,0,0,1
video-r68Yr9RPWEp5fW2ZF-frame-009573-hNYbpy5qm7ZvANwf9_jpg.rf.6cf02496be1a642e99b7efbbb2c806e6.jpg,0,0,1,1,1,0,1,1,0
video-DJYDQTZH7GLCqw3Tx-frame-004031-dLCwBMYTMyetYvoQ9_jpg.rf.6d21486fe2ac2aa309b6770d720a3597.jpg,1,0,1,0,0,0,1,0,0
video-5YffDt2oYT6CDzYHk-frame-002647-u25jKgPsXKcH4jux8_jpg.rf.6d4dd6dbe2e9a1f87cb47fdf938d44a1.jpg,0,0,1,0,1,0,1,1,0
video-jNQtRj6NGycZDEXpe-frame-001573-WqWwDckd5gyGKWN5x_jpg.rf.6cdc8467683afce11cafa2e92902ab32.jpg,0,0,1,0,0,0,0,1,0
video-GXXqNLCqyu72TLx5i-frame-001587-apEXteuG3Ky3RKLGu_jpg.rf.6ca60ca8ba0327a454290f06c3a1dec4.jpg,0,0,1,1,1,0,1,1,0
video-YzRKMLLSDnZLFpPmg-frame-000819-yvqY5uKeKZ3ZCPmsS_jpg.rf.6d38b41af80987ae4e5019600633e26c.jpg,0,1,1,0,0,0,1,1,0
video-Gfv3kbdf5KAYRtPcz-frame-001112-ZSMjku3eRwb9Y3CWn_jpg.rf.6d8bb9fea671462c52c3f0d5f87cb743.jpg,0,0,1,0,1,0,0,0,0
video-hmsJCeMCWjX2FhxD8-frame-008415-BWx2RDXwLJeMJ9JzL_jpg.rf.6d7eb83c677b41cff1033a1188abfbeb.jpg,0,1,1,0,1,0,1,0,0
video-TxNGEKRyWMf6Q7hS2-frame-000258-uZ5Loh7MZfncZ7SYG_jpg.rf.6ce1d0a5683a6dfbc94e060b8ec7c32c.jpg,0,1,1,0,0,0,0,0,0
video-4KhLCjoeEmjGBaRLQ-frame-001587-5zKjbXzMRsuzK2BXh_jpg.rf.6db8b08d154a397b624261e8497a4981.jpg,0,0,1,0,0,0,0,1,0
video-5HPT2goT53ceRpvRm-frame-000115-oqWtDYfwtzjhsxxix_jpg.rf.6da95e8d680289273c1488942e6db8ff.jpg,1,0,1,0,1,0,1,1,0
video-KTtJnXH7CcPgLeF2G-frame-004318-mCy7QMH8x2FRiZrac_jpg.rf.6d8d771ce97e739d0b02bbf25d160014.jpg,0,0,1,0,0,0,1,0,0
video-MoCHppHsM4bnncPmS-frame-002085-gd5MypZmRextKmPCC_jpg.rf.6d3e4919f3e744a15ea69b122c5c5e48.jpg,0,0,1,0,1,0,1,1,0
video-rYXSHjnEfuLmjE6Z4-frame-001123-3623HeJcXYGys3Pvd_jpg.rf.6dc3a94123ddc5f463ea700abb000de0.jpg,1,0,1,0,0,0,1,1,0
video-4zQqsnWRwK7SFPpBy-frame-007540-DSAQXLvfsQ9vjHMum_jpg.rf.6d8da735ec0e03d47fcba44d6af90c50.jpg,0,0,1,0,0,0,0,1,0
video-ZicHYAPRYGdu82nAa-frame-003486-FznYepbDEiKhmPh6g_jpg.rf.6e1ea137c082a2ff806c9bac35fe14f9.jpg,1,0,1,0,1,0,1,1,0
video-GzdKTLbkG5F7gAunM-frame-000434-qzBZokvbE8WjuDLb9_jpg.rf.6dd7033dfd34eb95d1029666eca945fa.jpg,0,0,1,0,0,1,1,0,0
video-TTDq3x6HSvFx3YRDH-frame-005026-ggwcHvFH6ZPTYyrQi_jpg.rf.6e0253d2315d5850425e735fff5545f1.jpg,0,0,0,0,0,0,1,0,0
video-r68Yr9RPWEp5fW2ZF-frame-002416-SW9NCi27XhuqAKrTS_jpg.rf.6e0cf95af27b406a1cd2733ba1e8ec6d.jpg,1,0,1,0,1,0,1,1,0
video-a9TgkAvMGtM2gXpdj-frame-011737-QGknN3fwMxqG93Dr2_jpg.rf.6e12b0ca8bcf568ed33d3d398afbcb18.jpg,0,0,1,0,0,0,1,0,0
video-jNQtRj6NGycZDEXpe-frame-002775-pSFepSDcEKw8dyukW_jpg.rf.6e27686bfca3d4afa41278a31d3dd4b4.jpg,1,0,1,1,1,0,1,1,1
video-yBdrow6zFe5E8uEwn-frame-007310-hXpz2m4wrXEMvmPtB_jpg.rf.6dd51b0906a392e2d372fee568a99389.jpg,0,0,0,0,1,0,1,1,0
video-r68Yr9RPWEp5fW2ZF-frame-016979-bXXazg8xgkg8Ymbvi_jpg.rf.6e389241b93281e4311e88e9b7b8208c.jpg,0,0,1,0,1,0,1,1,0
video-SyzNY82LYZrhkPH7x-frame-003383-nBssxWYREsenHt8Yx_jpg.rf.6e20c3746a2b0729da3588da291bcaf8.jpg,0,0,1,0,0,0,1,1,0
video-7ac97f4pH2W94Kgm4-frame-014850-beu69DxES4cmY93Ps_jpg.rf.6e1a588ebf92c3ca795466c4d69dc834.jpg,0,0,1,0,0,0,0,0,0
video-ydbh3ikFGJFieXswZ-frame-001350-ZYWudGLXH3HhFnHWs_jpg.rf.6e2553826d4763d689603c94a3d358ae.jpg,0,0,1,0,0,0,0,0,1
video-DJYDQTZH7GLCqw3Tx-frame-000690-vr24c9TEvKy8hjDkm_jpg.rf.6de80cc873979c589996c743f1263942.jpg,1,0,1,0,0,0,1,1,0
video-AEZAaF8epmvQv5Nfj-frame-008440-DJvcXq3wystx9nvPF_jpg.rf.6e40216c51918fda6693d07200852f0b.jpg,1,0,1,0,0,0,1,1,0
video-AEZAaF8epmvQv5Nfj-frame-014831-jSntbeqX6dAhMWBuQ_jpg.rf.6e5886345b9eb9f0d9a36073d2906663.jpg,0,0,1,0,0,0,1,1,0
video-DJYDQTZH7GLCqw3Tx-frame-005599-xopYpRz58YjxKD7Ya_jpg.rf.6e65561c4b0330551e6ad309751246e2.jpg,1,0,1,0,0,0,1,0,0
video-fg5eBhFE7kHyXPtBi-frame-000317-BD4LM5BkH5Rha2rcH_jpg.rf.6e67ec83ee7bc6d7be06294a9a83704c.jpg,1,1,1,0,1,0,0,1,0
video-DJYDQTZH7GLCqw3Tx-frame-008020-t6mrs4m3cmAnGx48H_jpg.rf.6e2c2b53c0f5d6ee4137f04459da1b73.jpg,1,0,1,0,0,0,1,1,0
video-G9ZpKLJEKsMheip7b-frame-012000-jNKRgLB4Hd8joLApM_jpg.rf.6e5952e2065f5165f68e07dacce2ad17.jpg,0,0,1,1,1,0,0,1,0
video-DJYDQTZH7GLCqw3Tx-frame-003611-C5tuJttABB3hYfjPq_jpg.rf.6e69b6e5176c8a86e80489f67f89c463.jpg,1,0,1,0,0,0,1,1,0
video-6WgZhpFdCJP3a2cWi-frame-007600-7zPKaosxBwpBHrq8b_jpg.rf.6e184d24d53984cc6079a283f5425935.jpg,0,1,1,0,0,0,1,1,0
video-ZicHYAPRYGdu82nAa-frame-003501-RxiyttxmZa9YkpQKY_jpg.rf.6e730a42ed34560c494abbf2caf28004.jpg,1,0,1,1,1,0,1,1,0
video-2SReBn5LtAkL5HMj2-frame-004755-4s7MrxbLocpXdcg88_jpg.rf.6e1e1e479191d1580d5ac133bef74908.jpg,0,0,1,0,1,1,1,1,0
video-XNM8eHsvxCMJ6peuj-frame-000192-BfRxSzcmhhGP6bxYK_jpg.rf.6e9f6767b1bded09a541ea24b6db84fc.jpg,0,0,1,0,0,1,1,1,0
video-5An82wT7iBmfZSwx7-frame-005151-efpqKAF5bEEo9ePhg_jpg.rf.6e8f6d31bd1c93f7159a93a4d4bee0da.jpg,1,0,1,0,1,0,1,1,0
video-G9ZpKLJEKsMheip7b-frame-008400-sacyrvRWKukjidtvM_jpg.rf.6e919c3499e22d964719b7de6285ba88.jpg,0,0,1,0,0,0,0,0,0
video-PY5tYnNPcGE9WrZuq-frame-001906-74acwBpZih6TtQzbR_jpg.rf.6ed14afc8a2047f667965672d034133c.jpg,0,0,1,0,0,0,1,1,0
video-DJYDQTZH7GLCqw3Tx-frame-002424-Z5NbL7QJWap9jWkqL_jpg.rf.6f07e55524cab85bd5ef0234d7322d6e.jpg,1,0,1,0,0,0,1,1,0
video-nodg7n2aFzCWFJBnv-frame-003067-uuE7hrG5heTPN5zP8_jpg.rf.6eb08aadc89e35ed398d4a77840ac6d8.jpg,1,0,1,0,1,0,1,1,0
video-JFiGa9oAAN2queuLt-frame-003377-zpJQgFrJMe9hsBuCC_jpg.rf.6ed8d6a265697bb909c2771b31fae386.jpg,0,1,1,1,0,0,1,0,0
video-KTtJnXH7CcPgLeF2G-frame-003109-8mj7nfTDnFFmyZuTx_jpg.rf.6e8800813e3e54e94119f3e7623395ea.jpg,0,0,1,0,0,0,1,0,0
video-bk2x9u9JivsWRS9Nk-frame-011445-u5rnC3dEGHqJr5Anq_jpg.rf.6eef5c83e94ce203954459c50c256e7c.jpg,0,0,1,0,1,0,0,1,0
video-AEZAaF8epmvQv5Nfj-frame-009659-o5X9vsqPm6i2ktp4c_jpg.rf.6eac6ac759220bb198c6aa1c228f7872.jpg,1,0,1,0,0,0,1,0,0
video-EcPY55txZdfhevYiW-frame-003630-YbpoBxrXuvvcAKMgn_jpg.rf.6e540a0c32906db2413b557f9b538d6f.jpg,0,0,1,0,1,1,1,1,0
video-YzRKMLLSDnZLFpPmg-frame-009839-vcsLeqTBxxKgZ3gPk_jpg.rf.6f0878f22735757cc24d09e6fa4af7f5.jpg,0,1,1,0,0,0,0,0,1
video-AEZAaF8epmvQv5Nfj-frame-000450-tNeES9XNBvHiRZEba_jpg.rf.6f001c1f819fb3111fec423423c37350.jpg,0,0,1,0,0,0,0,0,0
video-iTrM5ner4KQGLvpdC-frame-002503-E7cGASQfrBeJuCvTD_jpg.rf.6f206fc84a2c51e3a376bbfa8386014f.jpg,0,0,1,0,0,0,0,1,0
video-BjSfmxLQqCGjg8tya-frame-005367-v7ZTmFRDaaqeDXirr_jpg.rf.6ee94fca8cdf7176c5c82e1c823e35d3.jpg,0,0,1,0,0,0,1,1,0
video-TEAocgWiwwMWxYtgJ-frame-003284-Zx9YjiPcpW335D4H2_jpg.rf.6eb656040d53ba0bfa5d6f3280ed8898.jpg,0,0,1,1,0,0,0,1,0
video-JFiGa9oAAN2queuLt-frame-001034-xvDe93vjT5omRCH3f_jpg.rf.6f0fe2dc2a3987276663f723a413d0eb.jpg,1,0,1,0,1,0,1,1,0
video-GXXqNLCqyu72TLx5i-frame-001677-7ybQvgfntszcEfWMq_jpg.rf.6f0ff5b7198811982a8740298b6947d2.jpg,1,0,1,0,1,0,1,1,0
video-rYXSHjnEfuLmjE6Z4-frame-000462-RAmb2YgByWw7B9D8g_jpg.rf.6f2e2444b4adbcbaec6ff5ee61532090.jpg,1,0,1,0,1,0,1,0,0
video-ELruYFQjkqpZnir29-frame-003159-qBWDNcpHTkhcmrnXu_jpg.rf.6ed68526a8b01a050aa10226c34a6e09.jpg,0,0,1,0,1,0,1,1,0
video-r68Yr9RPWEp5fW2ZF-frame-006646-LadEXepujuEZ5ousD_jpg.rf.6fcc7ba25706ff5421e32944d89f20b6.jpg,0,0,1,0,0,0,1,1,0
video-JFiGa9oAAN2queuLt-frame-005467-maaEfAYsrB2TnsEGC_jpg.rf.6f508380cd85c08a62bedd628b504d4a.jpg,1,1,1,1,0,0,1,0,0
video-ozJ2BvNKN96SvRTFv-frame-004800-QdEsDtKsCWrJqk3mX_jpg.rf.6fd479dcb255bfe7d90c05f88f749370.jpg,0,0,1,0,1,0,0,1,1
video-muKWZNM2FxQoStMQh-frame-002339-KyPNgYFkNPnDNXxTK_jpg.rf.6f664509585c774e099df7ba166b888a.jpg,0,1,1,0,0,0,1,1,0
video-JFiGa9oAAN2queuLt-frame-004507-2tgAJ9WeJ4iXf8dg8_jpg.rf.6f261f335c3f2170fc8012a75b023515.jpg,1,1,1,0,0,0,1,0,0
video-2rsjnZFyGQGeynfbv-frame-004120-yzPMaju2g6sGu9w5n_jpg.rf.6f4f3aabce2c232c8b4e0b657cc24b21.jpg,0,0,1,0,1,0,1,1,0
video-iFWh9r9TJWmTzTrha-frame-005106-RYmKP5k48K7s3bpBY_jpg.rf.6fdf8aa00d34ae20842beef4517c734d.jpg,0,0,1,0,1,0,1,1,0
video-5HPT2goT53ceRpvRm-frame-001140-a6egarWPjNrBYimJE_jpg.rf.6f53fc62d0533e70dc14217ef61c5227.jpg,1,0,1,0,0,0,1,0,0
video-9BBhGg3MKeaChnLjP-frame-002262-a3AQPcnD2he9txT7N_jpg.rf.6f65b4e973248456f181e8cd1a92d4aa.jpg,0,0,1,0,0,0,0,1,0
video-AEZAaF8epmvQv5Nfj-frame-006890-dK5h8DRBNbRBqBzB5_jpg.rf.6fc5832cb6fa35b967186c089af5f5d1.jpg,1,0,1,0,0,0,1,1,0
video-JFiGa9oAAN2queuLt-frame-004607-Hd3gbWF8AAbH3PmPJ_jpg.rf.6eda34060c247cb44213d7bc2f42291d.jpg,1,1,1,0,0,0,1,0,0
video-JFiGa9oAAN2queuLt-frame-002737-qe6Yfpr9oJevfGiQf_jpg.rf.6fe6fce1b8f0c5b98671019c0b022d94.jpg,1,1,1,1,0,0,1,1,0
video-7EPybiwBrzjDKn7TZ-frame-002992-P4TdhAzu7hKSD6aca_jpg.rf.6fd49c7c36addca223d481fd6adf6efd.jpg,1,0,1,0,1,0,1,1,0
video-JFiGa9oAAN2queuLt-frame-001534-3H3Eb37NroboQBerF_jpg.rf.6fcd406910b5e400fa2b99073a8392dc.jpg,1,0,1,0,0,0,1,1,0
video-jNQtRj6NGycZDEXpe-frame-005657-WGYTTDByBeZxkXecF_jpg.rf.6f840544af55a1ca6fcc98f3068e6120.jpg,0,0,1,1,0,0,1,1,0
video-JFiGa9oAAN2queuLt-frame-003837-aM9WZZ6TpFJyH8t6D_jpg.rf.6f3deadf461972a75018796ba11504a7.jpg,0,1,1,0,0,0,1,0,0
video-r68Yr9RPWEp5fW2ZF-frame-002266-JF2HMQzsHqZv5wyfd_jpg.rf.7003eebbbb724f8b87d9be65f75be135.jpg,1,0,1,0,1,0,1,0,0
video-bMrDdfuGsBBSj3ApB-frame-002100-xDWXLFKrgmrqxgHSD_jpg.rf.7005255feb3132a0a73fd376379fbee4.jpg,0,0,1,0,0,0,0,0,0
video-uSr74imQfjLhADgQZ-frame-002376-5aFppKDfsmkvYs33B_jpg.rf.7021fff50e39b21902c85e429eb51a75.jpg,0,0,1,0,0,0,1,0,0
video-bMrDdfuGsBBSj3ApB-frame-005400-EBxkGNxRZY7tGPqb7_jpg.rf.701f5ce1d4dd5303b1eb1cff544ba91b.jpg,0,0,0,0,0,0,0,0,1
video-r68Yr9RPWEp5fW2ZF-frame-006326-MfzXA6q7oM8Eh9CYF_jpg.rf.6fc0ada3ff4e1b9046dfa08b24ed42d4.jpg,0,0,1,0,0,0,1,1,0
video-XNM8eHsvxCMJ6peuj-frame-000140-fHtnMfAw2LvDfSQN6_jpg.rf.701b0319386c4431fcc3fec5439995f2.jpg,0,0,1,0,0,1,1,1,0
video-AEZAaF8epmvQv5Nfj-frame-008720-dPXcJHrRb54Ht49PB_jpg.rf.702d21cdcb03512c86f8169a21a69379.jpg,1,0,1,0,0,0,1,0,0
video-KTtJnXH7CcPgLeF2G-frame-001836-LrCbmsq9Z6gkRxRTS_jpg.rf.7010963109adf6926b0652fbaf736027.jpg,0,0,1,0,0,0,1,0,0
video-KTtJnXH7CcPgLeF2G-frame-002379-qzAQynhtuA6MxHxRJ_jpg.rf.702cad6c1f993bb6c4c21305ad160dbf.jpg,0,0,1,0,0,0,0,1,0
video-jNQtRj6NGycZDEXpe-frame-000473-ijM3d4QbbJNzkhfgH_jpg.rf.7048a033ed6973a793775f7e0e2ae3fe.jpg,1,0,1,0,0,0,1,1,0
video-YzRKMLLSDnZLFpPmg-frame-010647-8BetrY4DbD34vJYzP_jpg.rf.7083a1c667a43eb5cea47f317fa4f70a.jpg,0,1,1,0,0,0,0,1,0
video-TTDq3x6HSvFx3YRDH-frame-006098-ATCyDqaDpZqkT8QJa_jpg.rf.706652faeda4a3b7a2556a1514fd6215.jpg,0,0,1,0,0,0,0,1,0
video-KTtJnXH7CcPgLeF2G-frame-004513-dj9MhbdeoCkj4Eror_jpg.rf.70095af93262b844f0743de9f7a0f729.jpg,0,0,1,0,0,0,1,0,0
video-r68Yr9RPWEp5fW2ZF-frame-014410-dpXTQNY8AfsLpjC8p_jpg.rf.7022b2319bf21245ede6d2cfc02a6235.jpg,0,0,1,0,0,0,1,0,0
video-Gj7ejTPCZZnD5YwPv-frame-000525-xYxTjtLqTCnDRH8Yn_jpg.rf.70b79088092ed7ca152a977594bf794b.jpg,1,1,1,1,1,0,1,1,0
video-eLrXYzMxSL9NCXiQq-frame-000726-YJZQruhenWDHkd4f2_jpg.rf.70c0a35f9fcbd06c9af96e9879d9f8ef.jpg,0,0,1,0,1,0,1,1,1
video-nCxsLGvXK8o25AmXW-frame-002040-2dJn3QMyKgebbBCrc_jpg.rf.70671a508ce746d077451bcc11d707d4.jpg,0,0,0,0,1,0,1,1,1
video-fg5eBhFE7kHyXPtBi-frame-000494-FAHoHh5ikmzzmqbSJ_jpg.rf.70c623100a9b3abb2296ae032dc6cd55.jpg,0,0,1,1,1,0,1,1,0
video-wGdqQimawNX3RYv76-frame-006264-d3Q8HBHcb5tF8BZCF_jpg.rf.705789d85c2920b924b137c227f7e3db.jpg,0,0,1,0,0,0,1,0,0
video-5nvtKBPHiNQqpswFE-frame-006150-qZLrDWCzWZDvMRdu4_jpg.rf.70f6345e152cb068d3863633fbe20368.jpg,0,0,1,0,0,0,0,1,1
video-2SReBn5LtAkL5HMj2-frame-003997-kRMLrp4n9GJeabj9H_jpg.rf.70c4b4d0ae1eba2700f8aebd73289493.jpg,0,0,1,0,1,1,1,1,0
video-jNQtRj6NGycZDEXpe-frame-005917-jaM4jLLy4ahSW4WRk_jpg.rf.6fadf411b3c38e7d723cc6dfa0ea3390.jpg,1,1,1,0,1,0,1,1,0
video-vvYEi6EdCrYXeHwpD-frame-013464-8pTq4Lv4Qcbe8Hu8M_jpg.rf.70ddf3e4d9b50cc173e6c99a701c3367.jpg,0,0,1,0,0,0,0,0,1
video-EcPY55txZdfhevYiW-frame-002904-b5iLP9AynMi7KKLDb_jpg.rf.70f5c2763b5638555a6720851f0555be.jpg,1,0,1,0,1,0,1,1,0
video-nodg7n2aFzCWFJBnv-frame-003789-sPQ3XiFk5v7Fd4kjE_jpg.rf.70c80a41b7b76c08b5998ff47bd2705e.jpg,1,0,1,1,1,0,1,0,0
video-vbhpsNpMoX2Qbhw2A-frame-001475-7QgtpmrXn9NtxYoKn_jpg.rf.6fc75378152f2b72c7f8b1d3fb1a99fe.jpg,0,0,1,0,1,0,1,1,0
video-GzdKTLbkG5F7gAunM-frame-003013-X2rxGSShwsPNCPpAB_jpg.rf.70faa7eb6c0983fad4f84a3d437b981f.jpg,0,0,1,0,0,0,0,0,0
video-dpPsuZToLaq9myAK8-frame-001624-i8oEYtnq9ZzpsnKT3_jpg.rf.711ce2722e8af647ac78ec539617f6ee.jpg,1,0,1,0,0,0,1,0,0
video-ZicHYAPRYGdu82nAa-frame-002364-ugMPph39BE2WENnpb_jpg.rf.7124549e01a70f916a169a05ebb718fa.jpg,1,0,1,0,1,0,1,1,0
video-dpPsuZToLaq9myAK8-frame-000370-RS9yaN6tN3b5LFdNN_jpg.rf.71239b59c4c0003ec00bb8a501def4b3.jpg,1,0,1,0,0,0,1,0,0
video-AEZAaF8epmvQv5Nfj-frame-010696-TbfjLg272q8Am8mAe_jpg.rf.7196f13da2dcf43dd4f35bd04bd82540.jpg,0,0,1,0,0,0,1,1,0
video-TEAocgWiwwMWxYtgJ-frame-004566-Tf5e7ME8qFRk2CphM_jpg.rf.7155bddb20f27b096f7f76faec30c7b2.jpg,0,0,1,0,0,0,1,0,0
video-jNQtRj6NGycZDEXpe-frame-000673-eoPrQhzLRFT7LBuNX_jpg.rf.713c7dceb583b38ef33b2cb559cdd91c.jpg,0,0,1,1,0,0,0,1,0
video-7EPybiwBrzjDKn7TZ-frame-003052-ZA6MYFLWPTwQFzqDd_jpg.rf.717aa21203287f649d3fb14f8ac2cfba.jpg,0,0,1,0,0,1,1,1,0
video-gwN2KCXHzE6CQJ85P-frame-001500-WPruJ73wQSpZCfzSu_jpg.rf.71a85468ee6bbe5256a6d869b6ae54ef.jpg,0,0,1,0,0,0,0,1,0
video-5YuhMWusfM3ZMtvDx-frame-003765-LwEE6kEK2yQiecpgo_jpg.rf.71a5715ad3fff3d3e65a686d6ed2d872.jpg,0,0,1,0,0,0,1,1,1
video-XqruwSRkto63xLX3v-frame-002376-77JEGFK92P5HffGwj_jpg.rf.714c79b0513b75921169bf8a28e0728c.jpg,0,0,0,0,0,0,1,1,0
video-o68zKob2nb8QMktLF-frame-000651-zcjGWhnmxW6ziD37y_jpg.rf.71870eb71b302fca8b562fbc8bad4f09.jpg,0,0,1,1,0,0,0,0,0
video-qmuvFTzLkR28JMp7r-frame-003575-cmYJRSzoYjqpsHnoA_jpg.rf.718a1be64d1e3d0a94c2e2173607fe40.jpg,0,1,1,0,1,0,1,1,0
video-sEs53HkN6oRqWdeQK-frame-000477-sc74oZSwXcftGYZxw_jpg.rf.713d224d1c80910673089d1373091781.jpg,1,0,1,0,1,0,1,1,0
video-8CvM2BExBLyQFZrK8-frame-000132-wFQu6suGmuRQWj2Fv_jpg.rf.70ba3703f150448a3f968c6125c727c6.jpg,0,0,1,0,1,1,1,1,0
video-RaiPnxNTaxcGE5qfG-frame-000150-sNf4igBjr3AGZrk4N_jpg.rf.71679880f73863b6334278b30ae5a0b9.jpg,0,0,1,0,0,0,0,0,0
video-8CvM2BExBLyQFZrK8-frame-000352-QMYZqzmdmPjjw5Qgk_jpg.rf.71c734b50a14a26a15821bf4efec5dcf.jpg,0,0,1,0,0,0,1,1,0
video-WiuWWrsHrJsDcfFzg-frame-001812-FBD3TppE2eKbq2q3b_jpg.rf.71bf0751208423a2da9a16c146cd4b50.jpg,0,0,1,0,1,0,0,1,0
video-Gfv3kbdf5KAYRtPcz-frame-004281-rsmWpbkfX9gerekSa_jpg.rf.71b122452feb2fc9d397ec32e8c65901.jpg,1,0,1,1,0,0,1,0,0
video-DJYDQTZH7GLCqw3Tx-frame-003561-DQxYsS7DbAfjHq5dB_jpg.rf.71d33f564d0426765d3cb5574347a73a.jpg,1,0,1,0,0,0,1,1,0
video-5YffDt2oYT6CDzYHk-frame-003859-p5T3diAcyYRaqQuHD_jpg.rf.71b757b242257097e53db3d817dd7456.jpg,0,0,1,0,1,0,1,1,0
video-TEAocgWiwwMWxYtgJ-frame-004536-6AJ2hkS6ZLYz7FFjG_jpg.rf.71c2b35dec183484c427c41969185b07.jpg,0,0,1,0,0,0,1,0,0
video-Gfv3kbdf5KAYRtPcz-frame-001022-qnwBaBMLdHTkisRT3_jpg.rf.71cb7748823075c321280b205489e1cd.jpg,1,0,1,1,1,0,1,1,0
video-5v4MPkCMGEKPfroxc-frame-000647-FvgNakaqR3iuYQS6a_jpg.rf.71c3a7f3819e3ffb32f473905d94d8a1.jpg,0,1,1,0,0,0,1,1,0
video-DJYDQTZH7GLCqw3Tx-frame-005649-WX8iJM97xA93KrJht_jpg.rf.71c810e7b06eff48c60f8108e0056883.jpg,1,0,1,0,0,0,1,0,0
video-r68Yr9RPWEp5fW2ZF-frame-000353-6zdRfMiFJqfBbPXLr_jpg.rf.71e41eb4db88b9f72eae77feca7f2e8c.jpg,0,0,1,0,1,0,1,1,0
video-5YuhMWusfM3ZMtvDx-frame-005010-LtXsq7uy5vFoucXbv_jpg.rf.71f3a6fc5c71f4fc5aa2acfea1cd98e3.jpg,0,1,1,0,0,0,1,0,0
video-7EPybiwBrzjDKn7TZ-frame-002007-WJbom4TRwgQZWohoq_jpg.rf.71f610ecc26fa606b67d48ed7cecc1d5.jpg,0,0,0,0,0,0,1,0,0
video-5YffDt2oYT6CDzYHk-frame-000667-Ai6wAwyRgdxsNLgPP_jpg.rf.71cb3e2cc52f72c31a02ba3155c328ea.jpg,0,0,1,0,1,0,1,1,0
video-JFiGa9oAAN2queuLt-frame-007641-ifLpJHJKYdDJpABwo_jpg.rf.7226ccf6fc1b8105a1edb2e00be53515.jpg,1,0,1,0,1,0,1,0,0
video-AEZAaF8epmvQv5Nfj-frame-015991-JfaoBWkiCbHeFGcyx_jpg.rf.7221560facb436d9ce8da9fbb2cfffa2.jpg,1,0,1,0,0,0,1,1,0
video-yBdrow6zFe5E8uEwn-frame-005411-obhkTSecZT4BmGuek_jpg.rf.71fec366d38646c2b4a5d8e7fb5ec0be.jpg,0,0,0,0,1,0,1,1,0
video-Bfb39QmAgJQZfE7Pu-frame-026501-Ms9J9i9Xq5ED3wzXA_jpg.rf.71ebbb1832959cdf3fb67cedc46fbec7.jpg,0,0,1,0,0,1,1,0,0
video-jNQtRj6NGycZDEXpe-frame-001588-23b5vFoRAApJQPH95_jpg.rf.72072a8c63ead7789404f57c1d8295a1.jpg,0,0,1,0,0,0,0,0,0
video-nCxsLGvXK8o25AmXW-frame-012730-hm9CGQE8Nbb6Twvkq_jpg.rf.71ff8accce80fefdc5c212164d5068a1.jpg,0,0,1,0,0,0,1,1,1
video-r68Yr9RPWEp5fW2ZF-frame-007331-RCSEMvRQ22kNcayv5_jpg.rf.72069814950cd4b7cfecbee00229ef47.jpg,0,0,0,0,0,0,1,1,0
video-JFiGa9oAAN2queuLt-frame-000894-qxYmysoZT2SZkYvFx_jpg.rf.723e7f255718d91e53b0f03cadba4f74.jpg,0,0,1,1,0,0,1,1,0
video-Jbg7v6iuvSJavrMsD-frame-000600-w3maEbqK2vj3qmDJk_jpg.rf.7200c4146cd915e9c0d16c30d1bfeab0.jpg,0,0,0,0,0,0,0,1,0
video-qmuvFTzLkR28JMp7r-frame-004427-45XJqWKLsWrYCRyKp_jpg.rf.72637d75c841f907036b70040e21f37f.jpg,0,1,1,0,0,0,0,1,0
video-7EPybiwBrzjDKn7TZ-frame-006845-8KBQ4ndtdcsgDhx4A_jpg.rf.724436b61c40d3358720b2562c734fe7.jpg,0,0,1,0,1,0,0,1,0
video-ZicHYAPRYGdu82nAa-frame-002544-gPg27RJpoGuegkQba_jpg.rf.724e43eddac53c0b35a7306343b5bc1a.jpg,1,0,1,0,1,0,1,1,0
video-cprcATqPmWGnc3cgi-frame-001737-XRpypWNgQ865YP2Xc_jpg.rf.725da3610a66bace77549ae17c7e3df5.jpg,0,1,1,0,0,0,1,1,0
video-5YffDt2oYT6CDzYHk-frame-002637-zwrphe56qcioqXYn3_jpg.rf.722a5c2c76a5d160c7962b57a8119612.jpg,0,0,1,0,1,0,1,1,1
video-iFWh9r9TJWmTzTrha-frame-002162-z6BYfaaWmCewcB2zq_jpg.rf.726ecefe74ddaf076544c5672d4f4733.jpg,1,1,1,0,1,0,1,1,0
video-5HPT2goT53ceRpvRm-frame-000720-txMzQgGfSp4vJQxJq_jpg.rf.720d4214365fd93715e11bd640150f40.jpg,1,0,0,0,0,0,1,0,0
video-DJYDQTZH7GLCqw3Tx-frame-005739-uNX2WhNN46WJTmuPb_jpg.rf.7211ad42e185f1c18906123f5230977b.jpg,1,0,1,0,0,0,1,0,0
video-kDDWXrnLSoSdHCZ7S-frame-001530-L6nSyWQ4tykdDEHYQ_jpg.rf.727740bf39459b3186813c3897d646bc.jpg,0,0,1,0,0,0,0,0,0
video-Bfb39QmAgJQZfE7Pu-frame-004173-JQCQAdpMwGJRirarf_jpg.rf.72b9f8b4fd4dde11f15240f030d126ce.jpg,0,0,1,0,0,1,1,0,0
video-GzdKTLbkG5F7gAunM-frame-000284-v68F7QyxkFbbGqgzg_jpg.rf.72c839c9c9402287ede6b9c8592bf34c.jpg,0,0,1,0,0,0,0,1,0
video-r68Yr9RPWEp5fW2ZF-frame-013468-htwzZ5NhKKHMPgzWN_jpg.rf.726ded7fe254b2850686f1294a6509ea.jpg,1,0,1,0,1,0,1,1,0
video-7EPybiwBrzjDKn7TZ-frame-004118-j7e9eq3vozZFCv6tL_jpg.rf.72f60a64642543ab41240eabe02a779e.jpg,0,0,1,0,0,0,1,0,1
video-Gfv3kbdf5KAYRtPcz-frame-000932-znSurrkNXTszyY4rv_jpg.rf.72f2aeac52f955a34e9c50707e6dc2a3.jpg,0,0,1,1,0,0,1,1,0
video-jNQtRj6NGycZDEXpe-frame-005507-WYa4tyBLJzFT3iTpu_jpg.rf.71c89f06244cfdb5fb1d75ea539df1d2.jpg,0,0,1,0,0,0,1,1,0
video-AEZAaF8epmvQv5Nfj-frame-016982-dLkC4QGsP8ATRSc54_jpg.rf.729cf313a0d665e3068b85a5cb9a5d66.jpg,1,0,1,1,0,0,1,1,0
video-5YffDt2oYT6CDzYHk-frame-002004-6Eq65m6rN9KS5JSxq_jpg.rf.72c4443b98a3247b9cf1a7c6c3d339f8.jpg,1,0,1,0,1,0,1,1,0
video-a9TgkAvMGtM2gXpdj-frame-001067-thHvRSsrNZtMMmFtT_jpg.rf.72f94b1cb7c09acfd8eea8f072153ff9.jpg,0,1,1,0,1,0,1,1,0
video-2rsjnZFyGQGeynfbv-frame-001854-H5iyr9aKwyrgmfNbh_jpg.rf.72bded0db8ac67b1bc805b029608a95f.jpg,0,0,1,0,0,0,1,0,0
video-ELruYFQjkqpZnir29-frame-001366-yqDZSjwq3GD98W5Qw_jpg.rf.72d381dd4eeb70fe86a2af629e21d6ba.jpg,0,0,1,0,0,0,1,0,0
video-7EPybiwBrzjDKn7TZ-frame-002097-t5RSpmBZpsizQGQCf_jpg.rf.7304a4b05499533c145e3791aebd9014.jpg,0,0,1,0,0,0,1,1,0
video-o68zKob2nb8QMktLF-frame-000511-BWe7rXM2YsNZuiLM5_jpg.rf.72f5d4da0441a980bbd2461005e4c29b.jpg,0,0,1,0,0,0,0,0,0
video-7EPybiwBrzjDKn7TZ-frame-000551-CzNoCvZzqSP75jKFr_jpg.rf.732f35cd31044e21713863508cd987cd.jpg,1,0,1,0,1,0,1,1,0
video-BjSfmxLQqCGjg8tya-frame-000840-DjjFYdYe6c3pKaP7M_jpg.rf.72d307d5e3aa6636c5ca723387b9afb0.jpg,0,1,1,0,0,0,1,1,0
video-AEZAaF8epmvQv5Nfj-frame-010866-pKwamjFqmuDv5ejNw_jpg.rf.73209aa65f0edfafabc1f1d25ae04c8a.jpg,0,0,1,0,0,0,1,1,0
video-bk2x9u9JivsWRS9Nk-frame-010791-fThEWrYqH9FbsFq6t_jpg.rf.733930dc328914969a8ba85848161474.jpg,0,1,1,0,1,0,1,1,1
video-ipHbyAv8iW9kmxTGj-frame-004520-Yw8rYTnTCAka8Qxma_jpg.rf.73641ecebd63c617697b6c08959a3209.jpg,0,0,1,0,0,0,0,1,0
video-AEZAaF8epmvQv5Nfj-frame-007485-kd5EKr5MiyF2CoE96_jpg.rf.733c602bc80d90e278996338ee4aaac0.jpg,1,0,1,0,0,0,1,1,0
video-yNoh5QQAPbR9Afm4i-frame-000000-s4p4ZnxTDDiM4u8Ex_jpg.rf.7379b4fbaaf736a393072ae2e457d6ee.jpg,0,0,1,0,0,1,1,0,1
video-5An82wT7iBmfZSwx7-frame-005451-rptptvsjAoQn464uu_jpg.rf.72fb584545f1d988bf48df309350761b.jpg,0,0,1,1,1,0,1,0,0
video-soRFb9y3iqE3YpJSG-frame-003872-r8dBwYSJNv2hmERk2_jpg.rf.7405b334003c4737d6125d29119c0a68.jpg,0,0,1,0,0,0,1,1,0
video-nodg7n2aFzCWFJBnv-frame-002722-2AidpxrQAvBNudm73_jpg.rf.738a41d01fa127e5012d04ccc3ee171c.jpg,1,0,1,1,1,0,1,1,0
video-DwBWZSnE7WHzSoM2G-frame-001500-GDjxwd3qSXr7fhGkb_jpg.rf.742f28dc8cb846ad026dd86bbd88c0bd.jpg,0,0,1,0,0,0,0,1,0
video-r68Yr9RPWEp5fW2ZF-frame-006476-TutqLpAFcvgc6ehW6_jpg.rf.7434d8f5026ac95776e990ea6d385555.jpg,0,0,1,0,0,0,1,0,0
video-5Lwe5DATf4BxKtaiB-frame-001337-efN8rwaQdJMsn4StR_jpg.rf.740d37a196e5954611835fff54927ae7.jpg,1,0,1,0,0,0,1,0,0
video-DJYDQTZH7GLCqw3Tx-frame-007580-XC8hHCHbMDbmceGGZ_jpg.rf.73b247438b8cc3a83024fead5af3ffbd.jpg,1,0,1,0,0,0,1,1,0
video-AEZAaF8epmvQv5Nfj-frame-006480-HuuKtrh3fp78pbdq9_jpg.rf.7378263c726de70673a61703d6fdb803.jpg,1,0,1,1,0,0,1,1,0
video-DJYDQTZH7GLCqw3Tx-frame-002917-xKwkCo5ygLu85mp2n_jpg.rf.740ec0d9ffb7324d3139fa0e9a1ec515.jpg,1,0,1,0,0,0,1,0,0
video-JFiGa9oAAN2queuLt-frame-004097-DRKrWzPR58AirjzEa_jpg.rf.7439e87cc43b472dfdf4ad41c5417f3c.jpg,0,1,1,1,0,0,1,0,0
video-wGdqQimawNX3RYv76-frame-006064-4ZvXT22YPZmTki4N6_jpg.rf.7444f4578441ac771bd8b934d4e99961.jpg,0,0,1,1,0,0,1,0,0
video-2MbnnGTv27EBLGqiQ-frame-005100-MH4oj4SYpJoJ7Lps8_jpg.rf.746299912706bdd95f40049d0af3f908.jpg,1,0,1,0,0,0,1,0,0
video-hmsJCeMCWjX2FhxD8-frame-002244-yQBhgh6dc9oAq9PSY_jpg.rf.74279d535210c63128d1011e5681291e.jpg,0,0,1,0,0,0,1,1,0
video-5An82wT7iBmfZSwx7-frame-001563-xtHKLFAn5LDkFtTmz_jpg.rf.73dc195baad60b73520120349ed69b92.jpg,0,0,1,1,1,0,1,1,0
video-JFiGa9oAAN2queuLt-frame-001084-tYkfAAzQ6EjHPjpTf_jpg.rf.74865d09c5e888edfc2805810a5dcf95.jpg,1,0,1,0,1,0,1,0,0
video-AkvAvb4X72cnTbbCw-frame-000245-wiT5vuHJQsziDntpg_jpg.rf.746ebe38dcde07c8a4d87ff2a455d76b.jpg,0,0,1,1,1,0,1,1,0
video-r68Yr9RPWEp5fW2ZF-frame-009413-6EELdirQYy4hZXsCH_jpg.rf.733df51907b7102536d2b443f4125812.jpg,0,0,1,1,0,0,1,1,0
video-AEZAaF8epmvQv5Nfj-frame-013550-TS6kRj7RyRthfeBHW_jpg.rf.7485bd4d0d8254ab4fdc8a113e737356.jpg,1,0,1,0,0,0,1,1,0
video-AEZAaF8epmvQv5Nfj-frame-015871-X5taAiRSStkuwPhkw_jpg.rf.7474bb55c9fe30dcccde0d03bef3fb00.jpg,0,0,1,0,0,0,1,1,0
video-AEZAaF8epmvQv5Nfj-frame-015861-RxBk54XFQE3LTbzcL_jpg.rf.749e8bbfb0d892d36b109d5543e086f2.jpg,0,0,1,0,0,0,1,1,0
video-5Lwe5DATf4BxKtaiB-frame-001052-QR7kvGC3GQSH3s9bx_jpg.rf.74a4aee5f7e06b1712b68273b84ec32f.jpg,1,0,1,0,0,0,1,1,0
video-Jbg7v6iuvSJavrMsD-frame-012900-HbkphtsLaHejxPRYM_jpg.rf.740bad0a0091d479233dc03816742157.jpg,0,0,0,0,0,0,0,1,0
video-r68Yr9RPWEp5fW2ZF-frame-015765-tn2KuKe2nb2NEfFDj_jpg.rf.74976b36f55a3ed939c56ef31ec95ad7.jpg,1,0,1,0,1,0,1,0,0
video-JFiGa9oAAN2queuLt-frame-007621-WhPtBpowmeGFbjbDg_jpg.rf.7502029fae4310bb0296a7b6083b9b57.jpg,1,0,1,0,1,0,1,0,0
video-DJYDQTZH7GLCqw3Tx-frame-002354-PKMgbqxdApQHLmpKS_jpg.rf.74ced52e3be9b001b3c7d8bb4356d9a3.jpg,1,0,1,0,0,0,1,1,0
video-WFkuHrJEHigf6HCWZ-frame-003132-gycEjNaWsiiiypkMC_jpg.rf.74b0b4210aeae943b4e3320c7acf03bc.jpg,1,0,1,0,1,0,1,0,0
video-hmsJCeMCWjX2FhxD8-frame-008486-gF77b3PBQdu9GtMis_jpg.rf.74c2a5f9d618e8cc2fb6a22d34a83d82.jpg,0,0,1,0,1,0,1,1,0
video-kZvY7NeD8kA7PiMWX-frame-002493-HpEf2uD4fXBexbvNh_jpg.rf.74f6ccea7d12bb2f445a5c4e3581681f.jpg,0,1,1,0,0,0,1,0,0
video-KTtJnXH7CcPgLeF2G-frame-000489-eEyXQZYR8NccZkNtw_jpg.rf.74bc0b15a5a6b9d739bcd579c72b34df.jpg,0,0,1,0,1,0,1,1,0
video-DJYDQTZH7GLCqw3Tx-frame-004956-ZeZ2QYegfKoWnvkGw_jpg.rf.74a4a6f61efe947fb229774e19ebd3ad.jpg,0,0,0,0,0,0,1,1,0
video-o9b92aG9EbJnkJEwF-frame-001656-8yfavJoZq2o7q6aZ4_jpg.rf.7507a173d471e0b9d4d43dbe623fd414.jpg,0,1,1,0,0,0,1,1,0
video-MoCHppHsM4bnncPmS-frame-003709-oagGMFFavBiFPFpgk_jpg.rf.74b393fd5adf1e85705fee70a896f639.jpg,0,0,1,1,1,0,1,1,1
video-PY5tYnNPcGE9WrZuq-frame-005160-E4DpXWTbvoM5tdrZ5_jpg.rf.74ad0d5d5fa48a5a8a9689ee7b88202c.jpg,0,0,1,0,0,0,0,0,0
video-EcPY55txZdfhevYiW-frame-010890-HsSqJntawiTdsocYQ_jpg.rf.75297be5a26bfd3a75a66c25914411eb.jpg,0,1,1,0,0,1,1,0,0
video-5YffDt2oYT6CDzYHk-frame-001287-TecfTPw7NT3o9hEd6_jpg.rf.752e3424fb7b169e7ba4932f82a612ba.jpg,0,0,1,1,1,0,1,1,0
video-Gfv3kbdf5KAYRtPcz-frame-003835-n8rGaDkHTBSH9nTf7_jpg.rf.754ce22e6e2828d8cdb23012a67bdb92.jpg,1,0,1,0,0,0,1,1,0
video-JFiGa9oAAN2queuLt-frame-005557-toGCijSSzuLEz7vea_jpg.rf.752016736b029cb7c7146ecc9507601b.jpg,1,1,1,0,0,0,1,0,0
video-AEZAaF8epmvQv5Nfj-frame-014531-NoX8AvskXEBoCGWJo_jpg.rf.74c2cf41a9916387b7e0928094f8df68.jpg,0,0,1,0,0,0,1,0,0
video-5HPT2goT53ceRpvRm-frame-000480-xAvzKcRJfrQdjk9k4_jpg.rf.754491c61f249cb298f52f4e4c5166ed.jpg,1,0,0,0,0,0,1,0,0
video-DJYDQTZH7GLCqw3Tx-frame-005319-4cvoQYrsv3n6nJ4oX_jpg.rf.7557d2d732783d950491347efcca0544.jpg,1,0,1,0,0,0,1,0,0
video-ZicHYAPRYGdu82nAa-frame-001185-FjqpRsnjDpTbZCDTj_jpg.rf.74ba525c40d609598a433ef0bf9d1457.jpg,1,0,1,1,1,0,1,0,0
video-aiXLPEvp86raemrsp-frame-005525-QLSgYrMe8nFeu2JGz_jpg.rf.7564fbe4941c266fca92da7ac4a05e6b.jpg,1,0,1,0,1,0,1,0,0
video-DJYDQTZH7GLCqw3Tx-frame-008620-MaWsD7sBj64sfQM2y_jpg.rf.759a3ba30e6d3d8921467fdb41ac3e44.jpg,1,0,1,0,1,0,1,0,0
video-eLrXYzMxSL9NCXiQq-frame-001792-y8cNauLYA5RKHMecy_jpg.rf.759306ad027bb4dc094358a34d135418.jpg,0,0,1,0,1,1,1,1,1
video-JFiGa9oAAN2queuLt-frame-007331-JvzZ9yPqgpzbMdueF_jpg.rf.753de3437414db72dfca84007d839b54.jpg,1,0,1,0,1,0,1,1,0
video-ydbh3ikFGJFieXswZ-frame-000900-nFg4PxhmntefR7fZi_jpg.rf.758dc57c1b9e50bbf42990d4034f0b69.jpg,0,0,1,0,0,0,0,0,1
video-ZicHYAPRYGdu82nAa-frame-001013-zt4J6abxiZPK4GdzE_jpg.rf.758681d339a0680a2cda4e971825fbe7.jpg,0,0,1,0,0,0,1,0,0
video-yNoh5QQAPbR9Afm4i-frame-003661-BYApYQYvDFb2RAKz2_jpg.rf.759b249ff4583fb57a20d1f4601d4d76.jpg,0,1,1,0,1,0,1,0,0
video-DJYDQTZH7GLCqw3Tx-frame-002937-jsEn2odiv7D24A53H_jpg.rf.75bcc1b9b2d2064187a4c7dcc337daf9.jpg,0,0,1,0,0,0,1,0,0
video-wGdqQimawNX3RYv76-frame-006874-2JZaRRppvachJQ25a_jpg.rf.757dda0676d3a033f1d895798e980205.jpg,0,0,1,0,0,0,1,1,0
video-8CvM2BExBLyQFZrK8-frame-003512-w68Lgq4Qo8aCdu2Dw_jpg.rf.75b8a94c3caf13ac8b97b1a6b97f66c7.jpg,0,1,1,0,1,0,1,1,0
video-DJYDQTZH7GLCqw3Tx-frame-005419-byneERQoarkjbxX5P_jpg.rf.75b0f1d43106798fe372828c3db5c413.jpg,1,0,1,0,0,0,1,0,0
video-G9ZpKLJEKsMheip7b-frame-000150-v6E3JiJvaZYEiPwDq_jpg.rf.75bd8702386113c4f33f0a02befa6b1c.jpg,0,0,1,0,0,0,0,0,0
video-hmsJCeMCWjX2FhxD8-frame-006732-z2xX63Fjioj8pdhSE_jpg.rf.75e5dcba6e88a84859adf81186f24d3f.jpg,0,0,1,0,0,0,1,0,1
video-BjSfmxLQqCGjg8tya-frame-007453-q5mkfjGi2oNiQXXCq_jpg.rf.75a4c430592897a6e824599f6bf87db4.jpg,0,0,1,0,0,0,1,0,0
video-kDDWXrnLSoSdHCZ7S-frame-002928-a3YR6fYQMA7jf6L4Q_jpg.rf.75fdd54e05272c2afee20c00357e9ea2.jpg,0,0,1,0,1,0,1,1,0
video-JFiGa9oAAN2queuLt-frame-004337-oD7hEMW3LM2W47ohd_jpg.rf.75d2c4fea2f5a22e5c292e75af10a1a0.jpg,0,1,1,1,0,0,1,0,0
video-AEZAaF8epmvQv5Nfj-frame-006520-Q6q6F4dHTKj9e9atE_jpg.rf.7608a505362c25705126df7b4bc60138.jpg,1,0,1,1,0,0,1,0,0
video-GXXqNLCqyu72TLx5i-frame-000596-MRoXDk64ywbpMMwQd_jpg.rf.75c18201375b8756d83a8f4828543dde.jpg,0,0,1,0,0,0,1,0,0
video-AEZAaF8epmvQv5Nfj-frame-015911-mDu5qY8HzFEc9yZqL_jpg.rf.7600ddbaaa126b735fa77917b93c2ead.jpg,0,0,1,0,0,0,1,1,0
video-TTDq3x6HSvFx3YRDH-frame-005579-yBKskyWbsf5gF3pKx_jpg.rf.75cf279b9b285aaf73db1c8d3e774cd2.jpg,0,0,1,0,0,0,1,0,0
video-AEZAaF8epmvQv5Nfj-frame-010916-6kfsmzxz22LD22Sxo_jpg.rf.76436031c058a573b25dfcb77572936e.jpg,0,0,1,0,0,0,1,1,0
video-ZicHYAPRYGdu82nAa-frame-002888-sB4CK9jCeWbjEYnmH_jpg.rf.760fc896c6a3082cb53d893837325d10.jpg,1,1,1,0,1,0,1,1,0
video-AEZAaF8epmvQv5Nfj-frame-009811-DXPMq9PNocMt8MYjA_jpg.rf.7629649f7d12274a472f9590b715bc3e.jpg,0,0,1,0,0,0,1,0,0
video-RzCFkE9yg95GWAnYj-frame-004200-mSNPNrFGGyCue8sNy_jpg.rf.766fd45731b7683ec31456a24f47228e.jpg,0,0,1,0,0,0,0,1,0
video-5YffDt2oYT6CDzYHk-frame-001814-4GZPc82M5as66rfdT_jpg.rf.760d94b3cb75b6853fc03a3f83a20e5b.jpg,1,0,1,0,1,0,1,1,0
video-DJYDQTZH7GLCqw3Tx-frame-000070-PezhzaBaEGq7teg5o_jpg.rf.76017fcf4a93576e7c61b360a850f08f.jpg,1,0,1,0,0,0,1,1,0
video-r68Yr9RPWEp5fW2ZF-frame-007351-gtDEFzDYd5tsY6MGM_jpg.rf.7629240183816eef3ff491fb35c6daf8.jpg,0,0,0,0,0,0,1,1,0
video-nodg7n2aFzCWFJBnv-frame-001300-pFCmFudmzwCXicxHb_jpg.rf.763b0bf376e5279d2ce794dc70251f5d.jpg,1,0,1,0,0,0,1,1,0
video-S5osy2ei487eAM2fw-frame-002469-9uWYiPtNz6t3Tb9vw_jpg.rf.763d034aca58e125ed78c705ed064a25.jpg,1,0,1,0,1,1,1,1,1
video-vbhpsNpMoX2Qbhw2A-frame-000875-JtnW5BiMuAswX8eyZ_jpg.rf.769861a82dcd676c2014cd32ca72d433.jpg,0,0,0,0,1,0,0,0,0
video-gwN2KCXHzE6CQJ85P-frame-002400-XYTCgBuCTdcGBRCtY_jpg.rf.76b88a59b862f45c2ee017750f3390b0.jpg,0,0,1,0,0,0,0,1,1
video-r68Yr9RPWEp5fW2ZF-frame-001956-QRAzGSvSKgySX7MAx_jpg.rf.76a06d77da859b79c75b02b91d6c1e69.jpg,1,0,1,0,1,0,1,0,0
video-KTtJnXH7CcPgLeF2G-frame-003913-TqDzNaQpdFbwBGPP9_jpg.rf.7620e198f0571b86e10363f3bf8416da.jpg,0,0,1,0,1,0,0,1,0
video-nodg7n2aFzCWFJBnv-frame-001225-AtF6YxiWCcSA6M3pR_jpg.rf.767f3aa0f4fb3391a9b42fc76ee5cdcc.jpg,1,0,1,0,0,0,1,1,0
video-KTtJnXH7CcPgLeF2G-frame-003868-pWywuXP3kZCjBYuib_jpg.rf.760d1dd973fc8af428728a7b29c26b32.jpg,1,0,1,0,0,0,1,0,0
video-EcPY55txZdfhevYiW-frame-010527-C2qKm89MDpF3do6aL_jpg.rf.76b9603782318c64c4d705bf9fd65f02.jpg,0,0,1,0,0,0,1,0,0
video-AEZAaF8epmvQv5Nfj-frame-009881-N6S7CZ5qph39CQ5ot_jpg.rf.76cd0e5e9e2f04db196d610991182aae.jpg,1,0,1,0,0,0,1,0,0
video-8QxGjiebFiGwCKrd5-frame-009300-iNt85Qa4sxpXrJwLN_jpg.rf.76d92226886559b1292eb9d50334a51e.jpg,0,0,1,0,0,0,0,1,0
video-Bfb39QmAgJQZfE7Pu-frame-015984-RuenybyY82mrSBdFc_jpg.rf.76bf5dd62f95571b919e115f35441ace.jpg,0,0,1,0,1,0,1,1,0
video-WGCm6DTcSjgg7FgMm-frame-001800-783oSy3AnnKzBpBR4_jpg.rf.774410e0b3d876c1a527a4a0922f3b82.jpg,0,0,0,0,0,0,0,1,0
video-xEYBrQ5tarcDbiw9p-frame-010119-2mA7hyPm4G9GJ8ASj_jpg.rf.76e6d9c22f963dbee33682cd8e3a2e5b.jpg,0,0,1,0,1,0,1,1,0
video-6WgZhpFdCJP3a2cWi-frame-010400-pFah7McEoYsyBeXC8_jpg.rf.77071db81dfc268a0cc90b6cbc8feca1.jpg,0,1,1,0,0,0,1,1,0
video-LRYpoNWeYLm3tZZst-frame-003300-5reLeyzEgB989yoK8_jpg.rf.7724c0bf9f99034d99b3b63509b50a53.jpg,0,0,1,0,0,0,0,1,0
video-fg5eBhFE7kHyXPtBi-frame-001638-cmA9diJWoukJJ9nwZ_jpg.rf.772e66df6d51cdd6f1b3270fed311362.jpg,1,0,1,0,1,0,1,1,0
video-iFWh9r9TJWmTzTrha-frame-001671-QMJBaiTWi3vsry362_jpg.rf.774bb4dbeec601b73bf3d68d5ad74a84.jpg,0,0,1,0,1,0,1,1,0
video-6WgZhpFdCJP3a2cWi-frame-004800-SCfQWphueGkcKsfEb_jpg.rf.7706d6771eb9565901d601813f379dce.jpg,0,1,1,0,1,0,0,1,0
video-eLrXYzMxSL9NCXiQq-frame-001459-JAyMfQkAieucABjJd_jpg.rf.7756ae149f9994dc09017ab9cdbdd429.jpg,0,0,1,0,1,1,1,1,1
video-7EPybiwBrzjDKn7TZ-frame-006770-FD8gGikfnoRS3mh2R_jpg.rf.775bdfdf52fcdba3f19644bbdbff360b.jpg,0,0,1,0,1,0,1,1,0
video-r68Yr9RPWEp5fW2ZF-frame-013928-J2ZTDAi3Ptt5oozFk_jpg.rf.7707b0381cb6c935ac6a8050cfac6b7b.jpg,1,0,1,1,1,0,1,1,0
video-ipHbyAv8iW9kmxTGj-frame-000170-4T2KzXWrdwAyLYpyD_jpg.rf.77c4ee54a1a2fbb842cc246b356ab4ac.jpg,0,0,1,0,1,0,0,1,0
video-DJYDQTZH7GLCqw3Tx-frame-004101-MB8EzMfFAvoJsANAh_jpg.rf.77b3fb7640d1a30602d70cb6d1674191.jpg,1,0,1,0,0,1,1,0,0
video-XvhW2CuNNzf5oWRXK-frame-000027-6wqS4GSozKf5SHMsE_jpg.rf.7783c65fcfef4a8e007f5a3f564e3d75.jpg,0,0,1,0,0,1,1,1,0
video-iFWh9r9TJWmTzTrha-frame-000955-2vtD8omnp6G9BRADd_jpg.rf.7785dced328e47a3ed4b584d990b353a.jpg,0,0,1,0,1,0,1,1,0
video-DJYDQTZH7GLCqw3Tx-frame-005769-RkrzHH3TbuagMFXuo_jpg.rf.775a3b2741b3d44a156117bcca516a47.jpg,1,0,1,0,0,0,1,0,0
video-r68Yr9RPWEp5fW2ZF-frame-017029-FZsB6jxfZG4hR9Y4R_jpg.rf.778ce4434a47a6a2902f4ee0e6ddf11d.jpg,0,0,1,0,1,0,1,1,0
video-r68Yr9RPWEp5fW2ZF-frame-008673-LnbwPjKXvbN5vjkgY_jpg.rf.77cbff250092cde4f5f77b03c7e5f7d0.jpg,0,0,1,0,0,0,1,1,0
video-JFiGa9oAAN2queuLt-frame-000230-JKsZC4GP9xssXmCZu_jpg.rf.77326c0f7f66ea3e77b6c8c4def60ea7.jpg,0,1,1,0,0,0,1,1,0
video-TxNGEKRyWMf6Q7hS2-frame-000172-7FQT7CQ2bQFKt5JfQ_jpg.rf.77f2f158077df4a2e0c9da7c5b28c27f.jpg,0,1,1,0,0,0,0,0,1
video-DJYDQTZH7GLCqw3Tx-frame-007210-Mf3T3iF6F6hT34Anx_jpg.rf.77ef38a707264b416399986db5cdec66.jpg,1,0,1,0,0,0,1,0,0
video-BjSfmxLQqCGjg8tya-frame-004863-ReREtPjCs4eHsqftW_jpg.rf.77eec4fb479dd259457530b354de1cbc.jpg,1,0,1,0,0,0,1,1,0
video-nCxsLGvXK8o25AmXW-frame-002500-A4yMmLsC32CP4sSjR_jpg.rf.77e0b2a797bdc62d618749701f26f8ed.jpg,0,0,1,0,0,0,1,1,0
video-5HPT2goT53ceRpvRm-frame-000705-tofWi8sYkkJQuRJPN_jpg.rf.77f522720cf4afb54514983e16250b47.jpg,1,0,0,0,0,0,1,0,0
video-r68Yr9RPWEp5fW2ZF-frame-008483-CiijFnBEHSFDwow5p_jpg.rf.77fde9e829091895453e36d7d7c60f35.jpg,0,0,1,1,0,0,1,1,0
video-7EPybiwBrzjDKn7TZ-frame-003232-Qr6x7bLSEu9awHjpz_jpg.rf.76bb9db10539dff5b9e06fff403b8efc.jpg,0,0,1,0,0,1,1,1,0
video-nodg7n2aFzCWFJBnv-frame-001930-E3XvzGfvPyWor7hEu_jpg.rf.77f6a6f3140ef532969a777a86f9de9e.jpg,1,0,1,0,0,0,1,0,0
video-aMQG7QCtJKfnEdue5-frame-003603-4NYyWJBEmRQsivgu4_jpg.rf.77f41076d99fc02d5ec18fcd14383e96.jpg,0,0,1,0,0,0,1,0,0
video-5YffDt2oYT6CDzYHk-frame-001137-op5BPSJdLaYGCdphq_jpg.rf.7803bef8ad1e11f76d5a70daa010a9b5.jpg,0,0,1,1,1,0,1,0,0
video-DJYDQTZH7GLCqw3Tx-frame-008690-GJAgNssjAJPJJv8T6_jpg.rf.782ef8ced24cdca758a1bc5a32f17c50.jpg,1,0,1,0,1,1,1,1,0
video-AEZAaF8epmvQv5Nfj-frame-014841-xqodCSd4hBsKjNXQk_jpg.rf.77fa6116b775364068ac614e7ed4387c.jpg,0,0,1,0,0,0,1,1,0
video-kZvY7NeD8kA7PiMWX-frame-000831-SaWFsuzRLoXeZ2wba_jpg.rf.7806954a7cca3b7fc4825b97680396ce.jpg,0,0,1,0,1,0,1,1,0
video-GMDwNs5TdqejpF4vu-frame-002974-CxbkkmdBhWyYeNs8M_jpg.rf.7826e14d22e5f43f950eeb55b89ebdfc.jpg,0,0,1,0,0,0,1,1,0
video-vbhpsNpMoX2Qbhw2A-frame-001305-mQxFXTB4qBZsrrdAB_jpg.rf.7821d2a5c6d8d99e0e4902c2bb952e25.jpg,0,0,1,0,1,0,1,0,0
video-TTDq3x6HSvFx3YRDH-frame-005624-QBkLCb4AKJ5yzLx9D_jpg.rf.78199ffe962188709649bad2b558690c.jpg,0,0,1,0,0,0,1,0,0
video-jNQtRj6NGycZDEXpe-frame-009370-3tkJ39YZoc7HW9ZeT_jpg.rf.784e24907f87527550a05136f7555d23.jpg,0,0,1,0,1,0,1,1,0
video-JFiGa9oAAN2queuLt-frame-002817-wEheZHjAkn8Kdwp52_jpg.rf.78156bb7a25b9322592241342b8c441b.jpg,1,1,1,0,0,0,1,1,0
video-5RBAcNR5F6fB3i6P5-frame-012569-SAoXNHQP7Ti75MktH_jpg.rf.780c18d1740291ba030da39578ea1277.jpg,0,0,1,1,0,0,0,0,0
video-r68Yr9RPWEp5fW2ZF-frame-008613-g8qBEMfWuZFPtP6KJ_jpg.rf.7884bfe2dfb9a023183b2264607f284d.jpg,0,0,1,0,0,0,1,0,0
video-AEZAaF8epmvQv5Nfj-frame-013620-ipzZQXv84WR9neihW_jpg.rf.781746431576ff039a25e1d3a43a0847.jpg,1,0,1,0,0,1,1,0,0
video-nodg7n2aFzCWFJBnv-frame-003322-5wRuixvvPQtR5XW3B_jpg.rf.78cde73b01bd8074bd678e2449189530.jpg,1,0,1,0,0,0,1,1,0
video-7yaY3LisuPdNyfZH9-frame-002831-L6aPB8ikGMt6S8nuZ_jpg.rf.78cb43c7bb358ce35c4f790c4a17e186.jpg,0,0,1,0,1,0,1,1,0
video-DJYDQTZH7GLCqw3Tx-frame-000040-MSvfthr55nfymmaNJ_jpg.rf.7899395001a69131fb5ad481b68d611c.jpg,1,0,1,0,0,0,1,1,0
video-r68Yr9RPWEp5fW2ZF-frame-007066-Dnr2v3C4ZxejL5jnw_jpg.rf.78a7b9c48b167077a1dc5e65e666037d.jpg,0,0,1,0,0,0,1,0,0
video-MoCHppHsM4bnncPmS-frame-001980-ci89GAqt6rXbPi7as_jpg.rf.78bf3eae920986fe660a408641cc4788.jpg,1,0,1,0,1,0,1,1,0
video-5YffDt2oYT6CDzYHk-frame-003759-rdReWWZdSrvGFixeL_jpg.rf.78b55d22ad8fbee65ebd231200b9a879.jpg,0,0,1,0,1,0,0,1,0
video-7yaY3LisuPdNyfZH9-frame-003430-sxSoWcXrTSbqxkJ9g_jpg.rf.78a21bec2bed5b9018bfa760ee31b77e.jpg,1,0,1,0,1,0,1,1,0
video-aMQG7QCtJKfnEdue5-frame-003005-evadGDkFRj82u4Rvx_jpg.rf.7872a6504bd6987d1427e6a09935856b.jpg,0,0,1,0,0,0,1,0,0
video-2Af3dwvs6YPfwSSf6-frame-006300-euNqvYwGRzghnb3f4_jpg.rf.78cc9610c77eee46cde0386e3caa8b89.jpg,0,0,1,0,0,0,0,1,0
video-FWQff8BQpTRSt9hfA-frame-006000-bQGyjXJWaXX4pNT2H_jpg.rf.78cee1ffd7773d590a02e3b99b05a98c.jpg,0,0,1,0,0,0,0,1,0
video-2MbnnGTv27EBLGqiQ-frame-003000-LwiiFhn2ujspkGfkr_jpg.rf.78eb7b0e9f3e1537efed2b425b8d3c50.jpg,0,0,1,0,0,0,1,1,0
video-nodg7n2aFzCWFJBnv-frame-001885-dotXSoxusETErSD4b_jpg.rf.790da070685799e60ae553a26f0bedbb.jpg,1,0,1,0,1,0,1,0,0
video-iFWh9r9TJWmTzTrha-frame-002864-xcAAWwgHueKYBgJbt_jpg.rf.78f1aeb9c1052edd98801aa37cdbfab9.jpg,0,0,1,0,1,0,1,1,0
video-7EPybiwBrzjDKn7TZ-frame-004073-zjyGKwm9YNXXHbgar_jpg.rf.7917fb27e905346eac3a9a927d2035fa.jpg,0,0,1,0,0,0,1,0,1
video-GXXqNLCqyu72TLx5i-frame-001533-L45SsEycLsXtM2pGw_jpg.rf.7909a9d1c2a58626e68aa358ab3e8da5.jpg,0,0,1,0,1,0,1,1,0
video-TTDq3x6HSvFx3YRDH-frame-008498-XZQ9GLNtENphGPmeZ_jpg.rf.78d63f542eb21d5c1db1860b6b6206b7.jpg,0,0,1,0,0,0,0,0,0
video-JFiGa9oAAN2queuLt-frame-003507-5zoP35CFrMXEZmGyg_jpg.rf.794836e6d2d3835b799a4fcfcff0a784.jpg,0,1,1,0,0,0,1,0,0
video-ZicHYAPRYGdu82nAa-frame-002709-ygzzPRpsFJxyvrFRG_jpg.rf.793e19c7049b5a534af65f9de9e15025.jpg,1,1,1,0,1,0,1,1,0
video-dgYrcYcm5G75w2GJc-frame-006878-RJPrzA7zJ8vfYpYDp_jpg.rf.794d3e8d67491c1c3b003d7a1e1ef791.jpg,0,0,1,0,0,0,0,1,0
video-vbhpsNpMoX2Qbhw2A-frame-001245-dufHiSNwNMsBd9G7p_jpg.rf.793ee9d7534adb81e4dc944194fda6cc.jpg,0,0,1,1,1,0,1,1,0
video-JFiGa9oAAN2queuLt-frame-015302-dkckqAXgcvG2D2Zsc_jpg.rf.78f0ab110f9ff99079885cee2f61084e.jpg,0,0,0,0,1,0,0,1,0
video-vbhpsNpMoX2Qbhw2A-frame-001655-Tb2ttYaHvrFwwhyPX_jpg.rf.79176300be7529bb1183ff49bd3767f9.jpg,0,0,1,0,1,0,0,1,0
video-r68Yr9RPWEp5fW2ZF-frame-007006-ENFLnXjAKZummEXhm_jpg.rf.79554783c5b48bc3dabe4f3f3e4d0367.jpg,0,0,1,0,0,0,1,0,0
video-5YuhMWusfM3ZMtvDx-frame-000502-sQN8isY9wCeSXiLFh_jpg.rf.79347b0df698cee2293412b731b5ddca.jpg,0,0,0,0,0,0,0,1,0
video-JFiGa9oAAN2queuLt-frame-003327-RgHohBevFdyymxsYA_jpg.rf.78f8bc494d1a9525a0bd6fa9ac419618.jpg,0,1,1,1,0,0,1,0,0
video-DJYDQTZH7GLCqw3Tx-frame-000790-xST6EwbReZscBHztT_jpg.rf.7957d59438cf692c96f08057ab6e112b.jpg,0,0,1,0,0,0,1,1,0
video-MJMd3yspHSkfwpDSD-frame-003300-vJJuTCLTTdMvDYPsv_jpg.rf.792d18507360c3b54def6f670ab3bf92.jpg,0,0,0,0,0,0,0,1,0
video-nCxsLGvXK8o25AmXW-frame-014830-H8LCD6Z5mb8A9R5uL_jpg.rf.7985fbae0c3f4f1f7cae0afe61eb5f94.jpg,0,0,1,0,0,0,0,0,0
video-7EPybiwBrzjDKn7TZ-frame-001917-txjza9QPanYNcb2Bu_jpg.rf.79ab38d6a102ef852f2afad02631c146.jpg,0,0,0,0,0,0,1,0,0
video-rYXSHjnEfuLmjE6Z4-frame-000177-PJkrFDGRqrKtktNXJ_jpg.rf.798961d21742370056fc15eae098b1b2.jpg,1,0,1,0,0,0,1,1,0
video-r68Yr9RPWEp5fW2ZF-frame-009063-5oox6WxqX3vRPBbgQ_jpg.rf.798cb225aae29d96bee88640223e6d4b.jpg,0,0,1,0,0,0,1,1,0
video-o9b92aG9EbJnkJEwF-frame-000828-2aPhWrjnD3ombmrub_jpg.rf.79c7e2db3aa31795a1dea8e96e4883d6.jpg,0,1,1,0,0,0,0,0,0
video-r68Yr9RPWEp5fW2ZF-frame-017129-rF9brfnuvMZjzdKeS_jpg.rf.79d20691f0d762ae573853db46bd6157.jpg,0,0,1,0,1,0,1,1,0
video-Gfv3kbdf5KAYRtPcz-frame-004041-3yjyG2RAAGoaBdSuB_jpg.rf.79e29be3443ef06aba3def18d9de0eea.jpg,1,0,1,0,0,0,1,1,0
video-FWQff8BQpTRSt9hfA-frame-004650-mNXHwvb2uzvAC9y3T_jpg.rf.79e0305c3c709c13dce3d5c522865cea.jpg,0,0,1,0,0,0,0,1,0
video-r68Yr9RPWEp5fW2ZF-frame-000393-s8CgMjE9tNRsXsTck_jpg.rf.7a15910890a588322f0a5329890443f4.jpg,0,0,1,1,1,0,1,1,0
video-TTDq3x6HSvFx3YRDH-frame-004567-vLyqpWQQQafpqY3gE_jpg.rf.79ffa501c09e7c5d9e293631daa0a92e.jpg,0,0,1,0,0,0,1,0,0
video-XNM8eHsvxCMJ6peuj-frame-000560-EuwMtCtya4qxPx3FN_jpg.rf.7a26ff7fd9e61b85af58dbcd1835bd17.jpg,0,0,1,0,0,1,1,1,0
video-TEAocgWiwwMWxYtgJ-frame-003019-udLbowfWNkG5FY4cs_jpg.rf.7a3240eb6edd5a02293690551fc8bd6f.jpg,1,0,1,0,0,0,1,0,0
video-jNQtRj6NGycZDEXpe-frame-005947-K2vaiMEDaA4Ka5jQ4_jpg.rf.7a42d8460b86336313cea8b6413173b4.jpg,1,1,1,0,1,0,1,1,0
video-ZicHYAPRYGdu82nAa-frame-003982-bfXtJg7xXscXZBhx9_jpg.rf.79ff1955477ecc8c13024f64b77bb15f.jpg,0,0,1,0,1,0,1,1,0
video-Gfv3kbdf5KAYRtPcz-frame-001322-LwJjgbrSg9mXQxkjf_jpg.rf.7a3f56f93beef659e465a22fb664548a.jpg,0,0,1,1,1,0,0,1,0
video-JFiGa9oAAN2queuLt-frame-005207-SckqyEAcMoLyNadQu_jpg.rf.7a38b80f379c30832dd011c10eda75aa.jpg,0,1,1,0,0,0,1,0,0
video-H3L9CYJg7BiSo3xz8-frame-000000-9uRC3GtRPDi3QHaRt_jpg.rf.791505ecc2b714c2d0b562ff7876ca05.jpg,0,0,1,0,0,0,0,0,0
video-nodg7n2aFzCWFJBnv-frame-000350-Ftxe7A9Bxrdd4ucYT_jpg.rf.7a4ecffebb6c3b30baa8ac17b08b25f7.jpg,0,0,1,0,0,0,1,0,0
video-vbhpsNpMoX2Qbhw2A-frame-006144-bhrEtCsgTmt88XrpW_jpg.rf.7a6daf7775016f6dad2b28cbcc6b8c29.jpg,0,0,1,0,0,0,0,1,0
video-3eAD4KjAqae5iq48L-frame-011310-6jN6q345rDHcQpkxd_jpg.rf.799c71a428c714b5968b566a576f48e5.jpg,0,1,1,0,1,0,0,1,0
video-nodg7n2aFzCWFJBnv-frame-001570-MbE46LS9yYhgLtZcK_jpg.rf.79517830e8d9aa6ed78316b244ccd788.jpg,1,0,1,0,1,0,1,1,0
video-aktbgSQhAxvb8arnx-frame-000600-5AuyXjRaFFpGPzPTs_jpg.rf.7ab1a1448a9dcf0effd6346d0ff246fe.jpg,0,0,1,0,0,0,1,1,0
video-soRFb9y3iqE3YpJSG-frame-005072-HsqodFvZFj4y3xcJJ_jpg.rf.7a65f91fa68476a5900b5e940432586f.jpg,0,0,0,1,0,0,0,1,0
video-5YuhMWusfM3ZMtvDx-frame-000251-L2t6fttgNtAcwtSpF_jpg.rf.7a80245c31e8a4c2cb5435d806888eba.jpg,0,0,1,0,1,1,1,1,1
video-adR56jeLozpyonfJ4-frame-006450-8CTBXMTLJ5XBwpcXa_jpg.rf.79e88ac6971ef896af364678e368df68.jpg,0,0,0,0,0,0,0,1,0
video-r68Yr9RPWEp5fW2ZF-frame-016949-dSbmbFkGjGpSavpEk_jpg.rf.7ab9e96ee3d20461e3a731bebeeb097e.jpg,0,0,1,0,1,0,1,1,0
video-S5osy2ei487eAM2fw-frame-003634-NAnsFs5E5bkZKPvSA_jpg.rf.7ac8bb260a0d8762908944493292f176.jpg,0,1,1,0,0,1,1,0,0
video-7EPybiwBrzjDKn7TZ-frame-002382-gaDNtHTZ7wrHgjer5_jpg.rf.7a799041476d5355675e14310423e4f5.jpg,0,0,1,0,0,0,1,1,0
video-5YffDt2oYT6CDzYHk-frame-001784-FjdEH5BHzg4t9zt9T_jpg.rf.7b0539ebcbc9f97d486ec9bfae1860b2.jpg,1,0,1,0,1,0,1,1,0
video-7EPybiwBrzjDKn7TZ-frame-004951-eKAnRqfCzbrsbo8Cc_jpg.rf.7af84d86775916e0d362754e58071628.jpg,0,0,1,0,0,0,1,1,0
video-cprcATqPmWGnc3cgi-frame-001827-YXfx2gqw4bb8tb8NW_jpg.rf.7a601a260e36d2746d74cd997ec1fb18.jpg,0,0,1,0,0,0,1,1,1
video-5YffDt2oYT6CDzYHk-frame-001824-5vzxd68u6Gg7W5rZt_jpg.rf.7a730fb98e0cd1636efcb0e3981d167f.jpg,1,0,1,0,1,0,1,1,0
video-5An82wT7iBmfZSwx7-frame-001828-ED8WPZyAxJt3p7qDr_jpg.rf.7afe0c35864a26dcac59e253ae14fcc4.jpg,0,0,1,0,1,0,1,1,0
video-2rsjnZFyGQGeynfbv-frame-004956-F8CXQRh7S45PGjimx_jpg.rf.7af9fb265bd5613d6cbfa3d342248fe5.jpg,0,0,1,0,0,0,1,0,0
video-JnRLAYvPLms37xEzD-frame-003600-3Zpdbpb7HfFF2XYHv_jpg.rf.7ab748cc9a675271c3b0fc6045d84907.jpg,0,0,1,0,1,0,0,1,0
video-7yaY3LisuPdNyfZH9-frame-003340-PgtcdauBrC7WPSdrk_jpg.rf.7aef0a7acca20b7804ac90d0e1aa50a1.jpg,0,0,1,0,1,0,1,1,0
video-JFiGa9oAAN2queuLt-frame-004747-BiPTjwfeFMrpAdPao_jpg.rf.7a800f62a5e6e8751fe4b607e4468be4.jpg,0,1,1,0,0,0,1,0,0
video-sEs53HkN6oRqWdeQK-frame-003052-rFTJZBnoCnTnRwgta_jpg.rf.7b4710af9842c5a5243b2de3fada3ef3.jpg,0,0,1,0,1,0,1,1,0
video-AEZAaF8epmvQv5Nfj-frame-013490-rxqmC7mznHD5kB2XC_jpg.rf.7ae3dc56495da6a0b3dd1cdd36a8b7c5.jpg,1,0,1,0,0,0,1,0,0
video-Gfv3kbdf5KAYRtPcz-frame-003495-S9onzN5Qa82C2gzMt_jpg.rf.7b0f8039f6fe259bb3d8d02f96787206.jpg,1,0,1,0,0,1,1,1,0
video-BjSfmxLQqCGjg8tya-frame-007481-emEC7gMMcHZHfpubD_jpg.rf.7b4a345b0ede5f0181e7d4eb3e99a21e.jpg,0,1,1,0,0,0,0,1,1
video-BjSfmxLQqCGjg8tya-frame-003761-Gy5aayLkMgMFBtdFv_jpg.rf.7a8c229b2f91b264354ab32f6bbdd95f.jpg,1,1,1,0,1,0,1,1,0
video-gwN2KCXHzE6CQJ85P-frame-001800-qvzMwEbKbTroZycHt_jpg.rf.7b5a98a47bc275386665c0216c49fbd1.jpg,0,0,1,0,0,0,0,1,1
video-AEZAaF8epmvQv5Nfj-frame-008870-Cm5actLBSBhw9GnCP_jpg.rf.7b7e0c0a452501a35c727d9add870e10.jpg,0,0,1,0,0,0,1,0,0
video-soRFb9y3iqE3YpJSG-frame-001953-xPhb3pQnEytzDMW5P_jpg.rf.7b6ecb74eb1b4a5a18c76a374cbeb2a1.jpg,0,0,1,0,0,0,1,1,0
video-KTtJnXH7CcPgLeF2G-frame-003383-tGGvmMYdAe3NikPFA_jpg.rf.7b59963113b6d78282db0b2b860a5e29.jpg,0,0,1,0,0,0,1,0,0
video-xEYBrQ5tarcDbiw9p-frame-003959-dXpvsJpTz2GcGHTCa_jpg.rf.7b7739137e91f7819bf7bc84c995ff8e.jpg,0,0,1,0,1,0,1,1,1
video-PY5tYnNPcGE9WrZuq-frame-002126-rRbK2v8H5a2FyDHAP_jpg.rf.7b60086885c80a773162bddbd5b73309.jpg,1,0,1,0,0,0,1,0,0
video-ipHbyAv8iW9kmxTGj-frame-007520-7F6GQaaRov8eGt29s_jpg.rf.7b85b0290d52e082f112c396a51149a9.jpg,0,0,1,0,0,0,0,0,0
video-wGdqQimawNX3RYv76-frame-006189-XPqDSPasMbnBDPz9x_jpg.rf.7b6fe8bbc081519fd741f52da8404d65.jpg,0,0,1,0,0,0,1,0,0
video-Gfv3kbdf5KAYRtPcz-frame-003405-7L8yhaBCM2Nme5ymG_jpg.rf.7b4667c120ef6f3f7e92eec7f3cb7043.jpg,1,0,1,1,0,1,1,1,0
video-7EPybiwBrzjDKn7TZ-frame-003202-FqAYzMhEjdew3Nwdn_jpg.rf.7b8abcbd4da92293892ff5066d0480a0.jpg,0,0,1,0,0,1,1,1,0
video-nodg7n2aFzCWFJBnv-frame-003352-HagvZDAsXSoqwEdqK_jpg.rf.7ba8b51b0ea5111368a10f81a9ef86ce.jpg,1,0,1,0,0,0,1,1,0
video-vbhpsNpMoX2Qbhw2A-frame-001385-WSE9qaq2ntHch9msk_jpg.rf.7b6aa93446327f8ade7da16d4462ae7e.jpg,0,0,1,0,1,0,1,1,0
video-cprcATqPmWGnc3cgi-frame-001707-8KpTFtsyB8s8beL3D_jpg.rf.7bd4f3f6f980a1cd6cefc9c9ba01c9af.jpg,0,1,1,0,0,0,1,1,0
video-AEZAaF8epmvQv5Nfj-frame-009559-7xi9Njmgudy8AjFN4_jpg.rf.7bd13edacb816181036e6ec09d8e335a.jpg,0,0,1,0,0,0,1,0,0
video-5YuhMWusfM3ZMtvDx-frame-002510-wCeiFwk2WbT6AWALN_jpg.rf.7b8d87a4901a872d00ae532a0565d8e8.jpg,0,1,1,0,1,0,1,1,1
video-DJYDQTZH7GLCqw3Tx-frame-006637-5KEwZYpfxMwJGFYj3_jpg.rf.7b91049f171976c4f9b029abd5f67aa7.jpg,1,0,1,0,0,0,1,0,0
video-aMQG7QCtJKfnEdue5-frame-003035-t2iGP55owiGgteFhE_jpg.rf.7b8756cf90e52eb5ef0f6a4e35674e50.jpg,0,0,1,0,0,0,1,1,0
video-24ysbPEGoEKKDvRt6-frame-000690-fe7PhqNPzFymDYD2e_jpg.rf.7be359a6e28dafe8db51b01b9a58b276.jpg,0,0,1,0,0,0,1,1,0
video-jNQtRj6NGycZDEXpe-frame-002485-oCj2YuE78NbrMm3c5_jpg.rf.7bdf1395a3dc0d6b77fb6b0ba9c3638b.jpg,0,0,1,0,0,0,0,0,1
video-5YffDt2oYT6CDzYHk-frame-001994-TgBTxKjNxTQGbPx5i_jpg.rf.7be4c48d36b132a13dde166753354138.jpg,1,0,1,0,1,0,1,1,0
video-8CvM2BExBLyQFZrK8-frame-008760-iLfKGeMN6m5WeAsx8_jpg.rf.7c2488f407dcb1a33f4ea1c9b6ac4437.jpg,0,1,1,0,1,1,1,1,0
video-PY5tYnNPcGE9WrZuq-frame-000330-7B6LkytxgCh7BPqNn_jpg.rf.7bf5b30747a298b03b7eb0f647242fa0.jpg,0,0,1,0,0,0,0,1,0
video-DJYDQTZH7GLCqw3Tx-frame-007560-Fyji336ncPapbzWXY_jpg.rf.7bedbf4cb5dd6fb0306f241c33c37466.jpg,1,0,1,0,0,0,1,1,0
video-mBQmysFvQtPK36MsF-frame-001451-nY8ppZ4L7SZLyM7JS_jpg.rf.7bf1f8a78a7c2452cd701b16213fa2e9.jpg,0,0,1,0,0,0,0,1,0
video-7RdKmtytvKgfNcTNv-frame-000900-6J6xx4By8dTbFg2xP_jpg.rf.7bfd4c17e54f12ddc1970677d4db148d.jpg,0,0,1,0,0,0,0,1,0
video-MoCHppHsM4bnncPmS-frame-000901-5Kh28e8xwBe6JWEon_jpg.rf.7be4b1f5536c5b455ab223bde9dd07ac.jpg,1,0,1,0,1,0,1,1,0
video-XCJD9qhzXNoZCn37i-frame-010279-3Qveh9kB4TSevbWpX_jpg.rf.7be99bf77738f63ef3197be8735593d1.jpg,0,0,1,0,1,1,1,1,0
video-sEs53HkN6oRqWdeQK-frame-002947-HGYaRahuDdfsde6Jg_jpg.rf.7b5e274d429441dd30215738952de3ea.jpg,1,0,1,0,1,0,1,1,0
video-JFiGa9oAAN2queuLt-frame-004137-gxsbwJ2rJyJ8MEBPE_jpg.rf.7c12daf2d18803757a62a93bfacc9709.jpg,0,1,1,0,0,0,1,0,0
video-aMQG7QCtJKfnEdue5-frame-001226-NtDKJehpgEiWLvsbJ_jpg.rf.7c27c01b8c3bba3e411ee4cc70236ded.jpg,0,0,1,0,0,0,1,0,0
video-WXTMrJkrK8BMoMkxk-frame-000070-CWrb5ppTmAb7xPzAC_jpg.rf.7beebfe28a61c08ce8f007ba805dc2b5.jpg,0,0,1,0,1,0,0,1,0
video-dpPsuZToLaq9myAK8-frame-005094-WwJgb6XpFevr3BoRH_jpg.rf.7c19e6996c20da2fab762a1528fa3659.jpg,0,0,1,0,0,0,1,1,0
video-cprcATqPmWGnc3cgi-frame-001837-GnPteHcdQwFn99Kwu_jpg.rf.7c2032626e3119312b4b5bd212d69e41.jpg,0,1,1,0,0,0,1,1,0
video-iFWh9r9TJWmTzTrha-frame-001643-AtxJ3csDkMd57DGXn_jpg.rf.7c54052841a2f8e3176496441fa5ba8f.jpg,0,0,1,0,1,0,1,1,0
video-BjSfmxLQqCGjg8tya-frame-007138-3ckt7Yh5yMnp8ktHG_jpg.rf.7c0a22a80488ab6b98bc119c1fe568ef.jpg,0,0,1,0,0,0,1,1,0
video-JFiGa9oAAN2queuLt-frame-008102-Dy8DaBnECCPmGgQnX_jpg.rf.7c31ac5b5742cfbff5fb723c3c674e40.jpg,0,0,1,0,0,0,1,0,0
video-GzdKTLbkG5F7gAunM-frame-001739-LfvLAo57AgLEm9DyH_jpg.rf.7ca7c3c1bdc43b6fdaa8e627c72fcd37.jpg,0,0,1,0,1,0,1,1,0
video-kDDWXrnLSoSdHCZ7S-frame-000540-dGFaT3eNZQAtHTuQ2_jpg.rf.7c1a7ca087fd5e372d24cb7fcf515c08.jpg,0,0,1,1,1,0,1,1,0
video-r68Yr9RPWEp5fW2ZF-frame-006176-gApe4mfftskDbfWzZ_jpg.rf.7bf8ac1dcec1cd61138d51f6ec541615.jpg,1,0,1,0,0,0,1,1,0
video-yNoh5QQAPbR9Afm4i-frame-003433-FztePFbvXEPzgsF7H_jpg.rf.7c5729d7957c0a574832704b4ea2d812.jpg,0,1,1,0,1,0,1,0,0
video-WiuWWrsHrJsDcfFzg-frame-006217-nNooLuPaiSrd5w47B_jpg.rf.7c729a1f1fecf86d4a61f00fe7e31256.jpg,0,1,1,0,0,0,1,0,0
video-qmuvFTzLkR28JMp7r-frame-000932-ZBDa87Q5iHyHMpr5i_jpg.rf.7cd2893dab954f70443f237d9718bd11.jpg,0,1,1,0,0,0,0,1,0
video-ZicHYAPRYGdu82nAa-frame-002289-yidqbCMx6x35o8nSn_jpg.rf.7c5cdad202173901cb451161f6df86b1.jpg,1,0,1,0,1,0,1,1,0
video-WGCm6DTcSjgg7FgMm-frame-008100-LHifQLFB7mAeHx9CX_jpg.rf.7c619ba549fb0546e0ef7e2e2ffe2f86.jpg,0,0,1,0,0,0,0,1,0
video-iTrM5ner4KQGLvpdC-frame-000343-HNijWjrL79udK6uYj_jpg.rf.7c786f9384eaa98686c3cde5c3ef222f.jpg,0,0,1,0,1,0,0,1,0
video-Gfv3kbdf5KAYRtPcz-frame-003875-RD7JQ4sKt8NZ5Kzqe_jpg.rf.7c50024420c14a4e69c7ed2273a15abd.jpg,0,0,1,0,0,0,1,1,0
video-2SReBn5LtAkL5HMj2-frame-007291-3eDqick66qSDwAZji_jpg.rf.7c9a6952ea4c7d4cb7d4498b60442ad5.jpg,0,0,1,0,0,1,1,1,0
video-r68Yr9RPWEp5fW2ZF-frame-005836-E4i2upLMbPfPma4Bh_jpg.rf.7cd9d17595a236c1b19515e39565ac49.jpg,1,0,1,0,0,0,1,1,0
video-AEZAaF8epmvQv5Nfj-frame-010706-kjTBh8Gpo7pRDfPoT_jpg.rf.7ba4d6098d03a513ae49611a271d52f0.jpg,0,0,1,0,0,0,1,1,0
video-JFiGa9oAAN2queuLt-frame-003877-GeQWQ962aLE6o569Q_jpg.rf.7ccbd47c8f7ff18dd355b5910090cfd4.jpg,0,1,1,1,0,0,1,0,0
video-fZKBh7mRSKHjXS2zk-frame-004350-FGSkrGPqKNG59jmGX_jpg.rf.7b2cdf0f5d55f4ddb2db179fd1145312.jpg,0,0,1,0,0,0,0,0,0
video-GzdKTLbkG5F7gAunM-frame-002938-KisTdrr5jTXjCE8Jv_jpg.rf.7cd5dbce190ec4c5f966df18721114e5.jpg,0,0,1,0,0,0,1,1,0
video-vbhpsNpMoX2Qbhw2A-frame-001625-zo8rNg7z3hZhHPtXS_jpg.rf.7cc72edd53ee5010e5ce4e1cef6494f9.jpg,0,0,1,0,1,0,0,1,0
video-dpPsuZToLaq9myAK8-frame-002513-hnZDFTQEBr6XG2pLF_jpg.rf.7ce5e4961d94b85d3736959690093668.jpg,0,0,1,0,1,0,0,1,0
video-ozJ2BvNKN96SvRTFv-frame-005100-Cbv7WFtzYk9gGqTp2_jpg.rf.7cdcce58e85c211247ff5273f342d76e.jpg,0,0,1,0,1,0,0,1,0
video-BjSfmxLQqCGjg8tya-frame-000495-mCtJqW2Fgtn5K4f7N_jpg.rf.7cf09f78ecfdcebbb250e7015a006f97.jpg,1,1,1,0,1,0,1,1,0
video-MoCHppHsM4bnncPmS-frame-001678-pG9HRhaN4yC7dRqJe_jpg.rf.7cf13a15c87c2918098be9703baf120d.jpg,1,0,1,0,0,0,1,1,0
video-ipHbyAv8iW9kmxTGj-frame-005420-xfvsHhD6QS9ZKtZXA_jpg.rf.7ce68dc219fdec4a7d1863fa588849e6.jpg,0,0,1,0,0,0,0,1,0
video-TEAocgWiwwMWxYtgJ-frame-004611-d9PsriYb6qGqYZ3Ph_jpg.rf.7d0f35e1ffcd136fffddd0190d07762f.jpg,0,0,1,0,0,0,1,0,0
video-9BBhGg3MKeaChnLjP-frame-000930-Lys5fHnzKjdd3z2Nf_jpg.rf.7d1bdae6b53190f842fadefc42358ba9.jpg,0,0,0,0,0,0,0,1,0
video-AHWxmA7AFazuCjdrS-frame-002613-J2LeCbhmJix2FPDQR_jpg.rf.7ce606961b309d2f7697a99013c8049f.jpg,0,0,1,0,0,0,1,1,0
video-mBQmysFvQtPK36MsF-frame-001616-uwG9wWDFSQ8GRHokJ_jpg.rf.7d13933acce9a0fac7213e22d17fc1c3.jpg,0,0,1,0,0,0,1,1,1
video-r68Yr9RPWEp5fW2ZF-frame-006216-HiqNJkY8Ho72bAa6B_jpg.rf.7d19ad020c069bbcccd8b205391ff158.jpg,1,0,1,0,0,0,1,1,0
video-7EPybiwBrzjDKn7TZ-frame-005026-RJPbS3gPnyYEedm8Y_jpg.rf.7d43a22d68cf04f048f14fb8d7d581c7.jpg,0,0,1,0,0,0,1,0,0
video-zNFzcc9wW8XB4QwTa-frame-005331-YZ8hcFC4BmaYBGN6i_jpg.rf.7da9faac42905386d096ef29c9222d30.jpg,0,0,1,0,0,0,1,1,0
video-MoCHppHsM4bnncPmS-frame-001935-a4LSyHpTwkNLLouFD_jpg.rf.7d8c56419132c62682d15432894fb8c2.jpg,1,0,1,0,1,0,1,1,0
video-AHWxmA7AFazuCjdrS-frame-000951-MQHH3YPQmoz8P8JRF_jpg.rf.7d509e4ba3b4366bf57b5766ada1a75b.jpg,1,0,0,0,1,0,1,1,0
video-dpPsuZToLaq9myAK8-frame-006324-eZwZHZBdLzJ6SyRZe_jpg.rf.7d4f2b8da0b2a7a9a5b39bd8cbde0127.jpg,0,0,1,0,1,0,1,1,1
video-DJYDQTZH7GLCqw3Tx-frame-005579-CuF2WxMDbqpgp9Q9j_jpg.rf.7d495012418669a624c14f65726c134d.jpg,1,0,1,1,0,0,1,0,0
video-5v4MPkCMGEKPfroxc-frame-000060-BuptgvnHDxqybdNh3_jpg.rf.7d21bb0331f7a258d2f85b7fb7c99795.jpg,0,0,1,1,1,0,1,1,0
video-Bfb39QmAgJQZfE7Pu-frame-025052-uvr6wBb6kxYbuTYyz_jpg.rf.7dafec6cbda6a7721965264d5bef7f60.jpg,1,1,1,0,1,0,1,1,0
video-JFiGa9oAAN2queuLt-frame-000784-nKhEgJTQE2Mfidda5_jpg.rf.7dea5a39c370e0d74c7501160cabf410.jpg,0,0,1,1,0,0,1,1,0
video-5HPT2goT53ceRpvRm-frame-000690-AQA5zcdBnwiBvCx6o_jpg.rf.7d694204155d1f73d94716677c17e5c2.jpg,1,0,0,0,0,0,1,0,0
video-hmsJCeMCWjX2FhxD8-frame-009311-H8pwiLEA8zXYmsYbB_jpg.rf.7db80b7fc34e0b37522a27a747a587ed.jpg,1,0,1,0,1,0,1,1,0
video-qmuvFTzLkR28JMp7r-frame-002383-zpYW5HxJzcPQMz9k4_jpg.rf.7d7afdc07fceea414f72c438eced628b.jpg,0,0,1,0,0,0,0,0,0
video-ZicHYAPRYGdu82nAa-frame-003396-hjjAn2GPfvDikchzq_jpg.rf.7daf3b09303a5d4f9d9de7333913881c.jpg,1,0,1,0,1,0,1,1,0
video-AEZAaF8epmvQv5Nfj-frame-013580-aZb9ddSsyo4E4ttAP_jpg.rf.7deb68b315e503920c78465b5947c9a8.jpg,1,0,1,0,0,0,1,0,0
video-4zQqsnWRwK7SFPpBy-frame-011340-6wbEXNaYTZqcZ6kan_jpg.rf.7e07da47fd4c0f5abd5f7e88e4e06215.jpg,0,0,1,0,0,0,0,1,0
video-FWQff8BQpTRSt9hfA-frame-002700-bGAji9YMn4bruCgwP_jpg.rf.7ddc80622454974c0d3c574bde21ff4f.jpg,0,0,1,1,0,0,0,0,0
video-evnmmkhaqckdxWa9P-frame-002191-pjKAzG6thqM5cCS8T_jpg.rf.7df8d2e3a6f501a3be5d1927ed7937de.jpg,0,1,1,0,0,0,1,1,0
video-qmuvFTzLkR28JMp7r-frame-002085-XXbz7zC3DX4XhqFaL_jpg.rf.7dedf2a0def9143da07c10bdedb6352b.jpg,0,0,1,0,0,0,1,1,0
video-WiuWWrsHrJsDcfFzg-frame-000836-rB5CPi6Junq5EEGak_jpg.rf.7de9f3061fd85c7b47400742caaa96ad.jpg,0,1,1,0,0,0,1,0,0
video-GzdKTLbkG5F7gAunM-frame-001248-kmRJHTsAuM2pkh8cu_jpg.rf.7e0dc0dd462af9a773877b95954aff7f.jpg,0,0,1,0,1,0,1,1,0
video-iFWh9r9TJWmTzTrha-frame-005502-7KvZANqK6Wd8AwZBD_jpg.rf.7d3f3aa38159fb39e144c5acb1f5cff4.jpg,0,0,1,0,1,0,1,1,0
video-SyzNY82LYZrhkPH7x-frame-001217-kxm5EDb3vC9ZbLZs7_jpg.rf.7e314804b45b0cc47e9ad59b7609907b.jpg,0,0,1,0,0,0,1,1,0
video-5An82wT7iBmfZSwx7-frame-007195-et9QRGzXGARsajeMD_jpg.rf.7e61532f0401b6d9b242fb6734c23df0.jpg,1,0,1,1,1,0,1,1,0
video-dpPsuZToLaq9myAK8-frame-005169-HzhZFAeKnZsrnLM5j_jpg.rf.7e0b1227f4c160c81bde02300cf1dff6.jpg,0,0,1,0,0,0,1,1,0
video-rYXSHjnEfuLmjE6Z4-frame-000267-4tmmJ9X4WzcsyBcox_jpg.rf.7e2beddc1f3642bb2ee8669ee4841b57.jpg,1,0,1,0,0,0,1,0,0
video-2rsjnZFyGQGeynfbv-frame-003502-QCiELrKcHQaYtvQGb_jpg.rf.7e1eb3d9947929000aabacb8d63822b8.jpg,0,0,1,0,1,0,1,0,0
video-JFiGa9oAAN2queuLt-frame-004347-bqwboXCjsGgf8hZaP_jpg.rf.7e457071dd3f4b9ab6ea23beffd3bee1.jpg,0,1,1,1,0,0,1,0,0
video-5RBAcNR5F6fB3i6P5-frame-004019-2ovZeJZQWJKMivcYu_jpg.rf.7ed8e7a38fd4a5ec0c2c0b87505cba51.jpg,0,0,1,0,0,0,0,1,0
video-TEAocgWiwwMWxYtgJ-frame-000276-buRX3pt5bPTq8D9Gk_jpg.rf.7e6cc7cca0b3d1ed7342127cf123527f.jpg,0,0,1,0,0,0,0,0,0
video-wGdqQimawNX3RYv76-frame-003900-xGTDvqNycXN9fZEJH_jpg.rf.7eb45942d08a8fd43ff6caf6bc4bb54e.jpg,0,0,0,0,0,0,0,1,0
video-mBQmysFvQtPK36MsF-frame-004282-iXLuRMCzQeXLALhDM_jpg.rf.7e7a9d5379284dc7eef629709dc3b8f1.jpg,0,0,1,0,0,0,1,0,0
video-86XuF6pPvWfBCqyNt-frame-003013-hPhyyfoPKZWQD7j2c_jpg.rf.7eceea81c1a7cd3e80a0da3da2a871ec.jpg,1,0,1,0,1,0,1,1,1
video-MJMd3yspHSkfwpDSD-frame-001350-k3GKBpf4qe7i2xbMC_jpg.rf.7eaa0bf0ede37ad69061919a394da48b.jpg,0,0,0,0,0,0,0,1,0
video-AEZAaF8epmvQv5Nfj-frame-010081-K9mDdnpYXKzNnxszd_jpg.rf.7e9e7339c811de855e887966f796ff46.jpg,0,0,1,0,0,0,1,0,0
video-WXTMrJkrK8BMoMkxk-frame-003027-ue2mYWoR2eC5oK5EJ_jpg.rf.7e699073a885525349554506142480f1.jpg,0,0,0,0,0,0,1,1,0
video-8QxGjiebFiGwCKrd5-frame-009450-GNEgjyQwr6XwrbC9f_jpg.rf.7e23ad417b583900e5d9604829c6ef18.jpg,0,0,0,0,0,0,0,1,0
video-WFkuHrJEHigf6HCWZ-frame-002541-2L8SLyHydYrABKmX8_jpg.rf.7e38e5ecdfe5052208cc999db951d12c.jpg,0,0,1,0,0,0,1,1,0
video-iTrM5ner4KQGLvpdC-frame-003637-99aHadJd5QPgYhwaD_jpg.rf.7e5adb14416e043ba37f0ccdcc332050.jpg,0,0,0,0,0,1,1,0,0
video-AkvAvb4X72cnTbbCw-frame-001142-6hjMpP7KNn3AWxtSd_jpg.rf.7ef94986ed3aedd85f802de8440c7605.jpg,1,0,1,0,1,0,1,1,0
video-rnZseY2bPiYhWEF2m-frame-008715-kX2BA2zeKjYYRddjE_jpg.rf.7ee97cd40e1f1fefca02128c50e51144.jpg,0,0,1,0,1,0,0,0,0
video-iS9cAu6Ms3CXQtY92-frame-000063-nSufZZggxdxvqdar5_jpg.rf.7f064ed69c89eb7063cde657a3b9e300.jpg,0,0,0,0,0,0,1,0,0
video-ELruYFQjkqpZnir29-frame-002341-7R2cjZbdCrA9biJhY_jpg.rf.7efcac717fc617c28ba9f4d9fc3e9509.jpg,0,0,1,0,0,0,1,1,0
video-24ysbPEGoEKKDvRt6-frame-000195-WyEiQ9whdSabDBFz7_jpg.rf.7e6b3cb2b5ca52a775a68a7c9e832ce7.jpg,0,0,1,0,1,0,1,1,0
video-xEYBrQ5tarcDbiw9p-frame-012759-wDM7RwqShjhc3wy5D_jpg.rf.7eeeb5d1144357787512bf2e6c153032.jpg,0,0,1,0,0,0,1,0,0
video-PY5tYnNPcGE9WrZuq-frame-003030-2Wu7AvpDKoszp7ttM_jpg.rf.7f0939f1992f9ee706d88a4a9ae0c2b6.jpg,0,0,1,0,0,0,1,0,0
video-jNQtRj6NGycZDEXpe-frame-014876-JjdYquKf4YDAZz5Ys_jpg.rf.7f080082ffba0cec9900acb1041ff4fd.jpg,0,0,1,0,0,0,1,1,0
video-5YffDt2oYT6CDzYHk-frame-001037-wgGSYHMncm6eyRoMZ_jpg.rf.7f210f128135d16b96a26519cb619764.jpg,1,0,1,1,1,0,1,0,0
video-bk2x9u9JivsWRS9Nk-frame-002289-rGqkrkP3xFWLfZBzP_jpg.rf.7f2a4569cf1322073a1f22474211143f.jpg,0,0,1,0,1,0,0,1,0
video-86XuF6pPvWfBCqyNt-frame-002923-nEXAF2vzXp5DBmPHT_jpg.rf.7f2af167d58889b3794d0bdc775cfcab.jpg,0,1,1,0,1,0,1,1,0
video-aMQG7QCtJKfnEdue5-frame-001436-KMLeKyHELBR3KYtAR_jpg.rf.7f49872ce5eb45145de154626d5b5ebc.jpg,0,0,1,0,0,0,1,0,0
video-BjSfmxLQqCGjg8tya-frame-001188-vwj7ZJwAojhmZ5cgk_jpg.rf.7f28399bb7b52e7696d37fe84cbbb295.jpg,1,0,1,0,1,0,1,1,0
video-24ysbPEGoEKKDvRt6-frame-000645-ny8vxSmp8G4J8y3eY_jpg.rf.7f4186a1fceea66e4f08b8ee7916d933.jpg,1,0,1,0,0,0,1,1,0
video-5RBAcNR5F6fB3i6P5-frame-011219-CQWbqeH562BP2BPr3_jpg.rf.7f5b46c8552604b7f58f9723c61174d8.jpg,0,0,1,1,0,0,0,0,0
video-nCxsLGvXK8o25AmXW-frame-004900-CD4j6Ysz7iqMtCAy9_jpg.rf.7e324c40bd64c613b790d8d4bf11b17e.jpg,0,0,1,0,0,0,0,1,0
video-BjSfmxLQqCGjg8tya-frame-001518-5obASifHyC2KKks7f_jpg.rf.7e6ab2d0927bf245c3188e856b60e542.jpg,0,1,1,0,1,0,1,1,0
video-DJYDQTZH7GLCqw3Tx-frame-001589-a5RXutwgWLEuN9Jbs_jpg.rf.7f57ce041c2206a35061cc06ce28a051.jpg,0,0,1,0,0,0,1,0,0
video-vvYEi6EdCrYXeHwpD-frame-012240-c3Cuf4DnKSCBrnszS_jpg.rf.7f9144da06cf2823cb1f1215c98f27fa.jpg,0,0,1,0,0,1,1,1,1
video-AEZAaF8epmvQv5Nfj-frame-008740-siMxnkgTym9r7t5m5_jpg.rf.7f947f2280b3d607aa52927358fd978e.jpg,1,0,1,0,0,0,1,0,0
video-7yaY3LisuPdNyfZH9-frame-005287-sF9zxHdnPvbBr7vDT_jpg.rf.7f5583b417a309bb2fd9dc1377e33c2a.jpg,0,0,1,0,0,0,0,0,0
video-TTDq3x6HSvFx3YRDH-frame-001655-b9f9RnvSWKyTGYd5w_jpg.rf.7f9d7cd787ae02fbb0944402de2d5cdf.jpg,0,0,0,0,0,0,1,1,0
video-WiuWWrsHrJsDcfFzg-frame-005614-kB8cAuWaLFbzh3YBf_jpg.rf.7fa4bafb77cdba684c15bbe2f0d997b4.jpg,0,1,1,0,1,0,1,0,1
video-86XuF6pPvWfBCqyNt-frame-003597-XGEhXLfAsjL5gxhYQ_jpg.rf.7f433b28e2fe692fc950fd7f59d645ae.jpg,1,0,0,0,1,0,1,0,0
video-AEZAaF8epmvQv5Nfj-frame-008240-PvZs9DpaLmaEbvgrQ_jpg.rf.7fa9b40451e8516c742fe771b508a839.jpg,0,0,1,1,0,0,1,0,0
video-aTxg8EcSRQyDvisMX-frame-000676-wGLz7aP4fzbbawPvX_jpg.rf.7fa6dd048202b720c8c6f225359e4e43.jpg,0,0,1,0,0,0,0,1,0
video-5Lwe5DATf4BxKtaiB-frame-000118-bDc8nvWFqhscJtLAK_jpg.rf.7f9eceef4ae568986c537489c8480e98.jpg,1,1,1,0,0,0,1,0,0
video-ozJ2BvNKN96SvRTFv-frame-000600-CL79yBLTGHBotXCTe_jpg.rf.7fa916d128383fc0975826f8195a8286.jpg,0,0,1,0,0,0,1,1,0
video-5Lwe5DATf4BxKtaiB-frame-000752-btaECw88NSp5CH8rA_jpg.rf.7fe5dedbf8e06a0f52672b1905af7463.jpg,1,0,1,0,0,0,1,1,0
video-ELruYFQjkqpZnir29-frame-003234-Fg4K78qvWc6jmnEgw_jpg.rf.7f4cbb8bdd0f31a2e4e08a7cce71916a.jpg,0,0,1,0,1,0,0,1,0
video-Gfv3kbdf5KAYRtPcz-frame-003001-z4dLBcJh5bsbH9Nwd_jpg.rf.7fc49eefcfcbfb5ef6c40be32679ca54.jpg,1,0,1,0,0,0,1,0,0
video-evnmmkhaqckdxWa9P-frame-002396-YrG9vBJgj4f4JkXh6_jpg.rf.8019dd1baaace40c812e27310969a5b3.jpg,0,1,0,1,0,0,0,1,0
video-kDDWXrnLSoSdHCZ7S-frame-001909-omCYix2fY5pbThmjB_jpg.rf.801d2fdeca87f168d5a4a6a57a901ebb.jpg,0,0,1,0,1,0,1,1,0
video-DJYDQTZH7GLCqw3Tx-frame-001269-3qEhM3YLhENoxrdN2_jpg.rf.7fe67844f881fe17003a75eee30f4ad7.jpg,1,0,1,0,0,0,1,0,0
video-TTDq3x6HSvFx3YRDH-frame-004642-JeZQiKbMC4hRaCxdu_jpg.rf.7ff22f2e4de48c3db3cbe0540831ff37.jpg,0,0,1,0,0,0,1,0,0
video-jNQtRj6NGycZDEXpe-frame-002455-2cXEx6BrkGswtWT2d_jpg.rf.7fffbcbe890d3c1e0e814d2ae18f37d1.jpg,1,0,1,0,0,0,1,1,1
video-PY5tYnNPcGE9WrZuq-frame-003360-76zEEW5oLaAMDY67D_jpg.rf.8035e3191fb2e7751bc992355f687f6a.jpg,1,0,1,0,0,0,1,1,0
video-nCxsLGvXK8o25AmXW-frame-002200-FZWcWgR8u8FjCXDJ4_jpg.rf.803799b886ee4ed33b196b0e0716febc.jpg,0,1,1,0,1,0,1,1,0
video-jNQtRj6NGycZDEXpe-frame-000458-t94QhSrYrKKNbkbpQ_jpg.rf.7fdaa38bc7cb8d4094672af311aaaa4e.jpg,1,0,1,1,0,0,1,0,0
video-5YuhMWusfM3ZMtvDx-frame-008283-djRLNxjaAADAoBN6M_jpg.rf.7ffbb09437db2839c0a80b745a207c06.jpg,0,1,1,0,0,1,1,0,1
video-iFWh9r9TJWmTzTrha-frame-007170-e2ZXJtkcQovS6gmjY_jpg.rf.80579b82330bf3be944472f588aa678a.jpg,0,0,1,0,0,0,1,1,1
video-AEZAaF8epmvQv5Nfj-frame-013750-N293H2PC3h2XKTqJJ_jpg.rf.803e4080e73512852aeddb59a3b6271e.jpg,1,0,1,0,0,0,1,0,0
video-5YffDt2oYT6CDzYHk-frame-001157-jAsnc9cy8e29YNnLZ_jpg.rf.8053834bae3556674ca24d80066f2848.jpg,0,0,1,1,1,0,1,0,0
video-fZKBh7mRSKHjXS2zk-frame-004500-gkxAi7uH4BojA82on_jpg.rf.800c307b3b867a0752f891015b50ffaf.jpg,0,0,1,0,0,0,0,0,0
video-rYXSHjnEfuLmjE6Z4-frame-000642-JaynLo62aAkBq23wi_jpg.rf.802b2d76f5dbaf758d38e2485df89ed6.jpg,1,0,1,0,1,0,1,0,0
video-GXXqNLCqyu72TLx5i-frame-002869-zAY5Jk45ArYLKcemL_jpg.rf.805d77a69e2fdba7aec51ebb60e1d520.jpg,1,0,1,0,1,0,1,1,0
video-AEZAaF8epmvQv5Nfj-frame-015561-Xn9LFoqufLu85JZ2z_jpg.rf.803a7261b610d6d9dd4bc52c8fa2aa61.jpg,0,0,1,0,0,0,1,0,0
video-jNQtRj6NGycZDEXpe-frame-006037-wBCeGjWmkzWgvSoCg_jpg.rf.806e8f4ab5f4476cd98e4fb0f6542740.jpg,0,0,1,0,1,0,1,1,0
video-GXXqNLCqyu72TLx5i-frame-004809-tJsQNQda25LebwZsa_jpg.rf.80f0c0dc472564730a4029f1e0acf39a.jpg,1,0,1,0,1,0,1,1,0
video-4zQqsnWRwK7SFPpBy-frame-010556-44zuj8ZckFH46w2o9_jpg.rf.80fab01b49301028d0bec4264b40f53b.jpg,0,0,1,0,0,1,1,1,0
video-jNQtRj6NGycZDEXpe-frame-011534-M4QuJ9kgPbCfcBehG_jpg.rf.80e5aa4f3939c4543c39b73690d9967c.jpg,0,0,1,0,1,0,1,1,0
video-DJYDQTZH7GLCqw3Tx-frame-005489-MM6eeARSDSrbAfAsy_jpg.rf.80f7a4ee1322cae85363ef01230d0f35.jpg,0,0,1,0,0,0,1,0,0
video-AEZAaF8epmvQv5Nfj-frame-009851-JxqshQj6AsXKfXZQo_jpg.rf.81181497b658a6564bead91140a71720.jpg,1,0,1,0,0,0,1,0,0
video-5HPT2goT53ceRpvRm-frame-001080-dZiNkypCbySXKTsji_jpg.rf.80ea984e5382d1a140d583c69ecfbedf.jpg,1,0,1,0,0,0,1,0,0
video-YzRKMLLSDnZLFpPmg-frame-002049-MabosqAHP3PiFHRbr_jpg.rf.7ff58d441c184f850a4fc167a6b0f082.jpg,0,1,1,0,0,0,0,1,0
video-5HPT2goT53ceRpvRm-frame-000900-43Pu9zJz3Sp9wR2t9_jpg.rf.81066690c5321b1be08bdf2d37397eef.jpg,1,0,1,0,0,0,1,0,0
video-DJYDQTZH7GLCqw3Tx-frame-001319-2YuatySiY4oigCG2k_jpg.rf.813ebf857a6fdd9503e2532da214f81a.jpg,1,0,1,0,0,0,1,0,0
video-o68zKob2nb8QMktLF-frame-000621-Xctve2nmnGN7LCLmb_jpg.rf.8135306c27126e09da8abb2b516445a3.jpg,0,0,1,1,0,0,0,1,0
video-XNM8eHsvxCMJ6peuj-frame-000980-c3eRYC6zfYkKjHCdj_jpg.rf.8071bc481baaa273c53e774f793b7702.jpg,0,0,1,0,0,1,1,1,0
video-JFiGa9oAAN2queuLt-frame-000804-yPhJCzzMwwNXZ3ZTa_jpg.rf.813f44bbdfa834c13b11b86f7e3e166d.jpg,0,0,1,0,0,0,1,1,0
video-JFiGa9oAAN2queuLt-frame-003397-uiEnPHDoBi8vK3sCn_jpg.rf.80fa48bba275237e9b1ae8fb17a6e8d0.jpg,0,1,0,0,0,0,1,0,0
video-kDDWXrnLSoSdHCZ7S-frame-005873-ZggAjLQGfMJAPbeLs_jpg.rf.8106237911bff486984f5b25a00463de.jpg,0,0,1,0,0,0,0,0,0
video-nodg7n2aFzCWFJBnv-frame-002752-xs7NkSSfzCbP99HAo_jpg.rf.8143f4b0e622c80808ced2c79a884656.jpg,1,0,1,0,1,0,1,1,0
video-2SReBn5LtAkL5HMj2-frame-005072-MA7NCLQGoqq9aHaiL_jpg.rf.80515e0e1e61a0f6f2c957d330fb6611.jpg,0,0,1,0,1,1,1,1,0
video-ZicHYAPRYGdu82nAa-frame-003456-znLH7x3PDWrLwzF5c_jpg.rf.8072755945a664ee92f3c95e6635ce69.jpg,1,0,1,1,1,0,1,1,0
video-AEZAaF8epmvQv5Nfj-frame-007465-7gCtLXbq9pLL35dF3_jpg.rf.81495440c83e1cdd486bbdafff484717.jpg,1,0,1,0,0,0,1,0,0
video-nCxsLGvXK8o25AmXW-frame-007900-zCRf2fSSLmNiPsYCg_jpg.rf.814b3bdcc72382e3dd37da3bf1d061bc.jpg,0,0,1,0,0,0,0,0,0
video-Gfv3kbdf5KAYRtPcz-frame-003375-tLN2vN59J9WB6Jz2T_jpg.rf.814eb01b70a8f53291f404a9ff817f7f.jpg,1,0,1,0,0,1,1,1,1
video-kDDWXrnLSoSdHCZ7S-frame-003003-xbmcNDwSL5FDeBSNK_jpg.rf.8184135835425f7556adac069820d850.jpg,0,0,1,0,1,0,1,1,0
video-WXTMrJkrK8BMoMkxk-frame-002009-d5hjn4dAf5CYjQynk_jpg.rf.81461eff4365005539bfe5d26de13d32.jpg,0,0,1,0,0,0,1,1,0
video-XNM8eHsvxCMJ6peuj-frame-000490-Qj6hMsfFhdybrpLtb_jpg.rf.81dd6603f6230c15e2d575fe23866944.jpg,0,0,1,0,0,1,1,1,0
video-AEZAaF8epmvQv5Nfj-frame-014691-3tZzWugEMqSTdTE3R_jpg.rf.81aee60c1a3e2bae7bce9ca062c45775.jpg,0,0,1,0,0,0,1,0,0
video-jEAhuERdkqBfeTdux-frame-001500-t72QLhnbvFqsyqgZt_jpg.rf.81757b376834126fbee1cacfa1f1be8f.jpg,0,0,1,0,0,0,0,1,0
video-jNQtRj6NGycZDEXpe-frame-012755-FdBtEFKqTuACNCWAb_jpg.rf.8180b8d1406f0c6b1a276695e4523fdf.jpg,0,0,1,0,0,0,1,0,0
video-xEYBrQ5tarcDbiw9p-frame-004840-wcmdFhFW8E4Biodcc_jpg.rf.819a156b2f014efd879db6b38e218029.jpg,1,0,1,0,1,1,1,1,0
video-ooW42bEtJrR4gufJr-frame-003300-porAvEvH6dPRmfLPv_jpg.rf.81e86d8a84da3cc117c98005d143a3ad.jpg,0,0,1,0,0,0,1,1,0
video-AEZAaF8epmvQv5Nfj-frame-008270-e9cngbWLifRM8Y6Cq_jpg.rf.81f6f55e045ec6ee42f226a6a8abace0.jpg,0,0,1,1,0,0,1,0,0
video-DJYDQTZH7GLCqw3Tx-frame-003871-J7qarjoe2pxT3YHe5_jpg.rf.81f04750bec36c637e52bf40207d6956.jpg,1,0,1,0,0,0,1,0,0
video-86XuF6pPvWfBCqyNt-frame-007080-gH9tNcqeYWyq5bZ4k_jpg.rf.81a6a2ce63c5fc3bfbed91d03d1e32b7.jpg,0,0,1,0,0,0,1,1,0
video-evnmmkhaqckdxWa9P-frame-001200-fswKbjwr9aDi8Rass_jpg.rf.81cc4047e547e74675c173b8839da7b6.jpg,0,0,1,0,1,0,0,1,0
video-TTDq3x6HSvFx3YRDH-frame-001424-ATM8JKDDd3dNrN5kC_jpg.rf.818bababb942fa0e1f4221dfdee18dfd.jpg,0,0,0,0,0,0,1,0,0
video-JFiGa9oAAN2queuLt-frame-004127-evdNbXE4dMS5huEJR_jpg.rf.81d6d860ca8208186e714f5f48adb6a5.jpg,0,1,1,0,0,0,1,0,0
video-4zQqsnWRwK7SFPpBy-frame-009072-NmfFWH85JyA3ckvTw_jpg.rf.81faba7d80954fddc547f08321acd6dc.jpg,0,0,1,0,0,1,1,0,1
video-5HPT2goT53ceRpvRm-frame-000405-uW9xKNJdwr3THSFyo_jpg.rf.81ab549e562af6f58ff49555e1679844.jpg,1,0,0,0,0,0,1,1,0
video-GXXqNLCqyu72TLx5i-frame-004719-DLZPeSJcjzHt9MGBW_jpg.rf.8208d4c723bb41960f056e0277467293.jpg,1,0,1,0,1,0,1,1,0
video-c3Lxro5s7dbYgdGRp-frame-001077-iKu4fJLut7pDGXKZE_jpg.rf.817876ad63bf508afa03c9c86ad79488.jpg,0,0,1,0,0,0,0,0,0
video-jNQtRj6NGycZDEXpe-frame-002470-PsLvjyeA6QSRjAvTF_jpg.rf.81eb19b3ac8e64e98cad09d5990c5df0.jpg,0,0,1,0,0,0,0,0,1
video-rnZseY2bPiYhWEF2m-frame-001483-cNF46qaD2gDZJmM2r_jpg.rf.a2f2f5063797f0c93b2a730004084596.jpg,0,0,1,0,1,0,1,1,0
video-2MbnnGTv27EBLGqiQ-frame-001800-5L3okbYgxBCeAacSW_jpg.rf.a2f72b6b6c4b176a730ade34bf660c30.jpg,0,0,1,0,0,0,1,1,0
video-WGCm6DTcSjgg7FgMm-frame-007800-XvrLfe9zYTimZ3Ew5_jpg.rf.a2fc44b385f2e61e9d09442bb557eab3.jpg,0,0,1,0,0,0,0,0,0
video-WXTMrJkrK8BMoMkxk-frame-002089-e2KHnoaPnD5aC25jc_jpg.rf.a30461702e2b1cce9fb0ded05a9cec35.jpg,0,0,1,0,0,0,1,1,0
video-eLrXYzMxSL9NCXiQq-frame-006400-YxFsy9yCAiPpcmBGn_jpg.rf.a318e00dae8bd92947fc773f3ccbd5d7.jpg,0,0,1,0,1,0,1,1,0
video-5An82wT7iBmfZSwx7-frame-000899-YNCXoN3SDNTFPrgWt_jpg.rf.a31bfda462e160000564ff8f8bae860d.jpg,0,0,1,0,1,0,1,1,0
video-BjSfmxLQqCGjg8tya-frame-001563-izBuKtYPLWnkwZnPm_jpg.rf.a332d326276f05776ffc303e026b3543.jpg,0,0,1,0,1,0,1,1,0
video-DJYDQTZH7GLCqw3Tx-frame-004361-JfabpdzNG5yrsHtFN_jpg.rf.a33be993f4764971d919ec350843e460.jpg,1,0,1,0,0,0,1,0,0
video-4KhLCjoeEmjGBaRLQ-frame-002484-KcJhZmLyEKZ6FSKxh_jpg.rf.a33e92fc883b2068db3ec50be85e5032.jpg,0,0,1,0,1,0,0,1,0
video-5Lwe5DATf4BxKtaiB-frame-001157-7iQgfZQaZoLs8kpKd_jpg.rf.a3023684e8746213ca96f57e032646ee.jpg,1,0,1,0,0,0,1,1,0
video-AEZAaF8epmvQv5Nfj-frame-008540-P9KqmFRZcXWyd7Ytb_jpg.rf.a3496356dff57fe1edb15fb490e8df1f.jpg,1,0,1,0,0,0,1,0,0
video-GzdKTLbkG5F7gAunM-frame-001439-7P55Fs9LmZcG7amax_jpg.rf.a363c1e7d43668507b05657434059d78.jpg,0,0,1,0,0,0,1,1,0
video-24ysbPEGoEKKDvRt6-frame-000420-xu8vZjdpoXn48ik9b_jpg.rf.a363bdde4b6a6c69c188540a5312c200.jpg,1,0,1,0,0,0,1,1,0
video-5An82wT7iBmfZSwx7-frame-005076-idRRunB2Pjfvsq2nf_jpg.rf.a362492737151d9411919b6c10373a0a.jpg,1,0,1,0,1,0,1,1,0
video-DJYDQTZH7GLCqw3Tx-frame-004351-KD6DBWdv2KQiqgjpZ_jpg.rf.a36a461da70f29dc107a1bb68d4f5539.jpg,1,0,1,0,0,0,1,0,0
video-JFiGa9oAAN2queuLt-frame-004647-QGb2JrntHmuL5QDyn_jpg.rf.a3843a63cdfa7913899cb14a3f098ccb.jpg,1,1,1,1,0,0,1,0,0
video-4zQqsnWRwK7SFPpBy-frame-001131-haMkMPx7RnyWLKE5u_jpg.rf.a385c562e0e0930ee2acd0cb1ab2187c.jpg,0,0,1,0,0,0,0,1,0
video-ZicHYAPRYGdu82nAa-frame-004012-tEMk33RMGSqCtompY_jpg.rf.a38e32f6614e6d1f8d8bbc7db6bd2169.jpg,0,0,1,0,1,0,1,1,0
video-AEZAaF8epmvQv5Nfj-frame-009279-HcaJ5nuK5GSbHotdp_jpg.rf.a3a84a30a93fb90c037a40856a69d355.jpg,0,0,1,0,0,0,1,0,0
video-gwN2KCXHzE6CQJ85P-frame-003300-ajhx7ZGGgGbXAPPFj_jpg.rf.a3b43af973746761623fa2dfc2f1abdf.jpg,0,0,1,0,0,0,0,1,0
video-soRFb9y3iqE3YpJSG-frame-003572-pLTu7KtRgpx4YdWeJ_jpg.rf.a3afc3ea5f18ef6118dcde4d80dca8ef.jpg,0,0,1,0,0,0,0,1,0
video-c3Lxro5s7dbYgdGRp-frame-000000-6ivWmsFn8zNpeHELm_jpg.rf.a39f1a0978eb45e5c8e099a7bc8ea8a2.jpg,0,0,0,0,0,0,0,1,0
video-5YffDt2oYT6CDzYHk-frame-002457-BQ2iFiqw7zzbA2EeN_jpg.rf.a3c91cb58bafcf9eb159059877d36c5d.jpg,0,0,1,0,1,0,1,1,0
video-jNQtRj6NGycZDEXpe-frame-011579-cn8npgLJk473JmmFF_jpg.rf.a3c4fa6d1ce6d9a3987c83b6c461267c.jpg,0,0,1,0,0,0,0,0,0
video-BjSfmxLQqCGjg8tya-frame-001353-qnSwcREsAzgcBTPXT_jpg.rf.a3dbdbc0400c1a22ea1df4108d630696.jpg,0,0,1,0,0,0,0,1,0
video-AEZAaF8epmvQv5Nfj-frame-010101-vK9vSCxb37bxsX6NB_jpg.rf.a3bf5cd0d777f092c4c52d2a1fd78f72.jpg,0,0,1,0,0,0,1,0,0
video-PY5tYnNPcGE9WrZuq-frame-003660-giJYBDCmTAwC3uQdX_jpg.rf.a40266a5f8b50a92df001e785d7c8b90.jpg,0,0,1,1,0,0,0,0,0
video-5YffDt2oYT6CDzYHk-frame-000390-FMPjpnAuKWAigKZAz_jpg.rf.a3c5f83b18d025357745a46fed41b782.jpg,0,0,1,1,0,0,0,1,0
video-5HPT2goT53ceRpvRm-frame-000555-M5D3YPcG334wdL3pA_jpg.rf.a409031c6e229a4b19faf8e0017be9bd.jpg,1,0,0,0,0,0,1,0,0
video-rnZseY2bPiYhWEF2m-frame-000081-ugStSNTed4bSBRgYo_jpg.rf.a4077a82ea4fb26bb0f22d32068bd464.jpg,1,1,1,0,1,0,1,1,0
video-JFiGa9oAAN2queuLt-frame-001044-ZHkd7H4Z2kMhmBvtk_jpg.rf.a3d8f2c349547727c3a4c958b699f143.jpg,1,0,1,0,1,0,1,1,0
video-AEZAaF8epmvQv5Nfj-frame-010826-HajMg3KjqMzzvMWAs_jpg.rf.a3f770992c77bd18165e7f5e6b63bb8d.jpg,0,0,1,0,0,0,1,0,0
video-S5osy2ei487eAM2fw-frame-004896-YprtFZRi85KpfwySB_jpg.rf.a3dd8fd39e8dde752cf44bea8e5b9e65.jpg,0,0,1,0,1,0,1,1,0
video-86XuF6pPvWfBCqyNt-frame-000000-v9TAFeagcvtPxDNM7_jpg.rf.a423b1296ae2290a025128d26c0cb8c5.jpg,0,0,1,0,0,0,0,1,0
video-AEZAaF8epmvQv5Nfj-frame-009249-Y4Lx4voEBXKxtNR29_jpg.rf.a4376e54c86f92b3fc0a5e65cf2c51f3.jpg,0,0,1,0,0,0,1,0,0
video-DJYDQTZH7GLCqw3Tx-frame-000870-7hcYdbEwGvQTKY2bZ_jpg.rf.a43789d2d5cc7229a11f60277dd0a6eb.jpg,0,0,1,0,0,0,1,0,0
video-o9b92aG9EbJnkJEwF-frame-002346-wEySFfCzywDY4PYjc_jpg.rf.a45001076b899b0e94ef84419eb9ef74.jpg,0,0,1,0,1,1,1,1,0
video-xEYBrQ5tarcDbiw9p-frame-011132-eixn9sQZiZDdegDxN_jpg.rf.a45fd3b770737105b39888ca6f3a8239.jpg,0,0,1,0,0,0,1,1,0
video-G6FT88p5kgvAR2Y92-frame-010200-vZtGHxeH5TckLXcZA_jpg.rf.a43b3dce2300a75529d0c2105c2801ec.jpg,0,0,1,0,0,0,0,1,0
video-Gfv3kbdf5KAYRtPcz-frame-001192-Th8mhzWnoFwCyELgd_jpg.rf.a463f8f703d6d5b016be940450effc05.jpg,0,0,1,1,1,0,1,1,0
video-5An82wT7iBmfZSwx7-frame-001288-zgaNQhEJZAx9xP7HW_jpg.rf.a47ed1a922904fcd4c32c5d9a2a3122b.jpg,0,0,1,1,1,0,1,1,0
video-DJYDQTZH7GLCqw3Tx-frame-006527-d5FJKW89rZDz8sz6g_jpg.rf.a460ea2f436fc1d80928da099ce1930d.jpg,1,0,1,0,0,0,1,0,0
video-5HPT2goT53ceRpvRm-frame-000960-kMECq2wMyorbvePCg_jpg.rf.a48c058808a2320e2fd3c15f328e2b6e.jpg,1,0,1,0,0,0,1,1,0
video-jNQtRj6NGycZDEXpe-frame-005992-my4GjeS2e4hTjQnou_jpg.rf.a493635e603710277c41bc6989efcae0.jpg,1,0,1,0,1,0,1,1,0
video-yBdrow6zFe5E8uEwn-frame-011610-ZMgezsuEELGrWMoAJ_jpg.rf.a46e9f95512a2918f30b219556526134.jpg,0,1,1,0,0,0,1,0,0
video-BjSfmxLQqCGjg8tya-frame-000765-YZuPzszjxoaLEGAnC_jpg.rf.a496387086c56737c1563f061feb936b.jpg,0,1,1,0,1,0,1,1,0
video-kDDWXrnLSoSdHCZ7S-frame-005933-ukWE5Y9cyqT4rzruh_jpg.rf.a4aa64fb7ecf149944b309437c498602.jpg,0,0,1,0,0,0,1,0,0
video-aMQG7QCtJKfnEdue5-frame-000355-zBKmytaGeoLChayNQ_jpg.rf.a4b06ca88f8f4e9dd3659e789ac91623.jpg,1,0,1,0,1,0,1,1,0
video-5Lwe5DATf4BxKtaiB-frame-001367-vwMFW3zBbNskWvQTm_jpg.rf.a4a14a341791d613c1d8af56133ca1f6.jpg,1,0,1,0,0,0,1,0,0
video-FWQff8BQpTRSt9hfA-frame-001650-exXmjHm3yiNnsNWp8_jpg.rf.a4be1c61de5cbac20fff2e12728c2208.jpg,0,0,1,0,0,0,0,1,0
video-DJYDQTZH7GLCqw3Tx-frame-007880-GbCz8AxndN9HwfFN3_jpg.rf.a4bdd185c3c064bbb5b92939b076b44a.jpg,1,0,1,1,0,0,1,0,0
video-zNFzcc9wW8XB4QwTa-frame-001627-JigMQJHvfFrDpk6sr_jpg.rf.a4e2c9047e929dcf4e11b2d14a3bcbc3.jpg,0,0,1,0,0,0,0,1,0
video-86XuF6pPvWfBCqyNt-frame-005068-ngEBQXnyDZ8YMRYLM_jpg.rf.a4c63c241c58ec59ac5631b562df17ca.jpg,1,0,1,0,1,0,1,0,0
video-XqruwSRkto63xLX3v-frame-008043-SQfaJJy6AR3LTmcxA_jpg.rf.a4ca213fe75aa00290a0e80e46483118.jpg,0,0,0,0,0,0,1,1,0
video-wGdqQimawNX3RYv76-frame-002700-xnQjQkjpnAJCfiw8b_jpg.rf.a543537653aaf73b9d8476f647447748.jpg,0,0,0,0,0,0,0,1,0
video-KTtJnXH7CcPgLeF2G-frame-004991-Dq7fxS7axBBvzKYRY_jpg.rf.a5261f62b3d89de12597959004d1841b.jpg,0,1,1,0,0,0,1,0,0
video-dpPsuZToLaq9myAK8-frame-005049-CYR7fP9CZfn9kdrAX_jpg.rf.a52bc9f25747c3c23c546d8a44c05c00.jpg,0,0,1,0,0,0,1,1,0
video-r68Yr9RPWEp5fW2ZF-frame-009553-uGAEvnYBec9k4AmD8_jpg.rf.a4c83fc06da504b24cef660efe95b34e.jpg,0,0,1,1,0,0,1,1,0
video-XqruwSRkto63xLX3v-frame-002969-3Wq4taPSjxXXSaGWZ_jpg.rf.a5516ae3f9c29cc340fdddf9dd4118b4.jpg,1,0,0,0,0,0,1,0,0
video-2rsjnZFyGQGeynfbv-frame-001030-6SeXvZikMGwdvjCx7_jpg.rf.a54e92a119ccda45f13ce1b1d6bfca0f.jpg,0,0,1,0,0,0,1,0,0
video-86XuF6pPvWfBCqyNt-frame-002752-ehgDKy89cCoLJMPNb_jpg.rf.a542dda8b8623da8a5f4ac698162f7b7.jpg,0,1,1,0,1,0,1,1,0
video-XNM8eHsvxCMJ6peuj-frame-000070-zR6ckbbFHsQPqNuW5_jpg.rf.a52b8b1255fa69fad39e3ec35053caa6.jpg,0,0,1,0,0,1,1,1,0
video-vvYEi6EdCrYXeHwpD-frame-006732-AnG4Za87xkJnfjja7_jpg.rf.a544ab26f6e952e4d81c43872ca64f0c.jpg,0,0,1,0,0,1,1,1,1
video-2MbnnGTv27EBLGqiQ-frame-004650-ERKbinxyPzJ7saEZk_jpg.rf.a4dbb165641960b9ff55a8d3d4cad616.jpg,0,0,1,0,0,0,0,0,0
video-TEAocgWiwwMWxYtgJ-frame-000755-9qgZKASaGXdAAtZnP_jpg.rf.a55f7457bfc120a64772d63245ca55a7.jpg,1,0,1,0,1,0,1,1,0
video-DJYDQTZH7GLCqw3Tx-frame-008430-Mj88CPa63maeQRXY2_jpg.rf.a52b2acc4f2b5ec83c86287b23186365.jpg,1,0,1,0,0,0,1,0,0
video-5v4MPkCMGEKPfroxc-frame-000165-ZKtaqfPouPGzgKjpJ_jpg.rf.a51b0fc258158736b74b181e3c7c799f.jpg,0,1,1,1,1,0,1,1,0
video-DJYDQTZH7GLCqw3Tx-frame-006857-wJiEgX6xMGAFRBMpG_jpg.rf.a58329ac897fb99a4edcd7ed114ec52e.jpg,1,0,1,1,0,0,1,0,0
video-5An82wT7iBmfZSwx7-frame-001168-KuyhxYt428n5TN94c_jpg.rf.a58604b697872eb1edfb0b4bb330a325.jpg,0,0,1,1,1,0,1,1,0
video-BvDJ7TewksQCjCtyN-frame-000846-Z6en9M2TRyK26Qs42_jpg.rf.a5879cee94cecd4bedb7e5280c9b649e.jpg,0,0,1,0,1,0,0,1,0
video-o68zKob2nb8QMktLF-frame-000601-iwZAyAjzakxDj7WDh_jpg.rf.a58d86ead0e62fe3916669a9497d0511.jpg,0,0,1,1,0,0,0,0,0
video-24ysbPEGoEKKDvRt6-frame-000715-wu3jGKqL9ee4iMLbx_jpg.rf.a55011f6618e53f86ca54e3035857f7a.jpg,0,0,1,0,0,0,1,1,0
video-5An82wT7iBmfZSwx7-frame-001683-uiAh4qjJL2LjWCTTM_jpg.rf.a4f21f62185b5e92eb5cb3552cb783f4.jpg,0,0,1,0,1,0,1,1,0
video-iFWh9r9TJWmTzTrha-frame-000524-4s73iSReGs9hAawPd_jpg.rf.a5c76519dd2ce33731336de62368b6f9.jpg,1,0,1,0,0,0,0,1,0
video-evnmmkhaqckdxWa9P-frame-001921-R3riZraYmn2RyMhpd_jpg.rf.a5b09a4b0274d7b04125fc72ccac4bf4.jpg,0,0,1,0,1,0,1,1,1
video-JFiGa9oAAN2queuLt-frame-004327-mCATk4N5iBoFbqeGM_jpg.rf.a598c67e04142fb2fc46f709e4c5b532.jpg,0,1,1,1,0,0,1,0,0
video-aTxg8EcSRQyDvisMX-frame-003718-svZA4Z6B4q793BbEH_jpg.rf.a5d527c4b59c1f20e08ea54df0fbc6c2.jpg,0,0,1,0,0,1,1,1,0
video-7EPybiwBrzjDKn7TZ-frame-000536-Zmx444zy4FsapfTTJ_jpg.rf.a5ed1a4cc24ad1d9ad490e2dab163f93.jpg,1,0,1,0,1,0,1,1,0
video-ELruYFQjkqpZnir29-frame-001396-JWjLMwvEN2XahFadQ_jpg.rf.a5c95c3a96e0220be0963af2c6fe8f73.jpg,1,0,1,0,0,0,1,1,0
video-TEAocgWiwwMWxYtgJ-frame-004596-REubLtYEkxcrcK6FZ_jpg.rf.a5e71f1e1faf94bcc90dfc0dddcb86f6.jpg,0,0,1,0,0,0,1,0,1
video-iTrM5ner4KQGLvpdC-frame-003847-Fise8yLvgQFAsS3ci_jpg.rf.a5e99b0366ce2add5f29bb74aca0ec0c.jpg,0,0,1,0,0,0,1,0,0
video-GzdKTLbkG5F7gAunM-frame-002339-rZyMqAWRaMAqHSn2H_jpg.rf.a5dd48b76439013ffe525d78acf38093.jpg,0,0,1,0,0,0,0,1,0
video-Gfv3kbdf5KAYRtPcz-frame-001132-PTB7dZFr6np39J4Gc_jpg.rf.a603afee9abd9a6761f34e8ff849f905.jpg,0,0,1,0,1,0,1,1,0
video-4zQqsnWRwK7SFPpBy-frame-003780-YC2W5mErsKJdeB8WE_jpg.rf.a6516a0cf0e15ed69f9cad29f15d21ac.jpg,0,0,1,0,0,0,0,1,1
video-8QxGjiebFiGwCKrd5-frame-004950-pTzcoDyAgTEbY6Y7a_jpg.rf.a676fc0c68eefd0a668c8c64a39bf7f0.jpg,0,0,1,0,0,0,0,0,0
video-YzRKMLLSDnZLFpPmg-frame-008609-uD74nEY7PcSYqoymh_jpg.rf.a66806ed774ec557fae4cbf14921abe8.jpg,0,1,1,0,0,0,0,1,0
video-PY5tYnNPcGE9WrZuq-frame-002910-X2q6nJ8FGWMRxJNBa_jpg.rf.a5d8e1b2cd5904d8c58aee356486e9fc.jpg,0,0,1,0,0,0,1,0,0
video-ooW42bEtJrR4gufJr-frame-000300-DtqcteZpdFGM2dN4g_jpg.rf.a683b83be65f28e0c618a7d01b2c017c.jpg,0,0,1,0,0,0,0,1,0
video-JFiGa9oAAN2queuLt-frame-005037-dETdPtFApXam9z2aE_jpg.rf.a698d5e61b31c23a23f58c6a45193e9d.jpg,0,1,1,1,0,0,1,0,0
video-DJYDQTZH7GLCqw3Tx-frame-003381-ugWLKWhvYpQDHabs2_jpg.rf.a6956883de33a57ccb8a8439273beba4.jpg,1,0,1,0,0,0,1,0,0
video-8CvM2BExBLyQFZrK8-frame-000044-FqivpNRnM269hBvRX_jpg.rf.a68cab78ef1e52d240eec1b7fd3a9a09.jpg,0,0,1,0,1,1,1,1,0
video-7RdKmtytvKgfNcTNv-frame-002400-BHtcRd5XYGH9iaFK9_jpg.rf.a6b44ca8f12be4e13f09f838f6cfdb86.jpg,0,0,1,0,0,0,0,1,0
video-ipHbyAv8iW9kmxTGj-frame-000620-mpr9TrEsgXSXpZnhb_jpg.rf.a6beb7a6c586d508d8cc6a9604e6069b.jpg,0,0,1,0,0,0,0,0,0
video-nodg7n2aFzCWFJBnv-frame-001210-E6DGnnjMkkvMCitju_jpg.rf.a6c88e15462c131b052d22c453b9fa40.jpg,1,0,1,0,0,0,1,1,0
video-kDDWXrnLSoSdHCZ7S-frame-002613-oxhTekKhLXdyQzji5_jpg.rf.a6ce2ebf862387ff5e999cdb49afec64.jpg,1,0,1,0,0,0,1,0,0
video-AEZAaF8epmvQv5Nfj-frame-017022-u7M2zjPFw7tqSHgnj_jpg.rf.a6fbf5a0698cf0ba5f5bf4afbc41becb.jpg,1,0,0,1,0,0,1,1,0
video-iTrM5ner4KQGLvpdC-frame-003067-wK4ZJqh6cG5Te6wwf_jpg.rf.a67fdba3c44fdf719cf1ecd51222b49c.jpg,0,0,1,0,0,0,0,1,0
video-dpPsuZToLaq9myAK8-frame-005487-qbz23roQhSkdLwEb2_jpg.rf.a70903219dac4b89b98eee0e2ec02a52.jpg,1,0,1,0,0,0,1,1,0
video-DJYDQTZH7GLCqw3Tx-frame-005136-st8gjmtHdDQ4M2J9J_jpg.rf.a59ed98f9395049760970f40044c8245.jpg,1,0,1,0,0,0,1,0,0
video-5An82wT7iBmfZSwx7-frame-005541-YwvPk4kieM2AFvT7G_jpg.rf.a6faba2bdb690ad1e60db0f6118c9644.jpg,0,0,1,1,1,0,1,1,0
video-iS9cAu6Ms3CXQtY92-frame-002938-A6ZCyr8zdd2iawpXi_jpg.rf.a70168ec17db168ebc30c2a6d27e719c.jpg,0,0,1,0,0,0,0,0,0
video-2Af3dwvs6YPfwSSf6-frame-006450-qMZz6qvyHLyXZvCGj_jpg.rf.a71dacbf3fce237def6f332a42a11097.jpg,0,0,1,0,0,0,0,0,0
video-rnZseY2bPiYhWEF2m-frame-000838-o7vQfBhQ2CiZ66Y2R_jpg.rf.a749bafef0c7b128daa11a41a9e3787d.jpg,1,0,1,0,1,0,1,0,0
video-vbhpsNpMoX2Qbhw2A-frame-001035-zBgWqbuwKevMZCTNk_jpg.rf.a6ff7256c095243166c2fed9976c9fcc.jpg,0,0,1,0,0,0,0,1,0
video-ELruYFQjkqpZnir29-frame-001591-LrpXNFawFZa5pjn9w_jpg.rf.a7604158dd8422710210bd55e03a7b8d.jpg,1,0,1,0,0,0,1,1,0
video-2Af3dwvs6YPfwSSf6-frame-005250-KNJ5aRSrps9ezbyeR_jpg.rf.a7221e574b7cc2c8b90b5e3cde4397a4.jpg,0,0,1,0,0,0,0,1,0
video-JFiGa9oAAN2queuLt-frame-002787-dkvCsjv8mJXNbNH3a_jpg.rf.a733aa6ce8f99ceba16b0c592cd19632.jpg,1,1,1,1,0,0,1,1,0
video-5Lwe5DATf4BxKtaiB-frame-001627-onfLs3ptGhvkaXRri_jpg.rf.a7654cca54c1277328227c14839d78f9.jpg,1,0,1,0,0,0,1,1,0
video-r68Yr9RPWEp5fW2ZF-frame-006186-2pbiekf8q3dG4qCq9_jpg.rf.a715a4ffa234731cfb00bab2a7bec125.jpg,1,0,1,0,0,0,1,1,0
video-4zQqsnWRwK7SFPpBy-frame-001508-2N3yarSzroqBJyiAo_jpg.rf.a789043f3aca7be09c0e571b063fa8f0.jpg,0,0,1,0,0,0,0,1,0
video-dpPsuZToLaq9myAK8-frame-005244-Yh3Shzxz76N2gQ8r5_jpg.rf.a78347defb87100e4f068a7d3480a61c.jpg,0,0,1,0,0,0,1,0,0
video-7EPybiwBrzjDKn7TZ-frame-001632-WaJixpNH3PCrPucw6_jpg.rf.a7a95763759e27f625419e40020653b9.jpg,0,0,1,0,0,0,1,1,0
video-DJYDQTZH7GLCqw3Tx-frame-006997-epKsq6Srofsp9bbZD_jpg.rf.a6e8b87d9110430396c8ff66cd884352.jpg,1,0,1,0,0,0,1,1,0
video-AkvAvb4X72cnTbbCw-frame-002261-6f3BktD9PbyducLRS_jpg.rf.a7a9a0e4cf58f19c13a5eebffe719fe5.jpg,0,0,1,0,1,0,1,0,0
video-vvYEi6EdCrYXeHwpD-frame-009784-tQjF3W8NEhyRCtRn7_jpg.rf.a7af89106cb291e3b2d7d8fab3146d4e.jpg,0,0,1,0,0,0,0,1,1
video-Gfv3kbdf5KAYRtPcz-frame-002911-vJ4L7trMpspCQze9v_jpg.rf.a79fd9021d10c228893455a2f40f57e0.jpg,0,0,1,0,0,0,1,1,0
video-rnZseY2bPiYhWEF2m-frame-003258-yrntGQRBzrjf7vvkv_jpg.rf.a7b2e5c40bfe3ee51a73e450d80941e2.jpg,0,0,1,0,0,0,0,0,0
video-SyzNY82LYZrhkPH7x-frame-003548-D54eidta5Aa6Ad5Jt_jpg.rf.a60b2c03841534fe4f705206efd7c2c2.jpg,0,0,1,0,0,0,1,1,0
video-r68Yr9RPWEp5fW2ZF-frame-008583-hFzJKxxKZcJbEKTDH_jpg.rf.a7a1ffcc81208e61004ce2e8e1aca255.jpg,0,0,1,0,0,0,1,1,0
video-5YuhMWusfM3ZMtvDx-frame-006513-7SFKsHejuQFjMsqPu_jpg.rf.a7ce1465de4b53f11cb437cf8baa43e0.jpg,1,1,1,0,1,1,1,1,1
video-Gj7ejTPCZZnD5YwPv-frame-001332-Bac4p67kZgCSHDDLa_jpg.rf.a80aa355caf3bca129cc84b2265290d6.jpg,0,0,1,0,1,0,1,1,0
video-EFh9oKSJrkMFW8gtT-frame-007050-EQXuLzHK7Zi6kjTZw_jpg.rf.a7f9f329832e538e0105018b76b6d283.jpg,0,0,1,0,0,0,0,1,0
video-JFiGa9oAAN2queuLt-frame-001554-eNXsbXgnqzKkQLQrM_jpg.rf.a818c95cbb0e5777e4dab7c4542c7fe7.jpg,1,0,1,0,0,0,1,1,0
video-iTrM5ner4KQGLvpdC-frame-003397-hP3TeA3e9yYvgCBS3_jpg.rf.a8011dbe5feced4b10ffdb2ad9e2cd65.jpg,0,0,1,0,0,0,1,0,0
video-AEZAaF8epmvQv5Nfj-frame-009519-arD2Q4fv5GonJtQpf_jpg.rf.a81a9f275c7973dbb8942644bd4ce82c.jpg,0,0,1,0,0,0,1,0,0
video-rnZseY2bPiYhWEF2m-frame-000697-f4t5F7eG5LrvKDxqw_jpg.rf.a81a07e4c27c1a2cc02d56b2d9c34952.jpg,1,0,1,0,1,0,1,1,1
video-jNQtRj6NGycZDEXpe-frame-007802-y4Wkmcgo86wC9wz34_jpg.rf.a86235c52b6fa1532f6559abfd96ba63.jpg,0,0,1,1,1,0,1,1,0
video-QvjyFt7jvqczmaoNZ-frame-003000-xktCZJTqGug7JvGJA_jpg.rf.a83f7399e950359754c95660b5c88bd7.jpg,0,0,1,0,0,0,1,1,1
video-GXXqNLCqyu72TLx5i-frame-002929-qexWLanWo8KJq3jr4_jpg.rf.a862bbbdaee8e8d2330546857d12f7f9.jpg,1,0,1,0,1,0,1,1,0
video-5HPT2goT53ceRpvRm-frame-000130-JE9u36pvnB8p7sQXh_jpg.rf.a86161f3a4a474ba5444577b97c143d7.jpg,1,0,1,0,1,0,1,1,0
video-DJYDQTZH7GLCqw3Tx-frame-004976-XgH27GqCGNmeJDxWC_jpg.rf.a86db9b36f1d475330e28f42fca426ba.jpg,1,0,0,0,0,0,1,1,0
video-JFiGa9oAAN2queuLt-frame-000280-CAxo79NDG5nDgq8ZC_jpg.rf.a84595431042744d8f28ab7dd9b77708.jpg,0,1,1,1,0,0,1,1,0
video-YzRKMLLSDnZLFpPmg-frame-013939-mqh87D2FRD3KpGumx_jpg.rf.a85527f4258e011523378b13f100213b.jpg,0,0,1,0,0,0,0,1,0
video-DJYDQTZH7GLCqw3Tx-frame-000730-RTYQmbnePf5LKoRpF_jpg.rf.a88e96fa3fa4509d0301347e62c58c9d.jpg,1,0,1,0,0,0,1,1,0
video-ELruYFQjkqpZnir29-frame-001426-uMGRba7ZXo9Qnw8mY_jpg.rf.a8789b35616e3c30ffa9193d3c44db8c.jpg,1,0,1,0,0,0,1,1,0
video-DJYDQTZH7GLCqw3Tx-frame-008140-e5owqtk3rEWbH6z3Z_jpg.rf.a8984bc6c7c3ab62248d9a49d341a070.jpg,0,0,1,0,0,0,1,1,0
video-rYXSHjnEfuLmjE6Z4-frame-000597-9miMbvhXDaj6zNsHZ_jpg.rf.a83a15dfb04c3f76795cf2b82547fd53.jpg,1,0,1,0,1,0,1,0,0
video-sEs53HkN6oRqWdeQK-frame-000853-5vjbeFrqWgrC3x8aR_jpg.rf.a869f4aca2508a57af225ecc0720331c.jpg,1,0,1,0,1,0,1,1,0
video-AEZAaF8epmvQv5Nfj-frame-009911-9Lzu29hrsyu5PGRa7_jpg.rf.a8209a55eb23724329c4d8e752e5925c.jpg,1,0,1,0,0,0,1,0,0
video-r68Yr9RPWEp5fW2ZF-frame-014068-EqDJtGBuQ8hNtff35_jpg.rf.a8a3ef03d00433732c55601091cfcffa.jpg,0,0,1,0,1,0,1,1,0
video-eLrXYzMxSL9NCXiQq-frame-007936-n6SNxhStBsBeeoQWo_jpg.rf.a8abc9d6714d2a4350b20e7b06d191bc.jpg,1,1,1,0,0,0,1,1,0
video-Bfb39QmAgJQZfE7Pu-frame-025213-KLmqEE4qX4yK3h9C7_jpg.rf.a7d444125ea858e99c929e530d9adf6d.jpg,0,1,1,0,1,0,0,1,0
video-6WgZhpFdCJP3a2cWi-frame-000799-a7Rwke36CjyL6cqkA_jpg.rf.a85cd0a8607d75dfbbb776351adee5d0.jpg,0,0,1,0,0,0,1,1,0
video-7EPybiwBrzjDKn7TZ-frame-004861-7wWTcSWZLfyfAJTC2_jpg.rf.a90ff56680a3d53494a078a3c71f54e9.jpg,0,0,1,0,0,0,1,1,0
video-r68Yr9RPWEp5fW2ZF-frame-009153-LX4GjnNryJyCyMSBB_jpg.rf.a8d57b7cb67c8a5cda67888d74daf8c1.jpg,0,0,1,1,0,0,1,1,0
video-SyzNY82LYZrhkPH7x-frame-003338-mJCtnJ4TNxMrf6XJr_jpg.rf.a8c5b152148c71bb60c173c2cfbdf089.jpg,0,0,1,0,0,0,1,1,0
video-aiXLPEvp86raemrsp-frame-007225-K3vWprjt4mmHHLrSE_jpg.rf.a95587ac8f12044575bb59006c07d5f7.jpg,0,1,1,0,1,0,1,1,0
video-DJYDQTZH7GLCqw3Tx-frame-005266-HG6a6pxB6yfoSkS9z_jpg.rf.a96063721d891c740c6196354e9899b5.jpg,1,0,1,0,0,0,1,0,0
video-yNoh5QQAPbR9Afm4i-frame-003832-tYSWwXkAAZZsL2W3Y_jpg.rf.a907fe3b3bebb7f3752c1276ef4657df.jpg,0,0,1,0,0,1,1,0,0
video-JFiGa9oAAN2queuLt-frame-005167-Bzexu5qXP42Hsqc7a_jpg.rf.a97844e9fc8e36b7ba2b88c05f2414d6.jpg,0,1,1,1,0,0,1,0,0
video-xEYBrQ5tarcDbiw9p-frame-001759-nZgDPGPFAaprkTXog_jpg.rf.a980a051910defd1695897f3339ffd2a.jpg,1,0,1,0,1,0,1,1,0
video-fg5eBhFE7kHyXPtBi-frame-001309-g88uuK4YHuPtpxRof_jpg.rf.a95254f90d8b6848d5d6786cc8ee222f.jpg,1,0,1,0,1,0,1,1,0
video-5An82wT7iBmfZSwx7-frame-001578-wunLYWR6NEXrSmSs7_jpg.rf.a8e6dea4ea0a9c4fc472951f0bf08f85.jpg,0,0,1,1,1,0,1,1,0
video-rnZseY2bPiYhWEF2m-frame-002490-WDBYw5Z23iLybsKbK_jpg.rf.a91dba5761b7ff15e3016fa6357cb708.jpg,0,0,1,0,1,0,1,0,0
video-j884P5ZjKNEm9pq56-frame-001500-LPsbuM9D2vbQnyaEJ_jpg.rf.a961d2357b6be103ef5f864e6ff5f8a5.jpg,0,0,1,0,0,0,0,0,0
video-AEZAaF8epmvQv5Nfj-frame-009689-CzfbuSrcs27rJZq4s_jpg.rf.a8d83de605cd2c3a0a9329730c986ecd.jpg,1,0,1,0,0,0,1,0,0
video-XNM8eHsvxCMJ6peuj-frame-000896-MNYWYFM9tZYd7WeBH_jpg.rf.a943cd566ccbf5ae68bc0db12f37ebe1.jpg,0,0,1,0,0,1,1,1,0
video-RaiPnxNTaxcGE5qfG-frame-000900-ecJxGq9NbkKfAfCmw_jpg.rf.a8b2b7cdaeba1b13f024dadbfe853199.jpg,0,0,1,0,1,0,1,1,0
video-BvDJ7TewksQCjCtyN-frame-000651-R9CqrPecDyKmvrrPc_jpg.rf.a988ebd32c79996247c8a95501666c82.jpg,0,0,1,0,1,0,1,1,0
video-zNFzcc9wW8XB4QwTa-frame-002000-5cY6T6kBWZGj4qjdW_jpg.rf.a9905aa9e6078483d60869ce99517448.jpg,0,0,1,0,0,0,1,0,0
video-GXXqNLCqyu72TLx5i-frame-003614-6pwTSApcpL4nSa8Xm_jpg.rf.a9a6e989c38344fac278f501d0932bc7.jpg,0,0,1,0,1,0,1,1,0
video-vbhpsNpMoX2Qbhw2A-frame-001765-JDnmQvkqaThTRK6XP_jpg.rf.a9ab502ef8977285adf262bb039cc353.jpg,0,0,1,0,1,0,0,1,0
video-XqruwSRkto63xLX3v-frame-005627-qaQd9MD3kAyHX3Qev_jpg.rf.a9bf843d6a258f6acefdb4699d08c84b.jpg,0,0,0,0,0,0,1,0,0
video-SyzNY82LYZrhkPH7x-frame-000186-NoLW73qiKyTn7LA9t_jpg.rf.a9aae9c8564a6feba5244d5da83119b4.jpg,0,0,1,0,1,0,1,1,0
video-4E8nAe7bkHkSZfpjq-frame-001500-JdsgXj8cMwBomJnpG_jpg.rf.a9948eca48346c2795d1197293d0f686.jpg,0,0,1,0,0,0,0,0,0
video-67ZzTP4GCNj69eNPs-frame-002156-qEaF8tyboBXvGRzN8_jpg.rf.a9c017050c399507ca7d9f7aee223b5d.jpg,0,0,1,1,1,0,1,1,0
video-KTtJnXH7CcPgLeF2G-frame-000979-smDqmHYzs8kAoNaC3_jpg.rf.a9be21d6341cea28ad11d82fe2d39a67.jpg,0,0,1,0,0,0,1,1,0
video-GXXqNLCqyu72TLx5i-frame-000229-oeEn5Pd4LLtv3FMwh_jpg.rf.a9e61ddc87f20a48fe30e5f9d591797e.jpg,0,0,1,0,0,0,1,1,0
video-5HPT2goT53ceRpvRm-frame-000975-NzHM6cpbpf95T6kSs_jpg.rf.a9db617c61bae2f492634300dae794d3.jpg,1,0,1,0,0,0,1,1,0
video-5An82wT7iBmfZSwx7-frame-005241-n7nva5BWfnHK59ZoW_jpg.rf.aa1e60d26f2f7af896bef535f2d4b5f1.jpg,1,0,1,0,1,0,1,1,0
video-rnZseY2bPiYhWEF2m-frame-001586-iixetemmoqf28umas_jpg.rf.a9e4b70139e89829c300f285ee26d261.jpg,0,0,1,0,0,0,1,1,0
video-2MbnnGTv27EBLGqiQ-frame-005400-9QJdLLXYMwESw9wPo_jpg.rf.a9a8ebac786e24e1761a0dc19bfe4a54.jpg,0,0,1,0,0,0,0,1,0
video-r68Yr9RPWEp5fW2ZF-frame-007241-GWTetCxr6P78StXBC_jpg.rf.aa161e7f8bcf6a60b2c08f000318ef23.jpg,0,0,1,0,0,0,1,1,0
video-8CvM2BExBLyQFZrK8-frame-001426-EHn8FsRnn6HggJjSm_jpg.rf.aa0929356d6450c96531a618e431c7f1.jpg,0,0,1,0,1,0,1,1,0
video-r68Yr9RPWEp5fW2ZF-frame-014490-qZYtSeYivcMSkMZK7_jpg.rf.aa0b321b77d0438a39daf98a65e35b52.jpg,0,0,1,0,1,0,1,1,0
video-5An82wT7iBmfZSwx7-frame-002662-2FvnHHiHPNCXgbELy_jpg.rf.aa17bd60d2f61bde96ddeb2826444648.jpg,1,0,1,0,0,0,1,1,0
video-hmsJCeMCWjX2FhxD8-frame-000147-pBwQPMeGXXAMNR3Lj_jpg.rf.a9bff167304fa25e15012da43d9bfde7.jpg,0,0,1,0,1,0,1,1,0
video-3eAD4KjAqae5iq48L-frame-003770-Fhn37zEnQdGgBkr7y_jpg.rf.a9d387e582be2bac47eb922fc6630295.jpg,0,1,1,0,0,1,1,1,0
video-wGdqQimawNX3RYv76-frame-005100-JA3MTFEWEMABNE72Z_jpg.rf.aa353eee2d53b5e22e7526c4a5b8cc92.jpg,0,0,1,0,0,0,0,0,0
video-GzdKTLbkG5F7gAunM-frame-001053-mHcovXX9AQHhQGGMY_jpg.rf.aa20b8a92b6b637808bff53dffd5978b.jpg,0,0,1,0,1,0,1,1,0
video-WXTMrJkrK8BMoMkxk-frame-001919-rkvgRQRDm42DHL8cW_jpg.rf.aa2875b967bae5cafd0c950cd4dc11c0.jpg,0,0,1,1,0,0,1,1,0
video-FpPLvkRLgQbgG7A7n-frame-000900-P29FzcR2Fb5AqWZpF_jpg.rf.aa4718c4fe152743b9202ab53b16445b.jpg,0,0,1,0,0,0,0,1,0
video-AEZAaF8epmvQv5Nfj-frame-006680-iJhGYcDiJ6Q6tbej7_jpg.rf.aa09593fb85366cde8e7a6a6365c98a6.jpg,1,0,1,0,0,0,1,1,0
video-BvDJ7TewksQCjCtyN-frame-006240-KiXnMkxv4ikTkm449_jpg.rf.aa8689434bd8c1a7843cc044ab40c994.jpg,0,0,1,0,0,0,1,0,0
video-S5osy2ei487eAM2fw-frame-003712-DNXbnbLYdxkpQNAJo_jpg.rf.aa740679cbace50d2dd3e6d2c4ea031e.jpg,0,1,1,0,0,1,1,0,0
video-5An82wT7iBmfZSwx7-frame-006736-Z2dnjfDduDYQDJqNM_jpg.rf.aa714314efc444883513ab1bf986d2ce.jpg,0,0,1,1,1,0,1,1,0
video-nodg7n2aFzCWFJBnv-frame-002992-riuv579hPMXP3AuCT_jpg.rf.aa505b16f2f6d2e33aec658337575a3e.jpg,1,0,1,0,1,0,1,0,0
video-QvjyFt7jvqczmaoNZ-frame-003248-jfv3aYLBZsCKnZQLr_jpg.rf.aa7a265dc3b846f7072484305796b651.jpg,0,0,1,0,0,0,0,1,0
video-yNoh5QQAPbR9Afm4i-frame-004117-EbS36ANx9pj76jvd2_jpg.rf.aaa27e2c1e081a2399e959f6ac1aa0cb.jpg,0,1,1,0,1,0,1,0,0
video-aMQG7QCtJKfnEdue5-frame-000250-ggCuJiq2GtQLiXpA8_jpg.rf.aaac27dd9e8993b7fa5b47f58e4cf16f.jpg,1,0,1,0,1,0,1,1,0
video-AEZAaF8epmvQv5Nfj-frame-014861-Anc3HPH9GSHA5jfX4_jpg.rf.aad02a030f79a1e4ce418a0347f0906a.jpg,0,0,1,0,0,0,1,1,0
video-iFWh9r9TJWmTzTrha-frame-002279-jwX9rwqFJJyRSChdN_jpg.rf.aabbc510eef239836db685c558183186.jpg,0,1,1,0,1,1,1,1,0
video-TxNGEKRyWMf6Q7hS2-frame-000516-oZtt6B246CPuhDw5m_jpg.rf.aab2cd3f1b8d890a2d77579cb7c6fe08.jpg,0,1,1,0,0,0,1,0,1
video-H3L9CYJg7BiSo3xz8-frame-000750-AfJjGwoyefkKuQtDZ_jpg.rf.aad3ab87ef87a4336b12879aa7c1f9b7.jpg,0,0,1,0,1,0,1,1,0
video-ooW42bEtJrR4gufJr-frame-006600-vHQrwi8C9ZXqHKHeo_jpg.rf.aaedf473d5f846bb06634be63005e84c.jpg,0,0,1,0,0,0,0,1,0
video-DJYDQTZH7GLCqw3Tx-frame-005379-GK6wwpoaYfzqfnPx4_jpg.rf.aaeb439e0b8b9d327a7ea07d1c03c6ee.jpg,1,0,1,0,0,0,1,0,0
video-S5osy2ei487eAM2fw-frame-003920-jP3f4npcpWKjzgonx_jpg.rf.aab0b75138d6799cf7c1f8bc574bedb6.jpg,0,1,1,0,1,1,1,1,0
video-nodg7n2aFzCWFJBnv-frame-000770-fePnCFKCRdHs96EcB_jpg.rf.ab0d494b9834ad055a06f9e5f085c0c3.jpg,1,0,1,0,1,0,1,0,0
video-jNQtRj6NGycZDEXpe-frame-009785-Y5Pp4cGS3xbfo4DMJ_jpg.rf.ab16567d634d48286fcd93feb4ae41ef.jpg,1,0,1,0,1,0,1,1,0
video-JnRLAYvPLms37xEzD-frame-000300-gqWgsAcfda8BgrqJL_jpg.rf.ab1190be2f5a486512db7dc4688a85bc.jpg,0,0,1,0,1,0,0,1,0
video-5YffDt2oYT6CDzYHk-frame-000240-bcHq8ceggEPkBnwao_jpg.rf.ab0d7cef3ccf3e642dea3db319e15b9a.jpg,0,0,1,0,1,0,0,1,0
video-iFWh9r9TJWmTzTrha-frame-004795-K44zEEFjW5C3BJhZo_jpg.rf.ab637afbd248dca9de5b699ab96806e4.jpg,0,0,1,0,0,1,1,1,1
video-DJYDQTZH7GLCqw3Tx-frame-001529-wEF6GSQMsEjrAQjNt_jpg.rf.ab20b073ec7e4ade5bc956b784a2c780.jpg,1,0,1,0,0,0,1,0,0
video-iFWh9r9TJWmTzTrha-frame-005918-zmnT4H9nvDX9E7BJ7_jpg.rf.ab78596bb42f6014a0c76c015721b8ed.jpg,0,0,1,0,0,1,1,1,0
video-vvYEi6EdCrYXeHwpD-frame-003672-xknvfCpjj4Z3ewvCY_jpg.rf.ab323fb63bec536635b48d4775631c53.jpg,0,0,1,0,0,0,0,1,0
video-wGdqQimawNX3RYv76-frame-006504-FJdnsAvujiMjuFipi_jpg.rf.ab86090c4bd7c9e219cdbae621a78952.jpg,0,0,0,0,0,0,1,0,0
video-vbhpsNpMoX2Qbhw2A-frame-001125-8DcS4ReRcwKhqvRsM_jpg.rf.ab7887dd25cb7650d753d33bdc2cc8fb.jpg,0,0,1,1,1,0,1,1,0
video-JFiGa9oAAN2queuLt-frame-013952-tSjBrkeTnvqmKK4nQ_jpg.rf.ab467981619b8ed45d7008bd3284f36c.jpg,0,0,1,0,1,0,0,1,0
video-AEZAaF8epmvQv5Nfj-frame-016201-AEv7Gd5QaMWea7yJd_jpg.rf.ab381e2cdd0d4b1ca7f2c2e960900c5a.jpg,0,0,1,0,0,0,1,0,0
video-AEZAaF8epmvQv5Nfj-frame-009409-gKucRygb3acEwG9zE_jpg.rf.ab65a40a43a498de8e08909415babc02.jpg,1,0,1,0,0,0,1,1,0
video-Gfv3kbdf5KAYRtPcz-frame-002851-w9GTwDsHEobJ4EBRp_jpg.rf.ab87e8247087b717747cb19893cbb3a8.jpg,0,0,1,0,0,0,1,1,0
video-WiuWWrsHrJsDcfFzg-frame-009316-qBnHf3f85fYJP64z3_jpg.rf.ab6f68146c1d5d024d7a1b477950f21d.jpg,0,0,1,0,1,1,1,1,0
video-TTDq3x6HSvFx3YRDH-frame-000175-swY3pcTjbky8iFPga_jpg.rf.abb492f0e2f97b66872750ec800c278c.jpg,0,0,1,0,0,0,1,1,1
video-evnmmkhaqckdxWa9P-frame-002441-6mnxi2TtkFykMi4Nq_jpg.rf.abd0188f3241bbb13c3b9729e0828c47.jpg,1,1,0,1,0,0,1,0,0
video-5v4MPkCMGEKPfroxc-frame-001197-nhqSazqgHthBR8NxN_jpg.rf.ab94c54b06c4cf167a5e23f08a7293aa.jpg,0,0,1,0,0,0,1,1,0
video-5An82wT7iBmfZSwx7-frame-000210-mqbDDwgZW7oj5GABf_jpg.rf.abb2003b31f564c882273d7ca3b69291.jpg,0,0,1,1,1,0,1,0,0
video-2Af3dwvs6YPfwSSf6-frame-004950-mTQ6ADS7etCbgZqhR_jpg.rf.abcca1f2cb06fb7434bcc1ef5bf07ae9.jpg,0,0,1,0,0,0,0,0,0
video-7yaY3LisuPdNyfZH9-frame-001144-9wbDBWiz9AA8FL5Hx_jpg.rf.abf98ad468cf3cf7c0a8a432bee26ad9.jpg,0,0,1,0,1,0,0,0,0
video-JFiGa9oAAN2queuLt-frame-003677-bS6i7xHMPtbDoSeEp_jpg.rf.abd3a2c725a1ee309ac445412e7b33ca.jpg,0,1,1,0,0,0,1,0,0
video-MoCHppHsM4bnncPmS-frame-002697-usAoemNK4negiSkbs_jpg.rf.ab999b2b416bf31e1543ab9f3a665f6b.jpg,0,0,1,0,0,0,1,1,0
video-24ysbPEGoEKKDvRt6-frame-000240-ez9BCnHfM6BAb98yR_jpg.rf.abea2a84ce44a6fe83f12d1e6a98204e.jpg,0,0,1,0,0,0,0,1,0
video-Jbg7v6iuvSJavrMsD-frame-013950-Qo8mm5jbKskFxnnca_jpg.rf.abfd64fdef173483f1b04be5d83e7eba.jpg,0,0,1,0,0,0,0,1,0
video-r68Yr9RPWEp5fW2ZF-frame-002436-duqqMgSRqqb69KKhX_jpg.rf.ac00438544e5a80900ac8a416e47e2ad.jpg,1,0,1,0,1,0,1,0,0
video-4zQqsnWRwK7SFPpBy-frame-000000-q9McCmCKGhQ8SmFAG_jpg.rf.ac0faafd47668f3aacd6797803dbc2c3.jpg,0,0,1,0,0,0,0,1,0
video-JFiGa9oAAN2queuLt-frame-003477-C7SEjb8LasL2YhNL5_jpg.rf.ac24f0731ba7c6a22be203e1b3d93772.jpg,0,1,1,0,0,0,1,0,0
video-AEZAaF8epmvQv5Nfj-frame-013770-o7n9h4caSJk9QP77f_jpg.rf.ab9c766eb7c8a9736d975a6b0e231a69.jpg,1,0,1,0,0,0,1,0,0
video-8CvM2BExBLyQFZrK8-frame-000307-m8NyQEtnHovLvmG6h_jpg.rf.ac1e71d97e2d4d4fc45ac38d6f3627b2.jpg,0,0,1,0,0,0,1,1,0
video-fg5eBhFE7kHyXPtBi-frame-001459-aDsftSJ8A4cny3zJm_jpg.rf.ac2ea3da626a89b32b7eab706745988e.jpg,1,0,1,0,0,0,1,1,0
video-49ZHZYTfjWxQXmrQs-frame-005250-gFMEiyqZN5DjoAPLS_jpg.rf.ac8ec77394f47cff8face55f93fb184d.jpg,0,0,0,0,0,0,0,1,0
video-JFiGa9oAAN2queuLt-frame-002797-Fqu4gMXQSt5sXSWS7_jpg.rf.acb02faaa57abb061cd8b5c885228328.jpg,1,1,1,1,0,0,1,1,0
video-AkvAvb4X72cnTbbCw-frame-000650-HdgGknx9FaoE8Yp4i_jpg.rf.aca0e56ff1961355c7b10b2ead42ba6f.jpg,0,0,1,1,1,0,1,1,0
video-yBdrow6zFe5E8uEwn-frame-003092-qZjxmgdPPWFoqiXEu_jpg.rf.ac2e5691a8435550732d758e8b22eb2a.jpg,1,0,0,0,0,0,1,0,1
video-Bfb39QmAgJQZfE7Pu-frame-009245-YPAuWakagNCtuL3hH_jpg.rf.ac6b2e7c40c7d30bf0fb6ef6be400382.jpg,0,0,1,0,0,0,0,1,0
video-JFiGa9oAAN2queuLt-frame-004757-tadYZFH82uozdsJa3_jpg.rf.acbb0bda372275162ac0776e044211f6.jpg,0,1,1,1,0,0,1,0,0
video-5YffDt2oYT6CDzYHk-frame-000320-h57ivvKWkz9bgqQGR_jpg.rf.ac8ad8e60c86facef5e4eac8c0fea739.jpg,0,0,0,1,0,0,0,0,0
video-jNQtRj6NGycZDEXpe-frame-010985-DRhBkuu3rMXS5cqqv_jpg.rf.ac6d28f44dbda90e10b5fed44be8c691.jpg,0,0,1,0,0,0,1,1,0
video-KTtJnXH7CcPgLeF2G-frame-002508-4xp3fmfCwjzGgqiE8_jpg.rf.ac6a0a6a0f01e333f114ae6a16f6b783.jpg,1,0,1,0,0,0,1,0,0
video-DJYDQTZH7GLCqw3Tx-frame-005389-cYdWxmRcRGiWSqJLF_jpg.rf.ac820dc14d408c8f5c91fd63e3840978.jpg,1,0,1,0,0,0,1,0,0
video-r68Yr9RPWEp5fW2ZF-frame-001766-QtuPdpvdyFnhxGaeC_jpg.rf.acc582a34d6997b520965edf54d62f56.jpg,1,0,1,1,1,0,1,0,0
video-PY5tYnNPcGE9WrZuq-frame-005460-YsdGudNdgfdMNA5bb_jpg.rf.acaa4757f8aab04af8282e279a4e7eab.jpg,0,0,1,0,0,0,0,0,0
video-a9TgkAvMGtM2gXpdj-frame-010810-RFFwtLK4D8Z7jSWrT_jpg.rf.accbef5276db4ea8de162c9cefb84426.jpg,0,0,1,0,0,0,1,0,1
video-5Lwe5DATf4BxKtaiB-frame-001352-ByL9dvejGuwrJryuF_jpg.rf.ac7e5c23824cd8f64d149306f2c90c47.jpg,1,0,1,0,0,0,1,0,0
video-Jbg7v6iuvSJavrMsD-frame-012000-KWgj26yDRbLfTyerZ_jpg.rf.acc33df936613dbe61737f9292de4bc0.jpg,0,0,0,1,0,0,0,1,0
video-wGdqQimawNX3RYv76-frame-008398-H8mLyZTxPYT7Aetqb_jpg.rf.ace3740a983d053d2d911c4853bb1a21.jpg,0,0,1,0,0,0,1,0,0
video-7EPybiwBrzjDKn7TZ-frame-001767-TNh3ZTLmgEygzwWyo_jpg.rf.ace64cafa66711bfdf2910de6b18ed9f.jpg,0,0,0,0,0,0,1,1,0
video-JFiGa9oAAN2queuLt-frame-007501-5fLXb2psaT3fvYGbd_jpg.rf.ac48a56821479f7488413a4a876d79b9.jpg,1,0,1,0,1,0,1,1,0
video-AEZAaF8epmvQv5Nfj-frame-015931-LyvdhdeZQq5v4Por9_jpg.rf.ad18742265ddae4869818228be617a2d.jpg,0,0,1,0,0,0,1,1,0
video-aktbgSQhAxvb8arnx-frame-001350-f9vhMs9DtwfZzHCtT_jpg.rf.acc1bb29dd2e58c80ac44a470246f178.jpg,0,0,1,0,0,0,0,1,0
video-iFWh9r9TJWmTzTrha-frame-002630-aLw7dqrbkRX4xwM3J_jpg.rf.ace88bde4dd50a319c4714f4866a0e5c.jpg,0,0,1,0,0,0,1,1,0
video-r68Yr9RPWEp5fW2ZF-frame-006046-sPbyNv8RNTJg3BeEz_jpg.rf.acf2a80a67b67f55aac8832f2d232f86.jpg,1,0,1,0,0,0,1,1,0
video-AEZAaF8epmvQv5Nfj-frame-006510-ZriyJnLjfC5j8XDrW_jpg.rf.ace25cf7b37cfce77fecf70477d8d694.jpg,1,0,1,1,0,0,1,0,0
video-DJYDQTZH7GLCqw3Tx-frame-006297-k3Z9ZnfD7Wj976QzL_jpg.rf.ad281bf02526f1a11d030cff9814e6bb.jpg,0,0,1,0,0,1,1,0,0
video-AEZAaF8epmvQv5Nfj-frame-006870-Bwp8nEik9v662S8Ci_jpg.rf.ad38849ad6a7405a89ba5ccb0a420d6a.jpg,1,0,1,0,0,0,1,1,0
video-nodg7n2aFzCWFJBnv-frame-001720-i5iGxT5LF6cy3xDyS_jpg.rf.ad26d50937cfdcb32de3fcfdf5aa7ab0.jpg,1,0,1,0,1,0,1,0,0
video-AEZAaF8epmvQv5Nfj-frame-006780-8b5mhemXEjBPmjmbp_jpg.rf.ad2fcc06f9b8097232993b34fe646078.jpg,1,0,1,0,0,0,1,1,0
video-2Af3dwvs6YPfwSSf6-frame-001050-bFmJhPpzWypZF7dam_jpg.rf.ad591ab9620395ad805c714043b8a0ea.jpg,0,0,1,0,0,0,0,1,0
video-jNQtRj6NGycZDEXpe-frame-014666-vT6gqhFXSZyQzdokX_jpg.rf.ad57d8837854c6427c0b671ca41f9db3.jpg,0,0,1,0,1,0,1,1,1
video-7yaY3LisuPdNyfZH9-frame-006025-zRSHy4t4etL67P8ed_jpg.rf.ad7748726f514946bda6c5be1914e5b2.jpg,0,0,1,0,1,0,1,1,0
video-WGCm6DTcSjgg7FgMm-frame-000300-8JGXjTEnjqJFw5mdA_jpg.rf.ad56964ce87f03242ca749e4dc69a720.jpg,0,0,1,0,0,0,0,0,0
video-DJYDQTZH7GLCqw3Tx-frame-006847-RLkPAzWX4A44W3QQk_jpg.rf.ad620bdacb2840de38f090b6e2c782fe.jpg,0,0,1,0,0,0,1,0,0
video-r68Yr9RPWEp5fW2ZF-frame-005886-owHZRureHQRbg9Spn_jpg.rf.adaffba616113eef6a02054c088d7a45.jpg,1,0,1,0,0,0,1,1,0
video-wGdqQimawNX3RYv76-frame-000300-uRKkwqKJoFmPE7gRH_jpg.rf.ad22728db9e617202fd57679dacfd28a.jpg,0,1,1,0,1,0,0,1,0
video-AEZAaF8epmvQv5Nfj-frame-014561-qbRErcCPz6bkQhs5o_jpg.rf.ad81b221f7702542ccd5853a70386193.jpg,0,0,1,0,0,0,1,0,0
video-jNQtRj6NGycZDEXpe-frame-008540-QpdFbi6HWnHMwJyh6_jpg.rf.adc225c223c7bb49317bd71a060b4179.jpg,0,0,1,0,0,0,1,1,0
video-JFiGa9oAAN2queuLt-frame-002867-vdoCe78TEfKi5Nxwk_jpg.rf.adf0a6ee36f3bbd3d7e0f1e3de114cc6.jpg,1,1,1,0,0,0,1,1,0
video-uSr74imQfjLhADgQZ-frame-000072-jrKRDC8uKn25r27cz_jpg.rf.adba9c758153dca04defa39ba63e07ab.jpg,0,0,1,0,0,0,1,0,0
video-KTtJnXH7CcPgLeF2G-frame-003518-HmJgiunj86cJ5D2Pm_jpg.rf.adcc7ac002863706cfe704ae25463bec.jpg,0,0,1,0,0,0,1,1,0
video-5HPT2goT53ceRpvRm-frame-001035-mfozQHYfQKZFerxEm_jpg.rf.ae2407c08a561bab346a488bcb6c04eb.jpg,1,0,1,0,0,0,1,0,0
video-AEZAaF8epmvQv5Nfj-frame-013570-4gycA3SJQa8TNpfi5_jpg.rf.ae5229f16e9a528b92029032e45128c5.jpg,1,0,1,0,0,0,1,0,0
video-nCxsLGvXK8o25AmXW-frame-012130-zLrcbJPdKcGxeDq5n_jpg.rf.adc5733c0f0ca0f18890ae3e1f97baea.jpg,0,1,1,0,0,0,0,1,0
video-AEZAaF8epmvQv5Nfj-frame-008400-cAicZx56eykWCKT2F_jpg.rf.ae111456c57112c9ca455249e174de0c.jpg,1,0,1,1,0,0,1,1,0
video-dpPsuZToLaq9myAK8-frame-003271-bN5BmsAy2zeh4JMtB_jpg.rf.ae013cd169c623acf2d7ad7638faec07.jpg,0,0,1,0,0,0,1,1,0
video-nodg7n2aFzCWFJBnv-frame-003262-ztLz5mfQdqwN9GDm8_jpg.rf.ae53ad0f7bdb1ceb82f2c601ca739faf.jpg,1,0,1,0,1,0,1,0,0
video-c3Lxro5s7dbYgdGRp-frame-003051-rtxiPgGRJNYbEyDM4_jpg.rf.ae0888a211db74601be5683349e64217.jpg,1,0,0,0,0,0,1,1,0
video-DJYDQTZH7GLCqw3Tx-frame-003961-deoq5achuc9R8xRTm_jpg.rf.adca72f9d525c1b185090ce1ad616f28.jpg,1,0,1,0,0,0,1,0,0
video-BjSfmxLQqCGjg8tya-frame-001068-WiXMWLHi8JTSkGKuN_jpg.rf.adbdb0e89f2a1c278916712075181d21.jpg,0,0,1,0,1,0,1,1,0
video-vbhpsNpMoX2Qbhw2A-frame-000534-MfwtKpPY6i2BWJhTf_jpg.rf.ae57134ee33c6c64b1416206366c4545.jpg,1,0,1,0,1,0,1,1,0
video-AEZAaF8epmvQv5Nfj-frame-013730-cnWea2MiETQk93Jnq_jpg.rf.ae544092efd823ce47ef72fe5bd5ea3c.jpg,1,0,1,0,0,0,1,0,0
video-YzRKMLLSDnZLFpPmg-frame-013923-8gJwGfMthiC5CNfpt_jpg.rf.add807e010ac61a2da5aecc0a6503b5a.jpg,0,0,1,0,0,0,0,1,1
video-Bfb39QmAgJQZfE7Pu-frame-011678-MHEwnWbXQKdE4qTzd_jpg.rf.ae86ae4c279f217dcf8c66b2d202dd96.jpg,0,1,1,0,1,1,1,1,0
video-Bfb39QmAgJQZfE7Pu-frame-010989-7T5McPjnkHoDPj346_jpg.rf.aeadfb9d1cd77f3edbdb46e1b0fc4e9d.jpg,0,0,1,0,1,0,1,1,0
video-JFiGa9oAAN2queuLt-frame-004217-y8Zyg59AipuCJRXXE_jpg.rf.aec22993b8ae5c8f386aadb8035f5150.jpg,0,1,1,1,0,0,1,0,0
video-DJYDQTZH7GLCqw3Tx-frame-003451-vjf2xisf6Bg45hThN_jpg.rf.aeb5fb468f6aede56ed5b0dd594b9d77.jpg,1,0,1,0,0,0,1,1,0
video-AEZAaF8epmvQv5Nfj-frame-006920-8mvAvyLFBXcEhzYXP_jpg.rf.ae96b19e3a32c7d80be21301edac6369.jpg,1,0,1,1,1,0,1,0,0
video-iS9cAu6Ms3CXQtY92-frame-002170-ujQv2jdMbnwbTrXN3_jpg.rf.aea6584bf6850b51e82c7d1d68bf694e.jpg,0,0,1,0,0,0,0,1,0
video-JFiGa9oAAN2queuLt-frame-001184-mzX7rca7DrBEcnnmb_jpg.rf.ae8ed07f8c432c0ff18bc8cf7d49d2a5.jpg,1,0,1,0,1,0,1,0,0
video-FWQff8BQpTRSt9hfA-frame-004800-pyzoFsjF9s3XKeBpg_jpg.rf.aecd7953af7cd6195579fa2a5ded2fc1.jpg,0,0,1,0,0,0,0,1,0
video-AEZAaF8epmvQv5Nfj-frame-010264-3dxLMfmXaxCsW7Lt4_jpg.rf.aee44b46c66ed8b5e9e21f25c6d2156f.jpg,0,0,1,0,0,0,1,0,0
video-4dy5Hhcg93BTyG9KZ-frame-000300-EGTiWLcpxnRA3wANJ_jpg.rf.af2ddfd66f9c783b3b382f7466b5adff.jpg,0,0,1,0,0,0,0,1,0
video-hmsJCeMCWjX2FhxD8-frame-001122-nELg4g9gDCC2wTont_jpg.rf.aec1a51ad2534c06cc631b2b32bb89b3.jpg,1,0,1,0,0,0,1,1,0
video-8CvM2BExBLyQFZrK8-frame-002791-6zeCjhAdXQNFmSPWC_jpg.rf.af37951eef212ebbbd9b13ba216bd57d.jpg,0,0,0,0,1,0,1,1,0
video-aiXLPEvp86raemrsp-frame-006148-B9SsZsCvbaGjz67ob_jpg.rf.aeb97cc71c4acb7b1854a7a285e2fcda.jpg,0,1,1,0,1,0,1,0,1
video-MoCHppHsM4bnncPmS-frame-001021-f5cz7cPXoxncMW4SF_jpg.rf.aed5e90d0e977333767799bbbfbcc089.jpg,0,0,1,0,1,1,1,1,0
video-5HPT2goT53ceRpvRm-frame-000840-SM3ACac9h3gSkzZdY_jpg.rf.af3c304d5a8f88bd612af5caacfdb373.jpg,1,0,1,0,0,0,1,0,0
video-2SReBn5LtAkL5HMj2-frame-010778-GmX4Yqiehk7BaGxew_jpg.rf.aee191e6a1eff8977366207df6bd3cdb.jpg,0,0,1,0,0,0,0,1,0
video-WFkuHrJEHigf6HCWZ-frame-003248-cifqKfShnn6r6oQqs_jpg.rf.af3074e5af944dd39e978f4542eb80b8.jpg,1,0,1,0,1,0,1,1,0
video-zNFzcc9wW8XB4QwTa-frame-006238-pasoaJaWXnK8Mu35L_jpg.rf.af576960964ca80becc062032cffeb1d.jpg,0,0,1,0,0,0,1,0,0
video-5v4MPkCMGEKPfroxc-frame-000692-otCT6QzRf5ksFG5up_jpg.rf.af44e536cf3307d76556da15b89b94c2.jpg,0,1,1,1,0,0,1,1,0
video-24ysbPEGoEKKDvRt6-frame-000450-BA4p5cv9iTkB9Ke6s_jpg.rf.aee94c4fa401ab0c327c3bca63258217.jpg,1,0,1,0,0,0,1,1,0
video-8CvM2BExBLyQFZrK8-frame-006750-4qTpGDKs2vrgbvN4C_jpg.rf.af431aca5a5cdd9e4f97b74feba3db5c.jpg,0,0,1,0,1,0,1,1,0
video-AEZAaF8epmvQv5Nfj-frame-008280-3c8fuiBbsRYduErDm_jpg.rf.aede554cdf9c3e1e5fe7f3146054e973.jpg,0,0,1,1,0,0,1,0,0
video-KTtJnXH7CcPgLeF2G-frame-005081-BWmqA6ZtDgJJYp5oE_jpg.rf.af494fd7dfc954cbd9d510226b2deecc.jpg,1,0,1,0,0,0,1,1,0
video-r68Yr9RPWEp5fW2ZF-frame-009323-naE2mgBojv8h85aJ2_jpg.rf.aecd19605d6fcff470b14ff47c6d84ee.jpg,0,0,1,0,1,0,1,1,0
video-ipHbyAv8iW9kmxTGj-frame-002120-2awsefLnLbaWovMs8_jpg.rf.af6d4d4bf40aeaebab3d99f2fa968b63.jpg,0,1,1,0,0,0,1,0,0
video-vbhpsNpMoX2Qbhw2A-frame-005954-n987fgDjWq8Ejm3J5_jpg.rf.aee808c714b9c2a73b6ea037a8c543b5.jpg,0,0,1,0,0,0,0,1,0
video-SyzNY82LYZrhkPH7x-frame-003623-sNGBrGpqpThvEkmsk_jpg.rf.af69c6c6cf874dfc07dab6a350b3241f.jpg,0,0,1,0,0,0,1,1,0
video-rnZseY2bPiYhWEF2m-frame-001630-JYidFWz58EnZ7G9vK_jpg.rf.af70fac11d89a8ca27070a789c2e0c88.jpg,0,0,1,0,0,1,1,1,0
video-ipHbyAv8iW9kmxTGj-frame-007070-k7Srw9xmCPesLng7s_jpg.rf.af985b8665f02693ddcbcf05bd7fc20f.jpg,0,0,1,0,0,0,1,0,0
video-DJYDQTZH7GLCqw3Tx-frame-003571-7sadAEqWAvEjLpS9s_jpg.rf.afbb539697d9f7c4b547f3e60c9fcdc7.jpg,1,0,1,0,0,0,1,1,0
video-86XuF6pPvWfBCqyNt-frame-007807-tHPMmpsio9FWqh3wT_jpg.rf.af9c01847bb46cabf3d2d826e748d729.jpg,0,0,0,0,1,0,1,1,1
video-2rsjnZFyGQGeynfbv-frame-000206-CF2ZGcBDzTfDJCwvf_jpg.rf.afa93a954b3c93d92dd01eab9fc3a510.jpg,0,0,1,0,0,0,1,0,0
video-jEAhuERdkqBfeTdux-frame-003600-JSYw4HpYp348jTHPR_jpg.rf.afaae18c7c51c891b5687ff874808571.jpg,0,0,0,0,0,0,0,1,1
video-ydbh3ikFGJFieXswZ-frame-005850-NSsfvny3DGrj829Yu_jpg.rf.af811922bca2b267c9f5895d24130d89.jpg,0,0,1,0,0,0,0,1,0
video-DJYDQTZH7GLCqw3Tx-frame-005839-s7nQcKmKBZBCjLqFa_jpg.rf.afbda2e124ca9f42ebbfd21bac1dbea9.jpg,1,0,1,0,0,0,1,0,0
video-rnZseY2bPiYhWEF2m-frame-008217-uHyQ3GHNv6nZ5FqRr_jpg.rf.afc1dea16e3765f97c51ed6fab141d09.jpg,1,1,1,0,1,1,1,1,0
video-6WgZhpFdCJP3a2cWi-frame-006000-chdbRJ97DBQ4umj5n_jpg.rf.afbef21c10816b5aebba00ecfd4140f8.jpg,0,1,1,0,1,0,1,0,0
video-DJYDQTZH7GLCqw3Tx-frame-006567-BXeXbAtspR72Nc8X6_jpg.rf.af9d9e599cb08250121cf3de8b8ba1ab.jpg,1,0,1,0,0,0,1,0,0
video-DJYDQTZH7GLCqw3Tx-frame-000750-YitccsmKJG9dW5dKe_jpg.rf.afd0546ea06a258881d75ce5618f37b5.jpg,0,0,1,0,0,0,1,1,0
video-5v4MPkCMGEKPfroxc-frame-000707-2H74Tv7KHXffxZZui_jpg.rf.afc3641d04af059657d497a8b15252de.jpg,0,1,1,1,1,0,1,1,0
video-AEZAaF8epmvQv5Nfj-frame-008260-Hiy89ZwK3aJo3jCdL_jpg.rf.afe923c8fefae7da4126d58574af1152.jpg,0,0,1,1,0,0,1,0,0
video-vvYEi6EdCrYXeHwpD-frame-018972-eNymxzs2ErYuFLj9P_jpg.rf.afda534e4141fef6ec7b5b6f96335d44.jpg,0,0,1,0,0,0,0,0,1
video-JFiGa9oAAN2queuLt-frame-005267-rt4FXcyifMSEGpxDw_jpg.rf.b0349c1c5af4e572f6eafd6952c49e03.jpg,0,1,1,1,0,0,1,0,0
video-r68Yr9RPWEp5fW2ZF-frame-008733-kYNhhgdJtQRRMdtqJ_jpg.rf.b00a26169d71e5c7e5f8fbc30a02900b.jpg,0,0,1,0,0,0,1,1,0
video-vvYEi6EdCrYXeHwpD-frame-007344-3LCYFHJxn2kNDsFic_jpg.rf.b06fb428e725c3725c729cac7d7df408.jpg,0,1,1,0,0,0,0,1,0
video-WGCm6DTcSjgg7FgMm-frame-002400-H9v6SZ28APHcZukuk_jpg.rf.afcf85b0521159c17fb67f88551d1854.jpg,0,0,1,0,0,0,0,0,0
video-JFiGa9oAAN2queuLt-frame-000300-NcYM9yiJSYgDRE37Q_jpg.rf.b07792e935a05fd5c13031ab6cb6b919.jpg,0,1,1,0,0,0,1,1,0
video-mBQmysFvQtPK36MsF-frame-001076-jWqSG3gBp6xdep5yG_jpg.rf.b0847236517fb7105cfdd30a760b1299.jpg,0,1,1,0,0,0,0,1,0
video-Gfv3kbdf5KAYRtPcz-frame-004021-7xpEBPhWuMGs24T4D_jpg.rf.b090f5896a8fb56f8bdc2f08d69eee73.jpg,1,0,1,0,0,0,1,1,0
video-muKWZNM2FxQoStMQh-frame-002036-6izZWSSrP2pxF5Ai3_jpg.rf.b0991c2f064d7efa54c538d04f78aa1e.jpg,0,0,1,0,1,0,1,1,0
video-MoCHppHsM4bnncPmS-frame-002757-Hn3PKWMY8WCThyGiM_jpg.rf.b0a0cc2d6bcd1efcc24d7a4ce5e5e05e.jpg,1,0,1,0,0,0,1,1,0
video-bNfjGzbuFRY9NkHKz-frame-005400-GiXCcxCKFrKwZrf5s_jpg.rf.b0af67c0df547d2593db17ba247073c1.jpg,0,0,1,0,0,0,0,1,0
video-JFiGa9oAAN2queuLt-frame-003727-AWgKXHDKYTHMt5Eqq_jpg.rf.b07624f1a8ed703dfe7492493144fa46.jpg,0,1,1,0,0,0,1,0,0
video-AEZAaF8epmvQv5Nfj-frame-006830-icGbMAtJTBrFeu2at_jpg.rf.b02935b6bf9103befde14eb575ae6124.jpg,1,0,1,0,1,0,1,0,0
video-dpPsuZToLaq9myAK8-frame-004696-mHoZezeWp3eGFygQ3_jpg.rf.b0d7111718e63001fa293806ae773704.jpg,0,0,1,0,0,0,1,1,0
video-GXXqNLCqyu72TLx5i-frame-005101-TQWoABzHJPzRsA3i8_jpg.rf.b0c3b87b19475f0a1225fcca75f12f11.jpg,1,0,1,0,1,0,1,1,0
video-5YuhMWusfM3ZMtvDx-frame-009018-zuTajsJDSXGWXQMYo_jpg.rf.b0bb86c78d1c6b38ac2d7ce7b1200243.jpg,0,1,1,0,1,0,1,1,0
video-2rsjnZFyGQGeynfbv-frame-005150-S7vyAnAfDaXmNsk4w_jpg.rf.b0cb58da3d8146230a559a924e854369.jpg,0,0,1,0,0,0,0,1,0
video-aMQG7QCtJKfnEdue5-frame-000385-EttrDhorYvc7Tc5in_jpg.rf.b0e11a294c63bcc220bb822dcfdbbb14.jpg,1,0,1,0,1,0,1,1,0
video-GXXqNLCqyu72TLx5i-frame-004644-bJePQMAxAmahQr7jn_jpg.rf.b0d04240e406fe7b021baaac53495759.jpg,1,0,1,0,1,0,1,1,0
video-jEAhuERdkqBfeTdux-frame-004650-v9v9NeoCePKcTBXaY_jpg.rf.b0f1980d1e99c015b0778adad3434098.jpg,0,0,1,0,0,0,0,0,0
video-TTDq3x6HSvFx3YRDH-frame-001259-2CGwNd4YoFgvpLSvT_jpg.rf.b0e51e5fbd9ab1ee8ef97799242dbb23.jpg,0,0,1,0,0,0,1,0,0
video-24ysbPEGoEKKDvRt6-frame-000465-omej4D9aqpDPaLamD_jpg.rf.b0ec81102b8996f71b4923ba1d7c964c.jpg,1,0,1,0,0,0,1,1,0
video-ELruYFQjkqpZnir29-frame-001546-4BEMK9fQqSocs7qCA_jpg.rf.b0b06a128514f996104305254a9b7452.jpg,1,0,1,0,0,0,1,1,0
video-wGdqQimawNX3RYv76-frame-006309-CrM9J6atLrshoQp2j_jpg.rf.b11c197677beca1c63eb11cfbfd94023.jpg,0,0,1,0,0,0,1,0,0
video-dpPsuZToLaq9myAK8-frame-004809-fpbxJits4qQKQn7jT_jpg.rf.b00acab5122e6074fb447678077e1960.jpg,0,0,1,0,0,0,1,1,0
video-AEZAaF8epmvQv5Nfj-frame-017222-2vosNHs9RHuspznmP_jpg.rf.b0f75163b356b99c018c8eabacc89cb1.jpg,1,0,1,0,0,0,1,0,0
video-iS9cAu6Ms3CXQtY92-frame-000018-NnsBArqGGAXG9vPPv_jpg.rf.b110c3ac679f2d55183761d51f227e2b.jpg,0,0,0,0,0,0,0,1,0
video-mBQmysFvQtPK36MsF-frame-002556-76iQAcN6GTudb9izE_jpg.rf.b09e9182c9510fc043770efa60b919b7.jpg,0,1,1,0,0,0,0,0,0
video-2Af3dwvs6YPfwSSf6-frame-002250-6eSJMHyCDA4LpTZq6_jpg.rf.b0f463bf61f9cf5ac745c151ac75d02b.jpg,0,0,1,0,0,0,0,1,0
video-DJYDQTZH7GLCqw3Tx-frame-007540-jRfSuu2wjtJqJ3brD_jpg.rf.b13db9f3e27c0be6ced475ece14509dc.jpg,1,0,1,0,0,0,1,1,0
video-WXTMrJkrK8BMoMkxk-frame-000090-3889yuEikGcJDkbmJ_jpg.rf.b150bba71a51f1480ab3073a4b4ff4a0.jpg,0,0,1,0,1,0,0,1,0
video-KTtJnXH7CcPgLeF2G-frame-003638-J3Tj8LCmHNCcHpGZX_jpg.rf.b1583abfc3525cd964817e3018a211c6.jpg,0,0,1,0,0,0,1,0,0
video-49ZHZYTfjWxQXmrQs-frame-000150-gmy2gBu64BdGb4skP_jpg.rf.b11b7ceb003950dcc6cfc765da37c724.jpg,0,0,1,0,0,0,0,0,0
video-nCxsLGvXK8o25AmXW-frame-000142-ESZ4nam3C62T6PioC_jpg.rf.b16822ab2d6dad380ac96422b6b2a096.jpg,0,0,1,0,1,0,1,1,0
video-r68Yr9RPWEp5fW2ZF-frame-009653-2FTMc4kssfGBNYGfv_jpg.rf.b1734fe5a76d4d3ad19a30e20d77cad1.jpg,0,0,0,1,0,0,1,1,0
video-WFkuHrJEHigf6HCWZ-frame-003234-JEP5LEcpApq9i6oNP_jpg.rf.b156a85f0ee892baecc1392459dd4738.jpg,1,0,1,0,1,0,1,0,0
video-kDDWXrnLSoSdHCZ7S-frame-005993-vaDzJS6cmcNTR3dXT_jpg.rf.b128a8294e9d8c1c7787d0514adc096a.jpg,0,0,1,0,0,0,0,1,0
video-5Lwe5DATf4BxKtaiB-frame-000767-eRL4nu8mcSxgvXRmG_jpg.rf.b11f43256653a00c4688ee287795e8f6.jpg,1,0,1,0,0,0,1,1,0
video-JFiGa9oAAN2queuLt-frame-004477-hFYNbShM56EnSMGAX_jpg.rf.b14ac312eb4f2ba3deb6b4a093c8392e.jpg,0,1,1,0,0,0,1,0,0
video-EcPY55txZdfhevYiW-frame-006171-JDfjDsL9niwg5msLL_jpg.rf.b17e1acc8842f9ed2839908bbebdb57a.jpg,0,0,1,0,1,0,1,1,0
video-nodg7n2aFzCWFJBnv-frame-001255-hNNxGQtoeifHzXNmH_jpg.rf.b176b55b47e87f6d403e37ae99ae8042.jpg,1,0,1,0,0,0,1,1,0
video-iTrM5ner4KQGLvpdC-frame-000258-sWrHPmkrQF59oikE3_jpg.rf.b19140cb30f091007b565d6598accde8.jpg,0,0,1,0,1,1,1,1,0
video-AEZAaF8epmvQv5Nfj-frame-015971-kLsXADBFmDq3mzKQu_jpg.rf.b1e29d1efc63998739413a81546ae77b.jpg,0,0,1,0,0,0,1,1,0
video-5YffDt2oYT6CDzYHk-frame-002527-Cm2Kw74YpaFqyvFrS_jpg.rf.b1b667c73234d6edce6b77dfa8c0e452.jpg,0,0,0,0,1,0,1,1,0
video-o68zKob2nb8QMktLF-frame-000351-3wMdbTer6LZJdAszY_jpg.rf.b1a49c0f645e9a3179f73352988c9441.jpg,0,0,1,0,1,0,0,1,0
video-5HPT2goT53ceRpvRm-frame-000870-mNvnyvwrkpaHLXaf3_jpg.rf.b1c6d89aa81736011154b88b533e9195.jpg,1,0,1,0,0,0,1,0,0
video-rYXSHjnEfuLmjE6Z4-frame-000237-cRvvwtwX8ave2D5DQ_jpg.rf.b20aa0a8fc4ede40c1ae02fd97252008.jpg,1,0,1,0,0,0,1,0,0
video-TTDq3x6HSvFx3YRDH-frame-000615-hLqb6kuXy9CuPtGsi_jpg.rf.b1dec5f58594c67fa937fa2bfbdee265.jpg,0,0,1,0,0,0,1,1,0
video-iTrM5ner4KQGLvpdC-frame-004593-2MXxXztshznyA5JLn_jpg.rf.b1cb3035173d26628d6c9d66c2cfbdc7.jpg,0,0,1,0,0,0,0,1,1
video-r68Yr9RPWEp5fW2ZF-frame-006876-2JngRAsefz5jNi8fA_jpg.rf.b2159e31152cf6319ffd7efa729893be.jpg,0,0,1,1,0,0,1,1,0
video-AEZAaF8epmvQv5Nfj-frame-014591-7MCwdADkmwydmteYB_jpg.rf.b1c92dd94be471086bc17af534a43038.jpg,0,0,1,0,0,0,1,0,0
video-zNFzcc9wW8XB4QwTa-frame-005657-BRptdqzdtuGLd6DcB_jpg.rf.b202e7c42741e51d694788de6f9af9fa.jpg,0,0,1,0,0,0,1,0,0
video-5RBAcNR5F6fB3i6P5-frame-001319-2aK9SyajmnuAQmW9e_jpg.rf.b20e415994cb4b01abb8768489729420.jpg,0,0,1,0,0,0,0,0,0
video-aMQG7QCtJKfnEdue5-frame-001331-SHZFBQHfhnq3ZMfvF_jpg.rf.b20fb7904fde41a4bff9ed716bfd764c.jpg,0,0,1,0,0,0,1,0,0
video-TTDq3x6HSvFx3YRDH-frame-001610-DimevKAxWyLQoEQgx_jpg.rf.b198b90e03f6751b37f0140e9fefe89d.jpg,0,0,1,0,0,0,1,1,0
video-XCJD9qhzXNoZCn37i-frame-015148-tkdMYsE2GuW3z5J39_jpg.rf.b2330d3fb7a248b8352ea61d2dab0405.jpg,1,0,1,0,1,1,1,1,0
video-86XuF6pPvWfBCqyNt-frame-007139-rZnxgDR8sY5YurdWd_jpg.rf.b186efb02c4c47d507d94e038cf116eb.jpg,0,0,1,0,0,0,0,1,0
video-hmsJCeMCWjX2FhxD8-frame-001864-sjLkyCDT6zLEJcAj5_jpg.rf.b1d275bd9984a06148806a520c44fd0a.jpg,0,0,1,0,0,0,1,1,0
video-cprcATqPmWGnc3cgi-frame-003555-QAPWBTE3jYtydj9g9_jpg.rf.b22c20ebfc29b6f60ee63958a2deccd2.jpg,0,0,1,0,1,0,1,1,0
video-nodg7n2aFzCWFJBnv-frame-001705-bCxWrs4786ecFsqML_jpg.rf.b2651f4830fb684d693c9f933c31f746.jpg,1,0,1,0,1,0,1,1,0
video-rnZseY2bPiYhWEF2m-frame-000704-vqMBqRswrSBbkwvgH_jpg.rf.b2320ce4548ef237aad9f5c9f8192843.jpg,1,0,1,0,1,0,1,1,1
video-7EPybiwBrzjDKn7TZ-frame-001587-jSjYeDJxNpc8WNQFZ_jpg.rf.b26b7ea5c7f16807c25546f4b0b25ae3.jpg,0,0,1,0,0,0,1,1,0
video-bNfjGzbuFRY9NkHKz-frame-001500-67apTipBe2x7HKz2D_jpg.rf.b2998edc7d69ba015c890e1bff9554df.jpg,0,0,0,0,0,0,0,1,0
video-jNQtRj6NGycZDEXpe-frame-014681-SP2eEzQ3n2RifvvrA_jpg.rf.b27a6b83f10dbae56797ed853526c9ec.jpg,0,0,1,0,1,0,1,1,1
video-AkvAvb4X72cnTbbCw-frame-001220-nqkdADLnJHcL8CBLP_jpg.rf.b27896ea80d9a4c89377dd6549a64f1e.jpg,0,0,1,0,1,0,1,1,0
video-8CvM2BExBLyQFZrK8-frame-000184-WvvqitGkXrFr5eEDa_jpg.rf.b211093ba28190264f238eb6186f8c3d.jpg,0,0,1,0,0,0,1,1,0
video-DJYDQTZH7GLCqw3Tx-frame-003921-exKk9XwF4WNKrkbvS_jpg.rf.b2b3a4c818de80e93f088a0701681173.jpg,1,0,1,0,0,0,1,0,0
video-vbhpsNpMoX2Qbhw2A-frame-000855-CbvLqgxESpNawD33j_jpg.rf.b29f3adaba9bbeee058ae73d2402a274.jpg,0,0,0,1,1,0,0,0,0
video-DJYDQTZH7GLCqw3Tx-frame-007067-fhBBgg3Bf9G92CLCS_jpg.rf.b2bf5ec3affeb0873ea4074fb1be4b5b.jpg,1,0,1,0,0,0,1,1,0
video-GMDwNs5TdqejpF4vu-frame-000873-nswcecQvcaPpcCCQf_jpg.rf.b2a69469c3432cbd94b22cbca3a2e4e5.jpg,0,0,1,0,0,0,1,1,0
video-7yaY3LisuPdNyfZH9-frame-002426-iiJFZYuuuYwgfLMfe_jpg.rf.b2c0126eb4ba83b8a24627003700e5c8.jpg,1,0,1,0,1,0,1,1,0
video-AEZAaF8epmvQv5Nfj-frame-009741-g5no6w64AF3Mi7EEj_jpg.rf.b2c00c20c8054f71700090f5b932b73f.jpg,0,0,1,0,0,0,1,0,0
video-vbhpsNpMoX2Qbhw2A-frame-001345-E6woYrgLc7FmTEn8z_jpg.rf.b2bacfa928c74fdd502484d867308c0a.jpg,0,0,1,0,1,0,1,0,0
video-muKWZNM2FxQoStMQh-frame-000034-NXYfybYJgt7RNMpkh_jpg.rf.b2ecd3e29aa0df9d41f51e37fd39054f.jpg,0,0,1,0,0,0,1,1,0
video-Bfb39QmAgJQZfE7Pu-frame-023442-zTzwZ6CJTJhdgbEqW_jpg.rf.b2e5b82aefe0ccc9e91694ee7685ad6d.jpg,0,1,1,0,1,1,1,1,0
video-xEYBrQ5tarcDbiw9p-frame-001936-JpddSXgkdzqAfnkXD_jpg.rf.b2cdff8e5ee9fae15ffce746686832fe.jpg,0,0,1,0,1,0,1,1,0
video-nodg7n2aFzCWFJBnv-frame-002917-2hnD2AbLy9sh6gZho_jpg.rf.b30203ab4821229c29e5a731b35418de.jpg,1,0,1,0,1,0,1,1,0
video-5YuhMWusfM3ZMtvDx-frame-004518-whwMjtrP83gM89JJi_jpg.rf.b2eac221434a8a58db4f5c1f2fa241fc.jpg,0,1,1,0,1,0,1,1,0
video-67ZzTP4GCNj69eNPs-frame-002051-4bffbgNqy2ymucSQC_jpg.rf.b331e42be7256fc0a7edeb72d0e1814c.jpg,0,0,1,1,1,0,1,1,0
video-mBQmysFvQtPK36MsF-frame-004342-5yHqLa8HrXaoZnBtj_jpg.rf.b344f81a66cafeb6d0c3180b5fbd6077.jpg,1,0,1,0,0,0,1,0,0
video-2SReBn5LtAkL5HMj2-frame-008242-ktaAgjWme5P98FHay_jpg.rf.b359145e6758858872c74fca2b57dfb2.jpg,0,0,1,0,0,0,0,1,0
video-evnmmkhaqckdxWa9P-frame-002381-fwgaRDoG4vteX2q2c_jpg.rf.b30c55b2143e152097ad8b3eda59485c.jpg,0,1,0,1,0,0,0,1,0
video-dgYrcYcm5G75w2GJc-frame-004853-gAxR4MJfXJbFukdWd_jpg.rf.b2c37b8ff1dadc54c0d81d49daa30110.jpg,0,0,0,0,0,0,0,1,0
video-kDDWXrnLSoSdHCZ7S-frame-000570-KyCNdp9526f9zGcQs_jpg.rf.b34c046e1dfcb78c9fa67c8675a131a9.jpg,0,0,1,0,1,0,1,1,0
video-G9ZpKLJEKsMheip7b-frame-002700-qcbvXmqsqDfy4CxWo_jpg.rf.b351489fc07ca5bbea82433c8882416f.jpg,0,1,1,0,0,0,0,1,0
video-DJYDQTZH7GLCqw3Tx-frame-003391-obcSuPbDxQQdxq3ub_jpg.rf.b246b4745113cb2173db7a17e6cd0d13.jpg,1,0,1,0,0,0,1,0,0
video-DJYDQTZH7GLCqw3Tx-frame-006647-HELj3y9ZeDu22pBzY_jpg.rf.b2c446bf91d5cff35256dbb02a4db8be.jpg,1,0,1,0,0,0,1,0,0
video-BjSfmxLQqCGjg8tya-frame-000510-PqtENpQsX26j3ZAap_jpg.rf.b3647512ac7f8af377d66dced6eb6ef6.jpg,1,1,1,0,1,0,1,1,0
video-DJYDQTZH7GLCqw3Tx-frame-002454-sQHe68sPvJBfnB87c_jpg.rf.b3765e2e312fd7ff7813640d0d9e5290.jpg,1,0,1,0,0,0,1,1,0
video-DJYDQTZH7GLCqw3Tx-frame-005459-Ezw9zJ46c65XsrLrW_jpg.rf.b38432671ab5b7cd66e35bf8cad1345c.jpg,1,0,1,1,0,0,1,0,0
video-a9TgkAvMGtM2gXpdj-frame-005335-rwkfrCsu3QgFPBdeZ_jpg.rf.b3af2ec74c5b5766e4ce1b360e1dc2de.jpg,0,1,1,0,1,1,1,0,1
video-dgYrcYcm5G75w2GJc-frame-006963-TXmCyZeJRcbdxhMA3_jpg.rf.b307ba3f73244b9c464652e202bf14c7.jpg,0,0,1,0,1,0,0,0,0
video-aMQG7QCtJKfnEdue5-frame-001256-QDwx2qKLdY9Ns2Y6w_jpg.rf.b3bc88ad447b66586b8e8bc294a9fbdc.jpg,1,0,1,0,0,0,1,0,0
video-o9b92aG9EbJnkJEwF-frame-003036-57MmJE9sJ73XWJxQ7_jpg.rf.b373af3995d02e66d1fb49df55547807.jpg,0,0,1,0,1,0,1,1,0
video-JFiGa9oAAN2queuLt-frame-005347-NqXTMPjoL2dL7tvGf_jpg.rf.b3b22c7e661b6517be37ae7ba23b00d2.jpg,0,1,1,0,0,0,1,0,0
video-TTDq3x6HSvFx3YRDH-frame-004966-P2ne84bWP6tD3K6JJ_jpg.rf.b38c1395d46115fdcb2bb17f9998de6e.jpg,0,0,0,0,0,0,1,0,0
video-JFiGa9oAAN2queuLt-frame-000150-B3cB7pYhv58R2mcZE_jpg.rf.b2b5ff10d36e3c424503fc0632d7d9af.jpg,1,0,1,0,0,0,1,1,1
video-5YffDt2oYT6CDzYHk-frame-001267-spkrKrWkazPZuuZXE_jpg.rf.b3cde9279692ec99ec59e21ae3bcfad2.jpg,1,0,1,1,1,0,1,1,0
video-iFWh9r9TJWmTzTrha-frame-002590-RLGFHNyxXpDB5N5XX_jpg.rf.b3e56822e6990d085ee8969f18efeba5.jpg,0,0,1,0,0,0,1,0,0
video-AEZAaF8epmvQv5Nfj-frame-016151-zwrw8deT7j6KCSgFn_jpg.rf.b3cb67141ebc7a4107f3917658fc955f.jpg,0,0,1,0,0,0,1,0,0
video-zNFzcc9wW8XB4QwTa-frame-009898-BxRWyNLYZfdMgzfHM_jpg.rf.b393a24c82bc1fb6a119ccf48f7625b8.jpg,0,0,1,0,0,0,0,1,0
video-7yaY3LisuPdNyfZH9-frame-003265-ECZT9z3vmQEniudxe_jpg.rf.b3e5dd6ae46c2988c14064637e2575cb.jpg,0,0,1,1,0,0,1,0,0
video-5An82wT7iBmfZSwx7-frame-000285-hvAcssGWRQgeCD8ZD_jpg.rf.b36ba40cc4c15c157a75a778dea68f29.jpg,0,0,1,1,1,0,1,1,0
video-GMDwNs5TdqejpF4vu-frame-000858-o74qbj2RnYr5xK48q_jpg.rf.b429254271e540050c352e0f46d97b78.jpg,0,0,1,0,0,0,1,1,0
video-EcPY55txZdfhevYiW-frame-002178-E6uoYB9o8bjQtGsXX_jpg.rf.b3f668738869e655363a5a09de3d6609.jpg,0,0,1,0,1,0,0,1,0
video-iFWh9r9TJWmTzTrha-frame-000826-YdC4nYWzZje2GHi6R_jpg.rf.b459a782067a0339fda3f9da147b3364.jpg,0,0,1,0,1,1,1,1,0
video-WGCm6DTcSjgg7FgMm-frame-004500-amvJvufeT8Hfhan2v_jpg.rf.b335c21e985b98074b969b0fd69c587a.jpg,0,0,0,0,0,0,0,1,0
video-iFWh9r9TJWmTzTrha-frame-000619-gL63fLsqPosQTpiHt_jpg.rf.b3e572f8f2a07557f331bd503ec5d856.jpg,0,0,1,0,1,0,1,1,0
video-G9ZpKLJEKsMheip7b-frame-000000-ch32KhRLtLe7aWYh8_jpg.rf.b401fd832c3c43a7fb3afb670444a06c.jpg,0,0,1,0,1,0,0,1,0
video-FWQff8BQpTRSt9hfA-frame-005400-TnzTDPGthHJhf7tZM_jpg.rf.b40bc53fe96e60d990f75a5d33c09941.jpg,0,0,1,0,0,0,0,0,0
video-JnRLAYvPLms37xEzD-frame-000900-9WwXPb7AQw7PeyRNc_jpg.rf.b3f372e5c7190170e23a3138557ee8ff.jpg,0,0,1,0,0,0,0,0,0
video-TEAocgWiwwMWxYtgJ-frame-004356-QyjsomYQR95KpLmWC_jpg.rf.b436788854acdb22550aff8b4ade4a65.jpg,0,0,1,0,0,0,1,1,0
video-S5osy2ei487eAM2fw-frame-001592-uQ4J5jYyCyJCnNtzr_jpg.rf.b46c1260627970e1eab0ca1de825f867.jpg,0,0,1,0,1,1,1,1,0
video-4dy5Hhcg93BTyG9KZ-frame-001498-DrcconfWZ36vyyLir_jpg.rf.b460a6304c0742b016d9af941a86382e.jpg,0,0,1,0,0,0,1,1,0
video-5v4MPkCMGEKPfroxc-frame-000210-MvbcfeNk8rZRPHBjb_jpg.rf.b46e3a7b44fb7f5b6261ea0a06de4234.jpg,0,1,1,1,1,0,1,1,0
video-rnZseY2bPiYhWEF2m-frame-003237-Wgoo3DRGgiLFs7eBx_jpg.rf.b47f67b2192896423a885756902c6255.jpg,0,0,1,0,1,0,0,1,0
video-5HPT2goT53ceRpvRm-frame-000780-DC2sbAjPkiyzRcmKr_jpg.rf.b44e9a8b2c8db2931e5b668ddfb7f9fb.jpg,1,0,1,0,0,0,1,0,0
video-yBdrow6zFe5E8uEwn-frame-004638-4ov96qPWWg4v73bZo_jpg.rf.b4a06877607b49948b3d19b44a7a0517.jpg,1,0,0,0,0,0,1,0,1
video-DJYDQTZH7GLCqw3Tx-frame-001379-boSpt2Hr5hwRcdpFf_jpg.rf.b45df15ef87206314798267a1521a202.jpg,1,0,1,0,0,0,1,0,0
video-fg5eBhFE7kHyXPtBi-frame-001113-qW4h2qPrkTzDtGi3S_jpg.rf.b4436ed3c805e07caf692af1be7cdb77.jpg,1,0,1,0,1,0,1,1,0
video-RzCFkE9yg95GWAnYj-frame-000600-TX4zAdMJ8WL7fAGhh_jpg.rf.b479f3f6930b19278ea38586a9aac1af.jpg,0,0,1,0,0,0,0,0,0
video-yBdrow6zFe5E8uEwn-frame-004730-kAEhRbvikzJKXXE7W_jpg.rf.b42e3c6b6cb441b411e42e64a72e19fd.jpg,0,0,0,0,1,0,1,1,1
video-BjSfmxLQqCGjg8tya-frame-001428-cQTy2cPLuoZS82Ane_jpg.rf.b4cde0261e059d644c402f2319ad7b15.jpg,0,0,0,0,0,0,1,1,0
video-TxNGEKRyWMf6Q7hS2-frame-000387-qzcn9gaE4f42Lwhpx_jpg.rf.b410d7305a1af904a9d242eb3e7347bd.jpg,0,1,1,0,0,0,0,0,0
video-sEs53HkN6oRqWdeQK-frame-003740-2TmnDtmG7TqvHkQrC_jpg.rf.b47c8851ed0f7056185f66f91eeecaa3.jpg,0,0,1,0,1,0,1,1,0
video-iFWh9r9TJWmTzTrha-frame-005822-NLxLH6uCvJ9ej7gic_jpg.rf.b4d1a651c9b6bbb6eafa34b41d762720.jpg,0,0,1,0,1,1,1,1,0
video-muKWZNM2FxQoStMQh-frame-001015-xGxKEJj3SWeaGBMZk_jpg.rf.b4bebcf430834dc229fd7b5863bd03dd.jpg,0,0,1,0,0,0,0,0,0
video-DJYDQTZH7GLCqw3Tx-frame-007290-wzT4iAGzjhSoXZAwX_jpg.rf.b438c8311b408cdf47cf485d50059e24.jpg,1,0,1,1,0,0,1,1,0
video-cprcATqPmWGnc3cgi-frame-001291-9BYSQYDjxX4pBBGev_jpg.rf.b4d6bd68c14d2d6cc8853223a6df4126.jpg,0,0,1,0,0,0,1,0,1
video-TxNGEKRyWMf6Q7hS2-frame-000043-4YqkZnMiKFQtaH2bn_jpg.rf.b518a24b6d14261cce768a141375ff30.jpg,0,1,1,0,0,0,0,0,0
video-hmsJCeMCWjX2FhxD8-frame-008482-J34LnZPBrnpoAzym5_jpg.rf.b5041e738e44861fef8d8e9d26b96b33.jpg,0,0,1,0,1,0,1,1,0
video-WXTMrJkrK8BMoMkxk-frame-000010-MPfLWLMe24w4jNKkt_jpg.rf.b4823dd73d61f41bcbab64426341bedc.jpg,0,0,1,1,1,0,0,1,0
video-xEYBrQ5tarcDbiw9p-frame-013068-TuPgPopF3nJRd7vuE_jpg.rf.b51c6d2274b1a98ffa43153229065e2a.jpg,0,0,1,0,1,0,1,0,0
video-JFiGa9oAAN2queuLt-frame-000477-7C9Rd7ZWK8zvaS6Ks_jpg.rf.b4f1da9e98163069b6fa8f7fc759afa7.jpg,1,0,1,1,0,0,1,0,0
video-GXXqNLCqyu72TLx5i-frame-001077-FYKwNCoKJzFZbQG2K_jpg.rf.b51f7f4254715b8786b08b4a663781ad.jpg,0,0,1,0,1,0,1,1,0
video-o9b92aG9EbJnkJEwF-frame-000414-pPhXNptyDLEZQLtKo_jpg.rf.b5506d467996d7b58404b052f74d994d.jpg,0,1,1,0,0,0,1,0,0
video-TEAocgWiwwMWxYtgJ-frame-004296-CAHCwcGJ5br7gCJ8i_jpg.rf.b57703c6871af39aadb400e46581f9f7.jpg,0,0,1,0,0,0,1,0,0
video-r68Yr9RPWEp5fW2ZF-frame-009343-GvfNHA2o6GNc3xTjG_jpg.rf.b53d069d34efec54caf43ad90689f1fb.jpg,0,0,1,0,0,0,1,1,0
video-yNoh5QQAPbR9Afm4i-frame-004836-My83c29h4NmDYBz8r_jpg.rf.b5722263fc1639223dd156dbaed62800.jpg,1,1,1,0,0,0,1,1,0
video-49ZHZYTfjWxQXmrQs-frame-004050-36Wv4B3DQ2Bkp9FJo_jpg.rf.b54f02376a7f0522b6fc735878726287.jpg,0,0,0,0,0,0,0,1,0
video-r68Yr9RPWEp5fW2ZF-frame-015515-gwkys92rE9SM78dDt_jpg.rf.b5e850ca059a2d1ab2838ac181587e98.jpg,1,0,1,0,1,0,1,0,0
video-ZicHYAPRYGdu82nAa-frame-004115-vCX725TSExJHMCQz8_jpg.rf.b58559aa195a91d81cc9b9a3ba5f17fe.jpg,0,0,1,0,1,0,1,1,0
video-JFiGa9oAAN2queuLt-frame-007531-JuvzHyTrEouji4266_jpg.rf.b5a765dd6e1e4e3bffe03d8d7b6ce304.jpg,1,0,1,0,1,0,1,1,0
video-r68Yr9RPWEp5fW2ZF-frame-006486-2LBGmnhCqiScBXFda_jpg.rf.b52094b14917ed2f9c329d794ce2f6d7.jpg,0,0,1,0,0,0,1,0,0
video-EcPY55txZdfhevYiW-frame-010905-kpCQPqdSRBy4j4vW4_jpg.rf.b503e56814a9d3978fa1c1422fed1bde.jpg,0,1,1,0,0,1,1,1,1
video-eLrXYzMxSL9NCXiQq-frame-001518-TA9jpAWjHZkQW8Jm7_jpg.rf.b54f558b5bdb40eef6e60623bf954770.jpg,0,0,1,0,1,1,1,1,1
video-4zQqsnWRwK7SFPpBy-frame-010584-mAzCc7NtfR9XXX6bx_jpg.rf.b5c7a0abc8b49f89a12cd2ac24925944.jpg,0,0,1,0,0,1,1,1,1
video-aiXLPEvp86raemrsp-frame-003825-aTd67CNNGNqWMmoqi_jpg.rf.b5ce866c209467ba8c0dcd0e3bd2b45d.jpg,1,1,1,0,0,0,1,0,0
video-xEYBrQ5tarcDbiw9p-frame-009680-nfXFCzhzEPkMpCcKc_jpg.rf.b55dcefc06c24b6a5fc6d3f18df46c76.jpg,1,0,1,0,1,0,1,1,0
video-r68Yr9RPWEp5fW2ZF-frame-000203-JeaaZYN3fjowk6Fh3_jpg.rf.b5fad26511cbaff3c058eb5b0c3aa9e2.jpg,0,0,1,1,1,0,1,1,0
video-r68Yr9RPWEp5fW2ZF-frame-008753-9QzzkRjh92WTnMJCD_jpg.rf.b5ebdc2f27c5c221323b860c052ea563.jpg,0,0,1,0,0,0,1,1,0
video-BjSfmxLQqCGjg8tya-frame-004409-828ytsHEFqNHm6uBR_jpg.rf.b5fd49b90319126ae69b694d96971567.jpg,1,0,1,1,1,0,1,1,0
video-r68Yr9RPWEp5fW2ZF-frame-003026-ysv5Ds4hmLz4F5uuK_jpg.rf.b60db15f80d52af055e80dd7cd0d8ebd.jpg,1,0,1,0,1,0,1,1,0
video-67ZzTP4GCNj69eNPs-frame-003229-TwRudnGFYEeBJGbaL_jpg.rf.b5f55bbfd2587acc4d8deb391dd27436.jpg,0,0,1,0,0,1,1,1,0
video-yNoh5QQAPbR9Afm4i-frame-004684-JRniiKn7424DmiwMs_jpg.rf.b6352c426e87804aa9a485c0b133dafa.jpg,0,1,1,0,1,0,1,0,0
video-iFWh9r9TJWmTzTrha-frame-001033-kAeHEB3eo6BLNek2h_jpg.rf.b643bd7058ebf5b9d9baa3da9fd9828d.jpg,0,0,1,0,1,1,1,1,0
video-AEZAaF8epmvQv5Nfj-frame-011026-iPT9PYDeYdmquk8BX_jpg.rf.b4f7fd8cfafc4d25fd26bf6f2b106300.jpg,0,0,1,0,0,0,0,0,0
video-5YffDt2oYT6CDzYHk-frame-000260-D43N8PcAWLBwxzA2x_jpg.rf.b6060915fab54a94819c3bc6c306e192.jpg,0,0,1,1,1,0,0,1,0
video-aTxg8EcSRQyDvisMX-frame-001958-i8Hbw8wZTzRn4bQfe_jpg.rf.b692833f8d9cb5fe65bf0c099912d2de.jpg,0,1,1,0,1,0,0,1,0
video-ydbh3ikFGJFieXswZ-frame-011262-enqnLZLcHm5EDfANh_jpg.rf.b674aed47d31c35acf38b67f56b78602.jpg,0,0,0,0,0,0,0,1,0
video-JFiGa9oAAN2queuLt-frame-004677-NSfPYDHHA7XLwh9wb_jpg.rf.b5b74eac062ed5d956e4177ca45e0c7a.jpg,1,1,1,1,0,0,1,0,0
video-iFWh9r9TJWmTzTrha-frame-004462-4NQsxiyRntPosbhnR_jpg.rf.b66987dffab5e6061e2b4ad9784d21c1.jpg,0,1,1,0,1,0,1,1,0
video-5An82wT7iBmfZSwx7-frame-005466-ob7skwMG5ErAcYBJW_jpg.rf.b67a8556f896f093bbc24103b78b5f5a.jpg,0,0,1,0,1,0,1,0,0
video-Gfv3kbdf5KAYRtPcz-frame-003295-3TCXx5oZHTNofzqoT_jpg.rf.b63f2776a7c72b53b9739e0d1d18a3f9.jpg,1,0,1,0,0,1,1,1,0
video-r68Yr9RPWEp5fW2ZF-frame-013868-AQXtme2PReRNhETnq_jpg.rf.b6be8842b338678d37699212921291f5.jpg,1,0,1,1,1,0,1,1,0
video-iTrM5ner4KQGLvpdC-frame-003817-fzFWbmFXjCNpE5jpQ_jpg.rf.b6b5315c62ddfe7a7e466db082c45c92.jpg,0,0,1,0,0,0,0,0,0
video-o68zKob2nb8QMktLF-frame-000481-7CuX3DZWwxTpiq9e7_jpg.rf.b68f611f5f1039dc5e80f76da193f193.jpg,0,0,1,0,0,0,1,0,0
video-AEZAaF8epmvQv5Nfj-frame-015181-Fqh9wCAQQdd37vfLT_jpg.rf.b548e95cd6f729314f9ba18d36d15d17.jpg,1,0,1,0,0,0,1,0,0
video-jNQtRj6NGycZDEXpe-frame-014891-xqroFg8ivKhAZDYxx_jpg.rf.b6b7e6f9603830750f8e9f837255792c.jpg,0,0,1,0,0,0,1,1,0
video-5An82wT7iBmfZSwx7-frame-001153-KMb8eZuLedQHPyeAv_jpg.rf.b683619b12ed5d2e5a7aea66bf37b075.jpg,0,0,1,0,1,0,1,1,0
video-5Lwe5DATf4BxKtaiB-frame-000418-nMhcWunFpMj76AQzG_jpg.rf.b6863c71c2e54e52fcb0048216e8da45.jpg,1,0,1,0,0,0,1,1,0
video-JFiGa9oAAN2queuLt-frame-010802-zKQ9boMktQfvbhiYd_jpg.rf.b65e69a7c74f528069201f7764d4b142.jpg,0,0,1,0,0,0,0,1,0
video-WiuWWrsHrJsDcfFzg-frame-008367-pCKjZwGgzp7EiN2Bj_jpg.rf.b6d8aa09f583f82a19ef6d106c33efa8.jpg,0,0,1,0,1,1,1,1,1
video-iFWh9r9TJWmTzTrha-frame-002399-8fBdbZmsxpTv7ePL5_jpg.rf.b6d2c654df16cbbb34adde2484514ec5.jpg,0,1,1,0,1,1,1,1,0
video-WFkuHrJEHigf6HCWZ-frame-000462-Meff2iPBg4Txzuo6n_jpg.rf.b67acf08af3c685360c98e8ae7bd13fa.jpg,0,0,1,0,1,0,1,0,0
video-JFiGa9oAAN2queuLt-frame-003717-wHScwWTBoeJTvCeEb_jpg.rf.b6d2e5cc15716c7807d2cb069109ece1.jpg,0,1,1,0,0,0,1,0,0
video-AEZAaF8epmvQv5Nfj-frame-006800-dCtQrNo2JXzcErtXX_jpg.rf.b6bec030b3630d79b370986580e0523d.jpg,1,0,1,0,0,0,1,0,0
video-c3Lxro5s7dbYgdGRp-frame-001062-RjNAbngkX8jkBMSXS_jpg.rf.b6f9c42d6019de896a750ac195d6e26d.jpg,0,0,1,0,0,0,1,0,1
video-zNFzcc9wW8XB4QwTa-frame-001927-sceaKvNdnTXWtEeWT_jpg.rf.b6fbabe86e1761dc99e489799bdc9a3e.jpg,0,0,1,0,0,0,0,0,0
video-DJYDQTZH7GLCqw3Tx-frame-001169-NXReB2aJmDutd7Hnb_jpg.rf.b706c27bf0d19bee64af68fa25d82497.jpg,1,0,1,0,0,0,1,0,0
video-5HPT2goT53ceRpvRm-frame-000990-3Ms2BqrBxx4GJdubq_jpg.rf.b6852a221dfed045e1092b0cf8ee591d.jpg,1,0,1,0,0,0,1,1,0
video-aMQG7QCtJKfnEdue5-frame-003128-tdxptecBJmxZpnHgY_jpg.rf.b6d9cef85cd3a06cf6e15b8e2e079425.jpg,0,0,0,0,0,0,1,0,0
video-AEZAaF8epmvQv5Nfj-frame-015341-LsNQf9r45NABM2NuP_jpg.rf.b6e2242e6356192b53251d6f9e6e5167.jpg,0,0,1,0,0,0,1,0,0
video-iS9cAu6Ms3CXQtY92-frame-002935-tvFgyHgpBNoNp5fmQ_jpg.rf.b6cc470c8c31b6631f09b1a530a16fbe.jpg,0,0,0,0,0,0,1,0,0
video-wGdqQimawNX3RYv76-frame-012127-sAs3SGAd9dqtMwBn6_jpg.rf.b6f59d0009cc03b06e27227e10e19fa9.jpg,0,0,1,0,0,0,0,1,0
video-r68Yr9RPWEp5fW2ZF-frame-007181-xijDGekK2eqpayQMq_jpg.rf.b754829a65ef9807ae3a031b60376c38.jpg,0,0,1,0,0,0,1,1,0
video-AEZAaF8epmvQv5Nfj-frame-009299-7cuevpM3bofrS7waT_jpg.rf.b72fe89c927f0c83f708db192a1b8c6c.jpg,0,0,1,0,0,0,1,1,0
video-bNfjGzbuFRY9NkHKz-frame-002700-GhC3XGtqsNFAmPMfd_jpg.rf.b772aee6c0008831f4f81b968b4195ce.jpg,0,0,1,0,0,0,0,0,0
video-KTtJnXH7CcPgLeF2G-frame-005111-YT5KLPzxQoX6teF5u_jpg.rf.b7883768c1b6d58e68dd28c5e2cecba2.jpg,0,0,1,0,0,0,1,1,0
video-AHWxmA7AFazuCjdrS-frame-000367-xc4dDk8BbTpmKwRsX_jpg.rf.b7c9a0b0c6eb24750eb3891ded26b015.jpg,0,0,1,0,0,0,1,0,0
video-fg5eBhFE7kHyXPtBi-frame-001233-fQyDwDHB6NrYdsDsJ_jpg.rf.b7ddca1c29a5fc87ea0c828f79c62027.jpg,1,0,1,0,1,0,1,1,0
video-TEAocgWiwwMWxYtgJ-frame-003034-z5xqtwSqRGhrDM2ud_jpg.rf.b7a1d92f314948d40811766d8042dcc1.jpg,1,0,1,0,0,0,1,1,0
video-AEZAaF8epmvQv5Nfj-frame-015271-2AtqkoppSrFjYWPnm_jpg.rf.b7b3b665b56d4b983baff6e56297bf1f.jpg,1,0,1,0,0,0,1,0,0
video-r68Yr9RPWEp5fW2ZF-frame-007146-SNF6Yqh9sqRpQQMMr_jpg.rf.b7b9563724f15c41c5dec4900fa8f66b.jpg,0,0,1,0,0,0,1,1,0
video-LRYpoNWeYLm3tZZst-frame-005400-xnCp9vsGagEugkNBD_jpg.rf.b7af0989d8cb5e54b04a71a7777f95ae.jpg,0,0,1,0,1,0,0,1,0
video-AHWxmA7AFazuCjdrS-frame-004437-ftgTF4aJutCd3d6Aa_jpg.rf.b81be20314e983ff01d691154337e86d.jpg,0,0,1,0,0,0,0,0,0
video-DJYDQTZH7GLCqw3Tx-frame-007800-PcxNM7xqF4Xt7csiC_jpg.rf.b7e9100f6824b51a3f4d32e8a6749607.jpg,0,0,1,1,0,0,1,1,0
video-WFkuHrJEHigf6HCWZ-frame-000464-Az3uycByWdAirh45k_jpg.rf.b819d2954af4ae5a0062ea9129c8042b.jpg,0,0,1,0,0,0,1,1,0
video-vvYEi6EdCrYXeHwpD-frame-022014-NAgn6qMYiXW2scNfw_jpg.rf.b79e3fd42ff3820230473ed5cc2e98d3.jpg,0,0,1,0,0,0,0,1,1
video-TEAocgWiwwMWxYtgJ-frame-005259-7GoioSDMsNWAxoz7o_jpg.rf.b7edf010ae4afcaf863fee183a590509.jpg,0,0,1,0,0,0,1,1,0
video-SyzNY82LYZrhkPH7x-frame-002110-Zg6cLMEY2C3iTF2qT_jpg.rf.b72178d79d835aad71dcec4174209326.jpg,0,0,1,0,0,1,1,1,0
video-7EPybiwBrzjDKn7TZ-frame-003953-8tpASf4M5LHfYvFwr_jpg.rf.b8157b5a99f2503dc15c023a6a312a23.jpg,0,0,1,0,0,0,1,0,0
video-mBQmysFvQtPK36MsF-frame-001421-wQPAFA827vWngwmSq_jpg.rf.b80afac1bae24ddab393aa9ad7966468.jpg,0,0,1,0,0,0,0,1,0
video-2SReBn5LtAkL5HMj2-frame-005710-C9ct3HuJXEkH6FpMu_jpg.rf.b819cbabad75f507f06570e64e051509.jpg,0,0,1,0,0,0,0,1,1
video-KTtJnXH7CcPgLeF2G-frame-000994-rWufRycZSmd36SJoR_jpg.rf.b7e66bca86ce2f7af6f876bbf459da50.jpg,0,0,1,0,0,0,1,1,0
video-dpPsuZToLaq9myAK8-frame-005562-rWDQkENJrzfytswE3_jpg.rf.b7e190269fca7fa7bed3e854c340c607.jpg,1,0,1,0,0,0,1,1,0
video-jEAhuERdkqBfeTdux-frame-004050-LCGnsFqTbkvALvDi3_jpg.rf.b846a1d6990bebeba16a09e2a3b5a589.jpg,0,0,1,0,0,0,0,0,1
video-AEZAaF8epmvQv5Nfj-frame-010031-CCiKDEJjwbqfE92X2_jpg.rf.b84007d977fa54b0cfaf43b736f4be85.jpg,1,0,1,0,0,0,1,0,0
video-rnZseY2bPiYhWEF2m-frame-006190-fwaRmiT5EtiCMGhwn_jpg.rf.b85681197dc4f1c796c788eeb75c41ab.jpg,0,0,1,0,0,0,1,1,0
video-nodg7n2aFzCWFJBnv-frame-001780-M3FgGJWFhKW7kkaqT_jpg.rf.b86449f61d244bb2dc600c4f6898ab6d.jpg,1,0,1,0,1,0,1,0,0
video-r68Yr9RPWEp5fW2ZF-frame-009533-Za8LmkwLP4L4po42G_jpg.rf.b845192a14c62e6d21558873fb025a5c.jpg,0,0,1,1,0,0,1,1,0
video-bMrDdfuGsBBSj3ApB-frame-002400-wxkbqYm5yuhuTmHQX_jpg.rf.b83f101dabd85fb55f07bf77c3c09c29.jpg,0,0,1,0,1,0,0,1,0
video-AHWxmA7AFazuCjdrS-frame-003837-qj5cQcSzvMdSazBLS_jpg.rf.b8d160dfeb5c497a73c28274190a02fb.jpg,0,0,0,0,0,0,0,1,0
video-r68Yr9RPWEp5fW2ZF-frame-017119-hKhCkgncujcxsEPMR_jpg.rf.b8eb9bc5137bb5b72d7f425e95558610.jpg,0,0,1,0,1,0,1,1,0
video-nodg7n2aFzCWFJBnv-frame-003819-ZFoBMoyqNng4WjD2r_jpg.rf.b82de892e2c7b0b079b6e413670f2fbd.jpg,1,0,1,0,1,0,1,0,0
video-r68Yr9RPWEp5fW2ZF-frame-016899-aJLWbPn9SHHTc3rSY_jpg.rf.b862defe18ce3b082607d45be48f6d32.jpg,0,0,1,0,1,0,1,1,0
video-bk2x9u9JivsWRS9Nk-frame-004578-i34o4N77dn7ahwHHe_jpg.rf.b87077f7e2d0b835182f2fdab7d4852a.jpg,0,1,1,0,1,1,1,1,0
video-DJYDQTZH7GLCqw3Tx-frame-000170-nGZLGRotJoBHsrWgn_jpg.rf.b8598bd9f3933adf8b43fa020ec12e67.jpg,0,0,1,0,0,0,1,0,0
video-8CvM2BExBLyQFZrK8-frame-001278-vLTkLddzygoZcMuYT_jpg.rf.b8742f244ceed60c842bb361044f3a67.jpg,0,0,1,0,0,0,1,1,0
video-aktbgSQhAxvb8arnx-frame-001050-FifbqQ8nPHShnthFJ_jpg.rf.b8629ec5c052b1f8da1fbd7c6d4c5e19.jpg,0,0,0,0,0,0,1,0,0
video-GXXqNLCqyu72TLx5i-frame-005011-8ohES6m6exwMMDTHs_jpg.rf.b86acdb3b98afaf1d3eee52ef46e30b6.jpg,1,0,1,0,1,0,1,0,0
video-FCsBmpEbC3S9MhE7M-frame-000150-x26rT7Wbru6b4EqJa_jpg.rf.b8a21d5e40e4af69271ea21975213fca.jpg,1,0,1,0,1,0,1,1,1
video-KTtJnXH7CcPgLeF2G-frame-000424-bNsJS2NBCuNAmkwsp_jpg.rf.b8d23f623ab253ca5b6109f408dc9730.jpg,0,0,1,0,1,0,1,1,0
video-5RBAcNR5F6fB3i6P5-frame-014369-eFmMcaQ6mDjJRxF8n_jpg.rf.b8a03ca50219f8f0892f551d17aa3e70.jpg,0,0,1,0,0,0,0,0,0
video-r68Yr9RPWEp5fW2ZF-frame-013498-QFYkcNMrrn3evAgLa_jpg.rf.b8de2414ef05fb72d492da3b96ba5b51.jpg,0,0,1,0,1,0,1,1,0
video-5An82wT7iBmfZSwx7-frame-000420-tG2PsoeWfvGA9imxo_jpg.rf.b8e8485d110ec9c7438239d858a75c31.jpg,0,0,1,1,1,0,1,1,0
video-jNQtRj6NGycZDEXpe-frame-007472-BG7kzYFbAnZArmeWa_jpg.rf.b8f074da8db97746f6bd20ff41ea8a66.jpg,0,0,1,0,0,0,1,1,0
video-DJYDQTZH7GLCqw3Tx-frame-004251-oRXszZpQxbHEQQZJN_jpg.rf.b8fd05c0e4de37590259ca9d14b5eeca.jpg,1,0,1,0,0,0,1,0,0
video-2MbnnGTv27EBLGqiQ-frame-001350-ej6qXdqb3YCnYRwNh_jpg.rf.b90a29551b44d8c3c88d69ba081b2487.jpg,0,0,1,0,1,0,1,1,0
video-bNfjGzbuFRY9NkHKz-frame-003300-jc7qGDWdT56dQLF4e_jpg.rf.b8f75a11052a6e0c54fa47643b190312.jpg,0,0,1,0,0,0,0,1,0
video-DJYDQTZH7GLCqw3Tx-frame-002697-BhXL3eof4KypwdBav_jpg.rf.b9312455b6c487eeb5addc3aeebcd177.jpg,1,0,1,0,0,0,1,0,0
video-7EPybiwBrzjDKn7TZ-frame-000950-KzgjJYrydEM6yDCwC_jpg.rf.b926efbd809dd452ccd98bd60aa9a772.jpg,0,0,1,0,0,0,1,1,0
video-DJYDQTZH7GLCqw3Tx-frame-007860-BDLRs5GyGEcvJjjhk_jpg.rf.b941e875bdbced6773eb3ab873fba10a.jpg,0,0,1,0,0,0,1,0,0
video-7EPybiwBrzjDKn7TZ-frame-003307-jBRLF7pdbsxg5aZQH_jpg.rf.b932b5fb0c44d83bbed3b010d8e9992e.jpg,1,0,1,0,0,1,1,1,0
video-jNQtRj6NGycZDEXpe-frame-004000-3C8hjoL3ZKxQKna3m_jpg.rf.b91e7582679841705415263aa57a1d0f.jpg,0,0,1,0,0,0,0,1,0
video-BjSfmxLQqCGjg8tya-frame-001383-7Ls5DQAZRChcP7MYF_jpg.rf.b93b08e1e1b9a9fdaa28b4a6899d19b0.jpg,0,0,1,0,1,0,0,1,0
video-DJYDQTZH7GLCqw3Tx-frame-001559-jRwPwTs2thcRubpLx_jpg.rf.b8f87cc0be82c77199fbe09c602cd881.jpg,1,0,1,0,0,0,1,0,0
video-DJYDQTZH7GLCqw3Tx-frame-002857-GLfiHi8GanFR3twYy_jpg.rf.b924186ba42f1df5f75851e725405106.jpg,1,0,1,0,0,0,1,0,0
video-AEZAaF8epmvQv5Nfj-frame-009761-XxZ3qPeugftXhYTHe_jpg.rf.b91a909729921563a034bc448b7284e6.jpg,0,0,1,0,0,0,1,0,0
video-KTtJnXH7CcPgLeF2G-frame-003728-dT7ZpyPRorddoLA6e_jpg.rf.b93df16b560faa8f3f3999586aba2159.jpg,0,0,1,0,0,0,1,0,0
video-jNQtRj6NGycZDEXpe-frame-014711-ZRnTtZCLNNG6YFwHY_jpg.rf.b9735807ea391c4e079a7d8a0e417b84.jpg,0,1,1,0,0,0,0,1,0
video-DJYDQTZH7GLCqw3Tx-frame-003471-W3qPcitT9QpDpffy4_jpg.rf.b95592df08bc314b9688a56717e0b746.jpg,1,0,1,0,0,0,1,1,0
video-kZvY7NeD8kA7PiMWX-frame-006094-SKoqAZtqXSdPkhHzk_jpg.rf.b982525645c70928fdd24b2a81bc2e63.jpg,0,0,1,0,1,0,1,0,1
video-5An82wT7iBmfZSwx7-frame-000929-5BDPYXt3DJa9BBmyX_jpg.rf.b922f715b62bc88c0754b2ec5f0c994f.jpg,0,0,1,1,1,0,1,1,0
video-DJYDQTZH7GLCqw3Tx-frame-007350-7HcHjkkkf5TATCFbx_jpg.rf.b97974d3ab7038db514b33888a49b020.jpg,1,0,1,0,0,0,1,1,0
video-jEAhuERdkqBfeTdux-frame-003750-q7ck2mTtPjMomSbxa_jpg.rf.b9886bfb45ee91b31c62c9c9b09942e7.jpg,0,0,0,1,0,0,0,1,0
video-7EPybiwBrzjDKn7TZ-frame-005463-JokHHJNc8F434RJx2_jpg.rf.b96865cd454af7a769b52c4796d1e7b7.jpg,0,1,1,0,0,0,0,1,0
video-Gfv3kbdf5KAYRtPcz-frame-001292-ahjiiDerZXBnEetKS_jpg.rf.b9877c44f5c21f5bd8d46a54576e4915.jpg,0,0,1,1,1,0,0,1,0
video-86XuF6pPvWfBCqyNt-frame-002968-uuq7ASjtaGco7MJCK_jpg.rf.b998049f1d2382e5973ee819d97f1395.jpg,0,1,1,0,1,0,1,1,0
video-wGdqQimawNX3RYv76-frame-006249-giS4pNuLGZnsqqvEM_jpg.rf.b8f39995a26c82422934c34fa0dc2b1e.jpg,0,0,1,0,0,0,1,0,0
video-XNM8eHsvxCMJ6peuj-frame-001984-8LaPFNfKA8P9MsMTo_jpg.rf.b9b70c71d830c4cd2444ae3e7d23631d.jpg,0,1,1,0,1,1,1,0,0
video-dgYrcYcm5G75w2GJc-frame-004009-DbWsPXRmyv57jt4oR_jpg.rf.b937223d5c4b54be5df964342b891cce.jpg,1,0,0,0,0,0,1,1,0
video-sEs53HkN6oRqWdeQK-frame-001835-Tb3fRtAt43YqWr73d_jpg.rf.b9bd6e682467d44fceb4b4cc8f7c262f.jpg,1,0,1,0,1,0,1,1,0
video-3eAD4KjAqae5iq48L-frame-006786-ryR9n4iZskZ2HtFEC_jpg.rf.b9c8e7e7dba3245d16e750f6ee82e0d1.jpg,0,0,1,0,0,0,1,1,0
video-5An82wT7iBmfZSwx7-frame-005196-KhbKxktbARYF5htqn_jpg.rf.ba3512b962d3ea896aa458e5da9b5108.jpg,0,0,1,0,1,0,1,0,0
video-DJYDQTZH7GLCqw3Tx-frame-003991-3mbSA25kqRpTKToFk_jpg.rf.ba12d1a17656dae338f3030629859944.jpg,1,0,1,0,0,0,1,0,0
video-DJYDQTZH7GLCqw3Tx-frame-008770-hKqogRCDY7jBN6LKS_jpg.rf.ba4d8a213d7f57ac2675077ff44b2317.jpg,1,0,1,0,1,0,1,1,0
video-nodg7n2aFzCWFJBnv-frame-003699-iYCvDj6oEuLtBqzYN_jpg.rf.ba1a0f6048a350a0115556c82b88c2f9.jpg,1,1,1,0,1,0,1,1,0
video-7EPybiwBrzjDKn7TZ-frame-001872-fGHvKGB3fxqDo5nrw_jpg.rf.ba17bfb802f4863947184786d53a77c0.jpg,0,0,1,0,0,0,1,1,0
video-eLrXYzMxSL9NCXiQq-frame-003072-ftAaCfZS6e8RbJQZc_jpg.rf.b9f65aed4c18a1267ced88d488aaa6d8.jpg,0,1,1,0,1,1,1,1,0
video-Gfv3kbdf5KAYRtPcz-frame-001152-ByKLDxon2ZyGdwnfB_jpg.rf.b9f95f26169ee45bc49c12deae5e447c.jpg,0,0,1,0,1,0,1,1,0
video-yBdrow6zFe5E8uEwn-frame-003865-ajyYC7BQRnZ28ZBva_jpg.rf.ba254c9ce2184000533720546f6179b4.jpg,0,0,0,0,0,0,1,0,1
video-5YffDt2oYT6CDzYHk-frame-003899-gz6Jz95rSAtQknDaR_jpg.rf.ba4b9a3823ced3fe9cc417508e2a59cc.jpg,0,0,1,0,1,0,1,1,0
video-aiXLPEvp86raemrsp-frame-005950-CuL2dWRZm8BE4EtAg_jpg.rf.ba7ff8ba6b7561129ef10a1ef9594b18.jpg,0,1,1,0,0,0,1,0,0
video-5An82wT7iBmfZSwx7-frame-000240-vPa22jcYCip2XXiSr_jpg.rf.ba85a058e3804547c986990af7e190f6.jpg,0,0,1,1,1,0,1,1,0
video-r68Yr9RPWEp5fW2ZF-frame-014330-xk5Barw9hfPbfgAd3_jpg.rf.b9d444cd4285d8fa478e39ee837ad76c.jpg,0,0,1,0,0,0,1,0,0
video-hmsJCeMCWjX2FhxD8-frame-000040-uqKb4eCNxPBb7tTzE_jpg.rf.ba953187c553e3a4758888cb48cbbb8b.jpg,0,0,0,0,1,0,0,1,0
video-jNQtRj6NGycZDEXpe-frame-011549-QSGRKxLsXi6b5r5iQ_jpg.rf.ba82c9b5fc2f9b0ea68f3cfc6f5a5404.jpg,0,0,1,0,1,0,1,1,0
video-kDDWXrnLSoSdHCZ7S-frame-005828-YbJWmZicCYTB5T8hM_jpg.rf.ba8ea903d69ffff9f3a1c86be663be46.jpg,0,0,1,0,0,0,1,0,0
video-FCsBmpEbC3S9MhE7M-frame-000450-h44ujuYnq6jwfXRpw_jpg.rf.ba72847715791ddda10a852262cafbc1.jpg,0,0,1,0,0,0,0,1,0
video-5HPT2goT53ceRpvRm-frame-001185-S7ESZoEfYRZDkuAmp_jpg.rf.ba776e8c20a7fa198896fa81c3e845cf.jpg,1,0,1,0,0,0,1,0,0
video-ZicHYAPRYGdu82nAa-frame-002963-CA6SF44C4iNWAKecd_jpg.rf.ba94c111e3b34afababbab57f4b7d72b.jpg,1,1,1,0,1,0,1,1,0
video-nodg7n2aFzCWFJBnv-frame-000140-fZ9oMgmnD3TYidx2T_jpg.rf.baacd3006b393c55a78d98698f902e5b.jpg,1,0,1,0,0,0,1,1,0
video-AEZAaF8epmvQv5Nfj-frame-017162-Qy2zAsPRR7dSKXiwj_jpg.rf.bacfb85ceeeb0c9b5039d812241baa0c.jpg,0,0,1,0,0,0,1,0,0
video-5An82wT7iBmfZSwx7-frame-005301-zwsBJBFRgPHzwCGpq_jpg.rf.bac2f8dea10a7ccf87c48d3c3be39c0c.jpg,0,0,1,0,1,0,1,0,0
video-Gfv3kbdf5KAYRtPcz-frame-004271-8zoeNCaZmyPYa4Atj_jpg.rf.bab56ba34f761e07ef0b248ef5513e6a.jpg,1,1,1,1,0,0,1,0,0
video-5RBAcNR5F6fB3i6P5-frame-002669-PNeQAHQrRJM5tCCHB_jpg.rf.bac4171703779678b6dc0bc9e5b6fe05.jpg,0,0,1,0,0,0,0,1,0
video-AEZAaF8epmvQv5Nfj-frame-015411-FC87SjSYKyiASBuuD_jpg.rf.ba3bf367cb79712b21deb93c581abaf8.jpg,0,0,1,0,0,0,1,0,0
video-AkvAvb4X72cnTbbCw-frame-000917-Znoa5DBxyomXeffZy_jpg.rf.ba9fb5ba22b566f05cf2cb46cee5c20e.jpg,0,0,1,0,1,0,1,1,0
video-GXXqNLCqyu72TLx5i-frame-002884-auECvqGaQZGpKNCEK_jpg.rf.bab6e0a48ab83e1f3cb63bdb7da98444.jpg,1,0,1,0,1,0,1,1,0
video-jNQtRj6NGycZDEXpe-frame-002655-TrNgZPHwq2GTJoaWS_jpg.rf.ba5fe4068e0b060d69180aa880d8c035.jpg,1,0,1,1,1,0,1,1,1
video-hmsJCeMCWjX2FhxD8-frame-010241-8dYF4rmQFZDDwNuqM_jpg.rf.bada4ab81a8dfb2ba495635cd0845c6b.jpg,0,1,1,0,0,0,1,0,0
video-AEZAaF8epmvQv5Nfj-frame-007295-CuDbhiYb5ReDawRnx_jpg.rf.bb0410a69b5d1ef03099e51e544492ad.jpg,1,0,1,0,1,0,1,1,0
video-EcPY55txZdfhevYiW-frame-002541-kFGwuKQmJ5hvhtjpE_jpg.rf.baf87aab1b3111eaa7a7b230b9aa0a9f.jpg,0,0,1,0,1,0,0,1,0
video-2SReBn5LtAkL5HMj2-frame-006023-FDFxFPhR625c4556c_jpg.rf.baa1df43d72673d5fdcbb698121dc641.jpg,0,0,1,0,0,0,0,0,0
video-r68Yr9RPWEp5fW2ZF-frame-014500-8JHG4eihBNutGh9Hd_jpg.rf.bb06ee242afa4d92fa0bf6b03c5936d8.jpg,0,0,1,0,1,0,1,1,0
video-5An82wT7iBmfZSwx7-frame-002707-R8MeFxD6zD8BgkE2o_jpg.rf.bac1b7354c29e93301e4c016a45c2374.jpg,1,0,1,0,0,0,0,1,0
video-4zQqsnWRwK7SFPpBy-frame-006786-hR7WWS9hTvboMk6x2_jpg.rf.bad61f57e0da219460cfc9a261ac52c9.jpg,0,0,1,0,0,0,1,1,0
video-ipHbyAv8iW9kmxTGj-frame-004820-WrASNjMi3wLLyLPGv_jpg.rf.bae0336b2c9ebb335f9a3fb65d0eacc3.jpg,0,0,1,0,0,0,0,1,0
video-DJYDQTZH7GLCqw3Tx-frame-006577-N5zumqKDecSa2H5g2_jpg.rf.bad7df6f61dd43836c6497488103c980.jpg,1,0,1,0,0,0,1,0,0
video-bNfjGzbuFRY9NkHKz-frame-003000-D7D9xA4eeYZzonMaB_jpg.rf.bb2277c786629b64d2f157c7c28feb9a.jpg,0,0,1,0,1,0,0,1,0
video-fZKBh7mRSKHjXS2zk-frame-000000-EYK7NeGK2diuGEWCF_jpg.rf.bb28b0859c2104d1bafa6ccc73150996.jpg,0,0,0,0,0,0,0,1,0
video-GXXqNLCqyu72TLx5i-frame-003659-gHpbat4WSWh2rxiZK_jpg.rf.bb49f475e88e988fe07b90c977894535.jpg,0,0,1,0,1,0,1,1,0
video-5v4MPkCMGEKPfroxc-frame-000015-S7gtcdxwniTCQ62fL_jpg.rf.ba9883c1a141b8478af250a177f2410f.jpg,1,1,1,1,1,0,1,1,0
video-iS9cAu6Ms3CXQtY92-frame-002890-tisnfMi8mRxCHEC9h_jpg.rf.bb5dd285842dbc2df6ebbe7e18152e9c.jpg,0,0,0,0,0,0,1,1,0
video-4E8nAe7bkHkSZfpjq-frame-006300-ZGdxJNTG7PXaeesFP_jpg.rf.bb30de2c9506baab9470a9da09e7acec.jpg,0,0,1,0,0,0,0,1,0
video-aiXLPEvp86raemrsp-frame-003604-5sQa6kjcr23QXPMgp_jpg.rf.baef4e4baf10ecb3c943e35882cf6b01.jpg,1,1,1,0,1,0,1,0,0
video-WXTMrJkrK8BMoMkxk-frame-001879-xqQdsAgDMzhqJvYWW_jpg.rf.bb645b485b2a15c6c00f530863757044.jpg,0,0,1,0,0,0,1,1,0
video-WFkuHrJEHigf6HCWZ-frame-002668-wQGxC3xm2zXJ9MqcD_jpg.rf.bb3a774f5bf66cfd1d4389086437bc36.jpg,0,0,1,0,0,0,1,0,0
video-WXTMrJkrK8BMoMkxk-frame-002059-vFYfsWMDN8iKpkJmh_jpg.rf.bb698b27e1478b4da9379acc20c46038.jpg,0,0,1,0,0,0,1,1,0
video-S5osy2ei487eAM2fw-frame-001839-NBYzns3ckrBQX3HoP_jpg.rf.bb6f34b81d98c29aa972a14a765484c0.jpg,0,0,1,0,1,1,1,1,0
video-DJYDQTZH7GLCqw3Tx-frame-008380-ALYrFrWibERZRkera_jpg.rf.bb58bd2af9fb2e7bf617cc9f8775979d.jpg,1,0,1,0,0,0,0,1,0
video-7EPybiwBrzjDKn7TZ-frame-002337-daMkmzsW7Rz2mCThs_jpg.rf.bb57423b4d4c962be8fe16e5dcb4d84c.jpg,1,0,1,0,0,1,1,1,0
video-6WgZhpFdCJP3a2cWi-frame-006800-bEkaopbei2TmMHic9_jpg.rf.bb8ef48732c073163bc6717122f9fde6.jpg,0,1,1,0,1,1,1,1,0
video-nodg7n2aFzCWFJBnv-frame-004959-3v3Exyf93z6mdwknX_jpg.rf.bb93d2d7f2fb287f944e647d406f046e.jpg,1,0,1,0,0,0,1,1,0
video-5An82wT7iBmfZSwx7-frame-000270-ZmrBkcQfS3cQCxRRa_jpg.rf.bb93fd7ab5ac252e817f68976366efff.jpg,0,0,1,1,1,0,1,1,0
video-nodg7n2aFzCWFJBnv-frame-002592-ncCYtvfXAxz7uybwh_jpg.rf.bb99f26f79737a75c26343449d7001d5.jpg,1,0,1,0,0,0,1,1,0
video-AEZAaF8epmvQv5Nfj-frame-007445-zymwBRPmnxn8CqdTu_jpg.rf.bb82b41fe5e342b30f6ad975998eb528.jpg,1,0,1,0,0,0,1,1,0
video-WFkuHrJEHigf6HCWZ-frame-001508-dx8YTDtbweQXagYar_jpg.rf.bb8c3edc4c794c8bf5b21389ee64b24a.jpg,0,0,1,0,0,0,1,1,0
video-XNM8eHsvxCMJ6peuj-frame-000128-PRTXWzcRKtLxByaNY_jpg.rf.bb996258dc7b4838b4e03ddef110e178.jpg,0,0,1,0,0,1,1,1,0
video-ooW42bEtJrR4gufJr-frame-001200-nj2SajpJfuiAKHxW7_jpg.rf.bbc5c8f157919502eb2cdff8e26dcb26.jpg,0,0,1,0,0,0,0,1,0
video-rYXSHjnEfuLmjE6Z4-frame-000522-zcZcpiL7kSnuAiSuR_jpg.rf.bbbc7bd08e73e0880740831aa526dee1.jpg,1,0,1,0,1,0,1,0,0
video-86XuF6pPvWfBCqyNt-frame-003657-AGQudQEawTQxrFtgY_jpg.rf.bb9a73d7052f40e31c3e49680657d530.jpg,0,0,0,0,0,0,1,0,0
video-Jbg7v6iuvSJavrMsD-frame-003300-QhngaXBh3SGRCT8Zi_jpg.rf.bbaa0938bed811dd17c08e22c9b2a881.jpg,1,0,0,0,0,0,1,0,0
video-FWQff8BQpTRSt9hfA-frame-002250-zt5zefSedwFKtc4tw_jpg.rf.bbbdf063a4c0b3dd73705889a65a1351.jpg,0,1,1,0,0,0,0,0,0
video-Gfv3kbdf5KAYRtPcz-frame-003101-NAyGg7KdbGi6DRude_jpg.rf.bbd45248f605acfd47c8a237553f87ff.jpg,0,0,1,0,0,0,1,1,0
video-AkvAvb4X72cnTbbCw-frame-000575-3AhP97gKibM4CRjE6_jpg.rf.bbeb52f40c943ee7b44b6a4a4c63cc73.jpg,0,0,1,1,1,0,1,1,0
video-GMDwNs5TdqejpF4vu-frame-001238-ynDiYKRSDnpSv9wuc_jpg.rf.bb74c4443f67f1b011c776be74da1238.jpg,0,0,1,0,0,0,1,1,0
video-fZKBh7mRSKHjXS2zk-frame-008100-Mh7mdYPbT2KQEKYRd_jpg.rf.bba470d685486c6b69f97a4cf1fbd864.jpg,1,0,1,0,0,0,1,0,0
video-Bfb39QmAgJQZfE7Pu-frame-024891-74WDo98JY8irDnLwH_jpg.rf.bbeaf0886cc23bc81f931ca954e9b89d.jpg,0,1,1,0,1,0,1,1,0
video-GMDwNs5TdqejpF4vu-frame-001283-AYQLmpEoWDk24xPJp_jpg.rf.bc28c1f2e3a8b0e32c3d8677fa98b588.jpg,0,0,1,0,0,0,1,1,0
video-dpPsuZToLaq9myAK8-frame-005289-jN7RvL4T7gein8SgG_jpg.rf.bc170e8c1c852a4bb83a000c99d10fc6.jpg,0,0,1,0,0,0,1,0,0
video-JgqSK9D5cCD7HBYzg-frame-000063-4udHRvF6Xf9odgfdH_jpg.rf.bbfbd5fce5afbb73299c041e8353ed31.jpg,1,0,1,0,0,0,1,1,0
video-jNQtRj6NGycZDEXpe-frame-014906-qoDWLcH3gkrY6ycMW_jpg.rf.bc1bf5b8ed94dafeb65d179b1d551015.jpg,0,0,1,0,0,0,1,1,0
video-DJYDQTZH7GLCqw3Tx-frame-000710-LxgxFqcyChBqe6NKb_jpg.rf.bc223a4cf2cf0f1e8a8c74c0e5dd93f8.jpg,1,0,1,0,0,0,1,1,0
video-5An82wT7iBmfZSwx7-frame-000689-9SntJpMhfdJn8Mk7o_jpg.rf.bc2cc92694cebf1180f82308aeec887b.jpg,0,0,1,1,1,0,1,1,0
video-aiXLPEvp86raemrsp-frame-007208-FcbqzsrbaRcx4fWCe_jpg.rf.bc4c16befa489ff2a1e3382176936b37.jpg,0,1,1,0,1,0,1,1,0
video-8CvM2BExBLyQFZrK8-frame-000572-nf7TXMg5kD57FAi9c_jpg.rf.bc69ff14a67557a450861ca8963860e6.jpg,0,0,1,0,1,0,1,1,0
video-o68zKob2nb8QMktLF-frame-000521-iNngbWpqyt5FxtpHJ_jpg.rf.bc58ca00cb8f234357cc4c0fcdb463bb.jpg,0,0,1,0,0,0,0,0,0
video-Jbg7v6iuvSJavrMsD-frame-006900-B6AziLhrDJi4QZZsc_jpg.rf.bbb52b54e70bdaeb1c5eecd1084e2a19.jpg,0,0,0,0,0,0,0,1,0
video-JFiGa9oAAN2queuLt-frame-003257-u89gFAx6xuYp8iLzC_jpg.rf.bc56a326847b4a0d94a8532034a63723.jpg,0,1,1,0,0,0,1,1,0
video-yBdrow6zFe5E8uEwn-frame-007730-TK7HpRCTRpJySANfC_jpg.rf.bc660085ba2f385205777450f0d51bc9.jpg,0,0,1,0,1,0,1,1,0
video-DJYDQTZH7GLCqw3Tx-frame-007220-vvmFPkGsYLcSvPkjw_jpg.rf.bc66b5d204c7ff8ece99dc4afbd3e711.jpg,1,0,1,0,0,0,1,0,0
video-QvjyFt7jvqczmaoNZ-frame-004074-BPijhnZ7ngzKn56n9_jpg.rf.bc8384996e2297fffdd2fcdd21b96a4e.jpg,1,0,1,0,0,0,1,0,0
video-JFiGa9oAAN2queuLt-frame-001064-94ybg83Kk5wthzK2s_jpg.rf.bc6e31f7018267733f356711a0e58690.jpg,1,0,1,0,1,0,1,0,0
video-DJYDQTZH7GLCqw3Tx-frame-008070-NCC6pc9rbGZfmrtvm_jpg.rf.bc72ab4aeb768800da20806be1389741.jpg,1,0,1,0,0,0,1,1,0
video-Gfv3kbdf5KAYRtPcz-frame-003991-yKmhBoB932KBJxtsF_jpg.rf.bc9a358f587c9d419b76f06b03d1c7ec.jpg,1,0,1,0,0,0,1,1,0
video-vvYEi6EdCrYXeHwpD-frame-000612-fPsLQH6WwHGyYC3yD_jpg.rf.bcce8dd42329fd779df5d35e66ea087a.jpg,0,1,1,0,1,0,1,1,0
video-rnZseY2bPiYhWEF2m-frame-004233-KJdvb9M87NRCu8k4r_jpg.rf.bc7ca87f32b3d5fbbc23eb04f58ede9d.jpg,1,0,1,0,1,0,1,1,0
video-r68Yr9RPWEp5fW2ZF-frame-007271-hxd337qq2ttdjGS3d_jpg.rf.bcb62b3a12af02ebea83705749a16574.jpg,0,0,0,0,0,0,1,1,0
video-49ZHZYTfjWxQXmrQs-frame-005400-nAGMnkrF96zyjNCfe_jpg.rf.bc2de9b33abbd82bcc3088496c24dcde.jpg,0,0,0,0,0,0,0,1,0
video-r68Yr9RPWEp5fW2ZF-frame-006196-TEti9MTZcc4ktbhnq_jpg.rf.bc98326b6b6530389613a967cd705585.jpg,1,0,1,0,0,0,1,0,0
video-5An82wT7iBmfZSwx7-frame-000944-fTqLRyK6hWJDPQM4X_jpg.rf.bc89bba696e121b1c05c24cd0d30ef2f.jpg,0,0,1,1,1,0,1,1,0
video-4zQqsnWRwK7SFPpBy-frame-005655-Hy9fqXXE7J6jMuKxS_jpg.rf.bd09570a60c85b4cea1270070abc34c1.jpg,0,0,1,0,0,0,0,1,0
video-r68Yr9RPWEp5fW2ZF-frame-008623-kurHY3gB224CFzyAe_jpg.rf.bd2714264448f5e74f28fe46c131aebe.jpg,0,0,1,0,0,0,1,1,0
video-wGdqQimawNX3RYv76-frame-006459-iq9BgA8NYE5NooMbA_jpg.rf.bcffd43a8b11bfd927e691199a0706bb.jpg,0,0,0,0,0,0,1,0,0
video-QvjyFt7jvqczmaoNZ-frame-003158-7BQ55DEJhjGt6z7KS_jpg.rf.bd1b642328b7b932d22d12f4f66efad8.jpg,0,0,1,0,0,0,1,1,0
video-yBdrow6zFe5E8uEwn-frame-008600-FwCWjWrFqHyMb3o7Y_jpg.rf.bd44ad6a2ff878f2204ba9655edf8ad4.jpg,0,0,1,0,0,0,1,0,0
video-r68Yr9RPWEp5fW2ZF-frame-011123-edHr5vtQnNihgSdXy_jpg.rf.bd6b658071a637eadc64294e004a9f2e.jpg,0,0,1,0,1,0,1,1,0
video-jNQtRj6NGycZDEXpe-frame-006167-mtppSe5AymSR3oezK_jpg.rf.bd43ff820fd2ad3706d725b7f54b84c3.jpg,0,0,1,1,1,0,1,1,0
video-3eAD4KjAqae5iq48L-frame-003016-bEkE3EDCf7tTWNebK_jpg.rf.bda8c236702ffdccb40a78326c7d99fe.jpg,0,0,1,0,0,1,1,1,1
video-AEZAaF8epmvQv5Nfj-frame-009349-3sMSHQbbDxuzxd58Z_jpg.rf.bd972d40201c452175a7a43146ee2be0.jpg,0,0,1,0,0,0,1,1,0
video-TTDq3x6HSvFx3YRDH-frame-006073-uNJP5HkJuejtirExA_jpg.rf.bdd59186e35ed02d6d5fe44a7aef7757.jpg,0,0,1,0,0,0,1,0,0
video-dpPsuZToLaq9myAK8-frame-005652-tywnSKuaDLmCr5viA_jpg.rf.bdaffcc9ab452242b56c69b10c4b3494.jpg,1,0,1,0,0,0,1,1,1
video-nodg7n2aFzCWFJBnv-frame-001015-MivJwLNtYsH75MpKM_jpg.rf.bded6bb88e8009edec0f4e8088e03fa3.jpg,1,0,1,0,1,0,1,0,0
video-RzCFkE9yg95GWAnYj-frame-005100-8cLzog435rJ2Hgibo_jpg.rf.bd86b46fe769a9b5297190a90eb405ca.jpg,0,0,1,0,0,0,0,0,0
video-DJYDQTZH7GLCqw3Tx-frame-008760-yzg8ibM6maigKzk7b_jpg.rf.bd85e6e5fac0be6ab3351f76d41589c2.jpg,1,0,1,0,1,1,1,1,0
video-AkvAvb4X72cnTbbCw-frame-000320-H3bSjLLK5q2Qg2QKF_jpg.rf.bdb0655dc39019837f32781e20058470.jpg,0,0,1,0,1,0,1,1,0
video-ipHbyAv8iW9kmxTGj-frame-008120-MucLyZ8oji2pYz7ZL_jpg.rf.bd16099f4e2d4d5433d7164de2e30e1a.jpg,0,0,1,0,0,0,0,0,0
video-5nvtKBPHiNQqpswFE-frame-005700-SqaNj9uKGCn6Za73q_jpg.rf.bde51633558dda72e0ff8683c97ee202.jpg,0,0,1,0,0,0,0,1,0
video-DJYDQTZH7GLCqw3Tx-frame-004966-7ffXj2iysqi2cSrbt_jpg.rf.bd7f24812eda6e2b46451e0d7aa4dd0c.jpg,0,0,0,0,0,0,1,1,0
video-ZicHYAPRYGdu82nAa-frame-002199-Dpc75neR7wgLvS8PW_jpg.rf.be07f8ec8124f235215505a76050adff.jpg,1,0,1,0,1,0,1,1,0
video-eLrXYzMxSL9NCXiQq-frame-000792-bwJCnw4PdA2prL5hZ_jpg.rf.be0d92a4ee5f46ce57f1a9847ca7e951.jpg,0,0,1,0,1,0,1,0,0
video-7EPybiwBrzjDKn7TZ-frame-001250-dRBdSKTv7CzQG2JWC_jpg.rf.be445d86d26a6f11c5c6df3400a316e3.jpg,0,0,1,0,0,0,0,0,0
video-5An82wT7iBmfZSwx7-frame-001183-7r6cerbbtEPgaLzus_jpg.rf.be0d6755fbc3491a05c7fac442e54417.jpg,0,0,1,0,1,0,1,1,0
video-86XuF6pPvWfBCqyNt-frame-002953-DrjvBDuDzzB6Fm4wx_jpg.rf.bd5b379bad712faaad8a7aef2233fdf3.jpg,0,0,1,0,1,0,1,1,0
video-nodg7n2aFzCWFJBnv-frame-001195-PG27yhWx4qzmaQA3B_jpg.rf.be833ce17c33f15462990f98e60c66e5.jpg,1,0,1,0,0,0,1,1,0
video-S5osy2ei487eAM2fw-frame-003955-vduJ7eKBTjggTLBYc_jpg.rf.be944830ec6e12ccc53c6a0c842e33a3.jpg,0,1,1,0,1,1,1,1,0
video-XqruwSRkto63xLX3v-frame-005056-bE6Y362aRTDiKupyh_jpg.rf.be7b1beed9c1f91a09f865c595997c5c.jpg,1,0,0,0,0,0,1,0,0
video-TEAocgWiwwMWxYtgJ-frame-002930-6N6KwhgKLRZzn88t8_jpg.rf.be1c1d6c385e2bc2b7803b6a522e9fe9.jpg,0,0,1,0,0,0,0,1,0
video-zNFzcc9wW8XB4QwTa-frame-003597-qMRMpZQ7SsE4MiMM8_jpg.rf.be48d003603a0d797ef1d892be609c79.jpg,0,0,1,0,0,0,1,1,0
video-vbhpsNpMoX2Qbhw2A-frame-001505-vkzCp85BbhkBMvo8o_jpg.rf.be778e5e66f71ef82319a28c4b939554.jpg,0,0,1,0,1,0,0,1,0
video-mBQmysFvQtPK36MsF-frame-001226-FTnWYHT7AAZCg3jCp_jpg.rf.bd7829d78b979ae8abddc8555d7111af.jpg,0,0,1,0,0,0,0,0,0
video-jNQtRj6NGycZDEXpe-frame-009460-8pPu6tJWJBv3rCyXR_jpg.rf.be5e7c1a2c37db7ca52687cb565c32ff.jpg,0,0,1,0,1,0,0,1,0
video-aMQG7QCtJKfnEdue5-frame-000445-6XuSnukc9tD5a7X9e_jpg.rf.be8d2aab7269e8a5a9d1c4282b78fcde.jpg,1,0,1,0,1,0,1,1,0
video-AEZAaF8epmvQv5Nfj-frame-011016-Pdu24taNbkf2KXEzh_jpg.rf.be97709e79d42b45530080646d7392b7.jpg,0,0,1,0,0,0,0,0,0
video-ipHbyAv8iW9kmxTGj-frame-003320-8pJaGhtdiNMXiEDHf_jpg.rf.bea7f286706c04b73317b34932f4d196.jpg,0,0,0,1,0,0,1,1,0
video-JFiGa9oAAN2queuLt-frame-004257-Cy55KYJ5vmsWskBeY_jpg.rf.be9d59f913b940c3ae737bde4c07c2f3.jpg,0,1,1,1,0,0,1,0,0
video-aTxg8EcSRQyDvisMX-frame-000534-JzJdoe6BW5AZs47YA_jpg.rf.bea8deb9952d0d67d3844b02fc3602f3.jpg,0,0,1,0,0,1,1,1,0
video-DJYDQTZH7GLCqw3Tx-frame-008230-Hbpqp8doiomjXxRiu_jpg.rf.be257119e004b505570cc112fbf90aa6.jpg,0,0,1,0,0,0,1,0,0
video-gwN2KCXHzE6CQJ85P-frame-005400-hv9QknjyctmcHEjQB_jpg.rf.be4c87167eeaf7c4d0f280de139e9bf0.jpg,0,0,1,0,1,0,0,1,0
video-ZicHYAPRYGdu82nAa-frame-002589-ihLjG8TiBq4SWJwXd_jpg.rf.beb538414a8ef40bc4b99696ae32e77e.jpg,1,0,1,0,1,0,1,1,0
video-AEZAaF8epmvQv5Nfj-frame-010244-GufF6RtbsiktpFCkr_jpg.rf.beb8ed57ccc697a139740f41083441ff.jpg,0,0,1,0,0,0,1,0,0
video-7yaY3LisuPdNyfZH9-frame-002396-47zoAGuwxBfvRd4AJ_jpg.rf.bed2abf2f0bfb1f86143dfc76cc897a4.jpg,0,0,1,0,1,0,1,0,0
video-BjSfmxLQqCGjg8tya-frame-006054-wngZFxNqZ6edngj8W_jpg.rf.bf13740e6b8442bceb04a6ca0591989f.jpg,1,0,0,0,1,0,1,1,0
video-GzdKTLbkG5F7gAunM-frame-000449-Qh6wHFh6Ax3SDM7Qx_jpg.rf.bec918f493cb848767ccba9892297d16.jpg,0,0,1,0,1,1,1,1,0
video-DJYDQTZH7GLCqw3Tx-frame-004201-xdoZCuxdeRZ6CrqFt_jpg.rf.bec1914ffaddf987dd439fc99aa21dda.jpg,1,0,1,0,0,0,1,0,0
video-7yaY3LisuPdNyfZH9-frame-005860-mNhYgDdFuzqXtBWmZ_jpg.rf.bf3678aeface6b791a9844fc20613ebf.jpg,1,0,1,0,1,0,1,1,0
video-DJYDQTZH7GLCqw3Tx-frame-000600-qkywXsSYdQMG4p52N_jpg.rf.beec96d1a78ccebf4da4185aa972fe37.jpg,1,0,1,0,0,0,1,1,0
video-xEYBrQ5tarcDbiw9p-frame-012584-GusFqc6BQa2rxZGXN_jpg.rf.bef2aa62b90d11e923f745fa150e1f26.jpg,1,0,1,0,1,0,1,1,0
video-4zQqsnWRwK7SFPpBy-frame-008294-gWcEECvcXWwK6eEhz_jpg.rf.bf11227cecfe66159c53aa9d016f84fa.jpg,0,1,1,0,0,1,1,1,1
video-49ZHZYTfjWxQXmrQs-frame-001350-xaAkMLRPZ2JgEvtht_jpg.rf.beff5d7b8d18eb08a91e6320b0633903.jpg,0,0,0,0,0,0,0,1,0
video-MoCHppHsM4bnncPmS-frame-001768-Mera99RLi4CiSuMTd_jpg.rf.bee86eb6ad21ff23e3ae0b5afaf7ee9a.jpg,0,0,1,0,0,0,1,1,0
video-idbEkd82DJQ5RxW8M-frame-000900-eGSGoRpQrTu3tTmjZ_jpg.rf.bf37ccb9b616235ca20aa397ee815c86.jpg,0,0,0,0,0,0,0,1,0
video-G9ZpKLJEKsMheip7b-frame-004650-QqtmBcdHGjyvQooWY_jpg.rf.bf14a1e05998899df6c28322ce045a55.jpg,0,0,1,0,0,0,0,1,0
video-BjSfmxLQqCGjg8tya-frame-005337-LLMeyXdBHwdLswk5a_jpg.rf.bf209b0f436df810f8a09a17fc48a83e.jpg,0,0,1,0,0,0,1,1,0
video-uSr74imQfjLhADgQZ-frame-002448-xxKhJjtGWZ2DeuTuM_jpg.rf.bf4abd8feb8ee3957e581b4619c70f07.jpg,0,0,0,0,0,0,1,0,0
video-vbhpsNpMoX2Qbhw2A-frame-001165-JKysjPsuGmPpinqrE_jpg.rf.bedcb55458ae0fd5b87a20eb79ff0031.jpg,0,0,1,0,1,0,1,1,0
video-vvYEi6EdCrYXeHwpD-frame-017136-jwAr8ncK2DqH7zJ7M_jpg.rf.beb1c78a270ab0084124997832280fcd.jpg,0,0,1,0,0,0,0,1,1
video-aktbgSQhAxvb8arnx-frame-001500-Ba9GaMn4W5N6CXJck_jpg.rf.bf54dca315e6e2feb5c101e105b646ef.jpg,0,0,1,0,0,0,0,1,0
video-AEZAaF8epmvQv5Nfj-frame-009699-rXDuNrsYJQ4XTZymH_jpg.rf.beca9a7f125def49b4bf69c95698d741.jpg,0,0,1,0,0,0,1,0,0
video-TEAocgWiwwMWxYtgJ-frame-005244-GFYNnRfN4ne2xLFZa_jpg.rf.bf54ec2e0edfd029cb63c3346b25c6f9.jpg,0,0,1,0,0,0,1,1,0
video-5An82wT7iBmfZSwx7-frame-005376-zJccDMPHchQJDZ2NT_jpg.rf.bf52254e78f2f259bacd6e93fbe576d7.jpg,0,0,1,0,1,0,1,0,0
video-ooW42bEtJrR4gufJr-frame-005250-sEFtTA9iRmE8nt59m_jpg.rf.bf88864423fd0842bc7f69e313c28092.jpg,0,0,0,0,0,0,0,1,0
video-5Lwe5DATf4BxKtaiB-frame-000433-CpfLbx8qXpKM8ESwX_jpg.rf.bf562d17ac5f88dd7bb43d2571d5b191.jpg,1,0,1,0,0,0,1,1,0
video-BjSfmxLQqCGjg8tya-frame-003941-tZLNxu56nyRXR2wAa_jpg.rf.bf78e9879b01e7a245c4280fbe3ebb55.jpg,1,1,1,0,1,0,1,1,0
video-PY5tYnNPcGE9WrZuq-frame-002066-d4ozouHZiDRiKfknD_jpg.rf.bf72d74d9075c4a73c05390abfcbdfb0.jpg,1,0,1,0,0,0,1,0,0
video-WiuWWrsHrJsDcfFzg-frame-001369-t9oYLoYAhaoRTmMcK_jpg.rf.bf605fd5b8f2cc648fd61a9d2a12ba77.jpg,1,0,1,0,0,0,1,0,0
video-86XuF6pPvWfBCqyNt-frame-007867-cRTjRWCCY2dfvuBro_jpg.rf.bf8df05fbd0f4b26e07a04ec146451ac.jpg,0,0,1,0,1,0,1,1,1
video-6WgZhpFdCJP3a2cWi-frame-010387-4JuLEajBzYKX9outa_jpg.rf.bf9ae6710a4bc0c975a3914aebd66261.jpg,0,1,1,0,0,0,1,1,0
video-67ZzTP4GCNj69eNPs-frame-002574-K79S66EsFTzuaSuTQ_jpg.rf.bf82df6fc7b022c252b154c8017a83ac.jpg,1,0,1,1,1,0,1,1,0
video-TTDq3x6HSvFx3YRDH-frame-001229-kauHkWp2q5AB6miqX_jpg.rf.bfbd65e4667ec32947aa963836c7f17d.jpg,0,0,1,0,0,0,1,0,0
video-2SReBn5LtAkL5HMj2-frame-004121-aQ8q2Ypktni4Swdqj_jpg.rf.bfc14075d68352416b43aec3585eecc1.jpg,0,0,1,0,1,1,1,1,0
video-ELruYFQjkqpZnir29-frame-002536-ut9ssBqofSNryBpqQ_jpg.rf.bf89d71501e94d7fa92522bc7d6d0710.jpg,0,0,1,0,0,0,1,1,0
video-kDDWXrnLSoSdHCZ7S-frame-001984-dLuxKpDfxssRJnaM3_jpg.rf.bfcb458024ede75384cada43b1b8a147.jpg,0,0,1,0,1,0,1,1,0
video-nodg7n2aFzCWFJBnv-frame-003157-xcLhNCGb92i5onKQf_jpg.rf.bf5850d72a8c6ba94ba64f4f2c1c89bb.jpg,1,0,1,0,1,0,1,0,0
video-ZicHYAPRYGdu82nAa-frame-003366-dt9aHeTqTGMpdANQP_jpg.rf.bf6c9ad81c15349ce302f29f6aaf9e41.jpg,1,0,1,0,1,0,1,1,0
video-xEYBrQ5tarcDbiw9p-frame-011439-PXxkurd5sBkN8ZLaF_jpg.rf.bfc9f74e416ac9d2269acdf3a0d06986.jpg,0,0,1,0,1,0,1,1,0
video-kZvY7NeD8kA7PiMWX-frame-001662-EAFBzovmFvx7D3SFA_jpg.rf.bfd57d11d700717edb810b8310cdcacf.jpg,1,1,1,0,1,0,1,1,1
video-GXXqNLCqyu72TLx5i-frame-000882-scTAeHtamGukpuY3d_jpg.rf.c0179aa0395e83a8dcc421ceb4f9b844.jpg,0,0,1,0,0,0,1,0,0
video-aiXLPEvp86raemrsp-frame-005512-kFYCZcerGrKhMPYsq_jpg.rf.c0148659101713269de7790a0241d6ab.jpg,0,0,1,0,1,1,1,1,0
video-nodg7n2aFzCWFJBnv-frame-001540-MqkRSeisuMEXBHyRH_jpg.rf.c0377fbd5c521ca1bf59c32d8dda7aad.jpg,1,0,1,0,1,0,1,1,0
video-JFiGa9oAAN2queuLt-frame-000250-CjwwRd29jPkJ24gG5_jpg.rf.c01d931d3f8c0b0f1d7d926bb9ffa4e9.jpg,0,1,1,1,0,0,1,0,0
video-Gfv3kbdf5KAYRtPcz-frame-003575-WsTHFfmWme9baNy7v_jpg.rf.c0518b7210e041e8865ac6b44ef131b6.jpg,1,0,1,1,0,0,1,1,0
video-GXXqNLCqyu72TLx5i-frame-003674-J2rHWGrn7FBN5nA7g_jpg.rf.c0444b84844f2ab7bd936cd5e75283fc.jpg,0,0,1,0,1,0,1,1,0
video-Gj7ejTPCZZnD5YwPv-frame-001600-52EEdSvCwBBy3wmzB_jpg.rf.c07db27ad29fe59bbf3869ef0fce9111.jpg,1,0,1,0,0,0,1,1,0
video-ydbh3ikFGJFieXswZ-frame-005400-ofw2h2tvxyBSY59wZ_jpg.rf.c06e64dd30f68de2a71a7e70ea6fec43.jpg,0,1,1,0,0,0,0,0,0
video-DJYDQTZH7GLCqw3Tx-frame-002604-3xdk7wRnoF8o3cErc_jpg.rf.c063cd45a7022b264f572c105c955939.jpg,0,0,1,0,0,0,1,0,0
video-a9TgkAvMGtM2gXpdj-frame-006827-b3N5grMh66K5D88cn_jpg.rf.c0825f086318dc70ad858a834b1924b9.jpg,0,0,1,0,1,1,1,1,1
video-vbhpsNpMoX2Qbhw2A-frame-006134-LFgR29iC2PzmkLTbF_jpg.rf.c0875a11290ee2d640ccd703857f9a4c.jpg,0,0,1,0,0,0,0,1,0
video-BvDJ7TewksQCjCtyN-frame-000936-CpeLucHcmWYagfM2n_jpg.rf.c02a4e393167d0da2ee35b3e236e0b1d.jpg,0,0,1,0,1,0,1,1,1
video-8CvM2BExBLyQFZrK8-frame-000484-MKWb2LPLdRMJYLqkR_jpg.rf.c0a8dd2a22dd07c10c83ac63e2653a19.jpg,0,0,1,0,1,0,1,1,0
video-iFWh9r9TJWmTzTrha-frame-005294-HjLTiCmYjt2h63dFL_jpg.rf.c081d5b08aee5f3618998343891e62f2.jpg,1,0,1,0,1,1,1,1,0
video-mBQmysFvQtPK36MsF-frame-004462-crGmdPeSLwtRbqYTm_jpg.rf.c0a84984551f8a2634fc50213b9df59c.jpg,1,0,1,0,0,0,1,0,0
video-jNQtRj6NGycZDEXpe-frame-007457-ANMkTgcsdP8nN2etd_jpg.rf.c0ceeb7a9fd9915d26c0e0f07535189f.jpg,0,0,1,0,0,0,1,1,0
video-S5osy2ei487eAM2fw-frame-001749-f69x7fF9p75ecWoPx_jpg.rf.c0bea57a0cf6bb959ae9fc04f8aa52c0.jpg,0,0,1,0,1,1,1,1,0
video-fg5eBhFE7kHyXPtBi-frame-003188-BySAkvk8prxSWrM2v_jpg.rf.c0b2b028b04bc0be9aaae6f55f5402d0.jpg,0,0,1,0,1,0,0,1,0
video-rzDLT664bgLJ29B2f-frame-000300-Qkm4Cydw4rNEE6aza_jpg.rf.c0ca1c3b18b3a67264ab6e90e3d5a9a1.jpg,0,0,0,0,0,0,0,1,0
video-2Af3dwvs6YPfwSSf6-frame-007200-izCPvqyL5eBaG9YoP_jpg.rf.c0df7bb22668ba4f8346badc9e78e69a.jpg,0,0,1,1,0,0,0,1,0
video-7yaY3LisuPdNyfZH9-frame-004387-8LdW2JeBiANujKn9v_jpg.rf.c0f7beb745ffda85e5257ce917a1ec91.jpg,0,0,1,0,0,0,0,0,0
video-4zQqsnWRwK7SFPpBy-frame-000377-YKvCHLcX8x8Qm5EDj_jpg.rf.c116474b4662436620761ed35a2b6e42.jpg,0,0,1,0,1,0,0,1,0
video-ELruYFQjkqpZnir29-frame-002034-SAMMi9Xf6WEw3ShHh_jpg.rf.c0ad52bf10bd0d702c3a518055a4ea2d.jpg,0,1,1,0,0,0,1,1,0
video-BjSfmxLQqCGjg8tya-frame-003506-rJhbc82fjqNP33Mq9_jpg.rf.c0ac84068e96d5b7223e6035baa8532f.jpg,1,0,1,0,1,0,1,1,0
video-7yaY3LisuPdNyfZH9-frame-003055-tTiSMeMkEg3auAccP_jpg.rf.c114c793a707e5763f53699624593489.jpg,0,1,1,1,1,0,0,1,0
video-yBdrow6zFe5E8uEwn-frame-012040-Z8SMaNrvQmo4cJ4ki_jpg.rf.c12ecf37808fa9499a33880c09a16bf6.jpg,1,0,1,0,1,0,1,0,0
video-bk2x9u9JivsWRS9Nk-frame-000327-5HNnZQGXE2HA4zn5T_jpg.rf.c0e0823cd547b9a6bf7dd614642dd0c0.jpg,0,0,1,0,0,0,0,1,1
video-SyzNY82LYZrhkPH7x-frame-000231-8c4qNk7SenuqrtMhk_jpg.rf.c0d6adeef6b58cafbddfd0894c5b82c0.jpg,0,0,1,0,1,0,1,1,0
video-r68Yr9RPWEp5fW2ZF-frame-006056-ZaYr2pW4mzcAqeGPT_jpg.rf.c143dbaceca14dc21003187b31adbbee.jpg,1,0,1,0,0,0,1,1,0
video-ELruYFQjkqpZnir29-frame-001486-xD3G9bRuXwQYR8b2Y_jpg.rf.c133bee3af0cd75c914b66bce966f53d.jpg,1,0,1,0,0,0,1,1,0
video-wGdqQimawNX3RYv76-frame-006079-uyL2NLMQQJujpSqwP_jpg.rf.c165631cbd83158a775e8bf9ab8e613b.jpg,0,0,1,0,0,0,1,0,0
video-c3Lxro5s7dbYgdGRp-frame-004844-4SryMSwA8EymQS3GY_jpg.rf.c0fbf3a0af58e59f19ca03fbb65dbebd.jpg,0,0,1,0,0,0,0,0,0
video-JFiGa9oAAN2queuLt-frame-001374-yXNPEbrrCsrbXwA3Q_jpg.rf.c15aa4fd95bd334f92ebbb1cef8396d9.jpg,1,0,1,1,1,0,1,1,0
video-SyzNY82LYZrhkPH7x-frame-003725-bptQ7cevCytozJRpr_jpg.rf.c17352eba25d636222786fb13d50d755.jpg,0,0,1,0,0,0,0,1,0
video-xEYBrQ5tarcDbiw9p-frame-006599-72khvCHiGwScZcx2Q_jpg.rf.c138a90c4bc4000be07d42af30d8b481.jpg,1,1,1,0,0,0,1,0,0
video-jNQtRj6NGycZDEXpe-frame-002425-dL2aTz7KNjj5PeLwv_jpg.rf.c180714a0bba94c3a5e77814f53d0ecf.jpg,1,0,1,0,0,0,1,1,1
video-evnmmkhaqckdxWa9P-frame-002176-S3Jwu3Ejz2sNhBtsL_jpg.rf.c173cc41c04f18dc87815dd1a3f936b9.jpg,0,1,1,0,0,0,0,1,0
video-muKWZNM2FxQoStMQh-frame-002279-2Ga7xYTRK7eBCwwD2_jpg.rf.c18287349bc73ed7bc1ef7331f98aa8a.jpg,0,0,1,0,0,0,0,1,0
video-5nvtKBPHiNQqpswFE-frame-003450-gFRBq8k8wSweD2DoN_jpg.rf.c17b1141e6a6b91b7c0ef5e612b79733.jpg,0,0,0,0,0,0,0,1,0
video-ipHbyAv8iW9kmxTGj-frame-007970-v6A9zBGz8ox57AYaJ_jpg.rf.c12c677586fdeb9108664cafa2d13dc9.jpg,0,0,1,0,0,0,0,0,0
video-iTrM5ner4KQGLvpdC-frame-003802-WrTQbRS6yC9mEB6En_jpg.rf.c18042ab68e2a8b7c930e2207d4d2886.jpg,0,0,1,0,0,0,0,0,0
video-MoCHppHsM4bnncPmS-frame-001798-mnZmB4dbmNJx7s748_jpg.rf.c194557f34bd090d4b04a709e451c6c7.jpg,0,0,1,0,0,0,1,1,0
video-r68Yr9RPWEp5fW2ZF-frame-000293-bYfKQXaHECvTW4t3J_jpg.rf.c1a77f5c20323c59283a426765ea181e.jpg,0,0,1,1,1,0,1,1,0
video-AEZAaF8epmvQv5Nfj-frame-013680-A57ic2EHAhAuFb7u7_jpg.rf.c18195259c36e7789a75aaab575a8379.jpg,1,0,1,0,0,1,1,0,0
video-r68Yr9RPWEp5fW2ZF-frame-001846-c354HxErAW5jWaAa9_jpg.rf.c1c5d00b5901613d473188d397f0b7a2.jpg,1,0,1,1,1,0,1,0,0
video-aMQG7QCtJKfnEdue5-frame-000400-vY2veK4xHwRDmybqj_jpg.rf.c1b2c7c7e0228f4c8a9efef1d1d5b70b.jpg,1,0,1,0,1,0,1,1,0
video-WFkuHrJEHigf6HCWZ-frame-001276-YM93ZpYh4wZabEjQK_jpg.rf.c18dd285880a49ecfe0c151282f82d7c.jpg,0,0,1,0,1,0,1,0,0
video-BvDJ7TewksQCjCtyN-frame-000666-rLRsCyCXJ2AhME39E_jpg.rf.c1cbd2dfae636f7db5b96d0f99b81641.jpg,0,0,1,0,1,0,1,1,0
video-Gj7ejTPCZZnD5YwPv-frame-001660-zF9xjTiodgkY58B5A_jpg.rf.c19dfbd7f81bbeff178dfe3d92304b06.jpg,0,0,1,0,1,0,0,1,0
video-JFiGa9oAAN2queuLt-frame-000350-4uKnvhvkqZyTBn5By_jpg.rf.c1e6482c12bb69af202985b9329fa9c7.jpg,1,0,1,1,0,0,1,1,0
video-DJYDQTZH7GLCqw3Tx-frame-002927-Jwei6zJRquqjNWWYD_jpg.rf.c1ebe8a2d28ffec655ff8857415c5b79.jpg,0,0,1,0,0,0,1,0,0
video-aMQG7QCtJKfnEdue5-frame-003408-TgDF6nZ2mCoQNBheL_jpg.rf.c1f4b6837f2c5c8cbd4f4727345acfb5.jpg,1,0,1,0,0,0,1,1,0
video-DJYDQTZH7GLCqw3Tx-frame-004301-2xoekik96jMjqMnBK_jpg.rf.c11cd303773f27e59e0fe8f7bd1b88f6.jpg,1,0,1,0,0,0,1,0,0
video-DJYDQTZH7GLCqw3Tx-frame-006657-ReBy2NGbuYLrQjy6W_jpg.rf.c1f787eaea8f359b842f981d0f460c0a.jpg,1,0,1,0,0,0,1,0,0
video-AEZAaF8epmvQv5Nfj-frame-015381-FdSyDkiEKi2Fjz4N4_jpg.rf.c20eca1c597fefa11fa740dfec66d1dd.jpg,0,0,1,0,0,0,1,0,0
video-2SReBn5LtAkL5HMj2-frame-009193-Y5C8QskLfAuY8LCPL_jpg.rf.c203267a48aec92dd27d359a14dc1ca0.jpg,0,1,1,0,0,1,1,0,0
video-dpPsuZToLaq9myAK8-frame-002573-nu44h87jsCY628AkP_jpg.rf.c21c84bc8c13b1fa1dc5b893f33bd94c.jpg,1,0,1,0,0,0,1,0,0
video-2SReBn5LtAkL5HMj2-frame-008876-wGc2KKAB3E6jmusRe_jpg.rf.c2276f15078dd5aec5fc4561f3b53c37.jpg,0,0,1,0,0,1,1,0,0
video-nodg7n2aFzCWFJBnv-frame-008604-xYZTZ6gzBCYaKLLsi_jpg.rf.c253a2e892e7bec51fc142b5b25a90c6.jpg,0,0,1,0,1,0,1,1,0
video-BjSfmxLQqCGjg8tya-frame-004334-fN2C8pfF9x43vQCsa_jpg.rf.c22f9e0b8df3d13a312fcdd89b40d490.jpg,1,1,1,0,1,0,1,1,0
video-ELruYFQjkqpZnir29-frame-002893-jofe3EJv872d95Sdt_jpg.rf.c22dd499efb3e41315b754514a31945f.jpg,0,0,1,0,0,0,1,1,0
video-DJYDQTZH7GLCqw3Tx-frame-000060-qPj4QbP8vkHyqDRHp_jpg.rf.c23f23272747025af16e8f455f59939f.jpg,1,0,1,0,0,0,1,1,0
video-wGdqQimawNX3RYv76-frame-006934-HhtyNewojw8zRi9b7_jpg.rf.c2235a55bc4b433267cf58bf6f4af1ad.jpg,0,0,1,0,0,0,1,0,0
video-evnmmkhaqckdxWa9P-frame-002411-oHSQsTKRh2Gi7oEia_jpg.rf.c1c792c04673e65b8a492dab9f80725b.jpg,1,1,0,1,0,0,1,0,0
video-S5osy2ei487eAM2fw-frame-002280-4WTyJeGwvaiCg6Zin_jpg.rf.c24661ecb82dedfa5ed5bd8d217cbf5d.jpg,0,0,1,0,1,1,1,0,0
video-AkvAvb4X72cnTbbCw-frame-001520-vcg6jXkKteZWbK2vo_jpg.rf.c1d6180c1ac1d9e77e7f098b2902dcc0.jpg,0,0,1,1,0,0,1,1,0
video-sEs53HkN6oRqWdeQK-frame-004136-HHpkXsMKeZSab5Kbv_jpg.rf.c26fe7468049e817b935bf5f8cd79281.jpg,1,0,1,0,1,0,1,1,0
video-WXTMrJkrK8BMoMkxk-frame-001899-modGF9keP3XyBj8GN_jpg.rf.c22c97180342d3650ac3d53f56b5e3c0.jpg,0,0,1,0,0,0,1,0,0
video-WGCm6DTcSjgg7FgMm-frame-000600-Cq3asiT4965ZGviRv_jpg.rf.c1345b45c11949dbef8dba18cc3bbd23.jpg,0,0,0,0,0,0,0,1,0
video-XNM8eHsvxCMJ6peuj-frame-000704-A74wzpHdxYma6XMjh_jpg.rf.c1c59f502821d79ab4afd8eb112c3096.jpg,0,0,1,0,0,1,1,1,0
video-DJYDQTZH7GLCqw3Tx-frame-002707-84XqXwM4Rv4LXW3f2_jpg.rf.c29b81643895812181399e0ce9842262.jpg,0,0,1,0,0,0,1,0,0
video-8CvM2BExBLyQFZrK8-frame-001044-KGq4XPuxyw5zZa7qc_jpg.rf.c29738ca46bc43230d07365945aced4e.jpg,0,0,1,0,0,1,1,1,0
video-5Lwe5DATf4BxKtaiB-frame-000887-u658mNjpveWYbzXN2_jpg.rf.c2c24bd2b3115fa3109a7800e92ced50.jpg,1,0,1,0,0,0,1,1,0
video-TEAocgWiwwMWxYtgJ-frame-003214-WGEzkoXXBiC9e885m_jpg.rf.c2a17cabf07be9e8b4d92abfc7c1210f.jpg,0,0,1,0,0,0,1,1,0
video-KTtJnXH7CcPgLeF2G-frame-000949-GtWFkpAPYsQrbCLzR_jpg.rf.c2e92140309578cd9f3328bc5461ad54.jpg,0,0,1,0,0,0,1,1,0
video-aMQG7QCtJKfnEdue5-frame-000595-6XoxY9eeYrDNMCPhw_jpg.rf.c2b573be2643d53b21acffad493c406a.jpg,0,1,1,0,0,0,1,1,0
video-5YffDt2oYT6CDzYHk-frame-001694-JPssRtTk4Si7akmgA_jpg.rf.c30e4a1eaba82b39a56b47d8807e4df9.jpg,1,0,1,0,1,0,1,1,0
video-soRFb9y3iqE3YpJSG-frame-001998-Mw2aafZk6eYvg9eBx_jpg.rf.c3009f6bb9ccd8a1b30eded763423b7a.jpg,0,0,1,0,0,0,1,1,0
video-BjSfmxLQqCGjg8tya-frame-003806-wNx3ebfLS8nepcrXt_jpg.rf.c2f5b55640c5c6d717ded1a5729fd147.jpg,1,1,1,0,0,0,1,1,0
video-DJYDQTZH7GLCqw3Tx-frame-001349-uMNNe3YMSdqfQyWqn_jpg.rf.c30e1bb7dd276045cd734f6abc019be3.jpg,1,0,1,0,0,0,1,0,0
video-2Af3dwvs6YPfwSSf6-frame-000900-TEpG7syoYeDqxXHtN_jpg.rf.c2cf5e73210db65d47871d0751add448.jpg,0,0,1,0,1,0,0,1,0
video-DJYDQTZH7GLCqw3Tx-frame-002777-ch7HuprXijLdnqNmf_jpg.rf.c2a4d0724b708055742f6f934309f282.jpg,1,0,1,0,0,0,1,0,0
video-AEZAaF8epmvQv5Nfj-frame-001350-rBJc9QhetqZXsCbgg_jpg.rf.c3317843106c15e42ec723825ffd3ac1.jpg,0,0,0,0,0,0,0,1,0
video-BjSfmxLQqCGjg8tya-frame-007303-QGQsq5TAbiQBucKY7_jpg.rf.c3444d964c33d6475101219373e3dca9.jpg,0,0,1,0,0,0,1,1,0
video-QvjyFt7jvqczmaoNZ-frame-003218-nvSZ5EzB7fj8JtyBF_jpg.rf.c206a65f599c72b018ccd0e4db081678.jpg,0,0,1,0,0,0,0,1,0
video-KTtJnXH7CcPgLeF2G-frame-004228-38ZSkN9LhewwoLxuA_jpg.rf.c2fd3f0867ac3b141623297134ebf846.jpg,1,0,1,0,0,0,1,1,0
video-r68Yr9RPWEp5fW2ZF-frame-006986-FEvYye4CpsQHe2RjP_jpg.rf.c351b33a19dd207a850946ccd71364d3.jpg,0,0,1,0,0,0,1,1,0
video-aMQG7QCtJKfnEdue5-frame-003218-LHw3P5jx2FE4qQiP7_jpg.rf.c335ba6b88db84ea8752d6ed8b173191.jpg,0,0,1,0,0,0,1,1,0
video-3eAD4KjAqae5iq48L-frame-009802-A4MgnFTHxaBo3Snf5_jpg.rf.c3826261a0be2842a08627c3a6f86e76.jpg,0,1,1,0,0,1,1,1,0
video-5YffDt2oYT6CDzYHk-frame-000200-nbHT9bffptjE34EMc_jpg.rf.c353565c2f7cff98d4f744c8c1b35f67.jpg,0,0,1,0,1,0,0,1,0
video-3eAD4KjAqae5iq48L-frame-000377-kpEezumFjuxiddkAe_jpg.rf.c382b045ca6ce8c1a35a346974da748b.jpg,0,1,1,0,0,0,1,1,0
video-WiuWWrsHrJsDcfFzg-frame-008141-2eHvK537myPktGXGN_jpg.rf.c3933ecc401ca4f539a73e7764968a90.jpg,0,0,1,0,1,1,1,0,1
video-DJYDQTZH7GLCqw3Tx-frame-004211-xaZTsKtZsxyyz6Ju8_jpg.rf.c3875d2663d004230d1e8617fb9acfe2.jpg,1,0,1,0,0,0,1,0,0
video-GMDwNs5TdqejpF4vu-frame-000813-oFgEK4Xrgi6jG7uQq_jpg.rf.c39ab691bfdc95e72a9b76219705120f.jpg,0,0,1,0,0,0,1,1,0
video-ELruYFQjkqpZnir29-frame-001651-rHM2GnjHXM6g8prhb_jpg.rf.c3bcc8146ec8bb92bacc7bbc2938c321.jpg,1,0,1,0,0,0,1,1,0
video-49ZHZYTfjWxQXmrQs-frame-001950-Ztt2cqYJLGDTtXgt7_jpg.rf.c39a61c1ee36b5af73f4145d0469bea5.jpg,0,0,1,0,0,0,0,0,0
video-r68Yr9RPWEp5fW2ZF-frame-013858-goK7zms8TCKX6p5tk_jpg.rf.c360d900976bcc6d689495f4a610a0b3.jpg,0,0,1,1,1,0,1,1,0
video-aMQG7QCtJKfnEdue5-frame-000877-CcCDgP5BYBZqLgss9_jpg.rf.c3d6f605634fd4c4908fae98b3ec4f05.jpg,0,0,1,0,0,0,1,1,0
video-AEZAaF8epmvQv5Nfj-frame-008290-2GeLhkyBXqXPPykbG_jpg.rf.c3e86c64155700e0c63fd91f5ec77ca3.jpg,0,0,1,1,0,0,1,0,0
video-ZicHYAPRYGdu82nAa-frame-002873-WQyybdpARoHxcY5eQ_jpg.rf.c3c79c32e88ff11981ad7f315c08b2a4.jpg,1,1,0,0,1,0,1,1,0
video-r68Yr9RPWEp5fW2ZF-frame-006726-7wTZJaMPWZLLYtmip_jpg.rf.c4019ce28e89c21eb02f4b6c58b061d4.jpg,0,0,1,0,0,0,1,1,0
video-sEs53HkN6oRqWdeQK-frame-004226-eE7Gc6fzqHkMaoQiF_jpg.rf.c4216a25c1e02c5811d586a125739f33.jpg,1,0,1,0,1,0,1,1,0
video-8CvM2BExBLyQFZrK8-frame-001026-pNLsRRswENEc4yR8L_jpg.rf.c40b7f2aaa9f8486524f294a4a2d0c87.jpg,0,0,1,0,1,0,1,1,0
video-eLrXYzMxSL9NCXiQq-frame-003531-sdyPve4r2YCsStBBJ_jpg.rf.c40cec52e525c474ae384eb292731197.jpg,0,1,1,0,1,1,1,1,0
video-BjSfmxLQqCGjg8tya-frame-000360-uws6a56SthZNsp2Sx_jpg.rf.c3be9b9230b5b53c1bd98f94eb56a743.jpg,0,1,1,0,1,0,1,1,0
video-2SReBn5LtAkL5HMj2-frame-005139-jd4X3aA5qzYkyysEY_jpg.rf.e2a2dd5e4a0887be7fa649d0f4c10ed2.jpg,0,0,1,0,1,0,1,1,0
video-8QxGjiebFiGwCKrd5-frame-006750-FPJ89Msg66n6v3Tyo_jpg.rf.e2ba83182ed430cdc70efe4a488d5983.jpg,0,0,0,0,0,0,0,1,0
video-XCJD9qhzXNoZCn37i-frame-012984-qaejzBvANARkYEAKy_jpg.rf.e2be1c43dc6482d9406c5e57e3098029.jpg,1,1,1,0,1,1,1,1,0
video-DJYDQTZH7GLCqw3Tx-frame-007440-SCXWxJ8Hy6Ppcrfuu_jpg.rf.e2c5320a86769582cc0db0bc86a75943.jpg,1,0,1,0,0,0,1,1,0
video-AEZAaF8epmvQv5Nfj-frame-013640-jXrjXLJPEH9eqZoE7_jpg.rf.e2c6a89e29c4a957b87bf21ca28400ad.jpg,1,0,1,0,0,1,1,0,0
video-5Lwe5DATf4BxKtaiB-frame-000932-PhGy5Co46nLZ5DGBq_jpg.rf.e2b85b72967a6547ef540b421b1b4ed2.jpg,1,0,1,0,0,0,1,1,0
video-MoCHppHsM4bnncPmS-frame-000946-HLaBQSYn8v4Rns4mg_jpg.rf.e2ce24d2f089b167b0efb18f44d7492f.jpg,0,0,1,0,1,1,1,1,0
video-c3Lxro5s7dbYgdGRp-frame-000900-DdKGe3agsjn6mqTF6_jpg.rf.e2c928edd43cf86ab5b2583928710b41.jpg,0,0,1,0,0,0,0,0,0
video-KTtJnXH7CcPgLeF2G-frame-004663-QuZa8A4kBp5k4ScXa_jpg.rf.e2f472f1bb19e92733adddcda0de83f9.jpg,0,0,1,0,0,0,1,0,0
video-KTtJnXH7CcPgLeF2G-frame-001069-pJGpf8NEFDwEDHv5H_jpg.rf.e2dbaaaf80a51d796509772889dc99b9.jpg,0,0,1,0,0,0,1,0,0
video-5An82wT7iBmfZSwx7-frame-001608-v8qxJYxE8xPvM9ESu_jpg.rf.e2d45918efdbfdec7a351b465eb1cec3.jpg,0,0,1,1,1,0,1,1,0
video-JFiGa9oAAN2queuLt-frame-000984-rk3Fue8bQKAQM5tHy_jpg.rf.e2e7b54521fe0cfcf4d02bed3a4d37b1.jpg,1,0,1,0,0,0,1,0,0
video-3eAD4KjAqae5iq48L-frame-004901-SJrctqewRrFQnGe9k_jpg.rf.e306688be9cfea9e26ccfb97d27adb29.jpg,0,0,1,0,1,0,0,1,0
video-7yaY3LisuPdNyfZH9-frame-001069-ghyomk3Cqi4jkYhN5_jpg.rf.e2ed53b635436e060d3931f0376b31ae.jpg,0,0,1,0,1,0,1,0,0
video-hmsJCeMCWjX2FhxD8-frame-000917-J7MqyR3SiSwX9tB5t_jpg.rf.e314dd39ac8fb17a41a0597a8a504040.jpg,0,0,1,0,1,1,1,1,1
video-TTDq3x6HSvFx3YRDH-frame-001094-jrf3ebESp8fDryQWQ_jpg.rf.e2fc809200c23c4afd855effb3dce637.jpg,0,0,1,0,0,0,1,1,0
video-S5osy2ei487eAM2fw-frame-003556-SNcMXYzQD8gdgZ7Sa_jpg.rf.e31b54c222e1935c68be55a2dda3d514.jpg,0,1,1,0,0,1,1,0,1
video-JFiGa9oAAN2queuLt-frame-000377-dYcrkXRgeXtA5gBdB_jpg.rf.e31ec65c952495a9bfb161137953b5ea.jpg,1,0,1,1,0,0,1,1,0
video-r68Yr9RPWEp5fW2ZF-frame-002636-RSYZY6wK8NTXWETQa_jpg.rf.e32282f3aa29ca71ba026c83aa27e4fa.jpg,1,0,1,0,1,0,1,1,0
video-G6FT88p5kgvAR2Y92-frame-006900-SLTiQwJaKomCTLhmk_jpg.rf.e33a4e9ccc8858e341e67d901a6399cf.jpg,0,0,1,0,0,0,0,1,0
video-67ZzTP4GCNj69eNPs-frame-001737-ajkdh963EYpKPe6cp_jpg.rf.e354a75ebcfa4c495e48620aaa16934c.jpg,0,1,1,1,1,0,1,1,0
video-DJYDQTZH7GLCqw3Tx-frame-004381-kAPQGj3Ssk5nGsFW6_jpg.rf.e36f105b202bdfed3b35a5f77d0b980c.jpg,1,0,1,0,0,0,1,0,0
video-24ysbPEGoEKKDvRt6-frame-000585-TBqsvLppeg33h9nBa_jpg.rf.e37cd1c8651ce945c00790799209b151.jpg,1,0,1,0,0,0,1,1,0
video-yNoh5QQAPbR9Afm4i-frame-003889-NSKDRZdLZukwidKEZ_jpg.rf.e38a4dfe82837fc7b7b2a338c74086e5.jpg,0,0,1,0,1,0,1,0,1
video-iTrM5ner4KQGLvpdC-frame-000288-rDFMoTwh7xoXotbTn_jpg.rf.e34f00f05ed92569125e5e17d443bbdf.jpg,0,0,1,0,1,1,1,1,0
video-eLrXYzMxSL9NCXiQq-frame-002304-eSmcg2tsRSe5hTioi_jpg.rf.e38eb636e48e48c62e9d632e990830c7.jpg,0,1,1,0,1,0,1,1,1
video-JFiGa9oAAN2queuLt-frame-005027-pibLxgtoM6gL6kACc_jpg.rf.e39b0b54d4f55da218de9075864e8d45.jpg,0,1,1,0,0,0,1,0,0
video-nCxsLGvXK8o25AmXW-frame-001781-LdvpXQ85LhSqze6GN_jpg.rf.e3a1613f95f433362f8ce5ec717eae6c.jpg,0,0,1,0,1,0,1,1,1
video-BjSfmxLQqCGjg8tya-frame-003776-KewF5zdLwAgWEgew4_jpg.rf.e3b0fb7fe970c47a1a5e5324845e833a.jpg,1,1,1,0,0,0,1,1,0
video-sEs53HkN6oRqWdeQK-frame-003800-NtcxCQ6Fnq82S3gJP_jpg.rf.e3772afe9bc397cc6346965abd110e8e.jpg,1,0,1,1,1,0,1,1,0
video-yNoh5QQAPbR9Afm4i-frame-002870-rZjKjEcLDTBsNDx4y_jpg.rf.e3a5aac193d367b7986c5c3000d8ecff.jpg,0,1,1,0,1,1,1,1,0
video-8CvM2BExBLyQFZrK8-frame-000660-WWqXxrsHxGD7oLPsb_jpg.rf.e3b1a5bfb1fc14d97a39cc02deedcd2c.jpg,0,0,1,0,1,0,1,1,0
video-WXTMrJkrK8BMoMkxk-frame-000040-CRakkErmgAJkenrM4_jpg.rf.e3dfba445f24b62bae55cc553e51fb1e.jpg,0,0,1,1,1,0,0,1,0
video-qmuvFTzLkR28JMp7r-frame-003029-JrC3qkrDizdJ7AdRB_jpg.rf.e3f44fe962d4b8a6c64f708edf4aa272.jpg,0,0,1,0,0,0,0,1,0
video-SyzNY82LYZrhkPH7x-frame-002170-WL4xReJBT3BKXHXFa_jpg.rf.e3ee8cd611f550655baa4c3af14ef195.jpg,0,0,1,0,0,0,1,1,0
video-DJYDQTZH7GLCqw3Tx-frame-003641-pJEBeStLgXKHvZumA_jpg.rf.e3fc91d97e59014158cd5c29df72f9bd.jpg,1,0,1,0,0,0,1,1,0
video-49ZHZYTfjWxQXmrQs-frame-001650-65Zp85pYGJxutA9EW_jpg.rf.e3fb41c5a66bc68ad88eab750270d84e.jpg,0,0,0,0,0,0,0,1,0
video-iS9cAu6Ms3CXQtY92-frame-000048-xFvdQNC6HmwDkByMR_jpg.rf.e4034d6f349200b647e6aa04cfc1996c.jpg,0,0,0,0,0,0,1,1,0
video-yBdrow6zFe5E8uEwn-frame-009890-omWgKZemDKh5DgRf9_jpg.rf.e45188bdea76084ae77420707788e8cf.jpg,1,0,1,0,0,0,1,1,0
video-a9TgkAvMGtM2gXpdj-frame-001706-8GpPuD96YijzA3nb7_jpg.rf.e38363b1316e8402ab4400fae80948b3.jpg,0,0,1,0,0,0,1,1,1
video-ELruYFQjkqpZnir29-frame-001501-d9hnr86SHN4MZkkSB_jpg.rf.e43c5cf3f0da3509917a7881e56a5970.jpg,1,0,1,0,0,0,1,1,0
video-r68Yr9RPWEp5fW2ZF-frame-015595-7uZ6rGao2QhN4LjsQ_jpg.rf.e468d05e10dec9a9fc607079c82b4def.jpg,1,0,1,1,1,0,1,0,0
video-7yaY3LisuPdNyfZH9-frame-000810-Z6pra2pvfWZZmPYQA_jpg.rf.e408a5855307cb7fd6d4fff9fdee5e81.jpg,1,0,1,0,0,0,1,0,0
video-AEZAaF8epmvQv5Nfj-frame-013400-DtmML9rQGuCboQbtm_jpg.rf.e4693745335d6b59ba6dce77dc830af7.jpg,1,0,1,0,0,0,1,0,0
video-4zQqsnWRwK7SFPpBy-frame-008671-pA6ttFBEFL5PL3shc_jpg.rf.e46c0b7c3f4aa38cd438e1d27cc9bf35.jpg,0,0,1,0,0,1,1,0,1
video-5YuhMWusfM3ZMtvDx-frame-008785-R2vywZQgJQTJ7sv9Y_jpg.rf.e476ffcd078696008c0d7ddeb278232e.jpg,0,1,1,0,1,0,1,0,0
video-AEZAaF8epmvQv5Nfj-frame-016031-T7Fs42DzhAzWEbW98_jpg.rf.e439a8531a039265255ba26cfe259240.jpg,1,0,1,0,0,0,1,1,0
video-dpPsuZToLaq9myAK8-frame-001933-mhBP82jb9bDZrbAHd_jpg.rf.e4209aaa7d2c50455de984cd50b49e93.jpg,0,0,1,0,0,0,1,1,0
video-Gfv3kbdf5KAYRtPcz-frame-003815-6LFXw3Bz2EoHDfbYk_jpg.rf.e4330af95afc67c7b4cc7563eda133cc.jpg,1,0,1,1,0,0,1,1,0
video-vbhpsNpMoX2Qbhw2A-frame-000995-S6xAv2LEqcdwSZnHH_jpg.rf.e48a19556d7a75fc6eb6c369f988e9fd.jpg,0,0,1,0,0,0,1,1,0
video-ipHbyAv8iW9kmxTGj-frame-000470-aMXvG2zqGrNEifZrp_jpg.rf.e477ba39249804e7778578c3d42b8b56.jpg,0,0,1,0,0,0,0,1,0
video-5An82wT7iBmfZSwx7-frame-004678-vAQHfXfYcX4d6gpMK_jpg.rf.e48b217b972614e49fa04d1fb127a278.jpg,0,0,0,0,0,0,1,1,0
video-ZicHYAPRYGdu82nAa-frame-002454-rndTRGzquxzEinJER_jpg.rf.e4721f5113c7773981464ab63a16d625.jpg,0,0,1,0,1,0,1,1,0
video-rnZseY2bPiYhWEF2m-frame-000996-cpz2w8Lsydgfc7A3T_jpg.rf.e481b0811f74bc01024b67863a2a166e.jpg,0,1,1,0,0,0,1,0,0
video-BjSfmxLQqCGjg8tya-frame-005412-tjbkdnrZ9ZrWDPvv4_jpg.rf.e4828357f938a1e4de1d47d41421f742.jpg,0,0,1,0,0,0,1,0,0
video-cprcATqPmWGnc3cgi-frame-003255-YRTmPqhMmeacSELFn_jpg.rf.e4641247fdb45201c77927330c46604d.jpg,0,0,1,0,1,0,1,1,0
video-nCxsLGvXK8o25AmXW-frame-002160-duzFFWmNb8MrF2LHG_jpg.rf.e4792512fc6484d7f485084acf87eac7.jpg,0,0,1,0,1,0,1,1,0
video-XqruwSRkto63xLX3v-frame-008133-xyhtRdznjM6Q4JrMD_jpg.rf.e3da22bc392bbc31a5cc44d42f081439.jpg,0,0,0,0,0,0,1,0,0
video-AkvAvb4X72cnTbbCw-frame-000200-ZZ6c3TmKyjeZhxyTQ_jpg.rf.e49f8c4cefcd3889298f983d68887283.jpg,0,0,1,0,1,0,1,0,0
video-5YffDt2oYT6CDzYHk-frame-001714-sZZvtoRHmE7AMjrk8_jpg.rf.e497d43c571bda6b14b36aafa6783da2.jpg,1,0,1,0,1,0,1,1,0
video-qmuvFTzLkR28JMp7r-frame-002330-dkAK2nYJfMp67hYgg_jpg.rf.e49fe5406633bbfcf2025eec9c9b9df0.jpg,0,0,1,0,0,0,0,0,0
video-EFh9oKSJrkMFW8gtT-frame-003900-69PpE3Dmchsh4tC2M_jpg.rf.e49e1ee196a722acea8baca4a9bb287a.jpg,0,0,1,0,0,0,0,1,0
video-r68Yr9RPWEp5fW2ZF-frame-002026-TkevmxcfPj6GfhrZz_jpg.rf.e4a0c14ef62553cfbcf19a0f056aa29e.jpg,1,0,1,0,1,0,1,1,0
video-86XuF6pPvWfBCqyNt-frame-005690-xogTMwwnFbSf9dx2X_jpg.rf.e4efc73b888ae131a3ece1fb52954551.jpg,0,0,1,0,1,0,1,1,0
video-5An82wT7iBmfZSwx7-frame-005256-XyzPhZXAYDx2byhSg_jpg.rf.e4b466caf8abffe7a5f3ac11717bef2f.jpg,0,0,1,0,1,0,1,1,0
video-GzdKTLbkG5F7gAunM-frame-001038-KmJJCNgvAb4NwZNX2_jpg.rf.e4a6cdcb37e0d3d63b9f32afe74fe9cd.jpg,0,0,1,0,1,0,1,1,0
video-5v4MPkCMGEKPfroxc-frame-000887-Khyeo8jnZXjH9uh4B_jpg.rf.e4e1688f9e4693c19a170849c48b6bc0.jpg,0,1,1,0,1,0,1,1,0
video-TTDq3x6HSvFx3YRDH-frame-006058-D2eCFi3qSXg3ENbPc_jpg.rf.e4d1fa195870509d03449c15d57fa9ad.jpg,0,0,1,0,0,0,1,1,0
video-r68Yr9RPWEp5fW2ZF-frame-007096-PPviCh6aKEgfgzEq3_jpg.rf.e4f79dbf72ecbd530168b5889dc98453.jpg,0,0,1,0,0,0,1,1,0
video-r68Yr9RPWEp5fW2ZF-frame-002776-yaGeajdfyq3qEMsgM_jpg.rf.e508c1b18d77e4778af0a8c18d45a947.jpg,1,0,1,0,1,0,1,0,0
video-6WgZhpFdCJP3a2cWi-frame-009588-mtwoAf9kcmNMb2vL8_jpg.rf.e4f02589d48376dfa943dc2ad9034dfc.jpg,0,1,1,0,1,0,1,1,0
video-2SReBn5LtAkL5HMj2-frame-003804-JvwAjsX37JTiDNm8Y_jpg.rf.e50528b1a4e4a9d3a711be9948da32a4.jpg,0,1,1,0,1,1,1,0,0
video-DJYDQTZH7GLCqw3Tx-frame-002564-yK9AXvHM6ZMoTrEB8_jpg.rf.e4e688801e76d1384ce76da21b92baf1.jpg,0,0,1,0,0,0,1,1,0
video-2Af3dwvs6YPfwSSf6-frame-000750-rPyosiZnszXixiWpq_jpg.rf.e5245bec7f20fdc651d64ebd8f4eedaa.jpg,0,0,1,0,0,0,0,1,0
video-KTtJnXH7CcPgLeF2G-frame-001806-968TqpTgzSSSZQQxG_jpg.rf.e513bb5432c691c04d4706439d4e968d.jpg,0,0,1,0,0,0,1,0,0
video-dpPsuZToLaq9myAK8-frame-005607-WGf36HWWzbh85xDDy_jpg.rf.e5426bdd93be0da52ebb5d2cfdb857d9.jpg,1,0,1,0,0,0,1,1,0
video-PY5tYnNPcGE9WrZuq-frame-002186-xuy2wfgm6nqQDFn5M_jpg.rf.e5355a59440c8bba3075d73755a02ac7.jpg,1,0,1,0,0,0,1,0,0
video-ozJ2BvNKN96SvRTFv-frame-002100-nDiyTPZKaPGSaAoXu_jpg.rf.e4ce17e60e836cafdbfb5d50cee5b4f3.jpg,0,0,1,0,0,0,0,0,0
video-AEZAaF8epmvQv5Nfj-frame-016081-mkLcwnTgwwFef8n2w_jpg.rf.e548a069b8a85cef8a66d276c52c909d.jpg,1,0,1,0,0,0,1,1,0
video-r68Yr9RPWEp5fW2ZF-frame-013678-dRhMLMiCBwkrqptxk_jpg.rf.e54b1bd65a1cb5caab584d1cf2d52c08.jpg,0,0,1,1,1,0,1,1,0
video-DJYDQTZH7GLCqw3Tx-frame-000000-8Ni3G73bpvi9Thqmj_jpg.rf.e5245bbbb3001c7ecbedc3f3a8e4b09a.jpg,1,0,1,0,0,0,1,1,0
video-PY5tYnNPcGE9WrZuq-frame-002835-MB5r7vYwTtWFxJpzm_jpg.rf.e4cdd42f5aa2084993166a02302dcdea.jpg,0,0,1,0,0,0,1,0,0
video-2rsjnZFyGQGeynfbv-frame-006608-Fdrjy7NoH6sek65Fk_jpg.rf.e552b1b9f0ba749f836b39259745c24e.jpg,0,1,1,0,0,0,0,0,0
video-DJYDQTZH7GLCqw3Tx-frame-005639-MTnTbBMeWTXwyH5xn_jpg.rf.e550f85533083d9dd48b89a252bacb5f.jpg,1,0,1,0,0,0,1,0,0
video-AEZAaF8epmvQv5Nfj-frame-007475-hNtRzGeGEuKw3FgSQ_jpg.rf.e56234bfd9d11e03175c3739b0cbda80.jpg,1,0,1,0,0,0,1,0,0
video-5YffDt2oYT6CDzYHk-frame-001257-PnL7nbbfqQ6QdPQty_jpg.rf.e567b4c794dfe2f8e9d745e927e0aa49.jpg,0,0,1,0,1,0,1,1,0
video-5YuhMWusfM3ZMtvDx-frame-000501-7ZZkLDM6Bf4m64gvA_jpg.rf.e592ad7753d19deece3e78bca2b81cd9.jpg,0,0,0,0,0,0,0,1,0
video-4zQqsnWRwK7SFPpBy-frame-009425-ZCEbmtQ5CAkvmw2j5_jpg.rf.e5cbd567073ab8157e84a7e02fd86f17.jpg,0,0,1,0,0,1,1,1,0
video-Gfv3kbdf5KAYRtPcz-frame-004221-rWXrmjrJwpW3KDjty_jpg.rf.e55711b53743de9360e5e400e66218b3.jpg,1,1,1,1,0,0,1,0,0
video-Bfb39QmAgJQZfE7Pu-frame-025374-6mpupDn8jgS4rHrng_jpg.rf.e58cd78bca09656aeba29f1a3593ce3e.jpg,0,1,1,0,0,1,0,0,0
video-5YuhMWusfM3ZMtvDx-frame-004016-wyyejk96dfjZKzj7n_jpg.rf.e5ea6c6e6fe5a7125cd366ee94300f3c.jpg,0,1,1,0,0,0,1,1,0
video-ZicHYAPRYGdu82nAa-frame-002409-sFaBLWidDcMgwrQ6i_jpg.rf.e5d73dc128793ecb783c04c5ab2d47d6.jpg,0,0,1,0,1,0,1,1,0
video-evnmmkhaqckdxWa9P-frame-000300-Cr6AcuWmqKsSE5jvJ_jpg.rf.e591c794a814c98f410c7cb74e117f89.jpg,0,0,1,0,1,0,0,1,0
video-S5osy2ei487eAM2fw-frame-003608-zENbceQuxvsnsAFqD_jpg.rf.e5c4fd183ca8235c14d3a22bd7d26cca.jpg,0,1,1,0,1,1,1,0,0
video-QvjyFt7jvqczmaoNZ-frame-003984-sCMimAZxTzNLPYYEe_jpg.rf.e5953534cb9fde333f22e6cc931a1522.jpg,1,0,1,0,0,0,1,1,0
video-5YffDt2oYT6CDzYHk-frame-002567-iSj4qhq83LrrnvRMJ_jpg.rf.e5a32308423f60bbf51dcf2912dba4a8.jpg,0,0,1,0,1,0,1,1,0
video-JFiGa9oAAN2queuLt-frame-000270-XaPYS9WR3uRf7hWGH_jpg.rf.e5f65695202cb2c8c8b6114b968ee481.jpg,0,1,1,1,0,0,1,1,0
video-5YffDt2oYT6CDzYHk-frame-000657-56QaDrLT6GwPcrdZi_jpg.rf.e57aba48445a191c257351d926ea9384.jpg,0,0,1,0,1,0,0,1,0
video-r68Yr9RPWEp5fW2ZF-frame-015485-z7QyBNH3Kmgs6LKcm_jpg.rf.e61b270c780940701de2f219a718c3be.jpg,1,0,1,0,1,0,1,0,0
video-BvDJ7TewksQCjCtyN-frame-001441-tHAY3EKQ5q7b3nFSz_jpg.rf.e625b1f52f2bf42979401cff245e0bcc.jpg,0,0,1,0,1,0,1,1,0
video-ELruYFQjkqpZnir29-frame-002636-xpQnQCTTg5kXGvSGG_jpg.rf.e60736d355166aa56d0c3d80018ad34c.jpg,0,0,1,0,0,0,1,1,0
video-ipHbyAv8iW9kmxTGj-frame-001670-MqnEXafMQpHgjMxrg_jpg.rf.e61e0a46a95cb1317755222aebb19ed7.jpg,0,0,1,0,0,0,1,0,0
video-7EPybiwBrzjDKn7TZ-frame-000446-qGvTQHpqyoXGbhG5r_jpg.rf.e6151829bf04a3d3908e6a76f905d258.jpg,1,0,1,0,1,0,1,1,0
video-TTDq3x6HSvFx3YRDH-frame-005011-y8i67txwMwRPKandE_jpg.rf.e5c3926852513295bd788318422a8a72.jpg,0,0,0,0,0,0,1,0,0
video-r68Yr9RPWEp5fW2ZF-frame-006416-CaWuTG9utzSrjk68o_jpg.rf.e6538337097755423548f2455c39a30c.jpg,0,0,1,0,0,0,1,0,0
video-nCxsLGvXK8o25AmXW-frame-000232-nutBJc29Jg7MGcPw6_jpg.rf.e64e838e52e34b22715d7724e297d05d.jpg,0,1,1,0,1,0,0,1,0
video-5An82wT7iBmfZSwx7-frame-000300-WHfcoBczQvrgDferv_jpg.rf.e67485e4317515042b905f24342b4462.jpg,0,0,1,0,1,0,1,1,0
video-EFh9oKSJrkMFW8gtT-frame-005700-3X5f6ao6pPMKEcMGG_jpg.rf.e6328136c52652690c48d209ce77768a.jpg,0,0,1,0,0,0,0,1,0
video-XNM8eHsvxCMJ6peuj-frame-002176-oyNejYrDK5Fbpjnzo_jpg.rf.e6760b869e8117e68b19ab14028e5433.jpg,0,0,1,0,0,0,0,0,0
video-BvDJ7TewksQCjCtyN-frame-000891-TAuJoPre58FKJdbRB_jpg.rf.e684650edad23592ef7a47ec2a140c3e.jpg,0,0,1,0,1,0,1,1,0
video-TTDq3x6HSvFx3YRDH-frame-005041-Wx4cPEr2imJRmBwNg_jpg.rf.e681466c84edc0cd655f2d3fa3c95e8a.jpg,1,0,0,0,0,0,1,1,0
video-DJYDQTZH7GLCqw3Tx-frame-000120-MFRYwgBY4zk5NMv8s_jpg.rf.e6a28f1f0eb580c3519b63394798d5f6.jpg,0,0,1,0,0,0,0,0,0
video-8CvM2BExBLyQFZrK8-frame-000976-ckCSpM5oY3Q4SbnM9_jpg.rf.e6980cfca0e946b51240ab290bbbc838.jpg,1,0,1,0,1,0,1,1,0
video-SyzNY82LYZrhkPH7x-frame-003413-LE2pWC4tYkGtuP4L9_jpg.rf.e6a42224de3cf107bc2eadb434d78e1d.jpg,0,0,1,0,0,0,0,0,0
video-YzRKMLLSDnZLFpPmg-frame-013104-bSahKC6enJXMNyZQm_jpg.rf.e69ac68af85631db1ccfefd32ba5651b.jpg,0,0,0,0,0,0,0,1,0
video-nodg7n2aFzCWFJBnv-frame-007704-m2q7bhj65uGgkjFxK_jpg.rf.e6d714f9676bc6fb93cbf5d664618c34.jpg,0,0,1,0,0,0,0,1,0
video-vbhpsNpMoX2Qbhw2A-frame-001295-vp5SFzyMafyNa7Hfe_jpg.rf.e6cd504659117b569b389ef0bce3cde7.jpg,0,0,1,0,1,0,1,1,0
video-QvjyFt7jvqczmaoNZ-frame-003263-9mm6yCcthPMvvvMoT_jpg.rf.e65bf6cd832db6f82565581c55192c3f.jpg,0,0,1,0,0,0,0,1,0
video-iTrM5ner4KQGLvpdC-frame-004297-NGSRWJQwue3TsxLj2_jpg.rf.e6580bccefd0a39aac25471e3de1a3dd.jpg,0,0,1,0,0,0,0,0,0
video-JFiGa9oAAN2queuLt-frame-000864-jZpDGP56fM3bqb3f6_jpg.rf.e6b5e42e656e578aa2bf0513daf6e208.jpg,0,0,1,0,0,0,1,1,0
video-vvYEi6EdCrYXeHwpD-frame-005508-hdMXfXjg3bZf8ESfC_jpg.rf.e6e51d1b4dd421eef3d526ba69221e09.jpg,0,0,1,0,0,0,0,0,1
video-24ysbPEGoEKKDvRt6-frame-000165-QgFfTTjKQ3vBoek3y_jpg.rf.e6eb82826b2a0cd7b622a5a1b9d87507.jpg,0,0,1,0,1,0,1,1,0
video-5YffDt2oYT6CDzYHk-frame-002427-nbu4Dnz2ZDkYd2FPx_jpg.rf.e67acce26e6b08073066c5e1ef1bb578.jpg,0,0,1,0,1,0,1,1,0
video-GzdKTLbkG5F7gAunM-frame-001263-oeFzFhzDY6bBkfg9x_jpg.rf.e6eeb0f6069ce443274b36735e35dcf1.jpg,0,0,1,0,1,0,1,1,0
video-5v4MPkCMGEKPfroxc-frame-000225-hXgitNANrsS6dzNds_jpg.rf.e6d326cf0310d46cd4b15b982ad88fd7.jpg,0,0,1,1,1,0,1,1,0
video-a9TgkAvMGtM2gXpdj-frame-019345-rFeEbGBLHAxAMYaut_jpg.rf.e6a3e6dab70b14ffbd702100d65f0f22.jpg,0,0,1,0,0,0,1,1,0
video-2Af3dwvs6YPfwSSf6-frame-008700-9p57f9nf23T39gYBR_jpg.rf.e6f3ff50c4c59cc3e3d935fb7522a69e.jpg,0,0,1,0,0,0,0,1,1
video-Gfv3kbdf5KAYRtPcz-frame-004191-YnozbSiTJetZRdTiu_jpg.rf.e6fef53c7b76f8698debbed0959e6851.jpg,1,0,0,0,0,0,1,1,0
video-TEAocgWiwwMWxYtgJ-frame-005229-ewSiSBFkFmNxAMgke_jpg.rf.e6f0f2441e556dad8e959c2c179e5634.jpg,0,0,1,0,0,0,1,1,0
video-JFiGa9oAAN2queuLt-frame-004187-zHQkYEypZgvYcPqCe_jpg.rf.e721ea292f2ea8c48bb32668a29bc397.jpg,0,1,1,1,0,0,1,0,0
video-AEZAaF8epmvQv5Nfj-frame-009529-DbPQonaGEHZdKzXqh_jpg.rf.e72fb3ed45132300cb737a9f1e2340d4.jpg,1,0,1,0,0,0,1,0,0
video-YzRKMLLSDnZLFpPmg-frame-009429-nBxBghDRQhp4edjqT_jpg.rf.e6bb005218218035be3a034aa2ffce93.jpg,0,1,1,0,0,0,0,1,0
video-nodg7n2aFzCWFJBnv-frame-001945-JGkYpMGtzcNySWkuC_jpg.rf.e7329230a0f62d4920da15d3d0c9f60a.jpg,1,0,1,0,0,0,1,0,0
video-5Lwe5DATf4BxKtaiB-frame-001732-ozb4MdXiq4rqgHq2X_jpg.rf.e7076f2cf8d9cfbcb65080ff494a3e8b.jpg,1,0,1,0,0,0,1,0,0
video-49ZHZYTfjWxQXmrQs-frame-000300-tpxP6AjaDtvaCb2EE_jpg.rf.e73bdbd3bb01e3de67ff0f785238e940.jpg,0,0,1,0,0,0,1,1,0
video-AEZAaF8epmvQv5Nfj-frame-016211-yfnZzBKMS4PjkuHCA_jpg.rf.e717d008ee25190727eb7cc974e97a6d.jpg,0,0,1,0,0,0,1,0,0
video-TEAocgWiwwMWxYtgJ-frame-005049-PapaZ7gKocbb9qA4o_jpg.rf.e747c99d8c32fb40d50c5a07bf7ccb71.jpg,0,1,1,0,0,0,1,1,0
video-r68Yr9RPWEp5fW2ZF-frame-013878-BNWbciCS3hAf5YKXS_jpg.rf.e754bf97066072678ad7a9059e7c4c80.jpg,1,0,1,1,1,0,1,1,0
video-aiXLPEvp86raemrsp-frame-006800-PmqH5kf8jJCGBQx9C_jpg.rf.e74ecb76b29d2b1ed2cf6235df41935c.jpg,0,1,1,0,1,0,1,1,0
video-r68Yr9RPWEp5fW2ZF-frame-008693-KPkWBeCwin7SBRJgk_jpg.rf.e767edd7c65952ca5ccb5ccf3587697d.jpg,0,0,1,0,0,0,1,1,0
video-WGCm6DTcSjgg7FgMm-frame-007200-wiPStr6M5JCFj76j5_jpg.rf.e78532f9985b4912b8b7703b33121f31.jpg,0,0,1,0,0,0,0,0,0
video-ipHbyAv8iW9kmxTGj-frame-002270-4vXDcLB4bo8TJjMpg_jpg.rf.e7b89affc54b417ca498ef3dcd00acdf.jpg,0,0,1,0,0,0,0,0,0
video-rnZseY2bPiYhWEF2m-frame-009711-A8N4qcQtx8cvNarZ6_jpg.rf.e7757b40c3380adcba23ec68698d6dfd.jpg,1,0,1,0,1,0,1,0,0
video-bNfjGzbuFRY9NkHKz-frame-000900-CRZ42Wsf6iwoPxjSp_jpg.rf.e7c0cfa0d8bfbf373ad6ac007e4830fe.jpg,0,0,1,0,0,0,0,1,0
video-BjSfmxLQqCGjg8tya-frame-000390-WxW28PrQefcn5534m_jpg.rf.e7942e78378d4c959b51c1387a14b5a9.jpg,0,0,1,0,1,0,1,1,0
video-r68Yr9RPWEp5fW2ZF-frame-000073-F7CsQsogQLbkEx2en_jpg.rf.e7d861447dc491fee0e6492c7c8be72b.jpg,0,0,1,1,1,0,1,1,0
video-5Lwe5DATf4BxKtaiB-frame-001127-anYgt6sQtc2TupGBg_jpg.rf.e7be489dff4147f074d588803593c748.jpg,1,0,1,0,0,0,1,1,0
video-7EPybiwBrzjDKn7TZ-frame-002977-y4iR8yMCpcqGMTbdW_jpg.rf.e7aa00146b19cebc266bb97e10417c00.jpg,1,0,1,0,1,0,1,1,0
video-G6FT88p5kgvAR2Y92-frame-009300-cK4FzucwKoSFvvgKa_jpg.rf.e7c8a3e66eb52dacb6140ca6010c4efe.jpg,0,0,1,0,0,0,0,1,0
video-dpPsuZToLaq9myAK8-frame-003211-ktRwALatKZ8KFymHt_jpg.rf.e7c31d1e47828ffa20f1e04168ab996c.jpg,0,0,1,0,0,0,1,0,0
video-5YuhMWusfM3ZMtvDx-frame-008016-DgpicPRLj4bhRyMz5_jpg.rf.e808456b98492c58656ed66c7d659464.jpg,0,1,1,0,0,0,1,0,1
video-AEZAaF8epmvQv5Nfj-frame-007050-3W63vfdmpK5XyRYqF_jpg.rf.e7dfe14f9705fe13d8cfb3acc7925b12.jpg,1,0,1,0,1,0,1,0,0
video-TTDq3x6HSvFx3YRDH-frame-009698-wehrrQzEHF5bFTZp3_jpg.rf.e824728a5993bace88040b592c355011.jpg,0,0,1,0,0,0,0,1,0
video-AEZAaF8epmvQv5Nfj-frame-016291-Lw9ovu5vNe2YE4eyi_jpg.rf.e819e6bfeb05471c77a6fbe5cccc4f0a.jpg,0,0,1,0,0,0,1,0,0
video-r68Yr9RPWEp5fW2ZF-frame-006676-a8LMNMNGgrXwkzguY_jpg.rf.e838725cd3366600be095d6fb9270faf.jpg,0,0,1,0,0,0,1,1,0
video-ZicHYAPRYGdu82nAa-frame-003606-5fGTmcYhqNC77soFv_jpg.rf.e82cc19b0ba488a5a0f80450f44a7cf1.jpg,1,0,1,1,1,0,1,1,0
video-BjSfmxLQqCGjg8tya-frame-001233-LNscLt485yWRfgqcJ_jpg.rf.e84f158b2d52fc2511de4421c3267c00.jpg,1,0,1,0,1,0,1,1,1
video-jEAhuERdkqBfeTdux-frame-000150-XdLcmpWuXL7ALK39A_jpg.rf.e846cb649e4c3a64f6823866d4185dc6.jpg,0,0,1,0,0,0,1,1,1
video-vbhpsNpMoX2Qbhw2A-frame-001585-rdRb2SFFE9BAJgZaH_jpg.rf.e83ea575e794392853e4af4e5fdaf937.jpg,0,0,1,0,1,0,0,1,0
video-6WgZhpFdCJP3a2cWi-frame-010000-tGkvjRJ7pm32Mvn4a_jpg.rf.e81fe8e7e0172b23fa047b3ed57da42e.jpg,0,1,1,0,1,1,1,1,0
video-qmuvFTzLkR28JMp7r-frame-002830-84HnABXaZtKAwjwbc_jpg.rf.e813b53e643b15093bbf17ba88ed28a7.jpg,0,1,1,0,0,0,0,0,0
video-DJYDQTZH7GLCqw3Tx-frame-004131-vnWaawWz8emeir2iw_jpg.rf.e84a09031d86b18c9b04a78fbb98e5fa.jpg,1,0,1,0,0,1,1,0,0
video-r68Yr9RPWEp5fW2ZF-frame-015655-79t2w3g49vY6BcpM4_jpg.rf.e7ee7dcd6c9dd2c6a33a5b1b01d358c8.jpg,1,0,1,0,1,0,1,0,0
video-GXXqNLCqyu72TLx5i-frame-002093-SAM9GgNErCBkedyxi_jpg.rf.e7fe7cf8b585dd836b8d1979a566c0b7.jpg,0,0,1,0,1,0,1,1,0
video-uSr74imQfjLhADgQZ-frame-002232-KjBePYYaZXMo2QWTK_jpg.rf.e87a4d99f98e967f887e2dc9573d18ff.jpg,0,0,1,0,0,0,1,0,0
video-Bfb39QmAgJQZfE7Pu-frame-023764-JRi8AF8wRZZqsmLyZ_jpg.rf.e878beee40dafa2c561853e04e0e0deb.jpg,0,1,1,0,1,0,1,1,0
video-wGdqQimawNX3RYv76-frame-001800-GzoMY2NoeXHmR8GWW_jpg.rf.e848bb54a814cd4623c540dad14c8418.jpg,0,0,1,0,0,0,0,0,0
video-sEs53HkN6oRqWdeQK-frame-000717-ZkhAekJ5444KWoxhi_jpg.rf.e85fc35451a5801a563827aa01075bd6.jpg,1,0,1,1,1,0,1,1,0
video-Gfv3kbdf5KAYRtPcz-frame-003705-MntfzebCei9kmajYq_jpg.rf.e842590fa85d0718f3ebdaf90b9c2e31.jpg,1,0,1,0,0,0,1,1,0
video-qmuvFTzLkR28JMp7r-frame-000000-Ne4dwS6e8EHMs32Gp_jpg.rf.e87ecd9c531fc26e8c541b4ff18b1920.jpg,0,1,1,0,0,0,0,0,0
video-ZicHYAPRYGdu82nAa-frame-001487-uAA6QxMxeffjJnRzm_jpg.rf.e71f28e72965c33565092d1d0043ccd1.jpg,0,0,1,0,1,0,1,1,0
video-r68Yr9RPWEp5fW2ZF-frame-015575-dqxsJsiqBxZkCjf2g_jpg.rf.e890b0f60c477b5521b83ed416ef6359.jpg,1,0,1,1,1,0,1,0,0
video-Gfv3kbdf5KAYRtPcz-frame-002781-nH8WYuboq6zEZA8K4_jpg.rf.e85272684b88f4cf5d7c99208e997277.jpg,0,0,1,0,0,0,1,1,0
video-8CvM2BExBLyQFZrK8-frame-003936-TLr3kAjAgvS7PGqzq_jpg.rf.e84b57a5e8cdfc3896bd61a112fdb51d.jpg,0,1,1,0,0,0,1,0,0
video-DJYDQTZH7GLCqw3Tx-frame-004141-RaM8LBANAdQyaNWMK_jpg.rf.e8467fb1a87aa9128a77fa2fc1b4d3d9.jpg,1,0,1,0,0,1,1,0,0
video-r68Yr9RPWEp5fW2ZF-frame-007221-rWeL8yPCD4xvv8RfY_jpg.rf.e89359fd1a85c3afac2745b90b5c333d.jpg,0,0,1,0,0,0,1,1,0
video-JFiGa9oAAN2queuLt-frame-001214-8rt3zdmHfacDT36hJ_jpg.rf.e8dcc19b94d96ac8ed7dec428f170971.jpg,1,0,1,1,1,0,1,0,0
video-AEZAaF8epmvQv5Nfj-frame-015501-ChFKknpEQhdjxtRSK_jpg.rf.e8c80024ffaea71f444bdaa3b20a2df1.jpg,0,0,1,0,0,0,1,0,0
video-AEZAaF8epmvQv5Nfj-frame-014781-iYuwuYSstQyT5anjC_jpg.rf.e9343647414dfaffc219a5d0e0561c85.jpg,0,0,1,0,0,0,1,1,0
video-r68Yr9RPWEp5fW2ZF-frame-014670-6wEXqamujEjGEBwt7_jpg.rf.e8ec1e126770f37f0eba7f39ec3c8984.jpg,0,0,1,0,1,0,1,1,0
video-7EPybiwBrzjDKn7TZ-frame-002157-ekxksMeDD5CyRWXkW_jpg.rf.e90d403a8603cdef7f1171651a1deca1.jpg,0,0,1,0,0,0,1,1,0
video-JFiGa9oAAN2queuLt-frame-005407-B6L5vKdQ2PLxdCnnP_jpg.rf.e8ff7a2f135e096783a976c3655befe3.jpg,0,1,1,0,0,0,1,0,0
video-xEYBrQ5tarcDbiw9p-frame-009679-eLdpL6huJZ3ysBQDi_jpg.rf.e903bf41f64a1e246435ed67959e7d50.jpg,1,0,1,0,1,0,1,1,0
video-S5osy2ei487eAM2fw-frame-002628-R6ukk7vKmXyobs5Ru_jpg.rf.e90079c574a4033579f8b6144cafc758.jpg,0,0,1,0,1,1,1,1,0
video-GXXqNLCqyu72TLx5i-frame-001503-XMjibtzXwMKk9KLvq_jpg.rf.e8e155ff2ce617f7ea3b3808effd2735.jpg,0,0,1,0,1,0,1,1,0
video-7EPybiwBrzjDKn7TZ-frame-006680-CNjWudbvXuzhovmak_jpg.rf.e92437584434df93428a16b25165d199.jpg,0,0,1,0,1,0,1,1,0
video-AEZAaF8epmvQv5Nfj-frame-010041-iHafskkjw5pYQrN7A_jpg.rf.e9466b1c66db5ca60460cf0af75f32eb.jpg,0,0,1,0,0,0,1,0,0
video-nodg7n2aFzCWFJBnv-frame-001630-d3Q594wKGmc9nakGY_jpg.rf.e93a33a6995eea6034abb78104aa443b.jpg,1,0,1,0,1,0,1,1,0
video-7yaY3LisuPdNyfZH9-frame-003160-eBGcYC4fYMX9KC2i2_jpg.rf.e9348871f4da220287cb832d5d2bd2ec.jpg,0,0,1,0,1,0,1,0,0
video-sEs53HkN6oRqWdeQK-frame-000657-76A74coiK6Gc8u73f_jpg.rf.e953f6e00abc85d9d7db928bcedb2120.jpg,1,0,1,0,1,0,1,1,0
video-2Af3dwvs6YPfwSSf6-frame-001800-HofHzBofMSt8c48Bi_jpg.rf.e955ff800a1bfea4fce10a23d1995a57.jpg,0,0,1,0,0,0,0,1,1
video-eLrXYzMxSL9NCXiQq-frame-000797-KhdcThcFnhsDZbDFu_jpg.rf.e89dba4621aa609ff59be50f39f9e13e.jpg,0,0,1,0,1,1,1,1,1
video-soRFb9y3iqE3YpJSG-frame-006476-DtRmJNcWvzZf9YJk8_jpg.rf.e93289034c7b202c496f7e1d16df99fc.jpg,0,0,0,0,0,0,0,1,0
video-ZicHYAPRYGdu82nAa-frame-003866-rWJB3ozfkSua5ZyG9_jpg.rf.e9023560d73297ef94672cbc207e74a3.jpg,0,0,1,0,1,0,1,1,0
video-muKWZNM2FxQoStMQh-frame-002264-Zf4v9yvHQaL67ff2Z_jpg.rf.e9552ff38c92e6fdd7d97d5a64fe1775.jpg,0,0,1,0,0,1,0,1,0
video-67ZzTP4GCNj69eNPs-frame-000338-Xx9XvFrzGRwbTRZkg_jpg.rf.e97875b6b7703f119e859abacf4b2db8.jpg,0,0,1,0,0,0,0,1,0
video-GXXqNLCqyu72TLx5i-frame-004539-wpmgrLaKnktqQTehj_jpg.rf.e996d8d1868e544f63a5ff7787aa2867.jpg,1,0,1,1,1,0,1,1,0
video-Gfv3kbdf5KAYRtPcz-frame-002801-63GhbEusYNgfJaPdb_jpg.rf.e99ac6b124599921ea71372f9b945ad9.jpg,0,0,1,0,0,0,1,1,0
video-ELruYFQjkqpZnir29-frame-002726-L9qK2t8gQat8reGn4_jpg.rf.e9d5e3fe3c0a182e5da2b3b4d92a9ebd.jpg,0,0,0,0,0,0,1,1,0
video-jEAhuERdkqBfeTdux-frame-001950-rFzycD3ve2trvBePT_jpg.rf.e9a7b1786f8a099c6be46df67bd31b6b.jpg,0,0,0,0,0,0,0,1,0
video-r68Yr9RPWEp5fW2ZF-frame-006286-xNkKBsmyjYHrfCucG_jpg.rf.ea0728f2466878b3760616fa076f88f1.jpg,0,0,1,0,0,0,1,1,0
video-eLrXYzMxSL9NCXiQq-frame-001193-HwksghHKDtjRksQLN_jpg.rf.e9732b38d2f50ba3dcb54343a95667e9.jpg,0,0,1,0,1,0,1,1,1
video-XNM8eHsvxCMJ6peuj-frame-001120-x4WmQBwtYnSSs6uLz_jpg.rf.e9ce9acfabed4ad6c84c7d759db24b81.jpg,1,0,1,0,0,0,1,0,0
video-iS9cAu6Ms3CXQtY92-frame-002740-kpSKz3sdQsvShNLac_jpg.rf.e9e224b22ff9bd39c339a407355ee2c0.jpg,0,0,1,0,0,0,1,1,0
video-r68Yr9RPWEp5fW2ZF-frame-008493-7YBzW4iTcSNrNqWvz_jpg.rf.e9f3465327c73486eb2f63be2d205193.jpg,0,0,1,0,0,0,1,1,0
video-eLrXYzMxSL9NCXiQq-frame-007168-HYRW7Rx9z6n2KTZeC_jpg.rf.ea26a6f3d052174e53cc39253c1cf5d0.jpg,1,1,1,0,0,0,1,1,0
video-hmsJCeMCWjX2FhxD8-frame-000720-MjFRF4vZehDGKjnnx_jpg.rf.e9a8405bb9fd580204afdf6d911b3075.jpg,0,0,1,0,1,1,1,1,1
video-8CvM2BExBLyQFZrK8-frame-002476-6ZFXhequxY2Bcu74s_jpg.rf.ea3d501713d29f5b0857a6d60f5f157d.jpg,0,1,1,0,1,0,1,1,0
video-DJYDQTZH7GLCqw3Tx-frame-005256-wGpmLcRSSgM9t3jxB_jpg.rf.ea53dbf659d6b88883a796391dff2351.jpg,1,0,1,0,0,0,1,0,0
video-SyzNY82LYZrhkPH7x-frame-003428-CcAewhJuWYger7hup_jpg.rf.ea47e4ff3fbf3cb408080df2bc1cea20.jpg,0,0,1,0,0,0,0,0,0
video-ooW42bEtJrR4gufJr-frame-003000-9S9JfvYs7Bx28y5kL_jpg.rf.ea4e4730e292f5665ddc959bfec43ee6.jpg,0,0,1,0,0,0,1,0,0
video-Gfv3kbdf5KAYRtPcz-frame-003565-wAZ9RQrFPuQLK8FRN_jpg.rf.e9fe11f335fbd77c5adf4804861a188c.jpg,1,0,1,1,0,0,1,1,0
video-86XuF6pPvWfBCqyNt-frame-001941-hLa8vsTdCiuiWGecn_jpg.rf.ea101ec7b41b640f31d1ba91423cb146.jpg,0,0,1,0,0,0,1,1,0
video-5YffDt2oYT6CDzYHk-frame-003709-msJNpG9fbKZbbefQo_jpg.rf.ea5f9ee87aa606364647fd52d8a58288.jpg,0,0,1,0,1,0,0,1,0
video-ooW42bEtJrR4gufJr-frame-003150-FvuCjHk76ars2c6xF_jpg.rf.ea67ea539e632f90d6ff92f5ff4a0955.jpg,0,0,1,0,0,0,0,1,0
video-jNQtRj6NGycZDEXpe-frame-005500-QAQdFuFQ4TCPAJvFT_jpg.rf.ea1c56fd00efa3eddd2d1371048050a0.jpg,0,0,1,0,0,0,1,1,0
video-86XuF6pPvWfBCqyNt-frame-002692-QMtjtW3dNfyqxBdFp_jpg.rf.eaaac79afeae1e6591c613aace813887.jpg,0,1,1,0,1,0,1,1,0
video-2Af3dwvs6YPfwSSf6-frame-002400-dLa6cyhv6z3MJFd2v_jpg.rf.ea85a9e73d0d7badccf35c5022e06bc5.jpg,0,0,1,0,0,0,0,0,0
video-GzdKTLbkG5F7gAunM-frame-001098-j4t4KAYP8MqHvuGai_jpg.rf.ea82c7fd2b8722169b4853fe90bfadfb.jpg,0,0,1,0,1,0,1,1,0
video-SyzNY82LYZrhkPH7x-frame-003578-AGzE5PMAPz3Ng4pto_jpg.rf.eabb7847f0f26cf083997a7b1883f7da.jpg,0,0,1,0,0,0,1,1,0
video-5An82wT7iBmfZSwx7-frame-001138-6vFPQiNcgyLcLiSYs_jpg.rf.eabc1d584da4cde86e618f55c8f4c254.jpg,0,0,1,1,1,0,1,1,0
video-nodg7n2aFzCWFJBnv-frame-001105-9oth7CgWhfj4AavXL_jpg.rf.ea7a0bf79431fa895d0d0a59e39d6b2f.jpg,1,0,1,0,1,0,1,1,0
video-aiXLPEvp86raemrsp-frame-000425-wGgCMScbKPJ58BDv4_jpg.rf.eac61a43d7f515cad86a27d28155ed5c.jpg,1,0,1,0,1,0,1,0,0
video-ZicHYAPRYGdu82nAa-frame-000900-BFivnKzpvGMQC6w8o_jpg.rf.ead33ac90731d6b5559936842c7a77d3.jpg,0,0,1,0,1,0,0,0,0
video-rnZseY2bPiYhWEF2m-frame-000249-PSJB2HzvgsWB7YXGu_jpg.rf.ead03a4e1fcfd37931e6abd49c0b166d.jpg,0,1,1,0,0,0,1,0,0
video-dpPsuZToLaq9myAK8-frame-004749-SQv82jQpg22MXvJvP_jpg.rf.ea45a8ef5babcec525e05fbee3b46ba2.jpg,0,0,1,0,0,0,1,1,0
video-JFiGa9oAAN2queuLt-frame-005187-Ng7Fy3wj73Yzbomsn_jpg.rf.eaf790989018cf8724b5d22aac23b445.jpg,0,1,1,1,0,0,1,0,0
video-rYXSHjnEfuLmjE6Z4-frame-000282-9DsLzj8zDZjuxakRC_jpg.rf.eb08c86b19d12ac4a1473e1af532ea25.jpg,1,0,1,0,0,0,1,0,0
video-BvDJ7TewksQCjCtyN-frame-001086-N77xL4CNDXSastPWd_jpg.rf.ea815e69cf597be94fa20e247028cdd8.jpg,0,0,1,0,1,0,0,1,0
video-ipHbyAv8iW9kmxTGj-frame-005570-c8LgD5nJKNeg4RFcy_jpg.rf.eb2b52cb5a4e49e7bcd505c967ed77df.jpg,0,0,1,0,0,0,0,0,0
video-GXXqNLCqyu72TLx5i-frame-002138-vFC6DPFmZD3kBR7Gt_jpg.rf.eb14a714585e17ffbfd0649980fc49c2.jpg,0,0,1,0,1,0,1,1,0
video-RzCFkE9yg95GWAnYj-frame-001800-3tYbKFpN6ebif7utC_jpg.rf.eb31b45392d588dc2f01b3b2f9592171.jpg,0,0,1,0,0,0,0,0,0
video-vvYEi6EdCrYXeHwpD-frame-013453-YTPLS9eAoxt6kGCxZ_jpg.rf.eb32d3d9d88a35edb3fd1da389705a28.jpg,0,0,1,0,0,0,0,0,1
video-DJYDQTZH7GLCqw3Tx-frame-005246-hnd6wqAaPqQvjXLvN_jpg.rf.eb37644cede42ceedf8d57994a7f3aeb.jpg,1,0,1,0,0,0,1,0,0
video-86XuF6pPvWfBCqyNt-frame-005023-3LgPyiWyTpW487vnK_jpg.rf.eb3bc75215568f7b1a92479b10729ac6.jpg,0,0,1,0,1,0,1,0,0
video-7EPybiwBrzjDKn7TZ-frame-004591-uyi66F5e3SiRnqpv5_jpg.rf.eb43e910f1b1a3c0cad51d7c16cdddf0.jpg,0,0,1,0,0,0,1,0,0
video-hmsJCeMCWjX2FhxD8-frame-000626-FAHxpXvC2Gor76Ezh_jpg.rf.eb47de8867d0e3f8345c1754a7f3d4ed.jpg,1,0,1,0,1,1,1,1,0
video-Gfv3kbdf5KAYRtPcz-frame-001052-cADmakgAxyB8d4S4s_jpg.rf.eb8c86f77c12d8731abdacb503ab6520.jpg,1,0,1,0,0,0,1,1,0
video-soRFb9y3iqE3YpJSG-frame-004772-Sknv6M3gEzH9iZiAZ_jpg.rf.eb68546a1275739beeb14eabf1ded937.jpg,0,0,0,0,0,0,0,0,0
video-vbhpsNpMoX2Qbhw2A-frame-006164-uLQ2PY6v6t5XLE4P5_jpg.rf.eb7046f278c481f3cf0168f1ab46aefd.jpg,0,0,1,0,0,0,0,1,0
video-DJYDQTZH7GLCqw3Tx-frame-004906-ErwWuBYLydbgsync8_jpg.rf.eb978988e2a29aaa3d1d3c1ca73cc915.jpg,0,0,1,0,0,0,1,1,0
video-yNoh5QQAPbR9Afm4i-frame-004003-Lia2rZzaccncmWaEd_jpg.rf.eb8914523ddf2a13a475a213cb1f542e.jpg,1,0,1,0,1,0,1,0,1
video-5An82wT7iBmfZSwx7-frame-001638-X8XrhEBMTm8RkrMT8_jpg.rf.eb4354f2622d422b1411f39a60125fd3.jpg,0,0,1,1,1,0,1,1,0
video-SyzNY82LYZrhkPH7x-frame-002140-wHeYiduGdjzoMEzXA_jpg.rf.eb907a994aed45de6cd9b070ffd48b15.jpg,0,0,1,0,0,0,1,1,0
video-iTrM5ner4KQGLvpdC-frame-001393-248hEHsd4wjLjC7Mr_jpg.rf.eb8fc31143bcab28c026d9e4fdf6217c.jpg,0,1,1,0,1,0,1,1,0
video-8CvM2BExBLyQFZrK8-frame-003322-GHCYrRbSHbCSDsmDn_jpg.rf.eb9a68a8a97f0e2a7e9b7980aed716b6.jpg,0,1,1,0,1,0,1,0,0
video-TEAocgWiwwMWxYtgJ-frame-005079-ZCtXSAwFKnDatzdLo_jpg.rf.eb9beaa4ea60dded02fd843cf90be105.jpg,0,0,1,0,0,0,1,1,0
video-DJYDQTZH7GLCqw3Tx-frame-004331-4iKxCLzT43CzcsQSi_jpg.rf.ebaa1073fcd17e76246867383bc9f530.jpg,1,0,1,0,0,0,1,0,0
video-iTrM5ner4KQGLvpdC-frame-004282-oDeqkPJetoayqZdPQ_jpg.rf.ebb875f609920b9f957828f7d5a3cdf6.jpg,0,0,1,0,0,0,0,1,0
video-DJYDQTZH7GLCqw3Tx-frame-008680-2CarM9LphPJ6qfecf_jpg.rf.eb87423eeb4d9644ecdef23ca93d81ae.jpg,1,0,1,0,1,1,1,0,0
video-yBdrow6zFe5E8uEwn-frame-000860-uYwPJLNj76sFyHW7s_jpg.rf.eb54a0d69fd61941ee4aaa99ed9ca81f.jpg,0,0,1,0,0,0,1,0,0
video-AEZAaF8epmvQv5Nfj-frame-008300-iGrCxbLrxsaynr2ED_jpg.rf.ebba4f90cf3e27ee561998778eb93f07.jpg,0,0,1,1,0,0,1,0,0
video-8CvM2BExBLyQFZrK8-frame-007257-en8jjWZMBt7X285LF_jpg.rf.ebd359d6677ae879afa5b37263304fa7.jpg,0,1,1,0,1,0,1,1,1
video-KTtJnXH7CcPgLeF2G-frame-003683-d3hBu5Cbs6Cnsohz2_jpg.rf.ebca61cde217c81df339571bddafb92f.jpg,0,0,1,0,0,0,1,0,0
video-86XuF6pPvWfBCqyNt-frame-004020-W9Bk8aHfW6xN7p3ow_jpg.rf.ebedcdfcb280de2934fabf804803ba6f.jpg,0,0,1,0,0,0,1,0,0
video-r68Yr9RPWEp5fW2ZF-frame-005936-rZBYJiRntbdm42reS_jpg.rf.ec003da75ac23e25c89eef8770dfc9cc.jpg,1,0,1,0,0,0,1,1,0
video-DJYDQTZH7GLCqw3Tx-frame-007240-9iJwagNkfxmQgo4Z2_jpg.rf.ec1f06fe1c71f4baa847541585dbc132.jpg,1,0,1,0,0,0,1,0,0
video-vbhpsNpMoX2Qbhw2A-frame-006114-74pYjnu9Cx8TYsxvG_jpg.rf.ec27cf0d1bae1b494c425792caa76acd.jpg,0,0,1,0,0,0,0,1,0
video-XNM8eHsvxCMJ6peuj-frame-001190-6g4uGepfN8eSmRAwk_jpg.rf.ec2d2a479753c1fa0844ee24d78cf95f.jpg,0,0,1,0,0,0,1,0,0
video-AEZAaF8epmvQv5Nfj-frame-015981-2fzcCBzcLF8nmSe5d_jpg.rf.ec0100b18b62ae91f3653fcfbd3b6e20.jpg,1,0,1,0,0,0,1,1,0
video-JFiGa9oAAN2queuLt-frame-001154-kfxZbHJREYzJ7n9b3_jpg.rf.ec40525f08c27924ace33328b6e1b255.jpg,1,0,1,0,1,0,1,0,0
video-Bfb39QmAgJQZfE7Pu-frame-018981-zfaG47n6WfoAwSefA_jpg.rf.ec4fb558b11fe3918de366d24f52db55.jpg,0,0,1,0,1,1,1,1,0
video-Gfv3kbdf5KAYRtPcz-frame-002931-yJTpbjGHYZ6AaJ2iP_jpg.rf.ec39ccf913042b8799a5f0fba0eecce3.jpg,1,0,1,0,0,0,1,1,0
video-jNQtRj6NGycZDEXpe-frame-002530-Q6tGqQyA7CgYK8sL7_jpg.rf.ec61283bb87a8b6a87e4ffaf3bc28475.jpg,0,0,1,0,0,0,0,1,0
video-2MbnnGTv27EBLGqiQ-frame-004050-hDjZkCAozvCBMSbge_jpg.rf.ec7f5540a43d7383ea6b7fff1b02ee0e.jpg,0,0,0,0,0,0,1,1,0
video-ZicHYAPRYGdu82nAa-frame-003621-EhtQW8hZyhWnZMrR3_jpg.rf.ec3e05177ad02035100f95574c388b58.jpg,1,0,1,1,1,0,1,1,0
video-5YuhMWusfM3ZMtvDx-frame-002004-ADbTmWAbajajNL8tn_jpg.rf.ec57c735cab4183f2e6df742a62498c2.jpg,1,1,1,0,0,0,1,1,1
video-ELruYFQjkqpZnir29-frame-001681-r8dB36NFe5A2CF73T_jpg.rf.ec6141665fc56cc76735f14f1fc985da.jpg,1,0,1,0,0,0,1,1,0
video-aMQG7QCtJKfnEdue5-frame-000490-FERSKur2DANK756Cs_jpg.rf.ebe65d512dc00956d57a0a05536e42af.jpg,1,0,1,0,1,0,1,1,0
video-vbhpsNpMoX2Qbhw2A-frame-001355-iGvQPPCDcHjrXYGBn_jpg.rf.ec7aab797a2d4f54d87f6facaa06717e.jpg,0,0,1,0,1,0,1,1,0
video-iTrM5ner4KQGLvpdC-frame-003727-ZQgc7Cdn9M8vcSubm_jpg.rf.ec6920abdb708ea27bddd4d6f856ccba.jpg,0,0,1,0,0,0,1,0,0
video-nodg7n2aFzCWFJBnv-frame-003217-XKuLjBLSfgxk5wCzo_jpg.rf.ec62df8b91c2e42a867fb7cd1735566a.jpg,1,0,1,0,1,0,1,1,0
video-JFiGa9oAAN2queuLt-frame-003317-nbHvke2yXDS3dKxyT_jpg.rf.ec895fad609822271b9e415340a5a08d.jpg,0,1,1,1,0,0,1,0,0
video-DJYDQTZH7GLCqw3Tx-frame-007910-F6jbuSYBoh5QTQZuM_jpg.rf.ec8eb4391a8cb51e4cddf9228b49cd3e.jpg,1,0,1,1,0,0,1,0,0
video-JFiGa9oAAN2queuLt-frame-002757-2FBi7rvjFrcqLfL97_jpg.rf.ec9741b9cf8b3cb4b4ed20ac8b17d9c5.jpg,1,1,1,1,0,0,1,0,0
video-ELruYFQjkqpZnir29-frame-002386-gcerEiQgKwPYLLESS_jpg.rf.ec8d0dcdc7a4c47a88e87b8860e33284.jpg,0,0,1,0,0,0,1,1,0
video-mBQmysFvQtPK36MsF-frame-004327-qQhe8CL4n6TZr9dca_jpg.rf.ecacca72acc4736495f66f81a9ed4f81.jpg,1,0,1,0,0,0,1,0,0
video-jNQtRj6NGycZDEXpe-frame-008645-zAFdN3ExSzB3J5G2Z_jpg.rf.eca41c56537534809c10955faf872d18.jpg,0,0,1,0,0,0,1,1,0
video-j884P5ZjKNEm9pq56-frame-001050-yjmCXR2fhmuEDSmcT_jpg.rf.ecacfb115d36f3d048ddcea0f257453f.jpg,0,0,0,0,0,0,0,1,0
video-r68Yr9RPWEp5fW2ZF-frame-000153-zZNTqSpj6ZEXLnqhz_jpg.rf.eca601af5b04789f04ee9e0b4f351469.jpg,0,0,1,0,1,0,1,1,0
video-Bfb39QmAgJQZfE7Pu-frame-012234-WPaQ4oFgCuNHLpy2n_jpg.rf.ecb3314dac2c26505d680c6dbb5a1a30.jpg,0,1,1,0,1,1,1,1,0
video-PY5tYnNPcGE9WrZuq-frame-001701-AAHKXns4v7iEcGvDe_jpg.rf.ecf8815c1de5cc0643f62069bc01494f.jpg,0,0,1,0,0,0,1,0,0
video-AEZAaF8epmvQv5Nfj-frame-015761-CkpcMapNN3Qt8QWZW_jpg.rf.ecba8a06adb752479ab0cac04acad79e.jpg,0,0,1,0,0,0,1,1,0
video-XNM8eHsvxCMJ6peuj-frame-000840-nA2TpYMqxMwGJaAxq_jpg.rf.ecd04b715b43c43d48853bbc44abefde.jpg,0,0,1,0,0,1,1,1,0
video-67ZzTP4GCNj69eNPs-frame-001797-QpjnJDDZvBbfokQJQ_jpg.rf.ed2ead07db07812f25fe4a97c1aa9053.jpg,1,1,1,1,0,0,1,1,0
video-JFiGa9oAAN2queuLt-frame-002907-DrG6zvTEoH79GTAHu_jpg.rf.ed11e9961eeacd8fa49fda29a5688ff7.jpg,0,1,1,1,0,0,1,1,0
video-BjSfmxLQqCGjg8tya-frame-004424-nXQa5E746LiSercxR_jpg.rf.ecb981a52629ca9637aee17328593c83.jpg,1,0,1,1,1,0,1,1,0
video-vbhpsNpMoX2Qbhw2A-frame-001775-74Z2zdZGMXQq9vLAS_jpg.rf.ed09ec10d13924e5121a56dfea5e07d4.jpg,0,0,1,0,1,0,0,1,0
video-5An82wT7iBmfZSwx7-frame-005106-5xMj4FAkzhWRN7oGD_jpg.rf.ed1fcaee1a0fe4b0b504c1a07d3fd996.jpg,1,0,1,0,1,0,1,0,0
video-AEZAaF8epmvQv5Nfj-frame-013660-WxLRyu5FdfXiQt66q_jpg.rf.ed3d01ea841e42384624cd580297beca.jpg,1,0,1,0,0,1,1,0,0
video-BjSfmxLQqCGjg8tya-frame-000195-ybuvv6jcJK6RDCvCm_jpg.rf.ed38c9e81a4525b37da171655e404134.jpg,0,0,1,0,0,0,1,1,0
video-3eAD4KjAqae5iq48L-frame-010556-rZYe2mHR3muQx4oaH_jpg.rf.ed2c9fffa9a6596258e3bcc619ec96eb.jpg,0,1,1,0,1,0,0,0,0
video-ELruYFQjkqpZnir29-frame-002621-e9KqxzXWzznA5Mq9J_jpg.rf.ed3e03470055e0481b89d45b77cd1391.jpg,0,0,1,0,0,0,1,1,0
video-o68zKob2nb8QMktLF-frame-000641-bw32nyDzvtL2KxEt4_jpg.rf.ecf4d9690b098d9f8157fab90c370a48.jpg,0,0,1,1,0,0,0,1,0
video-eLrXYzMxSL9NCXiQq-frame-000132-S72FfDFWftMmG8DpB_jpg.rf.ed53aa98d74921ed17a017bbcf09f213.jpg,0,0,1,0,1,1,1,1,0
video-XNM8eHsvxCMJ6peuj-frame-001664-xyAkSpBnqBcN2FZrB_jpg.rf.ed0166767ea82a133fd90d2be88a9706.jpg,0,1,0,0,1,1,1,1,0
video-WiuWWrsHrJsDcfFzg-frame-008554-NiRLtTHFszhYggZgE_jpg.rf.ed0f70aff4260bb25d71a9c42a188381.jpg,0,0,1,0,1,1,1,1,1
video-AEZAaF8epmvQv5Nfj-frame-015261-qW8mhZ78YzbuhqLEt_jpg.rf.ed190da6a106d12ce7a031c4bddcf4cb.jpg,1,0,1,0,0,0,1,0,0
video-MoCHppHsM4bnncPmS-frame-000871-fHHxQs4n2MA4PeA4f_jpg.rf.ecbd5fa1b495f08900a70034b9cb19e0.jpg,1,0,1,0,1,0,1,1,0
video-67ZzTP4GCNj69eNPs-frame-002589-hpJoiSt8Q73uL8yTZ_jpg.rf.ed5c65ce6591bd4839ccbe6e5d6d92f7.jpg,1,0,1,1,1,0,1,1,0
video-GzdKTLbkG5F7gAunM-frame-001173-dkJPegLQMoycKGGmR_jpg.rf.ed56087af9c039dcc5fde19fa1c7b26d.jpg,0,0,1,0,1,0,1,1,0
video-BjSfmxLQqCGjg8tya-frame-004259-dquYSgZ4rzqYqhtbc_jpg.rf.ed5b612e646e960ef05e6ea2e1a06a0a.jpg,1,1,1,0,1,0,1,1,0
video-S5osy2ei487eAM2fw-frame-002786-BZLzwW79gp5hxn7xb_jpg.rf.ed59f41423493b80ef0462bd54c17a18.jpg,0,0,1,0,1,1,1,1,0
video-G9ZpKLJEKsMheip7b-frame-008250-KXku8foCzQbtX2tg9_jpg.rf.edae95db400c3596858eb1390e5e53f2.jpg,0,0,0,0,0,0,0,1,0
video-86XuF6pPvWfBCqyNt-frame-006085-6Rc7xfddJo5vaHTT7_jpg.rf.ed9c6eac8919792ed7a30806ece4b1cf.jpg,0,0,1,0,1,0,1,1,1
video-DJYDQTZH7GLCqw3Tx-frame-006877-oqhegX5RNx7ndWh7S_jpg.rf.edbd916930000a3a27d9d87c3fb65a70.jpg,1,0,1,0,0,0,1,0,0
video-ZicHYAPRYGdu82nAa-frame-002604-wwvhnNbQR9FHjQim7_jpg.rf.ed93e1934999f16500b00bdcd33d247b.jpg,1,0,1,0,1,0,1,1,0
video-KTtJnXH7CcPgLeF2G-frame-001054-fquRdiw9NmrQYfux8_jpg.rf.edaaa196c61f6f77eaa45e0bc18dd7d0.jpg,0,0,1,0,0,0,1,0,0
video-JnRLAYvPLms37xEzD-frame-003300-domaBy9RWf36MQ4va_jpg.rf.edcf318e55c22704574a3720b1845895.jpg,0,0,1,0,0,0,0,0,0
video-JFiGa9oAAN2queuLt-frame-003557-NA9WDKGBNjdLk2f4u_jpg.rf.ed9494067c6d8b965df0d655f76ad47d.jpg,0,1,1,0,0,0,1,0,0
video-AEZAaF8epmvQv5Nfj-frame-010194-8E6fyRKZzRcbqwA3g_jpg.rf.edb97f8f15ef34f603b7c6f3340827cb.jpg,0,0,1,0,0,0,1,0,0
video-GXXqNLCqyu72TLx5i-frame-003689-obseMDpcYSscN4MBH_jpg.rf.ed9c8d7e05be026da6c6c0de166440fa.jpg,0,0,1,0,1,0,1,0,0
video-3eAD4KjAqae5iq48L-frame-007540-AYgccAZeAeA7WmQje_jpg.rf.ed75122292b0419ca52d72da5c2a72a3.jpg,0,0,1,0,0,1,1,1,0
video-AEZAaF8epmvQv5Nfj-frame-015281-38YqTLWYeXWyLTaC5_jpg.rf.edcac820950af67c283675cb2113ca70.jpg,1,0,1,0,0,0,1,0,0
video-YzRKMLLSDnZLFpPmg-frame-014349-EWa8MLuFcwy5oSF7v_jpg.rf.edc3e0df338eef7de22b784ecdcce2e2.jpg,0,0,1,0,1,0,0,1,1
video-JFiGa9oAAN2queuLt-frame-001074-fPDrZL3K76AsZdcru_jpg.rf.ed9d6d083e8e5469ca726d283441394b.jpg,1,0,1,0,1,0,1,0,0
video-jNQtRj6NGycZDEXpe-frame-000413-c8bgA9tGp5wGnEG9f_jpg.rf.edd42da2aa0d376447ed25317a1a0780.jpg,0,0,1,0,0,0,1,0,0
video-r68Yr9RPWEp5fW2ZF-frame-009583-rYP7jQups692Howft_jpg.rf.edd96fb4c10cfc05dec9a777e73c9d57.jpg,0,0,1,1,0,0,1,1,0
video-JFiGa9oAAN2queuLt-frame-003417-rwFkLHxSCRAyWZMp3_jpg.rf.edf132451ac064dd98feb922f89e8dd4.jpg,0,1,1,0,0,0,1,0,0
video-zNFzcc9wW8XB4QwTa-frame-007691-E3gZQP6ixstQ8ZKNX_jpg.rf.edfa3ad5b17cd4286b7200140bff4606.jpg,0,0,1,0,0,0,1,1,0
video-Gj7ejTPCZZnD5YwPv-frame-000247-Tud6eSNT49hf3hTLA_jpg.rf.edc5fdb7d907d58204aa78bc5a280487.jpg,1,0,1,1,1,0,1,1,0
video-5An82wT7iBmfZSwx7-frame-001363-Ttf8ftsuLBaqsZK94_jpg.rf.ed84e3b638590c358c4016fdce4c8a7b.jpg,0,0,1,1,1,0,1,1,0
video-DJYDQTZH7GLCqw3Tx-frame-008900-oracuHXSpZoCeqnDz_jpg.rf.edfafc46bc5f499bf9b28da4ef4ca167.jpg,1,0,1,0,1,0,1,1,0
video-MoCHppHsM4bnncPmS-frame-002742-r2vqXNzkvmzTZ3oFs_jpg.rf.ed98c62da764da326f24aa4499592902.jpg,1,0,1,0,0,0,1,1,0
video-TEAocgWiwwMWxYtgJ-frame-003274-waxGKYssRcP4WCLXT_jpg.rf.ee1535755fa3d36a0325668e52653bbc.jpg,0,0,1,0,0,0,1,1,0
video-Gfv3kbdf5KAYRtPcz-frame-003515-JhpzDhTzxYKRjiRr3_jpg.rf.ed839756d686e76cf88b21d42dcf3d2a.jpg,1,0,1,0,0,1,1,1,0
video-DJYDQTZH7GLCqw3Tx-frame-004281-27xjTJRXNXDeyDgQZ_jpg.rf.ee1b708d78cfd07e677edc3d7322fb9e.jpg,1,0,1,0,0,0,1,0,0
video-fZKBh7mRSKHjXS2zk-frame-006450-4YMzCM77EPkDquW2i_jpg.rf.ee34d766cabdce792bc53865b7089b6f.jpg,0,0,1,1,1,0,0,1,0
video-r68Yr9RPWEp5fW2ZF-frame-007166-drtiZvGdyM23DCjwB_jpg.rf.ee37bf8f906575df740d559e7b82d641.jpg,0,0,1,0,0,0,1,1,0
video-c3Lxro5s7dbYgdGRp-frame-003036-ehAqpKpqy5YnZeTJY_jpg.rf.ee434db82639ff0d1f183dff7ba513b6.jpg,1,0,0,0,0,0,1,0,0
video-qmuvFTzLkR28JMp7r-frame-002234-HJNo3uzcGKJpu9JDt_jpg.rf.ee42f56a0ad3cc20c10735659cad5f30.jpg,0,0,1,0,0,0,0,1,0
video-wGdqQimawNX3RYv76-frame-010627-rf2NCGXebCPgQHiDJ_jpg.rf.ee207474e598192a743dd0d540316da8.jpg,0,0,1,0,0,0,0,0,0
video-ydbh3ikFGJFieXswZ-frame-000450-7CAPKPJdwKnSJmvXE_jpg.rf.ee44a3f1b347891ab55eb97d0e577aea.jpg,0,0,1,0,0,0,0,0,1
video-AEZAaF8epmvQv5Nfj-frame-016281-Rxzb6wZYqkEvMMyoG_jpg.rf.ee3447f89f979080eee08dd47b1b5aa0.jpg,0,0,1,0,0,0,1,0,0
video-r68Yr9RPWEp5fW2ZF-frame-014470-YhK94rFkEY9uxBz6u_jpg.rf.ee49033b282b5f420ee513b9c3beed24.jpg,0,0,1,0,1,0,1,1,0
video-xEYBrQ5tarcDbiw9p-frame-007479-Dqtiro2povn7fwDPA_jpg.rf.ee474be3c24370074f477075afe71b02.jpg,1,0,1,0,0,0,1,1,0
video-JFiGa9oAAN2queuLt-frame-002807-7wPXoRHg9ryaYPfRw_jpg.rf.ee919cad6fa82cb678e67c0d6d2a5875.jpg,1,1,1,1,0,0,1,1,0
video-iTrM5ner4KQGLvpdC-frame-002962-Gu5usowBLKiCKHgtK_jpg.rf.ee5bae6a1fde87951fc7991390e95c9f.jpg,0,0,1,0,0,0,0,1,0
video-AEZAaF8epmvQv5Nfj-frame-013370-9vxx9LuF3BKq59iiB_jpg.rf.ee7d7781bf5875a5e6117b19ebeab875.jpg,1,0,1,1,0,0,1,1,0
video-rnZseY2bPiYhWEF2m-frame-004980-TtjSZ7rNAnffedATp_jpg.rf.ee8da3ff5ec57ff5f2e9a553525d7d75.jpg,0,0,1,0,1,1,1,0,0
video-sEs53HkN6oRqWdeQK-frame-001850-gk8FhffuXnfwrutWF_jpg.rf.ee4a12e06089653dfa150ce1a4538feb.jpg,1,0,1,0,1,0,1,1,0
video-5An82wT7iBmfZSwx7-frame-005436-Pzy7Zm57LxvzGKb2i_jpg.rf.ee9154194a8eac1189d9751943cdbfd1.jpg,0,0,1,1,1,0,1,0,0
video-aTxg8EcSRQyDvisMX-frame-001424-ECCmz2yCEtp5Ho6ET_jpg.rf.ee9730b2ab2b5f83176ab2332bc5fbac.jpg,0,0,1,0,0,0,0,1,0
video-mBQmysFvQtPK36MsF-frame-001061-2dC6wniGRZuwuSgQS_jpg.rf.ee6c6561cd447b66e48740335e92e06d.jpg,0,0,1,0,0,0,0,1,1
video-S5osy2ei487eAM2fw-frame-001301-RNvZaHJGJE9o4Lqfd_jpg.rf.eea4601e2e47fc7dbe7443f8d5a5e8c9.jpg,0,1,1,0,1,1,1,1,0
video-sEs53HkN6oRqWdeQK-frame-001925-XCg5mjJSnttT46fbN_jpg.rf.eeb4aede651cac2ab1fee5436fec612e.jpg,0,0,1,0,1,0,1,1,0
video-KTtJnXH7CcPgLeF2G-frame-003094-AxDCNfL4h7JGL4wZC_jpg.rf.ee74d12f36c40ba9c6068c3f49439073.jpg,0,0,1,0,0,0,1,0,0
video-5Lwe5DATf4BxKtaiB-frame-001567-mb7jmdzFuCydbTx9o_jpg.rf.eea34f969887895ae94bdd58a5875401.jpg,1,0,1,0,0,0,1,1,0
video-5HPT2goT53ceRpvRm-frame-000765-Li67tKGKFgr5JLJHE_jpg.rf.ee5d445200db927613db3331e3481add.jpg,1,0,1,0,0,0,1,0,0
video-7RdKmtytvKgfNcTNv-frame-004500-jqssxQmxEKc4JsSvs_jpg.rf.eebc8dc4f5b23920ae100e41751ff805.jpg,0,0,1,1,0,0,0,1,0
video-9BBhGg3MKeaChnLjP-frame-002230-krvM6QRLxfgpYB6F3_jpg.rf.eeaec3c05b302bc370aff11a706bf5cc.jpg,0,0,1,0,0,0,0,1,0
video-ELruYFQjkqpZnir29-frame-001711-2xrvyZqy65wAytynq_jpg.rf.eec23102bcd9360f5ddb0557d29a4569.jpg,1,0,1,0,0,0,1,1,0
video-8CvM2BExBLyQFZrK8-frame-001451-rgh7CXmKysv9eJHN3_jpg.rf.eeb75aefcc2dd5fb46060df45e90eb8b.jpg,0,0,1,0,1,0,1,1,0
video-5YffDt2oYT6CDzYHk-frame-001574-ybxGNq2sLDksAqsGq_jpg.rf.eed0ab43638b7faddcc33d9bb4dcb741.jpg,1,0,1,1,1,0,1,1,0
video-QvjyFt7jvqczmaoNZ-frame-000000-ZLpGBsnyzHRjFZJkw_jpg.rf.eee2fea9dea6acd4dbdb20903590f1df.jpg,0,0,1,0,0,0,0,0,0
video-49ZHZYTfjWxQXmrQs-frame-005550-vDT3D4yt48mF374iX_jpg.rf.eeaaa274232f6c783c59b1654987c8e1.jpg,0,0,1,0,0,0,0,0,0
video-jNQtRj6NGycZDEXpe-frame-005200-JaEZ9irvyHwijkc7d_jpg.rf.eeade935d36675a1a322342e24bf810c.jpg,0,0,1,0,0,0,0,1,0
video-aMQG7QCtJKfnEdue5-frame-001466-byy8W6LeuagyzwXji_jpg.rf.ef01910fe5ace48b73e88089971d3264.jpg,0,0,1,0,0,0,1,0,0
video-2SReBn5LtAkL5HMj2-frame-000000-4pJf3hmstdBfTk2Mh_jpg.rf.ef0a298a057e96a35d6c0caf7d7a3eb1.jpg,0,0,1,0,1,1,1,1,0
video-sEs53HkN6oRqWdeQK-frame-000792-aM6XA6LwSfjmf3w5e_jpg.rf.ef142f8d10b1f0594b82216be18e66c4.jpg,1,0,1,0,1,0,1,1,0
video-7EPybiwBrzjDKn7TZ-frame-003397-NPokq97G6wK8NDHfM_jpg.rf.eef04e78c6edd4174516e10ef4418f7c.jpg,1,0,0,0,0,0,1,0,0
video-r68Yr9RPWEp5fW2ZF-frame-009733-DPCQdDNXHcNHbmTWA_jpg.rf.ef2902426eae91b5c27f6066c453f9e9.jpg,0,0,1,0,0,0,1,0,0
video-soRFb9y3iqE3YpJSG-frame-001983-2Nm59Y5zpviZWdC6Q_jpg.rf.eee14c99d52146ae78173d7b08f38b68.jpg,0,0,1,0,0,0,1,1,0
video-dgYrcYcm5G75w2GJc-frame-004706-xkbEEW5xrpuGoZyAr_jpg.rf.eee53b0a97a20f9c3173a8f8d59b7f6f.jpg,0,0,0,0,0,0,1,1,0
video-BvDJ7TewksQCjCtyN-frame-004441-PAZx3psykwg5eXH4d_jpg.rf.ee7bd4561069e37c31c32e9c6d3003cf.jpg,0,0,1,0,0,0,0,1,0
video-DJYDQTZH7GLCqw3Tx-frame-000930-FMZBPC3vtKFMSvk6D_jpg.rf.ef38ff1ccb9dff2ab0964505c39555c3.jpg,0,0,1,0,0,0,1,0,0
video-SyzNY82LYZrhkPH7x-frame-002185-riQGbCNY3xCW6dopk_jpg.rf.ef68a9fe175e146a43e569125195ea47.jpg,0,0,1,0,0,0,0,1,0
video-dgYrcYcm5G75w2GJc-frame-001055-EvGkDQSW83peLiDX7_jpg.rf.eee4d1444cefcbc7794743b547301927.jpg,0,0,1,0,1,0,0,1,1
video-vvYEi6EdCrYXeHwpD-frame-001223-XXkB4G8FkYGCtD4aG_jpg.rf.ef75ef01f0ac392282613f2c06028b6e.jpg,0,0,1,0,0,1,1,1,0
video-aTxg8EcSRQyDvisMX-frame-005340-aeB5Pwc5ZWt9L557M_jpg.rf.ef07bb1ed79cd8ae4e3a256722ec3f12.jpg,0,0,1,0,0,1,1,1,0
video-7EPybiwBrzjDKn7TZ-frame-006725-42ptfB8hQJ7dddMtk_jpg.rf.ef663d67cbcb3c9b084619fbc84a607a.jpg,1,0,1,0,1,0,1,1,0
video-DJYDQTZH7GLCqw3Tx-frame-005539-zPsgSNKomu6vBa2cD_jpg.rf.ef44fdab8c01ed8078c4568e03f93b7e.jpg,1,0,1,0,0,0,1,0,0
video-bMrDdfuGsBBSj3ApB-frame-005100-8BE97grXtQLBppcFq_jpg.rf.ef36ea9e87149bcc04330474c718952b.jpg,0,0,1,0,0,0,0,0,1
video-rYXSHjnEfuLmjE6Z4-frame-000327-7xHaJcL23QG52EmPC_jpg.rf.ef3772adda635893c528b6570355114a.jpg,1,0,1,0,1,0,1,0,0
video-r68Yr9RPWEp5fW2ZF-frame-001616-TZBQe8TNCPNZ8bod3_jpg.rf.eea52f56b887b7c969d7f64633eac21e.jpg,1,0,1,1,1,0,1,1,0
video-GXXqNLCqyu72TLx5i-frame-001602-C7tteqXTtgTKYZXFd_jpg.rf.ef37b12f2c3a095458bf87fb3c818a54.jpg,0,0,1,0,1,0,1,1,0
video-AHWxmA7AFazuCjdrS-frame-002183-yyR27Hg83t7cTu4LZ_jpg.rf.ef81d146d2d19e999ee93642b848f618.jpg,0,0,1,0,0,0,0,1,0
video-5YffDt2oYT6CDzYHk-frame-002487-g7Y9cTw9Lacasgd7o_jpg.rf.ef93288efb6ae841c86b1c1595f52a73.jpg,0,0,1,0,1,0,1,1,0
video-GXXqNLCqyu72TLx5i-frame-004389-RyP9xLZsviuchZWmp_jpg.rf.efc15add58054501814468c73e0e46a6.jpg,0,0,1,0,1,0,1,1,0
video-r68Yr9RPWEp5fW2ZF-frame-006026-pRT35za4h9gyHsr4x_jpg.rf.efa04c3dcb0bd0c441ba956248b68f89.jpg,1,0,1,0,0,0,1,1,0
video-nodg7n2aFzCWFJBnv-frame-002275-WidGs5kARAmHfZndd_jpg.rf.ef2a86187d59f824c88bd5a1e5fa8cb1.jpg,1,0,0,1,0,0,1,1,0
video-ydbh3ikFGJFieXswZ-frame-008550-Be5x79NpZoJDhJmyT_jpg.rf.efa23af09dd4fd752c4f2d8d31d9610b.jpg,0,0,1,0,0,0,0,0,0
video-DJYDQTZH7GLCqw3Tx-frame-005449-kBtB5pM6tZXPBRNfC_jpg.rf.ef7e7e95d52f86cad66331bd809f9935.jpg,1,0,1,1,0,0,1,0,0
video-RzCFkE9yg95GWAnYj-frame-003900-QJpHAuFhvxGLME6cD_jpg.rf.efb4e5ab50eff7ffff3455271cc94704.jpg,0,0,1,0,0,0,0,1,0
video-67ZzTP4GCNj69eNPs-frame-002629-E886DwphafvD9o8nQ_jpg.rf.ef916bdcc3b9070270babe3d8ae50218.jpg,1,0,1,1,1,0,0,1,0
video-yBdrow6zFe5E8uEwn-frame-013330-Rm5FW8Q7W6Bu6hfWo_jpg.rf.efc35da08b54a49b47e17a11cc0d9f74.jpg,1,0,1,0,1,0,1,1,1
video-GXXqNLCqyu72TLx5i-frame-001557-xWhMZ8hQ72RddTv6Q_jpg.rf.efeb45d72eafabb0f64dff074f03ec46.jpg,0,0,1,1,1,0,1,1,0
video-r68Yr9RPWEp5fW2ZF-frame-008653-SqqbZuRNYa7cj6ngW_jpg.rf.efdac13647f9f46bbd13cd6fc3848f15.jpg,0,0,1,0,0,0,1,1,0
video-r68Yr9RPWEp5fW2ZF-frame-002956-ZCceEpRuWpSyAa3mW_jpg.rf.efe0a00c495f8db1d66e53b725726ce6.jpg,0,0,1,0,1,0,1,1,0
video-kZvY7NeD8kA7PiMWX-frame-008864-yTnTGNxGAHnwGQPvK_jpg.rf.f00c7b9c10a608772c7edc766fa55616.jpg,0,1,1,0,0,0,0,0,0
video-DJYDQTZH7GLCqw3Tx-frame-002444-NWP6ahdaKCgTKCpZ8_jpg.rf.effaa06c14bcedf074cd4c3cde71b3a5.jpg,1,0,1,0,0,0,1,1,0
video-YzRKMLLSDnZLFpPmg-frame-009009-9BA62qadhmjh43mMK_jpg.rf.efb4b3b4ba585d6a361513fecc552cec.jpg,0,1,1,0,0,0,0,1,0
video-XCJD9qhzXNoZCn37i-frame-018935-8HgK3uct83mtJsNm4_jpg.rf.f0137c2c2d77285fc71d9b41db6cfe94.jpg,0,0,1,0,1,1,1,0,0
video-5Lwe5DATf4BxKtaiB-frame-001172-v5CbkucHJuJ2EMxop_jpg.rf.f012fd9857c4c9c80156d5a2cc1e404f.jpg,1,0,1,0,0,0,1,1,0
video-muKWZNM2FxQoStMQh-frame-002051-uLaeETNGbCiWzWyTq_jpg.rf.f02d63de61fbd3d8be0cd862d8686df8.jpg,0,0,1,0,0,0,1,1,0
video-o9b92aG9EbJnkJEwF-frame-004416-Y9f34DZzxYBKRCZc7_jpg.rf.f0332cbd612b1a4128310968b536c6a6.jpg,0,0,1,0,1,0,1,1,0
video-vbhpsNpMoX2Qbhw2A-frame-001695-QADWGP5JyqBTvm3Ff_jpg.rf.f03e345455a9a8ee069faaaebef6ba6f.jpg,0,0,1,0,1,0,0,1,0
video-QvjyFt7jvqczmaoNZ-frame-001800-wQc2jkWxTEy7o4Gfh_jpg.rf.f0528e9e0f50a61d87b9e367cee2e3f8.jpg,0,0,1,0,0,0,0,1,0
video-r68Yr9RPWEp5fW2ZF-frame-015755-GzyNQuPfZZqhbqjBM_jpg.rf.f035dfb600c2064fe9b1ec0247427a00.jpg,1,0,1,0,1,0,1,0,0
video-ooW42bEtJrR4gufJr-frame-006450-fcBWQZBTmhLKxdBBj_jpg.rf.f05a892d9e39d3e94c910653aa3722cb.jpg,0,0,1,0,0,0,0,1,0
video-YzRKMLLSDnZLFpPmg-frame-003689-HKke897JBGPPa4Mp7_jpg.rf.f0b41db190e7eccec90df02212eddf79.jpg,0,1,1,0,0,0,0,0,0
video-GXXqNLCqyu72TLx5i-frame-002839-NeCcLLEJYCynraHiL_jpg.rf.f077574b5a0e2f3d94961da5e64b34df.jpg,0,0,1,0,1,0,1,1,0
video-vvYEi6EdCrYXeHwpD-frame-006120-Qbnh5kshRL92a72nA_jpg.rf.f0c79811f69ee752b27d205c444b1a05.jpg,0,1,1,0,0,0,0,1,1
video-Gfv3kbdf5KAYRtPcz-frame-002761-3LiPSetaDCKuPPP7p_jpg.rf.f092b6aa5a2ea109830b5dd335d46f5c.jpg,0,0,1,0,0,0,1,1,0
video-QvjyFt7jvqczmaoNZ-frame-003113-hvo7RgW3FG2RF7eQn_jpg.rf.f09dfae1332b47215866b193688f2769.jpg,0,0,1,0,0,0,0,1,0
video-KTtJnXH7CcPgLeF2G-frame-005201-R4yjfqcpqJ92WK9ya_jpg.rf.f0cd8864833f04f08ae6879aebf37e3b.jpg,0,0,1,0,0,0,0,1,0
video-Gfv3kbdf5KAYRtPcz-frame-003525-8W7YcoJbW9c9xcXvw_jpg.rf.f0eec51fed388fee4a3310a2681777d6.jpg,1,0,1,1,0,0,1,1,0
video-nCxsLGvXK8o25AmXW-frame-002175-cZzQXqjuHyJe97Ccg_jpg.rf.f0f5a0ab7ae70e889825e03a59fedfa4.jpg,0,0,1,0,1,0,1,1,0
video-nodg7n2aFzCWFJBnv-frame-001795-Lg3ke6spGyz8QhRmB_jpg.rf.f0cbcf60ba9f2445ae8d9075eec4773e.jpg,1,0,1,0,1,0,1,0,0
video-wGdqQimawNX3RYv76-frame-003000-pGLuqqx7Bxy2swNif_jpg.rf.f1252c42dfd437fbf245edc3506edd06.jpg,0,0,1,0,0,0,0,1,0
video-5YffDt2oYT6CDzYHk-frame-001395-WeqYtiPJu8yt7fk6n_jpg.rf.f0ff0b2bc0dfdae4d2667b766d3ead82.jpg,0,0,1,1,1,0,1,1,0
video-86XuF6pPvWfBCqyNt-frame-004035-WPvDwqSoRP9BFywem_jpg.rf.f0f5b8406dae242f4ee7fd9c33daa574.jpg,0,0,1,0,0,0,1,0,0
video-iFWh9r9TJWmTzTrha-frame-006424-A45gDwfheLJifpB6i_jpg.rf.f0f85a9e702fc44f0123871461610a8f.jpg,1,0,1,0,0,0,1,0,0
video-SyzNY82LYZrhkPH7x-frame-000818-HeGBRP7hZmwCJaa2P_jpg.rf.f16bbcaa3d52dc3fe47be37937d83e9f.jpg,0,0,1,0,0,0,0,1,0
video-Gfv3kbdf5KAYRtPcz-frame-003061-enum8hxC3XoyZL3Xy_jpg.rf.f1a554b0fdc9e8377fd5c8df0b8b5dc4.jpg,1,0,1,0,0,0,1,1,0
video-TTDq3x6HSvFx3YRDH-frame-000495-8aXp8MeNxp4mQvYbj_jpg.rf.f12e4289aec3e825650d93f54272e1fd.jpg,0,0,1,0,0,0,1,1,0
video-ipHbyAv8iW9kmxTGj-frame-005870-TkpSe2ex4Xtpk2s3F_jpg.rf.f191875ff66f616324bf7686789c4669.jpg,0,0,1,0,0,0,0,0,0
video-5An82wT7iBmfZSwx7-frame-000734-qhr8qs7WxKi2yEfsv_jpg.rf.f0e16556470f6b083da856857c6b3e6c.jpg,0,0,1,0,1,0,1,1,0
video-5YffDt2oYT6CDzYHk-frame-002607-fWPcNaHBZ2hKXdbH8_jpg.rf.f18730a7008a03f64c57a7092e987d81.jpg,0,0,1,0,1,0,1,1,0
video-sEs53HkN6oRqWdeQK-frame-002917-QRSbgRDvePxR7dzF4_jpg.rf.f1b00c1e77618056e47b647d23a27e03.jpg,1,0,1,0,0,0,1,1,0
video-KTtJnXH7CcPgLeF2G-frame-003003-jTXc5xXbiRkoMfH4y_jpg.rf.f1944650bf5230b683c27e4fa0fecbf4.jpg,0,0,1,0,0,0,1,0,0
video-S5osy2ei487eAM2fw-frame-002532-oST375GZysS79avjZ_jpg.rf.f11641ddd1152209e3d4c33ec4a12789.jpg,1,1,1,0,0,1,1,1,0
video-r68Yr9RPWEp5fW2ZF-frame-013628-N7YwceyFgRe7g4mph_jpg.rf.f1db8c02c41cf8a989fb4174f8166737.jpg,0,0,1,0,1,0,1,1,0
video-JFiGa9oAAN2queuLt-frame-005047-35fqovjH349xBbm5m_jpg.rf.f1dd136cc0a138028218ca34b70d6c51.jpg,0,1,1,1,0,0,1,0,0
video-4KhLCjoeEmjGBaRLQ-frame-002070-hhB6xeM7JAECHGqxs_jpg.rf.f1b529044ba90cb0a88f6455bc8b3690.jpg,0,0,1,0,0,0,0,1,0
video-aktbgSQhAxvb8arnx-frame-001200-ojqyL2hsZ8t5QjLgS_jpg.rf.f163205c5b8caf7f98516f416b0bee0e.jpg,0,0,1,0,0,0,1,1,0
video-5An82wT7iBmfZSwx7-frame-000330-EHiCnf8dvJ8y8GkDw_jpg.rf.f1e3d6cae0659e29af712e756191726e.jpg,0,0,1,0,1,0,1,1,0
video-TTDq3x6HSvFx3YRDH-frame-004921-YcrhmJG5Pax8a2nRM_jpg.rf.f1ed8353e777c74ecac90b83b16a0080.jpg,0,0,0,0,0,0,1,0,0
video-ELruYFQjkqpZnir29-frame-000900-8eQDsmnLKiAkosRjt_jpg.rf.f1e428df73f83ff2d94851f02995b11c.jpg,0,0,1,0,0,0,0,1,1
video-iFWh9r9TJWmTzTrha-frame-002513-rc9DGDsGpQtBvpBtd_jpg.rf.f1f9b30e9976ed5a079597c9f605f35c.jpg,0,0,1,0,1,0,0,1,0
video-TTDq3x6HSvFx3YRDH-frame-009098-7ZY6vAGRaecbWATn8_jpg.rf.f215ab68b4215d04aa10e2f60b618b6f.jpg,0,0,1,0,0,0,1,1,0
video-wGdqQimawNX3RYv76-frame-009127-2bNgrRG36NWsobP6r_jpg.rf.f24ba6a0f48bc42ec70b071f39e7652d.jpg,0,0,1,0,0,0,1,0,0
video-G9ZpKLJEKsMheip7b-frame-001950-um7aKzjg4BG2v7auo_jpg.rf.f1fb2fe3bc41cd33df464877f9f33721.jpg,0,0,0,0,0,0,0,1,0
video-67ZzTP4GCNj69eNPs-frame-002006-iMgb5ZutXC9FzPGJT_jpg.rf.f231eb6938d905c70ec8a73f8e7ee5e2.jpg,1,0,1,1,1,0,1,1,0
video-nCxsLGvXK8o25AmXW-frame-008307-rBfyERX66ZBJiBqNy_jpg.rf.f2355f2b41da0fcec8c03f80e72829c0.jpg,0,0,1,0,0,0,0,1,0
video-QvjyFt7jvqczmaoNZ-frame-003143-umhpvB9EAG5gd4pQi_jpg.rf.f232a4955ae713a28f11a793b9e91718.jpg,0,0,1,0,0,0,1,1,0
video-aTxg8EcSRQyDvisMX-frame-004394-bSzYGvo6fA3PfAnZP_jpg.rf.f210bcdaff4d1ca9fe168d24cd8c0cc2.jpg,0,0,1,0,0,1,1,0,0
video-G9ZpKLJEKsMheip7b-frame-006300-prsEtA8anKQueRnyR_jpg.rf.f24febc415139cc44c67d7a2775d5f46.jpg,0,0,1,0,0,0,0,1,0
video-Gfv3kbdf5KAYRtPcz-frame-000942-9kwe4WiogTZS6T3ZR_jpg.rf.f24930e6ec12e6f87b58653fb7c07943.jpg,0,0,1,1,0,0,1,1,0
video-r68Yr9RPWEp5fW2ZF-frame-014840-duMcdYHJTe3c6MqB7_jpg.rf.f25d2ac3f6a623c95b06de0ba774bc7f.jpg,1,0,1,0,1,0,1,0,0
video-ipHbyAv8iW9kmxTGj-frame-006470-jNPdeunCrknzXqLoK_jpg.rf.f2652e757e6899543c521bbee8208fcd.jpg,0,0,1,0,0,0,0,0,0
video-jNQtRj6NGycZDEXpe-frame-014846-cjkKLxwmPCL8fKmdz_jpg.rf.f28184f014aba1b24b46a20556d4e2e8.jpg,0,0,1,0,0,0,1,1,0
video-r68Yr9RPWEp5fW2ZF-frame-001816-7JDfmBKxKKmonvwFy_jpg.rf.f236555ddb5ba3a067bc5637b6fcf6c2.jpg,1,0,1,1,1,0,1,0,0
video-Bfb39QmAgJQZfE7Pu-frame-009884-7fGPYGwyPPGa6cPcL_jpg.rf.f28c7baada3ca2cf3e36ae53cba51ac8.jpg,0,0,1,0,0,0,0,1,0
video-fg5eBhFE7kHyXPtBi-frame-001263-GfQ6fcnQ7vqEuNr7Q_jpg.rf.f2b01fee220ab814389b57a0f13a7fe2.jpg,1,0,1,0,1,0,1,1,0
video-ELruYFQjkqpZnir29-frame-001621-YT5rMqNAhcjMr2c9a_jpg.rf.f2c9f9486bad890027a5db5167411a92.jpg,1,0,1,0,0,0,1,1,0
video-r68Yr9RPWEp5fW2ZF-frame-009133-xhGMd94YhzGXJWDF5_jpg.rf.f29e5c6881d0940501cf849728b9b24c.jpg,0,0,1,1,0,0,1,1,0
video-aMQG7QCtJKfnEdue5-frame-001346-cHKFyKQ8KuEKtbHeL_jpg.rf.f26a4d508596a43c5413c826a5bdd1fd.jpg,0,0,1,0,0,0,1,0,0
video-5YffDt2oYT6CDzYHk-frame-003889-A8JWztipDBo9wmz5y_jpg.rf.f24ce93de32c33dc64a17cad25c1c71b.jpg,0,0,1,0,1,0,1,1,0
video-BjSfmxLQqCGjg8tya-frame-001248-xytL9HdjDAafDgwQ8_jpg.rf.f227c197df76d441439e8dc97c3809d5.jpg,1,0,1,0,1,0,1,1,1
video-r68Yr9RPWEp5fW2ZF-frame-002736-PZe9hpFMiGKzmDjGE_jpg.rf.f234188820a2a955df5c0d7240c4bdce.jpg,1,0,1,0,1,0,1,0,0
video-r68Yr9RPWEp5fW2ZF-frame-006356-xf8QKHyCqGWTwQNQN_jpg.rf.f26575ca72709f6a49f5690633d3d536.jpg,0,0,1,0,0,0,1,1,0
video-FWQff8BQpTRSt9hfA-frame-007050-NvwgoHAf9XEaDkKRy_jpg.rf.f2df0b70f953c3aca18e364619d3e8de.jpg,0,0,1,0,0,0,0,1,0
video-7EPybiwBrzjDKn7TZ-frame-002052-pttp3v9ctDHPifKbw_jpg.rf.f2e0ca0405d3d369a78d45af14c54d49.jpg,0,0,1,0,0,0,1,1,0
video-67ZzTP4GCNj69eNPs-frame-002619-4ARHuJE34joWvinBM_jpg.rf.f2f7bb02c8fb797cd5a2f9936ff35252.jpg,1,0,1,1,1,0,1,1,0
video-aTxg8EcSRQyDvisMX-frame-002314-Mo7i7WL3LjPW82ENk_jpg.rf.f23ab530d81f12ec765a439f8b5a0ce2.jpg,0,0,1,0,1,0,1,1,0
video-GXXqNLCqyu72TLx5i-frame-005131-c86K2xWWNSSnq4H7W_jpg.rf.f31051127c4c22f73d42eabb4ac58e83.jpg,1,0,1,0,1,1,1,0,0
video-yNoh5QQAPbR9Afm4i-frame-001571-E6KJwfrJFRrSXmMps_jpg.rf.f2cb1832f9747f6685bc0a28a3b33b53.jpg,0,1,1,0,1,1,1,1,0
video-evnmmkhaqckdxWa9P-frame-001591-yYQSCmdXuSZZvtsK7_jpg.rf.f2ee38820734a41590ccbff138a699be.jpg,1,0,1,0,1,0,1,1,0
video-8CvM2BExBLyQFZrK8-frame-001726-hCKREJKG2qqsD4iAE_jpg.rf.f34773361d6d814d727b2ce208f7a48c.jpg,0,0,1,0,0,0,1,1,0
video-bk2x9u9JivsWRS9Nk-frame-008502-mmXhEe4MTDCu2KonD_jpg.rf.f298c225dbfa844a58ba15daf9464946.jpg,0,0,1,0,1,0,1,1,0
video-vbhpsNpMoX2Qbhw2A-frame-001755-APkpR44rsP2qaHXjm_jpg.rf.f310ef88fa7c5e34aff9380b246f98f6.jpg,0,0,1,0,1,0,0,1,0
video-DJYDQTZH7GLCqw3Tx-frame-008130-XaJxko2LqM6EtvoHY_jpg.rf.f31a33afa627309d572e46007c3e902b.jpg,0,0,1,0,0,0,1,1,0
video-JFiGa9oAAN2queuLt-frame-005217-wXiwWYhfGEP9z6zae_jpg.rf.f32d3fc96099185abf963df9dea58e2c.jpg,0,1,1,0,0,0,1,0,0
video-muKWZNM2FxQoStMQh-frame-002349-TfYuu55wSdJFLYTbk_jpg.rf.f327d31c3057567e92b9fcdc4134606d.jpg,0,0,1,0,0,0,0,1,1
video-DJYDQTZH7GLCqw3Tx-frame-007037-teBXcSLoSpjGEWc6u_jpg.rf.f358ebce3e6c072642a04671a85068ad.jpg,1,0,1,0,0,0,1,1,0
video-fg5eBhFE7kHyXPtBi-frame-003173-NqxR4PiiRgcgQT2iT_jpg.rf.f34cf0948e184eb6bf05a708c653e87b.jpg,0,0,1,0,1,0,0,1,0
video-JFiGa9oAAN2queuLt-frame-004157-g3sTT3a8gE4Si46S9_jpg.rf.f2d638446c48f9acbacf0acd854e0d2f.jpg,0,1,1,0,0,0,1,0,0
video-AEZAaF8epmvQv5Nfj-frame-009771-ts7XNbrTAqLjNKZf3_jpg.rf.f33ab1a7232ad392e47248174959dd1f.jpg,0,0,1,0,0,0,1,0,0
video-24ysbPEGoEKKDvRt6-frame-000660-cN4m9jJRQpSbXfi79_jpg.rf.f3304ed0e8ee46046a6c5c12edda555a.jpg,1,0,1,0,0,0,1,1,0
video-2rsjnZFyGQGeynfbv-frame-002060-TFEkdfG2s4y7oYkBP_jpg.rf.f36be99b708a3061f6fdb2a96ada096b.jpg,0,0,1,0,0,0,1,0,0
video-QvjyFt7jvqczmaoNZ-frame-003203-HSR3YYkYCBRssXhRh_jpg.rf.f29ccb33972fb90775ff35cfd552f399.jpg,0,0,1,0,0,0,0,1,0
video-DJYDQTZH7GLCqw3Tx-frame-005469-vYt9J3fcFoBphNegs_jpg.rf.f3b31e46daf6b3e2922eb94f578be6bd.jpg,1,0,1,1,0,0,1,0,0
video-FpPLvkRLgQbgG7A7n-frame-003300-8L5xdAdFJDNWd4Hsz_jpg.rf.f39fb073429ec200f1d4a5d03d6a9c09.jpg,0,0,1,0,0,0,0,0,0
video-3eAD4KjAqae5iq48L-frame-007163-BXgWPPbuGRhbXp4bM_jpg.rf.f3075ce2f07c6fc33d74d7ca5d41a784.jpg,1,0,1,0,0,0,1,0,0
video-5YffDt2oYT6CDzYHk-frame-003729-7nepxg25N4A2SDoYg_jpg.rf.f363a354b5cc4af7be5d589426fd49eb.jpg,0,0,1,0,1,0,0,1,0
video-r68Yr9RPWEp5fW2ZF-frame-002696-8HK7GNRsvFe5FdZdF_jpg.rf.f39a241f620910479bc60ba5a751ecec.jpg,1,0,1,0,1,0,1,0,0
video-iTrM5ner4KQGLvpdC-frame-001438-JBmz2w8XQgnTp2m2i_jpg.rf.f315f874d236fc9700687d807bc05d5e.jpg,0,0,1,0,0,0,0,1,0
video-7EPybiwBrzjDKn7TZ-frame-006665-8krJGePHzwMm8rNzx_jpg.rf.f4077874d5a81202589a0909d976a140.jpg,1,0,1,0,1,0,1,1,0
video-BjSfmxLQqCGjg8tya-frame-004833-qPGQatKZ7uWGyYRjT_jpg.rf.f3b4c842dd90c5b17c818bf83d01ea53.jpg,1,0,1,0,0,0,1,1,0
video-vvYEi6EdCrYXeHwpD-frame-003060-k5PZTTpJixDeg9dS9_jpg.rf.f4132eb119bc921403319cf08166c989.jpg,0,0,1,0,0,0,0,1,0
video-8CvM2BExBLyQFZrK8-frame-001047-pRHeijN9cQj9eL2YE_jpg.rf.f4267c4dc1a921872910446d43918e1d.jpg,0,0,1,0,1,1,1,1,0
video-aiXLPEvp86raemrsp-frame-001484-DQMyBXQmSQNHteFGg_jpg.rf.f4380758b04764634af8e13871b72b0f.jpg,0,1,1,0,1,0,1,1,1
video-TTDq3x6HSvFx3YRDH-frame-005968-DzLBEnxMLR7ACZkW9_jpg.rf.f413195bd9fa848152b4cdc6e9748dd9.jpg,0,0,1,0,0,0,1,0,0
video-rYXSHjnEfuLmjE6Z4-frame-000792-EmMZ7CSCTZ3ZyP78m_jpg.rf.f4660c145483dfc0e68208e331d5da70.jpg,1,0,1,0,1,0,1,0,0
video-AEZAaF8epmvQv5Nfj-frame-015101-nsGgjasX92eJWExEL_jpg.rf.f42d63c3537b7bc4f038142b55d8ba34.jpg,1,0,1,0,0,0,1,0,0
video-DJYDQTZH7GLCqw3Tx-frame-003701-YykfbyH8LappPgQZB_jpg.rf.f4539e869c73fbb7d24c76c6282cd3fd.jpg,1,0,1,0,0,0,1,1,0
video-bMrDdfuGsBBSj3ApB-frame-003000-ZXMWe848htJpJYiJj_jpg.rf.f471ab102404f06cf5c09d5fded987cc.jpg,0,0,1,0,0,0,0,1,0
video-nodg7n2aFzCWFJBnv-frame-003774-3HA9LPzmhw9vk7pDy_jpg.rf.f4adc605f2a9a730b35a56c50b2650ab.jpg,1,0,1,0,1,0,1,0,0
video-AEZAaF8epmvQv5Nfj-frame-010234-L5kuBwRbHbCncwvn3_jpg.rf.f471fcfe67a09af1451a7fd1e17cef5b.jpg,0,0,1,0,0,0,1,0,0
video-S5osy2ei487eAM2fw-frame-002269-59SpeQ8z4NAk9FLBN_jpg.rf.f440d60b73358446abb7ba36e798ce3e.jpg,1,0,1,0,1,1,1,0,0
video-BjSfmxLQqCGjg8tya-frame-003926-PxXQ8npDQeNh9nHMm_jpg.rf.f37663c5bbb6fa4fafc88320da320f3d.jpg,1,1,1,0,1,1,1,1,0
video-vbhpsNpMoX2Qbhw2A-frame-005984-4Zkem5HruF3jDd82c_jpg.rf.f48ea5916b07d3e91cadcccd1c9c6dce.jpg,0,0,1,0,0,0,0,1,0
video-r68Yr9RPWEp5fW2ZF-frame-002606-SXepiv8AJEyJGubGu_jpg.rf.f4b290b2cf9979c89f261af501473074.jpg,1,0,1,0,1,0,1,1,0
video-xEYBrQ5tarcDbiw9p-frame-005808-5guuP4fggGaZQPaz3_jpg.rf.f483c35ef91a0c9e3ba9ab0caca53c7e.jpg,1,0,1,0,0,0,1,1,0
video-GXXqNLCqyu72TLx5i-frame-000867-xhF6uD8qgbM5NH4Qo_jpg.rf.f4bbc8423b005a12d242e0c47b213e0e.jpg,0,0,1,0,0,0,1,0,0
video-ZicHYAPRYGdu82nAa-frame-002469-7xwtAFNBRGMRZe5PP_jpg.rf.f4dd3b985ddec803c765be3762e15124.jpg,0,0,1,0,1,0,1,1,0
video-JFiGa9oAAN2queuLt-frame-000874-bWA4CRY7i7gup5trJ_jpg.rf.f4e2c0f1d54d447aec586b2f42023048.jpg,0,0,1,0,0,0,1,1,0
video-GXXqNLCqyu72TLx5i-frame-003599-mcMCSmHs7RS6jwkTk_jpg.rf.f4bb4bf9ab6c393457de72dfa758d5a1.jpg,0,0,1,0,1,0,1,1,0
video-nCxsLGvXK8o25AmXW-frame-002100-bAGJ3anJZFzeh8t4d_jpg.rf.f4cec2cd4071c158cec9a1a1b2d90fff.jpg,0,0,0,0,1,0,1,1,1
video-c3Lxro5s7dbYgdGRp-frame-002119-3DErP7z64YbNRWQgJ_jpg.rf.f50af7be777af7e343379a54403404c8.jpg,0,0,1,0,0,0,1,0,0
video-5An82wT7iBmfZSwx7-frame-002692-ZWZswyPt8PtjhCRST_jpg.rf.f4dd10c0111e92b4a81ee96906e8d90e.jpg,1,0,1,0,0,0,1,1,0
video-GMDwNs5TdqejpF4vu-frame-000828-wPbp9TCJDKjFGM7Ny_jpg.rf.f4da69bbf7edd2bb4c42c56dd00bde7c.jpg,0,0,1,0,0,0,1,1,0
video-r68Yr9RPWEp5fW2ZF-frame-014550-Ts7c5BuqDtqv5aJxH_jpg.rf.f4d20282880e9f73d320ff1dc03c068d.jpg,0,0,1,0,1,0,1,1,0
video-aMQG7QCtJKfnEdue5-frame-003188-tCYHLc58CgLyTXrok_jpg.rf.f5392adb0139f5f6356c899af04cf3b1.jpg,0,0,1,0,0,0,1,0,0
video-XCJD9qhzXNoZCn37i-frame-013525-LcLZn9rpFWuARZ7n5_jpg.rf.f485a908314f1c3716050614a2bfcebb.jpg,0,1,1,0,1,1,1,1,0
video-86XuF6pPvWfBCqyNt-frame-005420-4Y2RxQWoRKGnMPMNi_jpg.rf.f4f86e6baed56fb9b2bde8d4baa1e066.jpg,0,1,1,1,1,0,1,1,0
video-S5osy2ei487eAM2fw-frame-004628-XASciGJ9fnprsXsZm_jpg.rf.f524ac92860febb53bee4c5afbfb7ac3.jpg,1,0,1,0,1,0,1,1,0
video-WiuWWrsHrJsDcfFzg-frame-007885-WarHBPgoXLLF7XkFD_jpg.rf.f4f8f60be784eb3a4470b94ad9aeb2e7.jpg,0,0,1,0,0,0,1,1,0
video-WFkuHrJEHigf6HCWZ-frame-002436-eZrHaf85Wghya3nE6_jpg.rf.f4f550ea7ecae4749e198fc66a1e68d6.jpg,0,0,1,0,1,0,1,1,0
video-AEZAaF8epmvQv5Nfj-frame-015751-BhHEaBY7MzxZKBNYn_jpg.rf.f533b04f7e64cb9093141e83a48ce8ae.jpg,0,0,1,0,0,0,1,0,0
video-iTrM5ner4KQGLvpdC-frame-003427-xXzEZ3GR3G7hjhxiG_jpg.rf.f4ee42ce4ecfda708fa9640413a7cba8.jpg,0,0,1,0,0,0,0,0,0
video-BjSfmxLQqCGjg8tya-frame-003686-D7Pr2d9hrFcWHbBsa_jpg.rf.f53fec8e5d0846884c5e4d6c0c5039ec.jpg,0,0,1,0,1,0,0,1,0
video-Gfv3kbdf5KAYRtPcz-frame-003895-xYZJmE6fxgmbWyPbx_jpg.rf.f50bd47d07acd86b1cf895ad0dea5f65.jpg,0,0,1,0,0,0,1,0,0
video-JFiGa9oAAN2queuLt-frame-002947-agZD4RXQQNxT8Ep95_jpg.rf.f44b8be3461f2c27f72fe57226ef33bd.jpg,0,1,1,1,0,0,1,0,0
video-5HPT2goT53ceRpvRm-frame-000145-8BuEZxdjfRx8gBZyX_jpg.rf.f56506288368b7e1a723b2be38abd03f.jpg,1,0,1,0,1,0,1,1,0
video-Gfv3kbdf5KAYRtPcz-frame-001252-WiqyrC6AP6CwcgwpW_jpg.rf.f54d53a38320bf2a8c3f8f73c8d878bd.jpg,0,0,1,1,1,0,0,1,0
video-iTrM5ner4KQGLvpdC-frame-004192-w3fpikQ5TgZz3pbQL_jpg.rf.f5555717ec8373bf8ab4d641147c3775.jpg,0,1,1,0,0,0,1,0,0
video-DJYDQTZH7GLCqw3Tx-frame-004371-vFJfrMmcqi48pLdvo_jpg.rf.f56b1d2dbee2c5e34ce032828a797382.jpg,1,0,1,0,0,0,1,0,0
video-qmuvFTzLkR28JMp7r-frame-003961-iCuJcoJCqJ43hfASd_jpg.rf.f5c0721f0fbdf75e3a1de535b10a4434.jpg,0,1,1,0,0,0,0,1,0
video-evnmmkhaqckdxWa9P-frame-001756-aLiJrwBdhtgsvk4y6_jpg.rf.f5a15a66be08a5d543050cb2831ebd4b.jpg,0,0,1,0,1,0,1,1,1
video-WXTMrJkrK8BMoMkxk-frame-001859-pfZXoFvBwct8mjxtz_jpg.rf.f50067c94954d9b6f86de63a45f79d85.jpg,0,0,1,0,0,0,1,1,0
video-AEZAaF8epmvQv5Nfj-frame-006880-GbvxzvhMHkvg8LGZn_jpg.rf.f5cf109521d3bdcd3e3536ccd82052f3.jpg,1,0,1,0,0,0,1,1,0
video-8CvM2BExBLyQFZrK8-frame-008409-SgkkdFcnfq8JTAWCF_jpg.rf.f5a8619cee595f626af4958c81446abe.jpg,0,0,1,0,1,1,1,1,0
video-rnZseY2bPiYhWEF2m-frame-005229-H3J5KNBZ2bxDDnGL9_jpg.rf.f5d6174cde125028487af3cad0b6971e.jpg,0,0,1,0,1,0,1,1,0
video-7EPybiwBrzjDKn7TZ-frame-004088-dqXRjz2eqJrxDGxjh_jpg.rf.f5e804559afa5f2072cba0b38eb01484.jpg,0,0,1,0,0,0,1,0,1
video-8CvM2BExBLyQFZrK8-frame-000453-MrEnS9KELbp4YTArB_jpg.rf.f60272402b9c2b0b0ed3825f6123a663.jpg,0,0,1,0,1,1,1,1,0
video-c3Lxro5s7dbYgdGRp-frame-003066-XLutf5x3qjX9TH5qR_jpg.rf.f5f8944a33ad41a1b86f1ebb64657fbd.jpg,1,0,0,0,0,0,1,1,0
video-ZicHYAPRYGdu82nAa-frame-003731-GTFPMfP32LShjxGXu_jpg.rf.f56a23c4f65ea3696d913b3bbf64dc25.jpg,0,0,1,0,1,0,1,1,0
video-Gj7ejTPCZZnD5YwPv-frame-001392-CtuYBbixQawLdwrE4_jpg.rf.f5eb1f20e6108c22449f60b41f70d2c1.jpg,0,0,1,0,1,0,0,1,0
video-hmsJCeMCWjX2FhxD8-frame-007854-2yJTnARZ6KfiWMFkm_jpg.rf.f5fba7a581bca0efcbeed531b40c8da4.jpg,0,1,0,0,1,0,0,1,0
video-3eAD4KjAqae5iq48L-frame-008294-oSYFyg3hTawNQsXiz_jpg.rf.f5fd4efd1055ec9fe8917f9e9f6f328e.jpg,0,1,1,0,0,0,1,1,0
video-aMQG7QCtJKfnEdue5-frame-000982-rtHZmy29Xz5PfzL9Q_jpg.rf.f57f5ecd11cb582250e59e9a2e2ff911.jpg,0,0,1,0,0,0,1,1,0
video-FpPLvkRLgQbgG7A7n-frame-003000-hvm9iWxEYCcpQc9PF_jpg.rf.f596cc5132408a49b4ecf3cd501617e8.jpg,0,0,1,0,0,0,0,0,0
video-r68Yr9RPWEp5fW2ZF-frame-001736-dE5eRNpWpCyNfMmHx_jpg.rf.f62bd7414e963ff5d87bc76386c96729.jpg,1,0,1,0,1,0,1,0,0
video-ooW42bEtJrR4gufJr-frame-006000-a5iAgqwPjDXwBPX7v_jpg.rf.f6258fd573ae926031ef0f8ea0babbc3.jpg,0,0,1,0,0,0,0,1,0
video-JnRLAYvPLms37xEzD-frame-003900-2tJoeXKn8wuJB4sm4_jpg.rf.f622d3102bb1abe19723bf54577bb45f.jpg,0,0,1,0,1,0,0,1,0
video-jNQtRj6NGycZDEXpe-frame-000398-QwgJrKQ8tHG7qqbmo_jpg.rf.f60cc6f9e9264456b459b17d6ee7d3ab.jpg,0,0,1,0,0,0,1,0,0
video-67ZzTP4GCNj69eNPs-frame-003371-bAJ9BxaiJ35rFWCPh_jpg.rf.f644e9a63e7bec1153843ffe9789938d.jpg,1,0,1,0,1,0,1,1,0
video-iFWh9r9TJWmTzTrha-frame-002561-b3MTpSrTDNDeuRo4s_jpg.rf.f631113337f4935b96e71c5304c4fdf2.jpg,0,0,1,0,0,0,0,1,0
video-JFiGa9oAAN2queuLt-frame-003867-TxGtG8c9B9qzFWbDo_jpg.rf.f63eff4bf0a9cda4f2d7d19860d1a002.jpg,0,1,1,1,0,0,1,0,0
video-G9ZpKLJEKsMheip7b-frame-012300-B6nkcuC67bncJMjrC_jpg.rf.f67f8ef86f059e3aab1164b736e0e1d2.jpg,0,0,1,0,1,0,0,1,0
video-aMQG7QCtJKfnEdue5-frame-002810-ocMzpy2TH5BymvQ9i_jpg.rf.f62e15a30ca54bb5a708f86a9159a26a.jpg,0,0,1,0,0,0,1,1,0
video-TEAocgWiwwMWxYtgJ-frame-000785-LW3uwQLR9wwF4K3dX_jpg.rf.f5b2906ed6fb68e5b72a9de780ffdbf0.jpg,1,0,1,0,1,0,1,1,0
video-gwN2KCXHzE6CQJ85P-frame-003900-58nM9zDruBWK6Ea8v_jpg.rf.f66664031a7faec868446dcaa8d3546d.jpg,0,0,1,0,0,0,0,1,0
video-ubAGXmaZ8NwDHWYNC-frame-000000-D8MJkSDJaBDnmKtvr_jpg.rf.f6740ffdb555b16766f0e7b687dd26ec.jpg,0,0,1,1,0,0,0,1,0
video-hmsJCeMCWjX2FhxD8-frame-008476-WYfscuec7duzZ3ymD_jpg.rf.f67693110d5287926824aeb934f4667d.jpg,0,0,1,0,1,0,1,1,0
video-sEs53HkN6oRqWdeQK-frame-004531-4ohXJjrJ95wyj6KFK_jpg.rf.f693963f10754016243c6121c6d1b89d.jpg,0,0,1,0,1,0,1,1,0
video-5YffDt2oYT6CDzYHk-frame-003779-ecSarN8cTcXKEfjwM_jpg.rf.f69e7a34cd5c8ffd584394500c4e6ac5.jpg,0,0,1,0,1,0,1,1,0
video-yNoh5QQAPbR9Afm4i-frame-003775-ttCcJ4LzMC4PbsoM6_jpg.rf.f679a1e291255715546583c9a1dc92ad.jpg,0,0,1,0,1,0,1,0,1
video-7RdKmtytvKgfNcTNv-frame-002700-BNAzKRqi3GHCNhT8Y_jpg.rf.f6903b20ac1fd046a443d6db2e342123.jpg,0,0,1,0,1,0,0,1,0
video-2rsjnZFyGQGeynfbv-frame-002065-WFdXm8AhxSSZwh3tx_jpg.rf.f6a0a0efb956eb4546235c7fd4d5d642.jpg,0,0,1,0,0,0,1,0,0
video-2rsjnZFyGQGeynfbv-frame-003296-B6R2fTRHfTWWCCYhF_jpg.rf.f6b545f8eea0fa01ac4f74220823ef48.jpg,0,0,1,0,1,0,0,0,0
video-G9ZpKLJEKsMheip7b-frame-001350-sMpJZqAJ2rahzM3SH_jpg.rf.f66a1b8eb631c34a860b71e1589ad395.jpg,0,0,1,0,0,0,0,0,0
video-4KhLCjoeEmjGBaRLQ-frame-001311-jsu7QGNaJmguiiod7_jpg.rf.f6b0e14d5432879d620e475a25d04789.jpg,0,0,1,0,1,0,0,1,0
video-DJYDQTZH7GLCqw3Tx-frame-004111-RmgZpiyiopucDLMTs_jpg.rf.f69ef0e10a4d2d0ab3f708cd92007db2.jpg,1,0,1,0,0,1,1,0,0
video-TTDq3x6HSvFx3YRDH-frame-001730-fKaYhsQPptxacuwah_jpg.rf.f6bee8f8506f2e931161bc68e6f5f7c0.jpg,0,0,1,0,0,0,1,1,0
video-DJYDQTZH7GLCqw3Tx-frame-005056-8rTXCMMX2rAnSGchc_jpg.rf.f6c2cc9a8bf36ce9c14822fecd337335.jpg,0,0,0,0,0,0,1,0,0
video-5v4MPkCMGEKPfroxc-frame-000285-M8qDkmPHxWQajYdEK_jpg.rf.f6bd952967dc537347ef7083ff217d45.jpg,0,1,1,0,1,0,1,1,0
video-BjSfmxLQqCGjg8tya-frame-004938-D84YycWRzrWQGgj85_jpg.rf.f6fecf1f990dbda97b210de78be084e0.jpg,0,0,1,0,0,0,0,0,0
video-Gfv3kbdf5KAYRtPcz-frame-003775-z2BFqFXLaXqqhifHF_jpg.rf.f6ea4ca3d92b596d80bce6c483864be2.jpg,1,0,1,1,0,0,1,1,0
video-rnZseY2bPiYhWEF2m-frame-003984-tq3hY8P948j5LjB2H_jpg.rf.f7161639e38c222f6b9440619b3c5708.jpg,0,0,1,0,0,0,0,1,0
video-7EPybiwBrzjDKn7TZ-frame-004816-6b8WzvGsJSYwyzALk_jpg.rf.f741b48708c1821773c2fd8d41f2f11b.jpg,0,0,1,0,0,0,0,0,0
video-MoCHppHsM4bnncPmS-frame-002802-mzWpapEFdeCRqvLB8_jpg.rf.f71a799bf51109f3bf790a05e6bef298.jpg,1,0,1,0,0,0,1,1,0
video-JFiGa9oAAN2queuLt-frame-003807-tYyhYeS2BrYSWnHp4_jpg.rf.f7256fddf13e05128863e9361953970a.jpg,0,1,1,0,0,0,1,0,0
video-jNQtRj6NGycZDEXpe-frame-011639-FQ5h6KEwKvaDib8Wx_jpg.rf.f6ca37c88a5dedda29aefedc361da33e.jpg,0,0,1,0,0,0,0,0,0
video-dgYrcYcm5G75w2GJc-frame-002954-iQxFKmdbFsabN5dDm_jpg.rf.f6d09a4923bcc445f636d9f6ec507a8f.jpg,0,0,1,0,0,0,0,0,0
video-eLrXYzMxSL9NCXiQq-frame-002097-66F6Xs8ajgMWsLiec_jpg.rf.f71dd20a5008fc0f121d28a45924988d.jpg,0,0,1,0,1,0,1,1,1
video-EFh9oKSJrkMFW8gtT-frame-008100-X6yYnssgZNqkNDRb3_jpg.rf.f72d2c1c384168ef3509a8d4c01d321b.jpg,0,0,1,0,1,0,0,1,0
video-2SReBn5LtAkL5HMj2-frame-000634-mgvCKvgfDgTfD578e_jpg.rf.f704d69cfddaf1c9b011ceb76d8828f1.jpg,0,0,0,0,0,1,1,1,0
video-7EPybiwBrzjDKn7TZ-frame-004756-5yPDPRWfB5xveEpWd_jpg.rf.f5d55ba42248b68cdc709ab3d088ad6a.jpg,0,0,1,0,0,0,1,0,0
video-yBdrow6zFe5E8uEwn-frame-009030-pbc4zz8XoC5fiujs6_jpg.rf.f764638fc5bcf5bb8c2a49a30a6b8f64.jpg,0,0,1,0,1,0,1,0,1
video-JFiGa9oAAN2queuLt-frame-003787-rBWxuF4NdN6WPK3zS_jpg.rf.f74472e8c50eb187aac8cdb0dc34a6cc.jpg,0,1,1,0,0,0,1,0,0
video-eLrXYzMxSL9NCXiQq-frame-003605-hsaoRbSBR9W32yrEW_jpg.rf.f74df0ce6e00d21b3a1cfafa5a1b3ec3.jpg,0,1,1,0,1,1,1,1,0
video-JFiGa9oAAN2queuLt-frame-005287-NngwTyJhK8Yzbkf9Y_jpg.rf.f77cd4aed03b8b7ed74bef5f2219768d.jpg,0,1,1,0,0,0,1,0,0
video-49ZHZYTfjWxQXmrQs-frame-008400-RC65jiEnihkTKWvq6_jpg.rf.f76f6dc240167ad876a6f58e40a5efde.jpg,0,0,1,0,0,0,0,1,0
video-DJYDQTZH7GLCqw3Tx-frame-002877-gC8MjfdW4kv9x2Qbm_jpg.rf.f7ae5a73fa9a2879cbf9f5459cfe3af7.jpg,1,0,1,0,0,0,1,0,0
video-DJYDQTZH7GLCqw3Tx-frame-004431-fcC4vFHXpLLPv7K2F_jpg.rf.f7218042d9da88097504970e0cb8ba59.jpg,1,0,1,0,0,0,1,1,0
video-5v4MPkCMGEKPfroxc-frame-000677-ezyajy55a8vYpiWRQ_jpg.rf.f77db2dff9426cff7f18d979017121d3.jpg,0,1,1,0,1,0,1,1,0
video-nCxsLGvXK8o25AmXW-frame-008277-cZLM2SfbzDhANpe7C_jpg.rf.f7b43dbda8905315e9f6e9bf0c3218f3.jpg,0,0,1,0,0,0,1,1,0
video-ELruYFQjkqpZnir29-frame-002696-siWq9BbHMxBMTb8Xd_jpg.rf.f7d23c73ad11e3fd4573adf51e47d302.jpg,0,0,1,0,0,0,1,1,0
video-JFiGa9oAAN2queuLt-frame-002897-TWcoeKvhwE4ix4RCf_jpg.rf.f7b8e4cec33da45de18052f39cacd2c0.jpg,0,1,1,1,0,0,1,0,0
video-ELruYFQjkqpZnir29-frame-000600-ysJN4qX54j7eg2rQz_jpg.rf.f75f552ccf55e62d59e3fb65e8717a09.jpg,0,0,1,0,0,0,0,0,0
video-Gfv3kbdf5KAYRtPcz-frame-003675-SHdbY52W2uB7N6XXZ_jpg.rf.f7e04522319f8d6f21b98dc0c755a20c.jpg,1,0,1,0,0,0,1,0,0
video-DJYDQTZH7GLCqw3Tx-frame-004311-nhgpH3hvbsXmJL524_jpg.rf.f7b7a65a86a55668cc3976f0c8587a41.jpg,1,0,1,0,0,0,1,0,0
video-GXXqNLCqyu72TLx5i-frame-003926-QPxbynn7guZTzZmPq_jpg.rf.f7c168141fb880c9b9bc858f988a9b42.jpg,1,0,1,0,1,0,1,0,0
video-mBQmysFvQtPK36MsF-frame-004417-wrTcJnwSDYzskgykH_jpg.rf.f7d9ac0bd78263cee23fd048d2643290.jpg,1,0,1,0,0,0,1,0,0
video-iFWh9r9TJWmTzTrha-frame-004975-hj4oQnWG8mgDZ38Fj_jpg.rf.f788a7f22fe8cd732ea2e56cd5f5d2f6.jpg,0,0,1,0,1,0,1,1,0
video-dgYrcYcm5G75w2GJc-frame-001086-2T5WMT33bRe4sis95_jpg.rf.f762e22795688c12f1bbad067a93d58f.jpg,0,0,1,0,1,0,0,1,0
video-GMDwNs5TdqejpF4vu-frame-001343-oyC2DqiiE3whL4ptR_jpg.rf.f7eef64232e32c5e338e278d9162fc08.jpg,0,0,1,0,0,0,1,1,0
video-AEZAaF8epmvQv5Nfj-frame-010816-cyC5dB6hs2geqWgsQ_jpg.rf.f81f7c05ed29be148ef2215b1c853543.jpg,0,0,1,0,0,0,1,0,0
video-AEZAaF8epmvQv5Nfj-frame-007275-P5QnzkFPGjMfYdyMD_jpg.rf.f80c2e22651157cecc0a22f3d00fab01.jpg,0,0,1,0,1,0,1,1,0
video-sEs53HkN6oRqWdeQK-frame-005131-6KLZS6Etfb8Lsy5Po_jpg.rf.f85c95fd6e6e6b82e460e9421f1a60c0.jpg,1,0,1,0,1,0,1,1,0
video-AEZAaF8epmvQv5Nfj-frame-017182-yLBjhScEjrTzd3eB6_jpg.rf.f82971449bd3ac294df4f473a31f5483.jpg,0,0,1,0,0,0,1,0,0
video-5YffDt2oYT6CDzYHk-frame-003769-dcoRXJtB9LSGTiwbt_jpg.rf.f8333cf799504f029df81a5e64637ae0.jpg,0,0,1,1,1,0,1,1,0
video-bk2x9u9JivsWRS9Nk-frame-010464-Lcqo8rMoFvph85EeP_jpg.rf.f82d8d064869c2182fdea04aeecd7ee2.jpg,0,0,1,0,0,0,0,1,1
video-vbhpsNpMoX2Qbhw2A-frame-000414-Z9hdzMCDvK59pDzEx_jpg.rf.f82e2af63c84aa60fe8071714baa00bf.jpg,0,0,1,1,1,0,1,1,0
video-JFiGa9oAAN2queuLt-frame-004117-RisyrHJRycfBpQdfE_jpg.rf.f85534461138e662773933424e798f1f.jpg,0,1,1,0,0,0,1,0,0
video-5Lwe5DATf4BxKtaiB-frame-000298-Z24ZXwaiZfPwgrdTK_jpg.rf.f873d1816581ed53edf5bbedd7ce032c.jpg,1,0,1,0,0,0,1,0,0
video-iTrM5ner4KQGLvpdC-frame-003472-TtJ5jRXkXrHbnN6JS_jpg.rf.f88034edab14a5452469efdc82e4aa00.jpg,0,0,1,0,0,0,0,0,0
video-yBdrow6zFe5E8uEwn-frame-010750-8YxrzzHcgmtvyQevf_jpg.rf.f8655108b59a9d866035dd0f339d59e6.jpg,1,0,1,0,0,0,1,1,0
video-hmsJCeMCWjX2FhxD8-frame-002188-swoqT7cnGEyKBgzQa_jpg.rf.f8815ffdab91b7eed38217382c051d7c.jpg,0,0,1,0,0,1,1,1,0
video-7EPybiwBrzjDKn7TZ-frame-004921-n2wH59Ej2BGJ4d4yE_jpg.rf.f88a0e9b13c35eb64ad3e65d2dfd0337.jpg,0,0,1,0,0,0,1,1,0
video-DJYDQTZH7GLCqw3Tx-frame-008450-DsyZAMpvjrWcYeipu_jpg.rf.f8a138341d1d1d25b5d1508b3da2636b.jpg,1,0,1,0,0,0,1,0,0
video-MoCHppHsM4bnncPmS-frame-001920-Kk6CQcztvSroXaF8i_jpg.rf.f846b364a7deb83fadbfa88e8687f945.jpg,1,0,1,0,1,0,1,0,0
video-5HPT2goT53ceRpvRm-frame-001200-cAf74Ev29Avhayb5D_jpg.rf.f89c18b3448a64bd6584e67a877b55b6.jpg,1,0,1,0,0,0,1,1,0
video-DJYDQTZH7GLCqw3Tx-frame-006327-54yD6Mv2EodTAEHTN_jpg.rf.f879d7b4f0c74149ae220c9dd11d1a14.jpg,1,0,1,0,0,1,1,0,0
video-Bfb39QmAgJQZfE7Pu-frame-001998-yiSiLFMfNXy9WLpf7_jpg.rf.f88519de44726e36ad13d477e9f27f6d.jpg,0,0,1,0,0,0,0,1,1
video-7yaY3LisuPdNyfZH9-frame-002786-ruafSYDYNnEgGYxqN_jpg.rf.f88358a200fe37a8b23f11bc1a4c277c.jpg,0,0,1,0,1,0,1,0,0
video-SyzNY82LYZrhkPH7x-frame-004925-wW9MTH3Y9AT4sKDQb_jpg.rf.f8c328c589c553e67b251350588fbc82.jpg,0,0,1,0,0,0,0,0,0
video-iTrM5ner4KQGLvpdC-frame-003457-G8eF8dWpMBRwPEpQX_jpg.rf.f8c1176e6b189bc8630c29822848b1bd.jpg,0,0,1,0,0,0,0,0,0
video-TTDq3x6HSvFx3YRDH-frame-005684-YxT9y9hD5kdQLELzp_jpg.rf.f8eaf605e7e0271584055e11cdaf6b4e.jpg,0,0,1,0,0,0,1,0,0
video-vvYEi6EdCrYXeHwpD-frame-021420-jaaFg2RYkBB4gW7KL_jpg.rf.f8b1be5dc36067db15c9b247879068f8.jpg,0,0,1,0,0,0,0,1,1
video-Gfv3kbdf5KAYRtPcz-frame-003805-v9KpaWtbkS26bGS4p_jpg.rf.f87e87415783dd8308119a995bf4c9fd.jpg,1,0,1,1,0,0,1,1,0
video-JgqSK9D5cCD7HBYzg-frame-000093-jqyyAgZ2yt6EWfP85_jpg.rf.f88ded9729618bad5938647a37635195.jpg,1,0,1,0,0,0,1,1,0
video-nodg7n2aFzCWFJBnv-frame-002320-ZRdXs4mKQJqEgFMt5_jpg.rf.f89c9519de4f473248e417e928ee5de3.jpg,1,0,1,0,0,0,1,1,0
video-Gfv3kbdf5KAYRtPcz-frame-004301-DchT5mJJoujss9owo_jpg.rf.f7f6a2478cb3dfba67fe69e9adeaa859.jpg,0,0,1,1,0,0,1,1,0
video-WKEP66Yn5CGfgdFd5-frame-000300-xcujHvYCD2PXfc6fY_jpg.rf.f90e161e70fc4a00acc051e1e5d5fcd6.jpg,0,0,1,0,0,0,0,1,0
video-r68Yr9RPWEp5fW2ZF-frame-006856-QcY9RwhYMnWBZPqom_jpg.rf.f8b06cfee158c9677ac5ffcf8cb37807.jpg,0,0,1,0,0,0,1,1,0
video-FWQff8BQpTRSt9hfA-frame-003750-9uGHkSssCEa8Zrbtm_jpg.rf.f8b521af3567f664f0389dcae69b8930.jpg,0,0,1,0,0,0,1,0,0
video-sEs53HkN6oRqWdeQK-frame-003710-nqYJdFGEh9D9EvBDX_jpg.rf.f823c809354e00c3847c6ca3d7538c6f.jpg,0,0,1,0,1,1,1,1,0
video-5YffDt2oYT6CDzYHk-frame-001087-LgJZv2iuEwkpQX3b8_jpg.rf.f8e83a7b34f51fab55ab7829f956f07a.jpg,0,0,1,1,1,0,1,0,0
video-YzRKMLLSDnZLFpPmg-frame-012285-SXTgX762ZhKMo4xpX_jpg.rf.f8b50668b516f5b500db0ef3a265e407.jpg,0,0,1,0,0,0,1,1,0
video-hmsJCeMCWjX2FhxD8-frame-002469-doddLkkExXEMupo3P_jpg.rf.f899283f241ba2fe6f22332274913a33.jpg,1,0,1,0,0,1,1,1,0
video-r68Yr9RPWEp5fW2ZF-frame-007211-DC3hKeAytf75zu4eX_jpg.rf.f915de88af6abb06d080d8a9d89062d5.jpg,0,0,1,0,0,0,1,1,0
video-4E8nAe7bkHkSZfpjq-frame-007800-XfWc5hMwbC6Q57ZL2_jpg.rf.f8a12b9e6b01062de210ed4ff0d477fe.jpg,0,0,1,0,0,0,0,0,0
video-5RBAcNR5F6fB3i6P5-frame-012119-dCSj3jEaCHDNgytER_jpg.rf.f90b944cc91e9d6db0fe1d868e688425.jpg,0,0,1,1,0,0,1,0,0
video-evnmmkhaqckdxWa9P-frame-002146-Zv7tou7vEhhTQHjCH_jpg.rf.f91b93a99a5dd8cf87a7dc0b7609364d.jpg,0,1,1,0,0,0,0,1,0
video-4E8nAe7bkHkSZfpjq-frame-000600-YjygECsQoYYZdeXeD_jpg.rf.f91b18e5539841ed33ed14572147e1d8.jpg,0,0,1,0,0,0,0,0,0
video-7yaY3LisuPdNyfZH9-frame-003355-Bsq72NCDaw7QL3Dik_jpg.rf.f9286f92fa0f96cd8bd5e0f571b30c08.jpg,0,0,1,0,1,0,1,1,0
video-Gfv3kbdf5KAYRtPcz-frame-004101-P7Fnsm83x4qydeRRj_jpg.rf.f9514866a102e423087f6b7b0336460d.jpg,1,0,1,0,0,0,1,1,0
video-Bfb39QmAgJQZfE7Pu-frame-023281-tmrjbkpxdNx5wvdLE_jpg.rf.f95cc90a033afce6ffd8e9b3a97d312e.jpg,0,0,1,0,1,0,0,1,0
video-r68Yr9RPWEp5fW2ZF-frame-006156-nzbLrKmH9aFcXTA4b_jpg.rf.f977275299387bf8190256978b62add7.jpg,1,0,1,0,0,0,1,0,0
video-Bfb39QmAgJQZfE7Pu-frame-024086-CRmPo7MQJXoz27JC8_jpg.rf.f9857ff5aac1bfb434e3d73cac84c629.jpg,0,1,1,0,1,0,1,1,0
video-67ZzTP4GCNj69eNPs-frame-001677-sBbPKnRfLwqahcGHG_jpg.rf.f968344fa8a94af35e2a8c0e76ef5547.jpg,0,1,1,0,0,0,1,0,0
video-JFiGa9oAAN2queuLt-frame-004387-5z2dQFBoL3iKjrASf_jpg.rf.f99e80c4a413272035c6d5e216afe932.jpg,0,1,1,1,0,0,1,0,0
video-BjSfmxLQqCGjg8tya-frame-007468-LxzkZf5ry3d8bWNhw_jpg.rf.f9720cfb1919716b336622f141a8cb04.jpg,0,0,1,0,0,0,1,1,0
video-r68Yr9RPWEp5fW2ZF-frame-008983-JYQP3HcMMHfA5Kko6_jpg.rf.f966981a364aa7d0124b6ac75fdd2ecf.jpg,0,0,1,0,0,0,1,1,0
video-vvYEi6EdCrYXeHwpD-frame-000000-hJWFL3pResrs55dHn_jpg.rf.f9b6c21c9c16a5fc4bb5fad4deae5ff3.jpg,0,0,1,0,1,0,0,1,0
video-JFiGa9oAAN2queuLt-frame-004017-Qv6ModyFKQqbxkzZm_jpg.rf.f95310c1790ea8b3021d6db7788e865d.jpg,0,1,1,1,0,0,1,0,0
video-TEAocgWiwwMWxYtgJ-frame-004371-TDAWupknG66pCKLu7_jpg.rf.f9a374386ff7c8b75efb4af8abe021b2.jpg,0,0,1,0,0,0,1,1,0
video-GXXqNLCqyu72TLx5i-frame-003911-wWPDor78Mo5Ykx2rM_jpg.rf.f9c3612c7fade6f9ad3be0e6d5f7ba3c.jpg,1,0,1,0,1,0,1,0,0
video-LRYpoNWeYLm3tZZst-frame-002700-e3LFXFJSQWs8beTtR_jpg.rf.f9b3bdd69a0f9315bea58899e1d54357.jpg,0,0,1,0,1,0,0,1,0
video-aMQG7QCtJKfnEdue5-frame-003378-s4t7ieJeEGJhXed2u_jpg.rf.f987f9f9e13f261b45ab44d86829a47b.jpg,1,0,1,0,0,0,1,1,0
video-G9ZpKLJEKsMheip7b-frame-007500-TorE6Wr68BHs6Ziqj_jpg.rf.f943beb0fbc148b046ce94bd1c950532.jpg,0,0,1,0,1,0,0,1,0
video-DJYDQTZH7GLCqw3Tx-frame-004181-EQ7Cj3QdW5dxsLuhj_jpg.rf.f943f1cdc2f58129c6dc942bf1faeb9f.jpg,1,0,1,0,0,1,1,0,0
video-AEZAaF8epmvQv5Nfj-frame-008490-5x5ZZEbJ7jopDdJ2s_jpg.rf.f9bd5a1df4f643179f802df7029bdad2.jpg,1,0,1,0,0,0,1,0,0
video-2rsjnZFyGQGeynfbv-frame-000413-qmXKxatbRWpSqE4qK_jpg.rf.f9e52e99f0eb0ad1724be5c90562a47e.jpg,0,0,1,0,0,0,1,0,1
video-JFiGa9oAAN2queuLt-frame-003697-h3LyhfYh2dy8D9K9W_jpg.rf.fa3d6b2bc9541be6d6e32854b1b131a8.jpg,0,1,1,0,0,0,1,0,0
video-r68Yr9RPWEp5fW2ZF-frame-006106-XiYPjpi5ND2r4d7dH_jpg.rf.f911de56e3c7b55f99f6b692ebabd1b8.jpg,1,0,1,0,0,0,1,1,0
video-wGdqQimawNX3RYv76-frame-011527-rEyazWMZst6Tp3xg7_jpg.rf.fa42424e9c0f9d5b739c30d681f750b7.jpg,0,0,1,0,0,0,0,0,0
video-67ZzTP4GCNj69eNPs-frame-002231-7vMsgXE2nizk8bTeB_jpg.rf.f82688f8e8e375a2dbe6b0c574a5c8f6.jpg,0,0,1,1,1,0,1,1,0
video-7EPybiwBrzjDKn7TZ-frame-001707-aRq9y4FDjSYf6CsZD_jpg.rf.fa1d5030a63f9bb5201b4835b8dcb829.jpg,0,0,0,0,0,0,1,1,0
video-kDDWXrnLSoSdHCZ7S-frame-002139-ohG38zCMqx2rGNAwj_jpg.rf.fa6c8d1d56e8e64c062bdae0f7704ea6.jpg,0,0,1,0,1,0,1,1,0
video-BjSfmxLQqCGjg8tya-frame-004998-rCb3MSDECmSfFqJHZ_jpg.rf.fa447fac8cd815e20373420e6b892f72.jpg,0,0,1,0,0,0,0,1,0
video-fZKBh7mRSKHjXS2zk-frame-002100-sMAin2RFHwEfZNT3w_jpg.rf.fa44b72b74cbcfea1aa5a2881b8b4dd9.jpg,0,0,1,0,0,0,0,1,0
video-wGdqQimawNX3RYv76-frame-006154-8grD89MCRyyqbGriG_jpg.rf.f9ce03235102f6645ea0a3234aca15a9.jpg,0,0,0,0,0,0,1,0,0
video-DJYDQTZH7GLCqw3Tx-frame-008510-L8zoYnnc4msvdjCLH_jpg.rf.fa6cf1e64868fa4da3c8b3a3cc62195a.jpg,1,0,1,0,0,0,1,1,0
video-DJYDQTZH7GLCqw3Tx-frame-005799-2qQnEPzpQqnGLmTJE_jpg.rf.f9f85442fb58b3b096d2a813565775da.jpg,1,0,1,0,0,0,1,0,0
video-evnmmkhaqckdxWa9P-frame-001696-eNSLxkYLoC53TNoxf_jpg.rf.fa76d46cbd7ee7a85ef0ac99c0d2161f.jpg,1,0,1,0,1,0,1,1,0
video-jNQtRj6NGycZDEXpe-frame-008660-kaf9P2ibsoqfCZcR2_jpg.rf.fa84ad1b18fd488a673f481ac2a3a725.jpg,0,0,1,0,0,0,1,1,0
video-r68Yr9RPWEp5fW2ZF-frame-009143-75oELwgZZJoErsqf5_jpg.rf.fa7dd31b0a2272419eb729d8593d989f.jpg,0,0,1,1,0,0,1,1,0
video-mBQmysFvQtPK36MsF-frame-001196-XiC2RM3x2eNrCogqB_jpg.rf.fa82e6ec07a2d408d2e70a061f0edf5b.jpg,0,0,1,0,0,0,1,1,0
video-BjSfmxLQqCGjg8tya-frame-007198-AwARivCsAJbuQ962S_jpg.rf.fa9dc5d34473637814b2785384a0ba3a.jpg,0,0,1,0,0,0,1,1,0
video-AEZAaF8epmvQv5Nfj-frame-017212-tpr8fQXX2AHPL2nKE_jpg.rf.fa83887e838f956198eb8c9e1042550f.jpg,1,0,1,0,0,0,1,0,0
video-AEZAaF8epmvQv5Nfj-frame-006440-dn5caoyL74GT2eDQM_jpg.rf.fa7c4121349cb3ed3f520220d885967a.jpg,1,0,1,1,0,0,1,1,0
video-iFWh9r9TJWmTzTrha-frame-001383-X4Xx8YgPzxBz6eSe6_jpg.rf.fa9d3876c919894fde07a10b7a4e502c.jpg,0,0,1,0,1,0,0,1,0
video-4zQqsnWRwK7SFPpBy-frame-006409-7g7Z475jDkzCA7qsN_jpg.rf.faa1e45baabc201bf10f0bd655d7e838.jpg,0,0,1,0,0,0,0,1,0
video-o9b92aG9EbJnkJEwF-frame-000552-RzBtjqNcPJzw5RHR8_jpg.rf.fadc46b1a43074668b9a4eeaae1707cc.jpg,0,1,1,0,0,0,1,0,0
video-2Af3dwvs6YPfwSSf6-frame-009150-KpRipk9r8DqZQ7w4i_jpg.rf.faba7d48e75d84453380a7f51c0be764.jpg,0,0,1,0,0,0,0,0,0
video-ELruYFQjkqpZnir29-frame-002326-kPEcZ6LRkmCJwGfrR_jpg.rf.fb497ed7534c762ebb7ba830942cdb52.jpg,0,0,1,0,0,0,1,1,0
video-3eAD4KjAqae5iq48L-frame-006409-7tbxgqTDRDoqmCDpv_jpg.rf.fafae9d5104b4aad12279feea3876b31.jpg,0,0,1,0,0,0,1,1,0
video-AHWxmA7AFazuCjdrS-frame-003537-WNc4noBnqnuawXmpb_jpg.rf.faa822c999afb7345dc526d6e04ade69.jpg,0,0,1,0,0,1,1,1,0
video-AEZAaF8epmvQv5Nfj-frame-015611-XQoonjFF6tMCdSTzQ_jpg.rf.fb06062d0a8ffbc302ae28d3e84a2349.jpg,0,0,1,0,0,0,1,0,0
video-soRFb9y3iqE3YpJSG-frame-000762-bz7s5ZBPJJZa7Ct2p_jpg.rf.fb0da43fc88e0c21272d0bacaa6f7915.jpg,0,0,1,0,0,0,1,1,0
video-sEs53HkN6oRqWdeQK-frame-003830-rijDzJXhnnb8pTjw5_jpg.rf.fb316c9b5f187d9320aed7ed319af66d.jpg,1,0,1,1,1,0,1,1,0
video-evnmmkhaqckdxWa9P-frame-001606-CdJwo7RCz2xxarpvY_jpg.rf.fb0be5f036d1335284586e9fc893455b.jpg,1,0,1,0,1,0,1,1,0
video-FCsBmpEbC3S9MhE7M-frame-000300-tHRtdTbgWpkxLdcqq_jpg.rf.fb1cc0a8001c78ca4e9892dc195823bb.jpg,1,0,1,0,1,0,1,1,0
video-4zQqsnWRwK7SFPpBy-frame-010933-dSnb6vjpjC3YrWYhm_jpg.rf.fb227b7b5bffe49e23e7ec36fe1bea26.jpg,0,0,1,0,0,0,0,1,0
video-hmsJCeMCWjX2FhxD8-frame-002493-uLmLgrtFsqTSnuxAB_jpg.rf.fb480345784ed4adae59df07f8a70a8c.jpg,1,0,1,0,0,1,1,1,0
video-AEZAaF8epmvQv5Nfj-frame-010986-wZyGPtLGndooMW3ZC_jpg.rf.fb46be0133a24891387045fa761c9317.jpg,0,0,1,0,0,0,1,0,0
video-5HPT2goT53ceRpvRm-frame-000945-3XRmdKjhG65HQ2Ba7_jpg.rf.fae67093bbe90d5f59f557650d684cbc.jpg,0,0,1,0,0,0,0,0,0
video-BjSfmxLQqCGjg8tya-frame-007228-PSjwzsqbebot7nw96_jpg.rf.fb3722bd1da7bba01144cc460ed53763.jpg,0,1,1,0,0,0,1,0,0
video-TTDq3x6HSvFx3YRDH-frame-010298-PsocTCdTe67rN2JD3_jpg.rf.fb82f015f6ce22963bd87b38baa0846b.jpg,0,0,1,0,0,0,0,1,0
video-ipHbyAv8iW9kmxTGj-frame-001520-xXDzHuwrEGuFBmSuS_jpg.rf.fb757f80fa7568b9ca868a45427fa8dc.jpg,0,0,1,1,0,0,0,1,0
video-XNM8eHsvxCMJ6peuj-frame-001260-KLkaMCyjampgpCBSr_jpg.rf.fb928df8dd7ece5e0c8d7acba177c56c.jpg,0,0,1,0,0,0,1,0,0
video-MoCHppHsM4bnncPmS-frame-001633-xPFrb2SCQtb9jsy8F_jpg.rf.fb8d37b9169aa8175f3d08331920116f.jpg,1,0,1,0,0,0,1,1,0
video-yBdrow6zFe5E8uEwn-frame-002150-RRQDvQbZufMyA3mf7_jpg.rf.fb659f6a904c1d459c553d602c132db8.jpg,1,0,0,0,1,0,1,1,1
video-a9TgkAvMGtM2gXpdj-frame-016005-t5wNDdtZDAv6tePSQ_jpg.rf.fbc3a2e161a59172e0febcaf6156d35e.jpg,0,1,1,0,0,0,0,1,1
video-r68Yr9RPWEp5fW2ZF-frame-002496-rs7rAmZ2JSsNqcAsP_jpg.rf.fb94068fd293ba1dfb6e8c505b6b8362.jpg,1,0,1,0,1,0,1,1,0
video-7yaY3LisuPdNyfZH9-frame-001447-NK3poFfNkBGWGu4XB_jpg.rf.fbbb08365ac16e30adffc224862e4226.jpg,0,0,1,1,1,0,1,1,0
video-evnmmkhaqckdxWa9P-frame-002041-HoPnhmjeQxM2gArJk_jpg.rf.fbcf7acb69f6e404bafd257139bd667d.jpg,0,1,1,0,1,0,0,1,1
video-SyzNY82LYZrhkPH7x-frame-003458-h9SJREwb5r2AYM9gr_jpg.rf.fbe158476bd40b5513e614355ab99091.jpg,0,0,1,0,0,0,1,1,0
video-5An82wT7iBmfZSwx7-frame-005271-yvYb7tt8Zx7biYPHE_jpg.rf.fbe4819797e8e32d699aea997b307db0.jpg,0,0,1,0,1,0,1,0,0
video-JFiGa9oAAN2queuLt-frame-003747-R59wX49WDQ6ugDpXh_jpg.rf.fc179bc4e912a1b355436a829d2d5a62.jpg,0,1,1,0,0,0,1,0,0
video-TEAocgWiwwMWxYtgJ-frame-005199-4L8RbFJ4wHrYXQrfb_jpg.rf.fbe6cd77fff1b0099dda0ea6e71bdbac.jpg,0,0,1,0,0,0,1,1,0
video-Gfv3kbdf5KAYRtPcz-frame-003981-BGxr53ApJoX5CFyuz_jpg.rf.fb7a5b72683a5d366f0ebcaab066c477.jpg,1,0,1,0,0,0,1,1,0
video-dgYrcYcm5G75w2GJc-frame-007240-ASDN6bsH4HhaELMNK_jpg.rf.fbfb112a01633a81dcf9bed2e2a9f7eb.jpg,0,0,0,0,0,0,0,1,0
video-ipHbyAv8iW9kmxTGj-frame-001970-wc663a6dom258sf7n_jpg.rf.fc23bf6132df9032859e7916412678d3.jpg,0,0,1,0,0,0,0,0,0
video-DJYDQTZH7GLCqw3Tx-frame-005439-mkuNniMELwhv42ykx_jpg.rf.fc1945208c19b9aca479d06575cb35ad.jpg,1,0,1,0,0,0,1,0,0
video-iFWh9r9TJWmTzTrha-frame-004046-z4o6T9F655iqu6ie3_jpg.rf.fb04893a89a6338c2363dcc35a9b4cd5.jpg,0,0,1,0,1,0,1,1,0
video-SyzNY82LYZrhkPH7x-frame-000111-oYaXwc2Yu26Sh7xcQ_jpg.rf.fc252967e9c0ccca578094ec0c3f4dc4.jpg,0,0,1,0,1,0,1,1,0
video-r68Yr9RPWEp5fW2ZF-frame-002806-tQjbgkLsfdB4RC75f_jpg.rf.fc319d72ad4c1e0b08eb74d5f8bc9452.jpg,1,0,1,0,1,0,1,1,0
video-AEZAaF8epmvQv5Nfj-frame-015091-W8DP3SyGvFPkGQNqF_jpg.rf.fc4b060a05dbfb2c37e3575237841be5.jpg,1,0,1,0,0,0,1,0,0
video-7EPybiwBrzjDKn7TZ-frame-002442-ATYTPdHX7kNW5zhoS_jpg.rf.fc39eeb722a856d540af2fc2f55e6337.jpg,0,0,1,0,0,0,1,0,0
video-9BBhGg3MKeaChnLjP-frame-002240-xoFzQ8aGJEzJBDnXK_jpg.rf.fc2e00b526953757a2fb2b7f30ad814d.jpg,0,0,1,0,0,0,0,1,0
video-JFiGa9oAAN2queuLt-frame-000954-BKNnCEwesu6yqvYLn_jpg.rf.fc345a236868d98d3c247ebee882993e.jpg,1,0,1,0,0,0,1,0,0
video-5YffDt2oYT6CDzYHk-frame-001217-pdt5qnxPwbJcYbKaL_jpg.rf.fc2eca2305812ce008540cfaa9fc6135.jpg,0,0,1,1,1,0,1,1,0
video-nCxsLGvXK8o25AmXW-frame-012430-4CMG5ApfcGPSJRjFa_jpg.rf.fc5f03271d15151e1248d814c99e75ef.jpg,0,0,1,0,0,0,0,1,1
video-TTDq3x6HSvFx3YRDH-frame-001139-FK2BWRR78KGtSgqkb_jpg.rf.fc55780799eda4166679ccb634fb4f93.jpg,0,0,1,0,0,0,1,1,0
video-7yaY3LisuPdNyfZH9-frame-005674-z3Fbk4tCsdsbwnNHH_jpg.rf.fcc6b67e633bdab6db924f0ec04433ec.jpg,0,0,1,0,0,0,1,1,0
video-r68Yr9RPWEp5fW2ZF-frame-002886-dweNFjzJXWw2yGfuh_jpg.rf.fcc0cf782a45024f6024140c525c97bd.jpg,1,0,1,0,1,0,1,1,0
video-5YffDt2oYT6CDzYHk-frame-001067-itwcTK9qETMo3mRvP_jpg.rf.fcd184d3e8def3e837ff6e22976192e0.jpg,0,0,1,1,1,0,1,0,0
video-AEZAaF8epmvQv5Nfj-frame-010254-4kSbvCruxPmxcNtpa_jpg.rf.fcbd15fc2af38acb1195b5e92c0d13af.jpg,0,0,1,0,0,0,1,0,0
video-DJYDQTZH7GLCqw3Tx-frame-002394-Jy5cY9ZQcpTTWiesX_jpg.rf.fcac7aee8b582a18aa9190798a99f26e.jpg,1,0,1,0,0,0,1,1,0
video-JFiGa9oAAN2queuLt-frame-005317-MkA2xJEJGa3c5edta_jpg.rf.fc61fb23b0354d69b49ea484255e9edc.jpg,0,1,1,0,0,0,1,0,0
video-r68Yr9RPWEp5fW2ZF-frame-006816-c5a6N93TRhii5sJ2K_jpg.rf.fc7daec4b5f3ffe935db825219598bc1.jpg,0,0,1,0,0,0,1,1,0
video-eLrXYzMxSL9NCXiQq-frame-001601-aeHuPYwKhE7tMPRfX_jpg.rf.fc84ecc32d05c0a8bfaba6b3cb836bcc.jpg,0,0,1,0,1,1,1,1,1
video-AEZAaF8epmvQv5Nfj-frame-009679-2FfipPvGuAj7PEmZR_jpg.rf.fc067ed9efffeaf16503bb878ce7b1d3.jpg,1,0,1,0,0,0,1,0,0
video-zNFzcc9wW8XB4QwTa-frame-002315-CNGcip27WeBGyoNS4_jpg.rf.fd095d3d8106bd2129eb51209bc348f6.jpg,0,0,1,0,0,0,0,0,0
video-G6FT88p5kgvAR2Y92-frame-004500-JHgzxvhHb4QJHP7YB_jpg.rf.fb8b164377d7aaa576ae940e4aac61ca.jpg,0,0,1,0,0,0,1,1,0
video-r68Yr9RPWEp5fW2ZF-frame-015605-xZNrEyPfmDB6GJc86_jpg.rf.fc9bc13f213c390ce2778ad884b22e49.jpg,1,0,1,1,1,0,1,0,0
video-wGdqQimawNX3RYv76-frame-000000-AqsvB8rvTGEdT7xXM_jpg.rf.fc97813b8f8e06f35f6242bae43ea61d.jpg,0,0,1,0,1,0,0,1,0
video-TTDq3x6HSvFx3YRDH-frame-000585-79AaQi2Rw4KyHhwts_jpg.rf.fd0bae3c99752e7557e354adfdd86a2f.jpg,0,0,1,0,0,0,1,1,0
video-AEZAaF8epmvQv5Nfj-frame-015151-fhKhost4gMLNv7XLp_jpg.rf.fd539b04aa32c03bd7c424ce5dd78c5f.jpg,0,0,1,0,0,0,1,0,0
video-PY5tYnNPcGE9WrZuq-frame-002805-SMzYRLKwiGgC2AXMW_jpg.rf.fd1e8525977309f68c32c22c88e89b40.jpg,0,0,1,0,0,0,1,0,0
video-86XuF6pPvWfBCqyNt-frame-005008-BxbpFdF6ed7BgParR_jpg.rf.fd216a2a90ac9e9a724cbd8350c01b4a.jpg,1,0,1,0,1,0,1,0,0
video-DJYDQTZH7GLCqw3Tx-frame-002434-xJ6zKx2viynWnq3j5_jpg.rf.fd9a1f0b5a28794908a55955b4a8f915.jpg,1,0,1,0,0,0,1,1,0
video-PY5tYnNPcGE9WrZuq-frame-003045-9NfQ4iPhWLhWBLj56_jpg.rf.fd23ce4bf7f1fce7af59766f72db2cb5.jpg,0,0,1,0,0,0,1,0,0
video-AEZAaF8epmvQv5Nfj-frame-009801-KDhXojAELhgFSQ6Lo_jpg.rf.fd255a80cdad4e83e695f471a1390d64.jpg,0,0,1,0,0,0,1,0,0
video-o9b92aG9EbJnkJEwF-frame-001932-wpFXtdAnD7PxW4rY4_jpg.rf.fd73abf83f637f8b99b708a7cb6861d9.jpg,0,0,1,0,0,0,1,1,0
video-5An82wT7iBmfZSwx7-frame-000989-NtgYRuCzf8hBoMdjH_jpg.rf.fd9daf81772fae43a63a223191620f47.jpg,0,0,1,1,1,0,1,1,0
video-PY5tYnNPcGE9WrZuq-frame-001951-fPw4a4xrtMtwKkq87_jpg.rf.fd71fabe9bcf6d5886d1eb19549709bb.jpg,0,0,1,0,0,0,0,0,0
video-r68Yr9RPWEp5fW2ZF-frame-011093-7eXP4PLF3b5STQJj4_jpg.rf.fdab2bcc560c893370d4567b004520c8.jpg,0,0,1,0,1,0,1,1,0
video-DJYDQTZH7GLCqw3Tx-frame-007670-JEoq2FXrCcqx2jwoE_jpg.rf.fd8aa5e1452480bfc7640ea49f2b6b0f.jpg,0,0,1,0,0,0,1,1,0
video-cprcATqPmWGnc3cgi-frame-001081-RxkHMWsMvzJjx4kf7_jpg.rf.fdd14d3bf334ca606d0c1ac18aff5595.jpg,0,0,1,0,0,0,0,1,1
video-JFiGa9oAAN2queuLt-frame-001514-jnCPveLFrg7jcuk2z_jpg.rf.fd630ee0632ba6c6b4368d259930f4b3.jpg,1,0,1,0,0,0,1,1,0
video-nodg7n2aFzCWFJBnv-frame-001060-k3cJjAQivbzjJ7uju_jpg.rf.fdf5e859e411f156d4f549952f1ae6f7.jpg,1,0,1,0,1,0,1,0,0
video-4zQqsnWRwK7SFPpBy-frame-009048-bsgLzri8Kvvqtm2aK_jpg.rf.fde94b569ea1802e19356b6904166d34.jpg,0,0,1,0,0,1,1,0,1
video-RaiPnxNTaxcGE5qfG-frame-000300-CALeyCfE8RSZwnK7a_jpg.rf.fdf569f8a75894f0dfe0741a63432c08.jpg,0,0,1,0,0,0,0,1,0
video-S5osy2ei487eAM2fw-frame-002252-uNyX74xWs4pod7Ywu_jpg.rf.fcd82b67e1dd9266ed3e8e0a9db241be.jpg,1,0,1,0,1,1,1,0,0
video-r68Yr9RPWEp5fW2ZF-frame-000413-HoXB5Cd6awCyDjtcn_jpg.rf.fe416a31d46485e421a6043b53b26d33.jpg,0,0,1,1,1,0,0,1,0
video-jEAhuERdkqBfeTdux-frame-000450-g3tfppNSrZYPbwnGr_jpg.rf.fd567dd5fa9a046908fbbd4b0da4f4fa.jpg,0,0,1,0,0,0,0,0,0
video-5Lwe5DATf4BxKtaiB-frame-000617-tjd4GE7f5AqPQ7drC_jpg.rf.fe1c1552cfdd888e3edea7a043a14b34.jpg,1,0,1,0,0,0,1,1,0
video-GXXqNLCqyu72TLx5i-frame-000972-8oPkLSm5REjF3r2PX_jpg.rf.fdb1f72b1d375bceab686135b2fb32c8.jpg,0,0,1,0,0,0,1,1,0
video-7ac97f4pH2W94Kgm4-frame-002550-8fiu3dGZbbRRASJyM_jpg.rf.fdb555b8388845a3a44a7aa42ec16bf3.jpg,0,0,1,0,0,0,0,0,0
video-dgYrcYcm5G75w2GJc-frame-000362-cTwdbNkCARvZH2fKL_jpg.rf.fe1e7ea9b0a80450c807e68140ddf0f9.jpg,0,0,1,0,0,0,1,1,0
video-XNM8eHsvxCMJ6peuj-frame-001472-Ke9SBw3K2xp8yS3Gi_jpg.rf.fe3f3e6532dabe7b9d052e2bb50015e9.jpg,0,1,1,0,1,1,1,0,0
video-DJYDQTZH7GLCqw3Tx-frame-005046-mx3oJXXuE9MCyTZg4_jpg.rf.fe60f569bbc3238a6bcc6719ba24b360.jpg,0,0,0,0,0,0,1,0,0
video-TTDq3x6HSvFx3YRDH-frame-001049-NwrB4sbE2APoLjS8Z_jpg.rf.fe500e8d14cd34e7c7771f1ca0e5d294.jpg,0,0,1,0,0,0,1,1,0
video-ydbh3ikFGJFieXswZ-frame-006750-cvYmZyurhMX8AjzGX_jpg.rf.fd9fc20756b283ed9366a8cedebc053d.jpg,0,0,1,0,0,0,0,1,0
video-5YuhMWusfM3ZMtvDx-frame-001002-zSu6ELxWM4w5GMDHY_jpg.rf.fe724c6d818bc4cabbe5b3cce77ea5ab.jpg,0,0,1,0,0,0,0,0,1
video-kDDWXrnLSoSdHCZ7S-frame-002109-CsH37b6ZdTts4xoWf_jpg.rf.fe658280163b5549f22ae0901d8559a6.jpg,0,0,1,0,1,0,1,1,0
video-TxNGEKRyWMf6Q7hS2-frame-000430-kR4YT7R8WY7ALXzhY_jpg.rf.fe913cd9df2aa81ee7bf68dbd9b7c293.jpg,0,1,1,0,0,0,0,0,0
video-DJYDQTZH7GLCqw3Tx-frame-002687-Jbi9TFJjdAA6Jwm8m_jpg.rf.fe90e35117d210e0ccac91aea028531f.jpg,1,0,1,0,0,0,1,0,0
video-JFiGa9oAAN2queuLt-frame-004437-wxYhksG5ivi2XH7Cp_jpg.rf.fe04a6893dcf2675707eab48fd2688eb.jpg,0,1,1,1,0,0,1,0,0
video-86XuF6pPvWfBCqyNt-frame-002472-KDFXi5wPAQuQ75SFj_jpg.rf.fe7c05974cca80d846f13855b0aca431.jpg,1,0,1,0,1,0,1,1,0
video-DJYDQTZH7GLCqw3Tx-frame-003057-kSfHComSBqjwg9uCr_jpg.rf.fe9c90dc09451b9b477ac114d996c319.jpg,1,0,1,0,0,0,1,0,0
video-XqruwSRkto63xLX3v-frame-005026-hGAs3rtN4F9s2BoTo_jpg.rf.fed8f1739e57580b76edcb08084a67b1.jpg,1,0,0,0,0,0,1,0,0
video-FWQff8BQpTRSt9hfA-frame-003600-yMzxePSTbkZTYn9X3_jpg.rf.fea0259b70fe305855dafe70b4c3b413.jpg,0,0,1,0,0,0,1,1,0
video-BjSfmxLQqCGjg8tya-frame-003476-8SLyGqnRzo5LsDYc9_jpg.rf.fed54f75da0c6555c66393289767e2fa.jpg,1,0,1,0,1,0,1,1,0
video-DJYDQTZH7GLCqw3Tx-frame-007980-zCKTZHfW8x7fphZ53_jpg.rf.feb67fbafff06681fb97087ec72fbe4d.jpg,1,0,1,0,0,0,1,1,0
video-8CvM2BExBLyQFZrK8-frame-000421-Nxj7sZ5WAnzh8uPmH_jpg.rf.fef71127e5a9027c8866bd6d3a54944d.jpg,1,0,1,0,1,1,1,1,0
video-dpPsuZToLaq9myAK8-frame-001654-kvZiyg3ZK5WSxaq9b_jpg.rf.feefe829c0be3895ff96b0c2b4412bed.jpg,0,0,1,0,0,0,1,0,0
video-6WgZhpFdCJP3a2cWi-frame-004400-pxcnmaanm5cYGoubX_jpg.rf.feddfef3bc883a66dde7f95edd2acd68.jpg,0,1,1,0,1,1,1,1,1
video-SyzNY82LYZrhkPH7x-frame-001202-rSdJhqwtGicQdbexq_jpg.rf.feaedc9937747c714424d232eb23411e.jpg,0,0,1,0,0,0,1,1,0
video-7EPybiwBrzjDKn7TZ-frame-000506-FsAa5y6Hmr6DDyuvF_jpg.rf.fefa5cd4dabf481203a86f8ca3332c2b.jpg,1,0,1,0,1,0,1,1,0
video-r68Yr9RPWEp5fW2ZF-frame-015445-KB882ddCWkbanqmcz_jpg.rf.feda72b641042239189cc776c304051d.jpg,1,0,1,0,1,0,1,0,0
video-GXXqNLCqyu72TLx5i-frame-000837-TdfJEF3DDRHYkEsMF_jpg.rf.fe7487ea41a420f1c6b314618c8a5fb2.jpg,0,0,1,0,0,0,1,0,0
video-WXTMrJkrK8BMoMkxk-frame-000100-FXGvTk8MTPDW8ohbH_jpg.rf.fead10dccbb2070e9a14353e03f8a497.jpg,0,0,1,0,1,0,0,1,0
video-yNoh5QQAPbR9Afm4i-frame-001544-hEFGZEfWiFbTra6yM_jpg.rf.fece8bbfa50871f5e2d0d2e6832a81dd.jpg,0,1,1,0,1,1,1,0,0
video-hmsJCeMCWjX2FhxD8-frame-000618-HLgBrPEn45wY3FLiD_jpg.rf.fe9f87d10eed064e29a25ad72c9ab811.jpg,0,0,1,0,1,1,1,1,0
video-qmuvFTzLkR28JMp7r-frame-004660-Q43dCrZipmjDzPfhe_jpg.rf.feed563356f82eca225ab87208afff9f.jpg,0,1,1,0,0,0,0,1,0
video-KTtJnXH7CcPgLeF2G-frame-002523-P68dLHiaoax7A8eQT_jpg.rf.febc2b8c21759e4929b14141b9f15251.jpg,1,0,1,0,0,0,1,0,0
video-7EPybiwBrzjDKn7TZ-frame-002857-MMXp6qzhi9w2KHJtv_jpg.rf.ff0a349fa9180ccaf2c5afe050881a58.jpg,1,0,1,0,1,0,1,1,0
video-fZKBh7mRSKHjXS2zk-frame-001950-axwXGxAjNu2jRy3TD_jpg.rf.ff0f104a9ee240ade70673a546015859.jpg,0,0,1,0,1,0,0,1,0
video-WXTMrJkrK8BMoMkxk-frame-000130-betZrcrzKFowJEKAB_jpg.rf.ff393abef3254eabd773c630b658feed.jpg,0,0,1,0,1,0,0,1,0
video-5YffDt2oYT6CDzYHk-frame-002627-WbSAEy3o9neMo748u_jpg.rf.ff1ea371e35094da6c56bf3f1795b750.jpg,0,0,1,0,1,0,1,1,1
video-BjSfmxLQqCGjg8tya-frame-003821-ixyWLAsXobb9kKv9j_jpg.rf.febf43859fec85c7dce714de8e561ec7.jpg,1,1,1,0,0,0,1,1,0
video-wGdqQimawNX3RYv76-frame-006489-jA5bGdvaAY3fcgKKt_jpg.rf.ff4b9114046a96a282ee249b65838301.jpg,0,0,0,0,0,0,1,0,0
video-Gj7ejTPCZZnD5YwPv-frame-000774-qA3dwxzzfkSrPrJEy_jpg.rf.ff5fee18b3dc5fdfb99ed45e7d5974c6.jpg,0,0,1,0,0,0,0,1,0
video-a9TgkAvMGtM2gXpdj-frame-013655-8XBzDrLmYRM6tJHcu_jpg.rf.ff5587d8afc56304725ed26240e8119c.jpg,1,0,1,0,1,1,1,1,1
video-WiuWWrsHrJsDcfFzg-frame-006704-Rps7Wtde8PoXgbJk8_jpg.rf.ff5f21973990fb19ecdfcb6a7a8995af.jpg,0,1,1,0,1,0,1,1,0
video-JFiGa9oAAN2queuLt-frame-004227-7fQPPRikdq2G2vGWj_jpg.rf.ff657e2f77c0a9056095a3838defd215.jpg,0,1,1,1,0,0,1,0,0
video-AEZAaF8epmvQv5Nfj-frame-014701-iwurewQNM5xpk7aDj_jpg.rf.ffc974b04ffbcb613717d2390d801a11.jpg,0,0,1,0,0,0,1,0,0
video-7EPybiwBrzjDKn7TZ-frame-004058-eMQFKqTwJj5KHayr6_jpg.rf.ffd5079687f2c326988e88b6aadbe51b.jpg,0,0,1,0,0,0,1,0,0
video-mBQmysFvQtPK36MsF-frame-005381-NiyYQXuXb7TY8GEbZ_jpg.rf.ffa26aeea9c9315bb866570777b07cac.jpg,0,0,1,0,0,0,0,1,0
video-YzRKMLLSDnZLFpPmg-frame-009828-DvKrJgFev2HGX6kfm_jpg.rf.ff6358c4a5a0bb562beff64e38165b2e.jpg,0,1,1,0,0,0,0,1,0
video-r68Yr9RPWEp5fW2ZF-frame-000343-HPmxExALSDLwLudqu_jpg.rf.ff9fb864ea353be0a1f0ee34511cdd6f.jpg,0,0,1,1,1,0,1,1,0
video-iFWh9r9TJWmTzTrha-frame-005645-rvn2PKASf2CSP6cRM_jpg.rf.ff8d1f3573399eaf2ec97620c2143881.jpg,0,0,0,0,1,0,1,1,0
video-7yaY3LisuPdNyfZH9-frame-002876-dtvpNbmorYqnkx4yT_jpg.rf.ff75dfa4e88dd44cc6a9ee5b669eedfc.jpg,0,0,1,0,1,0,1,1,0
video-EcPY55txZdfhevYiW-frame-005089-cjWf4r5hy4tDciQHh_jpg.rf.ff737ff4b924bac70a25bdffd22092e8.jpg,0,1,1,0,1,1,1,1,1
video-ooW42bEtJrR4gufJr-frame-001500-ec8JEEWqEJahYCof9_jpg.rf.ffd756ae554dd9cd7d958df38be938bd.jpg,0,0,1,0,0,0,0,1,0
video-8CvM2BExBLyQFZrK8-frame-000471-4p3um2tWtQW965tDs_jpg.rf.fff8840bea4ff09657aac8e79fa7db13.jpg,0,0,1,0,1,0,1,1,0
video-MoCHppHsM4bnncPmS-frame-002622-Ljapu48qwtsTQc9z2_jpg.rf.ff9f4ea5e004dbcb65c2572f659f0725.jpg,1,0,1,0,0,0,1,1,0
video-AEZAaF8epmvQv5Nfj-frame-008520-FjiY83Q9Gf2Sx388T_jpg.rf.ffe4f63dd55bbc9f71b7a2585f80d158.jpg,1,0,1,0,0,0,1,0,0
video-bk2x9u9JivsWRS9Nk-frame-003597-LRpDcGGBgQSXwrkSd_jpg.rf.fff30cc0eb945f299df1b3177b6d5b13.jpg,0,0,1,0,0,0,1,1,0
video-jNQtRj6NGycZDEXpe-frame-001603-iFBARj7CfZiP9odsn_jpg.rf.ffe43969cb30db4a76cf196106fd67ad.jpg,0,0,1,0,0,0,0,1,0
video-BjSfmxLQqCGjg8tya-frame-001698-Tupx5cqYXctewxyrA_jpg.rf.ff4b3a42f1a99be8b01f3271e0a73f6d.jpg,0,0,1,0,1,0,1,1,0
video-BjSfmxLQqCGjg8tya-frame-007408-zADypAtt6YrSDJpXf_jpg.rf.fff85df9647efe2d415863424703e40c.jpg,0,0,1,0,0,0,1,1,0
video-TEAocgWiwwMWxYtgJ-frame-000246-N2edYgcHEpnbrYX7W_jpg.rf.ff5fe361b8fb97c92ecc5809009f29b3.jpg,0,0,1,0,0,0,1,0,0
video-jNQtRj6NGycZDEXpe-frame-009400-qu7uNCQmLsxa9SLGB_jpg.rf.ffa45b983172d442422ac19ca87a48e1.jpg,0,0,1,0,1,0,1,1,0
video-AP7PvpujjZZGLnsJt-frame-000000-BtPxgMNTh9n5jZTB6_jpg.rf.04afc0212861c3e6cff1fceb65b8202c.jpg,0,0,1,0,1,0,1,1,0
video-AP7PvpujjZZGLnsJt-frame-001500-ABoEQLQP8hzGRzEGC_jpg.rf.043e893535936c92ddba6a0752ec14b8.jpg,0,0,1,0,0,0,0,0,0
video-Qk8msXvMopoYNDdco-frame-002555-y2f56bRFNJ3s5Tpiz_jpg.rf.038704849fe26aa163dd71651a7bdb68.jpg,0,0,1,0,0,0,1,1,0
video-57kWWRyeqqHs3Byei-frame-001375-WLDQvCwXGxqarcFLD_jpg.rf.1096e3269f21698370cf204e2dc19176.jpg,0,0,1,0,0,0,1,1,0
video-JhYLiFCieHQHaY8o7-frame-003726-L3FBeqTg4nAMfLEPH_jpg.rf.1de741e816ff4c8ea5a3f81676d7deb8.jpg,1,0,1,0,1,0,1,0,0
video-CcyAxT5682LqWZtBv-frame-001800-vutW7pqrmo5wEojpK_jpg.rf.216b1b9395603af395b6b38428a81ab5.jpg,0,0,0,0,0,0,0,1,0
video-YQpCvGJxowy9uhkCw-frame-006150-YNCHWc3sYovvkewby_jpg.rf.23a437177bef90f6a1d3b16301ca0572.jpg,0,0,1,0,0,0,0,0,0
video-kBvcuDMtYv2Z4kmXi-frame-004279-4FAN9zk86GowdzRqB_jpg.rf.2ad8a28098abdb0543dbb5a7f42d2135.jpg,0,0,1,0,0,1,1,0,1
video-Qk8msXvMopoYNDdco-frame-001870-emqxj6dr283DDZvzQ_jpg.rf.2d49112a51b9f84fcc875f1ca8dd1f50.jpg,1,0,1,0,0,0,1,1,0
video-JhYLiFCieHQHaY8o7-frame-004840-cGSW559AiJSz3Ybs6_jpg.rf.2ff2904bd21fecbc3dbcf603e53738eb.jpg,1,0,1,0,1,0,1,0,0
video-JhYLiFCieHQHaY8o7-frame-005586-JMg8J4sDeHsApGQGR_jpg.rf.295e07cc4d6d7c8c37d3e807b2bcaa8f.jpg,0,1,1,0,1,0,1,0,0
video-JhYLiFCieHQHaY8o7-frame-004146-gaEWnAENxwYaYYzEF_jpg.rf.3534c76fa39e6b9e7bf670286adb4022.jpg,0,0,1,0,0,0,1,0,0
video-nMfT5vK8MfEEjQ44W-frame-002400-nQdyr34WNDn6GKFPS_jpg.rf.3417d15cc4d8e59932751b9f0f26ec61.jpg,0,0,0,1,0,0,0,0,0
video-qymmXK6iWMStjBiLf-frame-000638-hv3CvXBhCiretNcyL_jpg.rf.5f6038e35533c9a03c7c15595495cd0d.jpg,0,0,1,0,0,0,0,0,0
video-57kWWRyeqqHs3Byei-frame-001026-YDXa3qZEgxYdeLSSE_jpg.rf.5d28ed8c8208c916f989188f32407339.jpg,0,0,1,0,0,0,1,1,0
video-JhYLiFCieHQHaY8o7-frame-004086-Lir75GmCh7JsFBNTS_jpg.rf.45be8826883819f290eec80107b2ca4a.jpg,1,0,1,0,1,0,1,1,0
video-zp8ed5vPKfAJ2fKWh-frame-000180-TwnTLEtJ8hnzZ4nvC_jpg.rf.6fc7d6e6ed9883b32bd343f863447360.jpg,0,0,0,0,1,0,1,1,0
video-kBvcuDMtYv2Z4kmXi-frame-001739-BzCzR29627s8EWnhS_jpg.rf.6551eb6c5890b7dcce5a935ba739e3a3.jpg,1,0,1,0,1,0,1,1,0
video-zp8ed5vPKfAJ2fKWh-frame-000550-naE5M2E7jKwrMJNN8_jpg.rf.67a9e4c112bb44862711a81219ea52cd.jpg,0,1,1,0,1,0,1,1,0
video-kBvcuDMtYv2Z4kmXi-frame-003473-fMK2N7vTmok2k83dR_jpg.rf.4e687b1bd2ad79a6a19b8aebabc7dc68.jpg,0,1,1,0,0,0,1,0,0
video-JhYLiFCieHQHaY8o7-frame-005260-LpPvz3BwXrbzv7dYf_jpg.rf.4fb59c86c53664b816f8333551a69aee.jpg,0,0,0,1,1,0,1,1,0
video-k5bTJAiyEgHismN7Y-frame-003468-Rjqxm653FzE5JE34z_jpg.rf.5a517432225b05408516903a299a5b93.jpg,0,0,1,0,1,0,0,1,0
video-AP7PvpujjZZGLnsJt-frame-006341-vwcY3fN86qdcdFu48_jpg.rf.3feb1135887dbebdc93c1f3f78d26f0f.jpg,0,0,1,0,1,0,1,1,0
video-57kWWRyeqqHs3Byei-frame-004036-qFPFPqaLHjivjuBTX_jpg.rf.73adcfe84d7e2fe2356dfed72d738618.jpg,0,0,1,0,0,0,1,1,0
video-57kWWRyeqqHs3Byei-frame-005477-zN9Egs5RcHGxsNLZQ_jpg.rf.755512b7a1f0146ff43fec4bb12bebd3.jpg,0,0,1,0,0,0,1,1,0
video-AP7PvpujjZZGLnsJt-frame-003718-WgaxuM3CJeb6dFPvH_jpg.rf.780f56a9ded25eac24e3f5a2658946d2.jpg,0,0,1,0,0,0,1,1,0
video-57kWWRyeqqHs3Byei-frame-005372-JMbNj8876SGCfHFNG_jpg.rf.7a3db8d01f4ad3675430d6626ebbb137.jpg,0,0,1,0,0,0,1,1,0
video-57kWWRyeqqHs3Byei-frame-000951-SYQNvB8sKXjZbEPsp_jpg.rf.898834b1c9608dcc87f99bd5b2edb140.jpg,0,0,1,0,0,0,1,1,0
video-57kWWRyeqqHs3Byei-frame-003569-2DQLkZi8uhpdy36SH_jpg.rf.81876e21beb402e60c1c9ea65fde71cb.jpg,0,0,1,0,0,0,1,1,0
video-M3RnGhMTucGPeqziZ-frame-006000-bHsz6zjDYb94mvnDM_jpg.rf.815466ad43ec9fbf7408bba9b11befcd.jpg,0,0,1,1,0,0,0,1,0
video-YQpCvGJxowy9uhkCw-frame-004350-YeGiky7s6zx53DXu8_jpg.rf.7efee4ce1aa1e7b25ed1eae22c6166a8.jpg,0,0,1,0,0,0,0,1,0
video-WcRvuoSJHRxDoTmaT-frame-002400-uxC9htZFXqmsQP7JH_jpg.rf.52de6355ae8fb0d6abf2fef644816c96.jpg,0,0,1,0,0,0,0,0,0
video-Qk8msXvMopoYNDdco-frame-000105-jtLyrguA5YFDiML2m_jpg.rf.922751343eb27265b4e0307f5e5bb29e.jpg,0,0,1,0,1,0,1,1,0
video-zp8ed5vPKfAJ2fKWh-frame-002103-D2LjM5rWzfTzSNjDy_jpg.rf.a63501a9ac6079a6838c2e3381429787.jpg,0,0,1,0,0,0,1,1,0
video-JhYLiFCieHQHaY8o7-frame-004975-bchajkSsDigzv92K5_jpg.rf.8757d4e34da41d6df7b739ca661ef01b.jpg,1,0,1,0,1,0,1,1,0
video-Qk8msXvMopoYNDdco-frame-000180-TQXywwzKihDG6PwJu_jpg.rf.86baab7b27cf86c7b4f5c88a5732adca.jpg,0,0,1,0,1,0,1,1,0
video-57kWWRyeqqHs3Byei-frame-003794-XzJ7ADwpsk9cZAuWu_jpg.rf.9aeaae1460b82aa7e6338348df336594.jpg,0,0,1,0,0,0,1,1,0
video-JhYLiFCieHQHaY8o7-frame-002150-yuLaeCPQ56qZj3yK2_jpg.rf.a9a9cb69522af4deff6a150ea3d2bcbd.jpg,0,0,1,0,1,0,1,1,0
video-Qk8msXvMopoYNDdco-frame-000255-A6P8YFLiEwKmEDYe8_jpg.rf.b459c5742f08d3f19b87d570e07c51b5.jpg,0,0,1,1,1,0,1,1,0
video-Qk8msXvMopoYNDdco-frame-002385-joSQo2jGeXLPMddh3_jpg.rf.9427259fd8362ffa4ea5fe2a36dfb14e.jpg,0,0,1,0,0,0,1,1,0
video-JhYLiFCieHQHaY8o7-frame-002330-AuxsGKbGukKXt8br4_jpg.rf.96bf1107478dc5c789f7b6e83f08d24a.jpg,0,0,1,0,1,0,0,1,0
video-nMfT5vK8MfEEjQ44W-frame-005891-sXWJZ7HfhBSkZj6Wx_jpg.rf.9744ec3f603f0c70e31c11277a5d047e.jpg,1,0,1,0,0,0,1,1,0
video-nMfT5vK8MfEEjQ44W-frame-006491-7DW62ATPj8idPJiYr_jpg.rf.83bd28de9f850a367c87d8e19f7a23ca.jpg,0,0,1,0,0,0,0,1,0
video-zp8ed5vPKfAJ2fKWh-frame-005821-K8PoW2KKBdam5HATE_jpg.rf.964bf5989a1928ea7b1c7e88d7349418.jpg,0,0,1,1,1,0,1,1,1
video-mKfYgxHA8ZZmXvw56-frame-002065-fkKNMv4Mhqw8n9Ksr_jpg.rf.bfd173e2d2f972e332695af10c41e4e9.jpg,0,0,1,0,0,0,0,0,0
video-JhYLiFCieHQHaY8o7-frame-005305-ZHsiCLc3wcbyRQBKR_jpg.rf.c33bb2d2bec6171a9617aa1251b8d1ab.jpg,0,0,1,1,1,0,1,1,0
video-JhYLiFCieHQHaY8o7-frame-005035-xH8mSe8nB4uRzdzzA_jpg.rf.a084fdce692356d397bc402f9c5ceef1.jpg,1,0,1,0,1,0,1,0,0
video-zp8ed5vPKfAJ2fKWh-frame-005956-8koo4zGP5768t5L6C_jpg.rf.c4acc6000cf1800bd935e9cf9ab8439a.jpg,0,1,1,0,1,0,1,1,0
video-YQpCvGJxowy9uhkCw-frame-003300-qwk5uS5a4NSyYCCqF_jpg.rf.b79ea5aa2ea8559aaaaf1757eeb6f325.jpg,0,0,1,0,0,0,0,1,0
video-M3RnGhMTucGPeqziZ-frame-002100-5xmet9CFjBubpWgJZ_jpg.rf.b5f41c218eeaf5a92dba1257c181356b.jpg,0,0,1,0,0,0,0,0,0
video-Qk8msXvMopoYNDdco-frame-000895-dQBqdSpC2fpDkbKcN_jpg.rf.c914f78586272d0e9370072f4fbb6dda.jpg,0,0,1,0,0,0,1,1,0
video-kBvcuDMtYv2Z4kmXi-frame-005107-LMqyE7tCh3CyAF5AG_jpg.rf.cc9ea9dfebc836105824b3be5a146a84.jpg,0,0,1,0,1,1,1,1,0
video-kBvcuDMtYv2Z4kmXi-frame-008557-76rxiNyDKoBoDmbGa_jpg.rf.c83a35b8e7cdd03cb29f0486241250be.jpg,0,1,1,0,0,0,1,0,0
video-JhYLiFCieHQHaY8o7-frame-002300-K67t4druY4cBJhCN7_jpg.rf.e03590e903cf9d417eb73b96df9adab1.jpg,0,0,1,0,1,0,0,1,0
video-JhYLiFCieHQHaY8o7-frame-002492-7nNn2FR37ExshpyBh_jpg.rf.e0ce19b7cd950e3ae5d26679a18c1b30.jpg,1,0,1,0,0,0,0,1,0
video-57kWWRyeqqHs3Byei-frame-001555-xDR4yEPgPRefKwRjN_jpg.rf.c4abcacd27d1f67e90eab2b5695f2095.jpg,0,0,1,0,0,0,1,1,0
video-kBvcuDMtYv2Z4kmXi-frame-004768-JFW4ay6gPyNMMQrbR_jpg.rf.d7f5ebc145e42fee71afb8806629618f.jpg,0,0,1,0,1,0,1,1,0
video-kBvcuDMtYv2Z4kmXi-frame-011920-ot86knAPoHGBfuHBS_jpg.rf.d602675c224caec49d5feb18f44ac384.jpg,0,1,1,0,1,1,1,0,0
video-kBvcuDMtYv2Z4kmXi-frame-013182-CLjbjw2KYgtmdRvLf_jpg.rf.f03a6ef0b994b9b5caee2110eaf76cb2.jpg,0,0,1,0,1,0,1,0,0
video-WcRvuoSJHRxDoTmaT-frame-002100-vKtprSDesWyGzuA6k_jpg.rf.fae9ffb13e8c133d0142825452de4042.jpg,0,0,1,0,0,0,0,1,0
video-YQpCvGJxowy9uhkCw-frame-001800-2LiuvdJnibE9xSsHG_jpg.rf.d26fc7ffe7b84a424f8353040ca3a284.jpg,0,0,1,0,0,0,0,0,0
video-57kWWRyeqqHs3Byei-frame-003404-Xc8FRjTML6T59NvaM_jpg.rf.f797b25ad33a840bb98423dcdb06a797.jpg,0,0,1,0,0,0,1,1,0
video-JhYLiFCieHQHaY8o7-frame-004960-uDHpGQPRz6JpKzbpc_jpg.rf.ee2066408be7031d05a58ba791bd7154.jpg,1,0,1,0,1,0,1,1,0
video-Qk8msXvMopoYNDdco-frame-000360-SemPyX94fgbWvdgDZ_jpg.rf.dc7f8f93f3d48c22fb5f776155d89b30.jpg,0,0,1,1,1,0,1,1,0
video-JhYLiFCieHQHaY8o7-frame-001969-7XWqcePXpJQS63Jvt_jpg.rf.de33580cfedf74a00edd1c434ce759a5.jpg,0,0,1,0,1,0,1,0,0
video-mKfYgxHA8ZZmXvw56-frame-009145-a7SGrYKQDBYcf5e3T_jpg.rf.f0f23bebdb13c8d4a06664178166bae5.jpg,0,0,1,0,1,0,1,0,0
