path_img,bbox,class_id
/home/huy/Documents/de_tai_tot_nghiep/Drone Thermal.v4i.voc/imgs/1_70_70_0_07716_jpg.rf.a55792770fdca07819470900e71138e2.jpg,"[[1141.0, 134.0, 36, 58], [1088.0, 195.0, 46, 68], [1142.0, 277.0, 50, 68]]","[1, 1, 1]"
/home/huy/Documents/de_tai_tot_nghiep/Drone Thermal.v4i.voc/imgs/1_70_30_0_07585_jpg.rf.2ae3689f638295578dbf0755381a97f9.jpg,"[[291.0, 697.0, 32, 60], [866.0, 830.0, 46, 58]]","[1, 1]"
/home/huy/Documents/de_tai_tot_nghiep/Drone Thermal.v4i.voc/imgs/0_120_40_0_05358_jpg.rf.12603b69f812c67aeea9d453e681dd3f.jpg,[],[]
/home/huy/Documents/de_tai_tot_nghiep/Drone Thermal.v4i.voc/imgs/1_110_90_0_05936_jpg.rf.ce0e8c8c4ae6aa6d796da74b143c2763.jpg,"[[1016.0, 167.0, 38, 32]]",[1]
/home/huy/Documents/de_tai_tot_nghiep/Drone Thermal.v4i.voc/imgs/0_110_60_0_08455_jpg.rf.6e20d9cd019689f49fd737c9e0f78664.jpg,[],[]
/home/huy/Documents/de_tai_tot_nghiep/Drone Thermal.v4i.voc/imgs/1_80_60_0_01241_jpg.rf.32e0dc1fa7dff7a74c4ce0219211bd36.jpg,"[[598.0, 690.0, 22, 50], [639.0, 799.0, 32, 52], [869.0, 166.0, 32, 50], [881.0, 262.0, 20, 46], [902.0, 260.0, 18, 46], [968.0, 167.0, 22, 44], [990.0, 196.0, 26, 42], [946.0, 221.0, 26, 52], [949.0, 267.0, 28, 52], [932.0, 786.0, 26, 22], [802.0, 733.0, 18, 24], [791.0, 770.0, 28, 34], [832.0, 740.0, 22, 26], [946.0, 806.0, 42, 50], [874.0, 913.0, 34, 40], [995.0, 835.0, 20, 40], [1033.0, 844.0, 44, 50], [984.0, 905.0, 26, 44]]","[1, 1, 1, 1, 1, 1, 1, 1, 1, 1, 1, 1, 1, 1, 1, 1, 1, 1]"
/home/huy/Documents/de_tai_tot_nghiep/Drone Thermal.v4i.voc/imgs/0_70_40_0_01911_jpg.rf.819ae55788047e705f5d15c911adedbd.jpg,"[[26.0, 319.0, 34, 44], [861.0, 319.0, 24, 48], [831.0, 337.0, 20, 36], [894.0, 370.0, 22, 50], [837.0, 448.0, 20, 42], [923.0, 353.0, 24, 44], [953.0, 416.0, 16, 34], [437.0, 490.0, 32, 38], [542.0, 504.0, 26, 42], [446.0, 546.0, 30, 38], [473.0, 569.0, 36, 40], [509.0, 558.0, 28, 38], [451.0, 589.0, 24, 40], [575.0, 567.0, 28, 44], [578.0, 617.0, 26, 40], [925.0, 426.0, 20, 30], [497.0, 746.0, 52, 50], [659.0, 722.0, 24, 38]]","[1, 1, 1, 1, 1, 1, 1, 1, 1, 1, 1, 1, 1, 1, 1, 1, 1, 1]"
/home/huy/Documents/de_tai_tot_nghiep/Drone Thermal.v4i.voc/imgs/1_120_70_0_06095_jpg.rf.d104283c7b143bb7edf6397d5a18d0e6.jpg,[],[]
/home/huy/Documents/de_tai_tot_nghiep/Drone Thermal.v4i.voc/imgs/0_100_30_0_03291_jpg.rf.0fb6044bc786e782945ef839a3551716.jpg,"[[793.0, 70.0, 12, 34], [805.0, 69.0, 12, 24], [393.0, 293.0, 16, 32]]","[1, 1, 1]"
/home/huy/Documents/de_tai_tot_nghiep/Drone Thermal.v4i.voc/imgs/0_110_70_0_08469_jpg.rf.169dbcc50bc88f8b77f89b3b91ec323e.jpg,[],[]
/home/huy/Documents/de_tai_tot_nghiep/Drone Thermal.v4i.voc/imgs/1_60_50_0_00301_jpg.rf.abb9985d8454ede359b1f856b9a94a41.jpg,"[[920.0, 727.0, 26, 56], [111.0, 437.0, 32, 44], [381.0, 149.0, 24, 56], [838.0, 725.0, 26, 56], [1270.0, 254.0, 22, 54]]","[1, 1, 1, 1, 1]"
/home/huy/Documents/de_tai_tot_nghiep/Drone Thermal.v4i.voc/imgs/0_130_30_0_05586_jpg.rf.3a86a4497a290fd71136720e0059f3fd.jpg,[],[]
/home/huy/Documents/de_tai_tot_nghiep/Drone Thermal.v4i.voc/imgs/1_60_70_0_00546_jpg.rf.7d084b1e5983459c441b8b62617a5726.jpg,"[[1036.0, 22.0, 38, 42], [1006.0, 103.0, 38, 60], [778.0, 512.0, 34, 50], [959.0, 841.0, 36, 56]]","[1, 1, 1, 1]"
/home/huy/Documents/de_tai_tot_nghiep/Drone Thermal.v4i.voc/imgs/0_80_90_0_02277_jpg.rf.edb1b1b55741d5dcfce93db4a6b11a94.jpg,"[[1111.0, 55.0, 28, 28], [1216.0, 49.0, 26, 40], [88.0, 96.0, 34, 34], [1084.0, 432.0, 42, 42], [842.0, 517.0, 26, 32], [861.0, 583.0, 32, 44], [995.0, 659.0, 40, 48], [818.0, 584.0, 50, 34], [770.0, 597.0, 34, 28], [793.0, 664.0, 52, 22], [983.0, 780.0, 40, 34]]","[1, 1, 1, 1, 1, 1, 1, 1, 1, 1, 1]"
/home/huy/Documents/de_tai_tot_nghiep/Drone Thermal.v4i.voc/imgs/1_80_50_0_08661_jpg.rf.82f692efc873190a0eceb3bfc96dd4cc.jpg,[],[]
/home/huy/Documents/de_tai_tot_nghiep/Drone Thermal.v4i.voc/imgs/0_60_50_0_01694_jpg.rf.bc34f902f0aecd53b35ab087546f6c08.jpg,"[[240.0, 566.0, 26, 58], [300.0, 551.0, 26, 40], [296.0, 615.0, 22, 56], [382.0, 621.0, 22, 40], [803.0, 365.0, 28, 56], [814.0, 322.0, 22, 46], [926.0, 333.0, 30, 56], [1075.0, 328.0, 16, 46], [1062.0, 352.0, 22, 46], [684.0, 853.0, 26, 44], [609.0, 710.0, 32, 46], [936.0, 278.0, 22, 34]]","[1, 1, 1, 1, 1, 1, 1, 1, 1, 1, 1, 1]"
/home/huy/Documents/de_tai_tot_nghiep/Drone Thermal.v4i.voc/imgs/1_80_30_0_04605_jpg.rf.584275b91c4d21d9965ed2ce986e3016.jpg,"[[680.0, 862.0, 18, 42]]",[1]
/home/huy/Documents/de_tai_tot_nghiep/Drone Thermal.v4i.voc/imgs/0_120_50_0_05386_jpg.rf.21273c2981322fdc7560059d31dfb3d3.jpg,[],[]
/home/huy/Documents/de_tai_tot_nghiep/Drone Thermal.v4i.voc/imgs/0_110_70_0_08479_jpg.rf.edd93b2039de94c31a0fc0e7fb57675f.jpg,[],[]
/home/huy/Documents/de_tai_tot_nghiep/Drone Thermal.v4i.voc/imgs/0_100_80_0_08241_jpg.rf.c5897bcdeb58b53b3d5b8e54aa749582.jpg,[],[]
/home/huy/Documents/de_tai_tot_nghiep/Drone Thermal.v4i.voc/imgs/1_130_50_0_03901_jpg.rf.09ed046746bf4acf22e2715e2484a89a.jpg,"[[554.0, 162.0, 18, 34], [582.0, 141.0, 18, 36], [597.0, 165.0, 12, 24], [606.0, 177.0, 14, 36], [606.0, 150.0, 14, 26], [620.0, 138.0, 14, 30]]","[1, 1, 1, 1, 1, 1]"
/home/huy/Documents/de_tai_tot_nghiep/Drone Thermal.v4i.voc/imgs/0_110_70_0_03695_jpg.rf.a240881daee2fbe9a158b71723789459.jpg,"[[365.0, 851.0, 24, 32], [636.0, 945.0, 22, 32]]","[1, 1]"
/home/huy/Documents/de_tai_tot_nghiep/Drone Thermal.v4i.voc/imgs/0_110_80_0_08520_jpg.rf.1a04cc6133fa0f82336c37c525c87865.jpg,"[[612.0, 227.0, 22, 40]]",[1]
/home/huy/Documents/de_tai_tot_nghiep/Drone Thermal.v4i.voc/imgs/1_80_40_0_08636_jpg.rf.240969cdf3ef8613537ffa8228561192.jpg,"[[625.0, 181.0, 28, 44]]",[1]
/home/huy/Documents/de_tai_tot_nghiep/Drone Thermal.v4i.voc/imgs/0_120_80_0_09607_jpg.rf.329a62d466a61a00964305dbb8fe89ec.jpg,"[[1083.0, 201.0, 24, 36]]",[1]
/home/huy/Documents/de_tai_tot_nghiep/Drone Thermal.v4i.voc/imgs/1_60_50_0_00397_jpg.rf.a1efa96b735bacddc7c811f7043b3c9c.jpg,"[[317.0, 235.0, 28, 52], [463.0, 55.0, 32, 56], [618.0, 200.0, 30, 58], [695.0, 211.0, 28, 56], [1088.0, 638.0, 30, 58], [860.0, 924.0, 30, 50], [899.0, 999.0, 28, 48], [760.0, 484.0, 26, 62]]","[1, 1, 1, 1, 1, 1, 1, 1]"
/home/huy/Documents/de_tai_tot_nghiep/Drone Thermal.v4i.voc/imgs/1_60_50_0_00320_jpg.rf.57d4ca273107d5cd3604e444993a4010.jpg,"[[374.0, 34.0, 34, 50], [312.0, 68.0, 38, 58], [565.0, 145.0, 24, 52], [391.0, 298.0, 24, 50], [686.0, 394.0, 30, 62], [724.0, 443.0, 30, 68], [1076.0, 650.0, 34, 54]]","[1, 1, 1, 1, 1, 1, 1]"
/home/huy/Documents/de_tai_tot_nghiep/Drone Thermal.v4i.voc/imgs/1_100_80_0_02477_jpg.rf.59ae298e527735a1241cf721c14361c3.jpg,"[[896.0, 127.0, 22, 36], [901.0, 22.0, 36, 38], [815.0, 150.0, 40, 50], [729.0, 36.0, 24, 34], [680.0, 667.0, 30, 40], [619.0, 599.0, 16, 40], [529.0, 545.0, 48, 56], [491.0, 574.0, 40, 42], [512.0, 646.0, 30, 26], [494.0, 725.0, 34, 40], [423.0, 678.0, 24, 30]]","[1, 1, 1, 1, 1, 1, 1, 1, 1, 1, 1]"
/home/huy/Documents/de_tai_tot_nghiep/Drone Thermal.v4i.voc/imgs/1_60_60_0_00515_jpg.rf.7ecd1a641cdb97f981fb28f51010f1f8.jpg,"[[610.0, 18.0, 18, 34], [790.0, 602.0, 22, 50], [787.0, 679.0, 24, 48], [681.0, 804.0, 28, 58], [484.0, 972.0, 26, 62]]","[1, 1, 1, 1, 1]"
/home/huy/Documents/de_tai_tot_nghiep/Drone Thermal.v4i.voc/imgs/0_130_60_0_05651_jpg.rf.38e5e7abb4af9cfb3ccf9e1c25798d14.jpg,[],[]
/home/huy/Documents/de_tai_tot_nghiep/Drone Thermal.v4i.voc/imgs/1_100_50_0_05178_jpg.rf.7465c8ff164fb96c8d5c985cb4335d4b.jpg,"[[1218.0, 777.0, 30, 36]]",[1]
/home/huy/Documents/de_tai_tot_nghiep/Drone Thermal.v4i.voc/imgs/0_110_30_0_08322_jpg.rf.31fe4a8dbbc5497ce0a29fb186af0c90.jpg,[],[]
/home/huy/Documents/de_tai_tot_nghiep/Drone Thermal.v4i.voc/imgs/1_90_50_0_08872_jpg.rf.f6d7a838916f986b8230f8a84b95a2ba.jpg,[],[]
/home/huy/Documents/de_tai_tot_nghiep/Drone Thermal.v4i.voc/imgs/1_90_60_0_04941_jpg.rf.5acaa02f85a393c87e5114333fbe84d0.jpg,"[[1119.0, 652.0, 24, 34], [873.0, 248.0, 24, 42], [894.0, 252.0, 18, 42]]","[1, 1, 1]"
/home/huy/Documents/de_tai_tot_nghiep/Drone Thermal.v4i.voc/imgs/1_100_50_0_05182_jpg.rf.19b91f7fdfb9a797188606b4206ba8b8.jpg,[],[]
/home/huy/Documents/de_tai_tot_nghiep/Drone Thermal.v4i.voc/imgs/1_130_90_0_10161_jpg.rf.ed822a32fbe42ea62aaaeddf8c3b0b1e.jpg,[],[]
/home/huy/Documents/de_tai_tot_nghiep/Drone Thermal.v4i.voc/imgs/1_130_50_0_03911_jpg.rf.2275d3e30ac2de585032537cb725bb69.jpg,"[[426.0, 422.0, 18, 30], [268.0, 12.0, 18, 22], [508.0, 418.0, 18, 34], [524.0, 454.0, 18, 34], [508.0, 454.0, 14, 26], [513.0, 475.0, 12, 28], [502.0, 480.0, 14, 38]]","[1, 1, 1, 1, 1, 1, 1]"
/home/huy/Documents/de_tai_tot_nghiep/Drone Thermal.v4i.voc/imgs/1_130_70_0_10090_jpg.rf.4ed4604716e0e589a5dca381fb31f745.jpg,[],[]
/home/huy/Documents/de_tai_tot_nghiep/Drone Thermal.v4i.voc/imgs/1_70_60_0_07673_jpg.rf.24d9c2500b0bba905638e6d51c8f3cb2.jpg,[],[]
/home/huy/Documents/de_tai_tot_nghiep/Drone Thermal.v4i.voc/imgs/1_130_60_0_07257_jpg.rf.418c9f17a049dd58b6b688cc53750753.jpg,[],[]
/home/huy/Documents/de_tai_tot_nghiep/Drone Thermal.v4i.voc/imgs/0_80_40_0_02136_jpg.rf.257ad29c608214691c296564a6d7ff56.jpg,"[[83.0, 816.0, 28, 42], [900.0, 667.0, 26, 48], [937.0, 670.0, 32, 42], [620.0, 858.0, 26, 34], [703.0, 911.0, 28, 36], [645.0, 907.0, 28, 28], [621.0, 959.0, 24, 40], [555.0, 971.0, 24, 40]]","[1, 1, 1, 1, 1, 1, 1, 1]"
/home/huy/Documents/de_tai_tot_nghiep/Drone Thermal.v4i.voc/imgs/1_130_50_0_03909_jpg.rf.097453c17de8be97ac8575470c8fbda3.jpg,"[[431.0, 381.0, 16, 36], [527.0, 370.0, 20, 34], [529.0, 408.0, 16, 34], [510.0, 421.0, 18, 36], [464.0, 414.0, 18, 34], [455.0, 454.0, 20, 34]]","[1, 1, 1, 1, 1, 1]"
/home/huy/Documents/de_tai_tot_nghiep/Drone Thermal.v4i.voc/imgs/1_90_60_0_01497_jpg.rf.65527a4b7605bd7d6f0b77b1273d4df2.jpg,"[[944.0, 443.0, 26, 24], [927.0, 468.0, 24, 38], [911.0, 503.0, 16, 32], [903.0, 529.0, 24, 44], [879.0, 526.0, 24, 42], [847.0, 489.0, 40, 52], [843.0, 528.0, 24, 38], [808.0, 480.0, 30, 46], [1141.0, 623.0, 24, 32], [1139.0, 660.0, 28, 42], [987.0, 1008.0, 28, 30]]","[1, 1, 1, 1, 1, 1, 1, 1, 1, 1, 1]"
/home/huy/Documents/de_tai_tot_nghiep/Drone Thermal.v4i.voc/imgs/1_60_70_0_00545_jpg.rf.d81db00f96bf1e3be58cc4997f096909.jpg,"[[982.0, 97.0, 30, 56], [978.0, 154.0, 42, 70], [744.0, 562.0, 34, 54], [974.0, 790.0, 34, 50]]","[1, 1, 1, 1]"
/home/huy/Documents/de_tai_tot_nghiep/Drone Thermal.v4i.voc/imgs/0_60_50_0_06522_jpg.rf.b3bdd3e84a7353204c48c5295fea2d86.jpg,[],[]
/home/huy/Documents/de_tai_tot_nghiep/Drone Thermal.v4i.voc/imgs/1_130_50_0_03927_jpg.rf.12e79714f7eddf737e08ed9b521ce714.jpg,"[[499.0, 148.0, 24, 30], [534.0, 163.0, 18, 32], [520.0, 197.0, 18, 32], [560.0, 184.0, 18, 34], [580.0, 142.0, 14, 30], [588.0, 135.0, 14, 32]]","[1, 1, 1, 1, 1, 1]"
/home/huy/Documents/de_tai_tot_nghiep/Drone Thermal.v4i.voc/imgs/0_60_80_0_01800_jpg.rf.57d9221edd06b86b82a87fe7e9dcd549.jpg,"[[826.0, 113.0, 26, 60], [989.0, 41.0, 28, 48], [435.0, 688.0, 36, 54], [673.0, 496.0, 28, 50], [477.0, 766.0, 48, 46], [724.0, 769.0, 34, 44], [1003.0, 288.0, 24, 50], [988.0, 327.0, 30, 44], [888.0, 942.0, 34, 26], [545.0, 765.0, 36, 44], [548.0, 664.0, 30, 38]]","[1, 1, 1, 1, 1, 1, 1, 1, 1, 1, 1]"
/home/huy/Documents/de_tai_tot_nghiep/Drone Thermal.v4i.voc/imgs/1_130_30_0_07146_jpg.rf.520fbec952ac7245747dbb3a585ad24a.jpg,[],[]
/home/huy/Documents/de_tai_tot_nghiep/Drone Thermal.v4i.voc/imgs/1_70_80_0_01091_jpg.rf.f400f1f18423ec1b8753d61656beb3c3.jpg,"[[1041.0, 927.0, 28, 24], [1095.0, 1006.0, 40, 34], [1049.0, 1003.0, 36, 36]]","[1, 1, 1]"
/home/huy/Documents/de_tai_tot_nghiep/Drone Thermal.v4i.voc/imgs/1_120_80_0_02984_jpg.rf.bb17172fa5205e534a12c4e64b49836e.jpg,"[[396.0, 564.0, 30, 26], [352.0, 585.0, 26, 24], [403.0, 600.0, 20, 22], [470.0, 602.0, 30, 26], [334.0, 641.0, 26, 24], [385.0, 652.0, 28, 22], [434.0, 666.0, 18, 18], [348.0, 718.0, 22, 22]]","[1, 1, 1, 1, 1, 1, 1, 1]"
/home/huy/Documents/de_tai_tot_nghiep/Drone Thermal.v4i.voc/imgs/1_120_80_0_02975_jpg.rf.168860c41874c6204473041a66ac89f9.jpg,"[[331.0, 459.0, 20, 20], [347.0, 470.0, 16, 26], [365.0, 481.0, 20, 28], [334.0, 501.0, 18, 28], [354.0, 569.0, 22, 28], [421.0, 581.0, 16, 20], [441.0, 464.0, 24, 22], [469.0, 501.0, 20, 28]]","[1, 1, 1, 1, 1, 1, 1, 1]"
/home/huy/Documents/de_tai_tot_nghiep/Drone Thermal.v4i.voc/imgs/1_60_80_0_00663_jpg.rf.211b41443eba1265f0038e8a2ea4b23a.jpg,"[[224.0, 16.0, 26, 30], [246.0, 632.0, 42, 46], [153.0, 591.0, 44, 40], [235.0, 688.0, 36, 54], [132.0, 638.0, 50, 42], [118.0, 677.0, 50, 44], [147.0, 671.0, 60, 60], [56.0, 695.0, 42, 40], [904.0, 482.0, 34, 50], [265.0, 854.0, 36, 30], [160.0, 832.0, 38, 42], [153.0, 897.0, 36, 60], [86.0, 928.0, 46, 34], [213.0, 899.0, 36, 36], [925.0, 578.0, 32, 34], [780.0, 726.0, 34, 38], [1153.0, 559.0, 36, 32], [1110.0, 586.0, 26, 38], [984.0, 675.0, 34, 44], [1027.0, 684.0, 52, 38], [1142.0, 824.0, 42, 42], [949.0, 872.0, 28, 34], [1002.0, 930.0, 46, 30], [1052.0, 916.0, 38, 42], [953.0, 988.0, 44, 46]]","[1, 1, 1, 1, 1, 1, 1, 1, 1, 1, 1, 1, 1, 1, 1, 1, 1, 1, 1, 1, 1, 1, 1, 1, 1]"
/home/huy/Documents/de_tai_tot_nghiep/Drone Thermal.v4i.voc/imgs/1_60_80_0_00640_jpg.rf.66033a554a4d4539c8ece53b2ad39f5a.jpg,"[[298.0, 588.0, 30, 42], [250.0, 676.0, 30, 34], [37.0, 583.0, 24, 32], [24.0, 603.0, 22, 32], [237.0, 12.0, 28, 22], [69.0, 634.0, 28, 46], [122.0, 692.0, 26, 42], [110.0, 653.0, 42, 52], [14.0, 721.0, 26, 48], [115.0, 816.0, 24, 34], [91.0, 929.0, 52, 32], [163.0, 833.0, 36, 48], [158.0, 898.0, 42, 58], [216.0, 899.0, 38, 36], [270.0, 855.0, 34, 36], [934.0, 508.0, 62, 86], [1036.0, 543.0, 30, 36], [896.0, 618.0, 22, 38], [944.0, 701.0, 42, 28], [1041.0, 592.0, 56, 50], [1057.0, 622.0, 48, 46], [1099.0, 649.0, 28, 36], [1081.0, 680.0, 28, 30], [1145.0, 826.0, 40, 42], [950.0, 871.0, 30, 32], [969.0, 894.0, 24, 30], [1104.0, 923.0, 38, 40], [1055.0, 915.0, 40, 48]]","[1, 1, 1, 1, 1, 1, 1, 1, 1, 1, 1, 1, 1, 1, 1, 1, 1, 1, 1, 1, 1, 1, 1, 1, 1, 1, 1, 1]"
/home/huy/Documents/de_tai_tot_nghiep/Drone Thermal.v4i.voc/imgs/1_90_90_0_01594_jpg.rf.7a0d0feefc302252dbc2bea90168e440.jpg,"[[914.0, 378.0, 18, 18], [826.0, 392.0, 26, 26], [650.0, 395.0, 26, 36], [810.0, 423.0, 38, 32], [1150.0, 572.0, 34, 26], [900.0, 585.0, 34, 32], [836.0, 567.0, 22, 28], [724.0, 569.0, 22, 28]]","[1, 1, 1, 1, 1, 1, 1, 1]"
/home/huy/Documents/de_tai_tot_nghiep/Drone Thermal.v4i.voc/imgs/1_90_50_0_08885_jpg.rf.d438e28d88e751f5c892e4629bd0b898.jpg,[],[]
/home/huy/Documents/de_tai_tot_nghiep/Drone Thermal.v4i.voc/imgs/1_120_40_0_06013_jpg.rf.790575318717b4530a74c054546b8b41.jpg,[],[]
/home/huy/Documents/de_tai_tot_nghiep/Drone Thermal.v4i.voc/imgs/1_130_50_0_03928_jpg.rf.42b4410d1b96e3d89f56056a03e7e5d7.jpg,"[[478.0, 162.0, 22, 30], [579.0, 140.0, 16, 30], [589.0, 158.0, 16, 30], [520.0, 175.0, 18, 32], [537.0, 200.0, 16, 34], [508.0, 207.0, 14, 32]]","[1, 1, 1, 1, 1, 1]"
/home/huy/Documents/de_tai_tot_nghiep/Drone Thermal.v4i.voc/imgs/0_130_60_0_05638_jpg.rf.e875b6d552170633b15dd67b100de9f6.jpg,[],[]
/home/huy/Documents/de_tai_tot_nghiep/Drone Thermal.v4i.voc/imgs/1_90_80_0_08956_jpg.rf.0c981e9dfeb72394e68750ad01969ce3.jpg,[],[]
/home/huy/Documents/de_tai_tot_nghiep/Drone Thermal.v4i.voc/imgs/0_120_40_0_09503_jpg.rf.e5c43d435a92ede63650b404641af25c.jpg,"[[117.0, 540.0, 20, 46], [139.0, 425.0, 16, 40], [267.0, 209.0, 20, 40]]","[1, 1, 1]"
/home/huy/Documents/de_tai_tot_nghiep/Drone Thermal.v4i.voc/imgs/0_100_70_0_08210_jpg.rf.8b988f3121c6ffb279a81d45858f53f0.jpg,[],[]
/home/huy/Documents/de_tai_tot_nghiep/Drone Thermal.v4i.voc/imgs/1_60_80_0_00699_jpg.rf.3f9308a5fbba73a7b77f17138c8f77fa.jpg,"[[795.0, 956.0, 36, 54], [73.0, 1015.0, 28, 16], [741.0, 359.0, 36, 40], [684.0, 410.0, 50, 38], [641.0, 400.0, 28, 50], [603.0, 562.0, 24, 38], [808.0, 532.0, 26, 34], [1260.0, 298.0, 38, 54], [748.0, 584.0, 30, 34], [841.0, 618.0, 44, 54], [779.0, 621.0, 56, 52], [893.0, 738.0, 32, 34], [703.0, 752.0, 36, 30], [638.0, 748.0, 34, 30]]","[1, 1, 1, 1, 1, 1, 1, 1, 1, 1, 1, 1, 1, 1]"
/home/huy/Documents/de_tai_tot_nghiep/Drone Thermal.v4i.voc/imgs/1_100_90_0_02520_jpg.rf.ce6b33a82ddc2829ef50a053a5a55241.jpg,"[[747.0, 85.0, 36, 40], [824.0, 166.0, 30, 26], [715.0, 189.0, 20, 28], [740.0, 233.0, 22, 24], [725.0, 488.0, 28, 22], [667.0, 542.0, 28, 22], [818.0, 661.0, 26, 36], [671.0, 656.0, 28, 26], [707.0, 742.0, 36, 38], [646.0, 738.0, 38, 34], [772.0, 787.0, 42, 44], [627.0, 830.0, 44, 46]]","[1, 1, 1, 1, 1, 1, 1, 1, 1, 1, 1, 1]"
/home/huy/Documents/de_tai_tot_nghiep/Drone Thermal.v4i.voc/imgs/0_70_40_0_06721_jpg.rf.9d4586324337bb018f588e4066ab8c3a.jpg,"[[479.0, 140.0, 32, 62], [894.0, 351.0, 26, 64], [940.0, 642.0, 22, 58]]","[1, 1, 1]"
/home/huy/Documents/de_tai_tot_nghiep/Drone Thermal.v4i.voc/imgs/1_60_60_0_00528_jpg.rf.654a535050c2b87e5e17ec4e04d51c26.jpg,"[[1197.0, 494.0, 32, 54], [853.0, 382.0, 24, 46], [599.0, 94.0, 36, 62], [837.0, 432.0, 24, 62]]","[1, 1, 1, 1]"
/home/huy/Documents/de_tai_tot_nghiep/Drone Thermal.v4i.voc/imgs/0_100_30_0_03281_jpg.rf.ed6ce373950068796ed5ab85811679fb.jpg,"[[450.0, 71.0, 14, 28], [54.0, 308.0, 14, 30], [461.0, 73.0, 12, 32], [662.0, 545.0, 14, 36], [1242.0, 646.0, 14, 38], [1228.0, 876.0, 18, 30], [944.0, 666.0, 14, 38], [1248.0, 465.0, 18, 36]]","[1, 1, 1, 1, 1, 1, 1, 1]"
/home/huy/Documents/de_tai_tot_nghiep/Drone Thermal.v4i.voc/imgs/1_100_30_0_02314_jpg.rf.6a5f008786d5411d4c2e39f32b7faa3a.jpg,"[[520.0, 919.0, 22, 32], [168.0, 983.0, 22, 28], [646.0, 306.0, 14, 30], [623.0, 310.0, 16, 30], [573.0, 294.0, 20, 30], [565.0, 336.0, 16, 30], [472.0, 329.0, 18, 28], [455.0, 413.0, 24, 44], [436.0, 393.0, 18, 48], [414.0, 389.0, 14, 28], [394.0, 442.0, 18, 42], [367.0, 412.0, 16, 30], [339.0, 423.0, 16, 24], [1130.0, 87.0, 18, 32], [1114.0, 66.0, 14, 26]]","[1, 1, 1, 1, 1, 1, 1, 1, 1, 1, 1, 1, 1, 1, 1]"
/home/huy/Documents/de_tai_tot_nghiep/Drone Thermal.v4i.voc/imgs/1_110_50_0_05795_jpg.rf.e5585ec541e5364d353bc4d7cf700501.jpg,[],[]
/home/huy/Documents/de_tai_tot_nghiep/Drone Thermal.v4i.voc/imgs/0_100_40_0_08111_jpg.rf.89b577223ea3fceb2e45c0a766381ecf.jpg,[],[]
/home/huy/Documents/de_tai_tot_nghiep/Drone Thermal.v4i.voc/imgs/0_120_60_0_05416_jpg.rf.0af0b239afb1967e96d338a678452a44.jpg,[],[]
/home/huy/Documents/de_tai_tot_nghiep/Drone Thermal.v4i.voc/imgs/0_110_30_0_03548_jpg.rf.2d367bc66919a501ca4093f524e3b9d1.jpg,"[[101.0, 607.0, 16, 32], [491.0, 316.0, 16, 30]]","[1, 1]"
/home/huy/Documents/de_tai_tot_nghiep/Drone Thermal.v4i.voc/imgs/1_80_60_0_08702_jpg.rf.4a6528fc0711ec82f4c57140a0bc61f4.jpg,[],[]
/home/huy/Documents/de_tai_tot_nghiep/Drone Thermal.v4i.voc/imgs/0_120_70_0_09592_jpg.rf.1ad33abdcde4fa14cd87c2141ea3efb2.jpg,[],[]
/home/huy/Documents/de_tai_tot_nghiep/Drone Thermal.v4i.voc/imgs/1_60_60_0_00475_jpg.rf.23dfd00f8000121cbc4f34d4e3a7de40.jpg,"[[459.0, 242.0, 36, 58], [500.0, 149.0, 26, 48], [937.0, 456.0, 20, 42]]","[1, 1, 1]"
/home/huy/Documents/de_tai_tot_nghiep/Drone Thermal.v4i.voc/imgs/0_60_70_0_01751_jpg.rf.7d72f6dec252df8e94de0830182c4d95.jpg,"[[417.0, 573.0, 24, 44], [343.0, 828.0, 36, 50], [540.0, 730.0, 30, 54], [643.0, 717.0, 36, 68], [889.0, 916.0, 36, 38], [1232.0, 275.0, 42, 60], [1248.0, 363.0, 26, 56]]","[1, 1, 1, 1, 1, 1, 1]"
/home/huy/Documents/de_tai_tot_nghiep/Drone Thermal.v4i.voc/imgs/1_80_60_0_08697_jpg.rf.e854eca986807364a0fb4958f33d6d45.jpg,"[[58.0, 990.0, 42, 54], [47.0, 1005.0, 24, 36]]","[1, 1]"
/home/huy/Documents/de_tai_tot_nghiep/Drone Thermal.v4i.voc/imgs/0_120_40_0_09484_jpg.rf.944c1bf2f4d490fd99e8e21b78592d37.jpg,[],[]
/home/huy/Documents/de_tai_tot_nghiep/Drone Thermal.v4i.voc/imgs/1_100_30_0_05095_jpg.rf.3430bdec6aee4b9fa120d20136c9e108.jpg,[],[]
/home/huy/Documents/de_tai_tot_nghiep/Drone Thermal.v4i.voc/imgs/1_60_70_0_00604_jpg.rf.19452d30f3947e252165a385978175d4.jpg,"[[707.0, 327.0, 44, 64], [507.0, 613.0, 40, 64], [163.0, 687.0, 28, 56]]","[1, 1, 1]"
/home/huy/Documents/de_tai_tot_nghiep/Drone Thermal.v4i.voc/imgs/1_60_30_0_00063_jpg.rf.4d6ca2ac5e7b2ff77124d503fd34f36f.jpg,"[[446.0, 292.0, 14, 42], [573.0, 291.0, 16, 40], [585.0, 315.0, 16, 40], [410.0, 622.0, 14, 46], [380.0, 655.0, 14, 40], [361.0, 673.0, 16, 36], [1276.0, 398.0, 10, 38], [1078.0, 112.0, 14, 38]]","[1, 1, 1, 1, 1, 1, 1, 1]"
/home/huy/Documents/de_tai_tot_nghiep/Drone Thermal.v4i.voc/imgs/0_70_60_0_01952_jpg.rf.63d5cf5ccb26311559b1a8462ae0e996.jpg,"[[702.0, 238.0, 54, 70], [688.0, 302.0, 30, 50], [677.0, 418.0, 24, 46], [720.0, 402.0, 34, 38], [688.0, 555.0, 30, 44], [822.0, 464.0, 26, 46], [668.0, 740.0, 30, 26], [1206.0, 270.0, 38, 46], [1266.0, 17.0, 26, 32], [1251.0, 124.0, 32, 38]]","[1, 1, 1, 1, 1, 1, 1, 1, 1, 1]"
/home/huy/Documents/de_tai_tot_nghiep/Drone Thermal.v4i.voc/imgs/0_60_40_0_01649_jpg.rf.298aeb09542920c496c7d49d1b47da8f.jpg,"[[508.0, 604.0, 18, 46], [583.0, 553.0, 20, 44], [570.0, 681.0, 22, 52], [902.0, 354.0, 18, 46], [917.0, 420.0, 20, 54], [960.0, 396.0, 22, 50], [993.0, 433.0, 20, 52], [762.0, 789.0, 18, 44], [1112.0, 427.0, 22, 60], [971.0, 475.0, 20, 44], [593.0, 656.0, 20, 42], [617.0, 674.0, 20, 46], [1084.0, 446.0, 18, 50], [704.0, 682.0, 26, 50]]","[1, 1, 1, 1, 1, 1, 1, 1, 1, 1, 1, 1, 1, 1]"
/home/huy/Documents/de_tai_tot_nghiep/Drone Thermal.v4i.voc/imgs/0_120_80_0_05492_jpg.rf.3d0a04acbd686b833236cd06261cbcf3.jpg,[],[]
/home/huy/Documents/de_tai_tot_nghiep/Drone Thermal.v4i.voc/imgs/0_110_40_0_08359_jpg.rf.5cfb9ee8fabdbc740a8a8927f701a5ce.jpg,[],[]
/home/huy/Documents/de_tai_tot_nghiep/Drone Thermal.v4i.voc/imgs/1_90_70_0_04995_jpg.rf.151565dddd223ab617783f4ae537fa77.jpg,[],[]
/home/huy/Documents/de_tai_tot_nghiep/Drone Thermal.v4i.voc/imgs/1_130_70_0_04000_jpg.rf.37a4ec640cefe9e7a4c05ef8f1c153a1.jpg,"[[500.0, 270.0, 22, 26], [518.0, 311.0, 22, 28], [519.0, 343.0, 16, 32], [541.0, 339.0, 20, 32], [573.0, 313.0, 20, 28], [574.0, 334.0, 18, 26]]","[1, 1, 1, 1, 1, 1]"
/home/huy/Documents/de_tai_tot_nghiep/Drone Thermal.v4i.voc/imgs/0_120_70_0_09582_jpg.rf.538c693ae8e583318f648935f9264be7.jpg,[],[]
/home/huy/Documents/de_tai_tot_nghiep/Drone Thermal.v4i.voc/imgs/1_130_30_0_07126_jpg.rf.71569cdfea79af7f4583f9120ef629e3.jpg,[],[]
/home/huy/Documents/de_tai_tot_nghiep/Drone Thermal.v4i.voc/imgs/1_120_80_0_06145_jpg.rf.fe7a8331bc27fe12b679665502ed61e2.jpg,"[[359.0, 756.0, 20, 26], [340.0, 805.0, 18, 24], [355.0, 826.0, 24, 26]]","[1, 1, 1]"
/home/huy/Documents/de_tai_tot_nghiep/Drone Thermal.v4i.voc/imgs/1_60_80_0_00689_jpg.rf.5d9560b2bc668238b883820c27db579f.jpg,"[[593.0, 316.0, 64, 78], [577.0, 348.0, 48, 46], [369.0, 311.0, 36, 36], [444.0, 418.0, 26, 38], [719.0, 397.0, 32, 36], [654.0, 430.0, 50, 30], [528.0, 534.0, 30, 34], [480.0, 535.0, 34, 32], [749.0, 598.0, 48, 34], [830.0, 696.0, 34, 38], [646.0, 732.0, 34, 30], [561.0, 731.0, 40, 44], [1264.0, 173.0, 34, 64]]","[1, 1, 1, 1, 1, 1, 1, 1, 1, 1, 1, 1, 1]"
/home/huy/Documents/de_tai_tot_nghiep/Drone Thermal.v4i.voc/imgs/1_70_50_0_00959_jpg.rf.6809ca3519da777fe5f550698a62d196.jpg,"[[130.0, 412.0, 38, 46], [549.0, 478.0, 32, 50]]","[1, 1]"
/home/huy/Documents/de_tai_tot_nghiep/Drone Thermal.v4i.voc/imgs/1_60_50_0_00374_jpg.rf.c3b71d3fdb94c70d847fc80a42f47dc9.jpg,"[[858.0, 480.0, 30, 66], [1028.0, 612.0, 34, 54]]","[1, 1]"
/home/huy/Documents/de_tai_tot_nghiep/Drone Thermal.v4i.voc/imgs/0_100_30_0_03304_jpg.rf.eb0ca36cd08ed909d6331981e73cc263.jpg,"[[848.0, 605.0, 18, 36], [757.0, 267.0, 16, 36], [245.0, 578.0, 16, 30], [498.0, 655.0, 18, 36], [810.0, 836.0, 18, 30], [863.0, 864.0, 16, 34], [890.0, 450.0, 18, 34]]","[1, 1, 1, 1, 1, 1, 1]"
/home/huy/Documents/de_tai_tot_nghiep/Drone Thermal.v4i.voc/imgs/1_70_80_0_07741_jpg.rf.ae3b8b14d5cb19ee120469a4bff9115a.jpg,"[[163.0, 552.0, 84, 86]]",[1]
/home/huy/Documents/de_tai_tot_nghiep/Drone Thermal.v4i.voc/imgs/0_130_30_0_05583_jpg.rf.083781cec9c7bdb266d51a94618c0b45.jpg,[],[]
/home/huy/Documents/de_tai_tot_nghiep/Drone Thermal.v4i.voc/imgs/1_90_50_0_08876_jpg.rf.51d4c196bd669adc095d8c74386e4020.jpg,[],[]
/home/huy/Documents/de_tai_tot_nghiep/Drone Thermal.v4i.voc/imgs/1_60_60_0_00416_jpg.rf.11556eb86b44819f437c359fdcc72aac.jpg,"[[619.0, 952.0, 40, 62], [988.0, 1007.0, 34, 32]]","[1, 1]"
/home/huy/Documents/de_tai_tot_nghiep/Drone Thermal.v4i.voc/imgs/0_100_40_0_08131_jpg.rf.9c2d60e520ead56888c614427935b7d7.jpg,[],[]
/home/huy/Documents/de_tai_tot_nghiep/Drone Thermal.v4i.voc/imgs/1_130_50_0_03910_jpg.rf.f51541c28d95009915385d1af00ad37e.jpg,"[[282.0, 11.0, 26, 20], [426.0, 399.0, 18, 32], [519.0, 395.0, 20, 36], [526.0, 435.0, 14, 28], [478.0, 439.0, 26, 28], [482.0, 466.0, 18, 30], [518.0, 430.0, 10, 26]]","[1, 1, 1, 1, 1, 1, 1]"
/home/huy/Documents/de_tai_tot_nghiep/Drone Thermal.v4i.voc/imgs/0_100_40_0_03317_jpg.rf.a2cebb946c2d90de720803aefed5d779.jpg,"[[142.0, 137.0, 26, 40], [543.0, 414.0, 16, 38], [788.0, 250.0, 18, 38], [832.0, 554.0, 18, 34], [855.0, 83.0, 20, 36]]","[1, 1, 1, 1, 1]"
/home/huy/Documents/de_tai_tot_nghiep/Drone Thermal.v4i.voc/imgs/1_70_40_0_07610_jpg.rf.adadc053f616e66cd2f0e953adfe09ba.jpg,[],[]
/home/huy/Documents/de_tai_tot_nghiep/Drone Thermal.v4i.voc/imgs/1_110_80_0_05924_jpg.rf.6e4669e538a0f46f4122965480e5b111.jpg,"[[303.0, 426.0, 32, 50], [286.0, 463.0, 34, 44]]","[1, 1]"
/home/huy/Documents/de_tai_tot_nghiep/Drone Thermal.v4i.voc/imgs/0_120_50_0_05408_jpg.rf.eb428d33e4e7c77a5934a2c810ddb71d.jpg,[],[]
/home/huy/Documents/de_tai_tot_nghiep/Drone Thermal.v4i.voc/imgs/1_60_30_0_00044_jpg.rf.83df6f598375d052f1cd8a0f159aa7a1.jpg,"[[292.0, 119.0, 14, 40], [157.0, 282.0, 20, 42], [282.0, 332.0, 18, 38], [355.0, 346.0, 16, 42], [600.0, 348.0, 18, 42], [538.0, 464.0, 18, 38], [509.0, 474.0, 12, 38], [521.0, 468.0, 16, 38], [914.0, 987.0, 14, 40], [993.0, 770.0, 20, 42], [826.0, 823.0, 18, 48], [1274.0, 634.0, 14, 42], [800.0, 574.0, 22, 42], [1002.0, 179.0, 14, 36], [1049.0, 178.0, 16, 34], [1031.0, 177.0, 16, 24], [1062.0, 206.0, 14, 26], [845.0, 39.0, 16, 36], [891.0, 35.0, 16, 32], [825.0, 35.0, 16, 32], [821.0, 63.0, 16, 36], [932.0, 52.0, 18, 38], [964.0, 66.0, 14, 30], [1085.0, 24.0, 20, 34], [1101.0, 9.0, 12, 16], [1127.0, 10.0, 16, 18], [1175.0, 12.0, 16, 22]]","[1, 1, 1, 1, 1, 1, 1, 1, 1, 1, 1, 1, 1, 1, 1, 1, 1, 1, 1, 1, 1, 1, 1, 1, 1, 1, 1]"
/home/huy/Documents/de_tai_tot_nghiep/Drone Thermal.v4i.voc/imgs/1_120_60_0_02909_jpg.rf.cc6e6a7e33cdcc50079d0d8adad2432a.jpg,"[[373.0, 237.0, 24, 32], [428.0, 112.0, 18, 34], [366.0, 148.0, 18, 30], [307.0, 94.0, 20, 30], [282.0, 48.0, 26, 30], [282.0, 176.0, 14, 34], [357.0, 186.0, 12, 26], [345.0, 178.0, 12, 26], [330.0, 173.0, 14, 24], [316.0, 169.0, 14, 24], [307.0, 191.0, 16, 36], [301.0, 156.0, 16, 30]]","[1, 1, 1, 1, 1, 1, 1, 1, 1, 1, 1, 1]"
/home/huy/Documents/de_tai_tot_nghiep/Drone Thermal.v4i.voc/imgs/1_60_80_0_00666_jpg.rf.5310ff4fbf87c5deb8d9631eb145a024.jpg,"[[553.0, 130.0, 36, 42], [723.0, 349.0, 72, 56], [833.0, 369.0, 28, 32], [806.0, 413.0, 42, 44], [649.0, 420.0, 36, 42], [675.0, 483.0, 40, 36], [725.0, 556.0, 48, 42], [896.0, 662.0, 42, 42], [105.0, 786.0, 36, 42], [962.0, 772.0, 30, 42], [798.0, 880.0, 30, 62], [723.0, 762.0, 28, 30], [773.0, 776.0, 32, 34], [327.0, 931.0, 56, 28], [115.0, 998.0, 60, 34], [22.0, 1005.0, 38, 32], [16.0, 946.0, 30, 30]]","[1, 1, 1, 1, 1, 1, 1, 1, 1, 1, 1, 1, 1, 1, 1, 1, 1]"
/home/huy/Documents/de_tai_tot_nghiep/Drone Thermal.v4i.voc/imgs/1_110_30_0_09028_jpg.rf.8defc810955a745ef110c241ab8754ac.jpg,[],[]
/home/huy/Documents/de_tai_tot_nghiep/Drone Thermal.v4i.voc/imgs/1_100_80_0_06391_jpg.rf.934dbf470a112301c5d8e6108eaf4532.jpg,"[[1160.0, 364.0, 34, 46]]",[1]
/home/huy/Documents/de_tai_tot_nghiep/Drone Thermal.v4i.voc/imgs/1_60_90_0_04291_jpg.rf.5ef7e6e8bf27a6413a92462f8d05ce3d.jpg,[],[]
/home/huy/Documents/de_tai_tot_nghiep/Drone Thermal.v4i.voc/imgs/0_60_70_0_01756_jpg.rf.c7aba6e794d2ae5c39dc80b3d1df7857.jpg,"[[195.0, 691.0, 28, 52], [260.0, 830.0, 26, 50], [309.0, 864.0, 32, 42], [366.0, 780.0, 18, 42], [965.0, 116.0, 28, 50], [1046.0, 211.0, 26, 40], [1050.0, 388.0, 22, 58], [1099.0, 527.0, 24, 52], [747.0, 910.0, 44, 46], [1061.0, 332.0, 24, 42], [1108.0, 277.0, 22, 48], [1123.0, 263.0, 20, 44], [528.0, 823.0, 26, 40], [559.0, 834.0, 28, 42]]","[1, 1, 1, 1, 1, 1, 1, 1, 1, 1, 1, 1, 1, 1]"
/home/huy/Documents/de_tai_tot_nghiep/Drone Thermal.v4i.voc/imgs/0_100_30_0_08079_jpg.rf.db39c60b4b3970f14d2ebaf786d2f48f.jpg,[],[]
/home/huy/Documents/de_tai_tot_nghiep/Drone Thermal.v4i.voc/imgs/1_120_80_0_02978_jpg.rf.d7c0308eff3a31be761c703b2ac62de6.jpg,"[[362.0, 514.0, 18, 22], [513.0, 509.0, 24, 28], [336.0, 534.0, 22, 26], [367.0, 582.0, 16, 26], [326.0, 603.0, 22, 28], [372.0, 639.0, 22, 24], [370.0, 695.0, 30, 28], [354.0, 561.0, 22, 24]]","[1, 1, 1, 1, 1, 1, 1, 1]"
/home/huy/Documents/de_tai_tot_nghiep/Drone Thermal.v4i.voc/imgs/0_70_60_0_06791_jpg.rf.fa16c26bded11150cf8eddf2e241eba5.jpg,"[[864.0, 255.0, 42, 60], [830.0, 276.0, 38, 58], [723.0, 310.0, 48, 66]]","[1, 1, 1]"
/home/huy/Documents/de_tai_tot_nghiep/Drone Thermal.v4i.voc/imgs/1_70_70_0_01028_jpg.rf.5dd0c96722b5646c5e28d098846512d7.jpg,"[[906.0, 260.0, 38, 46], [719.0, 330.0, 24, 42], [885.0, 392.0, 28, 38], [839.0, 399.0, 36, 44], [813.0, 428.0, 24, 38], [768.0, 417.0, 30, 44]]","[1, 1, 1, 1, 1, 1]"
/home/huy/Documents/de_tai_tot_nghiep/Drone Thermal.v4i.voc/imgs/1_100_80_0_06379_jpg.rf.3c9d68835ad3441177338d0ee65e58f7.jpg,"[[596.0, 880.0, 34, 38], [594.0, 914.0, 42, 38]]","[1, 1]"
/home/huy/Documents/de_tai_tot_nghiep/Drone Thermal.v4i.voc/imgs/0_130_80_0_09834_jpg.rf.5fd947dfbf85fdf8a0defad8b13ac5cf.jpg,[],[]
/home/huy/Documents/de_tai_tot_nghiep/Drone Thermal.v4i.voc/imgs/1_130_90_0_04064_jpg.rf.49cdc93cb78dc1c529354d53ffa74317.jpg,[],[]
/home/huy/Documents/de_tai_tot_nghiep/Drone Thermal.v4i.voc/imgs/0_110_90_0_03802_jpg.rf.72646063d75213d32f860b680539cbac.jpg,"[[407.0, 669.0, 20, 32], [893.0, 278.0, 24, 26], [950.0, 101.0, 30, 28]]","[1, 1, 1]"
/home/huy/Documents/de_tai_tot_nghiep/Drone Thermal.v4i.voc/imgs/1_60_30_0_00031_jpg.rf.732ec732e5c37c8b7f278bff6339f862.jpg,"[[259.0, 172.0, 20, 34], [236.0, 163.0, 18, 36], [369.0, 228.0, 20, 34], [302.0, 237.0, 18, 40], [574.0, 114.0, 18, 34], [590.0, 364.0, 18, 38], [509.0, 397.0, 20, 36], [601.0, 436.0, 20, 42], [446.0, 1007.0, 22, 36], [1116.0, 653.0, 22, 40], [1006.0, 523.0, 22, 40], [934.0, 569.0, 14, 40], [925.0, 575.0, 16, 40], [909.0, 573.0, 20, 40], [797.0, 547.0, 20, 40], [747.0, 461.0, 16, 40], [772.0, 413.0, 14, 36], [1176.0, 36.0, 18, 38], [1262.0, 189.0, 18, 44], [883.0, 353.0, 20, 44]]","[1, 1, 1, 1, 1, 1, 1, 1, 1, 1, 1, 1, 1, 1, 1, 1, 1, 1, 1, 1]"
/home/huy/Documents/de_tai_tot_nghiep/Drone Thermal.v4i.voc/imgs/1_80_90_0_04793_jpg.rf.7f9943a5dfc5af1745c6350fd630bab7.jpg,[],[]
/home/huy/Documents/de_tai_tot_nghiep/Drone Thermal.v4i.voc/imgs/0_120_90_0_05536_jpg.rf.ee6184efdf29037d20a56712b519b389.jpg,[],[]
/home/huy/Documents/de_tai_tot_nghiep/Drone Thermal.v4i.voc/imgs/1_110_60_0_09140_jpg.rf.c796a16a15a27bb30e39b0a8781756e5.jpg,"[[1181.0, 96.0, 32, 50], [1207.0, 114.0, 24, 30], [1221.0, 114.0, 20, 26]]","[1, 1, 1]"
/home/huy/Documents/de_tai_tot_nghiep/Drone Thermal.v4i.voc/imgs/1_90_40_0_08845_jpg.rf.5e6e4a3f37389d277e0e4bdd1ff70a65.jpg,[],[]
/home/huy/Documents/de_tai_tot_nghiep/Drone Thermal.v4i.voc/imgs/1_120_90_0_03017_jpg.rf.8f1f89c96e9d710d87800b2659c78ccb.jpg,"[[525.0, 49.0, 24, 32], [468.0, 68.0, 22, 22], [417.0, 114.0, 24, 18], [393.0, 135.0, 20, 24], [415.0, 140.0, 20, 18], [378.0, 175.0, 22, 24], [411.0, 218.0, 20, 30], [492.0, 182.0, 18, 22]]","[1, 1, 1, 1, 1, 1, 1, 1]"
/home/huy/Documents/de_tai_tot_nghiep/Drone Thermal.v4i.voc/imgs/1_60_60_0_00537_jpg.rf.c7b7b3fb99192b65930ed0a509ddc838.jpg,"[[989.0, 278.0, 40, 62], [989.0, 303.0, 24, 48], [692.0, 817.0, 34, 56], [1190.0, 476.0, 30, 62]]","[1, 1, 1, 1]"
/home/huy/Documents/de_tai_tot_nghiep/Drone Thermal.v4i.voc/imgs/0_130_80_0_05690_jpg.rf.b22f28017480ee165bfd71b99a59abc3.jpg,[],[]
/home/huy/Documents/de_tai_tot_nghiep/Drone Thermal.v4i.voc/imgs/1_90_30_0_04858_jpg.rf.bb48b03024e0d66cabee49833e507401.jpg,"[[1127.0, 536.0, 12, 30], [1115.0, 536.0, 16, 38], [1146.0, 322.0, 18, 38]]","[1, 1, 1]"
/home/huy/Documents/de_tai_tot_nghiep/Drone Thermal.v4i.voc/imgs/1_60_50_0_00344_jpg.rf.27b5e7ba1f2fe1aac5cf5ae197f547d6.jpg,"[[107.0, 8.0, 12, 14], [87.0, 19.0, 20, 36], [604.0, 20.0, 30, 38], [972.0, 534.0, 30, 54], [934.0, 545.0, 26, 56]]","[1, 1, 1, 1, 1]"
/home/huy/Documents/de_tai_tot_nghiep/Drone Thermal.v4i.voc/imgs/1_70_90_0_04534_jpg.rf.36aeb43145c08e02075ad0c5996e3dc8.jpg,[],[]
/home/huy/Documents/de_tai_tot_nghiep/Drone Thermal.v4i.voc/imgs/1_130_70_0_07263_jpg.rf.3fa8e6ca7e7262a2ea0a6ac45c334b85.jpg,[],[]
/home/huy/Documents/de_tai_tot_nghiep/Drone Thermal.v4i.voc/imgs/1_60_70_0_07478_jpg.rf.4b0c6f551d6fc6e66773e837b0d7ad0b.jpg,[],[]
/home/huy/Documents/de_tai_tot_nghiep/Drone Thermal.v4i.voc/imgs/1_60_80_0_00719_jpg.rf.6820df771045193158b205e4da2e279e.jpg,"[[963.0, 312.0, 36, 34], [937.0, 240.0, 48, 38], [999.0, 187.0, 36, 32], [866.0, 56.0, 26, 42], [867.0, 127.0, 32, 36], [833.0, 87.0, 48, 40], [710.0, 295.0, 30, 40], [109.0, 397.0, 40, 40], [168.0, 502.0, 30, 38], [343.0, 615.0, 32, 44], [203.0, 574.0, 36, 30], [257.0, 581.0, 32, 44], [489.0, 652.0, 28, 38], [341.0, 684.0, 28, 34], [191.0, 667.0, 32, 32], [43.0, 588.0, 36, 26], [248.0, 705.0, 30, 28], [254.0, 745.0, 38, 24], [604.0, 906.0, 42, 42], [402.0, 1002.0, 34, 38]]","[1, 1, 1, 1, 1, 1, 1, 1, 1, 1, 1, 1, 1, 1, 1, 1, 1, 1, 1, 1]"
/home/huy/Documents/de_tai_tot_nghiep/Drone Thermal.v4i.voc/imgs/1_120_90_0_06178_jpg.rf.099aac74573379683f11a53f7749cf1b.jpg,[],[]
/home/huy/Documents/de_tai_tot_nghiep/Drone Thermal.v4i.voc/imgs/0_80_60_0_07013_jpg.rf.4470fe1be4b1278b38767da5c797e40f.jpg,[],[]
/home/huy/Documents/de_tai_tot_nghiep/Drone Thermal.v4i.voc/imgs/1_60_70_0_04210_jpg.rf.d900a75c041c16eeacf5b557efcfe013.jpg,[],[]
/home/huy/Documents/de_tai_tot_nghiep/Drone Thermal.v4i.voc/imgs/0_60_60_0_06552_jpg.rf.fed81c28ef88666ebeff85446e2d5911.jpg,[],[]
/home/huy/Documents/de_tai_tot_nghiep/Drone Thermal.v4i.voc/imgs/1_100_40_0_05107_jpg.rf.18b98c8767726a3656b4b31817d290d5.jpg,[],[]
/home/huy/Documents/de_tai_tot_nghiep/Drone Thermal.v4i.voc/imgs/1_120_40_0_09316_jpg.rf.e180f63ccfa50c7e88641cd5ad14b53b.jpg,[],[]
/home/huy/Documents/de_tai_tot_nghiep/Drone Thermal.v4i.voc/imgs/0_120_60_0_09544_jpg.rf.f14bcd70226235c1e705101987b30f24.jpg,[],[]
/home/huy/Documents/de_tai_tot_nghiep/Drone Thermal.v4i.voc/imgs/1_60_60_0_00488_jpg.rf.bb6bcadda89bb8ca9bcde28e51e2b87b.jpg,"[[862.0, 426.0, 34, 54], [581.0, 661.0, 28, 56], [905.0, 450.0, 36, 54]]","[1, 1, 1]"
/home/huy/Documents/de_tai_tot_nghiep/Drone Thermal.v4i.voc/imgs/1_70_80_0_01075_jpg.rf.86f240ef8446069cb658c51f1dc00274.jpg,"[[1060.0, 249.0, 38, 40], [1269.0, 292.0, 20, 42], [1087.0, 301.0, 44, 56], [1179.0, 386.0, 52, 46], [995.0, 395.0, 32, 44], [1064.0, 412.0, 30, 34], [81.0, 453.0, 60, 64], [137.0, 491.0, 52, 52], [99.0, 503.0, 36, 40], [43.0, 509.0, 52, 56], [71.0, 551.0, 56, 60]]","[1, 1, 1, 1, 1, 1, 1, 1, 1, 1, 1]"
/home/huy/Documents/de_tai_tot_nghiep/Drone Thermal.v4i.voc/imgs/1_60_50_0_00285_jpg.rf.1d4cf18bbf0260802951d9b2e7f1fa41.jpg,"[[269.0, 439.0, 32, 52], [588.0, 127.0, 34, 60], [1026.0, 329.0, 26, 56], [419.0, 697.0, 28, 56], [715.0, 609.0, 32, 68], [957.0, 723.0, 28, 56], [693.0, 1011.0, 32, 24]]","[1, 1, 1, 1, 1, 1, 1]"
/home/huy/Documents/de_tai_tot_nghiep/Drone Thermal.v4i.voc/imgs/1_60_30_0_00058_jpg.rf.f8ce03efdb94a153c6889bb940b4dad4.jpg,"[[473.0, 248.0, 12, 38], [701.0, 184.0, 16, 34], [669.0, 218.0, 16, 38], [421.0, 558.0, 20, 34], [382.0, 551.0, 14, 36], [372.0, 576.0, 18, 42], [592.0, 862.0, 22, 42], [399.0, 907.0, 20, 40], [414.0, 925.0, 18, 36]]","[1, 1, 1, 1, 1, 1, 1, 1, 1]"
/home/huy/Documents/de_tai_tot_nghiep/Drone Thermal.v4i.voc/imgs/0_130_40_0_05614_jpg.rf.376e4ccc20eaf0ca0d43d2ca60ed4024.jpg,"[[969.0, 42.0, 16, 22]]",[1]
/home/huy/Documents/de_tai_tot_nghiep/Drone Thermal.v4i.voc/imgs/1_60_80_0_00684_jpg.rf.17b85f1f8c3cf0231fbfd6a0c11ad141.jpg,"[[528.0, 336.0, 34, 38], [725.0, 381.0, 36, 48], [393.0, 390.0, 32, 30], [436.0, 433.0, 18, 44], [516.0, 455.0, 38, 44], [683.0, 482.0, 40, 58], [746.0, 597.0, 38, 32], [528.0, 577.0, 38, 36], [505.0, 626.0, 28, 34], [829.0, 697.0, 32, 36], [643.0, 732.0, 32, 34], [442.0, 838.0, 34, 66], [813.0, 876.0, 32, 38], [662.0, 991.0, 30, 44], [1253.0, 80.0, 52, 50], [1247.0, 11.0, 32, 20]]","[1, 1, 1, 1, 1, 1, 1, 1, 1, 1, 1, 1, 1, 1, 1, 1]"
/home/huy/Documents/de_tai_tot_nghiep/Drone Thermal.v4i.voc/imgs/0_110_50_0_08396_jpg.rf.f17d97444307d177d009080069007406.jpg,[],[]
/home/huy/Documents/de_tai_tot_nghiep/Drone Thermal.v4i.voc/imgs/1_60_60_0_07447_jpg.rf.f5e64daea50d8725d89b8519a5649bac.jpg,[],[]
/home/huy/Documents/de_tai_tot_nghiep/Drone Thermal.v4i.voc/imgs/1_110_50_0_02614_jpg.rf.8d519c02adcc64288a507d73123cbb9d.jpg,"[[392.0, 227.0, 38, 44], [382.0, 206.0, 26, 38], [313.0, 246.0, 20, 38], [337.0, 241.0, 28, 40], [301.0, 528.0, 28, 38], [262.0, 537.0, 18, 24], [274.0, 536.0, 22, 34], [290.0, 549.0, 14, 20], [300.0, 554.0, 18, 22], [262.0, 590.0, 26, 38], [295.0, 594.0, 16, 30], [385.0, 621.0, 20, 36], [325.0, 619.0, 20, 44], [259.0, 648.0, 24, 34], [337.0, 663.0, 20, 36]]","[1, 1, 1, 1, 1, 1, 1, 1, 1, 1, 1, 1, 1, 1, 1]"
/home/huy/Documents/de_tai_tot_nghiep/Drone Thermal.v4i.voc/imgs/1_130_50_0_07196_jpg.rf.5c99956c767f1bd4730fb14728c1fa38.jpg,"[[134.0, 531.0, 18, 32], [130.0, 546.0, 22, 34], [109.0, 554.0, 20, 38], [166.0, 560.0, 22, 42]]","[1, 1, 1, 1]"
/home/huy/Documents/de_tai_tot_nghiep/Drone Thermal.v4i.voc/imgs/1_130_70_0_03992_jpg.rf.b960b3ec880e6cf88ed02bf235cfbff8.jpg,"[[456.0, 556.0, 22, 30], [541.0, 474.0, 32, 30], [656.0, 494.0, 22, 34], [590.0, 541.0, 18, 24], [576.0, 566.0, 22, 26], [538.0, 588.0, 22, 30]]","[1, 1, 1, 1, 1, 1]"
/home/huy/Documents/de_tai_tot_nghiep/Drone Thermal.v4i.voc/imgs/1_60_60_0_00501_jpg.rf.1cacd2312a7c9d2b6b05b571f4b7075e.jpg,"[[1112.0, 400.0, 34, 62], [636.0, 474.0, 30, 58], [753.0, 630.0, 28, 54], [775.0, 651.0, 24, 44]]","[1, 1, 1, 1]"
/home/huy/Documents/de_tai_tot_nghiep/Drone Thermal.v4i.voc/imgs/1_90_50_0_01443_jpg.rf.aa02624431f1b6a9f112ec08f448a2c2.jpg,"[[600.0, 810.0, 30, 42], [1025.0, 901.0, 28, 40]]","[1, 1]"
/home/huy/Documents/de_tai_tot_nghiep/Drone Thermal.v4i.voc/imgs/1_70_70_0_01052_jpg.rf.5f0d5f5d77331f8a3078c5700b6f06d0.jpg,"[[629.0, 165.0, 40, 48], [691.0, 200.0, 28, 46], [779.0, 159.0, 24, 52], [697.0, 311.0, 24, 44], [703.0, 348.0, 24, 34]]","[1, 1, 1, 1, 1]"
/home/huy/Documents/de_tai_tot_nghiep/Drone Thermal.v4i.voc/imgs/0_100_60_0_08174_jpg.rf.eb1657fcce320780b94419be4f93cf70.jpg,"[[517.0, 498.0, 24, 50]]",[1]
/home/huy/Documents/de_tai_tot_nghiep/Drone Thermal.v4i.voc/imgs/0_120_60_0_05436_jpg.rf.b628a18f4324761f2a0a9f3c283eecad.jpg,[],[]
/home/huy/Documents/de_tai_tot_nghiep/Drone Thermal.v4i.voc/imgs/1_130_30_0_07137_jpg.rf.687e270c91f0a47c53708d8a145b8a9d.jpg,[],[]
/home/huy/Documents/de_tai_tot_nghiep/Drone Thermal.v4i.voc/imgs/1_100_30_0_05084_jpg.rf.dafca48130433889ed804cf64d3d36ab.jpg,[],[]
/home/huy/Documents/de_tai_tot_nghiep/Drone Thermal.v4i.voc/imgs/1_130_70_0_10092_jpg.rf.8379ba883376f53b7bfbf14e688bc1e6.jpg,[],[]
/home/huy/Documents/de_tai_tot_nghiep/Drone Thermal.v4i.voc/imgs/1_120_80_0_02992_jpg.rf.30be5f4225f5950d741aa84df3d88da5.jpg,"[[498.0, 127.0, 18, 28], [462.0, 169.0, 18, 28], [419.0, 247.0, 20, 20], [388.0, 274.0, 18, 30], [470.0, 253.0, 26, 28], [541.0, 237.0, 16, 28], [459.0, 290.0, 20, 30], [541.0, 349.0, 24, 28]]","[1, 1, 1, 1, 1, 1, 1, 1]"
/home/huy/Documents/de_tai_tot_nghiep/Drone Thermal.v4i.voc/imgs/0_60_40_0_01653_jpg.rf.71b10091c04023f3c3a0883f4fb6b646.jpg,"[[394.0, 732.0, 18, 50], [482.0, 690.0, 18, 42], [533.0, 628.0, 20, 50], [551.0, 655.0, 20, 48], [852.0, 323.0, 22, 44], [897.0, 361.0, 20, 48], [772.0, 800.0, 18, 46], [869.0, 447.0, 16, 40], [879.0, 431.0, 16, 48], [1120.0, 424.0, 14, 46], [984.0, 376.0, 14, 42]]","[1, 1, 1, 1, 1, 1, 1, 1, 1, 1, 1]"
/home/huy/Documents/de_tai_tot_nghiep/Drone Thermal.v4i.voc/imgs/0_100_60_0_03420_jpg.rf.63760cc67e22c8dde9db9e3cf13fb131.jpg,"[[369.0, 159.0, 20, 36], [408.0, 135.0, 18, 44], [828.0, 372.0, 22, 34]]","[1, 1, 1]"
/home/huy/Documents/de_tai_tot_nghiep/Drone Thermal.v4i.voc/imgs/1_100_60_0_05195_jpg.rf.ea3a1b80eb89aa6e9670054bf4328128.jpg,[],[]
/home/huy/Documents/de_tai_tot_nghiep/Drone Thermal.v4i.voc/imgs/1_90_40_0_08853_jpg.rf.53cfeeae49f0e6feeb2422f6e79a42a0.jpg,[],[]
/home/huy/Documents/de_tai_tot_nghiep/Drone Thermal.v4i.voc/imgs/0_110_90_0_08549_jpg.rf.4c4a3d784558079cfa9bc27857c0acee.jpg,[],[]
/home/huy/Documents/de_tai_tot_nghiep/Drone Thermal.v4i.voc/imgs/1_100_60_0_02401_jpg.rf.991dea141b62f6cc0d3255aaaa288df7.jpg,"[[613.0, 213.0, 24, 36], [578.0, 111.0, 34, 44], [550.0, 200.0, 18, 42], [550.0, 74.0, 18, 34], [519.0, 126.0, 20, 38], [475.0, 109.0, 24, 36], [461.0, 196.0, 16, 38], [470.0, 231.0, 34, 40]]","[1, 1, 1, 1, 1, 1, 1, 1]"
/home/huy/Documents/de_tai_tot_nghiep/Drone Thermal.v4i.voc/imgs/1_60_30_0_00036_jpg.rf.d37f8a3e9d290a8abf263b23215300a7.jpg,"[[51.0, 146.0, 20, 38], [76.0, 150.0, 14, 30], [184.0, 193.0, 18, 32], [32.0, 193.0, 22, 36], [363.0, 328.0, 20, 34], [446.0, 343.0, 18, 36], [487.0, 328.0, 16, 38], [494.0, 110.0, 14, 34], [421.0, 976.0, 20, 50], [1184.0, 993.0, 26, 52], [1113.0, 689.0, 20, 44], [962.0, 530.0, 18, 42], [832.0, 357.0, 14, 36], [722.0, 418.0, 14, 30], [654.0, 414.0, 18, 38], [662.0, 469.0, 18, 36], [1238.0, 167.0, 18, 36], [1079.0, 40.0, 20, 54], [1052.0, 34.0, 22, 38]]","[1, 1, 1, 1, 1, 1, 1, 1, 1, 1, 1, 1, 1, 1, 1, 1, 1, 1, 1]"
/home/huy/Documents/de_tai_tot_nghiep/Drone Thermal.v4i.voc/imgs/1_60_70_0_00633_jpg.rf.04ae6b493789c21ca9ce8ecb50c1b9ba.jpg,"[[724.0, 301.0, 54, 76], [812.0, 1008.0, 34, 30]]","[1, 1]"
/home/huy/Documents/de_tai_tot_nghiep/Drone Thermal.v4i.voc/imgs/1_120_60_0_02929_jpg.rf.58ae3b77842ee1c9985e755efb285ea0.jpg,"[[1124.0, 457.0, 30, 40], [270.0, 14.0, 34, 26], [404.0, 13.0, 38, 24]]","[1, 1, 1]"
/home/huy/Documents/de_tai_tot_nghiep/Drone Thermal.v4i.voc/imgs/1_110_70_0_05883_jpg.rf.c59ec49699a40d09122e49533c92205b.jpg,"[[44.0, 531.0, 78, 60], [40.0, 500.0, 66, 38], [237.0, 484.0, 20, 38], [281.0, 488.0, 24, 34], [266.0, 513.0, 26, 36]]","[1, 1, 1, 1, 1]"
/home/huy/Documents/de_tai_tot_nghiep/Drone Thermal.v4i.voc/imgs/1_80_80_0_04774_jpg.rf.7ef28fd7c916c0c4e1e4c42b2123d544.jpg,[],[]
/home/huy/Documents/de_tai_tot_nghiep/Drone Thermal.v4i.voc/imgs/1_130_60_0_07248_jpg.rf.634924194c63b62aa1d1367a0e0fdc0c.jpg,[],[]
/home/huy/Documents/de_tai_tot_nghiep/Drone Thermal.v4i.voc/imgs/0_120_70_0_05459_jpg.rf.29c8f74aa217d4a6e2e2a19e206aa317.jpg,[],[]
/home/huy/Documents/de_tai_tot_nghiep/Drone Thermal.v4i.voc/imgs/1_110_90_0_02751_jpg.rf.4b92e5d43afa56862dcb7ca60328ca48.jpg,"[[488.0, 19.0, 30, 36], [476.0, 39.0, 26, 24], [463.0, 493.0, 24, 24], [478.0, 561.0, 22, 12], [643.0, 594.0, 28, 34], [559.0, 594.0, 32, 30], [501.0, 624.0, 32, 30], [478.0, 634.0, 38, 38], [464.0, 643.0, 26, 28], [477.0, 729.0, 28, 28]]","[1, 1, 1, 1, 1, 1, 1, 1, 1, 1]"
/home/huy/Documents/de_tai_tot_nghiep/Drone Thermal.v4i.voc/imgs/1_100_90_0_02535_jpg.rf.2ca17883d0a921649ba9996411c9f115.jpg,"[[781.0, 384.0, 32, 30], [699.0, 355.0, 20, 36], [612.0, 323.0, 22, 24], [620.0, 349.0, 26, 32], [664.0, 388.0, 22, 26], [701.0, 484.0, 32, 30], [601.0, 435.0, 36, 36], [654.0, 516.0, 30, 34]]","[1, 1, 1, 1, 1, 1, 1, 1]"
/home/huy/Documents/de_tai_tot_nghiep/Drone Thermal.v4i.voc/imgs/0_60_90_0_01830_jpg.rf.2777a0b95c06d32863aae05dba0420f9.jpg,"[[334.0, 606.0, 34, 30], [990.0, 17.0, 30, 32], [1068.0, 90.0, 38, 46], [979.0, 406.0, 32, 38], [525.0, 780.0, 24, 38], [402.0, 734.0, 34, 26], [337.0, 761.0, 40, 44], [355.0, 724.0, 40, 42], [727.0, 999.0, 32, 48], [407.0, 645.0, 32, 52], [964.0, 204.0, 22, 46], [998.0, 213.0, 30, 60], [1138.0, 97.0, 30, 44], [1025.0, 214.0, 24, 42]]","[1, 1, 1, 1, 1, 1, 1, 1, 1, 1, 1, 1, 1, 1]"
/home/huy/Documents/de_tai_tot_nghiep/Drone Thermal.v4i.voc/imgs/1_130_40_0_07168_jpg.rf.36c94004123bb65650549aeb39740502.jpg,"[[743.0, 596.0, 20, 38], [689.0, 608.0, 16, 34], [704.0, 608.0, 14, 30], [703.0, 632.0, 16, 34]]","[1, 1, 1, 1]"
/home/huy/Documents/de_tai_tot_nghiep/Drone Thermal.v4i.voc/imgs/0_110_90_0_08527_jpg.rf.135308cbb8e8c65a11dc80b8ccd903dd.jpg,[],[]
/home/huy/Documents/de_tai_tot_nghiep/Drone Thermal.v4i.voc/imgs/0_60_30_0_01611_jpg.rf.06203b770f1b687fe64b81a00706e1ad.jpg,"[[402.0, 516.0, 14, 50], [456.0, 550.0, 14, 34], [486.0, 530.0, 22, 50], [506.0, 562.0, 22, 50], [549.0, 602.0, 16, 42], [782.0, 397.0, 18, 52], [814.0, 412.0, 14, 38], [843.0, 459.0, 16, 36], [863.0, 455.0, 16, 36], [583.0, 593.0, 16, 44]]","[1, 1, 1, 1, 1, 1, 1, 1, 1, 1]"
/home/huy/Documents/de_tai_tot_nghiep/Drone Thermal.v4i.voc/imgs/1_70_60_0_04436_jpg.rf.35befae5a38116d438236c2109d46714.jpg,[],[]
/home/huy/Documents/de_tai_tot_nghiep/Drone Thermal.v4i.voc/imgs/1_80_70_0_01278_jpg.rf.587a350073718b642449cf5ee798e1d1.jpg,"[[963.0, 31.0, 36, 56], [913.0, 165.0, 28, 48], [866.0, 220.0, 34, 50], [661.0, 207.0, 28, 44], [737.0, 253.0, 28, 44], [809.0, 354.0, 28, 42], [815.0, 398.0, 28, 38], [818.0, 432.0, 22, 42], [632.0, 833.0, 30, 52], [869.0, 969.0, 40, 64], [827.0, 1008.0, 28, 26], [878.0, 1010.0, 34, 22], [971.0, 985.0, 40, 48], [1090.0, 1006.0, 22, 34]]","[1, 1, 1, 1, 1, 1, 1, 1, 1, 1, 1, 1, 1, 1]"
/home/huy/Documents/de_tai_tot_nghiep/Drone Thermal.v4i.voc/imgs/1_100_70_0_06357_jpg.rf.edbd995f4ad33ab0e66e9618fcd5e500.jpg,"[[235.0, 131.0, 40, 48], [315.0, 138.0, 52, 42]]","[1, 1]"
/home/huy/Documents/de_tai_tot_nghiep/Drone Thermal.v4i.voc/imgs/1_120_70_0_02961_jpg.rf.39214039a95a75feadac77d6f49b6244.jpg,"[[888.0, 563.0, 26, 32], [913.0, 556.0, 24, 34], [913.0, 624.0, 32, 34], [379.0, 714.0, 16, 26], [514.0, 671.0, 26, 32], [457.0, 729.0, 20, 28], [383.0, 756.0, 16, 38], [472.0, 779.0, 22, 28], [546.0, 792.0, 14, 30], [446.0, 827.0, 22, 24], [471.0, 862.0, 20, 30]]","[1, 1, 1, 1, 1, 1, 1, 1, 1, 1, 1]"
/home/huy/Documents/de_tai_tot_nghiep/Drone Thermal.v4i.voc/imgs/0_120_50_0_09539_jpg.rf.ccd95ce19f5e622f71e63fab772761bc.jpg,[],[]
/home/huy/Documents/de_tai_tot_nghiep/Drone Thermal.v4i.voc/imgs/0_110_90_0_08542_jpg.rf.246333b359b412447fe3d1d4a006d2ec.jpg,[],[]
/home/huy/Documents/de_tai_tot_nghiep/Drone Thermal.v4i.voc/imgs/1_110_30_0_09058_jpg.rf.f2e565281f8251d9a6f577ba07cf9c84.jpg,[],[]
/home/huy/Documents/de_tai_tot_nghiep/Drone Thermal.v4i.voc/imgs/1_70_90_0_01128_jpg.rf.600c476ad586f540db1cb276b38c38d9.jpg,"[[936.0, 52.0, 30, 38], [1050.0, 39.0, 34, 40], [1149.0, 94.0, 48, 42], [849.0, 677.0, 36, 36], [799.0, 702.0, 32, 30], [775.0, 733.0, 28, 36], [795.0, 793.0, 32, 56], [747.0, 765.0, 60, 56]]","[1, 1, 1, 1, 1, 1, 1, 1]"
/home/huy/Documents/de_tai_tot_nghiep/Drone Thermal.v4i.voc/imgs/1_110_40_0_09078_jpg.rf.bd6e6dd674b29e5048a78c2ad06698e0.jpg,[],[]
/home/huy/Documents/de_tai_tot_nghiep/Drone Thermal.v4i.voc/imgs/1_60_60_0_00430_jpg.rf.ec8ad5457499e99e5f71d8fa38457cae.jpg,"[[568.0, 112.0, 42, 70], [569.0, 828.0, 32, 62]]","[1, 1]"
/home/huy/Documents/de_tai_tot_nghiep/Drone Thermal.v4i.voc/imgs/0_110_70_0_08476_jpg.rf.17cca196c3780ccd3914055ab1bf1121.jpg,[],[]
/home/huy/Documents/de_tai_tot_nghiep/Drone Thermal.v4i.voc/imgs/0_70_70_0_06819_jpg.rf.837d81424623ed5e923540978e1d8b89.jpg,[],[]
/home/huy/Documents/de_tai_tot_nghiep/Drone Thermal.v4i.voc/imgs/0_130_70_0_05678_jpg.rf.dc115525fdac274bc5ae590c9286eb1c.jpg,[],[]
/home/huy/Documents/de_tai_tot_nghiep/Drone Thermal.v4i.voc/imgs/1_60_80_0_07507_jpg.rf.86d6a6b952d4ed6ce50c46351179607b.jpg,[],[]
/home/huy/Documents/de_tai_tot_nghiep/Drone Thermal.v4i.voc/imgs/0_100_70_0_08219_jpg.rf.80def49c5deeaf1e400b0f2ce0fcfbbf.jpg,[],[]
/home/huy/Documents/de_tai_tot_nghiep/Drone Thermal.v4i.voc/imgs/1_130_30_0_07127_jpg.rf.000f270f9ab1796ea584c07121ab433a.jpg,[],[]
/home/huy/Documents/de_tai_tot_nghiep/Drone Thermal.v4i.voc/imgs/1_130_40_0_07180_jpg.rf.2135b584e38af0f8c81c4970036bafa1.jpg,[],[]
/home/huy/Documents/de_tai_tot_nghiep/Drone Thermal.v4i.voc/imgs/1_130_70_0_03974_jpg.rf.78df3826af7655e07b04a982a41c7da4.jpg,"[[436.0, 426.0, 18, 30], [500.0, 447.0, 18, 28], [512.0, 504.0, 18, 30], [532.0, 501.0, 14, 28], [543.0, 530.0, 20, 30], [497.0, 589.0, 20, 28], [502.0, 611.0, 18, 28]]","[1, 1, 1, 1, 1, 1, 1]"
/home/huy/Documents/de_tai_tot_nghiep/Drone Thermal.v4i.voc/imgs/0_100_30_0_08072_jpg.rf.2c2c32caa1d054b5e2ddbd3e997d5e57.jpg,[],[]
/home/huy/Documents/de_tai_tot_nghiep/Drone Thermal.v4i.voc/imgs/1_120_90_0_06191_jpg.rf.75c5ac7ea8418b84bf748341d9a52ab8.jpg,[],[]
/home/huy/Documents/de_tai_tot_nghiep/Drone Thermal.v4i.voc/imgs/1_110_90_0_09228_jpg.rf.cceb6a2846c9353fb257789c6184e019.jpg,[],[]
/home/huy/Documents/de_tai_tot_nghiep/Drone Thermal.v4i.voc/imgs/0_80_50_0_02173_jpg.rf.b36ff122ebd43ace97dcba478a1123ba.jpg,"[[970.0, 333.0, 30, 32], [1072.0, 365.0, 34, 44], [1088.0, 407.0, 26, 48], [1038.0, 423.0, 26, 36], [1017.0, 452.0, 20, 46], [966.0, 468.0, 30, 42], [865.0, 769.0, 24, 48], [681.0, 800.0, 24, 42], [758.0, 812.0, 34, 50], [623.0, 825.0, 40, 44], [663.0, 892.0, 24, 34], [648.0, 903.0, 26, 40], [935.0, 956.0, 36, 46], [844.0, 920.0, 42, 50]]","[1, 1, 1, 1, 1, 1, 1, 1, 1, 1, 1, 1, 1, 1]"
/home/huy/Documents/de_tai_tot_nghiep/Drone Thermal.v4i.voc/imgs/1_130_70_0_04007_jpg.rf.a433e30e9084ecde37ed0c2b3d0ff0fa.jpg,"[[447.0, 343.0, 24, 28], [506.0, 348.0, 22, 30], [551.0, 338.0, 24, 34], [543.0, 297.0, 16, 32], [550.0, 391.0, 14, 28], [530.0, 395.0, 26, 28]]","[1, 1, 1, 1, 1, 1]"
/home/huy/Documents/de_tai_tot_nghiep/Drone Thermal.v4i.voc/imgs/1_60_70_0_07493_jpg.rf.e0371521d8dcbdaee9f352f12d1aa4bb.jpg,[],[]
/home/huy/Documents/de_tai_tot_nghiep/Drone Thermal.v4i.voc/imgs/1_90_80_0_05002_jpg.rf.09f39b9ca7d8bf94d7a733179e491696.jpg,[],[]
/home/huy/Documents/de_tai_tot_nghiep/Drone Thermal.v4i.voc/imgs/1_60_70_0_00583_jpg.rf.3a8c2fb196bf85689c826b98433954d0.jpg,"[[209.0, 689.0, 36, 40], [1020.0, 14.0, 30, 26]]","[1, 1]"
/home/huy/Documents/de_tai_tot_nghiep/Drone Thermal.v4i.voc/imgs/1_60_60_0_00443_jpg.rf.da99f42d4e05a481c787a36cb1c3b390.jpg,"[[1028.0, 43.0, 30, 64], [871.0, 415.0, 32, 60], [813.0, 729.0, 40, 72], [968.0, 712.0, 26, 50], [985.0, 714.0, 20, 54], [1003.0, 712.0, 28, 54], [1108.0, 478.0, 22, 42]]","[1, 1, 1, 1, 1, 1, 1]"
/home/huy/Documents/de_tai_tot_nghiep/Drone Thermal.v4i.voc/imgs/0_110_90_0_08552_jpg.rf.194bb4c00189e450600b458757d544f9.jpg,[],[]
/home/huy/Documents/de_tai_tot_nghiep/Drone Thermal.v4i.voc/imgs/1_80_40_0_04621_jpg.rf.2ed8111d52dbec1445f2706c99f22064.jpg,"[[612.0, 283.0, 18, 52], [657.0, 254.0, 24, 34], [688.0, 282.0, 22, 42]]","[1, 1, 1]"
/home/huy/Documents/de_tai_tot_nghiep/Drone Thermal.v4i.voc/imgs/0_100_40_0_03329_jpg.rf.7a957f73ad1b68d1bf6621771da5226b.jpg,"[[951.0, 854.0, 20, 46], [846.0, 485.0, 18, 40], [565.0, 667.0, 16, 40]]","[1, 1, 1]"
/home/huy/Documents/de_tai_tot_nghiep/Drone Thermal.v4i.voc/imgs/1_80_30_0_08571_jpg.rf.653a1488349039553d78da4f91ba3fd4.jpg,[],[]
/home/huy/Documents/de_tai_tot_nghiep/Drone Thermal.v4i.voc/imgs/1_70_30_0_00862_jpg.rf.6919dbb73017b42b386e3990db058516.jpg,"[[142.0, 143.0, 22, 48], [156.0, 169.0, 18, 44], [304.0, 541.0, 54, 72], [504.0, 881.0, 34, 56]]","[1, 1, 1, 1]"
/home/huy/Documents/de_tai_tot_nghiep/Drone Thermal.v4i.voc/imgs/1_130_80_0_04024_jpg.rf.f39c6cff92dfd19f904d091ab8c8f1a4.jpg,"[[554.0, 323.0, 26, 28], [529.0, 385.0, 16, 20], [544.0, 396.0, 18, 22], [637.0, 379.0, 20, 24], [661.0, 375.0, 16, 24], [631.0, 429.0, 20, 28]]","[1, 1, 1, 1, 1, 1]"
/home/huy/Documents/de_tai_tot_nghiep/Drone Thermal.v4i.voc/imgs/0_60_80_0_06649_jpg.rf.2422c9058797f913be5bed8526e19027.jpg,"[[71.0, 941.0, 24, 56], [103.0, 938.0, 44, 50]]","[1, 1]"
/home/huy/Documents/de_tai_tot_nghiep/Drone Thermal.v4i.voc/imgs/1_70_90_0_07786_jpg.rf.baaccbeb1d46b55bf60675b5eee2e247.jpg,[],[]
/home/huy/Documents/de_tai_tot_nghiep/Drone Thermal.v4i.voc/imgs/0_120_90_0_09647_jpg.rf.b9a46bd810a0e767d6684078f5d81d74.jpg,"[[909.0, 650.0, 24, 46], [856.0, 912.0, 22, 26]]","[1, 1]"
/home/huy/Documents/de_tai_tot_nghiep/Drone Thermal.v4i.voc/imgs/0_130_40_0_09729_jpg.rf.7a09691e72642dc560f307349eee4d9a.jpg,[],[]
/home/huy/Documents/de_tai_tot_nghiep/Drone Thermal.v4i.voc/imgs/1_130_70_0_04006_jpg.rf.2c95f2994393bc698b2c48681f416dd6.jpg,"[[459.0, 318.0, 24, 38], [557.0, 290.0, 20, 30], [511.0, 339.0, 16, 28], [535.0, 348.0, 20, 30], [545.0, 383.0, 16, 32], [562.0, 382.0, 18, 30]]","[1, 1, 1, 1, 1, 1]"
/home/huy/Documents/de_tai_tot_nghiep/Drone Thermal.v4i.voc/imgs/1_130_50_0_03894_jpg.rf.eb24a4c778d04fadb5c993b63fabb45e.jpg,"[[507.0, 282.0, 20, 30], [552.0, 252.0, 18, 34], [559.0, 223.0, 20, 36], [581.0, 244.0, 16, 34], [580.0, 279.0, 18, 40], [592.0, 271.0, 18, 32]]","[1, 1, 1, 1, 1, 1]"
/home/huy/Documents/de_tai_tot_nghiep/Drone Thermal.v4i.voc/imgs/1_80_70_0_01285_jpg.rf.306e0ff9aebe710e59180679974481f3.jpg,"[[795.0, 339.0, 24, 44], [712.0, 400.0, 26, 46], [853.0, 408.0, 40, 38], [862.0, 434.0, 30, 38], [769.0, 446.0, 44, 54], [799.0, 470.0, 44, 50], [819.0, 509.0, 48, 48]]","[1, 1, 1, 1, 1, 1, 1]"
/home/huy/Documents/de_tai_tot_nghiep/Drone Thermal.v4i.voc/imgs/1_70_40_0_00902_jpg.rf.9ca8100f97de42811c61ef639d302031.jpg,"[[553.0, 308.0, 20, 50], [371.0, 412.0, 28, 34], [383.0, 441.0, 24, 40], [520.0, 890.0, 18, 34]]","[1, 1, 1, 1]"
/home/huy/Documents/de_tai_tot_nghiep/Drone Thermal.v4i.voc/imgs/0_120_50_0_09536_jpg.rf.9b1c76466e85c085bb23e6cede276342.jpg,[],[]
/home/huy/Documents/de_tai_tot_nghiep/Drone Thermal.v4i.voc/imgs/0_60_70_0_01748_jpg.rf.f6a3a6f044e46ab31f8c5bb80d08d771.jpg,"[[338.0, 1011.0, 34, 28], [511.0, 529.0, 20, 48], [545.0, 571.0, 24, 44], [615.0, 563.0, 40, 52], [618.0, 622.0, 26, 42], [533.0, 734.0, 16, 42], [521.0, 774.0, 36, 34], [891.0, 778.0, 36, 42], [1108.0, 150.0, 30, 46], [1244.0, 68.0, 18, 42], [1199.0, 182.0, 20, 38], [1222.0, 282.0, 22, 50], [1262.0, 274.0, 34, 54], [1269.0, 117.0, 20, 48]]","[1, 1, 1, 1, 1, 1, 1, 1, 1, 1, 1, 1, 1, 1]"
/home/huy/Documents/de_tai_tot_nghiep/Drone Thermal.v4i.voc/imgs/1_130_30_0_07136_jpg.rf.04978d17344e1e7ecd43ba9c77d28c84.jpg,[],[]
/home/huy/Documents/de_tai_tot_nghiep/Drone Thermal.v4i.voc/imgs/0_100_60_0_08180_jpg.rf.ad4c0b773f4dd34eeff5d59b20a289fa.jpg,[],[]
/home/huy/Documents/de_tai_tot_nghiep/Drone Thermal.v4i.voc/imgs/1_100_40_0_06263_jpg.rf.1ed6cf30b46c15aae987f06fd16b73d5.jpg,"[[303.0, 363.0, 16, 36], [285.0, 355.0, 20, 36], [268.0, 361.0, 18, 36], [843.0, 478.0, 40, 50], [867.0, 755.0, 16, 32], [865.0, 719.0, 24, 32], [851.0, 748.0, 24, 34], [842.0, 736.0, 18, 42]]","[1, 1, 1, 1, 1, 1, 1, 1]"
/home/huy/Documents/de_tai_tot_nghiep/Drone Thermal.v4i.voc/imgs/1_120_70_0_02939_jpg.rf.c8695a312b2559fb6c840933a040b054.jpg,"[[462.0, 33.0, 22, 32], [662.0, 105.0, 18, 28], [714.0, 171.0, 22, 32], [542.0, 370.0, 22, 34], [580.0, 368.0, 18, 26], [598.0, 426.0, 18, 34], [512.0, 449.0, 18, 24], [483.0, 420.0, 16, 22], [462.0, 432.0, 22, 26], [462.0, 481.0, 22, 32], [515.0, 534.0, 16, 26]]","[1, 1, 1, 1, 1, 1, 1, 1, 1, 1, 1]"
/home/huy/Documents/de_tai_tot_nghiep/Drone Thermal.v4i.voc/imgs/1_60_40_0_07398_jpg.rf.e5c154c51ca8eab6c99c20ece011dbc9.jpg,[],[]
/home/huy/Documents/de_tai_tot_nghiep/Drone Thermal.v4i.voc/imgs/0_70_90_0_02069_jpg.rf.16987e8c301bc8e493ffac4363596448.jpg,"[[994.0, 287.0, 46, 56], [1001.0, 356.0, 36, 42], [944.0, 436.0, 58, 54], [549.0, 791.0, 48, 48], [388.0, 855.0, 34, 32], [645.0, 937.0, 40, 56], [486.0, 1011.0, 34, 20]]","[1, 1, 1, 1, 1, 1, 1]"
/home/huy/Documents/de_tai_tot_nghiep/Drone Thermal.v4i.voc/imgs/0_110_40_0_03583_jpg.rf.886712d55f780dd475b51addc768e69b.jpg,"[[62.0, 373.0, 18, 36]]",[1]
/home/huy/Documents/de_tai_tot_nghiep/Drone Thermal.v4i.voc/imgs/1_80_70_0_01271_jpg.rf.5f01a6a6a32acf90923a04e790c7b9b6.jpg,"[[663.0, 115.0, 36, 48], [806.0, 94.0, 34, 50], [827.0, 108.0, 28, 26], [755.0, 138.0, 20, 38], [724.0, 172.0, 22, 38], [836.0, 156.0, 30, 30], [767.0, 202.0, 32, 50], [873.0, 212.0, 52, 54], [588.0, 660.0, 30, 42], [880.0, 773.0, 30, 32], [880.0, 800.0, 34, 34], [854.0, 799.0, 22, 20], [1041.0, 801.0, 40, 48], [969.0, 814.0, 44, 50], [883.0, 879.0, 36, 40], [925.0, 881.0, 52, 60]]","[1, 1, 1, 1, 1, 1, 1, 1, 1, 1, 1, 1, 1, 1, 1, 1]"
/home/huy/Documents/de_tai_tot_nghiep/Drone Thermal.v4i.voc/imgs/0_60_60_0_06549_jpg.rf.852982c5cf7d857a12b2838c992180bd.jpg,[],[]
/home/huy/Documents/de_tai_tot_nghiep/Drone Thermal.v4i.voc/imgs/1_110_80_0_05893_jpg.rf.e753f746c8eebb761688f40a638e63ee.jpg,"[[295.0, 171.0, 28, 40], [270.0, 181.0, 26, 28]]","[1, 1]"
/home/huy/Documents/de_tai_tot_nghiep/Drone Thermal.v4i.voc/imgs/0_100_60_0_03386_jpg.rf.58603184194d309606572795e2595eb7.jpg,"[[404.0, 163.0, 18, 48], [458.0, 148.0, 14, 38], [885.0, 456.0, 20, 30]]","[1, 1, 1]"
/home/huy/Documents/de_tai_tot_nghiep/Drone Thermal.v4i.voc/imgs/1_70_70_0_07700_jpg.rf.6db5a8efb00356973ebe41d806737b08.jpg,[],[]
/home/huy/Documents/de_tai_tot_nghiep/Drone Thermal.v4i.voc/imgs/1_120_50_0_06029_jpg.rf.5cf50412a04e54f4eb7cdf0c90362f02.jpg,"[[716.0, 695.0, 18, 36]]",[1]
/home/huy/Documents/de_tai_tot_nghiep/Drone Thermal.v4i.voc/imgs/0_130_80_0_09842_jpg.rf.71f6139036144e8f1c16484528d817c9.jpg,"[[725.0, 594.0, 20, 26], [737.0, 612.0, 20, 30]]","[1, 1]"
/home/huy/Documents/de_tai_tot_nghiep/Drone Thermal.v4i.voc/imgs/1_80_40_0_08626_jpg.rf.35ffa14a14f4109fce4360d913b11046.jpg,[],[]
/home/huy/Documents/de_tai_tot_nghiep/Drone Thermal.v4i.voc/imgs/0_60_60_0_06575_jpg.rf.edcaec984a5bae9020df5bae4c6cdff7.jpg,[],[]
/home/huy/Documents/de_tai_tot_nghiep/Drone Thermal.v4i.voc/imgs/1_60_60_0_00434_jpg.rf.0577351144de31d35d2f769393445bff.jpg,"[[625.0, 534.0, 28, 58], [1230.0, 77.0, 34, 52], [1169.0, 753.0, 36, 48]]","[1, 1, 1]"
/home/huy/Documents/de_tai_tot_nghiep/Drone Thermal.v4i.voc/imgs/0_110_60_0_08437_jpg.rf.7ef75b386fc648b349cb789c10ea36e8.jpg,[],[]
/home/huy/Documents/de_tai_tot_nghiep/Drone Thermal.v4i.voc/imgs/0_70_50_0_06767_jpg.rf.3bab9db5cef99e4b672ab44635080489.jpg,"[[561.0, 331.0, 32, 72], [609.0, 461.0, 32, 72], [917.0, 618.0, 32, 62]]","[1, 1, 1]"
/home/huy/Documents/de_tai_tot_nghiep/Drone Thermal.v4i.voc/imgs/0_120_30_0_05342_jpg.rf.82428e681131623cf6f64dad2a1cc743.jpg,[],[]
/home/huy/Documents/de_tai_tot_nghiep/Drone Thermal.v4i.voc/imgs/1_60_60_0_00458_jpg.rf.57d198fdbf80fd8758184b56839a28c1.jpg,"[[1099.0, 330.0, 20, 46], [1065.0, 328.0, 24, 50], [1084.0, 331.0, 26, 48], [922.0, 24.0, 38, 46], [620.0, 502.0, 22, 42], [718.0, 702.0, 26, 50], [951.0, 776.0, 32, 70], [1002.0, 781.0, 26, 60], [1135.0, 481.0, 24, 36]]","[1, 1, 1, 1, 1, 1, 1, 1, 1]"
/home/huy/Documents/de_tai_tot_nghiep/Drone Thermal.v4i.voc/imgs/1_60_80_0_00673_jpg.rf.423a73315aea73ba662c9d8a19f0c09f.jpg,"[[397.0, 544.0, 32, 38], [474.0, 543.0, 38, 40], [508.0, 534.0, 30, 34], [553.0, 531.0, 24, 28], [485.0, 600.0, 28, 38], [405.0, 740.0, 32, 42], [410.0, 851.0, 42, 52], [690.0, 603.0, 50, 44], [549.0, 748.0, 28, 30], [601.0, 750.0, 28, 34], [787.0, 698.0, 48, 50], [1227.0, 535.0, 52, 60], [829.0, 1010.0, 32, 26], [1141.0, 90.0, 40, 58], [1174.0, 97.0, 30, 48]]","[1, 1, 1, 1, 1, 1, 1, 1, 1, 1, 1, 1, 1, 1, 1]"
/home/huy/Documents/de_tai_tot_nghiep/Drone Thermal.v4i.voc/imgs/1_80_30_0_04585_jpg.rf.bb9139842428355ca85f74c76b68ba49.jpg,"[[608.0, 510.0, 18, 38]]",[1]
/home/huy/Documents/de_tai_tot_nghiep/Drone Thermal.v4i.voc/imgs/1_130_70_0_04005_jpg.rf.5d3b99c4e8c194507287b1efcddb1368.jpg,"[[474.0, 304.0, 22, 34], [546.0, 294.0, 22, 34], [518.0, 336.0, 18, 34], [522.0, 358.0, 22, 30], [551.0, 372.0, 20, 30], [572.0, 369.0, 18, 32]]","[1, 1, 1, 1, 1, 1]"
/home/huy/Documents/de_tai_tot_nghiep/Drone Thermal.v4i.voc/imgs/1_120_60_0_02927_jpg.rf.48eff6ca40ff34314e7d5bece9d15b2d.jpg,"[[253.0, 5.0, 12, 8], [402.0, 8.0, 30, 14], [1071.0, 442.0, 28, 30]]","[1, 1, 1]"
/home/huy/Documents/de_tai_tot_nghiep/Drone Thermal.v4i.voc/imgs/1_90_60_0_04948_jpg.rf.6750a91594ed669dba28909cf5a0246b.jpg,"[[430.0, 930.0, 38, 54], [645.0, 959.0, 28, 40], [1064.0, 681.0, 22, 32]]","[1, 1, 1]"
/home/huy/Documents/de_tai_tot_nghiep/Drone Thermal.v4i.voc/imgs/1_120_50_0_06022_jpg.rf.2280e3d3445f7f6d6e2f4f8cd0b77304.jpg,[],[]
/home/huy/Documents/de_tai_tot_nghiep/Drone Thermal.v4i.voc/imgs/1_130_30_0_07124_jpg.rf.154724c5680220743e65569cf8173fbd.jpg,[],[]
/home/huy/Documents/de_tai_tot_nghiep/Drone Thermal.v4i.voc/imgs/1_120_70_0_09373_jpg.rf.f481924af0ce8a0351187970082621f5.jpg,"[[590.0, 685.0, 22, 48]]",[1]
/home/huy/Documents/de_tai_tot_nghiep/Drone Thermal.v4i.voc/imgs/1_60_50_0_00290_jpg.rf.f6348f2f362af6de35b1f26566759e2d.jpg,"[[572.0, 271.0, 42, 64], [414.0, 492.0, 42, 58], [773.0, 241.0, 28, 64], [706.0, 673.0, 30, 56], [535.0, 825.0, 36, 52], [958.0, 720.0, 26, 62], [1264.0, 261.0, 14, 32], [1269.0, 232.0, 20, 30]]","[1, 1, 1, 1, 1, 1, 1, 1]"
/home/huy/Documents/de_tai_tot_nghiep/Drone Thermal.v4i.voc/imgs/1_130_50_0_07213_jpg.rf.3b2cff31e0d35b878b8f89d7496b56f7.jpg,[],[]
/home/huy/Documents/de_tai_tot_nghiep/Drone Thermal.v4i.voc/imgs/0_110_80_0_08496_jpg.rf.05573ad0cf2dc4298eb069660785d167.jpg,[],[]
/home/huy/Documents/de_tai_tot_nghiep/Drone Thermal.v4i.voc/imgs/1_60_70_0_00600_jpg.rf.3700988e574bd25383d3cd1e1360d020.jpg,"[[22.0, 830.0, 34, 54], [333.0, 842.0, 36, 46], [479.0, 598.0, 28, 66], [441.0, 14.0, 32, 26]]","[1, 1, 1, 1]"
/home/huy/Documents/de_tai_tot_nghiep/Drone Thermal.v4i.voc/imgs/0_60_70_0_06596_jpg.rf.6ddb0426f6c2d3678904afd56bee070b.jpg,[],[]
/home/huy/Documents/de_tai_tot_nghiep/Drone Thermal.v4i.voc/imgs/1_60_50_0_00377_jpg.rf.f1bcb1332bee762f771699e62f98540a.jpg,"[[753.0, 656.0, 28, 62], [917.0, 803.0, 52, 80], [838.0, 145.0, 26, 60]]","[1, 1, 1]"
/home/huy/Documents/de_tai_tot_nghiep/Drone Thermal.v4i.voc/imgs/1_60_50_0_00352_jpg.rf.f83738db211de2fc8290de0c463edc74.jpg,"[[193.0, 102.0, 32, 50], [651.0, 604.0, 28, 54], [630.0, 872.0, 26, 58]]","[1, 1, 1]"
/home/huy/Documents/de_tai_tot_nghiep/Drone Thermal.v4i.voc/imgs/0_80_30_0_06905_jpg.rf.94c19ee397aa74c34e7825e81e5e03c0.jpg,[],[]
/home/huy/Documents/de_tai_tot_nghiep/Drone Thermal.v4i.voc/imgs/1_110_30_0_05725_jpg.rf.0731cf1f371ff6017f5c0e947b76ffbc.jpg,[],[]
/home/huy/Documents/de_tai_tot_nghiep/Drone Thermal.v4i.voc/imgs/1_120_80_0_09416_jpg.rf.418ed32ac1de92cccaa786a3187e3cf7.jpg,[],[]
/home/huy/Documents/de_tai_tot_nghiep/Drone Thermal.v4i.voc/imgs/1_120_80_0_06135_jpg.rf.090e48bf147ca4786beece37321abbf7.jpg,[],[]
/home/huy/Documents/de_tai_tot_nghiep/Drone Thermal.v4i.voc/imgs/1_80_70_0_08711_jpg.rf.d8fad95f7d709beff7f7dcd9c4a68911.jpg,[],[]
/home/huy/Documents/de_tai_tot_nghiep/Drone Thermal.v4i.voc/imgs/1_110_80_0_05900_jpg.rf.22e97e4b8651cb721427be5ea24fa4a2.jpg,"[[585.0, 532.0, 44, 54]]",[1]
/home/huy/Documents/de_tai_tot_nghiep/Drone Thermal.v4i.voc/imgs/0_130_50_0_05623_jpg.rf.6fc3c26789d74fd9029e80ecacdef61c.jpg,[],[]
/home/huy/Documents/de_tai_tot_nghiep/Drone Thermal.v4i.voc/imgs/1_60_50_0_00327_jpg.rf.d131462265bf95421d883df85ecf2157.jpg,"[[426.0, 117.0, 26, 52], [548.0, 127.0, 22, 48], [583.0, 244.0, 28, 58], [391.0, 521.0, 28, 64], [361.0, 533.0, 24, 56], [939.0, 464.0, 32, 62]]","[1, 1, 1, 1, 1, 1]"
/home/huy/Documents/de_tai_tot_nghiep/Drone Thermal.v4i.voc/imgs/1_120_50_0_02884_jpg.rf.22b663a7fade9e31de98d42d14ff10d5.jpg,"[[262.0, 19.0, 14, 24], [262.0, 41.0, 10, 20], [253.0, 36.0, 12, 22], [241.0, 30.0, 12, 22], [229.0, 29.0, 12, 24], [234.0, 60.0, 10, 18], [229.0, 77.0, 16, 16], [326.0, 75.0, 14, 28], [304.0, 76.0, 14, 14], [304.0, 90.0, 18, 18], [244.0, 109.0, 14, 20], [248.0, 121.0, 10, 16], [279.0, 113.0, 12, 24], [320.0, 122.0, 18, 30], [296.0, 157.0, 14, 28]]","[1, 1, 1, 1, 1, 1, 1, 1, 1, 1, 1, 1, 1, 1, 1]"
/home/huy/Documents/de_tai_tot_nghiep/Drone Thermal.v4i.voc/imgs/1_110_90_0_05959_jpg.rf.7503b7429118efb944c23fea46028f69.jpg,[],[]
/home/huy/Documents/de_tai_tot_nghiep/Drone Thermal.v4i.voc/imgs/1_60_70_0_00620_jpg.rf.c4c6479b7273d292967172aa3becd0cd.jpg,"[[253.0, 269.0, 32, 56]]",[1]
/home/huy/Documents/de_tai_tot_nghiep/Drone Thermal.v4i.voc/imgs/1_120_70_0_09397_jpg.rf.fe3308bd62a931907705ec7984816d51.jpg,[],[]
/home/huy/Documents/de_tai_tot_nghiep/Drone Thermal.v4i.voc/imgs/1_130_50_0_07209_jpg.rf.e13b02066c1685c0306a1ae035c56f55.jpg,[],[]
/home/huy/Documents/de_tai_tot_nghiep/Drone Thermal.v4i.voc/imgs/0_110_40_0_03577_jpg.rf.855c5fc4111b33ac65d3537e7072cacd.jpg,"[[65.0, 318.0, 16, 42]]",[1]
/home/huy/Documents/de_tai_tot_nghiep/Drone Thermal.v4i.voc/imgs/1_130_90_0_04062_jpg.rf.3a8e72a089301bc476997bdcb1c97bf5.jpg,[],[]
/home/huy/Documents/de_tai_tot_nghiep/Drone Thermal.v4i.voc/imgs/1_60_70_0_00563_jpg.rf.33aa983282512af851f31e3f737a8595.jpg,"[[518.0, 369.0, 46, 56], [650.0, 322.0, 54, 70], [707.0, 633.0, 44, 60], [1168.0, 459.0, 46, 64]]","[1, 1, 1, 1]"
/home/huy/Documents/de_tai_tot_nghiep/Drone Thermal.v4i.voc/imgs/1_60_30_0_00105_jpg.rf.31c88803ffa0b2f8e2fe0f5e6eef208d.jpg,"[[232.0, 228.0, 18, 34], [259.0, 276.0, 16, 38], [316.0, 254.0, 18, 38], [543.0, 175.0, 16, 36], [596.0, 96.0, 18, 34], [83.0, 731.0, 16, 36], [1111.0, 461.0, 16, 40], [1075.0, 393.0, 20, 36], [1068.0, 362.0, 18, 38], [1025.0, 103.0, 16, 32], [688.0, 125.0, 18, 40]]","[1, 1, 1, 1, 1, 1, 1, 1, 1, 1, 1]"
/home/huy/Documents/de_tai_tot_nghiep/Drone Thermal.v4i.voc/imgs/0_120_90_0_05523_jpg.rf.4f0c3922e3b503c60cef1d58c70e1237.jpg,[],[]
/home/huy/Documents/de_tai_tot_nghiep/Drone Thermal.v4i.voc/imgs/0_130_80_0_05684_jpg.rf.8143dc3ddc0d3d8d06773999cfc340e7.jpg,[],[]
/home/huy/Documents/de_tai_tot_nghiep/Drone Thermal.v4i.voc/imgs/1_110_70_0_05873_jpg.rf.e4d0f657301e220ab5e3d194d790051d.jpg,[],[]
/home/huy/Documents/de_tai_tot_nghiep/Drone Thermal.v4i.voc/imgs/1_130_40_0_09982_jpg.rf.7fa42c3522ac5f60a3761e8ac98dbdd5.jpg,"[[818.0, 911.0, 18, 40]]",[1]
/home/huy/Documents/de_tai_tot_nghiep/Drone Thermal.v4i.voc/imgs/1_120_60_0_09365_jpg.rf.56a918455d2310e6d2f65cc0920cf3eb.jpg,"[[516.0, 561.0, 22, 40]]",[1]
/home/huy/Documents/de_tai_tot_nghiep/Drone Thermal.v4i.voc/imgs/1_60_50_0_00308_jpg.rf.b9ac108ffb4ed877c0ad545fcf17f143.jpg,"[[834.0, 408.0, 38, 54], [1008.0, 732.0, 26, 62]]","[1, 1]"
/home/huy/Documents/de_tai_tot_nghiep/Drone Thermal.v4i.voc/imgs/1_130_30_0_03841_jpg.rf.ca3c54567e41994e0c8bfa75486dafa6.jpg,"[[685.0, 68.0, 8, 18], [718.0, 59.0, 10, 20], [751.0, 72.0, 12, 22], [771.0, 60.0, 12, 22], [795.0, 78.0, 12, 22], [763.0, 91.0, 12, 20], [726.0, 77.0, 10, 20], [689.0, 82.0, 12, 22], [777.0, 407.0, 12, 24], [735.0, 423.0, 12, 24], [747.0, 425.0, 12, 24], [761.0, 435.0, 12, 24], [773.0, 428.0, 16, 22], [604.0, 496.0, 18, 22], [324.0, 492.0, 14, 22], [351.0, 500.0, 12, 22], [401.0, 499.0, 16, 28], [425.0, 744.0, 16, 22], [463.0, 748.0, 12, 22], [459.0, 770.0, 12, 26], [481.0, 765.0, 16, 24], [491.0, 742.0, 12, 26], [504.0, 751.0, 14, 24]]","[1, 1, 1, 1, 1, 1, 1, 1, 1, 1, 1, 1, 1, 1, 1, 1, 1, 1, 1, 1, 1, 1, 1]"
/home/huy/Documents/de_tai_tot_nghiep/Drone Thermal.v4i.voc/imgs/1_70_90_0_01121_jpg.rf.dd3884a6a93af6d3e8e519897ec43450.jpg,"[[776.0, 606.0, 34, 34], [756.0, 454.0, 34, 34], [840.0, 402.0, 30, 34], [920.0, 373.0, 46, 44], [920.0, 190.0, 34, 50], [852.0, 217.0, 50, 44]]","[1, 1, 1, 1, 1, 1]"
/home/huy/Documents/de_tai_tot_nghiep/Drone Thermal.v4i.voc/imgs/1_80_70_0_04748_jpg.rf.e1fbd6e8fc39aab21dc157339fe953b4.jpg,[],[]
/home/huy/Documents/de_tai_tot_nghiep/Drone Thermal.v4i.voc/imgs/1_110_90_0_02769_jpg.rf.698c245e817d2d232cf17587a1d499d9.jpg,"[[422.0, 125.0, 22, 28], [431.0, 185.0, 24, 28], [395.0, 183.0, 24, 24], [475.0, 285.0, 32, 44], [521.0, 641.0, 32, 36], [680.0, 687.0, 34, 40], [537.0, 690.0, 24, 30], [540.0, 720.0, 18, 22], [707.0, 782.0, 32, 34], [653.0, 775.0, 28, 28], [523.0, 791.0, 20, 32], [568.0, 851.0, 26, 28]]","[1, 1, 1, 1, 1, 1, 1, 1, 1, 1, 1, 1]"
/home/huy/Documents/de_tai_tot_nghiep/Drone Thermal.v4i.voc/imgs/1_120_60_0_09358_jpg.rf.9aa8fe0b0388239d17189e527660b8f5.jpg,[],[]
/home/huy/Documents/de_tai_tot_nghiep/Drone Thermal.v4i.voc/imgs/0_130_60_0_05643_jpg.rf.58eee7dcf2e6f38cbebd95268621df00.jpg,[],[]
/home/huy/Documents/de_tai_tot_nghiep/Drone Thermal.v4i.voc/imgs/0_130_50_0_05630_jpg.rf.231de95e8464f78f21405873f13d6839.jpg,[],[]
/home/huy/Documents/de_tai_tot_nghiep/Drone Thermal.v4i.voc/imgs/1_130_80_0_04025_jpg.rf.df787827604015b3cd5c81bf7778142e.jpg,"[[524.0, 314.0, 22, 26], [542.0, 399.0, 18, 28], [608.0, 409.0, 18, 32], [638.0, 367.0, 18, 32], [656.0, 384.0, 18, 30], [534.0, 422.0, 18, 22]]","[1, 1, 1, 1, 1, 1]"
/home/huy/Documents/de_tai_tot_nghiep/Drone Thermal.v4i.voc/imgs/1_130_50_0_07207_jpg.rf.98ac0a10216ecbe740eae6e17d36d345.jpg,[],[]
/home/huy/Documents/de_tai_tot_nghiep/Drone Thermal.v4i.voc/imgs/1_60_80_0_04250_jpg.rf.95bde4e24f559759afb4ff69d88640f9.jpg,[],[]
/home/huy/Documents/de_tai_tot_nghiep/Drone Thermal.v4i.voc/imgs/1_60_90_0_04283_jpg.rf.2116452bc3d33cf69737d7e2d70af6c7.jpg,[],[]
/home/huy/Documents/de_tai_tot_nghiep/Drone Thermal.v4i.voc/imgs/0_100_70_0_03446_jpg.rf.a2f7464f88920a4a48ccfef4155aa1cb.jpg,"[[643.0, 113.0, 20, 44]]",[1]
/home/huy/Documents/de_tai_tot_nghiep/Drone Thermal.v4i.voc/imgs/1_90_50_0_01454_jpg.rf.d6fae073db6a52f53569db5e0643816c.jpg,"[[801.0, 14.0, 24, 26], [1106.0, 374.0, 30, 50], [1172.0, 450.0, 26, 50], [1122.0, 434.0, 26, 42], [1166.0, 510.0, 22, 46], [1100.0, 469.0, 18, 44], [1080.0, 460.0, 26, 46], [1075.0, 412.0, 28, 42], [1054.0, 413.0, 26, 36], [1034.0, 411.0, 22, 24], [1018.0, 419.0, 18, 28]]","[1, 1, 1, 1, 1, 1, 1, 1, 1, 1, 1]"
/home/huy/Documents/de_tai_tot_nghiep/Drone Thermal.v4i.voc/imgs/1_60_60_0_00478_jpg.rf.82f811f6062367a7fde70ef63dc410c7.jpg,"[[493.0, 82.0, 28, 50], [537.0, 314.0, 36, 62], [936.0, 455.0, 18, 40]]","[1, 1, 1]"
/home/huy/Documents/de_tai_tot_nghiep/Drone Thermal.v4i.voc/imgs/0_80_70_0_07040_jpg.rf.9d370cf96c40b6a3c23c6bdd1bb92bd5.jpg,[],[]
/home/huy/Documents/de_tai_tot_nghiep/Drone Thermal.v4i.voc/imgs/1_60_70_0_00567_jpg.rf.051248ffe3c72f72f2774e7f6963122f.jpg,"[[753.0, 518.0, 44, 54]]",[1]
/home/huy/Documents/de_tai_tot_nghiep/Drone Thermal.v4i.voc/imgs/1_80_40_0_01179_jpg.rf.92161f5563f25c5a0cf393481ceb5afa.jpg,"[[929.0, 624.0, 28, 38], [884.0, 599.0, 26, 44], [857.0, 603.0, 20, 40], [847.0, 642.0, 24, 46], [709.0, 585.0, 20, 28], [784.0, 634.0, 22, 26], [785.0, 657.0, 20, 20], [786.0, 681.0, 18, 32], [751.0, 301.0, 20, 40], [798.0, 306.0, 22, 30], [798.0, 332.0, 22, 38], [851.0, 332.0, 24, 38], [867.0, 293.0, 20, 28], [841.0, 290.0, 32, 30]]","[1, 1, 1, 1, 1, 1, 1, 1, 1, 1, 1, 1, 1, 1]"
/home/huy/Documents/de_tai_tot_nghiep/Drone Thermal.v4i.voc/imgs/1_90_80_0_01543_jpg.rf.8278a4c1b226110eeb2fa99a3d5e3350.jpg,"[[813.0, 505.0, 28, 40], [1050.0, 484.0, 26, 30]]","[1, 1]"
/home/huy/Documents/de_tai_tot_nghiep/Drone Thermal.v4i.voc/imgs/1_130_70_0_07276_jpg.rf.6c6d49ba1d922fb86cebc275fb29682b.jpg,[],[]
/home/huy/Documents/de_tai_tot_nghiep/Drone Thermal.v4i.voc/imgs/0_130_70_0_05671_jpg.rf.eb2b37479ebd59761ca6cec6fbdd8f33.jpg,[],[]
/home/huy/Documents/de_tai_tot_nghiep/Drone Thermal.v4i.voc/imgs/0_80_80_0_07082_jpg.rf.2381d36dc65ed043ed78a79246baf0b2.jpg,"[[135.0, 342.0, 28, 54], [322.0, 417.0, 50, 52]]","[1, 1]"
/home/huy/Documents/de_tai_tot_nghiep/Drone Thermal.v4i.voc/imgs/0_100_40_0_03342_jpg.rf.276cf92865513adbcfc8a39e4ef8c20a.jpg,"[[776.0, 137.0, 18, 36], [817.0, 428.0, 16, 34], [519.0, 283.0, 16, 36], [563.0, 290.0, 16, 30], [153.0, 113.0, 16, 36]]","[1, 1, 1, 1, 1]"
/home/huy/Documents/de_tai_tot_nghiep/Drone Thermal.v4i.voc/imgs/1_60_90_0_04311_jpg.rf.1425cb2ae506bc2bb5fb1683c48ac5db.jpg,[],[]
/home/huy/Documents/de_tai_tot_nghiep/Drone Thermal.v4i.voc/imgs/0_110_80_0_08491_jpg.rf.f65021c6eb12e9bd4b1d1024ed01260e.jpg,"[[613.0, 133.0, 28, 36]]",[1]
/home/huy/Documents/de_tai_tot_nghiep/Drone Thermal.v4i.voc/imgs/1_80_90_0_04821_jpg.rf.f44e587c4d8a9e81ad76b9e33c2adf59.jpg,[],[]
/home/huy/Documents/de_tai_tot_nghiep/Drone Thermal.v4i.voc/imgs/1_110_60_0_02677_jpg.rf.01f7d49be9a236b127891bb8004d9212.jpg,"[[533.0, 265.0, 20, 32], [515.0, 296.0, 56, 62], [562.0, 325.0, 34, 32], [394.0, 596.0, 26, 38], [419.0, 612.0, 36, 34], [432.0, 635.0, 46, 56], [424.0, 689.0, 30, 48], [505.0, 687.0, 20, 32], [557.0, 697.0, 20, 40]]","[1, 1, 1, 1, 1, 1, 1, 1, 1]"
/home/huy/Documents/de_tai_tot_nghiep/Drone Thermal.v4i.voc/imgs/0_130_70_0_05667_jpg.rf.c1855ae762356d243fe9acad9932bd43.jpg,[],[]
/home/huy/Documents/de_tai_tot_nghiep/Drone Thermal.v4i.voc/imgs/1_130_50_0_03908_jpg.rf.38724814f37d4086ef1e79dd11558fda.jpg,"[[434.0, 370.0, 18, 34], [540.0, 347.0, 18, 32], [476.0, 400.0, 18, 34], [530.0, 411.0, 18, 32], [502.0, 421.0, 18, 36], [481.0, 438.0, 20, 30]]","[1, 1, 1, 1, 1, 1]"
/home/huy/Documents/de_tai_tot_nghiep/Drone Thermal.v4i.voc/imgs/1_70_90_0_07767_jpg.rf.f960239af1c060af27cb0a0248dabe82.jpg,"[[335.0, 423.0, 28, 32], [357.0, 450.0, 40, 46]]","[1, 1]"
/home/huy/Documents/de_tai_tot_nghiep/Drone Thermal.v4i.voc/imgs/1_60_30_0_00055_jpg.rf.8e12320374cccddf73c40b5c5fec2d19.jpg,"[[185.0, 259.0, 16, 40], [274.0, 120.0, 14, 34], [548.0, 322.0, 14, 38], [406.0, 384.0, 14, 38], [426.0, 380.0, 10, 34], [417.0, 384.0, 8, 34], [1081.0, 875.0, 16, 40], [728.0, 772.0, 18, 38], [865.0, 631.0, 20, 36], [886.0, 666.0, 22, 46], [653.0, 639.0, 20, 44], [499.0, 424.0, 16, 30], [1223.0, 113.0, 20, 36], [1098.0, 169.0, 18, 40], [972.0, 178.0, 14, 38], [770.0, 53.0, 14, 40], [820.0, 35.0, 14, 40], [804.0, 37.0, 14, 36], [1063.0, 24.0, 20, 34], [1081.0, 13.0, 12, 24], [1103.0, 7.0, 16, 12], [1139.0, 20.0, 16, 34], [1169.0, 8.0, 12, 14], [1198.0, 19.0, 18, 36]]","[1, 1, 1, 1, 1, 1, 1, 1, 1, 1, 1, 1, 1, 1, 1, 1, 1, 1, 1, 1, 1, 1, 1, 1]"
/home/huy/Documents/de_tai_tot_nghiep/Drone Thermal.v4i.voc/imgs/1_130_50_0_10025_jpg.rf.ef661748a29d0cb138351190b794cc46.jpg,[],[]
/home/huy/Documents/de_tai_tot_nghiep/Drone Thermal.v4i.voc/imgs/1_60_30_0_00086_jpg.rf.cfa1164f1e332f4fc7f27912ff717fa7.jpg,"[[739.0, 698.0, 16, 38], [651.0, 1014.0, 20, 22], [500.0, 509.0, 14, 40], [637.0, 364.0, 20, 34], [1207.0, 98.0, 16, 34], [1202.0, 70.0, 14, 38]]","[1, 1, 1, 1, 1, 1]"
/home/huy/Documents/de_tai_tot_nghiep/Drone Thermal.v4i.voc/imgs/1_60_30_0_00069_jpg.rf.12c2f8f60696479e810be3328701fa3b.jpg,"[[440.0, 361.0, 14, 32], [572.0, 485.0, 22, 44], [786.0, 212.0, 18, 38], [540.0, 487.0, 18, 36], [423.0, 742.0, 16, 38], [405.0, 790.0, 16, 38], [383.0, 822.0, 16, 38], [1257.0, 86.0, 16, 34]]","[1, 1, 1, 1, 1, 1, 1, 1]"
/home/huy/Documents/de_tai_tot_nghiep/Drone Thermal.v4i.voc/imgs/1_60_50_0_00322_jpg.rf.c59d579b6b6b803a614f162478388dfd.jpg,"[[102.0, 24.0, 34, 46], [543.0, 374.0, 20, 54], [593.0, 217.0, 28, 48], [390.0, 757.0, 18, 40], [415.0, 741.0, 24, 60], [644.0, 443.0, 30, 60], [683.0, 527.0, 28, 60], [924.0, 421.0, 26, 56]]","[1, 1, 1, 1, 1, 1, 1, 1]"
/home/huy/Documents/de_tai_tot_nghiep/Drone Thermal.v4i.voc/imgs/1_130_50_0_07200_jpg.rf.8ba808d86d9194f466847c9a866866b0.jpg,"[[68.0, 653.0, 22, 36], [33.0, 630.0, 28, 46], [12.0, 645.0, 18, 36]]","[1, 1, 1]"
/home/huy/Documents/de_tai_tot_nghiep/Drone Thermal.v4i.voc/imgs/0_120_30_0_09452_jpg.rf.54181156e40c81ec46d27b1fe2365e3b.jpg,[],[]
/home/huy/Documents/de_tai_tot_nghiep/Drone Thermal.v4i.voc/imgs/0_60_70_0_01761_jpg.rf.dc5e928d4731cdf5f26d9b1e3c01dc4e.jpg,"[[467.0, 882.0, 32, 46], [537.0, 851.0, 32, 40], [990.0, 564.0, 30, 46], [1061.0, 477.0, 32, 48], [1045.0, 403.0, 32, 40], [1122.0, 646.0, 34, 50]]","[1, 1, 1, 1, 1, 1]"
/home/huy/Documents/de_tai_tot_nghiep/Drone Thermal.v4i.voc/imgs/1_60_30_0_00136_jpg.rf.546405d82cbd7b8e84a9bff684be051f.jpg,"[[368.0, 127.0, 26, 36], [350.0, 475.0, 22, 32], [368.0, 495.0, 22, 32], [392.0, 499.0, 18, 28], [1273.0, 714.0, 16, 50], [1259.0, 442.0, 16, 46], [1258.0, 302.0, 18, 42], [1168.0, 321.0, 18, 32], [1162.0, 292.0, 18, 34], [983.0, 279.0, 20, 36], [901.0, 322.0, 20, 42], [818.0, 301.0, 18, 36], [1245.0, 1011.0, 20, 28]]","[1, 1, 1, 1, 1, 1, 1, 1, 1, 1, 1, 1, 1]"
/home/huy/Documents/de_tai_tot_nghiep/Drone Thermal.v4i.voc/imgs/1_60_70_0_00580_jpg.rf.bbb0db4811a9aa6e7fb4111ff196ae5a.jpg,"[[897.0, 223.0, 48, 68], [721.0, 145.0, 28, 52], [1009.0, 50.0, 36, 58], [115.0, 826.0, 36, 54]]","[1, 1, 1, 1]"
/home/huy/Documents/de_tai_tot_nghiep/Drone Thermal.v4i.voc/imgs/1_60_60_0_00476_jpg.rf.3ab8d41882d0b6954c3997ef19102fa0.jpg,"[[504.0, 122.0, 22, 50], [485.0, 261.0, 24, 56], [937.0, 455.0, 20, 40]]","[1, 1, 1]"
/home/huy/Documents/de_tai_tot_nghiep/Drone Thermal.v4i.voc/imgs/0_130_80_0_05688_jpg.rf.2f3d3279a893f3a65efd04963eefe971.jpg,[],[]
/home/huy/Documents/de_tai_tot_nghiep/Drone Thermal.v4i.voc/imgs/1_60_30_0_00062_jpg.rf.5c771215e7ed724aae2a8eec73679bda.jpg,"[[523.0, 159.0, 16, 36], [522.0, 361.0, 18, 40], [383.0, 326.0, 16, 34], [337.0, 296.0, 16, 38], [322.0, 370.0, 18, 38], [305.0, 312.0, 16, 38], [344.0, 502.0, 18, 34], [479.0, 644.0, 20, 46], [488.0, 717.0, 18, 44], [321.0, 916.0, 20, 42], [283.0, 929.0, 20, 44], [1168.0, 73.0, 18, 36]]","[1, 1, 1, 1, 1, 1, 1, 1, 1, 1, 1, 1]"
/home/huy/Documents/de_tai_tot_nghiep/Drone Thermal.v4i.voc/imgs/0_70_70_0_01992_jpg.rf.d99cf9748ad18c2b0d343457d5a0920c.jpg,"[[1186.0, 120.0, 42, 46], [1225.0, 195.0, 40, 32], [1247.0, 270.0, 36, 42], [699.0, 642.0, 44, 42], [681.0, 690.0, 28, 30], [743.0, 680.0, 52, 50], [688.0, 741.0, 26, 36], [830.0, 748.0, 30, 30], [728.0, 891.0, 26, 24], [767.0, 807.0, 36, 32]]","[1, 1, 1, 1, 1, 1, 1, 1, 1, 1]"
/home/huy/Documents/de_tai_tot_nghiep/Drone Thermal.v4i.voc/imgs/1_130_40_0_07178_jpg.rf.78e7778dcdd231bc8ca0783cd4c4069e.jpg,[],[]
/home/huy/Documents/de_tai_tot_nghiep/Drone Thermal.v4i.voc/imgs/1_100_60_0_02410_jpg.rf.072472e1fd5917b906f3f3341ea30c89.jpg,"[[877.0, 333.0, 32, 40], [861.0, 209.0, 24, 40], [797.0, 229.0, 24, 36], [749.0, 259.0, 20, 36], [539.0, 596.0, 20, 38], [594.0, 566.0, 18, 34], [575.0, 536.0, 20, 38], [545.0, 540.0, 32, 46], [525.0, 546.0, 20, 34], [528.0, 511.0, 22, 32], [528.0, 472.0, 22, 38], [500.0, 505.0, 26, 36]]","[1, 1, 1, 1, 1, 1, 1, 1, 1, 1, 1, 1]"
/home/huy/Documents/de_tai_tot_nghiep/Drone Thermal.v4i.voc/imgs/1_120_90_0_09419_jpg.rf.4d0004adfa46b884bb3e7e7f7c8e4831.jpg,[],[]
/home/huy/Documents/de_tai_tot_nghiep/Drone Thermal.v4i.voc/imgs/1_60_30_0_00137_jpg.rf.5f1cb116df59603c91ea6a9fd0995483.jpg,"[[301.0, 127.0, 16, 36], [362.0, 484.0, 18, 38], [387.0, 470.0, 40, 42], [393.0, 500.0, 16, 38], [806.0, 299.0, 14, 36], [873.0, 306.0, 16, 38], [965.0, 271.0, 20, 40], [1157.0, 305.0, 16, 36], [1165.0, 281.0, 16, 40], [1274.0, 311.0, 14, 40], [1243.0, 420.0, 16, 42], [1249.0, 679.0, 20, 48], [1249.0, 1013.0, 24, 24]]","[1, 1, 1, 1, 1, 1, 1, 1, 1, 1, 1, 1, 1]"
/home/huy/Documents/de_tai_tot_nghiep/Drone Thermal.v4i.voc/imgs/1_90_60_0_01481_jpg.rf.5bbaefe088d0970b589c9288f641c6fa.jpg,"[[492.0, 390.0, 26, 38], [529.0, 401.0, 24, 44], [593.0, 385.0, 20, 24], [597.0, 407.0, 20, 24], [607.0, 439.0, 24, 40], [604.0, 489.0, 54, 72], [649.0, 526.0, 20, 38], [666.0, 542.0, 22, 42], [703.0, 935.0, 32, 28], [702.0, 967.0, 30, 28], [797.0, 1006.0, 36, 34]]","[1, 1, 1, 1, 1, 1, 1, 1, 1, 1, 1]"
/home/huy/Documents/de_tai_tot_nghiep/Drone Thermal.v4i.voc/imgs/1_120_30_0_02799_jpg.rf.4ad62773084a376d24aec43e110eac7b.jpg,"[[658.0, 389.0, 14, 32], [668.0, 367.0, 14, 32], [697.0, 351.0, 12, 28], [695.0, 370.0, 12, 30], [682.0, 402.0, 14, 26], [776.0, 358.0, 14, 26], [767.0, 380.0, 12, 26], [745.0, 376.0, 16, 30], [754.0, 398.0, 14, 26], [717.0, 384.0, 16, 26], [801.0, 370.0, 12, 26], [806.0, 390.0, 14, 30], [783.0, 464.0, 12, 26], [772.0, 481.0, 14, 28], [833.0, 461.0, 12, 28], [838.0, 488.0, 14, 26], [896.0, 497.0, 14, 28], [893.0, 524.0, 16, 30], [454.0, 668.0, 18, 26], [486.0, 673.0, 14, 32], [1180.0, 911.0, 18, 32]]","[1, 1, 1, 1, 1, 1, 1, 1, 1, 1, 1, 1, 1, 1, 1, 1, 1, 1, 1, 1, 1]"
/home/huy/Documents/de_tai_tot_nghiep/Drone Thermal.v4i.voc/imgs/1_100_50_0_06265_jpg.rf.82f2ab5120cb63f93c8b7e4f8a323d4a.jpg,[],[]
/home/huy/Documents/de_tai_tot_nghiep/Drone Thermal.v4i.voc/imgs/1_60_70_0_00615_jpg.rf.310b10c3bc087cfa02728c5b89d98e78.jpg,"[[388.0, 54.0, 30, 54]]",[1]
/home/huy/Documents/de_tai_tot_nghiep/Drone Thermal.v4i.voc/imgs/1_60_50_0_00369_jpg.rf.974353fb53a93e8c9ad223cc9460df08.jpg,"[[1042.0, 284.0, 26, 50], [1177.0, 403.0, 28, 52], [1093.0, 949.0, 32, 48]]","[1, 1, 1]"
/home/huy/Documents/de_tai_tot_nghiep/Drone Thermal.v4i.voc/imgs/0_130_50_0_09745_jpg.rf.8adef65c0fbe5a79e7a94b27b897f10a.jpg,[],[]
/home/huy/Documents/de_tai_tot_nghiep/Drone Thermal.v4i.voc/imgs/1_70_60_0_07664_jpg.rf.15ce621a26e8dffd3efd75db88e2c4b6.jpg,[],[]
/home/huy/Documents/de_tai_tot_nghiep/Drone Thermal.v4i.voc/imgs/0_100_60_0_08172_jpg.rf.14c0e92221dacd9e278aa04d41717ed1.jpg,[],[]
/home/huy/Documents/de_tai_tot_nghiep/Drone Thermal.v4i.voc/imgs/1_80_80_0_04761_jpg.rf.b57228628c210e75aab3d6791260a7e8.jpg,[],[]
/home/huy/Documents/de_tai_tot_nghiep/Drone Thermal.v4i.voc/imgs/0_80_40_0_02126_jpg.rf.9a71edc2330f65aa59bc5c6e550e30ae.jpg,"[[451.0, 136.0, 24, 42], [921.0, 35.0, 20, 28], [1037.0, 27.0, 16, 32], [1002.0, 88.0, 22, 30], [1241.0, 41.0, 24, 36], [630.0, 262.0, 18, 30], [729.0, 251.0, 20, 28], [709.0, 251.0, 24, 28], [837.0, 264.0, 20, 22], [722.0, 288.0, 22, 30], [915.0, 354.0, 20, 30]]","[1, 1, 1, 1, 1, 1, 1, 1, 1, 1, 1]"
/home/huy/Documents/de_tai_tot_nghiep/Drone Thermal.v4i.voc/imgs/0_120_60_0_05431_jpg.rf.b8d97dbf2c4e6250480acab382e3c776.jpg,[],[]
/home/huy/Documents/de_tai_tot_nghiep/Drone Thermal.v4i.voc/imgs/0_70_30_0_06685_jpg.rf.f8a2ae5eb5fbcf0ea0cd299aa2dc61c3.jpg,"[[619.0, 66.0, 20, 42], [577.0, 64.0, 24, 42], [783.0, 484.0, 20, 42], [1114.0, 615.0, 18, 44]]","[1, 1, 1, 1]"
/home/huy/Documents/de_tai_tot_nghiep/Drone Thermal.v4i.voc/imgs/1_90_80_0_08974_jpg.rf.7b01b981c0f755c44a579dfaf83fc095.jpg,[],[]
/home/huy/Documents/de_tai_tot_nghiep/Drone Thermal.v4i.voc/imgs/1_100_30_0_05076_jpg.rf.d9384508ceb4f9a698e155db653c95c1.jpg,[],[]
/home/huy/Documents/de_tai_tot_nghiep/Drone Thermal.v4i.voc/imgs/1_120_50_0_06034_jpg.rf.4d4953a15051286a54d697161ae7abaf.jpg,[],[]
/home/huy/Documents/de_tai_tot_nghiep/Drone Thermal.v4i.voc/imgs/0_120_50_0_09542_jpg.rf.9218b4b565d542f69ba59b105da44501.jpg,[],[]
/home/huy/Documents/de_tai_tot_nghiep/Drone Thermal.v4i.voc/imgs/1_60_80_0_00692_jpg.rf.19405420c3254957c4fc6cd6d66a54d7.jpg,"[[440.0, 379.0, 26, 32], [726.0, 413.0, 34, 32], [699.0, 440.0, 44, 50], [518.0, 475.0, 30, 40], [565.0, 541.0, 32, 52], [613.0, 527.0, 64, 60], [754.0, 607.0, 42, 36], [836.0, 706.0, 30, 34], [650.0, 740.0, 38, 34], [584.0, 739.0, 30, 28], [1144.0, 145.0, 66, 72], [1256.0, 176.0, 42, 30]]","[1, 1, 1, 1, 1, 1, 1, 1, 1, 1, 1, 1]"
/home/huy/Documents/de_tai_tot_nghiep/Drone Thermal.v4i.voc/imgs/0_60_40_0_01666_jpg.rf.f4755e00b3f90dbe77711b9ff880fdf0.jpg,"[[456.0, 567.0, 18, 40], [488.0, 791.0, 14, 40], [475.0, 674.0, 28, 54], [468.0, 644.0, 22, 30], [877.0, 359.0, 24, 52], [911.0, 419.0, 20, 44], [941.0, 425.0, 20, 48], [899.0, 321.0, 28, 44]]","[1, 1, 1, 1, 1, 1, 1, 1]"
/home/huy/Documents/de_tai_tot_nghiep/Drone Thermal.v4i.voc/imgs/0_70_30_0_06691_jpg.rf.db5497a98ebef48c824ebdaff6e9941b.jpg,"[[615.0, 113.0, 16, 40], [649.0, 127.0, 24, 40], [852.0, 459.0, 14, 44], [1120.0, 649.0, 34, 36]]","[1, 1, 1, 1]"
/home/huy/Documents/de_tai_tot_nghiep/Drone Thermal.v4i.voc/imgs/1_60_50_0_00287_jpg.rf.e272feafdf5521adcdadde53efd195af.jpg,"[[490.0, 35.0, 30, 56], [328.0, 459.0, 38, 64], [675.0, 458.0, 32, 62], [464.0, 745.0, 30, 52], [928.0, 310.0, 34, 58], [709.0, 878.0, 28, 58], [957.0, 718.0, 28, 54]]","[1, 1, 1, 1, 1, 1, 1]"
/home/huy/Documents/de_tai_tot_nghiep/Drone Thermal.v4i.voc/imgs/1_80_60_0_01256_jpg.rf.1a70762c925667536273bd29e1994216.jpg,"[[936.0, 66.0, 26, 46], [961.0, 96.0, 40, 50], [918.0, 144.0, 18, 46], [872.0, 159.0, 26, 48], [824.0, 156.0, 22, 46], [802.0, 150.0, 38, 50], [786.0, 203.0, 50, 60], [777.0, 412.0, 52, 42], [576.0, 550.0, 26, 46], [1068.0, 584.0, 42, 58], [992.0, 605.0, 42, 52], [951.0, 666.0, 20, 34], [925.0, 656.0, 20, 46], [936.0, 688.0, 22, 22], [900.0, 661.0, 22, 40], [898.0, 688.0, 26, 30]]","[1, 1, 1, 1, 1, 1, 1, 1, 1, 1, 1, 1, 1, 1, 1, 1]"
/home/huy/Documents/de_tai_tot_nghiep/Drone Thermal.v4i.voc/imgs/1_60_70_0_00591_jpg.rf.e5360995fdd51530c51436723f0c149c.jpg,"[[432.0, 368.0, 26, 50], [45.0, 943.0, 40, 40]]","[1, 1]"
/home/huy/Documents/de_tai_tot_nghiep/Drone Thermal.v4i.voc/imgs/1_80_80_0_04770_jpg.rf.8c33d08063d4b416358da3ddab1a7d43.jpg,[],[]
/home/huy/Documents/de_tai_tot_nghiep/Drone Thermal.v4i.voc/imgs/1_120_80_0_09398_jpg.rf.78f6802ce70dab9487d06b883b0ca824.jpg,[],[]
/home/huy/Documents/de_tai_tot_nghiep/Drone Thermal.v4i.voc/imgs/1_100_80_0_02493_jpg.rf.4322932fb2575423306f64ad810beb64.jpg,"[[886.0, 515.0, 38, 44], [891.0, 462.0, 24, 30], [896.0, 422.0, 26, 26], [955.0, 395.0, 44, 40], [619.0, 913.0, 32, 24], [502.0, 868.0, 26, 22], [466.0, 850.0, 22, 30], [488.0, 953.0, 22, 20], [537.0, 1011.0, 28, 24], [694.0, 1012.0, 26, 22]]","[1, 1, 1, 1, 1, 1, 1, 1, 1, 1]"
/home/huy/Documents/de_tai_tot_nghiep/Drone Thermal.v4i.voc/imgs/0_120_60_0_09567_jpg.rf.5e1addcfe95081e67fbd874009d3b0ec.jpg,[],[]
/home/huy/Documents/de_tai_tot_nghiep/Drone Thermal.v4i.voc/imgs/0_80_60_0_07027_jpg.rf.edbae13827e46b4b6557fedaa4936b1c.jpg,[],[]
/home/huy/Documents/de_tai_tot_nghiep/Drone Thermal.v4i.voc/imgs/0_70_70_0_01989_jpg.rf.e126c8efd6bd9eceb0adc7867f9a7e18.jpg,"[[1140.0, 124.0, 34, 50], [1211.0, 151.0, 28, 52], [1260.0, 84.0, 34, 50], [675.0, 479.0, 32, 40], [626.0, 494.0, 30, 42], [612.0, 600.0, 22, 46], [691.0, 575.0, 28, 36], [739.0, 560.0, 24, 34], [998.0, 984.0, 34, 38], [829.0, 633.0, 24, 32], [770.0, 688.0, 26, 34], [727.0, 752.0, 28, 34]]","[1, 1, 1, 1, 1, 1, 1, 1, 1, 1, 1, 1]"
/home/huy/Documents/de_tai_tot_nghiep/Drone Thermal.v4i.voc/imgs/1_80_50_0_01229_jpg.rf.45d54da0c25d6b7d492240a58340217b.jpg,"[[242.0, 894.0, 30, 50], [944.0, 269.0, 26, 32], [1181.0, 326.0, 48, 62], [1163.0, 221.0, 40, 44], [1156.0, 276.0, 42, 66], [1087.0, 316.0, 20, 46], [1107.0, 327.0, 16, 40], [1123.0, 359.0, 28, 48]]","[1, 1, 1, 1, 1, 1, 1, 1]"
/home/huy/Documents/de_tai_tot_nghiep/Drone Thermal.v4i.voc/imgs/1_60_70_0_07485_jpg.rf.bf9529cdce679c97f0c9c6ea3858d94a.jpg,[],[]
/home/huy/Documents/de_tai_tot_nghiep/Drone Thermal.v4i.voc/imgs/1_130_50_0_03915_jpg.rf.f1add64e42d67f30d76e75f4b6868e15.jpg,"[[237.0, 37.0, 16, 32], [422.0, 462.0, 18, 34], [490.0, 527.0, 18, 32], [498.0, 468.0, 18, 34], [507.0, 485.0, 16, 28], [519.0, 509.0, 16, 32], [526.0, 473.0, 18, 36]]","[1, 1, 1, 1, 1, 1, 1]"
/home/huy/Documents/de_tai_tot_nghiep/Drone Thermal.v4i.voc/imgs/1_60_50_0_00339_jpg.rf.4885fb01280eaaf286796e3f4cff41e1.jpg,"[[634.0, 104.0, 22, 54], [980.0, 523.0, 30, 52], [978.0, 664.0, 34, 62], [231.0, 99.0, 36, 64], [210.0, 114.0, 34, 58]]","[1, 1, 1, 1, 1]"
/home/huy/Documents/de_tai_tot_nghiep/Drone Thermal.v4i.voc/imgs/1_70_60_0_04430_jpg.rf.8cdff14da7485c79b3017a2079a8d6d9.jpg,[],[]
/home/huy/Documents/de_tai_tot_nghiep/Drone Thermal.v4i.voc/imgs/1_70_30_0_07570_jpg.rf.5cdad63a7ff01ddd78123ee1c2cd5594.jpg,[],[]
/home/huy/Documents/de_tai_tot_nghiep/Drone Thermal.v4i.voc/imgs/1_110_40_0_02572_jpg.rf.cdf691234d003864e93f9dd4c37f50ed.jpg,"[[216.0, 102.0, 26, 38], [148.0, 109.0, 18, 36], [124.0, 126.0, 18, 34], [116.0, 151.0, 14, 28], [111.0, 168.0, 16, 22], [169.0, 157.0, 20, 36], [192.0, 169.0, 22, 32], [757.0, 831.0, 20, 36], [675.0, 723.0, 16, 24]]","[1, 1, 1, 1, 1, 1, 1, 1, 1]"
/home/huy/Documents/de_tai_tot_nghiep/Drone Thermal.v4i.voc/imgs/1_60_60_0_00455_jpg.rf.f98d410a61aeda65f21d6d6fec9e2cff.jpg,"[[691.0, 577.0, 24, 48], [1035.0, 127.0, 44, 64], [1093.0, 107.0, 32, 64], [987.0, 987.0, 28, 60], [1030.0, 994.0, 30, 58], [1231.0, 507.0, 28, 48], [1130.0, 438.0, 30, 58], [1148.0, 440.0, 26, 58], [1170.0, 444.0, 34, 66]]","[1, 1, 1, 1, 1, 1, 1, 1, 1]"
/home/huy/Documents/de_tai_tot_nghiep/Drone Thermal.v4i.voc/imgs/1_130_50_0_03930_jpg.rf.e547ad7e79a15afc4483f99004ac8644.jpg,"[[474.0, 197.0, 18, 28], [550.0, 175.0, 18, 36], [568.0, 186.0, 18, 30], [514.0, 206.0, 14, 34], [505.0, 237.0, 16, 28], [513.0, 247.0, 20, 20]]","[1, 1, 1, 1, 1, 1]"
/home/huy/Documents/de_tai_tot_nghiep/Drone Thermal.v4i.voc/imgs/1_70_50_0_07648_jpg.rf.94d332f7e1e526bba43ab4b3dcd2b62f.jpg,[],[]
/home/huy/Documents/de_tai_tot_nghiep/Drone Thermal.v4i.voc/imgs/0_130_80_0_09850_jpg.rf.bc2613b1323e9e2c4aa94edbad197c21.jpg,"[[818.0, 842.0, 18, 26], [820.0, 866.0, 18, 30]]","[1, 1]"
/home/huy/Documents/de_tai_tot_nghiep/Drone Thermal.v4i.voc/imgs/1_60_60_0_00524_jpg.rf.4965a21321074c828490cc2af40511e2.jpg,"[[728.0, 105.0, 26, 68], [626.0, 374.0, 30, 54], [825.0, 464.0, 32, 58], [809.0, 541.0, 20, 48]]","[1, 1, 1, 1]"
/home/huy/Documents/de_tai_tot_nghiep/Drone Thermal.v4i.voc/imgs/1_70_70_0_04473_jpg.rf.ad3227fc241fe9ee629096a3a7a779e6.jpg,[],[]
/home/huy/Documents/de_tai_tot_nghiep/Drone Thermal.v4i.voc/imgs/0_60_70_0_06608_jpg.rf.d2613c3cc83ea4d80dd85a9ba033f62b.jpg,"[[389.0, 235.0, 32, 68], [415.0, 236.0, 20, 66]]","[1, 1]"
/home/huy/Documents/de_tai_tot_nghiep/Drone Thermal.v4i.voc/imgs/1_60_70_0_00609_jpg.rf.7f2f41fc2df09f8a5859c7430fa1d68a.jpg,"[[184.0, 593.0, 30, 56], [585.0, 397.0, 36, 52], [786.0, 74.0, 46, 66]]","[1, 1, 1]"
/home/huy/Documents/de_tai_tot_nghiep/Drone Thermal.v4i.voc/imgs/1_90_30_0_01381_jpg.rf.d84e661b9bf477b68ad12f9fa96ff605.jpg,"[[303.0, 834.0, 20, 38], [363.0, 843.0, 20, 28], [1101.0, 244.0, 16, 34], [1074.0, 255.0, 22, 32], [1092.0, 274.0, 26, 18], [998.0, 280.0, 22, 30], [998.0, 369.0, 14, 32], [998.0, 421.0, 18, 32], [1168.0, 427.0, 14, 32], [1145.0, 414.0, 16, 34], [1140.0, 445.0, 26, 40], [1216.0, 433.0, 18, 40], [1168.0, 908.0, 18, 26], [1184.0, 908.0, 18, 30], [1198.0, 908.0, 14, 30], [1215.0, 911.0, 20, 28], [1253.0, 1003.0, 20, 40]]","[1, 1, 1, 1, 1, 1, 1, 1, 1, 1, 1, 1, 1, 1, 1, 1, 1]"
/home/huy/Documents/de_tai_tot_nghiep/Drone Thermal.v4i.voc/imgs/1_80_90_0_01343_jpg.rf.a1d8a12bc14cdbc8e22d3d61c445592c.jpg,"[[736.0, 344.0, 66, 46], [806.0, 395.0, 30, 36], [656.0, 497.0, 30, 28], [760.0, 537.0, 42, 32], [893.0, 449.0, 36, 36], [834.0, 470.0, 26, 26], [868.0, 480.0, 46, 46], [872.0, 529.0, 38, 40]]","[1, 1, 1, 1, 1, 1, 1, 1]"
/home/huy/Documents/de_tai_tot_nghiep/Drone Thermal.v4i.voc/imgs/0_110_90_0_08532_jpg.rf.427f771a1ed6a90f6d2f843a2f008af4.jpg,"[[606.0, 474.0, 34, 26]]",[1]
/home/huy/Documents/de_tai_tot_nghiep/Drone Thermal.v4i.voc/imgs/1_130_50_0_03890_jpg.rf.e30d12743448148483acf4dd51ba41f5.jpg,"[[556.0, 157.0, 14, 36], [583.0, 140.0, 16, 34], [605.0, 147.0, 16, 28], [598.0, 159.0, 14, 28], [605.0, 173.0, 16, 36], [620.0, 136.0, 18, 38]]","[1, 1, 1, 1, 1, 1]"
/home/huy/Documents/de_tai_tot_nghiep/Drone Thermal.v4i.voc/imgs/1_60_60_0_00467_jpg.rf.3bbe4aa25e41d5f25bcaad1c1964e71b.jpg,"[[948.0, 447.0, 26, 40], [500.0, 305.0, 18, 48], [302.0, 67.0, 46, 64], [870.0, 67.0, 18, 52], [888.0, 65.0, 18, 52], [903.0, 60.0, 20, 58], [889.0, 252.0, 24, 62], [918.0, 261.0, 22, 56]]","[1, 1, 1, 1, 1, 1, 1, 1]"
/home/huy/Documents/de_tai_tot_nghiep/Drone Thermal.v4i.voc/imgs/0_110_70_0_08457_jpg.rf.3eb00185b59203bbf18669d7eb3dfd11.jpg,[],[]
/home/huy/Documents/de_tai_tot_nghiep/Drone Thermal.v4i.voc/imgs/1_60_50_0_00394_jpg.rf.8b3d5cc4115fdf04d19d840e3543dd26.jpg,"[[388.0, 221.0, 30, 60], [518.0, 326.0, 30, 62], [995.0, 190.0, 28, 58], [1112.0, 372.0, 38, 58], [580.0, 849.0, 38, 60]]","[1, 1, 1, 1, 1]"
/home/huy/Documents/de_tai_tot_nghiep/Drone Thermal.v4i.voc/imgs/1_110_90_0_05933_jpg.rf.72593a269bc30f7163dfaa46427a3114.jpg,"[[1093.0, 278.0, 52, 42]]",[1]
/home/huy/Documents/de_tai_tot_nghiep/Drone Thermal.v4i.voc/imgs/0_80_70_0_02232_jpg.rf.27116fc1feda69d521a3b6f371425f79.jpg,"[[187.0, 479.0, 24, 40], [1068.0, 233.0, 30, 28], [1026.0, 305.0, 26, 28], [1168.0, 334.0, 38, 38], [1142.0, 381.0, 42, 44], [1036.0, 403.0, 30, 44], [1183.0, 573.0, 28, 40], [1018.0, 624.0, 38, 42], [1094.0, 413.0, 26, 24], [691.0, 776.0, 36, 38], [755.0, 886.0, 32, 46], [784.0, 873.0, 30, 36], [934.0, 917.0, 26, 36], [750.0, 969.0, 30, 36], [700.0, 991.0, 26, 40]]","[1, 1, 1, 1, 1, 1, 1, 1, 1, 1, 1, 1, 1, 1, 1]"
/home/huy/Documents/de_tai_tot_nghiep/Drone Thermal.v4i.voc/imgs/0_70_50_0_01926_jpg.rf.8d973f037ca3624c3c746b4617939d00.jpg,"[[447.0, 70.0, 24, 54], [483.0, 126.0, 24, 50], [411.0, 192.0, 24, 34], [608.0, 139.0, 30, 56], [646.0, 224.0, 26, 50], [541.0, 196.0, 24, 54], [661.0, 283.0, 24, 40], [668.0, 357.0, 26, 52], [655.0, 412.0, 28, 42], [956.0, 74.0, 38, 62], [1056.0, 36.0, 34, 46], [87.0, 701.0, 36, 52]]","[1, 1, 1, 1, 1, 1, 1, 1, 1, 1, 1, 1]"
/home/huy/Documents/de_tai_tot_nghiep/Drone Thermal.v4i.voc/imgs/1_80_70_0_01283_jpg.rf.7aac76c7629c10b1029a529811908c6f.jpg,"[[653.0, 320.0, 24, 38], [772.0, 316.0, 34, 50], [851.0, 291.0, 36, 56], [871.0, 328.0, 28, 46], [758.0, 382.0, 30, 46], [744.0, 439.0, 34, 48], [803.0, 475.0, 24, 44], [834.0, 464.0, 30, 34]]","[1, 1, 1, 1, 1, 1, 1, 1]"
/home/huy/Documents/de_tai_tot_nghiep/Drone Thermal.v4i.voc/imgs/1_80_80_0_08759_jpg.rf.1859ee5c33eccd9a904669bc6f80c097.jpg,[],[]
/home/huy/Documents/de_tai_tot_nghiep/Drone Thermal.v4i.voc/imgs/1_130_60_0_07228_jpg.rf.3718f1c3529e12c2e28aa690bfbd52e3.jpg,[],[]
/home/huy/Documents/de_tai_tot_nghiep/Drone Thermal.v4i.voc/imgs/1_60_60_0_00436_jpg.rf.ca7c59fbd2fe80d462d6f8669ec084fe.jpg,"[[607.0, 367.0, 28, 64], [1211.0, 148.0, 32, 58], [1162.0, 758.0, 38, 54]]","[1, 1, 1]"
/home/huy/Documents/de_tai_tot_nghiep/Drone Thermal.v4i.voc/imgs/0_110_40_0_03585_jpg.rf.da1b2e6d9d685507d143007331ad23eb.jpg,"[[78.0, 183.0, 18, 40], [136.0, 172.0, 14, 38]]","[1, 1]"
/home/huy/Documents/de_tai_tot_nghiep/Drone Thermal.v4i.voc/imgs/1_130_50_0_07206_jpg.rf.7eea0681e231480f101a725d7d080d68.jpg,[],[]
/home/huy/Documents/de_tai_tot_nghiep/Drone Thermal.v4i.voc/imgs/0_100_90_0_08296_jpg.rf.65db644dc749ff6d6b5b238921976dd7.jpg,[],[]
/home/huy/Documents/de_tai_tot_nghiep/Drone Thermal.v4i.voc/imgs/1_130_80_0_04038_jpg.rf.aa586ca4728fb4b6dd624617118c1119.jpg,"[[501.0, 557.0, 20, 28], [634.0, 574.0, 18, 30], [583.0, 601.0, 20, 32], [545.0, 613.0, 32, 28], [592.0, 645.0, 18, 28], [571.0, 683.0, 24, 24]]","[1, 1, 1, 1, 1, 1]"
/home/huy/Documents/de_tai_tot_nghiep/Drone Thermal.v4i.voc/imgs/1_60_70_0_00614_jpg.rf.f000b763a4cd4acdae679f1c7c18f7f9.jpg,"[[362.0, 133.0, 30, 60]]",[1]
/home/huy/Documents/de_tai_tot_nghiep/Drone Thermal.v4i.voc/imgs/0_110_40_0_08363_jpg.rf.0dc42be5c7ec8ca54bf796aafe4ede33.jpg,[],[]
/home/huy/Documents/de_tai_tot_nghiep/Drone Thermal.v4i.voc/imgs/1_130_90_0_04054_jpg.rf.fec8b0200356ab38c1d18fff5ec21784.jpg,[],[]
/home/huy/Documents/de_tai_tot_nghiep/Drone Thermal.v4i.voc/imgs/1_60_70_0_00596_jpg.rf.cb9d6e2011e9e6d01a00ef42cad336f4.jpg,"[[683.0, 104.0, 40, 58], [733.0, 172.0, 28, 54], [799.0, 485.0, 44, 60], [1111.0, 543.0, 48, 60], [717.0, 725.0, 28, 52], [523.0, 939.0, 32, 52]]","[1, 1, 1, 1, 1, 1]"
/home/huy/Documents/de_tai_tot_nghiep/Drone Thermal.v4i.voc/imgs/0_100_90_0_08307_jpg.rf.3149e9246169b482f2145ca2702cadf3.jpg,[],[]
/home/huy/Documents/de_tai_tot_nghiep/Drone Thermal.v4i.voc/imgs/1_60_30_0_04105_jpg.rf.3685be2ae1f183389198e4f1ac1dec28.jpg,[],[]
/home/huy/Documents/de_tai_tot_nghiep/Drone Thermal.v4i.voc/imgs/1_130_80_0_04023_jpg.rf.10ea0549133145df5c9a6f8fd9d1d877.jpg,"[[512.0, 376.0, 22, 22], [553.0, 374.0, 16, 30], [607.0, 352.0, 28, 38], [667.0, 357.0, 16, 28], [641.0, 393.0, 20, 32], [651.0, 433.0, 16, 32]]","[1, 1, 1, 1, 1, 1]"
/home/huy/Documents/de_tai_tot_nghiep/Drone Thermal.v4i.voc/imgs/0_80_70_0_07057_jpg.rf.e47fac504fa60917021882a603f2ed4b.jpg,"[[996.0, 410.0, 62, 66], [1170.0, 483.0, 42, 60]]","[1, 1]"
/home/huy/Documents/de_tai_tot_nghiep/Drone Thermal.v4i.voc/imgs/0_80_90_0_07121_jpg.rf.a9433933722a81f9b5d6136422f88d83.jpg,[],[]
/home/huy/Documents/de_tai_tot_nghiep/Drone Thermal.v4i.voc/imgs/1_100_90_0_02509_jpg.rf.dc50280085324839b8bd5c3beb6c3dbd.jpg,"[[801.0, 443.0, 20, 28], [659.0, 335.0, 24, 24], [644.0, 399.0, 22, 24], [700.0, 464.0, 30, 42], [576.0, 533.0, 38, 36], [551.0, 595.0, 36, 32], [615.0, 617.0, 28, 28], [713.0, 678.0, 40, 34]]","[1, 1, 1, 1, 1, 1, 1, 1]"
/home/huy/Documents/de_tai_tot_nghiep/Drone Thermal.v4i.voc/imgs/1_110_50_0_09108_jpg.rf.1c5a43256839dbe8be4b63d0c87ca07c.jpg,[],[]
/home/huy/Documents/de_tai_tot_nghiep/Drone Thermal.v4i.voc/imgs/1_70_50_0_07660_jpg.rf.9fd26e638d9e8e97d775fe183efc42b5.jpg,[],[]
/home/huy/Documents/de_tai_tot_nghiep/Drone Thermal.v4i.voc/imgs/1_60_50_0_00393_jpg.rf.b35d4a3bdd6a4141bc643703939a3fe5.jpg,"[[386.0, 228.0, 30, 58], [513.0, 327.0, 36, 60], [549.0, 826.0, 36, 62], [969.0, 181.0, 36, 60], [1090.0, 356.0, 30, 54]]","[1, 1, 1, 1, 1]"
/home/huy/Documents/de_tai_tot_nghiep/Drone Thermal.v4i.voc/imgs/0_120_70_0_05450_jpg.rf.462bca4639e0be9cc9b88f944111cceb.jpg,[],[]
/home/huy/Documents/de_tai_tot_nghiep/Drone Thermal.v4i.voc/imgs/1_100_70_0_06341_jpg.rf.26da285eb7678abc63457fc2989f5e4f.jpg,[],[]
/home/huy/Documents/de_tai_tot_nghiep/Drone Thermal.v4i.voc/imgs/1_100_60_0_02440_jpg.rf.2b28673adb08d6956fb91b42dbf7e69d.jpg,"[[587.0, 159.0, 32, 36], [558.0, 162.0, 22, 42], [579.0, 259.0, 24, 44], [551.0, 264.0, 24, 50], [525.0, 305.0, 20, 40], [490.0, 275.0, 22, 32], [491.0, 303.0, 48, 36], [453.0, 286.0, 24, 46]]","[1, 1, 1, 1, 1, 1, 1, 1]"
/home/huy/Documents/de_tai_tot_nghiep/Drone Thermal.v4i.voc/imgs/1_110_80_0_05905_jpg.rf.8fd268d72044ee3043a54858e8e1a387.jpg,"[[289.0, 149.0, 28, 36], [260.0, 164.0, 22, 34]]","[1, 1]"
/home/huy/Documents/de_tai_tot_nghiep/Drone Thermal.v4i.voc/imgs/0_110_70_0_03713_jpg.rf.d5c4002de224ca4107595d58279293e0.jpg,"[[657.0, 291.0, 16, 32], [703.0, 298.0, 16, 34], [751.0, 237.0, 16, 28], [776.0, 252.0, 18, 30], [723.0, 769.0, 16, 32], [822.0, 731.0, 22, 28]]","[1, 1, 1, 1, 1, 1]"
/home/huy/Documents/de_tai_tot_nghiep/Drone Thermal.v4i.voc/imgs/1_80_60_0_04693_jpg.rf.146393374039c0812b9881df9924332b.jpg,[],[]
/home/huy/Documents/de_tai_tot_nghiep/Drone Thermal.v4i.voc/imgs/1_70_50_0_07656_jpg.rf.00a969ca400c38e516908999b8d750e9.jpg,[],[]
/home/huy/Documents/de_tai_tot_nghiep/Drone Thermal.v4i.voc/imgs/1_60_70_0_00543_jpg.rf.574906fd4a593dfe8ad6fce59df05c05.jpg,"[[1015.0, 705.0, 36, 44], [679.0, 660.0, 40, 54], [929.0, 242.0, 44, 62], [880.0, 259.0, 42, 56]]","[1, 1, 1, 1]"
/home/huy/Documents/de_tai_tot_nghiep/Drone Thermal.v4i.voc/imgs/1_60_70_0_00610_jpg.rf.cb884c0fc478685756ca150026153a6a.jpg,"[[201.0, 558.0, 28, 54], [622.0, 343.0, 38, 60], [815.0, 20.0, 24, 38]]","[1, 1, 1]"
/home/huy/Documents/de_tai_tot_nghiep/Drone Thermal.v4i.voc/imgs/0_110_40_0_08376_jpg.rf.e505608cfe24f08a83a558d09a4aa06d.jpg,[],[]
/home/huy/Documents/de_tai_tot_nghiep/Drone Thermal.v4i.voc/imgs/1_60_60_0_00509_jpg.rf.f175d105289e98ec9913ca0cfb4127c4.jpg,"[[651.0, 128.0, 28, 58], [530.0, 459.0, 26, 60], [771.0, 649.0, 40, 64], [785.0, 668.0, 24, 46]]","[1, 1, 1, 1]"
/home/huy/Documents/de_tai_tot_nghiep/Drone Thermal.v4i.voc/imgs/1_60_70_0_00624_jpg.rf.7f789ec364ae10d7a04b672d0cc6a475.jpg,"[[387.0, 117.0, 28, 52]]",[1]
/home/huy/Documents/de_tai_tot_nghiep/Drone Thermal.v4i.voc/imgs/1_60_80_0_00649_jpg.rf.4f3579c707c3e8cff558e794aad5bc61.jpg,"[[459.0, 287.0, 40, 32], [460.0, 403.0, 34, 52], [340.0, 414.0, 38, 50], [423.0, 492.0, 40, 50], [567.0, 455.0, 92, 44], [359.0, 541.0, 32, 52], [384.0, 511.0, 34, 32], [266.0, 670.0, 38, 34], [321.0, 697.0, 28, 48], [408.0, 751.0, 30, 36], [351.0, 784.0, 52, 54], [401.0, 803.0, 36, 36], [289.0, 785.0, 36, 28], [258.0, 806.0, 30, 42], [173.0, 832.0, 40, 30], [191.0, 860.0, 40, 34], [281.0, 918.0, 36, 30], [479.0, 859.0, 24, 36], [162.0, 900.0, 38, 38], [206.0, 961.0, 34, 36], [1252.0, 705.0, 54, 48], [1096.0, 781.0, 34, 48], [1191.0, 795.0, 36, 32], [1217.0, 876.0, 40, 26], [1058.0, 994.0, 34, 42], [1264.0, 1007.0, 34, 32]]","[1, 1, 1, 1, 1, 1, 1, 1, 1, 1, 1, 1, 1, 1, 1, 1, 1, 1, 1, 1, 1, 1, 1, 1, 1, 1]"
/home/huy/Documents/de_tai_tot_nghiep/Drone Thermal.v4i.voc/imgs/1_120_90_0_03031_jpg.rf.ffeb0f7da64aff8ce3fc6f26f7af9f8a.jpg,"[[445.0, 493.0, 36, 24], [459.0, 561.0, 28, 28], [479.0, 569.0, 12, 24], [497.0, 598.0, 24, 18], [460.0, 705.0, 22, 20], [481.0, 707.0, 24, 20], [540.0, 678.0, 18, 22], [552.0, 707.0, 22, 16]]","[1, 1, 1, 1, 1, 1, 1, 1]"
/home/huy/Documents/de_tai_tot_nghiep/Drone Thermal.v4i.voc/imgs/0_80_70_0_07050_jpg.rf.608f7515518e3cd8ed7b70401318ee90.jpg,"[[561.0, 347.0, 32, 56], [427.0, 374.0, 40, 58], [761.0, 521.0, 36, 44]]","[1, 1, 1]"
/home/huy/Documents/de_tai_tot_nghiep/Drone Thermal.v4i.voc/imgs/1_90_60_0_08892_jpg.rf.6c632395421dae400b6608d92737324f.jpg,[],[]
/home/huy/Documents/de_tai_tot_nghiep/Drone Thermal.v4i.voc/imgs/0_60_60_0_06585_jpg.rf.bbd664261ad6cb444ad28ce6cba3942b.jpg,[],[]
/home/huy/Documents/de_tai_tot_nghiep/Drone Thermal.v4i.voc/imgs/1_90_50_0_04916_jpg.rf.dc6bc9fe78791c91c5fc406e68737d3a.jpg,[],[]
/home/huy/Documents/de_tai_tot_nghiep/Drone Thermal.v4i.voc/imgs/0_80_70_0_07035_jpg.rf.e8824cea44d9cc623397b88d948f1494.jpg,[],[]
/home/huy/Documents/de_tai_tot_nghiep/Drone Thermal.v4i.voc/imgs/1_60_80_0_00697_jpg.rf.76b9dd9ed7a0c5e609b4351601fd68ce.jpg,"[[760.0, 370.0, 26, 34], [721.0, 408.0, 24, 30], [654.0, 407.0, 22, 40], [761.0, 461.0, 28, 44], [582.0, 568.0, 30, 30], [719.0, 507.0, 52, 36], [793.0, 549.0, 40, 36], [1269.0, 283.0, 20, 24], [846.0, 636.0, 66, 34], [719.0, 564.0, 24, 34], [79.0, 1004.0, 36, 22], [20.0, 1010.0, 38, 26], [909.0, 742.0, 28, 30], [718.0, 753.0, 34, 28], [648.0, 744.0, 46, 38]]","[1, 1, 1, 1, 1, 1, 1, 1, 1, 1, 1, 1, 1, 1, 1]"
/home/huy/Documents/de_tai_tot_nghiep/Drone Thermal.v4i.voc/imgs/0_120_80_0_05499_jpg.rf.3c78be52acac5ee6ddfe88d7c163da04.jpg,[],[]
/home/huy/Documents/de_tai_tot_nghiep/Drone Thermal.v4i.voc/imgs/0_60_50_0_06533_jpg.rf.14c5194c2936e1a9510159b3810c8aca.jpg,[],[]
/home/huy/Documents/de_tai_tot_nghiep/Drone Thermal.v4i.voc/imgs/1_60_60_0_00513_jpg.rf.5be9c02247001e9106b69edabdd8aac8.jpg,"[[459.0, 127.0, 28, 56], [632.0, 39.0, 30, 48], [781.0, 625.0, 20, 44], [791.0, 675.0, 24, 40], [625.0, 999.0, 32, 48]]","[1, 1, 1, 1, 1]"
/home/huy/Documents/de_tai_tot_nghiep/Drone Thermal.v4i.voc/imgs/0_130_30_0_05551_jpg.rf.b25120b07c9a5751c51216e9b3f390e8.jpg,[],[]
/home/huy/Documents/de_tai_tot_nghiep/Drone Thermal.v4i.voc/imgs/1_70_60_0_04447_jpg.rf.1a9db168947b155d3a0ab8eb0e2543fb.jpg,[],[]
/home/huy/Documents/de_tai_tot_nghiep/Drone Thermal.v4i.voc/imgs/1_130_50_0_07192_jpg.rf.7530ec51b992d0d1d9f3485f0b98d120.jpg,"[[392.0, 368.0, 18, 38], [408.0, 353.0, 22, 48], [430.0, 369.0, 22, 40]]","[1, 1, 1]"
/home/huy/Documents/de_tai_tot_nghiep/Drone Thermal.v4i.voc/imgs/1_70_50_0_00964_jpg.rf.c8782b06a9bc31192a7167d73d2a3582.jpg,"[[423.0, 656.0, 28, 50]]",[1]
/home/huy/Documents/de_tai_tot_nghiep/Drone Thermal.v4i.voc/imgs/0_110_60_0_08424_jpg.rf.0dbb8e32d37756c2876e15a223cce351.jpg,[],[]
/home/huy/Documents/de_tai_tot_nghiep/Drone Thermal.v4i.voc/imgs/1_60_60_0_00423_jpg.rf.f0333354c8a1ce0a8d25c8674c48b343.jpg,"[[817.0, 482.0, 40, 78]]",[1]
/home/huy/Documents/de_tai_tot_nghiep/Drone Thermal.v4i.voc/imgs/1_130_30_0_09959_jpg.rf.8f6d542ba353c2c70c56cd2c48d4ea61.jpg,[],[]
/home/huy/Documents/de_tai_tot_nghiep/Drone Thermal.v4i.voc/imgs/0_130_30_0_09691_jpg.rf.b984972959f9a5e115ac317d696c7454.jpg,[],[]
/home/huy/Documents/de_tai_tot_nghiep/Drone Thermal.v4i.voc/imgs/0_100_80_0_08244_jpg.rf.9a39e9311d21ff58ee2549d09ac51e6c.jpg,[],[]
/home/huy/Documents/de_tai_tot_nghiep/Drone Thermal.v4i.voc/imgs/1_130_40_0_09979_jpg.rf.d325a573ca9a1260118f22da38a40ab2.jpg,"[[501.0, 642.0, 16, 38]]",[1]
/home/huy/Documents/de_tai_tot_nghiep/Drone Thermal.v4i.voc/imgs/0_110_30_0_03571_jpg.rf.904975542e7377f6608859ece1cd6108.jpg,"[[461.0, 304.0, 16, 34]]",[1]
/home/huy/Documents/de_tai_tot_nghiep/Drone Thermal.v4i.voc/imgs/1_100_50_0_06277_jpg.rf.c29152d037f797b837589607879aad3c.jpg,[],[]
/home/huy/Documents/de_tai_tot_nghiep/Drone Thermal.v4i.voc/imgs/1_130_50_0_03912_jpg.rf.7dd3a7e9acc9883948fcf231fb87a910.jpg,"[[568.0, 141.0, 18, 36], [556.0, 161.0, 18, 36], [614.0, 138.0, 18, 34], [605.0, 154.0, 16, 34], [594.0, 170.0, 14, 30], [594.0, 186.0, 22, 34]]","[1, 1, 1, 1, 1, 1]"
/home/huy/Documents/de_tai_tot_nghiep/Drone Thermal.v4i.voc/imgs/0_70_80_0_02032_jpg.rf.e54233854cdcb9d5a992806a537e6cda.jpg,"[[426.0, 910.0, 54, 42], [954.0, 451.0, 54, 48], [1068.0, 540.0, 38, 34], [1077.0, 580.0, 40, 38], [1047.0, 577.0, 60, 48], [1231.0, 636.0, 40, 46], [981.0, 684.0, 28, 38], [959.0, 698.0, 56, 58]]","[1, 1, 1, 1, 1, 1, 1, 1]"
/home/huy/Documents/de_tai_tot_nghiep/Drone Thermal.v4i.voc/imgs/1_130_70_0_10088_jpg.rf.a2fa8fb05d26ad2981c7954ace0c0406.jpg,[],[]
/home/huy/Documents/de_tai_tot_nghiep/Drone Thermal.v4i.voc/imgs/1_60_50_0_00386_jpg.rf.43a40c711b98bcc79658a51b22b2bafd.jpg,"[[530.0, 42.0, 30, 46], [371.0, 226.0, 28, 54], [681.0, 202.0, 36, 66], [750.0, 214.0, 30, 54], [1128.0, 616.0, 34, 58], [907.0, 917.0, 32, 60], [958.0, 1002.0, 26, 42]]","[1, 1, 1, 1, 1, 1, 1]"
/home/huy/Documents/de_tai_tot_nghiep/Drone Thermal.v4i.voc/imgs/0_120_90_0_05527_jpg.rf.46c97374f76799f17c86388c8c24f493.jpg,[],[]
/home/huy/Documents/de_tai_tot_nghiep/Drone Thermal.v4i.voc/imgs/0_110_30_0_08344_jpg.rf.2faf7eebed70c679e48bedcc44c0e525.jpg,[],[]
/home/huy/Documents/de_tai_tot_nghiep/Drone Thermal.v4i.voc/imgs/1_60_30_0_00120_jpg.rf.2ac5a7eaaa2133a42b111a8b4b8c0920.jpg,"[[68.0, 314.0, 18, 42], [282.0, 308.0, 18, 38], [59.0, 448.0, 20, 38], [1028.0, 792.0, 18, 50], [932.0, 617.0, 22, 44], [776.0, 467.0, 22, 44], [876.0, 193.0, 22, 36], [790.0, 158.0, 18, 38], [606.0, 216.0, 22, 42]]","[1, 1, 1, 1, 1, 1, 1, 1, 1]"
/home/huy/Documents/de_tai_tot_nghiep/Drone Thermal.v4i.voc/imgs/1_60_30_0_00003_jpg.rf.bb2ce3948152231f1951956ab0f5dd7e.jpg,"[[88.0, 204.0, 26, 38], [361.0, 248.0, 20, 34], [413.0, 185.0, 20, 36], [616.0, 194.0, 18, 34], [662.0, 337.0, 18, 36], [77.0, 559.0, 20, 44], [55.0, 582.0, 20, 42], [98.0, 614.0, 18, 46], [1017.0, 964.0, 20, 34], [1137.0, 713.0, 16, 36], [1116.0, 685.0, 18, 40], [1193.0, 451.0, 20, 40], [1147.0, 444.0, 24, 38], [1109.0, 400.0, 20, 38], [1026.0, 445.0, 18, 32], [993.0, 427.0, 16, 36], [978.0, 436.0, 14, 34], [911.0, 404.0, 20, 42], [878.0, 392.0, 18, 38], [781.0, 190.0, 16, 34], [830.0, 162.0, 18, 38], [893.0, 18.0, 20, 34]]","[1, 1, 1, 1, 1, 1, 1, 1, 1, 1, 1, 1, 1, 1, 1, 1, 1, 1, 1, 1, 1, 1]"
/home/huy/Documents/de_tai_tot_nghiep/Drone Thermal.v4i.voc/imgs/0_120_80_0_05514_jpg.rf.fcc204daf3bb2a1e5b8fdd429d308615.jpg,[],[]
/home/huy/Documents/de_tai_tot_nghiep/Drone Thermal.v4i.voc/imgs/1_60_80_0_00669_jpg.rf.25f0e74eae73a1bda0508a00c07c9fd4.jpg,"[[851.0, 293.0, 56, 56], [607.0, 317.0, 32, 44], [795.0, 349.0, 44, 36], [638.0, 398.0, 30, 42], [595.0, 529.0, 56, 68], [646.0, 541.0, 30, 36], [101.0, 815.0, 36, 28], [133.0, 1006.0, 52, 22], [847.0, 632.0, 40, 38], [755.0, 512.0, 44, 54], [783.0, 523.0, 40, 44], [917.0, 737.0, 48, 36], [680.0, 745.0, 22, 32], [732.0, 754.0, 30, 34], [784.0, 894.0, 50, 46], [860.0, 945.0, 30, 36]]","[1, 1, 1, 1, 1, 1, 1, 1, 1, 1, 1, 1, 1, 1, 1, 1]"
/home/huy/Documents/de_tai_tot_nghiep/Drone Thermal.v4i.voc/imgs/1_130_50_0_07215_jpg.rf.b5682bdc44db631d28c47be734418d05.jpg,[],[]
/home/huy/Documents/de_tai_tot_nghiep/Drone Thermal.v4i.voc/imgs/0_120_30_0_05315_jpg.rf.b887e85c25b33e923a371e67674d9c38.jpg,[],[]
/home/huy/Documents/de_tai_tot_nghiep/Drone Thermal.v4i.voc/imgs/0_60_80_0_01798_jpg.rf.6ae3889bf06f2c14eaffc4e16eca145f.jpg,"[[432.0, 338.0, 38, 50], [379.0, 450.0, 36, 46], [491.0, 497.0, 44, 44], [633.0, 453.0, 24, 52], [671.0, 471.0, 28, 52], [742.0, 512.0, 34, 50], [896.0, 695.0, 46, 52], [924.0, 882.0, 38, 58], [1174.0, 152.0, 42, 74]]","[1, 1, 1, 1, 1, 1, 1, 1, 1]"
/home/huy/Documents/de_tai_tot_nghiep/Drone Thermal.v4i.voc/imgs/1_60_70_0_00553_jpg.rf.a4e0ae32045fc2dc9716386df35e963f.jpg,"[[622.0, 394.0, 34, 66], [609.0, 671.0, 40, 56], [954.0, 190.0, 42, 62]]","[1, 1, 1]"
/home/huy/Documents/de_tai_tot_nghiep/Drone Thermal.v4i.voc/imgs/0_130_40_0_05598_jpg.rf.4879397dda05e7ab2ab434a75627f805.jpg,[],[]
/home/huy/Documents/de_tai_tot_nghiep/Drone Thermal.v4i.voc/imgs/1_90_50_0_04895_jpg.rf.51a4da01dfb3cc61e54c84cfc4ba7302.jpg,[],[]
/home/huy/Documents/de_tai_tot_nghiep/Drone Thermal.v4i.voc/imgs/1_130_60_0_03933_jpg.rf.f43abeaf7eede2dde58a94a7db46388e.jpg,"[[143.0, 24.0, 24, 34], [576.0, 118.0, 22, 34], [385.0, 736.0, 20, 30], [501.0, 792.0, 20, 30], [439.0, 706.0, 28, 30], [480.0, 716.0, 18, 30], [489.0, 702.0, 20, 30], [579.0, 716.0, 24, 30]]","[1, 1, 1, 1, 1, 1, 1, 1]"
/home/huy/Documents/de_tai_tot_nghiep/Drone Thermal.v4i.voc/imgs/1_60_80_0_04267_jpg.rf.43bc5a9798c8d771b31264968c4472b8.jpg,[],[]
/home/huy/Documents/de_tai_tot_nghiep/Drone Thermal.v4i.voc/imgs/1_70_50_0_00945_jpg.rf.af5f89bff5d2c3b3e763561e4e59be65.jpg,"[[391.0, 498.0, 28, 46], [927.0, 425.0, 32, 56]]","[1, 1]"
/home/huy/Documents/de_tai_tot_nghiep/Drone Thermal.v4i.voc/imgs/1_60_30_0_00143_jpg.rf.45c7ca8818eea464b40fd9aaff9d3ee3.jpg,"[[386.0, 232.0, 18, 38], [443.0, 266.0, 12, 34], [559.0, 221.0, 16, 40], [80.0, 483.0, 14, 40], [93.0, 554.0, 20, 42], [13.0, 530.0, 16, 42], [980.0, 975.0, 18, 44], [1271.0, 880.0, 16, 50], [1185.0, 780.0, 16, 42], [1103.0, 643.0, 16, 48], [1091.0, 546.0, 20, 50], [968.0, 511.0, 18, 44], [838.0, 496.0, 18, 42], [1025.0, 440.0, 16, 30], [1147.0, 442.0, 12, 38], [1038.0, 323.0, 14, 36], [859.0, 295.0, 16, 40], [837.0, 207.0, 16, 32], [789.0, 210.0, 16, 34], [937.0, 59.0, 16, 36], [1217.0, 393.0, 24, 48]]","[1, 1, 1, 1, 1, 1, 1, 1, 1, 1, 1, 1, 1, 1, 1, 1, 1, 1, 1, 1, 1]"
/home/huy/Documents/de_tai_tot_nghiep/Drone Thermal.v4i.voc/imgs/0_130_60_0_09783_jpg.rf.baa7484de2d8edd9deac1f8f57682bdf.jpg,"[[554.0, 408.0, 18, 34]]",[1]
/home/huy/Documents/de_tai_tot_nghiep/Drone Thermal.v4i.voc/imgs/1_60_30_0_00090_jpg.rf.f47857552baea0a8aa896888a9b9c6df.jpg,"[[758.0, 872.0, 18, 42], [508.0, 561.0, 18, 40], [608.0, 494.0, 18, 42], [1073.0, 119.0, 12, 36], [1072.0, 91.0, 14, 36], [1242.0, 110.0, 22, 42]]","[1, 1, 1, 1, 1, 1]"
/home/huy/Documents/de_tai_tot_nghiep/Drone Thermal.v4i.voc/imgs/1_60_90_0_04308_jpg.rf.01ad575c2d27c4726d70573f6811324d.jpg,[],[]
/home/huy/Documents/de_tai_tot_nghiep/Drone Thermal.v4i.voc/imgs/1_130_40_0_07190_jpg.rf.83f3f759e2dc74d59bf3cc509aaefc8d.jpg,"[[636.0, 771.0, 18, 36], [603.0, 771.0, 16, 32], [589.0, 767.0, 12, 32]]","[1, 1, 1]"
/home/huy/Documents/de_tai_tot_nghiep/Drone Thermal.v4i.voc/imgs/0_120_50_0_05403_jpg.rf.6142151ab43d2461f6add0dda103a29f.jpg,[],[]
/home/huy/Documents/de_tai_tot_nghiep/Drone Thermal.v4i.voc/imgs/1_60_80_0_00656_jpg.rf.7ddbb130998e64cb797eb85476aeeaac.jpg,"[[806.0, 355.0, 34, 36], [13.0, 40.0, 24, 42], [157.0, 561.0, 48, 44], [847.0, 517.0, 32, 44], [93.0, 648.0, 32, 46], [34.0, 658.0, 30, 34], [54.0, 702.0, 42, 46], [82.0, 688.0, 34, 38], [121.0, 697.0, 32, 40], [144.0, 709.0, 30, 40], [183.0, 876.0, 32, 54], [160.0, 908.0, 50, 58], [123.0, 912.0, 32, 34], [73.0, 852.0, 40, 38], [35.0, 851.0, 36, 32], [38.0, 943.0, 34, 28], [983.0, 558.0, 24, 38], [1008.0, 537.0, 30, 32], [966.0, 597.0, 22, 40], [856.0, 628.0, 38, 34], [626.0, 698.0, 34, 34], [680.0, 725.0, 74, 32], [1057.0, 763.0, 40, 40], [864.0, 826.0, 30, 26], [913.0, 847.0, 28, 32], [1056.0, 857.0, 34, 36], [1007.0, 882.0, 44, 26], [789.0, 1004.0, 60, 30]]","[1, 1, 1, 1, 1, 1, 1, 1, 1, 1, 1, 1, 1, 1, 1, 1, 1, 1, 1, 1, 1, 1, 1, 1, 1, 1, 1, 1]"
/home/huy/Documents/de_tai_tot_nghiep/Drone Thermal.v4i.voc/imgs/1_60_50_0_00392_jpg.rf.60dfd6e9f90db4726dd83590256d09c8.jpg,"[[111.0, 226.0, 28, 66], [245.0, 316.0, 32, 62], [670.0, 121.0, 34, 60], [288.0, 784.0, 34, 54], [803.0, 286.0, 24, 58]]","[1, 1, 1, 1, 1]"
/home/huy/Documents/de_tai_tot_nghiep/Drone Thermal.v4i.voc/imgs/1_120_70_0_06102_jpg.rf.72dfbef8169b47e102019ece790fbc29.jpg,[],[]
/home/huy/Documents/de_tai_tot_nghiep/Drone Thermal.v4i.voc/imgs/1_130_40_0_09983_jpg.rf.11a985b97fe9c3604512f03703e05639.jpg,"[[825.0, 966.0, 24, 50]]",[1]
/home/huy/Documents/de_tai_tot_nghiep/Drone Thermal.v4i.voc/imgs/1_60_50_0_00405_jpg.rf.38ca9ec81e5eae3db265f9c581e09bb6.jpg,"[[76.0, 417.0, 34, 64], [247.0, 627.0, 40, 68], [683.0, 349.0, 40, 68], [1236.0, 272.0, 30, 66], [1022.0, 443.0, 34, 72], [894.0, 736.0, 30, 58], [679.0, 929.0, 36, 60]]","[1, 1, 1, 1, 1, 1, 1]"
/home/huy/Documents/de_tai_tot_nghiep/Drone Thermal.v4i.voc/imgs/1_120_30_0_09270_jpg.rf.69da49d79860c16455fb13d3ce32aa42.jpg,[],[]
/home/huy/Documents/de_tai_tot_nghiep/Drone Thermal.v4i.voc/imgs/0_100_80_0_08238_jpg.rf.fb940d4c0a3f400b0bc85fe7e0503544.jpg,[],[]
/home/huy/Documents/de_tai_tot_nghiep/Drone Thermal.v4i.voc/imgs/1_60_70_0_00572_jpg.rf.4ed73107ce9b9bb63b044770491e264f.jpg,"[[867.0, 314.0, 44, 58], [567.0, 798.0, 48, 66], [259.0, 890.0, 36, 58]]","[1, 1, 1]"
/home/huy/Documents/de_tai_tot_nghiep/Drone Thermal.v4i.voc/imgs/1_60_40_0_04124_jpg.rf.91307b27d82364cd6c480c5c82ac9e7f.jpg,[],[]
/home/huy/Documents/de_tai_tot_nghiep/Drone Thermal.v4i.voc/imgs/1_60_60_0_00444_jpg.rf.9c38c7d7b5c331aa1fa585c23a2112eb.jpg,"[[396.0, 576.0, 26, 54], [438.0, 537.0, 34, 64], [680.0, 529.0, 30, 64], [1088.0, 359.0, 42, 64]]","[1, 1, 1, 1]"
/home/huy/Documents/de_tai_tot_nghiep/Drone Thermal.v4i.voc/imgs/1_60_50_0_00335_jpg.rf.f8841b8183a853a412b4fa51dc1d9715.jpg,"[[436.0, 29.0, 34, 56], [459.0, 25.0, 32, 48], [309.0, 241.0, 36, 72], [279.0, 241.0, 32, 56], [964.0, 517.0, 34, 52], [1017.0, 801.0, 32, 64]]","[1, 1, 1, 1, 1, 1]"
/home/huy/Documents/de_tai_tot_nghiep/Drone Thermal.v4i.voc/imgs/1_130_50_0_03898_jpg.rf.fe861a9fbe21cae97be0fea65a9c07e6.jpg,"[[464.0, 301.0, 18, 28], [493.0, 293.0, 20, 32], [514.0, 335.0, 18, 36], [503.0, 339.0, 16, 32], [486.0, 350.0, 18, 34], [481.0, 391.0, 16, 32]]","[1, 1, 1, 1, 1, 1]"
/home/huy/Documents/de_tai_tot_nghiep/Drone Thermal.v4i.voc/imgs/1_60_60_0_00517_jpg.rf.1dec48d366d77a19ba8738c8678a8c3e.jpg,"[[521.0, 812.0, 32, 54], [737.0, 611.0, 28, 64], [802.0, 574.0, 30, 58], [785.0, 680.0, 32, 58]]","[1, 1, 1, 1]"
/home/huy/Documents/de_tai_tot_nghiep/Drone Thermal.v4i.voc/imgs/0_100_50_0_03356_jpg.rf.318591555c93567c682981706bc870cf.jpg,"[[378.0, 334.0, 14, 46], [728.0, 40.0, 18, 38], [661.0, 57.0, 20, 40]]","[1, 1, 1]"
/home/huy/Documents/de_tai_tot_nghiep/Drone Thermal.v4i.voc/imgs/0_120_60_0_05425_jpg.rf.b02e055248744f9187f6cfb1d912f44c.jpg,[],[]
/home/huy/Documents/de_tai_tot_nghiep/Drone Thermal.v4i.voc/imgs/1_120_50_0_09338_jpg.rf.b971343ff9048f114b60cb58769f8fa3.jpg,[],[]
/home/huy/Documents/de_tai_tot_nghiep/Drone Thermal.v4i.voc/imgs/0_60_30_0_06448_jpg.rf.05ed7b4251fa30e5bec1991d8bf44a87.jpg,[],[]
/home/huy/Documents/de_tai_tot_nghiep/Drone Thermal.v4i.voc/imgs/1_60_50_0_00293_jpg.rf.471926bf259c7e77c7e6ac8b91405e2d.jpg,"[[340.0, 119.0, 38, 56], [348.0, 506.0, 46, 62], [590.0, 487.0, 42, 64], [553.0, 87.0, 24, 40], [513.0, 906.0, 16, 26], [511.0, 940.0, 24, 30], [883.0, 715.0, 32, 60], [1211.0, 228.0, 16, 54]]","[1, 1, 1, 1, 1, 1, 1, 1]"
/home/huy/Documents/de_tai_tot_nghiep/Drone Thermal.v4i.voc/imgs/0_120_30_0_09446_jpg.rf.60c75a850bdc8743563ba46c95f40a30.jpg,[],[]
/home/huy/Documents/de_tai_tot_nghiep/Drone Thermal.v4i.voc/imgs/1_60_30_0_00125_jpg.rf.e95a899877c696cbffaa532d813c5252.jpg,"[[89.0, 354.0, 16, 34], [343.0, 222.0, 28, 42], [529.0, 133.0, 20, 32], [704.0, 155.0, 18, 36], [742.0, 432.0, 22, 38], [872.0, 585.0, 22, 44], [906.0, 679.0, 22, 40]]","[1, 1, 1, 1, 1, 1, 1]"
/home/huy/Documents/de_tai_tot_nghiep/Drone Thermal.v4i.voc/imgs/1_90_80_0_08982_jpg.rf.5efeabfcedb56b545d5015595931b0e5.jpg,[],[]
/home/huy/Documents/de_tai_tot_nghiep/Drone Thermal.v4i.voc/imgs/1_120_60_0_06073_jpg.rf.950dc869192e3214233c15a774f5ab10.jpg,[],[]
/home/huy/Documents/de_tai_tot_nghiep/Drone Thermal.v4i.voc/imgs/0_100_60_0_03394_jpg.rf.47191a2e1c8732aee8227c29e8abb41c.jpg,"[[403.0, 266.0, 20, 50], [720.0, 72.0, 14, 50], [423.0, 251.0, 16, 48]]","[1, 1, 1]"
/home/huy/Documents/de_tai_tot_nghiep/Drone Thermal.v4i.voc/imgs/0_60_90_0_06678_jpg.rf.3485de0e38d90560c33833a345b65051.jpg,[],[]
/home/huy/Documents/de_tai_tot_nghiep/Drone Thermal.v4i.voc/imgs/1_80_30_0_08588_jpg.rf.dffad61c8ec82d97394bdacf8c48a3b2.jpg,"[[921.0, 220.0, 16, 34], [885.0, 224.0, 24, 38]]","[1, 1]"
/home/huy/Documents/de_tai_tot_nghiep/Drone Thermal.v4i.voc/imgs/0_120_90_0_09657_jpg.rf.8d53ce959985dc939748cd949806bc9d.jpg,"[[478.0, 593.0, 42, 20]]",[1]
/home/huy/Documents/de_tai_tot_nghiep/Drone Thermal.v4i.voc/imgs/1_90_40_0_04885_jpg.rf.ad6623074b1b02cda880b5460854ece3.jpg,"[[935.0, 308.0, 32, 66]]",[1]
/home/huy/Documents/de_tai_tot_nghiep/Drone Thermal.v4i.voc/imgs/1_120_40_0_06004_jpg.rf.dfbf559389e81efb7ad9eeaa810d549a.jpg,[],[]
/home/huy/Documents/de_tai_tot_nghiep/Drone Thermal.v4i.voc/imgs/1_60_60_0_04182_jpg.rf.ff484d39f88371a2365afd708fac2492.jpg,[],[]
/home/huy/Documents/de_tai_tot_nghiep/Drone Thermal.v4i.voc/imgs/1_60_50_0_00362_jpg.rf.bbb260afeca1c927c919f2de62c144d8.jpg,"[[469.0, 320.0, 36, 66], [839.0, 258.0, 24, 46], [828.0, 839.0, 30, 52]]","[1, 1, 1]"
/home/huy/Documents/de_tai_tot_nghiep/Drone Thermal.v4i.voc/imgs/1_70_90_0_04565_jpg.rf.a22f80b7f391661412ac49187b82b89b.jpg,[],[]
/home/huy/Documents/de_tai_tot_nghiep/Drone Thermal.v4i.voc/imgs/0_110_80_0_03729_jpg.rf.d9395b7559e7a5196e9d0f2a4020d88b.jpg,"[[737.0, 158.0, 20, 30], [838.0, 111.0, 26, 28]]","[1, 1]"
/home/huy/Documents/de_tai_tot_nghiep/Drone Thermal.v4i.voc/imgs/1_110_60_0_05825_jpg.rf.47b36a68caa2c604e60205e8577df256.jpg,[],[]
/home/huy/Documents/de_tai_tot_nghiep/Drone Thermal.v4i.voc/imgs/1_120_70_0_09396_jpg.rf.c20287c8d7a5653b7a8b79577a9ab99e.jpg,[],[]
/home/huy/Documents/de_tai_tot_nghiep/Drone Thermal.v4i.voc/imgs/1_70_70_0_01032_jpg.rf.ef2e48877b0e06ee62892ce693345e28.jpg,[],[]
/home/huy/Documents/de_tai_tot_nghiep/Drone Thermal.v4i.voc/imgs/0_130_30_0_09670_jpg.rf.22e82e9d17c7fb0c633e2a27e579b3b5.jpg,"[[97.0, 463.0, 16, 36], [648.0, 48.0, 14, 34], [679.0, 57.0, 16, 20]]","[1, 1, 1]"
/home/huy/Documents/de_tai_tot_nghiep/Drone Thermal.v4i.voc/imgs/0_100_50_0_08152_jpg.rf.e676296dd7b221aff1f2e8bc55e1498d.jpg,[],[]
/home/huy/Documents/de_tai_tot_nghiep/Drone Thermal.v4i.voc/imgs/0_130_40_0_09716_jpg.rf.0fc06593f297be96d2d98490406ba8da.jpg,[],[]
/home/huy/Documents/de_tai_tot_nghiep/Drone Thermal.v4i.voc/imgs/1_80_70_0_01274_jpg.rf.d56487be501a723dd27f2f4d6cd3a2d0.jpg,"[[1010.0, 54.0, 38, 50], [872.0, 111.0, 26, 44], [733.0, 188.0, 28, 38], [704.0, 204.0, 30, 42], [852.0, 210.0, 18, 42], [862.0, 270.0, 26, 42], [805.0, 303.0, 28, 44], [885.0, 414.0, 24, 38], [622.0, 773.0, 26, 36], [882.0, 839.0, 46, 48], [871.0, 864.0, 28, 30], [835.0, 903.0, 40, 32], [884.0, 945.0, 30, 36], [948.0, 908.0, 22, 38], [1077.0, 891.0, 28, 40]]","[1, 1, 1, 1, 1, 1, 1, 1, 1, 1, 1, 1, 1, 1, 1]"
/home/huy/Documents/de_tai_tot_nghiep/Drone Thermal.v4i.voc/imgs/1_60_50_0_07429_jpg.rf.12dfab347789492c97a4d517f84371f0.jpg,[],[]
/home/huy/Documents/de_tai_tot_nghiep/Drone Thermal.v4i.voc/imgs/0_100_70_0_08231_jpg.rf.5d35b56c9cc7ba2952be14596a529238.jpg,[],[]
/home/huy/Documents/de_tai_tot_nghiep/Drone Thermal.v4i.voc/imgs/1_130_30_0_09967_jpg.rf.acff37e1f40066afd3fba9ac6c0c9f5a.jpg,[],[]
/home/huy/Documents/de_tai_tot_nghiep/Drone Thermal.v4i.voc/imgs/1_70_30_0_07591_jpg.rf.99a7c0748f2355dcf5076161c99be7ad.jpg,"[[182.0, 586.0, 26, 42], [740.0, 620.0, 26, 50]]","[1, 1]"
/home/huy/Documents/de_tai_tot_nghiep/Drone Thermal.v4i.voc/imgs/1_60_50_0_00337_jpg.rf.f19fb87958914ae9690d17bbf9a1f1cf.jpg,"[[431.0, 13.0, 24, 24], [265.0, 169.0, 36, 64], [238.0, 181.0, 42, 68], [961.0, 519.0, 28, 52], [985.0, 726.0, 32, 62], [618.0, 155.0, 30, 60]]","[1, 1, 1, 1, 1, 1]"
/home/huy/Documents/de_tai_tot_nghiep/Drone Thermal.v4i.voc/imgs/1_60_70_0_00549_jpg.rf.dfeaaa63f482378fb689a914b4aaee04.jpg,"[[862.0, 354.0, 50, 66], [614.0, 785.0, 34, 64], [466.0, 918.0, 30, 38], [918.0, 987.0, 34, 44]]","[1, 1, 1, 1]"
/home/huy/Documents/de_tai_tot_nghiep/Drone Thermal.v4i.voc/imgs/1_120_80_0_06124_jpg.rf.9d94dce1a825d23d583e283ba003c7d0.jpg,[],[]
/home/huy/Documents/de_tai_tot_nghiep/Drone Thermal.v4i.voc/imgs/0_100_60_0_03381_jpg.rf.7ded04d42ffdec4838bbeaf6af2207cf.jpg,"[[373.0, 117.0, 16, 40], [856.0, 415.0, 18, 44], [410.0, 83.0, 14, 40]]","[1, 1, 1]"
/home/huy/Documents/de_tai_tot_nghiep/Drone Thermal.v4i.voc/imgs/1_70_50_0_07651_jpg.rf.fca9c4af9d281bca2fcb40e95fa425f7.jpg,[],[]
/home/huy/Documents/de_tai_tot_nghiep/Drone Thermal.v4i.voc/imgs/1_90_70_0_08950_jpg.rf.00617053ed48f8563bde5435070c38ea.jpg,[],[]
/home/huy/Documents/de_tai_tot_nghiep/Drone Thermal.v4i.voc/imgs/1_90_30_0_01374_jpg.rf.b6c4defd8a1fac536c58a91553c5ea6b.jpg,"[[649.0, 258.0, 16, 30], [662.0, 238.0, 18, 30], [633.0, 364.0, 16, 26], [707.0, 246.0, 16, 38], [723.0, 270.0, 16, 34], [742.0, 248.0, 18, 34], [631.0, 437.0, 24, 32], [803.0, 387.0, 16, 32], [827.0, 399.0, 16, 32], [779.0, 418.0, 16, 26], [794.0, 414.0, 18, 26], [813.0, 431.0, 20, 28], [868.0, 431.0, 18, 36], [1120.0, 472.0, 18, 38], [1143.0, 474.0, 20, 30], [678.0, 717.0, 18, 36], [965.0, 1007.0, 12, 32]]","[1, 1, 1, 1, 1, 1, 1, 1, 1, 1, 1, 1, 1, 1, 1, 1, 1]"
/home/huy/Documents/de_tai_tot_nghiep/Drone Thermal.v4i.voc/imgs/1_90_70_0_04990_jpg.rf.53d4ff217669469a9ea5f8497f67294b.jpg,[],[]
/home/huy/Documents/de_tai_tot_nghiep/Drone Thermal.v4i.voc/imgs/1_100_40_0_06230_jpg.rf.dbbaebb95f6510cb6bb2ad1e73db7b56.jpg,"[[122.0, 491.0, 26, 36], [92.0, 493.0, 34, 32], [642.0, 451.0, 30, 44], [598.0, 839.0, 14, 48], [587.0, 834.0, 16, 30], [666.0, 857.0, 22, 44], [683.0, 854.0, 24, 34], [709.0, 845.0, 24, 36], [697.0, 872.0, 20, 30]]","[1, 1, 1, 1, 1, 1, 1, 1, 1]"
/home/huy/Documents/de_tai_tot_nghiep/Drone Thermal.v4i.voc/imgs/1_110_90_0_05948_jpg.rf.78c4a9bf2d7e6e26a4c40cb429652c38.jpg,[],[]
/home/huy/Documents/de_tai_tot_nghiep/Drone Thermal.v4i.voc/imgs/1_120_60_0_02898_jpg.rf.eb79b1663150a9d731f1165041d17a86.jpg,"[[281.0, 33.0, 20, 36], [393.0, 9.0, 20, 16], [988.0, 448.0, 30, 38]]","[1, 1, 1]"
/home/huy/Documents/de_tai_tot_nghiep/Drone Thermal.v4i.voc/imgs/1_120_90_0_09428_jpg.rf.baa8725093088868dce042692b00cc24.jpg,[],[]
/home/huy/Documents/de_tai_tot_nghiep/Drone Thermal.v4i.voc/imgs/0_120_60_0_09554_jpg.rf.585815542c12139f21ebf85396ccaf09.jpg,[],[]
/home/huy/Documents/de_tai_tot_nghiep/Drone Thermal.v4i.voc/imgs/1_60_60_0_00505_jpg.rf.435a8062b4321fbe5211468a6009c995.jpg,"[[1206.0, 336.0, 30, 54], [666.0, 245.0, 26, 56], [518.0, 756.0, 22, 58], [767.0, 639.0, 24, 56], [782.0, 665.0, 22, 44]]","[1, 1, 1, 1, 1]"
/home/huy/Documents/de_tai_tot_nghiep/Drone Thermal.v4i.voc/imgs/0_80_60_0_06998_jpg.rf.c66040ffc2e40941bb41de7cfe2fb083.jpg,[],[]
/home/huy/Documents/de_tai_tot_nghiep/Drone Thermal.v4i.voc/imgs/1_60_70_0_00575_jpg.rf.a71a0f30ba71e1feceef2190d1390181.jpg,"[[671.0, 629.0, 48, 68], [390.0, 672.0, 50, 62], [908.0, 232.0, 42, 54]]","[1, 1, 1]"
/home/huy/Documents/de_tai_tot_nghiep/Drone Thermal.v4i.voc/imgs/0_60_40_0_06477_jpg.rf.08163cdb9b58b25eb80036da424e0429.jpg,[],[]
/home/huy/Documents/de_tai_tot_nghiep/Drone Thermal.v4i.voc/imgs/1_130_30_0_07125_jpg.rf.06ac3be84c289932d31b3bce811b7c0c.jpg,[],[]
/home/huy/Documents/de_tai_tot_nghiep/Drone Thermal.v4i.voc/imgs/1_130_60_0_03946_jpg.rf.eac81bb7e0568e601ff3a52e93718fe0.jpg,"[[298.0, 67.0, 22, 32], [173.0, 185.0, 20, 32], [252.0, 257.0, 26, 36], [650.0, 178.0, 18, 34], [354.0, 888.0, 18, 34], [403.0, 889.0, 16, 32], [460.0, 865.0, 18, 32], [478.0, 888.0, 18, 34], [434.0, 942.0, 18, 30], [454.0, 944.0, 18, 30]]","[1, 1, 1, 1, 1, 1, 1, 1, 1, 1]"
/home/huy/Documents/de_tai_tot_nghiep/Drone Thermal.v4i.voc/imgs/1_130_50_0_07217_jpg.rf.ba64d6dbd6217e09054a8190ac530510.jpg,[],[]
/home/huy/Documents/de_tai_tot_nghiep/Drone Thermal.v4i.voc/imgs/1_90_80_0_05005_jpg.rf.51da4153a7165fbac20df4f69df999a3.jpg,"[[1014.0, 325.0, 34, 56]]",[1]
/home/huy/Documents/de_tai_tot_nghiep/Drone Thermal.v4i.voc/imgs/0_120_40_0_05370_jpg.rf.b18b3ea7fd82adb2edf86211d279c2da.jpg,[],[]
/home/huy/Documents/de_tai_tot_nghiep/Drone Thermal.v4i.voc/imgs/1_110_50_0_09092_jpg.rf.68bed68b78c7af38797ced4da170789d.jpg,[],[]
/home/huy/Documents/de_tai_tot_nghiep/Drone Thermal.v4i.voc/imgs/1_60_50_0_00385_jpg.rf.1d1041b703c6b24f8f39c0adb45b4196.jpg,"[[1150.0, 669.0, 30, 60]]",[1]
/home/huy/Documents/de_tai_tot_nghiep/Drone Thermal.v4i.voc/imgs/1_60_80_0_00661_jpg.rf.9d9105bbe7eac39797d046043788b6a5.jpg,"[[836.0, 383.0, 30, 32], [696.0, 420.0, 26, 50], [729.0, 452.0, 36, 54], [562.0, 595.0, 30, 56], [76.0, 773.0, 46, 40], [8.0, 647.0, 14, 40], [804.0, 496.0, 34, 58], [50.0, 854.0, 34, 34], [85.0, 919.0, 36, 32], [133.0, 981.0, 60, 36], [46.0, 983.0, 38, 36], [687.0, 604.0, 40, 38], [603.0, 885.0, 36, 32], [937.0, 688.0, 40, 38], [1238.0, 491.0, 34, 40], [828.0, 584.0, 50, 50], [1002.0, 813.0, 50, 52], [762.0, 777.0, 26, 36], [811.0, 792.0, 36, 38]]","[1, 1, 1, 1, 1, 1, 1, 1, 1, 1, 1, 1, 1, 1, 1, 1, 1, 1, 1]"
/home/huy/Documents/de_tai_tot_nghiep/Drone Thermal.v4i.voc/imgs/1_60_50_0_00326_jpg.rf.58815646f21935a967af0038a550f59c.jpg,"[[453.0, 169.0, 28, 60], [558.0, 142.0, 22, 54], [598.0, 277.0, 26, 60], [396.0, 569.0, 22, 52], [367.0, 576.0, 24, 50], [931.0, 452.0, 28, 54]]","[1, 1, 1, 1, 1, 1]"
/home/huy/Documents/de_tai_tot_nghiep/Drone Thermal.v4i.voc/imgs/0_120_70_0_05472_jpg.rf.71b6ac6c18cfe3d34993c5ea997ae2d4.jpg,[],[]
/home/huy/Documents/de_tai_tot_nghiep/Drone Thermal.v4i.voc/imgs/0_120_80_0_09614_jpg.rf.4ad900c5b133ff009e9c8e37b24bfdfa.jpg,[],[]
/home/huy/Documents/de_tai_tot_nghiep/Drone Thermal.v4i.voc/imgs/0_120_60_0_05446_jpg.rf.84568a2e4e0f7b710302faa98989d3b8.jpg,[],[]
/home/huy/Documents/de_tai_tot_nghiep/Drone Thermal.v4i.voc/imgs/0_120_40_0_05363_jpg.rf.3a26479e20b2ef005687ffce591ca00d.jpg,[],[]
/home/huy/Documents/de_tai_tot_nghiep/Drone Thermal.v4i.voc/imgs/0_130_30_0_09675_jpg.rf.3b6605c3c251278f878dc88c071dcf0b.jpg,"[[242.0, 427.0, 18, 32], [799.0, 47.0, 12, 28], [834.0, 57.0, 14, 28], [863.0, 60.0, 16, 30]]","[1, 1, 1, 1]"
/home/huy/Documents/de_tai_tot_nghiep/Drone Thermal.v4i.voc/imgs/1_60_50_0_00307_jpg.rf.b1e68fd37a915d7af7fca86328e0c511.jpg,"[[34.0, 370.0, 46, 58], [862.0, 455.0, 34, 60], [1008.0, 736.0, 30, 54]]","[1, 1, 1]"
/home/huy/Documents/de_tai_tot_nghiep/Drone Thermal.v4i.voc/imgs/1_130_80_0_07297_jpg.rf.b5a3ce253c53d1c7797c162f2d528361.jpg,[],[]
/home/huy/Documents/de_tai_tot_nghiep/Drone Thermal.v4i.voc/imgs/1_90_40_0_01405_jpg.rf.ed6f7ee824fa25e5fa1adad945f83ea4.jpg,[],[]
/home/huy/Documents/de_tai_tot_nghiep/Drone Thermal.v4i.voc/imgs/1_60_50_0_00315_jpg.rf.c5d44bc2647f309f46a9a645a3af97a0.jpg,"[[363.0, 11.0, 20, 20], [413.0, 14.0, 20, 26], [179.0, 142.0, 28, 46], [633.0, 360.0, 20, 46], [635.0, 768.0, 28, 46], [733.0, 726.0, 24, 38], [713.0, 755.0, 24, 44], [961.0, 554.0, 24, 54]]","[1, 1, 1, 1, 1, 1, 1, 1]"
/home/huy/Documents/de_tai_tot_nghiep/Drone Thermal.v4i.voc/imgs/1_110_90_0_02754_jpg.rf.7fe8f5ff968819ca3d23a868bf00c0e1.jpg,"[[567.0, 49.0, 40, 36], [529.0, 67.0, 24, 20], [486.0, 44.0, 22, 30], [476.0, 79.0, 26, 32], [476.0, 610.0, 46, 34], [609.0, 660.0, 44, 46], [657.0, 685.0, 20, 24], [500.0, 672.0, 50, 42], [497.0, 742.0, 28, 30], [531.0, 777.0, 32, 24]]","[1, 1, 1, 1, 1, 1, 1, 1, 1, 1]"
/home/huy/Documents/de_tai_tot_nghiep/Drone Thermal.v4i.voc/imgs/0_130_50_0_09759_jpg.rf.8e0f91e08890d9c4722dfe25b5d876da.jpg,"[[1192.0, 547.0, 10, 32], [1194.0, 572.0, 14, 34]]","[1, 1]"
/home/huy/Documents/de_tai_tot_nghiep/Drone Thermal.v4i.voc/imgs/1_60_30_0_00020_jpg.rf.07f94946d707ba20d3677f013ebb8a67.jpg,"[[210.0, 185.0, 18, 40], [520.0, 174.0, 14, 38], [534.0, 186.0, 14, 30], [558.0, 107.0, 14, 40], [608.0, 364.0, 18, 38], [994.0, 775.0, 18, 40], [808.0, 718.0, 22, 46], [989.0, 673.0, 16, 36], [1002.0, 671.0, 14, 40], [1016.0, 667.0, 14, 40], [1124.0, 599.0, 22, 48], [977.0, 505.0, 20, 40], [976.0, 543.0, 22, 36], [831.0, 569.0, 20, 40], [685.0, 599.0, 20, 44], [670.0, 467.0, 18, 40], [641.0, 473.0, 20, 40], [749.0, 400.0, 12, 38], [861.0, 370.0, 12, 34], [1125.0, 41.0, 20, 52], [1101.0, 25.0, 20, 44], [1074.0, 23.0, 18, 40]]","[1, 1, 1, 1, 1, 1, 1, 1, 1, 1, 1, 1, 1, 1, 1, 1, 1, 1, 1, 1, 1, 1]"
/home/huy/Documents/de_tai_tot_nghiep/Drone Thermal.v4i.voc/imgs/0_60_40_0_01662_jpg.rf.f92de9b6beeda0fc8210f037f319497a.jpg,"[[504.0, 680.0, 18, 50], [531.0, 685.0, 20, 40], [515.0, 597.0, 24, 52], [634.0, 616.0, 18, 46], [715.0, 787.0, 24, 48], [872.0, 431.0, 18, 40], [892.0, 394.0, 18, 46], [1074.0, 417.0, 18, 44], [923.0, 349.0, 24, 48]]","[1, 1, 1, 1, 1, 1, 1, 1, 1]"
/home/huy/Documents/de_tai_tot_nghiep/Drone Thermal.v4i.voc/imgs/1_110_30_0_09053_jpg.rf.c354ba78d4381099bbc37c50cba67b65.jpg,[],[]
/home/huy/Documents/de_tai_tot_nghiep/Drone Thermal.v4i.voc/imgs/1_100_50_0_05170_jpg.rf.3da2fb26bcf514ee3fe780c221f037be.jpg,"[[975.0, 337.0, 20, 32], [336.0, 651.0, 26, 40]]","[1, 1]"
/home/huy/Documents/de_tai_tot_nghiep/Drone Thermal.v4i.voc/imgs/0_70_90_0_06878_jpg.rf.59519d101caa0c4b9c6b1e1559960b4b.jpg,"[[672.0, 1009.0, 42, 28]]",[1]
/home/huy/Documents/de_tai_tot_nghiep/Drone Thermal.v4i.voc/imgs/1_60_70_0_00542_jpg.rf.8cc770e59da2659467f980ea1d6e1f49.jpg,"[[914.0, 292.0, 46, 70], [850.0, 349.0, 34, 56], [1037.0, 667.0, 36, 48], [658.0, 714.0, 42, 62]]","[1, 1, 1, 1]"
/home/huy/Documents/de_tai_tot_nghiep/Drone Thermal.v4i.voc/imgs/1_90_90_0_05050_jpg.rf.81772eb7a986c8a99b09538d854c81cc.jpg,[],[]
/home/huy/Documents/de_tai_tot_nghiep/Drone Thermal.v4i.voc/imgs/1_60_30_0_00007_jpg.rf.85bdf9082d37923bbca43b422b251c94.jpg,"[[133.0, 181.0, 16, 28], [339.0, 189.0, 20, 32], [160.0, 280.0, 22, 34], [437.0, 303.0, 20, 36], [460.0, 329.0, 18, 40], [461.0, 142.0, 16, 34], [574.0, 371.0, 18, 36], [592.0, 369.0, 18, 36], [687.0, 975.0, 20, 48], [884.0, 912.0, 18, 38], [943.0, 927.0, 28, 48], [932.0, 785.0, 18, 36], [1041.0, 822.0, 12, 42], [1054.0, 823.0, 14, 40], [1067.0, 820.0, 16, 42], [731.0, 616.0, 16, 34], [713.0, 614.0, 16, 38], [853.0, 460.0, 20, 42], [785.0, 433.0, 16, 32], [792.0, 408.0, 18, 38], [664.0, 424.0, 14, 30], [1197.0, 171.0, 20, 44], [1055.0, 46.0, 16, 38], [874.0, 191.0, 26, 44], [1026.0, 42.0, 14, 34], [1011.0, 46.0, 12, 34], [1249.0, 8.0, 16, 14], [1002.0, 555.0, 26, 36]]","[1, 1, 1, 1, 1, 1, 1, 1, 1, 1, 1, 1, 1, 1, 1, 1, 1, 1, 1, 1, 1, 1, 1, 1, 1, 1, 1, 1]"
/home/huy/Documents/de_tai_tot_nghiep/Drone Thermal.v4i.voc/imgs/1_60_50_0_00306_jpg.rf.00a1e45ce068039110007435b921e542.jpg,"[[71.0, 377.0, 48, 68], [883.0, 507.0, 36, 60], [276.0, 8.0, 22, 14], [1010.0, 734.0, 22, 50]]","[1, 1, 1, 1]"
/home/huy/Documents/de_tai_tot_nghiep/Drone Thermal.v4i.voc/imgs/0_120_70_0_09578_jpg.rf.a2adbbd985ee5b87a2779e977863a63a.jpg,[],[]
/home/huy/Documents/de_tai_tot_nghiep/Drone Thermal.v4i.voc/imgs/0_130_60_0_09780_jpg.rf.47f5aadd5eed3a02c7fe0158b29d1542.jpg,[],[]
/home/huy/Documents/de_tai_tot_nghiep/Drone Thermal.v4i.voc/imgs/1_100_40_0_06245_jpg.rf.11a5cb0ddde85d24deb104ae45a6d812.jpg,"[[264.0, 140.0, 22, 42], [140.0, 525.0, 22, 40], [113.0, 526.0, 28, 38]]","[1, 1, 1]"
/home/huy/Documents/de_tai_tot_nghiep/Drone Thermal.v4i.voc/imgs/0_110_50_0_08402_jpg.rf.36604f8fe4e83666a92ee44ccdc4493f.jpg,"[[547.0, 961.0, 28, 40]]",[1]
/home/huy/Documents/de_tai_tot_nghiep/Drone Thermal.v4i.voc/imgs/0_80_60_0_02193_jpg.rf.0acd05fad3a2d0bf8092b7d10c7890ef.jpg,"[[276.0, 83.0, 34, 52], [1025.0, 115.0, 32, 44], [946.0, 195.0, 26, 52], [1096.0, 97.0, 30, 36], [1170.0, 76.0, 26, 38], [1178.0, 106.0, 26, 34], [1139.0, 127.0, 44, 48], [1130.0, 236.0, 34, 46], [725.0, 433.0, 32, 36], [712.0, 487.0, 26, 44], [757.0, 543.0, 16, 48], [693.0, 537.0, 20, 48], [724.0, 573.0, 34, 48], [881.0, 576.0, 28, 46], [858.0, 663.0, 42, 48], [855.0, 567.0, 28, 44], [1131.0, 638.0, 32, 30]]","[1, 1, 1, 1, 1, 1, 1, 1, 1, 1, 1, 1, 1, 1, 1, 1, 1]"
/home/huy/Documents/de_tai_tot_nghiep/Drone Thermal.v4i.voc/imgs/0_70_30_0_01849_jpg.rf.f8c8d09b9597701b1540bad89c72cbb7.jpg,"[[47.0, 237.0, 20, 40], [357.0, 326.0, 20, 26], [319.0, 374.0, 32, 46], [395.0, 354.0, 16, 34], [381.0, 383.0, 20, 32], [498.0, 445.0, 18, 36], [428.0, 368.0, 14, 22], [496.0, 392.0, 14, 26], [554.0, 473.0, 18, 40], [700.0, 272.0, 18, 34], [683.0, 281.0, 16, 40], [763.0, 261.0, 16, 32], [763.0, 314.0, 28, 34]]","[1, 1, 1, 1, 1, 1, 1, 1, 1, 1, 1, 1, 1]"
/home/huy/Documents/de_tai_tot_nghiep/Drone Thermal.v4i.voc/imgs/0_60_80_0_01776_jpg.rf.e3884feb66bb474529800de4abb06b0d.jpg,"[[438.0, 329.0, 34, 44], [486.0, 474.0, 26, 46], [537.0, 504.0, 28, 38], [660.0, 509.0, 30, 48], [701.0, 465.0, 32, 48], [738.0, 441.0, 34, 48], [847.0, 679.0, 28, 36], [1176.0, 148.0, 30, 54]]","[1, 1, 1, 1, 1, 1, 1, 1]"
/home/huy/Documents/de_tai_tot_nghiep/Drone Thermal.v4i.voc/imgs/1_90_70_0_01533_jpg.rf.65fd1f86f2804ada93487395e1228e08.jpg,"[[914.0, 335.0, 26, 32], [912.0, 363.0, 42, 44], [818.0, 455.0, 22, 32], [909.0, 534.0, 40, 50], [779.0, 552.0, 28, 46], [678.0, 577.0, 34, 44], [810.0, 674.0, 22, 38], [810.0, 706.0, 22, 34], [709.0, 641.0, 28, 48]]","[1, 1, 1, 1, 1, 1, 1, 1, 1]"
/home/huy/Documents/de_tai_tot_nghiep/Drone Thermal.v4i.voc/imgs/1_80_60_0_04715_jpg.rf.12bc0fc0cc36d80b514729bdd2de1014.jpg,"[[180.0, 824.0, 42, 86]]",[1]
/home/huy/Documents/de_tai_tot_nghiep/Drone Thermal.v4i.voc/imgs/0_70_80_0_02035_jpg.rf.ac91bfa022711106f827aafaa667802a.jpg,"[[936.0, 613.0, 46, 48], [1044.0, 722.0, 30, 42], [1090.0, 743.0, 34, 36], [1109.0, 751.0, 40, 32], [1090.0, 780.0, 46, 42], [1065.0, 772.0, 32, 34], [1228.0, 784.0, 34, 38]]","[1, 1, 1, 1, 1, 1, 1]"
/home/huy/Documents/de_tai_tot_nghiep/Drone Thermal.v4i.voc/imgs/1_60_30_0_00014_jpg.rf.b35d6c57c9bf0b0d4d4a2a39ee5ed29a.jpg,"[[967.0, 30.0, 16, 38], [1001.0, 27.0, 16, 36], [986.0, 28.0, 14, 34], [863.0, 481.0, 20, 36], [821.0, 483.0, 20, 44], [767.0, 386.0, 16, 34], [609.0, 481.0, 16, 36], [643.0, 411.0, 16, 36], [643.0, 539.0, 20, 40], [721.0, 679.0, 20, 36], [820.0, 671.0, 18, 40], [716.0, 745.0, 14, 40], [1058.0, 949.0, 18, 36], [871.0, 934.0, 20, 42], [959.0, 742.0, 16, 34], [972.0, 740.0, 14, 34], [986.0, 736.0, 14, 38], [583.0, 965.0, 36, 44], [505.0, 275.0, 20, 48], [446.0, 125.0, 14, 32], [289.0, 245.0, 16, 32], [92.0, 166.0, 14, 34], [185.0, 207.0, 16, 36], [1274.0, 13.0, 10, 24], [987.0, 546.0, 20, 46]]","[1, 1, 1, 1, 1, 1, 1, 1, 1, 1, 1, 1, 1, 1, 1, 1, 1, 1, 1, 1, 1, 1, 1, 1, 1]"
/home/huy/Documents/de_tai_tot_nghiep/Drone Thermal.v4i.voc/imgs/1_110_50_0_05811_jpg.rf.bb3b5658ff33c831f16700d8eacfc735.jpg,"[[40.0, 409.0, 34, 52], [52.0, 392.0, 30, 42], [268.0, 809.0, 26, 48], [800.0, 129.0, 22, 48]]","[1, 1, 1, 1]"
/home/huy/Documents/de_tai_tot_nghiep/Drone Thermal.v4i.voc/imgs/1_130_30_0_09958_jpg.rf.83e22552cce71ec887b10ad29d9b90f5.jpg,[],[]
/home/huy/Documents/de_tai_tot_nghiep/Drone Thermal.v4i.voc/imgs/1_120_90_0_09438_jpg.rf.b05b01a45e47ce9ce160c5a65f76a76e.jpg,[],[]
/home/huy/Documents/de_tai_tot_nghiep/Drone Thermal.v4i.voc/imgs/1_120_90_0_09430_jpg.rf.23ff3ae7a5ed2113405232f8940ca142.jpg,[],[]
/home/huy/Documents/de_tai_tot_nghiep/Drone Thermal.v4i.voc/imgs/1_80_50_0_01213_jpg.rf.33934f87997da2b7ec2afaeb7f682636.jpg,"[[950.0, 643.0, 26, 52], [905.0, 525.0, 28, 48], [877.0, 580.0, 20, 42], [856.0, 516.0, 18, 42], [842.0, 545.0, 26, 36], [835.0, 512.0, 20, 38], [733.0, 512.0, 36, 46], [772.0, 95.0, 26, 48], [825.0, 98.0, 20, 46], [842.0, 127.0, 22, 48], [868.0, 126.0, 18, 46], [885.0, 144.0, 16, 42], [931.0, 131.0, 24, 44], [905.0, 101.0, 20, 44], [923.0, 102.0, 16, 30]]","[1, 1, 1, 1, 1, 1, 1, 1, 1, 1, 1, 1, 1, 1, 1]"
/home/huy/Documents/de_tai_tot_nghiep/Drone Thermal.v4i.voc/imgs/0_80_90_0_07112_jpg.rf.f98c8faf021475c5adddd5d11e46fce0.jpg,"[[947.0, 482.0, 52, 50], [812.0, 842.0, 34, 46], [863.0, 1007.0, 32, 28]]","[1, 1, 1]"
/home/huy/Documents/de_tai_tot_nghiep/Drone Thermal.v4i.voc/imgs/1_70_90_0_07797_jpg.rf.936f03433ca351f136f11d02558b7a93.jpg,[],[]
/home/huy/Documents/de_tai_tot_nghiep/Drone Thermal.v4i.voc/imgs/1_60_70_0_00594_jpg.rf.5beb3a94f2e2f520ef8cf206f4b82f15.jpg,"[[480.0, 221.0, 26, 48], [58.0, 898.0, 30, 62], [417.0, 938.0, 32, 54]]","[1, 1, 1]"
/home/huy/Documents/de_tai_tot_nghiep/Drone Thermal.v4i.voc/imgs/1_110_30_0_02555_jpg.rf.b96c5e12fff5a9e9d52cc691ab314c2e.jpg,"[[270.0, 343.0, 18, 32], [500.0, 48.0, 18, 30], [517.0, 32.0, 16, 26], [523.0, 62.0, 16, 30], [559.0, 27.0, 20, 32], [579.0, 32.0, 20, 30], [614.0, 30.0, 18, 34], [602.0, 51.0, 14, 28], [639.0, 59.0, 16, 32], [613.0, 78.0, 16, 26], [675.0, 118.0, 28, 34], [689.0, 164.0, 24, 30], [228.0, 378.0, 14, 30], [620.0, 142.0, 14, 22], [525.0, 361.0, 20, 28], [533.0, 338.0, 16, 26], [516.0, 329.0, 34, 32], [554.0, 351.0, 18, 24], [573.0, 350.0, 24, 46], [1043.0, 478.0, 20, 34], [1030.0, 515.0, 18, 36], [206.0, 796.0, 22, 38], [187.0, 773.0, 20, 36], [149.0, 778.0, 24, 54], [74.0, 933.0, 22, 40], [48.0, 917.0, 26, 24], [49.0, 953.0, 28, 52], [39.0, 988.0, 28, 30], [135.0, 965.0, 24, 36], [105.0, 995.0, 16, 28]]","[1, 1, 1, 1, 1, 1, 1, 1, 1, 1, 1, 1, 1, 1, 1, 1, 1, 1, 1, 1, 1, 1, 1, 1, 1, 1, 1, 1, 1, 1]"
/home/huy/Documents/de_tai_tot_nghiep/Drone Thermal.v4i.voc/imgs/1_110_40_0_05757_jpg.rf.e46ed4e12bf4b9261c1e120cb4007f23.jpg,[],[]
/home/huy/Documents/de_tai_tot_nghiep/Drone Thermal.v4i.voc/imgs/1_130_30_0_07141_jpg.rf.d09612a1e1988d6321b4c5d79004dbe1.jpg,[],[]
/home/huy/Documents/de_tai_tot_nghiep/Drone Thermal.v4i.voc/imgs/0_130_40_0_05603_jpg.rf.08b0c41edf4314c3b38a8424984630b7.jpg,[],[]
/home/huy/Documents/de_tai_tot_nghiep/Drone Thermal.v4i.voc/imgs/1_130_50_0_10016_jpg.rf.514ed3c90658062899f3a4bdc36aa17a.jpg,"[[293.0, 472.0, 20, 38]]",[1]
/home/huy/Documents/de_tai_tot_nghiep/Drone Thermal.v4i.voc/imgs/1_60_50_0_07414_jpg.rf.52ed53883d83dbf8b9e9eb4f29aec8fd.jpg,[],[]
/home/huy/Documents/de_tai_tot_nghiep/Drone Thermal.v4i.voc/imgs/1_80_80_0_08765_jpg.rf.2962f5413a087d38d4e6d9a3052d8804.jpg,[],[]
/home/huy/Documents/de_tai_tot_nghiep/Drone Thermal.v4i.voc/imgs/1_70_40_0_07621_jpg.rf.b8370dec14fe16657b70213a7a118cee.jpg,"[[1231.0, 33.0, 32, 60], [1263.0, 31.0, 32, 60]]","[1, 1]"
/home/huy/Documents/de_tai_tot_nghiep/Drone Thermal.v4i.voc/imgs/0_100_50_0_08147_jpg.rf.e447ebe35c665f0de96946cabc160d0f.jpg,[],[]
/home/huy/Documents/de_tai_tot_nghiep/Drone Thermal.v4i.voc/imgs/1_130_90_0_04053_jpg.rf.69f62c00965863b96ae72b3c4c8bf62a.jpg,[],[]
/home/huy/Documents/de_tai_tot_nghiep/Drone Thermal.v4i.voc/imgs/1_60_60_0_00452_jpg.rf.dab0ea8c74eb0ab3cca11bcfb3b614bf.jpg,"[[655.0, 532.0, 32, 58], [943.0, 609.0, 28, 56], [702.0, 799.0, 30, 56], [857.0, 844.0, 32, 66], [1085.0, 463.0, 24, 44]]","[1, 1, 1, 1, 1]"
/home/huy/Documents/de_tai_tot_nghiep/Drone Thermal.v4i.voc/imgs/1_120_30_0_05972_jpg.rf.96ed3403562750121b86c37b633f6fe8.jpg,"[[384.0, 259.0, 18, 36]]",[1]
/home/huy/Documents/de_tai_tot_nghiep/Drone Thermal.v4i.voc/imgs/1_70_70_0_07719_jpg.rf.d469be683f1e6d7b6b1799bec3f9fc5b.jpg,[],[]
/home/huy/Documents/de_tai_tot_nghiep/Drone Thermal.v4i.voc/imgs/1_60_60_0_00445_jpg.rf.9edf088701dc788655e608457b8cdf0e.jpg,"[[399.0, 519.0, 24, 52], [430.0, 498.0, 34, 62], [679.0, 453.0, 36, 76], [1070.0, 392.0, 46, 62]]","[1, 1, 1, 1]"
/home/huy/Documents/de_tai_tot_nghiep/Drone Thermal.v4i.voc/imgs/1_90_70_0_01528_jpg.rf.af9a286c9a1501c6559b47e3571fa3c0.jpg,"[[654.0, 588.0, 30, 46], [710.0, 542.0, 30, 42], [807.0, 590.0, 24, 34], [806.0, 538.0, 30, 42], [862.0, 525.0, 26, 40], [845.0, 491.0, 36, 52], [834.0, 434.0, 38, 34], [820.0, 465.0, 22, 40]]","[1, 1, 1, 1, 1, 1, 1, 1]"
/home/huy/Documents/de_tai_tot_nghiep/Drone Thermal.v4i.voc/imgs/1_60_30_0_00000_jpg.rf.a2c09cbddfcdc97fd2104f88f65b4cbf.jpg,"[[550.0, 161.0, 14, 32], [561.0, 316.0, 20, 38], [440.0, 275.0, 18, 36], [370.0, 278.0, 18, 34], [353.0, 472.0, 20, 42], [487.0, 590.0, 20, 42], [494.0, 680.0, 18, 38], [292.0, 893.0, 22, 44], [328.0, 894.0, 22, 42], [324.0, 293.0, 14, 32], [324.0, 350.0, 14, 34]]","[1, 1, 1, 1, 1, 1, 1, 1, 1, 1, 1]"
/home/huy/Documents/de_tai_tot_nghiep/Drone Thermal.v4i.voc/imgs/0_100_50_0_03359_jpg.rf.dea77fe5027dd2aa4792d56f0a29e682.jpg,"[[374.0, 422.0, 18, 50], [723.0, 137.0, 20, 40], [438.0, 370.0, 14, 46]]","[1, 1, 1]"
/home/huy/Documents/de_tai_tot_nghiep/Drone Thermal.v4i.voc/imgs/1_120_80_0_02969_jpg.rf.bdccca1e9868b5ef9721e0fb97c16857.jpg,"[[482.0, 29.0, 22, 40], [435.0, 70.0, 20, 30], [450.0, 143.0, 26, 36], [558.0, 131.0, 18, 28], [412.0, 186.0, 18, 30], [444.0, 202.0, 22, 34], [348.0, 249.0, 22, 32], [542.0, 243.0, 18, 40], [1266.0, 321.0, 22, 28], [1242.0, 337.0, 26, 24]]","[1, 1, 1, 1, 1, 1, 1, 1, 1, 1]"
/home/huy/Documents/de_tai_tot_nghiep/Drone Thermal.v4i.voc/imgs/1_100_50_0_02373_jpg.rf.b12cf433a50d0505d66ee12664e5b279.jpg,"[[484.0, 348.0, 26, 42], [479.0, 316.0, 24, 34], [582.0, 374.0, 30, 34], [512.0, 289.0, 34, 40], [524.0, 270.0, 22, 38], [578.0, 331.0, 14, 36], [591.0, 298.0, 40, 46], [758.0, 90.0, 18, 38], [816.0, 78.0, 22, 30], [813.0, 50.0, 24, 30], [919.0, 80.0, 32, 46]]","[1, 1, 1, 1, 1, 1, 1, 1, 1, 1, 1]"
/home/huy/Documents/de_tai_tot_nghiep/Drone Thermal.v4i.voc/imgs/1_110_60_0_02659_jpg.rf.cfd7caf677326429c9f32a06229a0b1f.jpg,"[[455.0, 507.0, 24, 44], [432.0, 509.0, 26, 40], [441.0, 553.0, 28, 36], [466.0, 565.0, 26, 40], [438.0, 888.0, 34, 38], [403.0, 929.0, 20, 40], [557.0, 968.0, 32, 46], [403.0, 991.0, 28, 32], [484.0, 987.0, 22, 36]]","[1, 1, 1, 1, 1, 1, 1, 1, 1]"
/home/huy/Documents/de_tai_tot_nghiep/Drone Thermal.v4i.voc/imgs/1_120_40_0_09297_jpg.rf.2dad3c925d98062d03b3684d0b2c6d86.jpg,[],[]
/home/huy/Documents/de_tai_tot_nghiep/Drone Thermal.v4i.voc/imgs/0_130_40_0_05612_jpg.rf.7702ee7370ec4ded00e271c68579e8a7.jpg,"[[949.0, 76.0, 16, 30]]",[1]
/home/huy/Documents/de_tai_tot_nghiep/Drone Thermal.v4i.voc/imgs/0_70_60_0_01961_jpg.rf.60484f4db5cdd402c376adbbaf83f099.jpg,"[[539.0, 536.0, 44, 58], [735.0, 532.0, 32, 42], [723.0, 553.0, 24, 40], [646.0, 660.0, 30, 42], [597.0, 701.0, 48, 52], [810.0, 683.0, 18, 44], [858.0, 901.0, 30, 40], [748.0, 746.0, 30, 42], [1068.0, 267.0, 22, 40], [1118.0, 290.0, 30, 42], [1188.0, 339.0, 46, 60], [1248.0, 255.0, 26, 36], [1250.0, 298.0, 34, 46]]","[1, 1, 1, 1, 1, 1, 1, 1, 1, 1, 1, 1, 1]"
/home/huy/Documents/de_tai_tot_nghiep/Drone Thermal.v4i.voc/imgs/1_60_50_0_00382_jpg.rf.5dc21c1d0c0bd227ef3c644cd1460ff6.jpg,"[[983.0, 655.0, 32, 64], [1142.0, 809.0, 54, 76], [1107.0, 151.0, 44, 64]]","[1, 1, 1]"
/home/huy/Documents/de_tai_tot_nghiep/Drone Thermal.v4i.voc/imgs/1_120_80_0_02981_jpg.rf.bdacd93fcfe1bd28d0394f50fc72645d.jpg,"[[491.0, 97.0, 20, 32], [454.0, 138.0, 22, 30], [398.0, 212.0, 22, 22], [424.0, 221.0, 14, 24], [429.0, 243.0, 24, 20], [450.0, 261.0, 18, 28], [551.0, 316.0, 16, 26], [560.0, 199.0, 22, 28]]","[1, 1, 1, 1, 1, 1, 1, 1]"
/home/huy/Documents/de_tai_tot_nghiep/Drone Thermal.v4i.voc/imgs/0_80_80_0_07067_jpg.rf.37c4e72cddbd828762eb21c7d9fa1061.jpg,"[[885.0, 340.0, 56, 62], [1109.0, 505.0, 60, 64], [1201.0, 584.0, 56, 54]]","[1, 1, 1]"
/home/huy/Documents/de_tai_tot_nghiep/Drone Thermal.v4i.voc/imgs/1_90_40_0_04874_jpg.rf.810bf3c36e0268d04007ec4440274606.jpg,"[[936.0, 436.0, 22, 42], [1114.0, 229.0, 22, 40]]","[1, 1]"
/home/huy/Documents/de_tai_tot_nghiep/Drone Thermal.v4i.voc/imgs/1_60_40_0_07379_jpg.rf.3c9ad78e4b5cd8d782407598dc98fc0a.jpg,[],[]
/home/huy/Documents/de_tai_tot_nghiep/Drone Thermal.v4i.voc/imgs/0_60_80_0_01807_jpg.rf.c952fa9160c34f7ef871181e67a23dfc.jpg,"[[488.0, 379.0, 34, 44], [624.0, 410.0, 22, 50], [458.0, 516.0, 22, 50], [604.0, 477.0, 30, 48], [899.0, 699.0, 32, 44], [997.0, 998.0, 28, 50], [1179.0, 185.0, 32, 52], [1139.0, 29.0, 28, 48]]","[1, 1, 1, 1, 1, 1, 1, 1]"
/home/huy/Documents/de_tai_tot_nghiep/Drone Thermal.v4i.voc/imgs/1_100_40_0_02359_jpg.rf.4981ddfa33f2584b63fa472782addf64.jpg,"[[696.0, 199.0, 22, 28], [723.0, 602.0, 20, 38], [702.0, 607.0, 14, 40], [687.0, 613.0, 20, 36], [678.0, 590.0, 18, 30], [436.0, 798.0, 22, 34], [418.0, 787.0, 18, 44], [389.0, 811.0, 24, 36], [418.0, 837.0, 34, 48], [449.0, 852.0, 16, 38], [437.0, 881.0, 20, 44], [336.0, 828.0, 22, 38], [313.0, 840.0, 24, 34]]","[1, 1, 1, 1, 1, 1, 1, 1, 1, 1, 1, 1, 1]"
/home/huy/Documents/de_tai_tot_nghiep/Drone Thermal.v4i.voc/imgs/1_90_90_0_08996_jpg.rf.968cda3f6798e59abdd0c406b44f0c33.jpg,[],[]
/home/huy/Documents/de_tai_tot_nghiep/Drone Thermal.v4i.voc/imgs/1_60_80_0_07525_jpg.rf.4b02ad3cfe4dd9458a6ea3ee4ffcfb22.jpg,[],[]
/home/huy/Documents/de_tai_tot_nghiep/Drone Thermal.v4i.voc/imgs/0_60_90_0_06659_jpg.rf.80ef47c3ee5ab17cd52cb8aff1a7c04f.jpg,[],[]
/home/huy/Documents/de_tai_tot_nghiep/Drone Thermal.v4i.voc/imgs/1_130_50_0_07210_jpg.rf.348855d95a2d2c8a036b73eb90ccbdfa.jpg,[],[]
/home/huy/Documents/de_tai_tot_nghiep/Drone Thermal.v4i.voc/imgs/1_110_40_0_09065_jpg.rf.4f6ca3181f687787aa9b32db7e01418e.jpg,[],[]
/home/huy/Documents/de_tai_tot_nghiep/Drone Thermal.v4i.voc/imgs/0_80_30_0_02089_jpg.rf.1c17c9697f04618f7f0ddd23ed27716e.jpg,"[[338.0, 590.0, 18, 38], [956.0, 587.0, 14, 28], [939.0, 619.0, 16, 28], [873.0, 609.0, 24, 20], [891.0, 658.0, 16, 22], [708.0, 788.0, 22, 38], [612.0, 792.0, 22, 26], [631.0, 805.0, 24, 40], [673.0, 790.0, 24, 42], [810.0, 784.0, 18, 26], [760.0, 827.0, 22, 40]]","[1, 1, 1, 1, 1, 1, 1, 1, 1, 1, 1]"
/home/huy/Documents/de_tai_tot_nghiep/Drone Thermal.v4i.voc/imgs/0_130_40_0_09703_jpg.rf.ec23b50e60f296c2e067e64bd0861e93.jpg,[],[]
/home/huy/Documents/de_tai_tot_nghiep/Drone Thermal.v4i.voc/imgs/1_70_70_0_07709_jpg.rf.fdade98ebf21374f4e7493babe3fb117.jpg,"[[295.0, 656.0, 40, 58], [726.0, 109.0, 34, 60], [858.0, 104.0, 38, 66], [822.0, 83.0, 50, 64]]","[1, 1, 1, 1]"
/home/huy/Documents/de_tai_tot_nghiep/Drone Thermal.v4i.voc/imgs/1_60_70_0_00547_jpg.rf.fef03d7e406afe70192b8ee5abeefe8e.jpg,"[[1028.0, 54.0, 42, 66], [800.0, 461.0, 30, 52], [940.0, 888.0, 30, 50]]","[1, 1, 1]"
/home/huy/Documents/de_tai_tot_nghiep/Drone Thermal.v4i.voc/imgs/0_70_90_0_02047_jpg.rf.6a3a63a082850eb0e9db6a60b8be14e0.jpg,"[[327.0, 285.0, 40, 44], [576.0, 290.0, 54, 50], [516.0, 332.0, 26, 34], [570.0, 333.0, 22, 24], [428.0, 393.0, 42, 36], [474.0, 411.0, 34, 36], [822.0, 602.0, 46, 34]]","[1, 1, 1, 1, 1, 1, 1]"
/home/huy/Documents/de_tai_tot_nghiep/Drone Thermal.v4i.voc/imgs/0_60_40_0_06514_jpg.rf.7497f40f84a5fb08df56687fd604d2c4.jpg,[],[]
/home/huy/Documents/de_tai_tot_nghiep/Drone Thermal.v4i.voc/imgs/0_130_80_0_05686_jpg.rf.642120ad7488c21bf5213e51623f2ed4.jpg,[],[]
/home/huy/Documents/de_tai_tot_nghiep/Drone Thermal.v4i.voc/imgs/0_100_90_0_08271_jpg.rf.ed372515d264a31ef00a75f36d2facd5.jpg,[],[]
/home/huy/Documents/de_tai_tot_nghiep/Drone Thermal.v4i.voc/imgs/1_120_70_0_02954_jpg.rf.121723be4308fbb825e8040506369702.jpg,"[[473.0, 581.0, 20, 28], [441.0, 636.0, 24, 30], [369.0, 651.0, 16, 32], [371.0, 686.0, 20, 30], [379.0, 727.0, 20, 28], [533.0, 707.0, 16, 28], [431.0, 741.0, 20, 28], [450.0, 768.0, 22, 26], [742.0, 430.0, 18, 30], [775.0, 423.0, 20, 32], [780.0, 476.0, 30, 34]]","[1, 1, 1, 1, 1, 1, 1, 1, 1, 1, 1]"
/home/huy/Documents/de_tai_tot_nghiep/Drone Thermal.v4i.voc/imgs/1_110_90_0_02757_jpg.rf.e1ae9d8e2fb763c00d4e4b39f53bcbd5.jpg,"[[558.0, 170.0, 22, 38], [530.0, 176.0, 34, 38], [479.0, 189.0, 40, 48], [524.0, 343.0, 30, 40], [508.0, 690.0, 42, 34], [637.0, 720.0, 28, 34], [686.0, 734.0, 30, 26], [511.0, 739.0, 24, 24], [504.0, 822.0, 30, 38], [567.0, 815.0, 24, 24], [592.0, 823.0, 38, 40]]","[1, 1, 1, 1, 1, 1, 1, 1, 1, 1, 1]"
/home/huy/Documents/de_tai_tot_nghiep/Drone Thermal.v4i.voc/imgs/1_60_30_0_00059_jpg.rf.9cbe6fe3cbb94d6ed486e062aad828b0.jpg,"[[466.0, 260.0, 14, 38], [645.0, 239.0, 16, 36], [664.0, 207.0, 14, 36], [421.0, 572.0, 16, 38], [387.0, 577.0, 12, 32], [371.0, 597.0, 16, 36], [399.0, 946.0, 20, 38], [409.0, 988.0, 20, 42], [598.0, 906.0, 18, 42], [1277.0, 402.0, 8, 38], [1270.0, 91.0, 18, 36]]","[1, 1, 1, 1, 1, 1, 1, 1, 1, 1, 1]"
/home/huy/Documents/de_tai_tot_nghiep/Drone Thermal.v4i.voc/imgs/1_60_30_0_00021_jpg.rf.36bfd6a5e3479c8627af0231742aac4c.jpg,"[[178.0, 173.0, 18, 36], [504.0, 159.0, 14, 36], [520.0, 172.0, 14, 38], [559.0, 105.0, 16, 36], [585.0, 346.0, 16, 38], [617.0, 436.0, 16, 34], [969.0, 749.0, 24, 44], [786.0, 685.0, 18, 40], [982.0, 659.0, 14, 40], [994.0, 657.0, 14, 40], [1006.0, 654.0, 14, 38], [1134.0, 613.0, 18, 44], [990.0, 550.0, 18, 42], [985.0, 508.0, 20, 38], [821.0, 557.0, 20, 44], [662.0, 572.0, 18, 38], [661.0, 454.0, 20, 42], [749.0, 399.0, 12, 36], [863.0, 362.0, 16, 38]]","[1, 1, 1, 1, 1, 1, 1, 1, 1, 1, 1, 1, 1, 1, 1, 1, 1, 1, 1]"
/home/huy/Documents/de_tai_tot_nghiep/Drone Thermal.v4i.voc/imgs/1_60_50_0_00340_jpg.rf.dabe89696aa1e7b268e23a97355d237f.jpg,"[[201.0, 67.0, 40, 68], [182.0, 87.0, 34, 52], [630.0, 84.0, 26, 62], [980.0, 523.0, 30, 56], [965.0, 633.0, 32, 60]]","[1, 1, 1, 1, 1]"
/home/huy/Documents/de_tai_tot_nghiep/Drone Thermal.v4i.voc/imgs/1_60_80_0_00679_jpg.rf.3cd0d9846032e69552e09132e89ebd88.jpg,"[[683.0, 361.0, 36, 44], [641.0, 417.0, 48, 68], [743.0, 594.0, 56, 50], [595.0, 519.0, 24, 56], [403.0, 467.0, 32, 32], [556.0, 558.0, 30, 34], [441.0, 627.0, 48, 52], [373.0, 592.0, 52, 58], [826.0, 692.0, 26, 30], [643.0, 731.0, 32, 32], [590.0, 724.0, 26, 26], [885.0, 995.0, 44, 48], [828.0, 1000.0, 26, 46]]","[1, 1, 1, 1, 1, 1, 1, 1, 1, 1, 1, 1, 1]"
/home/huy/Documents/de_tai_tot_nghiep/Drone Thermal.v4i.voc/imgs/1_80_90_0_08776_jpg.rf.4e49c41ab884c05288e9ba3412cb457c.jpg,[],[]
/home/huy/Documents/de_tai_tot_nghiep/Drone Thermal.v4i.voc/imgs/0_130_30_0_09695_jpg.rf.38b5262eca75379105da52d516bd0dce.jpg,"[[582.0, 49.0, 14, 28], [40.0, 280.0, 18, 34], [799.0, 205.0, 12, 28]]","[1, 1, 1]"
/home/huy/Documents/de_tai_tot_nghiep/Drone Thermal.v4i.voc/imgs/1_130_60_0_07230_jpg.rf.b4703d12e07a0f4feb25810ea9cd9812.jpg,[],[]
/home/huy/Documents/de_tai_tot_nghiep/Drone Thermal.v4i.voc/imgs/1_60_80_0_00641_jpg.rf.7a7da92ef6c6b348cd41467e969248cc.jpg,"[[275.0, 565.0, 32, 40], [228.0, 12.0, 42, 22], [237.0, 692.0, 40, 34], [36.0, 582.0, 46, 46], [86.0, 634.0, 30, 34], [116.0, 683.0, 38, 60], [78.0, 688.0, 50, 54], [113.0, 821.0, 24, 32], [161.0, 831.0, 32, 40], [86.0, 932.0, 54, 34], [265.0, 856.0, 32, 34], [154.0, 901.0, 38, 64], [212.0, 904.0, 38, 42], [929.0, 463.0, 32, 52], [929.0, 611.0, 24, 44], [862.0, 704.0, 46, 34], [1042.0, 547.0, 30, 36], [1079.0, 566.0, 24, 34], [1018.0, 613.0, 38, 56], [1058.0, 673.0, 38, 60], [1142.0, 827.0, 34, 48], [949.0, 873.0, 32, 28], [968.0, 894.0, 22, 22], [1052.0, 917.0, 38, 40], [1068.0, 948.0, 38, 38]]","[1, 1, 1, 1, 1, 1, 1, 1, 1, 1, 1, 1, 1, 1, 1, 1, 1, 1, 1, 1, 1, 1, 1, 1, 1]"
/home/huy/Documents/de_tai_tot_nghiep/Drone Thermal.v4i.voc/imgs/1_110_60_0_05843_jpg.rf.91e98a72ecba31eaabaaf7c118f11bf6.jpg,"[[399.0, 790.0, 24, 34], [434.0, 791.0, 18, 40], [450.0, 757.0, 38, 48]]","[1, 1, 1]"
/home/huy/Documents/de_tai_tot_nghiep/Drone Thermal.v4i.voc/imgs/1_130_80_0_04042_jpg.rf.c7fe41ea23757e686bbfa82388e524af.jpg,"[[534.0, 66.0, 18, 34], [690.0, 191.0, 22, 36], [624.0, 73.0, 18, 28], [604.0, 42.0, 22, 30], [641.0, 8.0, 20, 14]]","[1, 1, 1, 1, 1]"
/home/huy/Documents/de_tai_tot_nghiep/Drone Thermal.v4i.voc/imgs/0_120_40_0_09483_jpg.rf.0a7f459654050e3aca50a7e028dded87.jpg,[],[]
/home/huy/Documents/de_tai_tot_nghiep/Drone Thermal.v4i.voc/imgs/1_70_30_0_00867_jpg.rf.9805f6f1a76b384a1083d84ecdd00336.jpg,"[[307.0, 159.0, 24, 48], [445.0, 497.0, 24, 48], [461.0, 555.0, 48, 60], [700.0, 986.0, 34, 54]]","[1, 1, 1, 1]"
/home/huy/Documents/de_tai_tot_nghiep/Drone Thermal.v4i.voc/imgs/1_110_40_0_05792_jpg.rf.09d141e1c3431946f665a5d5ec2a40a8.jpg,"[[613.0, 517.0, 24, 20]]",[1]
/home/huy/Documents/de_tai_tot_nghiep/Drone Thermal.v4i.voc/imgs/1_70_70_0_07707_jpg.rf.aa60a445a8f51931504d8f6969f7020d.jpg,"[[343.0, 300.0, 48, 58]]",[1]
/home/huy/Documents/de_tai_tot_nghiep/Drone Thermal.v4i.voc/imgs/1_130_70_0_07267_jpg.rf.ef1c316800ee1998599db3dee7a831fb.jpg,[],[]
/home/huy/Documents/de_tai_tot_nghiep/Drone Thermal.v4i.voc/imgs/1_60_30_0_00032_jpg.rf.fd1f1719612552dd4b47c3b6b3953c9a.jpg,"[[203.0, 159.0, 20, 36], [226.0, 161.0, 14, 32], [338.0, 219.0, 18, 40], [253.0, 223.0, 20, 36], [488.0, 380.0, 18, 42], [579.0, 353.0, 16, 36], [579.0, 409.0, 16, 40], [443.0, 1008.0, 28, 34], [1129.0, 663.0, 20, 40], [1007.0, 522.0, 20, 42], [923.0, 560.0, 16, 42], [910.0, 562.0, 14, 38], [898.0, 566.0, 14, 42], [778.0, 525.0, 18, 40], [882.0, 357.0, 18, 40], [772.0, 413.0, 14, 36], [737.0, 450.0, 20, 42], [1267.0, 177.0, 12, 36], [1183.0, 42.0, 16, 30], [1101.0, 32.0, 12, 30], [1111.0, 32.0, 12, 30], [1125.0, 33.0, 12, 36], [564.0, 110.0, 18, 38]]","[1, 1, 1, 1, 1, 1, 1, 1, 1, 1, 1, 1, 1, 1, 1, 1, 1, 1, 1, 1, 1, 1, 1]"
/home/huy/Documents/de_tai_tot_nghiep/Drone Thermal.v4i.voc/imgs/0_110_30_0_08335_jpg.rf.066a366acb2a768da0eec00308748d13.jpg,[],[]
/home/huy/Documents/de_tai_tot_nghiep/Drone Thermal.v4i.voc/imgs/1_90_90_0_01606_jpg.rf.136e31d008d6ea041b72769a79832581.jpg,"[[787.0, 708.0, 48, 34], [970.0, 759.0, 34, 28], [779.0, 48.0, 44, 38], [730.0, 41.0, 18, 24], [671.0, 16.0, 32, 26], [742.0, 120.0, 34, 42], [690.0, 69.0, 38, 40], [678.0, 119.0, 54, 56], [659.0, 134.0, 40, 30]]","[1, 1, 1, 1, 1, 1, 1, 1, 1]"
/home/huy/Documents/de_tai_tot_nghiep/Drone Thermal.v4i.voc/imgs/1_60_30_0_00123_jpg.rf.95b0d497aae63ed876a8de05fe638a1b.jpg,"[[11.0, 317.0, 16, 40], [176.0, 322.0, 18, 38], [466.0, 206.0, 18, 38], [10.0, 491.0, 18, 40], [981.0, 716.0, 20, 42], [912.0, 590.0, 18, 38], [776.0, 439.0, 22, 40], [792.0, 163.0, 18, 32], [652.0, 131.0, 18, 32]]","[1, 1, 1, 1, 1, 1, 1, 1, 1]"
/home/huy/Documents/de_tai_tot_nghiep/Drone Thermal.v4i.voc/imgs/0_70_30_0_06714_jpg.rf.45bc4884ebfa70446d355c99d752edab.jpg,"[[571.0, 141.0, 20, 44], [527.0, 308.0, 16, 42]]","[1, 1]"
/home/huy/Documents/de_tai_tot_nghiep/Drone Thermal.v4i.voc/imgs/1_80_70_0_01265_jpg.rf.45ff9626b7067b408015150c747ca205.jpg,"[[652.0, 544.0, 18, 42], [611.0, 645.0, 28, 40], [786.0, 24.0, 26, 46], [771.0, 68.0, 28, 42], [845.0, 22.0, 28, 42], [844.0, 69.0, 30, 40], [900.0, 14.0, 26, 26], [885.0, 44.0, 28, 34], [873.0, 72.0, 24, 38], [985.0, 588.0, 28, 42], [943.0, 602.0, 20, 38], [926.0, 663.0, 26, 44], [907.0, 717.0, 36, 60], [880.0, 723.0, 30, 28], [1038.0, 762.0, 26, 38]]","[1, 1, 1, 1, 1, 1, 1, 1, 1, 1, 1, 1, 1, 1, 1]"
/home/huy/Documents/de_tai_tot_nghiep/Drone Thermal.v4i.voc/imgs/0_130_70_0_05663_jpg.rf.43f0ffda1b5f5615d45716fba0eb814b.jpg,[],[]
/home/huy/Documents/de_tai_tot_nghiep/Drone Thermal.v4i.voc/imgs/1_100_70_0_06353_jpg.rf.99bfe0424c4768cbede26be9edc4a732.jpg,"[[582.0, 238.0, 34, 42], [646.0, 240.0, 34, 38]]","[1, 1]"
/home/huy/Documents/de_tai_tot_nghiep/Drone Thermal.v4i.voc/imgs/1_60_60_0_00460_jpg.rf.858c4856a9cebfe54f7f28c59649568b.jpg,"[[564.0, 466.0, 22, 58], [464.0, 457.0, 30, 48], [886.0, 246.0, 22, 58], [903.0, 249.0, 20, 52], [920.0, 243.0, 14, 56], [956.0, 452.0, 26, 42], [800.0, 617.0, 26, 56], [854.0, 625.0, 34, 56]]","[1, 1, 1, 1, 1, 1, 1, 1]"
/home/huy/Documents/de_tai_tot_nghiep/Drone Thermal.v4i.voc/imgs/1_80_90_0_04800_jpg.rf.40dbf5b0cfc37f5ecdf1ad2bb8abee4b.jpg,[],[]
/home/huy/Documents/de_tai_tot_nghiep/Drone Thermal.v4i.voc/imgs/0_130_30_0_09661_jpg.rf.cbaa6b6b24915bb2a4dc315a6b2e2c0c.jpg,"[[585.0, 92.0, 16, 26], [711.0, 180.0, 12, 30], [74.0, 362.0, 14, 34], [850.0, 279.0, 14, 28], [404.0, 311.0, 14, 20], [539.0, 345.0, 12, 28]]","[1, 1, 1, 1, 1, 1]"
/home/huy/Documents/de_tai_tot_nghiep/Drone Thermal.v4i.voc/imgs/1_70_90_0_01093_jpg.rf.4a18410ab6dffc75f3076a52a94e8fd3.jpg,"[[557.0, 155.0, 36, 44], [526.0, 168.0, 30, 34], [494.0, 189.0, 46, 44], [466.0, 233.0, 30, 36], [510.0, 277.0, 54, 64]]","[1, 1, 1, 1, 1]"
/home/huy/Documents/de_tai_tot_nghiep/Drone Thermal.v4i.voc/imgs/1_130_80_0_04010_jpg.rf.6211a1ca7f147b5451b56be6c5a23e86.jpg,"[[526.0, 169.0, 18, 24], [555.0, 217.0, 24, 32], [614.0, 194.0, 22, 30], [614.0, 105.0, 26, 24], [608.0, 127.0, 30, 20], [618.0, 161.0, 22, 24]]","[1, 1, 1, 1, 1, 1]"
/home/huy/Documents/de_tai_tot_nghiep/Drone Thermal.v4i.voc/imgs/1_90_30_0_08817_jpg.rf.60fd3042734ee309c37ffdf77c547329.jpg,[],[]
/home/huy/Documents/de_tai_tot_nghiep/Drone Thermal.v4i.voc/imgs/1_60_60_0_00448_jpg.rf.355d550dfea4ac4f6c353e2c55ee2625.jpg,"[[618.0, 713.0, 38, 52], [999.0, 322.0, 44, 70], [1000.0, 519.0, 42, 76], [1218.0, 502.0, 30, 54], [1069.0, 629.0, 32, 68], [1089.0, 634.0, 36, 54], [1114.0, 632.0, 38, 62]]","[1, 1, 1, 1, 1, 1, 1]"
/home/huy/Documents/de_tai_tot_nghiep/Drone Thermal.v4i.voc/imgs/1_60_30_0_00045_jpg.rf.8d04d4e4b73bec49ff94a3755eafaaea.jpg,"[[291.0, 121.0, 16, 40], [143.0, 277.0, 16, 36], [255.0, 321.0, 20, 36], [342.0, 337.0, 14, 40], [599.0, 349.0, 16, 40], [509.0, 427.0, 16, 28], [522.0, 459.0, 14, 32], [496.0, 466.0, 14, 34], [509.0, 463.0, 12, 32], [888.0, 963.0, 18, 48], [995.0, 782.0, 20, 42], [807.0, 804.0, 20, 42], [812.0, 583.0, 22, 40], [811.0, 68.0, 12, 26], [820.0, 42.0, 14, 38], [836.0, 41.0, 14, 40], [887.0, 39.0, 20, 36], [925.0, 57.0, 20, 32], [950.0, 64.0, 18, 30], [996.0, 180.0, 18, 34], [1027.0, 177.0, 16, 24], [1085.0, 24.0, 16, 34], [1097.0, 10.0, 12, 18], [1160.0, 11.0, 14, 20]]","[1, 1, 1, 1, 1, 1, 1, 1, 1, 1, 1, 1, 1, 1, 1, 1, 1, 1, 1, 1, 1, 1, 1, 1]"
/home/huy/Documents/de_tai_tot_nghiep/Drone Thermal.v4i.voc/imgs/0_70_30_0_01863_jpg.rf.0a4c1feffab8fdf3bcb78bbbab3656d0.jpg,"[[255.0, 351.0, 32, 40], [304.0, 580.0, 26, 38], [339.0, 574.0, 24, 38], [417.0, 539.0, 24, 36], [455.0, 548.0, 36, 46], [474.0, 588.0, 18, 30], [511.0, 590.0, 24, 50], [536.0, 639.0, 22, 36], [742.0, 460.0, 26, 38], [757.0, 442.0, 24, 42], [1233.0, 190.0, 20, 26], [731.0, 408.0, 20, 26], [802.0, 482.0, 22, 30], [777.0, 428.0, 16, 22]]","[1, 1, 1, 1, 1, 1, 1, 1, 1, 1, 1, 1, 1, 1]"
/home/huy/Documents/de_tai_tot_nghiep/Drone Thermal.v4i.voc/imgs/1_90_30_0_08795_jpg.rf.ea0779683ccaac8454d3ed2b6a17c607.jpg,[],[]
/home/huy/Documents/de_tai_tot_nghiep/Drone Thermal.v4i.voc/imgs/1_130_50_0_10012_jpg.rf.98a03319664eb4d7a627de736efdccf7.jpg,[],[]
/home/huy/Documents/de_tai_tot_nghiep/Drone Thermal.v4i.voc/imgs/0_100_90_0_03504_jpg.rf.1e6b6704f267da233cb00886eb9bb806.jpg,"[[913.0, 139.0, 16, 44]]",[1]
/home/huy/Documents/de_tai_tot_nghiep/Drone Thermal.v4i.voc/imgs/1_60_50_0_07431_jpg.rf.fc02e8f49249efeec1d9b7daa1bc4724.jpg,[],[]
/home/huy/Documents/de_tai_tot_nghiep/Drone Thermal.v4i.voc/imgs/0_120_30_0_09456_jpg.rf.7e950fc1e78b0b045596c047de1be29f.jpg,[],[]
/home/huy/Documents/de_tai_tot_nghiep/Drone Thermal.v4i.voc/imgs/1_60_50_0_00330_jpg.rf.e9339e60b0b559f74ff78b0e9d5d0146.jpg,"[[337.0, 17.0, 28, 32], [511.0, 83.0, 24, 52], [534.0, 147.0, 30, 56], [638.0, 308.0, 30, 54], [362.0, 395.0, 26, 60], [336.0, 409.0, 26, 60], [959.0, 503.0, 36, 60], [1060.0, 951.0, 34, 52]]","[1, 1, 1, 1, 1, 1, 1, 1]"
/home/huy/Documents/de_tai_tot_nghiep/Drone Thermal.v4i.voc/imgs/1_130_50_0_03903_jpg.rf.68aca373a00b980f893be005fbcaddd4.jpg,"[[448.0, 356.0, 18, 30], [517.0, 350.0, 16, 30], [528.0, 378.0, 18, 34], [508.0, 389.0, 18, 32], [518.0, 418.0, 18, 34], [498.0, 441.0, 18, 32]]","[1, 1, 1, 1, 1, 1]"
/home/huy/Documents/de_tai_tot_nghiep/Drone Thermal.v4i.voc/imgs/0_70_70_0_02001_jpg.rf.31d93719088bcc867b507ba8acde088e.jpg,"[[962.0, 132.0, 46, 54], [968.0, 239.0, 34, 48], [1026.0, 241.0, 34, 40], [1001.0, 288.0, 24, 42], [1066.0, 256.0, 30, 50], [448.0, 598.0, 38, 46], [412.0, 672.0, 34, 42], [396.0, 737.0, 38, 36], [372.0, 857.0, 34, 40], [629.0, 809.0, 44, 48], [679.0, 878.0, 28, 34], [1046.0, 452.0, 34, 38]]","[1, 1, 1, 1, 1, 1, 1, 1, 1, 1, 1, 1]"
/home/huy/Documents/de_tai_tot_nghiep/Drone Thermal.v4i.voc/imgs/1_90_90_0_08993_jpg.rf.7d3d11bad862b660cfeda7e6b36997ea.jpg,[],[]
/home/huy/Documents/de_tai_tot_nghiep/Drone Thermal.v4i.voc/imgs/0_100_40_0_03315_jpg.rf.c8e3a143cf4dedb0ad47bd9c1432849e.jpg,"[[150.0, 113.0, 18, 36], [536.0, 361.0, 14, 36], [767.0, 214.0, 16, 38], [820.0, 526.0, 18, 38]]","[1, 1, 1, 1]"
/home/huy/Documents/de_tai_tot_nghiep/Drone Thermal.v4i.voc/imgs/0_60_80_0_06633_jpg.rf.8de49245da9df2c6288e0cdb31f5612f.jpg,"[[416.0, 626.0, 22, 54]]",[1]
/home/huy/Documents/de_tai_tot_nghiep/Drone Thermal.v4i.voc/imgs/1_60_80_0_00681_jpg.rf.7c45b87d74ccfb2cb3c2dbebc79a31d4.jpg,"[[761.0, 319.0, 52, 48], [644.0, 444.0, 34, 38], [473.0, 433.0, 36, 36], [567.0, 476.0, 32, 34], [606.0, 490.0, 30, 34], [446.0, 504.0, 30, 42], [744.0, 586.0, 42, 42], [530.0, 585.0, 50, 44], [438.0, 603.0, 30, 40], [826.0, 688.0, 30, 38], [688.0, 770.0, 38, 26], [640.0, 720.0, 30, 34], [589.0, 717.0, 28, 28], [782.0, 799.0, 34, 36], [1269.0, 221.0, 20, 64]]","[1, 1, 1, 1, 1, 1, 1, 1, 1, 1, 1, 1, 1, 1, 1]"
/home/huy/Documents/de_tai_tot_nghiep/Drone Thermal.v4i.voc/imgs/1_120_90_0_09433_jpg.rf.9e66178a5d1932fd210ef5688fa0dc6c.jpg,[],[]
/home/huy/Documents/de_tai_tot_nghiep/Drone Thermal.v4i.voc/imgs/1_130_30_0_09950_jpg.rf.33f507631f22126f0cc0036ee94be9cc.jpg,[],[]
/home/huy/Documents/de_tai_tot_nghiep/Drone Thermal.v4i.voc/imgs/1_60_70_0_00622_jpg.rf.d073d7f0c4407e4596282c524a5347db.jpg,"[[353.0, 191.0, 28, 52]]",[1]
/home/huy/Documents/de_tai_tot_nghiep/Drone Thermal.v4i.voc/imgs/1_120_70_0_09389_jpg.rf.6d10c05baf93336ca54812739ed80432.jpg,[],[]
/home/huy/Documents/de_tai_tot_nghiep/Drone Thermal.v4i.voc/imgs/1_60_60_0_00424_jpg.rf.ed3dbe53805b845e7f975bbb9071801e.jpg,"[[823.0, 388.0, 36, 70]]",[1]
/home/huy/Documents/de_tai_tot_nghiep/Drone Thermal.v4i.voc/imgs/1_60_60_0_00493_jpg.rf.9f45899a4731f174f3f6cf11587d24e7.jpg,"[[1238.0, 410.0, 26, 26], [1234.0, 439.0, 26, 36], [650.0, 224.0, 34, 62], [851.0, 442.0, 36, 54], [883.0, 468.0, 28, 46], [615.0, 760.0, 32, 54]]","[1, 1, 1, 1, 1, 1]"
/home/huy/Documents/de_tai_tot_nghiep/Drone Thermal.v4i.voc/imgs/1_80_40_0_08601_jpg.rf.38273ed884d4311a7b10210901460c42.jpg,[],[]
/home/huy/Documents/de_tai_tot_nghiep/Drone Thermal.v4i.voc/imgs/1_90_60_0_04943_jpg.rf.6df47866a2780b0663c6b8b3262f4c8c.jpg,"[[774.0, 570.0, 26, 50], [1066.0, 81.0, 18, 40], [1048.0, 75.0, 18, 32], [572.0, 410.0, 30, 50]]","[1, 1, 1, 1]"
/home/huy/Documents/de_tai_tot_nghiep/Drone Thermal.v4i.voc/imgs/1_60_30_0_00029_jpg.rf.9c35ebad5432c44dd47f576855f75173.jpg,"[[296.0, 172.0, 18, 34], [319.0, 176.0, 16, 34], [426.0, 246.0, 18, 38], [393.0, 266.0, 20, 38], [572.0, 109.0, 14, 36], [544.0, 432.0, 18, 38], [431.0, 981.0, 20, 40], [1089.0, 626.0, 20, 42], [952.0, 583.0, 14, 40], [938.0, 587.0, 14, 32], [926.0, 589.0, 14, 40], [999.0, 519.0, 20, 36], [831.0, 586.0, 20, 42], [764.0, 479.0, 22, 40], [640.0, 484.0, 18, 38], [614.0, 380.0, 18, 38], [1166.0, 35.0, 18, 36]]","[1, 1, 1, 1, 1, 1, 1, 1, 1, 1, 1, 1, 1, 1, 1, 1, 1]"
/home/huy/Documents/de_tai_tot_nghiep/Drone Thermal.v4i.voc/imgs/1_70_80_0_01084_jpg.rf.47b1415fbb5df68331f4742e2e3c5a8d.jpg,"[[1008.0, 346.0, 38, 50], [1151.0, 370.0, 32, 46], [1028.0, 447.0, 26, 36], [1118.0, 450.0, 42, 26], [1158.0, 453.0, 38, 28], [1000.0, 502.0, 30, 42], [317.0, 657.0, 56, 60], [280.0, 672.0, 30, 34], [229.0, 675.0, 40, 40], [244.0, 717.0, 34, 32], [250.0, 767.0, 34, 40]]","[1, 1, 1, 1, 1, 1, 1, 1, 1, 1, 1]"
/home/huy/Documents/de_tai_tot_nghiep/Drone Thermal.v4i.voc/imgs/1_90_40_0_04869_jpg.rf.d7cc5e82ce9418fffea365dc9bd79584.jpg,"[[1244.0, 121.0, 30, 40], [1261.0, 130.0, 16, 30], [747.0, 334.0, 24, 46]]","[1, 1, 1]"
/home/huy/Documents/de_tai_tot_nghiep/Drone Thermal.v4i.voc/imgs/1_90_30_0_04838_jpg.rf.2d8a6788bd7370bd1e6f75270e012ead.jpg,[],[]
/home/huy/Documents/de_tai_tot_nghiep/Drone Thermal.v4i.voc/imgs/1_60_80_0_07523_jpg.rf.2d1633deb2605b60c98aa1468b03dbbf.jpg,[],[]
/home/huy/Documents/de_tai_tot_nghiep/Drone Thermal.v4i.voc/imgs/0_110_70_0_08490_jpg.rf.b5144d2559f4b84cd742e75ff1de6597.jpg,[],[]
/home/huy/Documents/de_tai_tot_nghiep/Drone Thermal.v4i.voc/imgs/0_120_50_0_05381_jpg.rf.4784b4d87ace9d7701ca7695224fe225.jpg,[],[]
/home/huy/Documents/de_tai_tot_nghiep/Drone Thermal.v4i.voc/imgs/0_100_90_0_08291_jpg.rf.d045ce6357f3a33ce93f7fda408ce476.jpg,[],[]
/home/huy/Documents/de_tai_tot_nghiep/Drone Thermal.v4i.voc/imgs/0_100_50_0_03374_jpg.rf.02d4abe43a13cc9b8f9845243d8972f0.jpg,"[[403.0, 835.0, 20, 40], [643.0, 544.0, 20, 46], [687.0, 167.0, 16, 32], [701.0, 129.0, 20, 36], [751.0, 213.0, 12, 36]]","[1, 1, 1, 1, 1]"
/home/huy/Documents/de_tai_tot_nghiep/Drone Thermal.v4i.voc/imgs/1_130_50_0_07201_jpg.rf.ae48490051a452fd56bfc017b58a71fb.jpg,"[[31.0, 674.0, 24, 42]]",[1]
/home/huy/Documents/de_tai_tot_nghiep/Drone Thermal.v4i.voc/imgs/1_130_80_0_10120_jpg.rf.3fa4f355f6f30090d57f7f86b894db4a.jpg,[],[]
/home/huy/Documents/de_tai_tot_nghiep/Drone Thermal.v4i.voc/imgs/0_60_70_0_06590_jpg.rf.807e8e5f8992234aa2fb5009eb8dba87.jpg,[],[]
/home/huy/Documents/de_tai_tot_nghiep/Drone Thermal.v4i.voc/imgs/1_100_80_0_02472_jpg.rf.be2e24f02b8aed2f7701fdaa3d9ef5f5.jpg,"[[899.0, 215.0, 24, 40], [922.0, 140.0, 18, 30], [955.0, 115.0, 24, 32], [969.0, 84.0, 32, 38], [779.0, 561.0, 28, 24], [688.0, 525.0, 22, 28], [739.0, 621.0, 32, 36], [624.0, 546.0, 22, 30], [697.0, 650.0, 28, 38], [669.0, 639.0, 36, 40], [595.0, 589.0, 28, 40], [627.0, 681.0, 44, 44]]","[1, 1, 1, 1, 1, 1, 1, 1, 1, 1, 1, 1]"
/home/huy/Documents/de_tai_tot_nghiep/Drone Thermal.v4i.voc/imgs/1_130_30_0_07132_jpg.rf.7691b203b363105cc2c576e10e8e0258.jpg,[],[]
/home/huy/Documents/de_tai_tot_nghiep/Drone Thermal.v4i.voc/imgs/1_100_60_0_06300_jpg.rf.c17dea226c51c946d3a4851cb2676b17.jpg,"[[799.0, 45.0, 36, 56], [780.0, 25.0, 22, 48]]","[1, 1]"
/home/huy/Documents/de_tai_tot_nghiep/Drone Thermal.v4i.voc/imgs/1_60_80_0_00690_jpg.rf.83a256ca64d59611a6ee45ca13872f64.jpg,"[[356.0, 335.0, 42, 40], [730.0, 375.0, 22, 36], [628.0, 448.0, 26, 38], [658.0, 442.0, 34, 54], [476.0, 460.0, 34, 38], [530.0, 534.0, 38, 38], [485.0, 514.0, 56, 42], [749.0, 601.0, 48, 36], [830.0, 702.0, 34, 34], [645.0, 738.0, 36, 34], [581.0, 735.0, 32, 36], [1217.0, 180.0, 28, 46], [1262.0, 167.0, 34, 36]]","[1, 1, 1, 1, 1, 1, 1, 1, 1, 1, 1, 1, 1]"
/home/huy/Documents/de_tai_tot_nghiep/Drone Thermal.v4i.voc/imgs/1_130_80_0_04030_jpg.rf.f18a653fed31228e3e09fbc51ebeb185.jpg,"[[537.0, 476.0, 20, 30], [594.0, 476.0, 18, 26], [576.0, 480.0, 14, 26], [608.0, 515.0, 22, 28], [571.0, 586.0, 24, 30], [656.0, 475.0, 14, 28]]","[1, 1, 1, 1, 1, 1]"
/home/huy/Documents/de_tai_tot_nghiep/Drone Thermal.v4i.voc/imgs/1_130_90_0_10170_jpg.rf.1e56a4ba8149ab82de8b2bebacaa6ef9.jpg,[],[]
/home/huy/Documents/de_tai_tot_nghiep/Drone Thermal.v4i.voc/imgs/1_70_40_0_04367_jpg.rf.47c05366eae8398d9f8f8e5857e69fe8.jpg,[],[]
/home/huy/Documents/de_tai_tot_nghiep/Drone Thermal.v4i.voc/imgs/1_60_60_0_00429_jpg.rf.e9e3d48a5cb51de5c5426d1384a3a953.jpg,"[[606.0, 166.0, 46, 70], [558.0, 902.0, 34, 62]]","[1, 1]"
/home/huy/Documents/de_tai_tot_nghiep/Drone Thermal.v4i.voc/imgs/1_60_70_0_00559_jpg.rf.2c934081d16483e1cef8ba48dfdaea22.jpg,"[[665.0, 850.0, 36, 50], [867.0, 216.0, 44, 62]]","[1, 1]"
/home/huy/Documents/de_tai_tot_nghiep/Drone Thermal.v4i.voc/imgs/1_80_90_0_01350_jpg.rf.49d3c725ac9ef51e48ff8195e676f050.jpg,"[[640.0, 417.0, 38, 44], [840.0, 449.0, 26, 32], [790.0, 480.0, 46, 42], [847.0, 508.0, 48, 46], [830.0, 577.0, 22, 28], [790.0, 616.0, 22, 30], [897.0, 693.0, 24, 20], [893.0, 487.0, 20, 20]]","[1, 1, 1, 1, 1, 1, 1, 1]"
/home/huy/Documents/de_tai_tot_nghiep/Drone Thermal.v4i.voc/imgs/1_130_40_0_03852_jpg.rf.01f8026803298cbfd144986e5201f214.jpg,"[[352.0, 206.0, 14, 26], [433.0, 230.0, 16, 30], [351.0, 234.0, 12, 26], [620.0, 280.0, 14, 30], [811.0, 126.0, 16, 30], [838.0, 136.0, 14, 26], [873.0, 143.0, 16, 28], [847.0, 109.0, 12, 24], [855.0, 117.0, 12, 24], [892.0, 116.0, 14, 26], [472.0, 543.0, 18, 28], [469.0, 593.0, 24, 32], [511.0, 558.0, 16, 26], [529.0, 583.0, 16, 32], [545.0, 578.0, 16, 30]]","[1, 1, 1, 1, 1, 1, 1, 1, 1, 1, 1, 1, 1, 1, 1]"
/home/huy/Documents/de_tai_tot_nghiep/Drone Thermal.v4i.voc/imgs/1_130_60_0_07259_jpg.rf.abdcf68880a7cfce4c5649fd947b9c62.jpg,[],[]
/home/huy/Documents/de_tai_tot_nghiep/Drone Thermal.v4i.voc/imgs/0_70_60_0_01949_jpg.rf.a5bbb18239fb7c864bd38fd8b9c70c18.jpg,"[[572.0, 202.0, 38, 46], [595.0, 236.0, 32, 46], [674.0, 339.0, 22, 56], [727.0, 281.0, 28, 52], [821.0, 386.0, 20, 38], [602.0, 519.0, 46, 52], [567.0, 713.0, 36, 40], [1199.0, 197.0, 44, 64], [1221.0, 70.0, 36, 50], [1210.0, 29.0, 50, 44]]","[1, 1, 1, 1, 1, 1, 1, 1, 1, 1]"
/home/huy/Documents/de_tai_tot_nghiep/Drone Thermal.v4i.voc/imgs/0_110_80_0_03745_jpg.rf.03d98c829c50b68a1fc8e47144bdc81a.jpg,"[[788.0, 275.0, 26, 24], [818.0, 104.0, 14, 26], [864.0, 85.0, 18, 40], [795.0, 81.0, 24, 32], [802.0, 57.0, 18, 28], [823.0, 770.0, 16, 34]]","[1, 1, 1, 1, 1, 1]"
/home/huy/Documents/de_tai_tot_nghiep/Drone Thermal.v4i.voc/imgs/1_60_30_0_00133_jpg.rf.5d2e5956e4da628634b69abd81387523.jpg,"[[100.0, 179.0, 26, 36], [427.0, 452.0, 24, 30], [541.0, 529.0, 16, 36], [562.0, 537.0, 34, 36], [1149.0, 311.0, 20, 44], [1105.0, 377.0, 20, 40], [1277.0, 379.0, 8, 32], [961.0, 314.0, 16, 34], [674.0, 134.0, 22, 34]]","[1, 1, 1, 1, 1, 1, 1, 1, 1]"
/home/huy/Documents/de_tai_tot_nghiep/Drone Thermal.v4i.voc/imgs/0_110_50_0_08387_jpg.rf.ef75475e6a7ea172894d7879514c80e6.jpg,"[[801.0, 611.0, 28, 32]]",[1]
/home/huy/Documents/de_tai_tot_nghiep/Drone Thermal.v4i.voc/imgs/1_70_50_0_00937_jpg.rf.b167ecb53c49b319424397ecb825fdd9.jpg,"[[580.0, 501.0, 26, 52], [1018.0, 523.0, 22, 60]]","[1, 1]"
/home/huy/Documents/de_tai_tot_nghiep/Drone Thermal.v4i.voc/imgs/1_60_70_0_07501_jpg.rf.6d1380e6fbe8ec9356900d0a51bdd7c1.jpg,[],[]
/home/huy/Documents/de_tai_tot_nghiep/Drone Thermal.v4i.voc/imgs/0_130_90_0_09867_jpg.rf.fbd1c525338dfc6ba29a73d7451c67ce.jpg,"[[341.0, 411.0, 20, 32], [343.0, 439.0, 24, 32]]","[1, 1]"
/home/huy/Documents/de_tai_tot_nghiep/Drone Thermal.v4i.voc/imgs/1_60_30_0_00119_jpg.rf.f52ca718c3690758be254520766d70f0.jpg,"[[85.0, 306.0, 16, 34], [314.0, 301.0, 18, 36], [651.0, 216.0, 20, 34], [833.0, 166.0, 16, 34], [773.0, 474.0, 20, 38], [1036.0, 807.0, 22, 40], [927.0, 618.0, 16, 38], [906.0, 201.0, 22, 32]]","[1, 1, 1, 1, 1, 1, 1, 1]"
/home/huy/Documents/de_tai_tot_nghiep/Drone Thermal.v4i.voc/imgs/1_70_60_0_04443_jpg.rf.e1bb6eaf3151b18110175ca6a24608db.jpg,[],[]
/home/huy/Documents/de_tai_tot_nghiep/Drone Thermal.v4i.voc/imgs/1_80_50_0_08650_jpg.rf.d963b2088f4e46aed95df4b794848006.jpg,[],[]
/home/huy/Documents/de_tai_tot_nghiep/Drone Thermal.v4i.voc/imgs/1_130_60_0_10061_jpg.rf.5c63525895181d6b2d9cbbfb74022737.jpg,[],[]
/home/huy/Documents/de_tai_tot_nghiep/Drone Thermal.v4i.voc/imgs/1_70_90_0_04544_jpg.rf.a164680bd87eb7ef463a9051b39a0903.jpg,[],[]
/home/huy/Documents/de_tai_tot_nghiep/Drone Thermal.v4i.voc/imgs/1_60_70_0_07476_jpg.rf.ac0acb6db9260fba732de625e40e493d.jpg,[],[]
/home/huy/Documents/de_tai_tot_nghiep/Drone Thermal.v4i.voc/imgs/1_130_80_0_04017_jpg.rf.f4e706b0a5e4e97d93ea01c40de7bb42.jpg,"[[487.0, 289.0, 20, 24], [571.0, 370.0, 16, 22], [568.0, 281.0, 26, 28], [588.0, 236.0, 22, 30], [626.0, 256.0, 26, 34], [594.0, 178.0, 26, 30]]","[1, 1, 1, 1, 1, 1]"
/home/huy/Documents/de_tai_tot_nghiep/Drone Thermal.v4i.voc/imgs/1_80_90_0_01346_jpg.rf.e737b9895be91f8b60002459986c6e83.jpg,"[[771.0, 407.0, 28, 40], [616.0, 464.0, 26, 26], [823.0, 434.0, 24, 26], [857.0, 458.0, 44, 46], [745.0, 499.0, 40, 32], [833.0, 542.0, 56, 50], [769.0, 544.0, 28, 38], [812.0, 600.0, 34, 22]]","[1, 1, 1, 1, 1, 1, 1, 1]"
/home/huy/Documents/de_tai_tot_nghiep/Drone Thermal.v4i.voc/imgs/1_130_40_0_10009_jpg.rf.cf76d55103b6e8c34c6f9c02deb41bff.jpg,"[[576.0, 618.0, 14, 38]]",[1]
/home/huy/Documents/de_tai_tot_nghiep/Drone Thermal.v4i.voc/imgs/1_130_70_0_07291_jpg.rf.15c7bee44256da69bc1f8ceb0e9fceab.jpg,[],[]
/home/huy/Documents/de_tai_tot_nghiep/Drone Thermal.v4i.voc/imgs/1_130_70_0_03995_jpg.rf.0e36941aca211e55ad76ac1957d778d5.jpg,"[[482.0, 595.0, 18, 32], [541.0, 620.0, 20, 30], [576.0, 593.0, 22, 28], [594.0, 588.0, 18, 30], [629.0, 567.0, 20, 28], [529.0, 524.0, 20, 22]]","[1, 1, 1, 1, 1, 1]"
/home/huy/Documents/de_tai_tot_nghiep/Drone Thermal.v4i.voc/imgs/1_80_50_0_08674_jpg.rf.71fd92c728c42a75aca225f6844bc5a3.jpg,"[[645.0, 410.0, 20, 58], [619.0, 413.0, 20, 60]]","[1, 1]"
/home/huy/Documents/de_tai_tot_nghiep/Drone Thermal.v4i.voc/imgs/0_100_50_0_03376_jpg.rf.a955836cf4584947bb8469436c83c051.jpg,"[[753.0, 120.0, 16, 38]]",[1]
/home/huy/Documents/de_tai_tot_nghiep/Drone Thermal.v4i.voc/imgs/1_60_30_0_00107_jpg.rf.df1568eff79bb8ef17732157fa782f13.jpg,"[[215.0, 249.0, 20, 36], [295.0, 274.0, 20, 34], [246.0, 298.0, 18, 38], [508.0, 194.0, 18, 34], [576.0, 103.0, 18, 32], [656.0, 139.0, 18, 36], [986.0, 107.0, 14, 36], [1067.0, 366.0, 16, 38], [1089.0, 405.0, 16, 36], [1135.0, 476.0, 16, 38], [88.0, 742.0, 18, 38]]","[1, 1, 1, 1, 1, 1, 1, 1, 1, 1, 1]"
/home/huy/Documents/de_tai_tot_nghiep/Drone Thermal.v4i.voc/imgs/1_110_90_0_05929_jpg.rf.3c03381fee271c2a1982c29c89a34700.jpg,"[[1111.0, 369.0, 28, 24]]",[1]
/home/huy/Documents/de_tai_tot_nghiep/Drone Thermal.v4i.voc/imgs/0_80_70_0_02213_jpg.rf.e7c81cc5459e854ea6480effc956fd47.jpg,"[[662.0, 127.0, 22, 44], [700.0, 115.0, 22, 48], [756.0, 101.0, 26, 40], [947.0, 91.0, 24, 28], [1016.0, 70.0, 26, 34], [890.0, 237.0, 38, 44], [911.0, 114.0, 36, 50]]","[1, 1, 1, 1, 1, 1, 1]"
/home/huy/Documents/de_tai_tot_nghiep/Drone Thermal.v4i.voc/imgs/1_130_70_0_07268_jpg.rf.c63d87a821507b0f234be53cfe9ea521.jpg,[],[]
/home/huy/Documents/de_tai_tot_nghiep/Drone Thermal.v4i.voc/imgs/1_130_30_0_03807_jpg.rf.f01d767af9f0c5e8e7958c049c30e188.jpg,"[[672.0, 58.0, 14, 22], [697.0, 55.0, 12, 20], [726.0, 63.0, 10, 24], [691.0, 74.0, 12, 22], [752.0, 55.0, 14, 24], [781.0, 55.0, 12, 20], [770.0, 78.0, 10, 26], [803.0, 71.0, 12, 24], [750.0, 412.0, 18, 30], [775.0, 402.0, 12, 26], [790.0, 410.0, 14, 26], [812.0, 392.0, 14, 26], [825.0, 422.0, 16, 26], [324.0, 492.0, 14, 22], [354.0, 463.0, 14, 24], [388.0, 477.0, 14, 24], [574.0, 515.0, 18, 28], [443.0, 720.0, 16, 30], [463.0, 737.0, 16, 28], [473.0, 718.0, 16, 22], [484.0, 737.0, 14, 24], [516.0, 712.0, 18, 30]]","[1, 1, 1, 1, 1, 1, 1, 1, 1, 1, 1, 1, 1, 1, 1, 1, 1, 1, 1, 1, 1, 1]"
/home/huy/Documents/de_tai_tot_nghiep/Drone Thermal.v4i.voc/imgs/0_110_30_0_08326_jpg.rf.9815bc3ef015fdbb405608765d7779e6.jpg,[],[]
/home/huy/Documents/de_tai_tot_nghiep/Drone Thermal.v4i.voc/imgs/0_80_40_0_06949_jpg.rf.57783bb5df9853bab0913e4001ec552b.jpg,"[[571.0, 151.0, 28, 48]]",[1]
/home/huy/Documents/de_tai_tot_nghiep/Drone Thermal.v4i.voc/imgs/1_100_40_0_02341_jpg.rf.82ab523be6479189350be13d6eca4df0.jpg,"[[421.0, 266.0, 20, 34], [441.0, 258.0, 16, 38], [477.0, 256.0, 20, 34], [485.0, 237.0, 28, 32], [503.0, 273.0, 28, 40], [526.0, 272.0, 26, 38], [656.0, 119.0, 18, 28], [681.0, 108.0, 20, 34], [734.0, 115.0, 14, 32], [736.0, 136.0, 18, 34]]","[1, 1, 1, 1, 1, 1, 1, 1, 1, 1]"
/home/huy/Documents/de_tai_tot_nghiep/Drone Thermal.v4i.voc/imgs/0_120_60_0_05422_jpg.rf.aeaa9c925a70356be1e944c60a828117.jpg,[],[]
/home/huy/Documents/de_tai_tot_nghiep/Drone Thermal.v4i.voc/imgs/1_60_50_0_00401_jpg.rf.2dc41bb5452e219033f16cbdba024e95.jpg,"[[128.0, 202.0, 34, 62], [257.0, 297.0, 44, 68], [875.0, 250.0, 40, 66], [995.0, 461.0, 28, 60], [501.0, 989.0, 36, 60]]","[1, 1, 1, 1, 1]"
/home/huy/Documents/de_tai_tot_nghiep/Drone Thermal.v4i.voc/imgs/0_120_40_0_09505_jpg.rf.e047f2cd9e4229cfc1519608e72471fb.jpg,[],[]
/home/huy/Documents/de_tai_tot_nghiep/Drone Thermal.v4i.voc/imgs/1_130_60_0_10066_jpg.rf.7745063e5f2210198b1c5e4e9b758eb3.jpg,[],[]
/home/huy/Documents/de_tai_tot_nghiep/Drone Thermal.v4i.voc/imgs/1_60_60_0_00428_jpg.rf.f9ad0a9a29ff6a87951f80830e8a7e49.jpg,"[[674.0, 191.0, 38, 64], [588.0, 946.0, 30, 66]]","[1, 1]"
/home/huy/Documents/de_tai_tot_nghiep/Drone Thermal.v4i.voc/imgs/1_110_60_0_02642_jpg.rf.c02904b052f4b9cd50d95bb7a50a80c5.jpg,"[[386.0, 172.0, 18, 34], [355.0, 170.0, 24, 34], [333.0, 160.0, 24, 42], [281.0, 536.0, 20, 38], [306.0, 549.0, 22, 36], [390.0, 551.0, 30, 44], [283.0, 581.0, 24, 28], [279.0, 607.0, 16, 28], [295.0, 609.0, 16, 28], [312.0, 620.0, 18, 26], [322.0, 629.0, 18, 24], [345.0, 604.0, 24, 34], [379.0, 636.0, 28, 46], [412.0, 624.0, 22, 34]]","[1, 1, 1, 1, 1, 1, 1, 1, 1, 1, 1, 1, 1, 1]"
/home/huy/Documents/de_tai_tot_nghiep/Drone Thermal.v4i.voc/imgs/1_90_90_0_05055_jpg.rf.3909eff039e9effe9334895923545d2a.jpg,[],[]
/home/huy/Documents/de_tai_tot_nghiep/Drone Thermal.v4i.voc/imgs/0_70_40_0_06748_jpg.rf.27b5b591581e6b192d65a59f2497fffb.jpg,"[[329.0, 61.0, 24, 48], [790.0, 244.0, 26, 54]]","[1, 1]"
/home/huy/Documents/de_tai_tot_nghiep/Drone Thermal.v4i.voc/imgs/0_60_80_0_01785_jpg.rf.75283a4bd7433133c719006b1f5c2a69.jpg,"[[460.0, 597.0, 26, 40], [526.0, 708.0, 30, 38], [548.0, 902.0, 34, 42], [921.0, 905.0, 36, 40], [633.0, 719.0, 24, 36], [599.0, 655.0, 28, 40], [1075.0, 12.0, 36, 22], [1230.0, 18.0, 34, 30], [1157.0, 95.0, 28, 44], [1106.0, 152.0, 50, 58], [1163.0, 192.0, 60, 62]]","[1, 1, 1, 1, 1, 1, 1, 1, 1, 1, 1]"
/home/huy/Documents/de_tai_tot_nghiep/Drone Thermal.v4i.voc/imgs/1_60_50_0_00399_jpg.rf.511b1fda20d52a326b2f4c7b7250827a.jpg,"[[374.0, 201.0, 26, 56], [495.0, 301.0, 40, 64], [1063.0, 254.0, 40, 62], [1183.0, 458.0, 28, 62], [675.0, 940.0, 40, 66]]","[1, 1, 1, 1, 1]"
/home/huy/Documents/de_tai_tot_nghiep/Drone Thermal.v4i.voc/imgs/0_110_70_0_08486_jpg.rf.5de523506bc685f5e9a637641bc0f467.jpg,[],[]
/home/huy/Documents/de_tai_tot_nghiep/Drone Thermal.v4i.voc/imgs/0_100_50_0_08164_jpg.rf.f741d70cdad6e8ce8fa3f7c896eba1f3.jpg,[],[]
/home/huy/Documents/de_tai_tot_nghiep/Drone Thermal.v4i.voc/imgs/1_70_30_0_07581_jpg.rf.3f9fec0245b27a18e0490a2ccb5f500f.jpg,"[[484.0, 831.0, 42, 64]]",[1]
/home/huy/Documents/de_tai_tot_nghiep/Drone Thermal.v4i.voc/imgs/0_130_30_0_05558_jpg.rf.be5db248e1398b910cac94a6e878e6a7.jpg,[],[]
/home/huy/Documents/de_tai_tot_nghiep/Drone Thermal.v4i.voc/imgs/1_60_30_0_00049_jpg.rf.9d964bcf3f883244369e351f23cd5e5d.jpg,"[[1009.0, 677.0, 20, 44], [1221.0, 665.0, 24, 48], [1028.0, 811.0, 22, 44], [809.0, 877.0, 24, 48], [757.0, 743.0, 20, 52], [834.0, 595.0, 22, 40], [98.0, 255.0, 18, 40], [174.0, 277.0, 18, 36], [298.0, 307.0, 18, 40], [291.0, 121.0, 16, 40], [796.0, 59.0, 18, 40], [887.0, 51.0, 20, 40], [865.0, 41.0, 16, 36], [848.0, 53.0, 18, 36], [813.0, 44.0, 16, 34], [1085.0, 21.0, 16, 32], [1171.0, 10.0, 16, 18], [598.0, 347.0, 14, 40], [512.0, 426.0, 10, 30], [486.0, 438.0, 14, 34], [475.0, 436.0, 8, 30], [464.0, 442.0, 14, 38]]","[1, 1, 1, 1, 1, 1, 1, 1, 1, 1, 1, 1, 1, 1, 1, 1, 1, 1, 1, 1, 1, 1]"
/home/huy/Documents/de_tai_tot_nghiep/Drone Thermal.v4i.voc/imgs/1_60_50_0_04160_jpg.rf.24cad1cb558e51abd5c13c8fa54ab0e0.jpg,[],[]
/home/huy/Documents/de_tai_tot_nghiep/Drone Thermal.v4i.voc/imgs/1_60_60_0_00463_jpg.rf.6f165003708056d47a26b4cde92fc133.jpg,"[[684.0, 450.0, 26, 54], [1085.0, 467.0, 28, 44], [964.0, 554.0, 38, 62], [711.0, 769.0, 32, 56], [880.0, 771.0, 38, 68], [415.0, 1013.0, 24, 20]]","[1, 1, 1, 1, 1, 1]"
/home/huy/Documents/de_tai_tot_nghiep/Drone Thermal.v4i.voc/imgs/0_120_70_0_05475_jpg.rf.6070cbadfdcbf607d3dbd11904a61757.jpg,[],[]
/home/huy/Documents/de_tai_tot_nghiep/Drone Thermal.v4i.voc/imgs/1_60_30_0_00121_jpg.rf.df9351c60527901a774eaa8059815c05.jpg,"[[48.0, 309.0, 18, 44], [245.0, 307.0, 20, 40], [40.0, 459.0, 18, 40], [1014.0, 759.0, 22, 44], [926.0, 604.0, 26, 42], [776.0, 454.0, 22, 42], [849.0, 178.0, 16, 38], [743.0, 144.0, 16, 34], [557.0, 205.0, 16, 32]]","[1, 1, 1, 1, 1, 1, 1, 1, 1]"
/home/huy/Documents/de_tai_tot_nghiep/Drone Thermal.v4i.voc/imgs/0_120_80_0_05496_jpg.rf.1fa7abd04363c482bcc83a0b0359d7a2.jpg,[],[]
/home/huy/Documents/de_tai_tot_nghiep/Drone Thermal.v4i.voc/imgs/0_130_40_0_05592_jpg.rf.f7be149c9da142c246af69ca2e9cc318.jpg,[],[]
/home/huy/Documents/de_tai_tot_nghiep/Drone Thermal.v4i.voc/imgs/0_80_80_0_07074_jpg.rf.5599a5433d99519b6770f845e43bb615.jpg,"[[374.0, 337.0, 46, 60], [574.0, 410.0, 38, 54], [756.0, 425.0, 42, 36]]","[1, 1, 1]"
/home/huy/Documents/de_tai_tot_nghiep/Drone Thermal.v4i.voc/imgs/0_80_90_0_07108_jpg.rf.bbaefdff6c5b716aa720eca9569a55d1.jpg,"[[760.0, 211.0, 62, 56], [938.0, 553.0, 34, 40], [1168.0, 613.0, 46, 40]]","[1, 1, 1]"
/home/huy/Documents/de_tai_tot_nghiep/Drone Thermal.v4i.voc/imgs/0_110_50_0_08400_jpg.rf.b47875afee9f31948076653b36d8cdc6.jpg,[],[]
/home/huy/Documents/de_tai_tot_nghiep/Drone Thermal.v4i.voc/imgs/1_100_60_0_06307_jpg.rf.2c3a9808c252129f4596a73aabb24926.jpg,"[[1031.0, 404.0, 52, 58], [330.0, 706.0, 38, 42], [322.0, 728.0, 38, 38]]","[1, 1, 1]"
/home/huy/Documents/de_tai_tot_nghiep/Drone Thermal.v4i.voc/imgs/0_80_80_0_02256_jpg.rf.be022bdcbc956d4e5f9a52762e2a9bbf.jpg,"[[306.0, 233.0, 30, 28], [1156.0, 64.0, 30, 26], [1208.0, 156.0, 30, 58], [1058.0, 222.0, 62, 34], [749.0, 686.0, 20, 22], [793.0, 678.0, 44, 46], [957.0, 753.0, 28, 36], [816.0, 736.0, 50, 50], [748.0, 768.0, 42, 42], [749.0, 839.0, 44, 28], [941.0, 895.0, 56, 56], [1009.0, 474.0, 24, 38]]","[1, 1, 1, 1, 1, 1, 1, 1, 1, 1, 1, 1]"
/home/huy/Documents/de_tai_tot_nghiep/Drone Thermal.v4i.voc/imgs/1_110_70_0_05858_jpg.rf.122f374935d248f30109119bec93fcee.jpg,"[[681.0, 30.0, 24, 34]]",[1]
/home/huy/Documents/de_tai_tot_nghiep/Drone Thermal.v4i.voc/imgs/1_100_40_0_02347_jpg.rf.6909a3a16070e3bfbb2bb78fe87ebf52.jpg,"[[695.0, 278.0, 20, 26], [651.0, 275.0, 16, 36], [593.0, 298.0, 20, 34], [620.0, 315.0, 22, 32], [338.0, 389.0, 22, 36], [375.0, 423.0, 20, 32], [432.0, 464.0, 18, 38], [290.0, 441.0, 18, 36], [325.0, 460.0, 24, 42], [369.0, 478.0, 20, 38]]","[1, 1, 1, 1, 1, 1, 1, 1, 1, 1]"
/home/huy/Documents/de_tai_tot_nghiep/Drone Thermal.v4i.voc/imgs/0_100_40_0_08121_jpg.rf.48f6f99428f72057b1163273b525f11c.jpg,[],[]
/home/huy/Documents/de_tai_tot_nghiep/Drone Thermal.v4i.voc/imgs/1_130_50_0_07191_jpg.rf.b5956fa8332a5f07e055bbc47856a267.jpg,"[[428.0, 361.0, 18, 48], [448.0, 378.0, 18, 38], [410.0, 376.0, 18, 34]]","[1, 1, 1]"
/home/huy/Documents/de_tai_tot_nghiep/Drone Thermal.v4i.voc/imgs/0_70_50_0_01932_jpg.rf.a3641776f982bf6d822f43c8571d8f5b.jpg,"[[117.0, 316.0, 40, 62], [921.0, 283.0, 36, 48], [1087.0, 288.0, 24, 46], [1099.0, 328.0, 20, 38], [618.0, 554.0, 34, 42], [620.0, 646.0, 34, 58], [580.0, 661.0, 34, 56], [583.0, 712.0, 36, 54], [743.0, 726.0, 36, 58], [1021.0, 389.0, 28, 52], [1070.0, 548.0, 42, 62], [715.0, 968.0, 36, 50], [577.0, 957.0, 44, 52], [501.0, 608.0, 28, 30]]","[1, 1, 1, 1, 1, 1, 1, 1, 1, 1, 1, 1, 1, 1]"
/home/huy/Documents/de_tai_tot_nghiep/Drone Thermal.v4i.voc/imgs/1_60_70_0_00582_jpg.rf.bc652a6e59d6c2dac77f63f343e6111d.jpg,"[[180.0, 730.0, 30, 46], [989.0, 71.0, 36, 64]]","[1, 1]"
/home/huy/Documents/de_tai_tot_nghiep/Drone Thermal.v4i.voc/imgs/1_60_30_0_00102_jpg.rf.00446a09a4441f9dd7b2a5c3e0b2b9f8.jpg,"[[102.0, 698.0, 18, 50], [209.0, 931.0, 20, 44], [329.0, 233.0, 16, 36], [319.0, 191.0, 16, 36], [405.0, 209.0, 20, 36], [676.0, 88.0, 18, 38], [686.0, 144.0, 18, 34], [815.0, 111.0, 20, 36], [1165.0, 113.0, 24, 32], [1046.0, 370.0, 18, 38], [1059.0, 342.0, 16, 38], [1064.0, 430.0, 18, 42]]","[1, 1, 1, 1, 1, 1, 1, 1, 1, 1, 1, 1]"
/home/huy/Documents/de_tai_tot_nghiep/Drone Thermal.v4i.voc/imgs/1_60_50_0_00319_jpg.rf.d3aadc271417d293fa3b682028f0f213.jpg,"[[128.0, 49.0, 38, 56], [601.0, 251.0, 24, 48], [579.0, 491.0, 28, 48], [658.0, 524.0, 26, 58], [692.0, 593.0, 30, 56], [438.0, 836.0, 30, 50], [401.0, 867.0, 32, 56], [940.0, 452.0, 30, 62]]","[1, 1, 1, 1, 1, 1, 1, 1]"
/home/huy/Documents/de_tai_tot_nghiep/Drone Thermal.v4i.voc/imgs/1_60_30_0_00024_jpg.rf.592890908f7858d4e3504792f48f5850.jpg,"[[408.0, 216.0, 18, 34], [700.0, 144.0, 18, 38], [774.0, 108.0, 18, 34], [302.0, 460.0, 18, 38], [281.0, 488.0, 16, 34], [321.0, 500.0, 20, 38], [329.0, 729.0, 20, 36], [318.0, 769.0, 18, 36], [498.0, 699.0, 22, 40], [490.0, 1013.0, 18, 24], [467.0, 1017.0, 24, 16]]","[1, 1, 1, 1, 1, 1, 1, 1, 1, 1, 1]"
/home/huy/Documents/de_tai_tot_nghiep/Drone Thermal.v4i.voc/imgs/1_100_40_0_06258_jpg.rf.c4c795201259c3cf9ea748f1ffef8daa.jpg,"[[183.0, 568.0, 20, 22], [776.0, 647.0, 18, 32]]","[1, 1]"
/home/huy/Documents/de_tai_tot_nghiep/Drone Thermal.v4i.voc/imgs/0_60_90_0_01820_jpg.rf.9e11c805ad11242ee5eda56dbef0c82e.jpg,"[[59.0, 436.0, 32, 46], [217.0, 474.0, 20, 38], [194.0, 561.0, 34, 52], [279.0, 585.0, 28, 44], [442.0, 563.0, 22, 44], [826.0, 773.0, 34, 40], [431.0, 608.0, 32, 50], [620.0, 563.0, 42, 44], [726.0, 801.0, 30, 36]]","[1, 1, 1, 1, 1, 1, 1, 1, 1]"
/home/huy/Documents/de_tai_tot_nghiep/Drone Thermal.v4i.voc/imgs/1_90_60_0_01491_jpg.rf.6ef5faeef2ec449ea5f2f111e239081f.jpg,"[[933.0, 434.0, 24, 42], [886.0, 440.0, 22, 38], [922.0, 467.0, 18, 48], [902.0, 467.0, 18, 32], [862.0, 482.0, 26, 42], [932.0, 539.0, 22, 40], [895.0, 566.0, 24, 42], [800.0, 609.0, 26, 52], [1091.0, 729.0, 20, 36], [1074.0, 769.0, 30, 44], [853.0, 973.0, 24, 32]]","[1, 1, 1, 1, 1, 1, 1, 1, 1, 1, 1]"
/home/huy/Documents/de_tai_tot_nghiep/Drone Thermal.v4i.voc/imgs/1_80_60_0_08675_jpg.rf.9bdd963baa5aa384508c610da4a7536f.jpg,[],[]
/home/huy/Documents/de_tai_tot_nghiep/Drone Thermal.v4i.voc/imgs/1_60_60_0_00465_jpg.rf.20bd48f7645e9fc69d2cda34a46b855f.jpg,"[[253.0, 20.0, 20, 38], [542.0, 29.0, 22, 56], [488.0, 346.0, 18, 38], [879.0, 121.0, 16, 52], [896.0, 119.0, 22, 56], [916.0, 108.0, 22, 58], [853.0, 362.0, 24, 54], [887.0, 368.0, 20, 54], [949.0, 443.0, 20, 44]]","[1, 1, 1, 1, 1, 1, 1, 1, 1]"
/home/huy/Documents/de_tai_tot_nghiep/Drone Thermal.v4i.voc/imgs/1_60_30_0_00008_jpg.rf.80f2203fc60a9e1ecb957c59b91a9c7d.jpg,"[[339.0, 139.0, 16, 36], [189.0, 193.0, 24, 32], [280.0, 284.0, 18, 34], [315.0, 318.0, 16, 34], [441.0, 354.0, 20, 34], [459.0, 352.0, 12, 30], [541.0, 420.0, 16, 30], [578.0, 974.0, 18, 46], [589.0, 591.0, 16, 36], [608.0, 602.0, 18, 34], [746.0, 881.0, 18, 40], [793.0, 878.0, 16, 42], [803.0, 759.0, 16, 40], [928.0, 38.0, 14, 34], [938.0, 49.0, 14, 24], [879.0, 41.0, 20, 44], [1184.0, 9.0, 18, 16], [1079.0, 160.0, 20, 38], [855.0, 72.0, 20, 34], [1273.0, 905.0, 16, 52], [888.0, 538.0, 18, 38], [672.0, 395.0, 22, 40], [923.0, 805.0, 28, 48], [942.0, 799.0, 14, 52], [846.0, 500.0, 34, 46]]","[1, 1, 1, 1, 1, 1, 1, 1, 1, 1, 1, 1, 1, 1, 1, 1, 1, 1, 1, 1, 1, 1, 1, 1, 1]"
/home/huy/Documents/de_tai_tot_nghiep/Drone Thermal.v4i.voc/imgs/1_60_50_0_00390_jpg.rf.f9f3a85b5ff090889beb4af6db4103f9.jpg,"[[31.0, 341.0, 36, 60], [396.0, 101.0, 42, 64], [44.0, 753.0, 34, 64], [534.0, 236.0, 30, 58]]","[1, 1, 1, 1]"
/home/huy/Documents/de_tai_tot_nghiep/Drone Thermal.v4i.voc/imgs/1_130_30_0_07133_jpg.rf.620380f2d066bb72488619666aa1db09.jpg,[],[]
/home/huy/Documents/de_tai_tot_nghiep/Drone Thermal.v4i.voc/imgs/1_70_80_0_01072_jpg.rf.b42f62134f7eb76cb1c65e18b374224c.jpg,"[[1143.0, 120.0, 32, 58], [915.0, 126.0, 36, 38], [1134.0, 167.0, 30, 36], [1215.0, 196.0, 36, 46], [1088.0, 251.0, 46, 56], [1134.0, 276.0, 50, 50], [86.0, 245.0, 30, 40], [54.0, 242.0, 30, 34], [33.0, 175.0, 24, 40], [13.0, 243.0, 24, 44], [13.0, 284.0, 24, 42]]","[1, 1, 1, 1, 1, 1, 1, 1, 1, 1, 1]"
/home/huy/Documents/de_tai_tot_nghiep/Drone Thermal.v4i.voc/imgs/1_110_90_0_09263_jpg.rf.c06520ecda69778f4e4f10163d8c5474.jpg,[],[]
/home/huy/Documents/de_tai_tot_nghiep/Drone Thermal.v4i.voc/imgs/1_60_30_0_00071_jpg.rf.4ba13d9c9c20a0c9270e1f3b2440d659.jpg,"[[473.0, 358.0, 12, 42], [754.0, 238.0, 14, 42], [617.0, 520.0, 20, 42], [588.0, 534.0, 18, 38], [472.0, 754.0, 14, 38], [455.0, 809.0, 16, 32], [431.0, 841.0, 16, 44], [1139.0, 76.0, 16, 34]]","[1, 1, 1, 1, 1, 1, 1, 1]"
/home/huy/Documents/de_tai_tot_nghiep/Drone Thermal.v4i.voc/imgs/1_120_30_0_05960_jpg.rf.a5f8aa4d30e74ccbc35ff1a9fb4cfe59.jpg,"[[377.0, 273.0, 16, 28]]",[1]
/home/huy/Documents/de_tai_tot_nghiep/Drone Thermal.v4i.voc/imgs/0_110_50_0_03631_jpg.rf.83e643859b591ac394fc678ac7e69d55.jpg,"[[993.0, 724.0, 20, 46], [594.0, 200.0, 18, 34], [568.0, 169.0, 22, 32]]","[1, 1, 1]"
/home/huy/Documents/de_tai_tot_nghiep/Drone Thermal.v4i.voc/imgs/1_80_90_0_08794_jpg.rf.e8b153ef891b9f8db16f8895a52439e7.jpg,[],[]
/home/huy/Documents/de_tai_tot_nghiep/Drone Thermal.v4i.voc/imgs/0_60_60_0_01712_jpg.rf.35d51699f42f7bdc3081cd7df2506259.jpg,"[[117.0, 706.0, 32, 54], [184.0, 769.0, 38, 48], [196.0, 809.0, 26, 52], [436.0, 691.0, 22, 60], [533.0, 756.0, 20, 58], [558.0, 587.0, 30, 56], [601.0, 641.0, 24, 52], [661.0, 685.0, 24, 36], [702.0, 673.0, 30, 60], [960.0, 152.0, 22, 50], [1045.0, 201.0, 24, 48], [1093.0, 205.0, 20, 56], [1093.0, 307.0, 16, 48], [1134.0, 267.0, 22, 44], [768.0, 758.0, 34, 46], [844.0, 927.0, 34, 40]]","[1, 1, 1, 1, 1, 1, 1, 1, 1, 1, 1, 1, 1, 1, 1, 1]"
/home/huy/Documents/de_tai_tot_nghiep/Drone Thermal.v4i.voc/imgs/1_120_60_0_09345_jpg.rf.df76b36671fa55507c4bb3fe013b61ec.jpg,[],[]
/home/huy/Documents/de_tai_tot_nghiep/Drone Thermal.v4i.voc/imgs/1_60_50_0_00404_jpg.rf.0e5ccfad0fa5953528b4ceb7d7ed85f8.jpg,"[[295.0, 352.0, 28, 50], [454.0, 567.0, 34, 64], [959.0, 395.0, 32, 52], [859.0, 992.0, 36, 62], [1121.0, 739.0, 36, 56], [1262.0, 483.0, 34, 52]]","[1, 1, 1, 1, 1, 1]"
/home/huy/Documents/de_tai_tot_nghiep/Drone Thermal.v4i.voc/imgs/1_110_80_0_05913_jpg.rf.9a3803d89fd7b3bbcd85e58390c75591.jpg,"[[1066.0, 749.0, 34, 32], [1087.0, 715.0, 24, 32]]","[1, 1]"
/home/huy/Documents/de_tai_tot_nghiep/Drone Thermal.v4i.voc/imgs/1_130_80_0_10118_jpg.rf.44d85a6f8d994c6b034a18af42c8ad06.jpg,[],[]
/home/huy/Documents/de_tai_tot_nghiep/Drone Thermal.v4i.voc/imgs/1_90_50_0_04935_jpg.rf.ca52091423cdd5ef21c6a0a8927bc3e5.jpg,"[[1086.0, 123.0, 22, 48], [1051.0, 606.0, 20, 42], [1033.0, 598.0, 20, 46]]","[1, 1, 1]"
/home/huy/Documents/de_tai_tot_nghiep/Drone Thermal.v4i.voc/imgs/1_90_70_0_08953_jpg.rf.4876f6ee43424571193e2c8e8b6072d2.jpg,[],[]
/home/huy/Documents/de_tai_tot_nghiep/Drone Thermal.v4i.voc/imgs/1_120_30_0_09264_jpg.rf.d3dbcec12bcdf7899e3b7ea00608afe0.jpg,"[[944.0, 579.0, 14, 32], [1069.0, 1000.0, 16, 38], [1083.0, 1001.0, 12, 32]]","[1, 1, 1]"
/home/huy/Documents/de_tai_tot_nghiep/Drone Thermal.v4i.voc/imgs/1_130_30_0_09957_jpg.rf.6ab40949af2b262acc197fa35672c9e1.jpg,[],[]
/home/huy/Documents/de_tai_tot_nghiep/Drone Thermal.v4i.voc/imgs/1_100_80_0_06407_jpg.rf.5cf4805eeb4222d448da340639315728.jpg,"[[465.0, 646.0, 48, 50], [469.0, 681.0, 40, 40]]","[1, 1]"
/home/huy/Documents/de_tai_tot_nghiep/Drone Thermal.v4i.voc/imgs/1_130_50_0_03918_jpg.rf.87dc01422ce0c2315c1a89b04b9a395e.jpg,"[[232.0, 62.0, 22, 30], [425.0, 487.0, 16, 28], [436.0, 548.0, 18, 26], [473.0, 536.0, 20, 30], [494.0, 510.0, 18, 30], [519.0, 509.0, 16, 32], [530.0, 501.0, 14, 32]]","[1, 1, 1, 1, 1, 1, 1]"
/home/huy/Documents/de_tai_tot_nghiep/Drone Thermal.v4i.voc/imgs/1_130_50_0_03921_jpg.rf.a5f9a89ce645b96186725f35ad9b1cf4.jpg,"[[235.0, 73.0, 20, 28], [309.0, 14.0, 16, 26], [609.0, 37.0, 16, 36], [447.0, 540.0, 16, 34], [500.0, 539.0, 14, 36], [537.0, 542.0, 16, 30], [550.0, 540.0, 14, 30], [538.0, 571.0, 14, 28], [547.0, 580.0, 16, 34]]","[1, 1, 1, 1, 1, 1, 1, 1, 1]"
/home/huy/Documents/de_tai_tot_nghiep/Drone Thermal.v4i.voc/imgs/0_130_80_0_09858_jpg.rf.8ab32d51164dae625e2feaff6a23743d.jpg,[],[]
/home/huy/Documents/de_tai_tot_nghiep/Drone Thermal.v4i.voc/imgs/0_100_60_0_03384_jpg.rf.0d2218bf1e008a3aa62eeba7cfb0a3ec.jpg,"[[390.0, 159.0, 18, 44], [805.0, 420.0, 20, 38], [905.0, 419.0, 16, 40]]","[1, 1, 1]"
/home/huy/Documents/de_tai_tot_nghiep/Drone Thermal.v4i.voc/imgs/0_60_70_0_06593_jpg.rf.2bb029a38dd58b9ca06936aa69209a32.jpg,[],[]
/home/huy/Documents/de_tai_tot_nghiep/Drone Thermal.v4i.voc/imgs/1_90_60_0_04956_jpg.rf.4519ba5c2922562fec6dea94215a894a.jpg,[],[]
/home/huy/Documents/de_tai_tot_nghiep/Drone Thermal.v4i.voc/imgs/0_70_80_0_02015_jpg.rf.9e2e02f3e5e6fa4f0eb14dad1fa54092.jpg,"[[294.0, 73.0, 34, 40], [330.0, 157.0, 26, 28], [327.0, 185.0, 56, 52], [407.0, 130.0, 32, 34], [469.0, 75.0, 40, 40], [688.0, 160.0, 42, 42], [735.0, 237.0, 28, 40], [786.0, 350.0, 46, 54]]","[1, 1, 1, 1, 1, 1, 1, 1]"
/home/huy/Documents/de_tai_tot_nghiep/Drone Thermal.v4i.voc/imgs/0_60_40_0_01669_jpg.rf.4cba0b61094fa77ea9b3c1f3c0013b94.jpg,"[[235.0, 656.0, 24, 46], [348.0, 665.0, 30, 52], [447.0, 650.0, 20, 42], [683.0, 390.0, 20, 46], [416.0, 678.0, 22, 46], [552.0, 753.0, 22, 48], [594.0, 397.0, 18, 40], [747.0, 332.0, 16, 38], [750.0, 395.0, 14, 36], [888.0, 400.0, 14, 42], [492.0, 676.0, 26, 42]]","[1, 1, 1, 1, 1, 1, 1, 1, 1, 1, 1]"
/home/huy/Documents/de_tai_tot_nghiep/Drone Thermal.v4i.voc/imgs/1_60_50_0_00323_jpg.rf.250b0bf01855d4c68fec912a5efce128.jpg,"[[92.0, 19.0, 22, 36], [525.0, 320.0, 24, 58], [635.0, 401.0, 28, 52], [587.0, 190.0, 24, 46], [925.0, 420.0, 32, 54], [414.0, 695.0, 30, 52], [386.0, 709.0, 30, 56]]","[1, 1, 1, 1, 1, 1, 1]"
/home/huy/Documents/de_tai_tot_nghiep/Drone Thermal.v4i.voc/imgs/1_70_80_0_07736_jpg.rf.14ed113be0ae731a4a7c51849ef23710.jpg,"[[581.0, 450.0, 44, 78], [524.0, 438.0, 34, 42]]","[1, 1]"
/home/huy/Documents/de_tai_tot_nghiep/Drone Thermal.v4i.voc/imgs/0_110_90_0_03778_jpg.rf.6c5cce3b0c212d93e895bba091019a02.jpg,"[[1015.0, 418.0, 24, 26], [951.0, 598.0, 28, 26]]","[1, 1]"
/home/huy/Documents/de_tai_tot_nghiep/Drone Thermal.v4i.voc/imgs/1_60_50_0_00314_jpg.rf.5c095973385a5d81bf14c533e6251028.jpg,"[[184.0, 169.0, 26, 52], [442.0, 55.0, 22, 44], [389.0, 46.0, 36, 58], [966.0, 591.0, 30, 56], [724.0, 800.0, 18, 46], [744.0, 799.0, 14, 56], [650.0, 855.0, 26, 48], [634.0, 401.0, 22, 44]]","[1, 1, 1, 1, 1, 1, 1, 1]"
/home/huy/Documents/de_tai_tot_nghiep/Drone Thermal.v4i.voc/imgs/0_130_30_0_09672_jpg.rf.1853241bbe7f2e03824f2fd5fafae8db.jpg,"[[1069.0, 66.0, 16, 30], [1091.0, 77.0, 16, 28], [1133.0, 80.0, 16, 26], [496.0, 449.0, 18, 44]]","[1, 1, 1, 1]"
/home/huy/Documents/de_tai_tot_nghiep/Drone Thermal.v4i.voc/imgs/1_60_50_0_00310_jpg.rf.f47204e33f751288a192ee4e1198b3df.jpg,"[[815.0, 321.0, 32, 60], [1035.0, 731.0, 32, 72]]","[1, 1]"
/home/huy/Documents/de_tai_tot_nghiep/Drone Thermal.v4i.voc/imgs/1_60_30_0_00075_jpg.rf.7f237052652a7b9fd5d81ba8ba91032b.jpg,"[[971.0, 138.0, 20, 38], [716.0, 339.0, 18, 36], [492.0, 405.0, 14, 36], [638.0, 630.0, 22, 46], [610.0, 651.0, 22, 48], [487.0, 837.0, 20, 48], [472.0, 909.0, 18, 44], [449.0, 935.0, 16, 36]]","[1, 1, 1, 1, 1, 1, 1, 1]"
/home/huy/Documents/de_tai_tot_nghiep/Drone Thermal.v4i.voc/imgs/0_60_60_0_01717_jpg.rf.d3987cab27e535e803630545c13cfd35.jpg,"[[569.0, 503.0, 24, 48], [614.0, 586.0, 22, 50], [619.0, 547.0, 24, 36], [837.0, 760.0, 36, 58], [1044.0, 608.0, 26, 38], [960.0, 675.0, 30, 52], [782.0, 727.0, 30, 72], [790.0, 663.0, 46, 44], [960.0, 848.0, 22, 46], [1063.0, 792.0, 32, 46], [1153.0, 894.0, 28, 42]]","[1, 1, 1, 1, 1, 1, 1, 1, 1, 1, 1]"
/home/huy/Documents/de_tai_tot_nghiep/Drone Thermal.v4i.voc/imgs/0_70_50_0_06760_jpg.rf.f3d05476d199c489196e293cda81a007.jpg,"[[723.0, 114.0, 20, 50], [545.0, 203.0, 28, 60], [602.0, 315.0, 34, 64]]","[1, 1, 1]"
/home/huy/Documents/de_tai_tot_nghiep/Drone Thermal.v4i.voc/imgs/0_100_90_0_08301_jpg.rf.06b8205ec74d7d7e9254611babac0359.jpg,[],[]
/home/huy/Documents/de_tai_tot_nghiep/Drone Thermal.v4i.voc/imgs/1_60_70_0_00558_jpg.rf.48a8dc72c43dfef07fa4c37031b7b1ca.jpg,"[[827.0, 294.0, 44, 66], [662.0, 901.0, 34, 52]]","[1, 1]"
/home/huy/Documents/de_tai_tot_nghiep/Drone Thermal.v4i.voc/imgs/1_60_50_0_00298_jpg.rf.19ff33ab522f96261bfc7dd1adaa7280.jpg,"[[138.0, 479.0, 34, 48], [415.0, 283.0, 36, 64], [1161.0, 240.0, 28, 50], [835.0, 716.0, 28, 54], [760.0, 897.0, 30, 60], [618.0, 985.0, 18, 20], [619.0, 1010.0, 20, 18]]","[1, 1, 1, 1, 1, 1, 1]"
/home/huy/Documents/de_tai_tot_nghiep/Drone Thermal.v4i.voc/imgs/0_110_50_0_08407_jpg.rf.700ca6b2bee64ef973b95368b43adc16.jpg,[],[]
/home/huy/Documents/de_tai_tot_nghiep/Drone Thermal.v4i.voc/imgs/1_110_80_0_02714_jpg.rf.aa19382149689452c467503555321edf.jpg,"[[547.0, 270.0, 28, 26], [479.0, 382.0, 20, 26], [416.0, 160.0, 26, 30], [439.0, 284.0, 24, 26], [411.0, 370.0, 24, 26], [378.0, 267.0, 30, 32], [333.0, 280.0, 36, 42], [384.0, 142.0, 22, 38]]","[1, 1, 1, 1, 1, 1, 1, 1]"
/home/huy/Documents/de_tai_tot_nghiep/Drone Thermal.v4i.voc/imgs/0_70_60_0_06787_jpg.rf.4df02d0cbb76b532bc6d90d6f326cfd1.jpg,"[[859.0, 126.0, 32, 58], [780.0, 148.0, 34, 50], [706.0, 181.0, 50, 60]]","[1, 1, 1]"
/home/huy/Documents/de_tai_tot_nghiep/Drone Thermal.v4i.voc/imgs/1_110_80_0_02717_jpg.rf.da483269a2b7ca5130ff2bb443ac75e6.jpg,"[[501.0, 398.0, 28, 38], [427.0, 413.0, 36, 28], [252.0, 385.0, 22, 32], [354.0, 328.0, 26, 30], [426.0, 317.0, 26, 28], [479.0, 271.0, 28, 32], [405.0, 212.0, 36, 38], [382.0, 199.0, 46, 44]]","[1, 1, 1, 1, 1, 1, 1, 1]"
/home/huy/Documents/de_tai_tot_nghiep/Drone Thermal.v4i.voc/imgs/0_70_40_0_01890_jpg.rf.841fc40fc6ff52e3846dcdf8e7b20213.jpg,"[[279.0, 470.0, 20, 42], [881.0, 539.0, 40, 40], [464.0, 755.0, 18, 44], [446.0, 745.0, 26, 48], [460.0, 804.0, 30, 46], [441.0, 831.0, 20, 44], [558.0, 773.0, 30, 36], [602.0, 823.0, 22, 40], [569.0, 953.0, 32, 36], [603.0, 872.0, 24, 46], [566.0, 1004.0, 26, 30], [901.0, 581.0, 28, 44]]","[1, 1, 1, 1, 1, 1, 1, 1, 1, 1, 1, 1]"
/home/huy/Documents/de_tai_tot_nghiep/Drone Thermal.v4i.voc/imgs/1_130_90_0_04077_jpg.rf.7651375fd672dce826cb04989c13bf7c.jpg,[],[]
/home/huy/Documents/de_tai_tot_nghiep/Drone Thermal.v4i.voc/imgs/0_120_30_0_05317_jpg.rf.946697a9d0dcc8712a991bf24191897f.jpg,[],[]
/home/huy/Documents/de_tai_tot_nghiep/Drone Thermal.v4i.voc/imgs/0_80_90_0_02291_jpg.rf.4c744e5dff843d2463b92524139fea49.jpg,"[[897.0, 184.0, 24, 46], [793.0, 193.0, 24, 44], [786.0, 292.0, 62, 62], [736.0, 310.0, 30, 46], [728.0, 353.0, 26, 36], [1005.0, 267.0, 24, 28], [962.0, 415.0, 42, 48], [932.0, 357.0, 50, 48]]","[1, 1, 1, 1, 1, 1, 1, 1]"
/home/huy/Documents/de_tai_tot_nghiep/Drone Thermal.v4i.voc/imgs/0_60_70_0_01743_jpg.rf.e3c5118e1ed472e371ed76f1fa819fe1.jpg,"[[563.0, 415.0, 40, 40], [642.0, 316.0, 30, 42], [730.0, 395.0, 30, 44], [935.0, 493.0, 36, 52], [830.0, 561.0, 26, 48], [593.0, 440.0, 32, 54], [657.0, 501.0, 32, 48], [695.0, 504.0, 32, 42]]","[1, 1, 1, 1, 1, 1, 1, 1]"
/home/huy/Documents/de_tai_tot_nghiep/Drone Thermal.v4i.voc/imgs/1_110_70_0_02700_jpg.rf.32391daf0058f41e87263ff583568472.jpg,"[[440.0, 451.0, 18, 32], [399.0, 410.0, 24, 38], [395.0, 450.0, 28, 26], [387.0, 532.0, 28, 34], [380.0, 792.0, 26, 26], [227.0, 857.0, 32, 28], [452.0, 868.0, 18, 30], [546.0, 878.0, 22, 42], [431.0, 922.0, 20, 34], [398.0, 927.0, 18, 24], [409.0, 992.0, 24, 30], [377.0, 990.0, 28, 34]]","[1, 1, 1, 1, 1, 1, 1, 1, 1, 1, 1, 1]"
/home/huy/Documents/de_tai_tot_nghiep/Drone Thermal.v4i.voc/imgs/1_60_30_0_00015_jpg.rf.deaf11c953270dfc3e29f85edd719250.jpg,"[[932.0, 491.0, 18, 40], [898.0, 497.0, 18, 40], [714.0, 411.0, 14, 32], [659.0, 463.0, 20, 36], [697.0, 531.0, 20, 36], [871.0, 660.0, 16, 42], [753.0, 647.0, 16, 44], [761.0, 721.0, 16, 36], [902.0, 902.0, 22, 42], [1095.0, 925.0, 16, 40], [532.0, 951.0, 30, 44], [1013.0, 736.0, 12, 38], [1025.0, 735.0, 12, 36], [1038.0, 735.0, 14, 36], [832.0, 387.0, 22, 40], [566.0, 267.0, 14, 36], [554.0, 256.0, 14, 34], [515.0, 127.0, 16, 40], [328.0, 236.0, 18, 38], [203.0, 193.0, 20, 36], [118.0, 158.0, 22, 34], [1052.0, 560.0, 18, 38]]","[1, 1, 1, 1, 1, 1, 1, 1, 1, 1, 1, 1, 1, 1, 1, 1, 1, 1, 1, 1, 1, 1]"
/home/huy/Documents/de_tai_tot_nghiep/Drone Thermal.v4i.voc/imgs/1_130_40_0_03863_jpg.rf.17bb7301a433141b9fc3623ccb6e8c6a.jpg,"[[352.0, 300.0, 14, 26], [420.0, 316.0, 14, 34], [350.0, 326.0, 14, 26], [649.0, 391.0, 16, 28], [844.0, 216.0, 14, 30], [859.0, 208.0, 12, 26], [897.0, 204.0, 16, 26], [919.0, 197.0, 16, 24], [851.0, 232.0, 12, 22], [862.0, 229.0, 10, 24], [490.0, 652.0, 14, 26], [504.0, 685.0, 14, 24], [538.0, 727.0, 14, 28], [556.0, 703.0, 10, 16], [562.0, 713.0, 14, 20], [578.0, 692.0, 14, 26], [595.0, 701.0, 16, 36]]","[1, 1, 1, 1, 1, 1, 1, 1, 1, 1, 1, 1, 1, 1, 1, 1, 1]"
/home/huy/Documents/de_tai_tot_nghiep/Drone Thermal.v4i.voc/imgs/1_60_70_0_00577_jpg.rf.5d14a70cb6cd1c90678d569d721c0513.jpg,"[[948.0, 158.0, 42, 70], [771.0, 467.0, 36, 68], [527.0, 454.0, 44, 70], [15.0, 985.0, 28, 52]]","[1, 1, 1, 1]"
/home/huy/Documents/de_tai_tot_nghiep/Drone Thermal.v4i.voc/imgs/0_60_90_0_01835_jpg.rf.34c166e4f504df27c4b047cbee74a686.jpg,"[[935.0, 529.0, 36, 44], [307.0, 170.0, 36, 30], [377.0, 194.0, 32, 34], [813.0, 148.0, 28, 34], [592.0, 32.0, 18, 34], [344.0, 26.0, 26, 42]]","[1, 1, 1, 1, 1, 1]"
/home/huy/Documents/de_tai_tot_nghiep/Drone Thermal.v4i.voc/imgs/1_120_30_0_09278_jpg.rf.69fcafec512b5d7b2c813861db1d3758.jpg,[],[]
/home/huy/Documents/de_tai_tot_nghiep/Drone Thermal.v4i.voc/imgs/1_70_50_0_07654_jpg.rf.241c7ef657d5ed06be20df91dfd0dc81.jpg,[],[]
/home/huy/Documents/de_tai_tot_nghiep/Drone Thermal.v4i.voc/imgs/1_60_60_0_00438_jpg.rf.e9ac0898c7641a0f1e9fed478dbbffa3.jpg,"[[566.0, 202.0, 26, 70], [1166.0, 201.0, 38, 60], [358.0, 883.0, 26, 60], [297.0, 928.0, 36, 54], [591.0, 969.0, 40, 72], [1156.0, 759.0, 46, 64]]","[1, 1, 1, 1, 1, 1]"
/home/huy/Documents/de_tai_tot_nghiep/Drone Thermal.v4i.voc/imgs/0_100_50_0_03361_jpg.rf.cce4788b6963c38c58cb2c62b7bf3fde.jpg,"[[718.0, 169.0, 14, 48], [441.0, 398.0, 16, 42], [380.0, 455.0, 14, 44]]","[1, 1, 1]"
/home/huy/Documents/de_tai_tot_nghiep/Drone Thermal.v4i.voc/imgs/1_130_60_0_07226_jpg.rf.babee7d154a836cb3f544940c09388ff.jpg,[],[]
/home/huy/Documents/de_tai_tot_nghiep/Drone Thermal.v4i.voc/imgs/0_100_40_0_08113_jpg.rf.37ee51d98d001bab7519de2b2f1abd3f.jpg,[],[]
/home/huy/Documents/de_tai_tot_nghiep/Drone Thermal.v4i.voc/imgs/1_60_70_0_00586_jpg.rf.5779180a126debfaff610aa4497dc885.jpg,"[[272.0, 605.0, 30, 56]]",[1]
/home/huy/Documents/de_tai_tot_nghiep/Drone Thermal.v4i.voc/imgs/0_120_80_0_05509_jpg.rf.f2eecba6f40001b037959da93cb9925e.jpg,[],[]
/home/huy/Documents/de_tai_tot_nghiep/Drone Thermal.v4i.voc/imgs/1_130_40_0_09990_jpg.rf.1fdc24b2ef003dd362b9ed76bf282053.jpg,"[[515.0, 599.0, 16, 40]]",[1]
/home/huy/Documents/de_tai_tot_nghiep/Drone Thermal.v4i.voc/imgs/1_60_70_0_00612_jpg.rf.3e2deaf27a62037cbf0405d7fa81d402.jpg,"[[194.0, 487.0, 34, 56], [646.0, 239.0, 30, 64]]","[1, 1]"
/home/huy/Documents/de_tai_tot_nghiep/Drone Thermal.v4i.voc/imgs/1_60_60_0_00527_jpg.rf.e128f02b5889e828420370ad2c9d2a85.jpg,"[[1194.0, 500.0, 26, 50], [612.0, 162.0, 34, 62], [848.0, 403.0, 26, 52], [831.0, 452.0, 24, 54]]","[1, 1, 1, 1]"
/home/huy/Documents/de_tai_tot_nghiep/Drone Thermal.v4i.voc/imgs/1_60_30_0_00147_jpg.rf.34b4b0809e32a128a2209afc4cf719e1.jpg,"[[222.0, 208.0, 18, 34], [395.0, 255.0, 16, 36], [479.0, 197.0, 20, 40], [77.0, 526.0, 20, 42], [107.0, 595.0, 20, 44], [37.0, 567.0, 20, 40], [1022.0, 951.0, 22, 48], [1197.0, 782.0, 16, 42], [1141.0, 727.0, 20, 44], [984.0, 492.0, 22, 42], [1026.0, 479.0, 14, 36], [1034.0, 467.0, 22, 36], [1031.0, 446.0, 12, 30], [1147.0, 443.0, 16, 40], [1086.0, 366.0, 18, 38], [915.0, 441.0, 20, 40], [745.0, 398.0, 20, 38], [808.0, 224.0, 14, 34], [837.0, 178.0, 16, 34], [713.0, 176.0, 16, 34], [909.0, 35.0, 20, 36], [1191.0, 429.0, 20, 40]]","[1, 1, 1, 1, 1, 1, 1, 1, 1, 1, 1, 1, 1, 1, 1, 1, 1, 1, 1, 1, 1, 1]"
/home/huy/Documents/de_tai_tot_nghiep/Drone Thermal.v4i.voc/imgs/1_110_90_0_09233_jpg.rf.de18d1bfb6b01025826468b62b9cbd9a.jpg,[],[]
/home/huy/Documents/de_tai_tot_nghiep/Drone Thermal.v4i.voc/imgs/1_130_30_0_09953_jpg.rf.0fa5545ae70a5a2f36e3fdf32c8e3646.jpg,[],[]
/home/huy/Documents/de_tai_tot_nghiep/Drone Thermal.v4i.voc/imgs/0_130_60_0_09772_jpg.rf.eeea559fbc2d3cdeca9b8d69a0b7febf.jpg,"[[595.0, 52.0, 20, 34]]",[1]
/home/huy/Documents/de_tai_tot_nghiep/Drone Thermal.v4i.voc/imgs/1_70_90_0_04573_jpg.rf.9e2af011ddbf912e96a5110d8cb64002.jpg,[],[]
/home/huy/Documents/de_tai_tot_nghiep/Drone Thermal.v4i.voc/imgs/1_130_50_0_07204_jpg.rf.a93b00448dea7f0c84f97d319d2f6e7a.jpg,[],[]
/home/huy/Documents/de_tai_tot_nghiep/Drone Thermal.v4i.voc/imgs/1_90_70_0_01522_jpg.rf.48c91d647a11e74fa693715d4f3dd28b.jpg,"[[723.0, 68.0, 36, 50], [819.0, 173.0, 36, 40], [811.0, 203.0, 24, 44], [742.0, 220.0, 26, 46], [712.0, 246.0, 26, 50], [793.0, 316.0, 32, 66], [679.0, 335.0, 32, 44], [1014.0, 850.0, 34, 38]]","[1, 1, 1, 1, 1, 1, 1, 1]"
/home/huy/Documents/de_tai_tot_nghiep/Drone Thermal.v4i.voc/imgs/1_60_70_0_00541_jpg.rf.7627670a8d8b1a721c003e0096273d8e.jpg,"[[1044.0, 141.0, 34, 56], [586.0, 414.0, 38, 50], [403.0, 551.0, 40, 52], [647.0, 734.0, 52, 66], [1209.0, 398.0, 48, 62]]","[1, 1, 1, 1, 1]"
/home/huy/Documents/de_tai_tot_nghiep/Drone Thermal.v4i.voc/imgs/1_60_80_0_07521_jpg.rf.e8f6ddbb2b0de06f962fddd07cfcfcb9.jpg,[],[]
/home/huy/Documents/de_tai_tot_nghiep/Drone Thermal.v4i.voc/imgs/0_70_80_0_02017_jpg.rf.e93d99beb4b63ac5c3d1089ffd6ab380.jpg,"[[445.0, 320.0, 32, 34], [534.0, 336.0, 38, 46], [551.0, 408.0, 32, 34], [489.0, 459.0, 48, 52], [465.0, 507.0, 32, 36], [474.0, 538.0, 38, 50], [695.0, 441.0, 28, 36], [746.0, 565.0, 38, 48], [892.0, 701.0, 30, 44], [1114.0, 123.0, 50, 52], [1034.0, 8.0, 38, 14]]","[1, 1, 1, 1, 1, 1, 1, 1, 1, 1, 1]"
/home/huy/Documents/de_tai_tot_nghiep/Drone Thermal.v4i.voc/imgs/1_110_70_0_09154_jpg.rf.6be884d427e2fa84b8a572e01601e4d9.jpg,[],[]
/home/huy/Documents/de_tai_tot_nghiep/Drone Thermal.v4i.voc/imgs/1_60_60_0_07473_jpg.rf.7cdc508f564c1a13b5b15f5862133e64.jpg,[],[]
/home/huy/Documents/de_tai_tot_nghiep/Drone Thermal.v4i.voc/imgs/1_60_50_0_00300_jpg.rf.ebf49e277def8f3a29949e8cac862bd7.jpg,"[[383.0, 188.0, 24, 46], [107.0, 455.0, 32, 44], [1221.0, 255.0, 28, 48], [882.0, 721.0, 30, 56], [806.0, 778.0, 30, 50]]","[1, 1, 1, 1, 1]"
/home/huy/Documents/de_tai_tot_nghiep/Drone Thermal.v4i.voc/imgs/0_80_60_0_06995_jpg.rf.efdcdede21dc19f8f180f65b8b02a7cb.jpg,"[[150.0, 589.0, 30, 60]]",[1]
/home/huy/Documents/de_tai_tot_nghiep/Drone Thermal.v4i.voc/imgs/1_130_30_0_09951_jpg.rf.d160c02adacea10d81d05ca908ad9ea9.jpg,[],[]
/home/huy/Documents/de_tai_tot_nghiep/Drone Thermal.v4i.voc/imgs/0_70_40_0_01905_jpg.rf.1a11f20d248f51671bba2d72797cacea.jpg,"[[61.0, 695.0, 32, 40], [1116.0, 791.0, 30, 36], [1092.0, 795.0, 22, 28], [983.0, 763.0, 32, 44], [946.0, 797.0, 22, 48], [926.0, 937.0, 30, 44], [480.0, 987.0, 30, 36]]","[1, 1, 1, 1, 1, 1, 1]"
/home/huy/Documents/de_tai_tot_nghiep/Drone Thermal.v4i.voc/imgs/1_60_50_0_00391_jpg.rf.90b1e2361b94e12e10bafcb2d9a4521e.jpg,"[[47.0, 249.0, 28, 56], [183.0, 338.0, 36, 62], [211.0, 777.0, 32, 52], [588.0, 124.0, 30, 58], [719.0, 270.0, 28, 54]]","[1, 1, 1, 1, 1]"
/home/huy/Documents/de_tai_tot_nghiep/Drone Thermal.v4i.voc/imgs/0_120_40_0_05351_jpg.rf.8cd64be662635f50494b69cdc6277a84.jpg,[],[]
/home/huy/Documents/de_tai_tot_nghiep/Drone Thermal.v4i.voc/imgs/0_70_60_0_01958_jpg.rf.2e2d8497a8bd4d1ec500229c932de22b.jpg,"[[435.0, 382.0, 44, 42], [485.0, 455.0, 32, 44], [726.0, 403.0, 38, 48], [712.0, 455.0, 26, 44], [777.0, 489.0, 40, 48], [745.0, 695.0, 24, 40], [809.0, 634.0, 24, 46], [883.0, 865.0, 32, 36], [1215.0, 438.0, 36, 54], [1207.0, 289.0, 40, 60], [1141.0, 223.0, 32, 44], [1071.0, 184.0, 36, 34]]","[1, 1, 1, 1, 1, 1, 1, 1, 1, 1, 1, 1]"
/home/huy/Documents/de_tai_tot_nghiep/Drone Thermal.v4i.voc/imgs/1_110_80_0_02733_jpg.rf.ec967b7e46a9b1ae9b86e89dec3e4a22.jpg,"[[526.0, 463.0, 30, 36], [460.0, 449.0, 22, 36], [414.0, 410.0, 26, 26], [412.0, 436.0, 26, 22], [398.0, 496.0, 18, 26], [409.0, 546.0, 28, 26], [494.0, 604.0, 22, 34], [339.0, 584.0, 32, 34]]","[1, 1, 1, 1, 1, 1, 1, 1]"
/home/huy/Documents/de_tai_tot_nghiep/Drone Thermal.v4i.voc/imgs/1_60_50_0_00297_jpg.rf.2273c9c4dd38f0f025b4d167ffd36638.jpg,"[[107.0, 18.0, 44, 34], [184.0, 491.0, 42, 56], [453.0, 324.0, 32, 58], [835.0, 713.0, 24, 64], [1157.0, 234.0, 24, 54], [751.0, 959.0, 32, 56], [578.0, 969.0, 18, 20], [577.0, 999.0, 20, 20]]","[1, 1, 1, 1, 1, 1, 1, 1]"
/home/huy/Documents/de_tai_tot_nghiep/Drone Thermal.v4i.voc/imgs/1_120_60_0_02921_jpg.rf.75a4fe8b62eb68c1414fe2950bfe4a23.jpg,"[[400.0, 6.0, 26, 10], [1048.0, 441.0, 30, 32]]","[1, 1]"
/home/huy/Documents/de_tai_tot_nghiep/Drone Thermal.v4i.voc/imgs/1_60_30_0_00083_jpg.rf.27858bcb6652d13debf791449cd8e8fa.jpg,"[[500.0, 492.0, 14, 38], [675.0, 308.0, 20, 38], [735.0, 622.0, 16, 38], [651.0, 936.0, 24, 54], [625.0, 1000.0, 20, 38]]","[1, 1, 1, 1, 1]"
/home/huy/Documents/de_tai_tot_nghiep/Drone Thermal.v4i.voc/imgs/0_60_40_0_01670_jpg.rf.ea85616c8ef3b790c2f6850f48f1280a.jpg,"[[457.0, 673.0, 20, 44], [501.0, 661.0, 16, 48], [498.0, 585.0, 18, 44], [458.0, 814.0, 18, 46], [858.0, 341.0, 18, 40], [888.0, 323.0, 22, 44], [879.0, 425.0, 36, 44], [907.0, 427.0, 24, 48], [772.0, 749.0, 22, 40], [1101.0, 410.0, 20, 42], [595.0, 657.0, 20, 44], [638.0, 569.0, 34, 56]]","[1, 1, 1, 1, 1, 1, 1, 1, 1, 1, 1, 1]"
/home/huy/Documents/de_tai_tot_nghiep/Drone Thermal.v4i.voc/imgs/0_100_90_0_08269_jpg.rf.a6c216b4a98eabc8457dedd65859adf0.jpg,[],[]
/home/huy/Documents/de_tai_tot_nghiep/Drone Thermal.v4i.voc/imgs/1_60_30_0_00130_jpg.rf.f722e614b13d3968d003d5b3ac6b724b.jpg,"[[133.0, 161.0, 16, 36], [374.0, 161.0, 22, 36], [551.0, 447.0, 20, 32], [1193.0, 340.0, 20, 38], [1053.0, 177.0, 16, 32], [650.0, 602.0, 18, 34], [640.0, 582.0, 18, 34]]","[1, 1, 1, 1, 1, 1, 1]"
/home/huy/Documents/de_tai_tot_nghiep/Drone Thermal.v4i.voc/imgs/0_60_60_0_06568_jpg.rf.d43d348fcba92a915bd6c7601b09b67f.jpg,"[[1026.0, 236.0, 26, 70]]",[1]
/home/huy/Documents/de_tai_tot_nghiep/Drone Thermal.v4i.voc/imgs/1_60_80_0_07532_jpg.rf.6cd3e1554cbb56b4297b4410b309c81c.jpg,[],[]
/home/huy/Documents/de_tai_tot_nghiep/Drone Thermal.v4i.voc/imgs/1_130_80_0_07303_jpg.rf.3b2344471b15d6d10e5d819cdd0e8f34.jpg,[],[]
/home/huy/Documents/de_tai_tot_nghiep/Drone Thermal.v4i.voc/imgs/1_110_80_0_02727_jpg.rf.31391b28ee0313ab97f362e28e499036.jpg,"[[448.0, 339.0, 42, 40], [420.0, 340.0, 34, 38], [507.0, 354.0, 28, 26], [503.0, 381.0, 32, 24], [420.0, 410.0, 30, 34], [446.0, 429.0, 30, 44], [451.0, 482.0, 20, 26], [483.0, 544.0, 36, 50]]","[1, 1, 1, 1, 1, 1, 1, 1]"
/home/huy/Documents/de_tai_tot_nghiep/Drone Thermal.v4i.voc/imgs/1_60_50_0_00283_jpg.rf.4549da8fd666818c98c81abbd3657734.jpg,"[[136.0, 12.0, 34, 22], [386.0, 75.0, 30, 52], [262.0, 255.0, 26, 44], [546.0, 205.0, 34, 64], [617.0, 231.0, 28, 52], [1034.0, 670.0, 34, 62], [800.0, 945.0, 26, 52], [834.0, 999.0, 18, 48]]","[1, 1, 1, 1, 1, 1, 1, 1]"
/home/huy/Documents/de_tai_tot_nghiep/Drone Thermal.v4i.voc/imgs/1_100_80_0_06386_jpg.rf.c94ea473c808c926934782dc86808261.jpg,[],[]
/home/huy/Documents/de_tai_tot_nghiep/Drone Thermal.v4i.voc/imgs/1_130_60_0_07224_jpg.rf.f57dff39a3129d0a38dc538442e3faf3.jpg,[],[]
/home/huy/Documents/de_tai_tot_nghiep/Drone Thermal.v4i.voc/imgs/0_100_80_0_03484_jpg.rf.487d2757fb2d696e7e5688375fd86afa.jpg,"[[879.0, 444.0, 28, 34], [793.0, 514.0, 28, 26]]","[1, 1]"
/home/huy/Documents/de_tai_tot_nghiep/Drone Thermal.v4i.voc/imgs/0_100_90_0_08277_jpg.rf.c31940436d6daea896df1764a2e06d82.jpg,[],[]
/home/huy/Documents/de_tai_tot_nghiep/Drone Thermal.v4i.voc/imgs/1_60_50_0_07423_jpg.rf.50921653f6619e1788cfbc2660d0db03.jpg,[],[]
/home/huy/Documents/de_tai_tot_nghiep/Drone Thermal.v4i.voc/imgs/1_130_90_0_07329_jpg.rf.6c88744d27d6b613619ffd5b6234636e.jpg,[],[]
/home/huy/Documents/de_tai_tot_nghiep/Drone Thermal.v4i.voc/imgs/1_70_80_0_01066_jpg.rf.8795ccd34d0145a14140438721751ff5.jpg,"[[1084.0, 17.0, 34, 32], [921.0, 43.0, 36, 32], [1075.0, 101.0, 44, 52], [1023.0, 159.0, 44, 52], [935.0, 245.0, 40, 40], [74.0, 19.0, 38, 36], [41.0, 9.0, 24, 16]]","[1, 1, 1, 1, 1, 1, 1]"
/home/huy/Documents/de_tai_tot_nghiep/Drone Thermal.v4i.voc/imgs/0_120_50_0_09528_jpg.rf.25798614b09055a044920f522343c18f.jpg,[],[]
/home/huy/Documents/de_tai_tot_nghiep/Drone Thermal.v4i.voc/imgs/0_120_40_0_09478_jpg.rf.05452c8081b16a63c84bb3db1a9fa6c8.jpg,[],[]
/home/huy/Documents/de_tai_tot_nghiep/Drone Thermal.v4i.voc/imgs/1_60_40_0_07385_jpg.rf.265471bc682a709f8f60f63363273495.jpg,[],[]
/home/huy/Documents/de_tai_tot_nghiep/Drone Thermal.v4i.voc/imgs/1_70_60_0_07680_jpg.rf.4d2d089c1d304247356b69997a9a7862.jpg,[],[]
/home/huy/Documents/de_tai_tot_nghiep/Drone Thermal.v4i.voc/imgs/1_70_60_0_00996_jpg.rf.00d6e4acb9b19ca29ff2268e2086a22d.jpg,"[[908.0, 373.0, 34, 56], [1000.0, 353.0, 38, 44], [1117.0, 382.0, 40, 50], [1038.0, 460.0, 30, 50], [662.0, 813.0, 26, 40]]","[1, 1, 1, 1, 1]"
/home/huy/Documents/de_tai_tot_nghiep/Drone Thermal.v4i.voc/imgs/1_60_60_0_07448_jpg.rf.643fbe4bd1161e62c74725d6b1a8abcd.jpg,[],[]
/home/huy/Documents/de_tai_tot_nghiep/Drone Thermal.v4i.voc/imgs/1_60_30_0_00126_jpg.rf.2c5a5cc9d19426e73ddc30748b69269e.jpg,"[[7.0, 375.0, 12, 36], [232.0, 234.0, 22, 38], [421.0, 138.0, 16, 34], [613.0, 154.0, 20, 34], [689.0, 435.0, 20, 40], [806.0, 579.0, 26, 44], [827.0, 662.0, 20, 42]]","[1, 1, 1, 1, 1, 1, 1]"
/home/huy/Documents/de_tai_tot_nghiep/Drone Thermal.v4i.voc/imgs/0_60_30_0_06463_jpg.rf.2438bc610ed5220dfed1ec604e8b9e2c.jpg,[],[]
/home/huy/Documents/de_tai_tot_nghiep/Drone Thermal.v4i.voc/imgs/0_60_80_0_01804_jpg.rf.5e115982f38e81b56a503e5be419ef7f.jpg,"[[862.0, 235.0, 38, 60], [364.0, 515.0, 54, 36], [376.0, 565.0, 26, 52], [292.0, 788.0, 30, 54], [689.0, 24.0, 24, 42], [458.0, 715.0, 58, 60], [877.0, 1004.0, 36, 42], [365.0, 806.0, 28, 38], [427.0, 747.0, 44, 48]]","[1, 1, 1, 1, 1, 1, 1, 1, 1]"
/home/huy/Documents/de_tai_tot_nghiep/Drone Thermal.v4i.voc/imgs/1_60_30_0_00139_jpg.rf.e665fdc1379cfec8225edabac5893ace.jpg,"[[440.0, 198.0, 14, 34], [310.0, 413.0, 14, 32], [290.0, 432.0, 14, 34], [323.0, 460.0, 16, 34], [336.0, 610.0, 18, 38], [321.0, 682.0, 20, 38], [494.0, 593.0, 22, 40], [470.0, 905.0, 18, 40], [492.0, 925.0, 14, 36], [271.0, 1021.0, 12, 8], [1276.0, 334.0, 10, 30], [824.0, 109.0, 18, 36], [922.0, 85.0, 14, 32]]","[1, 1, 1, 1, 1, 1, 1, 1, 1, 1, 1, 1, 1]"
/home/huy/Documents/de_tai_tot_nghiep/Drone Thermal.v4i.voc/imgs/1_130_80_0_04012_jpg.rf.abcdc7b75e2f3b3ff7a7ef018e0b047a.jpg,"[[529.0, 204.0, 16, 26], [582.0, 222.0, 18, 26], [666.0, 176.0, 14, 22], [634.0, 186.0, 14, 22], [691.0, 224.0, 20, 30], [648.0, 215.0, 22, 28]]","[1, 1, 1, 1, 1, 1]"
/home/huy/Documents/de_tai_tot_nghiep/Drone Thermal.v4i.voc/imgs/1_60_30_0_00084_jpg.rf.c5e965073011007b512dbfc9dbc83d77.jpg,"[[1198.0, 66.0, 18, 38], [1064.0, 72.0, 18, 38], [499.0, 165.0, 12, 36], [502.0, 418.0, 22, 42], [351.0, 394.0, 20, 38], [317.0, 324.0, 16, 34], [297.0, 341.0, 16, 40], [323.0, 390.0, 20, 42], [336.0, 543.0, 22, 40], [474.0, 710.0, 22, 42], [486.0, 769.0, 22, 40], [302.0, 947.0, 26, 44], [280.0, 977.0, 26, 48]]","[1, 1, 1, 1, 1, 1, 1, 1, 1, 1, 1, 1, 1]"
/home/huy/Documents/de_tai_tot_nghiep/Drone Thermal.v4i.voc/imgs/1_110_40_0_05776_jpg.rf.a0adffef800788df1753484ee5347c00.jpg,[],[]
/home/huy/Documents/de_tai_tot_nghiep/Drone Thermal.v4i.voc/imgs/1_80_90_0_01353_jpg.rf.fd9e7804d9f1b0fbfc0fa8d35070864d.jpg,"[[630.0, 450.0, 34, 34], [713.0, 530.0, 28, 42], [846.0, 516.0, 42, 42], [811.0, 529.0, 32, 28], [815.0, 603.0, 60, 64], [789.0, 637.0, 52, 52], [746.0, 735.0, 42, 32]]","[1, 1, 1, 1, 1, 1, 1]"
/home/huy/Documents/de_tai_tot_nghiep/Drone Thermal.v4i.voc/imgs/0_100_90_0_08294_jpg.rf.537f337076a2e42816d1554f9e69b7d1.jpg,[],[]
/home/huy/Documents/de_tai_tot_nghiep/Drone Thermal.v4i.voc/imgs/1_60_60_0_00412_jpg.rf.b956e32f5aa4650438eb95cf5a564968.jpg,"[[970.0, 872.0, 30, 62]]",[1]
/home/huy/Documents/de_tai_tot_nghiep/Drone Thermal.v4i.voc/imgs/1_90_30_0_04829_jpg.rf.b4fbf4b669637c42fa208b6217e3bbd7.jpg,[],[]
/home/huy/Documents/de_tai_tot_nghiep/Drone Thermal.v4i.voc/imgs/0_60_90_0_06666_jpg.rf.d56224a3dbbb662527235562f15e1708.jpg,[],[]
/home/huy/Documents/de_tai_tot_nghiep/Drone Thermal.v4i.voc/imgs/0_130_30_0_05575_jpg.rf.d8615f4f1a3c00ff50b7b0c388dcc9d5.jpg,[],[]
/home/huy/Documents/de_tai_tot_nghiep/Drone Thermal.v4i.voc/imgs/1_130_30_0_09956_jpg.rf.888188e738cc9412641fd66b074eceb8.jpg,[],[]
/home/huy/Documents/de_tai_tot_nghiep/Drone Thermal.v4i.voc/imgs/1_70_50_0_04409_jpg.rf.ec6a5d9a2080cd4ba63da55993455a09.jpg,[],[]
/home/huy/Documents/de_tai_tot_nghiep/Drone Thermal.v4i.voc/imgs/1_110_90_0_05926_jpg.rf.57751ce34657fabb45de4e38d4787fc0.jpg,[],[]
/home/huy/Documents/de_tai_tot_nghiep/Drone Thermal.v4i.voc/imgs/0_70_50_0_01918_jpg.rf.de91a75786d6cafa19908c403201ae83.jpg,"[[56.0, 22.0, 34, 42], [96.0, 899.0, 38, 44], [555.0, 256.0, 44, 62], [1011.0, 35.0, 28, 52], [540.0, 310.0, 26, 38], [469.0, 372.0, 24, 58], [548.0, 365.0, 34, 64], [678.0, 397.0, 26, 52], [572.0, 589.0, 22, 36], [824.0, 611.0, 38, 44], [995.0, 231.0, 28, 44], [1064.0, 68.0, 30, 46], [1104.0, 191.0, 26, 36]]","[1, 1, 1, 1, 1, 1, 1, 1, 1, 1, 1, 1, 1]"
/home/huy/Documents/de_tai_tot_nghiep/Drone Thermal.v4i.voc/imgs/0_110_60_0_08429_jpg.rf.e46bc9e955b7cc3f751e1ca304081bc0.jpg,[],[]
/home/huy/Documents/de_tai_tot_nghiep/Drone Thermal.v4i.voc/imgs/1_120_50_0_02861_jpg.rf.f0788025d2c7d00ce329e05f46e55e0f.jpg,"[[212.0, 19.0, 14, 28], [231.0, 34.0, 12, 22], [244.0, 38.0, 10, 22], [256.0, 42.0, 10, 22], [265.0, 47.0, 12, 24], [268.0, 90.0, 18, 30], [222.0, 107.0, 18, 32], [290.0, 90.0, 14, 30], [237.0, 128.0, 16, 26], [267.0, 143.0, 16, 28], [306.0, 135.0, 14, 32]]","[1, 1, 1, 1, 1, 1, 1, 1, 1, 1, 1]"
/home/huy/Documents/de_tai_tot_nghiep/Drone Thermal.v4i.voc/imgs/1_100_40_0_05114_jpg.rf.519447ae9c319222ddda8d1e2cab7730.jpg,[],[]
/home/huy/Documents/de_tai_tot_nghiep/Drone Thermal.v4i.voc/imgs/1_80_60_0_04719_jpg.rf.333e7236ee13b51d750ff84942a44581.jpg,"[[341.0, 797.0, 32, 68]]",[1]
/home/huy/Documents/de_tai_tot_nghiep/Drone Thermal.v4i.voc/imgs/0_70_90_0_06891_jpg.rf.3963283a2cd69e935b47ed0458fe163c.jpg,[],[]
/home/huy/Documents/de_tai_tot_nghiep/Drone Thermal.v4i.voc/imgs/0_120_50_0_09514_jpg.rf.30c77ec62c72a0e0a71a9a0b2650f815.jpg,[],[]
/home/huy/Documents/de_tai_tot_nghiep/Drone Thermal.v4i.voc/imgs/0_130_50_0_09756_jpg.rf.c7e39427bd2b56e1659066402498fb2c.jpg,[],[]
/home/huy/Documents/de_tai_tot_nghiep/Drone Thermal.v4i.voc/imgs/0_100_90_0_03522_jpg.rf.35bfe319df1dab6281127ac5c6ff1d82.jpg,"[[868.0, 419.0, 22, 44]]",[1]
/home/huy/Documents/de_tai_tot_nghiep/Drone Thermal.v4i.voc/imgs/0_70_40_0_01898_jpg.rf.06672cc9acffbd9ae1868c82291a532b.jpg,"[[67.0, 683.0, 20, 52], [867.0, 660.0, 24, 46], [951.0, 681.0, 24, 40], [880.0, 702.0, 26, 50], [1012.0, 664.0, 30, 38], [942.0, 734.0, 30, 34], [984.0, 777.0, 38, 44], [435.0, 984.0, 24, 50], [560.0, 943.0, 26, 56], [517.0, 837.0, 24, 40]]","[1, 1, 1, 1, 1, 1, 1, 1, 1, 1]"
/home/huy/Documents/de_tai_tot_nghiep/Drone Thermal.v4i.voc/imgs/1_70_30_0_00874_jpg.rf.7b5572504155b5122ca78e2ee82814d2.jpg,"[[136.0, 148.0, 26, 46], [168.0, 217.0, 22, 52], [294.0, 534.0, 22, 38], [307.0, 554.0, 24, 38], [507.0, 903.0, 24, 48], [521.0, 906.0, 16, 46]]","[1, 1, 1, 1, 1, 1]"
/home/huy/Documents/de_tai_tot_nghiep/Drone Thermal.v4i.voc/imgs/1_110_30_0_09043_jpg.rf.5eabe62e813a40e6a265ff2789ea66b3.jpg,[],[]
/home/huy/Documents/de_tai_tot_nghiep/Drone Thermal.v4i.voc/imgs/1_80_50_0_04660_jpg.rf.e4602e56e0ccf8e5d0c80d544934d0a1.jpg,"[[64.0, 876.0, 26, 46], [587.0, 269.0, 20, 32]]","[1, 1]"
/home/huy/Documents/de_tai_tot_nghiep/Drone Thermal.v4i.voc/imgs/1_130_60_0_10065_jpg.rf.ce14902067c0627d78743ee28bf39277.jpg,[],[]
/home/huy/Documents/de_tai_tot_nghiep/Drone Thermal.v4i.voc/imgs/1_70_60_0_04425_jpg.rf.f0c5d79cfaab1bb61102b2eed5c340a6.jpg,[],[]
/home/huy/Documents/de_tai_tot_nghiep/Drone Thermal.v4i.voc/imgs/0_60_30_0_01626_jpg.rf.b803a85b335b809409d49a9436d78b11.jpg,"[[424.0, 733.0, 14, 52], [471.0, 751.0, 12, 40], [756.0, 564.0, 14, 42], [780.0, 606.0, 26, 58], [490.0, 787.0, 26, 56], [609.0, 776.0, 24, 34]]","[1, 1, 1, 1, 1, 1]"
/home/huy/Documents/de_tai_tot_nghiep/Drone Thermal.v4i.voc/imgs/1_130_80_0_10115_jpg.rf.4d40bb4730f39dd67d12ebd2f88aaf02.jpg,[],[]
/home/huy/Documents/de_tai_tot_nghiep/Drone Thermal.v4i.voc/imgs/0_60_90_0_01833_jpg.rf.d98502efe31af782bd55a2cce8c8b8d1.jpg,"[[405.0, 318.0, 40, 46], [222.0, 645.0, 30, 40], [978.0, 100.0, 34, 46], [1095.0, 94.0, 24, 46], [1156.0, 119.0, 30, 48], [303.0, 534.0, 24, 42], [418.0, 598.0, 42, 46], [330.0, 684.0, 34, 34], [985.0, 405.0, 28, 32], [497.0, 747.0, 28, 28], [588.0, 999.0, 26, 44], [998.0, 201.0, 34, 32]]","[1, 1, 1, 1, 1, 1, 1, 1, 1, 1, 1, 1]"
/home/huy/Documents/de_tai_tot_nghiep/Drone Thermal.v4i.voc/imgs/0_70_90_0_06867_jpg.rf.fcad751159d1dc151a77ca82d81f3283.jpg,"[[723.0, 194.0, 56, 54]]",[1]
/home/huy/Documents/de_tai_tot_nghiep/Drone Thermal.v4i.voc/imgs/1_90_50_0_01473_jpg.rf.e14a4bf6b1fe0e020934a6915abb9522.jpg,"[[399.0, 461.0, 20, 32], [963.0, 855.0, 32, 56], [1120.0, 899.0, 26, 44], [885.0, 920.0, 20, 42], [1065.0, 932.0, 40, 54], [1046.0, 983.0, 26, 40], [982.0, 985.0, 30, 36], [963.0, 958.0, 24, 26], [960.0, 986.0, 22, 30], [939.0, 983.0, 20, 20], [922.0, 993.0, 22, 32]]","[1, 1, 1, 1, 1, 1, 1, 1, 1, 1, 1]"
/home/huy/Documents/de_tai_tot_nghiep/Drone Thermal.v4i.voc/imgs/0_60_80_0_06652_jpg.rf.2fb044ac435192a12f9dca69402442e1.jpg,"[[553.0, 53.0, 24, 64]]",[1]
/home/huy/Documents/de_tai_tot_nghiep/Drone Thermal.v4i.voc/imgs/0_130_60_0_09800_jpg.rf.125128e73ba10f32143b25aa4e146928.jpg,"[[486.0, 97.0, 18, 32]]",[1]
/home/huy/Documents/de_tai_tot_nghiep/Drone Thermal.v4i.voc/imgs/1_100_50_0_02399_jpg.rf.ea5075ad42ca9a93bc1699f823242e8c.jpg,"[[653.0, 165.0, 24, 40], [623.0, 206.0, 20, 38], [558.0, 164.0, 22, 34], [548.0, 186.0, 22, 34], [549.0, 214.0, 20, 26], [533.0, 240.0, 28, 46], [619.0, 260.0, 20, 42], [641.0, 277.0, 24, 36], [807.0, 9.0, 24, 16]]","[1, 1, 1, 1, 1, 1, 1, 1, 1]"
/home/huy/Documents/de_tai_tot_nghiep/Drone Thermal.v4i.voc/imgs/0_120_40_0_09487_jpg.rf.b1cbb3e1d07b2da5fbf7bf9b32d0ed63.jpg,[],[]
/home/huy/Documents/de_tai_tot_nghiep/Drone Thermal.v4i.voc/imgs/1_90_50_0_08856_jpg.rf.e5f1b42a6bf4a7e181a4062ea3668184.jpg,[],[]
/home/huy/Documents/de_tai_tot_nghiep/Drone Thermal.v4i.voc/imgs/1_60_60_0_07459_jpg.rf.29e1a4f23a2490102b804a92f8431c06.jpg,"[[411.0, 51.0, 48, 76]]",[1]
/home/huy/Documents/de_tai_tot_nghiep/Drone Thermal.v4i.voc/imgs/0_110_60_0_03686_jpg.rf.ce70ff3799a6de6ba05988822711dd5b.jpg,"[[1218.0, 547.0, 22, 40], [830.0, 285.0, 30, 36], [554.0, 671.0, 22, 40], [552.0, 614.0, 18, 34]]","[1, 1, 1, 1]"
/home/huy/Documents/de_tai_tot_nghiep/Drone Thermal.v4i.voc/imgs/0_70_50_0_06763_jpg.rf.d21a6f903eda3554177f10eacfcac6cc.jpg,"[[811.0, 370.0, 24, 62], [599.0, 386.0, 20, 50], [559.0, 270.0, 28, 66]]","[1, 1, 1]"
/home/huy/Documents/de_tai_tot_nghiep/Drone Thermal.v4i.voc/imgs/1_130_30_0_07129_jpg.rf.38f6bb178e7451e7a7fec27cfc2d6f12.jpg,[],[]
/home/huy/Documents/de_tai_tot_nghiep/Drone Thermal.v4i.voc/imgs/1_60_50_0_00403_jpg.rf.54e7298942b21856a65952509ecc8601.jpg,"[[504.0, 324.0, 38, 58], [645.0, 536.0, 28, 54], [1213.0, 491.0, 28, 64]]","[1, 1, 1]"
/home/huy/Documents/de_tai_tot_nghiep/Drone Thermal.v4i.voc/imgs/1_60_70_0_07503_jpg.rf.f6cfccf93958f445a8010f0a6cf7347e.jpg,[],[]
/home/huy/Documents/de_tai_tot_nghiep/Drone Thermal.v4i.voc/imgs/1_70_90_0_07805_jpg.rf.f3ad87ecd6b7bf9d7ba2a7b16a450205.jpg,[],[]
/home/huy/Documents/de_tai_tot_nghiep/Drone Thermal.v4i.voc/imgs/1_60_30_0_00112_jpg.rf.e2b60c6d2434b0be2223229fb88a7c4e.jpg,"[[65.0, 811.0, 16, 48], [123.0, 329.0, 20, 44], [178.0, 383.0, 22, 40], [225.0, 374.0, 16, 38], [356.0, 271.0, 18, 36], [478.0, 183.0, 18, 40], [463.0, 124.0, 20, 38], [777.0, 112.0, 16, 38], [1024.0, 332.0, 18, 42], [1134.0, 450.0, 18, 42], [1194.0, 524.0, 18, 42], [1163.0, 89.0, 24, 36], [1276.0, 85.0, 10, 32]]","[1, 1, 1, 1, 1, 1, 1, 1, 1, 1, 1, 1, 1]"
/home/huy/Documents/de_tai_tot_nghiep/Drone Thermal.v4i.voc/imgs/1_130_70_0_03976_jpg.rf.6242ac1c18ecede717d3b40bafa66849.jpg,"[[442.0, 466.0, 18, 34], [502.0, 457.0, 18, 36], [538.0, 493.0, 14, 32], [523.0, 495.0, 16, 32], [514.0, 540.0, 18, 30], [491.0, 561.0, 20, 32]]","[1, 1, 1, 1, 1, 1]"
/home/huy/Documents/de_tai_tot_nghiep/Drone Thermal.v4i.voc/imgs/1_80_50_0_01196_jpg.rf.bfa3705d763b1070bf7df859df222839.jpg,"[[263.0, 379.0, 24, 36]]",[1]
/home/huy/Documents/de_tai_tot_nghiep/Drone Thermal.v4i.voc/imgs/1_70_50_0_04393_jpg.rf.8097bd3578cb7f5e08eb490f74e162a7.jpg,[],[]
/home/huy/Documents/de_tai_tot_nghiep/Drone Thermal.v4i.voc/imgs/1_70_30_0_07589_jpg.rf.45ceb2405e295fcf196f7032162d29cf.jpg,"[[778.0, 648.0, 30, 50], [184.0, 614.0, 38, 42]]","[1, 1]"
/home/huy/Documents/de_tai_tot_nghiep/Drone Thermal.v4i.voc/imgs/1_70_70_0_07730_jpg.rf.bb041b05715e2387e587f556fbf1f1b3.jpg,[],[]
/home/huy/Documents/de_tai_tot_nghiep/Drone Thermal.v4i.voc/imgs/1_60_50_0_00381_jpg.rf.8a9eba14e62f851a0fd0e6c813b83344.jpg,"[[921.0, 651.0, 32, 60], [1085.0, 798.0, 48, 74], [1035.0, 143.0, 28, 56]]","[1, 1, 1]"
/home/huy/Documents/de_tai_tot_nghiep/Drone Thermal.v4i.voc/imgs/1_80_70_0_04739_jpg.rf.21857243f5e8078a04193a29e71012b4.jpg,[],[]
/home/huy/Documents/de_tai_tot_nghiep/Drone Thermal.v4i.voc/imgs/0_100_30_0_08087_jpg.rf.72fbdb496590510a500e84ebbb965d10.jpg,[],[]
/home/huy/Documents/de_tai_tot_nghiep/Drone Thermal.v4i.voc/imgs/1_120_30_0_02784_jpg.rf.ca3d5f93b32ae43009dd3f9a1821334f.jpg,"[[577.0, 629.0, 16, 24], [555.0, 676.0, 16, 30], [677.0, 640.0, 12, 26], [689.0, 660.0, 16, 26], [629.0, 651.0, 16, 32], [587.0, 650.0, 16, 30], [609.0, 660.0, 12, 26], [618.0, 673.0, 14, 28], [699.0, 680.0, 12, 30], [656.0, 671.0, 14, 28], [598.0, 687.0, 14, 28], [679.0, 693.0, 16, 28], [669.0, 768.0, 16, 30], [718.0, 761.0, 14, 32], [733.0, 791.0, 16, 28], [832.0, 777.0, 14, 28], [813.0, 814.0, 16, 30]]","[1, 1, 1, 1, 1, 1, 1, 1, 1, 1, 1, 1, 1, 1, 1, 1, 1]"
/home/huy/Documents/de_tai_tot_nghiep/Drone Thermal.v4i.voc/imgs/1_70_50_0_04397_jpg.rf.c518643e8a94546d372e621aa1fe871d.jpg,[],[]
/home/huy/Documents/de_tai_tot_nghiep/Drone Thermal.v4i.voc/imgs/1_120_40_0_02851_jpg.rf.83269171cb6530519680ac73f0a21ad8.jpg,"[[266.0, 150.0, 14, 26], [320.0, 192.0, 14, 26], [556.0, 175.0, 18, 28], [623.0, 164.0, 12, 26], [610.0, 176.0, 14, 30], [593.0, 167.0, 16, 28], [577.0, 183.0, 16, 28], [603.0, 203.0, 12, 24], [1019.0, 338.0, 20, 30], [1095.0, 357.0, 16, 28], [118.0, 722.0, 14, 18], [112.0, 742.0, 18, 26], [134.0, 735.0, 14, 24], [152.0, 776.0, 14, 30], [165.0, 938.0, 12, 26], [166.0, 969.0, 14, 32], [190.0, 947.0, 14, 28], [206.0, 935.0, 14, 28], [253.0, 956.0, 16, 30], [220.0, 977.0, 14, 32], [193.0, 1010.0, 24, 30], [277.0, 962.0, 12, 18], [271.0, 942.0, 24, 26]]","[1, 1, 1, 1, 1, 1, 1, 1, 1, 1, 1, 1, 1, 1, 1, 1, 1, 1, 1, 1, 1, 1, 1]"
/home/huy/Documents/de_tai_tot_nghiep/Drone Thermal.v4i.voc/imgs/0_100_80_0_08257_jpg.rf.51bb801b510ee6bc9ae36637368b1017.jpg,[],[]
/home/huy/Documents/de_tai_tot_nghiep/Drone Thermal.v4i.voc/imgs/0_110_60_0_03671_jpg.rf.b66560e9db1748c142a4896585e11a40.jpg,"[[627.0, 238.0, 20, 42], [667.0, 262.0, 20, 42], [714.0, 290.0, 22, 34], [725.0, 359.0, 16, 44], [661.0, 189.0, 20, 28]]","[1, 1, 1, 1, 1]"
/home/huy/Documents/de_tai_tot_nghiep/Drone Thermal.v4i.voc/imgs/0_130_70_0_09804_jpg.rf.92c441309b7093b8753675fa8f426b09.jpg,[],[]
/home/huy/Documents/de_tai_tot_nghiep/Drone Thermal.v4i.voc/imgs/0_100_80_0_03479_jpg.rf.e4bece9ce8bdca01c2c94b5a4bebee4a.jpg,"[[857.0, 319.0, 24, 28], [701.0, 477.0, 20, 32]]","[1, 1]"
/home/huy/Documents/de_tai_tot_nghiep/Drone Thermal.v4i.voc/imgs/0_120_40_0_05372_jpg.rf.3595c180f1e8b228364565f8e8dc0245.jpg,[],[]
/home/huy/Documents/de_tai_tot_nghiep/Drone Thermal.v4i.voc/imgs/0_100_50_0_08158_jpg.rf.183dee1e6eebdf4bb34f18072ff3278d.jpg,[],[]
/home/huy/Documents/de_tai_tot_nghiep/Drone Thermal.v4i.voc/imgs/1_60_30_0_00148_jpg.rf.cb16ea69e4d55c6367ad0b8f3693842f.jpg,"[[176.0, 205.0, 22, 36], [381.0, 251.0, 12, 32], [455.0, 192.0, 24, 38], [76.0, 537.0, 18, 40], [45.0, 574.0, 24, 42], [110.0, 600.0, 18, 38], [1030.0, 943.0, 18, 44], [1178.0, 754.0, 18, 38], [1134.0, 711.0, 18, 40], [1144.0, 441.0, 14, 36], [1011.0, 459.0, 12, 32], [1022.0, 451.0, 10, 36], [1029.0, 447.0, 8, 32], [1094.0, 377.0, 18, 40], [958.0, 459.0, 18, 40], [905.0, 423.0, 20, 40], [717.0, 375.0, 20, 44], [798.0, 210.0, 14, 42], [834.0, 172.0, 14, 38], [676.0, 182.0, 14, 34], [904.0, 29.0, 18, 36], [1188.0, 436.0, 18, 46]]","[1, 1, 1, 1, 1, 1, 1, 1, 1, 1, 1, 1, 1, 1, 1, 1, 1, 1, 1, 1, 1, 1]"
/home/huy/Documents/de_tai_tot_nghiep/Drone Thermal.v4i.voc/imgs/1_80_70_0_04728_jpg.rf.a289f0a94d96d565ad092671c0f49b92.jpg,[],[]
/home/huy/Documents/de_tai_tot_nghiep/Drone Thermal.v4i.voc/imgs/1_60_30_0_00065_jpg.rf.1b99274fe3c53d6ddd4af704467c40e7.jpg,"[[433.0, 317.0, 16, 40], [533.0, 351.0, 16, 40], [558.0, 368.0, 18, 42], [398.0, 658.0, 14, 38], [375.0, 702.0, 16, 34], [356.0, 725.0, 14, 36], [966.0, 141.0, 14, 36]]","[1, 1, 1, 1, 1, 1, 1]"
/home/huy/Documents/de_tai_tot_nghiep/Drone Thermal.v4i.voc/imgs/0_60_40_0_01672_jpg.rf.b6301af991339e43d20473f4d7e10866.jpg,"[[421.0, 644.0, 20, 46], [488.0, 663.0, 22, 56], [765.0, 773.0, 16, 44], [873.0, 440.0, 20, 54], [813.0, 318.0, 20, 38], [867.0, 352.0, 20, 46], [965.0, 397.0, 20, 56], [995.0, 399.0, 20, 52], [1101.0, 420.0, 16, 54], [405.0, 867.0, 24, 40], [559.0, 549.0, 24, 32], [556.0, 630.0, 22, 50], [1074.0, 434.0, 18, 38]]","[1, 1, 1, 1, 1, 1, 1, 1, 1, 1, 1, 1, 1]"
/home/huy/Documents/de_tai_tot_nghiep/Drone Thermal.v4i.voc/imgs/1_80_90_0_08778_jpg.rf.afffac1f61b12368eb9d5d27324b4f48.jpg,[],[]
/home/huy/Documents/de_tai_tot_nghiep/Drone Thermal.v4i.voc/imgs/1_110_60_0_09124_jpg.rf.4ca1f55862043d2af2ae9a9c9f4d4030.jpg,[],[]
/home/huy/Documents/de_tai_tot_nghiep/Drone Thermal.v4i.voc/imgs/1_60_30_0_00067_jpg.rf.34e4e6d66603b330a5d8ee9880eedd5f.jpg,"[[426.0, 338.0, 14, 38], [522.0, 419.0, 18, 36], [553.0, 425.0, 20, 40], [403.0, 701.0, 16, 40], [379.0, 746.0, 16, 38], [360.0, 774.0, 14, 38], [869.0, 175.0, 12, 40]]","[1, 1, 1, 1, 1, 1, 1]"
/home/huy/Documents/de_tai_tot_nghiep/Drone Thermal.v4i.voc/imgs/1_90_80_0_05007_jpg.rf.6031e63c7fc06202d18ae4638c717fc5.jpg,"[[962.0, 505.0, 22, 44]]",[1]
/home/huy/Documents/de_tai_tot_nghiep/Drone Thermal.v4i.voc/imgs/0_120_80_0_05511_jpg.rf.bafe0609b2e41901d4240a2ae74bbc3f.jpg,[],[]
/home/huy/Documents/de_tai_tot_nghiep/Drone Thermal.v4i.voc/imgs/1_60_50_0_00282_jpg.rf.c3bf844ae31027f2e48e4ac98c3ca496.jpg,"[[305.0, 89.0, 28, 52], [391.0, 71.0, 28, 52], [380.0, 318.0, 26, 54], [554.0, 169.0, 22, 44], [675.0, 435.0, 32, 56], [707.0, 488.0, 20, 50], [1054.0, 661.0, 26, 52]]","[1, 1, 1, 1, 1, 1, 1]"
/home/huy/Documents/de_tai_tot_nghiep/Drone Thermal.v4i.voc/imgs/1_120_90_0_03018_jpg.rf.4a763a4f52916c3d6e1b95a4bce0359a.jpg,"[[454.0, 329.0, 26, 32], [426.0, 406.0, 22, 26], [464.0, 422.0, 18, 22], [561.0, 428.0, 24, 22], [430.0, 482.0, 10, 18], [421.0, 492.0, 12, 22], [472.0, 484.0, 18, 18], [473.0, 502.0, 24, 18], [374.0, 439.0, 26, 20]]","[1, 1, 1, 1, 1, 1, 1, 1, 1]"
/home/huy/Documents/de_tai_tot_nghiep/Drone Thermal.v4i.voc/imgs/1_130_90_0_10152_jpg.rf.f44c3359c79f14c4843f1132edb8b7f4.jpg,[],[]
/home/huy/Documents/de_tai_tot_nghiep/Drone Thermal.v4i.voc/imgs/1_90_60_0_04960_jpg.rf.f7b1d8b3028aa75698d4f144348ef621.jpg,[],[]
/home/huy/Documents/de_tai_tot_nghiep/Drone Thermal.v4i.voc/imgs/0_130_60_0_09803_jpg.rf.3170673e9b9f7fe74cc2addfcc674a7c.jpg,"[[500.0, 164.0, 30, 42]]",[1]
/home/huy/Documents/de_tai_tot_nghiep/Drone Thermal.v4i.voc/imgs/1_110_90_0_02763_jpg.rf.6df79e6ea30625d1cd49f35df0c9bb00.jpg,"[[396.0, 137.0, 26, 36], [459.0, 175.0, 16, 24], [435.0, 180.0, 32, 30], [476.0, 202.0, 38, 34], [590.0, 670.0, 30, 30], [526.0, 699.0, 34, 40], [504.0, 710.0, 26, 14], [512.0, 739.0, 26, 28], [509.0, 759.0, 32, 32], [597.0, 737.0, 24, 28], [599.0, 793.0, 20, 20], [584.0, 852.0, 26, 26]]","[1, 1, 1, 1, 1, 1, 1, 1, 1, 1, 1, 1]"
/home/huy/Documents/de_tai_tot_nghiep/Drone Thermal.v4i.voc/imgs/1_60_60_0_00522_jpg.rf.e0b7730c4e08c464a484460a1d4c3bba.jpg,"[[762.0, 247.0, 30, 60], [608.0, 509.0, 30, 56], [815.0, 501.0, 28, 52], [785.0, 591.0, 28, 52]]","[1, 1, 1, 1]"
/home/huy/Documents/de_tai_tot_nghiep/Drone Thermal.v4i.voc/imgs/1_60_90_0_07558_jpg.rf.aafd0093bd8f952a28d5eb52246e995b.jpg,[],[]
/home/huy/Documents/de_tai_tot_nghiep/Drone Thermal.v4i.voc/imgs/1_100_30_0_02338_jpg.rf.6cf6417b5eb61afae567b6abb1426254.jpg,"[[200.0, 568.0, 30, 38], [664.0, 701.0, 22, 28], [720.0, 54.0, 22, 30], [699.0, 67.0, 20, 32], [657.0, 78.0, 16, 22], [667.0, 90.0, 16, 22], [524.0, 145.0, 22, 32], [532.0, 167.0, 22, 28], [499.0, 138.0, 16, 30], [489.0, 167.0, 24, 52], [470.0, 149.0, 14, 24], [458.0, 149.0, 18, 32]]","[1, 1, 1, 1, 1, 1, 1, 1, 1, 1, 1, 1]"
/home/huy/Documents/de_tai_tot_nghiep/Drone Thermal.v4i.voc/imgs/0_100_80_0_08253_jpg.rf.303637eaf4ed1dbf99b0bd5335988f99.jpg,[],[]
/home/huy/Documents/de_tai_tot_nghiep/Drone Thermal.v4i.voc/imgs/1_60_70_0_00565_jpg.rf.bb2185b88406c883b340aab88e5b09c6.jpg,"[[703.0, 612.0, 48, 58]]",[1]
/home/huy/Documents/de_tai_tot_nghiep/Drone Thermal.v4i.voc/imgs/1_60_80_0_00709_jpg.rf.de883cb3227485ff0e2bfd150d49b937.jpg,"[[813.0, 352.0, 32, 34], [733.0, 350.0, 32, 34], [1187.0, 247.0, 56, 72], [865.0, 141.0, 32, 40], [870.0, 64.0, 26, 50], [830.0, 106.0, 50, 46], [707.0, 39.0, 56, 68], [699.0, 13.0, 32, 24], [658.0, 459.0, 34, 28], [591.0, 401.0, 28, 36], [580.0, 454.0, 26, 34], [260.0, 338.0, 30, 34], [308.0, 455.0, 38, 32], [278.0, 519.0, 30, 32], [129.0, 525.0, 44, 36], [125.0, 550.0, 40, 26], [463.0, 629.0, 28, 40], [508.0, 659.0, 34, 32], [276.0, 733.0, 34, 28], [311.0, 772.0, 28, 34], [272.0, 773.0, 34, 28], [524.0, 938.0, 66, 42], [520.0, 980.0, 38, 38], [9.0, 931.0, 16, 28]]","[1, 1, 1, 1, 1, 1, 1, 1, 1, 1, 1, 1, 1, 1, 1, 1, 1, 1, 1, 1, 1, 1, 1, 1]"
/home/huy/Documents/de_tai_tot_nghiep/Drone Thermal.v4i.voc/imgs/1_80_80_0_01335_jpg.rf.94617413069361f8d592918f7eb6e5d7.jpg,"[[171.0, 371.0, 44, 64], [392.0, 605.0, 34, 28], [792.0, 437.0, 46, 44], [790.0, 570.0, 26, 34], [813.0, 640.0, 40, 42], [757.0, 640.0, 40, 38], [698.0, 690.0, 38, 34], [617.0, 738.0, 36, 30]]","[1, 1, 1, 1, 1, 1, 1, 1]"
/home/huy/Documents/de_tai_tot_nghiep/Drone Thermal.v4i.voc/imgs/0_120_30_0_09464_jpg.rf.5f16270c0b4d2ac4d026a3d79ad31223.jpg,[],[]
/home/huy/Documents/de_tai_tot_nghiep/Drone Thermal.v4i.voc/imgs/1_60_30_0_07349_jpg.rf.58a9846d890606191212607e3a512f23.jpg,[],[]
/home/huy/Documents/de_tai_tot_nghiep/Drone Thermal.v4i.voc/imgs/0_60_70_0_01772_jpg.rf.9d1987aafb0b43b4c8766bffc40ca6c9.jpg,"[[610.0, 562.0, 30, 38], [828.0, 526.0, 26, 50], [1131.0, 245.0, 28, 52], [682.0, 669.0, 46, 52], [794.0, 697.0, 22, 52], [729.0, 748.0, 28, 74], [944.0, 761.0, 38, 52]]","[1, 1, 1, 1, 1, 1, 1]"
/home/huy/Documents/de_tai_tot_nghiep/Drone Thermal.v4i.voc/imgs/1_130_60_0_03935_jpg.rf.65635e2358431f69badf69d2f1b5c2e4.jpg,"[[142.0, 104.0, 18, 30], [236.0, 67.0, 18, 28], [283.0, 25.0, 24, 28], [582.0, 180.0, 18, 34], [386.0, 777.0, 22, 40], [449.0, 762.0, 20, 38], [430.0, 820.0, 26, 26], [463.0, 809.0, 16, 32], [523.0, 809.0, 16, 28], [485.0, 879.0, 24, 32]]","[1, 1, 1, 1, 1, 1, 1, 1, 1, 1]"
/home/huy/Documents/de_tai_tot_nghiep/Drone Thermal.v4i.voc/imgs/1_80_50_0_04680_jpg.rf.85f9a594fdb9ebb613ffe4765f0dfe88.jpg,[],[]
/home/huy/Documents/de_tai_tot_nghiep/Drone Thermal.v4i.voc/imgs/0_130_50_0_09738_jpg.rf.3b071d3a632836fa94b27a98eb22fff5.jpg,[],[]
/home/huy/Documents/de_tai_tot_nghiep/Drone Thermal.v4i.voc/imgs/1_60_60_0_00433_jpg.rf.f59e0d08297fdf61c9d2b31ccc205766.jpg,"[[613.0, 626.0, 24, 70], [1257.0, 52.0, 24, 46], [1170.0, 759.0, 38, 52]]","[1, 1, 1]"
/home/huy/Documents/de_tai_tot_nghiep/Drone Thermal.v4i.voc/imgs/0_120_50_0_09530_jpg.rf.1bc0f26f2d163f47bf36236697d7e6a1.jpg,[],[]
/home/huy/Documents/de_tai_tot_nghiep/Drone Thermal.v4i.voc/imgs/1_70_30_0_07580_jpg.rf.caf0d5fbe78660dc8ead3e4ec8257ef4.jpg,"[[358.0, 831.0, 38, 72]]",[1]
/home/huy/Documents/de_tai_tot_nghiep/Drone Thermal.v4i.voc/imgs/0_120_80_0_05513_jpg.rf.674ed2467cb6ed7d0d43c53461925e29.jpg,[],[]
/home/huy/Documents/de_tai_tot_nghiep/Drone Thermal.v4i.voc/imgs/0_60_60_0_01726_jpg.rf.6813f9b3003dcf8a4486d84d85cf67c8.jpg,"[[366.0, 305.0, 22, 48], [229.0, 779.0, 36, 56], [394.0, 343.0, 22, 44], [414.0, 356.0, 18, 58], [351.0, 686.0, 28, 54], [331.0, 768.0, 20, 58], [380.0, 783.0, 34, 56], [405.0, 700.0, 44, 66], [893.0, 269.0, 20, 48], [1135.0, 238.0, 20, 46], [926.0, 108.0, 22, 50], [914.0, 147.0, 22, 48], [865.0, 219.0, 16, 52], [743.0, 157.0, 32, 40], [1116.0, 273.0, 18, 60]]","[1, 1, 1, 1, 1, 1, 1, 1, 1, 1, 1, 1, 1, 1, 1]"
/home/huy/Documents/de_tai_tot_nghiep/Drone Thermal.v4i.voc/imgs/1_60_70_0_00635_jpg.rf.bb4c092d50ea19ebd319674c427c3818.jpg,"[[812.0, 141.0, 46, 68], [869.0, 931.0, 36, 44]]","[1, 1]"
/home/huy/Documents/de_tai_tot_nghiep/Drone Thermal.v4i.voc/imgs/0_120_40_0_05359_jpg.rf.bd16ab7402efe121293d0a1949f05da7.jpg,[],[]
/home/huy/Documents/de_tai_tot_nghiep/Drone Thermal.v4i.voc/imgs/1_70_70_0_01024_jpg.rf.f11f71d3bd946bbb987ae4ef68ef1e8d.jpg,"[[730.0, 374.0, 26, 34], [762.0, 346.0, 26, 42], [758.0, 273.0, 38, 44], [756.0, 220.0, 34, 50], [681.0, 291.0, 20, 40], [627.0, 276.0, 28, 46]]","[1, 1, 1, 1, 1, 1]"
/home/huy/Documents/de_tai_tot_nghiep/Drone Thermal.v4i.voc/imgs/1_60_30_0_00082_jpg.rf.20570be21e27e68477f4a13a8564ab61.jpg,"[[729.0, 586.0, 20, 38], [701.0, 283.0, 20, 36], [500.0, 486.0, 14, 42], [650.0, 897.0, 22, 48], [624.0, 959.0, 22, 48], [475.0, 1008.0, 24, 34]]","[1, 1, 1, 1, 1, 1]"
/home/huy/Documents/de_tai_tot_nghiep/Drone Thermal.v4i.voc/imgs/1_130_50_0_03916_jpg.rf.5a5a0edec7b4bf29481402a94234696c.jpg,"[[235.0, 46.0, 16, 38], [415.0, 464.0, 16, 30], [501.0, 488.0, 16, 30], [501.0, 514.0, 16, 34], [482.0, 535.0, 18, 32], [517.0, 496.0, 16, 30], [523.0, 483.0, 16, 32]]","[1, 1, 1, 1, 1, 1, 1]"
/home/huy/Documents/de_tai_tot_nghiep/Drone Thermal.v4i.voc/imgs/1_100_70_0_05241_jpg.rf.6528a9c0159c3ad25178ac55091b55cf.jpg,[],[]
/home/huy/Documents/de_tai_tot_nghiep/Drone Thermal.v4i.voc/imgs/1_60_70_0_04228_jpg.rf.9d1b4a125b249117d4ccba5b5a92be25.jpg,[],[]
/home/huy/Documents/de_tai_tot_nghiep/Drone Thermal.v4i.voc/imgs/1_110_70_0_02691_jpg.rf.29305cb830bb4c3fa541db22c8b45c08.jpg,"[[479.0, 333.0, 20, 36], [440.0, 313.0, 22, 36], [388.0, 314.0, 26, 30], [377.0, 332.0, 24, 38], [371.0, 680.0, 24, 34], [464.0, 738.0, 34, 42], [342.0, 748.0, 26, 34], [430.0, 826.0, 30, 38], [366.0, 805.0, 34, 48], [333.0, 829.0, 40, 36]]","[1, 1, 1, 1, 1, 1, 1, 1, 1, 1]"
/home/huy/Documents/de_tai_tot_nghiep/Drone Thermal.v4i.voc/imgs/1_130_70_0_03971_jpg.rf.0e840bd49640cdc3ae0de240a90cdae8.jpg,"[[436.0, 389.0, 22, 32], [509.0, 420.0, 20, 26], [541.0, 451.0, 20, 32], [508.0, 466.0, 18, 26], [575.0, 444.0, 20, 30], [571.0, 474.0, 20, 22]]","[1, 1, 1, 1, 1, 1]"
/home/huy/Documents/de_tai_tot_nghiep/Drone Thermal.v4i.voc/imgs/0_70_90_0_02066_jpg.rf.f6a4718091068553ddab3be78fd87cef.jpg,"[[337.0, 792.0, 24, 42], [473.0, 798.0, 40, 38], [569.0, 866.0, 32, 62], [651.0, 860.0, 64, 62], [731.0, 957.0, 48, 44], [763.0, 974.0, 32, 38], [1053.0, 255.0, 24, 36], [818.0, 338.0, 34, 38], [1026.0, 262.0, 30, 30], [989.0, 332.0, 52, 58]]","[1, 1, 1, 1, 1, 1, 1, 1, 1, 1]"
/home/huy/Documents/de_tai_tot_nghiep/Drone Thermal.v4i.voc/imgs/0_100_50_0_08162_jpg.rf.1e601f4b64a9ef7ea0f0df5b1c6fe426.jpg,[],[]
/home/huy/Documents/de_tai_tot_nghiep/Drone Thermal.v4i.voc/imgs/1_60_60_0_00446_jpg.rf.9734e74f28d9e6876c96158963f027f1.jpg,"[[890.0, 380.0, 30, 54], [1123.0, 481.0, 28, 44], [855.0, 651.0, 40, 56], [513.0, 757.0, 28, 48], [1022.0, 681.0, 34, 48], [989.0, 672.0, 36, 26], [990.0, 700.0, 34, 26]]","[1, 1, 1, 1, 1, 1, 1]"
/home/huy/Documents/de_tai_tot_nghiep/Drone Thermal.v4i.voc/imgs/1_130_60_0_07235_jpg.rf.d7c47d1c4d4ff4ab8524f8281a65c1b3.jpg,[],[]
/home/huy/Documents/de_tai_tot_nghiep/Drone Thermal.v4i.voc/imgs/1_90_80_0_08955_jpg.rf.6f0edc7a816fc8f5a80e5d290534ec3f.jpg,[],[]
/home/huy/Documents/de_tai_tot_nghiep/Drone Thermal.v4i.voc/imgs/1_80_80_0_04763_jpg.rf.98c18fef53265c012db70ac030dde76f.jpg,[],[]
/home/huy/Documents/de_tai_tot_nghiep/Drone Thermal.v4i.voc/imgs/0_100_80_0_03468_jpg.rf.cd11858ba744dc2053a3ced8da73501d.jpg,"[[712.0, 46.0, 18, 34]]",[1]
/home/huy/Documents/de_tai_tot_nghiep/Drone Thermal.v4i.voc/imgs/0_130_90_0_05709_jpg.rf.d6ee543a10788085198349abf4dd96f9.jpg,[],[]
/home/huy/Documents/de_tai_tot_nghiep/Drone Thermal.v4i.voc/imgs/1_70_40_0_04379_jpg.rf.48c44cf1b948afec1fd8c4b158bf1739.jpg,[],[]
/home/huy/Documents/de_tai_tot_nghiep/Drone Thermal.v4i.voc/imgs/1_80_40_0_01169_jpg.rf.414496a1ac574dd02a51584d38d45ead.jpg,"[[623.0, 204.0, 24, 42], [598.0, 253.0, 22, 44], [646.0, 226.0, 14, 34], [629.0, 240.0, 20, 38], [676.0, 228.0, 18, 38], [697.0, 255.0, 20, 44], [672.0, 276.0, 22, 38], [657.0, 266.0, 16, 38], [544.0, 546.0, 30, 26], [716.0, 540.0, 22, 50], [667.0, 555.0, 16, 40], [661.0, 596.0, 24, 38], [677.0, 628.0, 24, 46], [597.0, 595.0, 24, 36], [477.0, 704.0, 28, 42], [1093.0, 652.0, 24, 34], [1121.0, 678.0, 24, 46]]","[1, 1, 1, 1, 1, 1, 1, 1, 1, 1, 1, 1, 1, 1, 1, 1, 1]"
/home/huy/Documents/de_tai_tot_nghiep/Drone Thermal.v4i.voc/imgs/1_60_70_0_00629_jpg.rf.0254ba25a5784a2d0ddd27ad9e1b4016.jpg,"[[797.0, 30.0, 44, 58], [891.0, 336.0, 48, 66], [817.0, 434.0, 36, 54], [1058.0, 633.0, 26, 56], [632.0, 769.0, 38, 60]]","[1, 1, 1, 1, 1]"
/home/huy/Documents/de_tai_tot_nghiep/Drone Thermal.v4i.voc/imgs/0_120_60_0_05429_jpg.rf.e5066e9c0bcf248d4bb9cae2d47fc600.jpg,[],[]
/home/huy/Documents/de_tai_tot_nghiep/Drone Thermal.v4i.voc/imgs/1_60_30_0_00013_jpg.rf.84d538af0d12baccf1f2fa517aea6709.jpg,"[[421.0, 208.0, 12, 34], [308.0, 441.0, 14, 36], [282.0, 465.0, 14, 36], [320.0, 481.0, 14, 36], [332.0, 685.0, 18, 36], [495.0, 661.0, 20, 36], [320.0, 737.0, 18, 40], [490.0, 988.0, 18, 38], [464.0, 987.0, 22, 44], [739.0, 131.0, 20, 36], [820.0, 97.0, 18, 36]]","[1, 1, 1, 1, 1, 1, 1, 1, 1, 1, 1]"
/home/huy/Documents/de_tai_tot_nghiep/Drone Thermal.v4i.voc/imgs/0_100_30_0_08100_jpg.rf.4824497f02199efaa9df4f1d5884bef0.jpg,[],[]
/home/huy/Documents/de_tai_tot_nghiep/Drone Thermal.v4i.voc/imgs/1_90_60_0_08922_jpg.rf.aafb60c77e0b84b449ac263b162d2a34.jpg,[],[]
/home/huy/Documents/de_tai_tot_nghiep/Drone Thermal.v4i.voc/imgs/0_130_30_0_05569_jpg.rf.7792067761608c411ac8fa0748ec1cba.jpg,[],[]
/home/huy/Documents/de_tai_tot_nghiep/Drone Thermal.v4i.voc/imgs/1_130_90_0_07338_jpg.rf.9cbc426fe340899d77de42ae37ecc484.jpg,[],[]
/home/huy/Documents/de_tai_tot_nghiep/Drone Thermal.v4i.voc/imgs/1_70_60_0_01006_jpg.rf.58edbc4e2194ea43f46c350047006529.jpg,"[[671.0, 876.0, 28, 46], [727.0, 979.0, 24, 40], [623.0, 1006.0, 20, 30], [710.0, 1013.0, 26, 16]]","[1, 1, 1, 1]"
/home/huy/Documents/de_tai_tot_nghiep/Drone Thermal.v4i.voc/imgs/1_110_60_0_05853_jpg.rf.d8e1f4f365f850e827ed9b6637f2826f.jpg,[],[]
/home/huy/Documents/de_tai_tot_nghiep/Drone Thermal.v4i.voc/imgs/1_110_60_0_02655_jpg.rf.27e03bd807b676d5146b8952497225d8.jpg,"[[577.0, 380.0, 24, 30], [501.0, 474.0, 20, 34], [441.0, 482.0, 28, 46], [373.0, 858.0, 20, 30], [389.0, 862.0, 20, 34], [429.0, 895.0, 16, 36], [476.0, 894.0, 22, 34], [382.0, 902.0, 22, 34], [363.0, 924.0, 32, 42], [350.0, 1001.0, 18, 24], [380.0, 980.0, 18, 30], [399.0, 986.0, 16, 22], [415.0, 996.0, 16, 26], [427.0, 1007.0, 20, 24]]","[1, 1, 1, 1, 1, 1, 1, 1, 1, 1, 1, 1, 1, 1]"
/home/huy/Documents/de_tai_tot_nghiep/Drone Thermal.v4i.voc/imgs/1_60_30_0_00089_jpg.rf.d212750b365217479f4c565a361f901d.jpg,"[[749.0, 827.0, 20, 44], [505.0, 546.0, 16, 38], [613.0, 462.0, 20, 38], [1106.0, 112.0, 18, 38], [1105.0, 84.0, 16, 34]]","[1, 1, 1, 1, 1]"
/home/huy/Documents/de_tai_tot_nghiep/Drone Thermal.v4i.voc/imgs/1_130_80_0_04037_jpg.rf.702fa6b8c5a4a5d72887e000869f43b9.jpg,"[[499.0, 528.0, 20, 34], [648.0, 564.0, 18, 30], [597.0, 575.0, 16, 28], [580.0, 581.0, 18, 24], [601.0, 628.0, 20, 26], [579.0, 647.0, 16, 24]]","[1, 1, 1, 1, 1, 1]"
/home/huy/Documents/de_tai_tot_nghiep/Drone Thermal.v4i.voc/imgs/1_60_80_0_00680_jpg.rf.e0419bca46235df635496b2be62d690c.jpg,"[[706.0, 349.0, 42, 32], [650.0, 425.0, 38, 32], [441.0, 443.0, 24, 36], [595.0, 510.0, 52, 54], [545.0, 554.0, 36, 42], [414.0, 541.0, 50, 56], [426.0, 621.0, 34, 36], [744.0, 591.0, 46, 32], [826.0, 690.0, 34, 38], [641.0, 725.0, 32, 28], [589.0, 719.0, 28, 28], [1264.0, 239.0, 30, 40], [784.0, 829.0, 46, 32], [797.0, 874.0, 32, 54]]","[1, 1, 1, 1, 1, 1, 1, 1, 1, 1, 1, 1, 1, 1]"
/home/huy/Documents/de_tai_tot_nghiep/Drone Thermal.v4i.voc/imgs/1_60_30_0_00028_jpg.rf.8999bece9a42b9d300923eef502352c9.jpg,"[[327.0, 172.0, 20, 38], [353.0, 176.0, 20, 38], [454.0, 257.0, 22, 40], [434.0, 283.0, 18, 40], [571.0, 106.0, 16, 42], [624.0, 389.0, 22, 40], [562.0, 450.0, 26, 46], [379.0, 970.0, 28, 50], [1077.0, 613.0, 20, 44], [998.0, 513.0, 18, 40], [962.0, 592.0, 14, 42], [949.0, 594.0, 12, 38], [936.0, 596.0, 14, 42], [851.0, 607.0, 20, 44], [772.0, 489.0, 18, 44], [660.0, 511.0, 18, 44], [875.0, 360.0, 20, 38]]","[1, 1, 1, 1, 1, 1, 1, 1, 1, 1, 1, 1, 1, 1, 1, 1, 1]"
/home/huy/Documents/de_tai_tot_nghiep/Drone Thermal.v4i.voc/imgs/1_130_30_0_07150_jpg.rf.aea3ceec84b273de12214c937c0637c0.jpg,[],[]
/home/huy/Documents/de_tai_tot_nghiep/Drone Thermal.v4i.voc/imgs/1_60_90_0_07567_jpg.rf.ddf40d46e596276e15ec140833fd5c30.jpg,[],[]
/home/huy/Documents/de_tai_tot_nghiep/Drone Thermal.v4i.voc/imgs/1_70_50_0_00983_jpg.rf.7916c119d9b2abaaa0913e5976af4983.jpg,"[[566.0, 377.0, 22, 48], [1021.0, 373.0, 28, 48]]","[1, 1]"
/home/huy/Documents/de_tai_tot_nghiep/Drone Thermal.v4i.voc/imgs/1_80_80_0_04775_jpg.rf.a124b3c10498b47d8511e86cf274ee7c.jpg,[],[]
/home/huy/Documents/de_tai_tot_nghiep/Drone Thermal.v4i.voc/imgs/1_60_80_0_00715_jpg.rf.4122d805941669a4f5a368994b0e3b5e.jpg,"[[856.0, 47.0, 26, 40], [646.0, 48.0, 42, 54], [1083.0, 133.0, 48, 48], [1181.0, 335.0, 44, 36], [896.0, 312.0, 26, 34], [836.0, 289.0, 22, 36], [827.0, 334.0, 36, 38], [163.0, 321.0, 44, 44], [161.0, 476.0, 24, 38], [495.0, 631.0, 36, 32], [252.0, 602.0, 34, 38], [301.0, 587.0, 44, 44], [207.0, 570.0, 32, 30], [90.0, 603.0, 58, 64], [361.0, 688.0, 28, 42], [331.0, 686.0, 32, 50], [247.0, 740.0, 52, 46], [198.0, 778.0, 30, 26], [533.0, 839.0, 36, 36], [645.0, 899.0, 36, 44]]","[1, 1, 1, 1, 1, 1, 1, 1, 1, 1, 1, 1, 1, 1, 1, 1, 1, 1, 1, 1]"
/home/huy/Documents/de_tai_tot_nghiep/Drone Thermal.v4i.voc/imgs/1_60_70_0_00618_jpg.rf.c6c0d89a37e462fed1564ecbea892aff.jpg,"[[774.0, 75.0, 46, 68], [865.0, 384.0, 40, 70], [784.0, 530.0, 34, 58], [1078.0, 603.0, 34, 60], [606.0, 826.0, 30, 54]]","[1, 1, 1, 1, 1]"
/home/huy/Documents/de_tai_tot_nghiep/Drone Thermal.v4i.voc/imgs/1_100_80_0_06377_jpg.rf.4ffdcda51e2ff584fe4703a5f5102e8f.jpg,"[[304.0, 430.0, 22, 26], [294.0, 464.0, 46, 42]]","[1, 1]"
/home/huy/Documents/de_tai_tot_nghiep/Drone Thermal.v4i.voc/imgs/0_130_90_0_09860_jpg.rf.608c69fb4e7184bccafb97e06411372c.jpg,[],[]
/home/huy/Documents/de_tai_tot_nghiep/Drone Thermal.v4i.voc/imgs/0_60_70_0_06602_jpg.rf.f16a1fa72e101f4d933ce76f96fc6ef9.jpg,[],[]
/home/huy/Documents/de_tai_tot_nghiep/Drone Thermal.v4i.voc/imgs/1_130_70_0_03988_jpg.rf.224587092bcea08a3dfb57ca94e5dc1a.jpg,"[[449.0, 529.0, 24, 28], [490.0, 575.0, 18, 32], [589.0, 557.0, 20, 32], [626.0, 498.0, 18, 30], [551.0, 433.0, 20, 28], [698.0, 412.0, 22, 26]]","[1, 1, 1, 1, 1, 1]"
/home/huy/Documents/de_tai_tot_nghiep/Drone Thermal.v4i.voc/imgs/1_60_80_0_04240_jpg.rf.24b13726e64b38d3dfd82b3c6eb632a6.jpg,[],[]
/home/huy/Documents/de_tai_tot_nghiep/Drone Thermal.v4i.voc/imgs/0_60_80_0_01791_jpg.rf.6d96669d6f6e1a22a1b7a2bb209fc761.jpg,"[[517.0, 572.0, 44, 50], [1042.0, 36.0, 34, 50], [990.0, 72.0, 30, 54], [977.0, 130.0, 48, 58], [399.0, 701.0, 28, 52], [556.0, 748.0, 26, 46], [611.0, 734.0, 40, 34], [1013.0, 160.0, 20, 46], [904.0, 982.0, 42, 42], [454.0, 707.0, 38, 40]]","[1, 1, 1, 1, 1, 1, 1, 1, 1, 1]"
/home/huy/Documents/de_tai_tot_nghiep/Drone Thermal.v4i.voc/imgs/1_130_40_0_10008_jpg.rf.6334a7711bdc0cb40d1cff680b1f7859.jpg,"[[569.0, 574.0, 20, 38]]",[1]
/home/huy/Documents/de_tai_tot_nghiep/Drone Thermal.v4i.voc/imgs/0_120_30_0_05335_jpg.rf.cd743753963776a8f373808d5004da7d.jpg,[],[]
/home/huy/Documents/de_tai_tot_nghiep/Drone Thermal.v4i.voc/imgs/1_130_50_0_03914_jpg.rf.ec770dabf9f6f65caa7ae764e64c62ee.jpg,"[[253.0, 28.0, 16, 38], [429.0, 456.0, 16, 30], [500.0, 454.0, 18, 34], [531.0, 472.0, 16, 34], [506.0, 475.0, 18, 36], [531.0, 497.0, 20, 32], [499.0, 506.0, 20, 34]]","[1, 1, 1, 1, 1, 1, 1]"
/home/huy/Documents/de_tai_tot_nghiep/Drone Thermal.v4i.voc/imgs/1_80_80_0_08744_jpg.rf.bc4762a5ed4ebf774bf54b729f5eb287.jpg,[],[]
/home/huy/Documents/de_tai_tot_nghiep/Drone Thermal.v4i.voc/imgs/1_60_60_0_00421_jpg.rf.5101e3925cd4d19c653b8dd975b2051f.jpg,"[[1107.0, 116.0, 36, 74], [1008.0, 177.0, 34, 64], [1083.0, 477.0, 32, 40], [819.0, 485.0, 56, 60], [741.0, 895.0, 44, 64], [479.0, 831.0, 28, 56], [970.0, 779.0, 30, 56], [923.0, 782.0, 32, 62], [946.0, 781.0, 34, 68]]","[1, 1, 1, 1, 1, 1, 1, 1, 1]"
/home/huy/Documents/de_tai_tot_nghiep/Drone Thermal.v4i.voc/imgs/1_120_80_0_06137_jpg.rf.2651fa9a81b7919ba5c785ae21a15c8f.jpg,[],[]
/home/huy/Documents/de_tai_tot_nghiep/Drone Thermal.v4i.voc/imgs/1_60_50_0_00343_jpg.rf.6a84911ea2148fd9cd76c69f7ad20078.jpg,"[[625.0, 36.0, 28, 54], [151.0, 21.0, 36, 40], [131.0, 30.0, 40, 58], [983.0, 524.0, 28, 50], [948.0, 566.0, 30, 54]]","[1, 1, 1, 1, 1]"
/home/huy/Documents/de_tai_tot_nghiep/Drone Thermal.v4i.voc/imgs/1_80_30_0_04596_jpg.rf.658574682d75d38439a33eeb82b8c340.jpg,"[[657.0, 711.0, 20, 48]]",[1]
/home/huy/Documents/de_tai_tot_nghiep/Drone Thermal.v4i.voc/imgs/1_60_60_0_00485_jpg.rf.e0cc7e7caa4cd82a57932822277113cc.jpg,"[[731.0, 298.0, 32, 54], [928.0, 613.0, 26, 56], [1087.0, 472.0, 20, 38], [1004.0, 439.0, 30, 64], [750.0, 700.0, 34, 50], [436.0, 982.0, 22, 46], [887.0, 985.0, 20, 52], [907.0, 988.0, 20, 50], [930.0, 986.0, 26, 50]]","[1, 1, 1, 1, 1, 1, 1, 1, 1]"
/home/huy/Documents/de_tai_tot_nghiep/Drone Thermal.v4i.voc/imgs/1_110_70_0_02681_jpg.rf.2df8c60f93f3663cf6cbdec0c8f0f722.jpg,"[[345.0, 176.0, 20, 34], [348.0, 211.0, 30, 40], [327.0, 232.0, 32, 42], [334.0, 313.0, 30, 36], [409.0, 562.0, 28, 42], [405.0, 696.0, 20, 34], [467.0, 718.0, 24, 34], [320.0, 659.0, 26, 28], [435.0, 830.0, 24, 30], [292.0, 699.0, 30, 24], [295.0, 726.0, 20, 34], [326.0, 704.0, 42, 42]]","[1, 1, 1, 1, 1, 1, 1, 1, 1, 1, 1, 1]"
/home/huy/Documents/de_tai_tot_nghiep/Drone Thermal.v4i.voc/imgs/0_80_30_0_06899_jpg.rf.c42305e05fec4819a02fdd7cdad7fe86.jpg,[],[]
/home/huy/Documents/de_tai_tot_nghiep/Drone Thermal.v4i.voc/imgs/1_60_70_0_04239_jpg.rf.0bf533b08d728c360cc204e6ba4bebde.jpg,[],[]
/home/huy/Documents/de_tai_tot_nghiep/Drone Thermal.v4i.voc/imgs/1_100_40_0_05127_jpg.rf.1ba9b7837350fa4a52e89529f09dfc30.jpg,[],[]
/home/huy/Documents/de_tai_tot_nghiep/Drone Thermal.v4i.voc/imgs/1_60_60_0_00518_jpg.rf.d6f12dd12b47727202271b0f1559b711.jpg,"[[739.0, 57.0, 32, 52], [454.0, 902.0, 26, 54], [1052.0, 272.0, 22, 54], [788.0, 586.0, 34, 58], [975.0, 390.0, 28, 66], [1079.0, 469.0, 24, 44], [896.0, 871.0, 18, 52], [916.0, 872.0, 18, 54], [944.0, 879.0, 34, 56]]","[1, 1, 1, 1, 1, 1, 1, 1, 1]"
/home/huy/Documents/de_tai_tot_nghiep/Drone Thermal.v4i.voc/imgs/0_130_40_0_05601_jpg.rf.b029687407fe8de0d35aa8c10cc45e82.jpg,"[[1061.0, 538.0, 16, 34]]",[1]
/home/huy/Documents/de_tai_tot_nghiep/Drone Thermal.v4i.voc/imgs/1_60_50_0_07435_jpg.rf.94550ca4c05912c905bfd181a2c2134f.jpg,[],[]
/home/huy/Documents/de_tai_tot_nghiep/Drone Thermal.v4i.voc/imgs/1_60_40_0_04115_jpg.rf.7701007c08a1ab53c556b9e3245ffe9c.jpg,[],[]
/home/huy/Documents/de_tai_tot_nghiep/Drone Thermal.v4i.voc/imgs/0_100_30_0_03298_jpg.rf.5fd57ce35aca171cd73ff58e588b0e32.jpg,"[[635.0, 601.0, 12, 40], [294.0, 658.0, 14, 38], [666.0, 433.0, 14, 36], [542.0, 292.0, 14, 30], [649.0, 833.0, 16, 32], [35.0, 592.0, 16, 30], [387.0, 739.0, 16, 32]]","[1, 1, 1, 1, 1, 1, 1]"
/home/huy/Documents/de_tai_tot_nghiep/Drone Thermal.v4i.voc/imgs/1_130_70_0_03966_jpg.rf.5cbd2df90cd6c2a759deb397ef9a801e.jpg,"[[477.0, 241.0, 24, 32], [487.0, 279.0, 24, 40], [441.0, 323.0, 24, 32], [476.0, 354.0, 22, 30], [461.0, 346.0, 20, 26], [444.0, 388.0, 26, 38]]","[1, 1, 1, 1, 1, 1]"
/home/huy/Documents/de_tai_tot_nghiep/Drone Thermal.v4i.voc/imgs/1_60_50_0_00305_jpg.rf.d771e89c4bbe69dd470f3ef9ec04a3c6.jpg,"[[197.0, 264.0, 24, 50], [26.0, 15.0, 22, 28], [286.0, 71.0, 22, 52], [441.0, 176.0, 28, 58], [500.0, 206.0, 30, 58], [973.0, 688.0, 32, 62], [754.0, 961.0, 18, 56], [728.0, 938.0, 30, 66]]","[1, 1, 1, 1, 1, 1, 1, 1]"
/home/huy/Documents/de_tai_tot_nghiep/Drone Thermal.v4i.voc/imgs/1_120_30_0_09274_jpg.rf.da00589fd3813f26b1f10de44885b1d8.jpg,[],[]
/home/huy/Documents/de_tai_tot_nghiep/Drone Thermal.v4i.voc/imgs/1_110_30_0_05729_jpg.rf.f38eb7f8b916315f3320b62885abda7a.jpg,[],[]
/home/huy/Documents/de_tai_tot_nghiep/Drone Thermal.v4i.voc/imgs/1_100_70_0_05234_jpg.rf.84d1930c99bcbc498a23d61019330f88.jpg,[],[]
/home/huy/Documents/de_tai_tot_nghiep/Drone Thermal.v4i.voc/imgs/1_130_60_0_10055_jpg.rf.ff447ce644a3aa07f1e9949181f80e7a.jpg,[],[]
/home/huy/Documents/de_tai_tot_nghiep/Drone Thermal.v4i.voc/imgs/1_80_30_0_01145_jpg.rf.e4801a205270178df40f40a37d2b5fc1.jpg,"[[1030.0, 682.0, 18, 42], [1127.0, 676.0, 16, 34], [1107.0, 680.0, 16, 38], [1088.0, 673.0, 22, 32], [1076.0, 711.0, 26, 44], [1091.0, 901.0, 24, 44], [1187.0, 918.0, 20, 38], [1190.0, 962.0, 22, 46], [1137.0, 926.0, 20, 42], [1121.0, 951.0, 28, 40]]","[1, 1, 1, 1, 1, 1, 1, 1, 1, 1]"
/home/huy/Documents/de_tai_tot_nghiep/Drone Thermal.v4i.voc/imgs/0_60_80_0_01810_jpg.rf.49b20e9ca37e6844f146e489c7994392.jpg,"[[492.0, 622.0, 22, 50], [529.0, 624.0, 28, 58], [568.0, 618.0, 30, 54], [477.0, 788.0, 32, 38], [497.0, 720.0, 28, 54], [1181.0, 273.0, 24, 48], [1047.0, 90.0, 28, 50], [1193.0, 34.0, 20, 62], [932.0, 126.0, 38, 46]]","[1, 1, 1, 1, 1, 1, 1, 1, 1]"
/home/huy/Documents/de_tai_tot_nghiep/Drone Thermal.v4i.voc/imgs/1_60_30_0_00106_jpg.rf.c2b7d4b11fed828910c70f1dacf52269.jpg,"[[474.0, 176.0, 14, 34], [299.0, 374.0, 12, 34], [312.0, 362.0, 14, 34], [323.0, 419.0, 16, 40], [497.0, 490.0, 20, 46], [343.0, 479.0, 20, 44], [333.0, 599.0, 20, 40], [474.0, 786.0, 22, 46], [490.0, 832.0, 18, 38], [273.0, 1014.0, 24, 18], [288.0, 986.0, 18, 46], [1276.0, 321.0, 6, 32], [1086.0, 68.0, 22, 38], [965.0, 83.0, 16, 36]]","[1, 1, 1, 1, 1, 1, 1, 1, 1, 1, 1, 1, 1, 1]"
/home/huy/Documents/de_tai_tot_nghiep/Drone Thermal.v4i.voc/imgs/0_80_80_0_02240_jpg.rf.9c1df947d6f2df5cbdd3d1e922367e31.jpg,"[[661.0, 159.0, 20, 36], [670.0, 252.0, 26, 38], [757.0, 221.0, 40, 44], [748.0, 277.0, 22, 36], [784.0, 295.0, 38, 56], [943.0, 230.0, 28, 42], [887.0, 318.0, 36, 54], [927.0, 370.0, 32, 42], [322.0, 667.0, 38, 28]]","[1, 1, 1, 1, 1, 1, 1, 1, 1]"
/home/huy/Documents/de_tai_tot_nghiep/Drone Thermal.v4i.voc/imgs/1_100_50_0_05142_jpg.rf.6de372940c0f99afe21bfbe00a3d9567.jpg,[],[]
/home/huy/Documents/de_tai_tot_nghiep/Drone Thermal.v4i.voc/imgs/1_60_50_0_00406_jpg.rf.3b25edb0c78caa2bc7c5d26a83c6a433.jpg,"[[107.0, 415.0, 36, 52], [643.0, 283.0, 36, 56], [279.0, 637.0, 24, 52], [690.0, 843.0, 38, 64], [895.0, 728.0, 28, 62], [1038.0, 395.0, 34, 60], [1240.0, 257.0, 34, 64]]","[1, 1, 1, 1, 1, 1, 1]"
/home/huy/Documents/de_tai_tot_nghiep/Drone Thermal.v4i.voc/imgs/0_110_90_0_03784_jpg.rf.21152c2bae2519e60d23e8fb98d49880.jpg,"[[954.0, 671.0, 18, 32], [1041.0, 480.0, 28, 30], [783.0, 136.0, 20, 26], [766.0, 99.0, 18, 28], [760.0, 13.0, 14, 20], [782.0, 16.0, 26, 30], [832.0, 61.0, 26, 32]]","[1, 1, 1, 1, 1, 1, 1]"
/home/huy/Documents/de_tai_tot_nghiep/Drone Thermal.v4i.voc/imgs/0_110_60_0_03679_jpg.rf.5908665a4c77572d53ac3bd40e0f0265.jpg,"[[659.0, 416.0, 16, 38], [731.0, 392.0, 20, 38], [762.0, 404.0, 18, 38], [737.0, 359.0, 20, 32], [757.0, 378.0, 12, 30], [1243.0, 1004.0, 20, 38]]","[1, 1, 1, 1, 1, 1]"
/home/huy/Documents/de_tai_tot_nghiep/Drone Thermal.v4i.voc/imgs/0_120_50_0_09534_jpg.rf.a0a40642440ad518601e84d6d1273af7.jpg,[],[]
/home/huy/Documents/de_tai_tot_nghiep/Drone Thermal.v4i.voc/imgs/0_80_60_0_02180_jpg.rf.5edf7972814a033c66016787d9be6c02.jpg,"[[701.0, 73.0, 20, 32], [771.0, 38.0, 24, 34], [717.0, 94.0, 28, 42], [880.0, 103.0, 18, 40], [765.0, 115.0, 28, 24], [752.0, 141.0, 30, 40], [844.0, 216.0, 38, 46]]","[1, 1, 1, 1, 1, 1, 1]"
/home/huy/Documents/de_tai_tot_nghiep/Drone Thermal.v4i.voc/imgs/0_100_70_0_08234_jpg.rf.e75069c2faf6cd390e33322ebfce7141.jpg,[],[]
/home/huy/Documents/de_tai_tot_nghiep/Drone Thermal.v4i.voc/imgs/0_60_50_0_06537_jpg.rf.eaf0f3620787fb57bf9b5e0d0d588ad8.jpg,[],[]
/home/huy/Documents/de_tai_tot_nghiep/Drone Thermal.v4i.voc/imgs/1_120_30_0_09289_jpg.rf.2149bdedcf5b11f16e893b4d9fb434f0.jpg,"[[923.0, 504.0, 12, 30], [1068.0, 919.0, 14, 32], [1048.0, 921.0, 14, 32]]","[1, 1, 1]"
/home/huy/Documents/de_tai_tot_nghiep/Drone Thermal.v4i.voc/imgs/1_70_80_0_04507_jpg.rf.164c6703627fb1f4f07f5ae1b8f5d843.jpg,[],[]
/home/huy/Documents/de_tai_tot_nghiep/Drone Thermal.v4i.voc/imgs/1_110_40_0_02597_jpg.rf.4fc04277513039125d38e7d31144336c.jpg,"[[313.0, 183.0, 16, 32], [306.0, 208.0, 14, 26], [633.0, 170.0, 16, 30], [641.0, 187.0, 16, 20], [689.0, 165.0, 24, 36], [679.0, 179.0, 16, 20], [676.0, 205.0, 26, 40], [1246.0, 369.0, 26, 32], [1230.0, 427.0, 26, 40], [267.0, 818.0, 40, 46], [183.0, 819.0, 24, 36], [156.0, 818.0, 26, 54]]","[1, 1, 1, 1, 1, 1, 1, 1, 1, 1, 1, 1]"
/home/huy/Documents/de_tai_tot_nghiep/Drone Thermal.v4i.voc/imgs/0_60_40_0_06495_jpg.rf.f8269e12d5beba3588ef7a83ec2cece3.jpg,"[[880.0, 201.0, 22, 60]]",[1]
/home/huy/Documents/de_tai_tot_nghiep/Drone Thermal.v4i.voc/imgs/1_70_90_0_07769_jpg.rf.721e98eadef1b66c785f00ea8b0eada1.jpg,"[[843.0, 358.0, 40, 38], [802.0, 380.0, 38, 30]]","[1, 1]"
/home/huy/Documents/de_tai_tot_nghiep/Drone Thermal.v4i.voc/imgs/1_60_30_0_00076_jpg.rf.898bc8084c2bc14afb00faa42d6bec39.jpg,"[[704.0, 379.0, 14, 40], [494.0, 410.0, 14, 30], [640.0, 666.0, 18, 42], [611.0, 699.0, 16, 40], [485.0, 865.0, 16, 44], [469.0, 942.0, 16, 38], [454.0, 972.0, 18, 42], [921.0, 159.0, 16, 36]]","[1, 1, 1, 1, 1, 1, 1, 1]"
/home/huy/Documents/de_tai_tot_nghiep/Drone Thermal.v4i.voc/imgs/1_130_30_0_09955_jpg.rf.13b73193bfbd1f6b79c7f6874072a2df.jpg,[],[]
/home/huy/Documents/de_tai_tot_nghiep/Drone Thermal.v4i.voc/imgs/1_70_70_0_01043_jpg.rf.dba96472e1f1f48e5b35e3fbf6c65ebe.jpg,"[[658.0, 163.0, 34, 56], [687.0, 305.0, 44, 60], [604.0, 280.0, 38, 58]]","[1, 1, 1]"
/home/huy/Documents/de_tai_tot_nghiep/Drone Thermal.v4i.voc/imgs/1_130_50_0_07193_jpg.rf.c89a8d6bb9c433dd0c3053d8795705b7.jpg,"[[240.0, 468.0, 18, 38], [210.0, 445.0, 18, 44], [191.0, 465.0, 20, 36]]","[1, 1, 1]"
/home/huy/Documents/de_tai_tot_nghiep/Drone Thermal.v4i.voc/imgs/0_60_70_0_06605_jpg.rf.f91637ee8a38eeb1a15fbfa04ca18b7f.jpg,[],[]
/home/huy/Documents/de_tai_tot_nghiep/Drone Thermal.v4i.voc/imgs/0_60_70_0_06617_jpg.rf.9bcaf2984ad35f6c0c68bcd177af1b5d.jpg,"[[448.0, 428.0, 34, 58], [1176.0, 61.0, 42, 80]]","[1, 1]"
/home/huy/Documents/de_tai_tot_nghiep/Drone Thermal.v4i.voc/imgs/1_60_80_0_00707_jpg.rf.ff25f4658998c9a5b51e4c0f0f9bc91d.jpg,"[[250.0, 19.0, 42, 28], [230.0, 610.0, 34, 34], [79.0, 591.0, 40, 36], [193.0, 660.0, 40, 30], [138.0, 674.0, 42, 42], [228.0, 691.0, 26, 36], [267.0, 700.0, 44, 42], [282.0, 731.0, 34, 32], [281.0, 849.0, 28, 24], [128.0, 807.0, 26, 20], [179.0, 828.0, 40, 34], [228.0, 892.0, 30, 34], [171.0, 891.0, 40, 52], [98.0, 921.0, 50, 28], [240.0, 947.0, 22, 36], [255.0, 983.0, 24, 28], [1048.0, 11.0, 34, 20], [1070.0, 564.0, 34, 46], [1140.0, 563.0, 42, 40], [1119.0, 661.0, 24, 36], [1160.0, 673.0, 30, 36], [819.0, 736.0, 24, 30], [1043.0, 689.0, 56, 36], [1016.0, 711.0, 46, 40], [1160.0, 842.0, 38, 42], [963.0, 883.0, 28, 24], [1008.0, 914.0, 30, 26], [982.0, 903.0, 22, 20], [1078.0, 952.0, 34, 42], [1163.0, 969.0, 28, 32], [1061.0, 1007.0, 24, 32]]","[1, 1, 1, 1, 1, 1, 1, 1, 1, 1, 1, 1, 1, 1, 1, 1, 1, 1, 1, 1, 1, 1, 1, 1, 1, 1, 1, 1, 1, 1, 1]"
/home/huy/Documents/de_tai_tot_nghiep/Drone Thermal.v4i.voc/imgs/0_130_50_0_05637_jpg.rf.15c3b6a5ba20efaf84333dd83b751d3e.jpg,[],[]
/home/huy/Documents/de_tai_tot_nghiep/Drone Thermal.v4i.voc/imgs/1_120_60_0_02918_jpg.rf.1fed2087aeb531fad2077bed5f39d179.jpg,"[[245.0, 19.0, 24, 32], [216.0, 304.0, 18, 34], [298.0, 309.0, 18, 32], [388.0, 281.0, 26, 24], [429.0, 261.0, 20, 36], [362.0, 317.0, 18, 32], [368.0, 346.0, 14, 34], [315.0, 374.0, 24, 34], [370.0, 422.0, 18, 38], [813.0, 240.0, 24, 30]]","[1, 1, 1, 1, 1, 1, 1, 1, 1, 1]"
/home/huy/Documents/de_tai_tot_nghiep/Drone Thermal.v4i.voc/imgs/1_90_30_0_08810_jpg.rf.1836d2094abcc840168d906f7824b3ce.jpg,[],[]
/home/huy/Documents/de_tai_tot_nghiep/Drone Thermal.v4i.voc/imgs/1_60_60_0_00511_jpg.rf.c5e6107c910089e4a6368386dbf4504c.jpg,"[[645.0, 86.0, 32, 58], [508.0, 291.0, 26, 60], [774.0, 651.0, 22, 56], [790.0, 672.0, 22, 42]]","[1, 1, 1, 1]"
/home/huy/Documents/de_tai_tot_nghiep/Drone Thermal.v4i.voc/imgs/1_130_40_0_03872_jpg.rf.6de96c853baf65c04dbcdf673caaae50.jpg,"[[391.0, 352.0, 16, 30], [386.0, 391.0, 14, 24], [371.0, 423.0, 12, 28], [886.0, 312.0, 14, 34], [900.0, 299.0, 14, 28], [920.0, 292.0, 14, 26], [950.0, 290.0, 14, 22], [963.0, 317.0, 16, 28], [744.0, 403.0, 18, 24], [498.0, 818.0, 14, 30], [538.0, 818.0, 14, 26], [549.0, 835.0, 16, 28], [580.0, 814.0, 14, 30], [596.0, 805.0, 14, 28], [599.0, 830.0, 16, 34]]","[1, 1, 1, 1, 1, 1, 1, 1, 1, 1, 1, 1, 1, 1, 1]"
/home/huy/Documents/de_tai_tot_nghiep/Drone Thermal.v4i.voc/imgs/1_60_70_0_00579_jpg.rf.55950c1cb0f7b8086495dd095d78142e.jpg,"[[989.0, 88.0, 44, 66], [851.0, 307.0, 56, 72], [658.0, 243.0, 46, 60], [81.0, 881.0, 28, 44]]","[1, 1, 1, 1]"
/home/huy/Documents/de_tai_tot_nghiep/Drone Thermal.v4i.voc/imgs/0_80_50_0_06960_jpg.rf.0f552384a03e4c46d328275d9c725313.jpg,[],[]
/home/huy/Documents/de_tai_tot_nghiep/Drone Thermal.v4i.voc/imgs/1_120_60_0_02910_jpg.rf.e71923fb10a8a2cd587809be282df967.jpg,"[[294.0, 21.0, 22, 36], [397.0, 10.0, 24, 18], [1029.0, 447.0, 28, 32]]","[1, 1, 1]"
/home/huy/Documents/de_tai_tot_nghiep/Drone Thermal.v4i.voc/imgs/1_60_60_0_00461_jpg.rf.1b91348ac47ae090441c50f5e3e36388.jpg,"[[567.0, 353.0, 20, 60], [892.0, 208.0, 14, 54], [906.0, 213.0, 18, 52], [925.0, 209.0, 20, 56], [808.0, 550.0, 22, 58], [854.0, 555.0, 26, 52], [953.0, 450.0, 24, 42], [470.0, 424.0, 26, 46]]","[1, 1, 1, 1, 1, 1, 1, 1]"
/home/huy/Documents/de_tai_tot_nghiep/Drone Thermal.v4i.voc/imgs/0_130_40_0_05608_jpg.rf.977c5a21c9e1f2377b2fb62fd4ec3362.jpg,[],[]
/home/huy/Documents/de_tai_tot_nghiep/Drone Thermal.v4i.voc/imgs/1_70_90_0_01107_jpg.rf.75cd2fafa2ceed4536db119e66527897.jpg,"[[1128.0, 355.0, 38, 60], [1062.0, 384.0, 30, 38], [1089.0, 308.0, 32, 38], [1042.0, 287.0, 34, 56], [1004.0, 248.0, 66, 70]]","[1, 1, 1, 1, 1]"
/home/huy/Documents/de_tai_tot_nghiep/Drone Thermal.v4i.voc/imgs/1_130_70_0_07272_jpg.rf.19965b10190c3004decbf6daf4c7f078.jpg,[],[]
/home/huy/Documents/de_tai_tot_nghiep/Drone Thermal.v4i.voc/imgs/0_60_60_0_06562_jpg.rf.2a501adb9573faf6538cadac00b719d6.jpg,[],[]
/home/huy/Documents/de_tai_tot_nghiep/Drone Thermal.v4i.voc/imgs/0_100_60_0_08206_jpg.rf.72d24398c32ed20fd77f6d05a8e34e81.jpg,"[[516.0, 471.0, 22, 52]]",[1]
/home/huy/Documents/de_tai_tot_nghiep/Drone Thermal.v4i.voc/imgs/0_80_60_0_02197_jpg.rf.d47b686411feed37b529c16341749fd8.jpg,"[[160.0, 254.0, 30, 46], [1043.0, 93.0, 24, 44], [1131.0, 102.0, 24, 42], [923.0, 161.0, 40, 52], [1026.0, 176.0, 30, 46], [1105.0, 177.0, 28, 36], [1135.0, 320.0, 32, 46], [749.0, 486.0, 20, 46], [685.0, 512.0, 24, 30], [639.0, 496.0, 24, 38], [752.0, 556.0, 26, 34], [894.0, 611.0, 34, 52], [861.0, 647.0, 24, 40], [666.0, 646.0, 30, 54], [572.0, 637.0, 26, 32], [1021.0, 729.0, 28, 40], [864.0, 754.0, 46, 50]]","[1, 1, 1, 1, 1, 1, 1, 1, 1, 1, 1, 1, 1, 1, 1, 1, 1]"
/home/huy/Documents/de_tai_tot_nghiep/Drone Thermal.v4i.voc/imgs/1_70_40_0_04351_jpg.rf.3e0cc0393f957022ef1544ce6e6ed6a6.jpg,[],[]
/home/huy/Documents/de_tai_tot_nghiep/Drone Thermal.v4i.voc/imgs/1_60_70_0_00626_jpg.rf.fb10ed52054a99ef82d052a748ab67ca.jpg,"[[465.0, 45.0, 20, 52], [436.0, 875.0, 30, 60]]","[1, 1]"
/home/huy/Documents/de_tai_tot_nghiep/Drone Thermal.v4i.voc/imgs/1_60_50_0_00324_jpg.rf.c5db54054115a863065637547a009a7b.jpg,"[[79.0, 11.0, 20, 20], [576.0, 175.0, 30, 52], [500.0, 265.0, 30, 52], [622.0, 359.0, 26, 68], [408.0, 656.0, 26, 54], [382.0, 664.0, 26, 62], [925.0, 430.0, 28, 58]]","[1, 1, 1, 1, 1, 1, 1]"
/home/huy/Documents/de_tai_tot_nghiep/Drone Thermal.v4i.voc/imgs/1_90_60_0_08915_jpg.rf.fe5944b2811b25f3c996b3dcdfd94fef.jpg,"[[536.0, 573.0, 26, 36]]",[1]
/home/huy/Documents/de_tai_tot_nghiep/Drone Thermal.v4i.voc/imgs/1_60_60_0_00506_jpg.rf.ca815d3f58d7e292ee9b422c454d5151.jpg,"[[657.0, 193.0, 28, 56], [531.0, 652.0, 36, 66], [769.0, 640.0, 24, 58], [780.0, 664.0, 26, 42]]","[1, 1, 1, 1]"
/home/huy/Documents/de_tai_tot_nghiep/Drone Thermal.v4i.voc/imgs/0_100_30_0_03312_jpg.rf.111cba85c3b6bdb6e7ef651f44d19cb4.jpg,"[[1241.0, 645.0, 20, 36], [957.0, 672.0, 20, 38]]","[1, 1]"
/home/huy/Documents/de_tai_tot_nghiep/Drone Thermal.v4i.voc/imgs/1_60_60_0_00435_jpg.rf.441c1ecf849d1894f3dcbf38f5b58c61.jpg,"[[622.0, 449.0, 30, 72], [1221.0, 112.0, 36, 58], [1168.0, 753.0, 50, 64]]","[1, 1, 1]"
/home/huy/Documents/de_tai_tot_nghiep/Drone Thermal.v4i.voc/imgs/1_60_70_0_00566_jpg.rf.8e57ca3b31ae523dd57dc143a6322691.jpg,"[[728.0, 563.0, 42, 52]]",[1]
/home/huy/Documents/de_tai_tot_nghiep/Drone Thermal.v4i.voc/imgs/1_70_70_0_01039_jpg.rf.a8edceb3b32fd6e6a2038f502af8dcd7.jpg,"[[712.0, 119.0, 30, 36], [689.0, 159.0, 16, 40], [602.0, 148.0, 30, 58]]","[1, 1, 1]"
/home/huy/Documents/de_tai_tot_nghiep/Drone Thermal.v4i.voc/imgs/1_60_50_0_00347_jpg.rf.691bf37b7eabb3938953d470a251899e.jpg,"[[996.0, 131.0, 34, 68], [489.0, 26.0, 32, 50], [846.0, 546.0, 30, 62], [866.0, 629.0, 30, 52]]","[1, 1, 1, 1]"
/home/huy/Documents/de_tai_tot_nghiep/Drone Thermal.v4i.voc/imgs/1_120_90_0_06166_jpg.rf.c55316636fce31bc276e83b37408c7af.jpg,[],[]
/home/huy/Documents/de_tai_tot_nghiep/Drone Thermal.v4i.voc/imgs/1_130_50_0_07194_jpg.rf.d82f9f0f0de63a1cfbe227a343644d12.jpg,"[[162.0, 495.0, 18, 32], [217.0, 498.0, 24, 38], [186.0, 471.0, 18, 40], [179.0, 485.0, 16, 32]]","[1, 1, 1, 1]"
/home/huy/Documents/de_tai_tot_nghiep/Drone Thermal.v4i.voc/imgs/1_60_60_0_00420_jpg.rf.3958fc8b0a42230e255e9fea977d2077.jpg,"[[740.0, 646.0, 46, 70]]",[1]
/home/huy/Documents/de_tai_tot_nghiep/Drone Thermal.v4i.voc/imgs/0_130_50_0_09753_jpg.rf.17d8acb9541386f4dae5c06d094f4a32.jpg,[],[]
/home/huy/Documents/de_tai_tot_nghiep/Drone Thermal.v4i.voc/imgs/1_60_70_0_07491_jpg.rf.5edca5eff273fafed609e844f17872be.jpg,[],[]
/home/huy/Documents/de_tai_tot_nghiep/Drone Thermal.v4i.voc/imgs/1_130_70_0_03973_jpg.rf.03f1defa35c71d2393b5f3a5c62e1041.jpg,"[[435.0, 407.0, 24, 28], [497.0, 440.0, 20, 26], [510.0, 494.0, 18, 26], [527.0, 491.0, 20, 28], [557.0, 505.0, 20, 28], [524.0, 592.0, 22, 26]]","[1, 1, 1, 1, 1, 1]"
/home/huy/Documents/de_tai_tot_nghiep/Drone Thermal.v4i.voc/imgs/0_120_70_0_09580_jpg.rf.5ae3b43e1d2914dd4a00131c081dcdc4.jpg,"[[204.0, 207.0, 18, 40]]",[1]
/home/huy/Documents/de_tai_tot_nghiep/Drone Thermal.v4i.voc/imgs/1_80_40_0_01189_jpg.rf.dbca7eef7f53fe8b7d26732e06ebf12a.jpg,"[[392.0, 270.0, 18, 38], [353.0, 240.0, 28, 38], [331.0, 248.0, 12, 26], [311.0, 250.0, 28, 30], [367.0, 295.0, 24, 64], [338.0, 288.0, 18, 38], [274.0, 557.0, 14, 24], [258.0, 583.0, 22, 24], [398.0, 511.0, 22, 44], [389.0, 560.0, 24, 34], [349.0, 575.0, 24, 44], [382.0, 603.0, 30, 56], [824.0, 718.0, 26, 50], [865.0, 731.0, 20, 44]]","[1, 1, 1, 1, 1, 1, 1, 1, 1, 1, 1, 1, 1, 1]"
/home/huy/Documents/de_tai_tot_nghiep/Drone Thermal.v4i.voc/imgs/0_100_30_0_03307_jpg.rf.5a85b2c790197b2202fab1ebfee546c7.jpg,"[[1184.0, 693.0, 22, 36]]",[1]
/home/huy/Documents/de_tai_tot_nghiep/Drone Thermal.v4i.voc/imgs/1_100_90_0_02501_jpg.rf.2295f2cc2056b94d35369125ebf2f462.jpg,"[[692.0, 301.0, 22, 24], [611.0, 193.0, 20, 28], [604.0, 240.0, 30, 18], [547.0, 211.0, 24, 36], [601.0, 359.0, 40, 44], [565.0, 323.0, 44, 40], [540.0, 348.0, 38, 38]]","[1, 1, 1, 1, 1, 1, 1]"
/home/huy/Documents/de_tai_tot_nghiep/Drone Thermal.v4i.voc/imgs/1_100_70_0_05223_jpg.rf.a49942e6ca9ce5baeec221597865f4e8.jpg,"[[554.0, 640.0, 26, 42]]",[1]
/home/huy/Documents/de_tai_tot_nghiep/Drone Thermal.v4i.voc/imgs/0_60_30_0_01616_jpg.rf.ca3723693b0dd038addcfa924e3601a9.jpg,"[[405.0, 648.0, 16, 54], [746.0, 564.0, 18, 46], [739.0, 511.0, 16, 48], [769.0, 527.0, 12, 44], [796.0, 498.0, 14, 46], [818.0, 550.0, 22, 46], [484.0, 686.0, 22, 46], [598.0, 679.0, 14, 44], [512.0, 702.0, 22, 54], [566.0, 739.0, 18, 48], [889.0, 588.0, 12, 46], [922.0, 564.0, 18, 54], [623.0, 723.0, 20, 48]]","[1, 1, 1, 1, 1, 1, 1, 1, 1, 1, 1, 1, 1]"
/home/huy/Documents/de_tai_tot_nghiep/Drone Thermal.v4i.voc/imgs/0_120_80_0_05504_jpg.rf.e54796c5891754edf2d8742bbe1be3e7.jpg,[],[]
/home/huy/Documents/de_tai_tot_nghiep/Drone Thermal.v4i.voc/imgs/1_60_30_0_00019_jpg.rf.9dd993c2f68cd69fb1de8b9b218a084f.jpg,"[[240.0, 193.0, 18, 36], [531.0, 190.0, 12, 34], [543.0, 203.0, 12, 32], [558.0, 110.0, 14, 38], [36.0, 864.0, 30, 42], [1018.0, 804.0, 18, 42], [830.0, 755.0, 14, 36], [999.0, 686.0, 12, 34], [1024.0, 684.0, 14, 34], [1012.0, 684.0, 10, 38], [1110.0, 593.0, 22, 44], [973.0, 507.0, 16, 40], [964.0, 535.0, 18, 40], [841.0, 584.0, 20, 38], [705.0, 621.0, 20, 36], [665.0, 505.0, 20, 36], [678.0, 482.0, 18, 38], [858.0, 372.0, 18, 38], [748.0, 405.0, 14, 36], [1124.0, 41.0, 18, 44], [1100.0, 21.0, 22, 40], [1076.0, 27.0, 18, 48], [625.0, 386.0, 16, 38]]","[1, 1, 1, 1, 1, 1, 1, 1, 1, 1, 1, 1, 1, 1, 1, 1, 1, 1, 1, 1, 1, 1, 1]"
/home/huy/Documents/de_tai_tot_nghiep/Drone Thermal.v4i.voc/imgs/1_60_30_0_00098_jpg.rf.0ede9b6843fbd072f8430dc23a3fd488.jpg,"[[243.0, 645.0, 16, 40], [343.0, 761.0, 24, 40], [573.0, 176.0, 20, 38], [570.0, 138.0, 18, 34], [683.0, 151.0, 20, 36], [919.0, 72.0, 20, 34], [1010.0, 116.0, 18, 34], [1133.0, 104.0, 20, 38], [1228.0, 313.0, 18, 40], [1163.0, 388.0, 20, 42], [1123.0, 343.0, 20, 40]]","[1, 1, 1, 1, 1, 1, 1, 1, 1, 1, 1]"
/home/huy/Documents/de_tai_tot_nghiep/Drone Thermal.v4i.voc/imgs/0_80_90_0_02274_jpg.rf.6b78a653bceaf44fb917588458c6dfe2.jpg,"[[163.0, 256.0, 32, 34], [1069.0, 331.0, 44, 40], [667.0, 444.0, 36, 26], [704.0, 484.0, 42, 54], [863.0, 509.0, 52, 60], [985.0, 581.0, 24, 32], [816.0, 616.0, 50, 50], [976.0, 704.0, 38, 34]]","[1, 1, 1, 1, 1, 1, 1, 1]"
/home/huy/Documents/de_tai_tot_nghiep/Drone Thermal.v4i.voc/imgs/1_80_70_0_08728_jpg.rf.37d316c37c438fc7b429c48dfefe0524.jpg,[],[]
/home/huy/Documents/de_tai_tot_nghiep/Drone Thermal.v4i.voc/imgs/1_120_60_0_06058_jpg.rf.836ee4ca8d541579d9c79ba9b38102a7.jpg,[],[]
/home/huy/Documents/de_tai_tot_nghiep/Drone Thermal.v4i.voc/imgs/1_130_70_0_03993_jpg.rf.127bf4f22f1f64e1fb8641d5801fb507.jpg,"[[526.0, 479.0, 18, 28], [648.0, 517.0, 22, 28], [584.0, 552.0, 18, 30], [572.0, 575.0, 18, 24], [541.0, 595.0, 16, 32], [460.0, 564.0, 22, 34]]","[1, 1, 1, 1, 1, 1]"
/home/huy/Documents/de_tai_tot_nghiep/Drone Thermal.v4i.voc/imgs/1_130_60_0_07251_jpg.rf.7bf8b1f01cda6a0a2a6c4b0f8a51f775.jpg,[],[]
/home/huy/Documents/de_tai_tot_nghiep/Drone Thermal.v4i.voc/imgs/1_80_50_0_01218_jpg.rf.747622ba1d1f3fa13e045be46e5ad286.jpg,"[[1002.0, 798.0, 26, 46], [749.0, 645.0, 32, 48], [964.0, 632.0, 26, 38], [960.0, 736.0, 26, 54], [911.0, 657.0, 32, 52], [912.0, 734.0, 30, 50], [912.0, 787.0, 30, 48], [756.0, 156.0, 42, 58], [792.0, 169.0, 22, 44], [908.0, 191.0, 22, 48], [881.0, 174.0, 24, 46], [871.0, 221.0, 24, 36], [881.0, 270.0, 28, 58], [858.0, 282.0, 26, 46]]","[1, 1, 1, 1, 1, 1, 1, 1, 1, 1, 1, 1, 1, 1]"
/home/huy/Documents/de_tai_tot_nghiep/Drone Thermal.v4i.voc/imgs/1_80_70_0_01300_jpg.rf.9692660db452bb61e386e399db7f0494.jpg,"[[777.0, 46.0, 32, 42], [745.0, 32.0, 28, 42], [759.0, 103.0, 28, 44], [766.0, 157.0, 34, 40], [564.0, 613.0, 26, 36], [645.0, 669.0, 40, 36], [825.0, 752.0, 32, 50], [895.0, 731.0, 28, 44], [930.0, 702.0, 26, 42], [978.0, 663.0, 38, 40], [1039.0, 808.0, 32, 38]]","[1, 1, 1, 1, 1, 1, 1, 1, 1, 1, 1]"
/home/huy/Documents/de_tai_tot_nghiep/Drone Thermal.v4i.voc/imgs/1_90_30_0_08802_jpg.rf.9bbe0bb330fbbaa0302665105d15ff59.jpg,[],[]
/home/huy/Documents/de_tai_tot_nghiep/Drone Thermal.v4i.voc/imgs/1_60_80_0_00683_jpg.rf.b440c2d8b16fde08d03a03211dcc5f7e.jpg,"[[764.0, 342.0, 54, 58], [533.0, 370.0, 36, 34], [1244.0, 140.0, 30, 38], [1255.0, 57.0, 48, 48], [1272.0, 181.0, 18, 24], [670.0, 490.0, 30, 50], [448.0, 432.0, 30, 42], [547.0, 481.0, 40, 52], [745.0, 597.0, 48, 36], [399.0, 431.0, 36, 32], [494.0, 583.0, 22, 32], [830.0, 699.0, 34, 36], [505.0, 646.0, 48, 46], [645.0, 731.0, 32, 32], [475.0, 830.0, 40, 50], [804.0, 854.0, 26, 34], [639.0, 898.0, 32, 30]]","[1, 1, 1, 1, 1, 1, 1, 1, 1, 1, 1, 1, 1, 1, 1, 1, 1]"
/home/huy/Documents/de_tai_tot_nghiep/Drone Thermal.v4i.voc/imgs/1_60_40_0_07386_jpg.rf.43d124909f480499b4670f9f16cc3cc4.jpg,[],[]
/home/huy/Documents/de_tai_tot_nghiep/Drone Thermal.v4i.voc/imgs/1_70_90_0_01118_jpg.rf.24d6144f8ac7aefc78d3d56f2d596e04.jpg,"[[772.0, 236.0, 30, 34], [923.0, 325.0, 40, 56], [905.0, 433.0, 56, 68], [778.0, 470.0, 42, 46], [706.0, 609.0, 46, 48]]","[1, 1, 1, 1, 1]"
/home/huy/Documents/de_tai_tot_nghiep/Drone Thermal.v4i.voc/imgs/1_60_80_0_00687_jpg.rf.41f0848eb6c430cbcc2500d678207582.jpg,"[[747.0, 596.0, 60, 54], [374.0, 310.0, 34, 34], [704.0, 468.0, 38, 46], [656.0, 462.0, 38, 38], [545.0, 383.0, 24, 40], [521.0, 352.0, 40, 38], [413.0, 420.0, 40, 46], [523.0, 577.0, 28, 32], [546.0, 546.0, 38, 38], [829.0, 695.0, 36, 36], [642.0, 732.0, 34, 34], [481.0, 767.0, 32, 40], [804.0, 957.0, 26, 36], [1231.0, 27.0, 32, 36]]","[1, 1, 1, 1, 1, 1, 1, 1, 1, 1, 1, 1, 1, 1]"
/home/huy/Documents/de_tai_tot_nghiep/Drone Thermal.v4i.voc/imgs/0_80_30_0_02083_jpg.rf.8a3d83217a6ba5be8f0bb7070fe47c3c.jpg,"[[379.0, 563.0, 24, 40], [677.0, 747.0, 20, 36], [687.0, 755.0, 20, 32], [806.0, 723.0, 18, 28], [749.0, 766.0, 24, 30], [874.0, 554.0, 18, 34], [967.0, 573.0, 16, 32]]","[1, 1, 1, 1, 1, 1, 1]"
/home/huy/Documents/de_tai_tot_nghiep/Drone Thermal.v4i.voc/imgs/1_130_50_0_07211_jpg.rf.476566234a9873cd479044272b617bb2.jpg,[],[]
/home/huy/Documents/de_tai_tot_nghiep/Drone Thermal.v4i.voc/imgs/1_60_60_0_00497_jpg.rf.00231197d2989efe4b7a79b491a12ab7.jpg,"[[528.0, 89.0, 34, 64], [743.0, 568.0, 28, 54], [770.0, 598.0, 30, 42], [554.0, 687.0, 26, 52]]","[1, 1, 1, 1]"
/home/huy/Documents/de_tai_tot_nghiep/Drone Thermal.v4i.voc/imgs/0_60_50_0_06519_jpg.rf.c7025116e386ec41b906d1afe1a02643.jpg,[],[]
/home/huy/Documents/de_tai_tot_nghiep/Drone Thermal.v4i.voc/imgs/1_60_70_0_00606_jpg.rf.1d7ead3d5045695d1f5cf3d7b410815d.jpg,"[[318.0, 610.0, 34, 50], [706.0, 501.0, 34, 52], [928.0, 220.0, 42, 62]]","[1, 1, 1]"
/home/huy/Documents/de_tai_tot_nghiep/Drone Thermal.v4i.voc/imgs/0_130_40_0_09706_jpg.rf.c90d1ae4197e9270f9adf9e66c5b426d.jpg,[],[]
/home/huy/Documents/de_tai_tot_nghiep/Drone Thermal.v4i.voc/imgs/0_120_70_0_05478_jpg.rf.049ba01daa454ebbbbae08fb125a9115.jpg,[],[]
/home/huy/Documents/de_tai_tot_nghiep/Drone Thermal.v4i.voc/imgs/1_130_60_0_07256_jpg.rf.fca123afcfe53804fd2aea2becc92a6a.jpg,[],[]
/home/huy/Documents/de_tai_tot_nghiep/Drone Thermal.v4i.voc/imgs/0_110_50_0_03644_jpg.rf.1366898ac31eb63d8de00130c1923487.jpg,"[[580.0, 489.0, 14, 32], [654.0, 443.0, 18, 32], [694.0, 507.0, 22, 36]]","[1, 1, 1]"
/home/huy/Documents/de_tai_tot_nghiep/Drone Thermal.v4i.voc/imgs/0_80_60_0_07006_jpg.rf.f75fc04da9a2882d64a09ae46c78674d.jpg,[],[]
/home/huy/Documents/de_tai_tot_nghiep/Drone Thermal.v4i.voc/imgs/1_120_70_0_02957_jpg.rf.fb91773707b268591ce8ca57d029b164.jpg,"[[799.0, 472.0, 20, 26], [827.0, 469.0, 28, 32], [822.0, 525.0, 30, 36], [494.0, 629.0, 18, 28], [450.0, 674.0, 18, 30], [368.0, 670.0, 18, 30], [381.0, 717.0, 20, 28], [537.0, 738.0, 16, 26], [404.0, 743.0, 22, 24], [436.0, 773.0, 18, 28], [458.0, 799.0, 22, 24]]","[1, 1, 1, 1, 1, 1, 1, 1, 1, 1, 1]"
/home/huy/Documents/de_tai_tot_nghiep/Drone Thermal.v4i.voc/imgs/1_100_80_0_05273_jpg.rf.23fa416a8d23bad338278d77e466111f.jpg,[],[]
/home/huy/Documents/de_tai_tot_nghiep/Drone Thermal.v4i.voc/imgs/1_110_50_0_05803_jpg.rf.2e448655bf660ac4c1b34fabec63de2a.jpg,[],[]
/home/huy/Documents/de_tai_tot_nghiep/Drone Thermal.v4i.voc/imgs/1_60_50_0_00333_jpg.rf.ef3b2ac58984fde4a1221ed808e4b093.jpg,"[[493.0, 67.0, 36, 80], [343.0, 315.0, 28, 56], [313.0, 323.0, 32, 56], [632.0, 254.0, 38, 58], [964.0, 519.0, 30, 56], [1043.0, 873.0, 32, 56]]","[1, 1, 1, 1, 1, 1]"
/home/huy/Documents/de_tai_tot_nghiep/Drone Thermal.v4i.voc/imgs/1_100_40_0_06257_jpg.rf.fa618be36f8623c312dd5debf3dd0c83.jpg,"[[807.0, 660.0, 28, 42]]",[1]
/home/huy/Documents/de_tai_tot_nghiep/Drone Thermal.v4i.voc/imgs/1_80_80_0_01326_jpg.rf.e310cadd0805858415afae07fef73e9f.jpg,"[[840.0, 18.0, 30, 34], [615.0, 436.0, 32, 38], [517.0, 554.0, 40, 42], [870.0, 691.0, 42, 48], [955.0, 735.0, 40, 40], [1042.0, 813.0, 34, 40], [837.0, 854.0, 24, 30], [872.0, 904.0, 34, 26]]","[1, 1, 1, 1, 1, 1, 1, 1]"
/home/huy/Documents/de_tai_tot_nghiep/Drone Thermal.v4i.voc/imgs/0_130_40_0_05595_jpg.rf.4bce57e8373480924d9e424ecaa763c8.jpg,[],[]
/home/huy/Documents/de_tai_tot_nghiep/Drone Thermal.v4i.voc/imgs/1_90_30_0_04844_jpg.rf.1abf3e48be58f5fb72de2d1697e0fd30.jpg,[],[]
/home/huy/Documents/de_tai_tot_nghiep/Drone Thermal.v4i.voc/imgs/1_80_60_0_04721_jpg.rf.3ad1f97903ddd0cf00164631e6b826f3.jpg,"[[271.0, 927.0, 40, 64], [458.0, 783.0, 34, 68]]","[1, 1]"
/home/huy/Documents/de_tai_tot_nghiep/Drone Thermal.v4i.voc/imgs/1_60_70_0_00548_jpg.rf.f69367afbfdabb9479e88b4d20ccc9e6.jpg,"[[827.0, 408.0, 20, 50], [923.0, 933.0, 36, 52], [615.0, 920.0, 36, 58], [411.0, 1003.0, 32, 40], [1049.0, 17.0, 36, 32]]","[1, 1, 1, 1, 1]"
/home/huy/Documents/de_tai_tot_nghiep/Drone Thermal.v4i.voc/imgs/1_70_90_0_04553_jpg.rf.dbe5c1f2cef522ab741583bef3316286.jpg,[],[]
/home/huy/Documents/de_tai_tot_nghiep/Drone Thermal.v4i.voc/imgs/1_80_30_0_01139_jpg.rf.a93475a3a93bf509653ba2a6592d141e.jpg,"[[926.0, 208.0, 18, 34], [1177.0, 253.0, 24, 32], [988.0, 262.0, 18, 30], [1008.0, 247.0, 22, 36], [1002.0, 279.0, 14, 32], [1077.0, 247.0, 20, 36], [1108.0, 261.0, 18, 36], [1177.0, 281.0, 16, 32], [1148.0, 280.0, 18, 34], [1123.0, 293.0, 24, 36], [780.0, 671.0, 26, 36], [762.0, 705.0, 26, 40], [738.0, 662.0, 18, 34], [732.0, 689.0, 22, 28], [717.0, 653.0, 16, 44], [697.0, 652.0, 20, 46], [833.0, 911.0, 24, 44], [810.0, 911.0, 22, 44], [796.0, 944.0, 22, 38], [781.0, 925.0, 20, 32], [738.0, 942.0, 22, 38], [827.0, 977.0, 24, 40]]","[1, 1, 1, 1, 1, 1, 1, 1, 1, 1, 1, 1, 1, 1, 1, 1, 1, 1, 1, 1, 1, 1]"
/home/huy/Documents/de_tai_tot_nghiep/Drone Thermal.v4i.voc/imgs/0_60_50_0_06540_jpg.rf.022d82794be2886792d6398423f0b429.jpg,[],[]
/home/huy/Documents/de_tai_tot_nghiep/Drone Thermal.v4i.voc/imgs/0_70_30_0_06702_jpg.rf.c96b56cd7a43a760c4b2e345b8c35d6a.jpg,"[[790.0, 525.0, 34, 44], [763.0, 596.0, 24, 50], [254.0, 944.0, 22, 34]]","[1, 1, 1]"
/home/huy/Documents/de_tai_tot_nghiep/Drone Thermal.v4i.voc/imgs/0_80_50_0_06963_jpg.rf.c3cc6187944ae6ef0bc6e36c94cd6add.jpg,[],[]
/home/huy/Documents/de_tai_tot_nghiep/Drone Thermal.v4i.voc/imgs/1_100_60_0_02406_jpg.rf.349329e47cbed1d114d2a59a2bba6117.jpg,"[[425.0, 381.0, 32, 48], [449.0, 390.0, 28, 38], [501.0, 352.0, 20, 38], [583.0, 295.0, 20, 32], [578.0, 341.0, 22, 40], [551.0, 362.0, 24, 46], [551.0, 427.0, 16, 36], [522.0, 444.0, 22, 42], [671.0, 41.0, 24, 32], [731.0, 64.0, 16, 34], [767.0, 46.0, 36, 46], [844.0, 115.0, 30, 44]]","[1, 1, 1, 1, 1, 1, 1, 1, 1, 1, 1, 1]"
/home/huy/Documents/de_tai_tot_nghiep/Drone Thermal.v4i.voc/imgs/0_80_90_0_02270_jpg.rf.2f9ba141a7edd7ba987bbdf7d680f8a0.jpg,"[[823.0, 16.0, 32, 26], [849.0, 15.0, 32, 28], [1002.0, 66.0, 38, 46], [823.0, 62.0, 36, 46], [745.0, 92.0, 40, 46], [678.0, 90.0, 34, 34], [961.0, 205.0, 52, 52], [932.0, 153.0, 46, 36]]","[1, 1, 1, 1, 1, 1, 1, 1]"
/home/huy/Documents/de_tai_tot_nghiep/Drone Thermal.v4i.voc/imgs/0_70_60_0_01964_jpg.rf.2106e2103deafe895a4f47729c109956.jpg,"[[441.0, 114.0, 28, 54], [1154.0, 293.0, 46, 52], [1151.0, 365.0, 28, 32], [1235.0, 376.0, 32, 38], [1167.0, 396.0, 36, 38], [1223.0, 417.0, 48, 52], [564.0, 766.0, 30, 42], [639.0, 768.0, 28, 50], [681.0, 755.0, 32, 60], [688.0, 711.0, 38, 32], [809.0, 762.0, 24, 42], [806.0, 976.0, 30, 46], [810.0, 865.0, 26, 40]]","[1, 1, 1, 1, 1, 1, 1, 1, 1, 1, 1, 1, 1]"
/home/huy/Documents/de_tai_tot_nghiep/Drone Thermal.v4i.voc/imgs/0_100_40_0_03344_jpg.rf.b9128c723f24781885d25e07eded55d6.jpg,"[[785.0, 143.0, 16, 40], [543.0, 285.0, 16, 48], [810.0, 436.0, 18, 30], [157.0, 94.0, 24, 22]]","[1, 1, 1, 1]"
/home/huy/Documents/de_tai_tot_nghiep/Drone Thermal.v4i.voc/imgs/1_70_40_0_00927_jpg.rf.007016fbbefb0e5bd61954a65acd7131.jpg,"[[480.0, 660.0, 22, 34]]",[1]
/home/huy/Documents/de_tai_tot_nghiep/Drone Thermal.v4i.voc/imgs/1_80_70_0_08743_jpg.rf.7d854b5add3c5ee3e6cfa448203e70e8.jpg,[],[]
/home/huy/Documents/de_tai_tot_nghiep/Drone Thermal.v4i.voc/imgs/0_60_70_0_01769_jpg.rf.38cda94f23eb05891049b7e02e1b2a95.jpg,"[[639.0, 345.0, 28, 52], [674.0, 534.0, 18, 58], [692.0, 532.0, 18, 50], [747.0, 482.0, 32, 58], [862.0, 509.0, 30, 56], [925.0, 548.0, 40, 50], [826.0, 621.0, 22, 44], [788.0, 662.0, 26, 42]]","[1, 1, 1, 1, 1, 1, 1, 1]"
/home/huy/Documents/de_tai_tot_nghiep/Drone Thermal.v4i.voc/imgs/0_70_30_0_01868_jpg.rf.6392c207d9e3646360def0c3fd1cc2ca.jpg,"[[1262.0, 254.0, 18, 30], [163.0, 479.0, 20, 40], [410.0, 626.0, 26, 34], [352.0, 679.0, 26, 44], [399.0, 676.0, 20, 38], [425.0, 671.0, 20, 32], [441.0, 645.0, 24, 32], [477.0, 691.0, 20, 36], [516.0, 683.0, 22, 56], [534.0, 776.0, 26, 38], [736.0, 445.0, 18, 32], [830.0, 466.0, 22, 34], [767.0, 512.0, 28, 22]]","[1, 1, 1, 1, 1, 1, 1, 1, 1, 1, 1, 1, 1]"
/home/huy/Documents/de_tai_tot_nghiep/Drone Thermal.v4i.voc/imgs/0_110_80_0_03752_jpg.rf.7966eca46b36a695c8d4835ab6b4e007.jpg,"[[871.0, 959.0, 28, 32], [808.0, 408.0, 18, 30], [835.0, 484.0, 20, 34], [753.0, 223.0, 16, 28], [795.0, 259.0, 20, 28], [699.0, 350.0, 16, 30]]","[1, 1, 1, 1, 1, 1]"
/home/huy/Documents/de_tai_tot_nghiep/Drone Thermal.v4i.voc/imgs/1_130_90_0_04073_jpg.rf.c97f0afe785153e6c051fb1bae549998.jpg,[],[]
/home/huy/Documents/de_tai_tot_nghiep/Drone Thermal.v4i.voc/imgs/1_60_80_0_00695_jpg.rf.7e47eca48c94ded2a425caae46b3c3a1.jpg,"[[744.0, 350.0, 38, 34], [594.0, 400.0, 34, 50], [662.0, 451.0, 34, 36], [721.0, 480.0, 28, 30], [614.0, 482.0, 38, 30], [756.0, 498.0, 34, 34], [634.0, 539.0, 26, 40], [536.0, 554.0, 38, 50], [795.0, 615.0, 40, 32], [870.0, 719.0, 34, 36], [683.0, 739.0, 36, 32], [621.0, 739.0, 36, 28], [1264.0, 160.0, 34, 38], [1265.0, 220.0, 32, 54]]","[1, 1, 1, 1, 1, 1, 1, 1, 1, 1, 1, 1, 1, 1]"
/home/huy/Documents/de_tai_tot_nghiep/Drone Thermal.v4i.voc/imgs/1_60_30_0_00012_jpg.rf.d7d3dcdd7c8a63d570ee41b92ffa6ab3.jpg,"[[1189.0, 11.0, 16, 20], [886.0, 750.0, 14, 38], [900.0, 746.0, 14, 34], [912.0, 743.0, 18, 36], [1002.0, 974.0, 22, 42], [820.0, 968.0, 26, 46], [560.0, 969.0, 22, 44], [655.0, 769.0, 16, 36], [670.0, 714.0, 18, 38], [757.0, 683.0, 16, 36], [772.0, 472.0, 18, 34], [725.0, 470.0, 20, 38], [552.0, 410.0, 14, 30], [544.0, 499.0, 18, 40], [572.0, 550.0, 18, 38], [428.0, 288.0, 18, 46], [358.0, 126.0, 14, 38], [228.0, 259.0, 18, 32], [143.0, 223.0, 24, 36], [43.0, 177.0, 16, 36], [900.0, 532.0, 22, 42]]","[1, 1, 1, 1, 1, 1, 1, 1, 1, 1, 1, 1, 1, 1, 1, 1, 1, 1, 1, 1, 1]"
/home/huy/Documents/de_tai_tot_nghiep/Drone Thermal.v4i.voc/imgs/1_70_30_0_00894_jpg.rf.b54199951f2c4cb88e801faa962581da.jpg,"[[523.0, 416.0, 24, 54], [690.0, 911.0, 26, 36], [702.0, 937.0, 22, 44]]","[1, 1, 1]"
/home/huy/Documents/de_tai_tot_nghiep/Drone Thermal.v4i.voc/imgs/0_60_30_0_01609_jpg.rf.526766ccca2dc816b6eba9ad28a43488.jpg,"[[592.0, 579.0, 14, 52], [553.0, 588.0, 16, 46], [543.0, 530.0, 16, 54], [753.0, 716.0, 20, 50], [708.0, 635.0, 18, 48], [651.0, 576.0, 12, 42], [639.0, 557.0, 16, 48], [705.0, 565.0, 20, 48], [856.0, 405.0, 14, 44], [890.0, 390.0, 14, 42], [912.0, 423.0, 18, 44], [1014.0, 412.0, 14, 34], [939.0, 398.0, 16, 62], [955.0, 425.0, 16, 36], [988.0, 425.0, 14, 36]]","[1, 1, 1, 1, 1, 1, 1, 1, 1, 1, 1, 1, 1, 1, 1]"
/home/huy/Documents/de_tai_tot_nghiep/Drone Thermal.v4i.voc/imgs/0_60_40_0_06486_jpg.rf.93c31466eb1d568e7816b18d0da6c420.jpg,[],[]
/home/huy/Documents/de_tai_tot_nghiep/Drone Thermal.v4i.voc/imgs/1_60_60_0_00442_jpg.rf.86b02842dc6087890f0d32cbb41644e8.jpg,"[[671.0, 620.0, 36, 62], [438.0, 578.0, 38, 54], [381.0, 647.0, 32, 52], [1101.0, 330.0, 36, 58]]","[1, 1, 1, 1]"
/home/huy/Documents/de_tai_tot_nghiep/Drone Thermal.v4i.voc/imgs/1_70_40_0_07605_jpg.rf.64a0f88296c95aa4b94e2d0940eb3c72.jpg,[],[]
/home/huy/Documents/de_tai_tot_nghiep/Drone Thermal.v4i.voc/imgs/0_60_60_0_06560_jpg.rf.3bd83711b7c8772c0d79ba427be8d42f.jpg,[],[]
/home/huy/Documents/de_tai_tot_nghiep/Drone Thermal.v4i.voc/imgs/1_130_40_0_03855_jpg.rf.d335c2f10f1d20c27d310ae3d77ac033.jpg,"[[352.0, 256.0, 14, 26], [371.0, 231.0, 20, 28], [432.0, 259.0, 14, 24], [638.0, 307.0, 14, 28], [843.0, 155.0, 16, 28], [867.0, 157.0, 16, 24], [868.0, 130.0, 14, 26], [883.0, 142.0, 16, 22], [927.0, 144.0, 16, 26], [902.0, 170.0, 14, 26], [475.0, 560.0, 16, 30], [462.0, 611.0, 22, 32], [523.0, 591.0, 16, 28], [521.0, 612.0, 16, 26], [537.0, 614.0, 16, 30]]","[1, 1, 1, 1, 1, 1, 1, 1, 1, 1, 1, 1, 1, 1, 1]"
/home/huy/Documents/de_tai_tot_nghiep/Drone Thermal.v4i.voc/imgs/1_60_30_0_00051_jpg.rf.17e4315f727fe444497f249b91c4f947.jpg,"[[58.0, 246.0, 18, 38], [107.0, 251.0, 16, 36], [263.0, 290.0, 16, 38], [282.0, 119.0, 14, 36], [593.0, 345.0, 16, 40], [508.0, 420.0, 14, 34], [463.0, 415.0, 12, 36], [454.0, 414.0, 10, 34], [442.0, 416.0, 14, 38], [1050.0, 827.0, 18, 40], [773.0, 836.0, 20, 42], [1171.0, 662.0, 20, 46], [843.0, 605.0, 20, 44], [721.0, 706.0, 20, 42], [783.0, 52.0, 16, 34], [800.0, 33.0, 14, 28], [1038.0, 126.0, 18, 30], [989.0, 179.0, 16, 36], [1076.0, 15.0, 22, 28], [1123.0, 13.0, 16, 24], [1184.0, 15.0, 18, 28], [981.0, 671.0, 28, 56]]","[1, 1, 1, 1, 1, 1, 1, 1, 1, 1, 1, 1, 1, 1, 1, 1, 1, 1, 1, 1, 1, 1]"
/home/huy/Documents/de_tai_tot_nghiep/Drone Thermal.v4i.voc/imgs/1_80_30_0_01154_jpg.rf.2a6f6419f53f07ae1226deb32285d585.jpg,"[[123.0, 866.0, 24, 46], [1097.0, 667.0, 16, 44], [1075.0, 664.0, 24, 34], [841.0, 576.0, 16, 38], [804.0, 631.0, 22, 36], [785.0, 571.0, 24, 36], [769.0, 606.0, 20, 38], [745.0, 569.0, 24, 32], [773.0, 373.0, 16, 36], [748.0, 387.0, 22, 40], [761.0, 369.0, 16, 32], [718.0, 397.0, 18, 40], [716.0, 366.0, 26, 38], [1129.0, 22.0, 12, 30], [1133.0, 48.0, 20, 34], [1111.0, 50.0, 16, 34], [1093.0, 55.0, 16, 32], [1078.0, 33.0, 14, 36], [1040.0, 29.0, 18, 36], [1018.0, 11.0, 18, 20], [995.0, 21.0, 16, 32], [985.0, 41.0, 20, 36]]","[1, 1, 1, 1, 1, 1, 1, 1, 1, 1, 1, 1, 1, 1, 1, 1, 1, 1, 1, 1, 1, 1]"
/home/huy/Documents/de_tai_tot_nghiep/Drone Thermal.v4i.voc/imgs/0_130_30_0_09701_jpg.rf.8c6e0188fbb73a6b9f597b9071a5a677.jpg,"[[15.0, 293.0, 16, 32], [612.0, 103.0, 18, 28], [814.0, 198.0, 14, 30]]","[1, 1, 1]"
/home/huy/Documents/de_tai_tot_nghiep/Drone Thermal.v4i.voc/imgs/0_80_70_0_02222_jpg.rf.1df2691e93e6efb7f1738a866595b9a8.jpg,"[[207.0, 178.0, 28, 42], [915.0, 62.0, 32, 38], [1141.0, 69.0, 28, 44], [1082.0, 96.0, 34, 38], [1106.0, 170.0, 42, 50], [1160.0, 313.0, 38, 44], [1018.0, 426.0, 42, 38], [782.0, 520.0, 22, 34], [919.0, 648.0, 24, 34], [768.0, 636.0, 34, 38], [700.0, 684.0, 50, 70], [900.0, 783.0, 46, 48], [869.0, 724.0, 48, 50]]","[1, 1, 1, 1, 1, 1, 1, 1, 1, 1, 1, 1, 1]"
/home/huy/Documents/de_tai_tot_nghiep/Drone Thermal.v4i.voc/imgs/0_100_70_0_03424_jpg.rf.e67270e0190d4250f022a1fa162d71e4.jpg,"[[769.0, 116.0, 28, 46], [888.0, 163.0, 26, 44]]","[1, 1]"
/home/huy/Documents/de_tai_tot_nghiep/Drone Thermal.v4i.voc/imgs/1_120_70_0_02965_jpg.rf.d91c902ac2dfc406ce06b5ce41b1c5cb.jpg,"[[461.0, 200.0, 24, 42], [441.0, 274.0, 16, 30], [417.0, 276.0, 16, 30], [523.0, 274.0, 16, 30], [552.0, 299.0, 14, 32], [509.0, 303.0, 28, 32], [457.0, 343.0, 20, 36]]","[1, 1, 1, 1, 1, 1, 1]"
/home/huy/Documents/de_tai_tot_nghiep/Drone Thermal.v4i.voc/imgs/1_60_30_0_00103_jpg.rf.c0ef884508f5abc2faefb3bb8ef3bfab.jpg,"[[81.0, 710.0, 16, 46], [192.0, 970.0, 22, 42], [271.0, 201.0, 16, 36], [289.0, 245.0, 16, 32], [354.0, 219.0, 14, 36], [623.0, 151.0, 20, 36], [635.0, 88.0, 16, 38], [756.0, 114.0, 22, 38], [1102.0, 110.0, 18, 38], [1043.0, 375.0, 16, 36], [1047.0, 345.0, 20, 32], [1064.0, 440.0, 22, 38]]","[1, 1, 1, 1, 1, 1, 1, 1, 1, 1, 1, 1]"
/home/huy/Documents/de_tai_tot_nghiep/Drone Thermal.v4i.voc/imgs/0_100_40_0_03325_jpg.rf.868c1a9546842add5156946deb0dbc7f.jpg,"[[778.0, 133.0, 22, 44], [540.0, 285.0, 18, 40]]","[1, 1]"
/home/huy/Documents/de_tai_tot_nghiep/Drone Thermal.v4i.voc/imgs/0_130_30_0_09664_jpg.rf.4d76ad56e8830a0f468c61e70ddcbf71.jpg,"[[402.0, 359.0, 30, 40], [636.0, 176.0, 14, 34], [823.0, 227.0, 16, 28], [435.0, 351.0, 16, 28]]","[1, 1, 1, 1]"
/home/huy/Documents/de_tai_tot_nghiep/Drone Thermal.v4i.voc/imgs/1_90_50_0_08870_jpg.rf.172b30734b86f5e9b734948412cc4cda.jpg,[],[]
/home/huy/Documents/de_tai_tot_nghiep/Drone Thermal.v4i.voc/imgs/1_120_40_0_05990_jpg.rf.e9f354487c371241cb8a1cb647d911dd.jpg,[],[]
/home/huy/Documents/de_tai_tot_nghiep/Drone Thermal.v4i.voc/imgs/1_130_50_0_07203_jpg.rf.e6c65bb044df16eb760526e5d7f1681d.jpg,"[[407.0, 359.0, 20, 36], [391.0, 333.0, 16, 36], [384.0, 345.0, 18, 40], [369.0, 357.0, 16, 40]]","[1, 1, 1, 1]"
/home/huy/Documents/de_tai_tot_nghiep/Drone Thermal.v4i.voc/imgs/0_100_90_0_03508_jpg.rf.2aa303d6266b3a622b9284d83e5969a0.jpg,"[[923.0, 287.0, 20, 36], [172.0, 579.0, 22, 32]]","[1, 1]"
/home/huy/Documents/de_tai_tot_nghiep/Drone Thermal.v4i.voc/imgs/1_60_40_0_04127_jpg.rf.7bbc9a6a7418de8b110cf5e802ff9f57.jpg,[],[]
/home/huy/Documents/de_tai_tot_nghiep/Drone Thermal.v4i.voc/imgs/1_130_80_0_04046_jpg.rf.b37507107e20ad152d8c634476502c22.jpg,"[[535.0, 26.0, 24, 30], [553.0, 74.0, 20, 34], [609.0, 113.0, 20, 32], [631.0, 113.0, 16, 32], [591.0, 213.0, 20, 28], [499.0, 112.0, 32, 26]]","[1, 1, 1, 1, 1, 1]"
/home/huy/Documents/de_tai_tot_nghiep/Drone Thermal.v4i.voc/imgs/1_60_80_0_00701_jpg.rf.00520a6da367a721e4dce134c491ea3f.jpg,"[[889.0, 22.0, 48, 34], [989.0, 43.0, 56, 60], [1078.0, 160.0, 26, 46], [913.0, 89.0, 44, 48], [894.0, 188.0, 42, 42], [1035.0, 190.0, 64, 38], [1067.0, 233.0, 44, 36], [891.0, 252.0, 32, 42], [926.0, 419.0, 30, 44], [430.0, 437.0, 34, 36], [318.0, 467.0, 34, 32], [269.0, 537.0, 72, 72], [591.0, 519.0, 40, 36], [632.0, 697.0, 30, 28], [324.0, 629.0, 38, 32], [529.0, 582.0, 32, 46], [488.0, 605.0, 38, 36], [547.0, 635.0, 44, 40], [462.0, 783.0, 34, 36], [401.0, 794.0, 32, 30], [637.0, 913.0, 36, 40]]","[1, 1, 1, 1, 1, 1, 1, 1, 1, 1, 1, 1, 1, 1, 1, 1, 1, 1, 1, 1, 1]"
/home/huy/Documents/de_tai_tot_nghiep/Drone Thermal.v4i.voc/imgs/1_60_60_0_00516_jpg.rf.5811f47f10d5c18bff65cd2c340b2daf.jpg,"[[795.0, 588.0, 28, 54], [785.0, 676.0, 20, 46], [710.0, 704.0, 34, 66], [501.0, 890.0, 24, 58]]","[1, 1, 1, 1]"
/home/huy/Documents/de_tai_tot_nghiep/Drone Thermal.v4i.voc/imgs/1_120_80_0_02983_jpg.rf.c0bbe88c7dfa24e3a54f94e896aab972.jpg,"[[377.0, 557.0, 20, 20], [355.0, 572.0, 24, 26], [335.0, 643.0, 20, 28], [404.0, 592.0, 22, 26], [442.0, 595.0, 22, 24], [376.0, 654.0, 18, 18], [348.0, 707.0, 22, 20], [427.0, 682.0, 20, 30]]","[1, 1, 1, 1, 1, 1, 1, 1]"
/home/huy/Documents/de_tai_tot_nghiep/Drone Thermal.v4i.voc/imgs/0_110_60_0_08414_jpg.rf.c809dec41f4917cb44bd722d0f14f961.jpg,[],[]
/home/huy/Documents/de_tai_tot_nghiep/Drone Thermal.v4i.voc/imgs/0_100_70_0_08217_jpg.rf.d46014f403341f0d1fc48b8cf9911b28.jpg,"[[387.0, 704.0, 20, 26]]",[1]
/home/huy/Documents/de_tai_tot_nghiep/Drone Thermal.v4i.voc/imgs/0_100_70_0_03440_jpg.rf.f4f10eac740e6805fb1476f2425bbabb.jpg,"[[500.0, 354.0, 26, 46]]",[1]
/home/huy/Documents/de_tai_tot_nghiep/Drone Thermal.v4i.voc/imgs/1_130_70_0_03990_jpg.rf.007c28f5f222a1f4e88e05c9bf688fb8.jpg,"[[452.0, 536.0, 22, 34], [514.0, 580.0, 22, 26], [588.0, 564.0, 22, 34], [611.0, 511.0, 20, 28], [679.0, 439.0, 24, 32], [552.0, 439.0, 22, 32]]","[1, 1, 1, 1, 1, 1]"
/home/huy/Documents/de_tai_tot_nghiep/Drone Thermal.v4i.voc/imgs/0_60_70_0_01755_jpg.rf.acf53279aac805289b5a6d56a9a16e55.jpg,"[[645.0, 294.0, 24, 42], [602.0, 442.0, 26, 46], [661.0, 471.0, 20, 44], [749.0, 391.0, 36, 48], [930.0, 485.0, 34, 40], [640.0, 572.0, 50, 70], [675.0, 526.0, 40, 42], [808.0, 625.0, 26, 48]]","[1, 1, 1, 1, 1, 1, 1, 1]"
/home/huy/Documents/de_tai_tot_nghiep/Drone Thermal.v4i.voc/imgs/1_120_40_0_06021_jpg.rf.abd037808a8d2250b1e5b9395db27962.jpg,[],[]
/home/huy/Documents/de_tai_tot_nghiep/Drone Thermal.v4i.voc/imgs/1_90_40_0_04894_jpg.rf.957e24ea8c18b17d16be132b7fb9f6a9.jpg,"[[622.0, 273.0, 22, 36]]",[1]
/home/huy/Documents/de_tai_tot_nghiep/Drone Thermal.v4i.voc/imgs/0_120_40_0_09490_jpg.rf.c136bbc97d96f0637657b14468076b78.jpg,[],[]
/home/huy/Documents/de_tai_tot_nghiep/Drone Thermal.v4i.voc/imgs/1_60_60_0_00427_jpg.rf.629bb57ac12b56cacd6271643fe0816a.jpg,"[[731.0, 234.0, 36, 78], [603.0, 998.0, 32, 50]]","[1, 1]"
/home/huy/Documents/de_tai_tot_nghiep/Drone Thermal.v4i.voc/imgs/0_130_90_0_05717_jpg.rf.9bdd8b31998c350ae7071a8dead96f65.jpg,[],[]
/home/huy/Documents/de_tai_tot_nghiep/Drone Thermal.v4i.voc/imgs/1_60_30_0_00129_jpg.rf.bf0df2b05dffae6d67e569cf3ab17e1f.jpg,"[[49.0, 268.0, 24, 42], [232.0, 154.0, 18, 34], [454.0, 161.0, 18, 36], [1168.0, 197.0, 22, 36], [1256.0, 353.0, 18, 36], [708.0, 624.0, 22, 42], [695.0, 582.0, 20, 42], [599.0, 444.0, 24, 38]]","[1, 1, 1, 1, 1, 1, 1, 1]"
/home/huy/Documents/de_tai_tot_nghiep/Drone Thermal.v4i.voc/imgs/0_60_90_0_01843_jpg.rf.881c2a3bd5b0193f951f5d11186427c9.jpg,"[[860.0, 573.0, 34, 44], [808.0, 380.0, 26, 38], [124.0, 127.0, 42, 40], [290.0, 193.0, 26, 40], [257.0, 111.0, 28, 28], [390.0, 367.0, 30, 56]]","[1, 1, 1, 1, 1, 1]"
/home/huy/Documents/de_tai_tot_nghiep/Drone Thermal.v4i.voc/imgs/0_100_70_0_03454_jpg.rf.c6796609b11e1c59ad5f7135dc97600b.jpg,"[[212.0, 625.0, 26, 32], [679.0, 280.0, 28, 34], [1175.0, 598.0, 20, 34], [870.0, 161.0, 18, 32]]","[1, 1, 1, 1]"
/home/huy/Documents/de_tai_tot_nghiep/Drone Thermal.v4i.voc/imgs/0_60_90_0_01837_jpg.rf.7007adc402f41b51ba91a68e33a38885.jpg,"[[308.0, 580.0, 30, 30], [163.0, 773.0, 36, 44], [343.0, 686.0, 32, 38], [282.0, 754.0, 50, 38], [486.0, 801.0, 22, 28], [1000.0, 158.0, 42, 42], [292.0, 630.0, 42, 30], [1133.0, 149.0, 28, 36], [1087.0, 221.0, 24, 28], [949.0, 462.0, 28, 34], [969.0, 455.0, 20, 24], [1023.0, 204.0, 44, 46]]","[1, 1, 1, 1, 1, 1, 1, 1, 1, 1, 1, 1]"
/home/huy/Documents/de_tai_tot_nghiep/Drone Thermal.v4i.voc/imgs/1_60_60_0_00432_jpg.rf.abed3a1edc6a21bf1f18dd6da3137ab9.jpg,"[[1023.0, 111.0, 28, 68], [846.0, 453.0, 46, 64], [989.0, 750.0, 24, 54], [944.0, 746.0, 22, 54], [965.0, 747.0, 24, 52], [498.0, 807.0, 30, 52], [776.0, 820.0, 26, 70]]","[1, 1, 1, 1, 1, 1, 1]"
/home/huy/Documents/de_tai_tot_nghiep/Drone Thermal.v4i.voc/imgs/1_130_50_0_03905_jpg.rf.ebbb1fadacce61066a4a3611aacbd744.jpg,"[[452.0, 359.0, 18, 28], [565.0, 319.0, 20, 36], [525.0, 368.0, 12, 26], [532.0, 373.0, 10, 28], [505.0, 416.0, 16, 34], [517.0, 432.0, 20, 30]]","[1, 1, 1, 1, 1, 1]"
/home/huy/Documents/de_tai_tot_nghiep/Drone Thermal.v4i.voc/imgs/1_110_90_0_02760_jpg.rf.967ccdcc01595c6668ae4bdabeb6f9f5.jpg,"[[475.0, 174.0, 56, 46], [459.0, 210.0, 24, 30], [437.0, 204.0, 28, 26], [513.0, 710.0, 28, 22], [551.0, 701.0, 32, 24], [633.0, 721.0, 20, 24], [575.0, 744.0, 44, 26], [551.0, 765.0, 24, 24], [528.0, 768.0, 18, 30], [590.0, 787.0, 18, 32], [612.0, 856.0, 30, 26]]","[1, 1, 1, 1, 1, 1, 1, 1, 1, 1, 1]"
/home/huy/Documents/de_tai_tot_nghiep/Drone Thermal.v4i.voc/imgs/1_100_40_0_06250_jpg.rf.bce98f72c5e90565d883472ae0a57abd.jpg,[],[]
/home/huy/Documents/de_tai_tot_nghiep/Drone Thermal.v4i.voc/imgs/1_100_90_0_06427_jpg.rf.85a0a6f5462fd6526d37a18082eb122a.jpg,[],[]
/home/huy/Documents/de_tai_tot_nghiep/Drone Thermal.v4i.voc/imgs/1_130_90_0_04057_jpg.rf.65ce31d9226c933b49161b44ece83207.jpg,[],[]
/home/huy/Documents/de_tai_tot_nghiep/Drone Thermal.v4i.voc/imgs/0_80_40_0_02123_jpg.rf.b06df6ecb7353f370f248720704f2948.jpg,"[[254.0, 418.0, 22, 42], [972.0, 303.0, 26, 44], [1052.0, 325.0, 26, 40], [1046.0, 358.0, 38, 34], [1226.0, 360.0, 30, 34], [868.0, 522.0, 18, 26], [773.0, 585.0, 24, 32], [813.0, 556.0, 24, 30], [840.0, 593.0, 22, 32], [1042.0, 685.0, 26, 28], [874.0, 641.0, 30, 36]]","[1, 1, 1, 1, 1, 1, 1, 1, 1, 1, 1]"
/home/huy/Documents/de_tai_tot_nghiep/Drone Thermal.v4i.voc/imgs/1_130_80_0_04043_jpg.rf.cd0679efbe8f4d0f2cda364e920c8103.jpg,"[[566.0, 535.0, 34, 28], [629.0, 569.0, 28, 32], [542.0, 592.0, 22, 22], [566.0, 605.0, 22, 28], [614.0, 648.0, 18, 26], [600.0, 715.0, 18, 20]]","[1, 1, 1, 1, 1, 1]"
/home/huy/Documents/de_tai_tot_nghiep/Drone Thermal.v4i.voc/imgs/1_80_40_0_08639_jpg.rf.4bc4e6ae39e9eb991d2ca1a4cecbe842.jpg,"[[554.0, 341.0, 22, 40]]",[1]
/home/huy/Documents/de_tai_tot_nghiep/Drone Thermal.v4i.voc/imgs/0_120_70_0_09572_jpg.rf.8e0d90566bb356ee8ce538f84da2075f.jpg,[],[]
/home/huy/Documents/de_tai_tot_nghiep/Drone Thermal.v4i.voc/imgs/1_60_30_0_00101_jpg.rf.3ed539e52d76329dd7f34609be38bf84.jpg,"[[379.0, 173.0, 16, 36], [387.0, 215.0, 16, 36], [469.0, 187.0, 20, 36], [735.0, 80.0, 16, 34], [764.0, 134.0, 18, 34], [241.0, 889.0, 20, 44], [891.0, 107.0, 16, 40], [1242.0, 114.0, 14, 34], [1088.0, 332.0, 18, 42], [1063.0, 357.0, 16, 40], [1078.0, 414.0, 18, 38], [134.0, 686.0, 18, 46]]","[1, 1, 1, 1, 1, 1, 1, 1, 1, 1, 1, 1]"
/home/huy/Documents/de_tai_tot_nghiep/Drone Thermal.v4i.voc/imgs/0_110_50_0_08379_jpg.rf.943e80ea0e89dceb7ef837178e0e092c.jpg,"[[565.0, 926.0, 20, 50]]",[1]
/home/huy/Documents/de_tai_tot_nghiep/Drone Thermal.v4i.voc/imgs/0_80_30_0_06926_jpg.rf.0468a5486534af1d0d31291a69109532.jpg,[],[]
/home/huy/Documents/de_tai_tot_nghiep/Drone Thermal.v4i.voc/imgs/1_130_30_0_09975_jpg.rf.65f6d20b2ca67a6b668bc0b559886a56.jpg,[],[]
/home/huy/Documents/de_tai_tot_nghiep/Drone Thermal.v4i.voc/imgs/1_120_50_0_06024_jpg.rf.8560711a38cf44b0812bea2162bc3d95.jpg,"[[730.0, 288.0, 14, 30]]",[1]
/home/huy/Documents/de_tai_tot_nghiep/Drone Thermal.v4i.voc/imgs/0_110_60_0_08420_jpg.rf.d92b3abf49cd6c118e366aaf7e579ac9.jpg,[],[]
/home/huy/Documents/de_tai_tot_nghiep/Drone Thermal.v4i.voc/imgs/1_120_70_0_02967_jpg.rf.779741711acbd658c58ef97175d86af1.jpg,"[[493.0, 242.0, 20, 30], [461.0, 262.0, 16, 34], [484.0, 295.0, 22, 28], [439.0, 337.0, 16, 28], [502.0, 315.0, 18, 24], [499.0, 332.0, 16, 26], [540.0, 328.0, 14, 34], [463.0, 383.0, 16, 28], [641.0, 37.0, 28, 36], [604.0, 10.0, 30, 18]]","[1, 1, 1, 1, 1, 1, 1, 1, 1, 1]"
/home/huy/Documents/de_tai_tot_nghiep/Drone Thermal.v4i.voc/imgs/1_60_50_0_00360_jpg.rf.892efa41d665526ca7cb8917d8b66e1c.jpg,"[[376.0, 453.0, 34, 52], [718.0, 811.0, 34, 56], [754.0, 249.0, 26, 44]]","[1, 1, 1]"
/home/huy/Documents/de_tai_tot_nghiep/Drone Thermal.v4i.voc/imgs/1_110_40_0_02604_jpg.rf.a878090c6972c5198bb319f7c09e5acb.jpg,"[[363.0, 175.0, 20, 28], [325.0, 165.0, 20, 40], [284.0, 152.0, 14, 26], [265.0, 149.0, 28, 36], [252.0, 179.0, 30, 40], [706.0, 890.0, 18, 26], [1237.0, 691.0, 20, 32]]","[1, 1, 1, 1, 1, 1, 1]"
/home/huy/Documents/de_tai_tot_nghiep/Drone Thermal.v4i.voc/imgs/1_70_30_0_07588_jpg.rf.356721444d7d2001a057e3f2059ca7df.jpg,"[[567.0, 652.0, 36, 58], [1152.0, 836.0, 30, 66]]","[1, 1]"
/home/huy/Documents/de_tai_tot_nghiep/Drone Thermal.v4i.voc/imgs/1_110_50_0_05822_jpg.rf.3db79ef55db60874fa9f202f33383723.jpg,"[[364.0, 57.0, 22, 48]]",[1]
/home/huy/Documents/de_tai_tot_nghiep/Drone Thermal.v4i.voc/imgs/1_100_90_0_05303_jpg.rf.16cbd9e21221bf40361b1c4653c18761.jpg,[],[]
/home/huy/Documents/de_tai_tot_nghiep/Drone Thermal.v4i.voc/imgs/1_90_90_0_01573_jpg.rf.978d1c1558022826a5af8101eafcebc9.jpg,"[[770.0, 79.0, 58, 60], [787.0, 582.0, 48, 26], [893.0, 659.0, 32, 28]]","[1, 1, 1]"
/home/huy/Documents/de_tai_tot_nghiep/Drone Thermal.v4i.voc/imgs/1_120_50_0_09321_jpg.rf.84afa18813f4875ca491e528ca09221e.jpg,[],[]
/home/huy/Documents/de_tai_tot_nghiep/Drone Thermal.v4i.voc/imgs/1_60_70_0_00574_jpg.rf.8f8b0431f3492217d95b73fe5c866f5c.jpg,"[[1151.0, 485.0, 32, 52], [574.0, 281.0, 42, 60], [680.0, 275.0, 50, 64], [734.0, 589.0, 54, 64], [674.0, 935.0, 30, 64]]","[1, 1, 1, 1, 1]"
/home/huy/Documents/de_tai_tot_nghiep/Drone Thermal.v4i.voc/imgs/1_90_90_0_08990_jpg.rf.abad8efda58578598175c5f0125e5331.jpg,[],[]
/home/huy/Documents/de_tai_tot_nghiep/Drone Thermal.v4i.voc/imgs/1_130_50_0_03922_jpg.rf.a05278417b55ee4f69b268d95f296c96.jpg,"[[229.0, 96.0, 16, 30], [312.0, 20.0, 14, 30], [603.0, 63.0, 16, 32], [447.0, 559.0, 12, 28], [504.0, 555.0, 18, 32], [539.0, 562.0, 12, 30], [551.0, 561.0, 12, 28], [563.0, 581.0, 20, 24], [548.0, 592.0, 18, 30]]","[1, 1, 1, 1, 1, 1, 1, 1, 1]"
/home/huy/Documents/de_tai_tot_nghiep/Drone Thermal.v4i.voc/imgs/1_60_30_0_00116_jpg.rf.7e6aec105a99ac54c65990f150f5affe.jpg,"[[222.0, 221.0, 18, 36], [482.0, 209.0, 18, 36], [220.0, 319.0, 18, 36], [108.0, 447.0, 18, 32], [7.0, 564.0, 12, 34], [1102.0, 683.0, 18, 44], [1009.0, 545.0, 20, 44], [865.0, 398.0, 20, 42], [1044.0, 137.0, 22, 32], [1007.0, 103.0, 20, 36], [832.0, 146.0, 18, 34]]","[1, 1, 1, 1, 1, 1, 1, 1, 1, 1, 1]"
/home/huy/Documents/de_tai_tot_nghiep/Drone Thermal.v4i.voc/imgs/1_90_50_0_04923_jpg.rf.80f5ddb40ed09d937a4cfea26d69c459.jpg,"[[1100.0, 78.0, 22, 42], [1087.0, 74.0, 20, 42]]","[1, 1]"
/home/huy/Documents/de_tai_tot_nghiep/Drone Thermal.v4i.voc/imgs/1_120_80_0_06127_jpg.rf.f65685b14a7edf9d1eceac177e5a6389.jpg,[],[]
/home/huy/Documents/de_tai_tot_nghiep/Drone Thermal.v4i.voc/imgs/1_60_70_0_00571_jpg.rf.0d81a493b3c23fe811729eb5be2b61dc.jpg,"[[186.0, 997.0, 34, 52], [512.0, 891.0, 54, 68], [842.0, 352.0, 46, 66]]","[1, 1, 1]"
/home/huy/Documents/de_tai_tot_nghiep/Drone Thermal.v4i.voc/imgs/0_100_60_0_03405_jpg.rf.daa70725ae8dad2e386ff843f18ce96d.jpg,"[[767.0, 185.0, 20, 44], [413.0, 504.0, 32, 46], [834.0, 885.0, 26, 36], [416.0, 463.0, 18, 32], [933.0, 780.0, 24, 30]]","[1, 1, 1, 1, 1]"
/home/huy/Documents/de_tai_tot_nghiep/Drone Thermal.v4i.voc/imgs/1_110_30_0_02569_jpg.rf.8f2fe9fc2fd3720b9ed2745c2e31cfeb.jpg,"[[804.0, 442.0, 14, 30], [774.0, 425.0, 18, 32], [768.0, 456.0, 18, 30], [734.0, 398.0, 18, 26], [737.0, 431.0, 20, 28], [718.0, 439.0, 18, 36], [753.0, 527.0, 16, 36], [717.0, 524.0, 16, 30], [712.0, 552.0, 18, 30], [876.0, 571.0, 18, 28], [842.0, 594.0, 22, 30], [679.0, 428.0, 16, 26], [651.0, 399.0, 16, 28], [629.0, 408.0, 12, 26], [622.0, 426.0, 14, 30], [638.0, 452.0, 18, 38], [362.0, 827.0, 18, 40], [408.0, 832.0, 14, 30], [665.0, 813.0, 16, 20], [663.0, 838.0, 24, 34], [663.0, 865.0, 16, 36], [709.0, 830.0, 20, 30], [703.0, 853.0, 24, 24]]","[1, 1, 1, 1, 1, 1, 1, 1, 1, 1, 1, 1, 1, 1, 1, 1, 1, 1, 1, 1, 1, 1, 1]"
/home/huy/Documents/de_tai_tot_nghiep/Drone Thermal.v4i.voc/imgs/1_60_90_0_04296_jpg.rf.330f6c1c5eb475c3b510668648124ad5.jpg,[],[]
/home/huy/Documents/de_tai_tot_nghiep/Drone Thermal.v4i.voc/imgs/1_130_40_0_07182_jpg.rf.a7334eb466cbb3c056ba49faaf290db9.jpg,[],[]
/home/huy/Documents/de_tai_tot_nghiep/Drone Thermal.v4i.voc/imgs/0_100_60_0_03401_jpg.rf.9d1f8436bff8873cd2e9c749f1040e58.jpg,"[[752.0, 130.0, 26, 50], [390.0, 465.0, 18, 44], [426.0, 424.0, 18, 42]]","[1, 1, 1]"
/home/huy/Documents/de_tai_tot_nghiep/Drone Thermal.v4i.voc/imgs/1_60_70_0_00587_jpg.rf.6ea8eeaca5b3bda56a9d7b357c39b840.jpg,"[[294.0, 575.0, 30, 56]]",[1]
/home/huy/Documents/de_tai_tot_nghiep/Drone Thermal.v4i.voc/imgs/0_70_90_0_06897_jpg.rf.34e828eff09bee96435df5bc20770c19.jpg,"[[723.0, 445.0, 52, 60]]",[1]
/home/huy/Documents/de_tai_tot_nghiep/Drone Thermal.v4i.voc/imgs/1_110_80_0_02712_jpg.rf.6d6012a602337fafaaf9dd16d0478aa9.jpg,"[[454.0, 351.0, 26, 32], [409.0, 290.0, 24, 38], [504.0, 257.0, 26, 28], [480.0, 221.0, 22, 32], [391.0, 229.0, 28, 40], [374.0, 219.0, 18, 28], [462.0, 159.0, 46, 24], [418.0, 166.0, 38, 30]]","[1, 1, 1, 1, 1, 1, 1, 1]"
/home/huy/Documents/de_tai_tot_nghiep/Drone Thermal.v4i.voc/imgs/0_110_60_0_03657_jpg.rf.674c02557d3fc080d60c36e83c6adcb4.jpg,"[[1252.0, 642.0, 22, 38]]",[1]
/home/huy/Documents/de_tai_tot_nghiep/Drone Thermal.v4i.voc/imgs/1_60_60_0_07450_jpg.rf.77b8f3c32071e2af42d20cbb9d67611b.jpg,[],[]
/home/huy/Documents/de_tai_tot_nghiep/Drone Thermal.v4i.voc/imgs/1_110_80_0_05903_jpg.rf.b1ddb175eec71019f8ee407e14c29f1d.jpg,"[[715.0, 559.0, 36, 36]]",[1]
/home/huy/Documents/de_tai_tot_nghiep/Drone Thermal.v4i.voc/imgs/1_120_50_0_09328_jpg.rf.d4919a89579bfc0d94b50b5371473711.jpg,[],[]
/home/huy/Documents/de_tai_tot_nghiep/Drone Thermal.v4i.voc/imgs/1_110_70_0_02710_jpg.rf.b55578454f6dbbcb8c340837fafdc0e0.jpg,"[[416.0, 201.0, 34, 52], [389.0, 202.0, 24, 26], [352.0, 175.0, 38, 44], [317.0, 239.0, 24, 48], [402.0, 504.0, 30, 34], [371.0, 538.0, 24, 30], [423.0, 632.0, 20, 30], [322.0, 661.0, 26, 32], [326.0, 691.0, 22, 28], [483.0, 674.0, 36, 46], [421.0, 725.0, 40, 44], [439.0, 760.0, 28, 34]]","[1, 1, 1, 1, 1, 1, 1, 1, 1, 1, 1, 1]"
/home/huy/Documents/de_tai_tot_nghiep/Drone Thermal.v4i.voc/imgs/1_120_40_0_06008_jpg.rf.d6bcf7dc9d4752793f0e30616c3baeee.jpg,"[[607.0, 146.0, 12, 30], [631.0, 33.0, 12, 32]]","[1, 1]"
/home/huy/Documents/de_tai_tot_nghiep/Drone Thermal.v4i.voc/imgs/0_60_30_0_06474_jpg.rf.aa4d620f6867d66b7797f8e0b1c7c3de.jpg,[],[]
/home/huy/Documents/de_tai_tot_nghiep/Drone Thermal.v4i.voc/imgs/0_120_50_0_05379_jpg.rf.13b58e07cbcca16d79b7a0f5419d3c4a.jpg,[],[]
/home/huy/Documents/de_tai_tot_nghiep/Drone Thermal.v4i.voc/imgs/1_90_70_0_01542_jpg.rf.3bf3f268b8ab054c16072c7c7af63688.jpg,"[[1029.0, 435.0, 28, 40], [1005.0, 571.0, 44, 60]]","[1, 1]"
/home/huy/Documents/de_tai_tot_nghiep/Drone Thermal.v4i.voc/imgs/1_80_90_0_01366_jpg.rf.b9439cc9286fbab0ce6a24d5e44c0f7d.jpg,"[[891.0, 93.0, 28, 20], [872.0, 144.0, 26, 30], [732.0, 209.0, 26, 40], [943.0, 189.0, 36, 24], [903.0, 217.0, 36, 28], [833.0, 232.0, 64, 58], [859.0, 309.0, 36, 40], [838.0, 368.0, 54, 58], [570.0, 818.0, 26, 38], [399.0, 965.0, 56, 44], [966.0, 1002.0, 38, 38]]","[1, 1, 1, 1, 1, 1, 1, 1, 1, 1, 1]"
/home/huy/Documents/de_tai_tot_nghiep/Drone Thermal.v4i.voc/imgs/1_80_80_0_08753_jpg.rf.3b574eb52747a3242317655164806057.jpg,[],[]
/home/huy/Documents/de_tai_tot_nghiep/Drone Thermal.v4i.voc/imgs/0_70_70_0_01995_jpg.rf.ad1b9cb63b5760ccab5b6cb238ec61af.jpg,"[[1209.0, 340.0, 24, 38], [1233.0, 360.0, 24, 50], [724.0, 626.0, 26, 42], [810.0, 754.0, 22, 34], [684.0, 685.0, 38, 40], [691.0, 735.0, 20, 36], [604.0, 757.0, 50, 56], [672.0, 769.0, 38, 40]]","[1, 1, 1, 1, 1, 1, 1, 1]"
/home/huy/Documents/de_tai_tot_nghiep/Drone Thermal.v4i.voc/imgs/1_130_50_0_07212_jpg.rf.2084c855727abedf7628fbfbc2025c9a.jpg,[],[]
/home/huy/Documents/de_tai_tot_nghiep/Drone Thermal.v4i.voc/imgs/0_80_70_0_07047_jpg.rf.3e6fcc7aaf5438cf6ad4416bf141e6b2.jpg,"[[518.0, 503.0, 38, 40], [161.0, 408.0, 40, 50], [288.0, 351.0, 50, 60]]","[1, 1, 1]"
/home/huy/Documents/de_tai_tot_nghiep/Drone Thermal.v4i.voc/imgs/1_60_90_0_07541_jpg.rf.7b0aa85db1ee17beab0ecc4ac042f064.jpg,[],[]
/home/huy/Documents/de_tai_tot_nghiep/Drone Thermal.v4i.voc/imgs/1_60_70_0_00638_jpg.rf.4000aa820829be09da296cb728801a74.jpg,"[[939.0, 786.0, 48, 62]]",[1]
/home/huy/Documents/de_tai_tot_nghiep/Drone Thermal.v4i.voc/imgs/1_70_60_0_07696_jpg.rf.e6ea1134d8f1bf6d7022e11aa4df1ccc.jpg,"[[533.0, 1000.0, 52, 42]]",[1]
/home/huy/Documents/de_tai_tot_nghiep/Drone Thermal.v4i.voc/imgs/1_120_70_0_06111_jpg.rf.5ce49301b2e1d428ddfe27f8bc3f76db.jpg,[],[]
/home/huy/Documents/de_tai_tot_nghiep/Drone Thermal.v4i.voc/imgs/0_130_60_0_09786_jpg.rf.4be46b82d1643443cb5da5809b22b216.jpg,"[[522.0, 481.0, 18, 28]]",[1]
/home/huy/Documents/de_tai_tot_nghiep/Drone Thermal.v4i.voc/imgs/1_60_60_0_04176_jpg.rf.f754c1289dfe0e257da04f88d3f5b05f.jpg,[],[]
/home/huy/Documents/de_tai_tot_nghiep/Drone Thermal.v4i.voc/imgs/1_60_50_0_00286_jpg.rf.02d050a107ea9cf611b6d8cd6f9b4449.jpg,"[[300.0, 448.0, 34, 62], [698.0, 529.0, 34, 60], [443.0, 716.0, 36, 58], [541.0, 76.0, 36, 58], [974.0, 316.0, 22, 42], [958.0, 721.0, 26, 56], [706.0, 953.0, 30, 64]]","[1, 1, 1, 1, 1, 1, 1]"
/home/huy/Documents/de_tai_tot_nghiep/Drone Thermal.v4i.voc/imgs/1_110_40_0_05784_jpg.rf.303abf42b6953ffd1f1b913a8a9d95cc.jpg,[],[]
/home/huy/Documents/de_tai_tot_nghiep/Drone Thermal.v4i.voc/imgs/1_130_50_0_03895_jpg.rf.42772fc4832fd6e441a184e22128b903.jpg,"[[563.0, 237.0, 16, 36], [580.0, 252.0, 18, 34], [528.0, 293.0, 18, 32], [570.0, 289.0, 18, 32], [586.0, 303.0, 18, 40], [607.0, 278.0, 16, 30]]","[1, 1, 1, 1, 1, 1]"
/home/huy/Documents/de_tai_tot_nghiep/Drone Thermal.v4i.voc/imgs/1_70_90_0_01100_jpg.rf.a3b99ba28d1488b1c92968db47863364.jpg,"[[1247.0, 227.0, 52, 48], [1109.0, 267.0, 28, 32], [1001.0, 262.0, 40, 30], [1080.0, 366.0, 30, 30], [1094.0, 422.0, 34, 30]]","[1, 1, 1, 1, 1]"
/home/huy/Documents/de_tai_tot_nghiep/Drone Thermal.v4i.voc/imgs/1_110_50_0_02607_jpg.rf.ed4c3b74699abaaf606e798f93328fb8.jpg,"[[243.0, 288.0, 20, 38], [214.0, 278.0, 22, 46], [144.0, 324.0, 30, 42], [143.0, 353.0, 24, 40], [177.0, 213.0, 28, 48], [93.0, 239.0, 24, 40], [125.0, 231.0, 16, 24], [125.0, 266.0, 24, 26], [140.0, 235.0, 14, 24], [152.0, 240.0, 14, 26], [164.0, 250.0, 14, 26], [197.0, 12.0, 20, 22], [220.0, 15.0, 34, 28]]","[1, 1, 1, 1, 1, 1, 1, 1, 1, 1, 1, 1, 1]"
/home/huy/Documents/de_tai_tot_nghiep/Drone Thermal.v4i.voc/imgs/0_130_90_0_05702_jpg.rf.da5a7315cdb8c0fdbea2680a812e6ed9.jpg,[],[]
/home/huy/Documents/de_tai_tot_nghiep/Drone Thermal.v4i.voc/imgs/0_130_40_0_09726_jpg.rf.af193e7cde372d6fe221cc79772af728.jpg,[],[]
/home/huy/Documents/de_tai_tot_nghiep/Drone Thermal.v4i.voc/imgs/1_110_60_0_09132_jpg.rf.80bc86a37634eed5e048b7a7f04c9825.jpg,[],[]
/home/huy/Documents/de_tai_tot_nghiep/Drone Thermal.v4i.voc/imgs/1_130_50_0_07216_jpg.rf.5d64e115c2152d128b45f4068b93eb2c.jpg,[],[]
/home/huy/Documents/de_tai_tot_nghiep/Drone Thermal.v4i.voc/imgs/1_70_90_0_07793_jpg.rf.3cbf9efc400dc21a0050e261fb11d7b4.jpg,[],[]
/home/huy/Documents/de_tai_tot_nghiep/Drone Thermal.v4i.voc/imgs/1_100_70_0_02448_jpg.rf.3b9603d7162399d06fe48b701e626ab3.jpg,"[[1091.0, 285.0, 36, 40], [979.0, 252.0, 32, 50], [912.0, 285.0, 26, 48], [936.0, 357.0, 26, 44], [711.0, 734.0, 28, 30], [680.0, 659.0, 22, 28], [629.0, 726.0, 28, 42], [640.0, 669.0, 18, 40], [593.0, 625.0, 28, 40], [572.0, 630.0, 34, 46], [598.0, 677.0, 34, 48], [574.0, 679.0, 22, 40]]","[1, 1, 1, 1, 1, 1, 1, 1, 1, 1, 1, 1]"
/home/huy/Documents/de_tai_tot_nghiep/Drone Thermal.v4i.voc/imgs/1_60_50_0_00336_jpg.rf.1d1fe8e029482b2ca9c84c9364604f0f.jpg,"[[409.0, 16.0, 24, 30], [440.0, 15.0, 26, 28], [285.0, 205.0, 36, 56], [261.0, 210.0, 32, 58], [959.0, 519.0, 28, 52], [996.0, 758.0, 30, 62]]","[1, 1, 1, 1, 1, 1]"
/home/huy/Documents/de_tai_tot_nghiep/Drone Thermal.v4i.voc/imgs/1_130_30_0_09973_jpg.rf.5ae528726e1b1fe85d4b7a8837da6393.jpg,[],[]
/home/huy/Documents/de_tai_tot_nghiep/Drone Thermal.v4i.voc/imgs/1_130_50_0_03913_jpg.rf.47257dbc999bd60f0531b56d35157cec.jpg,"[[429.0, 441.0, 16, 28], [261.0, 13.0, 12, 24], [505.0, 441.0, 16, 36], [507.0, 470.0, 16, 30], [526.0, 468.0, 18, 34], [528.0, 487.0, 18, 32], [502.0, 491.0, 18, 36]]","[1, 1, 1, 1, 1, 1, 1]"
/home/huy/Documents/de_tai_tot_nghiep/Drone Thermal.v4i.voc/imgs/0_120_30_0_05331_jpg.rf.fdb5ac0a2590d63f24450a8ba58632b3.jpg,[],[]
/home/huy/Documents/de_tai_tot_nghiep/Drone Thermal.v4i.voc/imgs/1_70_70_0_07705_jpg.rf.2aec4e99cf423ff200c2448acf0f8035.jpg,[],[]
/home/huy/Documents/de_tai_tot_nghiep/Drone Thermal.v4i.voc/imgs/1_120_70_0_02935_jpg.rf.6d097e58165f2cab18eb2ce5814ee1fb.jpg,"[[649.0, 29.0, 24, 32], [678.0, 90.0, 26, 38], [459.0, 298.0, 20, 30], [488.0, 294.0, 22, 30], [529.0, 321.0, 24, 28], [460.0, 346.0, 18, 30], [498.0, 346.0, 18, 30], [534.0, 364.0, 18, 26], [441.0, 391.0, 20, 28], [464.0, 437.0, 18, 28]]","[1, 1, 1, 1, 1, 1, 1, 1, 1, 1]"
/home/huy/Documents/de_tai_tot_nghiep/Drone Thermal.v4i.voc/imgs/1_130_90_0_10160_jpg.rf.23654308b42b0b5d3828f7d162f5006b.jpg,[],[]
/home/huy/Documents/de_tai_tot_nghiep/Drone Thermal.v4i.voc/imgs/1_110_70_0_02695_jpg.rf.8a3880e0719c4f43480246cc599e1e97.jpg,"[[447.0, 470.0, 28, 50], [382.0, 386.0, 22, 34], [421.0, 396.0, 24, 30], [420.0, 430.0, 26, 34], [505.0, 883.0, 28, 36], [465.0, 798.0, 24, 26], [359.0, 784.0, 24, 30], [391.0, 869.0, 32, 40], [340.0, 832.0, 26, 34], [333.0, 875.0, 24, 32], [384.0, 903.0, 34, 36], [341.0, 960.0, 24, 30]]","[1, 1, 1, 1, 1, 1, 1, 1, 1, 1, 1, 1]"
/home/huy/Documents/de_tai_tot_nghiep/Drone Thermal.v4i.voc/imgs/1_100_40_0_06252_jpg.rf.01518b12ece743d51c383d411cff562f.jpg,[],[]
/home/huy/Documents/de_tai_tot_nghiep/Drone Thermal.v4i.voc/imgs/0_70_70_0_01998_jpg.rf.54489cd8eb7b11a51171a828ff474a81.jpg,"[[1069.0, 177.0, 36, 36], [1032.0, 231.0, 22, 40], [1161.0, 293.0, 32, 36], [1166.0, 318.0, 38, 54], [1096.0, 330.0, 46, 46], [1115.0, 315.0, 24, 28], [533.0, 583.0, 28, 24], [630.0, 689.0, 58, 52], [723.0, 765.0, 24, 36], [480.0, 814.0, 38, 46], [388.0, 794.0, 46, 42], [664.0, 751.0, 26, 44], [616.0, 801.0, 38, 40], [838.0, 987.0, 46, 36], [1155.0, 491.0, 36, 44]]","[1, 1, 1, 1, 1, 1, 1, 1, 1, 1, 1, 1, 1, 1, 1]"
/home/huy/Documents/de_tai_tot_nghiep/Drone Thermal.v4i.voc/imgs/0_100_90_0_08284_jpg.rf.877542d22901e3365d91b1628ffd0d5d.jpg,[],[]
/home/huy/Documents/de_tai_tot_nghiep/Drone Thermal.v4i.voc/imgs/1_130_30_0_07128_jpg.rf.dae0e82c8da394bf8b8fc781a5f942fc.jpg,[],[]
/home/huy/Documents/de_tai_tot_nghiep/Drone Thermal.v4i.voc/imgs/1_60_30_0_00093_jpg.rf.983494be74112723486d23f6dcff0774.jpg,"[[642.0, 1001.0, 26, 44], [486.0, 597.0, 18, 40], [385.0, 593.0, 16, 36], [844.0, 136.0, 18, 38], [842.0, 106.0, 18, 42], [982.0, 118.0, 18, 34], [1171.0, 73.0, 20, 32], [1257.0, 379.0, 20, 44]]","[1, 1, 1, 1, 1, 1, 1, 1]"
/home/huy/Documents/de_tai_tot_nghiep/Drone Thermal.v4i.voc/imgs/0_70_90_0_06883_jpg.rf.d386794b167c292d4a2df30ad234515a.jpg,[],[]
/home/huy/Documents/de_tai_tot_nghiep/Drone Thermal.v4i.voc/imgs/0_80_40_0_02118_jpg.rf.cff4989bfc26ff620b3a7d5199def5e1.jpg,"[[272.0, 226.0, 42, 46], [972.0, 210.0, 22, 42], [1037.0, 232.0, 20, 26], [1099.0, 284.0, 24, 26], [861.0, 384.0, 20, 34], [771.0, 424.0, 24, 30], [768.0, 451.0, 18, 32], [970.0, 520.0, 22, 38], [842.0, 497.0, 26, 40], [862.0, 449.0, 26, 28], [728.0, 394.0, 22, 30]]","[1, 1, 1, 1, 1, 1, 1, 1, 1, 1, 1]"
/home/huy/Documents/de_tai_tot_nghiep/Drone Thermal.v4i.voc/imgs/1_90_60_0_04968_jpg.rf.3397a70abfe0723c1b78e7eb07983972.jpg,"[[600.0, 302.0, 18, 34], [602.0, 330.0, 22, 30], [807.0, 496.0, 24, 42]]","[1, 1, 1]"
/home/huy/Documents/de_tai_tot_nghiep/Drone Thermal.v4i.voc/imgs/1_130_60_0_10075_jpg.rf.ba8a520abf17fffe1aed44255e557017.jpg,[],[]
/home/huy/Documents/de_tai_tot_nghiep/Drone Thermal.v4i.voc/imgs/1_90_70_0_04977_jpg.rf.f280b82eeae40c03f94755b88e2a96c4.jpg,"[[598.0, 795.0, 22, 28]]",[1]
/home/huy/Documents/de_tai_tot_nghiep/Drone Thermal.v4i.voc/imgs/0_130_90_0_05719_jpg.rf.993e691905e288c48fa5cd6eb060a00f.jpg,[],[]
/home/huy/Documents/de_tai_tot_nghiep/Drone Thermal.v4i.voc/imgs/1_100_80_0_02488_jpg.rf.8e06e06102af7b2add50430d7cabaac3.jpg,"[[859.0, 259.0, 40, 44], [786.0, 171.0, 38, 40], [786.0, 221.0, 30, 32], [737.0, 202.0, 44, 42], [655.0, 809.0, 24, 32], [580.0, 703.0, 30, 24], [461.0, 672.0, 20, 34], [421.0, 659.0, 40, 48], [535.0, 816.0, 44, 46], [458.0, 822.0, 30, 26], [423.0, 787.0, 32, 24]]","[1, 1, 1, 1, 1, 1, 1, 1, 1, 1, 1]"
/home/huy/Documents/de_tai_tot_nghiep/Drone Thermal.v4i.voc/imgs/0_80_30_0_06914_jpg.rf.2b77b57bd53d0995f7f7a6cc72197c4d.jpg,[],[]
/home/huy/Documents/de_tai_tot_nghiep/Drone Thermal.v4i.voc/imgs/1_60_30_0_00001_jpg.rf.57d6110cf251a8b9920f9c53cf1e8973.jpg,"[[536.0, 158.0, 14, 34], [310.0, 304.0, 14, 38], [353.0, 288.0, 20, 30], [409.0, 299.0, 20, 36], [538.0, 335.0, 22, 40], [321.0, 363.0, 16, 36], [346.0, 485.0, 18, 40], [483.0, 614.0, 16, 38], [490.0, 696.0, 18, 38], [286.0, 909.0, 22, 44], [327.0, 905.0, 20, 44], [1226.0, 80.0, 18, 38]]","[1, 1, 1, 1, 1, 1, 1, 1, 1, 1, 1, 1]"
/home/huy/Documents/de_tai_tot_nghiep/Drone Thermal.v4i.voc/imgs/1_60_30_0_00134_jpg.rf.6ad898c1ec5a7429f735848b928c9efc.jpg,"[[531.0, 131.0, 20, 36], [335.0, 460.0, 24, 30], [470.0, 519.0, 38, 44], [444.0, 536.0, 26, 42], [873.0, 307.0, 16, 32], [998.0, 357.0, 22, 40], [1192.0, 341.0, 18, 44], [1225.0, 352.0, 16, 30], [1259.0, 288.0, 16, 38], [1051.0, 296.0, 24, 42]]","[1, 1, 1, 1, 1, 1, 1, 1, 1, 1]"
/home/huy/Documents/de_tai_tot_nghiep/Drone Thermal.v4i.voc/imgs/1_110_80_0_02736_jpg.rf.f19372ea8cee0c41ab897ff7332586ef.jpg,"[[436.0, 423.0, 26, 32], [406.0, 421.0, 42, 40], [475.0, 485.0, 20, 28], [446.0, 511.0, 22, 24], [361.0, 544.0, 24, 30], [460.0, 574.0, 26, 30], [282.0, 642.0, 30, 34], [476.0, 667.0, 30, 32]]","[1, 1, 1, 1, 1, 1, 1, 1]"
/home/huy/Documents/de_tai_tot_nghiep/Drone Thermal.v4i.voc/imgs/1_60_50_0_07421_jpg.rf.8f6113d78db576030859dfe3263d09d6.jpg,[],[]
/home/huy/Documents/de_tai_tot_nghiep/Drone Thermal.v4i.voc/imgs/1_60_30_0_00128_jpg.rf.91ea6fe3ed25e24f0247ee1dd6796a1b.jpg,"[[452.0, 194.0, 14, 34], [311.0, 399.0, 12, 32], [297.0, 412.0, 16, 34], [322.0, 448.0, 18, 38], [493.0, 560.0, 16, 38], [336.0, 572.0, 18, 38], [322.0, 657.0, 18, 36], [473.0, 864.0, 20, 42], [492.0, 895.0, 18, 36], [277.0, 1015.0, 20, 20], [1277.0, 336.0, 8, 30], [976.0, 80.0, 18, 34], [867.0, 100.0, 16, 34]]","[1, 1, 1, 1, 1, 1, 1, 1, 1, 1, 1, 1, 1]"
/home/huy/Documents/de_tai_tot_nghiep/Drone Thermal.v4i.voc/imgs/1_80_70_0_04746_jpg.rf.6253f403fa9ed7f5e584f638adc78811.jpg,[],[]
/home/huy/Documents/de_tai_tot_nghiep/Drone Thermal.v4i.voc/imgs/1_90_30_0_08806_jpg.rf.00c14865ed377265f1ef02ea02e8a9f2.jpg,[],[]
/home/huy/Documents/de_tai_tot_nghiep/Drone Thermal.v4i.voc/imgs/1_60_60_0_00437_jpg.rf.e30e908951155daee2d9546f03bcd6c7.jpg,"[[328.0, 966.0, 30, 58], [269.0, 988.0, 36, 58], [586.0, 280.0, 34, 58], [1187.0, 177.0, 36, 68], [1157.0, 759.0, 32, 52]]","[1, 1, 1, 1, 1]"
/home/huy/Documents/de_tai_tot_nghiep/Drone Thermal.v4i.voc/imgs/1_80_80_0_08746_jpg.rf.601f2c8d42dc5d29400f1fb3ef822463.jpg,[],[]
/home/huy/Documents/de_tai_tot_nghiep/Drone Thermal.v4i.voc/imgs/1_60_50_0_00370_jpg.rf.1fd7b4792fc4b63ca424b4f2c69af928.jpg,"[[1019.0, 274.0, 32, 58], [1177.0, 393.0, 36, 56], [1094.0, 960.0, 42, 66]]","[1, 1, 1]"
/home/huy/Documents/de_tai_tot_nghiep/Drone Thermal.v4i.voc/imgs/1_60_50_0_07410_jpg.rf.51ff95f8036c543140f989d9bccdb7de.jpg,[],[]
/home/huy/Documents/de_tai_tot_nghiep/Drone Thermal.v4i.voc/imgs/0_60_50_0_01703_jpg.rf.1dde76a28f5202a2ecdf8fbc46f8df0b.jpg,"[[813.0, 279.0, 24, 48], [919.0, 391.0, 24, 56], [913.0, 224.0, 20, 38], [953.0, 266.0, 20, 50], [978.0, 430.0, 22, 50], [1147.0, 391.0, 20, 48], [1124.0, 408.0, 18, 50], [979.0, 371.0, 24, 48], [798.0, 869.0, 22, 48], [502.0, 686.0, 22, 54], [404.0, 718.0, 38, 42], [460.0, 726.0, 34, 46], [532.0, 707.0, 22, 52]]","[1, 1, 1, 1, 1, 1, 1, 1, 1, 1, 1, 1, 1]"
/home/huy/Documents/de_tai_tot_nghiep/Drone Thermal.v4i.voc/imgs/0_110_30_0_03558_jpg.rf.0fe574b8cbc9fbe444fff6c70315d9bc.jpg,"[[69.0, 792.0, 16, 42], [37.0, 823.0, 16, 36]]","[1, 1]"
/home/huy/Documents/de_tai_tot_nghiep/Drone Thermal.v4i.voc/imgs/0_110_60_0_03676_jpg.rf.27ede5c358e96a4fe99aa2f7338c684d.jpg,"[[1227.0, 519.0, 24, 32]]",[1]
/home/huy/Documents/de_tai_tot_nghiep/Drone Thermal.v4i.voc/imgs/1_110_50_0_05815_jpg.rf.78fcfd73071300fab0a9361704639b53.jpg,"[[32.0, 401.0, 22, 28], [47.0, 406.0, 16, 34], [146.0, 796.0, 30, 42], [795.0, 109.0, 16, 48]]","[1, 1, 1, 1]"
/home/huy/Documents/de_tai_tot_nghiep/Drone Thermal.v4i.voc/imgs/0_80_80_0_02246_jpg.rf.d00757f80e7009effca2cf0db3bb0737.jpg,"[[1269.0, 83.0, 20, 36], [990.0, 397.0, 30, 36], [951.0, 477.0, 28, 36], [846.0, 455.0, 22, 40], [743.0, 410.0, 40, 30], [794.0, 478.0, 38, 38], [753.0, 497.0, 36, 40], [748.0, 612.0, 26, 26], [894.0, 569.0, 38, 48], [931.0, 619.0, 48, 48]]","[1, 1, 1, 1, 1, 1, 1, 1, 1, 1]"
/home/huy/Documents/de_tai_tot_nghiep/Drone Thermal.v4i.voc/imgs/0_100_30_0_03288_jpg.rf.0be627fa7eb04173582ec2e1119cddd9.jpg,"[[69.0, 91.0, 16, 36], [166.0, 63.0, 18, 40], [945.0, 433.0, 16, 32], [926.0, 606.0, 18, 30]]","[1, 1, 1, 1]"
/home/huy/Documents/de_tai_tot_nghiep/Drone Thermal.v4i.voc/imgs/0_60_50_0_01687_jpg.rf.085090eb94dcea2f480d7da99a27900e.jpg,"[[324.0, 575.0, 22, 44], [285.0, 651.0, 32, 60], [273.0, 754.0, 20, 46], [300.0, 742.0, 18, 50], [658.0, 331.0, 30, 52], [921.0, 333.0, 20, 44], [904.0, 352.0, 18, 50], [472.0, 730.0, 30, 46], [746.0, 354.0, 22, 46], [771.0, 326.0, 24, 50], [588.0, 315.0, 26, 44]]","[1, 1, 1, 1, 1, 1, 1, 1, 1, 1, 1]"
/home/huy/Documents/de_tai_tot_nghiep/Drone Thermal.v4i.voc/imgs/0_110_50_0_08391_jpg.rf.c8b22a75c3db939fb214ef859261a13d.jpg,"[[550.0, 940.0, 26, 38]]",[1]
/home/huy/Documents/de_tai_tot_nghiep/Drone Thermal.v4i.voc/imgs/0_80_70_0_07032_jpg.rf.09240ce2a40ba7ee7631e6f7562a50f5.jpg,[],[]
/home/huy/Documents/de_tai_tot_nghiep/Drone Thermal.v4i.voc/imgs/1_130_90_0_04063_jpg.rf.0562a03678464997e4114203dfa81217.jpg,[],[]
/home/huy/Documents/de_tai_tot_nghiep/Drone Thermal.v4i.voc/imgs/1_60_80_0_00653_jpg.rf.9be3f8ef90a33e93d7a59a1aa12dfede.jpg,"[[287.0, 415.0, 28, 40], [156.0, 528.0, 34, 42], [286.0, 526.0, 42, 34], [374.0, 593.0, 46, 44], [228.0, 615.0, 46, 44], [287.0, 563.0, 36, 32], [304.0, 593.0, 34, 36], [158.0, 757.0, 34, 32], [194.0, 764.0, 34, 30], [297.0, 796.0, 24, 26], [268.0, 803.0, 50, 52], [240.0, 835.0, 54, 52], [294.0, 848.0, 38, 34], [138.0, 856.0, 34, 30], [237.0, 957.0, 56, 48], [194.0, 981.0, 30, 36], [64.0, 913.0, 42, 48], [89.0, 950.0, 36, 46], [868.0, 665.0, 50, 52], [1187.0, 567.0, 40, 36], [1026.0, 653.0, 34, 32], [1066.0, 674.0, 58, 70], [1143.0, 740.0, 28, 38], [1045.0, 742.0, 28, 34], [1099.0, 765.0, 56, 60], [1176.0, 879.0, 42, 44], [1162.0, 947.0, 54, 60], [974.0, 899.0, 38, 40], [1018.0, 932.0, 30, 30]]","[1, 1, 1, 1, 1, 1, 1, 1, 1, 1, 1, 1, 1, 1, 1, 1, 1, 1, 1, 1, 1, 1, 1, 1, 1, 1, 1, 1, 1]"
/home/huy/Documents/de_tai_tot_nghiep/Drone Thermal.v4i.voc/imgs/1_60_50_0_04147_jpg.rf.5a4e7ce7312258282cdfe82eaeb59f11.jpg,[],[]
/home/huy/Documents/de_tai_tot_nghiep/Drone Thermal.v4i.voc/imgs/1_90_40_0_08841_jpg.rf.f8ca38d8b4dd643d53bf5ae65d57a0c0.jpg,[],[]
/home/huy/Documents/de_tai_tot_nghiep/Drone Thermal.v4i.voc/imgs/1_100_30_0_06223_jpg.rf.44a549e286ed749a27cc959003db02fc.jpg,[],[]
/home/huy/Documents/de_tai_tot_nghiep/Drone Thermal.v4i.voc/imgs/1_120_70_0_06090_jpg.rf.ec06237631f943a4703e935af530a984.jpg,[],[]
/home/huy/Documents/de_tai_tot_nghiep/Drone Thermal.v4i.voc/imgs/1_70_50_0_00955_jpg.rf.60e1aac1a49846bf955ac8a940eacbf9.jpg,"[[63.0, 633.0, 28, 44], [668.0, 523.0, 30, 44], [698.0, 437.0, 26, 52]]","[1, 1, 1]"
/home/huy/Documents/de_tai_tot_nghiep/Drone Thermal.v4i.voc/imgs/0_120_40_0_09507_jpg.rf.4ae03538426ab8fcd95f86429e8f70a1.jpg,"[[76.0, 776.0, 22, 50], [101.0, 652.0, 24, 42], [345.0, 428.0, 16, 38], [301.0, 430.0, 20, 38]]","[1, 1, 1, 1]"
/home/huy/Documents/de_tai_tot_nghiep/Drone Thermal.v4i.voc/imgs/1_90_90_0_09012_jpg.rf.cf10a4487bc87949730082cd17bb6f83.jpg,[],[]
/home/huy/Documents/de_tai_tot_nghiep/Drone Thermal.v4i.voc/imgs/1_60_80_0_07535_jpg.rf.5249b8ce313d569fc9d6ad3ce58248a4.jpg,[],[]
/home/huy/Documents/de_tai_tot_nghiep/Drone Thermal.v4i.voc/imgs/1_80_30_0_08564_jpg.rf.f83728622d24b383ebc0d1dd810b5108.jpg,[],[]
/home/huy/Documents/de_tai_tot_nghiep/Drone Thermal.v4i.voc/imgs/1_120_30_0_02808_jpg.rf.12319c940c47d41fec32c96c5407be3e.jpg,"[[448.0, 649.0, 14, 28], [496.0, 645.0, 14, 28], [680.0, 679.0, 18, 32], [692.0, 654.0, 14, 26], [710.0, 662.0, 14, 26], [747.0, 657.0, 12, 28], [758.0, 664.0, 14, 26], [771.0, 669.0, 12, 24], [1138.0, 836.0, 14, 30], [855.0, 460.0, 16, 30], [864.0, 438.0, 14, 26], [804.0, 406.0, 10, 26], [743.0, 420.0, 12, 30], [632.0, 327.0, 14, 28], [649.0, 313.0, 12, 28], [686.0, 317.0, 14, 28], [699.0, 299.0, 12, 24], [714.0, 303.0, 18, 28], [751.0, 303.0, 16, 28], [702.0, 328.0, 14, 22], [699.0, 338.0, 12, 22], [732.0, 325.0, 14, 24], [718.0, 340.0, 14, 26], [775.0, 337.0, 16, 28]]","[1, 1, 1, 1, 1, 1, 1, 1, 1, 1, 1, 1, 1, 1, 1, 1, 1, 1, 1, 1, 1, 1, 1, 1]"
/home/huy/Documents/de_tai_tot_nghiep/Drone Thermal.v4i.voc/imgs/1_130_60_0_03938_jpg.rf.f924373d53ae1abd4ef724a9791376fc.jpg,"[[173.0, 90.0, 20, 30], [261.0, 90.0, 20, 30], [292.0, 15.0, 18, 28], [592.0, 94.0, 22, 34], [355.0, 748.0, 20, 30], [415.0, 785.0, 20, 32], [467.0, 809.0, 16, 32], [498.0, 805.0, 18, 28], [523.0, 821.0, 20, 24], [519.0, 844.0, 20, 34]]","[1, 1, 1, 1, 1, 1, 1, 1, 1, 1]"
/home/huy/Documents/de_tai_tot_nghiep/Drone Thermal.v4i.voc/imgs/0_130_30_0_05580_jpg.rf.8c24ef21b6aa423df04edbc2c10c3aee.jpg,[],[]
/home/huy/Documents/de_tai_tot_nghiep/Drone Thermal.v4i.voc/imgs/0_100_30_0_08085_jpg.rf.82cc41c04d27fcac32c65f06d7ea1c58.jpg,[],[]
/home/huy/Documents/de_tai_tot_nghiep/Drone Thermal.v4i.voc/imgs/0_130_60_0_09778_jpg.rf.8c596477c6f8812045bde9f0cff7b252.jpg,"[[432.0, 261.0, 18, 28]]",[1]
/home/huy/Documents/de_tai_tot_nghiep/Drone Thermal.v4i.voc/imgs/0_80_50_0_02154_jpg.rf.0d9f8a3b1efcc60394aad13e271e9a0c.jpg,"[[296.0, 91.0, 18, 44], [591.0, 254.0, 32, 38], [667.0, 292.0, 20, 34], [560.0, 354.0, 30, 46], [598.0, 361.0, 22, 44], [707.0, 332.0, 20, 42], [888.0, 384.0, 26, 34], [830.0, 526.0, 30, 46], [810.0, 436.0, 38, 46], [986.0, 54.0, 30, 46], [1007.0, 56.0, 20, 42], [973.0, 24.0, 24, 30], [1009.0, 24.0, 36, 42], [1032.0, 20.0, 26, 34]]","[1, 1, 1, 1, 1, 1, 1, 1, 1, 1, 1, 1, 1, 1]"
/home/huy/Documents/de_tai_tot_nghiep/Drone Thermal.v4i.voc/imgs/0_110_40_0_03614_jpg.rf.817798d563a58febf900c9e6b90c2bf4.jpg,"[[126.0, 145.0, 14, 36], [113.0, 171.0, 20, 36]]","[1, 1]"
/home/huy/Documents/de_tai_tot_nghiep/Drone Thermal.v4i.voc/imgs/0_100_50_0_03369_jpg.rf.b57ba872aabc47d0541e690471f7cffe.jpg,"[[703.0, 29.0, 12, 52], [664.0, 379.0, 14, 44], [364.0, 674.0, 14, 50], [350.0, 699.0, 14, 32], [651.0, 37.0, 16, 28], [704.0, 77.0, 22, 24], [781.0, 907.0, 20, 36]]","[1, 1, 1, 1, 1, 1, 1]"
/home/huy/Documents/de_tai_tot_nghiep/Drone Thermal.v4i.voc/imgs/0_130_50_0_09749_jpg.rf.40953a4648e1dfbcb620c00774fd7efb.jpg,[],[]
/home/huy/Documents/de_tai_tot_nghiep/Drone Thermal.v4i.voc/imgs/1_70_40_0_00922_jpg.rf.7cc6405860cdef0cfa37532bd058414d.jpg,"[[599.0, 878.0, 24, 42], [614.0, 915.0, 30, 48]]","[1, 1]"
/home/huy/Documents/de_tai_tot_nghiep/Drone Thermal.v4i.voc/imgs/0_80_60_0_02187_jpg.rf.d1a3b1d6f0d7110d38d8bafcedd6d120.jpg,"[[1128.0, 32.0, 26, 46], [1162.0, 45.0, 42, 64], [1078.0, 136.0, 30, 38], [841.0, 343.0, 20, 44], [829.0, 372.0, 20, 26], [630.0, 398.0, 50, 54], [721.0, 449.0, 16, 48], [848.0, 550.0, 42, 46], [800.0, 460.0, 18, 30], [854.0, 477.0, 26, 32]]","[1, 1, 1, 1, 1, 1, 1, 1, 1, 1]"
/home/huy/Documents/de_tai_tot_nghiep/Drone Thermal.v4i.voc/imgs/0_110_70_0_03714_jpg.rf.7d960a34839db9971a8c31a1eda641d8.jpg,"[[645.0, 288.0, 20, 30], [754.0, 256.0, 22, 30], [711.0, 319.0, 20, 36], [783.0, 276.0, 24, 34], [819.0, 754.0, 24, 26]]","[1, 1, 1, 1, 1]"
/home/huy/Documents/de_tai_tot_nghiep/Drone Thermal.v4i.voc/imgs/1_70_60_0_07671_jpg.rf.b89cb3ff658cda2c6cd7c0897bb69ce2.jpg,[],[]
/home/huy/Documents/de_tai_tot_nghiep/Drone Thermal.v4i.voc/imgs/0_100_40_0_08137_jpg.rf.73b1cfbc46dd6bda8d988a8c5c3e2a5a.jpg,[],[]
/home/huy/Documents/de_tai_tot_nghiep/Drone Thermal.v4i.voc/imgs/1_90_80_0_05018_jpg.rf.9d2e337978f77ee7b6f0f7c0e4a96ee4.jpg,"[[890.0, 357.0, 18, 40]]",[1]
/home/huy/Documents/de_tai_tot_nghiep/Drone Thermal.v4i.voc/imgs/0_130_30_0_09688_jpg.rf.8bf7e3c70ccf7aa699e80c2dfa0937a2.jpg,[],[]
/home/huy/Documents/de_tai_tot_nghiep/Drone Thermal.v4i.voc/imgs/0_100_30_0_03289_jpg.rf.2d2d0f80b77fb8916ac01b6b31a94422.jpg,"[[789.0, 839.0, 16, 32], [822.0, 426.0, 18, 34]]","[1, 1]"
/home/huy/Documents/de_tai_tot_nghiep/Drone Thermal.v4i.voc/imgs/1_60_30_0_00030_jpg.rf.3c3fa0e30e19b64fadd699c9feaf78ec.jpg,"[[267.0, 171.0, 20, 32], [289.0, 176.0, 16, 34], [398.0, 238.0, 18, 34], [348.0, 252.0, 22, 38], [574.0, 111.0, 14, 36], [603.0, 372.0, 16, 38], [525.0, 415.0, 16, 36], [453.0, 1000.0, 24, 42], [1104.0, 641.0, 22, 40], [1003.0, 521.0, 20, 40], [942.0, 577.0, 14, 40], [933.0, 582.0, 16, 42], [917.0, 583.0, 16, 40], [816.0, 568.0, 18, 38], [754.0, 471.0, 18, 44], [880.0, 354.0, 14, 34], [772.0, 411.0, 14, 32], [1165.0, 36.0, 16, 38], [1139.0, 40.0, 20, 42], [1108.0, 30.0, 14, 38], [1123.0, 35.0, 16, 36], [619.0, 461.0, 20, 44], [1258.0, 198.0, 22, 50]]","[1, 1, 1, 1, 1, 1, 1, 1, 1, 1, 1, 1, 1, 1, 1, 1, 1, 1, 1, 1, 1, 1, 1]"
/home/huy/Documents/de_tai_tot_nghiep/Drone Thermal.v4i.voc/imgs/1_60_60_0_00519_jpg.rf.e4960cccf8903d52230f3689439f3ada.jpg,"[[550.0, 738.0, 26, 58], [749.0, 516.0, 24, 66], [810.0, 554.0, 34, 58], [788.0, 666.0, 30, 54]]","[1, 1, 1, 1]"
/home/huy/Documents/de_tai_tot_nghiep/Drone Thermal.v4i.voc/imgs/0_100_50_0_08150_jpg.rf.c8f8abc8d5e0cfd169104667e2ef72b6.jpg,"[[623.0, 545.0, 16, 44], [629.0, 581.0, 24, 48]]","[1, 1]"
/home/huy/Documents/de_tai_tot_nghiep/Drone Thermal.v4i.voc/imgs/1_70_40_0_07624_jpg.rf.1486ea98969e5107c83c34710c4a6b4a.jpg,"[[793.0, 20.0, 32, 38], [841.0, 20.0, 32, 38]]","[1, 1]"
/home/huy/Documents/de_tai_tot_nghiep/Drone Thermal.v4i.voc/imgs/1_90_80_0_08976_jpg.rf.d195fe042a98f11e61941d1673134424.jpg,[],[]
/home/huy/Documents/de_tai_tot_nghiep/Drone Thermal.v4i.voc/imgs/0_100_70_0_08223_jpg.rf.64afe0bc127610ec1f2fe41cc63c2314.jpg,"[[973.0, 739.0, 24, 40]]",[1]
/home/huy/Documents/de_tai_tot_nghiep/Drone Thermal.v4i.voc/imgs/1_130_40_0_10011_jpg.rf.a914d673b72a972eec38dcde90099c64.jpg,"[[799.0, 751.0, 16, 40]]",[1]
/home/huy/Documents/de_tai_tot_nghiep/Drone Thermal.v4i.voc/imgs/1_130_80_0_10116_jpg.rf.cc3681aa3ce0ecd88223be634eaf7685.jpg,[],[]
/home/huy/Documents/de_tai_tot_nghiep/Drone Thermal.v4i.voc/imgs/1_120_60_0_06082_jpg.rf.6235667804bdb612b8f576efa1096544.jpg,[],[]
/home/huy/Documents/de_tai_tot_nghiep/Drone Thermal.v4i.voc/imgs/1_130_90_0_07314_jpg.rf.b2eae883b66376226275d0ca8d3dd4a2.jpg,[],[]
/home/huy/Documents/de_tai_tot_nghiep/Drone Thermal.v4i.voc/imgs/0_80_40_0_06928_jpg.rf.cd1533e85b2bc3dca7a0f6b0c6f0970e.jpg,[],[]
/home/huy/Documents/de_tai_tot_nghiep/Drone Thermal.v4i.voc/imgs/1_60_40_0_07394_jpg.rf.4377c3a5b40953cc652f9c79d9e74a8e.jpg,[],[]
/home/huy/Documents/de_tai_tot_nghiep/Drone Thermal.v4i.voc/imgs/1_90_70_0_08940_jpg.rf.563bce5ee76aff64aabd0ed9aa1491ea.jpg,[],[]
/home/huy/Documents/de_tai_tot_nghiep/Drone Thermal.v4i.voc/imgs/1_70_60_0_01018_jpg.rf.ad27a9c6dd913b1ae6c490cf490b36d9.jpg,"[[565.0, 931.0, 28, 36], [969.0, 530.0, 32, 46], [965.0, 378.0, 24, 50], [1011.0, 342.0, 28, 42], [1097.0, 389.0, 36, 48], [1062.0, 437.0, 26, 52], [1141.0, 500.0, 32, 50]]","[1, 1, 1, 1, 1, 1, 1]"
/home/huy/Documents/de_tai_tot_nghiep/Drone Thermal.v4i.voc/imgs/0_120_90_0_09645_jpg.rf.81f6a3fbca16f7fffbd6a05312351410.jpg,"[[881.0, 567.0, 20, 32], [836.0, 744.0, 22, 26]]","[1, 1]"
/home/huy/Documents/de_tai_tot_nghiep/Drone Thermal.v4i.voc/imgs/0_100_40_0_03323_jpg.rf.08e8d4e1475478140adf6647048cd40c.jpg,"[[823.0, 368.0, 16, 42], [549.0, 527.0, 16, 40], [147.0, 318.0, 20, 38], [919.0, 707.0, 16, 36], [862.0, 153.0, 18, 44], [854.0, 712.0, 22, 38]]","[1, 1, 1, 1, 1, 1]"
/home/huy/Documents/de_tai_tot_nghiep/Drone Thermal.v4i.voc/imgs/0_120_60_0_09569_jpg.rf.9b8e708631f0239f0fddbc2df08a3fe5.jpg,[],[]
/home/huy/Documents/de_tai_tot_nghiep/Drone Thermal.v4i.voc/imgs/1_110_90_0_02776_jpg.rf.5bf96880ea06c7ef124c936a752395c6.jpg,"[[313.0, 168.0, 28, 26], [344.0, 163.0, 26, 32], [315.0, 211.0, 36, 32], [514.0, 316.0, 22, 38], [577.0, 682.0, 20, 26], [573.0, 729.0, 36, 40], [488.0, 722.0, 26, 30], [508.0, 734.0, 22, 26], [425.0, 798.0, 24, 22], [561.0, 831.0, 24, 28], [485.0, 841.0, 44, 44], [475.0, 870.0, 28, 22]]","[1, 1, 1, 1, 1, 1, 1, 1, 1, 1, 1, 1]"
/home/huy/Documents/de_tai_tot_nghiep/Drone Thermal.v4i.voc/imgs/1_60_80_0_00643_jpg.rf.81f649b0f6979b4448746c2558e44475.jpg,"[[540.0, 371.0, 34, 48], [330.0, 439.0, 34, 52], [338.0, 514.0, 42, 62], [377.0, 504.0, 44, 50], [591.0, 12.0, 28, 22], [520.0, 500.0, 46, 42], [539.0, 540.0, 32, 34], [472.0, 606.0, 58, 34], [465.0, 630.0, 36, 22], [236.0, 802.0, 46, 50], [483.0, 891.0, 24, 36], [312.0, 794.0, 38, 50], [429.0, 782.0, 24, 30], [339.0, 738.0, 32, 38], [366.0, 810.0, 42, 38], [366.0, 875.0, 26, 32], [163.0, 905.0, 48, 52], [309.0, 915.0, 24, 28], [313.0, 944.0, 32, 34], [322.0, 1001.0, 50, 40], [1232.0, 520.0, 38, 34], [1218.0, 652.0, 54, 54], [943.0, 801.0, 44, 24], [1227.0, 771.0, 36, 32], [1132.0, 855.0, 30, 36], [1267.0, 850.0, 28, 38], [1075.0, 1010.0, 36, 26]]","[1, 1, 1, 1, 1, 1, 1, 1, 1, 1, 1, 1, 1, 1, 1, 1, 1, 1, 1, 1, 1, 1, 1, 1, 1, 1, 1]"
/home/huy/Documents/de_tai_tot_nghiep/Drone Thermal.v4i.voc/imgs/1_60_60_0_00534_jpg.rf.e5f77665e9105dff9a84cf070047c8cb.jpg,"[[767.0, 284.0, 32, 54], [773.0, 317.0, 40, 56], [1068.0, 458.0, 26, 54]]","[1, 1, 1]"
/home/huy/Documents/de_tai_tot_nghiep/Drone Thermal.v4i.voc/imgs/0_60_30_0_06461_jpg.rf.cc2e3560fa9f32ed273bf9050d58eadb.jpg,[],[]
/home/huy/Documents/de_tai_tot_nghiep/Drone Thermal.v4i.voc/imgs/1_90_80_0_01557_jpg.rf.e19b98674d7120ca1bf9d6c7a78e6fcb.jpg,"[[730.0, 412.0, 34, 46], [636.0, 400.0, 54, 54], [779.0, 479.0, 44, 28], [733.0, 483.0, 24, 40], [673.0, 523.0, 52, 48], [817.0, 531.0, 24, 24], [788.0, 538.0, 30, 26], [747.0, 578.0, 32, 34]]","[1, 1, 1, 1, 1, 1, 1, 1]"
/home/huy/Documents/de_tai_tot_nghiep/Drone Thermal.v4i.voc/imgs/1_60_60_0_00492_jpg.rf.18db49ba8e52b54338d0d4fbd9798130.jpg,"[[1245.0, 444.0, 24, 42], [1254.0, 418.0, 22, 26], [656.0, 296.0, 26, 58], [870.0, 426.0, 34, 54], [901.0, 454.0, 32, 54], [618.0, 812.0, 34, 58]]","[1, 1, 1, 1, 1, 1]"
/home/huy/Documents/de_tai_tot_nghiep/Drone Thermal.v4i.voc/imgs/1_70_80_0_07732_jpg.rf.d6c646ed571b339f4eed83ec9f11cd81.jpg,[],[]
/home/huy/Documents/de_tai_tot_nghiep/Drone Thermal.v4i.voc/imgs/1_80_40_0_08614_jpg.rf.41f647cef4f5e17729cbaeafa9fbc312.jpg,[],[]
/home/huy/Documents/de_tai_tot_nghiep/Drone Thermal.v4i.voc/imgs/1_60_80_0_00654_jpg.rf.e43ce9ce0a771977b87f9f40ebe94e2d.jpg,"[[258.0, 462.0, 38, 34], [233.0, 549.0, 40, 36], [102.0, 565.0, 38, 36], [265.0, 637.0, 44, 48], [150.0, 613.0, 18, 36], [169.0, 613.0, 28, 28], [219.0, 627.0, 44, 44], [181.0, 643.0, 36, 36], [114.0, 784.0, 30, 38], [157.0, 794.0, 40, 38], [260.0, 816.0, 26, 26], [224.0, 829.0, 38, 40], [193.0, 852.0, 24, 30], [238.0, 860.0, 58, 50], [104.0, 873.0, 46, 40], [62.0, 942.0, 38, 30], [58.0, 981.0, 54, 56], [164.0, 1005.0, 34, 36], [1117.0, 526.0, 36, 42], [1020.0, 529.0, 34, 40], [964.0, 651.0, 30, 44], [1090.0, 664.0, 38, 42], [846.0, 662.0, 58, 50], [1071.0, 708.0, 32, 30], [978.0, 716.0, 34, 46], [938.0, 752.0, 58, 46], [1143.0, 836.0, 40, 46], [1134.0, 906.0, 42, 58], [1199.0, 963.0, 36, 32], [983.0, 903.0, 32, 32], [944.0, 873.0, 30, 32], [913.0, 1010.0, 24, 26]]","[1, 1, 1, 1, 1, 1, 1, 1, 1, 1, 1, 1, 1, 1, 1, 1, 1, 1, 1, 1, 1, 1, 1, 1, 1, 1, 1, 1, 1, 1, 1, 1]"
/home/huy/Documents/de_tai_tot_nghiep/Drone Thermal.v4i.voc/imgs/1_60_50_0_00358_jpg.rf.3a6feee7031cbce83a3251a14f944b05.jpg,"[[319.0, 612.0, 24, 66], [648.0, 806.0, 34, 58]]","[1, 1]"
/home/huy/Documents/de_tai_tot_nghiep/Drone Thermal.v4i.voc/imgs/1_80_70_0_08717_jpg.rf.5cbf45bcdbbad8fe1f58326914fc3c00.jpg,[],[]
/home/huy/Documents/de_tai_tot_nghiep/Drone Thermal.v4i.voc/imgs/1_130_50_0_03899_jpg.rf.9cbaf0d9433f5b89483a30aa5c72a417.jpg,"[[447.0, 315.0, 20, 32], [494.0, 313.0, 18, 36], [511.0, 344.0, 16, 30], [518.0, 361.0, 14, 24], [502.0, 378.0, 26, 26], [502.0, 417.0, 18, 32]]","[1, 1, 1, 1, 1, 1]"
/home/huy/Documents/de_tai_tot_nghiep/Drone Thermal.v4i.voc/imgs/1_80_30_0_04613_jpg.rf.e9cf71f759cca6d86e4292b0128c53e5.jpg,[],[]
/home/huy/Documents/de_tai_tot_nghiep/Drone Thermal.v4i.voc/imgs/1_120_90_0_09444_jpg.rf.10024d0d30932561a629617adc5d3a29.jpg,[],[]
/home/huy/Documents/de_tai_tot_nghiep/Drone Thermal.v4i.voc/imgs/1_110_90_0_09239_jpg.rf.27e736e60126e93b124e720e70c4e99d.jpg,[],[]
/home/huy/Documents/de_tai_tot_nghiep/Drone Thermal.v4i.voc/imgs/1_130_30_0_07134_jpg.rf.6884dd7beaa436e5d849b894582cf5dc.jpg,[],[]
/home/huy/Documents/de_tai_tot_nghiep/Drone Thermal.v4i.voc/imgs/1_80_70_0_08713_jpg.rf.3cd1ca842c365f848de0a2953555b4c8.jpg,[],[]
/home/huy/Documents/de_tai_tot_nghiep/Drone Thermal.v4i.voc/imgs/1_130_30_0_09968_jpg.rf.3f021f3b7d29057b78fa431f6127c626.jpg,[],[]
/home/huy/Documents/de_tai_tot_nghiep/Drone Thermal.v4i.voc/imgs/1_130_70_0_03972_jpg.rf.cf1fe67b2a817465f0f623d7f1e62439.jpg,"[[435.0, 394.0, 20, 30], [500.0, 428.0, 18, 30], [567.0, 474.0, 20, 38], [532.0, 469.0, 18, 28], [514.0, 481.0, 18, 28], [544.0, 541.0, 30, 32]]","[1, 1, 1, 1, 1, 1]"
/home/huy/Documents/de_tai_tot_nghiep/Drone Thermal.v4i.voc/imgs/0_130_50_0_09764_jpg.rf.920ada4779d1dcffd0756ba968c8cab4.jpg,[],[]
/home/huy/Documents/de_tai_tot_nghiep/Drone Thermal.v4i.voc/imgs/0_110_40_0_03581_jpg.rf.8c3f7b79bda245af7642ecfa3a6390e3.jpg,"[[39.0, 324.0, 16, 42]]",[1]
/home/huy/Documents/de_tai_tot_nghiep/Drone Thermal.v4i.voc/imgs/0_70_50_0_06781_jpg.rf.aad823dd34b7328fe428615f5e0358fd.jpg,"[[654.0, 91.0, 30, 60], [701.0, 201.0, 32, 68], [811.0, 973.0, 32, 68]]","[1, 1, 1]"
/home/huy/Documents/de_tai_tot_nghiep/Drone Thermal.v4i.voc/imgs/1_100_70_0_05257_jpg.rf.589b8b6982470a999b2bd405bd8f2c46.jpg,[],[]
/home/huy/Documents/de_tai_tot_nghiep/Drone Thermal.v4i.voc/imgs/1_100_50_0_06299_jpg.rf.aeea61416251322a8800cefaa5c79dd6.jpg,[],[]
/home/huy/Documents/de_tai_tot_nghiep/Drone Thermal.v4i.voc/imgs/0_100_50_0_08140_jpg.rf.20839efa97950b1311e3a1c6cea18851.jpg,[],[]
/home/huy/Documents/de_tai_tot_nghiep/Drone Thermal.v4i.voc/imgs/1_100_40_0_02355_jpg.rf.06313626d45efe7f6f573e807cd1a724.jpg,"[[635.0, 484.0, 16, 38], [621.0, 485.0, 20, 32], [614.0, 526.0, 34, 38], [447.0, 661.0, 16, 36], [414.0, 666.0, 18, 42], [463.0, 721.0, 40, 48], [392.0, 695.0, 22, 32], [371.0, 690.0, 32, 38], [391.0, 725.0, 32, 36], [371.0, 728.0, 16, 34]]","[1, 1, 1, 1, 1, 1, 1, 1, 1, 1]"
/home/huy/Documents/de_tai_tot_nghiep/Drone Thermal.v4i.voc/imgs/1_60_30_0_00081_jpg.rf.4035ca73e0488a9305c31bbd035ba16a.jpg,"[[732.0, 258.0, 18, 42], [728.0, 552.0, 18, 42], [648.0, 850.0, 18, 46], [625.0, 909.0, 20, 44], [480.0, 988.0, 18, 50], [500.0, 473.0, 14, 44]]","[1, 1, 1, 1, 1, 1]"
/home/huy/Documents/de_tai_tot_nghiep/Drone Thermal.v4i.voc/imgs/1_60_70_0_00570_jpg.rf.d950c4eddaab73e057f1b5649128db44.jpg,"[[821.0, 395.0, 44, 64], [460.0, 976.0, 38, 54]]","[1, 1]"
/home/huy/Documents/de_tai_tot_nghiep/Drone Thermal.v4i.voc/imgs/0_70_60_0_01955_jpg.rf.ecba6071db804299af784e694d5f0e3e.jpg,"[[750.0, 251.0, 26, 40], [713.0, 362.0, 32, 38], [781.0, 422.0, 44, 46], [643.0, 512.0, 32, 38], [813.0, 546.0, 28, 42], [805.0, 790.0, 32, 38], [1204.0, 347.0, 34, 52], [1214.0, 208.0, 50, 58], [1238.0, 96.0, 42, 50], [1257.0, 26.0, 44, 46]]","[1, 1, 1, 1, 1, 1, 1, 1, 1, 1]"
/home/huy/Documents/de_tai_tot_nghiep/Drone Thermal.v4i.voc/imgs/1_70_50_0_07650_jpg.rf.b62990b3bfa67ce1a82b8ddcef1d3758.jpg,[],[]
/home/huy/Documents/de_tai_tot_nghiep/Drone Thermal.v4i.voc/imgs/1_90_30_0_01404_jpg.rf.4c3b23cd15a80e969788b1d57f649783.jpg,"[[741.0, 255.0, 12, 36], [726.0, 263.0, 14, 36], [714.0, 250.0, 18, 38], [702.0, 268.0, 14, 30], [622.0, 368.0, 14, 38], [641.0, 415.0, 12, 24], [823.0, 401.0, 16, 32], [858.0, 410.0, 18, 30], [845.0, 390.0, 20, 26], [839.0, 417.0, 16, 32], [818.0, 439.0, 14, 36], [1133.0, 466.0, 20, 34], [1085.0, 453.0, 16, 28], [714.0, 721.0, 22, 36], [974.0, 1006.0, 22, 34]]","[1, 1, 1, 1, 1, 1, 1, 1, 1, 1, 1, 1, 1, 1, 1]"
/home/huy/Documents/de_tai_tot_nghiep/Drone Thermal.v4i.voc/imgs/1_60_30_0_00009_jpg.rf.4e68f735b838a400b57f1b355df1487b.jpg,"[[1080.0, 160.0, 14, 42], [1094.0, 179.0, 14, 24], [1111.0, 172.0, 16, 34], [1129.0, 173.0, 16, 32], [927.0, 39.0, 20, 44], [855.0, 34.0, 20, 34], [876.0, 39.0, 10, 36], [890.0, 45.0, 14, 28], [879.0, 69.0, 16, 28], [338.0, 134.0, 18, 34], [154.0, 198.0, 18, 38], [243.0, 269.0, 20, 36], [289.0, 304.0, 20, 38], [429.0, 340.0, 16, 38], [444.0, 337.0, 10, 40], [667.0, 391.0, 16, 36], [534.0, 419.0, 14, 36], [686.0, 444.0, 18, 38], [737.0, 464.0, 20, 38], [574.0, 569.0, 18, 40], [596.0, 589.0, 18, 40], [930.0, 783.0, 14, 40], [906.0, 789.0, 14, 40], [916.0, 788.0, 14, 38], [788.0, 744.0, 18, 46], [756.0, 837.0, 18, 48], [719.0, 852.0, 20, 42], [573.0, 978.0, 20, 46], [1270.0, 907.0, 18, 48], [885.0, 533.0, 20, 44]]","[1, 1, 1, 1, 1, 1, 1, 1, 1, 1, 1, 1, 1, 1, 1, 1, 1, 1, 1, 1, 1, 1, 1, 1, 1, 1, 1, 1, 1, 1]"
/home/huy/Documents/de_tai_tot_nghiep/Drone Thermal.v4i.voc/imgs/0_130_50_0_05617_jpg.rf.42df41406991e542dcc478477d926808.jpg,"[[1104.0, 86.0, 14, 38]]",[1]
/home/huy/Documents/de_tai_tot_nghiep/Drone Thermal.v4i.voc/imgs/1_110_40_0_02579_jpg.rf.0de88a19b08fd854af482b37c3647a50.jpg,"[[303.0, 297.0, 16, 32], [305.0, 262.0, 20, 30], [272.0, 274.0, 14, 34], [257.0, 300.0, 24, 38], [216.0, 466.0, 22, 30], [192.0, 500.0, 22, 46], [224.0, 570.0, 26, 42], [283.0, 506.0, 24, 42], [246.0, 491.0, 18, 32], [256.0, 515.0, 26, 36]]","[1, 1, 1, 1, 1, 1, 1, 1, 1, 1]"
/home/huy/Documents/de_tai_tot_nghiep/Drone Thermal.v4i.voc/imgs/1_90_40_0_04880_jpg.rf.00a19cf613211d4ac20fac9be985c6e4.jpg,"[[1033.0, 529.0, 20, 36]]",[1]
/home/huy/Documents/de_tai_tot_nghiep/Drone Thermal.v4i.voc/imgs/1_120_70_0_09393_jpg.rf.98f8c47f75b90e7477978a2c7d7f5ee6.jpg,"[[448.0, 624.0, 30, 58], [459.0, 473.0, 24, 60]]","[1, 1]"
/home/huy/Documents/de_tai_tot_nghiep/Drone Thermal.v4i.voc/imgs/1_90_80_0_01551_jpg.rf.4fb8941af1572cf3b54d9a3bf68d123f.jpg,"[[687.0, 451.0, 52, 32], [640.0, 496.0, 34, 30], [691.0, 554.0, 36, 46], [742.0, 593.0, 30, 32], [700.0, 619.0, 30, 40], [825.0, 560.0, 32, 54], [807.0, 602.0, 32, 46]]","[1, 1, 1, 1, 1, 1, 1]"
/home/huy/Documents/de_tai_tot_nghiep/Drone Thermal.v4i.voc/imgs/1_60_30_0_00077_jpg.rf.3ea7f81869015f83b87d4860e91d7e91.jpg,"[[875.0, 181.0, 16, 36], [698.0, 417.0, 18, 36], [497.0, 434.0, 16, 34], [644.0, 707.0, 18, 40], [616.0, 741.0, 18, 36], [487.0, 893.0, 20, 44], [462.0, 973.0, 14, 40], [455.0, 1005.0, 20, 36]]","[1, 1, 1, 1, 1, 1, 1, 1]"
/home/huy/Documents/de_tai_tot_nghiep/Drone Thermal.v4i.voc/imgs/1_70_30_0_04334_jpg.rf.f7ccadedc506ff2b2c646bb085ece4ec.jpg,[],[]
/home/huy/Documents/de_tai_tot_nghiep/Drone Thermal.v4i.voc/imgs/1_110_50_0_05793_jpg.rf.729a83d4807b4d72c47b0e133cf0f7a8.jpg,[],[]
/home/huy/Documents/de_tai_tot_nghiep/Drone Thermal.v4i.voc/imgs/1_130_80_0_04013_jpg.rf.f75788ca8dc5d31d4204baf770ecae9a.jpg,"[[529.0, 220.0, 20, 30], [593.0, 223.0, 20, 28], [632.0, 201.0, 18, 24], [664.0, 205.0, 18, 24], [647.0, 233.0, 24, 28], [683.0, 272.0, 20, 30]]","[1, 1, 1, 1, 1, 1]"
/home/huy/Documents/de_tai_tot_nghiep/Drone Thermal.v4i.voc/imgs/1_60_60_0_00474_jpg.rf.5b6b9d1dbe8614159dda9ebb9f42d021.jpg,"[[709.0, 378.0, 36, 62], [1088.0, 474.0, 18, 46], [983.0, 499.0, 32, 60], [729.0, 737.0, 32, 60], [903.0, 692.0, 36, 70], [429.0, 1003.0, 20, 40], [875.0, 1007.0, 12, 32], [895.0, 1007.0, 12, 32], [919.0, 1009.0, 24, 28]]","[1, 1, 1, 1, 1, 1, 1, 1, 1]"
/home/huy/Documents/de_tai_tot_nghiep/Drone Thermal.v4i.voc/imgs/0_130_90_0_09875_jpg.rf.f1cf6b640d8f5911e87a7347f57a7c26.jpg,"[[698.0, 425.0, 18, 32]]",[1]
/home/huy/Documents/de_tai_tot_nghiep/Drone Thermal.v4i.voc/imgs/1_80_50_0_04666_jpg.rf.3842f9d7edaefc013d24d515fbc41594.jpg,"[[617.0, 656.0, 32, 42], [624.0, 364.0, 22, 50]]","[1, 1]"
/home/huy/Documents/de_tai_tot_nghiep/Drone Thermal.v4i.voc/imgs/1_130_30_0_09977_jpg.rf.6461e796369270d504ba1b81781c84a0.jpg,[],[]
/home/huy/Documents/de_tai_tot_nghiep/Drone Thermal.v4i.voc/imgs/1_130_30_0_07139_jpg.rf.71b3abf08866968768e91e54d4175802.jpg,[],[]
/home/huy/Documents/de_tai_tot_nghiep/Drone Thermal.v4i.voc/imgs/1_100_50_0_02369_jpg.rf.cda8645f04f2990470d4966111d0b92e.jpg,"[[658.0, 152.0, 18, 38], [625.0, 113.0, 24, 40], [721.0, 140.0, 20, 38], [756.0, 109.0, 18, 32], [685.0, 81.0, 16, 36], [706.0, 76.0, 18, 38], [746.0, 65.0, 14, 36], [754.0, 59.0, 38, 40]]","[1, 1, 1, 1, 1, 1, 1, 1]"
/home/huy/Documents/de_tai_tot_nghiep/Drone Thermal.v4i.voc/imgs/1_110_60_0_09146_jpg.rf.15ef143aa698b82cd38640ff0e4380c0.jpg,[],[]
/home/huy/Documents/de_tai_tot_nghiep/Drone Thermal.v4i.voc/imgs/1_60_30_0_04092_jpg.rf.b278e8ed62f4a5cac619ae66f5ecee49.jpg,[],[]
/home/huy/Documents/de_tai_tot_nghiep/Drone Thermal.v4i.voc/imgs/1_60_30_0_00080_jpg.rf.45a8849a6c1f4186adba8eefb5b8aabb.jpg,"[[729.0, 521.0, 20, 40], [762.0, 237.0, 18, 40], [498.0, 465.0, 14, 36], [651.0, 814.0, 24, 46], [624.0, 868.0, 22, 42], [486.0, 963.0, 18, 48]]","[1, 1, 1, 1, 1, 1]"
/home/huy/Documents/de_tai_tot_nghiep/Drone Thermal.v4i.voc/imgs/0_130_70_0_09817_jpg.rf.2885e9ec70ff733495b9c374b44d8351.jpg,"[[687.0, 547.0, 20, 20], [712.0, 564.0, 22, 22], [938.0, 197.0, 14, 32], [951.0, 214.0, 16, 34], [383.0, 869.0, 20, 24]]","[1, 1, 1, 1, 1]"
/home/huy/Documents/de_tai_tot_nghiep/Drone Thermal.v4i.voc/imgs/1_130_40_0_03875_jpg.rf.2f659d7a6f0a4926c06c58f22c67e55f.jpg,"[[377.0, 382.0, 16, 22], [394.0, 446.0, 14, 30], [372.0, 462.0, 14, 26], [684.0, 453.0, 14, 32], [896.0, 347.0, 10, 28], [925.0, 354.0, 12, 26], [905.0, 342.0, 12, 26], [952.0, 361.0, 18, 32], [937.0, 323.0, 16, 24], [957.0, 316.0, 16, 26], [490.0, 855.0, 18, 28], [509.0, 893.0, 16, 28], [539.0, 868.0, 16, 30], [562.0, 882.0, 18, 34], [571.0, 842.0, 16, 30], [554.0, 822.0, 18, 34]]","[1, 1, 1, 1, 1, 1, 1, 1, 1, 1, 1, 1, 1, 1, 1, 1]"
/home/huy/Documents/de_tai_tot_nghiep/Drone Thermal.v4i.voc/imgs/0_60_50_0_01699_jpg.rf.2fff1c052bb48aea1defec919d0f916a.jpg,"[[320.0, 704.0, 30, 46], [470.0, 764.0, 22, 58], [843.0, 285.0, 20, 36], [948.0, 232.0, 22, 46], [976.0, 278.0, 18, 42], [919.0, 387.0, 24, 60], [985.0, 444.0, 24, 58], [520.0, 660.0, 26, 54], [1144.0, 389.0, 22, 44], [1123.0, 407.0, 16, 36], [391.0, 714.0, 36, 58], [774.0, 856.0, 22, 46], [538.0, 691.0, 26, 40], [667.0, 764.0, 36, 46], [1005.0, 387.0, 24, 44]]","[1, 1, 1, 1, 1, 1, 1, 1, 1, 1, 1, 1, 1, 1, 1]"
/home/huy/Documents/de_tai_tot_nghiep/Drone Thermal.v4i.voc/imgs/1_130_90_0_10169_jpg.rf.a9149a4fd977074a57e96a05b84ff852.jpg,[],[]
/home/huy/Documents/de_tai_tot_nghiep/Drone Thermal.v4i.voc/imgs/1_100_50_0_02387_jpg.rf.11328126412cda00d73e9454d964beb6.jpg,"[[812.0, 536.0, 18, 30], [830.0, 485.0, 22, 40], [752.0, 465.0, 26, 44], [688.0, 482.0, 22, 42], [542.0, 671.0, 18, 36], [502.0, 694.0, 26, 34], [522.0, 753.0, 18, 36], [594.0, 761.0, 18, 32], [628.0, 797.0, 22, 40], [506.0, 791.0, 22, 44], [429.0, 787.0, 20, 36], [463.0, 855.0, 20, 40]]","[1, 1, 1, 1, 1, 1, 1, 1, 1, 1, 1, 1]"
/home/huy/Documents/de_tai_tot_nghiep/Drone Thermal.v4i.voc/imgs/1_90_80_0_05012_jpg.rf.76776fe0bcebbd6cbbe2ead33da8ea9e.jpg,"[[761.0, 913.0, 16, 40]]",[1]
/home/huy/Documents/de_tai_tot_nghiep/Drone Thermal.v4i.voc/imgs/0_60_40_0_06500_jpg.rf.5e4f1b161c548ba60995e19650f82ad3.jpg,"[[689.0, 271.0, 28, 64]]",[1]
/home/huy/Documents/de_tai_tot_nghiep/Drone Thermal.v4i.voc/imgs/1_90_50_0_01478_jpg.rf.3b671042f0c6829aca0b8be3ec86e5ee.jpg,"[[436.0, 905.0, 30, 44], [698.0, 993.0, 30, 40]]","[1, 1]"
/home/huy/Documents/de_tai_tot_nghiep/Drone Thermal.v4i.voc/imgs/1_80_90_0_08792_jpg.rf.c1f60f5173838cb49db0299ddec8b476.jpg,[],[]
/home/huy/Documents/de_tai_tot_nghiep/Drone Thermal.v4i.voc/imgs/1_60_60_0_00471_jpg.rf.622cae42463a427fe73dba6e7d7c6df8.jpg,"[[379.0, 167.0, 40, 60], [499.0, 214.0, 24, 54], [941.0, 30.0, 24, 50], [971.0, 40.0, 32, 58], [944.0, 447.0, 22, 36]]","[1, 1, 1, 1, 1]"
/home/huy/Documents/de_tai_tot_nghiep/Drone Thermal.v4i.voc/imgs/1_60_60_0_00431_jpg.rf.0cbe623a9f5214b6a9553cd49a4ce1d5.jpg,"[[541.0, 36.0, 32, 66], [593.0, 725.0, 36, 68]]","[1, 1]"
/home/huy/Documents/de_tai_tot_nghiep/Drone Thermal.v4i.voc/imgs/1_60_80_0_00676_jpg.rf.11d20429c7aee346860b31e96670f2b8.jpg,"[[637.0, 426.0, 28, 30], [551.0, 497.0, 52, 56], [506.0, 519.0, 34, 32], [630.0, 526.0, 26, 42], [605.0, 587.0, 24, 32], [544.0, 576.0, 38, 42], [405.0, 652.0, 36, 38], [748.0, 613.0, 46, 36], [352.0, 789.0, 38, 48], [838.0, 714.0, 50, 46], [593.0, 740.0, 28, 22], [647.0, 747.0, 32, 32], [1194.0, 182.0, 26, 38], [1269.0, 190.0, 24, 34]]","[1, 1, 1, 1, 1, 1, 1, 1, 1, 1, 1, 1, 1, 1]"
/home/huy/Documents/de_tai_tot_nghiep/Drone Thermal.v4i.voc/imgs/0_120_90_0_09642_jpg.rf.91e8f36df7ed8eea5d4186f363c85a71.jpg,"[[862.0, 442.0, 22, 30], [820.0, 502.0, 22, 26]]","[1, 1]"
/home/huy/Documents/de_tai_tot_nghiep/Drone Thermal.v4i.voc/imgs/0_70_80_0_06860_jpg.rf.2bb5c551bce7f664f9618b66001141e4.jpg,[],[]
/home/huy/Documents/de_tai_tot_nghiep/Drone Thermal.v4i.voc/imgs/1_70_40_0_07601_jpg.rf.a7431048523c8df52b2d60a643b02ca8.jpg,[],[]
/home/huy/Documents/de_tai_tot_nghiep/Drone Thermal.v4i.voc/imgs/1_130_60_0_03944_jpg.rf.1914b46c1a637c208be9e900d93e0851.jpg,"[[180.0, 143.0, 14, 32], [344.0, 30.0, 22, 30], [227.0, 232.0, 20, 34], [629.0, 130.0, 28, 38], [360.0, 838.0, 22, 34], [405.0, 841.0, 20, 28], [445.0, 862.0, 20, 38], [485.0, 829.0, 16, 32], [503.0, 845.0, 16, 24], [447.0, 915.0, 24, 28]]","[1, 1, 1, 1, 1, 1, 1, 1, 1, 1]"
/home/huy/Documents/de_tai_tot_nghiep/Drone Thermal.v4i.voc/imgs/1_80_40_0_04638_jpg.rf.75c4b4827a2cb4fd847c2b6e92a196c7.jpg,"[[323.0, 628.0, 24, 38], [346.0, 871.0, 26, 52]]","[1, 1]"
/home/huy/Documents/de_tai_tot_nghiep/Drone Thermal.v4i.voc/imgs/1_110_60_0_02647_jpg.rf.51fc09149c1bb88cbcb4ba94a3709488.jpg,"[[513.0, 405.0, 20, 28], [513.0, 433.0, 20, 32], [557.0, 451.0, 24, 48], [425.0, 741.0, 24, 28], [415.0, 768.0, 24, 30], [435.0, 773.0, 20, 32], [433.0, 800.0, 28, 30], [441.0, 822.0, 24, 38], [497.0, 819.0, 24, 32], [516.0, 860.0, 26, 42], [416.0, 852.0, 22, 30], [424.0, 878.0, 18, 30], [441.0, 882.0, 16, 34], [457.0, 895.0, 20, 28], [468.0, 904.0, 18, 26]]","[1, 1, 1, 1, 1, 1, 1, 1, 1, 1, 1, 1, 1, 1, 1]"
/home/huy/Documents/de_tai_tot_nghiep/Drone Thermal.v4i.voc/imgs/0_120_70_0_09573_jpg.rf.5f38940208af872c1786c95a7ba9b53d.jpg,"[[455.0, 677.0, 24, 32], [1074.0, 934.0, 30, 30]]","[1, 1]"
/home/huy/Documents/de_tai_tot_nghiep/Drone Thermal.v4i.voc/imgs/1_110_60_0_05850_jpg.rf.23fd1d52503213fead972e0d92bce340.jpg,"[[641.0, 785.0, 28, 32], [682.0, 780.0, 26, 38], [695.0, 755.0, 36, 64]]","[1, 1, 1]"
/home/huy/Documents/de_tai_tot_nghiep/Drone Thermal.v4i.voc/imgs/1_120_90_0_06187_jpg.rf.9830944310843dbf4a731db9b505c11c.jpg,[],[]
/home/huy/Documents/de_tai_tot_nghiep/Drone Thermal.v4i.voc/imgs/1_130_60_0_03932_jpg.rf.bdbba91f8ec36f9044e4f4f0488b3bc3.jpg,"[[418.0, 524.0, 18, 34], [422.0, 586.0, 18, 30], [463.0, 574.0, 20, 34], [508.0, 571.0, 18, 36], [502.0, 532.0, 18, 34], [530.0, 529.0, 18, 32]]","[1, 1, 1, 1, 1, 1]"
/home/huy/Documents/de_tai_tot_nghiep/Drone Thermal.v4i.voc/imgs/0_70_30_0_01876_jpg.rf.f3076c65e6c51b98849cf5acc79288b9.jpg,"[[137.0, 214.0, 28, 42], [1190.0, 60.0, 22, 26], [1236.0, 96.0, 22, 38], [1157.0, 100.0, 20, 34], [678.0, 279.0, 22, 40], [707.0, 286.0, 20, 34], [713.0, 295.0, 24, 32], [749.0, 271.0, 24, 32], [391.0, 411.0, 32, 44], [405.0, 358.0, 24, 38], [361.0, 411.0, 32, 44], [443.0, 379.0, 20, 36], [482.0, 498.0, 18, 26]]","[1, 1, 1, 1, 1, 1, 1, 1, 1, 1, 1, 1, 1]"
/home/huy/Documents/de_tai_tot_nghiep/Drone Thermal.v4i.voc/imgs/1_130_80_0_10144_jpg.rf.3c3036fdcb82b2f3f2f7b96f6b5aacab.jpg,[],[]
/home/huy/Documents/de_tai_tot_nghiep/Drone Thermal.v4i.voc/imgs/1_120_50_0_02872_jpg.rf.678ec09174e1e2be55f3dd8242c509a6.jpg,"[[173.0, 83.0, 16, 24], [172.0, 105.0, 18, 28], [194.0, 97.0, 14, 24], [275.0, 107.0, 20, 32], [204.0, 292.0, 14, 30], [241.0, 309.0, 12, 28], [255.0, 309.0, 12, 24], [268.0, 309.0, 10, 24], [281.0, 314.0, 12, 22], [291.0, 321.0, 12, 24], [269.0, 331.0, 12, 24], [231.0, 368.0, 16, 34], [360.0, 360.0, 18, 42], [263.0, 393.0, 20, 36], [248.0, 411.0, 14, 28], [258.0, 448.0, 18, 26]]","[1, 1, 1, 1, 1, 1, 1, 1, 1, 1, 1, 1, 1, 1, 1, 1]"
/home/huy/Documents/de_tai_tot_nghiep/Drone Thermal.v4i.voc/imgs/0_60_70_0_01764_jpg.rf.08b436660be15ebe8c431293001168db.jpg,"[[463.0, 884.0, 28, 46], [683.0, 1003.0, 40, 44], [813.0, 370.0, 24, 38], [1013.0, 607.0, 36, 40], [1062.0, 493.0, 22, 44], [991.0, 443.0, 32, 36], [1016.0, 415.0, 22, 40], [1016.0, 365.0, 22, 40], [1041.0, 376.0, 20, 42]]","[1, 1, 1, 1, 1, 1, 1, 1, 1]"
/home/huy/Documents/de_tai_tot_nghiep/Drone Thermal.v4i.voc/imgs/1_60_60_0_00521_jpg.rf.ef5a50b36a4afed4be74260813157fe8.jpg,"[[761.0, 338.0, 32, 66], [598.0, 590.0, 26, 62], [812.0, 522.0, 38, 58], [782.0, 622.0, 26, 66]]","[1, 1, 1, 1]"
/home/huy/Documents/de_tai_tot_nghiep/Drone Thermal.v4i.voc/imgs/1_100_40_0_05118_jpg.rf.388142f00590b9dd930fdeb818be262c.jpg,[],[]
/home/huy/Documents/de_tai_tot_nghiep/Drone Thermal.v4i.voc/imgs/0_80_40_0_06956_jpg.rf.e9b2f11ffe730543b59d5e5e01875c6e.jpg,[],[]
/home/huy/Documents/de_tai_tot_nghiep/Drone Thermal.v4i.voc/imgs/0_120_80_0_09632_jpg.rf.b1de7fece54de29d386c901bb3c9813a.jpg,"[[1150.0, 116.0, 26, 38]]",[1]
/home/huy/Documents/de_tai_tot_nghiep/Drone Thermal.v4i.voc/imgs/1_70_80_0_04515_jpg.rf.6d4eecb7ac8ecdc615c193ec56330f43.jpg,[],[]
/home/huy/Documents/de_tai_tot_nghiep/Drone Thermal.v4i.voc/imgs/1_130_80_0_04045_jpg.rf.dae5dd433b9958516226e82cfc2ea5f5.jpg,"[[566.0, 19.0, 26, 28], [615.0, 62.0, 20, 26], [630.0, 94.0, 14, 30], [560.0, 58.0, 22, 30], [521.0, 94.0, 24, 26], [619.0, 204.0, 24, 34]]","[1, 1, 1, 1, 1, 1]"
/home/huy/Documents/de_tai_tot_nghiep/Drone Thermal.v4i.voc/imgs/1_60_80_0_07528_jpg.rf.ebc575fda2ed8677d28a61ffb95cd90e.jpg,[],[]
/home/huy/Documents/de_tai_tot_nghiep/Drone Thermal.v4i.voc/imgs/0_100_90_0_03515_jpg.rf.fbd08d9cff1b1a02a72b2995a3fe09b6.jpg,"[[354.0, 746.0, 26, 34], [877.0, 505.0, 12, 24]]","[1, 1]"
/home/huy/Documents/de_tai_tot_nghiep/Drone Thermal.v4i.voc/imgs/1_80_80_0_01333_jpg.rf.9cd919bfb90a86e2e0d1f19b686ab8f9.jpg,"[[318.0, 465.0, 30, 36], [369.0, 659.0, 32, 40], [909.0, 577.0, 32, 36], [824.0, 608.0, 30, 38], [680.0, 653.0, 46, 44], [706.0, 665.0, 30, 40], [831.0, 663.0, 44, 40]]","[1, 1, 1, 1, 1, 1, 1]"
/home/huy/Documents/de_tai_tot_nghiep/Drone Thermal.v4i.voc/imgs/1_60_30_0_00117_jpg.rf.5e563e98c8d99bc423542126e30d6039.jpg,"[[462.0, 187.0, 14, 32], [311.0, 380.0, 12, 30], [299.0, 394.0, 12, 30], [322.0, 433.0, 18, 32], [338.0, 523.0, 18, 36], [495.0, 523.0, 20, 36], [327.0, 627.0, 16, 36], [281.0, 1005.0, 24, 40], [490.0, 861.0, 18, 36], [472.0, 824.0, 22, 38], [1277.0, 328.0, 8, 30], [1029.0, 73.0, 16, 32], [913.0, 91.0, 16, 32]]","[1, 1, 1, 1, 1, 1, 1, 1, 1, 1, 1, 1, 1]"
/home/huy/Documents/de_tai_tot_nghiep/Drone Thermal.v4i.voc/imgs/1_60_60_0_00503_jpg.rf.a27068a848cf59c79b7882bf242b13e9.jpg,"[[661.0, 362.0, 28, 58], [495.0, 979.0, 24, 52], [1159.0, 366.0, 40, 62], [760.0, 638.0, 30, 50], [778.0, 661.0, 26, 40]]","[1, 1, 1, 1, 1]"
/home/huy/Documents/de_tai_tot_nghiep/Drone Thermal.v4i.voc/imgs/0_130_70_0_05669_jpg.rf.ad0f3a3649b11e09c6035b0220950226.jpg,[],[]
/home/huy/Documents/de_tai_tot_nghiep/Drone Thermal.v4i.voc/imgs/0_60_90_0_06663_jpg.rf.f0307892a510ac85908035f03c6a647d.jpg,[],[]
/home/huy/Documents/de_tai_tot_nghiep/Drone Thermal.v4i.voc/imgs/0_70_50_0_01923_jpg.rf.a626318616c553a0deb8f16ebc9e5abd.jpg,"[[12.0, 68.0, 22, 62], [1038.0, 174.0, 22, 42], [1019.0, 123.0, 28, 40], [1066.0, 205.0, 34, 48], [991.0, 184.0, 28, 50], [931.0, 193.0, 24, 56], [1022.0, 350.0, 26, 46], [1249.0, 580.0, 32, 50], [657.0, 416.0, 32, 54], [695.0, 515.0, 28, 48], [540.0, 491.0, 38, 52], [841.0, 736.0, 36, 46], [669.0, 784.0, 44, 46]]","[1, 1, 1, 1, 1, 1, 1, 1, 1, 1, 1, 1, 1]"
/home/huy/Documents/de_tai_tot_nghiep/Drone Thermal.v4i.voc/imgs/1_60_30_0_00017_jpg.rf.03267efd40716c5fa25100a787b8d6b6.jpg,"[[68.0, 145.0, 22, 36], [114.0, 169.0, 18, 32], [296.0, 206.0, 10, 30], [546.0, 116.0, 14, 34], [554.0, 220.0, 14, 34], [567.0, 236.0, 12, 34], [657.0, 424.0, 16, 38], [697.0, 506.0, 20, 46], [277.0, 897.0, 32, 44], [1070.0, 865.0, 18, 44], [870.0, 828.0, 18, 38], [1041.0, 709.0, 12, 40], [1030.0, 711.0, 14, 40], [1016.0, 713.0, 14, 40], [744.0, 672.0, 14, 38], [865.0, 621.0, 16, 40], [720.0, 578.0, 18, 42], [943.0, 517.0, 16, 40], [965.0, 499.0, 20, 40], [745.0, 408.0, 16, 38], [857.0, 379.0, 16, 32], [1064.0, 33.0, 18, 40], [1085.0, 38.0, 16, 38], [1103.0, 42.0, 16, 38], [1122.0, 35.0, 18, 32], [1083.0, 574.0, 20, 42]]","[1, 1, 1, 1, 1, 1, 1, 1, 1, 1, 1, 1, 1, 1, 1, 1, 1, 1, 1, 1, 1, 1, 1, 1, 1, 1]"
/home/huy/Documents/de_tai_tot_nghiep/Drone Thermal.v4i.voc/imgs/1_80_50_0_08645_jpg.rf.a368a64d1aebb5460f72ded16b2958ed.jpg,"[[517.0, 149.0, 28, 56], [489.0, 145.0, 24, 52]]","[1, 1]"
/home/huy/Documents/de_tai_tot_nghiep/Drone Thermal.v4i.voc/imgs/1_80_50_0_08668_jpg.rf.2233ae592a8d31334e1cc6ea24793201.jpg,"[[1132.0, 104.0, 22, 54], [1116.0, 99.0, 18, 60]]","[1, 1]"
/home/huy/Documents/de_tai_tot_nghiep/Drone Thermal.v4i.voc/imgs/1_70_40_0_04388_jpg.rf.dd82768016e13c0d88b4c5f4a72d3efa.jpg,[],[]
/home/huy/Documents/de_tai_tot_nghiep/Drone Thermal.v4i.voc/imgs/0_120_40_0_09481_jpg.rf.db2aa84f66caeae30ae53b2e5a6bf286.jpg,[],[]
/home/huy/Documents/de_tai_tot_nghiep/Drone Thermal.v4i.voc/imgs/1_60_50_0_00321_jpg.rf.3e20f65a76b20ecfc84f2b5b0e45d9e3.jpg,"[[563.0, 432.0, 24, 58], [119.0, 37.0, 40, 56], [425.0, 786.0, 24, 54], [394.0, 810.0, 18, 46], [598.0, 234.0, 18, 50], [650.0, 486.0, 30, 62], [688.0, 560.0, 26, 70], [932.0, 435.0, 26, 64]]","[1, 1, 1, 1, 1, 1, 1, 1]"
/home/huy/Documents/de_tai_tot_nghiep/Drone Thermal.v4i.voc/imgs/1_110_50_0_09101_jpg.rf.60dea218aeb97b22c657ad05944a09dc.jpg,[],[]
/home/huy/Documents/de_tai_tot_nghiep/Drone Thermal.v4i.voc/imgs/1_60_50_0_00387_jpg.rf.e582acc381f5ba334f3bb7b1695695ed.jpg,"[[83.0, 188.0, 40, 54]]",[1]
/home/huy/Documents/de_tai_tot_nghiep/Drone Thermal.v4i.voc/imgs/1_70_60_0_00992_jpg.rf.5c60151de8898e1f7bbcea8cd8cff67e.jpg,"[[828.0, 666.0, 26, 54], [884.0, 638.0, 42, 54], [792.0, 522.0, 34, 46], [899.0, 490.0, 28, 50], [948.0, 510.0, 54, 50], [1086.0, 522.0, 34, 50]]","[1, 1, 1, 1, 1, 1]"
/home/huy/Documents/de_tai_tot_nghiep/Drone Thermal.v4i.voc/imgs/1_120_60_0_06069_jpg.rf.b9527f39d0eb77c81476390a27b3f7a0.jpg,"[[1124.0, 431.0, 14, 24], [1161.0, 433.0, 16, 28], [1142.0, 443.0, 18, 36], [1252.0, 355.0, 26, 40]]","[1, 1, 1, 1]"
/home/huy/Documents/de_tai_tot_nghiep/Drone Thermal.v4i.voc/imgs/1_130_80_0_04035_jpg.rf.1c7315245a53015bef92c2abd46c0429.jpg,"[[517.0, 510.0, 20, 34], [607.0, 536.0, 20, 30], [683.0, 574.0, 20, 30], [642.0, 567.0, 18, 28], [631.0, 587.0, 16, 28], [621.0, 623.0, 20, 24]]","[1, 1, 1, 1, 1, 1]"
/home/huy/Documents/de_tai_tot_nghiep/Drone Thermal.v4i.voc/imgs/1_120_80_0_06149_jpg.rf.9bff91a97206b23a2826ae7c99aad51c.jpg,[],[]
/home/huy/Documents/de_tai_tot_nghiep/Drone Thermal.v4i.voc/imgs/1_60_80_0_00688_jpg.rf.3339c0a1055494c79b480108c77f32fa.jpg,"[[541.0, 304.0, 44, 38], [386.0, 299.0, 66, 48], [423.0, 408.0, 36, 26], [523.0, 386.0, 36, 58], [709.0, 437.0, 32, 64], [645.0, 462.0, 40, 42], [748.0, 596.0, 58, 54], [509.0, 555.0, 28, 28], [539.0, 538.0, 40, 34], [828.0, 696.0, 38, 30], [643.0, 730.0, 32, 30], [520.0, 745.0, 42, 32], [806.0, 1002.0, 38, 42], [1246.0, 13.0, 26, 24], [1270.0, 153.0, 22, 32]]","[1, 1, 1, 1, 1, 1, 1, 1, 1, 1, 1, 1, 1, 1, 1]"
/home/huy/Documents/de_tai_tot_nghiep/Drone Thermal.v4i.voc/imgs/1_70_50_0_00939_jpg.rf.43ef31e044cb56e0da775eddae1701f9.jpg,"[[549.0, 392.0, 24, 54], [1007.0, 373.0, 28, 48]]","[1, 1]"
/home/huy/Documents/de_tai_tot_nghiep/Drone Thermal.v4i.voc/imgs/0_130_40_0_05606_jpg.rf.fb2f53b29d1f011deb801130cd89a14b.jpg,[],[]
/home/huy/Documents/de_tai_tot_nghiep/Drone Thermal.v4i.voc/imgs/1_60_60_0_00415_jpg.rf.682b1abbbad3a54488f043a7c37d90e6.jpg,"[[992.0, 988.0, 38, 54]]",[1]
/home/huy/Documents/de_tai_tot_nghiep/Drone Thermal.v4i.voc/imgs/1_100_60_0_06303_jpg.rf.3298e03504c4a787bf49040c2627dbb6.jpg,"[[698.0, 118.0, 26, 34], [449.0, 527.0, 48, 76]]","[1, 1]"
/home/huy/Documents/de_tai_tot_nghiep/Drone Thermal.v4i.voc/imgs/1_80_50_0_08642_jpg.rf.fa2fed7969b6ddee25cb40effbffee2c.jpg,"[[614.0, 335.0, 30, 48], [584.0, 340.0, 26, 62]]","[1, 1]"
/home/huy/Documents/de_tai_tot_nghiep/Drone Thermal.v4i.voc/imgs/1_60_30_0_00114_jpg.rf.8200b0bf5e56ec91e3445cb939bd3ba7.jpg,"[[362.0, 161.0, 14, 36], [364.0, 237.0, 18, 36], [253.0, 346.0, 20, 34], [35.0, 397.0, 20, 40], [138.0, 453.0, 22, 40], [95.0, 457.0, 16, 40], [1165.0, 585.0, 20, 44], [1089.0, 493.0, 20, 40], [965.0, 349.0, 16, 36], [1015.0, 105.0, 20, 36], [1177.0, 100.0, 20, 30], [1175.0, 66.0, 16, 34], [648.0, 144.0, 14, 34]]","[1, 1, 1, 1, 1, 1, 1, 1, 1, 1, 1, 1, 1]"
/home/huy/Documents/de_tai_tot_nghiep/Drone Thermal.v4i.voc/imgs/0_60_50_0_06526_jpg.rf.ddd43baf17c2c19b44daf538bd65d354.jpg,[],[]
/home/huy/Documents/de_tai_tot_nghiep/Drone Thermal.v4i.voc/imgs/1_60_50_0_04169_jpg.rf.428c66c800084a362758b5c294fd966c.jpg,[],[]
/home/huy/Documents/de_tai_tot_nghiep/Drone Thermal.v4i.voc/imgs/0_70_90_0_02072_jpg.rf.af726c3478c2f090b469e058b5e772e1.jpg,"[[977.0, 236.0, 32, 34], [1032.0, 322.0, 46, 46], [1008.0, 424.0, 34, 30], [982.0, 455.0, 42, 44], [891.0, 527.0, 28, 28], [894.0, 562.0, 46, 42], [590.0, 901.0, 34, 36], [601.0, 916.0, 28, 26], [526.0, 997.0, 34, 24], [615.0, 1000.0, 32, 34], [594.0, 1006.0, 26, 26]]","[1, 1, 1, 1, 1, 1, 1, 1, 1, 1, 1]"
/home/huy/Documents/de_tai_tot_nghiep/Drone Thermal.v4i.voc/imgs/0_120_70_0_05457_jpg.rf.2284fec736f0482e4cce7a3967b9039e.jpg,[],[]
/home/huy/Documents/de_tai_tot_nghiep/Drone Thermal.v4i.voc/imgs/0_60_50_0_01683_jpg.rf.e1938e659724177318a7e9aad8d511c7.jpg,"[[413.0, 667.0, 20, 48], [444.0, 771.0, 18, 48], [733.0, 891.0, 20, 48], [848.0, 414.0, 18, 42], [887.0, 382.0, 20, 46], [416.0, 752.0, 26, 50], [924.0, 320.0, 18, 46], [1095.0, 366.0, 20, 42], [1080.0, 385.0, 18, 40], [625.0, 836.0, 24, 50]]","[1, 1, 1, 1, 1, 1, 1, 1, 1, 1]"
/home/huy/Documents/de_tai_tot_nghiep/Drone Thermal.v4i.voc/imgs/1_60_80_0_04269_jpg.rf.a57cb1889549b02d2819ba7f3f82d978.jpg,[],[]
/home/huy/Documents/de_tai_tot_nghiep/Drone Thermal.v4i.voc/imgs/0_130_90_0_05723_jpg.rf.e93a3275a16fa49757100c442006a0e5.jpg,[],[]
/home/huy/Documents/de_tai_tot_nghiep/Drone Thermal.v4i.voc/imgs/1_110_50_0_05799_jpg.rf.bc3a0fe89b7e1b57ed235cbd478665c4.jpg,[],[]
/home/huy/Documents/de_tai_tot_nghiep/Drone Thermal.v4i.voc/imgs/0_60_40_0_06498_jpg.rf.1c6a47bd77affcacb47adefa2e007e52.jpg,[],[]
/home/huy/Documents/de_tai_tot_nghiep/Drone Thermal.v4i.voc/imgs/1_130_90_0_10150_jpg.rf.5bd29422aac6791e43cff7b09da52acc.jpg,[],[]
/home/huy/Documents/de_tai_tot_nghiep/Drone Thermal.v4i.voc/imgs/1_90_50_0_08866_jpg.rf.02d64f1352de21ec65c3e9acc5dee013.jpg,[],[]
/home/huy/Documents/de_tai_tot_nghiep/Drone Thermal.v4i.voc/imgs/1_100_80_0_02466_jpg.rf.a2731a5b924abcb066bc2a68f9db0b1c.jpg,"[[668.0, 225.0, 22, 32], [735.0, 112.0, 20, 30], [610.0, 193.0, 26, 32], [531.0, 153.0, 24, 32], [670.0, 69.0, 22, 32], [562.0, 73.0, 30, 32], [503.0, 33.0, 24, 36], [550.0, 10.0, 26, 18]]","[1, 1, 1, 1, 1, 1, 1, 1]"
/home/huy/Documents/de_tai_tot_nghiep/Drone Thermal.v4i.voc/imgs/1_60_80_0_00672_jpg.rf.b89cae79b1a9e20336bfcab0b5bb7122.jpg,"[[426.0, 562.0, 30, 42], [1179.0, 91.0, 32, 24], [1210.0, 102.0, 34, 26], [1207.0, 131.0, 44, 20], [1249.0, 549.0, 44, 60], [714.0, 607.0, 46, 36], [806.0, 695.0, 30, 32], [834.0, 997.0, 34, 36], [499.0, 574.0, 32, 30], [561.0, 510.0, 28, 26], [529.0, 543.0, 44, 36], [575.0, 534.0, 28, 22], [571.0, 556.0, 28, 22], [453.0, 688.0, 32, 42], [568.0, 744.0, 26, 30], [621.0, 748.0, 28, 30], [485.0, 757.0, 44, 60]]","[1, 1, 1, 1, 1, 1, 1, 1, 1, 1, 1, 1, 1, 1, 1, 1, 1]"
/home/huy/Documents/de_tai_tot_nghiep/Drone Thermal.v4i.voc/imgs/0_60_80_0_01787_jpg.rf.2749b54dc1e645e3554e7e29f43482f5.jpg,"[[429.0, 325.0, 32, 48], [428.0, 469.0, 26, 48], [512.0, 507.0, 30, 48], [639.0, 489.0, 28, 44], [697.0, 472.0, 20, 50], [746.0, 478.0, 30, 54], [769.0, 589.0, 24, 40], [872.0, 678.0, 34, 50], [903.0, 829.0, 36, 36], [1168.0, 157.0, 54, 56]]","[1, 1, 1, 1, 1, 1, 1, 1, 1, 1]"
/home/huy/Documents/de_tai_tot_nghiep/Drone Thermal.v4i.voc/imgs/0_100_60_0_03391_jpg.rf.e3cb96e387d7f1e04498a57ab7e41bb3.jpg,"[[409.0, 248.0, 24, 42], [430.0, 202.0, 14, 38], [674.0, 54.0, 18, 38], [896.0, 476.0, 18, 30]]","[1, 1, 1, 1]"
/home/huy/Documents/de_tai_tot_nghiep/Drone Thermal.v4i.voc/imgs/0_120_50_0_05399_jpg.rf.de11a1bcd7094b851908d358bb7b72fd.jpg,[],[]
/home/huy/Documents/de_tai_tot_nghiep/Drone Thermal.v4i.voc/imgs/1_70_60_0_04445_jpg.rf.9df5265dc53fa1191ad3d860e93df740.jpg,[],[]
/home/huy/Documents/de_tai_tot_nghiep/Drone Thermal.v4i.voc/imgs/1_60_50_0_07440_jpg.rf.f64b5aa2e62456aff05e63eb26849067.jpg,[],[]
/home/huy/Documents/de_tai_tot_nghiep/Drone Thermal.v4i.voc/imgs/1_130_50_0_10030_jpg.rf.1c3fddc180ed59322439003bb78f6084.jpg,"[[291.0, 32.0, 24, 34]]",[1]
/home/huy/Documents/de_tai_tot_nghiep/Drone Thermal.v4i.voc/imgs/1_110_70_0_09150_jpg.rf.74d287016878de9f3ba8245602071504.jpg,[],[]
/home/huy/Documents/de_tai_tot_nghiep/Drone Thermal.v4i.voc/imgs/1_100_80_0_06396_jpg.rf.540f8a46df46a7c302a6b737635ace0c.jpg,"[[999.0, 537.0, 36, 44]]",[1]
/home/huy/Documents/de_tai_tot_nghiep/Drone Thermal.v4i.voc/imgs/1_120_40_0_02857_jpg.rf.e45ec5ca939a1d1ebd7f172ca4c68306.jpg,"[[342.0, 288.0, 14, 26], [308.0, 283.0, 14, 24], [288.0, 287.0, 14, 24], [292.0, 273.0, 14, 24], [332.0, 462.0, 14, 26], [335.0, 481.0, 12, 24], [347.0, 478.0, 16, 30], [361.0, 467.0, 12, 28], [390.0, 481.0, 14, 24], [366.0, 436.0, 18, 26], [409.0, 444.0, 12, 22], [400.0, 430.0, 14, 22]]","[1, 1, 1, 1, 1, 1, 1, 1, 1, 1, 1, 1]"
/home/huy/Documents/de_tai_tot_nghiep/Drone Thermal.v4i.voc/imgs/1_80_80_0_01317_jpg.rf.ed85a99bea7372ef404a79b1ad831b23.jpg,"[[951.0, 236.0, 28, 42], [566.0, 337.0, 26, 44], [511.0, 480.0, 32, 42], [926.0, 554.0, 42, 50], [844.0, 604.0, 54, 54], [875.0, 700.0, 28, 42], [782.0, 710.0, 38, 42], [786.0, 744.0, 42, 46], [885.0, 811.0, 36, 40]]","[1, 1, 1, 1, 1, 1, 1, 1, 1]"
/home/huy/Documents/de_tai_tot_nghiep/Drone Thermal.v4i.voc/imgs/0_80_50_0_06973_jpg.rf.4cc1758c6b4c4444f563291be4471998.jpg,[],[]
/home/huy/Documents/de_tai_tot_nghiep/Drone Thermal.v4i.voc/imgs/1_130_50_0_03929_jpg.rf.96f7365eb6471bef8eaa14996ab9f57a.jpg,"[[472.0, 179.0, 22, 32], [562.0, 156.0, 18, 34], [581.0, 171.0, 16, 32], [512.0, 193.0, 18, 32], [519.0, 220.0, 16, 30], [503.0, 222.0, 16, 34]]","[1, 1, 1, 1, 1, 1]"
/home/huy/Documents/de_tai_tot_nghiep/Drone Thermal.v4i.voc/imgs/1_60_30_0_00094_jpg.rf.89b1f66c92e6c2eb855c6161ceb6a7e5.jpg,"[[350.0, 610.0, 18, 38], [447.0, 641.0, 24, 40], [1249.0, 387.0, 20, 40], [1201.0, 362.0, 16, 38], [771.0, 147.0, 16, 36], [772.0, 112.0, 18, 34], [902.0, 126.0, 18, 34], [1105.0, 73.0, 16, 32], [1271.0, 120.0, 16, 30]]","[1, 1, 1, 1, 1, 1, 1, 1, 1]"
/home/huy/Documents/de_tai_tot_nghiep/Drone Thermal.v4i.voc/imgs/0_60_80_0_01781_jpg.rf.56e0fab02730d40a43e80c92a8434051.jpg,"[[489.0, 653.0, 36, 48], [782.0, 665.0, 30, 36], [714.0, 792.0, 38, 50], [617.0, 775.0, 44, 52], [598.0, 847.0, 30, 40], [1013.0, 48.0, 28, 54], [1108.0, 133.0, 26, 52], [1159.0, 152.0, 28, 58], [1152.0, 221.0, 42, 64], [1197.0, 415.0, 56, 68], [1233.0, 66.0, 20, 50]]","[1, 1, 1, 1, 1, 1, 1, 1, 1, 1, 1]"
/home/huy/Documents/de_tai_tot_nghiep/Drone Thermal.v4i.voc/imgs/1_70_40_0_07626_jpg.rf.baf51b8e432505bfcaae0b7ebcb4f35c.jpg,"[[403.0, 36.0, 24, 58], [451.0, 27.0, 32, 52]]","[1, 1]"
/home/huy/Documents/de_tai_tot_nghiep/Drone Thermal.v4i.voc/imgs/0_110_30_0_03555_jpg.rf.444131d24a21e7072e2c06e6f7905305.jpg,"[[113.0, 763.0, 16, 40], [38.0, 773.0, 14, 36]]","[1, 1]"
/home/huy/Documents/de_tai_tot_nghiep/Drone Thermal.v4i.voc/imgs/0_60_40_0_01660_jpg.rf.cd722018f913c5e2b2c0e5d89521d940.jpg,"[[950.0, 323.0, 14, 36], [970.0, 350.0, 18, 50], [627.0, 559.0, 20, 44], [564.0, 688.0, 22, 46], [584.0, 618.0, 18, 50], [617.0, 668.0, 20, 54], [974.0, 438.0, 18, 42], [1001.0, 398.0, 20, 50], [818.0, 772.0, 38, 50]]","[1, 1, 1, 1, 1, 1, 1, 1, 1]"
/home/huy/Documents/de_tai_tot_nghiep/Drone Thermal.v4i.voc/imgs/1_60_50_0_00371_jpg.rf.ffc3fc96291d74bb95cceab7ce22627d.jpg,"[[982.0, 288.0, 30, 62], [1150.0, 410.0, 38, 58], [1069.0, 998.0, 32, 50]]","[1, 1, 1]"
/home/huy/Documents/de_tai_tot_nghiep/Drone Thermal.v4i.voc/imgs/1_70_60_0_04427_jpg.rf.98e69b057578b141a3edb251081a483a.jpg,[],[]
/home/huy/Documents/de_tai_tot_nghiep/Drone Thermal.v4i.voc/imgs/1_130_70_0_10082_jpg.rf.16e950210ed9f66d91beb96d29f46c55.jpg,[],[]
/home/huy/Documents/de_tai_tot_nghiep/Drone Thermal.v4i.voc/imgs/0_100_80_0_08266_jpg.rf.e1450a287badef8ec2e70ad1c24b0e95.jpg,[],[]
/home/huy/Documents/de_tai_tot_nghiep/Drone Thermal.v4i.voc/imgs/1_120_80_0_09400_jpg.rf.29714f67ffaa50df5703a6e0ef5098dd.jpg,[],[]
/home/huy/Documents/de_tai_tot_nghiep/Drone Thermal.v4i.voc/imgs/0_60_40_0_01647_jpg.rf.f86eeee32b19eadf6c76473474759b5d.jpg,"[[597.0, 561.0, 24, 48], [557.0, 673.0, 24, 56], [769.0, 773.0, 16, 48], [595.0, 655.0, 16, 40], [915.0, 416.0, 28, 50], [1110.0, 422.0, 18, 58], [949.0, 378.0, 12, 46], [993.0, 412.0, 16, 50], [963.0, 436.0, 16, 50], [960.0, 416.0, 14, 46], [1084.0, 442.0, 14, 50], [509.0, 598.0, 28, 58]]","[1, 1, 1, 1, 1, 1, 1, 1, 1, 1, 1, 1]"
/home/huy/Documents/de_tai_tot_nghiep/Drone Thermal.v4i.voc/imgs/1_60_50_0_00295_jpg.rf.7dd1acdf0f4b2a60c662613cf9d2db36.jpg,"[[223.0, 76.0, 40, 62], [441.0, 45.0, 28, 52], [262.0, 504.0, 46, 62], [511.0, 433.0, 24, 60], [834.0, 713.0, 26, 48], [493.0, 934.0, 24, 22], [498.0, 961.0, 22, 24], [1155.0, 228.0, 20, 50]]","[1, 1, 1, 1, 1, 1, 1, 1]"
/home/huy/Documents/de_tai_tot_nghiep/Drone Thermal.v4i.voc/imgs/1_90_80_0_01548_jpg.rf.0a3b7c98ca57c3a15d86fefaa14828af.jpg,"[[859.0, 387.0, 24, 32], [829.0, 432.0, 28, 34], [806.0, 454.0, 18, 26], [819.0, 463.0, 20, 20], [807.0, 502.0, 32, 38], [594.0, 531.0, 30, 32], [708.0, 563.0, 26, 36], [561.0, 542.0, 40, 34], [633.0, 629.0, 44, 40]]","[1, 1, 1, 1, 1, 1, 1, 1, 1]"
/home/huy/Documents/de_tai_tot_nghiep/Drone Thermal.v4i.voc/imgs/1_90_30_0_01370_jpg.rf.b12dfb57fa4e89c554707cdde6fef35d.jpg,"[[446.0, 267.0, 18, 36], [479.0, 274.0, 16, 30], [491.0, 245.0, 12, 28], [499.0, 252.0, 12, 26], [518.0, 289.0, 14, 24], [525.0, 265.0, 20, 36], [584.0, 419.0, 18, 40], [619.0, 420.0, 16, 26], [610.0, 458.0, 18, 26], [604.0, 423.0, 14, 24], [450.0, 403.0, 18, 28], [416.0, 453.0, 22, 32], [947.0, 489.0, 20, 28], [921.0, 494.0, 20, 30], [402.0, 792.0, 18, 34], [763.0, 1010.0, 24, 26]]","[1, 1, 1, 1, 1, 1, 1, 1, 1, 1, 1, 1, 1, 1, 1, 1]"
/home/huy/Documents/de_tai_tot_nghiep/Drone Thermal.v4i.voc/imgs/1_60_50_0_00364_jpg.rf.0a55f73f87c2a3024d3dd075ffb9ca1e.jpg,"[[1176.0, 614.0, 30, 58], [438.0, 221.0, 34, 48], [750.0, 242.0, 30, 62], [808.0, 265.0, 22, 56], [625.0, 54.0, 32, 58], [949.0, 941.0, 28, 52]]","[1, 1, 1, 1, 1, 1]"
/home/huy/Documents/de_tai_tot_nghiep/Drone Thermal.v4i.voc/imgs/1_100_80_0_02483_jpg.rf.1dbee5f5a1571a75ddab4e1379795a43.jpg,"[[984.0, 189.0, 38, 36], [879.0, 174.0, 40, 50], [903.0, 291.0, 36, 44], [826.0, 236.0, 26, 34], [659.0, 778.0, 32, 42], [637.0, 676.0, 24, 34], [559.0, 721.0, 24, 28], [578.0, 703.0, 30, 24], [550.0, 780.0, 38, 30], [509.0, 712.0, 32, 38], [494.0, 850.0, 30, 26], [348.0, 749.0, 42, 32]]","[1, 1, 1, 1, 1, 1, 1, 1, 1, 1, 1, 1]"
/home/huy/Documents/de_tai_tot_nghiep/Drone Thermal.v4i.voc/imgs/0_110_80_0_03754_jpg.rf.95ff03621bbb952fbad6b96a504b1066.jpg,"[[820.0, 461.0, 14, 32], [796.0, 273.0, 22, 28], [824.0, 420.0, 26, 30], [718.0, 395.0, 26, 36], [874.0, 971.0, 22, 36]]","[1, 1, 1, 1, 1]"
/home/huy/Documents/de_tai_tot_nghiep/Drone Thermal.v4i.voc/imgs/1_60_60_0_00484_jpg.rf.1248b5921f063a6ad74460c0a329c4e4.jpg,"[[766.0, 386.0, 30, 50], [499.0, 958.0, 28, 58], [944.0, 463.0, 22, 40]]","[1, 1, 1]"
/home/huy/Documents/de_tai_tot_nghiep/Drone Thermal.v4i.voc/imgs/1_60_90_0_07543_jpg.rf.35fe0036e23694f07edfa6bdb560b979.jpg,[],[]
/home/huy/Documents/de_tai_tot_nghiep/Drone Thermal.v4i.voc/imgs/1_110_40_0_09072_jpg.rf.20b4e6c6526569205f4aeb943aea6c63.jpg,[],[]
/home/huy/Documents/de_tai_tot_nghiep/Drone Thermal.v4i.voc/imgs/1_90_90_0_05060_jpg.rf.6c7d75c5634294aaa35d330ce0d55528.jpg,[],[]
/home/huy/Documents/de_tai_tot_nghiep/Drone Thermal.v4i.voc/imgs/1_70_50_0_07635_jpg.rf.180173249f879196f29846094edb8671.jpg,[],[]
/home/huy/Documents/de_tai_tot_nghiep/Drone Thermal.v4i.voc/imgs/1_100_50_0_06289_jpg.rf.7a5456c342ce7d17c6c034c5a859d0d5.jpg,"[[569.0, 315.0, 28, 48]]",[1]
/home/huy/Documents/de_tai_tot_nghiep/Drone Thermal.v4i.voc/imgs/1_60_50_0_04141_jpg.rf.664e7ef701977d4e6e20f9a62ec42b80.jpg,[],[]
/home/huy/Documents/de_tai_tot_nghiep/Drone Thermal.v4i.voc/imgs/1_130_70_0_03968_jpg.rf.a2fe7924f6fe342eabe12a6e31bda652.jpg,"[[440.0, 355.0, 22, 32], [504.0, 369.0, 18, 28], [545.0, 407.0, 12, 28], [527.0, 407.0, 16, 32], [535.0, 323.0, 20, 24], [551.0, 338.0, 20, 34]]","[1, 1, 1, 1, 1, 1]"
/home/huy/Documents/de_tai_tot_nghiep/Drone Thermal.v4i.voc/imgs/0_130_60_0_05649_jpg.rf.decd44202db4649b7a2d4c225cd16e5f.jpg,[],[]
/home/huy/Documents/de_tai_tot_nghiep/Drone Thermal.v4i.voc/imgs/1_60_70_0_00605_jpg.rf.d6b901fd019d03b3ae6f598840b888da.jpg,"[[792.0, 266.0, 46, 58], [580.0, 552.0, 30, 58], [220.0, 646.0, 30, 42]]","[1, 1, 1]"
/home/huy/Documents/de_tai_tot_nghiep/Drone Thermal.v4i.voc/imgs/1_130_80_0_04036_jpg.rf.3d235dd29285faeaa31cc86dc94b7cf6.jpg,"[[504.0, 527.0, 22, 32], [667.0, 575.0, 20, 24], [610.0, 561.0, 18, 20], [609.0, 581.0, 20, 24], [617.0, 612.0, 20, 26], [605.0, 637.0, 24, 24]]","[1, 1, 1, 1, 1, 1]"
/home/huy/Documents/de_tai_tot_nghiep/Drone Thermal.v4i.voc/imgs/1_90_30_0_01397_jpg.rf.77963837a19f5ff43c7274a08d4741aa.jpg,[],[]
/home/huy/Documents/de_tai_tot_nghiep/Drone Thermal.v4i.voc/imgs/1_130_50_0_03917_jpg.rf.3ed6c50b642314af8e5ba1abe1b95fa5.jpg,"[[238.0, 54.0, 14, 30], [413.0, 478.0, 20, 26], [460.0, 543.0, 18, 32], [486.0, 531.0, 22, 32], [499.0, 504.0, 16, 34], [524.0, 505.0, 22, 36]]","[1, 1, 1, 1, 1, 1]"
/home/huy/Documents/de_tai_tot_nghiep/Drone Thermal.v4i.voc/imgs/1_130_60_0_07258_jpg.rf.3476078e54c04a8a6098cb0421a0235a.jpg,[],[]
/home/huy/Documents/de_tai_tot_nghiep/Drone Thermal.v4i.voc/imgs/0_120_30_0_05345_jpg.rf.63f722ae5c7d2c087998a9aa27932219.jpg,[],[]
/home/huy/Documents/de_tai_tot_nghiep/Drone Thermal.v4i.voc/imgs/0_100_40_0_08118_jpg.rf.cf1d2a6eae7ef909d4d6320bf3227e66.jpg,[],[]
/home/huy/Documents/de_tai_tot_nghiep/Drone Thermal.v4i.voc/imgs/1_120_60_0_02911_jpg.rf.1aee88f580780923e0f9d005e3024d7d.jpg,"[[303.0, 63.0, 16, 28], [306.0, 117.0, 18, 28], [430.0, 146.0, 18, 34], [378.0, 157.0, 18, 32], [374.0, 260.0, 18, 42], [297.0, 183.0, 16, 36], [290.0, 194.0, 14, 34], [321.0, 222.0, 24, 30]]","[1, 1, 1, 1, 1, 1, 1, 1]"
/home/huy/Documents/de_tai_tot_nghiep/Drone Thermal.v4i.voc/imgs/1_90_70_0_04969_jpg.rf.164cdb6fd45b762371621b39e48517e6.jpg,[],[]
/home/huy/Documents/de_tai_tot_nghiep/Drone Thermal.v4i.voc/imgs/1_70_80_0_01055_jpg.rf.083abca9ea14b074e4b1f4bbb5645f59.jpg,"[[991.0, 543.0, 32, 40], [915.0, 469.0, 32, 40], [861.0, 571.0, 36, 40]]","[1, 1, 1]"
/home/huy/Documents/de_tai_tot_nghiep/Drone Thermal.v4i.voc/imgs/1_80_40_0_01160_jpg.rf.16eca9fbf8bae56be9e4a43c4ba931cb.jpg,"[[1021.0, 344.0, 20, 50], [993.0, 333.0, 20, 48], [644.0, 223.0, 22, 44], [644.0, 154.0, 22, 34], [614.0, 172.0, 22, 38], [596.0, 138.0, 26, 34], [585.0, 214.0, 24, 42], [554.0, 243.0, 22, 44], [488.0, 211.0, 22, 28], [606.0, 13.0, 18, 24], [589.0, 15.0, 16, 28], [533.0, 12.0, 20, 22]]","[1, 1, 1, 1, 1, 1, 1, 1, 1, 1, 1, 1]"
/home/huy/Documents/de_tai_tot_nghiep/Drone Thermal.v4i.voc/imgs/1_110_40_0_05779_jpg.rf.73323aa39f1f15b08f6fe157244be30c.jpg,[],[]
/home/huy/Documents/de_tai_tot_nghiep/Drone Thermal.v4i.voc/imgs/1_70_70_0_07725_jpg.rf.9a6a42e4d20440523e36ed26aac62896.jpg,[],[]
/home/huy/Documents/de_tai_tot_nghiep/Drone Thermal.v4i.voc/imgs/0_100_60_0_08187_jpg.rf.52071bc91782fd1335808d830f614b39.jpg,[],[]
/home/huy/Documents/de_tai_tot_nghiep/Drone Thermal.v4i.voc/imgs/1_120_60_0_02922_jpg.rf.aacbebd6c40317e3cd668b8f6be03f22.jpg,"[[260.0, 75.0, 26, 36], [231.0, 69.0, 16, 36], [333.0, 364.0, 20, 30], [313.0, 385.0, 20, 32], [350.0, 407.0, 18, 36], [331.0, 434.0, 16, 34], [312.0, 434.0, 18, 34], [427.0, 403.0, 16, 28], [409.0, 392.0, 16, 18], [405.0, 377.0, 16, 20], [420.0, 369.0, 14, 32], [879.0, 366.0, 16, 34]]","[1, 1, 1, 1, 1, 1, 1, 1, 1, 1, 1, 1]"
/home/huy/Documents/de_tai_tot_nghiep/Drone Thermal.v4i.voc/imgs/1_100_50_0_06274_jpg.rf.6c4576075735af4dd3f7ec98e853ed51.jpg,"[[930.0, 455.0, 30, 44]]",[1]
/home/huy/Documents/de_tai_tot_nghiep/Drone Thermal.v4i.voc/imgs/1_120_80_0_06132_jpg.rf.e1c8a724d1b489cd567850b7cd134d9b.jpg,[],[]
/home/huy/Documents/de_tai_tot_nghiep/Drone Thermal.v4i.voc/imgs/0_130_50_0_09740_jpg.rf.83ef655f6051a3489c9e3a511191a857.jpg,[],[]
/home/huy/Documents/de_tai_tot_nghiep/Drone Thermal.v4i.voc/imgs/1_60_30_0_00025_jpg.rf.38a0f959320f54567252e10b556196ae.jpg,"[[83.0, 161.0, 24, 36], [421.0, 162.0, 20, 34], [449.0, 160.0, 16, 30], [567.0, 104.0, 16, 38], [523.0, 298.0, 20, 38], [543.0, 353.0, 20, 36], [612.0, 508.0, 18, 38], [179.0, 929.0, 24, 44], [1180.0, 647.0, 18, 40], [907.0, 671.0, 20, 40], [960.0, 626.0, 14, 38], [972.0, 623.0, 14, 40], [986.0, 624.0, 14, 38], [1025.0, 582.0, 20, 42], [997.0, 512.0, 20, 38], [798.0, 518.0, 18, 42], [724.0, 596.0, 18, 42], [871.0, 357.0, 16, 40], [756.0, 398.0, 18, 38], [647.0, 419.0, 20, 40], [1022.0, 30.0, 18, 30], [1045.0, 23.0, 16, 36], [1081.0, 26.0, 20, 34], [1153.0, 17.0, 20, 32]]","[1, 1, 1, 1, 1, 1, 1, 1, 1, 1, 1, 1, 1, 1, 1, 1, 1, 1, 1, 1, 1, 1, 1, 1]"
/home/huy/Documents/de_tai_tot_nghiep/Drone Thermal.v4i.voc/imgs/1_60_60_0_00494_jpg.rf.0de983fb9f43a50f17a9c8b84adc75da.jpg,"[[630.0, 167.0, 30, 68], [829.0, 472.0, 32, 54], [856.0, 499.0, 26, 52], [1199.0, 429.0, 16, 36], [610.0, 731.0, 26, 56]]","[1, 1, 1, 1, 1]"
/home/huy/Documents/de_tai_tot_nghiep/Drone Thermal.v4i.voc/imgs/0_80_40_0_06938_jpg.rf.d896ae98b95a44be3c59c7aa287ec7f0.jpg,[],[]
/home/huy/Documents/de_tai_tot_nghiep/Drone Thermal.v4i.voc/imgs/1_60_80_0_00671_jpg.rf.2408b831e820240832050c876e4696ea.jpg,"[[57.0, 820.0, 72, 62], [650.0, 740.0, 30, 34], [702.0, 747.0, 30, 28], [514.0, 553.0, 46, 52], [618.0, 557.0, 26, 24], [586.0, 580.0, 34, 34], [571.0, 611.0, 44, 32], [726.0, 464.0, 30, 42], [704.0, 516.0, 38, 46], [692.0, 553.0, 42, 60], [811.0, 619.0, 56, 52], [891.0, 720.0, 36, 38], [870.0, 990.0, 30, 54]]","[1, 1, 1, 1, 1, 1, 1, 1, 1, 1, 1, 1, 1]"
/home/huy/Documents/de_tai_tot_nghiep/Drone Thermal.v4i.voc/imgs/1_60_70_0_00631_jpg.rf.c586fff90c748cc65cb76f677131af63.jpg,"[[643.0, 481.0, 44, 72]]",[1]
/home/huy/Documents/de_tai_tot_nghiep/Drone Thermal.v4i.voc/imgs/0_60_30_0_01620_jpg.rf.8a4e1f592962b8b935f58dcf2317d51f.jpg,"[[526.0, 515.0, 18, 48], [554.0, 577.0, 18, 40], [596.0, 574.0, 18, 46], [642.0, 559.0, 18, 56], [763.0, 733.0, 16, 52], [699.0, 547.0, 16, 40], [864.0, 404.0, 14, 38], [893.0, 385.0, 16, 36], [919.0, 423.0, 16, 48], [942.0, 417.0, 14, 36], [962.0, 425.0, 18, 40]]","[1, 1, 1, 1, 1, 1, 1, 1, 1, 1, 1]"
/home/huy/Documents/de_tai_tot_nghiep/Drone Thermal.v4i.voc/imgs/1_60_80_0_04264_jpg.rf.e85656b1bc9eedd8902ad218f7ca67a9.jpg,[],[]
/home/huy/Documents/de_tai_tot_nghiep/Drone Thermal.v4i.voc/imgs/0_130_70_0_09806_jpg.rf.96e2669ee7f67e2870dbda84727eef41.jpg,"[[434.0, 645.0, 18, 32], [435.0, 618.0, 20, 34]]","[1, 1]"
/home/huy/Documents/de_tai_tot_nghiep/Drone Thermal.v4i.voc/imgs/1_130_60_0_07255_jpg.rf.7b3533d965a1561f60e6030b24b89c87.jpg,[],[]
/home/huy/Documents/de_tai_tot_nghiep/Drone Thermal.v4i.voc/imgs/0_80_80_0_07079_jpg.rf.dbc0c5b374cd4a74f1a7f9540ddc4cdc.jpg,"[[116.0, 381.0, 46, 56], [325.0, 330.0, 32, 46], [512.0, 387.0, 42, 44]]","[1, 1, 1]"
/home/huy/Documents/de_tai_tot_nghiep/Drone Thermal.v4i.voc/imgs/1_60_80_0_00702_jpg.rf.b5f4f7bb57d0b0ed39f25397ee76d22b.jpg,"[[855.0, 430.0, 32, 54], [903.0, 22.0, 36, 42], [902.0, 80.0, 46, 54], [1067.0, 153.0, 24, 40], [1025.0, 177.0, 64, 48], [1053.0, 224.0, 36, 42], [1025.0, 17.0, 28, 32], [893.0, 149.0, 28, 36], [873.0, 261.0, 28, 64], [639.0, 506.0, 48, 34], [456.0, 450.0, 34, 34], [346.0, 470.0, 38, 38], [238.0, 524.0, 42, 42], [516.0, 555.0, 26, 36], [232.0, 578.0, 30, 46], [318.0, 600.0, 38, 46], [580.0, 601.0, 38, 20], [522.0, 605.0, 34, 48], [623.0, 690.0, 28, 38], [452.0, 777.0, 34, 36], [400.0, 761.0, 34, 32], [667.0, 935.0, 32, 36], [420.0, 783.0, 26, 32]]","[1, 1, 1, 1, 1, 1, 1, 1, 1, 1, 1, 1, 1, 1, 1, 1, 1, 1, 1, 1, 1, 1, 1]"
/home/huy/Documents/de_tai_tot_nghiep/Drone Thermal.v4i.voc/imgs/1_100_60_0_02426_jpg.rf.bd5f65d2b700742c9f0d7f5bf86cb892.jpg,"[[915.0, 558.0, 20, 30], [907.0, 591.0, 28, 52], [891.0, 622.0, 32, 42], [875.0, 630.0, 16, 34], [667.0, 969.0, 28, 28], [628.0, 974.0, 26, 34], [626.0, 1014.0, 22, 18]]","[1, 1, 1, 1, 1, 1, 1]"
/home/huy/Documents/de_tai_tot_nghiep/Drone Thermal.v4i.voc/imgs/1_90_40_0_01426_jpg.rf.ecdad884ffb3eb1756416f5b52a55adc.jpg,"[[509.0, 539.0, 20, 44], [488.0, 561.0, 22, 44]]","[1, 1]"
/home/huy/Documents/de_tai_tot_nghiep/Drone Thermal.v4i.voc/imgs/1_60_50_0_00292_jpg.rf.fef07294139055e29e84cceb92f80d98.jpg,"[[452.0, 162.0, 30, 54], [407.0, 499.0, 32, 60], [658.0, 140.0, 22, 54], [659.0, 542.0, 28, 58], [934.0, 716.0, 26, 62], [1255.0, 228.0, 20, 50]]","[1, 1, 1, 1, 1, 1]"
/home/huy/Documents/de_tai_tot_nghiep/Drone Thermal.v4i.voc/imgs/0_60_80_0_01779_jpg.rf.7777df3c0ad239a68385dfcf6ac4bac6.jpg,"[[557.0, 698.0, 28, 50], [578.0, 852.0, 26, 46], [612.0, 852.0, 38, 50], [625.0, 786.0, 28, 38], [682.0, 774.0, 30, 46], [724.0, 781.0, 34, 44], [989.0, 194.0, 44, 66], [1208.0, 405.0, 62, 68], [1069.0, 172.0, 36, 50], [1162.0, 143.0, 38, 60], [1147.0, 177.0, 40, 60], [1226.0, 143.0, 46, 60]]","[1, 1, 1, 1, 1, 1, 1, 1, 1, 1, 1, 1]"
/home/huy/Documents/de_tai_tot_nghiep/Drone Thermal.v4i.voc/imgs/0_70_90_0_02077_jpg.rf.be98fb9cadada063bfcb7ce2b1c58da3.jpg,"[[525.0, 431.0, 36, 44], [498.0, 483.0, 34, 56], [412.0, 519.0, 38, 32], [398.0, 536.0, 26, 34], [463.0, 579.0, 56, 48], [412.0, 563.0, 18, 36], [632.0, 663.0, 30, 36], [840.0, 694.0, 50, 54], [762.0, 844.0, 34, 34]]","[1, 1, 1, 1, 1, 1, 1, 1, 1]"
/home/huy/Documents/de_tai_tot_nghiep/Drone Thermal.v4i.voc/imgs/0_100_80_0_08248_jpg.rf.802d538643bc72cb11dc391118000708.jpg,[],[]
/home/huy/Documents/de_tai_tot_nghiep/Drone Thermal.v4i.voc/imgs/1_60_30_0_04086_jpg.rf.99a6cb19530c2780d87ff1392dae2dff.jpg,[],[]
/home/huy/Documents/de_tai_tot_nghiep/Drone Thermal.v4i.voc/imgs/1_130_50_0_03920_jpg.rf.ef91cd6a823c436065a8490c1320aa61.jpg,"[[236.0, 59.0, 22, 44], [308.0, 8.0, 14, 14], [604.0, 22.0, 22, 34], [441.0, 522.0, 16, 30], [491.0, 524.0, 20, 30], [531.0, 529.0, 16, 32], [542.0, 518.0, 18, 34], [486.0, 571.0, 22, 24], [493.0, 586.0, 24, 26]]","[1, 1, 1, 1, 1, 1, 1, 1, 1]"
/home/huy/Documents/de_tai_tot_nghiep/Drone Thermal.v4i.voc/imgs/1_60_40_0_07406_jpg.rf.284cc9ac0adbcaa023300c97d5a553f6.jpg,[],[]
/home/huy/Documents/de_tai_tot_nghiep/Drone Thermal.v4i.voc/imgs/1_60_50_0_04163_jpg.rf.2cdf38dfb593bf91f59bd85ef9b76f49.jpg,[],[]
/home/huy/Documents/de_tai_tot_nghiep/Drone Thermal.v4i.voc/imgs/1_60_80_0_00651_jpg.rf.86857d750413517adce89ed8a30d43d1.jpg,"[[325.0, 395.0, 32, 44], [215.0, 491.0, 36, 44], [358.0, 540.0, 34, 62], [294.0, 589.0, 34, 64], [412.0, 573.0, 58, 64], [426.0, 626.0, 42, 54], [203.0, 731.0, 24, 32], [240.0, 740.0, 30, 46], [340.0, 781.0, 22, 28], [312.0, 795.0, 30, 44], [270.0, 815.0, 22, 28], [293.0, 818.0, 16, 34], [353.0, 846.0, 24, 38], [165.0, 858.0, 32, 42], [260.0, 901.0, 50, 44], [133.0, 914.0, 36, 50], [89.0, 903.0, 28, 40], [222.0, 961.0, 50, 48], [134.0, 1006.0, 34, 34], [922.0, 693.0, 38, 44], [1079.0, 689.0, 40, 44], [1267.0, 631.0, 28, 32], [1115.0, 714.0, 40, 38], [1099.0, 772.0, 24, 26], [1207.0, 814.0, 44, 38], [1146.0, 821.0, 42, 28], [1220.0, 927.0, 22, 36], [1008.0, 933.0, 30, 28], [1203.0, 925.0, 20, 40], [1046.0, 967.0, 34, 28], [1192.0, 994.0, 46, 54]]","[1, 1, 1, 1, 1, 1, 1, 1, 1, 1, 1, 1, 1, 1, 1, 1, 1, 1, 1, 1, 1, 1, 1, 1, 1, 1, 1, 1, 1, 1, 1]"
/home/huy/Documents/de_tai_tot_nghiep/Drone Thermal.v4i.voc/imgs/0_100_90_0_08304_jpg.rf.08c1b12c991fc67880a0a4d514abe7fb.jpg,[],[]
/home/huy/Documents/de_tai_tot_nghiep/Drone Thermal.v4i.voc/imgs/0_130_80_0_05695_jpg.rf.9d76befa6288006c3be69323e69acc1f.jpg,[],[]
/home/huy/Documents/de_tai_tot_nghiep/Drone Thermal.v4i.voc/imgs/1_130_40_0_07179_jpg.rf.68fece0b13c63674d64a33d8aa13799c.jpg,"[[731.0, 607.0, 16, 40], [678.0, 617.0, 14, 36], [691.0, 619.0, 16, 32], [691.0, 640.0, 16, 30]]","[1, 1, 1, 1]"
/home/huy/Documents/de_tai_tot_nghiep/Drone Thermal.v4i.voc/imgs/1_130_70_0_03975_jpg.rf.5a090bcf3c4cfd0ff65cc0de2a82bd8c.jpg,"[[438.0, 450.0, 22, 34], [500.0, 455.0, 18, 28], [537.0, 501.0, 16, 28], [519.0, 505.0, 16, 28], [525.0, 543.0, 20, 28], [486.0, 586.0, 22, 34]]","[1, 1, 1, 1, 1, 1]"
/home/huy/Documents/de_tai_tot_nghiep/Drone Thermal.v4i.voc/imgs/0_80_70_0_02237_jpg.rf.4da604fd427010f22622f91b798c49b5.jpg,"[[1163.0, 41.0, 24, 40], [971.0, 151.0, 16, 36], [742.0, 223.0, 30, 40], [777.0, 277.0, 20, 36], [644.0, 327.0, 34, 48], [763.0, 383.0, 24, 44], [841.0, 326.0, 24, 38], [953.0, 335.0, 28, 36], [897.0, 365.0, 36, 48], [899.0, 483.0, 48, 52], [812.0, 379.0, 18, 28]]","[1, 1, 1, 1, 1, 1, 1, 1, 1, 1, 1]"
/home/huy/Documents/de_tai_tot_nghiep/Drone Thermal.v4i.voc/imgs/0_70_30_0_01852_jpg.rf.27243d3fd11656eb1f23742a64965259.jpg,"[[648.0, 235.0, 18, 32], [640.0, 295.0, 14, 40], [686.0, 300.0, 22, 38], [1239.0, 96.0, 16, 30], [93.0, 280.0, 20, 42], [403.0, 409.0, 28, 36], [381.0, 398.0, 20, 34], [350.0, 416.0, 14, 34], [456.0, 476.0, 18, 38], [575.0, 525.0, 12, 28], [766.0, 286.0, 22, 30]]","[1, 1, 1, 1, 1, 1, 1, 1, 1, 1, 1]"
/home/huy/Documents/de_tai_tot_nghiep/Drone Thermal.v4i.voc/imgs/1_70_50_0_04418_jpg.rf.41c667107889817cfd69982e98274590.jpg,[],[]
/home/huy/Documents/de_tai_tot_nghiep/Drone Thermal.v4i.voc/imgs/1_60_70_0_00611_jpg.rf.7aeeb0c49c4621dc0f11d94ddadc3890.jpg,"[[221.0, 517.0, 28, 56], [657.0, 291.0, 40, 64]]","[1, 1]"
/home/huy/Documents/de_tai_tot_nghiep/Drone Thermal.v4i.voc/imgs/1_60_50_0_00346_jpg.rf.ba13bca3695a25595d89084ce04c8b12.jpg,"[[1055.0, 71.0, 32, 64], [543.0, 21.0, 32, 40], [888.0, 535.0, 30, 60], [915.0, 584.0, 32, 50]]","[1, 1, 1, 1]"
/home/huy/Documents/de_tai_tot_nghiep/Drone Thermal.v4i.voc/imgs/1_60_60_0_00440_jpg.rf.a039ba3ec03f773f8a838979f27a2f88.jpg,"[[512.0, 49.0, 42, 68], [643.0, 790.0, 32, 50], [404.0, 720.0, 42, 66], [337.0, 791.0, 36, 60], [1138.0, 264.0, 30, 54], [1157.0, 754.0, 32, 38]]","[1, 1, 1, 1, 1, 1]"
/home/huy/Documents/de_tai_tot_nghiep/Drone Thermal.v4i.voc/imgs/0_60_70_0_01766_jpg.rf.9d9b9837d5d5b9af67a9eff8b01cdf8d.jpg,"[[637.0, 303.0, 28, 56], [657.0, 475.0, 20, 64], [680.0, 478.0, 18, 54], [770.0, 436.0, 38, 62], [924.0, 503.0, 46, 56], [756.0, 530.0, 22, 66], [777.0, 540.0, 20, 46], [798.0, 617.0, 26, 48], [829.0, 577.0, 20, 60]]","[1, 1, 1, 1, 1, 1, 1, 1, 1]"
/home/huy/Documents/de_tai_tot_nghiep/Drone Thermal.v4i.voc/imgs/1_90_60_0_04946_jpg.rf.512d1dabd512381953121473879f597f.jpg,"[[492.0, 755.0, 30, 56], [1071.0, 472.0, 24, 38], [708.0, 834.0, 26, 50]]","[1, 1, 1]"
/home/huy/Documents/de_tai_tot_nghiep/Drone Thermal.v4i.voc/imgs/1_130_50_0_03893_jpg.rf.1c8c7ef1bc968cb8c2ce25baaca37ffd.jpg,"[[498.0, 273.0, 18, 28], [530.0, 238.0, 18, 30], [564.0, 215.0, 14, 32], [580.0, 230.0, 14, 26], [553.0, 254.0, 16, 30], [556.0, 276.0, 18, 30]]","[1, 1, 1, 1, 1, 1]"
/home/huy/Documents/de_tai_tot_nghiep/Drone Thermal.v4i.voc/imgs/1_70_60_0_01001_jpg.rf.830d239140b13e0c72df2c6e9882328d.jpg,"[[1036.0, 949.0, 50, 64], [927.0, 987.0, 40, 60], [904.0, 974.0, 34, 62], [863.0, 976.0, 40, 62], [990.0, 1006.0, 26, 30]]","[1, 1, 1, 1, 1]"
/home/huy/Documents/de_tai_tot_nghiep/Drone Thermal.v4i.voc/imgs/1_60_50_0_00331_jpg.rf.719e069a9d363d72d63cb7d2ba75b89f.jpg,"[[373.0, 40.0, 32, 58], [421.0, 12.0, 32, 22], [629.0, 122.0, 28, 50], [749.0, 352.0, 32, 62], [1145.0, 645.0, 28, 60], [455.0, 273.0, 32, 48]]","[1, 1, 1, 1, 1, 1]"
/home/huy/Documents/de_tai_tot_nghiep/Drone Thermal.v4i.voc/imgs/0_100_80_0_08260_jpg.rf.d74fcdd719a0397b4bd133f20c8450fa.jpg,[],[]
/home/huy/Documents/de_tai_tot_nghiep/Drone Thermal.v4i.voc/imgs/0_110_60_0_08426_jpg.rf.b15fde778a6db28c86900d456b6b6dff.jpg,[],[]
/home/huy/Documents/de_tai_tot_nghiep/Drone Thermal.v4i.voc/imgs/1_110_80_0_09193_jpg.rf.5e9f19fedd01053d8377cf8339148253.jpg,[],[]
/home/huy/Documents/de_tai_tot_nghiep/Drone Thermal.v4i.voc/imgs/0_100_60_0_03407_jpg.rf.6d2480ca573b9d18b414565e1d906d5c.jpg,"[[690.0, 144.0, 18, 42], [750.0, 202.0, 14, 46], [370.0, 536.0, 18, 38], [404.0, 530.0, 18, 38], [804.0, 880.0, 22, 46], [919.0, 810.0, 16, 30]]","[1, 1, 1, 1, 1, 1]"
/home/huy/Documents/de_tai_tot_nghiep/Drone Thermal.v4i.voc/imgs/1_70_90_0_07800_jpg.rf.a5e8ca4df301080bcb56c667aef5812a.jpg,[],[]
/home/huy/Documents/de_tai_tot_nghiep/Drone Thermal.v4i.voc/imgs/1_60_30_0_00092_jpg.rf.887a06cd43bc7fd9a5c7c6fa01ac41c5.jpg,"[[691.0, 972.0, 24, 46], [534.0, 559.0, 18, 36], [436.0, 584.0, 18, 42], [928.0, 130.0, 14, 34], [927.0, 98.0, 16, 34], [1076.0, 115.0, 18, 40], [1249.0, 74.0, 16, 34]]","[1, 1, 1, 1, 1, 1, 1]"
/home/huy/Documents/de_tai_tot_nghiep/Drone Thermal.v4i.voc/imgs/1_60_30_0_00048_jpg.rf.bc887b6a80b3d7780e3a26bed60c1b34.jpg,"[[290.0, 121.0, 18, 40], [115.0, 264.0, 16, 38], [201.0, 294.0, 20, 38], [311.0, 322.0, 20, 42], [598.0, 353.0, 14, 40], [512.0, 430.0, 14, 30], [495.0, 444.0, 16, 34], [477.0, 449.0, 24, 40], [832.0, 907.0, 18, 44], [1014.0, 804.0, 22, 42], [772.0, 767.0, 22, 48], [1244.0, 669.0, 18, 48], [828.0, 595.0, 22, 44], [1083.0, 23.0, 24, 36], [903.0, 55.0, 16, 36], [799.0, 64.0, 20, 34], [817.0, 48.0, 16, 38], [838.0, 47.0, 18, 32], [877.0, 42.0, 16, 30], [878.0, 70.0, 22, 30]]","[1, 1, 1, 1, 1, 1, 1, 1, 1, 1, 1, 1, 1, 1, 1, 1, 1, 1, 1, 1]"
/home/huy/Documents/de_tai_tot_nghiep/Drone Thermal.v4i.voc/imgs/1_70_80_0_01080_jpg.rf.18d89220da73247755db565ec59a5b7c.jpg,"[[1142.0, 241.0, 22, 28], [1174.0, 390.0, 30, 34], [1151.0, 468.0, 44, 62], [1127.0, 461.0, 24, 48], [1110.0, 495.0, 30, 44], [239.0, 559.0, 36, 40], [193.0, 563.0, 32, 28], [162.0, 554.0, 34, 34], [149.0, 607.0, 28, 44], [148.0, 657.0, 30, 36]]","[1, 1, 1, 1, 1, 1, 1, 1, 1, 1]"
/home/huy/Documents/de_tai_tot_nghiep/Drone Thermal.v4i.voc/imgs/0_60_30_0_06470_jpg.rf.914fdb309069186a9fcddeb74f966b07.jpg,[],[]
/home/huy/Documents/de_tai_tot_nghiep/Drone Thermal.v4i.voc/imgs/1_130_40_0_07176_jpg.rf.1446727bf97e8a8847bee3edb7a520e8.jpg,[],[]
/home/huy/Documents/de_tai_tot_nghiep/Drone Thermal.v4i.voc/imgs/1_100_70_0_06337_jpg.rf.87d0d1556ee25d27a188db09065622ee.jpg,"[[435.0, 951.0, 24, 40]]",[1]
/home/huy/Documents/de_tai_tot_nghiep/Drone Thermal.v4i.voc/imgs/1_130_50_0_03926_jpg.rf.a6ba148e0ab801b84bc0971eef39d0f9.jpg,"[[522.0, 156.0, 22, 30], [542.0, 211.0, 18, 32], [586.0, 189.0, 18, 32], [593.0, 150.0, 16, 34], [571.0, 161.0, 16, 32], [555.0, 174.0, 20, 30]]","[1, 1, 1, 1, 1, 1]"
/home/huy/Documents/de_tai_tot_nghiep/Drone Thermal.v4i.voc/imgs/0_120_40_0_09509_jpg.rf.04fd032387b3a219842fb394927ba774.jpg,[],[]
/home/huy/Documents/de_tai_tot_nghiep/Drone Thermal.v4i.voc/imgs/1_130_40_0_07170_jpg.rf.a92f77937ad88072e9ef3830b9186ded.jpg,[],[]
/home/huy/Documents/de_tai_tot_nghiep/Drone Thermal.v4i.voc/imgs/1_90_60_0_08889_jpg.rf.8e75f0517fa755df146c15f9336ccc51.jpg,[],[]
/home/huy/Documents/de_tai_tot_nghiep/Drone Thermal.v4i.voc/imgs/0_130_70_0_09810_jpg.rf.03fe293db06f62f59a6c761576dba701.jpg,[],[]
/home/huy/Documents/de_tai_tot_nghiep/Drone Thermal.v4i.voc/imgs/1_60_60_0_00496_jpg.rf.d25af3d67bc72b8b8dfd775e4f885660.jpg,"[[739.0, 217.0, 32, 56], [1019.0, 385.0, 32, 68], [1083.0, 471.0, 28, 40], [941.0, 538.0, 36, 70], [760.0, 657.0, 26, 48], [444.0, 955.0, 18, 52], [893.0, 945.0, 32, 56], [908.0, 952.0, 34, 50], [935.0, 953.0, 36, 56]]","[1, 1, 1, 1, 1, 1, 1, 1, 1]"
/home/huy/Documents/de_tai_tot_nghiep/Drone Thermal.v4i.voc/imgs/1_60_60_0_00512_jpg.rf.b65403aade51246115f714b21d0481a9.jpg,"[[640.0, 58.0, 30, 50], [490.0, 206.0, 30, 62], [774.0, 636.0, 22, 54], [792.0, 673.0, 26, 44]]","[1, 1, 1, 1]"
/home/huy/Documents/de_tai_tot_nghiep/Drone Thermal.v4i.voc/imgs/1_60_30_0_00074_jpg.rf.81d9f27562ae28f836ef3439623cb234.jpg,"[[1027.0, 110.0, 20, 30], [730.0, 306.0, 14, 38], [639.0, 589.0, 24, 36], [611.0, 612.0, 20, 42], [492.0, 805.0, 18, 40], [477.0, 870.0, 20, 38]]","[1, 1, 1, 1, 1, 1]"
/home/huy/Documents/de_tai_tot_nghiep/Drone Thermal.v4i.voc/imgs/1_110_90_0_09246_jpg.rf.cacc1d6f0878d2dc8d30a9a83b6c0d71.jpg,[],[]
/home/huy/Documents/de_tai_tot_nghiep/Drone Thermal.v4i.voc/imgs/1_90_90_0_09000_jpg.rf.7f42db5b3e6fb6fa387dc6dc638d0284.jpg,[],[]
/home/huy/Documents/de_tai_tot_nghiep/Drone Thermal.v4i.voc/imgs/0_130_80_0_09831_jpg.rf.13841d6f3e805629ac6218a32437eed0.jpg,[],[]
/home/huy/Documents/de_tai_tot_nghiep/Drone Thermal.v4i.voc/imgs/1_60_50_0_00288_jpg.rf.0bdc49aaa0d87dfbe20db5d0611e29f2.jpg,"[[443.0, 11.0, 32, 20], [359.0, 467.0, 28, 48], [646.0, 388.0, 30, 58], [877.0, 303.0, 24, 52], [490.0, 770.0, 34, 58], [710.0, 813.0, 30, 64], [959.0, 718.0, 32, 58]]","[1, 1, 1, 1, 1, 1, 1]"
/home/huy/Documents/de_tai_tot_nghiep/Drone Thermal.v4i.voc/imgs/0_80_80_0_02266_jpg.rf.26b0528978d00a49743c8eecf31c615f.jpg,"[[561.0, 327.0, 40, 48], [593.0, 353.0, 56, 64], [996.0, 13.0, 30, 24], [844.0, 132.0, 34, 34], [792.0, 250.0, 26, 42], [946.0, 277.0, 22, 36], [701.0, 464.0, 40, 22], [687.0, 513.0, 36, 44], [893.0, 362.0, 36, 42], [927.0, 412.0, 44, 46]]","[1, 1, 1, 1, 1, 1, 1, 1, 1, 1]"
/home/huy/Documents/de_tai_tot_nghiep/Drone Thermal.v4i.voc/imgs/0_130_90_0_09883_jpg.rf.edb47a68b0e10a1ad10728477defbf2a.jpg,"[[71.0, 560.0, 24, 30], [596.0, 111.0, 18, 32], [614.0, 96.0, 18, 22]]","[1, 1, 1]"
/home/huy/Documents/de_tai_tot_nghiep/Drone Thermal.v4i.voc/imgs/0_120_80_0_09612_jpg.rf.57651862ee1715ea3c7115910d9a532e.jpg,[],[]
/home/huy/Documents/de_tai_tot_nghiep/Drone Thermal.v4i.voc/imgs/0_100_40_0_08101_jpg.rf.bffe0b27484eb588e13709d5c19c28c0.jpg,[],[]
/home/huy/Documents/de_tai_tot_nghiep/Drone Thermal.v4i.voc/imgs/1_120_90_0_09426_jpg.rf.5ea7c6f56f963720288f87a670ecec29.jpg,[],[]
/home/huy/Documents/de_tai_tot_nghiep/Drone Thermal.v4i.voc/imgs/1_130_90_0_07322_jpg.rf.7927ba36ba0049aed4d64f40d4ba6356.jpg,[],[]
/home/huy/Documents/de_tai_tot_nghiep/Drone Thermal.v4i.voc/imgs/1_60_50_0_00350_jpg.rf.1395b9adea4462e0a6a00dbd3e57f546.jpg,"[[642.0, 853.0, 26, 52], [649.0, 660.0, 36, 58], [257.0, 127.0, 32, 56]]","[1, 1, 1]"
/home/huy/Documents/de_tai_tot_nghiep/Drone Thermal.v4i.voc/imgs/1_70_30_0_07583_jpg.rf.dae7c7610bcf9c572d7daf81e63a2805.jpg,"[[629.0, 825.0, 32, 68], [56.0, 733.0, 30, 64]]","[1, 1]"
/home/huy/Documents/de_tai_tot_nghiep/Drone Thermal.v4i.voc/imgs/0_80_60_0_02211_jpg.rf.080e527c8740d14415b57ff120274de9.jpg,"[[531.0, 101.0, 28, 52], [665.0, 161.0, 24, 44], [735.0, 155.0, 28, 44], [552.0, 210.0, 30, 42], [623.0, 229.0, 24, 52], [728.0, 202.0, 26, 42], [871.0, 239.0, 28, 40], [849.0, 338.0, 44, 50]]","[1, 1, 1, 1, 1, 1, 1, 1]"
/home/huy/Documents/de_tai_tot_nghiep/Drone Thermal.v4i.voc/imgs/0_60_60_0_06565_jpg.rf.ac70fb6dfebcf4057a1261969f8dc9f7.jpg,"[[1123.0, 742.0, 60, 98]]",[1]
/home/huy/Documents/de_tai_tot_nghiep/Drone Thermal.v4i.voc/imgs/1_80_70_0_08733_jpg.rf.fdde28b0454e79a3ab98098c17d353d4.jpg,[],[]
/home/huy/Documents/de_tai_tot_nghiep/Drone Thermal.v4i.voc/imgs/0_120_60_0_09557_jpg.rf.b800439bab70687ec667f894f44c64c0.jpg,[],[]
/home/huy/Documents/de_tai_tot_nghiep/Drone Thermal.v4i.voc/imgs/1_60_80_0_00646_jpg.rf.1839d450955d6696e9d0a007db5aeb78.jpg,"[[518.0, 334.0, 30, 38], [466.0, 379.0, 38, 68], [459.0, 452.0, 32, 38], [483.0, 469.0, 44, 56], [353.0, 491.0, 24, 48], [364.0, 511.0, 22, 40], [1257.0, 165.0, 48, 36], [444.0, 605.0, 34, 56], [480.0, 611.0, 42, 36], [1003.0, 714.0, 40, 50], [1181.0, 586.0, 44, 34], [1172.0, 683.0, 26, 32], [1151.0, 853.0, 44, 52], [290.0, 679.0, 34, 24], [338.0, 705.0, 34, 40], [312.0, 767.0, 42, 44], [425.0, 759.0, 28, 32], [362.0, 787.0, 38, 40], [515.0, 877.0, 40, 36], [219.0, 803.0, 44, 52], [183.0, 838.0, 40, 30], [401.0, 870.0, 32, 46], [337.0, 841.0, 24, 44], [306.0, 910.0, 42, 54], [117.0, 964.0, 36, 38], [221.0, 996.0, 28, 34], [1066.0, 1009.0, 30, 28], [1269.0, 1014.0, 20, 18]]","[1, 1, 1, 1, 1, 1, 1, 1, 1, 1, 1, 1, 1, 1, 1, 1, 1, 1, 1, 1, 1, 1, 1, 1, 1, 1, 1, 1]"
/home/huy/Documents/de_tai_tot_nghiep/Drone Thermal.v4i.voc/imgs/0_100_70_0_08227_jpg.rf.ec7027d735385f821dfe71c0f5e475c9.jpg,"[[341.0, 635.0, 20, 44]]",[1]
/home/huy/Documents/de_tai_tot_nghiep/Drone Thermal.v4i.voc/imgs/1_80_60_0_04718_jpg.rf.e0b7ed46e5d89edf2fbf8af75f5736f9.jpg,"[[278.0, 805.0, 34, 76]]",[1]
/home/huy/Documents/de_tai_tot_nghiep/Drone Thermal.v4i.voc/imgs/1_60_50_0_04143_jpg.rf.b58fa3d1988884c6e0070d8809d9da83.jpg,[],[]
/home/huy/Documents/de_tai_tot_nghiep/Drone Thermal.v4i.voc/imgs/0_60_60_0_06579_jpg.rf.fc9bfbbaa67c63bcae9c161b78fe6a6b.jpg,[],[]
/home/huy/Documents/de_tai_tot_nghiep/Drone Thermal.v4i.voc/imgs/0_60_90_0_06673_jpg.rf.bd7784cf5129a88d9e140d764c85a8c5.jpg,[],[]
/home/huy/Documents/de_tai_tot_nghiep/Drone Thermal.v4i.voc/imgs/0_70_40_0_01880_jpg.rf.7e684d66cb985a49fd2cf8753594567f.jpg,"[[377.0, 313.0, 20, 48], [425.0, 323.0, 20, 48], [449.0, 307.0, 20, 48], [353.0, 393.0, 20, 48], [114.0, 21.0, 34, 40], [686.0, 408.0, 22, 38], [576.0, 285.0, 34, 40], [580.0, 479.0, 18, 32], [855.0, 148.0, 24, 42], [816.0, 118.0, 14, 30], [871.0, 151.0, 20, 32], [842.0, 137.0, 18, 16], [521.0, 273.0, 16, 28]]","[1, 1, 1, 1, 1, 1, 1, 1, 1, 1, 1, 1, 1]"
/home/huy/Documents/de_tai_tot_nghiep/Drone Thermal.v4i.voc/imgs/0_110_60_0_08427_jpg.rf.79ea7c9164260cd34930ccefe0f3d0e3.jpg,[],[]
/home/huy/Documents/de_tai_tot_nghiep/Drone Thermal.v4i.voc/imgs/0_110_50_0_08392_jpg.rf.bf5c664d9f986fbe63b7ef41f4ce49fe.jpg,[],[]
/home/huy/Documents/de_tai_tot_nghiep/Drone Thermal.v4i.voc/imgs/0_110_40_0_08346_jpg.rf.fefd5dfad600f1641fd5e3736a97c00f.jpg,[],[]
/home/huy/Documents/de_tai_tot_nghiep/Drone Thermal.v4i.voc/imgs/0_60_40_0_01643_jpg.rf.6634629b732e8183253b630f8835b134.jpg,"[[421.0, 552.0, 24, 50], [444.0, 642.0, 22, 62], [500.0, 616.0, 26, 42], [575.0, 649.0, 20, 52], [585.0, 708.0, 20, 46], [753.0, 761.0, 16, 48], [960.0, 398.0, 18, 50], [919.0, 354.0, 16, 78], [990.0, 401.0, 14, 48], [1009.0, 395.0, 16, 56], [1098.0, 399.0, 18, 56]]","[1, 1, 1, 1, 1, 1, 1, 1, 1, 1, 1]"
/home/huy/Documents/de_tai_tot_nghiep/Drone Thermal.v4i.voc/imgs/1_120_70_0_02944_jpg.rf.c7315a889543202ac0b770ce6a333480.jpg,"[[605.0, 180.0, 16, 26], [735.0, 235.0, 16, 36], [733.0, 271.0, 24, 32], [533.0, 466.0, 28, 26], [525.0, 488.0, 24, 26], [582.0, 535.0, 22, 32], [546.0, 538.0, 18, 30], [499.0, 543.0, 20, 28], [461.0, 555.0, 20, 32], [471.0, 603.0, 16, 32], [545.0, 593.0, 20, 32]]","[1, 1, 1, 1, 1, 1, 1, 1, 1, 1, 1]"
/home/huy/Documents/de_tai_tot_nghiep/Drone Thermal.v4i.voc/imgs/1_100_90_0_06418_jpg.rf.0237265593cbb52a9e91f575bfc446cb.jpg,"[[1014.0, 663.0, 30, 36], [923.0, 687.0, 28, 32]]","[1, 1]"
/home/huy/Documents/de_tai_tot_nghiep/Drone Thermal.v4i.voc/imgs/0_60_30_0_06443_jpg.rf.7db8c1f3c8ee450ffe45289f97005907.jpg,[],[]
/home/huy/Documents/de_tai_tot_nghiep/Drone Thermal.v4i.voc/imgs/1_60_70_0_00607_jpg.rf.b6a1bf6e95279a50a5d428c1b753d08f.jpg,"[[832.0, 436.0, 38, 66], [757.0, 120.0, 32, 54], [1099.0, 571.0, 44, 56], [744.0, 624.0, 34, 54], [566.0, 882.0, 50, 66], [742.0, 21.0, 30, 40]]","[1, 1, 1, 1, 1, 1]"
/home/huy/Documents/de_tai_tot_nghiep/Drone Thermal.v4i.voc/imgs/1_120_40_0_02833_jpg.rf.30bd124b4905ab2f4a6f4ba428117eac.jpg,"[[255.0, 686.0, 16, 22], [300.0, 639.0, 14, 32], [276.0, 669.0, 14, 40], [300.0, 676.0, 14, 30], [318.0, 636.0, 14, 34], [367.0, 656.0, 12, 26], [362.0, 691.0, 18, 32], [272.0, 458.0, 14, 26], [235.0, 470.0, 16, 26], [241.0, 455.0, 12, 20], [254.0, 467.0, 14, 24], [1216.0, 164.0, 18, 26], [1108.0, 145.0, 18, 32]]","[1, 1, 1, 1, 1, 1, 1, 1, 1, 1, 1, 1, 1]"
/home/huy/Documents/de_tai_tot_nghiep/Drone Thermal.v4i.voc/imgs/1_70_40_0_07631_jpg.rf.d2672818151548ae919ee4faa5dd1a3f.jpg,"[[142.0, 332.0, 18, 50], [146.0, 317.0, 18, 48]]","[1, 1]"
/home/huy/Documents/de_tai_tot_nghiep/Drone Thermal.v4i.voc/imgs/1_80_70_0_08722_jpg.rf.bfc6fcec27199d73a97aee48ac597c10.jpg,[],[]
/home/huy/Documents/de_tai_tot_nghiep/Drone Thermal.v4i.voc/imgs/1_60_80_0_00657_jpg.rf.0a0e1329a52e85fb28205dc89dc02ee4.jpg,"[[733.0, 352.0, 68, 54], [114.0, 640.0, 42, 38], [772.0, 485.0, 38, 44], [792.0, 642.0, 34, 54], [916.0, 556.0, 54, 58], [959.0, 562.0, 32, 46], [55.0, 699.0, 32, 40], [36.0, 737.0, 34, 36], [8.0, 722.0, 14, 34], [91.0, 749.0, 28, 28], [62.0, 746.0, 34, 30], [147.0, 895.0, 28, 28], [116.0, 923.0, 22, 32], [161.0, 950.0, 52, 34], [38.0, 894.0, 34, 30], [89.0, 949.0, 24, 32], [121.0, 952.0, 20, 26], [13.0, 990.0, 24, 34], [7.0, 904.0, 12, 22], [635.0, 707.0, 28, 40], [669.0, 721.0, 32, 48], [1012.0, 731.0, 38, 40], [827.0, 808.0, 28, 34], [879.0, 829.0, 28, 36], [1031.0, 852.0, 32, 38], [810.0, 1007.0, 38, 32]]","[1, 1, 1, 1, 1, 1, 1, 1, 1, 1, 1, 1, 1, 1, 1, 1, 1, 1, 1, 1, 1, 1, 1, 1, 1, 1]"
/home/huy/Documents/de_tai_tot_nghiep/Drone Thermal.v4i.voc/imgs/1_80_60_0_08682_jpg.rf.1d9ce84956427df4f562f3b83dd75ff9.jpg,[],[]
/home/huy/Documents/de_tai_tot_nghiep/Drone Thermal.v4i.voc/imgs/1_60_60_0_00529_jpg.rf.81742d99321f0ec23fb46a38ab33735e.jpg,"[[987.0, 318.0, 28, 70], [1072.0, 219.0, 38, 72], [800.0, 554.0, 38, 58], [1081.0, 472.0, 28, 54], [464.0, 882.0, 26, 54], [908.0, 848.0, 22, 62], [927.0, 850.0, 16, 58], [955.0, 845.0, 36, 68]]","[1, 1, 1, 1, 1, 1, 1, 1]"
/home/huy/Documents/de_tai_tot_nghiep/Drone Thermal.v4i.voc/imgs/1_60_60_0_00491_jpg.rf.ed0c5e8dcf47f5cce7d81f41827278c7.jpg,"[[650.0, 376.0, 26, 58], [610.0, 876.0, 34, 62], [880.0, 419.0, 30, 56], [909.0, 442.0, 32, 50]]","[1, 1, 1, 1]"
/home/huy/Documents/de_tai_tot_nghiep/Drone Thermal.v4i.voc/imgs/0_100_40_0_03347_jpg.rf.4f6b18a9461485dfdcb8de4b5667e8fd.jpg,"[[155.0, 110.0, 20, 34], [769.0, 193.0, 20, 40], [537.0, 339.0, 20, 44], [820.0, 504.0, 18, 46]]","[1, 1, 1, 1]"
/home/huy/Documents/de_tai_tot_nghiep/Drone Thermal.v4i.voc/imgs/1_60_60_0_00422_jpg.rf.f20bb53644726eeabbf9bc7c3d20e627.jpg,"[[788.0, 566.0, 38, 70]]",[1]
/home/huy/Documents/de_tai_tot_nghiep/Drone Thermal.v4i.voc/imgs/1_60_30_0_00027_jpg.rf.10671142f5fe574a17d3c53015cdbf6b.jpg,"[[15.0, 158.0, 24, 38], [356.0, 176.0, 14, 34], [383.0, 175.0, 16, 32], [568.0, 109.0, 18, 40], [478.0, 272.0, 18, 38], [472.0, 309.0, 22, 36], [578.0, 473.0, 18, 40], [313.0, 964.0, 24, 46], [1060.0, 606.0, 22, 42], [870.0, 631.0, 18, 40], [945.0, 610.0, 12, 38], [969.0, 605.0, 12, 40], [956.0, 607.0, 10, 40], [999.0, 515.0, 20, 40], [682.0, 540.0, 18, 38], [778.0, 503.0, 18, 44], [634.0, 400.0, 18, 38], [761.0, 401.0, 12, 32], [872.0, 362.0, 14, 34], [1077.0, 27.0, 16, 36], [1092.0, 30.0, 14, 34], [1135.0, 40.0, 20, 42], [1163.0, 32.0, 16, 34], [1176.0, 17.0, 18, 32]]","[1, 1, 1, 1, 1, 1, 1, 1, 1, 1, 1, 1, 1, 1, 1, 1, 1, 1, 1, 1, 1, 1, 1, 1]"
/home/huy/Documents/de_tai_tot_nghiep/Drone Thermal.v4i.voc/imgs/1_110_90_0_09257_jpg.rf.b8d879c7fad259f45cddacb3ac2c01c5.jpg,[],[]
/home/huy/Documents/de_tai_tot_nghiep/Drone Thermal.v4i.voc/imgs/0_120_80_0_09623_jpg.rf.fc0c3919267147bd93e96ece455e01c7.jpg,[],[]
/home/huy/Documents/de_tai_tot_nghiep/Drone Thermal.v4i.voc/imgs/1_130_80_0_04019_jpg.rf.0d5d7d97d6d78fbe8897a86e4e6c24c8.jpg,"[[504.0, 320.0, 18, 22], [633.0, 237.0, 24, 32], [602.0, 295.0, 26, 32], [546.0, 317.0, 18, 28], [646.0, 329.0, 22, 32], [637.0, 357.0, 16, 20]]","[1, 1, 1, 1, 1, 1]"
/home/huy/Documents/de_tai_tot_nghiep/Drone Thermal.v4i.voc/imgs/1_130_30_0_09976_jpg.rf.e8686cbd11e0a4d58d1311c99c4d54e5.jpg,[],[]
/home/huy/Documents/de_tai_tot_nghiep/Drone Thermal.v4i.voc/imgs/1_130_60_0_07254_jpg.rf.2abaf8a944d4b472c693a2887ab59d30.jpg,[],[]
/home/huy/Documents/de_tai_tot_nghiep/Drone Thermal.v4i.voc/imgs/1_60_60_0_07445_jpg.rf.f0b996cac9f69cb42ea19e1eab27cd95.jpg,[],[]
/home/huy/Documents/de_tai_tot_nghiep/Drone Thermal.v4i.voc/imgs/0_60_40_0_01674_jpg.rf.0bcbb309a786b56bcf8dbd3c5af39926.jpg,"[[455.0, 610.0, 20, 38], [500.0, 651.0, 18, 48], [547.0, 581.0, 20, 48], [796.0, 393.0, 18, 36], [759.0, 785.0, 28, 48], [358.0, 921.0, 22, 40], [1109.0, 419.0, 16, 52], [1015.0, 397.0, 20, 52], [845.0, 424.0, 20, 38], [883.0, 361.0, 20, 44]]","[1, 1, 1, 1, 1, 1, 1, 1, 1, 1]"
/home/huy/Documents/de_tai_tot_nghiep/Drone Thermal.v4i.voc/imgs/1_120_80_0_03000_jpg.rf.2d4fb2a32c125f1c2281c97860b76f97.jpg,"[[503.0, 199.0, 20, 32], [448.0, 234.0, 26, 22], [423.0, 261.0, 16, 28], [454.0, 273.0, 22, 36], [414.0, 288.0, 22, 22], [413.0, 330.0, 16, 22], [431.0, 344.0, 16, 30], [508.0, 409.0, 18, 28]]","[1, 1, 1, 1, 1, 1, 1, 1]"
/home/huy/Documents/de_tai_tot_nghiep/Drone Thermal.v4i.voc/imgs/1_100_70_0_05249_jpg.rf.0311466abbafc68e464141addf83fb94.jpg,[],[]
/home/huy/Documents/de_tai_tot_nghiep/Drone Thermal.v4i.voc/imgs/1_60_50_0_00365_jpg.rf.e46fa1d25125a775cd710ff76fa3258f.jpg,"[[536.0, 185.0, 38, 68], [932.0, 269.0, 34, 52], [1001.0, 383.0, 36, 56], [945.0, 871.0, 36, 52]]","[1, 1, 1, 1]"
/home/huy/Documents/de_tai_tot_nghiep/Drone Thermal.v4i.voc/imgs/0_120_60_0_05439_jpg.rf.45bf80167a4e125f3f49660acf2539cc.jpg,[],[]
/home/huy/Documents/de_tai_tot_nghiep/Drone Thermal.v4i.voc/imgs/1_100_70_0_02441_jpg.rf.c442a24c55c98b293112621b8d445f65.jpg,"[[635.0, 221.0, 20, 32], [594.0, 241.0, 30, 40], [548.0, 229.0, 30, 36], [602.0, 170.0, 22, 42], [563.0, 156.0, 24, 46], [525.0, 167.0, 28, 44], [544.0, 189.0, 26, 40]]","[1, 1, 1, 1, 1, 1, 1]"
/home/huy/Documents/de_tai_tot_nghiep/Drone Thermal.v4i.voc/imgs/0_110_30_0_03563_jpg.rf.e9d02f383a645269827ae2d99e3d3bfd.jpg,"[[541.0, 466.0, 16, 38], [86.0, 839.0, 14, 36], [52.0, 857.0, 18, 32]]","[1, 1, 1]"
/home/huy/Documents/de_tai_tot_nghiep/Drone Thermal.v4i.voc/imgs/1_120_80_0_02997_jpg.rf.953feb9e49d0dbb2f150910043a1c527.jpg,"[[452.0, 729.0, 22, 24], [417.0, 803.0, 24, 20], [371.0, 814.0, 16, 22], [395.0, 828.0, 16, 26], [382.0, 845.0, 18, 24], [391.0, 871.0, 16, 24], [368.0, 900.0, 30, 22], [491.0, 874.0, 16, 22]]","[1, 1, 1, 1, 1, 1, 1, 1]"
/home/huy/Documents/de_tai_tot_nghiep/Drone Thermal.v4i.voc/imgs/0_120_30_0_05324_jpg.rf.74c123dc6de4df1af67fea9372d38eb5.jpg,[],[]
/home/huy/Documents/de_tai_tot_nghiep/Drone Thermal.v4i.voc/imgs/1_60_60_0_00486_jpg.rf.48b25aaa7b5512864e4822e55feb7b2b.jpg,"[[797.0, 401.0, 32, 52], [524.0, 854.0, 38, 70], [936.0, 461.0, 22, 48]]","[1, 1, 1]"
/home/huy/Documents/de_tai_tot_nghiep/Drone Thermal.v4i.voc/imgs/0_120_60_0_09559_jpg.rf.f6bfc8e1d58b9124e1847d96aad9ef7d.jpg,[],[]
/home/huy/Documents/de_tai_tot_nghiep/Drone Thermal.v4i.voc/imgs/1_60_60_0_00408_jpg.rf.f91ecded04d14c8f45f2153a93f05b84.jpg,"[[590.0, 697.0, 34, 60], [901.0, 732.0, 28, 66], [1085.0, 459.0, 32, 48], [680.0, 877.0, 34, 52], [813.0, 996.0, 36, 54]]","[1, 1, 1, 1, 1]"
/home/huy/Documents/de_tai_tot_nghiep/Drone Thermal.v4i.voc/imgs/0_70_70_0_06837_jpg.rf.71ea7732c93f8f3d4dbd73861ad3afb2.jpg,"[[85.0, 759.0, 32, 52]]",[1]
/home/huy/Documents/de_tai_tot_nghiep/Drone Thermal.v4i.voc/imgs/1_90_60_0_01510_jpg.rf.ff49da68faa3e159019c5dc33a11d952.jpg,"[[644.0, 396.0, 30, 50], [667.0, 408.0, 28, 42], [583.0, 425.0, 36, 44], [614.0, 430.0, 26, 42], [638.0, 450.0, 26, 26], [637.0, 485.0, 28, 44], [713.0, 508.0, 20, 42], [746.0, 516.0, 34, 46], [788.0, 937.0, 30, 40], [749.0, 943.0, 20, 32], [743.0, 987.0, 24, 40]]","[1, 1, 1, 1, 1, 1, 1, 1, 1, 1, 1]"
/home/huy/Documents/de_tai_tot_nghiep/Drone Thermal.v4i.voc/imgs/1_130_60_0_03942_jpg.rf.7b4c87af8817e7916f50da9205f79af7.jpg,"[[184.0, 123.0, 18, 36], [363.0, 18.0, 20, 30], [214.0, 221.0, 18, 28], [634.0, 115.0, 22, 36], [359.0, 821.0, 20, 32], [407.0, 822.0, 24, 34], [469.0, 837.0, 20, 32], [448.0, 887.0, 22, 36], [504.0, 817.0, 14, 32], [522.0, 830.0, 14, 26]]","[1, 1, 1, 1, 1, 1, 1, 1, 1, 1]"
/home/huy/Documents/de_tai_tot_nghiep/Drone Thermal.v4i.voc/imgs/1_130_60_0_10048_jpg.rf.3285ee927b902520d45688e8044f6e68.jpg,[],[]
/home/huy/Documents/de_tai_tot_nghiep/Drone Thermal.v4i.voc/imgs/0_100_30_0_03301_jpg.rf.616c7e1cfcab1736768b61133548eec7.jpg,"[[826.0, 823.0, 18, 36], [847.0, 596.0, 16, 30], [506.0, 642.0, 18, 38], [760.0, 272.0, 18, 30], [241.0, 565.0, 12, 28], [890.0, 436.0, 18, 26]]","[1, 1, 1, 1, 1, 1]"
/home/huy/Documents/de_tai_tot_nghiep/Drone Thermal.v4i.voc/imgs/1_70_50_0_04389_jpg.rf.58ff1e44c2ff456b925cb25ea674b472.jpg,[],[]
/home/huy/Documents/de_tai_tot_nghiep/Drone Thermal.v4i.voc/imgs/0_70_90_0_06875_jpg.rf.d3ae51365b952253429c67af87700ac0.jpg,"[[676.0, 870.0, 46, 66]]",[1]
/home/huy/Documents/de_tai_tot_nghiep/Drone Thermal.v4i.voc/imgs/1_60_40_0_07403_jpg.rf.0f25915ac9d54736fb7605b92d80d0eb.jpg,[],[]
/home/huy/Documents/de_tai_tot_nghiep/Drone Thermal.v4i.voc/imgs/0_100_30_0_03294_jpg.rf.d08c827d76fa3d2eed65df97238d361e.jpg,"[[268.0, 669.0, 18, 36], [642.0, 824.0, 18, 34]]","[1, 1]"
/home/huy/Documents/de_tai_tot_nghiep/Drone Thermal.v4i.voc/imgs/1_60_60_0_00447_jpg.rf.4706987a34f106391ec23a105bd0166c.jpg,"[[935.0, 583.0, 28, 48], [572.0, 739.0, 30, 52], [957.0, 351.0, 36, 56], [1179.0, 492.0, 28, 50], [1031.0, 650.0, 20, 46], [1051.0, 658.0, 28, 50], [1078.0, 657.0, 38, 56]]","[1, 1, 1, 1, 1, 1, 1]"
/home/huy/Documents/de_tai_tot_nghiep/Drone Thermal.v4i.voc/imgs/1_80_50_0_08641_jpg.rf.ae1e6ffc0846367e87fdeed9d4a56407.jpg,"[[928.0, 853.0, 30, 48], [911.0, 815.0, 20, 36]]","[1, 1]"
/home/huy/Documents/de_tai_tot_nghiep/Drone Thermal.v4i.voc/imgs/1_60_70_0_00562_jpg.rf.33847e948f4010f0f38b16b9042d255b.jpg,"[[686.0, 712.0, 42, 54], [996.0, 12.0, 26, 22]]","[1, 1]"
/home/huy/Documents/de_tai_tot_nghiep/Drone Thermal.v4i.voc/imgs/0_80_90_0_07116_jpg.rf.220bd681f87a6c98505c9e6c18b0dcac.jpg,"[[930.0, 733.0, 54, 56], [617.0, 961.0, 40, 32]]","[1, 1]"
/home/huy/Documents/de_tai_tot_nghiep/Drone Thermal.v4i.voc/imgs/0_60_90_0_06669_jpg.rf.438709ceaedd6e2a854b8bbe8cd102b4.jpg,[],[]
/home/huy/Documents/de_tai_tot_nghiep/Drone Thermal.v4i.voc/imgs/0_120_90_0_05540_jpg.rf.c9507cefe7e7755e37044c53091d2fe6.jpg,[],[]
/home/huy/Documents/de_tai_tot_nghiep/Drone Thermal.v4i.voc/imgs/0_60_30_0_01621_jpg.rf.f6295f26a2734f5660fd5a2fe5eb8de8.jpg,"[[379.0, 738.0, 16, 50], [414.0, 766.0, 14, 38], [434.0, 804.0, 18, 54], [461.0, 809.0, 20, 52], [524.0, 808.0, 18, 50], [536.0, 807.0, 14, 40], [772.0, 638.0, 18, 54], [803.0, 619.0, 16, 48], [838.0, 634.0, 14, 38], [856.0, 632.0, 14, 38], [734.0, 638.0, 22, 30], [564.0, 840.0, 18, 50]]","[1, 1, 1, 1, 1, 1, 1, 1, 1, 1, 1, 1]"
/home/huy/Documents/de_tai_tot_nghiep/Drone Thermal.v4i.voc/imgs/1_80_50_0_04674_jpg.rf.c3d699ebd96de2d3b6467966ed34b6a9.jpg,"[[559.0, 952.0, 24, 34]]",[1]
/home/huy/Documents/de_tai_tot_nghiep/Drone Thermal.v4i.voc/imgs/1_110_40_0_09063_jpg.rf.e7c10b722a524a69cf56cf3c5932fd63.jpg,[],[]
/home/huy/Documents/de_tai_tot_nghiep/Drone Thermal.v4i.voc/imgs/1_60_80_0_00720_jpg.rf.7dcabb472aaf7bd4b3f05761b11baec5.jpg,"[[1001.0, 122.0, 28, 30], [982.0, 235.0, 34, 36], [1007.0, 293.0, 32, 32], [868.0, 60.0, 22, 46], [867.0, 129.0, 44, 48], [836.0, 93.0, 54, 48], [598.0, 358.0, 46, 38], [127.0, 433.0, 32, 32], [173.0, 503.0, 32, 36], [334.0, 578.0, 34, 38], [492.0, 665.0, 30, 36], [277.0, 609.0, 32, 24], [206.0, 582.0, 30, 30], [32.0, 582.0, 38, 34], [137.0, 675.0, 44, 36], [277.0, 682.0, 32, 30], [343.0, 688.0, 32, 38], [243.0, 742.0, 32, 38], [579.0, 917.0, 44, 36]]","[1, 1, 1, 1, 1, 1, 1, 1, 1, 1, 1, 1, 1, 1, 1, 1, 1, 1, 1]"
/home/huy/Documents/de_tai_tot_nghiep/Drone Thermal.v4i.voc/imgs/1_90_70_0_08927_jpg.rf.84110d9b76a3a93347ccf31a23b98ebf.jpg,[],[]
/home/huy/Documents/de_tai_tot_nghiep/Drone Thermal.v4i.voc/imgs/1_130_70_0_07261_jpg.rf.d125f10e6e2319e0b402900c206aaed3.jpg,[],[]
/home/huy/Documents/de_tai_tot_nghiep/Drone Thermal.v4i.voc/imgs/1_70_40_0_00930_jpg.rf.6af2d53943da585b58ed4cd72a2758ce.jpg,"[[530.0, 904.0, 18, 38]]",[1]
/home/huy/Documents/de_tai_tot_nghiep/Drone Thermal.v4i.voc/imgs/1_90_50_0_04940_jpg.rf.a3ac15561c4654b1076de7e2d8666918.jpg,[],[]
/home/huy/Documents/de_tai_tot_nghiep/Drone Thermal.v4i.voc/imgs/0_70_60_0_06801_jpg.rf.d2347b34a5c28227926ca1a007f91529.jpg,[],[]
/home/huy/Documents/de_tai_tot_nghiep/Drone Thermal.v4i.voc/imgs/0_110_70_0_03707_jpg.rf.1188ab08b979acc4a3e52cb5efce711d.jpg,"[[804.0, 593.0, 22, 40], [633.0, 139.0, 16, 28], [706.0, 37.0, 18, 28], [658.0, 92.0, 14, 30], [751.0, 36.0, 24, 38], [755.0, 130.0, 20, 30]]","[1, 1, 1, 1, 1, 1]"
/home/huy/Documents/de_tai_tot_nghiep/Drone Thermal.v4i.voc/imgs/1_120_60_0_09372_jpg.rf.2908949551496bab736c0c076bd4455c.jpg,"[[510.0, 374.0, 18, 34], [532.0, 375.0, 14, 32], [549.0, 367.0, 16, 28], [573.0, 362.0, 20, 38], [518.0, 132.0, 14, 34], [531.0, 122.0, 12, 34], [550.0, 127.0, 18, 36], [568.0, 128.0, 18, 38]]","[1, 1, 1, 1, 1, 1, 1, 1]"
/home/huy/Documents/de_tai_tot_nghiep/Drone Thermal.v4i.voc/imgs/1_60_50_0_00380_jpg.rf.03048c65311e80262d96803d392437ae.jpg,"[[862.0, 648.0, 30, 58], [1022.0, 795.0, 46, 68], [971.0, 124.0, 56, 50]]","[1, 1, 1]"
/home/huy/Documents/de_tai_tot_nghiep/Drone Thermal.v4i.voc/imgs/1_100_60_0_06317_jpg.rf.c8d83fcc760f5f2b55988bc10065c041.jpg,"[[496.0, 926.0, 34, 46]]",[1]
/home/huy/Documents/de_tai_tot_nghiep/Drone Thermal.v4i.voc/imgs/0_120_30_0_09449_jpg.rf.08c2583f326032dd39bafc4ddc2b9e40.jpg,[],[]
/home/huy/Documents/de_tai_tot_nghiep/Drone Thermal.v4i.voc/imgs/1_130_60_0_03952_jpg.rf.eebcf2fdc22bd06fab3443c3f7a4c629.jpg,"[[369.0, 1011.0, 28, 28], [174.0, 300.0, 18, 30], [288.0, 306.0, 18, 34], [294.0, 186.0, 26, 34], [663.0, 306.0, 16, 26], [884.0, 143.0, 22, 32], [906.0, 99.0, 18, 36], [939.0, 90.0, 16, 34], [955.0, 62.0, 20, 30], [907.0, 52.0, 20, 30], [914.0, 26.0, 18, 34]]","[1, 1, 1, 1, 1, 1, 1, 1, 1, 1, 1]"
/home/huy/Documents/de_tai_tot_nghiep/Drone Thermal.v4i.voc/imgs/1_60_30_0_00138_jpg.rf.adec4c36cdaf038ca1c7d821528af15e.jpg,"[[238.0, 129.0, 26, 36], [405.0, 454.0, 20, 42], [353.0, 482.0, 20, 42], [397.0, 503.0, 20, 40], [795.0, 292.0, 16, 34], [842.0, 289.0, 18, 40], [947.0, 261.0, 20, 40], [1165.0, 266.0, 16, 38], [1145.0, 288.0, 16, 34], [1227.0, 396.0, 16, 38], [1226.0, 643.0, 18, 48], [1256.0, 1009.0, 22, 32]]","[1, 1, 1, 1, 1, 1, 1, 1, 1, 1, 1, 1]"
/home/huy/Documents/de_tai_tot_nghiep/Drone Thermal.v4i.voc/imgs/1_130_70_0_03991_jpg.rf.6250646cca4b836144f552295a930572.jpg,"[[456.0, 546.0, 22, 34], [532.0, 583.0, 22, 24], [580.0, 564.0, 18, 30], [599.0, 535.0, 16, 28], [551.0, 459.0, 20, 28], [668.0, 467.0, 18, 32]]","[1, 1, 1, 1, 1, 1]"
/home/huy/Documents/de_tai_tot_nghiep/Drone Thermal.v4i.voc/imgs/0_60_90_0_01813_jpg.rf.a7dcfd045d837037a2103972deaa9141.jpg,"[[780.0, 423.0, 26, 36], [814.0, 163.0, 26, 40], [609.0, 24.0, 20, 34], [301.0, 271.0, 28, 48], [379.0, 169.0, 28, 44], [408.0, 70.0, 26, 42]]","[1, 1, 1, 1, 1, 1]"
/home/huy/Documents/de_tai_tot_nghiep/Drone Thermal.v4i.voc/imgs/1_60_80_0_00675_jpg.rf.a697ee17018b7719010479d54c7b313b.jpg,"[[617.0, 531.0, 48, 40], [432.0, 531.0, 30, 32], [537.0, 521.0, 32, 48], [497.0, 542.0, 24, 38], [623.0, 571.0, 48, 28], [715.0, 612.0, 44, 38], [501.0, 601.0, 36, 36], [395.0, 716.0, 24, 42], [811.0, 705.0, 52, 48], [566.0, 749.0, 30, 32], [620.0, 752.0, 34, 30], [362.0, 849.0, 30, 36], [1158.0, 146.0, 42, 54], [1208.0, 150.0, 50, 50], [1249.0, 557.0, 60, 72]]","[1, 1, 1, 1, 1, 1, 1, 1, 1, 1, 1, 1, 1, 1, 1]"
/home/huy/Documents/de_tai_tot_nghiep/Drone Thermal.v4i.voc/imgs/1_80_60_0_08677_jpg.rf.f39c325a86d6ee88b7d2306959be1267.jpg,[],[]
/home/huy/Documents/de_tai_tot_nghiep/Drone Thermal.v4i.voc/imgs/1_60_70_0_04208_jpg.rf.dd00fe52c289d7001f96ba117da9ff7d.jpg,[],[]
/home/huy/Documents/de_tai_tot_nghiep/Drone Thermal.v4i.voc/imgs/1_60_90_0_04277_jpg.rf.de277168601d7add6387d5e328e99a68.jpg,[],[]
/home/huy/Documents/de_tai_tot_nghiep/Drone Thermal.v4i.voc/imgs/0_70_50_0_01945_jpg.rf.818879023399bfc42a43d7e69b436fbe.jpg,"[[578.0, 173.0, 34, 60], [466.0, 122.0, 38, 54], [484.0, 161.0, 30, 56], [524.0, 267.0, 30, 56], [399.0, 254.0, 32, 50], [662.0, 298.0, 26, 50], [652.0, 433.0, 34, 52], [805.0, 508.0, 32, 50], [978.0, 130.0, 38, 50], [91.0, 772.0, 36, 50], [1085.0, 97.0, 36, 44], [952.0, 12.0, 22, 22]]","[1, 1, 1, 1, 1, 1, 1, 1, 1, 1, 1, 1]"
/home/huy/Documents/de_tai_tot_nghiep/Drone Thermal.v4i.voc/imgs/0_80_90_0_07104_jpg.rf.c6d68b76747a9a8c83a3bebe8307ebc7.jpg,"[[475.0, 164.0, 56, 62], [834.0, 291.0, 58, 56], [1045.0, 177.0, 52, 48]]","[1, 1, 1]"
/home/huy/Documents/de_tai_tot_nghiep/Drone Thermal.v4i.voc/imgs/1_60_30_0_00035_jpg.rf.6f6b1f0370846160617b40515fca667e.jpg,"[[497.0, 221.0, 20, 40], [419.0, 511.0, 16, 40], [391.0, 477.0, 12, 32], [376.0, 507.0, 18, 40], [595.0, 735.0, 20, 48], [423.0, 772.0, 16, 46], [409.0, 796.0, 16, 42], [828.0, 124.0, 18, 34], [765.0, 160.0, 16, 34]]","[1, 1, 1, 1, 1, 1, 1, 1, 1]"
/home/huy/Documents/de_tai_tot_nghiep/Drone Thermal.v4i.voc/imgs/0_100_40_0_08123_jpg.rf.1c0f18b93d2109761bcabbdc1f3f0d2e.jpg,[],[]
/home/huy/Documents/de_tai_tot_nghiep/Drone Thermal.v4i.voc/imgs/1_110_90_0_05944_jpg.rf.4e5dfa4b81bc0187cf9c3e462fbd7a42.jpg,"[[934.0, 166.0, 30, 50], [1059.0, 1011.0, 24, 20]]","[1, 1]"
/home/huy/Documents/de_tai_tot_nghiep/Drone Thermal.v4i.voc/imgs/1_130_30_0_07135_jpg.rf.50827dabffbc111a1e48c9fdfeb136c3.jpg,[],[]
/home/huy/Documents/de_tai_tot_nghiep/Drone Thermal.v4i.voc/imgs/0_120_50_0_05388_jpg.rf.aa2c9495fa01ccffa0b307f32826fbde.jpg,[],[]
/home/huy/Documents/de_tai_tot_nghiep/Drone Thermal.v4i.voc/imgs/1_120_70_0_02933_jpg.rf.e2c8082c8fd65db1403312b642eafadb.jpg,"[[390.0, 127.0, 22, 36], [422.0, 91.0, 18, 36], [489.0, 47.0, 32, 28], [541.0, 111.0, 20, 36], [563.0, 151.0, 20, 32], [466.0, 131.0, 22, 40], [423.0, 145.0, 16, 32], [435.0, 165.0, 16, 32]]","[1, 1, 1, 1, 1, 1, 1, 1]"
/home/huy/Documents/de_tai_tot_nghiep/Drone Thermal.v4i.voc/imgs/1_60_30_0_04091_jpg.rf.57404391d305455065bd64c0cf31179c.jpg,[],[]
/home/huy/Documents/de_tai_tot_nghiep/Drone Thermal.v4i.voc/imgs/0_70_50_0_06771_jpg.rf.2cf182fc20e0fdf7937a48fd8c8489f8.jpg,"[[564.0, 392.0, 34, 66], [592.0, 549.0, 38, 60], [1104.0, 973.0, 38, 60]]","[1, 1, 1]"
/home/huy/Documents/de_tai_tot_nghiep/Drone Thermal.v4i.voc/imgs/1_60_70_0_00560_jpg.rf.fec167a17df0d4f7dd4888912066ce0f.jpg,"[[910.0, 146.0, 54, 66], [674.0, 808.0, 38, 46]]","[1, 1]"
/home/huy/Documents/de_tai_tot_nghiep/Drone Thermal.v4i.voc/imgs/1_120_80_0_06140_jpg.rf.821245f71e25b1d00713152e5e03b313.jpg,[],[]
/home/huy/Documents/de_tai_tot_nghiep/Drone Thermal.v4i.voc/imgs/0_120_90_0_05532_jpg.rf.f830f83170cecb405099bc014f27c7b0.jpg,[],[]
/home/huy/Documents/de_tai_tot_nghiep/Drone Thermal.v4i.voc/imgs/0_120_70_0_05482_jpg.rf.ecc49d1e307c17d84f1de7f15facf2d3.jpg,[],[]
/home/huy/Documents/de_tai_tot_nghiep/Drone Thermal.v4i.voc/imgs/1_90_90_0_01599_jpg.rf.4ffce4730a2880b564c4cc42d3e685ea.jpg,"[[859.0, 390.0, 24, 22], [790.0, 384.0, 38, 38], [743.0, 359.0, 32, 28], [840.0, 506.0, 26, 38], [936.0, 548.0, 46, 34], [956.0, 466.0, 38, 34], [594.0, 402.0, 22, 22], [810.0, 563.0, 22, 20], [732.0, 551.0, 30, 24]]","[1, 1, 1, 1, 1, 1, 1, 1, 1]"
/home/huy/Documents/de_tai_tot_nghiep/Drone Thermal.v4i.voc/imgs/0_70_30_0_01857_jpg.rf.b446c6fe8e29d4b3e67c0c97b3970cc2.jpg,"[[178.0, 299.0, 22, 36], [1231.0, 157.0, 20, 28], [1266.0, 158.0, 14, 34], [359.0, 470.0, 24, 46], [394.0, 474.0, 26, 42], [438.0, 478.0, 22, 42], [462.0, 523.0, 18, 32], [502.0, 503.0, 18, 36], [493.0, 566.0, 20, 34], [681.0, 371.0, 24, 32], [770.0, 357.0, 22, 36], [947.0, 362.0, 20, 34]]","[1, 1, 1, 1, 1, 1, 1, 1, 1, 1, 1, 1]"
/home/huy/Documents/de_tai_tot_nghiep/Drone Thermal.v4i.voc/imgs/0_120_30_0_09469_jpg.rf.6b300aa93ac33c9ca4480745101bad91.jpg,[],[]
/home/huy/Documents/de_tai_tot_nghiep/Drone Thermal.v4i.voc/imgs/1_110_80_0_05909_jpg.rf.853745fa49a4c83668ee95c6433c16e0.jpg,"[[944.0, 673.0, 38, 40]]",[1]
/home/huy/Documents/de_tai_tot_nghiep/Drone Thermal.v4i.voc/imgs/1_60_50_0_00303_jpg.rf.34f4cdf17a24d6bd6e5b46b0a816c1cb.jpg,"[[108.0, 402.0, 34, 46], [357.0, 61.0, 28, 52], [888.0, 619.0, 30, 52], [988.0, 731.0, 26, 56]]","[1, 1, 1, 1]"
/home/huy/Documents/de_tai_tot_nghiep/Drone Thermal.v4i.voc/imgs/1_90_60_0_01513_jpg.rf.d9c60219054ff35c488f12b3ab237333.jpg,"[[1187.0, 178.0, 24, 38], [659.0, 365.0, 20, 40], [708.0, 407.0, 18, 44], [601.0, 434.0, 28, 38], [629.0, 431.0, 28, 36], [645.0, 466.0, 28, 42], [722.0, 502.0, 22, 38], [756.0, 513.0, 22, 40], [585.0, 529.0, 24, 44], [827.0, 875.0, 24, 36], [797.0, 899.0, 24, 40]]","[1, 1, 1, 1, 1, 1, 1, 1, 1, 1, 1]"
/home/huy/Documents/de_tai_tot_nghiep/Drone Thermal.v4i.voc/imgs/0_120_50_0_09523_jpg.rf.a53c11986c56fc79b87e4c122014d81f.jpg,[],[]
/home/huy/Documents/de_tai_tot_nghiep/Drone Thermal.v4i.voc/imgs/1_130_30_0_07142_jpg.rf.53e5496adf0d297c03f24bc61e844067.jpg,[],[]
/home/huy/Documents/de_tai_tot_nghiep/Drone Thermal.v4i.voc/imgs/0_60_40_0_01655_jpg.rf.8b17cdb218b743a646446c3f2e940f4a.jpg,"[[428.0, 562.0, 18, 50], [446.0, 642.0, 18, 54], [481.0, 672.0, 16, 54], [515.0, 772.0, 24, 38], [553.0, 679.0, 24, 48], [572.0, 649.0, 18, 44], [738.0, 738.0, 14, 50], [894.0, 369.0, 18, 52], [925.0, 324.0, 20, 42], [937.0, 418.0, 20, 38], [1098.0, 399.0, 14, 44], [1073.0, 424.0, 16, 38], [969.0, 413.0, 16, 32]]","[1, 1, 1, 1, 1, 1, 1, 1, 1, 1, 1, 1, 1]"
/home/huy/Documents/de_tai_tot_nghiep/Drone Thermal.v4i.voc/imgs/0_110_30_0_03566_jpg.rf.26b8019395d8e555cc3990c7f4c47c97.jpg,"[[95.0, 884.0, 16, 38], [81.0, 940.0, 16, 34], [533.0, 528.0, 12, 26]]","[1, 1, 1]"
/home/huy/Documents/de_tai_tot_nghiep/Drone Thermal.v4i.voc/imgs/0_130_80_0_09837_jpg.rf.806e5a9444157fed2f225568b291d32f.jpg,[],[]
/home/huy/Documents/de_tai_tot_nghiep/Drone Thermal.v4i.voc/imgs/1_70_40_0_07615_jpg.rf.e69c2eb007cedc08484b361b1035ffea.jpg,[],[]
/home/huy/Documents/de_tai_tot_nghiep/Drone Thermal.v4i.voc/imgs/0_130_40_0_09723_jpg.rf.6c6ebaecfe21839a3c83e088665d7b67.jpg,[],[]
/home/huy/Documents/de_tai_tot_nghiep/Drone Thermal.v4i.voc/imgs/0_60_40_0_01644_jpg.rf.230a18c78b5345c1552527f4b6cf5e99.jpg,"[[420.0, 552.0, 22, 54], [444.0, 638.0, 18, 58], [470.0, 662.0, 18, 50], [534.0, 646.0, 18, 58], [545.0, 748.0, 16, 50], [561.0, 672.0, 24, 70], [744.0, 749.0, 18, 64], [670.0, 783.0, 18, 56], [913.0, 372.0, 20, 46], [948.0, 321.0, 14, 40], [962.0, 399.0, 14, 44], [1000.0, 408.0, 26, 42]]","[1, 1, 1, 1, 1, 1, 1, 1, 1, 1, 1, 1]"
/home/huy/Documents/de_tai_tot_nghiep/Drone Thermal.v4i.voc/imgs/1_60_30_0_00073_jpg.rf.b43adee634dabc4225d436d2ff0d8a70.jpg,"[[512.0, 164.0, 14, 30], [326.0, 316.0, 14, 34], [301.0, 332.0, 16, 38], [323.0, 384.0, 16, 38], [361.0, 364.0, 16, 38], [510.0, 390.0, 18, 38], [341.0, 525.0, 16, 40], [475.0, 676.0, 20, 38], [487.0, 745.0, 16, 40], [311.0, 933.0, 20, 44], [282.0, 956.0, 22, 46], [1115.0, 74.0, 16, 34], [1258.0, 70.0, 18, 34]]","[1, 1, 1, 1, 1, 1, 1, 1, 1, 1, 1, 1, 1]"
/home/huy/Documents/de_tai_tot_nghiep/Drone Thermal.v4i.voc/imgs/1_60_30_0_00040_jpg.rf.961a25efb38d7ee7531b2ddfd986413d.jpg,"[[287.0, 115.0, 16, 40], [218.0, 301.0, 18, 36], [87.0, 282.0, 16, 38], [22.0, 292.0, 18, 38], [375.0, 397.0, 16, 40], [405.0, 375.0, 16, 40], [604.0, 342.0, 18, 38], [514.0, 419.0, 14, 40], [205.0, 1013.0, 24, 24], [905.0, 898.0, 20, 54], [964.0, 720.0, 22, 42], [1199.0, 635.0, 16, 40], [1183.0, 663.0, 16, 56], [774.0, 545.0, 22, 40], [851.0, 35.0, 16, 36], [829.0, 29.0, 20, 44], [1089.0, 18.0, 20, 34], [1161.0, 16.0, 16, 30], [1113.0, 12.0, 12, 22], [1209.0, 6.0, 12, 10], [976.0, 166.0, 14, 38], [1070.0, 160.0, 22, 38]]","[1, 1, 1, 1, 1, 1, 1, 1, 1, 1, 1, 1, 1, 1, 1, 1, 1, 1, 1, 1, 1, 1]"
/home/huy/Documents/de_tai_tot_nghiep/Drone Thermal.v4i.voc/imgs/0_60_60_0_06570_jpg.rf.0a939621f44e387b064aaa472a3cb444.jpg,"[[628.0, 77.0, 174, 148]]",[1]
/home/huy/Documents/de_tai_tot_nghiep/Drone Thermal.v4i.voc/imgs/0_100_60_0_03417_jpg.rf.a292ee131db64d203fe106e45810c2dc.jpg,"[[695.0, 300.0, 20, 38], [376.0, 741.0, 18, 40], [861.0, 950.0, 20, 30], [817.0, 928.0, 28, 46]]","[1, 1, 1, 1]"
/home/huy/Documents/de_tai_tot_nghiep/Drone Thermal.v4i.voc/imgs/1_80_90_0_01355_jpg.rf.b8b503c18b2dfa71ec527ceea0096c80.jpg,"[[922.0, 636.0, 26, 30], [871.0, 722.0, 60, 58], [744.0, 688.0, 46, 46], [670.0, 702.0, 58, 54], [828.0, 754.0, 30, 34], [803.0, 812.0, 40, 42], [722.0, 883.0, 46, 44]]","[1, 1, 1, 1, 1, 1, 1]"
/home/huy/Documents/de_tai_tot_nghiep/Drone Thermal.v4i.voc/imgs/0_100_30_0_08077_jpg.rf.ebfe35719c773be5be98e879be5c41e9.jpg,[],[]
/home/huy/Documents/de_tai_tot_nghiep/Drone Thermal.v4i.voc/imgs/1_80_50_0_01198_jpg.rf.863d51f33b80430ef966d0b56e0f87fc.jpg,"[[242.0, 876.0, 34, 46], [1206.0, 228.0, 26, 38], [1181.0, 310.0, 28, 46], [1145.0, 256.0, 20, 46], [1121.0, 331.0, 24, 48], [1095.0, 344.0, 24, 42], [1072.0, 315.0, 26, 44], [927.0, 265.0, 16, 24]]","[1, 1, 1, 1, 1, 1, 1, 1]"
/home/huy/Documents/de_tai_tot_nghiep/Drone Thermal.v4i.voc/imgs/0_120_60_0_05443_jpg.rf.32c5c465306d53c14a99fc7f38137883.jpg,[],[]
/home/huy/Documents/de_tai_tot_nghiep/Drone Thermal.v4i.voc/imgs/0_60_90_0_01827_jpg.rf.ab02ea8dc14e1844dccc83d01b0bc4e7.jpg,"[[189.0, 549.0, 24, 32], [317.0, 618.0, 36, 30], [295.0, 688.0, 48, 54], [295.0, 731.0, 32, 40], [319.0, 756.0, 28, 46], [574.0, 745.0, 22, 36], [416.0, 708.0, 30, 38], [901.0, 30.0, 28, 30], [928.0, 273.0, 58, 60]]","[1, 1, 1, 1, 1, 1, 1, 1, 1]"
/home/huy/Documents/de_tai_tot_nghiep/Drone Thermal.v4i.voc/imgs/1_80_40_0_04632_jpg.rf.e157380455dfb397159667627ecc3f75.jpg,"[[352.0, 743.0, 26, 44], [329.0, 714.0, 20, 38], [314.0, 775.0, 22, 44]]","[1, 1, 1]"
/home/huy/Documents/de_tai_tot_nghiep/Drone Thermal.v4i.voc/imgs/1_120_50_0_06038_jpg.rf.0c8cb8fae18cf1d7cecdf8fce4aa415d.jpg,[],[]
/home/huy/Documents/de_tai_tot_nghiep/Drone Thermal.v4i.voc/imgs/1_60_50_0_00317_jpg.rf.7db149dbe834f59730abdaeaf2e7e355.jpg,"[[158.0, 85.0, 26, 48], [620.0, 620.0, 18, 54], [460.0, 953.0, 22, 60], [405.0, 976.0, 16, 46], [692.0, 611.0, 22, 44], [702.0, 668.0, 30, 58], [952.0, 493.0, 26, 60]]","[1, 1, 1, 1, 1, 1, 1]"
/home/huy/Documents/de_tai_tot_nghiep/Drone Thermal.v4i.voc/imgs/1_60_70_0_00637_jpg.rf.f715af1de9339011996af046ba8037d5.jpg,"[[913.0, 831.0, 40, 56]]",[1]
/home/huy/Documents/de_tai_tot_nghiep/Drone Thermal.v4i.voc/imgs/1_80_30_0_08591_jpg.rf.59d4abaaf3370cfb53acc84431a09c19.jpg,[],[]
/home/huy/Documents/de_tai_tot_nghiep/Drone Thermal.v4i.voc/imgs/1_80_60_0_08709_jpg.rf.f56d0d7cc7b2b544673c0c29c6fcb2e3.jpg,[],[]
/home/huy/Documents/de_tai_tot_nghiep/Drone Thermal.v4i.voc/imgs/1_60_80_0_00713_jpg.rf.76bcee20496096974e691e7345593b11.jpg,"[[1053.0, 330.0, 44, 42], [1248.0, 68.0, 38, 54], [853.0, 114.0, 44, 46], [855.0, 43.0, 24, 44], [820.0, 79.0, 54, 44], [215.0, 298.0, 52, 34], [749.0, 311.0, 32, 32], [822.0, 373.0, 30, 44], [739.0, 365.0, 24, 32], [349.0, 512.0, 36, 50], [191.0, 464.0, 40, 34], [452.0, 615.0, 50, 52], [494.0, 632.0, 34, 34], [196.0, 567.0, 34, 36], [127.0, 616.0, 28, 42], [269.0, 656.0, 32, 38], [338.0, 675.0, 38, 40], [238.0, 715.0, 42, 32], [191.0, 806.0, 52, 38], [529.0, 832.0, 32, 46], [551.0, 867.0, 36, 40]]","[1, 1, 1, 1, 1, 1, 1, 1, 1, 1, 1, 1, 1, 1, 1, 1, 1, 1, 1, 1, 1]"
/home/huy/Documents/de_tai_tot_nghiep/Drone Thermal.v4i.voc/imgs/1_120_60_0_09355_jpg.rf.98b5e3035d2c16ed1c7ab19190dbad2c.jpg,[],[]
/home/huy/Documents/de_tai_tot_nghiep/Drone Thermal.v4i.voc/imgs/1_120_60_0_02928_jpg.rf.2c791350b322d63c5917d05251fb8cd0.jpg,"[[256.0, 13.0, 14, 24], [403.0, 9.0, 32, 16], [1100.0, 448.0, 30, 30]]","[1, 1, 1]"
/home/huy/Documents/de_tai_tot_nghiep/Drone Thermal.v4i.voc/imgs/1_60_30_0_00066_jpg.rf.b9b39dc8b4237a1928e71fb1f239c916.jpg,"[[427.0, 333.0, 12, 36], [525.0, 390.0, 16, 34], [553.0, 400.0, 20, 34], [399.0, 687.0, 16, 40], [377.0, 729.0, 16, 36], [355.0, 755.0, 12, 36], [919.0, 164.0, 16, 38]]","[1, 1, 1, 1, 1, 1, 1]"
/home/huy/Documents/de_tai_tot_nghiep/Drone Thermal.v4i.voc/imgs/1_60_60_0_07454_jpg.rf.85739afe6260e78773405c583823bf99.jpg,[],[]
/home/huy/Documents/de_tai_tot_nghiep/Drone Thermal.v4i.voc/imgs/1_90_50_0_01447_jpg.rf.0a0f26d7916d090814190142982eeae6.jpg,"[[1108.0, 169.0, 30, 44], [1106.0, 146.0, 18, 34], [1106.0, 110.0, 18, 42], [1130.0, 112.0, 18, 38], [1028.0, 118.0, 34, 50], [1035.0, 71.0, 28, 44], [1020.0, 48.0, 18, 34], [1003.0, 48.0, 20, 34], [985.0, 46.0, 20, 26], [969.0, 58.0, 20, 34]]","[1, 1, 1, 1, 1, 1, 1, 1, 1, 1]"
/home/huy/Documents/de_tai_tot_nghiep/Drone Thermal.v4i.voc/imgs/1_130_30_0_07151_jpg.rf.b998c3662a01bb14a12359ecc98ee8b6.jpg,[],[]
/home/huy/Documents/de_tai_tot_nghiep/Drone Thermal.v4i.voc/imgs/1_80_70_0_01267_jpg.rf.dbbbc6a14cb3a96a579e6b768e9848d3.jpg,"[[785.0, 35.0, 36, 44], [646.0, 38.0, 22, 34], [621.0, 44.0, 24, 38], [716.0, 95.0, 26, 40], [653.0, 107.0, 24, 44], [735.0, 157.0, 28, 40], [735.0, 210.0, 36, 50], [571.0, 579.0, 36, 52], [1037.0, 711.0, 40, 48], [982.0, 715.0, 34, 44], [888.0, 775.0, 42, 48], [984.0, 812.0, 42, 46], [1045.0, 846.0, 44, 50]]","[1, 1, 1, 1, 1, 1, 1, 1, 1, 1, 1, 1, 1]"
/home/huy/Documents/de_tai_tot_nghiep/Drone Thermal.v4i.voc/imgs/0_120_50_0_05391_jpg.rf.c957028ba72f5182c0c5c07db27f2bb0.jpg,[],[]
/home/huy/Documents/de_tai_tot_nghiep/Drone Thermal.v4i.voc/imgs/1_130_90_0_10148_jpg.rf.19bbdd364a7a3a47deb597c128ffa906.jpg,[],[]
/home/huy/Documents/de_tai_tot_nghiep/Drone Thermal.v4i.voc/imgs/1_60_50_0_00379_jpg.rf.56b6aba8d0c25c93f47e79a4835274f7.jpg,"[[809.0, 650.0, 32, 58], [972.0, 796.0, 46, 74], [898.0, 137.0, 22, 60]]","[1, 1, 1]"
/home/huy/Documents/de_tai_tot_nghiep/Drone Thermal.v4i.voc/imgs/1_60_70_0_00569_jpg.rf.5d637236d8a6f37a8536c039499e2f11.jpg,"[[794.0, 431.0, 46, 56]]",[1]
/home/huy/Documents/de_tai_tot_nghiep/Drone Thermal.v4i.voc/imgs/1_60_60_0_00523_jpg.rf.3127bbf05ddd0852f277c20f622a3e2a.jpg,"[[747.0, 170.0, 24, 70], [618.0, 442.0, 26, 66], [821.0, 477.0, 24, 56], [793.0, 564.0, 16, 50]]","[1, 1, 1, 1]"
/home/huy/Documents/de_tai_tot_nghiep/Drone Thermal.v4i.voc/imgs/0_130_70_0_09822_jpg.rf.76ba7b4662fbb14027a3ef678d838bbe.jpg,[],[]
/home/huy/Documents/de_tai_tot_nghiep/Drone Thermal.v4i.voc/imgs/1_90_80_0_08986_jpg.rf.e6133086d9930a512934df5dac85c996.jpg,[],[]
/home/huy/Documents/de_tai_tot_nghiep/Drone Thermal.v4i.voc/imgs/0_60_80_0_06628_jpg.rf.bff0b72871dce4f99828e32cd9830ab6.jpg,"[[450.0, 319.0, 26, 68]]",[1]
/home/huy/Documents/de_tai_tot_nghiep/Drone Thermal.v4i.voc/imgs/1_120_60_0_06068_jpg.rf.e28dd0c8e4f70887fbbb192cf3573e1b.jpg,[],[]
/home/huy/Documents/de_tai_tot_nghiep/Drone Thermal.v4i.voc/imgs/0_100_50_0_08138_jpg.rf.e71edc7755cc2b9382e62c67c1711449.jpg,"[[626.0, 522.0, 14, 46], [634.0, 554.0, 22, 46]]","[1, 1]"
/home/huy/Documents/de_tai_tot_nghiep/Drone Thermal.v4i.voc/imgs/1_60_70_0_00578_jpg.rf.33668adef89088ac723cbba9f509dfd1.jpg,"[[968.0, 123.0, 42, 64], [809.0, 383.0, 36, 60], [593.0, 347.0, 32, 60], [42.0, 938.0, 30, 54]]","[1, 1, 1, 1]"
/home/huy/Documents/de_tai_tot_nghiep/Drone Thermal.v4i.voc/imgs/0_120_80_0_05483_jpg.rf.f5814fd44266a6f9e4427a97f5d22c1c.jpg,[],[]
/home/huy/Documents/de_tai_tot_nghiep/Drone Thermal.v4i.voc/imgs/0_80_70_0_07038_jpg.rf.8f518bf2a3ac18224428714ede14d997.jpg,[],[]
/home/huy/Documents/de_tai_tot_nghiep/Drone Thermal.v4i.voc/imgs/1_110_70_0_05891_jpg.rf.6ecb2df2cdcd7552269de681ed993eaf.jpg,"[[727.0, 270.0, 32, 42], [722.0, 323.0, 30, 44], [736.0, 316.0, 26, 34]]","[1, 1, 1]"
/home/huy/Documents/de_tai_tot_nghiep/Drone Thermal.v4i.voc/imgs/0_130_90_0_09879_jpg.rf.5af9d383e541cc46bd463e77c0ebfc96.jpg,"[[291.0, 590.0, 20, 34]]",[1]
/home/huy/Documents/de_tai_tot_nghiep/Drone Thermal.v4i.voc/imgs/0_100_90_0_08286_jpg.rf.5ce7f5fc01eb17756650adba16a236a9.jpg,[],[]
/home/huy/Documents/de_tai_tot_nghiep/Drone Thermal.v4i.voc/imgs/1_120_90_0_09431_jpg.rf.7c86706d636165ddf5ddb97033f7acae.jpg,[],[]
/home/huy/Documents/de_tai_tot_nghiep/Drone Thermal.v4i.voc/imgs/1_110_70_0_09163_jpg.rf.ebfef49ac135858477ce637216039e23.jpg,[],[]
/home/huy/Documents/de_tai_tot_nghiep/Drone Thermal.v4i.voc/imgs/1_90_50_0_01459_jpg.rf.cee0c155780691983d839d8ab837e0d1.jpg,"[[719.0, 205.0, 20, 52], [1142.0, 564.0, 22, 50], [1189.0, 627.0, 20, 44], [1202.0, 699.0, 22, 44], [1154.0, 689.0, 26, 36], [1104.0, 642.0, 30, 42], [1084.0, 641.0, 26, 36], [1067.0, 636.0, 16, 22], [1046.0, 648.0, 26, 38], [1136.0, 738.0, 22, 38]]","[1, 1, 1, 1, 1, 1, 1, 1, 1, 1]"
/home/huy/Documents/de_tai_tot_nghiep/Drone Thermal.v4i.voc/imgs/1_70_80_0_04502_jpg.rf.263aa27c957b2b4acf8f9ab70ba8090c.jpg,[],[]
/home/huy/Documents/de_tai_tot_nghiep/Drone Thermal.v4i.voc/imgs/0_60_50_0_01680_jpg.rf.36695d669662ef37a7158bace8af8bc5.jpg,"[[441.0, 690.0, 24, 50], [503.0, 608.0, 20, 38], [560.0, 681.0, 14, 52], [516.0, 714.0, 22, 46], [576.0, 754.0, 38, 62], [642.0, 628.0, 22, 42], [987.0, 304.0, 20, 38], [995.0, 370.0, 20, 38], [1008.0, 431.0, 14, 52], [1054.0, 314.0, 18, 38], [1058.0, 280.0, 14, 34], [1103.0, 400.0, 16, 54], [786.0, 769.0, 30, 48], [1256.0, 432.0, 18, 46], [1272.0, 415.0, 14, 52]]","[1, 1, 1, 1, 1, 1, 1, 1, 1, 1, 1, 1, 1, 1, 1]"
/home/huy/Documents/de_tai_tot_nghiep/Drone Thermal.v4i.voc/imgs/0_110_90_0_08557_jpg.rf.56bdd6591f464ebce8d68ac663cd3fb2.jpg,[],[]
/home/huy/Documents/de_tai_tot_nghiep/Drone Thermal.v4i.voc/imgs/1_80_80_0_01320_jpg.rf.4739659bd2c1b3f85d9c1173f481ff1c.jpg,"[[919.0, 57.0, 32, 48], [896.0, 143.0, 34, 44], [593.0, 343.0, 28, 36], [521.0, 556.0, 36, 38], [521.0, 733.0, 28, 28], [883.0, 645.0, 36, 36], [976.0, 650.0, 34, 38], [814.0, 751.0, 46, 36], [887.0, 809.0, 32, 40], [787.0, 849.0, 40, 44]]","[1, 1, 1, 1, 1, 1, 1, 1, 1, 1]"
/home/huy/Documents/de_tai_tot_nghiep/Drone Thermal.v4i.voc/imgs/1_130_50_0_03896_jpg.rf.e733350b03af987962657aefb0812d9f.jpg,"[[565.0, 253.0, 16, 28], [575.0, 270.0, 16, 26], [611.0, 295.0, 16, 32], [592.0, 314.0, 18, 26], [574.0, 320.0, 18, 26], [542.0, 306.0, 14, 34]]","[1, 1, 1, 1, 1, 1]"
/home/huy/Documents/de_tai_tot_nghiep/Drone Thermal.v4i.voc/imgs/1_60_70_0_00619_jpg.rf.122fa5a448036cf7704a5e8bf3cb690f.jpg,"[[197.0, 308.0, 36, 54]]",[1]
/home/huy/Documents/de_tai_tot_nghiep/Drone Thermal.v4i.voc/imgs/1_60_40_0_07409_jpg.rf.1e0ddd4864fb1d62527154b77b1626cb.jpg,[],[]
/home/huy/Documents/de_tai_tot_nghiep/Drone Thermal.v4i.voc/imgs/1_130_40_0_09984_jpg.rf.5803aaf35c7825e826b131db73984a17.jpg,"[[828.0, 996.0, 22, 50]]",[1]
/home/huy/Documents/de_tai_tot_nghiep/Drone Thermal.v4i.voc/imgs/0_100_30_0_03309_jpg.rf.74381a150755bec50497ae99333db7d5.jpg,"[[244.0, 311.0, 18, 36], [1130.0, 701.0, 18, 44]]","[1, 1]"
/home/huy/Documents/de_tai_tot_nghiep/Drone Thermal.v4i.voc/imgs/1_60_50_0_00367_jpg.rf.5fb620d9fd9d41e6a28c7e97c7392b14.jpg,"[[539.0, 58.0, 28, 54], [1004.0, 909.0, 34, 52], [977.0, 281.0, 32, 52], [1075.0, 389.0, 24, 48]]","[1, 1, 1, 1]"
/home/huy/Documents/de_tai_tot_nghiep/Drone Thermal.v4i.voc/imgs/1_80_80_0_01311_jpg.rf.2e7b09617d42b723557af0f8798b9bd3.jpg,"[[475.0, 430.0, 44, 46], [970.0, 481.0, 34, 36], [882.0, 581.0, 34, 44], [981.0, 603.0, 56, 56], [1028.0, 625.0, 38, 48], [825.0, 679.0, 40, 64]]","[1, 1, 1, 1, 1, 1]"
/home/huy/Documents/de_tai_tot_nghiep/Drone Thermal.v4i.voc/imgs/1_60_50_0_00383_jpg.rf.e3ef98cc1a07dd048c757538b2f829cf.jpg,"[[1150.0, 146.0, 22, 50], [1026.0, 652.0, 30, 62], [1183.0, 810.0, 44, 74]]","[1, 1, 1]"
/home/huy/Documents/de_tai_tot_nghiep/Drone Thermal.v4i.voc/imgs/1_80_70_0_08731_jpg.rf.3755f4e61aa4ab254b841a8bafae9dfd.jpg,[],[]
/home/huy/Documents/de_tai_tot_nghiep/Drone Thermal.v4i.voc/imgs/0_100_70_0_08212_jpg.rf.2a56971be0595999c4f9cd7a440313fc.jpg,[],[]
/home/huy/Documents/de_tai_tot_nghiep/Drone Thermal.v4i.voc/imgs/1_70_80_0_07751_jpg.rf.ecbd869d2acfe6b9385841feaf2115ee.jpg,[],[]
/home/huy/Documents/de_tai_tot_nghiep/Drone Thermal.v4i.voc/imgs/0_70_40_0_01887_jpg.rf.c568cd4be330fa97c0c82f5a29b2b201.jpg,"[[265.0, 396.0, 24, 42], [855.0, 482.0, 24, 38], [423.0, 671.0, 20, 36], [443.0, 686.0, 24, 46], [468.0, 711.0, 18, 32], [598.0, 747.0, 22, 32], [652.0, 852.0, 30, 46], [568.0, 891.0, 22, 36], [925.0, 533.0, 28, 36], [869.0, 610.0, 28, 46], [821.0, 472.0, 20, 38], [804.0, 541.0, 22, 24]]","[1, 1, 1, 1, 1, 1, 1, 1, 1, 1, 1, 1]"
/home/huy/Documents/de_tai_tot_nghiep/Drone Thermal.v4i.voc/imgs/1_70_80_0_04525_jpg.rf.54d240b077b23691840dffb93683ed30.jpg,[],[]
/home/huy/Documents/de_tai_tot_nghiep/Drone Thermal.v4i.voc/imgs/0_130_50_0_09748_jpg.rf.7438459cf59b261ace2c3eea33934c47.jpg,[],[]
/home/huy/Documents/de_tai_tot_nghiep/Drone Thermal.v4i.voc/imgs/0_120_40_0_05376_jpg.rf.e5a088bd7bec7f00fe249d3ad9aeb174.jpg,[],[]
/home/huy/Documents/de_tai_tot_nghiep/Drone Thermal.v4i.voc/imgs/1_120_60_0_02931_jpg.rf.e2b521710c07fda90de54d725c0ef2bd.jpg,"[[1178.0, 477.0, 30, 40], [259.0, 14.0, 20, 26], [286.0, 15.0, 22, 28], [412.0, 32.0, 30, 26], [334.0, 6.0, 14, 10]]","[1, 1, 1, 1, 1]"
/home/huy/Documents/de_tai_tot_nghiep/Drone Thermal.v4i.voc/imgs/1_60_80_0_00705_jpg.rf.140de5f69d7c232aaead1c958c494f25.jpg,"[[382.0, 445.0, 34, 48], [335.0, 429.0, 32, 36], [156.0, 487.0, 42, 44], [306.0, 565.0, 34, 40], [115.0, 574.0, 36, 46], [725.0, 440.0, 32, 38], [666.0, 524.0, 46, 50], [523.0, 476.0, 24, 34], [554.0, 507.0, 34, 32], [602.0, 528.0, 50, 50], [458.0, 617.0, 22, 24], [562.0, 679.0, 30, 40], [400.0, 776.0, 30, 34], [356.0, 756.0, 38, 30], [343.0, 783.0, 20, 24], [1246.0, 327.0, 38, 36], [961.0, 103.0, 24, 44], [955.0, 179.0, 40, 32], [1061.0, 241.0, 36, 32], [918.0, 140.0, 62, 58], [793.0, 67.0, 32, 48], [858.0, 11.0, 26, 20], [821.0, 17.0, 32, 32], [689.0, 968.0, 56, 30]]","[1, 1, 1, 1, 1, 1, 1, 1, 1, 1, 1, 1, 1, 1, 1, 1, 1, 1, 1, 1, 1, 1, 1, 1]"
/home/huy/Documents/de_tai_tot_nghiep/Drone Thermal.v4i.voc/imgs/1_60_50_0_00311_jpg.rf.e719b4f44e3bb1570e861ee4adae6c7c.jpg,"[[778.0, 277.0, 30, 52], [1020.0, 710.0, 34, 62]]","[1, 1]"
/home/huy/Documents/de_tai_tot_nghiep/Drone Thermal.v4i.voc/imgs/1_60_40_0_07381_jpg.rf.d249a020b65a06eac3db3fd284e6ff34.jpg,[],[]
/home/huy/Documents/de_tai_tot_nghiep/Drone Thermal.v4i.voc/imgs/1_60_30_0_00142_jpg.rf.b9f8975ae858f559a77d97195f50c07d.jpg,"[[100.0, 475.0, 22, 44], [36.0, 525.0, 18, 44], [101.0, 548.0, 20, 38], [989.0, 979.0, 20, 44], [1205.0, 799.0, 20, 44], [1149.0, 689.0, 20, 40], [994.0, 534.0, 18, 42], [1040.0, 445.0, 18, 32], [1160.0, 447.0, 18, 36], [867.0, 529.0, 24, 44], [1035.0, 320.0, 20, 38], [881.0, 318.0, 20, 38], [849.0, 222.0, 16, 34], [810.0, 229.0, 18, 32], [589.0, 230.0, 20, 38], [956.0, 67.0, 18, 36], [466.0, 273.0, 18, 36], [435.0, 248.0, 20, 38]]","[1, 1, 1, 1, 1, 1, 1, 1, 1, 1, 1, 1, 1, 1, 1, 1, 1, 1]"
/home/huy/Documents/de_tai_tot_nghiep/Drone Thermal.v4i.voc/imgs/0_100_80_0_08236_jpg.rf.2ba39c4d523629902f467083a4b38977.jpg,[],[]
/home/huy/Documents/de_tai_tot_nghiep/Drone Thermal.v4i.voc/imgs/1_130_50_0_07197_jpg.rf.df8bf1f91ec10ff41653baf50995731d.jpg,"[[109.0, 562.0, 20, 38], [86.0, 583.0, 18, 36], [144.0, 587.0, 22, 36]]","[1, 1, 1]"
/home/huy/Documents/de_tai_tot_nghiep/Drone Thermal.v4i.voc/imgs/1_90_50_0_01465_jpg.rf.66e6a4949966a0e9a3bc84aa2df08921.jpg,"[[419.0, 217.0, 28, 40], [947.0, 582.0, 24, 42], [1026.0, 605.0, 30, 36], [1019.0, 641.0, 28, 44], [1050.0, 693.0, 22, 48], [947.0, 659.0, 24, 32], [926.0, 658.0, 30, 38], [908.0, 658.0, 22, 26], [892.0, 669.0, 18, 32]]","[1, 1, 1, 1, 1, 1, 1, 1, 1]"
/home/huy/Documents/de_tai_tot_nghiep/Drone Thermal.v4i.voc/imgs/1_90_70_0_01517_jpg.rf.3e4f9f27b8ceea8a4937f3dd8a136f2a.jpg,"[[884.0, 511.0, 26, 40], [1041.0, 547.0, 24, 36]]","[1, 1]"
/home/huy/Documents/de_tai_tot_nghiep/Drone Thermal.v4i.voc/imgs/0_80_50_0_06976_jpg.rf.b65f6dc715a49015e4baa4731d27b6fa.jpg,[],[]
/home/huy/Documents/de_tai_tot_nghiep/Drone Thermal.v4i.voc/imgs/1_60_30_0_00087_jpg.rf.4b8f64aa8dcf6382b3fb2501c1314ee5.jpg,"[[740.0, 737.0, 18, 40], [499.0, 523.0, 12, 40], [625.0, 395.0, 16, 36], [1171.0, 95.0, 16, 36], [1169.0, 71.0, 12, 32]]","[1, 1, 1, 1, 1]"
/home/huy/Documents/de_tai_tot_nghiep/Drone Thermal.v4i.voc/imgs/1_110_90_0_02749_jpg.rf.893618ad3b83107fa46d93ca35feb265.jpg,"[[571.0, 99.0, 24, 32], [690.0, 8.0, 30, 14], [555.0, 8.0, 20, 14], [506.0, 387.0, 62, 44], [517.0, 441.0, 48, 36], [597.0, 504.0, 32, 30], [544.0, 506.0, 38, 30], [495.0, 508.0, 40, 42], [487.0, 539.0, 36, 32], [506.0, 562.0, 38, 34], [528.0, 586.0, 34, 26]]","[1, 1, 1, 1, 1, 1, 1, 1, 1, 1, 1]"
/home/huy/Documents/de_tai_tot_nghiep/Drone Thermal.v4i.voc/imgs/1_100_60_0_05188_jpg.rf.77f46d2673b66201184ce3b8995ee5b1.jpg,[],[]
/home/huy/Documents/de_tai_tot_nghiep/Drone Thermal.v4i.voc/imgs/1_80_50_0_08656_jpg.rf.12269b1846cb001d17c2de2d3fe57939.jpg,[],[]
/home/huy/Documents/de_tai_tot_nghiep/Drone Thermal.v4i.voc/imgs/0_110_60_0_08434_jpg.rf.e4c37cc32752c7f97cb9b720da05dd03.jpg,[],[]
/home/huy/Documents/de_tai_tot_nghiep/Drone Thermal.v4i.voc/imgs/0_110_90_0_03806_jpg.rf.69ab9b9bf1ecd40a9100b6135d2d53fa.jpg,"[[399.0, 709.0, 24, 32], [866.0, 306.0, 26, 38], [948.0, 106.0, 26, 22]]","[1, 1, 1]"
/home/huy/Documents/de_tai_tot_nghiep/Drone Thermal.v4i.voc/imgs/1_80_60_0_08686_jpg.rf.e875f414fbff5dcc1a22bc9865114938.jpg,"[[282.0, 289.0, 26, 56]]",[1]
/home/huy/Documents/de_tai_tot_nghiep/Drone Thermal.v4i.voc/imgs/1_130_40_0_09980_jpg.rf.dc5a33674cebae0f5974b43121a97a8b.jpg,"[[810.0, 797.0, 18, 44]]",[1]
/home/huy/Documents/de_tai_tot_nghiep/Drone Thermal.v4i.voc/imgs/1_120_70_0_09387_jpg.rf.63c2ff6071ff2a3bfa3cb599164694d3.jpg,[],[]
/home/huy/Documents/de_tai_tot_nghiep/Drone Thermal.v4i.voc/imgs/1_120_90_0_03021_jpg.rf.1bb3b905a2cbf5c2b51b1a3ade9be9f8.jpg,"[[414.0, 402.0, 18, 26], [606.0, 472.0, 18, 22], [574.0, 567.0, 22, 20], [514.0, 514.0, 18, 26], [483.0, 540.0, 16, 22], [459.0, 510.0, 16, 26], [431.0, 502.0, 20, 26], [515.0, 432.0, 24, 30]]","[1, 1, 1, 1, 1, 1, 1, 1]"
/home/huy/Documents/de_tai_tot_nghiep/Drone Thermal.v4i.voc/imgs/1_60_80_0_07506_jpg.rf.6774bc1d48239100c59159d8089a51bf.jpg,[],[]
/home/huy/Documents/de_tai_tot_nghiep/Drone Thermal.v4i.voc/imgs/1_90_90_0_01579_jpg.rf.017eefc0bd7f5487b8948367ed063821.jpg,"[[836.0, 275.0, 50, 52], [658.0, 298.0, 34, 22], [715.0, 318.0, 36, 42], [745.0, 341.0, 36, 28], [838.0, 404.0, 42, 26], [679.0, 429.0, 32, 28]]","[1, 1, 1, 1, 1, 1]"
/home/huy/Documents/de_tai_tot_nghiep/Drone Thermal.v4i.voc/imgs/0_80_80_0_02260_jpg.rf.1b13d673d238d7ce5315e52cf0cdcf8e.jpg,"[[253.0, 281.0, 28, 44], [89.0, 246.0, 20, 18], [1109.0, 25.0, 28, 44], [1189.0, 92.0, 28, 42], [1128.0, 181.0, 30, 48], [1187.0, 185.0, 32, 28], [1198.0, 204.0, 22, 30], [1233.0, 178.0, 56, 50], [917.0, 402.0, 48, 54], [911.0, 542.0, 32, 34], [829.0, 655.0, 36, 36], [986.0, 771.0, 38, 40], [840.0, 741.0, 34, 40], [799.0, 747.0, 24, 32], [796.0, 610.0, 34, 38], [708.0, 836.0, 46, 46], [947.0, 913.0, 52, 52], [907.0, 861.0, 32, 44]]","[1, 1, 1, 1, 1, 1, 1, 1, 1, 1, 1, 1, 1, 1, 1, 1, 1, 1]"
/home/huy/Documents/de_tai_tot_nghiep/Drone Thermal.v4i.voc/imgs/0_130_40_0_05609_jpg.rf.3ce565bce9fb940ff2ac3761b656f009.jpg,[],[]
/home/huy/Documents/de_tai_tot_nghiep/Drone Thermal.v4i.voc/imgs/1_100_30_0_06200_jpg.rf.323ccb448b312d36032d7d0322c94a00.jpg,"[[151.0, 155.0, 12, 24], [50.0, 861.0, 18, 44], [63.0, 865.0, 20, 40], [75.0, 869.0, 16, 36], [94.0, 853.0, 18, 36], [106.0, 853.0, 22, 40], [163.0, 856.0, 20, 34]]","[1, 1, 1, 1, 1, 1, 1]"
/home/huy/Documents/de_tai_tot_nghiep/Drone Thermal.v4i.voc/imgs/1_70_90_0_07776_jpg.rf.32df8d37f0a812244b3c958dd140806d.jpg,"[[1028.0, 830.0, 38, 58], [923.0, 840.0, 52, 66]]","[1, 1]"
/home/huy/Documents/de_tai_tot_nghiep/Drone Thermal.v4i.voc/imgs/1_130_50_0_07199_jpg.rf.9986b10a590855251c3f5c174e61816a.jpg,"[[96.0, 637.0, 18, 36], [63.0, 611.0, 20, 44], [41.0, 625.0, 20, 36]]","[1, 1, 1]"
/home/huy/Documents/de_tai_tot_nghiep/Drone Thermal.v4i.voc/imgs/0_60_30_0_01618_jpg.rf.7176aedc67e40eca2dfd9136231dce3c.jpg,"[[378.0, 689.0, 18, 48], [442.0, 722.0, 22, 46], [488.0, 780.0, 18, 50], [496.0, 746.0, 18, 34], [741.0, 581.0, 16, 48], [770.0, 589.0, 18, 52], [795.0, 605.0, 16, 44], [817.0, 582.0, 12, 42], [832.0, 573.0, 18, 40], [623.0, 775.0, 24, 40], [931.0, 618.0, 20, 54], [567.0, 775.0, 20, 40]]","[1, 1, 1, 1, 1, 1, 1, 1, 1, 1, 1, 1]"
/home/huy/Documents/de_tai_tot_nghiep/Drone Thermal.v4i.voc/imgs/1_60_50_0_04175_jpg.rf.1ac748ce12136f7e698184b319bb7de2.jpg,[],[]
/home/huy/Documents/de_tai_tot_nghiep/Drone Thermal.v4i.voc/imgs/1_100_50_0_05153_jpg.rf.416e8e9e0ba57b4504ea8bf861e1249b.jpg,[],[]
/home/huy/Documents/de_tai_tot_nghiep/Drone Thermal.v4i.voc/imgs/0_70_40_0_06745_jpg.rf.04838f59ed901d21419d2b2a87b578b9.jpg,"[[535.0, 60.0, 24, 58], [566.0, 351.0, 26, 56]]","[1, 1]"
/home/huy/Documents/de_tai_tot_nghiep/Drone Thermal.v4i.voc/imgs/1_60_30_0_00043_jpg.rf.13aa6010ed958cea45712cf74dd7cb04.jpg,"[[293.0, 120.0, 16, 38], [173.0, 288.0, 24, 38], [306.0, 349.0, 18, 40], [367.0, 354.0, 16, 38], [599.0, 349.0, 12, 36], [553.0, 472.0, 16, 38], [526.0, 484.0, 14, 42], [538.0, 478.0, 14, 38], [944.0, 1013.0, 22, 24], [987.0, 758.0, 20, 42], [845.0, 845.0, 20, 48], [1258.0, 637.0, 18, 40], [792.0, 570.0, 22, 42], [826.0, 36.0, 14, 38], [832.0, 59.0, 14, 32], [849.0, 40.0, 20, 34], [897.0, 31.0, 16, 36], [936.0, 50.0, 18, 34], [971.0, 63.0, 16, 28], [1085.0, 22.0, 16, 30], [1104.0, 9.0, 18, 16], [1132.0, 13.0, 18, 24], [1171.0, 10.0, 16, 18]]","[1, 1, 1, 1, 1, 1, 1, 1, 1, 1, 1, 1, 1, 1, 1, 1, 1, 1, 1, 1, 1, 1, 1]"
/home/huy/Documents/de_tai_tot_nghiep/Drone Thermal.v4i.voc/imgs/0_60_30_0_06445_jpg.rf.850fd062ed11db0e23f37cb2029084ed.jpg,[],[]
/home/huy/Documents/de_tai_tot_nghiep/Drone Thermal.v4i.voc/imgs/1_70_70_0_01036_jpg.rf.1daef62240b44a7574411d289396a22f.jpg,"[[305.0, 131.0, 28, 56], [239.0, 124.0, 24, 38], [1168.0, 496.0, 22, 38], [1182.0, 532.0, 34, 46], [1180.0, 392.0, 42, 46], [1236.0, 380.0, 38, 42]]","[1, 1, 1, 1, 1, 1]"
/home/huy/Documents/de_tai_tot_nghiep/Drone Thermal.v4i.voc/imgs/1_60_60_0_00449_jpg.rf.7412de6dc17504376a54e218aaaf404a.jpg,"[[1003.0, 287.0, 36, 60], [629.0, 693.0, 28, 52], [1032.0, 446.0, 34, 58], [1225.0, 499.0, 28, 44], [1082.0, 598.0, 26, 54], [1099.0, 604.0, 24, 50], [1118.0, 598.0, 38, 54]]","[1, 1, 1, 1, 1, 1, 1]"
/home/huy/Documents/de_tai_tot_nghiep/Drone Thermal.v4i.voc/imgs/1_130_40_0_03888_jpg.rf.9ed2fe61bb38339c4b527bcbc315c336.jpg,"[[348.0, 47.0, 14, 24], [423.0, 71.0, 16, 24], [358.0, 78.0, 14, 26], [474.0, 366.0, 14, 30], [507.0, 389.0, 20, 32], [527.0, 385.0, 16, 28], [531.0, 414.0, 20, 30], [647.0, 87.0, 16, 28]]","[1, 1, 1, 1, 1, 1, 1, 1]"
/home/huy/Documents/de_tai_tot_nghiep/Drone Thermal.v4i.voc/imgs/1_60_50_0_00368_jpg.rf.3950326085c12d96dc370391a63302be.jpg,"[[572.0, 12.0, 26, 22], [1031.0, 285.0, 36, 52], [1146.0, 399.0, 34, 52], [1067.0, 931.0, 32, 52]]","[1, 1, 1, 1]"
/home/huy/Documents/de_tai_tot_nghiep/Drone Thermal.v4i.voc/imgs/1_60_30_0_00132_jpg.rf.0a33b5ba5df91213d02aa7e425ec5598.jpg,"[[208.0, 170.0, 26, 34], [478.0, 452.0, 30, 34], [584.0, 558.0, 18, 46], [616.0, 567.0, 18, 44], [1249.0, 326.0, 20, 42], [1055.0, 320.0, 20, 34], [816.0, 148.0, 18, 38], [1210.0, 405.0, 18, 40]]","[1, 1, 1, 1, 1, 1, 1, 1]"
/home/huy/Documents/de_tai_tot_nghiep/Drone Thermal.v4i.voc/imgs/0_120_30_0_05319_jpg.rf.597b727f3d3bdde055d9799b0544b4ad.jpg,[],[]
/home/huy/Documents/de_tai_tot_nghiep/Drone Thermal.v4i.voc/imgs/1_120_90_0_06159_jpg.rf.4047706534f2542458eccd0ce3f93b4f.jpg,[],[]
/home/huy/Documents/de_tai_tot_nghiep/Drone Thermal.v4i.voc/imgs/1_110_60_0_09129_jpg.rf.245819238b3e76069172869eaf0d2f60.jpg,[],[]
/home/huy/Documents/de_tai_tot_nghiep/Drone Thermal.v4i.voc/imgs/1_60_50_0_00376_jpg.rf.968d6fd3fab79427dbbb56880d8cb785.jpg,"[[762.0, 602.0, 30, 62], [926.0, 742.0, 42, 74], [846.0, 90.0, 22, 62]]","[1, 1, 1]"
/home/huy/Documents/de_tai_tot_nghiep/Drone Thermal.v4i.voc/imgs/1_70_40_0_04357_jpg.rf.bf1dd3027fc042044c15790099674821.jpg,[],[]
/home/huy/Documents/de_tai_tot_nghiep/Drone Thermal.v4i.voc/imgs/0_80_80_0_02249_jpg.rf.c21e8b432026dd3617b01bd0268dcc69.jpg,"[[104.0, 31.0, 38, 40], [1153.0, 28.0, 36, 34], [1004.0, 73.0, 30, 36], [758.0, 280.0, 26, 38], [843.0, 457.0, 24, 32], [987.0, 487.0, 32, 40], [944.0, 571.0, 38, 44], [723.0, 545.0, 24, 36], [770.0, 577.0, 42, 48], [786.0, 603.0, 34, 28], [889.0, 653.0, 32, 44], [924.0, 710.0, 50, 54]]","[1, 1, 1, 1, 1, 1, 1, 1, 1, 1, 1, 1]"
/home/huy/Documents/de_tai_tot_nghiep/Drone Thermal.v4i.voc/imgs/0_100_40_0_03337_jpg.rf.b35d663e9028ac1e6d14627215d75834.jpg,"[[27.0, 555.0, 16, 36], [710.0, 560.0, 18, 38], [743.0, 610.0, 16, 38], [849.0, 931.0, 20, 48]]","[1, 1, 1, 1]"
/home/huy/Documents/de_tai_tot_nghiep/Drone Thermal.v4i.voc/imgs/0_130_30_0_05553_jpg.rf.3cabae02b76cdb161fa43d016ac8c195.jpg,[],[]
/home/huy/Documents/de_tai_tot_nghiep/Drone Thermal.v4i.voc/imgs/0_80_70_0_07061_jpg.rf.5f1ff1dd078e2a16748776a620ec6588.jpg,[],[]
/home/huy/Documents/de_tai_tot_nghiep/Drone Thermal.v4i.voc/imgs/0_100_30_0_03302_jpg.rf.cee17953b0306249336e5cbfc7d75710.jpg,"[[1209.0, 700.0, 20, 42]]",[1]
/home/huy/Documents/de_tai_tot_nghiep/Drone Thermal.v4i.voc/imgs/1_120_70_0_09381_jpg.rf.2d79779fb95db60c60f08b9898c4e011.jpg,[],[]
/home/huy/Documents/de_tai_tot_nghiep/Drone Thermal.v4i.voc/imgs/1_60_70_0_00623_jpg.rf.f9a210135c3b46d0300363f454910026.jpg,"[[372.0, 153.0, 30, 52]]",[1]
/home/huy/Documents/de_tai_tot_nghiep/Drone Thermal.v4i.voc/imgs/1_70_50_0_07642_jpg.rf.8934820fbf34ecb21d7a745cac12b451.jpg,"[[503.0, 237.0, 36, 60]]",[1]
/home/huy/Documents/de_tai_tot_nghiep/Drone Thermal.v4i.voc/imgs/0_80_50_0_06986_jpg.rf.f686b868c9a5c24113aa28d5ee67e257.jpg,[],[]
/home/huy/Documents/de_tai_tot_nghiep/Drone Thermal.v4i.voc/imgs/1_90_50_0_08881_jpg.rf.d1d7d009d2c66966e29732802a7d6801.jpg,[],[]
/home/huy/Documents/de_tai_tot_nghiep/Drone Thermal.v4i.voc/imgs/1_130_30_0_09969_jpg.rf.2172f6656e1761a966c40084234b187c.jpg,[],[]
/home/huy/Documents/de_tai_tot_nghiep/Drone Thermal.v4i.voc/imgs/1_60_60_0_00480_jpg.rf.6cd9d249ada417f43fab279b7c92d82c.jpg,"[[486.0, 44.0, 22, 50], [609.0, 346.0, 36, 50], [937.0, 461.0, 20, 40]]","[1, 1, 1]"
/home/huy/Documents/de_tai_tot_nghiep/Drone Thermal.v4i.voc/imgs/0_70_80_0_06851_jpg.rf.5e17e9523bc11b6adee6f4c2deb7a205.jpg,[],[]
/home/huy/Documents/de_tai_tot_nghiep/Drone Thermal.v4i.voc/imgs/1_60_60_0_00504_jpg.rf.7fdcaadaa0e5ad1f361e698e0fbc7da5.jpg,"[[667.0, 302.0, 28, 50], [503.0, 864.0, 24, 62], [764.0, 643.0, 30, 60], [782.0, 663.0, 22, 40], [1177.0, 349.0, 28, 56]]","[1, 1, 1, 1, 1]"
/home/huy/Documents/de_tai_tot_nghiep/Drone Thermal.v4i.voc/imgs/0_120_90_0_05516_jpg.rf.f3ada00d9910eb4f17628e6a68e06050.jpg,[],[]
/home/huy/Documents/de_tai_tot_nghiep/Drone Thermal.v4i.voc/imgs/0_120_90_0_09639_jpg.rf.e0ce6dd43c8fde7bf198f72404c7e16f.jpg,"[[838.0, 400.0, 22, 26], [888.0, 466.0, 22, 34], [691.0, 233.0, 36, 64]]","[1, 1, 1]"
/home/huy/Documents/de_tai_tot_nghiep/Drone Thermal.v4i.voc/imgs/1_60_30_0_00115_jpg.rf.745157464cc66e58a258dbbbea32c908.jpg,"[[297.0, 192.0, 20, 34], [293.0, 276.0, 20, 38], [571.0, 175.0, 24, 36], [184.0, 396.0, 18, 38], [77.0, 507.0, 20, 36], [36.0, 507.0, 22, 36], [1137.0, 632.0, 20, 46], [1056.0, 523.0, 22, 44], [918.0, 372.0, 18, 38], [1115.0, 119.0, 24, 32], [1094.0, 85.0, 18, 36], [927.0, 124.0, 20, 38]]","[1, 1, 1, 1, 1, 1, 1, 1, 1, 1, 1, 1]"
/home/huy/Documents/de_tai_tot_nghiep/Drone Thermal.v4i.voc/imgs/0_120_50_0_05400_jpg.rf.905e24f89f5fd617967eb22ec96ea314.jpg,[],[]
/home/huy/Documents/de_tai_tot_nghiep/Drone Thermal.v4i.voc/imgs/1_60_50_0_00384_jpg.rf.a4c588a004eb9fca933f950f6b9c10b4.jpg,"[[1118.0, 666.0, 34, 62], [1256.0, 160.0, 38, 58]]","[1, 1]"
/home/huy/Documents/de_tai_tot_nghiep/Drone Thermal.v4i.voc/imgs/1_130_90_0_10159_jpg.rf.7a285c5f6cae9f617a7ce24c6461dac7.jpg,[],[]
/home/huy/Documents/de_tai_tot_nghiep/Drone Thermal.v4i.voc/imgs/0_100_40_0_03336_jpg.rf.4b4602b209301fcff232b0b2561efbab.jpg,"[[767.0, 134.0, 16, 38], [522.0, 284.0, 14, 34], [564.0, 289.0, 14, 32], [820.0, 422.0, 18, 30]]","[1, 1, 1, 1]"
/home/huy/Documents/de_tai_tot_nghiep/Drone Thermal.v4i.voc/imgs/1_100_60_0_02433_jpg.rf.5db9637645260a88b1b82f0c20fda14f.jpg,"[[969.0, 411.0, 32, 48], [895.0, 412.0, 36, 46], [903.0, 461.0, 28, 44], [882.0, 456.0, 26, 42], [544.0, 819.0, 26, 40], [601.0, 838.0, 32, 42], [645.0, 853.0, 28, 40], [688.0, 870.0, 38, 34], [694.0, 895.0, 30, 48], [563.0, 874.0, 24, 38], [513.0, 843.0, 28, 44], [512.0, 913.0, 30, 44]]","[1, 1, 1, 1, 1, 1, 1, 1, 1, 1, 1, 1]"
/home/huy/Documents/de_tai_tot_nghiep/Drone Thermal.v4i.voc/imgs/0_70_60_0_01977_jpg.rf.94d3f067e1b11549996c0178fc485ccf.jpg,"[[586.0, 146.0, 46, 50], [1191.0, 150.0, 44, 54], [744.0, 221.0, 26, 44], [749.0, 279.0, 44, 52], [816.0, 326.0, 22, 34], [549.0, 507.0, 36, 48], [492.0, 647.0, 30, 32]]","[1, 1, 1, 1, 1, 1, 1]"
/home/huy/Documents/de_tai_tot_nghiep/Drone Thermal.v4i.voc/imgs/1_60_30_0_00113_jpg.rf.514a8c8debacb15b1cb0521bdf7d1304.jpg,"[[26.0, 846.0, 18, 54], [83.0, 358.0, 20, 38], [145.0, 415.0, 16, 40], [187.0, 408.0, 16, 38], [310.0, 300.0, 18, 38], [426.0, 203.0, 26, 48], [419.0, 136.0, 16, 38], [718.0, 121.0, 18, 36], [1095.0, 92.0, 16, 38], [1233.0, 88.0, 16, 34], [1247.0, 56.0, 16, 34], [1002.0, 333.0, 18, 36], [1117.0, 466.0, 20, 42], [1183.0, 548.0, 20, 42]]","[1, 1, 1, 1, 1, 1, 1, 1, 1, 1, 1, 1, 1, 1]"
/home/huy/Documents/de_tai_tot_nghiep/Drone Thermal.v4i.voc/imgs/1_60_80_0_04254_jpg.rf.52f212857c4501374ed593dd5e8b59f1.jpg,[],[]
/home/huy/Documents/de_tai_tot_nghiep/Drone Thermal.v4i.voc/imgs/1_130_90_0_07333_jpg.rf.70d6ea223a34512bcfb8dee3e48df808.jpg,[],[]
/home/huy/Documents/de_tai_tot_nghiep/Drone Thermal.v4i.voc/imgs/1_80_60_0_01246_jpg.rf.c41e73a2684bcccfecd23739130d17e2.jpg,"[[913.0, 170.0, 40, 54], [1034.0, 140.0, 42, 50], [1045.0, 154.0, 28, 26], [1040.0, 187.0, 26, 48], [1038.0, 222.0, 22, 30], [1006.0, 242.0, 46, 62], [972.0, 232.0, 34, 46], [1021.0, 311.0, 20, 52], [978.0, 306.0, 26, 46], [698.0, 674.0, 26, 42], [726.0, 775.0, 26, 44], [1069.0, 828.0, 32, 50], [1081.0, 859.0, 32, 48], [1048.0, 884.0, 30, 46], [986.0, 874.0, 34, 50], [955.0, 909.0, 40, 44]]","[1, 1, 1, 1, 1, 1, 1, 1, 1, 1, 1, 1, 1, 1, 1, 1]"
/home/huy/Documents/de_tai_tot_nghiep/Drone Thermal.v4i.voc/imgs/1_60_70_0_00621_jpg.rf.8e206227ca71b4cdeef469f68d899d42.jpg,"[[330.0, 227.0, 30, 56]]",[1]
/home/huy/Documents/de_tai_tot_nghiep/Drone Thermal.v4i.voc/imgs/1_70_50_0_00942_jpg.rf.b7d6b50e6017eb682b80b74d70f6cba5.jpg,"[[469.0, 440.0, 28, 50], [970.0, 400.0, 22, 46]]","[1, 1]"
/home/huy/Documents/de_tai_tot_nghiep/Drone Thermal.v4i.voc/imgs/1_60_80_0_00693_jpg.rf.a3b7255a1c0d69ca12f1cbdaf6df6eb6.jpg,"[[1236.0, 199.0, 42, 56], [1251.0, 55.0, 40, 60], [1180.0, 199.0, 30, 56], [745.0, 401.0, 48, 44], [725.0, 432.0, 28, 42], [492.0, 401.0, 26, 32], [525.0, 480.0, 28, 30], [649.0, 515.0, 32, 28], [640.0, 539.0, 38, 28], [557.0, 554.0, 20, 38], [582.0, 563.0, 34, 48], [767.0, 611.0, 60, 52], [845.0, 710.0, 32, 34], [661.0, 741.0, 32, 32], [596.0, 742.0, 30, 30]]","[1, 1, 1, 1, 1, 1, 1, 1, 1, 1, 1, 1, 1, 1, 1]"
/home/huy/Documents/de_tai_tot_nghiep/Drone Thermal.v4i.voc/imgs/1_60_50_0_00361_jpg.rf.25059cc19e83f6d0a11e1899ce23e8ee.jpg,"[[801.0, 252.0, 28, 50], [430.0, 390.0, 34, 58], [779.0, 827.0, 36, 60]]","[1, 1, 1]"
/home/huy/Documents/de_tai_tot_nghiep/Drone Thermal.v4i.voc/imgs/1_110_40_0_09091_jpg.rf.2aac0b55d2d43b634aed79fe64777d38.jpg,[],[]
/home/huy/Documents/de_tai_tot_nghiep/Drone Thermal.v4i.voc/imgs/0_100_30_0_03306_jpg.rf.52e3212edd3918b5fc60d469d304bf50.jpg,"[[755.0, 256.0, 16, 30], [498.0, 662.0, 18, 38], [822.0, 846.0, 14, 38], [858.0, 836.0, 18, 34], [647.0, 672.0, 16, 50], [862.0, 445.0, 18, 28], [837.0, 602.0, 20, 38]]","[1, 1, 1, 1, 1, 1, 1]"
/home/huy/Documents/de_tai_tot_nghiep/Drone Thermal.v4i.voc/imgs/1_100_30_0_02299_jpg.rf.36472ccb02a0bdd0543ccffc3d5a12aa.jpg,"[[562.0, 735.0, 22, 36], [782.0, 119.0, 18, 32], [771.0, 97.0, 16, 28], [725.0, 117.0, 16, 24], [677.0, 135.0, 16, 36], [513.0, 198.0, 20, 30], [495.0, 205.0, 20, 28], [510.0, 236.0, 30, 42], [468.0, 215.0, 26, 28]]","[1, 1, 1, 1, 1, 1, 1, 1, 1]"
/home/huy/Documents/de_tai_tot_nghiep/Drone Thermal.v4i.voc/imgs/0_100_50_0_08169_jpg.rf.5c89bc3c6c075f70427ccb1e6131aff1.jpg,"[[657.0, 809.0, 20, 48], [670.0, 844.0, 22, 58]]","[1, 1]"
/home/huy/Documents/de_tai_tot_nghiep/Drone Thermal.v4i.voc/imgs/0_110_60_0_03665_jpg.rf.c57cbc3a341fc193d1b3270daeb7fa57.jpg,"[[1249.0, 523.0, 24, 40], [555.0, 582.0, 28, 38]]","[1, 1]"
/home/huy/Documents/de_tai_tot_nghiep/Drone Thermal.v4i.voc/imgs/0_130_90_0_05705_jpg.rf.357a65df6e63231d28a313ce53dd3d12.jpg,[],[]
/home/huy/Documents/de_tai_tot_nghiep/Drone Thermal.v4i.voc/imgs/1_110_80_0_09222_jpg.rf.ddee3fb698da1332e70ea5f21a44846b.jpg,[],[]
/home/huy/Documents/de_tai_tot_nghiep/Drone Thermal.v4i.voc/imgs/1_80_50_0_08666_jpg.rf.16d3cb2cad8454f4df7958ac7ed0f199.jpg,"[[948.0, 40.0, 30, 54], [925.0, 29.0, 20, 52]]","[1, 1]"
/home/huy/Documents/de_tai_tot_nghiep/Drone Thermal.v4i.voc/imgs/1_60_80_0_00658_jpg.rf.03f322bcfbfef5feb5f1fb1410276a25.jpg,"[[602.0, 397.0, 38, 40], [676.0, 463.0, 38, 48], [855.0, 516.0, 28, 42], [81.0, 676.0, 32, 42], [866.0, 575.0, 30, 36], [902.0, 583.0, 26, 40], [760.0, 621.0, 34, 40], [648.0, 692.0, 50, 78], [972.0, 710.0, 42, 38], [793.0, 798.0, 28, 30], [841.0, 813.0, 32, 36], [810.0, 873.0, 50, 48], [1020.0, 849.0, 54, 44], [16.0, 730.0, 30, 50], [66.0, 756.0, 30, 30], [54.0, 792.0, 34, 34], [118.0, 922.0, 34, 26], [82.0, 947.0, 34, 32], [68.0, 978.0, 26, 22], [15.0, 927.0, 28, 28], [94.0, 984.0, 26, 22], [171.0, 989.0, 52, 32], [1227.0, 447.0, 44, 52]]","[1, 1, 1, 1, 1, 1, 1, 1, 1, 1, 1, 1, 1, 1, 1, 1, 1, 1, 1, 1, 1, 1, 1]"
/home/huy/Documents/de_tai_tot_nghiep/Drone Thermal.v4i.voc/imgs/0_120_80_0_09629_jpg.rf.853fe075b38d9f3afa7a203f8baca773.jpg,[],[]
/home/huy/Documents/de_tai_tot_nghiep/Drone Thermal.v4i.voc/imgs/1_100_30_0_06207_jpg.rf.7f1f57f5e2d96fdde67470eb11ffb846.jpg,[],[]
/home/huy/Documents/de_tai_tot_nghiep/Drone Thermal.v4i.voc/imgs/1_60_50_0_00349_jpg.rf.660449803112b31126c9b4ebc1e85b2d.jpg,"[[46.0, 41.0, 22, 52], [356.0, 80.0, 26, 62], [734.0, 610.0, 26, 58], [736.0, 761.0, 26, 60]]","[1, 1, 1, 1]"
/home/huy/Documents/de_tai_tot_nghiep/Drone Thermal.v4i.voc/imgs/0_70_30_0_06680_jpg.rf.acaa80e4bb86cb1bae1abf4b23b6c4b2.jpg,"[[565.0, 174.0, 24, 42], [508.0, 159.0, 22, 40], [704.0, 952.0, 22, 50]]","[1, 1, 1]"
/home/huy/Documents/de_tai_tot_nghiep/Drone Thermal.v4i.voc/imgs/0_130_90_0_05712_jpg.rf.80d60c1a21680c24b17c9e37db896c16.jpg,[],[]
/home/huy/Documents/de_tai_tot_nghiep/Drone Thermal.v4i.voc/imgs/1_60_60_0_00539_jpg.rf.e995ad5a865862f397cee62d2de22698.jpg,"[[878.0, 808.0, 46, 58], [1235.0, 312.0, 24, 42], [1229.0, 351.0, 48, 48]]","[1, 1, 1]"
/home/huy/Documents/de_tai_tot_nghiep/Drone Thermal.v4i.voc/imgs/0_130_40_0_09709_jpg.rf.96fbb1a84d09b73a4612e858ec636f29.jpg,[],[]
/home/huy/Documents/de_tai_tot_nghiep/Drone Thermal.v4i.voc/imgs/0_130_50_0_05621_jpg.rf.cedfc8347a548b90335ee2d1769668b2.jpg,[],[]
/home/huy/Documents/de_tai_tot_nghiep/Drone Thermal.v4i.voc/imgs/0_110_40_0_08355_jpg.rf.c1f38ebade5bd55f20c9b47f3fc305b5.jpg,[],[]
/home/huy/Documents/de_tai_tot_nghiep/Drone Thermal.v4i.voc/imgs/0_100_80_0_08262_jpg.rf.785f04de0b40d251710ee6110420b637.jpg,[],[]
/home/huy/Documents/de_tai_tot_nghiep/Drone Thermal.v4i.voc/imgs/1_90_80_0_08988_jpg.rf.9b0546699e26fd0e5ea9bf6b90ab6373.jpg,[],[]
/home/huy/Documents/de_tai_tot_nghiep/Drone Thermal.v4i.voc/imgs/0_100_30_0_08082_jpg.rf.ae542d2684f2ca95dcc474bf2f691675.jpg,[],[]
/home/huy/Documents/de_tai_tot_nghiep/Drone Thermal.v4i.voc/imgs/0_120_70_0_05465_jpg.rf.af8c19b041c23c07f089c71461155eb5.jpg,[],[]
/home/huy/Documents/de_tai_tot_nghiep/Drone Thermal.v4i.voc/imgs/1_60_60_0_00450_jpg.rf.76b375de96761939b532581c5adf1ddc.jpg,"[[1009.0, 253.0, 24, 52], [1053.0, 373.0, 32, 64], [642.0, 662.0, 26, 46], [1232.0, 500.0, 26, 50], [1095.0, 563.0, 16, 52], [1112.0, 566.0, 18, 46], [1130.0, 562.0, 14, 50]]","[1, 1, 1, 1, 1, 1, 1]"
/home/huy/Documents/de_tai_tot_nghiep/Drone Thermal.v4i.voc/imgs/0_120_90_0_05529_jpg.rf.168345774fedae86c6c46b759594d864.jpg,[],[]
/home/huy/Documents/de_tai_tot_nghiep/Drone Thermal.v4i.voc/imgs/0_80_40_0_02131_jpg.rf.159bb670b79519697fc742993c16e8a1.jpg,"[[109.0, 548.0, 24, 38], [935.0, 500.0, 20, 30], [968.0, 522.0, 18, 26], [938.0, 545.0, 18, 36], [925.0, 550.0, 20, 38], [862.0, 591.0, 38, 40], [575.0, 719.0, 20, 36], [652.0, 714.0, 22, 38], [620.0, 744.0, 26, 34], [775.0, 862.0, 28, 34], [616.0, 785.0, 22, 32], [688.0, 757.0, 22, 28]]","[1, 1, 1, 1, 1, 1, 1, 1, 1, 1, 1, 1]"
/home/huy/Documents/de_tai_tot_nghiep/Drone Thermal.v4i.voc/imgs/0_130_50_0_05619_jpg.rf.7958ddf82dcc5eab6550a716a815c33c.jpg,[],[]
/home/huy/Documents/de_tai_tot_nghiep/Drone Thermal.v4i.voc/imgs/0_60_90_0_01817_jpg.rf.772594f611a1e9e78f5b67c8a9df81c5.jpg,"[[174.0, 420.0, 34, 38], [280.0, 434.0, 26, 34], [306.0, 484.0, 42, 38], [361.0, 515.0, 32, 44], [188.0, 42.0, 14, 42], [205.0, 21.0, 24, 36], [443.0, 511.0, 24, 32], [835.0, 666.0, 24, 38], [492.0, 493.0, 50, 48], [831.0, 829.0, 20, 36]]","[1, 1, 1, 1, 1, 1, 1, 1, 1, 1]"
/home/huy/Documents/de_tai_tot_nghiep/Drone Thermal.v4i.voc/imgs/0_110_80_0_08518_jpg.rf.af21ffead9ee32956efa39a140ec458f.jpg,"[[1086.0, 23.0, 34, 36]]",[1]
/home/huy/Documents/de_tai_tot_nghiep/Drone Thermal.v4i.voc/imgs/1_130_30_0_09949_jpg.rf.e4ebd5b816c7a028062772a69dc80444.jpg,[],[]
/home/huy/Documents/de_tai_tot_nghiep/Drone Thermal.v4i.voc/imgs/0_80_30_0_06917_jpg.rf.1f8c443d4568835420092cf2d7589cdd.jpg,"[[1145.0, 180.0, 20, 38]]",[1]
/home/huy/Documents/de_tai_tot_nghiep/Drone Thermal.v4i.voc/imgs/0_60_80_0_06625_jpg.rf.c9bc41622dbd147d092bb6f4d79efe3b.jpg,"[[107.0, 734.0, 28, 46], [134.0, 736.0, 22, 50]]","[1, 1]"
/home/huy/Documents/de_tai_tot_nghiep/Drone Thermal.v4i.voc/imgs/0_120_90_0_05545_jpg.rf.68394a0c8fccc3322017e4d10091e6ff.jpg,[],[]
/home/huy/Documents/de_tai_tot_nghiep/Drone Thermal.v4i.voc/imgs/1_60_80_0_07504_jpg.rf.89a8081fc54799e2f255d50f4f92be47.jpg,[],[]
/home/huy/Documents/de_tai_tot_nghiep/Drone Thermal.v4i.voc/imgs/0_120_40_0_05373_jpg.rf.768f66089e68a4c6ec48b92f09707ee3.jpg,[],[]
/home/huy/Documents/de_tai_tot_nghiep/Drone Thermal.v4i.voc/imgs/0_80_30_0_02102_jpg.rf.a735ea1d5a5e1a01393242696fc002f1.jpg,"[[426.0, 770.0, 30, 42], [973.0, 730.0, 16, 34], [983.0, 713.0, 28, 36], [1007.0, 742.0, 24, 34], [680.0, 877.0, 26, 36], [807.0, 922.0, 16, 26], [798.0, 959.0, 14, 28], [827.0, 922.0, 16, 26], [646.0, 904.0, 18, 30], [577.0, 895.0, 20, 32], [590.0, 957.0, 22, 44], [49.0, 436.0, 20, 38]]","[1, 1, 1, 1, 1, 1, 1, 1, 1, 1, 1, 1]"
/home/huy/Documents/de_tai_tot_nghiep/Drone Thermal.v4i.voc/imgs/1_90_60_0_08902_jpg.rf.effbe5aa3cc9f1e472820e53fa59f294.jpg,[],[]
/home/huy/Documents/de_tai_tot_nghiep/Drone Thermal.v4i.voc/imgs/1_60_80_0_00662_jpg.rf.4e3c3872d628615f93fdcb0a78dc21b6.jpg,"[[1266.0, 521.0, 30, 52], [121.0, 758.0, 48, 38], [39.0, 868.0, 28, 34], [82.0, 914.0, 34, 30], [42.0, 973.0, 38, 32], [159.0, 988.0, 48, 42], [542.0, 890.0, 50, 30], [678.0, 571.0, 38, 36], [653.0, 362.0, 48, 42], [567.0, 546.0, 32, 38], [697.0, 436.0, 64, 66], [850.0, 374.0, 38, 38], [828.0, 438.0, 30, 34], [845.0, 557.0, 20, 52], [821.0, 578.0, 28, 30], [926.0, 676.0, 22, 30], [946.0, 681.0, 18, 40], [761.0, 770.0, 24, 34], [809.0, 786.0, 32, 34], [1004.0, 791.0, 42, 44]]","[1, 1, 1, 1, 1, 1, 1, 1, 1, 1, 1, 1, 1, 1, 1, 1, 1, 1, 1, 1]"
/home/huy/Documents/de_tai_tot_nghiep/Drone Thermal.v4i.voc/imgs/1_100_60_0_05208_jpg.rf.397ea1fce002904f0680c2ac9a2bc3cf.jpg,"[[249.0, 330.0, 32, 50]]",[1]
/home/huy/Documents/de_tai_tot_nghiep/Drone Thermal.v4i.voc/imgs/1_60_70_0_00540_jpg.rf.f377a2edd4ed49ff966cc326e7a6efea.jpg,"[[557.0, 462.0, 40, 50], [615.0, 782.0, 48, 66], [343.0, 644.0, 52, 58], [1233.0, 366.0, 40, 58], [1007.0, 204.0, 40, 62]]","[1, 1, 1, 1, 1]"
/home/huy/Documents/de_tai_tot_nghiep/Drone Thermal.v4i.voc/imgs/0_70_80_0_06839_jpg.rf.de6362aad31769395714ad6a5a65ff13.jpg,[],[]
/home/huy/Documents/de_tai_tot_nghiep/Drone Thermal.v4i.voc/imgs/1_90_70_0_08934_jpg.rf.3c11b7461b2972a687fbb998af728bce.jpg,[],[]
/home/huy/Documents/de_tai_tot_nghiep/Drone Thermal.v4i.voc/imgs/0_120_80_0_05485_jpg.rf.c6e05b244731280e3cc6be7705b87a73.jpg,[],[]
/home/huy/Documents/de_tai_tot_nghiep/Drone Thermal.v4i.voc/imgs/1_80_80_0_01308_jpg.rf.62189262fb66b5f14a95c43689352969.jpg,"[[455.0, 562.0, 44, 42], [470.0, 568.0, 46, 38], [768.0, 603.0, 30, 36], [804.0, 630.0, 22, 46], [783.0, 664.0, 32, 30], [814.0, 461.0, 38, 36], [855.0, 494.0, 28, 34], [903.0, 569.0, 32, 36]]","[1, 1, 1, 1, 1, 1, 1, 1]"
/home/huy/Documents/de_tai_tot_nghiep/Drone Thermal.v4i.voc/imgs/1_90_40_0_04865_jpg.rf.169ab42ecd3b9c8cd3053c6aff25c9e4.jpg,"[[726.0, 107.0, 18, 48]]",[1]
/home/huy/Documents/de_tai_tot_nghiep/Drone Thermal.v4i.voc/imgs/1_80_50_0_01223_jpg.rf.2ec9077d380522ee38c7736f80362d0b.jpg,"[[1026.0, 685.0, 22, 36], [947.0, 664.0, 28, 50], [884.0, 654.0, 30, 50], [804.0, 625.0, 26, 40], [751.0, 617.0, 24, 32], [851.0, 713.0, 32, 52], [827.0, 691.0, 28, 44], [800.0, 701.0, 30, 36], [893.0, 193.0, 32, 48], [875.0, 249.0, 28, 40], [828.0, 167.0, 26, 40], [809.0, 148.0, 24, 46], [828.0, 258.0, 38, 46], [812.0, 234.0, 22, 38], [749.0, 259.0, 36, 48]]","[1, 1, 1, 1, 1, 1, 1, 1, 1, 1, 1, 1, 1, 1, 1]"
/home/huy/Documents/de_tai_tot_nghiep/Drone Thermal.v4i.voc/imgs/0_100_60_0_08189_jpg.rf.65587f05fdd633e039ca2964c5693a5d.jpg,[],[]
/home/huy/Documents/de_tai_tot_nghiep/Drone Thermal.v4i.voc/imgs/1_60_70_0_07483_jpg.rf.9b2c42b08c05f6180a260846e7d76682.jpg,[],[]
/home/huy/Documents/de_tai_tot_nghiep/Drone Thermal.v4i.voc/imgs/1_120_30_0_05973_jpg.rf.8b58f7c5d5e7472ee995fb987ba77b2f.jpg,"[[1004.0, 643.0, 18, 36]]",[1]
/home/huy/Documents/de_tai_tot_nghiep/Drone Thermal.v4i.voc/imgs/1_60_70_0_00593_jpg.rf.a8406c42d1ef23e8dada9decb8025875.jpg,"[[483.0, 270.0, 28, 54], [68.0, 913.0, 38, 44], [396.0, 1003.0, 26, 40]]","[1, 1, 1]"
/home/huy/Documents/de_tai_tot_nghiep/Drone Thermal.v4i.voc/imgs/1_120_70_0_09379_jpg.rf.8ae3c13e7bd22af6d6889a967e5ed6f0.jpg,[],[]
/home/huy/Documents/de_tai_tot_nghiep/Drone Thermal.v4i.voc/imgs/0_110_90_0_08562_jpg.rf.76360e8b2244a6fd3d392f77298dba06.jpg,[],[]
/home/huy/Documents/de_tai_tot_nghiep/Drone Thermal.v4i.voc/imgs/1_100_90_0_06410_jpg.rf.6989aa2c9617ef5c2ca2c0d093e5322d.jpg,"[[1002.0, 474.0, 22, 30], [902.0, 458.0, 22, 26]]","[1, 1]"
/home/huy/Documents/de_tai_tot_nghiep/Drone Thermal.v4i.voc/imgs/1_90_60_0_01485_jpg.rf.78aac7c8dd9feb40a19bff190ccc19ed.jpg,"[[782.0, 360.0, 34, 38], [811.0, 422.0, 24, 38], [694.0, 429.0, 26, 40], [725.0, 443.0, 28, 32], [734.0, 474.0, 22, 34], [749.0, 473.0, 28, 44], [825.0, 473.0, 40, 32], [814.0, 511.0, 22, 36], [846.0, 523.0, 26, 44], [933.0, 821.0, 24, 36], [909.0, 831.0, 24, 36]]","[1, 1, 1, 1, 1, 1, 1, 1, 1, 1, 1]"
/home/huy/Documents/de_tai_tot_nghiep/Drone Thermal.v4i.voc/imgs/1_130_40_0_07167_jpg.rf.459b6ceaf7575d482f8c289c8fd99257.jpg,[],[]
/home/huy/Documents/de_tai_tot_nghiep/Drone Thermal.v4i.voc/imgs/0_60_60_0_06556_jpg.rf.1c48b256ba988b70fef5127a9669bf65.jpg,[],[]
/home/huy/Documents/de_tai_tot_nghiep/Drone Thermal.v4i.voc/imgs/0_60_60_0_06561_jpg.rf.dc34a354ae3c667ffa5609ac8390bcfc.jpg,[],[]
/home/huy/Documents/de_tai_tot_nghiep/Drone Thermal.v4i.voc/imgs/1_130_60_0_07232_jpg.rf.19a839f9f01a013a784437f65c6d8e4b.jpg,[],[]
/home/huy/Documents/de_tai_tot_nghiep/Drone Thermal.v4i.voc/imgs/1_60_90_0_07553_jpg.rf.e685c0c8153d3a80170a424214fa1662.jpg,[],[]
/home/huy/Documents/de_tai_tot_nghiep/Drone Thermal.v4i.voc/imgs/1_70_60_0_07685_jpg.rf.c1deb553ec123b1f33cae10572db0bb5.jpg,[],[]
/home/huy/Documents/de_tai_tot_nghiep/Drone Thermal.v4i.voc/imgs/0_110_90_0_08536_jpg.rf.d40fa9575d77378c4ff3c0d95e139f10.jpg,[],[]
/home/huy/Documents/de_tai_tot_nghiep/Drone Thermal.v4i.voc/imgs/1_90_80_0_01561_jpg.rf.c9f09d18d9ce290347d78c941cb41983.jpg,"[[708.0, 622.0, 18, 30], [688.0, 633.0, 30, 24], [759.0, 644.0, 36, 42], [828.0, 665.0, 26, 32], [739.0, 682.0, 36, 46], [780.0, 682.0, 26, 22], [832.0, 745.0, 50, 48], [766.0, 753.0, 26, 32]]","[1, 1, 1, 1, 1, 1, 1, 1]"
/home/huy/Documents/de_tai_tot_nghiep/Drone Thermal.v4i.voc/imgs/1_120_80_0_09411_jpg.rf.b60e718fafa40c289ca317c3743c526c.jpg,[],[]
/home/huy/Documents/de_tai_tot_nghiep/Drone Thermal.v4i.voc/imgs/1_130_60_0_03936_jpg.rf.34d80b49469bf23eabad21734ef2e788.jpg,"[[146.0, 122.0, 14, 34], [250.0, 88.0, 18, 34], [283.0, 48.0, 20, 34], [588.0, 166.0, 18, 34], [369.0, 784.0, 24, 38], [446.0, 764.0, 26, 26], [502.0, 806.0, 22, 34], [445.0, 823.0, 20, 32], [465.0, 863.0, 20, 28], [471.0, 892.0, 24, 38]]","[1, 1, 1, 1, 1, 1, 1, 1, 1, 1]"
/home/huy/Documents/de_tai_tot_nghiep/Drone Thermal.v4i.voc/imgs/1_120_30_0_05982_jpg.rf.f197efbfbd8f21f03baf9b78cd3ca0d0.jpg,"[[790.0, 926.0, 18, 38]]",[1]
/home/huy/Documents/de_tai_tot_nghiep/Drone Thermal.v4i.voc/imgs/1_60_80_0_00710_jpg.rf.860bdb3889201223e3f59ba044c0f720.jpg,"[[872.0, 328.0, 30, 34], [870.0, 57.0, 26, 48], [701.0, 37.0, 40, 44], [647.0, 70.0, 48, 50], [863.0, 128.0, 44, 50], [833.0, 93.0, 48, 32], [1272.0, 159.0, 18, 40], [700.0, 435.0, 46, 44], [667.0, 416.0, 32, 42], [625.0, 365.0, 36, 36], [621.0, 436.0, 32, 38], [261.0, 341.0, 52, 56], [342.0, 441.0, 34, 36], [272.0, 486.0, 34, 42], [154.0, 527.0, 34, 36], [131.0, 567.0, 40, 36], [510.0, 648.0, 38, 34], [420.0, 654.0, 26, 38], [295.0, 741.0, 28, 28], [261.0, 711.0, 44, 28], [271.0, 762.0, 28, 26], [13.0, 868.0, 24, 50], [456.0, 922.0, 46, 38], [435.0, 947.0, 40, 32]]","[1, 1, 1, 1, 1, 1, 1, 1, 1, 1, 1, 1, 1, 1, 1, 1, 1, 1, 1, 1, 1, 1, 1, 1]"
/home/huy/Documents/de_tai_tot_nghiep/Drone Thermal.v4i.voc/imgs/1_60_50_0_00332_jpg.rf.5dfafe1b7b7e080aabab3330185b6cce.jpg,"[[500.0, 66.0, 30, 42], [512.0, 116.0, 30, 54], [354.0, 358.0, 38, 74], [327.0, 357.0, 36, 56], [631.0, 277.0, 28, 56], [963.0, 511.0, 36, 60], [1052.0, 908.0, 30, 54]]","[1, 1, 1, 1, 1, 1, 1]"
/home/huy/Documents/de_tai_tot_nghiep/Drone Thermal.v4i.voc/imgs/1_60_60_0_07467_jpg.rf.98e80c170dba4d2b0b820607de672f46.jpg,[],[]
/home/huy/Documents/de_tai_tot_nghiep/Drone Thermal.v4i.voc/imgs/1_130_30_0_07149_jpg.rf.7c229a10c6e7a8291c8e262a2e7ce4b6.jpg,[],[]
/home/huy/Documents/de_tai_tot_nghiep/Drone Thermal.v4i.voc/imgs/1_60_50_0_00342_jpg.rf.0efb00174d245e93c2ddf5410e357227.jpg,"[[400.0, 21.0, 26, 40], [652.0, 101.0, 26, 52], [472.0, 255.0, 26, 48], [777.0, 316.0, 24, 58], [1185.0, 640.0, 32, 54], [829.0, 355.0, 28, 56], [960.0, 1003.0, 34, 40]]","[1, 1, 1, 1, 1, 1, 1]"
/home/huy/Documents/de_tai_tot_nghiep/Drone Thermal.v4i.voc/imgs/1_60_60_0_00520_jpg.rf.dd210a2d51898bb7630f13e7189d002e.jpg,"[[756.0, 421.0, 30, 60], [580.0, 661.0, 26, 56], [813.0, 539.0, 28, 56], [786.0, 644.0, 22, 54]]","[1, 1, 1, 1]"
/home/huy/Documents/de_tai_tot_nghiep/Drone Thermal.v4i.voc/imgs/1_60_50_0_00348_jpg.rf.4051ea171fb7736e162d2250fd8ba93e.jpg,"[[431.0, 45.0, 28, 60], [133.0, 10.0, 20, 18], [796.0, 572.0, 34, 62], [805.0, 688.0, 32, 58]]","[1, 1, 1, 1]"
/home/huy/Documents/de_tai_tot_nghiep/Drone Thermal.v4i.voc/imgs/1_70_30_0_07587_jpg.rf.2050029ea5753f52ddc448dcbe0a49ba.jpg,"[[483.0, 672.0, 32, 62], [1063.0, 835.0, 32, 68]]","[1, 1]"
/home/huy/Documents/de_tai_tot_nghiep/Drone Thermal.v4i.voc/imgs/1_60_50_0_00396_jpg.rf.ae40ea1497f6d64eafa0227ff3f3d485.jpg,"[[384.0, 208.0, 30, 54], [512.0, 313.0, 34, 60], [1033.0, 217.0, 32, 56], [1143.0, 411.0, 40, 64], [634.0, 877.0, 34, 52]]","[1, 1, 1, 1, 1]"
/home/huy/Documents/de_tai_tot_nghiep/Drone Thermal.v4i.voc/imgs/1_80_70_0_08741_jpg.rf.cb65c25f05f85fd02cd9f9e1a8b7dcbd.jpg,[],[]
/home/huy/Documents/de_tai_tot_nghiep/Drone Thermal.v4i.voc/imgs/1_60_50_0_00378_jpg.rf.9f0effa52c874621c52668b38d0dc5cd.jpg,"[[756.0, 661.0, 30, 60], [922.0, 800.0, 50, 82], [843.0, 148.0, 16, 62]]","[1, 1, 1]"
/home/huy/Documents/de_tai_tot_nghiep/Drone Thermal.v4i.voc/imgs/1_130_50_0_03892_jpg.rf.48b7ca5bb65376e0f970c73847b4fe04.jpg,"[[492.0, 268.0, 18, 34], [534.0, 262.0, 18, 26], [522.0, 232.0, 14, 30], [505.0, 226.0, 16, 30], [561.0, 206.0, 16, 26], [571.0, 220.0, 24, 26]]","[1, 1, 1, 1, 1, 1]"
/home/huy/Documents/de_tai_tot_nghiep/Drone Thermal.v4i.voc/imgs/0_120_70_0_05454_jpg.rf.ecc742b4d7d964416359c8545abcc186.jpg,[],[]
/home/huy/Documents/de_tai_tot_nghiep/Drone Thermal.v4i.voc/imgs/1_100_70_0_06338_jpg.rf.3b53210e8c203aaccda747e4de07db68.jpg,[],[]
/home/huy/Documents/de_tai_tot_nghiep/Drone Thermal.v4i.voc/imgs/1_60_70_0_00628_jpg.rf.3e50e2b8b049f73fb8752e0b15ccd245.jpg,"[[550.0, 664.0, 30, 54]]",[1]
/home/huy/Documents/de_tai_tot_nghiep/Drone Thermal.v4i.voc/imgs/0_100_50_0_03372_jpg.rf.11e2c1f6774e36556be8c29566bab6fc.jpg,"[[378.0, 741.0, 14, 44], [704.0, 95.0, 18, 36], [651.0, 450.0, 20, 38], [664.0, 94.0, 14, 26], [649.0, 388.0, 16, 34]]","[1, 1, 1, 1, 1]"
/home/huy/Documents/de_tai_tot_nghiep/Drone Thermal.v4i.voc/imgs/1_60_50_0_00355_jpg.rf.d30a60eb466eb1f5bb2edb61c681933f.jpg,"[[134.0, 22.0, 26, 42], [661.0, 479.0, 28, 48], [631.0, 820.0, 32, 54], [309.0, 894.0, 32, 54]]","[1, 1, 1, 1]"
/home/huy/Documents/de_tai_tot_nghiep/Drone Thermal.v4i.voc/imgs/1_130_30_0_09972_jpg.rf.39ca929fd2a91e6782612054086bfe84.jpg,[],[]
/home/huy/Documents/de_tai_tot_nghiep/Drone Thermal.v4i.voc/imgs/1_60_70_0_00634_jpg.rf.94bdda937974348dd37be1af1cfe7635.jpg,"[[769.0, 212.0, 48, 66], [843.0, 978.0, 32, 46]]","[1, 1]"
/home/huy/Documents/de_tai_tot_nghiep/Drone Thermal.v4i.voc/imgs/0_120_80_0_09609_jpg.rf.51f736c9b1a4925a2119d2443cf17ca6.jpg,"[[973.0, 135.0, 20, 40]]",[1]
/home/huy/Documents/de_tai_tot_nghiep/Drone Thermal.v4i.voc/imgs/1_60_70_0_00632_jpg.rf.261cce9c97f08596032fb45afb23ab87.jpg,"[[685.0, 382.0, 40, 58]]",[1]
/home/huy/Documents/de_tai_tot_nghiep/Drone Thermal.v4i.voc/imgs/0_120_50_0_05406_jpg.rf.400d44526a20841249bcbf717575738c.jpg,[],[]
/home/huy/Documents/de_tai_tot_nghiep/Drone Thermal.v4i.voc/imgs/1_60_60_0_00525_jpg.rf.a9ec6a0f7f118c5d9077d6f1821b4763.jpg,"[[624.0, 306.0, 22, 62], [700.0, 36.0, 34, 70], [837.0, 443.0, 28, 60], [821.0, 513.0, 24, 52]]","[1, 1, 1, 1]"
/home/huy/Documents/de_tai_tot_nghiep/Drone Thermal.v4i.voc/imgs/1_130_60_0_10074_jpg.rf.4b48a2b45dbde243d6b806be1f73b0e0.jpg,[],[]
/home/huy/Documents/de_tai_tot_nghiep/Drone Thermal.v4i.voc/imgs/1_60_60_0_00538_jpg.rf.9ae2c9100af7fa34a40ce2aafd6ac9e2.jpg,"[[1070.0, 280.0, 22, 46], [1059.0, 315.0, 40, 48], [1232.0, 480.0, 30, 62], [742.0, 786.0, 30, 46]]","[1, 1, 1, 1]"
/home/huy/Documents/de_tai_tot_nghiep/Drone Thermal.v4i.voc/imgs/0_70_80_0_02023_jpg.rf.b5e5237db536582e7acb98db9e04fb9a.jpg,"[[871.0, 52.0, 40, 38], [952.0, 94.0, 34, 38], [1150.0, 155.0, 30, 44], [1032.0, 219.0, 30, 36], [999.0, 259.0, 40, 48], [377.0, 616.0, 24, 34], [423.0, 724.0, 28, 46], [690.0, 727.0, 22, 36], [521.0, 755.0, 36, 40], [692.0, 813.0, 34, 36], [809.0, 978.0, 32, 34], [1096.0, 331.0, 42, 52], [1122.0, 214.0, 42, 42]]","[1, 1, 1, 1, 1, 1, 1, 1, 1, 1, 1, 1, 1]"
/home/huy/Documents/de_tai_tot_nghiep/Drone Thermal.v4i.voc/imgs/1_120_80_0_02970_jpg.rf.e3d3436ef4f6d34daec59eb3f9b7bafa.jpg,"[[486.0, 64.0, 18, 38], [439.0, 107.0, 20, 28], [428.0, 170.0, 26, 26], [561.0, 166.0, 24, 34], [418.0, 203.0, 18, 28], [382.0, 232.0, 22, 26], [445.0, 235.0, 20, 32], [548.0, 283.0, 22, 28]]","[1, 1, 1, 1, 1, 1, 1, 1]"
/home/huy/Documents/de_tai_tot_nghiep/Drone Thermal.v4i.voc/imgs/1_80_50_0_04667_jpg.rf.1baa837a67d978e512803e47b6654b2d.jpg,"[[598.0, 695.0, 26, 40], [608.0, 412.0, 26, 50]]","[1, 1]"
/home/huy/Documents/de_tai_tot_nghiep/Drone Thermal.v4i.voc/imgs/1_90_90_0_01585_jpg.rf.97216e8928d1250c730be02553105ed7.jpg,"[[785.0, 19.0, 28, 32], [835.0, 57.0, 24, 36], [666.0, 101.0, 30, 40], [797.0, 570.0, 36, 26], [875.0, 654.0, 32, 38]]","[1, 1, 1, 1, 1]"
/home/huy/Documents/de_tai_tot_nghiep/Drone Thermal.v4i.voc/imgs/1_100_40_0_05141_jpg.rf.592eca9808335a4b771b971efb41b43c.jpg,[],[]
/home/huy/Documents/de_tai_tot_nghiep/Drone Thermal.v4i.voc/imgs/0_130_50_0_09770_jpg.rf.bb158b47c330a67e6a8141cd0b05feb4.jpg,[],[]
/home/huy/Documents/de_tai_tot_nghiep/Drone Thermal.v4i.voc/imgs/1_130_50_0_03906_jpg.rf.1ce2f64498cb242b1eed749d8a738edf.jpg,"[[569.0, 311.0, 20, 36], [511.0, 376.0, 16, 30], [448.0, 362.0, 14, 34], [488.0, 420.0, 18, 34], [502.0, 425.0, 18, 24], [527.0, 423.0, 16, 36]]","[1, 1, 1, 1, 1, 1]"
/home/huy/Documents/de_tai_tot_nghiep/Drone Thermal.v4i.voc/imgs/1_130_30_0_09971_jpg.rf.0014d041aea1f818b694efc9aad25ed1.jpg,[],[]
/home/huy/Documents/de_tai_tot_nghiep/Drone Thermal.v4i.voc/imgs/1_130_40_0_03854_jpg.rf.6ac544440ab735125ff36d3c8dd42000.jpg,"[[339.0, 26.0, 12, 26], [346.0, 55.0, 14, 24], [418.0, 49.0, 22, 32], [456.0, 345.0, 14, 28], [510.0, 352.0, 14, 22], [480.0, 374.0, 14, 30], [494.0, 397.0, 14, 24], [509.0, 384.0, 24, 34], [653.0, 111.0, 16, 32]]","[1, 1, 1, 1, 1, 1, 1, 1, 1]"
/home/huy/Documents/de_tai_tot_nghiep/Drone Thermal.v4i.voc/imgs/0_110_90_0_08545_jpg.rf.ef185bc3c9d71981dd0bb8121565881c.jpg,[],[]
/home/huy/Documents/de_tai_tot_nghiep/Drone Thermal.v4i.voc/imgs/1_130_80_0_04044_jpg.rf.0fa38206fcc245b597d5a47c6a6ac20e.jpg,"[[593.0, 7.0, 24, 12], [632.0, 24.0, 18, 34], [626.0, 84.0, 22, 30], [579.0, 43.0, 24, 32], [527.0, 78.0, 20, 30], [648.0, 195.0, 30, 36]]","[1, 1, 1, 1, 1, 1]"
/home/huy/Documents/de_tai_tot_nghiep/Drone Thermal.v4i.voc/imgs/1_70_60_0_00984_jpg.rf.4a0de6a2081c84b0ade7e89bec3a0ce8.jpg,"[[652.0, 810.0, 30, 42], [880.0, 520.0, 34, 50], [874.0, 403.0, 26, 60], [965.0, 386.0, 32, 50], [1043.0, 402.0, 28, 42], [973.0, 462.0, 28, 46], [1027.0, 495.0, 36, 52]]","[1, 1, 1, 1, 1, 1, 1]"
/home/huy/Documents/de_tai_tot_nghiep/Drone Thermal.v4i.voc/imgs/1_130_80_0_04026_jpg.rf.7b8b3a9e53c4f3017fd55fda73b18303.jpg,"[[556.0, 360.0, 34, 26], [638.0, 368.0, 14, 30], [649.0, 389.0, 16, 28], [590.0, 393.0, 26, 32], [558.0, 423.0, 18, 24], [529.0, 450.0, 24, 30]]","[1, 1, 1, 1, 1, 1]"
/home/huy/Documents/de_tai_tot_nghiep/Drone Thermal.v4i.voc/imgs/1_60_60_0_00508_jpg.rf.5468e565077484b8403ee531dce8db3e.jpg,"[[653.0, 154.0, 28, 54], [536.0, 551.0, 26, 60], [772.0, 643.0, 26, 60], [783.0, 672.0, 24, 46]]","[1, 1, 1, 1]"
/home/huy/Documents/de_tai_tot_nghiep/Drone Thermal.v4i.voc/imgs/1_130_90_0_07319_jpg.rf.8ccc9cf7acb0a23b5d6c87cccc222268.jpg,[],[]
/home/huy/Documents/de_tai_tot_nghiep/Drone Thermal.v4i.voc/imgs/1_100_80_0_02499_jpg.rf.81b51f187cec78e5d2142e17150e0ad2.jpg,"[[786.0, 224.0, 22, 34], [747.0, 243.0, 32, 40], [649.0, 414.0, 24, 42], [654.0, 200.0, 42, 30], [645.0, 232.0, 28, 34], [613.0, 269.0, 16, 32], [587.0, 333.0, 24, 32], [573.0, 376.0, 24, 38]]","[1, 1, 1, 1, 1, 1, 1, 1]"
/home/huy/Documents/de_tai_tot_nghiep/Drone Thermal.v4i.voc/imgs/1_60_50_0_00395_jpg.rf.56863d2cd2baeb8b0e01a114b9f8ff03.jpg,"[[386.0, 215.0, 34, 56], [517.0, 321.0, 28, 60], [1016.0, 206.0, 34, 66], [1124.0, 393.0, 34, 64], [608.0, 861.0, 50, 64]]","[1, 1, 1, 1, 1]"
/home/huy/Documents/de_tai_tot_nghiep/Drone Thermal.v4i.voc/imgs/1_130_50_0_07222_jpg.rf.716d83fed96fec9ee4318b1d9cf8e07b.jpg,"[[283.0, 417.0, 20, 36], [255.0, 398.0, 20, 50], [235.0, 412.0, 20, 34]]","[1, 1, 1]"
/home/huy/Documents/de_tai_tot_nghiep/Drone Thermal.v4i.voc/imgs/1_90_40_0_01407_jpg.rf.c225317dbd848e379f98d259bf175cda.jpg,"[[816.0, 130.0, 22, 34], [796.0, 114.0, 18, 38], [1067.0, 952.0, 24, 38]]","[1, 1, 1]"
/home/huy/Documents/de_tai_tot_nghiep/Drone Thermal.v4i.voc/imgs/1_110_60_0_02668_jpg.rf.dfc3cc24ed623e14b80aca012e565c1e.jpg,"[[442.0, 734.0, 22, 30], [403.0, 764.0, 24, 38], [383.0, 816.0, 24, 42], [462.0, 805.0, 22, 44]]","[1, 1, 1, 1]"
/home/huy/Documents/de_tai_tot_nghiep/Drone Thermal.v4i.voc/imgs/1_130_30_0_07138_jpg.rf.a9104e259c5d0bf976b5597a14c64883.jpg,[],[]
/home/huy/Documents/de_tai_tot_nghiep/Drone Thermal.v4i.voc/imgs/1_100_70_0_02456_jpg.rf.a080d6997727e0c865b9d39403862ac8.jpg,"[[1065.0, 255.0, 32, 36], [981.0, 308.0, 28, 34], [923.0, 327.0, 32, 40], [892.0, 332.0, 26, 42], [708.0, 661.0, 34, 32], [700.0, 772.0, 30, 34], [686.0, 691.0, 34, 32], [661.0, 699.0, 24, 32], [697.0, 834.0, 24, 30], [605.0, 700.0, 28, 30], [588.0, 778.0, 30, 38], [649.0, 835.0, 40, 52]]","[1, 1, 1, 1, 1, 1, 1, 1, 1, 1, 1, 1]"
/home/huy/Documents/de_tai_tot_nghiep/Drone Thermal.v4i.voc/imgs/0_130_70_0_09826_jpg.rf.05b19ba03c94bd875408554ce873264d.jpg,[],[]
/home/huy/Documents/de_tai_tot_nghiep/Drone Thermal.v4i.voc/imgs/1_100_50_0_02380_jpg.rf.43277abc73a713722e07370dde522225.jpg,"[[705.0, 376.0, 20, 34], [680.0, 279.0, 18, 28], [681.0, 301.0, 12, 32], [651.0, 296.0, 20, 38], [531.0, 493.0, 20, 40], [466.0, 446.0, 22, 38], [446.0, 517.0, 18, 36], [470.0, 577.0, 18, 28], [476.0, 599.0, 22, 32], [391.0, 498.0, 20, 34], [381.0, 551.0, 20, 40], [352.0, 556.0, 26, 42]]","[1, 1, 1, 1, 1, 1, 1, 1, 1, 1, 1, 1]"
/home/huy/Documents/de_tai_tot_nghiep/Drone Thermal.v4i.voc/imgs/1_60_60_0_00418_jpg.rf.b47e9314d9a54c1ed00daac362a97e2a.jpg,"[[664.0, 799.0, 42, 72]]",[1]
/home/huy/Documents/de_tai_tot_nghiep/Drone Thermal.v4i.voc/imgs/1_90_90_0_01590_jpg.rf.12886d2d093cdf8195cff5751e27b0d7.jpg,"[[891.0, 428.0, 24, 22], [844.0, 426.0, 26, 26], [818.0, 425.0, 22, 32], [729.0, 430.0, 28, 26], [1111.0, 554.0, 32, 30], [832.0, 531.0, 26, 28], [688.0, 529.0, 30, 28]]","[1, 1, 1, 1, 1, 1, 1]"
/home/huy/Documents/de_tai_tot_nghiep/Drone Thermal.v4i.voc/imgs/1_130_60_0_07234_jpg.rf.1f3694830b11aae80e2b43da695dee07.jpg,[],[]
/home/huy/Documents/de_tai_tot_nghiep/Drone Thermal.v4i.voc/imgs/0_130_80_0_05694_jpg.rf.6eca399185ac1307c0adf6ff5fa439f2.jpg,[],[]
/home/huy/Documents/de_tai_tot_nghiep/Drone Thermal.v4i.voc/imgs/1_90_70_0_05001_jpg.rf.5a321e53e0f11e51ed0066c8d421c212.jpg,[],[]
/home/huy/Documents/de_tai_tot_nghiep/Drone Thermal.v4i.voc/imgs/1_60_70_0_00590_jpg.rf.12039af39543baaf8bb7994be1883f1e.jpg,"[[402.0, 423.0, 34, 60], [37.0, 966.0, 32, 42]]","[1, 1]"
/home/huy/Documents/de_tai_tot_nghiep/Drone Thermal.v4i.voc/imgs/1_70_50_0_00951_jpg.rf.d21c1db4efc4d63514950245b15b0f2a.jpg,"[[833.0, 466.0, 28, 50], [1100.0, 812.0, 26, 58], [244.0, 616.0, 30, 46]]","[1, 1, 1]"
/home/huy/Documents/de_tai_tot_nghiep/Drone Thermal.v4i.voc/imgs/1_60_60_0_00470_jpg.rf.6476842f2e01a9b39c53998aae6efcda.jpg,"[[356.0, 138.0, 22, 50], [505.0, 230.0, 28, 46], [926.0, 79.0, 22, 56], [961.0, 93.0, 28, 60], [946.0, 448.0, 18, 42]]","[1, 1, 1, 1, 1]"
/home/huy/Documents/de_tai_tot_nghiep/Drone Thermal.v4i.voc/imgs/1_60_30_0_00144_jpg.rf.928649d7570d26a1e0868d1105b12721.jpg,"[[345.0, 223.0, 16, 40], [432.0, 258.0, 14, 34], [539.0, 213.0, 16, 40], [10.0, 540.0, 14, 42], [78.0, 494.0, 18, 42], [94.0, 564.0, 22, 38], [977.0, 983.0, 24, 52], [1251.0, 851.0, 12, 44], [1174.0, 762.0, 18, 42], [1070.0, 597.0, 18, 40], [1077.0, 521.0, 20, 48], [1146.0, 441.0, 18, 36], [1051.0, 333.0, 20, 40], [1030.0, 440.0, 18, 30], [952.0, 494.0, 18, 42], [819.0, 466.0, 16, 38], [847.0, 275.0, 16, 36], [838.0, 197.0, 18, 36], [778.0, 196.0, 18, 38], [929.0, 49.0, 16, 36], [1211.0, 404.0, 20, 42]]","[1, 1, 1, 1, 1, 1, 1, 1, 1, 1, 1, 1, 1, 1, 1, 1, 1, 1, 1, 1, 1]"
/home/huy/Documents/de_tai_tot_nghiep/Drone Thermal.v4i.voc/imgs/1_130_90_0_10154_jpg.rf.3f39e35172a9db651f5c056f9060c1b2.jpg,[],[]
/home/huy/Documents/de_tai_tot_nghiep/Drone Thermal.v4i.voc/imgs/1_60_80_0_00645_jpg.rf.a924087f6bbf8176ecda3b14502f45a9.jpg,"[[529.0, 337.0, 36, 44], [449.0, 397.0, 40, 48], [497.0, 450.0, 24, 38], [519.0, 461.0, 52, 56], [358.0, 504.0, 54, 74], [476.0, 602.0, 38, 58], [291.0, 687.0, 36, 28], [339.0, 712.0, 36, 38], [431.0, 769.0, 28, 28], [318.0, 776.0, 38, 50], [369.0, 793.0, 48, 40], [233.0, 793.0, 28, 32], [170.0, 857.0, 30, 36], [319.0, 921.0, 28, 36], [352.0, 854.0, 30, 30], [400.0, 921.0, 38, 32], [516.0, 883.0, 46, 44], [125.0, 997.0, 44, 24], [215.0, 1013.0, 28, 20], [617.0, 12.0, 20, 22], [1226.0, 172.0, 34, 42], [1205.0, 508.0, 32, 50], [1200.0, 662.0, 50, 58], [982.0, 709.0, 34, 36], [1152.0, 862.0, 34, 42], [1070.0, 1013.0, 30, 20]]","[1, 1, 1, 1, 1, 1, 1, 1, 1, 1, 1, 1, 1, 1, 1, 1, 1, 1, 1, 1, 1, 1, 1, 1, 1, 1]"
/home/huy/Documents/de_tai_tot_nghiep/Drone Thermal.v4i.voc/imgs/1_80_40_0_01164_jpg.rf.5fc830715d45673bb8ff88a1d8ec786c.jpg,"[[689.0, 395.0, 20, 52], [669.0, 396.0, 24, 38], [655.0, 386.0, 24, 38], [645.0, 424.0, 36, 38], [525.0, 394.0, 28, 30], [1091.0, 525.0, 24, 44], [1039.0, 533.0, 24, 48], [611.0, 76.0, 28, 38], [656.0, 94.0, 18, 42], [662.0, 123.0, 22, 28], [618.0, 152.0, 22, 38], [601.0, 142.0, 20, 38], [567.0, 135.0, 28, 48], [536.0, 101.0, 18, 40]]","[1, 1, 1, 1, 1, 1, 1, 1, 1, 1, 1, 1, 1, 1]"
/home/huy/Documents/de_tai_tot_nghiep/Drone Thermal.v4i.voc/imgs/1_60_60_0_04206_jpg.rf.c65e30b0e73e9ebd1f4e5401a4c42afb.jpg,[],[]
/home/huy/Documents/de_tai_tot_nghiep/Drone Thermal.v4i.voc/imgs/0_110_40_0_08350_jpg.rf.f336d15b0c63e797d627d74ae61413a9.jpg,[],[]
/home/huy/Documents/de_tai_tot_nghiep/Drone Thermal.v4i.voc/imgs/0_130_70_0_09814_jpg.rf.1ec85c41165dcc1a64c0e46de2b21085.jpg,"[[906.0, 584.0, 18, 22], [564.0, 858.0, 22, 22], [592.0, 885.0, 18, 36], [934.0, 606.0, 22, 22], [1260.0, 255.0, 14, 36]]","[1, 1, 1, 1, 1]"
/home/huy/Documents/de_tai_tot_nghiep/Drone Thermal.v4i.voc/imgs/0_130_30_0_09697_jpg.rf.68cda996b77551eca3ad08d15cb90bb7.jpg,[],[]
/home/huy/Documents/de_tai_tot_nghiep/Drone Thermal.v4i.voc/imgs/0_100_90_0_08298_jpg.rf.ae11fa4e1f94ee7647dae8cf8211f95a.jpg,[],[]
/home/huy/Documents/de_tai_tot_nghiep/Drone Thermal.v4i.voc/imgs/1_80_40_0_01186_jpg.rf.39289e8a3098c1edd27c0b2327878971.jpg,"[[435.0, 250.0, 24, 34], [450.0, 254.0, 18, 50], [533.0, 283.0, 20, 44], [553.0, 241.0, 24, 52], [518.0, 294.0, 18, 38], [497.0, 298.0, 24, 38], [406.0, 578.0, 22, 26], [424.0, 550.0, 18, 22], [588.0, 600.0, 18, 42], [532.0, 587.0, 30, 44], [507.0, 607.0, 24, 60], [527.0, 627.0, 20, 36], [539.0, 637.0, 20, 36], [538.0, 679.0, 18, 24], [912.0, 706.0, 26, 42], [981.0, 721.0, 24, 44]]","[1, 1, 1, 1, 1, 1, 1, 1, 1, 1, 1, 1, 1, 1, 1, 1]"
/home/huy/Documents/de_tai_tot_nghiep/Drone Thermal.v4i.voc/imgs/1_60_80_0_00668_jpg.rf.42b25c809ac0e2fc7a4300525d42cc90.jpg,"[[581.0, 191.0, 44, 48], [820.0, 278.0, 70, 74], [757.0, 350.0, 40, 34], [623.0, 372.0, 36, 34], [83.0, 858.0, 28, 50], [183.0, 983.0, 44, 24], [792.0, 454.0, 70, 66], [624.0, 536.0, 34, 50], [657.0, 561.0, 32, 40], [850.0, 638.0, 46, 38], [921.0, 739.0, 44, 36], [684.0, 747.0, 30, 32], [736.0, 758.0, 34, 34], [783.0, 839.0, 20, 36], [845.0, 922.0, 32, 42]]","[1, 1, 1, 1, 1, 1, 1, 1, 1, 1, 1, 1, 1, 1, 1]"
/home/huy/Documents/de_tai_tot_nghiep/Drone Thermal.v4i.voc/imgs/0_100_60_0_08191_jpg.rf.3aee2a89d936255901e2c203b2a03255.jpg,[],[]
/home/huy/Documents/de_tai_tot_nghiep/Drone Thermal.v4i.voc/imgs/1_130_60_0_07247_jpg.rf.a80d45d21ac1045386a2f3bc36425946.jpg,[],[]
/home/huy/Documents/de_tai_tot_nghiep/Drone Thermal.v4i.voc/imgs/1_70_30_0_00881_jpg.rf.051a294ce4d6a2dd1589cdae63505147.jpg,"[[454.0, 322.0, 22, 46], [617.0, 789.0, 48, 68]]","[1, 1]"
/home/huy/Documents/de_tai_tot_nghiep/Drone Thermal.v4i.voc/imgs/1_110_80_0_09202_jpg.rf.7e520f98ffa0de904ebbb85679461c7b.jpg,[],[]
/home/huy/Documents/de_tai_tot_nghiep/Drone Thermal.v4i.voc/imgs/1_60_80_0_00708_jpg.rf.1356b1e583cfeec461a74b5d39109523.jpg,"[[817.0, 298.0, 32, 34], [1152.0, 288.0, 30, 46], [872.0, 76.0, 26, 46], [870.0, 150.0, 30, 38], [838.0, 113.0, 38, 36], [762.0, 383.0, 42, 40], [714.0, 28.0, 34, 50], [617.0, 491.0, 28, 24], [560.0, 437.0, 34, 32], [537.0, 473.0, 44, 40], [282.0, 364.0, 34, 50], [278.0, 462.0, 26, 34], [516.0, 600.0, 26, 34], [277.0, 551.0, 28, 36], [512.0, 670.0, 30, 26], [123.0, 527.0, 32, 40], [97.0, 547.0, 28, 36], [288.0, 749.0, 42, 36], [341.0, 789.0, 32, 28], [271.0, 783.0, 40, 40], [607.0, 966.0, 56, 46], [622.0, 1003.0, 62, 28]]","[1, 1, 1, 1, 1, 1, 1, 1, 1, 1, 1, 1, 1, 1, 1, 1, 1, 1, 1, 1, 1, 1]"
/home/huy/Documents/de_tai_tot_nghiep/Drone Thermal.v4i.voc/imgs/1_120_70_0_06121_jpg.rf.93a3205dc72f841ed0be83a2a1bbf46c.jpg,[],[]
/home/huy/Documents/de_tai_tot_nghiep/Drone Thermal.v4i.voc/imgs/1_130_30_0_09963_jpg.rf.96135f42f9db1266f9332dd02116da9b.jpg,[],[]
/home/huy/Documents/de_tai_tot_nghiep/Drone Thermal.v4i.voc/imgs/1_100_70_0_06336_jpg.rf.2431ab83e2f1a896f0e675f43703b077.jpg,[],[]
/home/huy/Documents/de_tai_tot_nghiep/Drone Thermal.v4i.voc/imgs/1_60_70_0_00544_jpg.rf.3ac7528f5ab7a251098b6853634511e1.jpg,"[[931.0, 176.0, 32, 46], [952.0, 199.0, 38, 72], [997.0, 750.0, 32, 54], [713.0, 620.0, 32, 54]]","[1, 1, 1, 1]"
/home/huy/Documents/de_tai_tot_nghiep/Drone Thermal.v4i.voc/imgs/0_130_40_0_09733_jpg.rf.e3ce099b2b40701abd3315a742bdbd86.jpg,[],[]
/home/huy/Documents/de_tai_tot_nghiep/Drone Thermal.v4i.voc/imgs/1_70_50_0_07653_jpg.rf.ab559931b96315385c5c4be59aec052a.jpg,[],[]
/home/huy/Documents/de_tai_tot_nghiep/Drone Thermal.v4i.voc/imgs/0_100_30_0_08091_jpg.rf.82b5b17b4d3f16dd354f58f8e7dc1033.jpg,[],[]
/home/huy/Documents/de_tai_tot_nghiep/Drone Thermal.v4i.voc/imgs/0_80_60_0_07018_jpg.rf.a75cf9d88d91e69e0f715d2b08209610.jpg,[],[]
/home/huy/Documents/de_tai_tot_nghiep/Drone Thermal.v4i.voc/imgs/1_60_30_0_00127_jpg.rf.dc0dca08c73542ed46c9a6fda7f2aea3.jpg,"[[143.0, 252.0, 20, 38], [332.0, 144.0, 18, 34], [539.0, 155.0, 20, 36], [1277.0, 218.0, 8, 34], [751.0, 573.0, 24, 40], [770.0, 647.0, 26, 48], [645.0, 437.0, 24, 40]]","[1, 1, 1, 1, 1, 1, 1]"
/home/huy/Documents/de_tai_tot_nghiep/Drone Thermal.v4i.voc/imgs/0_120_50_0_05402_jpg.rf.5ecd5d028d78c459b14ee5f606020f50.jpg,[],[]
/home/huy/Documents/de_tai_tot_nghiep/Drone Thermal.v4i.voc/imgs/1_120_60_0_06056_jpg.rf.3633913a0dcaab42e050a611d65fcbec.jpg,[],[]
/home/huy/Documents/de_tai_tot_nghiep/Drone Thermal.v4i.voc/imgs/1_70_40_0_07613_jpg.rf.4d03f8418716fd217b1766096e6f65ec.jpg,[],[]
/home/huy/Documents/de_tai_tot_nghiep/Drone Thermal.v4i.voc/imgs/1_70_50_0_00975_jpg.rf.10d9082ead75c8051ce70b375bc6d460.jpg,"[[266.0, 762.0, 26, 50], [1228.0, 25.0, 30, 40], [1252.0, 20.0, 22, 26], [1269.0, 36.0, 24, 38]]","[1, 1, 1, 1]"
/home/huy/Documents/de_tai_tot_nghiep/Drone Thermal.v4i.voc/imgs/1_60_30_0_00104_jpg.rf.a464d3ae9d66e4d37a8b3679b88ec0a7.jpg,"[[254.0, 214.0, 18, 42], [274.0, 261.0, 18, 36], [335.0, 236.0, 20, 38], [198.0, 1009.0, 22, 32], [1087.0, 451.0, 20, 40], [1061.0, 385.0, 20, 40], [1061.0, 354.0, 20, 34], [1067.0, 107.0, 20, 36], [721.0, 120.0, 16, 38], [616.0, 94.0, 18, 34], [582.0, 162.0, 18, 38], [81.0, 714.0, 16, 46]]","[1, 1, 1, 1, 1, 1, 1, 1, 1, 1, 1, 1]"
/home/huy/Documents/de_tai_tot_nghiep/Drone Thermal.v4i.voc/imgs/1_60_60_0_00456_jpg.rf.91a8a2ae6d95eac08e769e18115b3820.jpg,"[[700.0, 547.0, 22, 48], [764.0, 968.0, 34, 66], [1028.0, 93.0, 30, 60], [1094.0, 44.0, 26, 62], [1001.0, 919.0, 40, 64], [1049.0, 926.0, 32, 58], [1233.0, 504.0, 24, 46], [1143.0, 401.0, 28, 56], [1160.0, 406.0, 26, 50], [1182.0, 410.0, 30, 50]]","[1, 1, 1, 1, 1, 1, 1, 1, 1, 1]"
/home/huy/Documents/de_tai_tot_nghiep/Drone Thermal.v4i.voc/imgs/0_130_30_0_05563_jpg.rf.acc3ba597e4aca2edc55d211d7d51be2.jpg,[],[]
/home/huy/Documents/de_tai_tot_nghiep/Drone Thermal.v4i.voc/imgs/1_70_30_0_07572_jpg.rf.acd3c8adab708bfd25abc3324d1cc71a.jpg,[],[]
/home/huy/Documents/de_tai_tot_nghiep/Drone Thermal.v4i.voc/imgs/0_120_40_0_09493_jpg.rf.b0d9ab18dc9dac1b7e3ec509474873b3.jpg,[],[]
/home/huy/Documents/de_tai_tot_nghiep/Drone Thermal.v4i.voc/imgs/1_80_80_0_01323_jpg.rf.55f525e7c8ed9943c8246b749f5771bf.jpg,"[[860.0, 52.0, 38, 58], [588.0, 453.0, 34, 28], [529.0, 577.0, 32, 52], [493.0, 697.0, 28, 32], [1046.0, 738.0, 38, 30], [925.0, 693.0, 40, 28], [878.0, 775.0, 38, 48], [809.0, 823.0, 28, 36], [818.0, 929.0, 38, 32]]","[1, 1, 1, 1, 1, 1, 1, 1, 1]"
/home/huy/Documents/de_tai_tot_nghiep/Drone Thermal.v4i.voc/imgs/1_60_70_0_07487_jpg.rf.ce8b69a72e337e69c244f27ae9b42be1.jpg,[],[]
/home/huy/Documents/de_tai_tot_nghiep/Drone Thermal.v4i.voc/imgs/0_110_40_0_08358_jpg.rf.8a616842810ef38c7aad38c70e0e53cd.jpg,[],[]
/home/huy/Documents/de_tai_tot_nghiep/Drone Thermal.v4i.voc/imgs/0_130_90_0_09864_jpg.rf.06aae3eee7e1a8ff032f05467c005c3a.jpg,"[[544.0, 409.0, 26, 28], [566.0, 396.0, 22, 34]]","[1, 1]"
/home/huy/Documents/de_tai_tot_nghiep/Drone Thermal.v4i.voc/imgs/0_120_40_0_05354_jpg.rf.1793adafaeefceeaacd312cc583a4ab0.jpg,[],[]
/home/huy/Documents/de_tai_tot_nghiep/Drone Thermal.v4i.voc/imgs/1_130_30_0_09952_jpg.rf.37d3443b31fed9774324355379951985.jpg,[],[]
/home/huy/Documents/de_tai_tot_nghiep/Drone Thermal.v4i.voc/imgs/1_60_30_0_00050_jpg.rf.18d56d830be3efb3b9da6521d5c37226.jpg,"[[987.0, 676.0, 28, 54], [1196.0, 666.0, 26, 58], [837.0, 603.0, 20, 44], [737.0, 727.0, 20, 52], [1038.0, 819.0, 18, 40], [788.0, 854.0, 26, 46], [511.0, 425.0, 12, 32], [478.0, 426.0, 14, 34], [464.0, 428.0, 14, 34], [455.0, 430.0, 12, 34], [282.0, 300.0, 22, 46], [141.0, 263.0, 16, 36], [78.0, 250.0, 18, 38], [286.0, 116.0, 14, 38], [598.0, 348.0, 18, 42], [793.0, 58.0, 12, 34], [808.0, 40.0, 10, 30], [821.0, 40.0, 12, 30], [833.0, 55.0, 12, 28], [845.0, 35.0, 12, 28], [863.0, 47.0, 16, 36], [993.0, 185.0, 16, 32], [1042.0, 136.0, 14, 26], [1082.0, 19.0, 14, 32], [1179.0, 15.0, 16, 28], [1115.0, 8.0, 12, 14], [1032.0, 176.0, 10, 18], [1046.0, 178.0, 10, 34], [1060.0, 206.0, 14, 26], [1079.0, 217.0, 12, 20]]","[1, 1, 1, 1, 1, 1, 1, 1, 1, 1, 1, 1, 1, 1, 1, 1, 1, 1, 1, 1, 1, 1, 1, 1, 1, 1, 1, 1, 1, 1]"
/home/huy/Documents/de_tai_tot_nghiep/Drone Thermal.v4i.voc/imgs/1_60_40_0_04140_jpg.rf.75df81bfdf09a7c29f5808c96a22c16b.jpg,[],[]
/home/huy/Documents/de_tai_tot_nghiep/Drone Thermal.v4i.voc/imgs/1_130_30_0_07144_jpg.rf.f614b675016b81f6e00f177635c7ba2a.jpg,[],[]
/home/huy/Documents/de_tai_tot_nghiep/Drone Thermal.v4i.voc/imgs/0_130_30_0_05566_jpg.rf.002ddc01f24acb307a5b0830632e5d5d.jpg,[],[]
/home/huy/Documents/de_tai_tot_nghiep/Drone Thermal.v4i.voc/imgs/1_90_60_0_01504_jpg.rf.13303b86aa645e7a64b5749f7b4e764c.jpg,"[[617.0, 350.0, 24, 42], [641.0, 383.0, 24, 40], [656.0, 487.0, 18, 44], [671.0, 493.0, 24, 36], [601.0, 413.0, 28, 36], [570.0, 445.0, 30, 52], [534.0, 437.0, 26, 32], [697.0, 939.0, 24, 24], [698.0, 971.0, 30, 44]]","[1, 1, 1, 1, 1, 1, 1, 1, 1]"
/home/huy/Documents/de_tai_tot_nghiep/Drone Thermal.v4i.voc/imgs/0_60_50_0_01706_jpg.rf.f4c16a7ae758a1b2c2179e874eff39bc.jpg,"[[806.0, 289.0, 22, 52], [861.0, 352.0, 28, 58], [847.0, 243.0, 28, 44], [895.0, 286.0, 24, 42], [498.0, 695.0, 30, 48], [544.0, 696.0, 26, 54], [791.0, 902.0, 24, 50], [532.0, 766.0, 22, 54], [517.0, 740.0, 20, 50], [1154.0, 404.0, 22, 58], [1137.0, 416.0, 20, 42], [678.0, 771.0, 26, 52]]","[1, 1, 1, 1, 1, 1, 1, 1, 1, 1, 1, 1]"
/home/huy/Documents/de_tai_tot_nghiep/Drone Thermal.v4i.voc/imgs/0_110_90_0_03768_jpg.rf.edf51a73cbc60f2dbe8ea1ace0e50894.jpg,"[[388.0, 641.0, 30, 28], [901.0, 338.0, 24, 30], [953.0, 114.0, 24, 22]]","[1, 1, 1]"
/home/huy/Documents/de_tai_tot_nghiep/Drone Thermal.v4i.voc/imgs/1_100_90_0_06432_jpg.rf.f06594eb0fd90def282de830b3504c68.jpg,[],[]
/home/huy/Documents/de_tai_tot_nghiep/Drone Thermal.v4i.voc/imgs/1_60_30_0_00099_jpg.rf.01a359bdd6d7a9f6a9a19b4452a3a78d.jpg,"[[203.0, 659.0, 12, 44], [305.0, 806.0, 16, 42], [506.0, 188.0, 18, 38], [499.0, 152.0, 20, 38], [605.0, 163.0, 16, 36], [1126.0, 400.0, 18, 42], [1100.0, 349.0, 22, 40], [1175.0, 320.0, 16, 38], [1049.0, 107.0, 16, 36], [923.0, 121.0, 16, 36], [852.0, 78.0, 18, 34]]","[1, 1, 1, 1, 1, 1, 1, 1, 1, 1, 1]"
/home/huy/Documents/de_tai_tot_nghiep/Drone Thermal.v4i.voc/imgs/1_60_30_0_00022_jpg.rf.b99f422e6ca904e644570f3a3fa514b3.jpg,"[[146.0, 169.0, 18, 40], [480.0, 152.0, 18, 34], [507.0, 159.0, 16, 32], [562.0, 104.0, 14, 34], [566.0, 329.0, 18, 40], [597.0, 406.0, 20, 42], [40.0, 904.0, 26, 46], [947.0, 720.0, 16, 38], [1149.0, 621.0, 20, 44], [1006.0, 558.0, 22, 38], [766.0, 652.0, 18, 38], [814.0, 537.0, 14, 36], [976.0, 646.0, 14, 38], [989.0, 645.0, 12, 40], [998.0, 643.0, 14, 36], [991.0, 511.0, 20, 40], [750.0, 397.0, 14, 36], [657.0, 439.0, 16, 40], [644.0, 551.0, 18, 40], [1047.0, 29.0, 20, 36], [1079.0, 23.0, 16, 32], [1096.0, 19.0, 18, 32], [1125.0, 49.0, 16, 32], [1117.0, 28.0, 16, 34]]","[1, 1, 1, 1, 1, 1, 1, 1, 1, 1, 1, 1, 1, 1, 1, 1, 1, 1, 1, 1, 1, 1, 1, 1]"
